# generated_utc	2026-08-14T19:14:46+00:00
# script	probe_v11.py
# python	3.11.15
# torch	2.9.0+cu128
# transformers	4.57.1
# device	cuda:0
# gpu	NVIDIA GeForce RTX 5060 Laptop GPU
# revision	607a30d783dfa663caf39e06633721c8d4cfcd7e
# layer	5
# tf32_matmul	False
# tf32_cudnn	False
# theta_sha256	113687a222f8cf98039222c27b39aaf716493e5e8c1db94ea4e6544e0814088c
# n_rows	662
panel_id	native_connector	known_member	related_member	arbitrary_a	arbitrary_b	provenance	known_space_tokens	related_space_tokens	arbitrary_a_space_tokens	arbitrary_b_space_tokens	selection_rule	case_id	branch	seed_id	variant	carrier_id	string	n_tok	pre_second_body_tokens	second_realised_tokens	completion_pos	tokens	token_ids
AFTER_WAVE	after	wave	tide	gravel	window	V9_ATTESTED	1	1	1	1	predeclared lexical panel; no activation-based selection												
AFTER_DAY	after	day	night	marble	forest	HELDOUT_FAMILIAR	1	1	1	1	predeclared lexical panel; no activation-based selection												
AFTER_MILE	after	mile	road	candle	basket	HELDOUT_FAMILIAR	1	1	1	1	predeclared lexical panel; no activation-based selection												
BY_ONE	by	one	two	velvet	ocean	V9_ATTESTED	1	1	1	1	predeclared lexical panel; no activation-based selection												
BY_ZONE	by	zone	region	pocket	pencil	V9_ATTESTED	1	1	1	1	predeclared lexical panel; no activation-based selection												
BY_STEP	by	step	stride	lantern	engine	HELDOUT_FAMILIAR	1	1	1	1	predeclared lexical panel; no activation-based selection												
AND_ROUND	and	round	straight	rabbit	button	V9_ATTESTED	1	1	1	1	predeclared lexical panel; no activation-based selection												
AND_AGAIN	and	again	then	hammer	violin	V9_ATTESTED	1	1	1	1	predeclared lexical panel; no activation-based selection												
AND_TIME	and	time	space	mustard	planet	HELDOUT_FAMILIAR	1	1	1	1	predeclared lexical panel; no activation-based selection												
TO_HAND	to	hand	foot	teacup	ribbon	V9_ATTESTED	1	1	3	1	predeclared lexical panel; no activation-based selection												
TO_FACE	to	face	back	anchor	chimney	HELDOUT_FAMILIAR	1	1	1	2	predeclared lexical panel; no activation-based selection												
TO_SHOULDER	to	shoulder	knee	copper	garden	HELDOUT_FAMILIAR	1	1	1	1	predeclared lexical panel; no activation-based selection												
												FRAME_CROSS__AFTER_WAVE__KNOWN_REPEAT__BARE__NONE	FRAME_CROSS	AFTER_WAVE	KNOWN_REPEAT	BARE	wave after wave	3	2	1	3	["wave", " after", " wave"]	[19204, 706, 6769]
												FRAME_CROSS__AFTER_WAVE__KNOWN_RELATED__BARE__NONE	FRAME_CROSS	AFTER_WAVE	KNOWN_RELATED	BARE	wave after tide	3	2	1	3	["wave", " after", " tide"]	[19204, 706, 20013]
												FRAME_CROSS__AFTER_WAVE__KNOWN_ARBITRARY__BARE__NONE	FRAME_CROSS	AFTER_WAVE	KNOWN_ARBITRARY	BARE	wave after window	3	2	1	3	["wave", " after", " window"]	[19204, 706, 4324]
												FRAME_CROSS__AFTER_WAVE__ARBITRARY_KNOWN__BARE__NONE	FRAME_CROSS	AFTER_WAVE	ARBITRARY_KNOWN	BARE	gravel after wave	4	3	1	4	["g", "ravel", " after", " wave"]	[70, 25843, 706, 6769]
												FRAME_CROSS__AFTER_WAVE__ARBITRARY_REPEAT__BARE__NONE	FRAME_CROSS	AFTER_WAVE	ARBITRARY_REPEAT	BARE	gravel after gravel	4	3	1	4	["g", "ravel", " after", " gravel"]	[70, 25843, 706, 34375]
												FRAME_CROSS__AFTER_WAVE__ARBITRARY_DISTINCT__BARE__NONE	FRAME_CROSS	AFTER_WAVE	ARBITRARY_DISTINCT	BARE	gravel after window	4	3	1	4	["g", "ravel", " after", " window"]	[70, 25843, 706, 4324]
												FRAME_CROSS__AFTER_WAVE__KNOWN_NO_CONNECTOR__BARE__NONE	FRAME_CROSS	AFTER_WAVE	KNOWN_NO_CONNECTOR	BARE	wave wave	2	1	1	2	["wave", " wave"]	[19204, 6769]
												FRAME_CROSS__AFTER_WAVE__ARBITRARY_NO_CONNECTOR__BARE__NONE	FRAME_CROSS	AFTER_WAVE	ARBITRARY_NO_CONNECTOR	BARE	gravel gravel	3	2	1	3	["g", "ravel", " gravel"]	[70, 25843, 34375]
												FRAME_CROSS__AFTER_WAVE__KNOWN_REPEAT__V9_SPACE__NONE	FRAME_CROSS	AFTER_WAVE	KNOWN_REPEAT	V9_SPACE	 wave after wave	3	2	1	3	[" wave", " after", " wave"]	[6769, 706, 6769]
												FRAME_CROSS__AFTER_WAVE__KNOWN_RELATED__V9_SPACE__NONE	FRAME_CROSS	AFTER_WAVE	KNOWN_RELATED	V9_SPACE	 wave after tide	3	2	1	3	[" wave", " after", " tide"]	[6769, 706, 20013]
												FRAME_CROSS__AFTER_WAVE__KNOWN_ARBITRARY__V9_SPACE__NONE	FRAME_CROSS	AFTER_WAVE	KNOWN_ARBITRARY	V9_SPACE	 wave after window	3	2	1	3	[" wave", " after", " window"]	[6769, 706, 4324]
												FRAME_CROSS__AFTER_WAVE__ARBITRARY_KNOWN__V9_SPACE__NONE	FRAME_CROSS	AFTER_WAVE	ARBITRARY_KNOWN	V9_SPACE	 gravel after wave	3	2	1	3	[" gravel", " after", " wave"]	[34375, 706, 6769]
												FRAME_CROSS__AFTER_WAVE__ARBITRARY_REPEAT__V9_SPACE__NONE	FRAME_CROSS	AFTER_WAVE	ARBITRARY_REPEAT	V9_SPACE	 gravel after gravel	3	2	1	3	[" gravel", " after", " gravel"]	[34375, 706, 34375]
												FRAME_CROSS__AFTER_WAVE__ARBITRARY_DISTINCT__V9_SPACE__NONE	FRAME_CROSS	AFTER_WAVE	ARBITRARY_DISTINCT	V9_SPACE	 gravel after window	3	2	1	3	[" gravel", " after", " window"]	[34375, 706, 4324]
												FRAME_CROSS__AFTER_WAVE__KNOWN_NO_CONNECTOR__V9_SPACE__NONE	FRAME_CROSS	AFTER_WAVE	KNOWN_NO_CONNECTOR	V9_SPACE	 wave wave	2	1	1	2	[" wave", " wave"]	[6769, 6769]
												FRAME_CROSS__AFTER_WAVE__ARBITRARY_NO_CONNECTOR__V9_SPACE__NONE	FRAME_CROSS	AFTER_WAVE	ARBITRARY_NO_CONNECTOR	V9_SPACE	 gravel gravel	2	1	1	2	[" gravel", " gravel"]	[34375, 34375]
												FRAME_CROSS__AFTER_WAVE__KNOWN_REPEAT__THE_PHRASE__NONE	FRAME_CROSS	AFTER_WAVE	KNOWN_REPEAT	THE_PHRASE	the phrase wave after wave	5	4	1	5	["the", " phrase", " wave", " after", " wave"]	[1169, 9546, 6769, 706, 6769]
												FRAME_CROSS__AFTER_WAVE__KNOWN_RELATED__THE_PHRASE__NONE	FRAME_CROSS	AFTER_WAVE	KNOWN_RELATED	THE_PHRASE	the phrase wave after tide	5	4	1	5	["the", " phrase", " wave", " after", " tide"]	[1169, 9546, 6769, 706, 20013]
												FRAME_CROSS__AFTER_WAVE__KNOWN_ARBITRARY__THE_PHRASE__NONE	FRAME_CROSS	AFTER_WAVE	KNOWN_ARBITRARY	THE_PHRASE	the phrase wave after window	5	4	1	5	["the", " phrase", " wave", " after", " window"]	[1169, 9546, 6769, 706, 4324]
												FRAME_CROSS__AFTER_WAVE__ARBITRARY_KNOWN__THE_PHRASE__NONE	FRAME_CROSS	AFTER_WAVE	ARBITRARY_KNOWN	THE_PHRASE	the phrase gravel after wave	5	4	1	5	["the", " phrase", " gravel", " after", " wave"]	[1169, 9546, 34375, 706, 6769]
												FRAME_CROSS__AFTER_WAVE__ARBITRARY_REPEAT__THE_PHRASE__NONE	FRAME_CROSS	AFTER_WAVE	ARBITRARY_REPEAT	THE_PHRASE	the phrase gravel after gravel	5	4	1	5	["the", " phrase", " gravel", " after", " gravel"]	[1169, 9546, 34375, 706, 34375]
												FRAME_CROSS__AFTER_WAVE__ARBITRARY_DISTINCT__THE_PHRASE__NONE	FRAME_CROSS	AFTER_WAVE	ARBITRARY_DISTINCT	THE_PHRASE	the phrase gravel after window	5	4	1	5	["the", " phrase", " gravel", " after", " window"]	[1169, 9546, 34375, 706, 4324]
												FRAME_CROSS__AFTER_WAVE__KNOWN_NO_CONNECTOR__THE_PHRASE__NONE	FRAME_CROSS	AFTER_WAVE	KNOWN_NO_CONNECTOR	THE_PHRASE	the phrase wave wave	4	3	1	4	["the", " phrase", " wave", " wave"]	[1169, 9546, 6769, 6769]
												FRAME_CROSS__AFTER_WAVE__ARBITRARY_NO_CONNECTOR__THE_PHRASE__NONE	FRAME_CROSS	AFTER_WAVE	ARBITRARY_NO_CONNECTOR	THE_PHRASE	the phrase gravel gravel	4	3	1	4	["the", " phrase", " gravel", " gravel"]	[1169, 9546, 34375, 34375]
												FRAME_CROSS__AFTER_WAVE__KNOWN_REPEAT__THEY_SAID__NONE	FRAME_CROSS	AFTER_WAVE	KNOWN_REPEAT	THEY_SAID	they said wave after wave	5	4	1	5	["they", " said", " wave", " after", " wave"]	[9930, 531, 6769, 706, 6769]
												FRAME_CROSS__AFTER_WAVE__KNOWN_RELATED__THEY_SAID__NONE	FRAME_CROSS	AFTER_WAVE	KNOWN_RELATED	THEY_SAID	they said wave after tide	5	4	1	5	["they", " said", " wave", " after", " tide"]	[9930, 531, 6769, 706, 20013]
												FRAME_CROSS__AFTER_WAVE__KNOWN_ARBITRARY__THEY_SAID__NONE	FRAME_CROSS	AFTER_WAVE	KNOWN_ARBITRARY	THEY_SAID	they said wave after window	5	4	1	5	["they", " said", " wave", " after", " window"]	[9930, 531, 6769, 706, 4324]
												FRAME_CROSS__AFTER_WAVE__ARBITRARY_KNOWN__THEY_SAID__NONE	FRAME_CROSS	AFTER_WAVE	ARBITRARY_KNOWN	THEY_SAID	they said gravel after wave	5	4	1	5	["they", " said", " gravel", " after", " wave"]	[9930, 531, 34375, 706, 6769]
												FRAME_CROSS__AFTER_WAVE__ARBITRARY_REPEAT__THEY_SAID__NONE	FRAME_CROSS	AFTER_WAVE	ARBITRARY_REPEAT	THEY_SAID	they said gravel after gravel	5	4	1	5	["they", " said", " gravel", " after", " gravel"]	[9930, 531, 34375, 706, 34375]
												FRAME_CROSS__AFTER_WAVE__ARBITRARY_DISTINCT__THEY_SAID__NONE	FRAME_CROSS	AFTER_WAVE	ARBITRARY_DISTINCT	THEY_SAID	they said gravel after window	5	4	1	5	["they", " said", " gravel", " after", " window"]	[9930, 531, 34375, 706, 4324]
												FRAME_CROSS__AFTER_WAVE__KNOWN_NO_CONNECTOR__THEY_SAID__NONE	FRAME_CROSS	AFTER_WAVE	KNOWN_NO_CONNECTOR	THEY_SAID	they said wave wave	4	3	1	4	["they", " said", " wave", " wave"]	[9930, 531, 6769, 6769]
												FRAME_CROSS__AFTER_WAVE__ARBITRARY_NO_CONNECTOR__THEY_SAID__NONE	FRAME_CROSS	AFTER_WAVE	ARBITRARY_NO_CONNECTOR	THEY_SAID	they said gravel gravel	4	3	1	4	["they", " said", " gravel", " gravel"]	[9930, 531, 34375, 34375]
												REPEAT_CONNECTOR__AFTER_WAVE__AND__BARE__NONE	REPEAT_CONNECTOR	AFTER_WAVE	AND	BARE	wave and wave	3	2	1	3	["wave", " and", " wave"]	[19204, 290, 6769]
												REPEAT_CONNECTOR__AFTER_WAVE__OR__BARE__NONE	REPEAT_CONNECTOR	AFTER_WAVE	OR	BARE	wave or wave	3	2	1	3	["wave", " or", " wave"]	[19204, 393, 6769]
												REPEAT_CONNECTOR__AFTER_WAVE__TO__BARE__NONE	REPEAT_CONNECTOR	AFTER_WAVE	TO	BARE	wave to wave	3	2	1	3	["wave", " to", " wave"]	[19204, 284, 6769]
												REPEAT_CONNECTOR__AFTER_WAVE__BY__BARE__NONE	REPEAT_CONNECTOR	AFTER_WAVE	BY	BARE	wave by wave	3	2	1	3	["wave", " by", " wave"]	[19204, 416, 6769]
												REPEAT_CONNECTOR__AFTER_WAVE__AFTER__BARE__NONE	REPEAT_CONNECTOR	AFTER_WAVE	AFTER	BARE	wave after wave	3	2	1	3	["wave", " after", " wave"]	[19204, 706, 6769]
												REPEAT_CONNECTOR__AFTER_WAVE__AND__V9_SPACE__NONE	REPEAT_CONNECTOR	AFTER_WAVE	AND	V9_SPACE	 wave and wave	3	2	1	3	[" wave", " and", " wave"]	[6769, 290, 6769]
												REPEAT_CONNECTOR__AFTER_WAVE__OR__V9_SPACE__NONE	REPEAT_CONNECTOR	AFTER_WAVE	OR	V9_SPACE	 wave or wave	3	2	1	3	[" wave", " or", " wave"]	[6769, 393, 6769]
												REPEAT_CONNECTOR__AFTER_WAVE__TO__V9_SPACE__NONE	REPEAT_CONNECTOR	AFTER_WAVE	TO	V9_SPACE	 wave to wave	3	2	1	3	[" wave", " to", " wave"]	[6769, 284, 6769]
												REPEAT_CONNECTOR__AFTER_WAVE__BY__V9_SPACE__NONE	REPEAT_CONNECTOR	AFTER_WAVE	BY	V9_SPACE	 wave by wave	3	2	1	3	[" wave", " by", " wave"]	[6769, 416, 6769]
												REPEAT_CONNECTOR__AFTER_WAVE__AFTER__V9_SPACE__NONE	REPEAT_CONNECTOR	AFTER_WAVE	AFTER	V9_SPACE	 wave after wave	3	2	1	3	[" wave", " after", " wave"]	[6769, 706, 6769]
												REPEAT_CONNECTOR__AFTER_WAVE__AND__THE_PHRASE__NONE	REPEAT_CONNECTOR	AFTER_WAVE	AND	THE_PHRASE	the phrase wave and wave	5	4	1	5	["the", " phrase", " wave", " and", " wave"]	[1169, 9546, 6769, 290, 6769]
												REPEAT_CONNECTOR__AFTER_WAVE__OR__THE_PHRASE__NONE	REPEAT_CONNECTOR	AFTER_WAVE	OR	THE_PHRASE	the phrase wave or wave	5	4	1	5	["the", " phrase", " wave", " or", " wave"]	[1169, 9546, 6769, 393, 6769]
												REPEAT_CONNECTOR__AFTER_WAVE__TO__THE_PHRASE__NONE	REPEAT_CONNECTOR	AFTER_WAVE	TO	THE_PHRASE	the phrase wave to wave	5	4	1	5	["the", " phrase", " wave", " to", " wave"]	[1169, 9546, 6769, 284, 6769]
												REPEAT_CONNECTOR__AFTER_WAVE__BY__THE_PHRASE__NONE	REPEAT_CONNECTOR	AFTER_WAVE	BY	THE_PHRASE	the phrase wave by wave	5	4	1	5	["the", " phrase", " wave", " by", " wave"]	[1169, 9546, 6769, 416, 6769]
												REPEAT_CONNECTOR__AFTER_WAVE__AFTER__THE_PHRASE__NONE	REPEAT_CONNECTOR	AFTER_WAVE	AFTER	THE_PHRASE	the phrase wave after wave	5	4	1	5	["the", " phrase", " wave", " after", " wave"]	[1169, 9546, 6769, 706, 6769]
												REPEAT_CONNECTOR__AFTER_WAVE__AND__THEY_SAID__NONE	REPEAT_CONNECTOR	AFTER_WAVE	AND	THEY_SAID	they said wave and wave	5	4	1	5	["they", " said", " wave", " and", " wave"]	[9930, 531, 6769, 290, 6769]
												REPEAT_CONNECTOR__AFTER_WAVE__OR__THEY_SAID__NONE	REPEAT_CONNECTOR	AFTER_WAVE	OR	THEY_SAID	they said wave or wave	5	4	1	5	["they", " said", " wave", " or", " wave"]	[9930, 531, 6769, 393, 6769]
												REPEAT_CONNECTOR__AFTER_WAVE__TO__THEY_SAID__NONE	REPEAT_CONNECTOR	AFTER_WAVE	TO	THEY_SAID	they said wave to wave	5	4	1	5	["they", " said", " wave", " to", " wave"]	[9930, 531, 6769, 284, 6769]
												REPEAT_CONNECTOR__AFTER_WAVE__BY__THEY_SAID__NONE	REPEAT_CONNECTOR	AFTER_WAVE	BY	THEY_SAID	they said wave by wave	5	4	1	5	["they", " said", " wave", " by", " wave"]	[9930, 531, 6769, 416, 6769]
												REPEAT_CONNECTOR__AFTER_WAVE__AFTER__THEY_SAID__NONE	REPEAT_CONNECTOR	AFTER_WAVE	AFTER	THEY_SAID	they said wave after wave	5	4	1	5	["they", " said", " wave", " after", " wave"]	[9930, 531, 6769, 706, 6769]
												FRAME_CROSS__AFTER_DAY__KNOWN_REPEAT__BARE__NONE	FRAME_CROSS	AFTER_DAY	KNOWN_REPEAT	BARE	day after day	3	2	1	3	["day", " after", " day"]	[820, 706, 1110]
												FRAME_CROSS__AFTER_DAY__KNOWN_RELATED__BARE__NONE	FRAME_CROSS	AFTER_DAY	KNOWN_RELATED	BARE	day after night	3	2	1	3	["day", " after", " night"]	[820, 706, 1755]
												FRAME_CROSS__AFTER_DAY__KNOWN_ARBITRARY__BARE__NONE	FRAME_CROSS	AFTER_DAY	KNOWN_ARBITRARY	BARE	day after forest	3	2	1	3	["day", " after", " forest"]	[820, 706, 8222]
												FRAME_CROSS__AFTER_DAY__ARBITRARY_KNOWN__BARE__NONE	FRAME_CROSS	AFTER_DAY	ARBITRARY_KNOWN	BARE	marble after day	4	3	1	4	["mar", "ble", " after", " day"]	[3876, 903, 706, 1110]
												FRAME_CROSS__AFTER_DAY__ARBITRARY_REPEAT__BARE__NONE	FRAME_CROSS	AFTER_DAY	ARBITRARY_REPEAT	BARE	marble after marble	4	3	1	4	["mar", "ble", " after", " marble"]	[3876, 903, 706, 30623]
												FRAME_CROSS__AFTER_DAY__ARBITRARY_DISTINCT__BARE__NONE	FRAME_CROSS	AFTER_DAY	ARBITRARY_DISTINCT	BARE	marble after forest	4	3	1	4	["mar", "ble", " after", " forest"]	[3876, 903, 706, 8222]
												FRAME_CROSS__AFTER_DAY__KNOWN_NO_CONNECTOR__BARE__NONE	FRAME_CROSS	AFTER_DAY	KNOWN_NO_CONNECTOR	BARE	day day	2	1	1	2	["day", " day"]	[820, 1110]
												FRAME_CROSS__AFTER_DAY__ARBITRARY_NO_CONNECTOR__BARE__NONE	FRAME_CROSS	AFTER_DAY	ARBITRARY_NO_CONNECTOR	BARE	marble marble	3	2	1	3	["mar", "ble", " marble"]	[3876, 903, 30623]
												FRAME_CROSS__AFTER_DAY__KNOWN_REPEAT__V9_SPACE__NONE	FRAME_CROSS	AFTER_DAY	KNOWN_REPEAT	V9_SPACE	 day after day	3	2	1	3	[" day", " after", " day"]	[1110, 706, 1110]
												FRAME_CROSS__AFTER_DAY__KNOWN_RELATED__V9_SPACE__NONE	FRAME_CROSS	AFTER_DAY	KNOWN_RELATED	V9_SPACE	 day after night	3	2	1	3	[" day", " after", " night"]	[1110, 706, 1755]
												FRAME_CROSS__AFTER_DAY__KNOWN_ARBITRARY__V9_SPACE__NONE	FRAME_CROSS	AFTER_DAY	KNOWN_ARBITRARY	V9_SPACE	 day after forest	3	2	1	3	[" day", " after", " forest"]	[1110, 706, 8222]
												FRAME_CROSS__AFTER_DAY__ARBITRARY_KNOWN__V9_SPACE__NONE	FRAME_CROSS	AFTER_DAY	ARBITRARY_KNOWN	V9_SPACE	 marble after day	3	2	1	3	[" marble", " after", " day"]	[30623, 706, 1110]
												FRAME_CROSS__AFTER_DAY__ARBITRARY_REPEAT__V9_SPACE__NONE	FRAME_CROSS	AFTER_DAY	ARBITRARY_REPEAT	V9_SPACE	 marble after marble	3	2	1	3	[" marble", " after", " marble"]	[30623, 706, 30623]
												FRAME_CROSS__AFTER_DAY__ARBITRARY_DISTINCT__V9_SPACE__NONE	FRAME_CROSS	AFTER_DAY	ARBITRARY_DISTINCT	V9_SPACE	 marble after forest	3	2	1	3	[" marble", " after", " forest"]	[30623, 706, 8222]
												FRAME_CROSS__AFTER_DAY__KNOWN_NO_CONNECTOR__V9_SPACE__NONE	FRAME_CROSS	AFTER_DAY	KNOWN_NO_CONNECTOR	V9_SPACE	 day day	2	1	1	2	[" day", " day"]	[1110, 1110]
												FRAME_CROSS__AFTER_DAY__ARBITRARY_NO_CONNECTOR__V9_SPACE__NONE	FRAME_CROSS	AFTER_DAY	ARBITRARY_NO_CONNECTOR	V9_SPACE	 marble marble	2	1	1	2	[" marble", " marble"]	[30623, 30623]
												FRAME_CROSS__AFTER_DAY__KNOWN_REPEAT__THE_PHRASE__NONE	FRAME_CROSS	AFTER_DAY	KNOWN_REPEAT	THE_PHRASE	the phrase day after day	5	4	1	5	["the", " phrase", " day", " after", " day"]	[1169, 9546, 1110, 706, 1110]
												FRAME_CROSS__AFTER_DAY__KNOWN_RELATED__THE_PHRASE__NONE	FRAME_CROSS	AFTER_DAY	KNOWN_RELATED	THE_PHRASE	the phrase day after night	5	4	1	5	["the", " phrase", " day", " after", " night"]	[1169, 9546, 1110, 706, 1755]
												FRAME_CROSS__AFTER_DAY__KNOWN_ARBITRARY__THE_PHRASE__NONE	FRAME_CROSS	AFTER_DAY	KNOWN_ARBITRARY	THE_PHRASE	the phrase day after forest	5	4	1	5	["the", " phrase", " day", " after", " forest"]	[1169, 9546, 1110, 706, 8222]
												FRAME_CROSS__AFTER_DAY__ARBITRARY_KNOWN__THE_PHRASE__NONE	FRAME_CROSS	AFTER_DAY	ARBITRARY_KNOWN	THE_PHRASE	the phrase marble after day	5	4	1	5	["the", " phrase", " marble", " after", " day"]	[1169, 9546, 30623, 706, 1110]
												FRAME_CROSS__AFTER_DAY__ARBITRARY_REPEAT__THE_PHRASE__NONE	FRAME_CROSS	AFTER_DAY	ARBITRARY_REPEAT	THE_PHRASE	the phrase marble after marble	5	4	1	5	["the", " phrase", " marble", " after", " marble"]	[1169, 9546, 30623, 706, 30623]
												FRAME_CROSS__AFTER_DAY__ARBITRARY_DISTINCT__THE_PHRASE__NONE	FRAME_CROSS	AFTER_DAY	ARBITRARY_DISTINCT	THE_PHRASE	the phrase marble after forest	5	4	1	5	["the", " phrase", " marble", " after", " forest"]	[1169, 9546, 30623, 706, 8222]
												FRAME_CROSS__AFTER_DAY__KNOWN_NO_CONNECTOR__THE_PHRASE__NONE	FRAME_CROSS	AFTER_DAY	KNOWN_NO_CONNECTOR	THE_PHRASE	the phrase day day	4	3	1	4	["the", " phrase", " day", " day"]	[1169, 9546, 1110, 1110]
												FRAME_CROSS__AFTER_DAY__ARBITRARY_NO_CONNECTOR__THE_PHRASE__NONE	FRAME_CROSS	AFTER_DAY	ARBITRARY_NO_CONNECTOR	THE_PHRASE	the phrase marble marble	4	3	1	4	["the", " phrase", " marble", " marble"]	[1169, 9546, 30623, 30623]
												FRAME_CROSS__AFTER_DAY__KNOWN_REPEAT__THEY_SAID__NONE	FRAME_CROSS	AFTER_DAY	KNOWN_REPEAT	THEY_SAID	they said day after day	5	4	1	5	["they", " said", " day", " after", " day"]	[9930, 531, 1110, 706, 1110]
												FRAME_CROSS__AFTER_DAY__KNOWN_RELATED__THEY_SAID__NONE	FRAME_CROSS	AFTER_DAY	KNOWN_RELATED	THEY_SAID	they said day after night	5	4	1	5	["they", " said", " day", " after", " night"]	[9930, 531, 1110, 706, 1755]
												FRAME_CROSS__AFTER_DAY__KNOWN_ARBITRARY__THEY_SAID__NONE	FRAME_CROSS	AFTER_DAY	KNOWN_ARBITRARY	THEY_SAID	they said day after forest	5	4	1	5	["they", " said", " day", " after", " forest"]	[9930, 531, 1110, 706, 8222]
												FRAME_CROSS__AFTER_DAY__ARBITRARY_KNOWN__THEY_SAID__NONE	FRAME_CROSS	AFTER_DAY	ARBITRARY_KNOWN	THEY_SAID	they said marble after day	5	4	1	5	["they", " said", " marble", " after", " day"]	[9930, 531, 30623, 706, 1110]
												FRAME_CROSS__AFTER_DAY__ARBITRARY_REPEAT__THEY_SAID__NONE	FRAME_CROSS	AFTER_DAY	ARBITRARY_REPEAT	THEY_SAID	they said marble after marble	5	4	1	5	["they", " said", " marble", " after", " marble"]	[9930, 531, 30623, 706, 30623]
												FRAME_CROSS__AFTER_DAY__ARBITRARY_DISTINCT__THEY_SAID__NONE	FRAME_CROSS	AFTER_DAY	ARBITRARY_DISTINCT	THEY_SAID	they said marble after forest	5	4	1	5	["they", " said", " marble", " after", " forest"]	[9930, 531, 30623, 706, 8222]
												FRAME_CROSS__AFTER_DAY__KNOWN_NO_CONNECTOR__THEY_SAID__NONE	FRAME_CROSS	AFTER_DAY	KNOWN_NO_CONNECTOR	THEY_SAID	they said day day	4	3	1	4	["they", " said", " day", " day"]	[9930, 531, 1110, 1110]
												FRAME_CROSS__AFTER_DAY__ARBITRARY_NO_CONNECTOR__THEY_SAID__NONE	FRAME_CROSS	AFTER_DAY	ARBITRARY_NO_CONNECTOR	THEY_SAID	they said marble marble	4	3	1	4	["they", " said", " marble", " marble"]	[9930, 531, 30623, 30623]
												REPEAT_CONNECTOR__AFTER_DAY__AND__BARE__NONE	REPEAT_CONNECTOR	AFTER_DAY	AND	BARE	day and day	3	2	1	3	["day", " and", " day"]	[820, 290, 1110]
												REPEAT_CONNECTOR__AFTER_DAY__OR__BARE__NONE	REPEAT_CONNECTOR	AFTER_DAY	OR	BARE	day or day	3	2	1	3	["day", " or", " day"]	[820, 393, 1110]
												REPEAT_CONNECTOR__AFTER_DAY__TO__BARE__NONE	REPEAT_CONNECTOR	AFTER_DAY	TO	BARE	day to day	3	2	1	3	["day", " to", " day"]	[820, 284, 1110]
												REPEAT_CONNECTOR__AFTER_DAY__BY__BARE__NONE	REPEAT_CONNECTOR	AFTER_DAY	BY	BARE	day by day	3	2	1	3	["day", " by", " day"]	[820, 416, 1110]
												REPEAT_CONNECTOR__AFTER_DAY__AFTER__BARE__NONE	REPEAT_CONNECTOR	AFTER_DAY	AFTER	BARE	day after day	3	2	1	3	["day", " after", " day"]	[820, 706, 1110]
												REPEAT_CONNECTOR__AFTER_DAY__AND__V9_SPACE__NONE	REPEAT_CONNECTOR	AFTER_DAY	AND	V9_SPACE	 day and day	3	2	1	3	[" day", " and", " day"]	[1110, 290, 1110]
												REPEAT_CONNECTOR__AFTER_DAY__OR__V9_SPACE__NONE	REPEAT_CONNECTOR	AFTER_DAY	OR	V9_SPACE	 day or day	3	2	1	3	[" day", " or", " day"]	[1110, 393, 1110]
												REPEAT_CONNECTOR__AFTER_DAY__TO__V9_SPACE__NONE	REPEAT_CONNECTOR	AFTER_DAY	TO	V9_SPACE	 day to day	3	2	1	3	[" day", " to", " day"]	[1110, 284, 1110]
												REPEAT_CONNECTOR__AFTER_DAY__BY__V9_SPACE__NONE	REPEAT_CONNECTOR	AFTER_DAY	BY	V9_SPACE	 day by day	3	2	1	3	[" day", " by", " day"]	[1110, 416, 1110]
												REPEAT_CONNECTOR__AFTER_DAY__AFTER__V9_SPACE__NONE	REPEAT_CONNECTOR	AFTER_DAY	AFTER	V9_SPACE	 day after day	3	2	1	3	[" day", " after", " day"]	[1110, 706, 1110]
												REPEAT_CONNECTOR__AFTER_DAY__AND__THE_PHRASE__NONE	REPEAT_CONNECTOR	AFTER_DAY	AND	THE_PHRASE	the phrase day and day	5	4	1	5	["the", " phrase", " day", " and", " day"]	[1169, 9546, 1110, 290, 1110]
												REPEAT_CONNECTOR__AFTER_DAY__OR__THE_PHRASE__NONE	REPEAT_CONNECTOR	AFTER_DAY	OR	THE_PHRASE	the phrase day or day	5	4	1	5	["the", " phrase", " day", " or", " day"]	[1169, 9546, 1110, 393, 1110]
												REPEAT_CONNECTOR__AFTER_DAY__TO__THE_PHRASE__NONE	REPEAT_CONNECTOR	AFTER_DAY	TO	THE_PHRASE	the phrase day to day	5	4	1	5	["the", " phrase", " day", " to", " day"]	[1169, 9546, 1110, 284, 1110]
												REPEAT_CONNECTOR__AFTER_DAY__BY__THE_PHRASE__NONE	REPEAT_CONNECTOR	AFTER_DAY	BY	THE_PHRASE	the phrase day by day	5	4	1	5	["the", " phrase", " day", " by", " day"]	[1169, 9546, 1110, 416, 1110]
												REPEAT_CONNECTOR__AFTER_DAY__AFTER__THE_PHRASE__NONE	REPEAT_CONNECTOR	AFTER_DAY	AFTER	THE_PHRASE	the phrase day after day	5	4	1	5	["the", " phrase", " day", " after", " day"]	[1169, 9546, 1110, 706, 1110]
												REPEAT_CONNECTOR__AFTER_DAY__AND__THEY_SAID__NONE	REPEAT_CONNECTOR	AFTER_DAY	AND	THEY_SAID	they said day and day	5	4	1	5	["they", " said", " day", " and", " day"]	[9930, 531, 1110, 290, 1110]
												REPEAT_CONNECTOR__AFTER_DAY__OR__THEY_SAID__NONE	REPEAT_CONNECTOR	AFTER_DAY	OR	THEY_SAID	they said day or day	5	4	1	5	["they", " said", " day", " or", " day"]	[9930, 531, 1110, 393, 1110]
												REPEAT_CONNECTOR__AFTER_DAY__TO__THEY_SAID__NONE	REPEAT_CONNECTOR	AFTER_DAY	TO	THEY_SAID	they said day to day	5	4	1	5	["they", " said", " day", " to", " day"]	[9930, 531, 1110, 284, 1110]
												REPEAT_CONNECTOR__AFTER_DAY__BY__THEY_SAID__NONE	REPEAT_CONNECTOR	AFTER_DAY	BY	THEY_SAID	they said day by day	5	4	1	5	["they", " said", " day", " by", " day"]	[9930, 531, 1110, 416, 1110]
												REPEAT_CONNECTOR__AFTER_DAY__AFTER__THEY_SAID__NONE	REPEAT_CONNECTOR	AFTER_DAY	AFTER	THEY_SAID	they said day after day	5	4	1	5	["they", " said", " day", " after", " day"]	[9930, 531, 1110, 706, 1110]
												FRAME_CROSS__AFTER_MILE__KNOWN_REPEAT__BARE__NONE	FRAME_CROSS	AFTER_MILE	KNOWN_REPEAT	BARE	mile after mile	3	2	1	3	["mile", " after", " mile"]	[18085, 706, 10591]
												FRAME_CROSS__AFTER_MILE__KNOWN_RELATED__BARE__NONE	FRAME_CROSS	AFTER_MILE	KNOWN_RELATED	BARE	mile after road	3	2	1	3	["mile", " after", " road"]	[18085, 706, 2975]
												FRAME_CROSS__AFTER_MILE__KNOWN_ARBITRARY__BARE__NONE	FRAME_CROSS	AFTER_MILE	KNOWN_ARBITRARY	BARE	mile after basket	3	2	1	3	["mile", " after", " basket"]	[18085, 706, 7988]
												FRAME_CROSS__AFTER_MILE__ARBITRARY_KNOWN__BARE__NONE	FRAME_CROSS	AFTER_MILE	ARBITRARY_KNOWN	BARE	candle after mile	4	3	1	4	["cand", "le", " after", " mile"]	[46188, 293, 706, 10591]
												FRAME_CROSS__AFTER_MILE__ARBITRARY_REPEAT__BARE__NONE	FRAME_CROSS	AFTER_MILE	ARBITRARY_REPEAT	BARE	candle after candle	4	3	1	4	["cand", "le", " after", " candle"]	[46188, 293, 706, 26839]
												FRAME_CROSS__AFTER_MILE__ARBITRARY_DISTINCT__BARE__NONE	FRAME_CROSS	AFTER_MILE	ARBITRARY_DISTINCT	BARE	candle after basket	4	3	1	4	["cand", "le", " after", " basket"]	[46188, 293, 706, 7988]
												FRAME_CROSS__AFTER_MILE__KNOWN_NO_CONNECTOR__BARE__NONE	FRAME_CROSS	AFTER_MILE	KNOWN_NO_CONNECTOR	BARE	mile mile	2	1	1	2	["mile", " mile"]	[18085, 10591]
												FRAME_CROSS__AFTER_MILE__ARBITRARY_NO_CONNECTOR__BARE__NONE	FRAME_CROSS	AFTER_MILE	ARBITRARY_NO_CONNECTOR	BARE	candle candle	3	2	1	3	["cand", "le", " candle"]	[46188, 293, 26839]
												FRAME_CROSS__AFTER_MILE__KNOWN_REPEAT__V9_SPACE__NONE	FRAME_CROSS	AFTER_MILE	KNOWN_REPEAT	V9_SPACE	 mile after mile	3	2	1	3	[" mile", " after", " mile"]	[10591, 706, 10591]
												FRAME_CROSS__AFTER_MILE__KNOWN_RELATED__V9_SPACE__NONE	FRAME_CROSS	AFTER_MILE	KNOWN_RELATED	V9_SPACE	 mile after road	3	2	1	3	[" mile", " after", " road"]	[10591, 706, 2975]
												FRAME_CROSS__AFTER_MILE__KNOWN_ARBITRARY__V9_SPACE__NONE	FRAME_CROSS	AFTER_MILE	KNOWN_ARBITRARY	V9_SPACE	 mile after basket	3	2	1	3	[" mile", " after", " basket"]	[10591, 706, 7988]
												FRAME_CROSS__AFTER_MILE__ARBITRARY_KNOWN__V9_SPACE__NONE	FRAME_CROSS	AFTER_MILE	ARBITRARY_KNOWN	V9_SPACE	 candle after mile	3	2	1	3	[" candle", " after", " mile"]	[26839, 706, 10591]
												FRAME_CROSS__AFTER_MILE__ARBITRARY_REPEAT__V9_SPACE__NONE	FRAME_CROSS	AFTER_MILE	ARBITRARY_REPEAT	V9_SPACE	 candle after candle	3	2	1	3	[" candle", " after", " candle"]	[26839, 706, 26839]
												FRAME_CROSS__AFTER_MILE__ARBITRARY_DISTINCT__V9_SPACE__NONE	FRAME_CROSS	AFTER_MILE	ARBITRARY_DISTINCT	V9_SPACE	 candle after basket	3	2	1	3	[" candle", " after", " basket"]	[26839, 706, 7988]
												FRAME_CROSS__AFTER_MILE__KNOWN_NO_CONNECTOR__V9_SPACE__NONE	FRAME_CROSS	AFTER_MILE	KNOWN_NO_CONNECTOR	V9_SPACE	 mile mile	2	1	1	2	[" mile", " mile"]	[10591, 10591]
												FRAME_CROSS__AFTER_MILE__ARBITRARY_NO_CONNECTOR__V9_SPACE__NONE	FRAME_CROSS	AFTER_MILE	ARBITRARY_NO_CONNECTOR	V9_SPACE	 candle candle	2	1	1	2	[" candle", " candle"]	[26839, 26839]
												FRAME_CROSS__AFTER_MILE__KNOWN_REPEAT__THE_PHRASE__NONE	FRAME_CROSS	AFTER_MILE	KNOWN_REPEAT	THE_PHRASE	the phrase mile after mile	5	4	1	5	["the", " phrase", " mile", " after", " mile"]	[1169, 9546, 10591, 706, 10591]
												FRAME_CROSS__AFTER_MILE__KNOWN_RELATED__THE_PHRASE__NONE	FRAME_CROSS	AFTER_MILE	KNOWN_RELATED	THE_PHRASE	the phrase mile after road	5	4	1	5	["the", " phrase", " mile", " after", " road"]	[1169, 9546, 10591, 706, 2975]
												FRAME_CROSS__AFTER_MILE__KNOWN_ARBITRARY__THE_PHRASE__NONE	FRAME_CROSS	AFTER_MILE	KNOWN_ARBITRARY	THE_PHRASE	the phrase mile after basket	5	4	1	5	["the", " phrase", " mile", " after", " basket"]	[1169, 9546, 10591, 706, 7988]
												FRAME_CROSS__AFTER_MILE__ARBITRARY_KNOWN__THE_PHRASE__NONE	FRAME_CROSS	AFTER_MILE	ARBITRARY_KNOWN	THE_PHRASE	the phrase candle after mile	5	4	1	5	["the", " phrase", " candle", " after", " mile"]	[1169, 9546, 26839, 706, 10591]
												FRAME_CROSS__AFTER_MILE__ARBITRARY_REPEAT__THE_PHRASE__NONE	FRAME_CROSS	AFTER_MILE	ARBITRARY_REPEAT	THE_PHRASE	the phrase candle after candle	5	4	1	5	["the", " phrase", " candle", " after", " candle"]	[1169, 9546, 26839, 706, 26839]
												FRAME_CROSS__AFTER_MILE__ARBITRARY_DISTINCT__THE_PHRASE__NONE	FRAME_CROSS	AFTER_MILE	ARBITRARY_DISTINCT	THE_PHRASE	the phrase candle after basket	5	4	1	5	["the", " phrase", " candle", " after", " basket"]	[1169, 9546, 26839, 706, 7988]
												FRAME_CROSS__AFTER_MILE__KNOWN_NO_CONNECTOR__THE_PHRASE__NONE	FRAME_CROSS	AFTER_MILE	KNOWN_NO_CONNECTOR	THE_PHRASE	the phrase mile mile	4	3	1	4	["the", " phrase", " mile", " mile"]	[1169, 9546, 10591, 10591]
												FRAME_CROSS__AFTER_MILE__ARBITRARY_NO_CONNECTOR__THE_PHRASE__NONE	FRAME_CROSS	AFTER_MILE	ARBITRARY_NO_CONNECTOR	THE_PHRASE	the phrase candle candle	4	3	1	4	["the", " phrase", " candle", " candle"]	[1169, 9546, 26839, 26839]
												FRAME_CROSS__AFTER_MILE__KNOWN_REPEAT__THEY_SAID__NONE	FRAME_CROSS	AFTER_MILE	KNOWN_REPEAT	THEY_SAID	they said mile after mile	5	4	1	5	["they", " said", " mile", " after", " mile"]	[9930, 531, 10591, 706, 10591]
												FRAME_CROSS__AFTER_MILE__KNOWN_RELATED__THEY_SAID__NONE	FRAME_CROSS	AFTER_MILE	KNOWN_RELATED	THEY_SAID	they said mile after road	5	4	1	5	["they", " said", " mile", " after", " road"]	[9930, 531, 10591, 706, 2975]
												FRAME_CROSS__AFTER_MILE__KNOWN_ARBITRARY__THEY_SAID__NONE	FRAME_CROSS	AFTER_MILE	KNOWN_ARBITRARY	THEY_SAID	they said mile after basket	5	4	1	5	["they", " said", " mile", " after", " basket"]	[9930, 531, 10591, 706, 7988]
												FRAME_CROSS__AFTER_MILE__ARBITRARY_KNOWN__THEY_SAID__NONE	FRAME_CROSS	AFTER_MILE	ARBITRARY_KNOWN	THEY_SAID	they said candle after mile	5	4	1	5	["they", " said", " candle", " after", " mile"]	[9930, 531, 26839, 706, 10591]
												FRAME_CROSS__AFTER_MILE__ARBITRARY_REPEAT__THEY_SAID__NONE	FRAME_CROSS	AFTER_MILE	ARBITRARY_REPEAT	THEY_SAID	they said candle after candle	5	4	1	5	["they", " said", " candle", " after", " candle"]	[9930, 531, 26839, 706, 26839]
												FRAME_CROSS__AFTER_MILE__ARBITRARY_DISTINCT__THEY_SAID__NONE	FRAME_CROSS	AFTER_MILE	ARBITRARY_DISTINCT	THEY_SAID	they said candle after basket	5	4	1	5	["they", " said", " candle", " after", " basket"]	[9930, 531, 26839, 706, 7988]
												FRAME_CROSS__AFTER_MILE__KNOWN_NO_CONNECTOR__THEY_SAID__NONE	FRAME_CROSS	AFTER_MILE	KNOWN_NO_CONNECTOR	THEY_SAID	they said mile mile	4	3	1	4	["they", " said", " mile", " mile"]	[9930, 531, 10591, 10591]
												FRAME_CROSS__AFTER_MILE__ARBITRARY_NO_CONNECTOR__THEY_SAID__NONE	FRAME_CROSS	AFTER_MILE	ARBITRARY_NO_CONNECTOR	THEY_SAID	they said candle candle	4	3	1	4	["they", " said", " candle", " candle"]	[9930, 531, 26839, 26839]
												REPEAT_CONNECTOR__AFTER_MILE__AND__BARE__NONE	REPEAT_CONNECTOR	AFTER_MILE	AND	BARE	mile and mile	3	2	1	3	["mile", " and", " mile"]	[18085, 290, 10591]
												REPEAT_CONNECTOR__AFTER_MILE__OR__BARE__NONE	REPEAT_CONNECTOR	AFTER_MILE	OR	BARE	mile or mile	3	2	1	3	["mile", " or", " mile"]	[18085, 393, 10591]
												REPEAT_CONNECTOR__AFTER_MILE__TO__BARE__NONE	REPEAT_CONNECTOR	AFTER_MILE	TO	BARE	mile to mile	3	2	1	3	["mile", " to", " mile"]	[18085, 284, 10591]
												REPEAT_CONNECTOR__AFTER_MILE__BY__BARE__NONE	REPEAT_CONNECTOR	AFTER_MILE	BY	BARE	mile by mile	3	2	1	3	["mile", " by", " mile"]	[18085, 416, 10591]
												REPEAT_CONNECTOR__AFTER_MILE__AFTER__BARE__NONE	REPEAT_CONNECTOR	AFTER_MILE	AFTER	BARE	mile after mile	3	2	1	3	["mile", " after", " mile"]	[18085, 706, 10591]
												REPEAT_CONNECTOR__AFTER_MILE__AND__V9_SPACE__NONE	REPEAT_CONNECTOR	AFTER_MILE	AND	V9_SPACE	 mile and mile	3	2	1	3	[" mile", " and", " mile"]	[10591, 290, 10591]
												REPEAT_CONNECTOR__AFTER_MILE__OR__V9_SPACE__NONE	REPEAT_CONNECTOR	AFTER_MILE	OR	V9_SPACE	 mile or mile	3	2	1	3	[" mile", " or", " mile"]	[10591, 393, 10591]
												REPEAT_CONNECTOR__AFTER_MILE__TO__V9_SPACE__NONE	REPEAT_CONNECTOR	AFTER_MILE	TO	V9_SPACE	 mile to mile	3	2	1	3	[" mile", " to", " mile"]	[10591, 284, 10591]
												REPEAT_CONNECTOR__AFTER_MILE__BY__V9_SPACE__NONE	REPEAT_CONNECTOR	AFTER_MILE	BY	V9_SPACE	 mile by mile	3	2	1	3	[" mile", " by", " mile"]	[10591, 416, 10591]
												REPEAT_CONNECTOR__AFTER_MILE__AFTER__V9_SPACE__NONE	REPEAT_CONNECTOR	AFTER_MILE	AFTER	V9_SPACE	 mile after mile	3	2	1	3	[" mile", " after", " mile"]	[10591, 706, 10591]
												REPEAT_CONNECTOR__AFTER_MILE__AND__THE_PHRASE__NONE	REPEAT_CONNECTOR	AFTER_MILE	AND	THE_PHRASE	the phrase mile and mile	5	4	1	5	["the", " phrase", " mile", " and", " mile"]	[1169, 9546, 10591, 290, 10591]
												REPEAT_CONNECTOR__AFTER_MILE__OR__THE_PHRASE__NONE	REPEAT_CONNECTOR	AFTER_MILE	OR	THE_PHRASE	the phrase mile or mile	5	4	1	5	["the", " phrase", " mile", " or", " mile"]	[1169, 9546, 10591, 393, 10591]
												REPEAT_CONNECTOR__AFTER_MILE__TO__THE_PHRASE__NONE	REPEAT_CONNECTOR	AFTER_MILE	TO	THE_PHRASE	the phrase mile to mile	5	4	1	5	["the", " phrase", " mile", " to", " mile"]	[1169, 9546, 10591, 284, 10591]
												REPEAT_CONNECTOR__AFTER_MILE__BY__THE_PHRASE__NONE	REPEAT_CONNECTOR	AFTER_MILE	BY	THE_PHRASE	the phrase mile by mile	5	4	1	5	["the", " phrase", " mile", " by", " mile"]	[1169, 9546, 10591, 416, 10591]
												REPEAT_CONNECTOR__AFTER_MILE__AFTER__THE_PHRASE__NONE	REPEAT_CONNECTOR	AFTER_MILE	AFTER	THE_PHRASE	the phrase mile after mile	5	4	1	5	["the", " phrase", " mile", " after", " mile"]	[1169, 9546, 10591, 706, 10591]
												REPEAT_CONNECTOR__AFTER_MILE__AND__THEY_SAID__NONE	REPEAT_CONNECTOR	AFTER_MILE	AND	THEY_SAID	they said mile and mile	5	4	1	5	["they", " said", " mile", " and", " mile"]	[9930, 531, 10591, 290, 10591]
												REPEAT_CONNECTOR__AFTER_MILE__OR__THEY_SAID__NONE	REPEAT_CONNECTOR	AFTER_MILE	OR	THEY_SAID	they said mile or mile	5	4	1	5	["they", " said", " mile", " or", " mile"]	[9930, 531, 10591, 393, 10591]
												REPEAT_CONNECTOR__AFTER_MILE__TO__THEY_SAID__NONE	REPEAT_CONNECTOR	AFTER_MILE	TO	THEY_SAID	they said mile to mile	5	4	1	5	["they", " said", " mile", " to", " mile"]	[9930, 531, 10591, 284, 10591]
												REPEAT_CONNECTOR__AFTER_MILE__BY__THEY_SAID__NONE	REPEAT_CONNECTOR	AFTER_MILE	BY	THEY_SAID	they said mile by mile	5	4	1	5	["they", " said", " mile", " by", " mile"]	[9930, 531, 10591, 416, 10591]
												REPEAT_CONNECTOR__AFTER_MILE__AFTER__THEY_SAID__NONE	REPEAT_CONNECTOR	AFTER_MILE	AFTER	THEY_SAID	they said mile after mile	5	4	1	5	["they", " said", " mile", " after", " mile"]	[9930, 531, 10591, 706, 10591]
												FRAME_CROSS__BY_ONE__KNOWN_REPEAT__BARE__NONE	FRAME_CROSS	BY_ONE	KNOWN_REPEAT	BARE	one by one	3	2	1	3	["one", " by", " one"]	[505, 416, 530]
												FRAME_CROSS__BY_ONE__KNOWN_RELATED__BARE__NONE	FRAME_CROSS	BY_ONE	KNOWN_RELATED	BARE	one by two	3	2	1	3	["one", " by", " two"]	[505, 416, 734]
												FRAME_CROSS__BY_ONE__KNOWN_ARBITRARY__BARE__NONE	FRAME_CROSS	BY_ONE	KNOWN_ARBITRARY	BARE	one by ocean	3	2	1	3	["one", " by", " ocean"]	[505, 416, 9151]
												FRAME_CROSS__BY_ONE__ARBITRARY_KNOWN__BARE__NONE	FRAME_CROSS	BY_ONE	ARBITRARY_KNOWN	BARE	velvet by one	4	3	1	4	["vel", "vet", " by", " one"]	[626, 16809, 416, 530]
												FRAME_CROSS__BY_ONE__ARBITRARY_REPEAT__BARE__NONE	FRAME_CROSS	BY_ONE	ARBITRARY_REPEAT	BARE	velvet by velvet	4	3	1	4	["vel", "vet", " by", " velvet"]	[626, 16809, 416, 47750]
												FRAME_CROSS__BY_ONE__ARBITRARY_DISTINCT__BARE__NONE	FRAME_CROSS	BY_ONE	ARBITRARY_DISTINCT	BARE	velvet by ocean	4	3	1	4	["vel", "vet", " by", " ocean"]	[626, 16809, 416, 9151]
												FRAME_CROSS__BY_ONE__KNOWN_NO_CONNECTOR__BARE__NONE	FRAME_CROSS	BY_ONE	KNOWN_NO_CONNECTOR	BARE	one one	2	1	1	2	["one", " one"]	[505, 530]
												FRAME_CROSS__BY_ONE__ARBITRARY_NO_CONNECTOR__BARE__NONE	FRAME_CROSS	BY_ONE	ARBITRARY_NO_CONNECTOR	BARE	velvet velvet	3	2	1	3	["vel", "vet", " velvet"]	[626, 16809, 47750]
												FRAME_CROSS__BY_ONE__KNOWN_REPEAT__V9_SPACE__NONE	FRAME_CROSS	BY_ONE	KNOWN_REPEAT	V9_SPACE	 one by one	3	2	1	3	[" one", " by", " one"]	[530, 416, 530]
												FRAME_CROSS__BY_ONE__KNOWN_RELATED__V9_SPACE__NONE	FRAME_CROSS	BY_ONE	KNOWN_RELATED	V9_SPACE	 one by two	3	2	1	3	[" one", " by", " two"]	[530, 416, 734]
												FRAME_CROSS__BY_ONE__KNOWN_ARBITRARY__V9_SPACE__NONE	FRAME_CROSS	BY_ONE	KNOWN_ARBITRARY	V9_SPACE	 one by ocean	3	2	1	3	[" one", " by", " ocean"]	[530, 416, 9151]
												FRAME_CROSS__BY_ONE__ARBITRARY_KNOWN__V9_SPACE__NONE	FRAME_CROSS	BY_ONE	ARBITRARY_KNOWN	V9_SPACE	 velvet by one	3	2	1	3	[" velvet", " by", " one"]	[47750, 416, 530]
												FRAME_CROSS__BY_ONE__ARBITRARY_REPEAT__V9_SPACE__NONE	FRAME_CROSS	BY_ONE	ARBITRARY_REPEAT	V9_SPACE	 velvet by velvet	3	2	1	3	[" velvet", " by", " velvet"]	[47750, 416, 47750]
												FRAME_CROSS__BY_ONE__ARBITRARY_DISTINCT__V9_SPACE__NONE	FRAME_CROSS	BY_ONE	ARBITRARY_DISTINCT	V9_SPACE	 velvet by ocean	3	2	1	3	[" velvet", " by", " ocean"]	[47750, 416, 9151]
												FRAME_CROSS__BY_ONE__KNOWN_NO_CONNECTOR__V9_SPACE__NONE	FRAME_CROSS	BY_ONE	KNOWN_NO_CONNECTOR	V9_SPACE	 one one	2	1	1	2	[" one", " one"]	[530, 530]
												FRAME_CROSS__BY_ONE__ARBITRARY_NO_CONNECTOR__V9_SPACE__NONE	FRAME_CROSS	BY_ONE	ARBITRARY_NO_CONNECTOR	V9_SPACE	 velvet velvet	2	1	1	2	[" velvet", " velvet"]	[47750, 47750]
												FRAME_CROSS__BY_ONE__KNOWN_REPEAT__THE_PHRASE__NONE	FRAME_CROSS	BY_ONE	KNOWN_REPEAT	THE_PHRASE	the phrase one by one	5	4	1	5	["the", " phrase", " one", " by", " one"]	[1169, 9546, 530, 416, 530]
												FRAME_CROSS__BY_ONE__KNOWN_RELATED__THE_PHRASE__NONE	FRAME_CROSS	BY_ONE	KNOWN_RELATED	THE_PHRASE	the phrase one by two	5	4	1	5	["the", " phrase", " one", " by", " two"]	[1169, 9546, 530, 416, 734]
												FRAME_CROSS__BY_ONE__KNOWN_ARBITRARY__THE_PHRASE__NONE	FRAME_CROSS	BY_ONE	KNOWN_ARBITRARY	THE_PHRASE	the phrase one by ocean	5	4	1	5	["the", " phrase", " one", " by", " ocean"]	[1169, 9546, 530, 416, 9151]
												FRAME_CROSS__BY_ONE__ARBITRARY_KNOWN__THE_PHRASE__NONE	FRAME_CROSS	BY_ONE	ARBITRARY_KNOWN	THE_PHRASE	the phrase velvet by one	5	4	1	5	["the", " phrase", " velvet", " by", " one"]	[1169, 9546, 47750, 416, 530]
												FRAME_CROSS__BY_ONE__ARBITRARY_REPEAT__THE_PHRASE__NONE	FRAME_CROSS	BY_ONE	ARBITRARY_REPEAT	THE_PHRASE	the phrase velvet by velvet	5	4	1	5	["the", " phrase", " velvet", " by", " velvet"]	[1169, 9546, 47750, 416, 47750]
												FRAME_CROSS__BY_ONE__ARBITRARY_DISTINCT__THE_PHRASE__NONE	FRAME_CROSS	BY_ONE	ARBITRARY_DISTINCT	THE_PHRASE	the phrase velvet by ocean	5	4	1	5	["the", " phrase", " velvet", " by", " ocean"]	[1169, 9546, 47750, 416, 9151]
												FRAME_CROSS__BY_ONE__KNOWN_NO_CONNECTOR__THE_PHRASE__NONE	FRAME_CROSS	BY_ONE	KNOWN_NO_CONNECTOR	THE_PHRASE	the phrase one one	4	3	1	4	["the", " phrase", " one", " one"]	[1169, 9546, 530, 530]
												FRAME_CROSS__BY_ONE__ARBITRARY_NO_CONNECTOR__THE_PHRASE__NONE	FRAME_CROSS	BY_ONE	ARBITRARY_NO_CONNECTOR	THE_PHRASE	the phrase velvet velvet	4	3	1	4	["the", " phrase", " velvet", " velvet"]	[1169, 9546, 47750, 47750]
												FRAME_CROSS__BY_ONE__KNOWN_REPEAT__THEY_SAID__NONE	FRAME_CROSS	BY_ONE	KNOWN_REPEAT	THEY_SAID	they said one by one	5	4	1	5	["they", " said", " one", " by", " one"]	[9930, 531, 530, 416, 530]
												FRAME_CROSS__BY_ONE__KNOWN_RELATED__THEY_SAID__NONE	FRAME_CROSS	BY_ONE	KNOWN_RELATED	THEY_SAID	they said one by two	5	4	1	5	["they", " said", " one", " by", " two"]	[9930, 531, 530, 416, 734]
												FRAME_CROSS__BY_ONE__KNOWN_ARBITRARY__THEY_SAID__NONE	FRAME_CROSS	BY_ONE	KNOWN_ARBITRARY	THEY_SAID	they said one by ocean	5	4	1	5	["they", " said", " one", " by", " ocean"]	[9930, 531, 530, 416, 9151]
												FRAME_CROSS__BY_ONE__ARBITRARY_KNOWN__THEY_SAID__NONE	FRAME_CROSS	BY_ONE	ARBITRARY_KNOWN	THEY_SAID	they said velvet by one	5	4	1	5	["they", " said", " velvet", " by", " one"]	[9930, 531, 47750, 416, 530]
												FRAME_CROSS__BY_ONE__ARBITRARY_REPEAT__THEY_SAID__NONE	FRAME_CROSS	BY_ONE	ARBITRARY_REPEAT	THEY_SAID	they said velvet by velvet	5	4	1	5	["they", " said", " velvet", " by", " velvet"]	[9930, 531, 47750, 416, 47750]
												FRAME_CROSS__BY_ONE__ARBITRARY_DISTINCT__THEY_SAID__NONE	FRAME_CROSS	BY_ONE	ARBITRARY_DISTINCT	THEY_SAID	they said velvet by ocean	5	4	1	5	["they", " said", " velvet", " by", " ocean"]	[9930, 531, 47750, 416, 9151]
												FRAME_CROSS__BY_ONE__KNOWN_NO_CONNECTOR__THEY_SAID__NONE	FRAME_CROSS	BY_ONE	KNOWN_NO_CONNECTOR	THEY_SAID	they said one one	4	3	1	4	["they", " said", " one", " one"]	[9930, 531, 530, 530]
												FRAME_CROSS__BY_ONE__ARBITRARY_NO_CONNECTOR__THEY_SAID__NONE	FRAME_CROSS	BY_ONE	ARBITRARY_NO_CONNECTOR	THEY_SAID	they said velvet velvet	4	3	1	4	["they", " said", " velvet", " velvet"]	[9930, 531, 47750, 47750]
												REPEAT_CONNECTOR__BY_ONE__AND__BARE__NONE	REPEAT_CONNECTOR	BY_ONE	AND	BARE	one and one	3	2	1	3	["one", " and", " one"]	[505, 290, 530]
												REPEAT_CONNECTOR__BY_ONE__OR__BARE__NONE	REPEAT_CONNECTOR	BY_ONE	OR	BARE	one or one	3	2	1	3	["one", " or", " one"]	[505, 393, 530]
												REPEAT_CONNECTOR__BY_ONE__TO__BARE__NONE	REPEAT_CONNECTOR	BY_ONE	TO	BARE	one to one	3	2	1	3	["one", " to", " one"]	[505, 284, 530]
												REPEAT_CONNECTOR__BY_ONE__BY__BARE__NONE	REPEAT_CONNECTOR	BY_ONE	BY	BARE	one by one	3	2	1	3	["one", " by", " one"]	[505, 416, 530]
												REPEAT_CONNECTOR__BY_ONE__AFTER__BARE__NONE	REPEAT_CONNECTOR	BY_ONE	AFTER	BARE	one after one	3	2	1	3	["one", " after", " one"]	[505, 706, 530]
												REPEAT_CONNECTOR__BY_ONE__AND__V9_SPACE__NONE	REPEAT_CONNECTOR	BY_ONE	AND	V9_SPACE	 one and one	3	2	1	3	[" one", " and", " one"]	[530, 290, 530]
												REPEAT_CONNECTOR__BY_ONE__OR__V9_SPACE__NONE	REPEAT_CONNECTOR	BY_ONE	OR	V9_SPACE	 one or one	3	2	1	3	[" one", " or", " one"]	[530, 393, 530]
												REPEAT_CONNECTOR__BY_ONE__TO__V9_SPACE__NONE	REPEAT_CONNECTOR	BY_ONE	TO	V9_SPACE	 one to one	3	2	1	3	[" one", " to", " one"]	[530, 284, 530]
												REPEAT_CONNECTOR__BY_ONE__BY__V9_SPACE__NONE	REPEAT_CONNECTOR	BY_ONE	BY	V9_SPACE	 one by one	3	2	1	3	[" one", " by", " one"]	[530, 416, 530]
												REPEAT_CONNECTOR__BY_ONE__AFTER__V9_SPACE__NONE	REPEAT_CONNECTOR	BY_ONE	AFTER	V9_SPACE	 one after one	3	2	1	3	[" one", " after", " one"]	[530, 706, 530]
												REPEAT_CONNECTOR__BY_ONE__AND__THE_PHRASE__NONE	REPEAT_CONNECTOR	BY_ONE	AND	THE_PHRASE	the phrase one and one	5	4	1	5	["the", " phrase", " one", " and", " one"]	[1169, 9546, 530, 290, 530]
												REPEAT_CONNECTOR__BY_ONE__OR__THE_PHRASE__NONE	REPEAT_CONNECTOR	BY_ONE	OR	THE_PHRASE	the phrase one or one	5	4	1	5	["the", " phrase", " one", " or", " one"]	[1169, 9546, 530, 393, 530]
												REPEAT_CONNECTOR__BY_ONE__TO__THE_PHRASE__NONE	REPEAT_CONNECTOR	BY_ONE	TO	THE_PHRASE	the phrase one to one	5	4	1	5	["the", " phrase", " one", " to", " one"]	[1169, 9546, 530, 284, 530]
												REPEAT_CONNECTOR__BY_ONE__BY__THE_PHRASE__NONE	REPEAT_CONNECTOR	BY_ONE	BY	THE_PHRASE	the phrase one by one	5	4	1	5	["the", " phrase", " one", " by", " one"]	[1169, 9546, 530, 416, 530]
												REPEAT_CONNECTOR__BY_ONE__AFTER__THE_PHRASE__NONE	REPEAT_CONNECTOR	BY_ONE	AFTER	THE_PHRASE	the phrase one after one	5	4	1	5	["the", " phrase", " one", " after", " one"]	[1169, 9546, 530, 706, 530]
												REPEAT_CONNECTOR__BY_ONE__AND__THEY_SAID__NONE	REPEAT_CONNECTOR	BY_ONE	AND	THEY_SAID	they said one and one	5	4	1	5	["they", " said", " one", " and", " one"]	[9930, 531, 530, 290, 530]
												REPEAT_CONNECTOR__BY_ONE__OR__THEY_SAID__NONE	REPEAT_CONNECTOR	BY_ONE	OR	THEY_SAID	they said one or one	5	4	1	5	["they", " said", " one", " or", " one"]	[9930, 531, 530, 393, 530]
												REPEAT_CONNECTOR__BY_ONE__TO__THEY_SAID__NONE	REPEAT_CONNECTOR	BY_ONE	TO	THEY_SAID	they said one to one	5	4	1	5	["they", " said", " one", " to", " one"]	[9930, 531, 530, 284, 530]
												REPEAT_CONNECTOR__BY_ONE__BY__THEY_SAID__NONE	REPEAT_CONNECTOR	BY_ONE	BY	THEY_SAID	they said one by one	5	4	1	5	["they", " said", " one", " by", " one"]	[9930, 531, 530, 416, 530]
												REPEAT_CONNECTOR__BY_ONE__AFTER__THEY_SAID__NONE	REPEAT_CONNECTOR	BY_ONE	AFTER	THEY_SAID	they said one after one	5	4	1	5	["they", " said", " one", " after", " one"]	[9930, 531, 530, 706, 530]
												FRAME_CROSS__BY_ZONE__KNOWN_REPEAT__BARE__NONE	FRAME_CROSS	BY_ZONE	KNOWN_REPEAT	BARE	zone by zone	3	2	1	3	["zone", " by", " zone"]	[11340, 416, 6516]
												FRAME_CROSS__BY_ZONE__KNOWN_RELATED__BARE__NONE	FRAME_CROSS	BY_ZONE	KNOWN_RELATED	BARE	zone by region	3	2	1	3	["zone", " by", " region"]	[11340, 416, 3814]
												FRAME_CROSS__BY_ZONE__KNOWN_ARBITRARY__BARE__NONE	FRAME_CROSS	BY_ZONE	KNOWN_ARBITRARY	BARE	zone by pencil	3	2	1	3	["zone", " by", " pencil"]	[11340, 416, 21613]
												FRAME_CROSS__BY_ZONE__ARBITRARY_KNOWN__BARE__NONE	FRAME_CROSS	BY_ZONE	ARBITRARY_KNOWN	BARE	pocket by zone	3	2	1	3	["pocket", " by", " zone"]	[31991, 416, 6516]
												FRAME_CROSS__BY_ZONE__ARBITRARY_REPEAT__BARE__NONE	FRAME_CROSS	BY_ZONE	ARBITRARY_REPEAT	BARE	pocket by pocket	3	2	1	3	["pocket", " by", " pocket"]	[31991, 416, 10000]
												FRAME_CROSS__BY_ZONE__ARBITRARY_DISTINCT__BARE__NONE	FRAME_CROSS	BY_ZONE	ARBITRARY_DISTINCT	BARE	pocket by pencil	3	2	1	3	["pocket", " by", " pencil"]	[31991, 416, 21613]
												FRAME_CROSS__BY_ZONE__KNOWN_NO_CONNECTOR__BARE__NONE	FRAME_CROSS	BY_ZONE	KNOWN_NO_CONNECTOR	BARE	zone zone	2	1	1	2	["zone", " zone"]	[11340, 6516]
												FRAME_CROSS__BY_ZONE__ARBITRARY_NO_CONNECTOR__BARE__NONE	FRAME_CROSS	BY_ZONE	ARBITRARY_NO_CONNECTOR	BARE	pocket pocket	2	1	1	2	["pocket", " pocket"]	[31991, 10000]
												FRAME_CROSS__BY_ZONE__KNOWN_REPEAT__V9_SPACE__NONE	FRAME_CROSS	BY_ZONE	KNOWN_REPEAT	V9_SPACE	 zone by zone	3	2	1	3	[" zone", " by", " zone"]	[6516, 416, 6516]
												FRAME_CROSS__BY_ZONE__KNOWN_RELATED__V9_SPACE__NONE	FRAME_CROSS	BY_ZONE	KNOWN_RELATED	V9_SPACE	 zone by region	3	2	1	3	[" zone", " by", " region"]	[6516, 416, 3814]
												FRAME_CROSS__BY_ZONE__KNOWN_ARBITRARY__V9_SPACE__NONE	FRAME_CROSS	BY_ZONE	KNOWN_ARBITRARY	V9_SPACE	 zone by pencil	3	2	1	3	[" zone", " by", " pencil"]	[6516, 416, 21613]
												FRAME_CROSS__BY_ZONE__ARBITRARY_KNOWN__V9_SPACE__NONE	FRAME_CROSS	BY_ZONE	ARBITRARY_KNOWN	V9_SPACE	 pocket by zone	3	2	1	3	[" pocket", " by", " zone"]	[10000, 416, 6516]
												FRAME_CROSS__BY_ZONE__ARBITRARY_REPEAT__V9_SPACE__NONE	FRAME_CROSS	BY_ZONE	ARBITRARY_REPEAT	V9_SPACE	 pocket by pocket	3	2	1	3	[" pocket", " by", " pocket"]	[10000, 416, 10000]
												FRAME_CROSS__BY_ZONE__ARBITRARY_DISTINCT__V9_SPACE__NONE	FRAME_CROSS	BY_ZONE	ARBITRARY_DISTINCT	V9_SPACE	 pocket by pencil	3	2	1	3	[" pocket", " by", " pencil"]	[10000, 416, 21613]
												FRAME_CROSS__BY_ZONE__KNOWN_NO_CONNECTOR__V9_SPACE__NONE	FRAME_CROSS	BY_ZONE	KNOWN_NO_CONNECTOR	V9_SPACE	 zone zone	2	1	1	2	[" zone", " zone"]	[6516, 6516]
												FRAME_CROSS__BY_ZONE__ARBITRARY_NO_CONNECTOR__V9_SPACE__NONE	FRAME_CROSS	BY_ZONE	ARBITRARY_NO_CONNECTOR	V9_SPACE	 pocket pocket	2	1	1	2	[" pocket", " pocket"]	[10000, 10000]
												FRAME_CROSS__BY_ZONE__KNOWN_REPEAT__THE_PHRASE__NONE	FRAME_CROSS	BY_ZONE	KNOWN_REPEAT	THE_PHRASE	the phrase zone by zone	5	4	1	5	["the", " phrase", " zone", " by", " zone"]	[1169, 9546, 6516, 416, 6516]
												FRAME_CROSS__BY_ZONE__KNOWN_RELATED__THE_PHRASE__NONE	FRAME_CROSS	BY_ZONE	KNOWN_RELATED	THE_PHRASE	the phrase zone by region	5	4	1	5	["the", " phrase", " zone", " by", " region"]	[1169, 9546, 6516, 416, 3814]
												FRAME_CROSS__BY_ZONE__KNOWN_ARBITRARY__THE_PHRASE__NONE	FRAME_CROSS	BY_ZONE	KNOWN_ARBITRARY	THE_PHRASE	the phrase zone by pencil	5	4	1	5	["the", " phrase", " zone", " by", " pencil"]	[1169, 9546, 6516, 416, 21613]
												FRAME_CROSS__BY_ZONE__ARBITRARY_KNOWN__THE_PHRASE__NONE	FRAME_CROSS	BY_ZONE	ARBITRARY_KNOWN	THE_PHRASE	the phrase pocket by zone	5	4	1	5	["the", " phrase", " pocket", " by", " zone"]	[1169, 9546, 10000, 416, 6516]
												FRAME_CROSS__BY_ZONE__ARBITRARY_REPEAT__THE_PHRASE__NONE	FRAME_CROSS	BY_ZONE	ARBITRARY_REPEAT	THE_PHRASE	the phrase pocket by pocket	5	4	1	5	["the", " phrase", " pocket", " by", " pocket"]	[1169, 9546, 10000, 416, 10000]
												FRAME_CROSS__BY_ZONE__ARBITRARY_DISTINCT__THE_PHRASE__NONE	FRAME_CROSS	BY_ZONE	ARBITRARY_DISTINCT	THE_PHRASE	the phrase pocket by pencil	5	4	1	5	["the", " phrase", " pocket", " by", " pencil"]	[1169, 9546, 10000, 416, 21613]
												FRAME_CROSS__BY_ZONE__KNOWN_NO_CONNECTOR__THE_PHRASE__NONE	FRAME_CROSS	BY_ZONE	KNOWN_NO_CONNECTOR	THE_PHRASE	the phrase zone zone	4	3	1	4	["the", " phrase", " zone", " zone"]	[1169, 9546, 6516, 6516]
												FRAME_CROSS__BY_ZONE__ARBITRARY_NO_CONNECTOR__THE_PHRASE__NONE	FRAME_CROSS	BY_ZONE	ARBITRARY_NO_CONNECTOR	THE_PHRASE	the phrase pocket pocket	4	3	1	4	["the", " phrase", " pocket", " pocket"]	[1169, 9546, 10000, 10000]
												FRAME_CROSS__BY_ZONE__KNOWN_REPEAT__THEY_SAID__NONE	FRAME_CROSS	BY_ZONE	KNOWN_REPEAT	THEY_SAID	they said zone by zone	5	4	1	5	["they", " said", " zone", " by", " zone"]	[9930, 531, 6516, 416, 6516]
												FRAME_CROSS__BY_ZONE__KNOWN_RELATED__THEY_SAID__NONE	FRAME_CROSS	BY_ZONE	KNOWN_RELATED	THEY_SAID	they said zone by region	5	4	1	5	["they", " said", " zone", " by", " region"]	[9930, 531, 6516, 416, 3814]
												FRAME_CROSS__BY_ZONE__KNOWN_ARBITRARY__THEY_SAID__NONE	FRAME_CROSS	BY_ZONE	KNOWN_ARBITRARY	THEY_SAID	they said zone by pencil	5	4	1	5	["they", " said", " zone", " by", " pencil"]	[9930, 531, 6516, 416, 21613]
												FRAME_CROSS__BY_ZONE__ARBITRARY_KNOWN__THEY_SAID__NONE	FRAME_CROSS	BY_ZONE	ARBITRARY_KNOWN	THEY_SAID	they said pocket by zone	5	4	1	5	["they", " said", " pocket", " by", " zone"]	[9930, 531, 10000, 416, 6516]
												FRAME_CROSS__BY_ZONE__ARBITRARY_REPEAT__THEY_SAID__NONE	FRAME_CROSS	BY_ZONE	ARBITRARY_REPEAT	THEY_SAID	they said pocket by pocket	5	4	1	5	["they", " said", " pocket", " by", " pocket"]	[9930, 531, 10000, 416, 10000]
												FRAME_CROSS__BY_ZONE__ARBITRARY_DISTINCT__THEY_SAID__NONE	FRAME_CROSS	BY_ZONE	ARBITRARY_DISTINCT	THEY_SAID	they said pocket by pencil	5	4	1	5	["they", " said", " pocket", " by", " pencil"]	[9930, 531, 10000, 416, 21613]
												FRAME_CROSS__BY_ZONE__KNOWN_NO_CONNECTOR__THEY_SAID__NONE	FRAME_CROSS	BY_ZONE	KNOWN_NO_CONNECTOR	THEY_SAID	they said zone zone	4	3	1	4	["they", " said", " zone", " zone"]	[9930, 531, 6516, 6516]
												FRAME_CROSS__BY_ZONE__ARBITRARY_NO_CONNECTOR__THEY_SAID__NONE	FRAME_CROSS	BY_ZONE	ARBITRARY_NO_CONNECTOR	THEY_SAID	they said pocket pocket	4	3	1	4	["they", " said", " pocket", " pocket"]	[9930, 531, 10000, 10000]
												REPEAT_CONNECTOR__BY_ZONE__AND__BARE__NONE	REPEAT_CONNECTOR	BY_ZONE	AND	BARE	zone and zone	3	2	1	3	["zone", " and", " zone"]	[11340, 290, 6516]
												REPEAT_CONNECTOR__BY_ZONE__OR__BARE__NONE	REPEAT_CONNECTOR	BY_ZONE	OR	BARE	zone or zone	3	2	1	3	["zone", " or", " zone"]	[11340, 393, 6516]
												REPEAT_CONNECTOR__BY_ZONE__TO__BARE__NONE	REPEAT_CONNECTOR	BY_ZONE	TO	BARE	zone to zone	3	2	1	3	["zone", " to", " zone"]	[11340, 284, 6516]
												REPEAT_CONNECTOR__BY_ZONE__BY__BARE__NONE	REPEAT_CONNECTOR	BY_ZONE	BY	BARE	zone by zone	3	2	1	3	["zone", " by", " zone"]	[11340, 416, 6516]
												REPEAT_CONNECTOR__BY_ZONE__AFTER__BARE__NONE	REPEAT_CONNECTOR	BY_ZONE	AFTER	BARE	zone after zone	3	2	1	3	["zone", " after", " zone"]	[11340, 706, 6516]
												REPEAT_CONNECTOR__BY_ZONE__AND__V9_SPACE__NONE	REPEAT_CONNECTOR	BY_ZONE	AND	V9_SPACE	 zone and zone	3	2	1	3	[" zone", " and", " zone"]	[6516, 290, 6516]
												REPEAT_CONNECTOR__BY_ZONE__OR__V9_SPACE__NONE	REPEAT_CONNECTOR	BY_ZONE	OR	V9_SPACE	 zone or zone	3	2	1	3	[" zone", " or", " zone"]	[6516, 393, 6516]
												REPEAT_CONNECTOR__BY_ZONE__TO__V9_SPACE__NONE	REPEAT_CONNECTOR	BY_ZONE	TO	V9_SPACE	 zone to zone	3	2	1	3	[" zone", " to", " zone"]	[6516, 284, 6516]
												REPEAT_CONNECTOR__BY_ZONE__BY__V9_SPACE__NONE	REPEAT_CONNECTOR	BY_ZONE	BY	V9_SPACE	 zone by zone	3	2	1	3	[" zone", " by", " zone"]	[6516, 416, 6516]
												REPEAT_CONNECTOR__BY_ZONE__AFTER__V9_SPACE__NONE	REPEAT_CONNECTOR	BY_ZONE	AFTER	V9_SPACE	 zone after zone	3	2	1	3	[" zone", " after", " zone"]	[6516, 706, 6516]
												REPEAT_CONNECTOR__BY_ZONE__AND__THE_PHRASE__NONE	REPEAT_CONNECTOR	BY_ZONE	AND	THE_PHRASE	the phrase zone and zone	5	4	1	5	["the", " phrase", " zone", " and", " zone"]	[1169, 9546, 6516, 290, 6516]
												REPEAT_CONNECTOR__BY_ZONE__OR__THE_PHRASE__NONE	REPEAT_CONNECTOR	BY_ZONE	OR	THE_PHRASE	the phrase zone or zone	5	4	1	5	["the", " phrase", " zone", " or", " zone"]	[1169, 9546, 6516, 393, 6516]
												REPEAT_CONNECTOR__BY_ZONE__TO__THE_PHRASE__NONE	REPEAT_CONNECTOR	BY_ZONE	TO	THE_PHRASE	the phrase zone to zone	5	4	1	5	["the", " phrase", " zone", " to", " zone"]	[1169, 9546, 6516, 284, 6516]
												REPEAT_CONNECTOR__BY_ZONE__BY__THE_PHRASE__NONE	REPEAT_CONNECTOR	BY_ZONE	BY	THE_PHRASE	the phrase zone by zone	5	4	1	5	["the", " phrase", " zone", " by", " zone"]	[1169, 9546, 6516, 416, 6516]
												REPEAT_CONNECTOR__BY_ZONE__AFTER__THE_PHRASE__NONE	REPEAT_CONNECTOR	BY_ZONE	AFTER	THE_PHRASE	the phrase zone after zone	5	4	1	5	["the", " phrase", " zone", " after", " zone"]	[1169, 9546, 6516, 706, 6516]
												REPEAT_CONNECTOR__BY_ZONE__AND__THEY_SAID__NONE	REPEAT_CONNECTOR	BY_ZONE	AND	THEY_SAID	they said zone and zone	5	4	1	5	["they", " said", " zone", " and", " zone"]	[9930, 531, 6516, 290, 6516]
												REPEAT_CONNECTOR__BY_ZONE__OR__THEY_SAID__NONE	REPEAT_CONNECTOR	BY_ZONE	OR	THEY_SAID	they said zone or zone	5	4	1	5	["they", " said", " zone", " or", " zone"]	[9930, 531, 6516, 393, 6516]
												REPEAT_CONNECTOR__BY_ZONE__TO__THEY_SAID__NONE	REPEAT_CONNECTOR	BY_ZONE	TO	THEY_SAID	they said zone to zone	5	4	1	5	["they", " said", " zone", " to", " zone"]	[9930, 531, 6516, 284, 6516]
												REPEAT_CONNECTOR__BY_ZONE__BY__THEY_SAID__NONE	REPEAT_CONNECTOR	BY_ZONE	BY	THEY_SAID	they said zone by zone	5	4	1	5	["they", " said", " zone", " by", " zone"]	[9930, 531, 6516, 416, 6516]
												REPEAT_CONNECTOR__BY_ZONE__AFTER__THEY_SAID__NONE	REPEAT_CONNECTOR	BY_ZONE	AFTER	THEY_SAID	they said zone after zone	5	4	1	5	["they", " said", " zone", " after", " zone"]	[9930, 531, 6516, 706, 6516]
												FRAME_CROSS__BY_STEP__KNOWN_REPEAT__BARE__NONE	FRAME_CROSS	BY_STEP	KNOWN_REPEAT	BARE	step by step	3	2	1	3	["step", " by", " step"]	[9662, 416, 2239]
												FRAME_CROSS__BY_STEP__KNOWN_RELATED__BARE__NONE	FRAME_CROSS	BY_STEP	KNOWN_RELATED	BARE	step by stride	3	2	1	3	["step", " by", " stride"]	[9662, 416, 33769]
												FRAME_CROSS__BY_STEP__KNOWN_ARBITRARY__BARE__NONE	FRAME_CROSS	BY_STEP	KNOWN_ARBITRARY	BARE	step by engine	3	2	1	3	["step", " by", " engine"]	[9662, 416, 3113]
												FRAME_CROSS__BY_STEP__ARBITRARY_KNOWN__BARE__NONE	FRAME_CROSS	BY_STEP	ARBITRARY_KNOWN	BARE	lantern by step	4	3	1	4	["lan", "tern", " by", " step"]	[9620, 759, 416, 2239]
												FRAME_CROSS__BY_STEP__ARBITRARY_REPEAT__BARE__NONE	FRAME_CROSS	BY_STEP	ARBITRARY_REPEAT	BARE	lantern by lantern	4	3	1	4	["lan", "tern", " by", " lantern"]	[9620, 759, 416, 41207]
												FRAME_CROSS__BY_STEP__ARBITRARY_DISTINCT__BARE__NONE	FRAME_CROSS	BY_STEP	ARBITRARY_DISTINCT	BARE	lantern by engine	4	3	1	4	["lan", "tern", " by", " engine"]	[9620, 759, 416, 3113]
												FRAME_CROSS__BY_STEP__KNOWN_NO_CONNECTOR__BARE__NONE	FRAME_CROSS	BY_STEP	KNOWN_NO_CONNECTOR	BARE	step step	2	1	1	2	["step", " step"]	[9662, 2239]
												FRAME_CROSS__BY_STEP__ARBITRARY_NO_CONNECTOR__BARE__NONE	FRAME_CROSS	BY_STEP	ARBITRARY_NO_CONNECTOR	BARE	lantern lantern	3	2	1	3	["lan", "tern", " lantern"]	[9620, 759, 41207]
												FRAME_CROSS__BY_STEP__KNOWN_REPEAT__V9_SPACE__NONE	FRAME_CROSS	BY_STEP	KNOWN_REPEAT	V9_SPACE	 step by step	3	2	1	3	[" step", " by", " step"]	[2239, 416, 2239]
												FRAME_CROSS__BY_STEP__KNOWN_RELATED__V9_SPACE__NONE	FRAME_CROSS	BY_STEP	KNOWN_RELATED	V9_SPACE	 step by stride	3	2	1	3	[" step", " by", " stride"]	[2239, 416, 33769]
												FRAME_CROSS__BY_STEP__KNOWN_ARBITRARY__V9_SPACE__NONE	FRAME_CROSS	BY_STEP	KNOWN_ARBITRARY	V9_SPACE	 step by engine	3	2	1	3	[" step", " by", " engine"]	[2239, 416, 3113]
												FRAME_CROSS__BY_STEP__ARBITRARY_KNOWN__V9_SPACE__NONE	FRAME_CROSS	BY_STEP	ARBITRARY_KNOWN	V9_SPACE	 lantern by step	3	2	1	3	[" lantern", " by", " step"]	[41207, 416, 2239]
												FRAME_CROSS__BY_STEP__ARBITRARY_REPEAT__V9_SPACE__NONE	FRAME_CROSS	BY_STEP	ARBITRARY_REPEAT	V9_SPACE	 lantern by lantern	3	2	1	3	[" lantern", " by", " lantern"]	[41207, 416, 41207]
												FRAME_CROSS__BY_STEP__ARBITRARY_DISTINCT__V9_SPACE__NONE	FRAME_CROSS	BY_STEP	ARBITRARY_DISTINCT	V9_SPACE	 lantern by engine	3	2	1	3	[" lantern", " by", " engine"]	[41207, 416, 3113]
												FRAME_CROSS__BY_STEP__KNOWN_NO_CONNECTOR__V9_SPACE__NONE	FRAME_CROSS	BY_STEP	KNOWN_NO_CONNECTOR	V9_SPACE	 step step	2	1	1	2	[" step", " step"]	[2239, 2239]
												FRAME_CROSS__BY_STEP__ARBITRARY_NO_CONNECTOR__V9_SPACE__NONE	FRAME_CROSS	BY_STEP	ARBITRARY_NO_CONNECTOR	V9_SPACE	 lantern lantern	2	1	1	2	[" lantern", " lantern"]	[41207, 41207]
												FRAME_CROSS__BY_STEP__KNOWN_REPEAT__THE_PHRASE__NONE	FRAME_CROSS	BY_STEP	KNOWN_REPEAT	THE_PHRASE	the phrase step by step	5	4	1	5	["the", " phrase", " step", " by", " step"]	[1169, 9546, 2239, 416, 2239]
												FRAME_CROSS__BY_STEP__KNOWN_RELATED__THE_PHRASE__NONE	FRAME_CROSS	BY_STEP	KNOWN_RELATED	THE_PHRASE	the phrase step by stride	5	4	1	5	["the", " phrase", " step", " by", " stride"]	[1169, 9546, 2239, 416, 33769]
												FRAME_CROSS__BY_STEP__KNOWN_ARBITRARY__THE_PHRASE__NONE	FRAME_CROSS	BY_STEP	KNOWN_ARBITRARY	THE_PHRASE	the phrase step by engine	5	4	1	5	["the", " phrase", " step", " by", " engine"]	[1169, 9546, 2239, 416, 3113]
												FRAME_CROSS__BY_STEP__ARBITRARY_KNOWN__THE_PHRASE__NONE	FRAME_CROSS	BY_STEP	ARBITRARY_KNOWN	THE_PHRASE	the phrase lantern by step	5	4	1	5	["the", " phrase", " lantern", " by", " step"]	[1169, 9546, 41207, 416, 2239]
												FRAME_CROSS__BY_STEP__ARBITRARY_REPEAT__THE_PHRASE__NONE	FRAME_CROSS	BY_STEP	ARBITRARY_REPEAT	THE_PHRASE	the phrase lantern by lantern	5	4	1	5	["the", " phrase", " lantern", " by", " lantern"]	[1169, 9546, 41207, 416, 41207]
												FRAME_CROSS__BY_STEP__ARBITRARY_DISTINCT__THE_PHRASE__NONE	FRAME_CROSS	BY_STEP	ARBITRARY_DISTINCT	THE_PHRASE	the phrase lantern by engine	5	4	1	5	["the", " phrase", " lantern", " by", " engine"]	[1169, 9546, 41207, 416, 3113]
												FRAME_CROSS__BY_STEP__KNOWN_NO_CONNECTOR__THE_PHRASE__NONE	FRAME_CROSS	BY_STEP	KNOWN_NO_CONNECTOR	THE_PHRASE	the phrase step step	4	3	1	4	["the", " phrase", " step", " step"]	[1169, 9546, 2239, 2239]
												FRAME_CROSS__BY_STEP__ARBITRARY_NO_CONNECTOR__THE_PHRASE__NONE	FRAME_CROSS	BY_STEP	ARBITRARY_NO_CONNECTOR	THE_PHRASE	the phrase lantern lantern	4	3	1	4	["the", " phrase", " lantern", " lantern"]	[1169, 9546, 41207, 41207]
												FRAME_CROSS__BY_STEP__KNOWN_REPEAT__THEY_SAID__NONE	FRAME_CROSS	BY_STEP	KNOWN_REPEAT	THEY_SAID	they said step by step	5	4	1	5	["they", " said", " step", " by", " step"]	[9930, 531, 2239, 416, 2239]
												FRAME_CROSS__BY_STEP__KNOWN_RELATED__THEY_SAID__NONE	FRAME_CROSS	BY_STEP	KNOWN_RELATED	THEY_SAID	they said step by stride	5	4	1	5	["they", " said", " step", " by", " stride"]	[9930, 531, 2239, 416, 33769]
												FRAME_CROSS__BY_STEP__KNOWN_ARBITRARY__THEY_SAID__NONE	FRAME_CROSS	BY_STEP	KNOWN_ARBITRARY	THEY_SAID	they said step by engine	5	4	1	5	["they", " said", " step", " by", " engine"]	[9930, 531, 2239, 416, 3113]
												FRAME_CROSS__BY_STEP__ARBITRARY_KNOWN__THEY_SAID__NONE	FRAME_CROSS	BY_STEP	ARBITRARY_KNOWN	THEY_SAID	they said lantern by step	5	4	1	5	["they", " said", " lantern", " by", " step"]	[9930, 531, 41207, 416, 2239]
												FRAME_CROSS__BY_STEP__ARBITRARY_REPEAT__THEY_SAID__NONE	FRAME_CROSS	BY_STEP	ARBITRARY_REPEAT	THEY_SAID	they said lantern by lantern	5	4	1	5	["they", " said", " lantern", " by", " lantern"]	[9930, 531, 41207, 416, 41207]
												FRAME_CROSS__BY_STEP__ARBITRARY_DISTINCT__THEY_SAID__NONE	FRAME_CROSS	BY_STEP	ARBITRARY_DISTINCT	THEY_SAID	they said lantern by engine	5	4	1	5	["they", " said", " lantern", " by", " engine"]	[9930, 531, 41207, 416, 3113]
												FRAME_CROSS__BY_STEP__KNOWN_NO_CONNECTOR__THEY_SAID__NONE	FRAME_CROSS	BY_STEP	KNOWN_NO_CONNECTOR	THEY_SAID	they said step step	4	3	1	4	["they", " said", " step", " step"]	[9930, 531, 2239, 2239]
												FRAME_CROSS__BY_STEP__ARBITRARY_NO_CONNECTOR__THEY_SAID__NONE	FRAME_CROSS	BY_STEP	ARBITRARY_NO_CONNECTOR	THEY_SAID	they said lantern lantern	4	3	1	4	["they", " said", " lantern", " lantern"]	[9930, 531, 41207, 41207]
												REPEAT_CONNECTOR__BY_STEP__AND__BARE__NONE	REPEAT_CONNECTOR	BY_STEP	AND	BARE	step and step	3	2	1	3	["step", " and", " step"]	[9662, 290, 2239]
												REPEAT_CONNECTOR__BY_STEP__OR__BARE__NONE	REPEAT_CONNECTOR	BY_STEP	OR	BARE	step or step	3	2	1	3	["step", " or", " step"]	[9662, 393, 2239]
												REPEAT_CONNECTOR__BY_STEP__TO__BARE__NONE	REPEAT_CONNECTOR	BY_STEP	TO	BARE	step to step	3	2	1	3	["step", " to", " step"]	[9662, 284, 2239]
												REPEAT_CONNECTOR__BY_STEP__BY__BARE__NONE	REPEAT_CONNECTOR	BY_STEP	BY	BARE	step by step	3	2	1	3	["step", " by", " step"]	[9662, 416, 2239]
												REPEAT_CONNECTOR__BY_STEP__AFTER__BARE__NONE	REPEAT_CONNECTOR	BY_STEP	AFTER	BARE	step after step	3	2	1	3	["step", " after", " step"]	[9662, 706, 2239]
												REPEAT_CONNECTOR__BY_STEP__AND__V9_SPACE__NONE	REPEAT_CONNECTOR	BY_STEP	AND	V9_SPACE	 step and step	3	2	1	3	[" step", " and", " step"]	[2239, 290, 2239]
												REPEAT_CONNECTOR__BY_STEP__OR__V9_SPACE__NONE	REPEAT_CONNECTOR	BY_STEP	OR	V9_SPACE	 step or step	3	2	1	3	[" step", " or", " step"]	[2239, 393, 2239]
												REPEAT_CONNECTOR__BY_STEP__TO__V9_SPACE__NONE	REPEAT_CONNECTOR	BY_STEP	TO	V9_SPACE	 step to step	3	2	1	3	[" step", " to", " step"]	[2239, 284, 2239]
												REPEAT_CONNECTOR__BY_STEP__BY__V9_SPACE__NONE	REPEAT_CONNECTOR	BY_STEP	BY	V9_SPACE	 step by step	3	2	1	3	[" step", " by", " step"]	[2239, 416, 2239]
												REPEAT_CONNECTOR__BY_STEP__AFTER__V9_SPACE__NONE	REPEAT_CONNECTOR	BY_STEP	AFTER	V9_SPACE	 step after step	3	2	1	3	[" step", " after", " step"]	[2239, 706, 2239]
												REPEAT_CONNECTOR__BY_STEP__AND__THE_PHRASE__NONE	REPEAT_CONNECTOR	BY_STEP	AND	THE_PHRASE	the phrase step and step	5	4	1	5	["the", " phrase", " step", " and", " step"]	[1169, 9546, 2239, 290, 2239]
												REPEAT_CONNECTOR__BY_STEP__OR__THE_PHRASE__NONE	REPEAT_CONNECTOR	BY_STEP	OR	THE_PHRASE	the phrase step or step	5	4	1	5	["the", " phrase", " step", " or", " step"]	[1169, 9546, 2239, 393, 2239]
												REPEAT_CONNECTOR__BY_STEP__TO__THE_PHRASE__NONE	REPEAT_CONNECTOR	BY_STEP	TO	THE_PHRASE	the phrase step to step	5	4	1	5	["the", " phrase", " step", " to", " step"]	[1169, 9546, 2239, 284, 2239]
												REPEAT_CONNECTOR__BY_STEP__BY__THE_PHRASE__NONE	REPEAT_CONNECTOR	BY_STEP	BY	THE_PHRASE	the phrase step by step	5	4	1	5	["the", " phrase", " step", " by", " step"]	[1169, 9546, 2239, 416, 2239]
												REPEAT_CONNECTOR__BY_STEP__AFTER__THE_PHRASE__NONE	REPEAT_CONNECTOR	BY_STEP	AFTER	THE_PHRASE	the phrase step after step	5	4	1	5	["the", " phrase", " step", " after", " step"]	[1169, 9546, 2239, 706, 2239]
												REPEAT_CONNECTOR__BY_STEP__AND__THEY_SAID__NONE	REPEAT_CONNECTOR	BY_STEP	AND	THEY_SAID	they said step and step	5	4	1	5	["they", " said", " step", " and", " step"]	[9930, 531, 2239, 290, 2239]
												REPEAT_CONNECTOR__BY_STEP__OR__THEY_SAID__NONE	REPEAT_CONNECTOR	BY_STEP	OR	THEY_SAID	they said step or step	5	4	1	5	["they", " said", " step", " or", " step"]	[9930, 531, 2239, 393, 2239]
												REPEAT_CONNECTOR__BY_STEP__TO__THEY_SAID__NONE	REPEAT_CONNECTOR	BY_STEP	TO	THEY_SAID	they said step to step	5	4	1	5	["they", " said", " step", " to", " step"]	[9930, 531, 2239, 284, 2239]
												REPEAT_CONNECTOR__BY_STEP__BY__THEY_SAID__NONE	REPEAT_CONNECTOR	BY_STEP	BY	THEY_SAID	they said step by step	5	4	1	5	["they", " said", " step", " by", " step"]	[9930, 531, 2239, 416, 2239]
												REPEAT_CONNECTOR__BY_STEP__AFTER__THEY_SAID__NONE	REPEAT_CONNECTOR	BY_STEP	AFTER	THEY_SAID	they said step after step	5	4	1	5	["they", " said", " step", " after", " step"]	[9930, 531, 2239, 706, 2239]
												FRAME_CROSS__AND_ROUND__KNOWN_REPEAT__BARE__NONE	FRAME_CROSS	AND_ROUND	KNOWN_REPEAT	BARE	round and round	3	2	1	3	["round", " and", " round"]	[744, 290, 2835]
												FRAME_CROSS__AND_ROUND__KNOWN_RELATED__BARE__NONE	FRAME_CROSS	AND_ROUND	KNOWN_RELATED	BARE	round and straight	3	2	1	3	["round", " and", " straight"]	[744, 290, 3892]
												FRAME_CROSS__AND_ROUND__KNOWN_ARBITRARY__BARE__NONE	FRAME_CROSS	AND_ROUND	KNOWN_ARBITRARY	BARE	round and button	3	2	1	3	["round", " and", " button"]	[744, 290, 4936]
												FRAME_CROSS__AND_ROUND__ARBITRARY_KNOWN__BARE__NONE	FRAME_CROSS	AND_ROUND	ARBITRARY_KNOWN	BARE	rabbit and round	4	3	1	4	["r", "abbit", " and", " round"]	[81, 14229, 290, 2835]
												FRAME_CROSS__AND_ROUND__ARBITRARY_REPEAT__BARE__NONE	FRAME_CROSS	AND_ROUND	ARBITRARY_REPEAT	BARE	rabbit and rabbit	4	3	1	4	["r", "abbit", " and", " rabbit"]	[81, 14229, 290, 22746]
												FRAME_CROSS__AND_ROUND__ARBITRARY_DISTINCT__BARE__NONE	FRAME_CROSS	AND_ROUND	ARBITRARY_DISTINCT	BARE	rabbit and button	4	3	1	4	["r", "abbit", " and", " button"]	[81, 14229, 290, 4936]
												FRAME_CROSS__AND_ROUND__KNOWN_NO_CONNECTOR__BARE__NONE	FRAME_CROSS	AND_ROUND	KNOWN_NO_CONNECTOR	BARE	round round	2	1	1	2	["round", " round"]	[744, 2835]
												FRAME_CROSS__AND_ROUND__ARBITRARY_NO_CONNECTOR__BARE__NONE	FRAME_CROSS	AND_ROUND	ARBITRARY_NO_CONNECTOR	BARE	rabbit rabbit	3	2	1	3	["r", "abbit", " rabbit"]	[81, 14229, 22746]
												FRAME_CROSS__AND_ROUND__KNOWN_REPEAT__V9_SPACE__NONE	FRAME_CROSS	AND_ROUND	KNOWN_REPEAT	V9_SPACE	 round and round	3	2	1	3	[" round", " and", " round"]	[2835, 290, 2835]
												FRAME_CROSS__AND_ROUND__KNOWN_RELATED__V9_SPACE__NONE	FRAME_CROSS	AND_ROUND	KNOWN_RELATED	V9_SPACE	 round and straight	3	2	1	3	[" round", " and", " straight"]	[2835, 290, 3892]
												FRAME_CROSS__AND_ROUND__KNOWN_ARBITRARY__V9_SPACE__NONE	FRAME_CROSS	AND_ROUND	KNOWN_ARBITRARY	V9_SPACE	 round and button	3	2	1	3	[" round", " and", " button"]	[2835, 290, 4936]
												FRAME_CROSS__AND_ROUND__ARBITRARY_KNOWN__V9_SPACE__NONE	FRAME_CROSS	AND_ROUND	ARBITRARY_KNOWN	V9_SPACE	 rabbit and round	3	2	1	3	[" rabbit", " and", " round"]	[22746, 290, 2835]
												FRAME_CROSS__AND_ROUND__ARBITRARY_REPEAT__V9_SPACE__NONE	FRAME_CROSS	AND_ROUND	ARBITRARY_REPEAT	V9_SPACE	 rabbit and rabbit	3	2	1	3	[" rabbit", " and", " rabbit"]	[22746, 290, 22746]
												FRAME_CROSS__AND_ROUND__ARBITRARY_DISTINCT__V9_SPACE__NONE	FRAME_CROSS	AND_ROUND	ARBITRARY_DISTINCT	V9_SPACE	 rabbit and button	3	2	1	3	[" rabbit", " and", " button"]	[22746, 290, 4936]
												FRAME_CROSS__AND_ROUND__KNOWN_NO_CONNECTOR__V9_SPACE__NONE	FRAME_CROSS	AND_ROUND	KNOWN_NO_CONNECTOR	V9_SPACE	 round round	2	1	1	2	[" round", " round"]	[2835, 2835]
												FRAME_CROSS__AND_ROUND__ARBITRARY_NO_CONNECTOR__V9_SPACE__NONE	FRAME_CROSS	AND_ROUND	ARBITRARY_NO_CONNECTOR	V9_SPACE	 rabbit rabbit	2	1	1	2	[" rabbit", " rabbit"]	[22746, 22746]
												FRAME_CROSS__AND_ROUND__KNOWN_REPEAT__THE_PHRASE__NONE	FRAME_CROSS	AND_ROUND	KNOWN_REPEAT	THE_PHRASE	the phrase round and round	5	4	1	5	["the", " phrase", " round", " and", " round"]	[1169, 9546, 2835, 290, 2835]
												FRAME_CROSS__AND_ROUND__KNOWN_RELATED__THE_PHRASE__NONE	FRAME_CROSS	AND_ROUND	KNOWN_RELATED	THE_PHRASE	the phrase round and straight	5	4	1	5	["the", " phrase", " round", " and", " straight"]	[1169, 9546, 2835, 290, 3892]
												FRAME_CROSS__AND_ROUND__KNOWN_ARBITRARY__THE_PHRASE__NONE	FRAME_CROSS	AND_ROUND	KNOWN_ARBITRARY	THE_PHRASE	the phrase round and button	5	4	1	5	["the", " phrase", " round", " and", " button"]	[1169, 9546, 2835, 290, 4936]
												FRAME_CROSS__AND_ROUND__ARBITRARY_KNOWN__THE_PHRASE__NONE	FRAME_CROSS	AND_ROUND	ARBITRARY_KNOWN	THE_PHRASE	the phrase rabbit and round	5	4	1	5	["the", " phrase", " rabbit", " and", " round"]	[1169, 9546, 22746, 290, 2835]
												FRAME_CROSS__AND_ROUND__ARBITRARY_REPEAT__THE_PHRASE__NONE	FRAME_CROSS	AND_ROUND	ARBITRARY_REPEAT	THE_PHRASE	the phrase rabbit and rabbit	5	4	1	5	["the", " phrase", " rabbit", " and", " rabbit"]	[1169, 9546, 22746, 290, 22746]
												FRAME_CROSS__AND_ROUND__ARBITRARY_DISTINCT__THE_PHRASE__NONE	FRAME_CROSS	AND_ROUND	ARBITRARY_DISTINCT	THE_PHRASE	the phrase rabbit and button	5	4	1	5	["the", " phrase", " rabbit", " and", " button"]	[1169, 9546, 22746, 290, 4936]
												FRAME_CROSS__AND_ROUND__KNOWN_NO_CONNECTOR__THE_PHRASE__NONE	FRAME_CROSS	AND_ROUND	KNOWN_NO_CONNECTOR	THE_PHRASE	the phrase round round	4	3	1	4	["the", " phrase", " round", " round"]	[1169, 9546, 2835, 2835]
												FRAME_CROSS__AND_ROUND__ARBITRARY_NO_CONNECTOR__THE_PHRASE__NONE	FRAME_CROSS	AND_ROUND	ARBITRARY_NO_CONNECTOR	THE_PHRASE	the phrase rabbit rabbit	4	3	1	4	["the", " phrase", " rabbit", " rabbit"]	[1169, 9546, 22746, 22746]
												FRAME_CROSS__AND_ROUND__KNOWN_REPEAT__THEY_SAID__NONE	FRAME_CROSS	AND_ROUND	KNOWN_REPEAT	THEY_SAID	they said round and round	5	4	1	5	["they", " said", " round", " and", " round"]	[9930, 531, 2835, 290, 2835]
												FRAME_CROSS__AND_ROUND__KNOWN_RELATED__THEY_SAID__NONE	FRAME_CROSS	AND_ROUND	KNOWN_RELATED	THEY_SAID	they said round and straight	5	4	1	5	["they", " said", " round", " and", " straight"]	[9930, 531, 2835, 290, 3892]
												FRAME_CROSS__AND_ROUND__KNOWN_ARBITRARY__THEY_SAID__NONE	FRAME_CROSS	AND_ROUND	KNOWN_ARBITRARY	THEY_SAID	they said round and button	5	4	1	5	["they", " said", " round", " and", " button"]	[9930, 531, 2835, 290, 4936]
												FRAME_CROSS__AND_ROUND__ARBITRARY_KNOWN__THEY_SAID__NONE	FRAME_CROSS	AND_ROUND	ARBITRARY_KNOWN	THEY_SAID	they said rabbit and round	5	4	1	5	["they", " said", " rabbit", " and", " round"]	[9930, 531, 22746, 290, 2835]
												FRAME_CROSS__AND_ROUND__ARBITRARY_REPEAT__THEY_SAID__NONE	FRAME_CROSS	AND_ROUND	ARBITRARY_REPEAT	THEY_SAID	they said rabbit and rabbit	5	4	1	5	["they", " said", " rabbit", " and", " rabbit"]	[9930, 531, 22746, 290, 22746]
												FRAME_CROSS__AND_ROUND__ARBITRARY_DISTINCT__THEY_SAID__NONE	FRAME_CROSS	AND_ROUND	ARBITRARY_DISTINCT	THEY_SAID	they said rabbit and button	5	4	1	5	["they", " said", " rabbit", " and", " button"]	[9930, 531, 22746, 290, 4936]
												FRAME_CROSS__AND_ROUND__KNOWN_NO_CONNECTOR__THEY_SAID__NONE	FRAME_CROSS	AND_ROUND	KNOWN_NO_CONNECTOR	THEY_SAID	they said round round	4	3	1	4	["they", " said", " round", " round"]	[9930, 531, 2835, 2835]
												FRAME_CROSS__AND_ROUND__ARBITRARY_NO_CONNECTOR__THEY_SAID__NONE	FRAME_CROSS	AND_ROUND	ARBITRARY_NO_CONNECTOR	THEY_SAID	they said rabbit rabbit	4	3	1	4	["they", " said", " rabbit", " rabbit"]	[9930, 531, 22746, 22746]
												REPEAT_CONNECTOR__AND_ROUND__AND__BARE__NONE	REPEAT_CONNECTOR	AND_ROUND	AND	BARE	round and round	3	2	1	3	["round", " and", " round"]	[744, 290, 2835]
												REPEAT_CONNECTOR__AND_ROUND__OR__BARE__NONE	REPEAT_CONNECTOR	AND_ROUND	OR	BARE	round or round	3	2	1	3	["round", " or", " round"]	[744, 393, 2835]
												REPEAT_CONNECTOR__AND_ROUND__TO__BARE__NONE	REPEAT_CONNECTOR	AND_ROUND	TO	BARE	round to round	3	2	1	3	["round", " to", " round"]	[744, 284, 2835]
												REPEAT_CONNECTOR__AND_ROUND__BY__BARE__NONE	REPEAT_CONNECTOR	AND_ROUND	BY	BARE	round by round	3	2	1	3	["round", " by", " round"]	[744, 416, 2835]
												REPEAT_CONNECTOR__AND_ROUND__AFTER__BARE__NONE	REPEAT_CONNECTOR	AND_ROUND	AFTER	BARE	round after round	3	2	1	3	["round", " after", " round"]	[744, 706, 2835]
												REPEAT_CONNECTOR__AND_ROUND__AND__V9_SPACE__NONE	REPEAT_CONNECTOR	AND_ROUND	AND	V9_SPACE	 round and round	3	2	1	3	[" round", " and", " round"]	[2835, 290, 2835]
												REPEAT_CONNECTOR__AND_ROUND__OR__V9_SPACE__NONE	REPEAT_CONNECTOR	AND_ROUND	OR	V9_SPACE	 round or round	3	2	1	3	[" round", " or", " round"]	[2835, 393, 2835]
												REPEAT_CONNECTOR__AND_ROUND__TO__V9_SPACE__NONE	REPEAT_CONNECTOR	AND_ROUND	TO	V9_SPACE	 round to round	3	2	1	3	[" round", " to", " round"]	[2835, 284, 2835]
												REPEAT_CONNECTOR__AND_ROUND__BY__V9_SPACE__NONE	REPEAT_CONNECTOR	AND_ROUND	BY	V9_SPACE	 round by round	3	2	1	3	[" round", " by", " round"]	[2835, 416, 2835]
												REPEAT_CONNECTOR__AND_ROUND__AFTER__V9_SPACE__NONE	REPEAT_CONNECTOR	AND_ROUND	AFTER	V9_SPACE	 round after round	3	2	1	3	[" round", " after", " round"]	[2835, 706, 2835]
												REPEAT_CONNECTOR__AND_ROUND__AND__THE_PHRASE__NONE	REPEAT_CONNECTOR	AND_ROUND	AND	THE_PHRASE	the phrase round and round	5	4	1	5	["the", " phrase", " round", " and", " round"]	[1169, 9546, 2835, 290, 2835]
												REPEAT_CONNECTOR__AND_ROUND__OR__THE_PHRASE__NONE	REPEAT_CONNECTOR	AND_ROUND	OR	THE_PHRASE	the phrase round or round	5	4	1	5	["the", " phrase", " round", " or", " round"]	[1169, 9546, 2835, 393, 2835]
												REPEAT_CONNECTOR__AND_ROUND__TO__THE_PHRASE__NONE	REPEAT_CONNECTOR	AND_ROUND	TO	THE_PHRASE	the phrase round to round	5	4	1	5	["the", " phrase", " round", " to", " round"]	[1169, 9546, 2835, 284, 2835]
												REPEAT_CONNECTOR__AND_ROUND__BY__THE_PHRASE__NONE	REPEAT_CONNECTOR	AND_ROUND	BY	THE_PHRASE	the phrase round by round	5	4	1	5	["the", " phrase", " round", " by", " round"]	[1169, 9546, 2835, 416, 2835]
												REPEAT_CONNECTOR__AND_ROUND__AFTER__THE_PHRASE__NONE	REPEAT_CONNECTOR	AND_ROUND	AFTER	THE_PHRASE	the phrase round after round	5	4	1	5	["the", " phrase", " round", " after", " round"]	[1169, 9546, 2835, 706, 2835]
												REPEAT_CONNECTOR__AND_ROUND__AND__THEY_SAID__NONE	REPEAT_CONNECTOR	AND_ROUND	AND	THEY_SAID	they said round and round	5	4	1	5	["they", " said", " round", " and", " round"]	[9930, 531, 2835, 290, 2835]
												REPEAT_CONNECTOR__AND_ROUND__OR__THEY_SAID__NONE	REPEAT_CONNECTOR	AND_ROUND	OR	THEY_SAID	they said round or round	5	4	1	5	["they", " said", " round", " or", " round"]	[9930, 531, 2835, 393, 2835]
												REPEAT_CONNECTOR__AND_ROUND__TO__THEY_SAID__NONE	REPEAT_CONNECTOR	AND_ROUND	TO	THEY_SAID	they said round to round	5	4	1	5	["they", " said", " round", " to", " round"]	[9930, 531, 2835, 284, 2835]
												REPEAT_CONNECTOR__AND_ROUND__BY__THEY_SAID__NONE	REPEAT_CONNECTOR	AND_ROUND	BY	THEY_SAID	they said round by round	5	4	1	5	["they", " said", " round", " by", " round"]	[9930, 531, 2835, 416, 2835]
												REPEAT_CONNECTOR__AND_ROUND__AFTER__THEY_SAID__NONE	REPEAT_CONNECTOR	AND_ROUND	AFTER	THEY_SAID	they said round after round	5	4	1	5	["they", " said", " round", " after", " round"]	[9930, 531, 2835, 706, 2835]
												FRAME_CROSS__AND_AGAIN__KNOWN_REPEAT__BARE__NONE	FRAME_CROSS	AND_AGAIN	KNOWN_REPEAT	BARE	again and again	3	2	1	3	["again", " and", " again"]	[17776, 290, 757]
												FRAME_CROSS__AND_AGAIN__KNOWN_RELATED__BARE__NONE	FRAME_CROSS	AND_AGAIN	KNOWN_RELATED	BARE	again and then	3	2	1	3	["again", " and", " then"]	[17776, 290, 788]
												FRAME_CROSS__AND_AGAIN__KNOWN_ARBITRARY__BARE__NONE	FRAME_CROSS	AND_AGAIN	KNOWN_ARBITRARY	BARE	again and violin	3	2	1	3	["again", " and", " violin"]	[17776, 290, 38283]
												FRAME_CROSS__AND_AGAIN__ARBITRARY_KNOWN__BARE__NONE	FRAME_CROSS	AND_AGAIN	ARBITRARY_KNOWN	BARE	hammer and again	3	2	1	3	["hammer", " and", " again"]	[17980, 290, 757]
												FRAME_CROSS__AND_AGAIN__ARBITRARY_REPEAT__BARE__NONE	FRAME_CROSS	AND_AGAIN	ARBITRARY_REPEAT	BARE	hammer and hammer	3	2	1	3	["hammer", " and", " hammer"]	[17980, 290, 15554]
												FRAME_CROSS__AND_AGAIN__ARBITRARY_DISTINCT__BARE__NONE	FRAME_CROSS	AND_AGAIN	ARBITRARY_DISTINCT	BARE	hammer and violin	3	2	1	3	["hammer", " and", " violin"]	[17980, 290, 38283]
												FRAME_CROSS__AND_AGAIN__KNOWN_NO_CONNECTOR__BARE__NONE	FRAME_CROSS	AND_AGAIN	KNOWN_NO_CONNECTOR	BARE	again again	2	1	1	2	["again", " again"]	[17776, 757]
												FRAME_CROSS__AND_AGAIN__ARBITRARY_NO_CONNECTOR__BARE__NONE	FRAME_CROSS	AND_AGAIN	ARBITRARY_NO_CONNECTOR	BARE	hammer hammer	2	1	1	2	["hammer", " hammer"]	[17980, 15554]
												FRAME_CROSS__AND_AGAIN__KNOWN_REPEAT__V9_SPACE__NONE	FRAME_CROSS	AND_AGAIN	KNOWN_REPEAT	V9_SPACE	 again and again	3	2	1	3	[" again", " and", " again"]	[757, 290, 757]
												FRAME_CROSS__AND_AGAIN__KNOWN_RELATED__V9_SPACE__NONE	FRAME_CROSS	AND_AGAIN	KNOWN_RELATED	V9_SPACE	 again and then	3	2	1	3	[" again", " and", " then"]	[757, 290, 788]
												FRAME_CROSS__AND_AGAIN__KNOWN_ARBITRARY__V9_SPACE__NONE	FRAME_CROSS	AND_AGAIN	KNOWN_ARBITRARY	V9_SPACE	 again and violin	3	2	1	3	[" again", " and", " violin"]	[757, 290, 38283]
												FRAME_CROSS__AND_AGAIN__ARBITRARY_KNOWN__V9_SPACE__NONE	FRAME_CROSS	AND_AGAIN	ARBITRARY_KNOWN	V9_SPACE	 hammer and again	3	2	1	3	[" hammer", " and", " again"]	[15554, 290, 757]
												FRAME_CROSS__AND_AGAIN__ARBITRARY_REPEAT__V9_SPACE__NONE	FRAME_CROSS	AND_AGAIN	ARBITRARY_REPEAT	V9_SPACE	 hammer and hammer	3	2	1	3	[" hammer", " and", " hammer"]	[15554, 290, 15554]
												FRAME_CROSS__AND_AGAIN__ARBITRARY_DISTINCT__V9_SPACE__NONE	FRAME_CROSS	AND_AGAIN	ARBITRARY_DISTINCT	V9_SPACE	 hammer and violin	3	2	1	3	[" hammer", " and", " violin"]	[15554, 290, 38283]
												FRAME_CROSS__AND_AGAIN__KNOWN_NO_CONNECTOR__V9_SPACE__NONE	FRAME_CROSS	AND_AGAIN	KNOWN_NO_CONNECTOR	V9_SPACE	 again again	2	1	1	2	[" again", " again"]	[757, 757]
												FRAME_CROSS__AND_AGAIN__ARBITRARY_NO_CONNECTOR__V9_SPACE__NONE	FRAME_CROSS	AND_AGAIN	ARBITRARY_NO_CONNECTOR	V9_SPACE	 hammer hammer	2	1	1	2	[" hammer", " hammer"]	[15554, 15554]
												FRAME_CROSS__AND_AGAIN__KNOWN_REPEAT__THE_PHRASE__NONE	FRAME_CROSS	AND_AGAIN	KNOWN_REPEAT	THE_PHRASE	the phrase again and again	5	4	1	5	["the", " phrase", " again", " and", " again"]	[1169, 9546, 757, 290, 757]
												FRAME_CROSS__AND_AGAIN__KNOWN_RELATED__THE_PHRASE__NONE	FRAME_CROSS	AND_AGAIN	KNOWN_RELATED	THE_PHRASE	the phrase again and then	5	4	1	5	["the", " phrase", " again", " and", " then"]	[1169, 9546, 757, 290, 788]
												FRAME_CROSS__AND_AGAIN__KNOWN_ARBITRARY__THE_PHRASE__NONE	FRAME_CROSS	AND_AGAIN	KNOWN_ARBITRARY	THE_PHRASE	the phrase again and violin	5	4	1	5	["the", " phrase", " again", " and", " violin"]	[1169, 9546, 757, 290, 38283]
												FRAME_CROSS__AND_AGAIN__ARBITRARY_KNOWN__THE_PHRASE__NONE	FRAME_CROSS	AND_AGAIN	ARBITRARY_KNOWN	THE_PHRASE	the phrase hammer and again	5	4	1	5	["the", " phrase", " hammer", " and", " again"]	[1169, 9546, 15554, 290, 757]
												FRAME_CROSS__AND_AGAIN__ARBITRARY_REPEAT__THE_PHRASE__NONE	FRAME_CROSS	AND_AGAIN	ARBITRARY_REPEAT	THE_PHRASE	the phrase hammer and hammer	5	4	1	5	["the", " phrase", " hammer", " and", " hammer"]	[1169, 9546, 15554, 290, 15554]
												FRAME_CROSS__AND_AGAIN__ARBITRARY_DISTINCT__THE_PHRASE__NONE	FRAME_CROSS	AND_AGAIN	ARBITRARY_DISTINCT	THE_PHRASE	the phrase hammer and violin	5	4	1	5	["the", " phrase", " hammer", " and", " violin"]	[1169, 9546, 15554, 290, 38283]
												FRAME_CROSS__AND_AGAIN__KNOWN_NO_CONNECTOR__THE_PHRASE__NONE	FRAME_CROSS	AND_AGAIN	KNOWN_NO_CONNECTOR	THE_PHRASE	the phrase again again	4	3	1	4	["the", " phrase", " again", " again"]	[1169, 9546, 757, 757]
												FRAME_CROSS__AND_AGAIN__ARBITRARY_NO_CONNECTOR__THE_PHRASE__NONE	FRAME_CROSS	AND_AGAIN	ARBITRARY_NO_CONNECTOR	THE_PHRASE	the phrase hammer hammer	4	3	1	4	["the", " phrase", " hammer", " hammer"]	[1169, 9546, 15554, 15554]
												FRAME_CROSS__AND_AGAIN__KNOWN_REPEAT__THEY_SAID__NONE	FRAME_CROSS	AND_AGAIN	KNOWN_REPEAT	THEY_SAID	they said again and again	5	4	1	5	["they", " said", " again", " and", " again"]	[9930, 531, 757, 290, 757]
												FRAME_CROSS__AND_AGAIN__KNOWN_RELATED__THEY_SAID__NONE	FRAME_CROSS	AND_AGAIN	KNOWN_RELATED	THEY_SAID	they said again and then	5	4	1	5	["they", " said", " again", " and", " then"]	[9930, 531, 757, 290, 788]
												FRAME_CROSS__AND_AGAIN__KNOWN_ARBITRARY__THEY_SAID__NONE	FRAME_CROSS	AND_AGAIN	KNOWN_ARBITRARY	THEY_SAID	they said again and violin	5	4	1	5	["they", " said", " again", " and", " violin"]	[9930, 531, 757, 290, 38283]
												FRAME_CROSS__AND_AGAIN__ARBITRARY_KNOWN__THEY_SAID__NONE	FRAME_CROSS	AND_AGAIN	ARBITRARY_KNOWN	THEY_SAID	they said hammer and again	5	4	1	5	["they", " said", " hammer", " and", " again"]	[9930, 531, 15554, 290, 757]
												FRAME_CROSS__AND_AGAIN__ARBITRARY_REPEAT__THEY_SAID__NONE	FRAME_CROSS	AND_AGAIN	ARBITRARY_REPEAT	THEY_SAID	they said hammer and hammer	5	4	1	5	["they", " said", " hammer", " and", " hammer"]	[9930, 531, 15554, 290, 15554]
												FRAME_CROSS__AND_AGAIN__ARBITRARY_DISTINCT__THEY_SAID__NONE	FRAME_CROSS	AND_AGAIN	ARBITRARY_DISTINCT	THEY_SAID	they said hammer and violin	5	4	1	5	["they", " said", " hammer", " and", " violin"]	[9930, 531, 15554, 290, 38283]
												FRAME_CROSS__AND_AGAIN__KNOWN_NO_CONNECTOR__THEY_SAID__NONE	FRAME_CROSS	AND_AGAIN	KNOWN_NO_CONNECTOR	THEY_SAID	they said again again	4	3	1	4	["they", " said", " again", " again"]	[9930, 531, 757, 757]
												FRAME_CROSS__AND_AGAIN__ARBITRARY_NO_CONNECTOR__THEY_SAID__NONE	FRAME_CROSS	AND_AGAIN	ARBITRARY_NO_CONNECTOR	THEY_SAID	they said hammer hammer	4	3	1	4	["they", " said", " hammer", " hammer"]	[9930, 531, 15554, 15554]
												REPEAT_CONNECTOR__AND_AGAIN__AND__BARE__NONE	REPEAT_CONNECTOR	AND_AGAIN	AND	BARE	again and again	3	2	1	3	["again", " and", " again"]	[17776, 290, 757]
												REPEAT_CONNECTOR__AND_AGAIN__OR__BARE__NONE	REPEAT_CONNECTOR	AND_AGAIN	OR	BARE	again or again	3	2	1	3	["again", " or", " again"]	[17776, 393, 757]
												REPEAT_CONNECTOR__AND_AGAIN__TO__BARE__NONE	REPEAT_CONNECTOR	AND_AGAIN	TO	BARE	again to again	3	2	1	3	["again", " to", " again"]	[17776, 284, 757]
												REPEAT_CONNECTOR__AND_AGAIN__BY__BARE__NONE	REPEAT_CONNECTOR	AND_AGAIN	BY	BARE	again by again	3	2	1	3	["again", " by", " again"]	[17776, 416, 757]
												REPEAT_CONNECTOR__AND_AGAIN__AFTER__BARE__NONE	REPEAT_CONNECTOR	AND_AGAIN	AFTER	BARE	again after again	3	2	1	3	["again", " after", " again"]	[17776, 706, 757]
												REPEAT_CONNECTOR__AND_AGAIN__AND__V9_SPACE__NONE	REPEAT_CONNECTOR	AND_AGAIN	AND	V9_SPACE	 again and again	3	2	1	3	[" again", " and", " again"]	[757, 290, 757]
												REPEAT_CONNECTOR__AND_AGAIN__OR__V9_SPACE__NONE	REPEAT_CONNECTOR	AND_AGAIN	OR	V9_SPACE	 again or again	3	2	1	3	[" again", " or", " again"]	[757, 393, 757]
												REPEAT_CONNECTOR__AND_AGAIN__TO__V9_SPACE__NONE	REPEAT_CONNECTOR	AND_AGAIN	TO	V9_SPACE	 again to again	3	2	1	3	[" again", " to", " again"]	[757, 284, 757]
												REPEAT_CONNECTOR__AND_AGAIN__BY__V9_SPACE__NONE	REPEAT_CONNECTOR	AND_AGAIN	BY	V9_SPACE	 again by again	3	2	1	3	[" again", " by", " again"]	[757, 416, 757]
												REPEAT_CONNECTOR__AND_AGAIN__AFTER__V9_SPACE__NONE	REPEAT_CONNECTOR	AND_AGAIN	AFTER	V9_SPACE	 again after again	3	2	1	3	[" again", " after", " again"]	[757, 706, 757]
												REPEAT_CONNECTOR__AND_AGAIN__AND__THE_PHRASE__NONE	REPEAT_CONNECTOR	AND_AGAIN	AND	THE_PHRASE	the phrase again and again	5	4	1	5	["the", " phrase", " again", " and", " again"]	[1169, 9546, 757, 290, 757]
												REPEAT_CONNECTOR__AND_AGAIN__OR__THE_PHRASE__NONE	REPEAT_CONNECTOR	AND_AGAIN	OR	THE_PHRASE	the phrase again or again	5	4	1	5	["the", " phrase", " again", " or", " again"]	[1169, 9546, 757, 393, 757]
												REPEAT_CONNECTOR__AND_AGAIN__TO__THE_PHRASE__NONE	REPEAT_CONNECTOR	AND_AGAIN	TO	THE_PHRASE	the phrase again to again	5	4	1	5	["the", " phrase", " again", " to", " again"]	[1169, 9546, 757, 284, 757]
												REPEAT_CONNECTOR__AND_AGAIN__BY__THE_PHRASE__NONE	REPEAT_CONNECTOR	AND_AGAIN	BY	THE_PHRASE	the phrase again by again	5	4	1	5	["the", " phrase", " again", " by", " again"]	[1169, 9546, 757, 416, 757]
												REPEAT_CONNECTOR__AND_AGAIN__AFTER__THE_PHRASE__NONE	REPEAT_CONNECTOR	AND_AGAIN	AFTER	THE_PHRASE	the phrase again after again	5	4	1	5	["the", " phrase", " again", " after", " again"]	[1169, 9546, 757, 706, 757]
												REPEAT_CONNECTOR__AND_AGAIN__AND__THEY_SAID__NONE	REPEAT_CONNECTOR	AND_AGAIN	AND	THEY_SAID	they said again and again	5	4	1	5	["they", " said", " again", " and", " again"]	[9930, 531, 757, 290, 757]
												REPEAT_CONNECTOR__AND_AGAIN__OR__THEY_SAID__NONE	REPEAT_CONNECTOR	AND_AGAIN	OR	THEY_SAID	they said again or again	5	4	1	5	["they", " said", " again", " or", " again"]	[9930, 531, 757, 393, 757]
												REPEAT_CONNECTOR__AND_AGAIN__TO__THEY_SAID__NONE	REPEAT_CONNECTOR	AND_AGAIN	TO	THEY_SAID	they said again to again	5	4	1	5	["they", " said", " again", " to", " again"]	[9930, 531, 757, 284, 757]
												REPEAT_CONNECTOR__AND_AGAIN__BY__THEY_SAID__NONE	REPEAT_CONNECTOR	AND_AGAIN	BY	THEY_SAID	they said again by again	5	4	1	5	["they", " said", " again", " by", " again"]	[9930, 531, 757, 416, 757]
												REPEAT_CONNECTOR__AND_AGAIN__AFTER__THEY_SAID__NONE	REPEAT_CONNECTOR	AND_AGAIN	AFTER	THEY_SAID	they said again after again	5	4	1	5	["they", " said", " again", " after", " again"]	[9930, 531, 757, 706, 757]
												FRAME_CROSS__AND_TIME__KNOWN_REPEAT__BARE__NONE	FRAME_CROSS	AND_TIME	KNOWN_REPEAT	BARE	time and time	3	2	1	3	["time", " and", " time"]	[2435, 290, 640]
												FRAME_CROSS__AND_TIME__KNOWN_RELATED__BARE__NONE	FRAME_CROSS	AND_TIME	KNOWN_RELATED	BARE	time and space	3	2	1	3	["time", " and", " space"]	[2435, 290, 2272]
												FRAME_CROSS__AND_TIME__KNOWN_ARBITRARY__BARE__NONE	FRAME_CROSS	AND_TIME	KNOWN_ARBITRARY	BARE	time and planet	3	2	1	3	["time", " and", " planet"]	[2435, 290, 5440]
												FRAME_CROSS__AND_TIME__ARBITRARY_KNOWN__BARE__NONE	FRAME_CROSS	AND_TIME	ARBITRARY_KNOWN	BARE	mustard and time	4	3	1	4	["must", "ard", " and", " time"]	[27238, 446, 290, 640]
												FRAME_CROSS__AND_TIME__ARBITRARY_REPEAT__BARE__NONE	FRAME_CROSS	AND_TIME	ARBITRARY_REPEAT	BARE	mustard and mustard	4	3	1	4	["must", "ard", " and", " mustard"]	[27238, 446, 290, 33694]
												FRAME_CROSS__AND_TIME__ARBITRARY_DISTINCT__BARE__NONE	FRAME_CROSS	AND_TIME	ARBITRARY_DISTINCT	BARE	mustard and planet	4	3	1	4	["must", "ard", " and", " planet"]	[27238, 446, 290, 5440]
												FRAME_CROSS__AND_TIME__KNOWN_NO_CONNECTOR__BARE__NONE	FRAME_CROSS	AND_TIME	KNOWN_NO_CONNECTOR	BARE	time time	2	1	1	2	["time", " time"]	[2435, 640]
												FRAME_CROSS__AND_TIME__ARBITRARY_NO_CONNECTOR__BARE__NONE	FRAME_CROSS	AND_TIME	ARBITRARY_NO_CONNECTOR	BARE	mustard mustard	3	2	1	3	["must", "ard", " mustard"]	[27238, 446, 33694]
												FRAME_CROSS__AND_TIME__KNOWN_REPEAT__V9_SPACE__NONE	FRAME_CROSS	AND_TIME	KNOWN_REPEAT	V9_SPACE	 time and time	3	2	1	3	[" time", " and", " time"]	[640, 290, 640]
												FRAME_CROSS__AND_TIME__KNOWN_RELATED__V9_SPACE__NONE	FRAME_CROSS	AND_TIME	KNOWN_RELATED	V9_SPACE	 time and space	3	2	1	3	[" time", " and", " space"]	[640, 290, 2272]
												FRAME_CROSS__AND_TIME__KNOWN_ARBITRARY__V9_SPACE__NONE	FRAME_CROSS	AND_TIME	KNOWN_ARBITRARY	V9_SPACE	 time and planet	3	2	1	3	[" time", " and", " planet"]	[640, 290, 5440]
												FRAME_CROSS__AND_TIME__ARBITRARY_KNOWN__V9_SPACE__NONE	FRAME_CROSS	AND_TIME	ARBITRARY_KNOWN	V9_SPACE	 mustard and time	3	2	1	3	[" mustard", " and", " time"]	[33694, 290, 640]
												FRAME_CROSS__AND_TIME__ARBITRARY_REPEAT__V9_SPACE__NONE	FRAME_CROSS	AND_TIME	ARBITRARY_REPEAT	V9_SPACE	 mustard and mustard	3	2	1	3	[" mustard", " and", " mustard"]	[33694, 290, 33694]
												FRAME_CROSS__AND_TIME__ARBITRARY_DISTINCT__V9_SPACE__NONE	FRAME_CROSS	AND_TIME	ARBITRARY_DISTINCT	V9_SPACE	 mustard and planet	3	2	1	3	[" mustard", " and", " planet"]	[33694, 290, 5440]
												FRAME_CROSS__AND_TIME__KNOWN_NO_CONNECTOR__V9_SPACE__NONE	FRAME_CROSS	AND_TIME	KNOWN_NO_CONNECTOR	V9_SPACE	 time time	2	1	1	2	[" time", " time"]	[640, 640]
												FRAME_CROSS__AND_TIME__ARBITRARY_NO_CONNECTOR__V9_SPACE__NONE	FRAME_CROSS	AND_TIME	ARBITRARY_NO_CONNECTOR	V9_SPACE	 mustard mustard	2	1	1	2	[" mustard", " mustard"]	[33694, 33694]
												FRAME_CROSS__AND_TIME__KNOWN_REPEAT__THE_PHRASE__NONE	FRAME_CROSS	AND_TIME	KNOWN_REPEAT	THE_PHRASE	the phrase time and time	5	4	1	5	["the", " phrase", " time", " and", " time"]	[1169, 9546, 640, 290, 640]
												FRAME_CROSS__AND_TIME__KNOWN_RELATED__THE_PHRASE__NONE	FRAME_CROSS	AND_TIME	KNOWN_RELATED	THE_PHRASE	the phrase time and space	5	4	1	5	["the", " phrase", " time", " and", " space"]	[1169, 9546, 640, 290, 2272]
												FRAME_CROSS__AND_TIME__KNOWN_ARBITRARY__THE_PHRASE__NONE	FRAME_CROSS	AND_TIME	KNOWN_ARBITRARY	THE_PHRASE	the phrase time and planet	5	4	1	5	["the", " phrase", " time", " and", " planet"]	[1169, 9546, 640, 290, 5440]
												FRAME_CROSS__AND_TIME__ARBITRARY_KNOWN__THE_PHRASE__NONE	FRAME_CROSS	AND_TIME	ARBITRARY_KNOWN	THE_PHRASE	the phrase mustard and time	5	4	1	5	["the", " phrase", " mustard", " and", " time"]	[1169, 9546, 33694, 290, 640]
												FRAME_CROSS__AND_TIME__ARBITRARY_REPEAT__THE_PHRASE__NONE	FRAME_CROSS	AND_TIME	ARBITRARY_REPEAT	THE_PHRASE	the phrase mustard and mustard	5	4	1	5	["the", " phrase", " mustard", " and", " mustard"]	[1169, 9546, 33694, 290, 33694]
												FRAME_CROSS__AND_TIME__ARBITRARY_DISTINCT__THE_PHRASE__NONE	FRAME_CROSS	AND_TIME	ARBITRARY_DISTINCT	THE_PHRASE	the phrase mustard and planet	5	4	1	5	["the", " phrase", " mustard", " and", " planet"]	[1169, 9546, 33694, 290, 5440]
												FRAME_CROSS__AND_TIME__KNOWN_NO_CONNECTOR__THE_PHRASE__NONE	FRAME_CROSS	AND_TIME	KNOWN_NO_CONNECTOR	THE_PHRASE	the phrase time time	4	3	1	4	["the", " phrase", " time", " time"]	[1169, 9546, 640, 640]
												FRAME_CROSS__AND_TIME__ARBITRARY_NO_CONNECTOR__THE_PHRASE__NONE	FRAME_CROSS	AND_TIME	ARBITRARY_NO_CONNECTOR	THE_PHRASE	the phrase mustard mustard	4	3	1	4	["the", " phrase", " mustard", " mustard"]	[1169, 9546, 33694, 33694]
												FRAME_CROSS__AND_TIME__KNOWN_REPEAT__THEY_SAID__NONE	FRAME_CROSS	AND_TIME	KNOWN_REPEAT	THEY_SAID	they said time and time	5	4	1	5	["they", " said", " time", " and", " time"]	[9930, 531, 640, 290, 640]
												FRAME_CROSS__AND_TIME__KNOWN_RELATED__THEY_SAID__NONE	FRAME_CROSS	AND_TIME	KNOWN_RELATED	THEY_SAID	they said time and space	5	4	1	5	["they", " said", " time", " and", " space"]	[9930, 531, 640, 290, 2272]
												FRAME_CROSS__AND_TIME__KNOWN_ARBITRARY__THEY_SAID__NONE	FRAME_CROSS	AND_TIME	KNOWN_ARBITRARY	THEY_SAID	they said time and planet	5	4	1	5	["they", " said", " time", " and", " planet"]	[9930, 531, 640, 290, 5440]
												FRAME_CROSS__AND_TIME__ARBITRARY_KNOWN__THEY_SAID__NONE	FRAME_CROSS	AND_TIME	ARBITRARY_KNOWN	THEY_SAID	they said mustard and time	5	4	1	5	["they", " said", " mustard", " and", " time"]	[9930, 531, 33694, 290, 640]
												FRAME_CROSS__AND_TIME__ARBITRARY_REPEAT__THEY_SAID__NONE	FRAME_CROSS	AND_TIME	ARBITRARY_REPEAT	THEY_SAID	they said mustard and mustard	5	4	1	5	["they", " said", " mustard", " and", " mustard"]	[9930, 531, 33694, 290, 33694]
												FRAME_CROSS__AND_TIME__ARBITRARY_DISTINCT__THEY_SAID__NONE	FRAME_CROSS	AND_TIME	ARBITRARY_DISTINCT	THEY_SAID	they said mustard and planet	5	4	1	5	["they", " said", " mustard", " and", " planet"]	[9930, 531, 33694, 290, 5440]
												FRAME_CROSS__AND_TIME__KNOWN_NO_CONNECTOR__THEY_SAID__NONE	FRAME_CROSS	AND_TIME	KNOWN_NO_CONNECTOR	THEY_SAID	they said time time	4	3	1	4	["they", " said", " time", " time"]	[9930, 531, 640, 640]
												FRAME_CROSS__AND_TIME__ARBITRARY_NO_CONNECTOR__THEY_SAID__NONE	FRAME_CROSS	AND_TIME	ARBITRARY_NO_CONNECTOR	THEY_SAID	they said mustard mustard	4	3	1	4	["they", " said", " mustard", " mustard"]	[9930, 531, 33694, 33694]
												REPEAT_CONNECTOR__AND_TIME__AND__BARE__NONE	REPEAT_CONNECTOR	AND_TIME	AND	BARE	time and time	3	2	1	3	["time", " and", " time"]	[2435, 290, 640]
												REPEAT_CONNECTOR__AND_TIME__OR__BARE__NONE	REPEAT_CONNECTOR	AND_TIME	OR	BARE	time or time	3	2	1	3	["time", " or", " time"]	[2435, 393, 640]
												REPEAT_CONNECTOR__AND_TIME__TO__BARE__NONE	REPEAT_CONNECTOR	AND_TIME	TO	BARE	time to time	3	2	1	3	["time", " to", " time"]	[2435, 284, 640]
												REPEAT_CONNECTOR__AND_TIME__BY__BARE__NONE	REPEAT_CONNECTOR	AND_TIME	BY	BARE	time by time	3	2	1	3	["time", " by", " time"]	[2435, 416, 640]
												REPEAT_CONNECTOR__AND_TIME__AFTER__BARE__NONE	REPEAT_CONNECTOR	AND_TIME	AFTER	BARE	time after time	3	2	1	3	["time", " after", " time"]	[2435, 706, 640]
												REPEAT_CONNECTOR__AND_TIME__AND__V9_SPACE__NONE	REPEAT_CONNECTOR	AND_TIME	AND	V9_SPACE	 time and time	3	2	1	3	[" time", " and", " time"]	[640, 290, 640]
												REPEAT_CONNECTOR__AND_TIME__OR__V9_SPACE__NONE	REPEAT_CONNECTOR	AND_TIME	OR	V9_SPACE	 time or time	3	2	1	3	[" time", " or", " time"]	[640, 393, 640]
												REPEAT_CONNECTOR__AND_TIME__TO__V9_SPACE__NONE	REPEAT_CONNECTOR	AND_TIME	TO	V9_SPACE	 time to time	3	2	1	3	[" time", " to", " time"]	[640, 284, 640]
												REPEAT_CONNECTOR__AND_TIME__BY__V9_SPACE__NONE	REPEAT_CONNECTOR	AND_TIME	BY	V9_SPACE	 time by time	3	2	1	3	[" time", " by", " time"]	[640, 416, 640]
												REPEAT_CONNECTOR__AND_TIME__AFTER__V9_SPACE__NONE	REPEAT_CONNECTOR	AND_TIME	AFTER	V9_SPACE	 time after time	3	2	1	3	[" time", " after", " time"]	[640, 706, 640]
												REPEAT_CONNECTOR__AND_TIME__AND__THE_PHRASE__NONE	REPEAT_CONNECTOR	AND_TIME	AND	THE_PHRASE	the phrase time and time	5	4	1	5	["the", " phrase", " time", " and", " time"]	[1169, 9546, 640, 290, 640]
												REPEAT_CONNECTOR__AND_TIME__OR__THE_PHRASE__NONE	REPEAT_CONNECTOR	AND_TIME	OR	THE_PHRASE	the phrase time or time	5	4	1	5	["the", " phrase", " time", " or", " time"]	[1169, 9546, 640, 393, 640]
												REPEAT_CONNECTOR__AND_TIME__TO__THE_PHRASE__NONE	REPEAT_CONNECTOR	AND_TIME	TO	THE_PHRASE	the phrase time to time	5	4	1	5	["the", " phrase", " time", " to", " time"]	[1169, 9546, 640, 284, 640]
												REPEAT_CONNECTOR__AND_TIME__BY__THE_PHRASE__NONE	REPEAT_CONNECTOR	AND_TIME	BY	THE_PHRASE	the phrase time by time	5	4	1	5	["the", " phrase", " time", " by", " time"]	[1169, 9546, 640, 416, 640]
												REPEAT_CONNECTOR__AND_TIME__AFTER__THE_PHRASE__NONE	REPEAT_CONNECTOR	AND_TIME	AFTER	THE_PHRASE	the phrase time after time	5	4	1	5	["the", " phrase", " time", " after", " time"]	[1169, 9546, 640, 706, 640]
												REPEAT_CONNECTOR__AND_TIME__AND__THEY_SAID__NONE	REPEAT_CONNECTOR	AND_TIME	AND	THEY_SAID	they said time and time	5	4	1	5	["they", " said", " time", " and", " time"]	[9930, 531, 640, 290, 640]
												REPEAT_CONNECTOR__AND_TIME__OR__THEY_SAID__NONE	REPEAT_CONNECTOR	AND_TIME	OR	THEY_SAID	they said time or time	5	4	1	5	["they", " said", " time", " or", " time"]	[9930, 531, 640, 393, 640]
												REPEAT_CONNECTOR__AND_TIME__TO__THEY_SAID__NONE	REPEAT_CONNECTOR	AND_TIME	TO	THEY_SAID	they said time to time	5	4	1	5	["they", " said", " time", " to", " time"]	[9930, 531, 640, 284, 640]
												REPEAT_CONNECTOR__AND_TIME__BY__THEY_SAID__NONE	REPEAT_CONNECTOR	AND_TIME	BY	THEY_SAID	they said time by time	5	4	1	5	["they", " said", " time", " by", " time"]	[9930, 531, 640, 416, 640]
												REPEAT_CONNECTOR__AND_TIME__AFTER__THEY_SAID__NONE	REPEAT_CONNECTOR	AND_TIME	AFTER	THEY_SAID	they said time after time	5	4	1	5	["they", " said", " time", " after", " time"]	[9930, 531, 640, 706, 640]
												FRAME_CROSS__TO_HAND__KNOWN_REPEAT__BARE__NONE	FRAME_CROSS	TO_HAND	KNOWN_REPEAT	BARE	hand to hand	3	2	1	3	["hand", " to", " hand"]	[4993, 284, 1021]
												FRAME_CROSS__TO_HAND__KNOWN_RELATED__BARE__NONE	FRAME_CROSS	TO_HAND	KNOWN_RELATED	BARE	hand to foot	3	2	1	3	["hand", " to", " foot"]	[4993, 284, 2366]
												FRAME_CROSS__TO_HAND__KNOWN_ARBITRARY__BARE__NONE	FRAME_CROSS	TO_HAND	KNOWN_ARBITRARY	BARE	hand to ribbon	3	2	1	3	["hand", " to", " ribbon"]	[4993, 284, 29092]
												FRAME_CROSS__TO_HAND__ARBITRARY_KNOWN__BARE__NONE	FRAME_CROSS	TO_HAND	ARBITRARY_KNOWN	BARE	teacup to hand	5	4	1	5	["te", "ac", "up", " to", " hand"]	[660, 330, 929, 284, 1021]
												FRAME_CROSS__TO_HAND__ARBITRARY_REPEAT__BARE__NONE	FRAME_CROSS	TO_HAND	ARBITRARY_REPEAT	BARE	teacup to teacup	7	4	3	7	["te", "ac", "up", " to", " te", "ac", "up"]	[660, 330, 929, 284, 573, 330, 929]
												FRAME_CROSS__TO_HAND__ARBITRARY_DISTINCT__BARE__NONE	FRAME_CROSS	TO_HAND	ARBITRARY_DISTINCT	BARE	teacup to ribbon	5	4	1	5	["te", "ac", "up", " to", " ribbon"]	[660, 330, 929, 284, 29092]
												FRAME_CROSS__TO_HAND__KNOWN_NO_CONNECTOR__BARE__NONE	FRAME_CROSS	TO_HAND	KNOWN_NO_CONNECTOR	BARE	hand hand	2	1	1	2	["hand", " hand"]	[4993, 1021]
												FRAME_CROSS__TO_HAND__ARBITRARY_NO_CONNECTOR__BARE__NONE	FRAME_CROSS	TO_HAND	ARBITRARY_NO_CONNECTOR	BARE	teacup teacup	6	3	3	6	["te", "ac", "up", " te", "ac", "up"]	[660, 330, 929, 573, 330, 929]
												FRAME_CROSS__TO_HAND__KNOWN_REPEAT__V9_SPACE__NONE	FRAME_CROSS	TO_HAND	KNOWN_REPEAT	V9_SPACE	 hand to hand	3	2	1	3	[" hand", " to", " hand"]	[1021, 284, 1021]
												FRAME_CROSS__TO_HAND__KNOWN_RELATED__V9_SPACE__NONE	FRAME_CROSS	TO_HAND	KNOWN_RELATED	V9_SPACE	 hand to foot	3	2	1	3	[" hand", " to", " foot"]	[1021, 284, 2366]
												FRAME_CROSS__TO_HAND__KNOWN_ARBITRARY__V9_SPACE__NONE	FRAME_CROSS	TO_HAND	KNOWN_ARBITRARY	V9_SPACE	 hand to ribbon	3	2	1	3	[" hand", " to", " ribbon"]	[1021, 284, 29092]
												FRAME_CROSS__TO_HAND__ARBITRARY_KNOWN__V9_SPACE__NONE	FRAME_CROSS	TO_HAND	ARBITRARY_KNOWN	V9_SPACE	 teacup to hand	5	4	1	5	[" te", "ac", "up", " to", " hand"]	[573, 330, 929, 284, 1021]
												FRAME_CROSS__TO_HAND__ARBITRARY_REPEAT__V9_SPACE__NONE	FRAME_CROSS	TO_HAND	ARBITRARY_REPEAT	V9_SPACE	 teacup to teacup	7	4	3	7	[" te", "ac", "up", " to", " te", "ac", "up"]	[573, 330, 929, 284, 573, 330, 929]
												FRAME_CROSS__TO_HAND__ARBITRARY_DISTINCT__V9_SPACE__NONE	FRAME_CROSS	TO_HAND	ARBITRARY_DISTINCT	V9_SPACE	 teacup to ribbon	5	4	1	5	[" te", "ac", "up", " to", " ribbon"]	[573, 330, 929, 284, 29092]
												FRAME_CROSS__TO_HAND__KNOWN_NO_CONNECTOR__V9_SPACE__NONE	FRAME_CROSS	TO_HAND	KNOWN_NO_CONNECTOR	V9_SPACE	 hand hand	2	1	1	2	[" hand", " hand"]	[1021, 1021]
												FRAME_CROSS__TO_HAND__ARBITRARY_NO_CONNECTOR__V9_SPACE__NONE	FRAME_CROSS	TO_HAND	ARBITRARY_NO_CONNECTOR	V9_SPACE	 teacup teacup	6	3	3	6	[" te", "ac", "up", " te", "ac", "up"]	[573, 330, 929, 573, 330, 929]
												FRAME_CROSS__TO_HAND__KNOWN_REPEAT__THE_PHRASE__NONE	FRAME_CROSS	TO_HAND	KNOWN_REPEAT	THE_PHRASE	the phrase hand to hand	5	4	1	5	["the", " phrase", " hand", " to", " hand"]	[1169, 9546, 1021, 284, 1021]
												FRAME_CROSS__TO_HAND__KNOWN_RELATED__THE_PHRASE__NONE	FRAME_CROSS	TO_HAND	KNOWN_RELATED	THE_PHRASE	the phrase hand to foot	5	4	1	5	["the", " phrase", " hand", " to", " foot"]	[1169, 9546, 1021, 284, 2366]
												FRAME_CROSS__TO_HAND__KNOWN_ARBITRARY__THE_PHRASE__NONE	FRAME_CROSS	TO_HAND	KNOWN_ARBITRARY	THE_PHRASE	the phrase hand to ribbon	5	4	1	5	["the", " phrase", " hand", " to", " ribbon"]	[1169, 9546, 1021, 284, 29092]
												FRAME_CROSS__TO_HAND__ARBITRARY_KNOWN__THE_PHRASE__NONE	FRAME_CROSS	TO_HAND	ARBITRARY_KNOWN	THE_PHRASE	the phrase teacup to hand	7	6	1	7	["the", " phrase", " te", "ac", "up", " to", " hand"]	[1169, 9546, 573, 330, 929, 284, 1021]
												FRAME_CROSS__TO_HAND__ARBITRARY_REPEAT__THE_PHRASE__NONE	FRAME_CROSS	TO_HAND	ARBITRARY_REPEAT	THE_PHRASE	the phrase teacup to teacup	9	6	3	9	["the", " phrase", " te", "ac", "up", " to", " te", "ac", "up"]	[1169, 9546, 573, 330, 929, 284, 573, 330, 929]
												FRAME_CROSS__TO_HAND__ARBITRARY_DISTINCT__THE_PHRASE__NONE	FRAME_CROSS	TO_HAND	ARBITRARY_DISTINCT	THE_PHRASE	the phrase teacup to ribbon	7	6	1	7	["the", " phrase", " te", "ac", "up", " to", " ribbon"]	[1169, 9546, 573, 330, 929, 284, 29092]
												FRAME_CROSS__TO_HAND__KNOWN_NO_CONNECTOR__THE_PHRASE__NONE	FRAME_CROSS	TO_HAND	KNOWN_NO_CONNECTOR	THE_PHRASE	the phrase hand hand	4	3	1	4	["the", " phrase", " hand", " hand"]	[1169, 9546, 1021, 1021]
												FRAME_CROSS__TO_HAND__ARBITRARY_NO_CONNECTOR__THE_PHRASE__NONE	FRAME_CROSS	TO_HAND	ARBITRARY_NO_CONNECTOR	THE_PHRASE	the phrase teacup teacup	8	5	3	8	["the", " phrase", " te", "ac", "up", " te", "ac", "up"]	[1169, 9546, 573, 330, 929, 573, 330, 929]
												FRAME_CROSS__TO_HAND__KNOWN_REPEAT__THEY_SAID__NONE	FRAME_CROSS	TO_HAND	KNOWN_REPEAT	THEY_SAID	they said hand to hand	5	4	1	5	["they", " said", " hand", " to", " hand"]	[9930, 531, 1021, 284, 1021]
												FRAME_CROSS__TO_HAND__KNOWN_RELATED__THEY_SAID__NONE	FRAME_CROSS	TO_HAND	KNOWN_RELATED	THEY_SAID	they said hand to foot	5	4	1	5	["they", " said", " hand", " to", " foot"]	[9930, 531, 1021, 284, 2366]
												FRAME_CROSS__TO_HAND__KNOWN_ARBITRARY__THEY_SAID__NONE	FRAME_CROSS	TO_HAND	KNOWN_ARBITRARY	THEY_SAID	they said hand to ribbon	5	4	1	5	["they", " said", " hand", " to", " ribbon"]	[9930, 531, 1021, 284, 29092]
												FRAME_CROSS__TO_HAND__ARBITRARY_KNOWN__THEY_SAID__NONE	FRAME_CROSS	TO_HAND	ARBITRARY_KNOWN	THEY_SAID	they said teacup to hand	7	6	1	7	["they", " said", " te", "ac", "up", " to", " hand"]	[9930, 531, 573, 330, 929, 284, 1021]
												FRAME_CROSS__TO_HAND__ARBITRARY_REPEAT__THEY_SAID__NONE	FRAME_CROSS	TO_HAND	ARBITRARY_REPEAT	THEY_SAID	they said teacup to teacup	9	6	3	9	["they", " said", " te", "ac", "up", " to", " te", "ac", "up"]	[9930, 531, 573, 330, 929, 284, 573, 330, 929]
												FRAME_CROSS__TO_HAND__ARBITRARY_DISTINCT__THEY_SAID__NONE	FRAME_CROSS	TO_HAND	ARBITRARY_DISTINCT	THEY_SAID	they said teacup to ribbon	7	6	1	7	["they", " said", " te", "ac", "up", " to", " ribbon"]	[9930, 531, 573, 330, 929, 284, 29092]
												FRAME_CROSS__TO_HAND__KNOWN_NO_CONNECTOR__THEY_SAID__NONE	FRAME_CROSS	TO_HAND	KNOWN_NO_CONNECTOR	THEY_SAID	they said hand hand	4	3	1	4	["they", " said", " hand", " hand"]	[9930, 531, 1021, 1021]
												FRAME_CROSS__TO_HAND__ARBITRARY_NO_CONNECTOR__THEY_SAID__NONE	FRAME_CROSS	TO_HAND	ARBITRARY_NO_CONNECTOR	THEY_SAID	they said teacup teacup	8	5	3	8	["they", " said", " te", "ac", "up", " te", "ac", "up"]	[9930, 531, 573, 330, 929, 573, 330, 929]
												REPEAT_CONNECTOR__TO_HAND__AND__BARE__NONE	REPEAT_CONNECTOR	TO_HAND	AND	BARE	hand and hand	3	2	1	3	["hand", " and", " hand"]	[4993, 290, 1021]
												REPEAT_CONNECTOR__TO_HAND__OR__BARE__NONE	REPEAT_CONNECTOR	TO_HAND	OR	BARE	hand or hand	3	2	1	3	["hand", " or", " hand"]	[4993, 393, 1021]
												REPEAT_CONNECTOR__TO_HAND__TO__BARE__NONE	REPEAT_CONNECTOR	TO_HAND	TO	BARE	hand to hand	3	2	1	3	["hand", " to", " hand"]	[4993, 284, 1021]
												REPEAT_CONNECTOR__TO_HAND__BY__BARE__NONE	REPEAT_CONNECTOR	TO_HAND	BY	BARE	hand by hand	3	2	1	3	["hand", " by", " hand"]	[4993, 416, 1021]
												REPEAT_CONNECTOR__TO_HAND__AFTER__BARE__NONE	REPEAT_CONNECTOR	TO_HAND	AFTER	BARE	hand after hand	3	2	1	3	["hand", " after", " hand"]	[4993, 706, 1021]
												REPEAT_CONNECTOR__TO_HAND__AND__V9_SPACE__NONE	REPEAT_CONNECTOR	TO_HAND	AND	V9_SPACE	 hand and hand	3	2	1	3	[" hand", " and", " hand"]	[1021, 290, 1021]
												REPEAT_CONNECTOR__TO_HAND__OR__V9_SPACE__NONE	REPEAT_CONNECTOR	TO_HAND	OR	V9_SPACE	 hand or hand	3	2	1	3	[" hand", " or", " hand"]	[1021, 393, 1021]
												REPEAT_CONNECTOR__TO_HAND__TO__V9_SPACE__NONE	REPEAT_CONNECTOR	TO_HAND	TO	V9_SPACE	 hand to hand	3	2	1	3	[" hand", " to", " hand"]	[1021, 284, 1021]
												REPEAT_CONNECTOR__TO_HAND__BY__V9_SPACE__NONE	REPEAT_CONNECTOR	TO_HAND	BY	V9_SPACE	 hand by hand	3	2	1	3	[" hand", " by", " hand"]	[1021, 416, 1021]
												REPEAT_CONNECTOR__TO_HAND__AFTER__V9_SPACE__NONE	REPEAT_CONNECTOR	TO_HAND	AFTER	V9_SPACE	 hand after hand	3	2	1	3	[" hand", " after", " hand"]	[1021, 706, 1021]
												REPEAT_CONNECTOR__TO_HAND__AND__THE_PHRASE__NONE	REPEAT_CONNECTOR	TO_HAND	AND	THE_PHRASE	the phrase hand and hand	5	4	1	5	["the", " phrase", " hand", " and", " hand"]	[1169, 9546, 1021, 290, 1021]
												REPEAT_CONNECTOR__TO_HAND__OR__THE_PHRASE__NONE	REPEAT_CONNECTOR	TO_HAND	OR	THE_PHRASE	the phrase hand or hand	5	4	1	5	["the", " phrase", " hand", " or", " hand"]	[1169, 9546, 1021, 393, 1021]
												REPEAT_CONNECTOR__TO_HAND__TO__THE_PHRASE__NONE	REPEAT_CONNECTOR	TO_HAND	TO	THE_PHRASE	the phrase hand to hand	5	4	1	5	["the", " phrase", " hand", " to", " hand"]	[1169, 9546, 1021, 284, 1021]
												REPEAT_CONNECTOR__TO_HAND__BY__THE_PHRASE__NONE	REPEAT_CONNECTOR	TO_HAND	BY	THE_PHRASE	the phrase hand by hand	5	4	1	5	["the", " phrase", " hand", " by", " hand"]	[1169, 9546, 1021, 416, 1021]
												REPEAT_CONNECTOR__TO_HAND__AFTER__THE_PHRASE__NONE	REPEAT_CONNECTOR	TO_HAND	AFTER	THE_PHRASE	the phrase hand after hand	5	4	1	5	["the", " phrase", " hand", " after", " hand"]	[1169, 9546, 1021, 706, 1021]
												REPEAT_CONNECTOR__TO_HAND__AND__THEY_SAID__NONE	REPEAT_CONNECTOR	TO_HAND	AND	THEY_SAID	they said hand and hand	5	4	1	5	["they", " said", " hand", " and", " hand"]	[9930, 531, 1021, 290, 1021]
												REPEAT_CONNECTOR__TO_HAND__OR__THEY_SAID__NONE	REPEAT_CONNECTOR	TO_HAND	OR	THEY_SAID	they said hand or hand	5	4	1	5	["they", " said", " hand", " or", " hand"]	[9930, 531, 1021, 393, 1021]
												REPEAT_CONNECTOR__TO_HAND__TO__THEY_SAID__NONE	REPEAT_CONNECTOR	TO_HAND	TO	THEY_SAID	they said hand to hand	5	4	1	5	["they", " said", " hand", " to", " hand"]	[9930, 531, 1021, 284, 1021]
												REPEAT_CONNECTOR__TO_HAND__BY__THEY_SAID__NONE	REPEAT_CONNECTOR	TO_HAND	BY	THEY_SAID	they said hand by hand	5	4	1	5	["they", " said", " hand", " by", " hand"]	[9930, 531, 1021, 416, 1021]
												REPEAT_CONNECTOR__TO_HAND__AFTER__THEY_SAID__NONE	REPEAT_CONNECTOR	TO_HAND	AFTER	THEY_SAID	they said hand after hand	5	4	1	5	["they", " said", " hand", " after", " hand"]	[9930, 531, 1021, 706, 1021]
												FRAME_CROSS__TO_FACE__KNOWN_REPEAT__BARE__NONE	FRAME_CROSS	TO_FACE	KNOWN_REPEAT	BARE	face to face	3	2	1	3	["face", " to", " face"]	[2550, 284, 1986]
												FRAME_CROSS__TO_FACE__KNOWN_RELATED__BARE__NONE	FRAME_CROSS	TO_FACE	KNOWN_RELATED	BARE	face to back	3	2	1	3	["face", " to", " back"]	[2550, 284, 736]
												FRAME_CROSS__TO_FACE__KNOWN_ARBITRARY__BARE__NONE	FRAME_CROSS	TO_FACE	KNOWN_ARBITRARY	BARE	face to chimney	4	2	2	4	["face", " to", " chim", "ney"]	[2550, 284, 18205, 1681]
												FRAME_CROSS__TO_FACE__ARBITRARY_KNOWN__BARE__NONE	FRAME_CROSS	TO_FACE	ARBITRARY_KNOWN	BARE	anchor to face	4	3	1	4	["anch", "or", " to", " face"]	[3702, 273, 284, 1986]
												FRAME_CROSS__TO_FACE__ARBITRARY_REPEAT__BARE__NONE	FRAME_CROSS	TO_FACE	ARBITRARY_REPEAT	BARE	anchor to anchor	4	3	1	4	["anch", "or", " to", " anchor"]	[3702, 273, 284, 18021]
												FRAME_CROSS__TO_FACE__ARBITRARY_DISTINCT__BARE__NONE	FRAME_CROSS	TO_FACE	ARBITRARY_DISTINCT	BARE	anchor to chimney	5	3	2	5	["anch", "or", " to", " chim", "ney"]	[3702, 273, 284, 18205, 1681]
												FRAME_CROSS__TO_FACE__KNOWN_NO_CONNECTOR__BARE__NONE	FRAME_CROSS	TO_FACE	KNOWN_NO_CONNECTOR	BARE	face face	2	1	1	2	["face", " face"]	[2550, 1986]
												FRAME_CROSS__TO_FACE__ARBITRARY_NO_CONNECTOR__BARE__NONE	FRAME_CROSS	TO_FACE	ARBITRARY_NO_CONNECTOR	BARE	anchor anchor	3	2	1	3	["anch", "or", " anchor"]	[3702, 273, 18021]
												FRAME_CROSS__TO_FACE__KNOWN_REPEAT__V9_SPACE__NONE	FRAME_CROSS	TO_FACE	KNOWN_REPEAT	V9_SPACE	 face to face	3	2	1	3	[" face", " to", " face"]	[1986, 284, 1986]
												FRAME_CROSS__TO_FACE__KNOWN_RELATED__V9_SPACE__NONE	FRAME_CROSS	TO_FACE	KNOWN_RELATED	V9_SPACE	 face to back	3	2	1	3	[" face", " to", " back"]	[1986, 284, 736]
												FRAME_CROSS__TO_FACE__KNOWN_ARBITRARY__V9_SPACE__NONE	FRAME_CROSS	TO_FACE	KNOWN_ARBITRARY	V9_SPACE	 face to chimney	4	2	2	4	[" face", " to", " chim", "ney"]	[1986, 284, 18205, 1681]
												FRAME_CROSS__TO_FACE__ARBITRARY_KNOWN__V9_SPACE__NONE	FRAME_CROSS	TO_FACE	ARBITRARY_KNOWN	V9_SPACE	 anchor to face	3	2	1	3	[" anchor", " to", " face"]	[18021, 284, 1986]
												FRAME_CROSS__TO_FACE__ARBITRARY_REPEAT__V9_SPACE__NONE	FRAME_CROSS	TO_FACE	ARBITRARY_REPEAT	V9_SPACE	 anchor to anchor	3	2	1	3	[" anchor", " to", " anchor"]	[18021, 284, 18021]
												FRAME_CROSS__TO_FACE__ARBITRARY_DISTINCT__V9_SPACE__NONE	FRAME_CROSS	TO_FACE	ARBITRARY_DISTINCT	V9_SPACE	 anchor to chimney	4	2	2	4	[" anchor", " to", " chim", "ney"]	[18021, 284, 18205, 1681]
												FRAME_CROSS__TO_FACE__KNOWN_NO_CONNECTOR__V9_SPACE__NONE	FRAME_CROSS	TO_FACE	KNOWN_NO_CONNECTOR	V9_SPACE	 face face	2	1	1	2	[" face", " face"]	[1986, 1986]
												FRAME_CROSS__TO_FACE__ARBITRARY_NO_CONNECTOR__V9_SPACE__NONE	FRAME_CROSS	TO_FACE	ARBITRARY_NO_CONNECTOR	V9_SPACE	 anchor anchor	2	1	1	2	[" anchor", " anchor"]	[18021, 18021]
												FRAME_CROSS__TO_FACE__KNOWN_REPEAT__THE_PHRASE__NONE	FRAME_CROSS	TO_FACE	KNOWN_REPEAT	THE_PHRASE	the phrase face to face	5	4	1	5	["the", " phrase", " face", " to", " face"]	[1169, 9546, 1986, 284, 1986]
												FRAME_CROSS__TO_FACE__KNOWN_RELATED__THE_PHRASE__NONE	FRAME_CROSS	TO_FACE	KNOWN_RELATED	THE_PHRASE	the phrase face to back	5	4	1	5	["the", " phrase", " face", " to", " back"]	[1169, 9546, 1986, 284, 736]
												FRAME_CROSS__TO_FACE__KNOWN_ARBITRARY__THE_PHRASE__NONE	FRAME_CROSS	TO_FACE	KNOWN_ARBITRARY	THE_PHRASE	the phrase face to chimney	6	4	2	6	["the", " phrase", " face", " to", " chim", "ney"]	[1169, 9546, 1986, 284, 18205, 1681]
												FRAME_CROSS__TO_FACE__ARBITRARY_KNOWN__THE_PHRASE__NONE	FRAME_CROSS	TO_FACE	ARBITRARY_KNOWN	THE_PHRASE	the phrase anchor to face	5	4	1	5	["the", " phrase", " anchor", " to", " face"]	[1169, 9546, 18021, 284, 1986]
												FRAME_CROSS__TO_FACE__ARBITRARY_REPEAT__THE_PHRASE__NONE	FRAME_CROSS	TO_FACE	ARBITRARY_REPEAT	THE_PHRASE	the phrase anchor to anchor	5	4	1	5	["the", " phrase", " anchor", " to", " anchor"]	[1169, 9546, 18021, 284, 18021]
												FRAME_CROSS__TO_FACE__ARBITRARY_DISTINCT__THE_PHRASE__NONE	FRAME_CROSS	TO_FACE	ARBITRARY_DISTINCT	THE_PHRASE	the phrase anchor to chimney	6	4	2	6	["the", " phrase", " anchor", " to", " chim", "ney"]	[1169, 9546, 18021, 284, 18205, 1681]
												FRAME_CROSS__TO_FACE__KNOWN_NO_CONNECTOR__THE_PHRASE__NONE	FRAME_CROSS	TO_FACE	KNOWN_NO_CONNECTOR	THE_PHRASE	the phrase face face	4	3	1	4	["the", " phrase", " face", " face"]	[1169, 9546, 1986, 1986]
												FRAME_CROSS__TO_FACE__ARBITRARY_NO_CONNECTOR__THE_PHRASE__NONE	FRAME_CROSS	TO_FACE	ARBITRARY_NO_CONNECTOR	THE_PHRASE	the phrase anchor anchor	4	3	1	4	["the", " phrase", " anchor", " anchor"]	[1169, 9546, 18021, 18021]
												FRAME_CROSS__TO_FACE__KNOWN_REPEAT__THEY_SAID__NONE	FRAME_CROSS	TO_FACE	KNOWN_REPEAT	THEY_SAID	they said face to face	5	4	1	5	["they", " said", " face", " to", " face"]	[9930, 531, 1986, 284, 1986]
												FRAME_CROSS__TO_FACE__KNOWN_RELATED__THEY_SAID__NONE	FRAME_CROSS	TO_FACE	KNOWN_RELATED	THEY_SAID	they said face to back	5	4	1	5	["they", " said", " face", " to", " back"]	[9930, 531, 1986, 284, 736]
												FRAME_CROSS__TO_FACE__KNOWN_ARBITRARY__THEY_SAID__NONE	FRAME_CROSS	TO_FACE	KNOWN_ARBITRARY	THEY_SAID	they said face to chimney	6	4	2	6	["they", " said", " face", " to", " chim", "ney"]	[9930, 531, 1986, 284, 18205, 1681]
												FRAME_CROSS__TO_FACE__ARBITRARY_KNOWN__THEY_SAID__NONE	FRAME_CROSS	TO_FACE	ARBITRARY_KNOWN	THEY_SAID	they said anchor to face	5	4	1	5	["they", " said", " anchor", " to", " face"]	[9930, 531, 18021, 284, 1986]
												FRAME_CROSS__TO_FACE__ARBITRARY_REPEAT__THEY_SAID__NONE	FRAME_CROSS	TO_FACE	ARBITRARY_REPEAT	THEY_SAID	they said anchor to anchor	5	4	1	5	["they", " said", " anchor", " to", " anchor"]	[9930, 531, 18021, 284, 18021]
												FRAME_CROSS__TO_FACE__ARBITRARY_DISTINCT__THEY_SAID__NONE	FRAME_CROSS	TO_FACE	ARBITRARY_DISTINCT	THEY_SAID	they said anchor to chimney	6	4	2	6	["they", " said", " anchor", " to", " chim", "ney"]	[9930, 531, 18021, 284, 18205, 1681]
												FRAME_CROSS__TO_FACE__KNOWN_NO_CONNECTOR__THEY_SAID__NONE	FRAME_CROSS	TO_FACE	KNOWN_NO_CONNECTOR	THEY_SAID	they said face face	4	3	1	4	["they", " said", " face", " face"]	[9930, 531, 1986, 1986]
												FRAME_CROSS__TO_FACE__ARBITRARY_NO_CONNECTOR__THEY_SAID__NONE	FRAME_CROSS	TO_FACE	ARBITRARY_NO_CONNECTOR	THEY_SAID	they said anchor anchor	4	3	1	4	["they", " said", " anchor", " anchor"]	[9930, 531, 18021, 18021]
												REPEAT_CONNECTOR__TO_FACE__AND__BARE__NONE	REPEAT_CONNECTOR	TO_FACE	AND	BARE	face and face	3	2	1	3	["face", " and", " face"]	[2550, 290, 1986]
												REPEAT_CONNECTOR__TO_FACE__OR__BARE__NONE	REPEAT_CONNECTOR	TO_FACE	OR	BARE	face or face	3	2	1	3	["face", " or", " face"]	[2550, 393, 1986]
												REPEAT_CONNECTOR__TO_FACE__TO__BARE__NONE	REPEAT_CONNECTOR	TO_FACE	TO	BARE	face to face	3	2	1	3	["face", " to", " face"]	[2550, 284, 1986]
												REPEAT_CONNECTOR__TO_FACE__BY__BARE__NONE	REPEAT_CONNECTOR	TO_FACE	BY	BARE	face by face	3	2	1	3	["face", " by", " face"]	[2550, 416, 1986]
												REPEAT_CONNECTOR__TO_FACE__AFTER__BARE__NONE	REPEAT_CONNECTOR	TO_FACE	AFTER	BARE	face after face	3	2	1	3	["face", " after", " face"]	[2550, 706, 1986]
												REPEAT_CONNECTOR__TO_FACE__AND__V9_SPACE__NONE	REPEAT_CONNECTOR	TO_FACE	AND	V9_SPACE	 face and face	3	2	1	3	[" face", " and", " face"]	[1986, 290, 1986]
												REPEAT_CONNECTOR__TO_FACE__OR__V9_SPACE__NONE	REPEAT_CONNECTOR	TO_FACE	OR	V9_SPACE	 face or face	3	2	1	3	[" face", " or", " face"]	[1986, 393, 1986]
												REPEAT_CONNECTOR__TO_FACE__TO__V9_SPACE__NONE	REPEAT_CONNECTOR	TO_FACE	TO	V9_SPACE	 face to face	3	2	1	3	[" face", " to", " face"]	[1986, 284, 1986]
												REPEAT_CONNECTOR__TO_FACE__BY__V9_SPACE__NONE	REPEAT_CONNECTOR	TO_FACE	BY	V9_SPACE	 face by face	3	2	1	3	[" face", " by", " face"]	[1986, 416, 1986]
												REPEAT_CONNECTOR__TO_FACE__AFTER__V9_SPACE__NONE	REPEAT_CONNECTOR	TO_FACE	AFTER	V9_SPACE	 face after face	3	2	1	3	[" face", " after", " face"]	[1986, 706, 1986]
												REPEAT_CONNECTOR__TO_FACE__AND__THE_PHRASE__NONE	REPEAT_CONNECTOR	TO_FACE	AND	THE_PHRASE	the phrase face and face	5	4	1	5	["the", " phrase", " face", " and", " face"]	[1169, 9546, 1986, 290, 1986]
												REPEAT_CONNECTOR__TO_FACE__OR__THE_PHRASE__NONE	REPEAT_CONNECTOR	TO_FACE	OR	THE_PHRASE	the phrase face or face	5	4	1	5	["the", " phrase", " face", " or", " face"]	[1169, 9546, 1986, 393, 1986]
												REPEAT_CONNECTOR__TO_FACE__TO__THE_PHRASE__NONE	REPEAT_CONNECTOR	TO_FACE	TO	THE_PHRASE	the phrase face to face	5	4	1	5	["the", " phrase", " face", " to", " face"]	[1169, 9546, 1986, 284, 1986]
												REPEAT_CONNECTOR__TO_FACE__BY__THE_PHRASE__NONE	REPEAT_CONNECTOR	TO_FACE	BY	THE_PHRASE	the phrase face by face	5	4	1	5	["the", " phrase", " face", " by", " face"]	[1169, 9546, 1986, 416, 1986]
												REPEAT_CONNECTOR__TO_FACE__AFTER__THE_PHRASE__NONE	REPEAT_CONNECTOR	TO_FACE	AFTER	THE_PHRASE	the phrase face after face	5	4	1	5	["the", " phrase", " face", " after", " face"]	[1169, 9546, 1986, 706, 1986]
												REPEAT_CONNECTOR__TO_FACE__AND__THEY_SAID__NONE	REPEAT_CONNECTOR	TO_FACE	AND	THEY_SAID	they said face and face	5	4	1	5	["they", " said", " face", " and", " face"]	[9930, 531, 1986, 290, 1986]
												REPEAT_CONNECTOR__TO_FACE__OR__THEY_SAID__NONE	REPEAT_CONNECTOR	TO_FACE	OR	THEY_SAID	they said face or face	5	4	1	5	["they", " said", " face", " or", " face"]	[9930, 531, 1986, 393, 1986]
												REPEAT_CONNECTOR__TO_FACE__TO__THEY_SAID__NONE	REPEAT_CONNECTOR	TO_FACE	TO	THEY_SAID	they said face to face	5	4	1	5	["they", " said", " face", " to", " face"]	[9930, 531, 1986, 284, 1986]
												REPEAT_CONNECTOR__TO_FACE__BY__THEY_SAID__NONE	REPEAT_CONNECTOR	TO_FACE	BY	THEY_SAID	they said face by face	5	4	1	5	["they", " said", " face", " by", " face"]	[9930, 531, 1986, 416, 1986]
												REPEAT_CONNECTOR__TO_FACE__AFTER__THEY_SAID__NONE	REPEAT_CONNECTOR	TO_FACE	AFTER	THEY_SAID	they said face after face	5	4	1	5	["they", " said", " face", " after", " face"]	[9930, 531, 1986, 706, 1986]
												FRAME_CROSS__TO_SHOULDER__KNOWN_REPEAT__BARE__NONE	FRAME_CROSS	TO_SHOULDER	KNOWN_REPEAT	BARE	shoulder to shoulder	4	3	1	4	["sh", "oulder", " to", " shoulder"]	[1477, 17601, 284, 8163]
												FRAME_CROSS__TO_SHOULDER__KNOWN_RELATED__BARE__NONE	FRAME_CROSS	TO_SHOULDER	KNOWN_RELATED	BARE	shoulder to knee	4	3	1	4	["sh", "oulder", " to", " knee"]	[1477, 17601, 284, 10329]
												FRAME_CROSS__TO_SHOULDER__KNOWN_ARBITRARY__BARE__NONE	FRAME_CROSS	TO_SHOULDER	KNOWN_ARBITRARY	BARE	shoulder to garden	4	3	1	4	["sh", "oulder", " to", " garden"]	[1477, 17601, 284, 11376]
												FRAME_CROSS__TO_SHOULDER__ARBITRARY_KNOWN__BARE__NONE	FRAME_CROSS	TO_SHOULDER	ARBITRARY_KNOWN	BARE	copper to shoulder	4	3	1	4	["co", "pper", " to", " shoulder"]	[1073, 2848, 284, 8163]
												FRAME_CROSS__TO_SHOULDER__ARBITRARY_REPEAT__BARE__NONE	FRAME_CROSS	TO_SHOULDER	ARBITRARY_REPEAT	BARE	copper to copper	4	3	1	4	["co", "pper", " to", " copper"]	[1073, 2848, 284, 15317]
												FRAME_CROSS__TO_SHOULDER__ARBITRARY_DISTINCT__BARE__NONE	FRAME_CROSS	TO_SHOULDER	ARBITRARY_DISTINCT	BARE	copper to garden	4	3	1	4	["co", "pper", " to", " garden"]	[1073, 2848, 284, 11376]
												FRAME_CROSS__TO_SHOULDER__KNOWN_NO_CONNECTOR__BARE__NONE	FRAME_CROSS	TO_SHOULDER	KNOWN_NO_CONNECTOR	BARE	shoulder shoulder	3	2	1	3	["sh", "oulder", " shoulder"]	[1477, 17601, 8163]
												FRAME_CROSS__TO_SHOULDER__ARBITRARY_NO_CONNECTOR__BARE__NONE	FRAME_CROSS	TO_SHOULDER	ARBITRARY_NO_CONNECTOR	BARE	copper copper	3	2	1	3	["co", "pper", " copper"]	[1073, 2848, 15317]
												FRAME_CROSS__TO_SHOULDER__KNOWN_REPEAT__V9_SPACE__NONE	FRAME_CROSS	TO_SHOULDER	KNOWN_REPEAT	V9_SPACE	 shoulder to shoulder	3	2	1	3	[" shoulder", " to", " shoulder"]	[8163, 284, 8163]
												FRAME_CROSS__TO_SHOULDER__KNOWN_RELATED__V9_SPACE__NONE	FRAME_CROSS	TO_SHOULDER	KNOWN_RELATED	V9_SPACE	 shoulder to knee	3	2	1	3	[" shoulder", " to", " knee"]	[8163, 284, 10329]
												FRAME_CROSS__TO_SHOULDER__KNOWN_ARBITRARY__V9_SPACE__NONE	FRAME_CROSS	TO_SHOULDER	KNOWN_ARBITRARY	V9_SPACE	 shoulder to garden	3	2	1	3	[" shoulder", " to", " garden"]	[8163, 284, 11376]
												FRAME_CROSS__TO_SHOULDER__ARBITRARY_KNOWN__V9_SPACE__NONE	FRAME_CROSS	TO_SHOULDER	ARBITRARY_KNOWN	V9_SPACE	 copper to shoulder	3	2	1	3	[" copper", " to", " shoulder"]	[15317, 284, 8163]
												FRAME_CROSS__TO_SHOULDER__ARBITRARY_REPEAT__V9_SPACE__NONE	FRAME_CROSS	TO_SHOULDER	ARBITRARY_REPEAT	V9_SPACE	 copper to copper	3	2	1	3	[" copper", " to", " copper"]	[15317, 284, 15317]
												FRAME_CROSS__TO_SHOULDER__ARBITRARY_DISTINCT__V9_SPACE__NONE	FRAME_CROSS	TO_SHOULDER	ARBITRARY_DISTINCT	V9_SPACE	 copper to garden	3	2	1	3	[" copper", " to", " garden"]	[15317, 284, 11376]
												FRAME_CROSS__TO_SHOULDER__KNOWN_NO_CONNECTOR__V9_SPACE__NONE	FRAME_CROSS	TO_SHOULDER	KNOWN_NO_CONNECTOR	V9_SPACE	 shoulder shoulder	2	1	1	2	[" shoulder", " shoulder"]	[8163, 8163]
												FRAME_CROSS__TO_SHOULDER__ARBITRARY_NO_CONNECTOR__V9_SPACE__NONE	FRAME_CROSS	TO_SHOULDER	ARBITRARY_NO_CONNECTOR	V9_SPACE	 copper copper	2	1	1	2	[" copper", " copper"]	[15317, 15317]
												FRAME_CROSS__TO_SHOULDER__KNOWN_REPEAT__THE_PHRASE__NONE	FRAME_CROSS	TO_SHOULDER	KNOWN_REPEAT	THE_PHRASE	the phrase shoulder to shoulder	5	4	1	5	["the", " phrase", " shoulder", " to", " shoulder"]	[1169, 9546, 8163, 284, 8163]
												FRAME_CROSS__TO_SHOULDER__KNOWN_RELATED__THE_PHRASE__NONE	FRAME_CROSS	TO_SHOULDER	KNOWN_RELATED	THE_PHRASE	the phrase shoulder to knee	5	4	1	5	["the", " phrase", " shoulder", " to", " knee"]	[1169, 9546, 8163, 284, 10329]
												FRAME_CROSS__TO_SHOULDER__KNOWN_ARBITRARY__THE_PHRASE__NONE	FRAME_CROSS	TO_SHOULDER	KNOWN_ARBITRARY	THE_PHRASE	the phrase shoulder to garden	5	4	1	5	["the", " phrase", " shoulder", " to", " garden"]	[1169, 9546, 8163, 284, 11376]
												FRAME_CROSS__TO_SHOULDER__ARBITRARY_KNOWN__THE_PHRASE__NONE	FRAME_CROSS	TO_SHOULDER	ARBITRARY_KNOWN	THE_PHRASE	the phrase copper to shoulder	5	4	1	5	["the", " phrase", " copper", " to", " shoulder"]	[1169, 9546, 15317, 284, 8163]
												FRAME_CROSS__TO_SHOULDER__ARBITRARY_REPEAT__THE_PHRASE__NONE	FRAME_CROSS	TO_SHOULDER	ARBITRARY_REPEAT	THE_PHRASE	the phrase copper to copper	5	4	1	5	["the", " phrase", " copper", " to", " copper"]	[1169, 9546, 15317, 284, 15317]
												FRAME_CROSS__TO_SHOULDER__ARBITRARY_DISTINCT__THE_PHRASE__NONE	FRAME_CROSS	TO_SHOULDER	ARBITRARY_DISTINCT	THE_PHRASE	the phrase copper to garden	5	4	1	5	["the", " phrase", " copper", " to", " garden"]	[1169, 9546, 15317, 284, 11376]
												FRAME_CROSS__TO_SHOULDER__KNOWN_NO_CONNECTOR__THE_PHRASE__NONE	FRAME_CROSS	TO_SHOULDER	KNOWN_NO_CONNECTOR	THE_PHRASE	the phrase shoulder shoulder	4	3	1	4	["the", " phrase", " shoulder", " shoulder"]	[1169, 9546, 8163, 8163]
												FRAME_CROSS__TO_SHOULDER__ARBITRARY_NO_CONNECTOR__THE_PHRASE__NONE	FRAME_CROSS	TO_SHOULDER	ARBITRARY_NO_CONNECTOR	THE_PHRASE	the phrase copper copper	4	3	1	4	["the", " phrase", " copper", " copper"]	[1169, 9546, 15317, 15317]
												FRAME_CROSS__TO_SHOULDER__KNOWN_REPEAT__THEY_SAID__NONE	FRAME_CROSS	TO_SHOULDER	KNOWN_REPEAT	THEY_SAID	they said shoulder to shoulder	5	4	1	5	["they", " said", " shoulder", " to", " shoulder"]	[9930, 531, 8163, 284, 8163]
												FRAME_CROSS__TO_SHOULDER__KNOWN_RELATED__THEY_SAID__NONE	FRAME_CROSS	TO_SHOULDER	KNOWN_RELATED	THEY_SAID	they said shoulder to knee	5	4	1	5	["they", " said", " shoulder", " to", " knee"]	[9930, 531, 8163, 284, 10329]
												FRAME_CROSS__TO_SHOULDER__KNOWN_ARBITRARY__THEY_SAID__NONE	FRAME_CROSS	TO_SHOULDER	KNOWN_ARBITRARY	THEY_SAID	they said shoulder to garden	5	4	1	5	["they", " said", " shoulder", " to", " garden"]	[9930, 531, 8163, 284, 11376]
												FRAME_CROSS__TO_SHOULDER__ARBITRARY_KNOWN__THEY_SAID__NONE	FRAME_CROSS	TO_SHOULDER	ARBITRARY_KNOWN	THEY_SAID	they said copper to shoulder	5	4	1	5	["they", " said", " copper", " to", " shoulder"]	[9930, 531, 15317, 284, 8163]
												FRAME_CROSS__TO_SHOULDER__ARBITRARY_REPEAT__THEY_SAID__NONE	FRAME_CROSS	TO_SHOULDER	ARBITRARY_REPEAT	THEY_SAID	they said copper to copper	5	4	1	5	["they", " said", " copper", " to", " copper"]	[9930, 531, 15317, 284, 15317]
												FRAME_CROSS__TO_SHOULDER__ARBITRARY_DISTINCT__THEY_SAID__NONE	FRAME_CROSS	TO_SHOULDER	ARBITRARY_DISTINCT	THEY_SAID	they said copper to garden	5	4	1	5	["they", " said", " copper", " to", " garden"]	[9930, 531, 15317, 284, 11376]
												FRAME_CROSS__TO_SHOULDER__KNOWN_NO_CONNECTOR__THEY_SAID__NONE	FRAME_CROSS	TO_SHOULDER	KNOWN_NO_CONNECTOR	THEY_SAID	they said shoulder shoulder	4	3	1	4	["they", " said", " shoulder", " shoulder"]	[9930, 531, 8163, 8163]
												FRAME_CROSS__TO_SHOULDER__ARBITRARY_NO_CONNECTOR__THEY_SAID__NONE	FRAME_CROSS	TO_SHOULDER	ARBITRARY_NO_CONNECTOR	THEY_SAID	they said copper copper	4	3	1	4	["they", " said", " copper", " copper"]	[9930, 531, 15317, 15317]
												REPEAT_CONNECTOR__TO_SHOULDER__AND__BARE__NONE	REPEAT_CONNECTOR	TO_SHOULDER	AND	BARE	shoulder and shoulder	4	3	1	4	["sh", "oulder", " and", " shoulder"]	[1477, 17601, 290, 8163]
												REPEAT_CONNECTOR__TO_SHOULDER__OR__BARE__NONE	REPEAT_CONNECTOR	TO_SHOULDER	OR	BARE	shoulder or shoulder	4	3	1	4	["sh", "oulder", " or", " shoulder"]	[1477, 17601, 393, 8163]
												REPEAT_CONNECTOR__TO_SHOULDER__TO__BARE__NONE	REPEAT_CONNECTOR	TO_SHOULDER	TO	BARE	shoulder to shoulder	4	3	1	4	["sh", "oulder", " to", " shoulder"]	[1477, 17601, 284, 8163]
												REPEAT_CONNECTOR__TO_SHOULDER__BY__BARE__NONE	REPEAT_CONNECTOR	TO_SHOULDER	BY	BARE	shoulder by shoulder	4	3	1	4	["sh", "oulder", " by", " shoulder"]	[1477, 17601, 416, 8163]
												REPEAT_CONNECTOR__TO_SHOULDER__AFTER__BARE__NONE	REPEAT_CONNECTOR	TO_SHOULDER	AFTER	BARE	shoulder after shoulder	4	3	1	4	["sh", "oulder", " after", " shoulder"]	[1477, 17601, 706, 8163]
												REPEAT_CONNECTOR__TO_SHOULDER__AND__V9_SPACE__NONE	REPEAT_CONNECTOR	TO_SHOULDER	AND	V9_SPACE	 shoulder and shoulder	3	2	1	3	[" shoulder", " and", " shoulder"]	[8163, 290, 8163]
												REPEAT_CONNECTOR__TO_SHOULDER__OR__V9_SPACE__NONE	REPEAT_CONNECTOR	TO_SHOULDER	OR	V9_SPACE	 shoulder or shoulder	3	2	1	3	[" shoulder", " or", " shoulder"]	[8163, 393, 8163]
												REPEAT_CONNECTOR__TO_SHOULDER__TO__V9_SPACE__NONE	REPEAT_CONNECTOR	TO_SHOULDER	TO	V9_SPACE	 shoulder to shoulder	3	2	1	3	[" shoulder", " to", " shoulder"]	[8163, 284, 8163]
												REPEAT_CONNECTOR__TO_SHOULDER__BY__V9_SPACE__NONE	REPEAT_CONNECTOR	TO_SHOULDER	BY	V9_SPACE	 shoulder by shoulder	3	2	1	3	[" shoulder", " by", " shoulder"]	[8163, 416, 8163]
												REPEAT_CONNECTOR__TO_SHOULDER__AFTER__V9_SPACE__NONE	REPEAT_CONNECTOR	TO_SHOULDER	AFTER	V9_SPACE	 shoulder after shoulder	3	2	1	3	[" shoulder", " after", " shoulder"]	[8163, 706, 8163]
												REPEAT_CONNECTOR__TO_SHOULDER__AND__THE_PHRASE__NONE	REPEAT_CONNECTOR	TO_SHOULDER	AND	THE_PHRASE	the phrase shoulder and shoulder	5	4	1	5	["the", " phrase", " shoulder", " and", " shoulder"]	[1169, 9546, 8163, 290, 8163]
												REPEAT_CONNECTOR__TO_SHOULDER__OR__THE_PHRASE__NONE	REPEAT_CONNECTOR	TO_SHOULDER	OR	THE_PHRASE	the phrase shoulder or shoulder	5	4	1	5	["the", " phrase", " shoulder", " or", " shoulder"]	[1169, 9546, 8163, 393, 8163]
												REPEAT_CONNECTOR__TO_SHOULDER__TO__THE_PHRASE__NONE	REPEAT_CONNECTOR	TO_SHOULDER	TO	THE_PHRASE	the phrase shoulder to shoulder	5	4	1	5	["the", " phrase", " shoulder", " to", " shoulder"]	[1169, 9546, 8163, 284, 8163]
												REPEAT_CONNECTOR__TO_SHOULDER__BY__THE_PHRASE__NONE	REPEAT_CONNECTOR	TO_SHOULDER	BY	THE_PHRASE	the phrase shoulder by shoulder	5	4	1	5	["the", " phrase", " shoulder", " by", " shoulder"]	[1169, 9546, 8163, 416, 8163]
												REPEAT_CONNECTOR__TO_SHOULDER__AFTER__THE_PHRASE__NONE	REPEAT_CONNECTOR	TO_SHOULDER	AFTER	THE_PHRASE	the phrase shoulder after shoulder	5	4	1	5	["the", " phrase", " shoulder", " after", " shoulder"]	[1169, 9546, 8163, 706, 8163]
												REPEAT_CONNECTOR__TO_SHOULDER__AND__THEY_SAID__NONE	REPEAT_CONNECTOR	TO_SHOULDER	AND	THEY_SAID	they said shoulder and shoulder	5	4	1	5	["they", " said", " shoulder", " and", " shoulder"]	[9930, 531, 8163, 290, 8163]
												REPEAT_CONNECTOR__TO_SHOULDER__OR__THEY_SAID__NONE	REPEAT_CONNECTOR	TO_SHOULDER	OR	THEY_SAID	they said shoulder or shoulder	5	4	1	5	["they", " said", " shoulder", " or", " shoulder"]	[9930, 531, 8163, 393, 8163]
												REPEAT_CONNECTOR__TO_SHOULDER__TO__THEY_SAID__NONE	REPEAT_CONNECTOR	TO_SHOULDER	TO	THEY_SAID	they said shoulder to shoulder	5	4	1	5	["they", " said", " shoulder", " to", " shoulder"]	[9930, 531, 8163, 284, 8163]
												REPEAT_CONNECTOR__TO_SHOULDER__BY__THEY_SAID__NONE	REPEAT_CONNECTOR	TO_SHOULDER	BY	THEY_SAID	they said shoulder by shoulder	5	4	1	5	["they", " said", " shoulder", " by", " shoulder"]	[9930, 531, 8163, 416, 8163]
												REPEAT_CONNECTOR__TO_SHOULDER__AFTER__THEY_SAID__NONE	REPEAT_CONNECTOR	TO_SHOULDER	AFTER	THEY_SAID	they said shoulder after shoulder	5	4	1	5	["they", " said", " shoulder", " after", " shoulder"]	[9930, 531, 8163, 706, 8163]
												PRONOMINAL_RECURRENCE__PRONOMINAL__ONE_AFTER_ANOTHER__BARE__NONE	PRONOMINAL_RECURRENCE	PRONOMINAL	ONE_AFTER_ANOTHER	BARE	one after another	3	2	1	3	["one", " after", " another"]	[505, 706, 1194]
												PRONOMINAL_RECURRENCE__PRONOMINAL__ONE_AFTER_ANOTHER__V9_SPACE__NONE	PRONOMINAL_RECURRENCE	PRONOMINAL	ONE_AFTER_ANOTHER	V9_SPACE	 one after another	3	2	1	3	[" one", " after", " another"]	[530, 706, 1194]
												PRONOMINAL_RECURRENCE__PRONOMINAL__ONE_AFTER_ANOTHER__THE_PHRASE__NONE	PRONOMINAL_RECURRENCE	PRONOMINAL	ONE_AFTER_ANOTHER	THE_PHRASE	the phrase one after another	5	4	1	5	["the", " phrase", " one", " after", " another"]	[1169, 9546, 530, 706, 1194]
												PRONOMINAL_RECURRENCE__PRONOMINAL__ONE_AFTER_ANOTHER__THEY_SAID__NONE	PRONOMINAL_RECURRENCE	PRONOMINAL	ONE_AFTER_ANOTHER	THEY_SAID	they said one after another	5	4	1	5	["they", " said", " one", " after", " another"]	[9930, 531, 530, 706, 1194]
												PRONOMINAL_RECURRENCE__PRONOMINAL__ONE_AFTER_THE_OTHER__BARE__NONE	PRONOMINAL_RECURRENCE	PRONOMINAL	ONE_AFTER_THE_OTHER	BARE	one after the other	4	3	1	4	["one", " after", " the", " other"]	[505, 706, 262, 584]
												PRONOMINAL_RECURRENCE__PRONOMINAL__ONE_AFTER_THE_OTHER__V9_SPACE__NONE	PRONOMINAL_RECURRENCE	PRONOMINAL	ONE_AFTER_THE_OTHER	V9_SPACE	 one after the other	4	3	1	4	[" one", " after", " the", " other"]	[530, 706, 262, 584]
												PRONOMINAL_RECURRENCE__PRONOMINAL__ONE_AFTER_THE_OTHER__THE_PHRASE__NONE	PRONOMINAL_RECURRENCE	PRONOMINAL	ONE_AFTER_THE_OTHER	THE_PHRASE	the phrase one after the other	6	5	1	6	["the", " phrase", " one", " after", " the", " other"]	[1169, 9546, 530, 706, 262, 584]
												PRONOMINAL_RECURRENCE__PRONOMINAL__ONE_AFTER_THE_OTHER__THEY_SAID__NONE	PRONOMINAL_RECURRENCE	PRONOMINAL	ONE_AFTER_THE_OTHER	THEY_SAID	they said one after the other	6	5	1	6	["they", " said", " one", " after", " the", " other"]	[9930, 531, 530, 706, 262, 584]
												PRONOMINAL_RECURRENCE__PRONOMINAL__ONE_AFTER_ONE__BARE__NONE	PRONOMINAL_RECURRENCE	PRONOMINAL	ONE_AFTER_ONE	BARE	one after one	3	2	1	3	["one", " after", " one"]	[505, 706, 530]
												PRONOMINAL_RECURRENCE__PRONOMINAL__ONE_AFTER_ONE__V9_SPACE__NONE	PRONOMINAL_RECURRENCE	PRONOMINAL	ONE_AFTER_ONE	V9_SPACE	 one after one	3	2	1	3	[" one", " after", " one"]	[530, 706, 530]
												PRONOMINAL_RECURRENCE__PRONOMINAL__ONE_AFTER_ONE__THE_PHRASE__NONE	PRONOMINAL_RECURRENCE	PRONOMINAL	ONE_AFTER_ONE	THE_PHRASE	the phrase one after one	5	4	1	5	["the", " phrase", " one", " after", " one"]	[1169, 9546, 530, 706, 530]
												PRONOMINAL_RECURRENCE__PRONOMINAL__ONE_AFTER_ONE__THEY_SAID__NONE	PRONOMINAL_RECURRENCE	PRONOMINAL	ONE_AFTER_ONE	THEY_SAID	they said one after one	5	4	1	5	["they", " said", " one", " after", " one"]	[9930, 531, 530, 706, 530]
												PRONOMINAL_RECURRENCE__PRONOMINAL__ONE_AND_ANOTHER__BARE__NONE	PRONOMINAL_RECURRENCE	PRONOMINAL	ONE_AND_ANOTHER	BARE	one and another	3	2	1	3	["one", " and", " another"]	[505, 290, 1194]
												PRONOMINAL_RECURRENCE__PRONOMINAL__ONE_AND_ANOTHER__V9_SPACE__NONE	PRONOMINAL_RECURRENCE	PRONOMINAL	ONE_AND_ANOTHER	V9_SPACE	 one and another	3	2	1	3	[" one", " and", " another"]	[530, 290, 1194]
												PRONOMINAL_RECURRENCE__PRONOMINAL__ONE_AND_ANOTHER__THE_PHRASE__NONE	PRONOMINAL_RECURRENCE	PRONOMINAL	ONE_AND_ANOTHER	THE_PHRASE	the phrase one and another	5	4	1	5	["the", " phrase", " one", " and", " another"]	[1169, 9546, 530, 290, 1194]
												PRONOMINAL_RECURRENCE__PRONOMINAL__ONE_AND_ANOTHER__THEY_SAID__NONE	PRONOMINAL_RECURRENCE	PRONOMINAL	ONE_AND_ANOTHER	THEY_SAID	they said one and another	5	4	1	5	["they", " said", " one", " and", " another"]	[9930, 531, 530, 290, 1194]
												PRONOMINAL_RECURRENCE__PRONOMINAL__ONE_ANOTHER__BARE__NONE	PRONOMINAL_RECURRENCE	PRONOMINAL	ONE_ANOTHER	BARE	one another	2	1	1	2	["one", " another"]	[505, 1194]
												PRONOMINAL_RECURRENCE__PRONOMINAL__ONE_ANOTHER__V9_SPACE__NONE	PRONOMINAL_RECURRENCE	PRONOMINAL	ONE_ANOTHER	V9_SPACE	 one another	2	1	1	2	[" one", " another"]	[530, 1194]
												PRONOMINAL_RECURRENCE__PRONOMINAL__ONE_ANOTHER__THE_PHRASE__NONE	PRONOMINAL_RECURRENCE	PRONOMINAL	ONE_ANOTHER	THE_PHRASE	the phrase one another	4	3	1	4	["the", " phrase", " one", " another"]	[1169, 9546, 530, 1194]
												PRONOMINAL_RECURRENCE__PRONOMINAL__ONE_ANOTHER__THEY_SAID__NONE	PRONOMINAL_RECURRENCE	PRONOMINAL	ONE_ANOTHER	THEY_SAID	they said one another	4	3	1	4	["they", " said", " one", " another"]	[9930, 531, 530, 1194]
												PRONOMINAL_RECURRENCE__PRONOMINAL__GRAVEL_AFTER_ANOTHER__BARE__NONE	PRONOMINAL_RECURRENCE	PRONOMINAL	GRAVEL_AFTER_ANOTHER	BARE	gravel after another	4	3	1	4	["g", "ravel", " after", " another"]	[70, 25843, 706, 1194]
												PRONOMINAL_RECURRENCE__PRONOMINAL__GRAVEL_AFTER_ANOTHER__V9_SPACE__NONE	PRONOMINAL_RECURRENCE	PRONOMINAL	GRAVEL_AFTER_ANOTHER	V9_SPACE	 gravel after another	3	2	1	3	[" gravel", " after", " another"]	[34375, 706, 1194]
												PRONOMINAL_RECURRENCE__PRONOMINAL__GRAVEL_AFTER_ANOTHER__THE_PHRASE__NONE	PRONOMINAL_RECURRENCE	PRONOMINAL	GRAVEL_AFTER_ANOTHER	THE_PHRASE	the phrase gravel after another	5	4	1	5	["the", " phrase", " gravel", " after", " another"]	[1169, 9546, 34375, 706, 1194]
												PRONOMINAL_RECURRENCE__PRONOMINAL__GRAVEL_AFTER_ANOTHER__THEY_SAID__NONE	PRONOMINAL_RECURRENCE	PRONOMINAL	GRAVEL_AFTER_ANOTHER	THEY_SAID	they said gravel after another	5	4	1	5	["they", " said", " gravel", " after", " another"]	[9930, 531, 34375, 706, 1194]
												CARRIER_CONTROL__THE_PHRASE	CARRIER_CONTROL	THE_PHRASE	CARRIER_ONLY	THE_PHRASE	the phrase	2	1	1	2	["the", " phrase"]	[1169, 9546]
												CARRIER_CONTROL__THEY_SAID	CARRIER_CONTROL	THEY_SAID	CARRIER_ONLY	THEY_SAID	they said	2	1	1	2	["they", " said"]	[9930, 531]
