# generated_utc	2026-08-14T18:47:54+00:00
# script	probe_v10.py
# python	3.11.15
# torch	2.9.0+cu128
# transformers	4.57.1
# device	cuda:0
# gpu	NVIDIA GeForce RTX 5060 Laptop GPU
# revision	607a30d783dfa663caf39e06633721c8d4cfcd7e
# layer	5
# tf32_matmul	False
# tf32_cudnn	False
# theta_sha256	113687a222f8cf98039222c27b39aaf716493e5e8c1db94ea4e6544e0814088c
# n_rows	2596
case_id	branch	seed_id	variant	carrier_id	string	pos	token	token_id	is_second_member_token	is_completion_token	raw_541	running_541	running_leader	running_margin	raw_top5
CORE_FACTORIAL__UP_DOWN__CC__BARE__NONE	CORE_FACTORIAL	UP_DOWN	CC	BARE	up and down	0	<BOS>	50256	0	0	-0.000102	-0.000102	2256	0.796686	[[2256, 2.36087], [1888, 1.564183], [2787, 0.893099], [1450, 0.853876], [1048, 0.848868]]
CORE_FACTORIAL__UP_DOWN__CC__BARE__NONE	CORE_FACTORIAL	UP_DOWN	CC	BARE	up and down	1	up	929	0	0	-0.087442	-0.000102	1790	0.085894	[[1790, 2.853053], [1888, 2.767158], [654, 1.632336], [1998, 1.537572], [2588, 1.340617]]
CORE_FACTORIAL__UP_DOWN__CC__BARE__NONE	CORE_FACTORIAL	UP_DOWN	CC	BARE	up and down	2	 and	290	0	0	-0.056431	-0.000102	1790	0.085894	[[62, 2.662341], [2229, 2.113837], [2664, 1.807616], [2973, 1.751245], [1011, 1.627674]]
CORE_FACTORIAL__UP_DOWN__CC__BARE__NONE	CORE_FACTORIAL	UP_DOWN	CC	BARE	up and down	3	 down	866	1	1	4.121797	4.121797	541	1.122365	[[541, 4.121797], [2659, 2.999432], [2898, 2.155427], [2753, 2.009839], [1691, 1.707379]]
CORE_FACTORIAL__UP_DOWN__CA__BARE__NONE	CORE_FACTORIAL	UP_DOWN	CA	BARE	up and window	0	<BOS>	50256	0	0	-0.000102	-0.000102	2256	0.796686	[[2256, 2.36087], [1888, 1.564183], [2787, 0.893099], [1450, 0.853876], [1048, 0.848868]]
CORE_FACTORIAL__UP_DOWN__CA__BARE__NONE	CORE_FACTORIAL	UP_DOWN	CA	BARE	up and window	1	up	929	0	0	-0.087442	-0.000102	1790	0.085894	[[1790, 2.853053], [1888, 2.767158], [654, 1.632336], [1998, 1.537572], [2588, 1.340617]]
CORE_FACTORIAL__UP_DOWN__CA__BARE__NONE	CORE_FACTORIAL	UP_DOWN	CA	BARE	up and window	2	 and	290	0	0	-0.056431	-0.000102	1790	0.085894	[[62, 2.662341], [2229, 2.113837], [2664, 1.807616], [2973, 1.751245], [1011, 1.627674]]
CORE_FACTORIAL__UP_DOWN__CA__BARE__NONE	CORE_FACTORIAL	UP_DOWN	CA	BARE	up and window	3	 window	4324	1	1	1.103562	1.103562	1790	0.085894	[[1888, 2.73939], [1790, 2.272537], [638, 1.470122], [2659, 1.463895], [1893, 1.357327]]
CORE_FACTORIAL__UP_DOWN__AC__BARE__NONE	CORE_FACTORIAL	UP_DOWN	AC	BARE	gravel and down	0	<BOS>	50256	0	0	-0.000102	-0.000102	2256	0.796686	[[2256, 2.36087], [1888, 1.564183], [2787, 0.893099], [1450, 0.853876], [1048, 0.848868]]
CORE_FACTORIAL__UP_DOWN__AC__BARE__NONE	CORE_FACTORIAL	UP_DOWN	AC	BARE	gravel and down	1	g	70	0	0	-0.01768	-0.000102	1888	0.455122	[[1888, 2.942774], [1790, 2.487652], [945, 2.291717], [654, 1.600414], [1169, 1.453991]]
CORE_FACTORIAL__UP_DOWN__AC__BARE__NONE	CORE_FACTORIAL	UP_DOWN	AC	BARE	gravel and down	2	ravel	25843	0	0	-0.06898	-0.000102	1888	0.455122	[[1790, 1.714288], [1888, 1.592531], [121, 1.399298], [2330, 1.382534], [790, 1.264116]]
CORE_FACTORIAL__UP_DOWN__AC__BARE__NONE	CORE_FACTORIAL	UP_DOWN	AC	BARE	gravel and down	3	 and	290	0	0	-0.011602	-0.000102	1888	0.455122	[[1790, 1.587857], [1203, 1.576397], [1888, 1.50683], [1543, 1.067445], [573, 1.006526]]
CORE_FACTORIAL__UP_DOWN__AC__BARE__NONE	CORE_FACTORIAL	UP_DOWN	AC	BARE	gravel and down	4	 down	866	1	1	0.236956	0.236956	1888	0.455122	[[638, 1.948309], [1888, 1.599368], [1790, 1.532182], [2704, 1.331754], [2608, 1.182715]]
CORE_FACTORIAL__UP_DOWN__AA__BARE__NONE	CORE_FACTORIAL	UP_DOWN	AA	BARE	gravel and window	0	<BOS>	50256	0	0	-0.000102	-0.000102	2256	0.796686	[[2256, 2.36087], [1888, 1.564183], [2787, 0.893099], [1450, 0.853876], [1048, 0.848868]]
CORE_FACTORIAL__UP_DOWN__AA__BARE__NONE	CORE_FACTORIAL	UP_DOWN	AA	BARE	gravel and window	1	g	70	0	0	-0.01768	-0.000102	1888	0.455122	[[1888, 2.942774], [1790, 2.487652], [945, 2.291717], [654, 1.600414], [1169, 1.453991]]
CORE_FACTORIAL__UP_DOWN__AA__BARE__NONE	CORE_FACTORIAL	UP_DOWN	AA	BARE	gravel and window	2	ravel	25843	0	0	-0.06898	-0.000102	1888	0.455122	[[1790, 1.714288], [1888, 1.592531], [121, 1.399298], [2330, 1.382534], [790, 1.264116]]
CORE_FACTORIAL__UP_DOWN__AA__BARE__NONE	CORE_FACTORIAL	UP_DOWN	AA	BARE	gravel and window	3	 and	290	0	0	-0.011602	-0.000102	1888	0.455122	[[1790, 1.587857], [1203, 1.576397], [1888, 1.50683], [1543, 1.067445], [573, 1.006526]]
CORE_FACTORIAL__UP_DOWN__AA__BARE__NONE	CORE_FACTORIAL	UP_DOWN	AA	BARE	gravel and window	4	 window	4324	1	1	0.88513	0.88513	1888	0.455122	[[1888, 2.884318], [1790, 2.185008], [2659, 1.74749], [638, 1.565296], [1893, 1.471203]]
ENDPOINT_CONTROL__UP_DOWN__FULL_FRAME__BARE__NONE	ENDPOINT_CONTROL	UP_DOWN	FULL_FRAME	BARE	up and down	0	<BOS>	50256	0	0	-0.000102	-0.000102	2256	0.796686	[[2256, 2.36087], [1888, 1.564183], [2787, 0.893099], [1450, 0.853876], [1048, 0.848868]]
ENDPOINT_CONTROL__UP_DOWN__FULL_FRAME__BARE__NONE	ENDPOINT_CONTROL	UP_DOWN	FULL_FRAME	BARE	up and down	1	up	929	0	0	-0.087442	-0.000102	1790	0.085894	[[1790, 2.853053], [1888, 2.767158], [654, 1.632336], [1998, 1.537572], [2588, 1.340617]]
ENDPOINT_CONTROL__UP_DOWN__FULL_FRAME__BARE__NONE	ENDPOINT_CONTROL	UP_DOWN	FULL_FRAME	BARE	up and down	2	 and	290	0	0	-0.056431	-0.000102	1790	0.085894	[[62, 2.662341], [2229, 2.113837], [2664, 1.807616], [2973, 1.751245], [1011, 1.627674]]
ENDPOINT_CONTROL__UP_DOWN__FULL_FRAME__BARE__NONE	ENDPOINT_CONTROL	UP_DOWN	FULL_FRAME	BARE	up and down	3	 down	866	1	1	4.121797	4.121797	541	1.122365	[[541, 4.121797], [2659, 2.999432], [2898, 2.155427], [2753, 2.009839], [1691, 1.707379]]
ENDPOINT_CONTROL__UP_DOWN__SECOND_ONLY__BARE__NONE	ENDPOINT_CONTROL	UP_DOWN	SECOND_ONLY	BARE	down	0	<BOS>	50256	0	0	-0.000102	-0.000102	2256	0.796687	[[2256, 2.36087], [1888, 1.564183], [2787, 0.893099], [1450, 0.853876], [1048, 0.848868]]
ENDPOINT_CONTROL__UP_DOWN__SECOND_ONLY__BARE__NONE	ENDPOINT_CONTROL	UP_DOWN	SECOND_ONLY	BARE	down	1	down	2902	1	1	-0.126415	-0.000102	1790	0.227189	[[1790, 2.588059], [1888, 2.273265], [234, 1.844593], [1998, 1.570083], [654, 1.405933]]
ENDPOINT_CONTROL__UP_DOWN__CONNECTOR_SECOND__BARE__NONE	ENDPOINT_CONTROL	UP_DOWN	CONNECTOR_SECOND	BARE	and down	0	<BOS>	50256	0	0	-0.000102	-0.000102	2256	0.796687	[[2256, 2.36087], [1888, 1.564183], [2787, 0.893099], [1450, 0.853876], [1048, 0.848868]]
ENDPOINT_CONTROL__UP_DOWN__CONNECTOR_SECOND__BARE__NONE	ENDPOINT_CONTROL	UP_DOWN	CONNECTOR_SECOND	BARE	and down	1	and	392	0	0	-0.026548	-0.000102	1790	0.124514	[[1790, 2.485384], [1888, 2.332438], [654, 1.618219], [2588, 1.395812], [1998, 1.300743]]
ENDPOINT_CONTROL__UP_DOWN__CONNECTOR_SECOND__BARE__NONE	ENDPOINT_CONTROL	UP_DOWN	CONNECTOR_SECOND	BARE	and down	2	 down	866	1	1	0.088701	0.088701	1790	0.124514	[[1790, 2.114556], [2704, 1.925385], [1888, 1.662464], [2167, 1.378888], [2052, 1.27916]]
ENDPOINT_CONTROL__UP_DOWN__FIRST_SECOND__BARE__NONE	ENDPOINT_CONTROL	UP_DOWN	FIRST_SECOND	BARE	up down	0	<BOS>	50256	0	0	-0.000102	-0.000102	2256	0.796687	[[2256, 2.36087], [1888, 1.564183], [2787, 0.893099], [1450, 0.853876], [1048, 0.848868]]
ENDPOINT_CONTROL__UP_DOWN__FIRST_SECOND__BARE__NONE	ENDPOINT_CONTROL	UP_DOWN	FIRST_SECOND	BARE	up down	1	up	929	0	0	-0.087442	-0.000102	1790	0.085895	[[1790, 2.853054], [1888, 2.767159], [654, 1.632336], [1998, 1.537572], [2588, 1.340617]]
ENDPOINT_CONTROL__UP_DOWN__FIRST_SECOND__BARE__NONE	ENDPOINT_CONTROL	UP_DOWN	FIRST_SECOND	BARE	up down	2	 down	866	1	1	0.09473	0.09473	1790	0.085895	[[1691, 1.786235], [1790, 1.678086], [1888, 1.522252], [62, 1.458882], [1998, 1.341383]]
ENDPOINT_CONTROL__UP_DOWN__ARBFIRST_SECOND__BARE__NONE	ENDPOINT_CONTROL	UP_DOWN	ARBFIRST_SECOND	BARE	gravel down	0	<BOS>	50256	0	0	-0.000102	-0.000102	2256	0.796686	[[2256, 2.36087], [1888, 1.564183], [2787, 0.893099], [1450, 0.853876], [1048, 0.848868]]
ENDPOINT_CONTROL__UP_DOWN__ARBFIRST_SECOND__BARE__NONE	ENDPOINT_CONTROL	UP_DOWN	ARBFIRST_SECOND	BARE	gravel down	1	g	70	0	0	-0.01768	-0.000102	1888	0.455122	[[1888, 2.942774], [1790, 2.487652], [945, 2.291717], [654, 1.600414], [1169, 1.453991]]
ENDPOINT_CONTROL__UP_DOWN__ARBFIRST_SECOND__BARE__NONE	ENDPOINT_CONTROL	UP_DOWN	ARBFIRST_SECOND	BARE	gravel down	2	ravel	25843	0	0	-0.06898	-0.000102	1888	0.455122	[[1790, 1.714288], [1888, 1.592531], [121, 1.399298], [2330, 1.382534], [790, 1.264116]]
ENDPOINT_CONTROL__UP_DOWN__ARBFIRST_SECOND__BARE__NONE	ENDPOINT_CONTROL	UP_DOWN	ARBFIRST_SECOND	BARE	gravel down	3	 down	866	1	1	-0.081929	-0.000102	1888	0.455122	[[447, 1.570368], [1203, 1.341651], [1815, 1.229016], [1790, 1.220863], [1888, 1.173053]]
ENDPOINT_CONTROL__UP_DOWN__FIRST_REPEAT__BARE__NONE	ENDPOINT_CONTROL	UP_DOWN	FIRST_REPEAT	BARE	up up	0	<BOS>	50256	0	0	-0.000102	-0.000102	2256	0.796687	[[2256, 2.36087], [1888, 1.564183], [2787, 0.893099], [1450, 0.853876], [1048, 0.848868]]
ENDPOINT_CONTROL__UP_DOWN__FIRST_REPEAT__BARE__NONE	ENDPOINT_CONTROL	UP_DOWN	FIRST_REPEAT	BARE	up up	1	up	929	0	0	-0.087442	-0.000102	1790	0.085895	[[1790, 2.853054], [1888, 2.767159], [654, 1.632336], [1998, 1.537572], [2588, 1.340617]]
ENDPOINT_CONTROL__UP_DOWN__FIRST_REPEAT__BARE__NONE	ENDPOINT_CONTROL	UP_DOWN	FIRST_REPEAT	BARE	up up	2	 up	510	1	1	-0.134796	-0.000102	1790	0.085895	[[1790, 2.007635], [1888, 1.82669], [1424, 1.709704], [1691, 1.481308], [2608, 1.342747]]
ENDPOINT_CONTROL__UP_DOWN__REVERSED__BARE__NONE	ENDPOINT_CONTROL	UP_DOWN	REVERSED	BARE	down and up	0	<BOS>	50256	0	0	-0.000102	-0.000102	2256	0.796686	[[2256, 2.36087], [1888, 1.564183], [2787, 0.893099], [1450, 0.853876], [1048, 0.848868]]
ENDPOINT_CONTROL__UP_DOWN__REVERSED__BARE__NONE	ENDPOINT_CONTROL	UP_DOWN	REVERSED	BARE	down and up	1	down	2902	0	0	-0.126415	-0.000102	1790	0.227189	[[1790, 2.588059], [1888, 2.273264], [234, 1.844592], [1998, 1.570083], [654, 1.405933]]
ENDPOINT_CONTROL__UP_DOWN__REVERSED__BARE__NONE	ENDPOINT_CONTROL	UP_DOWN	REVERSED	BARE	down and up	2	 and	290	0	0	-0.040641	-0.000102	1790	0.156046	[[62, 2.432013], [2175, 1.956456], [588, 1.765632], [194, 1.702243], [2345, 1.560221]]
ENDPOINT_CONTROL__UP_DOWN__REVERSED__BARE__NONE	ENDPOINT_CONTROL	UP_DOWN	REVERSED	BARE	down and up	3	 up	510	1	1	4.282465	4.282465	541	0.66568	[[541, 4.282465], [2659, 3.616786], [638, 2.648702], [2317, 2.196944], [2753, 2.020732]]
CORE_FACTORIAL__UP_DOWN__CC__V9_SPACE__NONE	CORE_FACTORIAL	UP_DOWN	CC	V9_SPACE	 up and down	0	<BOS>	50256	0	0	-0.000102	-0.000102	2256	0.796686	[[2256, 2.36087], [1888, 1.564183], [2787, 0.893099], [1450, 0.853876], [1048, 0.848868]]
CORE_FACTORIAL__UP_DOWN__CC__V9_SPACE__NONE	CORE_FACTORIAL	UP_DOWN	CC	V9_SPACE	 up and down	1	 up	510	0	0	-0.111532	-0.000102	1790	0.054773	[[1790, 3.028116], [464, 2.973342], [1888, 2.912612], [654, 1.680092], [1998, 1.657843]]
CORE_FACTORIAL__UP_DOWN__CC__V9_SPACE__NONE	CORE_FACTORIAL	UP_DOWN	CC	V9_SPACE	 up and down	2	 and	290	0	0	-0.028836	-0.000102	1790	0.054773	[[2229, 2.149246], [194, 2.085674], [62, 2.069985], [2664, 1.815553], [2345, 1.703913]]
CORE_FACTORIAL__UP_DOWN__CC__V9_SPACE__NONE	CORE_FACTORIAL	UP_DOWN	CC	V9_SPACE	 up and down	3	 down	866	1	1	4.184617	4.184617	541	1.156502	[[541, 4.184617], [2659, 2.812319], [2898, 2.160294], [1691, 1.966876], [2753, 1.843945]]
CORE_FACTORIAL__UP_DOWN__CA__V9_SPACE__NONE	CORE_FACTORIAL	UP_DOWN	CA	V9_SPACE	 up and window	0	<BOS>	50256	0	0	-0.000102	-0.000102	2256	0.796686	[[2256, 2.36087], [1888, 1.564183], [2787, 0.893099], [1450, 0.853876], [1048, 0.848868]]
CORE_FACTORIAL__UP_DOWN__CA__V9_SPACE__NONE	CORE_FACTORIAL	UP_DOWN	CA	V9_SPACE	 up and window	1	 up	510	0	0	-0.111532	-0.000102	1790	0.054773	[[1790, 3.028116], [464, 2.973342], [1888, 2.912612], [654, 1.680092], [1998, 1.657843]]
CORE_FACTORIAL__UP_DOWN__CA__V9_SPACE__NONE	CORE_FACTORIAL	UP_DOWN	CA	V9_SPACE	 up and window	2	 and	290	0	0	-0.028836	-0.000102	1790	0.054773	[[2229, 2.149246], [194, 2.085674], [62, 2.069985], [2664, 1.815553], [2345, 1.703913]]
CORE_FACTORIAL__UP_DOWN__CA__V9_SPACE__NONE	CORE_FACTORIAL	UP_DOWN	CA	V9_SPACE	 up and window	3	 window	4324	1	1	0.619901	0.619901	1790	0.054773	[[1888, 2.669348], [1790, 2.41417], [638, 1.390375], [467, 1.245843], [2261, 1.223029]]
CORE_FACTORIAL__UP_DOWN__AC__V9_SPACE__NONE	CORE_FACTORIAL	UP_DOWN	AC	V9_SPACE	 gravel and down	0	<BOS>	50256	0	0	-0.000102	-0.000102	2256	0.796686	[[2256, 2.36087], [1888, 1.564183], [2787, 0.893099], [1450, 0.853876], [1048, 0.848868]]
CORE_FACTORIAL__UP_DOWN__AC__V9_SPACE__NONE	CORE_FACTORIAL	UP_DOWN	AC	V9_SPACE	 gravel and down	1	 gravel	34375	0	0	-0.136018	-0.000102	1888	0.879571	[[1888, 3.382353], [1790, 2.502782], [464, 1.741092], [1998, 1.727921], [698, 1.668383]]
CORE_FACTORIAL__UP_DOWN__AC__V9_SPACE__NONE	CORE_FACTORIAL	UP_DOWN	AC	V9_SPACE	 gravel and down	2	 and	290	0	0	-0.010585	-0.000102	1888	0.879571	[[1790, 1.833594], [1888, 1.549208], [194, 1.098778], [2753, 1.040169], [1746, 0.966002]]
CORE_FACTORIAL__UP_DOWN__AC__V9_SPACE__NONE	CORE_FACTORIAL	UP_DOWN	AC	V9_SPACE	 gravel and down	3	 down	866	1	1	0.246241	0.246241	1888	0.879571	[[1790, 1.878911], [1888, 1.773119], [638, 1.70848], [2608, 1.252362], [2753, 1.153787]]
CORE_FACTORIAL__UP_DOWN__AA__V9_SPACE__NONE	CORE_FACTORIAL	UP_DOWN	AA	V9_SPACE	 gravel and window	0	<BOS>	50256	0	0	-0.000102	-0.000102	2256	0.796686	[[2256, 2.36087], [1888, 1.564183], [2787, 0.893099], [1450, 0.853876], [1048, 0.848868]]
CORE_FACTORIAL__UP_DOWN__AA__V9_SPACE__NONE	CORE_FACTORIAL	UP_DOWN	AA	V9_SPACE	 gravel and window	1	 gravel	34375	0	0	-0.136018	-0.000102	1888	0.879571	[[1888, 3.382353], [1790, 2.502782], [464, 1.741092], [1998, 1.727921], [698, 1.668383]]
CORE_FACTORIAL__UP_DOWN__AA__V9_SPACE__NONE	CORE_FACTORIAL	UP_DOWN	AA	V9_SPACE	 gravel and window	2	 and	290	0	0	-0.010585	-0.000102	1888	0.879571	[[1790, 1.833594], [1888, 1.549208], [194, 1.098778], [2753, 1.040169], [1746, 0.966002]]
CORE_FACTORIAL__UP_DOWN__AA__V9_SPACE__NONE	CORE_FACTORIAL	UP_DOWN	AA	V9_SPACE	 gravel and window	3	 window	4324	1	1	0.80168	0.80168	1888	0.879571	[[1888, 2.71319], [1790, 2.454212], [2659, 1.944958], [1893, 1.541709], [2167, 1.504173]]
ENDPOINT_CONTROL__UP_DOWN__FULL_FRAME__V9_SPACE__NONE	ENDPOINT_CONTROL	UP_DOWN	FULL_FRAME	V9_SPACE	 up and down	0	<BOS>	50256	0	0	-0.000102	-0.000102	2256	0.796686	[[2256, 2.36087], [1888, 1.564183], [2787, 0.893099], [1450, 0.853876], [1048, 0.848868]]
ENDPOINT_CONTROL__UP_DOWN__FULL_FRAME__V9_SPACE__NONE	ENDPOINT_CONTROL	UP_DOWN	FULL_FRAME	V9_SPACE	 up and down	1	 up	510	0	0	-0.111532	-0.000102	1790	0.054773	[[1790, 3.028116], [464, 2.973342], [1888, 2.912612], [654, 1.680092], [1998, 1.657843]]
ENDPOINT_CONTROL__UP_DOWN__FULL_FRAME__V9_SPACE__NONE	ENDPOINT_CONTROL	UP_DOWN	FULL_FRAME	V9_SPACE	 up and down	2	 and	290	0	0	-0.028836	-0.000102	1790	0.054773	[[2229, 2.149246], [194, 2.085674], [62, 2.069985], [2664, 1.815553], [2345, 1.703913]]
ENDPOINT_CONTROL__UP_DOWN__FULL_FRAME__V9_SPACE__NONE	ENDPOINT_CONTROL	UP_DOWN	FULL_FRAME	V9_SPACE	 up and down	3	 down	866	1	1	4.184617	4.184617	541	1.156502	[[541, 4.184617], [2659, 2.812319], [2898, 2.160294], [1691, 1.966876], [2753, 1.843945]]
ENDPOINT_CONTROL__UP_DOWN__SECOND_ONLY__V9_SPACE__NONE	ENDPOINT_CONTROL	UP_DOWN	SECOND_ONLY	V9_SPACE	 down	0	<BOS>	50256	0	0	-0.000102	-0.000102	2256	0.796687	[[2256, 2.36087], [1888, 1.564183], [2787, 0.893099], [1450, 0.853876], [1048, 0.848868]]
ENDPOINT_CONTROL__UP_DOWN__SECOND_ONLY__V9_SPACE__NONE	ENDPOINT_CONTROL	UP_DOWN	SECOND_ONLY	V9_SPACE	 down	1	 down	866	1	1	-0.129031	-0.000102	1790	0.068202	[[1790, 2.685779], [1888, 2.617577], [464, 1.873064], [654, 1.657872], [1998, 1.573002]]
ENDPOINT_CONTROL__UP_DOWN__CONNECTOR_SECOND__V9_SPACE__NONE	ENDPOINT_CONTROL	UP_DOWN	CONNECTOR_SECOND	V9_SPACE	 and down	0	<BOS>	50256	0	0	-0.000102	-0.000102	2256	0.796687	[[2256, 2.36087], [1888, 1.564183], [2787, 0.893099], [1450, 0.853876], [1048, 0.848868]]
ENDPOINT_CONTROL__UP_DOWN__CONNECTOR_SECOND__V9_SPACE__NONE	ENDPOINT_CONTROL	UP_DOWN	CONNECTOR_SECOND	V9_SPACE	 and down	1	 and	290	0	0	-0.032673	-0.000102	1790	0.284403	[[1790, 2.944628], [1888, 2.660225], [654, 1.689219], [1203, 1.564642], [464, 1.471345]]
ENDPOINT_CONTROL__UP_DOWN__CONNECTOR_SECOND__V9_SPACE__NONE	ENDPOINT_CONTROL	UP_DOWN	CONNECTOR_SECOND	V9_SPACE	 and down	2	 down	866	1	1	0.161076	0.161076	1790	0.284403	[[1790, 2.234939], [1888, 1.884823], [2704, 1.681022], [638, 1.248002], [2753, 1.239725]]
ENDPOINT_CONTROL__UP_DOWN__FIRST_SECOND__V9_SPACE__NONE	ENDPOINT_CONTROL	UP_DOWN	FIRST_SECOND	V9_SPACE	 up down	0	<BOS>	50256	0	0	-0.000102	-0.000102	2256	0.796687	[[2256, 2.36087], [1888, 1.564183], [2787, 0.893099], [1450, 0.853876], [1048, 0.848868]]
ENDPOINT_CONTROL__UP_DOWN__FIRST_SECOND__V9_SPACE__NONE	ENDPOINT_CONTROL	UP_DOWN	FIRST_SECOND	V9_SPACE	 up down	1	 up	510	0	0	-0.111532	-0.000102	1790	0.054775	[[1790, 3.028115], [464, 2.973341], [1888, 2.912612], [654, 1.680091], [1998, 1.657843]]
ENDPOINT_CONTROL__UP_DOWN__FIRST_SECOND__V9_SPACE__NONE	ENDPOINT_CONTROL	UP_DOWN	FIRST_SECOND	V9_SPACE	 up down	2	 down	866	1	1	0.341114	0.341114	1790	0.054775	[[1790, 2.021676], [1691, 1.989872], [544, 1.757004], [1888, 1.604679], [99, 1.604506]]
ENDPOINT_CONTROL__UP_DOWN__ARBFIRST_SECOND__V9_SPACE__NONE	ENDPOINT_CONTROL	UP_DOWN	ARBFIRST_SECOND	V9_SPACE	 gravel down	0	<BOS>	50256	0	0	-0.000102	-0.000102	2256	0.796687	[[2256, 2.36087], [1888, 1.564183], [2787, 0.893099], [1450, 0.853876], [1048, 0.848868]]
ENDPOINT_CONTROL__UP_DOWN__ARBFIRST_SECOND__V9_SPACE__NONE	ENDPOINT_CONTROL	UP_DOWN	ARBFIRST_SECOND	V9_SPACE	 gravel down	1	 gravel	34375	0	0	-0.136018	-0.000102	1888	0.87957	[[1888, 3.382353], [1790, 2.502782], [464, 1.741091], [1998, 1.727921], [698, 1.668383]]
ENDPOINT_CONTROL__UP_DOWN__ARBFIRST_SECOND__V9_SPACE__NONE	ENDPOINT_CONTROL	UP_DOWN	ARBFIRST_SECOND	V9_SPACE	 gravel down	2	 down	866	1	1	-0.067893	-0.000102	1888	0.87957	[[1888, 2.062889], [1790, 1.933349], [1616, 1.027093], [1998, 0.933422], [1059, 0.921933]]
ENDPOINT_CONTROL__UP_DOWN__FIRST_REPEAT__V9_SPACE__NONE	ENDPOINT_CONTROL	UP_DOWN	FIRST_REPEAT	V9_SPACE	 up up	0	<BOS>	50256	0	0	-0.000102	-0.000102	2256	0.796687	[[2256, 2.36087], [1888, 1.564183], [2787, 0.893099], [1450, 0.853876], [1048, 0.848868]]
ENDPOINT_CONTROL__UP_DOWN__FIRST_REPEAT__V9_SPACE__NONE	ENDPOINT_CONTROL	UP_DOWN	FIRST_REPEAT	V9_SPACE	 up up	1	 up	510	0	0	-0.111532	-0.000102	1790	0.054775	[[1790, 3.028115], [464, 2.973341], [1888, 2.912612], [654, 1.680091], [1998, 1.657843]]
ENDPOINT_CONTROL__UP_DOWN__FIRST_REPEAT__V9_SPACE__NONE	ENDPOINT_CONTROL	UP_DOWN	FIRST_REPEAT	V9_SPACE	 up up	2	 up	510	1	1	-0.114715	-0.000102	1790	0.054775	[[1691, 1.923778], [1790, 1.903538], [383, 1.562295], [1888, 1.555167], [1424, 1.502607]]
ENDPOINT_CONTROL__UP_DOWN__REVERSED__V9_SPACE__NONE	ENDPOINT_CONTROL	UP_DOWN	REVERSED	V9_SPACE	 down and up	0	<BOS>	50256	0	0	-0.000102	-0.000102	2256	0.796686	[[2256, 2.36087], [1888, 1.564183], [2787, 0.893099], [1450, 0.853876], [1048, 0.848868]]
ENDPOINT_CONTROL__UP_DOWN__REVERSED__V9_SPACE__NONE	ENDPOINT_CONTROL	UP_DOWN	REVERSED	V9_SPACE	 down and up	1	 down	866	0	0	-0.129031	-0.000102	1790	0.068204	[[1790, 2.68578], [1888, 2.617576], [464, 1.873062], [654, 1.657872], [1998, 1.573002]]
ENDPOINT_CONTROL__UP_DOWN__REVERSED__V9_SPACE__NONE	ENDPOINT_CONTROL	UP_DOWN	REVERSED	V9_SPACE	 down and up	2	 and	290	0	0	-0.021243	-0.000102	1790	0.068204	[[194, 1.936644], [2175, 1.85532], [1888, 1.694372], [1790, 1.579062], [62, 1.547263]]
ENDPOINT_CONTROL__UP_DOWN__REVERSED__V9_SPACE__NONE	ENDPOINT_CONTROL	UP_DOWN	REVERSED	V9_SPACE	 down and up	3	 up	510	1	1	4.050222	4.050222	541	0.681148	[[541, 4.050222], [2659, 3.369074], [638, 2.422729], [2898, 1.964062], [2317, 1.954131]]
CORE_FACTORIAL__UP_DOWN__CC__THE_PHRASE__NONE	CORE_FACTORIAL	UP_DOWN	CC	THE_PHRASE	the phrase up and down	0	<BOS>	50256	0	0	-0.000102	-0.000102	2256	0.796686	[[2256, 2.36087], [1888, 1.564183], [2787, 0.893099], [1450, 0.853876], [1048, 0.848868]]
CORE_FACTORIAL__UP_DOWN__CC__THE_PHRASE__NONE	CORE_FACTORIAL	UP_DOWN	CC	THE_PHRASE	the phrase up and down	1	the	1169	0	0	-0.058428	-0.000102	1790	0.119972	[[1790, 2.74375], [1888, 2.623779], [1203, 1.370484], [654, 1.287318], [1504, 1.273196]]
CORE_FACTORIAL__UP_DOWN__CC__THE_PHRASE__NONE	CORE_FACTORIAL	UP_DOWN	CC	THE_PHRASE	the phrase up and down	2	 phrase	9546	0	0	-0.055584	-0.000102	2073	0.489396	[[2073, 3.233146], [1026, 1.694937], [2070, 1.648536], [388, 1.556334], [1888, 1.459668]]
CORE_FACTORIAL__UP_DOWN__CC__THE_PHRASE__NONE	CORE_FACTORIAL	UP_DOWN	CC	THE_PHRASE	the phrase up and down	3	 up	510	0	0	-0.008824	-0.000102	2073	0.489396	[[1790, 2.133716], [1888, 2.126585], [183, 1.563705], [2608, 1.417978], [1048, 1.337124]]
CORE_FACTORIAL__UP_DOWN__CC__THE_PHRASE__NONE	CORE_FACTORIAL	UP_DOWN	CC	THE_PHRASE	the phrase up and down	4	 and	290	0	0	-0.027487	-0.000102	2073	0.489396	[[62, 2.376736], [194, 1.888555], [2664, 1.814186], [2345, 1.783548], [2229, 1.672581]]
CORE_FACTORIAL__UP_DOWN__CC__THE_PHRASE__NONE	CORE_FACTORIAL	UP_DOWN	CC	THE_PHRASE	the phrase up and down	5	 down	866	1	1	4.404448	4.404448	541	1.092177	[[541, 4.404448], [2659, 3.31227], [2852, 1.910663], [2898, 1.71614], [2753, 1.60014]]
CORE_FACTORIAL__UP_DOWN__CA__THE_PHRASE__NONE	CORE_FACTORIAL	UP_DOWN	CA	THE_PHRASE	the phrase up and window	0	<BOS>	50256	0	0	-0.000102	-0.000102	2256	0.796686	[[2256, 2.36087], [1888, 1.564183], [2787, 0.893099], [1450, 0.853876], [1048, 0.848868]]
CORE_FACTORIAL__UP_DOWN__CA__THE_PHRASE__NONE	CORE_FACTORIAL	UP_DOWN	CA	THE_PHRASE	the phrase up and window	1	the	1169	0	0	-0.058428	-0.000102	1790	0.119972	[[1790, 2.74375], [1888, 2.623779], [1203, 1.370484], [654, 1.287318], [1504, 1.273196]]
CORE_FACTORIAL__UP_DOWN__CA__THE_PHRASE__NONE	CORE_FACTORIAL	UP_DOWN	CA	THE_PHRASE	the phrase up and window	2	 phrase	9546	0	0	-0.055584	-0.000102	2073	0.489396	[[2073, 3.233146], [1026, 1.694937], [2070, 1.648536], [388, 1.556334], [1888, 1.459668]]
CORE_FACTORIAL__UP_DOWN__CA__THE_PHRASE__NONE	CORE_FACTORIAL	UP_DOWN	CA	THE_PHRASE	the phrase up and window	3	 up	510	0	0	-0.008824	-0.000102	2073	0.489396	[[1790, 2.133716], [1888, 2.126585], [183, 1.563705], [2608, 1.417978], [1048, 1.337124]]
CORE_FACTORIAL__UP_DOWN__CA__THE_PHRASE__NONE	CORE_FACTORIAL	UP_DOWN	CA	THE_PHRASE	the phrase up and window	4	 and	290	0	0	-0.027487	-0.000102	2073	0.489396	[[62, 2.376736], [194, 1.888555], [2664, 1.814186], [2345, 1.783548], [2229, 1.672581]]
CORE_FACTORIAL__UP_DOWN__CA__THE_PHRASE__NONE	CORE_FACTORIAL	UP_DOWN	CA	THE_PHRASE	the phrase up and window	5	 window	4324	1	1	0.663255	0.663255	2073	0.489396	[[1888, 2.623011], [1790, 2.288372], [1893, 1.274939], [2251, 1.265488], [638, 1.245622]]
CORE_FACTORIAL__UP_DOWN__AC__THE_PHRASE__NONE	CORE_FACTORIAL	UP_DOWN	AC	THE_PHRASE	the phrase gravel and down	0	<BOS>	50256	0	0	-0.000102	-0.000102	2256	0.796686	[[2256, 2.36087], [1888, 1.564183], [2787, 0.893099], [1450, 0.853876], [1048, 0.848868]]
CORE_FACTORIAL__UP_DOWN__AC__THE_PHRASE__NONE	CORE_FACTORIAL	UP_DOWN	AC	THE_PHRASE	the phrase gravel and down	1	the	1169	0	0	-0.058428	-0.000102	1790	0.119972	[[1790, 2.74375], [1888, 2.623779], [1203, 1.370484], [654, 1.287318], [1504, 1.273196]]
CORE_FACTORIAL__UP_DOWN__AC__THE_PHRASE__NONE	CORE_FACTORIAL	UP_DOWN	AC	THE_PHRASE	the phrase gravel and down	2	 phrase	9546	0	0	-0.055584	-0.000102	2073	0.489396	[[2073, 3.233146], [1026, 1.694937], [2070, 1.648536], [388, 1.556334], [1888, 1.459668]]
CORE_FACTORIAL__UP_DOWN__AC__THE_PHRASE__NONE	CORE_FACTORIAL	UP_DOWN	AC	THE_PHRASE	the phrase gravel and down	3	 gravel	34375	0	0	-0.028257	-0.000102	2073	0.489396	[[1888, 1.954223], [1790, 1.605027], [1505, 1.324161], [265, 1.322845], [2140, 1.303542]]
CORE_FACTORIAL__UP_DOWN__AC__THE_PHRASE__NONE	CORE_FACTORIAL	UP_DOWN	AC	THE_PHRASE	the phrase gravel and down	4	 and	290	0	0	-0.005961	-0.000102	2073	0.489396	[[1543, 1.450523], [1790, 1.378008], [194, 1.353403], [2786, 1.129269], [2753, 1.000879]]
CORE_FACTORIAL__UP_DOWN__AC__THE_PHRASE__NONE	CORE_FACTORIAL	UP_DOWN	AC	THE_PHRASE	the phrase gravel and down	5	 down	866	1	1	-0.079013	-0.000102	2073	0.489396	[[1790, 1.767175], [638, 1.65009], [2704, 1.54959], [1888, 1.459811], [2006, 1.248379]]
CORE_FACTORIAL__UP_DOWN__AA__THE_PHRASE__NONE	CORE_FACTORIAL	UP_DOWN	AA	THE_PHRASE	the phrase gravel and window	0	<BOS>	50256	0	0	-0.000102	-0.000102	2256	0.796686	[[2256, 2.36087], [1888, 1.564183], [2787, 0.893099], [1450, 0.853876], [1048, 0.848868]]
CORE_FACTORIAL__UP_DOWN__AA__THE_PHRASE__NONE	CORE_FACTORIAL	UP_DOWN	AA	THE_PHRASE	the phrase gravel and window	1	the	1169	0	0	-0.058428	-0.000102	1790	0.119972	[[1790, 2.74375], [1888, 2.623779], [1203, 1.370484], [654, 1.287318], [1504, 1.273196]]
CORE_FACTORIAL__UP_DOWN__AA__THE_PHRASE__NONE	CORE_FACTORIAL	UP_DOWN	AA	THE_PHRASE	the phrase gravel and window	2	 phrase	9546	0	0	-0.055584	-0.000102	2073	0.489396	[[2073, 3.233146], [1026, 1.694937], [2070, 1.648536], [388, 1.556334], [1888, 1.459668]]
CORE_FACTORIAL__UP_DOWN__AA__THE_PHRASE__NONE	CORE_FACTORIAL	UP_DOWN	AA	THE_PHRASE	the phrase gravel and window	3	 gravel	34375	0	0	-0.028257	-0.000102	2073	0.489396	[[1888, 1.954223], [1790, 1.605027], [1505, 1.324161], [265, 1.322845], [2140, 1.303542]]
CORE_FACTORIAL__UP_DOWN__AA__THE_PHRASE__NONE	CORE_FACTORIAL	UP_DOWN	AA	THE_PHRASE	the phrase gravel and window	4	 and	290	0	0	-0.005961	-0.000102	2073	0.489396	[[1543, 1.450523], [1790, 1.378008], [194, 1.353403], [2786, 1.129269], [2753, 1.000879]]
CORE_FACTORIAL__UP_DOWN__AA__THE_PHRASE__NONE	CORE_FACTORIAL	UP_DOWN	AA	THE_PHRASE	the phrase gravel and window	5	 window	4324	1	1	0.740065	0.740065	2073	0.489396	[[1888, 2.17517], [1790, 2.015058], [2659, 1.68541], [1893, 1.440141], [2167, 1.356622]]
ENDPOINT_CONTROL__UP_DOWN__FULL_FRAME__THE_PHRASE__NONE	ENDPOINT_CONTROL	UP_DOWN	FULL_FRAME	THE_PHRASE	the phrase up and down	0	<BOS>	50256	0	0	-0.000102	-0.000102	2256	0.796686	[[2256, 2.36087], [1888, 1.564183], [2787, 0.893099], [1450, 0.853876], [1048, 0.848868]]
ENDPOINT_CONTROL__UP_DOWN__FULL_FRAME__THE_PHRASE__NONE	ENDPOINT_CONTROL	UP_DOWN	FULL_FRAME	THE_PHRASE	the phrase up and down	1	the	1169	0	0	-0.058428	-0.000102	1790	0.119972	[[1790, 2.74375], [1888, 2.623779], [1203, 1.370484], [654, 1.287318], [1504, 1.273196]]
ENDPOINT_CONTROL__UP_DOWN__FULL_FRAME__THE_PHRASE__NONE	ENDPOINT_CONTROL	UP_DOWN	FULL_FRAME	THE_PHRASE	the phrase up and down	2	 phrase	9546	0	0	-0.055584	-0.000102	2073	0.489396	[[2073, 3.233146], [1026, 1.694937], [2070, 1.648536], [388, 1.556334], [1888, 1.459668]]
ENDPOINT_CONTROL__UP_DOWN__FULL_FRAME__THE_PHRASE__NONE	ENDPOINT_CONTROL	UP_DOWN	FULL_FRAME	THE_PHRASE	the phrase up and down	3	 up	510	0	0	-0.008824	-0.000102	2073	0.489396	[[1790, 2.133716], [1888, 2.126585], [183, 1.563705], [2608, 1.417978], [1048, 1.337124]]
ENDPOINT_CONTROL__UP_DOWN__FULL_FRAME__THE_PHRASE__NONE	ENDPOINT_CONTROL	UP_DOWN	FULL_FRAME	THE_PHRASE	the phrase up and down	4	 and	290	0	0	-0.027487	-0.000102	2073	0.489396	[[62, 2.376736], [194, 1.888555], [2664, 1.814186], [2345, 1.783548], [2229, 1.672581]]
ENDPOINT_CONTROL__UP_DOWN__FULL_FRAME__THE_PHRASE__NONE	ENDPOINT_CONTROL	UP_DOWN	FULL_FRAME	THE_PHRASE	the phrase up and down	5	 down	866	1	1	4.404448	4.404448	541	1.092177	[[541, 4.404448], [2659, 3.31227], [2852, 1.910663], [2898, 1.71614], [2753, 1.60014]]
ENDPOINT_CONTROL__UP_DOWN__SECOND_ONLY__THE_PHRASE__NONE	ENDPOINT_CONTROL	UP_DOWN	SECOND_ONLY	THE_PHRASE	the phrase down	0	<BOS>	50256	0	0	-0.000102	-0.000102	2256	0.796686	[[2256, 2.36087], [1888, 1.564183], [2787, 0.893099], [1450, 0.853876], [1048, 0.848868]]
ENDPOINT_CONTROL__UP_DOWN__SECOND_ONLY__THE_PHRASE__NONE	ENDPOINT_CONTROL	UP_DOWN	SECOND_ONLY	THE_PHRASE	the phrase down	1	the	1169	0	0	-0.058428	-0.000102	1790	0.119972	[[1790, 2.74375], [1888, 2.623779], [1203, 1.370484], [654, 1.287318], [1504, 1.273196]]
ENDPOINT_CONTROL__UP_DOWN__SECOND_ONLY__THE_PHRASE__NONE	ENDPOINT_CONTROL	UP_DOWN	SECOND_ONLY	THE_PHRASE	the phrase down	2	 phrase	9546	0	0	-0.055584	-0.000102	2073	0.489396	[[2073, 3.233146], [1026, 1.694937], [2070, 1.648536], [388, 1.556334], [1888, 1.459668]]
ENDPOINT_CONTROL__UP_DOWN__SECOND_ONLY__THE_PHRASE__NONE	ENDPOINT_CONTROL	UP_DOWN	SECOND_ONLY	THE_PHRASE	the phrase down	3	 down	866	1	1	-0.04196	-0.000102	2073	0.489396	[[1790, 1.786117], [1888, 1.693238], [2704, 1.608302], [2052, 1.454508], [1059, 1.271343]]
ENDPOINT_CONTROL__UP_DOWN__CONNECTOR_SECOND__THE_PHRASE__NONE	ENDPOINT_CONTROL	UP_DOWN	CONNECTOR_SECOND	THE_PHRASE	the phrase and down	0	<BOS>	50256	0	0	-0.000102	-0.000102	2256	0.796686	[[2256, 2.36087], [1888, 1.564183], [2787, 0.893099], [1450, 0.853876], [1048, 0.848868]]
ENDPOINT_CONTROL__UP_DOWN__CONNECTOR_SECOND__THE_PHRASE__NONE	ENDPOINT_CONTROL	UP_DOWN	CONNECTOR_SECOND	THE_PHRASE	the phrase and down	1	the	1169	0	0	-0.058428	-0.000102	1790	0.119972	[[1790, 2.74375], [1888, 2.623779], [1203, 1.370484], [654, 1.287318], [1504, 1.273196]]
ENDPOINT_CONTROL__UP_DOWN__CONNECTOR_SECOND__THE_PHRASE__NONE	ENDPOINT_CONTROL	UP_DOWN	CONNECTOR_SECOND	THE_PHRASE	the phrase and down	2	 phrase	9546	0	0	-0.055584	-0.000102	2073	0.489396	[[2073, 3.233146], [1026, 1.694937], [2070, 1.648536], [388, 1.556334], [1888, 1.459668]]
ENDPOINT_CONTROL__UP_DOWN__CONNECTOR_SECOND__THE_PHRASE__NONE	ENDPOINT_CONTROL	UP_DOWN	CONNECTOR_SECOND	THE_PHRASE	the phrase and down	3	 and	290	0	0	-0.009063	-0.000102	2073	0.489396	[[1790, 1.619635], [1888, 1.466792], [1439, 1.419283], [654, 1.352773], [1208, 1.316682]]
ENDPOINT_CONTROL__UP_DOWN__CONNECTOR_SECOND__THE_PHRASE__NONE	ENDPOINT_CONTROL	UP_DOWN	CONNECTOR_SECOND	THE_PHRASE	the phrase and down	4	 down	866	1	1	-0.147396	-0.000102	2073	0.489396	[[2704, 1.976923], [1790, 1.815419], [1888, 1.6827], [638, 1.461787], [2052, 1.451865]]
ENDPOINT_CONTROL__UP_DOWN__FIRST_SECOND__THE_PHRASE__NONE	ENDPOINT_CONTROL	UP_DOWN	FIRST_SECOND	THE_PHRASE	the phrase up down	0	<BOS>	50256	0	0	-0.000102	-0.000102	2256	0.796686	[[2256, 2.36087], [1888, 1.564183], [2787, 0.893099], [1450, 0.853876], [1048, 0.848868]]
ENDPOINT_CONTROL__UP_DOWN__FIRST_SECOND__THE_PHRASE__NONE	ENDPOINT_CONTROL	UP_DOWN	FIRST_SECOND	THE_PHRASE	the phrase up down	1	the	1169	0	0	-0.058428	-0.000102	1790	0.119972	[[1790, 2.74375], [1888, 2.623779], [1203, 1.370484], [654, 1.287318], [1504, 1.273196]]
ENDPOINT_CONTROL__UP_DOWN__FIRST_SECOND__THE_PHRASE__NONE	ENDPOINT_CONTROL	UP_DOWN	FIRST_SECOND	THE_PHRASE	the phrase up down	2	 phrase	9546	0	0	-0.055584	-0.000102	2073	0.489396	[[2073, 3.233146], [1026, 1.694937], [2070, 1.648536], [388, 1.556334], [1888, 1.459668]]
ENDPOINT_CONTROL__UP_DOWN__FIRST_SECOND__THE_PHRASE__NONE	ENDPOINT_CONTROL	UP_DOWN	FIRST_SECOND	THE_PHRASE	the phrase up down	3	 up	510	0	0	-0.008824	-0.000102	2073	0.489396	[[1790, 2.133716], [1888, 2.126585], [183, 1.563705], [2608, 1.417978], [1048, 1.337124]]
ENDPOINT_CONTROL__UP_DOWN__FIRST_SECOND__THE_PHRASE__NONE	ENDPOINT_CONTROL	UP_DOWN	FIRST_SECOND	THE_PHRASE	the phrase up down	4	 down	866	1	1	0.183466	0.183466	2073	0.489396	[[1790, 1.856142], [1836, 1.644366], [544, 1.533484], [661, 1.50241], [62, 1.4301]]
ENDPOINT_CONTROL__UP_DOWN__ARBFIRST_SECOND__THE_PHRASE__NONE	ENDPOINT_CONTROL	UP_DOWN	ARBFIRST_SECOND	THE_PHRASE	the phrase gravel down	0	<BOS>	50256	0	0	-0.000102	-0.000102	2256	0.796686	[[2256, 2.36087], [1888, 1.564183], [2787, 0.893099], [1450, 0.853876], [1048, 0.848868]]
ENDPOINT_CONTROL__UP_DOWN__ARBFIRST_SECOND__THE_PHRASE__NONE	ENDPOINT_CONTROL	UP_DOWN	ARBFIRST_SECOND	THE_PHRASE	the phrase gravel down	1	the	1169	0	0	-0.058428	-0.000102	1790	0.119972	[[1790, 2.74375], [1888, 2.623779], [1203, 1.370484], [654, 1.287318], [1504, 1.273196]]
ENDPOINT_CONTROL__UP_DOWN__ARBFIRST_SECOND__THE_PHRASE__NONE	ENDPOINT_CONTROL	UP_DOWN	ARBFIRST_SECOND	THE_PHRASE	the phrase gravel down	2	 phrase	9546	0	0	-0.055584	-0.000102	2073	0.489396	[[2073, 3.233146], [1026, 1.694937], [2070, 1.648536], [388, 1.556334], [1888, 1.459668]]
ENDPOINT_CONTROL__UP_DOWN__ARBFIRST_SECOND__THE_PHRASE__NONE	ENDPOINT_CONTROL	UP_DOWN	ARBFIRST_SECOND	THE_PHRASE	the phrase gravel down	3	 gravel	34375	0	0	-0.028257	-0.000102	2073	0.489396	[[1888, 1.954223], [1790, 1.605027], [1505, 1.324161], [265, 1.322845], [2140, 1.303542]]
ENDPOINT_CONTROL__UP_DOWN__ARBFIRST_SECOND__THE_PHRASE__NONE	ENDPOINT_CONTROL	UP_DOWN	ARBFIRST_SECOND	THE_PHRASE	the phrase gravel down	4	 down	866	1	1	-0.059282	-0.000102	2073	0.489396	[[1790, 1.663155], [1888, 1.384866], [2126, 1.136843], [2006, 1.071418], [411, 0.938363]]
ENDPOINT_CONTROL__UP_DOWN__FIRST_REPEAT__THE_PHRASE__NONE	ENDPOINT_CONTROL	UP_DOWN	FIRST_REPEAT	THE_PHRASE	the phrase up up	0	<BOS>	50256	0	0	-0.000102	-0.000102	2256	0.796686	[[2256, 2.36087], [1888, 1.564183], [2787, 0.893099], [1450, 0.853876], [1048, 0.848868]]
ENDPOINT_CONTROL__UP_DOWN__FIRST_REPEAT__THE_PHRASE__NONE	ENDPOINT_CONTROL	UP_DOWN	FIRST_REPEAT	THE_PHRASE	the phrase up up	1	the	1169	0	0	-0.058428	-0.000102	1790	0.119972	[[1790, 2.74375], [1888, 2.623779], [1203, 1.370484], [654, 1.287318], [1504, 1.273196]]
ENDPOINT_CONTROL__UP_DOWN__FIRST_REPEAT__THE_PHRASE__NONE	ENDPOINT_CONTROL	UP_DOWN	FIRST_REPEAT	THE_PHRASE	the phrase up up	2	 phrase	9546	0	0	-0.055584	-0.000102	2073	0.489396	[[2073, 3.233146], [1026, 1.694937], [2070, 1.648536], [388, 1.556334], [1888, 1.459668]]
ENDPOINT_CONTROL__UP_DOWN__FIRST_REPEAT__THE_PHRASE__NONE	ENDPOINT_CONTROL	UP_DOWN	FIRST_REPEAT	THE_PHRASE	the phrase up up	3	 up	510	0	0	-0.008824	-0.000102	2073	0.489396	[[1790, 2.133716], [1888, 2.126585], [183, 1.563705], [2608, 1.417978], [1048, 1.337124]]
ENDPOINT_CONTROL__UP_DOWN__FIRST_REPEAT__THE_PHRASE__NONE	ENDPOINT_CONTROL	UP_DOWN	FIRST_REPEAT	THE_PHRASE	the phrase up up	4	 up	510	1	1	-0.07388	-0.000102	2073	0.489396	[[1790, 2.388688], [1888, 2.209538], [183, 1.500731], [2608, 1.386879], [654, 1.270077]]
ENDPOINT_CONTROL__UP_DOWN__REVERSED__THE_PHRASE__NONE	ENDPOINT_CONTROL	UP_DOWN	REVERSED	THE_PHRASE	the phrase down and up	0	<BOS>	50256	0	0	-0.000102	-0.000102	2256	0.796686	[[2256, 2.36087], [1888, 1.564183], [2787, 0.893099], [1450, 0.853876], [1048, 0.848868]]
ENDPOINT_CONTROL__UP_DOWN__REVERSED__THE_PHRASE__NONE	ENDPOINT_CONTROL	UP_DOWN	REVERSED	THE_PHRASE	the phrase down and up	1	the	1169	0	0	-0.058428	-0.000102	1790	0.119972	[[1790, 2.74375], [1888, 2.623779], [1203, 1.370484], [654, 1.287318], [1504, 1.273196]]
ENDPOINT_CONTROL__UP_DOWN__REVERSED__THE_PHRASE__NONE	ENDPOINT_CONTROL	UP_DOWN	REVERSED	THE_PHRASE	the phrase down and up	2	 phrase	9546	0	0	-0.055584	-0.000102	2073	0.489396	[[2073, 3.233146], [1026, 1.694937], [2070, 1.648536], [388, 1.556334], [1888, 1.459668]]
ENDPOINT_CONTROL__UP_DOWN__REVERSED__THE_PHRASE__NONE	ENDPOINT_CONTROL	UP_DOWN	REVERSED	THE_PHRASE	the phrase down and up	3	 down	866	0	0	-0.04196	-0.000102	2073	0.489396	[[1790, 1.786117], [1888, 1.693238], [2704, 1.608302], [2052, 1.454508], [1059, 1.271343]]
ENDPOINT_CONTROL__UP_DOWN__REVERSED__THE_PHRASE__NONE	ENDPOINT_CONTROL	UP_DOWN	REVERSED	THE_PHRASE	the phrase down and up	4	 and	290	0	0	-0.036984	-0.000102	2073	0.489396	[[194, 2.06759], [2345, 1.672855], [62, 1.617102], [1888, 1.461602], [1790, 1.431068]]
ENDPOINT_CONTROL__UP_DOWN__REVERSED__THE_PHRASE__NONE	ENDPOINT_CONTROL	UP_DOWN	REVERSED	THE_PHRASE	the phrase down and up	5	 up	510	1	1	4.274731	4.274731	541	0.30097	[[541, 4.274731], [2659, 3.973761], [638, 2.106526], [1348, 2.036446], [2317, 2.007643]]
CORE_FACTORIAL__UP_DOWN__CC__THEY_SAID__NONE	CORE_FACTORIAL	UP_DOWN	CC	THEY_SAID	they said up and down	0	<BOS>	50256	0	0	-0.000102	-0.000102	2256	0.796686	[[2256, 2.36087], [1888, 1.564183], [2787, 0.893099], [1450, 0.853876], [1048, 0.848868]]
CORE_FACTORIAL__UP_DOWN__CC__THEY_SAID__NONE	CORE_FACTORIAL	UP_DOWN	CC	THEY_SAID	they said up and down	1	they	9930	0	0	-0.133193	-0.000102	2256	0.053377	[[1790, 2.307492], [1888, 2.21476], [234, 1.470804], [1169, 1.294994], [654, 1.246823]]
CORE_FACTORIAL__UP_DOWN__CC__THEY_SAID__NONE	CORE_FACTORIAL	UP_DOWN	CC	THEY_SAID	they said up and down	2	 said	531	0	0	-0.038379	-0.000102	2256	0.053377	[[2982, 1.845008], [932, 1.550615], [521, 1.429855], [38, 1.363183], [654, 1.281732]]
CORE_FACTORIAL__UP_DOWN__CC__THEY_SAID__NONE	CORE_FACTORIAL	UP_DOWN	CC	THEY_SAID	they said up and down	3	 up	510	0	0	-0.083447	-0.000102	2256	0.053377	[[1790, 2.102177], [1888, 2.071522], [2576, 1.720305], [1519, 1.619841], [2006, 1.616877]]
CORE_FACTORIAL__UP_DOWN__CC__THEY_SAID__NONE	CORE_FACTORIAL	UP_DOWN	CC	THEY_SAID	they said up and down	4	 and	290	0	0	-0.03435	-0.000102	62	0.598819	[[62, 2.959688], [2229, 2.213619], [2171, 1.972283], [2452, 1.815522], [2633, 1.77511]]
CORE_FACTORIAL__UP_DOWN__CC__THEY_SAID__NONE	CORE_FACTORIAL	UP_DOWN	CC	THEY_SAID	they said up and down	5	 down	866	1	1	4.283485	4.283485	541	1.295133	[[541, 4.283485], [2659, 2.988352], [2753, 1.97366], [2882, 1.89386], [2852, 1.862747]]
CORE_FACTORIAL__UP_DOWN__CA__THEY_SAID__NONE	CORE_FACTORIAL	UP_DOWN	CA	THEY_SAID	they said up and window	0	<BOS>	50256	0	0	-0.000102	-0.000102	2256	0.796686	[[2256, 2.36087], [1888, 1.564183], [2787, 0.893099], [1450, 0.853876], [1048, 0.848868]]
CORE_FACTORIAL__UP_DOWN__CA__THEY_SAID__NONE	CORE_FACTORIAL	UP_DOWN	CA	THEY_SAID	they said up and window	1	they	9930	0	0	-0.133193	-0.000102	2256	0.053377	[[1790, 2.307492], [1888, 2.21476], [234, 1.470804], [1169, 1.294994], [654, 1.246823]]
CORE_FACTORIAL__UP_DOWN__CA__THEY_SAID__NONE	CORE_FACTORIAL	UP_DOWN	CA	THEY_SAID	they said up and window	2	 said	531	0	0	-0.038379	-0.000102	2256	0.053377	[[2982, 1.845008], [932, 1.550615], [521, 1.429855], [38, 1.363183], [654, 1.281732]]
CORE_FACTORIAL__UP_DOWN__CA__THEY_SAID__NONE	CORE_FACTORIAL	UP_DOWN	CA	THEY_SAID	they said up and window	3	 up	510	0	0	-0.083447	-0.000102	2256	0.053377	[[1790, 2.102177], [1888, 2.071522], [2576, 1.720305], [1519, 1.619841], [2006, 1.616877]]
CORE_FACTORIAL__UP_DOWN__CA__THEY_SAID__NONE	CORE_FACTORIAL	UP_DOWN	CA	THEY_SAID	they said up and window	4	 and	290	0	0	-0.03435	-0.000102	62	0.598819	[[62, 2.959688], [2229, 2.213619], [2171, 1.972283], [2452, 1.815522], [2633, 1.77511]]
CORE_FACTORIAL__UP_DOWN__CA__THEY_SAID__NONE	CORE_FACTORIAL	UP_DOWN	CA	THEY_SAID	they said up and window	5	 window	4324	1	1	0.396208	0.396208	62	0.148099	[[1888, 2.811589], [1790, 2.436376], [2261, 1.499522], [1893, 1.33567], [1056, 1.287912]]
CORE_FACTORIAL__UP_DOWN__AC__THEY_SAID__NONE	CORE_FACTORIAL	UP_DOWN	AC	THEY_SAID	they said gravel and down	0	<BOS>	50256	0	0	-0.000102	-0.000102	2256	0.796686	[[2256, 2.36087], [1888, 1.564183], [2787, 0.893099], [1450, 0.853876], [1048, 0.848868]]
CORE_FACTORIAL__UP_DOWN__AC__THEY_SAID__NONE	CORE_FACTORIAL	UP_DOWN	AC	THEY_SAID	they said gravel and down	1	they	9930	0	0	-0.133193	-0.000102	2256	0.053377	[[1790, 2.307492], [1888, 2.21476], [234, 1.470804], [1169, 1.294994], [654, 1.246823]]
CORE_FACTORIAL__UP_DOWN__AC__THEY_SAID__NONE	CORE_FACTORIAL	UP_DOWN	AC	THEY_SAID	they said gravel and down	2	 said	531	0	0	-0.038379	-0.000102	2256	0.053377	[[2982, 1.845008], [932, 1.550615], [521, 1.429855], [38, 1.363183], [654, 1.281732]]
CORE_FACTORIAL__UP_DOWN__AC__THEY_SAID__NONE	CORE_FACTORIAL	UP_DOWN	AC	THEY_SAID	they said gravel and down	3	 gravel	34375	0	0	-0.035595	-0.000102	2256	0.053377	[[698, 2.264631], [1888, 2.223835], [1790, 1.694361], [2297, 1.120672], [654, 1.098406]]
CORE_FACTORIAL__UP_DOWN__AC__THEY_SAID__NONE	CORE_FACTORIAL	UP_DOWN	AC	THEY_SAID	they said gravel and down	4	 and	290	0	0	-0.004003	-0.000102	2256	0.053377	[[1790, 1.816451], [1888, 1.341886], [2753, 1.11511], [1543, 1.091782], [654, 1.078456]]
CORE_FACTORIAL__UP_DOWN__AC__THEY_SAID__NONE	CORE_FACTORIAL	UP_DOWN	AC	THEY_SAID	they said gravel and down	5	 down	866	1	1	-0.108905	-0.000102	2256	0.053377	[[1790, 1.895193], [638, 1.575333], [1888, 1.473271], [2608, 1.466991], [2006, 1.307571]]
CORE_FACTORIAL__UP_DOWN__AA__THEY_SAID__NONE	CORE_FACTORIAL	UP_DOWN	AA	THEY_SAID	they said gravel and window	0	<BOS>	50256	0	0	-0.000102	-0.000102	2256	0.796686	[[2256, 2.36087], [1888, 1.564183], [2787, 0.893099], [1450, 0.853876], [1048, 0.848868]]
CORE_FACTORIAL__UP_DOWN__AA__THEY_SAID__NONE	CORE_FACTORIAL	UP_DOWN	AA	THEY_SAID	they said gravel and window	1	they	9930	0	0	-0.133193	-0.000102	2256	0.053377	[[1790, 2.307492], [1888, 2.21476], [234, 1.470804], [1169, 1.294994], [654, 1.246823]]
CORE_FACTORIAL__UP_DOWN__AA__THEY_SAID__NONE	CORE_FACTORIAL	UP_DOWN	AA	THEY_SAID	they said gravel and window	2	 said	531	0	0	-0.038379	-0.000102	2256	0.053377	[[2982, 1.845008], [932, 1.550615], [521, 1.429855], [38, 1.363183], [654, 1.281732]]
CORE_FACTORIAL__UP_DOWN__AA__THEY_SAID__NONE	CORE_FACTORIAL	UP_DOWN	AA	THEY_SAID	they said gravel and window	3	 gravel	34375	0	0	-0.035595	-0.000102	2256	0.053377	[[698, 2.264631], [1888, 2.223835], [1790, 1.694361], [2297, 1.120672], [654, 1.098406]]
CORE_FACTORIAL__UP_DOWN__AA__THEY_SAID__NONE	CORE_FACTORIAL	UP_DOWN	AA	THEY_SAID	they said gravel and window	4	 and	290	0	0	-0.004003	-0.000102	2256	0.053377	[[1790, 1.816451], [1888, 1.341886], [2753, 1.11511], [1543, 1.091782], [654, 1.078456]]
CORE_FACTORIAL__UP_DOWN__AA__THEY_SAID__NONE	CORE_FACTORIAL	UP_DOWN	AA	THEY_SAID	they said gravel and window	5	 window	4324	1	1	0.765488	0.765488	2256	0.025295	[[1888, 2.335574], [1790, 2.179839], [2659, 2.011474], [2220, 1.601987], [2167, 1.528767]]
ENDPOINT_CONTROL__UP_DOWN__FULL_FRAME__THEY_SAID__NONE	ENDPOINT_CONTROL	UP_DOWN	FULL_FRAME	THEY_SAID	they said up and down	0	<BOS>	50256	0	0	-0.000102	-0.000102	2256	0.796686	[[2256, 2.36087], [1888, 1.564183], [2787, 0.893099], [1450, 0.853876], [1048, 0.848868]]
ENDPOINT_CONTROL__UP_DOWN__FULL_FRAME__THEY_SAID__NONE	ENDPOINT_CONTROL	UP_DOWN	FULL_FRAME	THEY_SAID	they said up and down	1	they	9930	0	0	-0.133193	-0.000102	2256	0.053377	[[1790, 2.307492], [1888, 2.21476], [234, 1.470804], [1169, 1.294994], [654, 1.246823]]
ENDPOINT_CONTROL__UP_DOWN__FULL_FRAME__THEY_SAID__NONE	ENDPOINT_CONTROL	UP_DOWN	FULL_FRAME	THEY_SAID	they said up and down	2	 said	531	0	0	-0.038379	-0.000102	2256	0.053377	[[2982, 1.845008], [932, 1.550615], [521, 1.429855], [38, 1.363183], [654, 1.281732]]
ENDPOINT_CONTROL__UP_DOWN__FULL_FRAME__THEY_SAID__NONE	ENDPOINT_CONTROL	UP_DOWN	FULL_FRAME	THEY_SAID	they said up and down	3	 up	510	0	0	-0.083447	-0.000102	2256	0.053377	[[1790, 2.102177], [1888, 2.071522], [2576, 1.720305], [1519, 1.619841], [2006, 1.616877]]
ENDPOINT_CONTROL__UP_DOWN__FULL_FRAME__THEY_SAID__NONE	ENDPOINT_CONTROL	UP_DOWN	FULL_FRAME	THEY_SAID	they said up and down	4	 and	290	0	0	-0.03435	-0.000102	62	0.598819	[[62, 2.959688], [2229, 2.213619], [2171, 1.972283], [2452, 1.815522], [2633, 1.77511]]
ENDPOINT_CONTROL__UP_DOWN__FULL_FRAME__THEY_SAID__NONE	ENDPOINT_CONTROL	UP_DOWN	FULL_FRAME	THEY_SAID	they said up and down	5	 down	866	1	1	4.283485	4.283485	541	1.295133	[[541, 4.283485], [2659, 2.988352], [2753, 1.97366], [2882, 1.89386], [2852, 1.862747]]
ENDPOINT_CONTROL__UP_DOWN__SECOND_ONLY__THEY_SAID__NONE	ENDPOINT_CONTROL	UP_DOWN	SECOND_ONLY	THEY_SAID	they said down	0	<BOS>	50256	0	0	-0.000102	-0.000102	2256	0.796686	[[2256, 2.36087], [1888, 1.564183], [2787, 0.893099], [1450, 0.853876], [1048, 0.848868]]
ENDPOINT_CONTROL__UP_DOWN__SECOND_ONLY__THEY_SAID__NONE	ENDPOINT_CONTROL	UP_DOWN	SECOND_ONLY	THEY_SAID	they said down	1	they	9930	0	0	-0.133193	-0.000102	2256	0.053377	[[1790, 2.307492], [1888, 2.21476], [234, 1.470804], [1169, 1.294994], [654, 1.246823]]
ENDPOINT_CONTROL__UP_DOWN__SECOND_ONLY__THEY_SAID__NONE	ENDPOINT_CONTROL	UP_DOWN	SECOND_ONLY	THEY_SAID	they said down	2	 said	531	0	0	-0.038379	-0.000102	2256	0.053377	[[2982, 1.845008], [932, 1.550615], [521, 1.429855], [38, 1.363183], [654, 1.281732]]
ENDPOINT_CONTROL__UP_DOWN__SECOND_ONLY__THEY_SAID__NONE	ENDPOINT_CONTROL	UP_DOWN	SECOND_ONLY	THEY_SAID	they said down	3	 down	866	1	1	-0.086285	-0.000102	2256	0.053377	[[1790, 1.911327], [1888, 1.471356], [654, 1.388125], [2006, 1.283916], [181, 1.239453]]
ENDPOINT_CONTROL__UP_DOWN__CONNECTOR_SECOND__THEY_SAID__NONE	ENDPOINT_CONTROL	UP_DOWN	CONNECTOR_SECOND	THEY_SAID	they said and down	0	<BOS>	50256	0	0	-0.000102	-0.000102	2256	0.796686	[[2256, 2.36087], [1888, 1.564183], [2787, 0.893099], [1450, 0.853876], [1048, 0.848868]]
ENDPOINT_CONTROL__UP_DOWN__CONNECTOR_SECOND__THEY_SAID__NONE	ENDPOINT_CONTROL	UP_DOWN	CONNECTOR_SECOND	THEY_SAID	they said and down	1	they	9930	0	0	-0.133193	-0.000102	2256	0.053377	[[1790, 2.307492], [1888, 2.21476], [234, 1.470804], [1169, 1.294994], [654, 1.246823]]
ENDPOINT_CONTROL__UP_DOWN__CONNECTOR_SECOND__THEY_SAID__NONE	ENDPOINT_CONTROL	UP_DOWN	CONNECTOR_SECOND	THEY_SAID	they said and down	2	 said	531	0	0	-0.038379	-0.000102	2256	0.053377	[[2982, 1.845008], [932, 1.550615], [521, 1.429855], [38, 1.363183], [654, 1.281732]]
ENDPOINT_CONTROL__UP_DOWN__CONNECTOR_SECOND__THEY_SAID__NONE	ENDPOINT_CONTROL	UP_DOWN	CONNECTOR_SECOND	THEY_SAID	they said and down	3	 and	290	0	0	-0.025332	-0.000102	1953	0.231451	[[1953, 2.592321], [1790, 2.187105], [869, 1.756977], [712, 1.749517], [1457, 1.466317]]
ENDPOINT_CONTROL__UP_DOWN__CONNECTOR_SECOND__THEY_SAID__NONE	ENDPOINT_CONTROL	UP_DOWN	CONNECTOR_SECOND	THEY_SAID	they said and down	4	 down	866	1	1	-0.032598	-0.000102	1953	0.231451	[[638, 1.637505], [1790, 1.615517], [2704, 1.597775], [1888, 1.409656], [1537, 1.253699]]
ENDPOINT_CONTROL__UP_DOWN__FIRST_SECOND__THEY_SAID__NONE	ENDPOINT_CONTROL	UP_DOWN	FIRST_SECOND	THEY_SAID	they said up down	0	<BOS>	50256	0	0	-0.000102	-0.000102	2256	0.796686	[[2256, 2.36087], [1888, 1.564183], [2787, 0.893099], [1450, 0.853876], [1048, 0.848868]]
ENDPOINT_CONTROL__UP_DOWN__FIRST_SECOND__THEY_SAID__NONE	ENDPOINT_CONTROL	UP_DOWN	FIRST_SECOND	THEY_SAID	they said up down	1	they	9930	0	0	-0.133193	-0.000102	2256	0.053377	[[1790, 2.307492], [1888, 2.21476], [234, 1.470804], [1169, 1.294994], [654, 1.246823]]
ENDPOINT_CONTROL__UP_DOWN__FIRST_SECOND__THEY_SAID__NONE	ENDPOINT_CONTROL	UP_DOWN	FIRST_SECOND	THEY_SAID	they said up down	2	 said	531	0	0	-0.038379	-0.000102	2256	0.053377	[[2982, 1.845008], [932, 1.550615], [521, 1.429855], [38, 1.363183], [654, 1.281732]]
ENDPOINT_CONTROL__UP_DOWN__FIRST_SECOND__THEY_SAID__NONE	ENDPOINT_CONTROL	UP_DOWN	FIRST_SECOND	THEY_SAID	they said up down	3	 up	510	0	0	-0.083447	-0.000102	2256	0.053377	[[1790, 2.102177], [1888, 2.071522], [2576, 1.720305], [1519, 1.619841], [2006, 1.616877]]
ENDPOINT_CONTROL__UP_DOWN__FIRST_SECOND__THEY_SAID__NONE	ENDPOINT_CONTROL	UP_DOWN	FIRST_SECOND	THEY_SAID	they said up down	4	 down	866	1	1	0.400896	0.400896	2256	0.053377	[[1790, 2.046675], [544, 1.795382], [1691, 1.515461], [661, 1.425231], [1888, 1.327672]]
ENDPOINT_CONTROL__UP_DOWN__ARBFIRST_SECOND__THEY_SAID__NONE	ENDPOINT_CONTROL	UP_DOWN	ARBFIRST_SECOND	THEY_SAID	they said gravel down	0	<BOS>	50256	0	0	-0.000102	-0.000102	2256	0.796686	[[2256, 2.36087], [1888, 1.564183], [2787, 0.893099], [1450, 0.853876], [1048, 0.848868]]
ENDPOINT_CONTROL__UP_DOWN__ARBFIRST_SECOND__THEY_SAID__NONE	ENDPOINT_CONTROL	UP_DOWN	ARBFIRST_SECOND	THEY_SAID	they said gravel down	1	they	9930	0	0	-0.133193	-0.000102	2256	0.053377	[[1790, 2.307492], [1888, 2.21476], [234, 1.470804], [1169, 1.294994], [654, 1.246823]]
ENDPOINT_CONTROL__UP_DOWN__ARBFIRST_SECOND__THEY_SAID__NONE	ENDPOINT_CONTROL	UP_DOWN	ARBFIRST_SECOND	THEY_SAID	they said gravel down	2	 said	531	0	0	-0.038379	-0.000102	2256	0.053377	[[2982, 1.845008], [932, 1.550615], [521, 1.429855], [38, 1.363183], [654, 1.281732]]
ENDPOINT_CONTROL__UP_DOWN__ARBFIRST_SECOND__THEY_SAID__NONE	ENDPOINT_CONTROL	UP_DOWN	ARBFIRST_SECOND	THEY_SAID	they said gravel down	3	 gravel	34375	0	0	-0.035595	-0.000102	2256	0.053377	[[698, 2.264631], [1888, 2.223835], [1790, 1.694361], [2297, 1.120672], [654, 1.098406]]
ENDPOINT_CONTROL__UP_DOWN__ARBFIRST_SECOND__THEY_SAID__NONE	ENDPOINT_CONTROL	UP_DOWN	ARBFIRST_SECOND	THEY_SAID	they said gravel down	4	 down	866	1	1	-0.02211	-0.000102	2256	0.053377	[[1790, 1.841066], [1616, 1.565142], [1888, 1.507951], [654, 1.25222], [2006, 1.080522]]
ENDPOINT_CONTROL__UP_DOWN__FIRST_REPEAT__THEY_SAID__NONE	ENDPOINT_CONTROL	UP_DOWN	FIRST_REPEAT	THEY_SAID	they said up up	0	<BOS>	50256	0	0	-0.000102	-0.000102	2256	0.796686	[[2256, 2.36087], [1888, 1.564183], [2787, 0.893099], [1450, 0.853876], [1048, 0.848868]]
ENDPOINT_CONTROL__UP_DOWN__FIRST_REPEAT__THEY_SAID__NONE	ENDPOINT_CONTROL	UP_DOWN	FIRST_REPEAT	THEY_SAID	they said up up	1	they	9930	0	0	-0.133193	-0.000102	2256	0.053377	[[1790, 2.307492], [1888, 2.21476], [234, 1.470804], [1169, 1.294994], [654, 1.246823]]
ENDPOINT_CONTROL__UP_DOWN__FIRST_REPEAT__THEY_SAID__NONE	ENDPOINT_CONTROL	UP_DOWN	FIRST_REPEAT	THEY_SAID	they said up up	2	 said	531	0	0	-0.038379	-0.000102	2256	0.053377	[[2982, 1.845008], [932, 1.550615], [521, 1.429855], [38, 1.363183], [654, 1.281732]]
ENDPOINT_CONTROL__UP_DOWN__FIRST_REPEAT__THEY_SAID__NONE	ENDPOINT_CONTROL	UP_DOWN	FIRST_REPEAT	THEY_SAID	they said up up	3	 up	510	0	0	-0.083447	-0.000102	2256	0.053377	[[1790, 2.102177], [1888, 2.071522], [2576, 1.720305], [1519, 1.619841], [2006, 1.616877]]
ENDPOINT_CONTROL__UP_DOWN__FIRST_REPEAT__THEY_SAID__NONE	ENDPOINT_CONTROL	UP_DOWN	FIRST_REPEAT	THEY_SAID	they said up up	4	 up	510	1	1	-0.158958	-0.000102	1790	0.10171	[[1790, 2.494561], [1888, 2.392851], [2006, 1.570064], [2576, 1.504812], [2608, 1.430842]]
ENDPOINT_CONTROL__UP_DOWN__REVERSED__THEY_SAID__NONE	ENDPOINT_CONTROL	UP_DOWN	REVERSED	THEY_SAID	they said down and up	0	<BOS>	50256	0	0	-0.000102	-0.000102	2256	0.796686	[[2256, 2.36087], [1888, 1.564183], [2787, 0.893099], [1450, 0.853876], [1048, 0.848868]]
ENDPOINT_CONTROL__UP_DOWN__REVERSED__THEY_SAID__NONE	ENDPOINT_CONTROL	UP_DOWN	REVERSED	THEY_SAID	they said down and up	1	they	9930	0	0	-0.133193	-0.000102	2256	0.053377	[[1790, 2.307492], [1888, 2.21476], [234, 1.470804], [1169, 1.294994], [654, 1.246823]]
ENDPOINT_CONTROL__UP_DOWN__REVERSED__THEY_SAID__NONE	ENDPOINT_CONTROL	UP_DOWN	REVERSED	THEY_SAID	they said down and up	2	 said	531	0	0	-0.038379	-0.000102	2256	0.053377	[[2982, 1.845008], [932, 1.550615], [521, 1.429855], [38, 1.363183], [654, 1.281732]]
ENDPOINT_CONTROL__UP_DOWN__REVERSED__THEY_SAID__NONE	ENDPOINT_CONTROL	UP_DOWN	REVERSED	THEY_SAID	they said down and up	3	 down	866	0	0	-0.086285	-0.000102	2256	0.053377	[[1790, 1.911327], [1888, 1.471356], [654, 1.388125], [2006, 1.283916], [181, 1.239453]]
ENDPOINT_CONTROL__UP_DOWN__REVERSED__THEY_SAID__NONE	ENDPOINT_CONTROL	UP_DOWN	REVERSED	THEY_SAID	they said down and up	4	 and	290	0	0	-0.054046	-0.000102	2256	0.053377	[[62, 2.030801], [2175, 1.866313], [1790, 1.712837], [2171, 1.621264], [1888, 1.574105]]
ENDPOINT_CONTROL__UP_DOWN__REVERSED__THEY_SAID__NONE	ENDPOINT_CONTROL	UP_DOWN	REVERSED	THEY_SAID	they said down and up	5	 up	510	1	1	4.645932	4.645932	541	0.264716	[[541, 4.645932], [2659, 4.381216], [1348, 2.252011], [2317, 2.229485], [638, 2.112031]]
CORE_FACTORIAL__NOW_THEN__CC__BARE__NONE	CORE_FACTORIAL	NOW_THEN	CC	BARE	now and then	0	<BOS>	50256	0	0	-0.000102	-0.000102	2256	0.796686	[[2256, 2.36087], [1888, 1.564183], [2787, 0.893099], [1450, 0.853876], [1048, 0.848868]]
CORE_FACTORIAL__NOW_THEN__CC__BARE__NONE	CORE_FACTORIAL	NOW_THEN	CC	BARE	now and then	1	now	2197	0	0	-0.139163	-0.000102	1888	0.274908	[[1888, 2.69629], [1790, 2.421382], [2556, 2.098502], [1691, 1.699828], [1594, 1.453155]]
CORE_FACTORIAL__NOW_THEN__CC__BARE__NONE	CORE_FACTORIAL	NOW_THEN	CC	BARE	now and then	2	 and	290	0	0	-0.011081	-0.000102	1888	0.274908	[[2898, 2.219357], [1790, 2.004821], [2637, 1.572612], [2664, 1.316337], [337, 1.212967]]
CORE_FACTORIAL__NOW_THEN__CC__BARE__NONE	CORE_FACTORIAL	NOW_THEN	CC	BARE	now and then	3	 then	788	1	1	3.322905	3.322905	541	0.626615	[[541, 3.322905], [2753, 2.422944], [512, 1.923031], [1842, 1.867081], [2882, 1.83383]]
CORE_FACTORIAL__NOW_THEN__CA__BARE__NONE	CORE_FACTORIAL	NOW_THEN	CA	BARE	now and ocean	0	<BOS>	50256	0	0	-0.000102	-0.000102	2256	0.796686	[[2256, 2.36087], [1888, 1.564183], [2787, 0.893099], [1450, 0.853876], [1048, 0.848868]]
CORE_FACTORIAL__NOW_THEN__CA__BARE__NONE	CORE_FACTORIAL	NOW_THEN	CA	BARE	now and ocean	1	now	2197	0	0	-0.139163	-0.000102	1888	0.274908	[[1888, 2.69629], [1790, 2.421382], [2556, 2.098502], [1691, 1.699828], [1594, 1.453155]]
CORE_FACTORIAL__NOW_THEN__CA__BARE__NONE	CORE_FACTORIAL	NOW_THEN	CA	BARE	now and ocean	2	 and	290	0	0	-0.011081	-0.000102	1888	0.274908	[[2898, 2.219357], [1790, 2.004821], [2637, 1.572612], [2664, 1.316337], [337, 1.212967]]
CORE_FACTORIAL__NOW_THEN__CA__BARE__NONE	CORE_FACTORIAL	NOW_THEN	CA	BARE	now and ocean	3	 ocean	9151	1	1	0.445062	0.445062	1888	0.375008	[[1888, 2.79639], [1790, 1.738303], [2887, 1.622125], [2659, 1.367847], [654, 1.254308]]
CORE_FACTORIAL__NOW_THEN__AC__BARE__NONE	CORE_FACTORIAL	NOW_THEN	AC	BARE	velvet and then	0	<BOS>	50256	0	0	-0.000102	-0.000102	2256	0.796686	[[2256, 2.36087], [1888, 1.564183], [2787, 0.893099], [1450, 0.853876], [1048, 0.848868]]
CORE_FACTORIAL__NOW_THEN__AC__BARE__NONE	CORE_FACTORIAL	NOW_THEN	AC	BARE	velvet and then	1	vel	626	0	0	-0.023028	-0.000102	1888	0.111376	[[1888, 2.472246], [1790, 1.808281], [2481, 1.800965], [1998, 1.648996], [1819, 1.613217]]
CORE_FACTORIAL__NOW_THEN__AC__BARE__NONE	CORE_FACTORIAL	NOW_THEN	AC	BARE	velvet and then	2	vet	16809	0	0	-0.127139	-0.000102	1790	0.011393	[[1790, 2.483639], [873, 1.853712], [1888, 1.688822], [654, 1.548084], [1998, 1.38945]]
CORE_FACTORIAL__NOW_THEN__AC__BARE__NONE	CORE_FACTORIAL	NOW_THEN	AC	BARE	velvet and then	3	 and	290	0	0	-0.033055	-0.000102	1790	0.011393	[[1790, 1.596468], [1888, 1.511697], [2973, 1.403588], [2753, 1.189306], [573, 1.124926]]
CORE_FACTORIAL__NOW_THEN__AC__BARE__NONE	CORE_FACTORIAL	NOW_THEN	AC	BARE	velvet and then	4	 then	788	1	1	-0.166473	-0.000102	1790	0.011393	[[1790, 2.249437], [512, 2.160802], [824, 1.799959], [2753, 1.680165], [1691, 1.582733]]
CORE_FACTORIAL__NOW_THEN__AA__BARE__NONE	CORE_FACTORIAL	NOW_THEN	AA	BARE	velvet and ocean	0	<BOS>	50256	0	0	-0.000102	-0.000102	2256	0.796686	[[2256, 2.36087], [1888, 1.564183], [2787, 0.893099], [1450, 0.853876], [1048, 0.848868]]
CORE_FACTORIAL__NOW_THEN__AA__BARE__NONE	CORE_FACTORIAL	NOW_THEN	AA	BARE	velvet and ocean	1	vel	626	0	0	-0.023028	-0.000102	1888	0.111376	[[1888, 2.472246], [1790, 1.808281], [2481, 1.800965], [1998, 1.648996], [1819, 1.613217]]
CORE_FACTORIAL__NOW_THEN__AA__BARE__NONE	CORE_FACTORIAL	NOW_THEN	AA	BARE	velvet and ocean	2	vet	16809	0	0	-0.127139	-0.000102	1790	0.011393	[[1790, 2.483639], [873, 1.853712], [1888, 1.688822], [654, 1.548084], [1998, 1.38945]]
CORE_FACTORIAL__NOW_THEN__AA__BARE__NONE	CORE_FACTORIAL	NOW_THEN	AA	BARE	velvet and ocean	3	 and	290	0	0	-0.033055	-0.000102	1790	0.011393	[[1790, 1.596468], [1888, 1.511697], [2973, 1.403588], [2753, 1.189306], [573, 1.124926]]
CORE_FACTORIAL__NOW_THEN__AA__BARE__NONE	CORE_FACTORIAL	NOW_THEN	AA	BARE	velvet and ocean	4	 ocean	9151	1	1	0.516524	0.516524	1790	0.011393	[[1888, 2.411166], [2659, 2.007077], [2887, 1.72369], [847, 1.397401], [1790, 1.277853]]
ENDPOINT_CONTROL__NOW_THEN__FULL_FRAME__BARE__NONE	ENDPOINT_CONTROL	NOW_THEN	FULL_FRAME	BARE	now and then	0	<BOS>	50256	0	0	-0.000102	-0.000102	2256	0.796686	[[2256, 2.36087], [1888, 1.564183], [2787, 0.893099], [1450, 0.853876], [1048, 0.848868]]
ENDPOINT_CONTROL__NOW_THEN__FULL_FRAME__BARE__NONE	ENDPOINT_CONTROL	NOW_THEN	FULL_FRAME	BARE	now and then	1	now	2197	0	0	-0.139163	-0.000102	1888	0.274908	[[1888, 2.69629], [1790, 2.421382], [2556, 2.098502], [1691, 1.699828], [1594, 1.453155]]
ENDPOINT_CONTROL__NOW_THEN__FULL_FRAME__BARE__NONE	ENDPOINT_CONTROL	NOW_THEN	FULL_FRAME	BARE	now and then	2	 and	290	0	0	-0.011081	-0.000102	1888	0.274908	[[2898, 2.219357], [1790, 2.004821], [2637, 1.572612], [2664, 1.316337], [337, 1.212967]]
ENDPOINT_CONTROL__NOW_THEN__FULL_FRAME__BARE__NONE	ENDPOINT_CONTROL	NOW_THEN	FULL_FRAME	BARE	now and then	3	 then	788	1	1	3.322905	3.322905	541	0.626615	[[541, 3.322905], [2753, 2.422944], [512, 1.923031], [1842, 1.867081], [2882, 1.83383]]
ENDPOINT_CONTROL__NOW_THEN__SECOND_ONLY__BARE__NONE	ENDPOINT_CONTROL	NOW_THEN	SECOND_ONLY	BARE	then	0	<BOS>	50256	0	0	-0.000102	-0.000102	2256	0.796687	[[2256, 2.36087], [1888, 1.564183], [2787, 0.893099], [1450, 0.853876], [1048, 0.848868]]
ENDPOINT_CONTROL__NOW_THEN__SECOND_ONLY__BARE__NONE	ENDPOINT_CONTROL	NOW_THEN	SECOND_ONLY	BARE	then	1	then	8524	1	1	-0.044532	-0.000102	1790	0.014671	[[1790, 2.375541], [1888, 2.189399], [2556, 1.986101], [2697, 1.637558], [218, 1.302572]]
ENDPOINT_CONTROL__NOW_THEN__CONNECTOR_SECOND__BARE__NONE	ENDPOINT_CONTROL	NOW_THEN	CONNECTOR_SECOND	BARE	and then	0	<BOS>	50256	0	0	-0.000102	-0.000102	2256	0.796687	[[2256, 2.36087], [1888, 1.564183], [2787, 0.893099], [1450, 0.853876], [1048, 0.848868]]
ENDPOINT_CONTROL__NOW_THEN__CONNECTOR_SECOND__BARE__NONE	ENDPOINT_CONTROL	NOW_THEN	CONNECTOR_SECOND	BARE	and then	1	and	392	0	0	-0.026548	-0.000102	1790	0.124514	[[1790, 2.485384], [1888, 2.332438], [654, 1.618219], [2588, 1.395812], [1998, 1.300743]]
ENDPOINT_CONTROL__NOW_THEN__CONNECTOR_SECOND__BARE__NONE	ENDPOINT_CONTROL	NOW_THEN	CONNECTOR_SECOND	BARE	and then	2	 then	788	1	1	-0.154102	-0.000102	1790	0.124514	[[512, 2.27504], [1790, 2.158281], [2753, 1.735541], [578, 1.698417], [223, 1.544431]]
ENDPOINT_CONTROL__NOW_THEN__FIRST_SECOND__BARE__NONE	ENDPOINT_CONTROL	NOW_THEN	FIRST_SECOND	BARE	now then	0	<BOS>	50256	0	0	-0.000102	-0.000102	2256	0.796687	[[2256, 2.36087], [1888, 1.564183], [2787, 0.893099], [1450, 0.853876], [1048, 0.848868]]
ENDPOINT_CONTROL__NOW_THEN__FIRST_SECOND__BARE__NONE	ENDPOINT_CONTROL	NOW_THEN	FIRST_SECOND	BARE	now then	1	now	2197	0	0	-0.139163	-0.000102	1888	0.274909	[[1888, 2.696291], [1790, 2.421382], [2556, 2.098503], [1691, 1.699828], [1594, 1.453155]]
ENDPOINT_CONTROL__NOW_THEN__FIRST_SECOND__BARE__NONE	ENDPOINT_CONTROL	NOW_THEN	FIRST_SECOND	BARE	now then	2	 then	788	1	1	0.429657	0.429657	1888	0.274909	[[711, 1.898323], [1790, 1.82892], [2753, 1.767174], [2705, 1.724423], [2829, 1.650477]]
ENDPOINT_CONTROL__NOW_THEN__ARBFIRST_SECOND__BARE__NONE	ENDPOINT_CONTROL	NOW_THEN	ARBFIRST_SECOND	BARE	velvet then	0	<BOS>	50256	0	0	-0.000102	-0.000102	2256	0.796686	[[2256, 2.36087], [1888, 1.564183], [2787, 0.893099], [1450, 0.853876], [1048, 0.848868]]
ENDPOINT_CONTROL__NOW_THEN__ARBFIRST_SECOND__BARE__NONE	ENDPOINT_CONTROL	NOW_THEN	ARBFIRST_SECOND	BARE	velvet then	1	vel	626	0	0	-0.023028	-0.000102	1888	0.111376	[[1888, 2.472246], [1790, 1.808281], [2481, 1.800965], [1998, 1.648996], [1819, 1.613217]]
ENDPOINT_CONTROL__NOW_THEN__ARBFIRST_SECOND__BARE__NONE	ENDPOINT_CONTROL	NOW_THEN	ARBFIRST_SECOND	BARE	velvet then	2	vet	16809	0	0	-0.127139	-0.000102	1790	0.011393	[[1790, 2.483639], [873, 1.853712], [1888, 1.688822], [654, 1.548084], [1998, 1.38945]]
ENDPOINT_CONTROL__NOW_THEN__ARBFIRST_SECOND__BARE__NONE	ENDPOINT_CONTROL	NOW_THEN	ARBFIRST_SECOND	BARE	velvet then	3	 then	788	1	1	-0.110403	-0.000102	1790	0.011393	[[1790, 2.228745], [1888, 2.022451], [2556, 1.532134], [2753, 1.425974], [1946, 1.357043]]
ENDPOINT_CONTROL__NOW_THEN__FIRST_REPEAT__BARE__NONE	ENDPOINT_CONTROL	NOW_THEN	FIRST_REPEAT	BARE	now now	0	<BOS>	50256	0	0	-0.000102	-0.000102	2256	0.796687	[[2256, 2.36087], [1888, 1.564183], [2787, 0.893099], [1450, 0.853876], [1048, 0.848868]]
ENDPOINT_CONTROL__NOW_THEN__FIRST_REPEAT__BARE__NONE	ENDPOINT_CONTROL	NOW_THEN	FIRST_REPEAT	BARE	now now	1	now	2197	0	0	-0.139163	-0.000102	1888	0.274909	[[1888, 2.696291], [1790, 2.421382], [2556, 2.098503], [1691, 1.699828], [1594, 1.453155]]
ENDPOINT_CONTROL__NOW_THEN__FIRST_REPEAT__BARE__NONE	ENDPOINT_CONTROL	NOW_THEN	FIRST_REPEAT	BARE	now now	2	 now	783	1	1	-0.089321	-0.000102	1888	0.274909	[[1888, 2.344412], [1594, 2.211982], [1790, 2.079827], [1691, 1.851309], [2705, 1.65385]]
ENDPOINT_CONTROL__NOW_THEN__REVERSED__BARE__NONE	ENDPOINT_CONTROL	NOW_THEN	REVERSED	BARE	then and now	0	<BOS>	50256	0	0	-0.000102	-0.000102	2256	0.796686	[[2256, 2.36087], [1888, 1.564183], [2787, 0.893099], [1450, 0.853876], [1048, 0.848868]]
ENDPOINT_CONTROL__NOW_THEN__REVERSED__BARE__NONE	ENDPOINT_CONTROL	NOW_THEN	REVERSED	BARE	then and now	1	then	8524	0	0	-0.044532	-0.000102	1790	0.014671	[[1790, 2.375541], [1888, 2.189399], [2556, 1.9861], [2697, 1.637558], [218, 1.302572]]
ENDPOINT_CONTROL__NOW_THEN__REVERSED__BARE__NONE	ENDPOINT_CONTROL	NOW_THEN	REVERSED	BARE	then and now	2	 and	290	0	0	-0.015022	-0.000102	1790	0.014671	[[1790, 2.200185], [2898, 2.048868], [2007, 1.852924], [2664, 1.72869], [1149, 1.703113]]
ENDPOINT_CONTROL__NOW_THEN__REVERSED__BARE__NONE	ENDPOINT_CONTROL	NOW_THEN	REVERSED	BARE	then and now	3	 now	783	1	1	4.261825	4.261825	541	1.886284	[[541, 4.261825], [2753, 2.257373], [2659, 2.236052], [2898, 2.184362], [1348, 2.085634]]
CORE_FACTORIAL__NOW_THEN__CC__V9_SPACE__NONE	CORE_FACTORIAL	NOW_THEN	CC	V9_SPACE	 now and then	0	<BOS>	50256	0	0	-0.000102	-0.000102	2256	0.796686	[[2256, 2.36087], [1888, 1.564183], [2787, 0.893099], [1450, 0.853876], [1048, 0.848868]]
CORE_FACTORIAL__NOW_THEN__CC__V9_SPACE__NONE	CORE_FACTORIAL	NOW_THEN	CC	V9_SPACE	 now and then	1	 now	783	0	0	-0.096283	-0.000102	1888	0.513781	[[1888, 3.160014], [1790, 2.646234], [464, 2.16641], [1594, 1.714416], [2556, 1.571708]]
CORE_FACTORIAL__NOW_THEN__CC__V9_SPACE__NONE	CORE_FACTORIAL	NOW_THEN	CC	V9_SPACE	 now and then	2	 and	290	0	0	-0.004342	-0.000102	1888	0.513781	[[2898, 2.287115], [1790, 2.069805], [2637, 2.032096], [1888, 1.350853], [654, 1.172426]]
CORE_FACTORIAL__NOW_THEN__CC__V9_SPACE__NONE	CORE_FACTORIAL	NOW_THEN	CC	V9_SPACE	 now and then	3	 then	788	1	1	3.729732	3.729732	541	0.569717	[[541, 3.729732], [2753, 2.298112], [1397, 1.891337], [1981, 1.839666], [512, 1.821777]]
CORE_FACTORIAL__NOW_THEN__CA__V9_SPACE__NONE	CORE_FACTORIAL	NOW_THEN	CA	V9_SPACE	 now and ocean	0	<BOS>	50256	0	0	-0.000102	-0.000102	2256	0.796686	[[2256, 2.36087], [1888, 1.564183], [2787, 0.893099], [1450, 0.853876], [1048, 0.848868]]
CORE_FACTORIAL__NOW_THEN__CA__V9_SPACE__NONE	CORE_FACTORIAL	NOW_THEN	CA	V9_SPACE	 now and ocean	1	 now	783	0	0	-0.096283	-0.000102	1888	0.513781	[[1888, 3.160014], [1790, 2.646234], [464, 2.16641], [1594, 1.714416], [2556, 1.571708]]
CORE_FACTORIAL__NOW_THEN__CA__V9_SPACE__NONE	CORE_FACTORIAL	NOW_THEN	CA	V9_SPACE	 now and ocean	2	 and	290	0	0	-0.004342	-0.000102	1888	0.513781	[[2898, 2.287115], [1790, 2.069805], [2637, 2.032096], [1888, 1.350853], [654, 1.172426]]
CORE_FACTORIAL__NOW_THEN__CA__V9_SPACE__NONE	CORE_FACTORIAL	NOW_THEN	CA	V9_SPACE	 now and ocean	3	 ocean	9151	1	1	-0.100569	-0.000102	1888	0.513781	[[1888, 2.943088], [1790, 1.837369], [2887, 1.727655], [654, 1.504665], [1815, 1.243146]]
CORE_FACTORIAL__NOW_THEN__AC__V9_SPACE__NONE	CORE_FACTORIAL	NOW_THEN	AC	V9_SPACE	 velvet and then	0	<BOS>	50256	0	0	-0.000102	-0.000102	2256	0.796686	[[2256, 2.36087], [1888, 1.564183], [2787, 0.893099], [1450, 0.853876], [1048, 0.848868]]
CORE_FACTORIAL__NOW_THEN__AC__V9_SPACE__NONE	CORE_FACTORIAL	NOW_THEN	AC	V9_SPACE	 velvet and then	1	 velvet	47750	0	0	-0.163523	-0.000102	1888	0.387909	[[1888, 3.314485], [1790, 2.926576], [464, 2.356516], [1998, 1.687799], [654, 1.360172]]
CORE_FACTORIAL__NOW_THEN__AC__V9_SPACE__NONE	CORE_FACTORIAL	NOW_THEN	AC	V9_SPACE	 velvet and then	2	 and	290	0	0	-0.016854	-0.000102	1888	0.387909	[[1790, 2.073358], [1888, 1.340981], [2753, 1.285388], [585, 1.140416], [527, 1.076376]]
CORE_FACTORIAL__NOW_THEN__AC__V9_SPACE__NONE	CORE_FACTORIAL	NOW_THEN	AC	V9_SPACE	 velvet and then	3	 then	788	1	1	-0.159872	-0.000102	1888	0.387909	[[1790, 2.347558], [512, 1.683032], [2753, 1.680939], [1691, 1.597449], [824, 1.531857]]
CORE_FACTORIAL__NOW_THEN__AA__V9_SPACE__NONE	CORE_FACTORIAL	NOW_THEN	AA	V9_SPACE	 velvet and ocean	0	<BOS>	50256	0	0	-0.000102	-0.000102	2256	0.796686	[[2256, 2.36087], [1888, 1.564183], [2787, 0.893099], [1450, 0.853876], [1048, 0.848868]]
CORE_FACTORIAL__NOW_THEN__AA__V9_SPACE__NONE	CORE_FACTORIAL	NOW_THEN	AA	V9_SPACE	 velvet and ocean	1	 velvet	47750	0	0	-0.163523	-0.000102	1888	0.387909	[[1888, 3.314485], [1790, 2.926576], [464, 2.356516], [1998, 1.687799], [654, 1.360172]]
CORE_FACTORIAL__NOW_THEN__AA__V9_SPACE__NONE	CORE_FACTORIAL	NOW_THEN	AA	V9_SPACE	 velvet and ocean	2	 and	290	0	0	-0.016854	-0.000102	1888	0.387909	[[1790, 2.073358], [1888, 1.340981], [2753, 1.285388], [585, 1.140416], [527, 1.076376]]
CORE_FACTORIAL__NOW_THEN__AA__V9_SPACE__NONE	CORE_FACTORIAL	NOW_THEN	AA	V9_SPACE	 velvet and ocean	3	 ocean	9151	1	1	0.452363	0.452363	1888	0.387909	[[1888, 2.281143], [847, 1.715389], [2659, 1.635967], [638, 1.620678], [1790, 1.35935]]
ENDPOINT_CONTROL__NOW_THEN__FULL_FRAME__V9_SPACE__NONE	ENDPOINT_CONTROL	NOW_THEN	FULL_FRAME	V9_SPACE	 now and then	0	<BOS>	50256	0	0	-0.000102	-0.000102	2256	0.796686	[[2256, 2.36087], [1888, 1.564183], [2787, 0.893099], [1450, 0.853876], [1048, 0.848868]]
ENDPOINT_CONTROL__NOW_THEN__FULL_FRAME__V9_SPACE__NONE	ENDPOINT_CONTROL	NOW_THEN	FULL_FRAME	V9_SPACE	 now and then	1	 now	783	0	0	-0.096283	-0.000102	1888	0.513781	[[1888, 3.160014], [1790, 2.646234], [464, 2.16641], [1594, 1.714416], [2556, 1.571708]]
ENDPOINT_CONTROL__NOW_THEN__FULL_FRAME__V9_SPACE__NONE	ENDPOINT_CONTROL	NOW_THEN	FULL_FRAME	V9_SPACE	 now and then	2	 and	290	0	0	-0.004342	-0.000102	1888	0.513781	[[2898, 2.287115], [1790, 2.069805], [2637, 2.032096], [1888, 1.350853], [654, 1.172426]]
ENDPOINT_CONTROL__NOW_THEN__FULL_FRAME__V9_SPACE__NONE	ENDPOINT_CONTROL	NOW_THEN	FULL_FRAME	V9_SPACE	 now and then	3	 then	788	1	1	3.729732	3.729732	541	0.569717	[[541, 3.729732], [2753, 2.298112], [1397, 1.891337], [1981, 1.839666], [512, 1.821777]]
ENDPOINT_CONTROL__NOW_THEN__SECOND_ONLY__V9_SPACE__NONE	ENDPOINT_CONTROL	NOW_THEN	SECOND_ONLY	V9_SPACE	 then	0	<BOS>	50256	0	0	-0.000102	-0.000102	2256	0.796687	[[2256, 2.36087], [1888, 1.564183], [2787, 0.893099], [1450, 0.853876], [1048, 0.848868]]
ENDPOINT_CONTROL__NOW_THEN__SECOND_ONLY__V9_SPACE__NONE	ENDPOINT_CONTROL	NOW_THEN	SECOND_ONLY	V9_SPACE	 then	1	 then	788	1	1	-0.062131	-0.000102	464	1.043617	[[464, 3.673456], [1790, 2.629839], [1888, 2.602976], [2556, 1.913362], [654, 1.776405]]
ENDPOINT_CONTROL__NOW_THEN__CONNECTOR_SECOND__V9_SPACE__NONE	ENDPOINT_CONTROL	NOW_THEN	CONNECTOR_SECOND	V9_SPACE	 and then	0	<BOS>	50256	0	0	-0.000102	-0.000102	2256	0.796687	[[2256, 2.36087], [1888, 1.564183], [2787, 0.893099], [1450, 0.853876], [1048, 0.848868]]
ENDPOINT_CONTROL__NOW_THEN__CONNECTOR_SECOND__V9_SPACE__NONE	ENDPOINT_CONTROL	NOW_THEN	CONNECTOR_SECOND	V9_SPACE	 and then	1	 and	290	0	0	-0.032673	-0.000102	1790	0.284403	[[1790, 2.944628], [1888, 2.660225], [654, 1.689219], [1203, 1.564642], [464, 1.471345]]
ENDPOINT_CONTROL__NOW_THEN__CONNECTOR_SECOND__V9_SPACE__NONE	ENDPOINT_CONTROL	NOW_THEN	CONNECTOR_SECOND	V9_SPACE	 and then	2	 then	788	1	1	-0.140306	-0.000102	1790	0.284403	[[1790, 2.441132], [512, 2.262569], [1186, 1.763942], [2753, 1.753279], [824, 1.575417]]
ENDPOINT_CONTROL__NOW_THEN__FIRST_SECOND__V9_SPACE__NONE	ENDPOINT_CONTROL	NOW_THEN	FIRST_SECOND	V9_SPACE	 now then	0	<BOS>	50256	0	0	-0.000102	-0.000102	2256	0.796687	[[2256, 2.36087], [1888, 1.564183], [2787, 0.893099], [1450, 0.853876], [1048, 0.848868]]
ENDPOINT_CONTROL__NOW_THEN__FIRST_SECOND__V9_SPACE__NONE	ENDPOINT_CONTROL	NOW_THEN	FIRST_SECOND	V9_SPACE	 now then	1	 now	783	0	0	-0.096283	-0.000102	1888	0.51378	[[1888, 3.160015], [1790, 2.646235], [464, 2.166409], [1594, 1.714416], [2556, 1.571707]]
ENDPOINT_CONTROL__NOW_THEN__FIRST_SECOND__V9_SPACE__NONE	ENDPOINT_CONTROL	NOW_THEN	FIRST_SECOND	V9_SPACE	 now then	2	 then	788	1	1	0.663791	0.663791	1888	0.51378	[[711, 1.977781], [1790, 1.727018], [2753, 1.519158], [1888, 1.48718], [2131, 1.472856]]
ENDPOINT_CONTROL__NOW_THEN__ARBFIRST_SECOND__V9_SPACE__NONE	ENDPOINT_CONTROL	NOW_THEN	ARBFIRST_SECOND	V9_SPACE	 velvet then	0	<BOS>	50256	0	0	-0.000102	-0.000102	2256	0.796687	[[2256, 2.36087], [1888, 1.564183], [2787, 0.893099], [1450, 0.853876], [1048, 0.848868]]
ENDPOINT_CONTROL__NOW_THEN__ARBFIRST_SECOND__V9_SPACE__NONE	ENDPOINT_CONTROL	NOW_THEN	ARBFIRST_SECOND	V9_SPACE	 velvet then	1	 velvet	47750	0	0	-0.163523	-0.000102	1888	0.387908	[[1888, 3.314484], [1790, 2.926577], [464, 2.356516], [1998, 1.687799], [654, 1.360171]]
ENDPOINT_CONTROL__NOW_THEN__ARBFIRST_SECOND__V9_SPACE__NONE	ENDPOINT_CONTROL	NOW_THEN	ARBFIRST_SECOND	V9_SPACE	 velvet then	2	 then	788	1	1	-0.081726	-0.000102	1888	0.387908	[[1790, 2.361969], [2602, 2.084525], [306, 1.540253], [2556, 1.5306], [1691, 1.512409]]
ENDPOINT_CONTROL__NOW_THEN__FIRST_REPEAT__V9_SPACE__NONE	ENDPOINT_CONTROL	NOW_THEN	FIRST_REPEAT	V9_SPACE	 now now	0	<BOS>	50256	0	0	-0.000102	-0.000102	2256	0.796687	[[2256, 2.36087], [1888, 1.564183], [2787, 0.893099], [1450, 0.853876], [1048, 0.848868]]
ENDPOINT_CONTROL__NOW_THEN__FIRST_REPEAT__V9_SPACE__NONE	ENDPOINT_CONTROL	NOW_THEN	FIRST_REPEAT	V9_SPACE	 now now	1	 now	783	0	0	-0.096283	-0.000102	1888	0.51378	[[1888, 3.160015], [1790, 2.646235], [464, 2.166409], [1594, 1.714416], [2556, 1.571707]]
ENDPOINT_CONTROL__NOW_THEN__FIRST_REPEAT__V9_SPACE__NONE	ENDPOINT_CONTROL	NOW_THEN	FIRST_REPEAT	V9_SPACE	 now now	2	 now	783	1	1	-0.133067	-0.000102	1888	0.51378	[[1888, 2.57509], [1594, 2.452721], [1790, 2.201005], [1691, 1.869354], [2705, 1.541404]]
ENDPOINT_CONTROL__NOW_THEN__REVERSED__V9_SPACE__NONE	ENDPOINT_CONTROL	NOW_THEN	REVERSED	V9_SPACE	 then and now	0	<BOS>	50256	0	0	-0.000102	-0.000102	2256	0.796686	[[2256, 2.36087], [1888, 1.564183], [2787, 0.893099], [1450, 0.853876], [1048, 0.848868]]
ENDPOINT_CONTROL__NOW_THEN__REVERSED__V9_SPACE__NONE	ENDPOINT_CONTROL	NOW_THEN	REVERSED	V9_SPACE	 then and now	1	 then	788	0	0	-0.062131	-0.000102	464	1.043617	[[464, 3.673456], [1790, 2.629839], [1888, 2.602975], [2556, 1.913362], [654, 1.776405]]
ENDPOINT_CONTROL__NOW_THEN__REVERSED__V9_SPACE__NONE	ENDPOINT_CONTROL	NOW_THEN	REVERSED	V9_SPACE	 then and now	2	 and	290	0	0	-0.020688	-0.000102	464	1.043617	[[1790, 2.33103], [2898, 2.098856], [654, 1.581408], [2007, 1.537227], [2753, 1.514525]]
ENDPOINT_CONTROL__NOW_THEN__REVERSED__V9_SPACE__NONE	ENDPOINT_CONTROL	NOW_THEN	REVERSED	V9_SPACE	 then and now	3	 now	783	1	1	4.263094	4.263094	541	0.589638	[[541, 4.263094], [1348, 2.272428], [2753, 2.269704], [1691, 2.170444], [2659, 1.981185]]
CORE_FACTORIAL__NOW_THEN__CC__THE_PHRASE__NONE	CORE_FACTORIAL	NOW_THEN	CC	THE_PHRASE	the phrase now and then	0	<BOS>	50256	0	0	-0.000102	-0.000102	2256	0.796686	[[2256, 2.36087], [1888, 1.564183], [2787, 0.893099], [1450, 0.853876], [1048, 0.848868]]
CORE_FACTORIAL__NOW_THEN__CC__THE_PHRASE__NONE	CORE_FACTORIAL	NOW_THEN	CC	THE_PHRASE	the phrase now and then	1	the	1169	0	0	-0.058428	-0.000102	1790	0.119972	[[1790, 2.74375], [1888, 2.623779], [1203, 1.370484], [654, 1.287318], [1504, 1.273196]]
CORE_FACTORIAL__NOW_THEN__CC__THE_PHRASE__NONE	CORE_FACTORIAL	NOW_THEN	CC	THE_PHRASE	the phrase now and then	2	 phrase	9546	0	0	-0.055584	-0.000102	2073	0.489396	[[2073, 3.233146], [1026, 1.694937], [2070, 1.648536], [388, 1.556334], [1888, 1.459668]]
CORE_FACTORIAL__NOW_THEN__CC__THE_PHRASE__NONE	CORE_FACTORIAL	NOW_THEN	CC	THE_PHRASE	the phrase now and then	3	 now	783	0	0	-0.027529	-0.000102	2073	0.489396	[[1594, 2.151263], [2556, 1.796028], [1888, 1.480811], [165, 1.398956], [1762, 1.378117]]
CORE_FACTORIAL__NOW_THEN__CC__THE_PHRASE__NONE	CORE_FACTORIAL	NOW_THEN	CC	THE_PHRASE	the phrase now and then	4	 and	290	0	0	-0.010343	-0.000102	2073	0.433448	[[2898, 2.799698], [2637, 2.146196], [1790, 1.920236], [2635, 1.741336], [593, 1.720722]]
CORE_FACTORIAL__NOW_THEN__CC__THE_PHRASE__NONE	CORE_FACTORIAL	NOW_THEN	CC	THE_PHRASE	the phrase now and then	5	 then	788	1	1	4.171423	4.171423	541	0.938277	[[541, 4.171423], [2753, 2.295524], [2286, 2.163241], [1997, 1.86891], [512, 1.73397]]
CORE_FACTORIAL__NOW_THEN__CA__THE_PHRASE__NONE	CORE_FACTORIAL	NOW_THEN	CA	THE_PHRASE	the phrase now and ocean	0	<BOS>	50256	0	0	-0.000102	-0.000102	2256	0.796686	[[2256, 2.36087], [1888, 1.564183], [2787, 0.893099], [1450, 0.853876], [1048, 0.848868]]
CORE_FACTORIAL__NOW_THEN__CA__THE_PHRASE__NONE	CORE_FACTORIAL	NOW_THEN	CA	THE_PHRASE	the phrase now and ocean	1	the	1169	0	0	-0.058428	-0.000102	1790	0.119972	[[1790, 2.74375], [1888, 2.623779], [1203, 1.370484], [654, 1.287318], [1504, 1.273196]]
CORE_FACTORIAL__NOW_THEN__CA__THE_PHRASE__NONE	CORE_FACTORIAL	NOW_THEN	CA	THE_PHRASE	the phrase now and ocean	2	 phrase	9546	0	0	-0.055584	-0.000102	2073	0.489396	[[2073, 3.233146], [1026, 1.694937], [2070, 1.648536], [388, 1.556334], [1888, 1.459668]]
CORE_FACTORIAL__NOW_THEN__CA__THE_PHRASE__NONE	CORE_FACTORIAL	NOW_THEN	CA	THE_PHRASE	the phrase now and ocean	3	 now	783	0	0	-0.027529	-0.000102	2073	0.489396	[[1594, 2.151263], [2556, 1.796028], [1888, 1.480811], [165, 1.398956], [1762, 1.378117]]
CORE_FACTORIAL__NOW_THEN__CA__THE_PHRASE__NONE	CORE_FACTORIAL	NOW_THEN	CA	THE_PHRASE	the phrase now and ocean	4	 and	290	0	0	-0.010343	-0.000102	2073	0.433448	[[2898, 2.799698], [2637, 2.146196], [1790, 1.920236], [2635, 1.741336], [593, 1.720722]]
CORE_FACTORIAL__NOW_THEN__CA__THE_PHRASE__NONE	CORE_FACTORIAL	NOW_THEN	CA	THE_PHRASE	the phrase now and ocean	5	 ocean	9151	1	1	-0.096179	-0.000102	2073	0.433448	[[1888, 2.708628], [1790, 1.73982], [2887, 1.416453], [654, 1.302258], [1815, 1.222727]]
CORE_FACTORIAL__NOW_THEN__AC__THE_PHRASE__NONE	CORE_FACTORIAL	NOW_THEN	AC	THE_PHRASE	the phrase velvet and then	0	<BOS>	50256	0	0	-0.000102	-0.000102	2256	0.796686	[[2256, 2.36087], [1888, 1.564183], [2787, 0.893099], [1450, 0.853876], [1048, 0.848868]]
CORE_FACTORIAL__NOW_THEN__AC__THE_PHRASE__NONE	CORE_FACTORIAL	NOW_THEN	AC	THE_PHRASE	the phrase velvet and then	1	the	1169	0	0	-0.058428	-0.000102	1790	0.119972	[[1790, 2.74375], [1888, 2.623779], [1203, 1.370484], [654, 1.287318], [1504, 1.273196]]
CORE_FACTORIAL__NOW_THEN__AC__THE_PHRASE__NONE	CORE_FACTORIAL	NOW_THEN	AC	THE_PHRASE	the phrase velvet and then	2	 phrase	9546	0	0	-0.055584	-0.000102	2073	0.489396	[[2073, 3.233146], [1026, 1.694937], [2070, 1.648536], [388, 1.556334], [1888, 1.459668]]
CORE_FACTORIAL__NOW_THEN__AC__THE_PHRASE__NONE	CORE_FACTORIAL	NOW_THEN	AC	THE_PHRASE	the phrase velvet and then	3	 velvet	47750	0	0	-0.067463	-0.000102	2073	0.489396	[[1888, 2.105064], [1790, 2.049546], [778, 1.50916], [1505, 1.239472], [265, 1.131526]]
CORE_FACTORIAL__NOW_THEN__AC__THE_PHRASE__NONE	CORE_FACTORIAL	NOW_THEN	AC	THE_PHRASE	the phrase velvet and then	4	 and	290	0	0	-0.004826	-0.000102	2073	0.489396	[[1790, 1.69873], [1543, 1.312191], [2753, 1.132022], [194, 1.065912], [1336, 1.039087]]
CORE_FACTORIAL__NOW_THEN__AC__THE_PHRASE__NONE	CORE_FACTORIAL	NOW_THEN	AC	THE_PHRASE	the phrase velvet and then	5	 then	788	1	1	-0.169526	-0.000102	2073	0.489396	[[1790, 2.114995], [2753, 1.550198], [512, 1.519411], [296, 1.477006], [1186, 1.476979]]
CORE_FACTORIAL__NOW_THEN__AA__THE_PHRASE__NONE	CORE_FACTORIAL	NOW_THEN	AA	THE_PHRASE	the phrase velvet and ocean	0	<BOS>	50256	0	0	-0.000102	-0.000102	2256	0.796686	[[2256, 2.36087], [1888, 1.564183], [2787, 0.893099], [1450, 0.853876], [1048, 0.848868]]
CORE_FACTORIAL__NOW_THEN__AA__THE_PHRASE__NONE	CORE_FACTORIAL	NOW_THEN	AA	THE_PHRASE	the phrase velvet and ocean	1	the	1169	0	0	-0.058428	-0.000102	1790	0.119972	[[1790, 2.74375], [1888, 2.623779], [1203, 1.370484], [654, 1.287318], [1504, 1.273196]]
CORE_FACTORIAL__NOW_THEN__AA__THE_PHRASE__NONE	CORE_FACTORIAL	NOW_THEN	AA	THE_PHRASE	the phrase velvet and ocean	2	 phrase	9546	0	0	-0.055584	-0.000102	2073	0.489396	[[2073, 3.233146], [1026, 1.694937], [2070, 1.648536], [388, 1.556334], [1888, 1.459668]]
CORE_FACTORIAL__NOW_THEN__AA__THE_PHRASE__NONE	CORE_FACTORIAL	NOW_THEN	AA	THE_PHRASE	the phrase velvet and ocean	3	 velvet	47750	0	0	-0.067463	-0.000102	2073	0.489396	[[1888, 2.105064], [1790, 2.049546], [778, 1.50916], [1505, 1.239472], [265, 1.131526]]
CORE_FACTORIAL__NOW_THEN__AA__THE_PHRASE__NONE	CORE_FACTORIAL	NOW_THEN	AA	THE_PHRASE	the phrase velvet and ocean	4	 and	290	0	0	-0.004826	-0.000102	2073	0.489396	[[1790, 1.69873], [1543, 1.312191], [2753, 1.132022], [194, 1.065912], [1336, 1.039087]]
CORE_FACTORIAL__NOW_THEN__AA__THE_PHRASE__NONE	CORE_FACTORIAL	NOW_THEN	AA	THE_PHRASE	the phrase velvet and ocean	5	 ocean	9151	1	1	0.204424	0.204424	2073	0.489396	[[1888, 1.727994], [847, 1.404492], [638, 1.366465], [2887, 1.16727], [1815, 1.148671]]
ENDPOINT_CONTROL__NOW_THEN__FULL_FRAME__THE_PHRASE__NONE	ENDPOINT_CONTROL	NOW_THEN	FULL_FRAME	THE_PHRASE	the phrase now and then	0	<BOS>	50256	0	0	-0.000102	-0.000102	2256	0.796686	[[2256, 2.36087], [1888, 1.564183], [2787, 0.893099], [1450, 0.853876], [1048, 0.848868]]
ENDPOINT_CONTROL__NOW_THEN__FULL_FRAME__THE_PHRASE__NONE	ENDPOINT_CONTROL	NOW_THEN	FULL_FRAME	THE_PHRASE	the phrase now and then	1	the	1169	0	0	-0.058428	-0.000102	1790	0.119972	[[1790, 2.74375], [1888, 2.623779], [1203, 1.370484], [654, 1.287318], [1504, 1.273196]]
ENDPOINT_CONTROL__NOW_THEN__FULL_FRAME__THE_PHRASE__NONE	ENDPOINT_CONTROL	NOW_THEN	FULL_FRAME	THE_PHRASE	the phrase now and then	2	 phrase	9546	0	0	-0.055584	-0.000102	2073	0.489396	[[2073, 3.233146], [1026, 1.694937], [2070, 1.648536], [388, 1.556334], [1888, 1.459668]]
ENDPOINT_CONTROL__NOW_THEN__FULL_FRAME__THE_PHRASE__NONE	ENDPOINT_CONTROL	NOW_THEN	FULL_FRAME	THE_PHRASE	the phrase now and then	3	 now	783	0	0	-0.027529	-0.000102	2073	0.489396	[[1594, 2.151263], [2556, 1.796028], [1888, 1.480811], [165, 1.398956], [1762, 1.378117]]
ENDPOINT_CONTROL__NOW_THEN__FULL_FRAME__THE_PHRASE__NONE	ENDPOINT_CONTROL	NOW_THEN	FULL_FRAME	THE_PHRASE	the phrase now and then	4	 and	290	0	0	-0.010343	-0.000102	2073	0.433448	[[2898, 2.799698], [2637, 2.146196], [1790, 1.920236], [2635, 1.741336], [593, 1.720722]]
ENDPOINT_CONTROL__NOW_THEN__FULL_FRAME__THE_PHRASE__NONE	ENDPOINT_CONTROL	NOW_THEN	FULL_FRAME	THE_PHRASE	the phrase now and then	5	 then	788	1	1	4.171423	4.171423	541	0.938277	[[541, 4.171423], [2753, 2.295524], [2286, 2.163241], [1997, 1.86891], [512, 1.73397]]
ENDPOINT_CONTROL__NOW_THEN__SECOND_ONLY__THE_PHRASE__NONE	ENDPOINT_CONTROL	NOW_THEN	SECOND_ONLY	THE_PHRASE	the phrase then	0	<BOS>	50256	0	0	-0.000102	-0.000102	2256	0.796686	[[2256, 2.36087], [1888, 1.564183], [2787, 0.893099], [1450, 0.853876], [1048, 0.848868]]
ENDPOINT_CONTROL__NOW_THEN__SECOND_ONLY__THE_PHRASE__NONE	ENDPOINT_CONTROL	NOW_THEN	SECOND_ONLY	THE_PHRASE	the phrase then	1	the	1169	0	0	-0.058428	-0.000102	1790	0.119972	[[1790, 2.74375], [1888, 2.623779], [1203, 1.370484], [654, 1.287318], [1504, 1.273196]]
ENDPOINT_CONTROL__NOW_THEN__SECOND_ONLY__THE_PHRASE__NONE	ENDPOINT_CONTROL	NOW_THEN	SECOND_ONLY	THE_PHRASE	the phrase then	2	 phrase	9546	0	0	-0.055584	-0.000102	2073	0.489396	[[2073, 3.233146], [1026, 1.694937], [2070, 1.648536], [388, 1.556334], [1888, 1.459668]]
ENDPOINT_CONTROL__NOW_THEN__SECOND_ONLY__THE_PHRASE__NONE	ENDPOINT_CONTROL	NOW_THEN	SECOND_ONLY	THE_PHRASE	the phrase then	3	 then	788	1	1	-0.073907	-0.000102	2073	0.489396	[[2556, 1.880588], [1315, 1.536177], [966, 1.46005], [165, 1.451751], [1208, 1.317057]]
ENDPOINT_CONTROL__NOW_THEN__CONNECTOR_SECOND__THE_PHRASE__NONE	ENDPOINT_CONTROL	NOW_THEN	CONNECTOR_SECOND	THE_PHRASE	the phrase and then	0	<BOS>	50256	0	0	-0.000102	-0.000102	2256	0.796686	[[2256, 2.36087], [1888, 1.564183], [2787, 0.893099], [1450, 0.853876], [1048, 0.848868]]
ENDPOINT_CONTROL__NOW_THEN__CONNECTOR_SECOND__THE_PHRASE__NONE	ENDPOINT_CONTROL	NOW_THEN	CONNECTOR_SECOND	THE_PHRASE	the phrase and then	1	the	1169	0	0	-0.058428	-0.000102	1790	0.119972	[[1790, 2.74375], [1888, 2.623779], [1203, 1.370484], [654, 1.287318], [1504, 1.273196]]
ENDPOINT_CONTROL__NOW_THEN__CONNECTOR_SECOND__THE_PHRASE__NONE	ENDPOINT_CONTROL	NOW_THEN	CONNECTOR_SECOND	THE_PHRASE	the phrase and then	2	 phrase	9546	0	0	-0.055584	-0.000102	2073	0.489396	[[2073, 3.233146], [1026, 1.694937], [2070, 1.648536], [388, 1.556334], [1888, 1.459668]]
ENDPOINT_CONTROL__NOW_THEN__CONNECTOR_SECOND__THE_PHRASE__NONE	ENDPOINT_CONTROL	NOW_THEN	CONNECTOR_SECOND	THE_PHRASE	the phrase and then	3	 and	290	0	0	-0.009063	-0.000102	2073	0.489396	[[1790, 1.619635], [1888, 1.466792], [1439, 1.419283], [654, 1.352773], [1208, 1.316682]]
ENDPOINT_CONTROL__NOW_THEN__CONNECTOR_SECOND__THE_PHRASE__NONE	ENDPOINT_CONTROL	NOW_THEN	CONNECTOR_SECOND	THE_PHRASE	the phrase and then	4	 then	788	1	1	-0.067707	-0.000102	2073	0.489396	[[1790, 1.879385], [512, 1.859506], [1186, 1.855725], [296, 1.495389], [2753, 1.380034]]
ENDPOINT_CONTROL__NOW_THEN__FIRST_SECOND__THE_PHRASE__NONE	ENDPOINT_CONTROL	NOW_THEN	FIRST_SECOND	THE_PHRASE	the phrase now then	0	<BOS>	50256	0	0	-0.000102	-0.000102	2256	0.796686	[[2256, 2.36087], [1888, 1.564183], [2787, 0.893099], [1450, 0.853876], [1048, 0.848868]]
ENDPOINT_CONTROL__NOW_THEN__FIRST_SECOND__THE_PHRASE__NONE	ENDPOINT_CONTROL	NOW_THEN	FIRST_SECOND	THE_PHRASE	the phrase now then	1	the	1169	0	0	-0.058428	-0.000102	1790	0.119972	[[1790, 2.74375], [1888, 2.623779], [1203, 1.370484], [654, 1.287318], [1504, 1.273196]]
ENDPOINT_CONTROL__NOW_THEN__FIRST_SECOND__THE_PHRASE__NONE	ENDPOINT_CONTROL	NOW_THEN	FIRST_SECOND	THE_PHRASE	the phrase now then	2	 phrase	9546	0	0	-0.055584	-0.000102	2073	0.489396	[[2073, 3.233146], [1026, 1.694937], [2070, 1.648536], [388, 1.556334], [1888, 1.459668]]
ENDPOINT_CONTROL__NOW_THEN__FIRST_SECOND__THE_PHRASE__NONE	ENDPOINT_CONTROL	NOW_THEN	FIRST_SECOND	THE_PHRASE	the phrase now then	3	 now	783	0	0	-0.027529	-0.000102	2073	0.489396	[[1594, 2.151263], [2556, 1.796028], [1888, 1.480811], [165, 1.398956], [1762, 1.378117]]
ENDPOINT_CONTROL__NOW_THEN__FIRST_SECOND__THE_PHRASE__NONE	ENDPOINT_CONTROL	NOW_THEN	FIRST_SECOND	THE_PHRASE	the phrase now then	4	 then	788	1	1	0.166798	0.166798	2073	0.489396	[[2131, 1.566992], [1790, 1.546986], [2602, 1.47611], [711, 1.413552], [1888, 1.151539]]
ENDPOINT_CONTROL__NOW_THEN__ARBFIRST_SECOND__THE_PHRASE__NONE	ENDPOINT_CONTROL	NOW_THEN	ARBFIRST_SECOND	THE_PHRASE	the phrase velvet then	0	<BOS>	50256	0	0	-0.000102	-0.000102	2256	0.796686	[[2256, 2.36087], [1888, 1.564183], [2787, 0.893099], [1450, 0.853876], [1048, 0.848868]]
ENDPOINT_CONTROL__NOW_THEN__ARBFIRST_SECOND__THE_PHRASE__NONE	ENDPOINT_CONTROL	NOW_THEN	ARBFIRST_SECOND	THE_PHRASE	the phrase velvet then	1	the	1169	0	0	-0.058428	-0.000102	1790	0.119972	[[1790, 2.74375], [1888, 2.623779], [1203, 1.370484], [654, 1.287318], [1504, 1.273196]]
ENDPOINT_CONTROL__NOW_THEN__ARBFIRST_SECOND__THE_PHRASE__NONE	ENDPOINT_CONTROL	NOW_THEN	ARBFIRST_SECOND	THE_PHRASE	the phrase velvet then	2	 phrase	9546	0	0	-0.055584	-0.000102	2073	0.489396	[[2073, 3.233146], [1026, 1.694937], [2070, 1.648536], [388, 1.556334], [1888, 1.459668]]
ENDPOINT_CONTROL__NOW_THEN__ARBFIRST_SECOND__THE_PHRASE__NONE	ENDPOINT_CONTROL	NOW_THEN	ARBFIRST_SECOND	THE_PHRASE	the phrase velvet then	3	 velvet	47750	0	0	-0.067463	-0.000102	2073	0.489396	[[1888, 2.105064], [1790, 2.049546], [778, 1.50916], [1505, 1.239472], [265, 1.131526]]
ENDPOINT_CONTROL__NOW_THEN__ARBFIRST_SECOND__THE_PHRASE__NONE	ENDPOINT_CONTROL	NOW_THEN	ARBFIRST_SECOND	THE_PHRASE	the phrase velvet then	4	 then	788	1	1	-0.081891	-0.000102	2073	0.489396	[[1790, 1.959225], [2602, 1.795948], [2556, 1.777022], [2753, 1.411699], [137, 1.29556]]
ENDPOINT_CONTROL__NOW_THEN__FIRST_REPEAT__THE_PHRASE__NONE	ENDPOINT_CONTROL	NOW_THEN	FIRST_REPEAT	THE_PHRASE	the phrase now now	0	<BOS>	50256	0	0	-0.000102	-0.000102	2256	0.796686	[[2256, 2.36087], [1888, 1.564183], [2787, 0.893099], [1450, 0.853876], [1048, 0.848868]]
ENDPOINT_CONTROL__NOW_THEN__FIRST_REPEAT__THE_PHRASE__NONE	ENDPOINT_CONTROL	NOW_THEN	FIRST_REPEAT	THE_PHRASE	the phrase now now	1	the	1169	0	0	-0.058428	-0.000102	1790	0.119972	[[1790, 2.74375], [1888, 2.623779], [1203, 1.370484], [654, 1.287318], [1504, 1.273196]]
ENDPOINT_CONTROL__NOW_THEN__FIRST_REPEAT__THE_PHRASE__NONE	ENDPOINT_CONTROL	NOW_THEN	FIRST_REPEAT	THE_PHRASE	the phrase now now	2	 phrase	9546	0	0	-0.055584	-0.000102	2073	0.489396	[[2073, 3.233146], [1026, 1.694937], [2070, 1.648536], [388, 1.556334], [1888, 1.459668]]
ENDPOINT_CONTROL__NOW_THEN__FIRST_REPEAT__THE_PHRASE__NONE	ENDPOINT_CONTROL	NOW_THEN	FIRST_REPEAT	THE_PHRASE	the phrase now now	3	 now	783	0	0	-0.027529	-0.000102	2073	0.489396	[[1594, 2.151263], [2556, 1.796028], [1888, 1.480811], [165, 1.398956], [1762, 1.378117]]
ENDPOINT_CONTROL__NOW_THEN__FIRST_REPEAT__THE_PHRASE__NONE	ENDPOINT_CONTROL	NOW_THEN	FIRST_REPEAT	THE_PHRASE	the phrase now now	4	 now	783	1	1	-0.086592	-0.000102	2073	0.489396	[[1594, 2.05458], [1888, 1.536995], [2556, 1.382923], [165, 1.35606], [1762, 1.30917]]
ENDPOINT_CONTROL__NOW_THEN__REVERSED__THE_PHRASE__NONE	ENDPOINT_CONTROL	NOW_THEN	REVERSED	THE_PHRASE	the phrase then and now	0	<BOS>	50256	0	0	-0.000102	-0.000102	2256	0.796686	[[2256, 2.36087], [1888, 1.564183], [2787, 0.893099], [1450, 0.853876], [1048, 0.848868]]
ENDPOINT_CONTROL__NOW_THEN__REVERSED__THE_PHRASE__NONE	ENDPOINT_CONTROL	NOW_THEN	REVERSED	THE_PHRASE	the phrase then and now	1	the	1169	0	0	-0.058428	-0.000102	1790	0.119972	[[1790, 2.74375], [1888, 2.623779], [1203, 1.370484], [654, 1.287318], [1504, 1.273196]]
ENDPOINT_CONTROL__NOW_THEN__REVERSED__THE_PHRASE__NONE	ENDPOINT_CONTROL	NOW_THEN	REVERSED	THE_PHRASE	the phrase then and now	2	 phrase	9546	0	0	-0.055584	-0.000102	2073	0.489396	[[2073, 3.233146], [1026, 1.694937], [2070, 1.648536], [388, 1.556334], [1888, 1.459668]]
ENDPOINT_CONTROL__NOW_THEN__REVERSED__THE_PHRASE__NONE	ENDPOINT_CONTROL	NOW_THEN	REVERSED	THE_PHRASE	the phrase then and now	3	 then	788	0	0	-0.073907	-0.000102	2073	0.489396	[[2556, 1.880588], [1315, 1.536177], [966, 1.46005], [165, 1.451751], [1208, 1.317057]]
ENDPOINT_CONTROL__NOW_THEN__REVERSED__THE_PHRASE__NONE	ENDPOINT_CONTROL	NOW_THEN	REVERSED	THE_PHRASE	the phrase then and now	4	 and	290	0	0	-0.032023	-0.000102	2073	0.489396	[[2898, 2.424215], [1790, 1.877796], [1149, 1.875152], [2505, 1.83616], [2328, 1.814167]]
ENDPOINT_CONTROL__NOW_THEN__REVERSED__THE_PHRASE__NONE	ENDPOINT_CONTROL	NOW_THEN	REVERSED	THE_PHRASE	the phrase then and now	5	 now	783	1	1	4.71848	4.71848	541	1.485334	[[541, 4.71848], [2659, 2.74708], [1348, 2.451271], [2753, 2.056356], [2286, 1.833593]]
CORE_FACTORIAL__NOW_THEN__CC__THEY_SAID__NONE	CORE_FACTORIAL	NOW_THEN	CC	THEY_SAID	they said now and then	0	<BOS>	50256	0	0	-0.000102	-0.000102	2256	0.796686	[[2256, 2.36087], [1888, 1.564183], [2787, 0.893099], [1450, 0.853876], [1048, 0.848868]]
CORE_FACTORIAL__NOW_THEN__CC__THEY_SAID__NONE	CORE_FACTORIAL	NOW_THEN	CC	THEY_SAID	they said now and then	1	they	9930	0	0	-0.133193	-0.000102	2256	0.053377	[[1790, 2.307492], [1888, 2.21476], [234, 1.470804], [1169, 1.294994], [654, 1.246823]]
CORE_FACTORIAL__NOW_THEN__CC__THEY_SAID__NONE	CORE_FACTORIAL	NOW_THEN	CC	THEY_SAID	they said now and then	2	 said	531	0	0	-0.038379	-0.000102	2256	0.053377	[[2982, 1.845008], [932, 1.550615], [521, 1.429855], [38, 1.363183], [654, 1.281732]]
CORE_FACTORIAL__NOW_THEN__CC__THEY_SAID__NONE	CORE_FACTORIAL	NOW_THEN	CC	THEY_SAID	they said now and then	3	 now	783	0	0	-0.122554	-0.000102	2256	0.053377	[[1131, 1.608572], [1795, 1.515105], [1790, 1.47513], [2556, 1.462641], [444, 1.427718]]
CORE_FACTORIAL__NOW_THEN__CC__THEY_SAID__NONE	CORE_FACTORIAL	NOW_THEN	CC	THEY_SAID	they said now and then	4	 and	290	0	0	-0.018546	-0.000102	1790	0.064493	[[1790, 2.524056], [2898, 2.459563], [2637, 1.886849], [1235, 1.502445], [1006, 1.457731]]
CORE_FACTORIAL__NOW_THEN__CC__THEY_SAID__NONE	CORE_FACTORIAL	NOW_THEN	CC	THEY_SAID	they said now and then	5	 then	788	1	1	3.794523	3.794523	541	1.270467	[[541, 3.794523], [2753, 2.461329], [2286, 2.032167], [2882, 2.00868], [1397, 1.854211]]
CORE_FACTORIAL__NOW_THEN__CA__THEY_SAID__NONE	CORE_FACTORIAL	NOW_THEN	CA	THEY_SAID	they said now and ocean	0	<BOS>	50256	0	0	-0.000102	-0.000102	2256	0.796686	[[2256, 2.36087], [1888, 1.564183], [2787, 0.893099], [1450, 0.853876], [1048, 0.848868]]
CORE_FACTORIAL__NOW_THEN__CA__THEY_SAID__NONE	CORE_FACTORIAL	NOW_THEN	CA	THEY_SAID	they said now and ocean	1	they	9930	0	0	-0.133193	-0.000102	2256	0.053377	[[1790, 2.307492], [1888, 2.21476], [234, 1.470804], [1169, 1.294994], [654, 1.246823]]
CORE_FACTORIAL__NOW_THEN__CA__THEY_SAID__NONE	CORE_FACTORIAL	NOW_THEN	CA	THEY_SAID	they said now and ocean	2	 said	531	0	0	-0.038379	-0.000102	2256	0.053377	[[2982, 1.845008], [932, 1.550615], [521, 1.429855], [38, 1.363183], [654, 1.281732]]
CORE_FACTORIAL__NOW_THEN__CA__THEY_SAID__NONE	CORE_FACTORIAL	NOW_THEN	CA	THEY_SAID	they said now and ocean	3	 now	783	0	0	-0.122554	-0.000102	2256	0.053377	[[1131, 1.608572], [1795, 1.515105], [1790, 1.47513], [2556, 1.462641], [444, 1.427718]]
CORE_FACTORIAL__NOW_THEN__CA__THEY_SAID__NONE	CORE_FACTORIAL	NOW_THEN	CA	THEY_SAID	they said now and ocean	4	 and	290	0	0	-0.018546	-0.000102	1790	0.064493	[[1790, 2.524056], [2898, 2.459563], [2637, 1.886849], [1235, 1.502445], [1006, 1.457731]]
CORE_FACTORIAL__NOW_THEN__CA__THEY_SAID__NONE	CORE_FACTORIAL	NOW_THEN	CA	THEY_SAID	they said now and ocean	5	 ocean	9151	1	1	-0.169892	-0.000102	1888	0.164207	[[1888, 2.688263], [2887, 1.921546], [1790, 1.813886], [654, 1.510731], [1815, 1.378319]]
CORE_FACTORIAL__NOW_THEN__AC__THEY_SAID__NONE	CORE_FACTORIAL	NOW_THEN	AC	THEY_SAID	they said velvet and then	0	<BOS>	50256	0	0	-0.000102	-0.000102	2256	0.796686	[[2256, 2.36087], [1888, 1.564183], [2787, 0.893099], [1450, 0.853876], [1048, 0.848868]]
CORE_FACTORIAL__NOW_THEN__AC__THEY_SAID__NONE	CORE_FACTORIAL	NOW_THEN	AC	THEY_SAID	they said velvet and then	1	they	9930	0	0	-0.133193	-0.000102	2256	0.053377	[[1790, 2.307492], [1888, 2.21476], [234, 1.470804], [1169, 1.294994], [654, 1.246823]]
CORE_FACTORIAL__NOW_THEN__AC__THEY_SAID__NONE	CORE_FACTORIAL	NOW_THEN	AC	THEY_SAID	they said velvet and then	2	 said	531	0	0	-0.038379	-0.000102	2256	0.053377	[[2982, 1.845008], [932, 1.550615], [521, 1.429855], [38, 1.363183], [654, 1.281732]]
CORE_FACTORIAL__NOW_THEN__AC__THEY_SAID__NONE	CORE_FACTORIAL	NOW_THEN	AC	THEY_SAID	they said velvet and then	3	 velvet	47750	0	0	-0.103241	-0.000102	2256	0.032804	[[1888, 2.328065], [1790, 2.089752], [1803, 1.199803], [698, 1.148624], [654, 1.121459]]
CORE_FACTORIAL__NOW_THEN__AC__THEY_SAID__NONE	CORE_FACTORIAL	NOW_THEN	AC	THEY_SAID	they said velvet and then	4	 and	290	0	0	-0.00866	-0.000102	2256	0.032804	[[1790, 2.020608], [2753, 1.334558], [654, 1.117634], [585, 1.089718], [527, 1.071613]]
CORE_FACTORIAL__NOW_THEN__AC__THEY_SAID__NONE	CORE_FACTORIAL	NOW_THEN	AC	THEY_SAID	they said velvet and then	5	 then	788	1	1	-0.135349	-0.000102	2256	0.032804	[[1790, 2.070216], [512, 1.736343], [2753, 1.54847], [638, 1.372801], [1186, 1.350525]]
CORE_FACTORIAL__NOW_THEN__AA__THEY_SAID__NONE	CORE_FACTORIAL	NOW_THEN	AA	THEY_SAID	they said velvet and ocean	0	<BOS>	50256	0	0	-0.000102	-0.000102	2256	0.796686	[[2256, 2.36087], [1888, 1.564183], [2787, 0.893099], [1450, 0.853876], [1048, 0.848868]]
CORE_FACTORIAL__NOW_THEN__AA__THEY_SAID__NONE	CORE_FACTORIAL	NOW_THEN	AA	THEY_SAID	they said velvet and ocean	1	they	9930	0	0	-0.133193	-0.000102	2256	0.053377	[[1790, 2.307492], [1888, 2.21476], [234, 1.470804], [1169, 1.294994], [654, 1.246823]]
CORE_FACTORIAL__NOW_THEN__AA__THEY_SAID__NONE	CORE_FACTORIAL	NOW_THEN	AA	THEY_SAID	they said velvet and ocean	2	 said	531	0	0	-0.038379	-0.000102	2256	0.053377	[[2982, 1.845008], [932, 1.550615], [521, 1.429855], [38, 1.363183], [654, 1.281732]]
CORE_FACTORIAL__NOW_THEN__AA__THEY_SAID__NONE	CORE_FACTORIAL	NOW_THEN	AA	THEY_SAID	they said velvet and ocean	3	 velvet	47750	0	0	-0.103241	-0.000102	2256	0.032804	[[1888, 2.328065], [1790, 2.089752], [1803, 1.199803], [698, 1.148624], [654, 1.121459]]
CORE_FACTORIAL__NOW_THEN__AA__THEY_SAID__NONE	CORE_FACTORIAL	NOW_THEN	AA	THEY_SAID	they said velvet and ocean	4	 and	290	0	0	-0.00866	-0.000102	2256	0.032804	[[1790, 2.020608], [2753, 1.334558], [654, 1.117634], [585, 1.089718], [527, 1.071613]]
CORE_FACTORIAL__NOW_THEN__AA__THEY_SAID__NONE	CORE_FACTORIAL	NOW_THEN	AA	THEY_SAID	they said velvet and ocean	5	 ocean	9151	1	1	0.352808	0.352808	2256	0.032804	[[1888, 1.827235], [2659, 1.680461], [847, 1.405738], [638, 1.401519], [2887, 1.348472]]
ENDPOINT_CONTROL__NOW_THEN__FULL_FRAME__THEY_SAID__NONE	ENDPOINT_CONTROL	NOW_THEN	FULL_FRAME	THEY_SAID	they said now and then	0	<BOS>	50256	0	0	-0.000102	-0.000102	2256	0.796686	[[2256, 2.36087], [1888, 1.564183], [2787, 0.893099], [1450, 0.853876], [1048, 0.848868]]
ENDPOINT_CONTROL__NOW_THEN__FULL_FRAME__THEY_SAID__NONE	ENDPOINT_CONTROL	NOW_THEN	FULL_FRAME	THEY_SAID	they said now and then	1	they	9930	0	0	-0.133193	-0.000102	2256	0.053377	[[1790, 2.307492], [1888, 2.21476], [234, 1.470804], [1169, 1.294994], [654, 1.246823]]
ENDPOINT_CONTROL__NOW_THEN__FULL_FRAME__THEY_SAID__NONE	ENDPOINT_CONTROL	NOW_THEN	FULL_FRAME	THEY_SAID	they said now and then	2	 said	531	0	0	-0.038379	-0.000102	2256	0.053377	[[2982, 1.845008], [932, 1.550615], [521, 1.429855], [38, 1.363183], [654, 1.281732]]
ENDPOINT_CONTROL__NOW_THEN__FULL_FRAME__THEY_SAID__NONE	ENDPOINT_CONTROL	NOW_THEN	FULL_FRAME	THEY_SAID	they said now and then	3	 now	783	0	0	-0.122554	-0.000102	2256	0.053377	[[1131, 1.608572], [1795, 1.515105], [1790, 1.47513], [2556, 1.462641], [444, 1.427718]]
ENDPOINT_CONTROL__NOW_THEN__FULL_FRAME__THEY_SAID__NONE	ENDPOINT_CONTROL	NOW_THEN	FULL_FRAME	THEY_SAID	they said now and then	4	 and	290	0	0	-0.018546	-0.000102	1790	0.064493	[[1790, 2.524056], [2898, 2.459563], [2637, 1.886849], [1235, 1.502445], [1006, 1.457731]]
ENDPOINT_CONTROL__NOW_THEN__FULL_FRAME__THEY_SAID__NONE	ENDPOINT_CONTROL	NOW_THEN	FULL_FRAME	THEY_SAID	they said now and then	5	 then	788	1	1	3.794523	3.794523	541	1.270467	[[541, 3.794523], [2753, 2.461329], [2286, 2.032167], [2882, 2.00868], [1397, 1.854211]]
ENDPOINT_CONTROL__NOW_THEN__SECOND_ONLY__THEY_SAID__NONE	ENDPOINT_CONTROL	NOW_THEN	SECOND_ONLY	THEY_SAID	they said then	0	<BOS>	50256	0	0	-0.000102	-0.000102	2256	0.796686	[[2256, 2.36087], [1888, 1.564183], [2787, 0.893099], [1450, 0.853876], [1048, 0.848868]]
ENDPOINT_CONTROL__NOW_THEN__SECOND_ONLY__THEY_SAID__NONE	ENDPOINT_CONTROL	NOW_THEN	SECOND_ONLY	THEY_SAID	they said then	1	they	9930	0	0	-0.133193	-0.000102	2256	0.053377	[[1790, 2.307492], [1888, 2.21476], [234, 1.470804], [1169, 1.294994], [654, 1.246823]]
ENDPOINT_CONTROL__NOW_THEN__SECOND_ONLY__THEY_SAID__NONE	ENDPOINT_CONTROL	NOW_THEN	SECOND_ONLY	THEY_SAID	they said then	2	 said	531	0	0	-0.038379	-0.000102	2256	0.053377	[[2982, 1.845008], [932, 1.550615], [521, 1.429855], [38, 1.363183], [654, 1.281732]]
ENDPOINT_CONTROL__NOW_THEN__SECOND_ONLY__THEY_SAID__NONE	ENDPOINT_CONTROL	NOW_THEN	SECOND_ONLY	THEY_SAID	they said then	3	 then	788	1	1	-0.099997	-0.000102	2256	0.053377	[[2416, 2.138339], [1131, 1.855496], [2808, 1.832752], [2556, 1.80968], [2472, 1.556456]]
ENDPOINT_CONTROL__NOW_THEN__CONNECTOR_SECOND__THEY_SAID__NONE	ENDPOINT_CONTROL	NOW_THEN	CONNECTOR_SECOND	THEY_SAID	they said and then	0	<BOS>	50256	0	0	-0.000102	-0.000102	2256	0.796686	[[2256, 2.36087], [1888, 1.564183], [2787, 0.893099], [1450, 0.853876], [1048, 0.848868]]
ENDPOINT_CONTROL__NOW_THEN__CONNECTOR_SECOND__THEY_SAID__NONE	ENDPOINT_CONTROL	NOW_THEN	CONNECTOR_SECOND	THEY_SAID	they said and then	1	they	9930	0	0	-0.133193	-0.000102	2256	0.053377	[[1790, 2.307492], [1888, 2.21476], [234, 1.470804], [1169, 1.294994], [654, 1.246823]]
ENDPOINT_CONTROL__NOW_THEN__CONNECTOR_SECOND__THEY_SAID__NONE	ENDPOINT_CONTROL	NOW_THEN	CONNECTOR_SECOND	THEY_SAID	they said and then	2	 said	531	0	0	-0.038379	-0.000102	2256	0.053377	[[2982, 1.845008], [932, 1.550615], [521, 1.429855], [38, 1.363183], [654, 1.281732]]
ENDPOINT_CONTROL__NOW_THEN__CONNECTOR_SECOND__THEY_SAID__NONE	ENDPOINT_CONTROL	NOW_THEN	CONNECTOR_SECOND	THEY_SAID	they said and then	3	 and	290	0	0	-0.025332	-0.000102	1953	0.231451	[[1953, 2.592321], [1790, 2.187105], [869, 1.756977], [712, 1.749517], [1457, 1.466317]]
ENDPOINT_CONTROL__NOW_THEN__CONNECTOR_SECOND__THEY_SAID__NONE	ENDPOINT_CONTROL	NOW_THEN	CONNECTOR_SECOND	THEY_SAID	they said and then	4	 then	788	1	1	-0.163881	-0.000102	1953	0.231451	[[512, 2.079933], [1790, 1.69258], [578, 1.667915], [2950, 1.48446], [2753, 1.469693]]
ENDPOINT_CONTROL__NOW_THEN__FIRST_SECOND__THEY_SAID__NONE	ENDPOINT_CONTROL	NOW_THEN	FIRST_SECOND	THEY_SAID	they said now then	0	<BOS>	50256	0	0	-0.000102	-0.000102	2256	0.796686	[[2256, 2.36087], [1888, 1.564183], [2787, 0.893099], [1450, 0.853876], [1048, 0.848868]]
ENDPOINT_CONTROL__NOW_THEN__FIRST_SECOND__THEY_SAID__NONE	ENDPOINT_CONTROL	NOW_THEN	FIRST_SECOND	THEY_SAID	they said now then	1	they	9930	0	0	-0.133193	-0.000102	2256	0.053377	[[1790, 2.307492], [1888, 2.21476], [234, 1.470804], [1169, 1.294994], [654, 1.246823]]
ENDPOINT_CONTROL__NOW_THEN__FIRST_SECOND__THEY_SAID__NONE	ENDPOINT_CONTROL	NOW_THEN	FIRST_SECOND	THEY_SAID	they said now then	2	 said	531	0	0	-0.038379	-0.000102	2256	0.053377	[[2982, 1.845008], [932, 1.550615], [521, 1.429855], [38, 1.363183], [654, 1.281732]]
ENDPOINT_CONTROL__NOW_THEN__FIRST_SECOND__THEY_SAID__NONE	ENDPOINT_CONTROL	NOW_THEN	FIRST_SECOND	THEY_SAID	they said now then	3	 now	783	0	0	-0.122554	-0.000102	2256	0.053377	[[1131, 1.608572], [1795, 1.515105], [1790, 1.47513], [2556, 1.462641], [444, 1.427718]]
ENDPOINT_CONTROL__NOW_THEN__FIRST_SECOND__THEY_SAID__NONE	ENDPOINT_CONTROL	NOW_THEN	FIRST_SECOND	THEY_SAID	they said now then	4	 then	788	1	1	-0.033156	-0.000102	2256	0.053377	[[1790, 1.977024], [2416, 1.628051], [711, 1.578599], [2753, 1.502192], [2705, 1.352783]]
ENDPOINT_CONTROL__NOW_THEN__ARBFIRST_SECOND__THEY_SAID__NONE	ENDPOINT_CONTROL	NOW_THEN	ARBFIRST_SECOND	THEY_SAID	they said velvet then	0	<BOS>	50256	0	0	-0.000102	-0.000102	2256	0.796686	[[2256, 2.36087], [1888, 1.564183], [2787, 0.893099], [1450, 0.853876], [1048, 0.848868]]
ENDPOINT_CONTROL__NOW_THEN__ARBFIRST_SECOND__THEY_SAID__NONE	ENDPOINT_CONTROL	NOW_THEN	ARBFIRST_SECOND	THEY_SAID	they said velvet then	1	they	9930	0	0	-0.133193	-0.000102	2256	0.053377	[[1790, 2.307492], [1888, 2.21476], [234, 1.470804], [1169, 1.294994], [654, 1.246823]]
ENDPOINT_CONTROL__NOW_THEN__ARBFIRST_SECOND__THEY_SAID__NONE	ENDPOINT_CONTROL	NOW_THEN	ARBFIRST_SECOND	THEY_SAID	they said velvet then	2	 said	531	0	0	-0.038379	-0.000102	2256	0.053377	[[2982, 1.845008], [932, 1.550615], [521, 1.429855], [38, 1.363183], [654, 1.281732]]
ENDPOINT_CONTROL__NOW_THEN__ARBFIRST_SECOND__THEY_SAID__NONE	ENDPOINT_CONTROL	NOW_THEN	ARBFIRST_SECOND	THEY_SAID	they said velvet then	3	 velvet	47750	0	0	-0.103241	-0.000102	2256	0.032804	[[1888, 2.328065], [1790, 2.089752], [1803, 1.199803], [698, 1.148624], [654, 1.121459]]
ENDPOINT_CONTROL__NOW_THEN__ARBFIRST_SECOND__THEY_SAID__NONE	ENDPOINT_CONTROL	NOW_THEN	ARBFIRST_SECOND	THEY_SAID	they said velvet then	4	 then	788	1	1	-0.01402	-0.000102	2256	0.032804	[[1790, 2.265533], [2602, 1.912057], [2556, 1.692786], [1888, 1.692737], [2753, 1.559594]]
ENDPOINT_CONTROL__NOW_THEN__FIRST_REPEAT__THEY_SAID__NONE	ENDPOINT_CONTROL	NOW_THEN	FIRST_REPEAT	THEY_SAID	they said now now	0	<BOS>	50256	0	0	-0.000102	-0.000102	2256	0.796686	[[2256, 2.36087], [1888, 1.564183], [2787, 0.893099], [1450, 0.853876], [1048, 0.848868]]
ENDPOINT_CONTROL__NOW_THEN__FIRST_REPEAT__THEY_SAID__NONE	ENDPOINT_CONTROL	NOW_THEN	FIRST_REPEAT	THEY_SAID	they said now now	1	they	9930	0	0	-0.133193	-0.000102	2256	0.053377	[[1790, 2.307492], [1888, 2.21476], [234, 1.470804], [1169, 1.294994], [654, 1.246823]]
ENDPOINT_CONTROL__NOW_THEN__FIRST_REPEAT__THEY_SAID__NONE	ENDPOINT_CONTROL	NOW_THEN	FIRST_REPEAT	THEY_SAID	they said now now	2	 said	531	0	0	-0.038379	-0.000102	2256	0.053377	[[2982, 1.845008], [932, 1.550615], [521, 1.429855], [38, 1.363183], [654, 1.281732]]
ENDPOINT_CONTROL__NOW_THEN__FIRST_REPEAT__THEY_SAID__NONE	ENDPOINT_CONTROL	NOW_THEN	FIRST_REPEAT	THEY_SAID	they said now now	3	 now	783	0	0	-0.122554	-0.000102	2256	0.053377	[[1131, 1.608572], [1795, 1.515105], [1790, 1.47513], [2556, 1.462641], [444, 1.427718]]
ENDPOINT_CONTROL__NOW_THEN__FIRST_REPEAT__THEY_SAID__NONE	ENDPOINT_CONTROL	NOW_THEN	FIRST_REPEAT	THEY_SAID	they said now now	4	 now	783	1	1	-0.151955	-0.000102	2256	0.053377	[[1790, 1.707648], [1888, 1.674685], [2556, 1.367292], [1795, 1.350299], [2520, 1.349625]]
ENDPOINT_CONTROL__NOW_THEN__REVERSED__THEY_SAID__NONE	ENDPOINT_CONTROL	NOW_THEN	REVERSED	THEY_SAID	they said then and now	0	<BOS>	50256	0	0	-0.000102	-0.000102	2256	0.796686	[[2256, 2.36087], [1888, 1.564183], [2787, 0.893099], [1450, 0.853876], [1048, 0.848868]]
ENDPOINT_CONTROL__NOW_THEN__REVERSED__THEY_SAID__NONE	ENDPOINT_CONTROL	NOW_THEN	REVERSED	THEY_SAID	they said then and now	1	they	9930	0	0	-0.133193	-0.000102	2256	0.053377	[[1790, 2.307492], [1888, 2.21476], [234, 1.470804], [1169, 1.294994], [654, 1.246823]]
ENDPOINT_CONTROL__NOW_THEN__REVERSED__THEY_SAID__NONE	ENDPOINT_CONTROL	NOW_THEN	REVERSED	THEY_SAID	they said then and now	2	 said	531	0	0	-0.038379	-0.000102	2256	0.053377	[[2982, 1.845008], [932, 1.550615], [521, 1.429855], [38, 1.363183], [654, 1.281732]]
ENDPOINT_CONTROL__NOW_THEN__REVERSED__THEY_SAID__NONE	ENDPOINT_CONTROL	NOW_THEN	REVERSED	THEY_SAID	they said then and now	3	 then	788	0	0	-0.099997	-0.000102	2256	0.053377	[[2416, 2.138339], [1131, 1.855496], [2808, 1.832752], [2556, 1.80968], [2472, 1.556456]]
ENDPOINT_CONTROL__NOW_THEN__REVERSED__THEY_SAID__NONE	ENDPOINT_CONTROL	NOW_THEN	REVERSED	THEY_SAID	they said then and now	4	 and	290	0	0	-0.012653	-0.000102	1790	0.013205	[[1790, 2.374075], [1953, 2.137875], [1149, 1.858701], [2898, 1.808176], [2282, 1.421949]]
ENDPOINT_CONTROL__NOW_THEN__REVERSED__THEY_SAID__NONE	ENDPOINT_CONTROL	NOW_THEN	REVERSED	THEY_SAID	they said then and now	5	 now	783	1	1	5.067474	5.067474	541	1.178977	[[541, 5.067474], [2659, 3.888497], [1348, 2.491464], [1691, 2.144658], [2753, 2.052255]]
CORE_FACTORIAL__HERE_THERE__CC__BARE__NONE	CORE_FACTORIAL	HERE_THERE	CC	BARE	here and there	0	<BOS>	50256	0	0	-0.000102	-0.000102	2256	0.796686	[[2256, 2.36087], [1888, 1.564183], [2787, 0.893099], [1450, 0.853876], [1048, 0.848868]]
CORE_FACTORIAL__HERE_THERE__CC__BARE__NONE	CORE_FACTORIAL	HERE_THERE	CC	BARE	here and there	1	here	1456	0	0	-0.105628	-0.000102	3017	0.223668	[[3017, 2.584538], [1888, 2.326891], [1790, 2.303324], [720, 1.751319], [1203, 1.435089]]
CORE_FACTORIAL__HERE_THERE__CC__BARE__NONE	CORE_FACTORIAL	HERE_THERE	CC	BARE	here and there	2	 and	290	0	0	-0.016764	-0.000102	3017	0.077692	[[2328, 2.506846], [1210, 1.862069], [1790, 1.692485], [1031, 1.452275], [2171, 1.344089]]
CORE_FACTORIAL__HERE_THERE__CC__BARE__NONE	CORE_FACTORIAL	HERE_THERE	CC	BARE	here and there	3	 there	612	1	1	4.181679	4.181679	541	1.550908	[[541, 4.181679], [2753, 2.630771], [2659, 2.338021], [2905, 1.710757], [1691, 1.651786]]
CORE_FACTORIAL__HERE_THERE__CA__BARE__NONE	CORE_FACTORIAL	HERE_THERE	CA	BARE	here and forest	0	<BOS>	50256	0	0	-0.000102	-0.000102	2256	0.796686	[[2256, 2.36087], [1888, 1.564183], [2787, 0.893099], [1450, 0.853876], [1048, 0.848868]]
CORE_FACTORIAL__HERE_THERE__CA__BARE__NONE	CORE_FACTORIAL	HERE_THERE	CA	BARE	here and forest	1	here	1456	0	0	-0.105628	-0.000102	3017	0.223668	[[3017, 2.584538], [1888, 2.326891], [1790, 2.303324], [720, 1.751319], [1203, 1.435089]]
CORE_FACTORIAL__HERE_THERE__CA__BARE__NONE	CORE_FACTORIAL	HERE_THERE	CA	BARE	here and forest	2	 and	290	0	0	-0.016764	-0.000102	3017	0.077692	[[2328, 2.506846], [1210, 1.862069], [1790, 1.692485], [1031, 1.452275], [2171, 1.344089]]
CORE_FACTORIAL__HERE_THERE__CA__BARE__NONE	CORE_FACTORIAL	HERE_THERE	CA	BARE	here and forest	3	 forest	8222	1	1	-0.146969	-0.000102	1888	0.423926	[[1888, 3.008464], [1790, 2.349385], [1514, 1.533079], [2305, 1.445275], [654, 1.318399]]
CORE_FACTORIAL__HERE_THERE__AC__BARE__NONE	CORE_FACTORIAL	HERE_THERE	AC	BARE	marble and there	0	<BOS>	50256	0	0	-0.000102	-0.000102	2256	0.796686	[[2256, 2.36087], [1888, 1.564183], [2787, 0.893099], [1450, 0.853876], [1048, 0.848868]]
CORE_FACTORIAL__HERE_THERE__AC__BARE__NONE	CORE_FACTORIAL	HERE_THERE	AC	BARE	marble and there	1	mar	3876	0	0	-0.030775	-0.000102	1790	0.09322	[[1790, 2.918438], [1888, 2.825218], [1819, 1.82278], [1710, 1.756626], [2939, 1.563126]]
CORE_FACTORIAL__HERE_THERE__AC__BARE__NONE	CORE_FACTORIAL	HERE_THERE	AC	BARE	marble and there	2	ble	903	0	0	-0.105661	-0.000102	1790	0.09322	[[1790, 2.126208], [790, 1.617504], [2955, 1.444541], [1345, 1.384775], [1888, 1.304552]]
CORE_FACTORIAL__HERE_THERE__AC__BARE__NONE	CORE_FACTORIAL	HERE_THERE	AC	BARE	marble and there	3	 and	290	0	0	-0.03037	-0.000102	1790	0.09322	[[1790, 1.765104], [1888, 1.423375], [1203, 1.28918], [2973, 1.22467], [2753, 1.159488]]
CORE_FACTORIAL__HERE_THERE__AC__BARE__NONE	CORE_FACTORIAL	HERE_THERE	AC	BARE	marble and there	4	 there	612	1	1	-0.103339	-0.000102	1790	0.09322	[[170, 2.151981], [349, 2.055315], [638, 1.801355], [3017, 1.721974], [1888, 1.614597]]
CORE_FACTORIAL__HERE_THERE__AA__BARE__NONE	CORE_FACTORIAL	HERE_THERE	AA	BARE	marble and forest	0	<BOS>	50256	0	0	-0.000102	-0.000102	2256	0.796686	[[2256, 2.36087], [1888, 1.564183], [2787, 0.893099], [1450, 0.853876], [1048, 0.848868]]
CORE_FACTORIAL__HERE_THERE__AA__BARE__NONE	CORE_FACTORIAL	HERE_THERE	AA	BARE	marble and forest	1	mar	3876	0	0	-0.030775	-0.000102	1790	0.09322	[[1790, 2.918438], [1888, 2.825218], [1819, 1.82278], [1710, 1.756626], [2939, 1.563126]]
CORE_FACTORIAL__HERE_THERE__AA__BARE__NONE	CORE_FACTORIAL	HERE_THERE	AA	BARE	marble and forest	2	ble	903	0	0	-0.105661	-0.000102	1790	0.09322	[[1790, 2.126208], [790, 1.617504], [2955, 1.444541], [1345, 1.384775], [1888, 1.304552]]
CORE_FACTORIAL__HERE_THERE__AA__BARE__NONE	CORE_FACTORIAL	HERE_THERE	AA	BARE	marble and forest	3	 and	290	0	0	-0.03037	-0.000102	1790	0.09322	[[1790, 1.765104], [1888, 1.423375], [1203, 1.28918], [2973, 1.22467], [2753, 1.159488]]
CORE_FACTORIAL__HERE_THERE__AA__BARE__NONE	CORE_FACTORIAL	HERE_THERE	AA	BARE	marble and forest	4	 forest	8222	1	1	0.685575	0.685575	1790	0.09322	[[1888, 2.555392], [2659, 2.153934], [1790, 1.813136], [638, 1.713402], [2305, 1.513445]]
ENDPOINT_CONTROL__HERE_THERE__FULL_FRAME__BARE__NONE	ENDPOINT_CONTROL	HERE_THERE	FULL_FRAME	BARE	here and there	0	<BOS>	50256	0	0	-0.000102	-0.000102	2256	0.796686	[[2256, 2.36087], [1888, 1.564183], [2787, 0.893099], [1450, 0.853876], [1048, 0.848868]]
ENDPOINT_CONTROL__HERE_THERE__FULL_FRAME__BARE__NONE	ENDPOINT_CONTROL	HERE_THERE	FULL_FRAME	BARE	here and there	1	here	1456	0	0	-0.105628	-0.000102	3017	0.223668	[[3017, 2.584538], [1888, 2.326891], [1790, 2.303324], [720, 1.751319], [1203, 1.435089]]
ENDPOINT_CONTROL__HERE_THERE__FULL_FRAME__BARE__NONE	ENDPOINT_CONTROL	HERE_THERE	FULL_FRAME	BARE	here and there	2	 and	290	0	0	-0.016764	-0.000102	3017	0.077692	[[2328, 2.506846], [1210, 1.862069], [1790, 1.692485], [1031, 1.452275], [2171, 1.344089]]
ENDPOINT_CONTROL__HERE_THERE__FULL_FRAME__BARE__NONE	ENDPOINT_CONTROL	HERE_THERE	FULL_FRAME	BARE	here and there	3	 there	612	1	1	4.181679	4.181679	541	1.550908	[[541, 4.181679], [2753, 2.630771], [2659, 2.338021], [2905, 1.710757], [1691, 1.651786]]
ENDPOINT_CONTROL__HERE_THERE__SECOND_ONLY__BARE__NONE	ENDPOINT_CONTROL	HERE_THERE	SECOND_ONLY	BARE	there	0	<BOS>	50256	0	0	-0.000102	-0.000102	2256	0.796687	[[2256, 2.36087], [1888, 1.564183], [2787, 0.893099], [1450, 0.853876], [1048, 0.848868]]
ENDPOINT_CONTROL__HERE_THERE__SECOND_ONLY__BARE__NONE	ENDPOINT_CONTROL	HERE_THERE	SECOND_ONLY	BARE	there	1	there	8117	1	1	-0.084431	-0.000102	1888	0.160772	[[1888, 2.521642], [1790, 2.315805], [234, 1.80763], [2981, 1.748811], [170, 1.664112]]
ENDPOINT_CONTROL__HERE_THERE__CONNECTOR_SECOND__BARE__NONE	ENDPOINT_CONTROL	HERE_THERE	CONNECTOR_SECOND	BARE	and there	0	<BOS>	50256	0	0	-0.000102	-0.000102	2256	0.796687	[[2256, 2.36087], [1888, 1.564183], [2787, 0.893099], [1450, 0.853876], [1048, 0.848868]]
ENDPOINT_CONTROL__HERE_THERE__CONNECTOR_SECOND__BARE__NONE	ENDPOINT_CONTROL	HERE_THERE	CONNECTOR_SECOND	BARE	and there	1	and	392	0	0	-0.026548	-0.000102	1790	0.124514	[[1790, 2.485384], [1888, 2.332438], [654, 1.618219], [2588, 1.395812], [1998, 1.300743]]
ENDPOINT_CONTROL__HERE_THERE__CONNECTOR_SECOND__BARE__NONE	ENDPOINT_CONTROL	HERE_THERE	CONNECTOR_SECOND	BARE	and there	2	 there	612	1	1	-0.156106	-0.000102	1790	0.124514	[[170, 2.165177], [1790, 1.693103], [2376, 1.594012], [1888, 1.446542], [2179, 1.400735]]
ENDPOINT_CONTROL__HERE_THERE__FIRST_SECOND__BARE__NONE	ENDPOINT_CONTROL	HERE_THERE	FIRST_SECOND	BARE	here there	0	<BOS>	50256	0	0	-0.000102	-0.000102	2256	0.796687	[[2256, 2.36087], [1888, 1.564183], [2787, 0.893099], [1450, 0.853876], [1048, 0.848868]]
ENDPOINT_CONTROL__HERE_THERE__FIRST_SECOND__BARE__NONE	ENDPOINT_CONTROL	HERE_THERE	FIRST_SECOND	BARE	here there	1	here	1456	0	0	-0.105628	-0.000102	3017	0.223668	[[3017, 2.584538], [1888, 2.326891], [1790, 2.303324], [720, 1.751319], [1203, 1.435088]]
ENDPOINT_CONTROL__HERE_THERE__FIRST_SECOND__BARE__NONE	ENDPOINT_CONTROL	HERE_THERE	FIRST_SECOND	BARE	here there	2	 there	612	1	1	-0.167784	-0.000102	3017	0.223668	[[1242, 2.207841], [2328, 1.866288], [1790, 1.680608], [1950, 1.673267], [2657, 1.585649]]
ENDPOINT_CONTROL__HERE_THERE__ARBFIRST_SECOND__BARE__NONE	ENDPOINT_CONTROL	HERE_THERE	ARBFIRST_SECOND	BARE	marble there	0	<BOS>	50256	0	0	-0.000102	-0.000102	2256	0.796686	[[2256, 2.36087], [1888, 1.564183], [2787, 0.893099], [1450, 0.853876], [1048, 0.848868]]
ENDPOINT_CONTROL__HERE_THERE__ARBFIRST_SECOND__BARE__NONE	ENDPOINT_CONTROL	HERE_THERE	ARBFIRST_SECOND	BARE	marble there	1	mar	3876	0	0	-0.030775	-0.000102	1790	0.09322	[[1790, 2.918438], [1888, 2.825218], [1819, 1.82278], [1710, 1.756626], [2939, 1.563126]]
ENDPOINT_CONTROL__HERE_THERE__ARBFIRST_SECOND__BARE__NONE	ENDPOINT_CONTROL	HERE_THERE	ARBFIRST_SECOND	BARE	marble there	2	ble	903	0	0	-0.105661	-0.000102	1790	0.09322	[[1790, 2.126208], [790, 1.617504], [2955, 1.444541], [1345, 1.384775], [1888, 1.304552]]
ENDPOINT_CONTROL__HERE_THERE__ARBFIRST_SECOND__BARE__NONE	ENDPOINT_CONTROL	HERE_THERE	ARBFIRST_SECOND	BARE	marble there	3	 there	612	1	1	-0.122933	-0.000102	1790	0.09322	[[1790, 2.309587], [349, 2.047535], [170, 2.000149], [1242, 1.887258], [1888, 1.849929]]
ENDPOINT_CONTROL__HERE_THERE__FIRST_REPEAT__BARE__NONE	ENDPOINT_CONTROL	HERE_THERE	FIRST_REPEAT	BARE	here here	0	<BOS>	50256	0	0	-0.000102	-0.000102	2256	0.796687	[[2256, 2.36087], [1888, 1.564183], [2787, 0.893099], [1450, 0.853876], [1048, 0.848868]]
ENDPOINT_CONTROL__HERE_THERE__FIRST_REPEAT__BARE__NONE	ENDPOINT_CONTROL	HERE_THERE	FIRST_REPEAT	BARE	here here	1	here	1456	0	0	-0.105628	-0.000102	3017	0.223668	[[3017, 2.584538], [1888, 2.326891], [1790, 2.303324], [720, 1.751319], [1203, 1.435088]]
ENDPOINT_CONTROL__HERE_THERE__FIRST_REPEAT__BARE__NONE	ENDPOINT_CONTROL	HERE_THERE	FIRST_REPEAT	BARE	here here	2	 here	994	1	1	-0.159394	-0.000102	3017	0.010617	[[1691, 2.573921], [245, 2.123797], [1790, 2.066446], [589, 1.723705], [1424, 1.503171]]
ENDPOINT_CONTROL__HERE_THERE__REVERSED__BARE__NONE	ENDPOINT_CONTROL	HERE_THERE	REVERSED	BARE	there and here	0	<BOS>	50256	0	0	-0.000102	-0.000102	2256	0.796686	[[2256, 2.36087], [1888, 1.564183], [2787, 0.893099], [1450, 0.853876], [1048, 0.848868]]
ENDPOINT_CONTROL__HERE_THERE__REVERSED__BARE__NONE	ENDPOINT_CONTROL	HERE_THERE	REVERSED	BARE	there and here	1	there	8117	0	0	-0.084431	-0.000102	1888	0.160772	[[1888, 2.521642], [1790, 2.315805], [234, 1.80763], [2981, 1.74881], [170, 1.664112]]
ENDPOINT_CONTROL__HERE_THERE__REVERSED__BARE__NONE	ENDPOINT_CONTROL	HERE_THERE	REVERSED	BARE	there and here	2	 and	290	0	0	-0.039141	-0.000102	1888	0.160772	[[2328, 1.970364], [1210, 1.467699], [2710, 1.39088], [192, 1.282964], [1790, 1.278566]]
ENDPOINT_CONTROL__HERE_THERE__REVERSED__BARE__NONE	ENDPOINT_CONTROL	HERE_THERE	REVERSED	BARE	there and here	3	 here	994	1	1	3.274162	3.274162	541	0.490867	[[541, 3.274162], [2659, 2.783294], [1348, 2.298718], [638, 2.288587], [1691, 1.877248]]
CORE_FACTORIAL__HERE_THERE__CC__V9_SPACE__NONE	CORE_FACTORIAL	HERE_THERE	CC	V9_SPACE	 here and there	0	<BOS>	50256	0	0	-0.000102	-0.000102	2256	0.796686	[[2256, 2.36087], [1888, 1.564183], [2787, 0.893099], [1450, 0.853876], [1048, 0.848868]]
CORE_FACTORIAL__HERE_THERE__CC__V9_SPACE__NONE	CORE_FACTORIAL	HERE_THERE	CC	V9_SPACE	 here and there	1	 here	994	0	0	-0.124207	-0.000102	464	0.181247	[[464, 2.896078], [1790, 2.714831], [1888, 2.321314], [3017, 1.599818], [654, 1.503223]]
CORE_FACTORIAL__HERE_THERE__CC__V9_SPACE__NONE	CORE_FACTORIAL	HERE_THERE	CC	V9_SPACE	 here and there	2	 and	290	0	0	-0.012329	-0.000102	464	0.181247	[[1790, 1.996964], [2328, 1.940212], [1652, 1.286719], [1222, 1.251454], [1463, 1.206969]]
CORE_FACTORIAL__HERE_THERE__CC__V9_SPACE__NONE	CORE_FACTORIAL	HERE_THERE	CC	V9_SPACE	 here and there	3	 there	612	1	1	3.824304	3.824304	541	0.928226	[[541, 3.824304], [2753, 2.616259], [1272, 2.099586], [2852, 1.908371], [2816, 1.713604]]
CORE_FACTORIAL__HERE_THERE__CA__V9_SPACE__NONE	CORE_FACTORIAL	HERE_THERE	CA	V9_SPACE	 here and forest	0	<BOS>	50256	0	0	-0.000102	-0.000102	2256	0.796686	[[2256, 2.36087], [1888, 1.564183], [2787, 0.893099], [1450, 0.853876], [1048, 0.848868]]
CORE_FACTORIAL__HERE_THERE__CA__V9_SPACE__NONE	CORE_FACTORIAL	HERE_THERE	CA	V9_SPACE	 here and forest	1	 here	994	0	0	-0.124207	-0.000102	464	0.181247	[[464, 2.896078], [1790, 2.714831], [1888, 2.321314], [3017, 1.599818], [654, 1.503223]]
CORE_FACTORIAL__HERE_THERE__CA__V9_SPACE__NONE	CORE_FACTORIAL	HERE_THERE	CA	V9_SPACE	 here and forest	2	 and	290	0	0	-0.012329	-0.000102	464	0.181247	[[1790, 1.996964], [2328, 1.940212], [1652, 1.286719], [1222, 1.251454], [1463, 1.206969]]
CORE_FACTORIAL__HERE_THERE__CA__V9_SPACE__NONE	CORE_FACTORIAL	HERE_THERE	CA	V9_SPACE	 here and forest	3	 forest	8222	1	1	-0.158238	-0.000102	1888	0.090807	[[1888, 2.986885], [1790, 2.404767], [1514, 1.668813], [2305, 1.574875], [654, 1.433649]]
CORE_FACTORIAL__HERE_THERE__AC__V9_SPACE__NONE	CORE_FACTORIAL	HERE_THERE	AC	V9_SPACE	 marble and there	0	<BOS>	50256	0	0	-0.000102	-0.000102	2256	0.796686	[[2256, 2.36087], [1888, 1.564183], [2787, 0.893099], [1450, 0.853876], [1048, 0.848868]]
CORE_FACTORIAL__HERE_THERE__AC__V9_SPACE__NONE	CORE_FACTORIAL	HERE_THERE	AC	V9_SPACE	 marble and there	1	 marble	30623	0	0	-0.146916	-0.000102	1888	1.160158	[[1888, 3.655281], [464, 2.495123], [1790, 2.415402], [1998, 1.710243], [654, 1.45277]]
CORE_FACTORIAL__HERE_THERE__AC__V9_SPACE__NONE	CORE_FACTORIAL	HERE_THERE	AC	V9_SPACE	 marble and there	2	 and	290	0	0	-0.021625	-0.000102	1888	1.160158	[[1790, 2.255592], [1888, 1.709264], [2753, 1.205374], [654, 0.995641], [1203, 0.989915]]
CORE_FACTORIAL__HERE_THERE__AC__V9_SPACE__NONE	CORE_FACTORIAL	HERE_THERE	AC	V9_SPACE	 marble and there	3	 there	612	1	1	-0.082946	-0.000102	1888	1.160158	[[170, 2.124489], [638, 2.007347], [349, 1.906775], [1790, 1.841938], [1888, 1.767336]]
CORE_FACTORIAL__HERE_THERE__AA__V9_SPACE__NONE	CORE_FACTORIAL	HERE_THERE	AA	V9_SPACE	 marble and forest	0	<BOS>	50256	0	0	-0.000102	-0.000102	2256	0.796686	[[2256, 2.36087], [1888, 1.564183], [2787, 0.893099], [1450, 0.853876], [1048, 0.848868]]
CORE_FACTORIAL__HERE_THERE__AA__V9_SPACE__NONE	CORE_FACTORIAL	HERE_THERE	AA	V9_SPACE	 marble and forest	1	 marble	30623	0	0	-0.146916	-0.000102	1888	1.160158	[[1888, 3.655281], [464, 2.495123], [1790, 2.415402], [1998, 1.710243], [654, 1.45277]]
CORE_FACTORIAL__HERE_THERE__AA__V9_SPACE__NONE	CORE_FACTORIAL	HERE_THERE	AA	V9_SPACE	 marble and forest	2	 and	290	0	0	-0.021625	-0.000102	1888	1.160158	[[1790, 2.255592], [1888, 1.709264], [2753, 1.205374], [654, 0.995641], [1203, 0.989915]]
CORE_FACTORIAL__HERE_THERE__AA__V9_SPACE__NONE	CORE_FACTORIAL	HERE_THERE	AA	V9_SPACE	 marble and forest	3	 forest	8222	1	1	0.876195	0.876195	1888	1.160158	[[1888, 2.549534], [2659, 1.990778], [1790, 1.988828], [638, 1.811454], [2305, 1.240448]]
ENDPOINT_CONTROL__HERE_THERE__FULL_FRAME__V9_SPACE__NONE	ENDPOINT_CONTROL	HERE_THERE	FULL_FRAME	V9_SPACE	 here and there	0	<BOS>	50256	0	0	-0.000102	-0.000102	2256	0.796686	[[2256, 2.36087], [1888, 1.564183], [2787, 0.893099], [1450, 0.853876], [1048, 0.848868]]
ENDPOINT_CONTROL__HERE_THERE__FULL_FRAME__V9_SPACE__NONE	ENDPOINT_CONTROL	HERE_THERE	FULL_FRAME	V9_SPACE	 here and there	1	 here	994	0	0	-0.124207	-0.000102	464	0.181247	[[464, 2.896078], [1790, 2.714831], [1888, 2.321314], [3017, 1.599818], [654, 1.503223]]
ENDPOINT_CONTROL__HERE_THERE__FULL_FRAME__V9_SPACE__NONE	ENDPOINT_CONTROL	HERE_THERE	FULL_FRAME	V9_SPACE	 here and there	2	 and	290	0	0	-0.012329	-0.000102	464	0.181247	[[1790, 1.996964], [2328, 1.940212], [1652, 1.286719], [1222, 1.251454], [1463, 1.206969]]
ENDPOINT_CONTROL__HERE_THERE__FULL_FRAME__V9_SPACE__NONE	ENDPOINT_CONTROL	HERE_THERE	FULL_FRAME	V9_SPACE	 here and there	3	 there	612	1	1	3.824304	3.824304	541	0.928226	[[541, 3.824304], [2753, 2.616259], [1272, 2.099586], [2852, 1.908371], [2816, 1.713604]]
ENDPOINT_CONTROL__HERE_THERE__SECOND_ONLY__V9_SPACE__NONE	ENDPOINT_CONTROL	HERE_THERE	SECOND_ONLY	V9_SPACE	 there	0	<BOS>	50256	0	0	-0.000102	-0.000102	2256	0.796687	[[2256, 2.36087], [1888, 1.564183], [2787, 0.893099], [1450, 0.853876], [1048, 0.848868]]
ENDPOINT_CONTROL__HERE_THERE__SECOND_ONLY__V9_SPACE__NONE	ENDPOINT_CONTROL	HERE_THERE	SECOND_ONLY	V9_SPACE	 there	1	 there	612	1	1	-0.149405	-0.000102	1888	0.088986	[[1888, 2.904124], [1790, 2.815138], [464, 2.637388], [170, 1.812683], [654, 1.595026]]
ENDPOINT_CONTROL__HERE_THERE__CONNECTOR_SECOND__V9_SPACE__NONE	ENDPOINT_CONTROL	HERE_THERE	CONNECTOR_SECOND	V9_SPACE	 and there	0	<BOS>	50256	0	0	-0.000102	-0.000102	2256	0.796687	[[2256, 2.36087], [1888, 1.564183], [2787, 0.893099], [1450, 0.853876], [1048, 0.848868]]
ENDPOINT_CONTROL__HERE_THERE__CONNECTOR_SECOND__V9_SPACE__NONE	ENDPOINT_CONTROL	HERE_THERE	CONNECTOR_SECOND	V9_SPACE	 and there	1	 and	290	0	0	-0.032673	-0.000102	1790	0.284403	[[1790, 2.944628], [1888, 2.660225], [654, 1.689219], [1203, 1.564642], [464, 1.471345]]
ENDPOINT_CONTROL__HERE_THERE__CONNECTOR_SECOND__V9_SPACE__NONE	ENDPOINT_CONTROL	HERE_THERE	CONNECTOR_SECOND	V9_SPACE	 and there	2	 there	612	1	1	-0.129878	-0.000102	1790	0.284403	[[170, 2.16263], [1790, 1.939353], [1888, 1.701902], [2179, 1.51273], [349, 1.444957]]
ENDPOINT_CONTROL__HERE_THERE__FIRST_SECOND__V9_SPACE__NONE	ENDPOINT_CONTROL	HERE_THERE	FIRST_SECOND	V9_SPACE	 here there	0	<BOS>	50256	0	0	-0.000102	-0.000102	2256	0.796687	[[2256, 2.36087], [1888, 1.564183], [2787, 0.893099], [1450, 0.853876], [1048, 0.848868]]
ENDPOINT_CONTROL__HERE_THERE__FIRST_SECOND__V9_SPACE__NONE	ENDPOINT_CONTROL	HERE_THERE	FIRST_SECOND	V9_SPACE	 here there	1	 here	994	0	0	-0.124207	-0.000102	464	0.181247	[[464, 2.896076], [1790, 2.71483], [1888, 2.321314], [3017, 1.599817], [654, 1.503222]]
ENDPOINT_CONTROL__HERE_THERE__FIRST_SECOND__V9_SPACE__NONE	ENDPOINT_CONTROL	HERE_THERE	FIRST_SECOND	V9_SPACE	 here there	2	 there	612	1	1	0.036293	0.036293	464	0.181247	[[1242, 2.314833], [2166, 1.69005], [1691, 1.543765], [680, 1.474507], [1790, 1.434265]]
ENDPOINT_CONTROL__HERE_THERE__ARBFIRST_SECOND__V9_SPACE__NONE	ENDPOINT_CONTROL	HERE_THERE	ARBFIRST_SECOND	V9_SPACE	 marble there	0	<BOS>	50256	0	0	-0.000102	-0.000102	2256	0.796687	[[2256, 2.36087], [1888, 1.564183], [2787, 0.893099], [1450, 0.853876], [1048, 0.848868]]
ENDPOINT_CONTROL__HERE_THERE__ARBFIRST_SECOND__V9_SPACE__NONE	ENDPOINT_CONTROL	HERE_THERE	ARBFIRST_SECOND	V9_SPACE	 marble there	1	 marble	30623	0	0	-0.146916	-0.000102	1888	1.160159	[[1888, 3.655281], [464, 2.495122], [1790, 2.415402], [1998, 1.710243], [654, 1.45277]]
ENDPOINT_CONTROL__HERE_THERE__ARBFIRST_SECOND__V9_SPACE__NONE	ENDPOINT_CONTROL	HERE_THERE	ARBFIRST_SECOND	V9_SPACE	 marble there	2	 there	612	1	1	-0.073387	-0.000102	1888	1.160159	[[1790, 2.235026], [1888, 2.19628], [349, 2.168977], [1242, 1.98848], [170, 1.769355]]
ENDPOINT_CONTROL__HERE_THERE__FIRST_REPEAT__V9_SPACE__NONE	ENDPOINT_CONTROL	HERE_THERE	FIRST_REPEAT	V9_SPACE	 here here	0	<BOS>	50256	0	0	-0.000102	-0.000102	2256	0.796687	[[2256, 2.36087], [1888, 1.564183], [2787, 0.893099], [1450, 0.853876], [1048, 0.848868]]
ENDPOINT_CONTROL__HERE_THERE__FIRST_REPEAT__V9_SPACE__NONE	ENDPOINT_CONTROL	HERE_THERE	FIRST_REPEAT	V9_SPACE	 here here	1	 here	994	0	0	-0.124207	-0.000102	464	0.181247	[[464, 2.896076], [1790, 2.71483], [1888, 2.321314], [3017, 1.599817], [654, 1.503222]]
ENDPOINT_CONTROL__HERE_THERE__FIRST_REPEAT__V9_SPACE__NONE	ENDPOINT_CONTROL	HERE_THERE	FIRST_REPEAT	V9_SPACE	 here here	2	 here	994	1	1	-0.160661	-0.000102	464	0.181247	[[1691, 2.228827], [1790, 2.160631], [245, 1.698897], [589, 1.364485], [1424, 1.215678]]
ENDPOINT_CONTROL__HERE_THERE__REVERSED__V9_SPACE__NONE	ENDPOINT_CONTROL	HERE_THERE	REVERSED	V9_SPACE	 there and here	0	<BOS>	50256	0	0	-0.000102	-0.000102	2256	0.796686	[[2256, 2.36087], [1888, 1.564183], [2787, 0.893099], [1450, 0.853876], [1048, 0.848868]]
ENDPOINT_CONTROL__HERE_THERE__REVERSED__V9_SPACE__NONE	ENDPOINT_CONTROL	HERE_THERE	REVERSED	V9_SPACE	 there and here	1	 there	612	0	0	-0.149405	-0.000102	1888	0.088986	[[1888, 2.904124], [1790, 2.815138], [464, 2.637388], [170, 1.812684], [654, 1.595026]]
ENDPOINT_CONTROL__HERE_THERE__REVERSED__V9_SPACE__NONE	ENDPOINT_CONTROL	HERE_THERE	REVERSED	V9_SPACE	 there and here	2	 and	290	0	0	-0.02726	-0.000102	1888	0.088986	[[1790, 1.620893], [2328, 1.551454], [2710, 1.527684], [1511, 1.496067], [654, 1.262537]]
ENDPOINT_CONTROL__HERE_THERE__REVERSED__V9_SPACE__NONE	ENDPOINT_CONTROL	HERE_THERE	REVERSED	V9_SPACE	 there and here	3	 here	994	1	1	3.157873	3.157873	541	0.253749	[[541, 3.157873], [2659, 2.636867], [1348, 2.223188], [1691, 1.918879], [638, 1.783617]]
CORE_FACTORIAL__HERE_THERE__CC__THE_PHRASE__NONE	CORE_FACTORIAL	HERE_THERE	CC	THE_PHRASE	the phrase here and there	0	<BOS>	50256	0	0	-0.000102	-0.000102	2256	0.796686	[[2256, 2.36087], [1888, 1.564183], [2787, 0.893099], [1450, 0.853876], [1048, 0.848868]]
CORE_FACTORIAL__HERE_THERE__CC__THE_PHRASE__NONE	CORE_FACTORIAL	HERE_THERE	CC	THE_PHRASE	the phrase here and there	1	the	1169	0	0	-0.058428	-0.000102	1790	0.119972	[[1790, 2.74375], [1888, 2.623779], [1203, 1.370484], [654, 1.287318], [1504, 1.273196]]
CORE_FACTORIAL__HERE_THERE__CC__THE_PHRASE__NONE	CORE_FACTORIAL	HERE_THERE	CC	THE_PHRASE	the phrase here and there	2	 phrase	9546	0	0	-0.055584	-0.000102	2073	0.489396	[[2073, 3.233146], [1026, 1.694937], [2070, 1.648536], [388, 1.556334], [1888, 1.459668]]
CORE_FACTORIAL__HERE_THERE__CC__THE_PHRASE__NONE	CORE_FACTORIAL	HERE_THERE	CC	THE_PHRASE	the phrase here and there	3	 here	994	0	0	-0.070334	-0.000102	2073	0.489396	[[165, 1.935275], [680, 1.492949], [349, 1.388559], [3017, 1.340031], [1790, 1.298777]]
CORE_FACTORIAL__HERE_THERE__CC__THE_PHRASE__NONE	CORE_FACTORIAL	HERE_THERE	CC	THE_PHRASE	the phrase here and there	4	 and	290	0	0	-0.004793	-0.000102	2073	0.489396	[[1790, 2.175665], [2328, 2.069637], [1888, 1.550851], [2813, 1.399779], [2171, 1.379673]]
CORE_FACTORIAL__HERE_THERE__CC__THE_PHRASE__NONE	CORE_FACTORIAL	HERE_THERE	CC	THE_PHRASE	the phrase here and there	5	 there	612	1	1	4.150401	4.150401	541	0.917254	[[541, 4.150401], [2753, 2.695369], [2852, 2.316015], [1272, 2.149795], [2659, 2.135456]]
CORE_FACTORIAL__HERE_THERE__CA__THE_PHRASE__NONE	CORE_FACTORIAL	HERE_THERE	CA	THE_PHRASE	the phrase here and forest	0	<BOS>	50256	0	0	-0.000102	-0.000102	2256	0.796686	[[2256, 2.36087], [1888, 1.564183], [2787, 0.893099], [1450, 0.853876], [1048, 0.848868]]
CORE_FACTORIAL__HERE_THERE__CA__THE_PHRASE__NONE	CORE_FACTORIAL	HERE_THERE	CA	THE_PHRASE	the phrase here and forest	1	the	1169	0	0	-0.058428	-0.000102	1790	0.119972	[[1790, 2.74375], [1888, 2.623779], [1203, 1.370484], [654, 1.287318], [1504, 1.273196]]
CORE_FACTORIAL__HERE_THERE__CA__THE_PHRASE__NONE	CORE_FACTORIAL	HERE_THERE	CA	THE_PHRASE	the phrase here and forest	2	 phrase	9546	0	0	-0.055584	-0.000102	2073	0.489396	[[2073, 3.233146], [1026, 1.694937], [2070, 1.648536], [388, 1.556334], [1888, 1.459668]]
CORE_FACTORIAL__HERE_THERE__CA__THE_PHRASE__NONE	CORE_FACTORIAL	HERE_THERE	CA	THE_PHRASE	the phrase here and forest	3	 here	994	0	0	-0.070334	-0.000102	2073	0.489396	[[165, 1.935275], [680, 1.492949], [349, 1.388559], [3017, 1.340031], [1790, 1.298777]]
CORE_FACTORIAL__HERE_THERE__CA__THE_PHRASE__NONE	CORE_FACTORIAL	HERE_THERE	CA	THE_PHRASE	the phrase here and forest	4	 and	290	0	0	-0.004793	-0.000102	2073	0.489396	[[1790, 2.175665], [2328, 2.069637], [1888, 1.550851], [2813, 1.399779], [2171, 1.379673]]
CORE_FACTORIAL__HERE_THERE__CA__THE_PHRASE__NONE	CORE_FACTORIAL	HERE_THERE	CA	THE_PHRASE	the phrase here and forest	5	 forest	8222	1	1	-0.150226	-0.000102	2073	0.345009	[[1888, 2.888137], [1790, 2.417288], [1514, 1.909534], [654, 1.286647], [1063, 1.265408]]
CORE_FACTORIAL__HERE_THERE__AC__THE_PHRASE__NONE	CORE_FACTORIAL	HERE_THERE	AC	THE_PHRASE	the phrase marble and there	0	<BOS>	50256	0	0	-0.000102	-0.000102	2256	0.796686	[[2256, 2.36087], [1888, 1.564183], [2787, 0.893099], [1450, 0.853876], [1048, 0.848868]]
CORE_FACTORIAL__HERE_THERE__AC__THE_PHRASE__NONE	CORE_FACTORIAL	HERE_THERE	AC	THE_PHRASE	the phrase marble and there	1	the	1169	0	0	-0.058428	-0.000102	1790	0.119972	[[1790, 2.74375], [1888, 2.623779], [1203, 1.370484], [654, 1.287318], [1504, 1.273196]]
CORE_FACTORIAL__HERE_THERE__AC__THE_PHRASE__NONE	CORE_FACTORIAL	HERE_THERE	AC	THE_PHRASE	the phrase marble and there	2	 phrase	9546	0	0	-0.055584	-0.000102	2073	0.489396	[[2073, 3.233146], [1026, 1.694937], [2070, 1.648536], [388, 1.556334], [1888, 1.459668]]
CORE_FACTORIAL__HERE_THERE__AC__THE_PHRASE__NONE	CORE_FACTORIAL	HERE_THERE	AC	THE_PHRASE	the phrase marble and there	3	 marble	30623	0	0	-0.049475	-0.000102	2073	0.489396	[[1888, 2.321728], [265, 1.608017], [1790, 1.417489], [1268, 1.395308], [778, 1.196534]]
CORE_FACTORIAL__HERE_THERE__AC__THE_PHRASE__NONE	CORE_FACTORIAL	HERE_THERE	AC	THE_PHRASE	the phrase marble and there	4	 and	290	0	0	-0.005097	-0.000102	2073	0.489396	[[1790, 1.622471], [1543, 1.385722], [194, 1.210605], [2753, 1.191923], [1336, 1.148184]]
CORE_FACTORIAL__HERE_THERE__AC__THE_PHRASE__NONE	CORE_FACTORIAL	HERE_THERE	AC	THE_PHRASE	the phrase marble and there	5	 there	612	1	1	-0.08209	-0.000102	2073	0.489396	[[170, 1.900133], [349, 1.803664], [638, 1.767528], [3017, 1.690941], [1790, 1.580098]]
CORE_FACTORIAL__HERE_THERE__AA__THE_PHRASE__NONE	CORE_FACTORIAL	HERE_THERE	AA	THE_PHRASE	the phrase marble and forest	0	<BOS>	50256	0	0	-0.000102	-0.000102	2256	0.796686	[[2256, 2.36087], [1888, 1.564183], [2787, 0.893099], [1450, 0.853876], [1048, 0.848868]]
CORE_FACTORIAL__HERE_THERE__AA__THE_PHRASE__NONE	CORE_FACTORIAL	HERE_THERE	AA	THE_PHRASE	the phrase marble and forest	1	the	1169	0	0	-0.058428	-0.000102	1790	0.119972	[[1790, 2.74375], [1888, 2.623779], [1203, 1.370484], [654, 1.287318], [1504, 1.273196]]
CORE_FACTORIAL__HERE_THERE__AA__THE_PHRASE__NONE	CORE_FACTORIAL	HERE_THERE	AA	THE_PHRASE	the phrase marble and forest	2	 phrase	9546	0	0	-0.055584	-0.000102	2073	0.489396	[[2073, 3.233146], [1026, 1.694937], [2070, 1.648536], [388, 1.556334], [1888, 1.459668]]
CORE_FACTORIAL__HERE_THERE__AA__THE_PHRASE__NONE	CORE_FACTORIAL	HERE_THERE	AA	THE_PHRASE	the phrase marble and forest	3	 marble	30623	0	0	-0.049475	-0.000102	2073	0.489396	[[1888, 2.321728], [265, 1.608017], [1790, 1.417489], [1268, 1.395308], [778, 1.196534]]
CORE_FACTORIAL__HERE_THERE__AA__THE_PHRASE__NONE	CORE_FACTORIAL	HERE_THERE	AA	THE_PHRASE	the phrase marble and forest	4	 and	290	0	0	-0.005097	-0.000102	2073	0.489396	[[1790, 1.622471], [1543, 1.385722], [194, 1.210605], [2753, 1.191923], [1336, 1.148184]]
CORE_FACTORIAL__HERE_THERE__AA__THE_PHRASE__NONE	CORE_FACTORIAL	HERE_THERE	AA	THE_PHRASE	the phrase marble and forest	5	 forest	8222	1	1	0.579749	0.579749	2073	0.489396	[[1888, 1.824943], [2659, 1.610996], [638, 1.539526], [1790, 1.217411], [2753, 1.104793]]
ENDPOINT_CONTROL__HERE_THERE__FULL_FRAME__THE_PHRASE__NONE	ENDPOINT_CONTROL	HERE_THERE	FULL_FRAME	THE_PHRASE	the phrase here and there	0	<BOS>	50256	0	0	-0.000102	-0.000102	2256	0.796686	[[2256, 2.36087], [1888, 1.564183], [2787, 0.893099], [1450, 0.853876], [1048, 0.848868]]
ENDPOINT_CONTROL__HERE_THERE__FULL_FRAME__THE_PHRASE__NONE	ENDPOINT_CONTROL	HERE_THERE	FULL_FRAME	THE_PHRASE	the phrase here and there	1	the	1169	0	0	-0.058428	-0.000102	1790	0.119972	[[1790, 2.74375], [1888, 2.623779], [1203, 1.370484], [654, 1.287318], [1504, 1.273196]]
ENDPOINT_CONTROL__HERE_THERE__FULL_FRAME__THE_PHRASE__NONE	ENDPOINT_CONTROL	HERE_THERE	FULL_FRAME	THE_PHRASE	the phrase here and there	2	 phrase	9546	0	0	-0.055584	-0.000102	2073	0.489396	[[2073, 3.233146], [1026, 1.694937], [2070, 1.648536], [388, 1.556334], [1888, 1.459668]]
ENDPOINT_CONTROL__HERE_THERE__FULL_FRAME__THE_PHRASE__NONE	ENDPOINT_CONTROL	HERE_THERE	FULL_FRAME	THE_PHRASE	the phrase here and there	3	 here	994	0	0	-0.070334	-0.000102	2073	0.489396	[[165, 1.935275], [680, 1.492949], [349, 1.388559], [3017, 1.340031], [1790, 1.298777]]
ENDPOINT_CONTROL__HERE_THERE__FULL_FRAME__THE_PHRASE__NONE	ENDPOINT_CONTROL	HERE_THERE	FULL_FRAME	THE_PHRASE	the phrase here and there	4	 and	290	0	0	-0.004793	-0.000102	2073	0.489396	[[1790, 2.175665], [2328, 2.069637], [1888, 1.550851], [2813, 1.399779], [2171, 1.379673]]
ENDPOINT_CONTROL__HERE_THERE__FULL_FRAME__THE_PHRASE__NONE	ENDPOINT_CONTROL	HERE_THERE	FULL_FRAME	THE_PHRASE	the phrase here and there	5	 there	612	1	1	4.150401	4.150401	541	0.917254	[[541, 4.150401], [2753, 2.695369], [2852, 2.316015], [1272, 2.149795], [2659, 2.135456]]
ENDPOINT_CONTROL__HERE_THERE__SECOND_ONLY__THE_PHRASE__NONE	ENDPOINT_CONTROL	HERE_THERE	SECOND_ONLY	THE_PHRASE	the phrase there	0	<BOS>	50256	0	0	-0.000102	-0.000102	2256	0.796686	[[2256, 2.36087], [1888, 1.564183], [2787, 0.893099], [1450, 0.853876], [1048, 0.848868]]
ENDPOINT_CONTROL__HERE_THERE__SECOND_ONLY__THE_PHRASE__NONE	ENDPOINT_CONTROL	HERE_THERE	SECOND_ONLY	THE_PHRASE	the phrase there	1	the	1169	0	0	-0.058428	-0.000102	1790	0.119972	[[1790, 2.74375], [1888, 2.623779], [1203, 1.370484], [654, 1.287318], [1504, 1.273196]]
ENDPOINT_CONTROL__HERE_THERE__SECOND_ONLY__THE_PHRASE__NONE	ENDPOINT_CONTROL	HERE_THERE	SECOND_ONLY	THE_PHRASE	the phrase there	2	 phrase	9546	0	0	-0.055584	-0.000102	2073	0.489396	[[2073, 3.233146], [1026, 1.694937], [2070, 1.648536], [388, 1.556334], [1888, 1.459668]]
ENDPOINT_CONTROL__HERE_THERE__SECOND_ONLY__THE_PHRASE__NONE	ENDPOINT_CONTROL	HERE_THERE	SECOND_ONLY	THE_PHRASE	the phrase there	3	 there	612	1	1	-0.0217	-0.000102	2073	0.489396	[[170, 1.858037], [349, 1.54258], [3017, 1.499156], [1888, 1.466788], [1965, 1.409274]]
ENDPOINT_CONTROL__HERE_THERE__CONNECTOR_SECOND__THE_PHRASE__NONE	ENDPOINT_CONTROL	HERE_THERE	CONNECTOR_SECOND	THE_PHRASE	the phrase and there	0	<BOS>	50256	0	0	-0.000102	-0.000102	2256	0.796686	[[2256, 2.36087], [1888, 1.564183], [2787, 0.893099], [1450, 0.853876], [1048, 0.848868]]
ENDPOINT_CONTROL__HERE_THERE__CONNECTOR_SECOND__THE_PHRASE__NONE	ENDPOINT_CONTROL	HERE_THERE	CONNECTOR_SECOND	THE_PHRASE	the phrase and there	1	the	1169	0	0	-0.058428	-0.000102	1790	0.119972	[[1790, 2.74375], [1888, 2.623779], [1203, 1.370484], [654, 1.287318], [1504, 1.273196]]
ENDPOINT_CONTROL__HERE_THERE__CONNECTOR_SECOND__THE_PHRASE__NONE	ENDPOINT_CONTROL	HERE_THERE	CONNECTOR_SECOND	THE_PHRASE	the phrase and there	2	 phrase	9546	0	0	-0.055584	-0.000102	2073	0.489396	[[2073, 3.233146], [1026, 1.694937], [2070, 1.648536], [388, 1.556334], [1888, 1.459668]]
ENDPOINT_CONTROL__HERE_THERE__CONNECTOR_SECOND__THE_PHRASE__NONE	ENDPOINT_CONTROL	HERE_THERE	CONNECTOR_SECOND	THE_PHRASE	the phrase and there	3	 and	290	0	0	-0.009063	-0.000102	2073	0.489396	[[1790, 1.619635], [1888, 1.466792], [1439, 1.419283], [654, 1.352773], [1208, 1.316682]]
ENDPOINT_CONTROL__HERE_THERE__CONNECTOR_SECOND__THE_PHRASE__NONE	ENDPOINT_CONTROL	HERE_THERE	CONNECTOR_SECOND	THE_PHRASE	the phrase and there	4	 there	612	1	1	-0.167821	-0.000102	2073	0.489396	[[638, 1.998066], [170, 1.81069], [349, 1.77888], [1888, 1.530168], [3017, 1.334869]]
ENDPOINT_CONTROL__HERE_THERE__FIRST_SECOND__THE_PHRASE__NONE	ENDPOINT_CONTROL	HERE_THERE	FIRST_SECOND	THE_PHRASE	the phrase here there	0	<BOS>	50256	0	0	-0.000102	-0.000102	2256	0.796686	[[2256, 2.36087], [1888, 1.564183], [2787, 0.893099], [1450, 0.853876], [1048, 0.848868]]
ENDPOINT_CONTROL__HERE_THERE__FIRST_SECOND__THE_PHRASE__NONE	ENDPOINT_CONTROL	HERE_THERE	FIRST_SECOND	THE_PHRASE	the phrase here there	1	the	1169	0	0	-0.058428	-0.000102	1790	0.119972	[[1790, 2.74375], [1888, 2.623779], [1203, 1.370484], [654, 1.287318], [1504, 1.273196]]
ENDPOINT_CONTROL__HERE_THERE__FIRST_SECOND__THE_PHRASE__NONE	ENDPOINT_CONTROL	HERE_THERE	FIRST_SECOND	THE_PHRASE	the phrase here there	2	 phrase	9546	0	0	-0.055584	-0.000102	2073	0.489396	[[2073, 3.233146], [1026, 1.694937], [2070, 1.648536], [388, 1.556334], [1888, 1.459668]]
ENDPOINT_CONTROL__HERE_THERE__FIRST_SECOND__THE_PHRASE__NONE	ENDPOINT_CONTROL	HERE_THERE	FIRST_SECOND	THE_PHRASE	the phrase here there	3	 here	994	0	0	-0.070334	-0.000102	2073	0.489396	[[165, 1.935275], [680, 1.492949], [349, 1.388559], [3017, 1.340031], [1790, 1.298777]]
ENDPOINT_CONTROL__HERE_THERE__FIRST_SECOND__THE_PHRASE__NONE	ENDPOINT_CONTROL	HERE_THERE	FIRST_SECOND	THE_PHRASE	the phrase here there	4	 there	612	1	1	-0.110081	-0.000102	2073	0.489396	[[349, 1.915467], [680, 1.778236], [1790, 1.68587], [170, 1.615497], [2559, 1.54532]]
ENDPOINT_CONTROL__HERE_THERE__ARBFIRST_SECOND__THE_PHRASE__NONE	ENDPOINT_CONTROL	HERE_THERE	ARBFIRST_SECOND	THE_PHRASE	the phrase marble there	0	<BOS>	50256	0	0	-0.000102	-0.000102	2256	0.796686	[[2256, 2.36087], [1888, 1.564183], [2787, 0.893099], [1450, 0.853876], [1048, 0.848868]]
ENDPOINT_CONTROL__HERE_THERE__ARBFIRST_SECOND__THE_PHRASE__NONE	ENDPOINT_CONTROL	HERE_THERE	ARBFIRST_SECOND	THE_PHRASE	the phrase marble there	1	the	1169	0	0	-0.058428	-0.000102	1790	0.119972	[[1790, 2.74375], [1888, 2.623779], [1203, 1.370484], [654, 1.287318], [1504, 1.273196]]
ENDPOINT_CONTROL__HERE_THERE__ARBFIRST_SECOND__THE_PHRASE__NONE	ENDPOINT_CONTROL	HERE_THERE	ARBFIRST_SECOND	THE_PHRASE	the phrase marble there	2	 phrase	9546	0	0	-0.055584	-0.000102	2073	0.489396	[[2073, 3.233146], [1026, 1.694937], [2070, 1.648536], [388, 1.556334], [1888, 1.459668]]
ENDPOINT_CONTROL__HERE_THERE__ARBFIRST_SECOND__THE_PHRASE__NONE	ENDPOINT_CONTROL	HERE_THERE	ARBFIRST_SECOND	THE_PHRASE	the phrase marble there	3	 marble	30623	0	0	-0.049475	-0.000102	2073	0.489396	[[1888, 2.321728], [265, 1.608017], [1790, 1.417489], [1268, 1.395308], [778, 1.196534]]
ENDPOINT_CONTROL__HERE_THERE__ARBFIRST_SECOND__THE_PHRASE__NONE	ENDPOINT_CONTROL	HERE_THERE	ARBFIRST_SECOND	THE_PHRASE	the phrase marble there	4	 there	612	1	1	-0.039943	-0.000102	2073	0.489396	[[349, 2.513322], [1790, 1.774321], [680, 1.749717], [1242, 1.693537], [3017, 1.676309]]
ENDPOINT_CONTROL__HERE_THERE__FIRST_REPEAT__THE_PHRASE__NONE	ENDPOINT_CONTROL	HERE_THERE	FIRST_REPEAT	THE_PHRASE	the phrase here here	0	<BOS>	50256	0	0	-0.000102	-0.000102	2256	0.796686	[[2256, 2.36087], [1888, 1.564183], [2787, 0.893099], [1450, 0.853876], [1048, 0.848868]]
ENDPOINT_CONTROL__HERE_THERE__FIRST_REPEAT__THE_PHRASE__NONE	ENDPOINT_CONTROL	HERE_THERE	FIRST_REPEAT	THE_PHRASE	the phrase here here	1	the	1169	0	0	-0.058428	-0.000102	1790	0.119972	[[1790, 2.74375], [1888, 2.623779], [1203, 1.370484], [654, 1.287318], [1504, 1.273196]]
ENDPOINT_CONTROL__HERE_THERE__FIRST_REPEAT__THE_PHRASE__NONE	ENDPOINT_CONTROL	HERE_THERE	FIRST_REPEAT	THE_PHRASE	the phrase here here	2	 phrase	9546	0	0	-0.055584	-0.000102	2073	0.489396	[[2073, 3.233146], [1026, 1.694937], [2070, 1.648536], [388, 1.556334], [1888, 1.459668]]
ENDPOINT_CONTROL__HERE_THERE__FIRST_REPEAT__THE_PHRASE__NONE	ENDPOINT_CONTROL	HERE_THERE	FIRST_REPEAT	THE_PHRASE	the phrase here here	3	 here	994	0	0	-0.070334	-0.000102	2073	0.489396	[[165, 1.935275], [680, 1.492949], [349, 1.388559], [3017, 1.340031], [1790, 1.298777]]
ENDPOINT_CONTROL__HERE_THERE__FIRST_REPEAT__THE_PHRASE__NONE	ENDPOINT_CONTROL	HERE_THERE	FIRST_REPEAT	THE_PHRASE	the phrase here here	4	 here	994	1	1	-0.106565	-0.000102	2073	0.489396	[[165, 1.700607], [680, 1.618451], [1362, 1.547892], [1790, 1.538443], [349, 1.340209]]
ENDPOINT_CONTROL__HERE_THERE__REVERSED__THE_PHRASE__NONE	ENDPOINT_CONTROL	HERE_THERE	REVERSED	THE_PHRASE	the phrase there and here	0	<BOS>	50256	0	0	-0.000102	-0.000102	2256	0.796686	[[2256, 2.36087], [1888, 1.564183], [2787, 0.893099], [1450, 0.853876], [1048, 0.848868]]
ENDPOINT_CONTROL__HERE_THERE__REVERSED__THE_PHRASE__NONE	ENDPOINT_CONTROL	HERE_THERE	REVERSED	THE_PHRASE	the phrase there and here	1	the	1169	0	0	-0.058428	-0.000102	1790	0.119972	[[1790, 2.74375], [1888, 2.623779], [1203, 1.370484], [654, 1.287318], [1504, 1.273196]]
ENDPOINT_CONTROL__HERE_THERE__REVERSED__THE_PHRASE__NONE	ENDPOINT_CONTROL	HERE_THERE	REVERSED	THE_PHRASE	the phrase there and here	2	 phrase	9546	0	0	-0.055584	-0.000102	2073	0.489396	[[2073, 3.233146], [1026, 1.694937], [2070, 1.648536], [388, 1.556334], [1888, 1.459668]]
ENDPOINT_CONTROL__HERE_THERE__REVERSED__THE_PHRASE__NONE	ENDPOINT_CONTROL	HERE_THERE	REVERSED	THE_PHRASE	the phrase there and here	3	 there	612	0	0	-0.0217	-0.000102	2073	0.489396	[[170, 1.858037], [349, 1.54258], [3017, 1.499156], [1888, 1.466788], [1965, 1.409274]]
ENDPOINT_CONTROL__HERE_THERE__REVERSED__THE_PHRASE__NONE	ENDPOINT_CONTROL	HERE_THERE	REVERSED	THE_PHRASE	the phrase there and here	4	 and	290	0	0	-0.014824	-0.000102	2073	0.489396	[[1790, 1.954732], [1888, 1.772254], [2328, 1.487841], [1511, 1.293736], [2710, 1.264374]]
ENDPOINT_CONTROL__HERE_THERE__REVERSED__THE_PHRASE__NONE	ENDPOINT_CONTROL	HERE_THERE	REVERSED	THE_PHRASE	the phrase there and here	5	 here	994	1	1	2.939531	2.939531	2073	0.157566	[[2659, 3.075581], [541, 2.939531], [1348, 2.475273], [1691, 1.892668], [638, 1.634059]]
CORE_FACTORIAL__HERE_THERE__CC__THEY_SAID__NONE	CORE_FACTORIAL	HERE_THERE	CC	THEY_SAID	they said here and there	0	<BOS>	50256	0	0	-0.000102	-0.000102	2256	0.796686	[[2256, 2.36087], [1888, 1.564183], [2787, 0.893099], [1450, 0.853876], [1048, 0.848868]]
CORE_FACTORIAL__HERE_THERE__CC__THEY_SAID__NONE	CORE_FACTORIAL	HERE_THERE	CC	THEY_SAID	they said here and there	1	they	9930	0	0	-0.133193	-0.000102	2256	0.053377	[[1790, 2.307492], [1888, 2.21476], [234, 1.470804], [1169, 1.294994], [654, 1.246823]]
CORE_FACTORIAL__HERE_THERE__CC__THEY_SAID__NONE	CORE_FACTORIAL	HERE_THERE	CC	THEY_SAID	they said here and there	2	 said	531	0	0	-0.038379	-0.000102	2256	0.053377	[[2982, 1.845008], [932, 1.550615], [521, 1.429855], [38, 1.363183], [654, 1.281732]]
CORE_FACTORIAL__HERE_THERE__CC__THEY_SAID__NONE	CORE_FACTORIAL	HERE_THERE	CC	THEY_SAID	they said here and there	3	 here	994	0	0	-0.157885	-0.000102	2256	0.053377	[[720, 1.780668], [1790, 1.54955], [3017, 1.486049], [1691, 1.431151], [165, 1.397194]]
CORE_FACTORIAL__HERE_THERE__CC__THEY_SAID__NONE	CORE_FACTORIAL	HERE_THERE	CC	THEY_SAID	they said here and there	4	 and	290	0	0	-0.015843	-0.000102	1790	0.078049	[[1790, 2.438919], [2171, 1.923526], [2328, 1.489055], [2813, 1.381902], [1888, 1.364874]]
CORE_FACTORIAL__HERE_THERE__CC__THEY_SAID__NONE	CORE_FACTORIAL	HERE_THERE	CC	THEY_SAID	they said here and there	5	 there	612	1	1	4.241707	4.241707	541	1.313137	[[541, 4.241707], [2753, 2.92857], [2659, 2.405142], [2852, 2.147663], [2905, 1.936593]]
CORE_FACTORIAL__HERE_THERE__CA__THEY_SAID__NONE	CORE_FACTORIAL	HERE_THERE	CA	THEY_SAID	they said here and forest	0	<BOS>	50256	0	0	-0.000102	-0.000102	2256	0.796686	[[2256, 2.36087], [1888, 1.564183], [2787, 0.893099], [1450, 0.853876], [1048, 0.848868]]
CORE_FACTORIAL__HERE_THERE__CA__THEY_SAID__NONE	CORE_FACTORIAL	HERE_THERE	CA	THEY_SAID	they said here and forest	1	they	9930	0	0	-0.133193	-0.000102	2256	0.053377	[[1790, 2.307492], [1888, 2.21476], [234, 1.470804], [1169, 1.294994], [654, 1.246823]]
CORE_FACTORIAL__HERE_THERE__CA__THEY_SAID__NONE	CORE_FACTORIAL	HERE_THERE	CA	THEY_SAID	they said here and forest	2	 said	531	0	0	-0.038379	-0.000102	2256	0.053377	[[2982, 1.845008], [932, 1.550615], [521, 1.429855], [38, 1.363183], [654, 1.281732]]
CORE_FACTORIAL__HERE_THERE__CA__THEY_SAID__NONE	CORE_FACTORIAL	HERE_THERE	CA	THEY_SAID	they said here and forest	3	 here	994	0	0	-0.157885	-0.000102	2256	0.053377	[[720, 1.780668], [1790, 1.54955], [3017, 1.486049], [1691, 1.431151], [165, 1.397194]]
CORE_FACTORIAL__HERE_THERE__CA__THEY_SAID__NONE	CORE_FACTORIAL	HERE_THERE	CA	THEY_SAID	they said here and forest	4	 and	290	0	0	-0.015843	-0.000102	1790	0.078049	[[1790, 2.438919], [2171, 1.923526], [2328, 1.489055], [2813, 1.381902], [1888, 1.364874]]
CORE_FACTORIAL__HERE_THERE__CA__THEY_SAID__NONE	CORE_FACTORIAL	HERE_THERE	CA	THEY_SAID	they said here and forest	5	 forest	8222	1	1	-0.128585	-0.000102	1888	0.380679	[[1888, 2.819598], [1790, 2.361856], [1514, 1.697966], [2305, 1.694745], [654, 1.391152]]
CORE_FACTORIAL__HERE_THERE__AC__THEY_SAID__NONE	CORE_FACTORIAL	HERE_THERE	AC	THEY_SAID	they said marble and there	0	<BOS>	50256	0	0	-0.000102	-0.000102	2256	0.796686	[[2256, 2.36087], [1888, 1.564183], [2787, 0.893099], [1450, 0.853876], [1048, 0.848868]]
CORE_FACTORIAL__HERE_THERE__AC__THEY_SAID__NONE	CORE_FACTORIAL	HERE_THERE	AC	THEY_SAID	they said marble and there	1	they	9930	0	0	-0.133193	-0.000102	2256	0.053377	[[1790, 2.307492], [1888, 2.21476], [234, 1.470804], [1169, 1.294994], [654, 1.246823]]
CORE_FACTORIAL__HERE_THERE__AC__THEY_SAID__NONE	CORE_FACTORIAL	HERE_THERE	AC	THEY_SAID	they said marble and there	2	 said	531	0	0	-0.038379	-0.000102	2256	0.053377	[[2982, 1.845008], [932, 1.550615], [521, 1.429855], [38, 1.363183], [654, 1.281732]]
CORE_FACTORIAL__HERE_THERE__AC__THEY_SAID__NONE	CORE_FACTORIAL	HERE_THERE	AC	THEY_SAID	they said marble and there	3	 marble	30623	0	0	-0.094074	-0.000102	1888	0.223598	[[1888, 2.584468], [1790, 1.541331], [1268, 1.382151], [265, 1.370708], [1948, 1.12107]]
CORE_FACTORIAL__HERE_THERE__AC__THEY_SAID__NONE	CORE_FACTORIAL	HERE_THERE	AC	THEY_SAID	they said marble and there	4	 and	290	0	0	-0.006998	-0.000102	1888	0.223598	[[1790, 2.014567], [2753, 1.301885], [1888, 1.259007], [654, 1.064151], [2962, 1.01821]]
CORE_FACTORIAL__HERE_THERE__AC__THEY_SAID__NONE	CORE_FACTORIAL	HERE_THERE	AC	THEY_SAID	they said marble and there	5	 there	612	1	1	-0.047665	-0.000102	1888	0.223598	[[638, 2.213967], [170, 2.090522], [3017, 1.625549], [2376, 1.456174], [349, 1.423113]]
CORE_FACTORIAL__HERE_THERE__AA__THEY_SAID__NONE	CORE_FACTORIAL	HERE_THERE	AA	THEY_SAID	they said marble and forest	0	<BOS>	50256	0	0	-0.000102	-0.000102	2256	0.796686	[[2256, 2.36087], [1888, 1.564183], [2787, 0.893099], [1450, 0.853876], [1048, 0.848868]]
CORE_FACTORIAL__HERE_THERE__AA__THEY_SAID__NONE	CORE_FACTORIAL	HERE_THERE	AA	THEY_SAID	they said marble and forest	1	they	9930	0	0	-0.133193	-0.000102	2256	0.053377	[[1790, 2.307492], [1888, 2.21476], [234, 1.470804], [1169, 1.294994], [654, 1.246823]]
CORE_FACTORIAL__HERE_THERE__AA__THEY_SAID__NONE	CORE_FACTORIAL	HERE_THERE	AA	THEY_SAID	they said marble and forest	2	 said	531	0	0	-0.038379	-0.000102	2256	0.053377	[[2982, 1.845008], [932, 1.550615], [521, 1.429855], [38, 1.363183], [654, 1.281732]]
CORE_FACTORIAL__HERE_THERE__AA__THEY_SAID__NONE	CORE_FACTORIAL	HERE_THERE	AA	THEY_SAID	they said marble and forest	3	 marble	30623	0	0	-0.094074	-0.000102	1888	0.223598	[[1888, 2.584468], [1790, 1.541331], [1268, 1.382151], [265, 1.370708], [1948, 1.12107]]
CORE_FACTORIAL__HERE_THERE__AA__THEY_SAID__NONE	CORE_FACTORIAL	HERE_THERE	AA	THEY_SAID	they said marble and forest	4	 and	290	0	0	-0.006998	-0.000102	1888	0.223598	[[1790, 2.014567], [2753, 1.301885], [1888, 1.259007], [654, 1.064151], [2962, 1.01821]]
CORE_FACTORIAL__HERE_THERE__AA__THEY_SAID__NONE	CORE_FACTORIAL	HERE_THERE	AA	THEY_SAID	they said marble and forest	5	 forest	8222	1	1	0.641713	0.641713	1888	0.223598	[[2659, 2.031155], [1888, 1.994353], [638, 1.698776], [1790, 1.392559], [2305, 1.346242]]
ENDPOINT_CONTROL__HERE_THERE__FULL_FRAME__THEY_SAID__NONE	ENDPOINT_CONTROL	HERE_THERE	FULL_FRAME	THEY_SAID	they said here and there	0	<BOS>	50256	0	0	-0.000102	-0.000102	2256	0.796686	[[2256, 2.36087], [1888, 1.564183], [2787, 0.893099], [1450, 0.853876], [1048, 0.848868]]
ENDPOINT_CONTROL__HERE_THERE__FULL_FRAME__THEY_SAID__NONE	ENDPOINT_CONTROL	HERE_THERE	FULL_FRAME	THEY_SAID	they said here and there	1	they	9930	0	0	-0.133193	-0.000102	2256	0.053377	[[1790, 2.307492], [1888, 2.21476], [234, 1.470804], [1169, 1.294994], [654, 1.246823]]
ENDPOINT_CONTROL__HERE_THERE__FULL_FRAME__THEY_SAID__NONE	ENDPOINT_CONTROL	HERE_THERE	FULL_FRAME	THEY_SAID	they said here and there	2	 said	531	0	0	-0.038379	-0.000102	2256	0.053377	[[2982, 1.845008], [932, 1.550615], [521, 1.429855], [38, 1.363183], [654, 1.281732]]
ENDPOINT_CONTROL__HERE_THERE__FULL_FRAME__THEY_SAID__NONE	ENDPOINT_CONTROL	HERE_THERE	FULL_FRAME	THEY_SAID	they said here and there	3	 here	994	0	0	-0.157885	-0.000102	2256	0.053377	[[720, 1.780668], [1790, 1.54955], [3017, 1.486049], [1691, 1.431151], [165, 1.397194]]
ENDPOINT_CONTROL__HERE_THERE__FULL_FRAME__THEY_SAID__NONE	ENDPOINT_CONTROL	HERE_THERE	FULL_FRAME	THEY_SAID	they said here and there	4	 and	290	0	0	-0.015843	-0.000102	1790	0.078049	[[1790, 2.438919], [2171, 1.923526], [2328, 1.489055], [2813, 1.381902], [1888, 1.364874]]
ENDPOINT_CONTROL__HERE_THERE__FULL_FRAME__THEY_SAID__NONE	ENDPOINT_CONTROL	HERE_THERE	FULL_FRAME	THEY_SAID	they said here and there	5	 there	612	1	1	4.241707	4.241707	541	1.313137	[[541, 4.241707], [2753, 2.92857], [2659, 2.405142], [2852, 2.147663], [2905, 1.936593]]
ENDPOINT_CONTROL__HERE_THERE__SECOND_ONLY__THEY_SAID__NONE	ENDPOINT_CONTROL	HERE_THERE	SECOND_ONLY	THEY_SAID	they said there	0	<BOS>	50256	0	0	-0.000102	-0.000102	2256	0.796686	[[2256, 2.36087], [1888, 1.564183], [2787, 0.893099], [1450, 0.853876], [1048, 0.848868]]
ENDPOINT_CONTROL__HERE_THERE__SECOND_ONLY__THEY_SAID__NONE	ENDPOINT_CONTROL	HERE_THERE	SECOND_ONLY	THEY_SAID	they said there	1	they	9930	0	0	-0.133193	-0.000102	2256	0.053377	[[1790, 2.307492], [1888, 2.21476], [234, 1.470804], [1169, 1.294994], [654, 1.246823]]
ENDPOINT_CONTROL__HERE_THERE__SECOND_ONLY__THEY_SAID__NONE	ENDPOINT_CONTROL	HERE_THERE	SECOND_ONLY	THEY_SAID	they said there	2	 said	531	0	0	-0.038379	-0.000102	2256	0.053377	[[2982, 1.845008], [932, 1.550615], [521, 1.429855], [38, 1.363183], [654, 1.281732]]
ENDPOINT_CONTROL__HERE_THERE__SECOND_ONLY__THEY_SAID__NONE	ENDPOINT_CONTROL	HERE_THERE	SECOND_ONLY	THEY_SAID	they said there	3	 there	612	1	1	-0.047998	-0.000102	2256	0.053377	[[170, 2.076404], [1131, 1.871321], [2016, 1.719058], [2925, 1.314058], [1460, 1.282155]]
ENDPOINT_CONTROL__HERE_THERE__CONNECTOR_SECOND__THEY_SAID__NONE	ENDPOINT_CONTROL	HERE_THERE	CONNECTOR_SECOND	THEY_SAID	they said and there	0	<BOS>	50256	0	0	-0.000102	-0.000102	2256	0.796686	[[2256, 2.36087], [1888, 1.564183], [2787, 0.893099], [1450, 0.853876], [1048, 0.848868]]
ENDPOINT_CONTROL__HERE_THERE__CONNECTOR_SECOND__THEY_SAID__NONE	ENDPOINT_CONTROL	HERE_THERE	CONNECTOR_SECOND	THEY_SAID	they said and there	1	they	9930	0	0	-0.133193	-0.000102	2256	0.053377	[[1790, 2.307492], [1888, 2.21476], [234, 1.470804], [1169, 1.294994], [654, 1.246823]]
ENDPOINT_CONTROL__HERE_THERE__CONNECTOR_SECOND__THEY_SAID__NONE	ENDPOINT_CONTROL	HERE_THERE	CONNECTOR_SECOND	THEY_SAID	they said and there	2	 said	531	0	0	-0.038379	-0.000102	2256	0.053377	[[2982, 1.845008], [932, 1.550615], [521, 1.429855], [38, 1.363183], [654, 1.281732]]
ENDPOINT_CONTROL__HERE_THERE__CONNECTOR_SECOND__THEY_SAID__NONE	ENDPOINT_CONTROL	HERE_THERE	CONNECTOR_SECOND	THEY_SAID	they said and there	3	 and	290	0	0	-0.025332	-0.000102	1953	0.231451	[[1953, 2.592321], [1790, 2.187105], [869, 1.756977], [712, 1.749517], [1457, 1.466317]]
ENDPOINT_CONTROL__HERE_THERE__CONNECTOR_SECOND__THEY_SAID__NONE	ENDPOINT_CONTROL	HERE_THERE	CONNECTOR_SECOND	THEY_SAID	they said and there	4	 there	612	1	1	-0.163589	-0.000102	1953	0.231451	[[638, 1.929049], [170, 1.760792], [3017, 1.389327], [1888, 1.233308], [2753, 1.155902]]
ENDPOINT_CONTROL__HERE_THERE__FIRST_SECOND__THEY_SAID__NONE	ENDPOINT_CONTROL	HERE_THERE	FIRST_SECOND	THEY_SAID	they said here there	0	<BOS>	50256	0	0	-0.000102	-0.000102	2256	0.796686	[[2256, 2.36087], [1888, 1.564183], [2787, 0.893099], [1450, 0.853876], [1048, 0.848868]]
ENDPOINT_CONTROL__HERE_THERE__FIRST_SECOND__THEY_SAID__NONE	ENDPOINT_CONTROL	HERE_THERE	FIRST_SECOND	THEY_SAID	they said here there	1	they	9930	0	0	-0.133193	-0.000102	2256	0.053377	[[1790, 2.307492], [1888, 2.21476], [234, 1.470804], [1169, 1.294994], [654, 1.246823]]
ENDPOINT_CONTROL__HERE_THERE__FIRST_SECOND__THEY_SAID__NONE	ENDPOINT_CONTROL	HERE_THERE	FIRST_SECOND	THEY_SAID	they said here there	2	 said	531	0	0	-0.038379	-0.000102	2256	0.053377	[[2982, 1.845008], [932, 1.550615], [521, 1.429855], [38, 1.363183], [654, 1.281732]]
ENDPOINT_CONTROL__HERE_THERE__FIRST_SECOND__THEY_SAID__NONE	ENDPOINT_CONTROL	HERE_THERE	FIRST_SECOND	THEY_SAID	they said here there	3	 here	994	0	0	-0.157885	-0.000102	2256	0.053377	[[720, 1.780668], [1790, 1.54955], [3017, 1.486049], [1691, 1.431151], [165, 1.397194]]
ENDPOINT_CONTROL__HERE_THERE__FIRST_SECOND__THEY_SAID__NONE	ENDPOINT_CONTROL	HERE_THERE	FIRST_SECOND	THEY_SAID	they said here there	4	 there	612	1	1	-0.169882	-0.000102	2256	0.053377	[[1242, 1.790556], [170, 1.735816], [1790, 1.654463], [1691, 1.497418], [589, 1.485748]]
ENDPOINT_CONTROL__HERE_THERE__ARBFIRST_SECOND__THEY_SAID__NONE	ENDPOINT_CONTROL	HERE_THERE	ARBFIRST_SECOND	THEY_SAID	they said marble there	0	<BOS>	50256	0	0	-0.000102	-0.000102	2256	0.796686	[[2256, 2.36087], [1888, 1.564183], [2787, 0.893099], [1450, 0.853876], [1048, 0.848868]]
ENDPOINT_CONTROL__HERE_THERE__ARBFIRST_SECOND__THEY_SAID__NONE	ENDPOINT_CONTROL	HERE_THERE	ARBFIRST_SECOND	THEY_SAID	they said marble there	1	they	9930	0	0	-0.133193	-0.000102	2256	0.053377	[[1790, 2.307492], [1888, 2.21476], [234, 1.470804], [1169, 1.294994], [654, 1.246823]]
ENDPOINT_CONTROL__HERE_THERE__ARBFIRST_SECOND__THEY_SAID__NONE	ENDPOINT_CONTROL	HERE_THERE	ARBFIRST_SECOND	THEY_SAID	they said marble there	2	 said	531	0	0	-0.038379	-0.000102	2256	0.053377	[[2982, 1.845008], [932, 1.550615], [521, 1.429855], [38, 1.363183], [654, 1.281732]]
ENDPOINT_CONTROL__HERE_THERE__ARBFIRST_SECOND__THEY_SAID__NONE	ENDPOINT_CONTROL	HERE_THERE	ARBFIRST_SECOND	THEY_SAID	they said marble there	3	 marble	30623	0	0	-0.094074	-0.000102	1888	0.223598	[[1888, 2.584468], [1790, 1.541331], [1268, 1.382151], [265, 1.370708], [1948, 1.12107]]
ENDPOINT_CONTROL__HERE_THERE__ARBFIRST_SECOND__THEY_SAID__NONE	ENDPOINT_CONTROL	HERE_THERE	ARBFIRST_SECOND	THEY_SAID	they said marble there	4	 there	612	1	1	-0.018485	-0.000102	1888	0.156018	[[1242, 2.428451], [349, 1.97093], [1790, 1.912682], [170, 1.814219], [1888, 1.768795]]
ENDPOINT_CONTROL__HERE_THERE__FIRST_REPEAT__THEY_SAID__NONE	ENDPOINT_CONTROL	HERE_THERE	FIRST_REPEAT	THEY_SAID	they said here here	0	<BOS>	50256	0	0	-0.000102	-0.000102	2256	0.796686	[[2256, 2.36087], [1888, 1.564183], [2787, 0.893099], [1450, 0.853876], [1048, 0.848868]]
ENDPOINT_CONTROL__HERE_THERE__FIRST_REPEAT__THEY_SAID__NONE	ENDPOINT_CONTROL	HERE_THERE	FIRST_REPEAT	THEY_SAID	they said here here	1	they	9930	0	0	-0.133193	-0.000102	2256	0.053377	[[1790, 2.307492], [1888, 2.21476], [234, 1.470804], [1169, 1.294994], [654, 1.246823]]
ENDPOINT_CONTROL__HERE_THERE__FIRST_REPEAT__THEY_SAID__NONE	ENDPOINT_CONTROL	HERE_THERE	FIRST_REPEAT	THEY_SAID	they said here here	2	 said	531	0	0	-0.038379	-0.000102	2256	0.053377	[[2982, 1.845008], [932, 1.550615], [521, 1.429855], [38, 1.363183], [654, 1.281732]]
ENDPOINT_CONTROL__HERE_THERE__FIRST_REPEAT__THEY_SAID__NONE	ENDPOINT_CONTROL	HERE_THERE	FIRST_REPEAT	THEY_SAID	they said here here	3	 here	994	0	0	-0.157885	-0.000102	2256	0.053377	[[720, 1.780668], [1790, 1.54955], [3017, 1.486049], [1691, 1.431151], [165, 1.397194]]
ENDPOINT_CONTROL__HERE_THERE__FIRST_REPEAT__THEY_SAID__NONE	ENDPOINT_CONTROL	HERE_THERE	FIRST_REPEAT	THEY_SAID	they said here here	4	 here	994	1	1	-0.16998	-0.000102	2256	0.053377	[[1790, 1.732158], [1691, 1.70693], [720, 1.565785], [3017, 1.469175], [2201, 1.430462]]
ENDPOINT_CONTROL__HERE_THERE__REVERSED__THEY_SAID__NONE	ENDPOINT_CONTROL	HERE_THERE	REVERSED	THEY_SAID	they said there and here	0	<BOS>	50256	0	0	-0.000102	-0.000102	2256	0.796686	[[2256, 2.36087], [1888, 1.564183], [2787, 0.893099], [1450, 0.853876], [1048, 0.848868]]
ENDPOINT_CONTROL__HERE_THERE__REVERSED__THEY_SAID__NONE	ENDPOINT_CONTROL	HERE_THERE	REVERSED	THEY_SAID	they said there and here	1	they	9930	0	0	-0.133193	-0.000102	2256	0.053377	[[1790, 2.307492], [1888, 2.21476], [234, 1.470804], [1169, 1.294994], [654, 1.246823]]
ENDPOINT_CONTROL__HERE_THERE__REVERSED__THEY_SAID__NONE	ENDPOINT_CONTROL	HERE_THERE	REVERSED	THEY_SAID	they said there and here	2	 said	531	0	0	-0.038379	-0.000102	2256	0.053377	[[2982, 1.845008], [932, 1.550615], [521, 1.429855], [38, 1.363183], [654, 1.281732]]
ENDPOINT_CONTROL__HERE_THERE__REVERSED__THEY_SAID__NONE	ENDPOINT_CONTROL	HERE_THERE	REVERSED	THEY_SAID	they said there and here	3	 there	612	0	0	-0.047998	-0.000102	2256	0.053377	[[170, 2.076404], [1131, 1.871321], [2016, 1.719058], [2925, 1.314058], [1460, 1.282155]]
ENDPOINT_CONTROL__HERE_THERE__REVERSED__THEY_SAID__NONE	ENDPOINT_CONTROL	HERE_THERE	REVERSED	THEY_SAID	they said there and here	4	 and	290	0	0	-0.031503	-0.000102	2256	0.053377	[[1790, 2.217422], [1511, 1.43466], [2328, 1.399529], [1888, 1.350607], [654, 1.278289]]
ENDPOINT_CONTROL__HERE_THERE__REVERSED__THEY_SAID__NONE	ENDPOINT_CONTROL	HERE_THERE	REVERSED	THEY_SAID	they said there and here	5	 here	994	1	1	2.713655	2.713655	2659	0.004549	[[2659, 2.718203], [541, 2.713655], [1691, 2.246916], [1348, 2.05068], [638, 1.55677]]
CORE_FACTORIAL__RIGHT_LEFT__CC__BARE__NONE	CORE_FACTORIAL	RIGHT_LEFT	CC	BARE	right and left	0	<BOS>	50256	0	0	-0.000102	-0.000102	2256	0.796686	[[2256, 2.36087], [1888, 1.564183], [2787, 0.893099], [1450, 0.853876], [1048, 0.848868]]
CORE_FACTORIAL__RIGHT_LEFT__CC__BARE__NONE	CORE_FACTORIAL	RIGHT_LEFT	CC	BARE	right and left	1	right	3506	0	0	-0.01172	-0.000102	1888	0.367112	[[1888, 2.727982], [1790, 2.288639], [1068, 2.122274], [234, 2.051045], [966, 1.93584]]
CORE_FACTORIAL__RIGHT_LEFT__CC__BARE__NONE	CORE_FACTORIAL	RIGHT_LEFT	CC	BARE	right and left	2	 and	290	0	0	-0.033633	-0.000102	1888	0.367112	[[2229, 1.763626], [1790, 1.738086], [1203, 1.727427], [2345, 1.648552], [1888, 1.528997]]
CORE_FACTORIAL__RIGHT_LEFT__CC__BARE__NONE	CORE_FACTORIAL	RIGHT_LEFT	CC	BARE	right and left	3	 left	1364	1	1	3.454198	3.454198	541	0.311609	[[541, 3.454198], [2659, 3.142589], [638, 2.854385], [2269, 2.626753], [2317, 2.169183]]
CORE_FACTORIAL__RIGHT_LEFT__CA__BARE__NONE	CORE_FACTORIAL	RIGHT_LEFT	CA	BARE	right and violin	0	<BOS>	50256	0	0	-0.000102	-0.000102	2256	0.796686	[[2256, 2.36087], [1888, 1.564183], [2787, 0.893099], [1450, 0.853876], [1048, 0.848868]]
CORE_FACTORIAL__RIGHT_LEFT__CA__BARE__NONE	CORE_FACTORIAL	RIGHT_LEFT	CA	BARE	right and violin	1	right	3506	0	0	-0.01172	-0.000102	1888	0.367112	[[1888, 2.727982], [1790, 2.288639], [1068, 2.122274], [234, 2.051045], [966, 1.93584]]
CORE_FACTORIAL__RIGHT_LEFT__CA__BARE__NONE	CORE_FACTORIAL	RIGHT_LEFT	CA	BARE	right and violin	2	 and	290	0	0	-0.033633	-0.000102	1888	0.367112	[[2229, 1.763626], [1790, 1.738086], [1203, 1.727427], [2345, 1.648552], [1888, 1.528997]]
CORE_FACTORIAL__RIGHT_LEFT__CA__BARE__NONE	CORE_FACTORIAL	RIGHT_LEFT	CA	BARE	right and violin	3	 violin	38283	1	1	0.105776	0.105776	1888	0.367112	[[1888, 2.509179], [1790, 2.009449], [2659, 1.449092], [654, 1.396147], [847, 1.33996]]
CORE_FACTORIAL__RIGHT_LEFT__AC__BARE__NONE	CORE_FACTORIAL	RIGHT_LEFT	AC	BARE	garden and left	0	<BOS>	50256	0	0	-0.000102	-0.000102	2256	0.796686	[[2256, 2.36087], [1888, 1.564183], [2787, 0.893099], [1450, 0.853876], [1048, 0.848868]]
CORE_FACTORIAL__RIGHT_LEFT__AC__BARE__NONE	CORE_FACTORIAL	RIGHT_LEFT	AC	BARE	garden and left	1	g	70	0	0	-0.01768	-0.000102	1888	0.455122	[[1888, 2.942774], [1790, 2.487652], [945, 2.291717], [654, 1.600414], [1169, 1.453991]]
CORE_FACTORIAL__RIGHT_LEFT__AC__BARE__NONE	CORE_FACTORIAL	RIGHT_LEFT	AC	BARE	garden and left	2	arden	5872	0	0	-0.160087	-0.000102	1888	0.455122	[[2305, 1.938547], [1888, 1.746017], [1388, 1.421207], [1448, 1.390683], [1396, 1.322113]]
CORE_FACTORIAL__RIGHT_LEFT__AC__BARE__NONE	CORE_FACTORIAL	RIGHT_LEFT	AC	BARE	garden and left	3	 and	290	0	0	-0.015332	-0.000102	1888	0.455122	[[1203, 1.855857], [1790, 1.749985], [1888, 1.321842], [1543, 1.21401], [2973, 1.125242]]
CORE_FACTORIAL__RIGHT_LEFT__AC__BARE__NONE	CORE_FACTORIAL	RIGHT_LEFT	AC	BARE	garden and left	4	 left	1364	1	1	-0.129714	-0.000102	1888	0.455122	[[638, 2.31756], [1888, 2.280712], [776, 2.193894], [2052, 2.1235], [2608, 2.001007]]
CORE_FACTORIAL__RIGHT_LEFT__AA__BARE__NONE	CORE_FACTORIAL	RIGHT_LEFT	AA	BARE	garden and violin	0	<BOS>	50256	0	0	-0.000102	-0.000102	2256	0.796686	[[2256, 2.36087], [1888, 1.564183], [2787, 0.893099], [1450, 0.853876], [1048, 0.848868]]
CORE_FACTORIAL__RIGHT_LEFT__AA__BARE__NONE	CORE_FACTORIAL	RIGHT_LEFT	AA	BARE	garden and violin	1	g	70	0	0	-0.01768	-0.000102	1888	0.455122	[[1888, 2.942774], [1790, 2.487652], [945, 2.291717], [654, 1.600414], [1169, 1.453991]]
CORE_FACTORIAL__RIGHT_LEFT__AA__BARE__NONE	CORE_FACTORIAL	RIGHT_LEFT	AA	BARE	garden and violin	2	arden	5872	0	0	-0.160087	-0.000102	1888	0.455122	[[2305, 1.938547], [1888, 1.746017], [1388, 1.421207], [1448, 1.390683], [1396, 1.322113]]
CORE_FACTORIAL__RIGHT_LEFT__AA__BARE__NONE	CORE_FACTORIAL	RIGHT_LEFT	AA	BARE	garden and violin	3	 and	290	0	0	-0.015332	-0.000102	1888	0.455122	[[1203, 1.855857], [1790, 1.749985], [1888, 1.321842], [1543, 1.21401], [2973, 1.125242]]
CORE_FACTORIAL__RIGHT_LEFT__AA__BARE__NONE	CORE_FACTORIAL	RIGHT_LEFT	AA	BARE	garden and violin	4	 violin	38283	1	1	0.281622	0.281622	1888	0.455122	[[1888, 2.201337], [1790, 1.817008], [2659, 1.731823], [847, 1.343438], [638, 1.335785]]
ENDPOINT_CONTROL__RIGHT_LEFT__FULL_FRAME__BARE__NONE	ENDPOINT_CONTROL	RIGHT_LEFT	FULL_FRAME	BARE	right and left	0	<BOS>	50256	0	0	-0.000102	-0.000102	2256	0.796686	[[2256, 2.36087], [1888, 1.564183], [2787, 0.893099], [1450, 0.853876], [1048, 0.848868]]
ENDPOINT_CONTROL__RIGHT_LEFT__FULL_FRAME__BARE__NONE	ENDPOINT_CONTROL	RIGHT_LEFT	FULL_FRAME	BARE	right and left	1	right	3506	0	0	-0.01172	-0.000102	1888	0.367112	[[1888, 2.727982], [1790, 2.288639], [1068, 2.122274], [234, 2.051045], [966, 1.93584]]
ENDPOINT_CONTROL__RIGHT_LEFT__FULL_FRAME__BARE__NONE	ENDPOINT_CONTROL	RIGHT_LEFT	FULL_FRAME	BARE	right and left	2	 and	290	0	0	-0.033633	-0.000102	1888	0.367112	[[2229, 1.763626], [1790, 1.738086], [1203, 1.727427], [2345, 1.648552], [1888, 1.528997]]
ENDPOINT_CONTROL__RIGHT_LEFT__FULL_FRAME__BARE__NONE	ENDPOINT_CONTROL	RIGHT_LEFT	FULL_FRAME	BARE	right and left	3	 left	1364	1	1	3.454198	3.454198	541	0.311609	[[541, 3.454198], [2659, 3.142589], [638, 2.854385], [2269, 2.626753], [2317, 2.169183]]
ENDPOINT_CONTROL__RIGHT_LEFT__SECOND_ONLY__BARE__NONE	ENDPOINT_CONTROL	RIGHT_LEFT	SECOND_ONLY	BARE	left	0	<BOS>	50256	0	0	-0.000102	-0.000102	2256	0.796687	[[2256, 2.36087], [1888, 1.564183], [2787, 0.893099], [1450, 0.853876], [1048, 0.848868]]
ENDPOINT_CONTROL__RIGHT_LEFT__SECOND_ONLY__BARE__NONE	ENDPOINT_CONTROL	RIGHT_LEFT	SECOND_ONLY	BARE	left	1	left	9464	1	1	-0.012606	-0.000102	1888	0.30909	[[1888, 2.77276], [2052, 2.46367], [234, 2.04129], [1790, 1.76559], [2312, 1.734904]]
ENDPOINT_CONTROL__RIGHT_LEFT__CONNECTOR_SECOND__BARE__NONE	ENDPOINT_CONTROL	RIGHT_LEFT	CONNECTOR_SECOND	BARE	and left	0	<BOS>	50256	0	0	-0.000102	-0.000102	2256	0.796687	[[2256, 2.36087], [1888, 1.564183], [2787, 0.893099], [1450, 0.853876], [1048, 0.848868]]
ENDPOINT_CONTROL__RIGHT_LEFT__CONNECTOR_SECOND__BARE__NONE	ENDPOINT_CONTROL	RIGHT_LEFT	CONNECTOR_SECOND	BARE	and left	1	and	392	0	0	-0.026548	-0.000102	1790	0.124514	[[1790, 2.485384], [1888, 2.332438], [654, 1.618219], [2588, 1.395812], [1998, 1.300743]]
ENDPOINT_CONTROL__RIGHT_LEFT__CONNECTOR_SECOND__BARE__NONE	ENDPOINT_CONTROL	RIGHT_LEFT	CONNECTOR_SECOND	BARE	and left	2	 left	1364	1	1	-0.131345	-0.000102	2052	0.0201	[[2052, 2.505484], [776, 2.152018], [1888, 2.020528], [1790, 1.939572], [2312, 1.937478]]
ENDPOINT_CONTROL__RIGHT_LEFT__FIRST_SECOND__BARE__NONE	ENDPOINT_CONTROL	RIGHT_LEFT	FIRST_SECOND	BARE	right left	0	<BOS>	50256	0	0	-0.000102	-0.000102	2256	0.796687	[[2256, 2.36087], [1888, 1.564183], [2787, 0.893099], [1450, 0.853876], [1048, 0.848868]]
ENDPOINT_CONTROL__RIGHT_LEFT__FIRST_SECOND__BARE__NONE	ENDPOINT_CONTROL	RIGHT_LEFT	FIRST_SECOND	BARE	right left	1	right	3506	0	0	-0.01172	-0.000102	1888	0.367112	[[1888, 2.727982], [1790, 2.288639], [1068, 2.122274], [234, 2.051045], [966, 1.93584]]
ENDPOINT_CONTROL__RIGHT_LEFT__FIRST_SECOND__BARE__NONE	ENDPOINT_CONTROL	RIGHT_LEFT	FIRST_SECOND	BARE	right left	2	 left	1364	1	1	-0.166684	-0.000102	2463	0.261221	[[2463, 3.403631], [2269, 3.14241], [259, 2.424243], [1691, 2.34808], [967, 1.712456]]
ENDPOINT_CONTROL__RIGHT_LEFT__ARBFIRST_SECOND__BARE__NONE	ENDPOINT_CONTROL	RIGHT_LEFT	ARBFIRST_SECOND	BARE	garden left	0	<BOS>	50256	0	0	-0.000102	-0.000102	2256	0.796686	[[2256, 2.36087], [1888, 1.564183], [2787, 0.893099], [1450, 0.853876], [1048, 0.848868]]
ENDPOINT_CONTROL__RIGHT_LEFT__ARBFIRST_SECOND__BARE__NONE	ENDPOINT_CONTROL	RIGHT_LEFT	ARBFIRST_SECOND	BARE	garden left	1	g	70	0	0	-0.01768	-0.000102	1888	0.455122	[[1888, 2.942774], [1790, 2.487652], [945, 2.291717], [654, 1.600414], [1169, 1.453991]]
ENDPOINT_CONTROL__RIGHT_LEFT__ARBFIRST_SECOND__BARE__NONE	ENDPOINT_CONTROL	RIGHT_LEFT	ARBFIRST_SECOND	BARE	garden left	2	arden	5872	0	0	-0.160087	-0.000102	1888	0.455122	[[2305, 1.938547], [1888, 1.746017], [1388, 1.421207], [1448, 1.390683], [1396, 1.322113]]
ENDPOINT_CONTROL__RIGHT_LEFT__ARBFIRST_SECOND__BARE__NONE	ENDPOINT_CONTROL	RIGHT_LEFT	ARBFIRST_SECOND	BARE	garden left	3	 left	1364	1	1	-0.008091	-0.000102	1888	0.455122	[[1888, 2.158417], [2052, 2.080693], [1946, 1.714444], [776, 1.485059], [654, 1.481146]]
ENDPOINT_CONTROL__RIGHT_LEFT__FIRST_REPEAT__BARE__NONE	ENDPOINT_CONTROL	RIGHT_LEFT	FIRST_REPEAT	BARE	right right	0	<BOS>	50256	0	0	-0.000102	-0.000102	2256	0.796687	[[2256, 2.36087], [1888, 1.564183], [2787, 0.893099], [1450, 0.853876], [1048, 0.848868]]
ENDPOINT_CONTROL__RIGHT_LEFT__FIRST_REPEAT__BARE__NONE	ENDPOINT_CONTROL	RIGHT_LEFT	FIRST_REPEAT	BARE	right right	1	right	3506	0	0	-0.01172	-0.000102	1888	0.367112	[[1888, 2.727982], [1790, 2.288639], [1068, 2.122274], [234, 2.051045], [966, 1.93584]]
ENDPOINT_CONTROL__RIGHT_LEFT__FIRST_REPEAT__BARE__NONE	ENDPOINT_CONTROL	RIGHT_LEFT	FIRST_REPEAT	BARE	right right	2	 right	826	1	1	-0.148229	-0.000102	1888	0.061943	[[1691, 2.666039], [2269, 2.344264], [2463, 2.309755], [1203, 2.173711], [715, 1.804144]]
ENDPOINT_CONTROL__RIGHT_LEFT__REVERSED__BARE__NONE	ENDPOINT_CONTROL	RIGHT_LEFT	REVERSED	BARE	left and right	0	<BOS>	50256	0	0	-0.000102	-0.000102	2256	0.796686	[[2256, 2.36087], [1888, 1.564183], [2787, 0.893099], [1450, 0.853876], [1048, 0.848868]]
ENDPOINT_CONTROL__RIGHT_LEFT__REVERSED__BARE__NONE	ENDPOINT_CONTROL	RIGHT_LEFT	REVERSED	BARE	left and right	1	left	9464	0	0	-0.012606	-0.000102	1888	0.309091	[[1888, 2.772761], [2052, 2.46367], [234, 2.04129], [1790, 1.765592], [2312, 1.734905]]
ENDPOINT_CONTROL__RIGHT_LEFT__REVERSED__BARE__NONE	ENDPOINT_CONTROL	RIGHT_LEFT	REVERSED	BARE	left and right	2	 and	290	0	0	-0.054413	-0.000102	1888	0.309091	[[1790, 1.667716], [1203, 1.506348], [194, 1.407527], [2201, 1.270606], [1787, 1.239332]]
ENDPOINT_CONTROL__RIGHT_LEFT__REVERSED__BARE__NONE	ENDPOINT_CONTROL	RIGHT_LEFT	REVERSED	BARE	left and right	3	 right	826	1	1	4.119477	4.119477	541	1.01793	[[541, 4.119477], [2659, 3.101547], [638, 2.865728], [2317, 2.109668], [2269, 1.909389]]
CORE_FACTORIAL__RIGHT_LEFT__CC__V9_SPACE__NONE	CORE_FACTORIAL	RIGHT_LEFT	CC	V9_SPACE	 right and left	0	<BOS>	50256	0	0	-0.000102	-0.000102	2256	0.796686	[[2256, 2.36087], [1888, 1.564183], [2787, 0.893099], [1450, 0.853876], [1048, 0.848868]]
CORE_FACTORIAL__RIGHT_LEFT__CC__V9_SPACE__NONE	CORE_FACTORIAL	RIGHT_LEFT	CC	V9_SPACE	 right and left	1	 right	826	0	0	-0.030492	-0.000102	1888	0.410401	[[1888, 3.113196], [1790, 2.702795], [1068, 2.562421], [654, 2.159784], [1998, 2.022582]]
CORE_FACTORIAL__RIGHT_LEFT__CC__V9_SPACE__NONE	CORE_FACTORIAL	RIGHT_LEFT	CC	V9_SPACE	 right and left	2	 and	290	0	0	-0.02445	-0.000102	1888	0.410401	[[1790, 2.098189], [1888, 1.90578], [2345, 1.684176], [654, 1.651881], [2505, 1.338281]]
CORE_FACTORIAL__RIGHT_LEFT__CC__V9_SPACE__NONE	CORE_FACTORIAL	RIGHT_LEFT	CC	V9_SPACE	 right and left	3	 left	1364	1	1	3.856174	3.856174	541	0.476619	[[541, 3.856174], [2659, 3.379555], [638, 2.87551], [2269, 2.310713], [2317, 2.202318]]
CORE_FACTORIAL__RIGHT_LEFT__CA__V9_SPACE__NONE	CORE_FACTORIAL	RIGHT_LEFT	CA	V9_SPACE	 right and violin	0	<BOS>	50256	0	0	-0.000102	-0.000102	2256	0.796686	[[2256, 2.36087], [1888, 1.564183], [2787, 0.893099], [1450, 0.853876], [1048, 0.848868]]
CORE_FACTORIAL__RIGHT_LEFT__CA__V9_SPACE__NONE	CORE_FACTORIAL	RIGHT_LEFT	CA	V9_SPACE	 right and violin	1	 right	826	0	0	-0.030492	-0.000102	1888	0.410401	[[1888, 3.113196], [1790, 2.702795], [1068, 2.562421], [654, 2.159784], [1998, 2.022582]]
CORE_FACTORIAL__RIGHT_LEFT__CA__V9_SPACE__NONE	CORE_FACTORIAL	RIGHT_LEFT	CA	V9_SPACE	 right and violin	2	 and	290	0	0	-0.02445	-0.000102	1888	0.410401	[[1790, 2.098189], [1888, 1.90578], [2345, 1.684176], [654, 1.651881], [2505, 1.338281]]
CORE_FACTORIAL__RIGHT_LEFT__CA__V9_SPACE__NONE	CORE_FACTORIAL	RIGHT_LEFT	CA	V9_SPACE	 right and violin	3	 violin	38283	1	1	-0.108837	-0.000102	1888	0.410401	[[1888, 2.55619], [1790, 2.112261], [654, 1.446927], [847, 1.372022], [2733, 1.195437]]
CORE_FACTORIAL__RIGHT_LEFT__AC__V9_SPACE__NONE	CORE_FACTORIAL	RIGHT_LEFT	AC	V9_SPACE	 garden and left	0	<BOS>	50256	0	0	-0.000102	-0.000102	2256	0.796686	[[2256, 2.36087], [1888, 1.564183], [2787, 0.893099], [1450, 0.853876], [1048, 0.848868]]
CORE_FACTORIAL__RIGHT_LEFT__AC__V9_SPACE__NONE	CORE_FACTORIAL	RIGHT_LEFT	AC	V9_SPACE	 garden and left	1	 garden	11376	0	0	-0.154299	-0.000102	1888	1.034623	[[1888, 3.792913], [1790, 2.75829], [464, 2.058525], [1998, 1.473075], [2305, 1.379266]]
CORE_FACTORIAL__RIGHT_LEFT__AC__V9_SPACE__NONE	CORE_FACTORIAL	RIGHT_LEFT	AC	V9_SPACE	 garden and left	2	 and	290	0	0	-0.01507	-0.000102	1888	1.034623	[[1790, 2.046572], [1888, 1.61878], [194, 1.21113], [1203, 1.186876], [654, 1.123924]]
CORE_FACTORIAL__RIGHT_LEFT__AC__V9_SPACE__NONE	CORE_FACTORIAL	RIGHT_LEFT	AC	V9_SPACE	 garden and left	3	 left	1364	1	1	-0.11047	-0.000102	1888	1.034623	[[2608, 2.419052], [2052, 2.354778], [1888, 2.223193], [638, 2.200693], [847, 2.013891]]
CORE_FACTORIAL__RIGHT_LEFT__AA__V9_SPACE__NONE	CORE_FACTORIAL	RIGHT_LEFT	AA	V9_SPACE	 garden and violin	0	<BOS>	50256	0	0	-0.000102	-0.000102	2256	0.796686	[[2256, 2.36087], [1888, 1.564183], [2787, 0.893099], [1450, 0.853876], [1048, 0.848868]]
CORE_FACTORIAL__RIGHT_LEFT__AA__V9_SPACE__NONE	CORE_FACTORIAL	RIGHT_LEFT	AA	V9_SPACE	 garden and violin	1	 garden	11376	0	0	-0.154299	-0.000102	1888	1.034623	[[1888, 3.792913], [1790, 2.75829], [464, 2.058525], [1998, 1.473075], [2305, 1.379266]]
CORE_FACTORIAL__RIGHT_LEFT__AA__V9_SPACE__NONE	CORE_FACTORIAL	RIGHT_LEFT	AA	V9_SPACE	 garden and violin	2	 and	290	0	0	-0.01507	-0.000102	1888	1.034623	[[1790, 2.046572], [1888, 1.61878], [194, 1.21113], [1203, 1.186876], [654, 1.123924]]
CORE_FACTORIAL__RIGHT_LEFT__AA__V9_SPACE__NONE	CORE_FACTORIAL	RIGHT_LEFT	AA	V9_SPACE	 garden and violin	3	 violin	38283	1	1	0.268801	0.268801	1888	1.034623	[[1888, 2.222957], [1790, 2.217087], [2659, 1.640079], [638, 1.556504], [847, 1.55082]]
ENDPOINT_CONTROL__RIGHT_LEFT__FULL_FRAME__V9_SPACE__NONE	ENDPOINT_CONTROL	RIGHT_LEFT	FULL_FRAME	V9_SPACE	 right and left	0	<BOS>	50256	0	0	-0.000102	-0.000102	2256	0.796686	[[2256, 2.36087], [1888, 1.564183], [2787, 0.893099], [1450, 0.853876], [1048, 0.848868]]
ENDPOINT_CONTROL__RIGHT_LEFT__FULL_FRAME__V9_SPACE__NONE	ENDPOINT_CONTROL	RIGHT_LEFT	FULL_FRAME	V9_SPACE	 right and left	1	 right	826	0	0	-0.030492	-0.000102	1888	0.410401	[[1888, 3.113196], [1790, 2.702795], [1068, 2.562421], [654, 2.159784], [1998, 2.022582]]
ENDPOINT_CONTROL__RIGHT_LEFT__FULL_FRAME__V9_SPACE__NONE	ENDPOINT_CONTROL	RIGHT_LEFT	FULL_FRAME	V9_SPACE	 right and left	2	 and	290	0	0	-0.02445	-0.000102	1888	0.410401	[[1790, 2.098189], [1888, 1.90578], [2345, 1.684176], [654, 1.651881], [2505, 1.338281]]
ENDPOINT_CONTROL__RIGHT_LEFT__FULL_FRAME__V9_SPACE__NONE	ENDPOINT_CONTROL	RIGHT_LEFT	FULL_FRAME	V9_SPACE	 right and left	3	 left	1364	1	1	3.856174	3.856174	541	0.476619	[[541, 3.856174], [2659, 3.379555], [638, 2.87551], [2269, 2.310713], [2317, 2.202318]]
ENDPOINT_CONTROL__RIGHT_LEFT__SECOND_ONLY__V9_SPACE__NONE	ENDPOINT_CONTROL	RIGHT_LEFT	SECOND_ONLY	V9_SPACE	 left	0	<BOS>	50256	0	0	-0.000102	-0.000102	2256	0.796687	[[2256, 2.36087], [1888, 1.564183], [2787, 0.893099], [1450, 0.853876], [1048, 0.848868]]
ENDPOINT_CONTROL__RIGHT_LEFT__SECOND_ONLY__V9_SPACE__NONE	ENDPOINT_CONTROL	RIGHT_LEFT	SECOND_ONLY	V9_SPACE	 left	1	 left	1364	1	1	-0.042822	-0.000102	1888	0.7632	[[1888, 3.12407], [1790, 2.350049], [2052, 2.270446], [464, 1.828969], [234, 1.707047]]
ENDPOINT_CONTROL__RIGHT_LEFT__CONNECTOR_SECOND__V9_SPACE__NONE	ENDPOINT_CONTROL	RIGHT_LEFT	CONNECTOR_SECOND	V9_SPACE	 and left	0	<BOS>	50256	0	0	-0.000102	-0.000102	2256	0.796687	[[2256, 2.36087], [1888, 1.564183], [2787, 0.893099], [1450, 0.853876], [1048, 0.848868]]
ENDPOINT_CONTROL__RIGHT_LEFT__CONNECTOR_SECOND__V9_SPACE__NONE	ENDPOINT_CONTROL	RIGHT_LEFT	CONNECTOR_SECOND	V9_SPACE	 and left	1	 and	290	0	0	-0.032673	-0.000102	1790	0.284403	[[1790, 2.944628], [1888, 2.660225], [654, 1.689219], [1203, 1.564642], [464, 1.471345]]
ENDPOINT_CONTROL__RIGHT_LEFT__CONNECTOR_SECOND__V9_SPACE__NONE	ENDPOINT_CONTROL	RIGHT_LEFT	CONNECTOR_SECOND	V9_SPACE	 and left	2	 left	1364	1	1	-0.12623	-0.000102	1790	0.284403	[[2052, 2.559926], [1790, 2.143216], [2608, 2.134684], [1888, 2.112448], [776, 2.10136]]
ENDPOINT_CONTROL__RIGHT_LEFT__FIRST_SECOND__V9_SPACE__NONE	ENDPOINT_CONTROL	RIGHT_LEFT	FIRST_SECOND	V9_SPACE	 right left	0	<BOS>	50256	0	0	-0.000102	-0.000102	2256	0.796687	[[2256, 2.36087], [1888, 1.564183], [2787, 0.893099], [1450, 0.853876], [1048, 0.848868]]
ENDPOINT_CONTROL__RIGHT_LEFT__FIRST_SECOND__V9_SPACE__NONE	ENDPOINT_CONTROL	RIGHT_LEFT	FIRST_SECOND	V9_SPACE	 right left	1	 right	826	0	0	-0.030492	-0.000102	1888	0.410401	[[1888, 3.113197], [1790, 2.702796], [1068, 2.562422], [654, 2.159785], [1998, 2.022583]]
ENDPOINT_CONTROL__RIGHT_LEFT__FIRST_SECOND__V9_SPACE__NONE	ENDPOINT_CONTROL	RIGHT_LEFT	FIRST_SECOND	V9_SPACE	 right left	2	 left	1364	1	1	-0.022054	-0.000102	2463	0.329485	[[2463, 3.442682], [2269, 3.004858], [259, 2.628201], [1691, 2.361553], [967, 1.882136]]
ENDPOINT_CONTROL__RIGHT_LEFT__ARBFIRST_SECOND__V9_SPACE__NONE	ENDPOINT_CONTROL	RIGHT_LEFT	ARBFIRST_SECOND	V9_SPACE	 garden left	0	<BOS>	50256	0	0	-0.000102	-0.000102	2256	0.796687	[[2256, 2.36087], [1888, 1.564183], [2787, 0.893099], [1450, 0.853876], [1048, 0.848868]]
ENDPOINT_CONTROL__RIGHT_LEFT__ARBFIRST_SECOND__V9_SPACE__NONE	ENDPOINT_CONTROL	RIGHT_LEFT	ARBFIRST_SECOND	V9_SPACE	 garden left	1	 garden	11376	0	0	-0.154299	-0.000102	1888	1.034623	[[1888, 3.792912], [1790, 2.758289], [464, 2.058525], [1998, 1.473075], [2305, 1.379267]]
ENDPOINT_CONTROL__RIGHT_LEFT__ARBFIRST_SECOND__V9_SPACE__NONE	ENDPOINT_CONTROL	RIGHT_LEFT	ARBFIRST_SECOND	V9_SPACE	 garden left	2	 left	1364	1	1	-0.009861	-0.000102	1888	1.034623	[[2052, 2.651283], [2034, 2.268429], [1888, 2.118209], [2201, 1.45147], [2312, 1.443267]]
ENDPOINT_CONTROL__RIGHT_LEFT__FIRST_REPEAT__V9_SPACE__NONE	ENDPOINT_CONTROL	RIGHT_LEFT	FIRST_REPEAT	V9_SPACE	 right right	0	<BOS>	50256	0	0	-0.000102	-0.000102	2256	0.796687	[[2256, 2.36087], [1888, 1.564183], [2787, 0.893099], [1450, 0.853876], [1048, 0.848868]]
ENDPOINT_CONTROL__RIGHT_LEFT__FIRST_REPEAT__V9_SPACE__NONE	ENDPOINT_CONTROL	RIGHT_LEFT	FIRST_REPEAT	V9_SPACE	 right right	1	 right	826	0	0	-0.030492	-0.000102	1888	0.410401	[[1888, 3.113197], [1790, 2.702796], [1068, 2.562422], [654, 2.159785], [1998, 2.022583]]
ENDPOINT_CONTROL__RIGHT_LEFT__FIRST_REPEAT__V9_SPACE__NONE	ENDPOINT_CONTROL	RIGHT_LEFT	FIRST_REPEAT	V9_SPACE	 right right	2	 right	826	1	1	-0.166622	-0.000102	1888	0.410401	[[1691, 2.674708], [2269, 2.036237], [2463, 2.025883], [259, 1.903194], [1790, 1.848497]]
ENDPOINT_CONTROL__RIGHT_LEFT__REVERSED__V9_SPACE__NONE	ENDPOINT_CONTROL	RIGHT_LEFT	REVERSED	V9_SPACE	 left and right	0	<BOS>	50256	0	0	-0.000102	-0.000102	2256	0.796686	[[2256, 2.36087], [1888, 1.564183], [2787, 0.893099], [1450, 0.853876], [1048, 0.848868]]
ENDPOINT_CONTROL__RIGHT_LEFT__REVERSED__V9_SPACE__NONE	ENDPOINT_CONTROL	RIGHT_LEFT	REVERSED	V9_SPACE	 left and right	1	 left	1364	0	0	-0.042822	-0.000102	1888	0.763201	[[1888, 3.12407], [1790, 2.350049], [2052, 2.270447], [464, 1.828971], [234, 1.707047]]
ENDPOINT_CONTROL__RIGHT_LEFT__REVERSED__V9_SPACE__NONE	ENDPOINT_CONTROL	RIGHT_LEFT	REVERSED	V9_SPACE	 left and right	2	 and	290	0	0	-0.026611	-0.000102	1888	0.763201	[[1790, 1.845734], [194, 1.495991], [1203, 1.236202], [445, 1.149505], [332, 1.140564]]
ENDPOINT_CONTROL__RIGHT_LEFT__REVERSED__V9_SPACE__NONE	ENDPOINT_CONTROL	RIGHT_LEFT	REVERSED	V9_SPACE	 left and right	3	 right	826	1	1	3.811974	3.811974	541	0.687903	[[541, 3.811974], [2659, 2.828513], [638, 2.762505], [2317, 2.050958], [2269, 1.979387]]
CORE_FACTORIAL__RIGHT_LEFT__CC__THE_PHRASE__NONE	CORE_FACTORIAL	RIGHT_LEFT	CC	THE_PHRASE	the phrase right and left	0	<BOS>	50256	0	0	-0.000102	-0.000102	2256	0.796686	[[2256, 2.36087], [1888, 1.564183], [2787, 0.893099], [1450, 0.853876], [1048, 0.848868]]
CORE_FACTORIAL__RIGHT_LEFT__CC__THE_PHRASE__NONE	CORE_FACTORIAL	RIGHT_LEFT	CC	THE_PHRASE	the phrase right and left	1	the	1169	0	0	-0.058428	-0.000102	1790	0.119972	[[1790, 2.74375], [1888, 2.623779], [1203, 1.370484], [654, 1.287318], [1504, 1.273196]]
CORE_FACTORIAL__RIGHT_LEFT__CC__THE_PHRASE__NONE	CORE_FACTORIAL	RIGHT_LEFT	CC	THE_PHRASE	the phrase right and left	2	 phrase	9546	0	0	-0.055584	-0.000102	2073	0.489396	[[2073, 3.233146], [1026, 1.694937], [2070, 1.648536], [388, 1.556334], [1888, 1.459668]]
CORE_FACTORIAL__RIGHT_LEFT__CC__THE_PHRASE__NONE	CORE_FACTORIAL	RIGHT_LEFT	CC	THE_PHRASE	the phrase right and left	3	 right	826	0	0	-0.004885	-0.000102	2073	0.489396	[[1068, 1.913262], [966, 1.864927], [1959, 1.789712], [1790, 1.355697], [2269, 1.34188]]
CORE_FACTORIAL__RIGHT_LEFT__CC__THE_PHRASE__NONE	CORE_FACTORIAL	RIGHT_LEFT	CC	THE_PHRASE	the phrase right and left	4	 and	290	0	0	-0.018094	-0.000102	2073	0.489396	[[2505, 2.391773], [2345, 1.971142], [1790, 1.42494], [1888, 1.405674], [2973, 1.403754]]
CORE_FACTORIAL__RIGHT_LEFT__CC__THE_PHRASE__NONE	CORE_FACTORIAL	RIGHT_LEFT	CC	THE_PHRASE	the phrase right and left	5	 left	1364	1	1	3.803965	3.803965	2659	0.051287	[[2659, 3.855252], [541, 3.803965], [638, 2.624466], [2317, 2.090946], [259, 2.024196]]
CORE_FACTORIAL__RIGHT_LEFT__CA__THE_PHRASE__NONE	CORE_FACTORIAL	RIGHT_LEFT	CA	THE_PHRASE	the phrase right and violin	0	<BOS>	50256	0	0	-0.000102	-0.000102	2256	0.796686	[[2256, 2.36087], [1888, 1.564183], [2787, 0.893099], [1450, 0.853876], [1048, 0.848868]]
CORE_FACTORIAL__RIGHT_LEFT__CA__THE_PHRASE__NONE	CORE_FACTORIAL	RIGHT_LEFT	CA	THE_PHRASE	the phrase right and violin	1	the	1169	0	0	-0.058428	-0.000102	1790	0.119972	[[1790, 2.74375], [1888, 2.623779], [1203, 1.370484], [654, 1.287318], [1504, 1.273196]]
CORE_FACTORIAL__RIGHT_LEFT__CA__THE_PHRASE__NONE	CORE_FACTORIAL	RIGHT_LEFT	CA	THE_PHRASE	the phrase right and violin	2	 phrase	9546	0	0	-0.055584	-0.000102	2073	0.489396	[[2073, 3.233146], [1026, 1.694937], [2070, 1.648536], [388, 1.556334], [1888, 1.459668]]
CORE_FACTORIAL__RIGHT_LEFT__CA__THE_PHRASE__NONE	CORE_FACTORIAL	RIGHT_LEFT	CA	THE_PHRASE	the phrase right and violin	3	 right	826	0	0	-0.004885	-0.000102	2073	0.489396	[[1068, 1.913262], [966, 1.864927], [1959, 1.789712], [1790, 1.355697], [2269, 1.34188]]
CORE_FACTORIAL__RIGHT_LEFT__CA__THE_PHRASE__NONE	CORE_FACTORIAL	RIGHT_LEFT	CA	THE_PHRASE	the phrase right and violin	4	 and	290	0	0	-0.018094	-0.000102	2073	0.489396	[[2505, 2.391773], [2345, 1.971142], [1790, 1.42494], [1888, 1.405674], [2973, 1.403754]]
CORE_FACTORIAL__RIGHT_LEFT__CA__THE_PHRASE__NONE	CORE_FACTORIAL	RIGHT_LEFT	CA	THE_PHRASE	the phrase right and violin	5	 violin	38283	1	1	-0.11199	-0.000102	2073	0.489396	[[1888, 2.441324], [1790, 2.274589], [654, 1.454039], [638, 1.357869], [979, 1.252351]]
CORE_FACTORIAL__RIGHT_LEFT__AC__THE_PHRASE__NONE	CORE_FACTORIAL	RIGHT_LEFT	AC	THE_PHRASE	the phrase garden and left	0	<BOS>	50256	0	0	-0.000102	-0.000102	2256	0.796686	[[2256, 2.36087], [1888, 1.564183], [2787, 0.893099], [1450, 0.853876], [1048, 0.848868]]
CORE_FACTORIAL__RIGHT_LEFT__AC__THE_PHRASE__NONE	CORE_FACTORIAL	RIGHT_LEFT	AC	THE_PHRASE	the phrase garden and left	1	the	1169	0	0	-0.058428	-0.000102	1790	0.119972	[[1790, 2.74375], [1888, 2.623779], [1203, 1.370484], [654, 1.287318], [1504, 1.273196]]
CORE_FACTORIAL__RIGHT_LEFT__AC__THE_PHRASE__NONE	CORE_FACTORIAL	RIGHT_LEFT	AC	THE_PHRASE	the phrase garden and left	2	 phrase	9546	0	0	-0.055584	-0.000102	2073	0.489396	[[2073, 3.233146], [1026, 1.694937], [2070, 1.648536], [388, 1.556334], [1888, 1.459668]]
CORE_FACTORIAL__RIGHT_LEFT__AC__THE_PHRASE__NONE	CORE_FACTORIAL	RIGHT_LEFT	AC	THE_PHRASE	the phrase garden and left	3	 garden	11376	0	0	-0.067502	-0.000102	2073	0.489396	[[1888, 2.292496], [1790, 1.582907], [1505, 1.227011], [778, 1.223089], [2297, 1.160383]]
CORE_FACTORIAL__RIGHT_LEFT__AC__THE_PHRASE__NONE	CORE_FACTORIAL	RIGHT_LEFT	AC	THE_PHRASE	the phrase garden and left	4	 and	290	0	0	-0.006096	-0.000102	2073	0.489396	[[1790, 1.43566], [194, 1.378266], [1543, 1.359215], [1505, 1.124484], [2753, 1.089508]]
CORE_FACTORIAL__RIGHT_LEFT__AC__THE_PHRASE__NONE	CORE_FACTORIAL	RIGHT_LEFT	AC	THE_PHRASE	the phrase garden and left	5	 left	1364	1	1	-0.092484	-0.000102	2073	0.489396	[[2052, 2.36003], [1888, 2.039634], [2312, 1.997567], [2608, 1.965576], [776, 1.864274]]
CORE_FACTORIAL__RIGHT_LEFT__AA__THE_PHRASE__NONE	CORE_FACTORIAL	RIGHT_LEFT	AA	THE_PHRASE	the phrase garden and violin	0	<BOS>	50256	0	0	-0.000102	-0.000102	2256	0.796686	[[2256, 2.36087], [1888, 1.564183], [2787, 0.893099], [1450, 0.853876], [1048, 0.848868]]
CORE_FACTORIAL__RIGHT_LEFT__AA__THE_PHRASE__NONE	CORE_FACTORIAL	RIGHT_LEFT	AA	THE_PHRASE	the phrase garden and violin	1	the	1169	0	0	-0.058428	-0.000102	1790	0.119972	[[1790, 2.74375], [1888, 2.623779], [1203, 1.370484], [654, 1.287318], [1504, 1.273196]]
CORE_FACTORIAL__RIGHT_LEFT__AA__THE_PHRASE__NONE	CORE_FACTORIAL	RIGHT_LEFT	AA	THE_PHRASE	the phrase garden and violin	2	 phrase	9546	0	0	-0.055584	-0.000102	2073	0.489396	[[2073, 3.233146], [1026, 1.694937], [2070, 1.648536], [388, 1.556334], [1888, 1.459668]]
CORE_FACTORIAL__RIGHT_LEFT__AA__THE_PHRASE__NONE	CORE_FACTORIAL	RIGHT_LEFT	AA	THE_PHRASE	the phrase garden and violin	3	 garden	11376	0	0	-0.067502	-0.000102	2073	0.489396	[[1888, 2.292496], [1790, 1.582907], [1505, 1.227011], [778, 1.223089], [2297, 1.160383]]
CORE_FACTORIAL__RIGHT_LEFT__AA__THE_PHRASE__NONE	CORE_FACTORIAL	RIGHT_LEFT	AA	THE_PHRASE	the phrase garden and violin	4	 and	290	0	0	-0.006096	-0.000102	2073	0.489396	[[1790, 1.43566], [194, 1.378266], [1543, 1.359215], [1505, 1.124484], [2753, 1.089508]]
CORE_FACTORIAL__RIGHT_LEFT__AA__THE_PHRASE__NONE	CORE_FACTORIAL	RIGHT_LEFT	AA	THE_PHRASE	the phrase garden and violin	5	 violin	38283	1	1	0.060697	0.060697	2073	0.489396	[[1790, 2.267341], [1888, 2.039822], [638, 1.525848], [654, 1.364535], [847, 1.289842]]
ENDPOINT_CONTROL__RIGHT_LEFT__FULL_FRAME__THE_PHRASE__NONE	ENDPOINT_CONTROL	RIGHT_LEFT	FULL_FRAME	THE_PHRASE	the phrase right and left	0	<BOS>	50256	0	0	-0.000102	-0.000102	2256	0.796686	[[2256, 2.36087], [1888, 1.564183], [2787, 0.893099], [1450, 0.853876], [1048, 0.848868]]
ENDPOINT_CONTROL__RIGHT_LEFT__FULL_FRAME__THE_PHRASE__NONE	ENDPOINT_CONTROL	RIGHT_LEFT	FULL_FRAME	THE_PHRASE	the phrase right and left	1	the	1169	0	0	-0.058428	-0.000102	1790	0.119972	[[1790, 2.74375], [1888, 2.623779], [1203, 1.370484], [654, 1.287318], [1504, 1.273196]]
ENDPOINT_CONTROL__RIGHT_LEFT__FULL_FRAME__THE_PHRASE__NONE	ENDPOINT_CONTROL	RIGHT_LEFT	FULL_FRAME	THE_PHRASE	the phrase right and left	2	 phrase	9546	0	0	-0.055584	-0.000102	2073	0.489396	[[2073, 3.233146], [1026, 1.694937], [2070, 1.648536], [388, 1.556334], [1888, 1.459668]]
ENDPOINT_CONTROL__RIGHT_LEFT__FULL_FRAME__THE_PHRASE__NONE	ENDPOINT_CONTROL	RIGHT_LEFT	FULL_FRAME	THE_PHRASE	the phrase right and left	3	 right	826	0	0	-0.004885	-0.000102	2073	0.489396	[[1068, 1.913262], [966, 1.864927], [1959, 1.789712], [1790, 1.355697], [2269, 1.34188]]
ENDPOINT_CONTROL__RIGHT_LEFT__FULL_FRAME__THE_PHRASE__NONE	ENDPOINT_CONTROL	RIGHT_LEFT	FULL_FRAME	THE_PHRASE	the phrase right and left	4	 and	290	0	0	-0.018094	-0.000102	2073	0.489396	[[2505, 2.391773], [2345, 1.971142], [1790, 1.42494], [1888, 1.405674], [2973, 1.403754]]
ENDPOINT_CONTROL__RIGHT_LEFT__FULL_FRAME__THE_PHRASE__NONE	ENDPOINT_CONTROL	RIGHT_LEFT	FULL_FRAME	THE_PHRASE	the phrase right and left	5	 left	1364	1	1	3.803965	3.803965	2659	0.051287	[[2659, 3.855252], [541, 3.803965], [638, 2.624466], [2317, 2.090946], [259, 2.024196]]
ENDPOINT_CONTROL__RIGHT_LEFT__SECOND_ONLY__THE_PHRASE__NONE	ENDPOINT_CONTROL	RIGHT_LEFT	SECOND_ONLY	THE_PHRASE	the phrase left	0	<BOS>	50256	0	0	-0.000102	-0.000102	2256	0.796686	[[2256, 2.36087], [1888, 1.564183], [2787, 0.893099], [1450, 0.853876], [1048, 0.848868]]
ENDPOINT_CONTROL__RIGHT_LEFT__SECOND_ONLY__THE_PHRASE__NONE	ENDPOINT_CONTROL	RIGHT_LEFT	SECOND_ONLY	THE_PHRASE	the phrase left	1	the	1169	0	0	-0.058428	-0.000102	1790	0.119972	[[1790, 2.74375], [1888, 2.623779], [1203, 1.370484], [654, 1.287318], [1504, 1.273196]]
ENDPOINT_CONTROL__RIGHT_LEFT__SECOND_ONLY__THE_PHRASE__NONE	ENDPOINT_CONTROL	RIGHT_LEFT	SECOND_ONLY	THE_PHRASE	the phrase left	2	 phrase	9546	0	0	-0.055584	-0.000102	2073	0.489396	[[2073, 3.233146], [1026, 1.694937], [2070, 1.648536], [388, 1.556334], [1888, 1.459668]]
ENDPOINT_CONTROL__RIGHT_LEFT__SECOND_ONLY__THE_PHRASE__NONE	ENDPOINT_CONTROL	RIGHT_LEFT	SECOND_ONLY	THE_PHRASE	the phrase left	3	 left	1364	1	1	-0.009113	-0.000102	2073	0.489396	[[2052, 2.270232], [2312, 1.798929], [1790, 1.538763], [1888, 1.486893], [966, 1.439141]]
ENDPOINT_CONTROL__RIGHT_LEFT__CONNECTOR_SECOND__THE_PHRASE__NONE	ENDPOINT_CONTROL	RIGHT_LEFT	CONNECTOR_SECOND	THE_PHRASE	the phrase and left	0	<BOS>	50256	0	0	-0.000102	-0.000102	2256	0.796686	[[2256, 2.36087], [1888, 1.564183], [2787, 0.893099], [1450, 0.853876], [1048, 0.848868]]
ENDPOINT_CONTROL__RIGHT_LEFT__CONNECTOR_SECOND__THE_PHRASE__NONE	ENDPOINT_CONTROL	RIGHT_LEFT	CONNECTOR_SECOND	THE_PHRASE	the phrase and left	1	the	1169	0	0	-0.058428	-0.000102	1790	0.119972	[[1790, 2.74375], [1888, 2.623779], [1203, 1.370484], [654, 1.287318], [1504, 1.273196]]
ENDPOINT_CONTROL__RIGHT_LEFT__CONNECTOR_SECOND__THE_PHRASE__NONE	ENDPOINT_CONTROL	RIGHT_LEFT	CONNECTOR_SECOND	THE_PHRASE	the phrase and left	2	 phrase	9546	0	0	-0.055584	-0.000102	2073	0.489396	[[2073, 3.233146], [1026, 1.694937], [2070, 1.648536], [388, 1.556334], [1888, 1.459668]]
ENDPOINT_CONTROL__RIGHT_LEFT__CONNECTOR_SECOND__THE_PHRASE__NONE	ENDPOINT_CONTROL	RIGHT_LEFT	CONNECTOR_SECOND	THE_PHRASE	the phrase and left	3	 and	290	0	0	-0.009063	-0.000102	2073	0.489396	[[1790, 1.619635], [1888, 1.466792], [1439, 1.419283], [654, 1.352773], [1208, 1.316682]]
ENDPOINT_CONTROL__RIGHT_LEFT__CONNECTOR_SECOND__THE_PHRASE__NONE	ENDPOINT_CONTROL	RIGHT_LEFT	CONNECTOR_SECOND	THE_PHRASE	the phrase and left	4	 left	1364	1	1	-0.093315	-0.000102	2073	0.489396	[[2052, 2.627451], [2312, 1.996902], [1888, 1.929414], [776, 1.925284], [638, 1.910659]]
ENDPOINT_CONTROL__RIGHT_LEFT__FIRST_SECOND__THE_PHRASE__NONE	ENDPOINT_CONTROL	RIGHT_LEFT	FIRST_SECOND	THE_PHRASE	the phrase right left	0	<BOS>	50256	0	0	-0.000102	-0.000102	2256	0.796686	[[2256, 2.36087], [1888, 1.564183], [2787, 0.893099], [1450, 0.853876], [1048, 0.848868]]
ENDPOINT_CONTROL__RIGHT_LEFT__FIRST_SECOND__THE_PHRASE__NONE	ENDPOINT_CONTROL	RIGHT_LEFT	FIRST_SECOND	THE_PHRASE	the phrase right left	1	the	1169	0	0	-0.058428	-0.000102	1790	0.119972	[[1790, 2.74375], [1888, 2.623779], [1203, 1.370484], [654, 1.287318], [1504, 1.273196]]
ENDPOINT_CONTROL__RIGHT_LEFT__FIRST_SECOND__THE_PHRASE__NONE	ENDPOINT_CONTROL	RIGHT_LEFT	FIRST_SECOND	THE_PHRASE	the phrase right left	2	 phrase	9546	0	0	-0.055584	-0.000102	2073	0.489396	[[2073, 3.233146], [1026, 1.694937], [2070, 1.648536], [388, 1.556334], [1888, 1.459668]]
ENDPOINT_CONTROL__RIGHT_LEFT__FIRST_SECOND__THE_PHRASE__NONE	ENDPOINT_CONTROL	RIGHT_LEFT	FIRST_SECOND	THE_PHRASE	the phrase right left	3	 right	826	0	0	-0.004885	-0.000102	2073	0.489396	[[1068, 1.913262], [966, 1.864927], [1959, 1.789712], [1790, 1.355697], [2269, 1.34188]]
ENDPOINT_CONTROL__RIGHT_LEFT__FIRST_SECOND__THE_PHRASE__NONE	ENDPOINT_CONTROL	RIGHT_LEFT	FIRST_SECOND	THE_PHRASE	the phrase right left	4	 left	1364	1	1	-0.169883	-0.000102	2073	0.466763	[[259, 2.766383], [2269, 2.60673], [2463, 2.517956], [2052, 1.74151], [967, 1.424922]]
ENDPOINT_CONTROL__RIGHT_LEFT__ARBFIRST_SECOND__THE_PHRASE__NONE	ENDPOINT_CONTROL	RIGHT_LEFT	ARBFIRST_SECOND	THE_PHRASE	the phrase garden left	0	<BOS>	50256	0	0	-0.000102	-0.000102	2256	0.796686	[[2256, 2.36087], [1888, 1.564183], [2787, 0.893099], [1450, 0.853876], [1048, 0.848868]]
ENDPOINT_CONTROL__RIGHT_LEFT__ARBFIRST_SECOND__THE_PHRASE__NONE	ENDPOINT_CONTROL	RIGHT_LEFT	ARBFIRST_SECOND	THE_PHRASE	the phrase garden left	1	the	1169	0	0	-0.058428	-0.000102	1790	0.119972	[[1790, 2.74375], [1888, 2.623779], [1203, 1.370484], [654, 1.287318], [1504, 1.273196]]
ENDPOINT_CONTROL__RIGHT_LEFT__ARBFIRST_SECOND__THE_PHRASE__NONE	ENDPOINT_CONTROL	RIGHT_LEFT	ARBFIRST_SECOND	THE_PHRASE	the phrase garden left	2	 phrase	9546	0	0	-0.055584	-0.000102	2073	0.489396	[[2073, 3.233146], [1026, 1.694937], [2070, 1.648536], [388, 1.556334], [1888, 1.459668]]
ENDPOINT_CONTROL__RIGHT_LEFT__ARBFIRST_SECOND__THE_PHRASE__NONE	ENDPOINT_CONTROL	RIGHT_LEFT	ARBFIRST_SECOND	THE_PHRASE	the phrase garden left	3	 garden	11376	0	0	-0.067502	-0.000102	2073	0.489396	[[1888, 2.292496], [1790, 1.582907], [1505, 1.227011], [778, 1.223089], [2297, 1.160383]]
ENDPOINT_CONTROL__RIGHT_LEFT__ARBFIRST_SECOND__THE_PHRASE__NONE	ENDPOINT_CONTROL	RIGHT_LEFT	ARBFIRST_SECOND	THE_PHRASE	the phrase garden left	4	 left	1364	1	1	-0.009618	-0.000102	2073	0.489396	[[2052, 2.473609], [1888, 1.528942], [1790, 1.44914], [2312, 1.434167], [776, 1.340843]]
ENDPOINT_CONTROL__RIGHT_LEFT__FIRST_REPEAT__THE_PHRASE__NONE	ENDPOINT_CONTROL	RIGHT_LEFT	FIRST_REPEAT	THE_PHRASE	the phrase right right	0	<BOS>	50256	0	0	-0.000102	-0.000102	2256	0.796686	[[2256, 2.36087], [1888, 1.564183], [2787, 0.893099], [1450, 0.853876], [1048, 0.848868]]
ENDPOINT_CONTROL__RIGHT_LEFT__FIRST_REPEAT__THE_PHRASE__NONE	ENDPOINT_CONTROL	RIGHT_LEFT	FIRST_REPEAT	THE_PHRASE	the phrase right right	1	the	1169	0	0	-0.058428	-0.000102	1790	0.119972	[[1790, 2.74375], [1888, 2.623779], [1203, 1.370484], [654, 1.287318], [1504, 1.273196]]
ENDPOINT_CONTROL__RIGHT_LEFT__FIRST_REPEAT__THE_PHRASE__NONE	ENDPOINT_CONTROL	RIGHT_LEFT	FIRST_REPEAT	THE_PHRASE	the phrase right right	2	 phrase	9546	0	0	-0.055584	-0.000102	2073	0.489396	[[2073, 3.233146], [1026, 1.694937], [2070, 1.648536], [388, 1.556334], [1888, 1.459668]]
ENDPOINT_CONTROL__RIGHT_LEFT__FIRST_REPEAT__THE_PHRASE__NONE	ENDPOINT_CONTROL	RIGHT_LEFT	FIRST_REPEAT	THE_PHRASE	the phrase right right	3	 right	826	0	0	-0.004885	-0.000102	2073	0.489396	[[1068, 1.913262], [966, 1.864927], [1959, 1.789712], [1790, 1.355697], [2269, 1.34188]]
ENDPOINT_CONTROL__RIGHT_LEFT__FIRST_REPEAT__THE_PHRASE__NONE	ENDPOINT_CONTROL	RIGHT_LEFT	FIRST_REPEAT	THE_PHRASE	the phrase right right	4	 right	826	1	1	-0.021698	-0.000102	2073	0.489396	[[1959, 1.866174], [1068, 1.809662], [966, 1.801826], [2269, 1.718974], [1790, 1.570399]]
ENDPOINT_CONTROL__RIGHT_LEFT__REVERSED__THE_PHRASE__NONE	ENDPOINT_CONTROL	RIGHT_LEFT	REVERSED	THE_PHRASE	the phrase left and right	0	<BOS>	50256	0	0	-0.000102	-0.000102	2256	0.796686	[[2256, 2.36087], [1888, 1.564183], [2787, 0.893099], [1450, 0.853876], [1048, 0.848868]]
ENDPOINT_CONTROL__RIGHT_LEFT__REVERSED__THE_PHRASE__NONE	ENDPOINT_CONTROL	RIGHT_LEFT	REVERSED	THE_PHRASE	the phrase left and right	1	the	1169	0	0	-0.058428	-0.000102	1790	0.119972	[[1790, 2.74375], [1888, 2.623779], [1203, 1.370484], [654, 1.287318], [1504, 1.273196]]
ENDPOINT_CONTROL__RIGHT_LEFT__REVERSED__THE_PHRASE__NONE	ENDPOINT_CONTROL	RIGHT_LEFT	REVERSED	THE_PHRASE	the phrase left and right	2	 phrase	9546	0	0	-0.055584	-0.000102	2073	0.489396	[[2073, 3.233146], [1026, 1.694937], [2070, 1.648536], [388, 1.556334], [1888, 1.459668]]
ENDPOINT_CONTROL__RIGHT_LEFT__REVERSED__THE_PHRASE__NONE	ENDPOINT_CONTROL	RIGHT_LEFT	REVERSED	THE_PHRASE	the phrase left and right	3	 left	1364	0	0	-0.009113	-0.000102	2073	0.489396	[[2052, 2.270232], [2312, 1.798929], [1790, 1.538763], [1888, 1.486893], [966, 1.439141]]
ENDPOINT_CONTROL__RIGHT_LEFT__REVERSED__THE_PHRASE__NONE	ENDPOINT_CONTROL	RIGHT_LEFT	REVERSED	THE_PHRASE	the phrase left and right	4	 and	290	0	0	-0.016875	-0.000102	2073	0.489396	[[1790, 1.666925], [2973, 1.298471], [194, 1.296537], [2505, 1.283461], [1787, 1.219762]]
ENDPOINT_CONTROL__RIGHT_LEFT__REVERSED__THE_PHRASE__NONE	ENDPOINT_CONTROL	RIGHT_LEFT	REVERSED	THE_PHRASE	the phrase left and right	5	 right	826	1	1	4.367379	4.367379	541	0.447778	[[541, 4.367379], [2659, 3.919601], [638, 2.889841], [2317, 2.259532], [259, 2.129598]]
CORE_FACTORIAL__RIGHT_LEFT__CC__THEY_SAID__NONE	CORE_FACTORIAL	RIGHT_LEFT	CC	THEY_SAID	they said right and left	0	<BOS>	50256	0	0	-0.000102	-0.000102	2256	0.796686	[[2256, 2.36087], [1888, 1.564183], [2787, 0.893099], [1450, 0.853876], [1048, 0.848868]]
CORE_FACTORIAL__RIGHT_LEFT__CC__THEY_SAID__NONE	CORE_FACTORIAL	RIGHT_LEFT	CC	THEY_SAID	they said right and left	1	they	9930	0	0	-0.133193	-0.000102	2256	0.053377	[[1790, 2.307492], [1888, 2.21476], [234, 1.470804], [1169, 1.294994], [654, 1.246823]]
CORE_FACTORIAL__RIGHT_LEFT__CC__THEY_SAID__NONE	CORE_FACTORIAL	RIGHT_LEFT	CC	THEY_SAID	they said right and left	2	 said	531	0	0	-0.038379	-0.000102	2256	0.053377	[[2982, 1.845008], [932, 1.550615], [521, 1.429855], [38, 1.363183], [654, 1.281732]]
CORE_FACTORIAL__RIGHT_LEFT__CC__THEY_SAID__NONE	CORE_FACTORIAL	RIGHT_LEFT	CC	THEY_SAID	they said right and left	3	 right	826	0	0	-0.013553	-0.000102	1959	0.637298	[[1959, 2.998168], [966, 1.673145], [654, 1.578187], [2594, 1.534832], [259, 1.518277]]
CORE_FACTORIAL__RIGHT_LEFT__CC__THEY_SAID__NONE	CORE_FACTORIAL	RIGHT_LEFT	CC	THEY_SAID	they said right and left	4	 and	290	0	0	-0.012031	-0.000102	1959	0.637298	[[2505, 2.249883], [1790, 2.024456], [1888, 1.672904], [654, 1.544419], [2345, 1.40673]]
CORE_FACTORIAL__RIGHT_LEFT__CC__THEY_SAID__NONE	CORE_FACTORIAL	RIGHT_LEFT	CC	THEY_SAID	they said right and left	5	 left	1364	1	1	3.704689	3.704689	2659	0.085811	[[2659, 3.790499], [541, 3.704689], [638, 2.238688], [2317, 1.982211], [2753, 1.910408]]
CORE_FACTORIAL__RIGHT_LEFT__CA__THEY_SAID__NONE	CORE_FACTORIAL	RIGHT_LEFT	CA	THEY_SAID	they said right and violin	0	<BOS>	50256	0	0	-0.000102	-0.000102	2256	0.796686	[[2256, 2.36087], [1888, 1.564183], [2787, 0.893099], [1450, 0.853876], [1048, 0.848868]]
CORE_FACTORIAL__RIGHT_LEFT__CA__THEY_SAID__NONE	CORE_FACTORIAL	RIGHT_LEFT	CA	THEY_SAID	they said right and violin	1	they	9930	0	0	-0.133193	-0.000102	2256	0.053377	[[1790, 2.307492], [1888, 2.21476], [234, 1.470804], [1169, 1.294994], [654, 1.246823]]
CORE_FACTORIAL__RIGHT_LEFT__CA__THEY_SAID__NONE	CORE_FACTORIAL	RIGHT_LEFT	CA	THEY_SAID	they said right and violin	2	 said	531	0	0	-0.038379	-0.000102	2256	0.053377	[[2982, 1.845008], [932, 1.550615], [521, 1.429855], [38, 1.363183], [654, 1.281732]]
CORE_FACTORIAL__RIGHT_LEFT__CA__THEY_SAID__NONE	CORE_FACTORIAL	RIGHT_LEFT	CA	THEY_SAID	they said right and violin	3	 right	826	0	0	-0.013553	-0.000102	1959	0.637298	[[1959, 2.998168], [966, 1.673145], [654, 1.578187], [2594, 1.534832], [259, 1.518277]]
CORE_FACTORIAL__RIGHT_LEFT__CA__THEY_SAID__NONE	CORE_FACTORIAL	RIGHT_LEFT	CA	THEY_SAID	they said right and violin	4	 and	290	0	0	-0.012031	-0.000102	1959	0.637298	[[2505, 2.249883], [1790, 2.024456], [1888, 1.672904], [654, 1.544419], [2345, 1.40673]]
CORE_FACTORIAL__RIGHT_LEFT__CA__THEY_SAID__NONE	CORE_FACTORIAL	RIGHT_LEFT	CA	THEY_SAID	they said right and violin	5	 violin	38283	1	1	-0.169866	-0.000102	1959	0.336467	[[1888, 2.661701], [1790, 2.306312], [654, 1.74564], [484, 1.470049], [979, 1.137213]]
CORE_FACTORIAL__RIGHT_LEFT__AC__THEY_SAID__NONE	CORE_FACTORIAL	RIGHT_LEFT	AC	THEY_SAID	they said garden and left	0	<BOS>	50256	0	0	-0.000102	-0.000102	2256	0.796686	[[2256, 2.36087], [1888, 1.564183], [2787, 0.893099], [1450, 0.853876], [1048, 0.848868]]
CORE_FACTORIAL__RIGHT_LEFT__AC__THEY_SAID__NONE	CORE_FACTORIAL	RIGHT_LEFT	AC	THEY_SAID	they said garden and left	1	they	9930	0	0	-0.133193	-0.000102	2256	0.053377	[[1790, 2.307492], [1888, 2.21476], [234, 1.470804], [1169, 1.294994], [654, 1.246823]]
CORE_FACTORIAL__RIGHT_LEFT__AC__THEY_SAID__NONE	CORE_FACTORIAL	RIGHT_LEFT	AC	THEY_SAID	they said garden and left	2	 said	531	0	0	-0.038379	-0.000102	2256	0.053377	[[2982, 1.845008], [932, 1.550615], [521, 1.429855], [38, 1.363183], [654, 1.281732]]
CORE_FACTORIAL__RIGHT_LEFT__AC__THEY_SAID__NONE	CORE_FACTORIAL	RIGHT_LEFT	AC	THEY_SAID	they said garden and left	3	 garden	11376	0	0	-0.083438	-0.000102	1888	0.636075	[[1888, 2.996945], [1790, 2.063405], [2305, 1.282446], [2039, 1.106456], [654, 1.102366]]
CORE_FACTORIAL__RIGHT_LEFT__AC__THEY_SAID__NONE	CORE_FACTORIAL	RIGHT_LEFT	AC	THEY_SAID	they said garden and left	4	 and	290	0	0	-0.015991	-0.000102	1888	0.636075	[[1790, 1.837504], [1003, 1.575743], [654, 1.339829], [1888, 1.137125], [2753, 1.123473]]
CORE_FACTORIAL__RIGHT_LEFT__AC__THEY_SAID__NONE	CORE_FACTORIAL	RIGHT_LEFT	AC	THEY_SAID	they said garden and left	5	 left	1364	1	1	-0.111603	-0.000102	1888	0.636075	[[638, 2.198774], [776, 2.127747], [2052, 1.98574], [2608, 1.768181], [2312, 1.570752]]
CORE_FACTORIAL__RIGHT_LEFT__AA__THEY_SAID__NONE	CORE_FACTORIAL	RIGHT_LEFT	AA	THEY_SAID	they said garden and violin	0	<BOS>	50256	0	0	-0.000102	-0.000102	2256	0.796686	[[2256, 2.36087], [1888, 1.564183], [2787, 0.893099], [1450, 0.853876], [1048, 0.848868]]
CORE_FACTORIAL__RIGHT_LEFT__AA__THEY_SAID__NONE	CORE_FACTORIAL	RIGHT_LEFT	AA	THEY_SAID	they said garden and violin	1	they	9930	0	0	-0.133193	-0.000102	2256	0.053377	[[1790, 2.307492], [1888, 2.21476], [234, 1.470804], [1169, 1.294994], [654, 1.246823]]
CORE_FACTORIAL__RIGHT_LEFT__AA__THEY_SAID__NONE	CORE_FACTORIAL	RIGHT_LEFT	AA	THEY_SAID	they said garden and violin	2	 said	531	0	0	-0.038379	-0.000102	2256	0.053377	[[2982, 1.845008], [932, 1.550615], [521, 1.429855], [38, 1.363183], [654, 1.281732]]
CORE_FACTORIAL__RIGHT_LEFT__AA__THEY_SAID__NONE	CORE_FACTORIAL	RIGHT_LEFT	AA	THEY_SAID	they said garden and violin	3	 garden	11376	0	0	-0.083438	-0.000102	1888	0.636075	[[1888, 2.996945], [1790, 2.063405], [2305, 1.282446], [2039, 1.106456], [654, 1.102366]]
CORE_FACTORIAL__RIGHT_LEFT__AA__THEY_SAID__NONE	CORE_FACTORIAL	RIGHT_LEFT	AA	THEY_SAID	they said garden and violin	4	 and	290	0	0	-0.015991	-0.000102	1888	0.636075	[[1790, 1.837504], [1003, 1.575743], [654, 1.339829], [1888, 1.137125], [2753, 1.123473]]
CORE_FACTORIAL__RIGHT_LEFT__AA__THEY_SAID__NONE	CORE_FACTORIAL	RIGHT_LEFT	AA	THEY_SAID	they said garden and violin	5	 violin	38283	1	1	0.572827	0.572827	1888	0.636075	[[2659, 2.139647], [1888, 2.000882], [1790, 1.884809], [638, 1.637372], [654, 1.445977]]
ENDPOINT_CONTROL__RIGHT_LEFT__FULL_FRAME__THEY_SAID__NONE	ENDPOINT_CONTROL	RIGHT_LEFT	FULL_FRAME	THEY_SAID	they said right and left	0	<BOS>	50256	0	0	-0.000102	-0.000102	2256	0.796686	[[2256, 2.36087], [1888, 1.564183], [2787, 0.893099], [1450, 0.853876], [1048, 0.848868]]
ENDPOINT_CONTROL__RIGHT_LEFT__FULL_FRAME__THEY_SAID__NONE	ENDPOINT_CONTROL	RIGHT_LEFT	FULL_FRAME	THEY_SAID	they said right and left	1	they	9930	0	0	-0.133193	-0.000102	2256	0.053377	[[1790, 2.307492], [1888, 2.21476], [234, 1.470804], [1169, 1.294994], [654, 1.246823]]
ENDPOINT_CONTROL__RIGHT_LEFT__FULL_FRAME__THEY_SAID__NONE	ENDPOINT_CONTROL	RIGHT_LEFT	FULL_FRAME	THEY_SAID	they said right and left	2	 said	531	0	0	-0.038379	-0.000102	2256	0.053377	[[2982, 1.845008], [932, 1.550615], [521, 1.429855], [38, 1.363183], [654, 1.281732]]
ENDPOINT_CONTROL__RIGHT_LEFT__FULL_FRAME__THEY_SAID__NONE	ENDPOINT_CONTROL	RIGHT_LEFT	FULL_FRAME	THEY_SAID	they said right and left	3	 right	826	0	0	-0.013553	-0.000102	1959	0.637298	[[1959, 2.998168], [966, 1.673145], [654, 1.578187], [2594, 1.534832], [259, 1.518277]]
ENDPOINT_CONTROL__RIGHT_LEFT__FULL_FRAME__THEY_SAID__NONE	ENDPOINT_CONTROL	RIGHT_LEFT	FULL_FRAME	THEY_SAID	they said right and left	4	 and	290	0	0	-0.012031	-0.000102	1959	0.637298	[[2505, 2.249883], [1790, 2.024456], [1888, 1.672904], [654, 1.544419], [2345, 1.40673]]
ENDPOINT_CONTROL__RIGHT_LEFT__FULL_FRAME__THEY_SAID__NONE	ENDPOINT_CONTROL	RIGHT_LEFT	FULL_FRAME	THEY_SAID	they said right and left	5	 left	1364	1	1	3.704689	3.704689	2659	0.085811	[[2659, 3.790499], [541, 3.704689], [638, 2.238688], [2317, 1.982211], [2753, 1.910408]]
ENDPOINT_CONTROL__RIGHT_LEFT__SECOND_ONLY__THEY_SAID__NONE	ENDPOINT_CONTROL	RIGHT_LEFT	SECOND_ONLY	THEY_SAID	they said left	0	<BOS>	50256	0	0	-0.000102	-0.000102	2256	0.796686	[[2256, 2.36087], [1888, 1.564183], [2787, 0.893099], [1450, 0.853876], [1048, 0.848868]]
ENDPOINT_CONTROL__RIGHT_LEFT__SECOND_ONLY__THEY_SAID__NONE	ENDPOINT_CONTROL	RIGHT_LEFT	SECOND_ONLY	THEY_SAID	they said left	1	they	9930	0	0	-0.133193	-0.000102	2256	0.053377	[[1790, 2.307492], [1888, 2.21476], [234, 1.470804], [1169, 1.294994], [654, 1.246823]]
ENDPOINT_CONTROL__RIGHT_LEFT__SECOND_ONLY__THEY_SAID__NONE	ENDPOINT_CONTROL	RIGHT_LEFT	SECOND_ONLY	THEY_SAID	they said left	2	 said	531	0	0	-0.038379	-0.000102	2256	0.053377	[[2982, 1.845008], [932, 1.550615], [521, 1.429855], [38, 1.363183], [654, 1.281732]]
ENDPOINT_CONTROL__RIGHT_LEFT__SECOND_ONLY__THEY_SAID__NONE	ENDPOINT_CONTROL	RIGHT_LEFT	SECOND_ONLY	THEY_SAID	they said left	3	 left	1364	1	1	-0.029024	-0.000102	2256	0.053377	[[2052, 2.186307], [2463, 1.997471], [2115, 1.971853], [1445, 1.937273], [776, 1.928064]]
ENDPOINT_CONTROL__RIGHT_LEFT__CONNECTOR_SECOND__THEY_SAID__NONE	ENDPOINT_CONTROL	RIGHT_LEFT	CONNECTOR_SECOND	THEY_SAID	they said and left	0	<BOS>	50256	0	0	-0.000102	-0.000102	2256	0.796686	[[2256, 2.36087], [1888, 1.564183], [2787, 0.893099], [1450, 0.853876], [1048, 0.848868]]
ENDPOINT_CONTROL__RIGHT_LEFT__CONNECTOR_SECOND__THEY_SAID__NONE	ENDPOINT_CONTROL	RIGHT_LEFT	CONNECTOR_SECOND	THEY_SAID	they said and left	1	they	9930	0	0	-0.133193	-0.000102	2256	0.053377	[[1790, 2.307492], [1888, 2.21476], [234, 1.470804], [1169, 1.294994], [654, 1.246823]]
ENDPOINT_CONTROL__RIGHT_LEFT__CONNECTOR_SECOND__THEY_SAID__NONE	ENDPOINT_CONTROL	RIGHT_LEFT	CONNECTOR_SECOND	THEY_SAID	they said and left	2	 said	531	0	0	-0.038379	-0.000102	2256	0.053377	[[2982, 1.845008], [932, 1.550615], [521, 1.429855], [38, 1.363183], [654, 1.281732]]
ENDPOINT_CONTROL__RIGHT_LEFT__CONNECTOR_SECOND__THEY_SAID__NONE	ENDPOINT_CONTROL	RIGHT_LEFT	CONNECTOR_SECOND	THEY_SAID	they said and left	3	 and	290	0	0	-0.025332	-0.000102	1953	0.231451	[[1953, 2.592321], [1790, 2.187105], [869, 1.756977], [712, 1.749517], [1457, 1.466317]]
ENDPOINT_CONTROL__RIGHT_LEFT__CONNECTOR_SECOND__THEY_SAID__NONE	ENDPOINT_CONTROL	RIGHT_LEFT	CONNECTOR_SECOND	THEY_SAID	they said and left	4	 left	1364	1	1	0.174883	0.174883	1953	0.231451	[[776, 2.224922], [2052, 2.171598], [638, 1.674809], [935, 1.644795], [610, 1.604959]]
ENDPOINT_CONTROL__RIGHT_LEFT__FIRST_SECOND__THEY_SAID__NONE	ENDPOINT_CONTROL	RIGHT_LEFT	FIRST_SECOND	THEY_SAID	they said right left	0	<BOS>	50256	0	0	-0.000102	-0.000102	2256	0.796686	[[2256, 2.36087], [1888, 1.564183], [2787, 0.893099], [1450, 0.853876], [1048, 0.848868]]
ENDPOINT_CONTROL__RIGHT_LEFT__FIRST_SECOND__THEY_SAID__NONE	ENDPOINT_CONTROL	RIGHT_LEFT	FIRST_SECOND	THEY_SAID	they said right left	1	they	9930	0	0	-0.133193	-0.000102	2256	0.053377	[[1790, 2.307492], [1888, 2.21476], [234, 1.470804], [1169, 1.294994], [654, 1.246823]]
ENDPOINT_CONTROL__RIGHT_LEFT__FIRST_SECOND__THEY_SAID__NONE	ENDPOINT_CONTROL	RIGHT_LEFT	FIRST_SECOND	THEY_SAID	they said right left	2	 said	531	0	0	-0.038379	-0.000102	2256	0.053377	[[2982, 1.845008], [932, 1.550615], [521, 1.429855], [38, 1.363183], [654, 1.281732]]
ENDPOINT_CONTROL__RIGHT_LEFT__FIRST_SECOND__THEY_SAID__NONE	ENDPOINT_CONTROL	RIGHT_LEFT	FIRST_SECOND	THEY_SAID	they said right left	3	 right	826	0	0	-0.013553	-0.000102	1959	0.637298	[[1959, 2.998168], [966, 1.673145], [654, 1.578187], [2594, 1.534832], [259, 1.518277]]
ENDPOINT_CONTROL__RIGHT_LEFT__FIRST_SECOND__THEY_SAID__NONE	ENDPOINT_CONTROL	RIGHT_LEFT	FIRST_SECOND	THEY_SAID	they said right left	4	 left	1364	1	1	-0.169991	-0.000102	2463	0.079366	[[2463, 3.080983], [2269, 3.001617], [259, 2.30466], [2052, 1.770032], [589, 1.52202]]
ENDPOINT_CONTROL__RIGHT_LEFT__ARBFIRST_SECOND__THEY_SAID__NONE	ENDPOINT_CONTROL	RIGHT_LEFT	ARBFIRST_SECOND	THEY_SAID	they said garden left	0	<BOS>	50256	0	0	-0.000102	-0.000102	2256	0.796686	[[2256, 2.36087], [1888, 1.564183], [2787, 0.893099], [1450, 0.853876], [1048, 0.848868]]
ENDPOINT_CONTROL__RIGHT_LEFT__ARBFIRST_SECOND__THEY_SAID__NONE	ENDPOINT_CONTROL	RIGHT_LEFT	ARBFIRST_SECOND	THEY_SAID	they said garden left	1	they	9930	0	0	-0.133193	-0.000102	2256	0.053377	[[1790, 2.307492], [1888, 2.21476], [234, 1.470804], [1169, 1.294994], [654, 1.246823]]
ENDPOINT_CONTROL__RIGHT_LEFT__ARBFIRST_SECOND__THEY_SAID__NONE	ENDPOINT_CONTROL	RIGHT_LEFT	ARBFIRST_SECOND	THEY_SAID	they said garden left	2	 said	531	0	0	-0.038379	-0.000102	2256	0.053377	[[2982, 1.845008], [932, 1.550615], [521, 1.429855], [38, 1.363183], [654, 1.281732]]
ENDPOINT_CONTROL__RIGHT_LEFT__ARBFIRST_SECOND__THEY_SAID__NONE	ENDPOINT_CONTROL	RIGHT_LEFT	ARBFIRST_SECOND	THEY_SAID	they said garden left	3	 garden	11376	0	0	-0.083438	-0.000102	1888	0.636075	[[1888, 2.996945], [1790, 2.063405], [2305, 1.282446], [2039, 1.106456], [654, 1.102366]]
ENDPOINT_CONTROL__RIGHT_LEFT__ARBFIRST_SECOND__THEY_SAID__NONE	ENDPOINT_CONTROL	RIGHT_LEFT	ARBFIRST_SECOND	THEY_SAID	they said garden left	4	 left	1364	1	1	-0.00867	-0.000102	1888	0.636075	[[2052, 2.305713], [1888, 1.586007], [2312, 1.523275], [2201, 1.392481], [654, 1.328567]]
ENDPOINT_CONTROL__RIGHT_LEFT__FIRST_REPEAT__THEY_SAID__NONE	ENDPOINT_CONTROL	RIGHT_LEFT	FIRST_REPEAT	THEY_SAID	they said right right	0	<BOS>	50256	0	0	-0.000102	-0.000102	2256	0.796686	[[2256, 2.36087], [1888, 1.564183], [2787, 0.893099], [1450, 0.853876], [1048, 0.848868]]
ENDPOINT_CONTROL__RIGHT_LEFT__FIRST_REPEAT__THEY_SAID__NONE	ENDPOINT_CONTROL	RIGHT_LEFT	FIRST_REPEAT	THEY_SAID	they said right right	1	they	9930	0	0	-0.133193	-0.000102	2256	0.053377	[[1790, 2.307492], [1888, 2.21476], [234, 1.470804], [1169, 1.294994], [654, 1.246823]]
ENDPOINT_CONTROL__RIGHT_LEFT__FIRST_REPEAT__THEY_SAID__NONE	ENDPOINT_CONTROL	RIGHT_LEFT	FIRST_REPEAT	THEY_SAID	they said right right	2	 said	531	0	0	-0.038379	-0.000102	2256	0.053377	[[2982, 1.845008], [932, 1.550615], [521, 1.429855], [38, 1.363183], [654, 1.281732]]
ENDPOINT_CONTROL__RIGHT_LEFT__FIRST_REPEAT__THEY_SAID__NONE	ENDPOINT_CONTROL	RIGHT_LEFT	FIRST_REPEAT	THEY_SAID	they said right right	3	 right	826	0	0	-0.013553	-0.000102	1959	0.637298	[[1959, 2.998168], [966, 1.673145], [654, 1.578187], [2594, 1.534832], [259, 1.518277]]
ENDPOINT_CONTROL__RIGHT_LEFT__FIRST_REPEAT__THEY_SAID__NONE	ENDPOINT_CONTROL	RIGHT_LEFT	FIRST_REPEAT	THEY_SAID	they said right right	4	 right	826	1	1	-0.045146	-0.000102	1959	0.637298	[[1959, 2.914666], [1790, 1.762828], [2269, 1.741095], [966, 1.721396], [2594, 1.624462]]
ENDPOINT_CONTROL__RIGHT_LEFT__REVERSED__THEY_SAID__NONE	ENDPOINT_CONTROL	RIGHT_LEFT	REVERSED	THEY_SAID	they said left and right	0	<BOS>	50256	0	0	-0.000102	-0.000102	2256	0.796686	[[2256, 2.36087], [1888, 1.564183], [2787, 0.893099], [1450, 0.853876], [1048, 0.848868]]
ENDPOINT_CONTROL__RIGHT_LEFT__REVERSED__THEY_SAID__NONE	ENDPOINT_CONTROL	RIGHT_LEFT	REVERSED	THEY_SAID	they said left and right	1	they	9930	0	0	-0.133193	-0.000102	2256	0.053377	[[1790, 2.307492], [1888, 2.21476], [234, 1.470804], [1169, 1.294994], [654, 1.246823]]
ENDPOINT_CONTROL__RIGHT_LEFT__REVERSED__THEY_SAID__NONE	ENDPOINT_CONTROL	RIGHT_LEFT	REVERSED	THEY_SAID	they said left and right	2	 said	531	0	0	-0.038379	-0.000102	2256	0.053377	[[2982, 1.845008], [932, 1.550615], [521, 1.429855], [38, 1.363183], [654, 1.281732]]
ENDPOINT_CONTROL__RIGHT_LEFT__REVERSED__THEY_SAID__NONE	ENDPOINT_CONTROL	RIGHT_LEFT	REVERSED	THEY_SAID	they said left and right	3	 left	1364	0	0	-0.029024	-0.000102	2256	0.053377	[[2052, 2.186307], [2463, 1.997471], [2115, 1.971853], [1445, 1.937273], [776, 1.928064]]
ENDPOINT_CONTROL__RIGHT_LEFT__REVERSED__THEY_SAID__NONE	ENDPOINT_CONTROL	RIGHT_LEFT	REVERSED	THEY_SAID	they said left and right	4	 and	290	0	0	-0.003656	-0.000102	2256	0.053377	[[1790, 1.948713], [2753, 1.439863], [2973, 1.207952], [2282, 1.036848], [1888, 1.025111]]
ENDPOINT_CONTROL__RIGHT_LEFT__REVERSED__THEY_SAID__NONE	ENDPOINT_CONTROL	RIGHT_LEFT	REVERSED	THEY_SAID	they said left and right	5	 right	826	1	1	4.077455	4.077455	2659	0.021277	[[2659, 4.098732], [541, 4.077455], [638, 2.519881], [2317, 2.41901], [2753, 1.881864]]
CORE_FACTORIAL__TRUE_FALSE__CC__BARE__NONE	CORE_FACTORIAL	TRUE_FALSE	CC	BARE	true or false	0	<BOS>	50256	0	0	-0.000102	-0.000102	2256	0.796686	[[2256, 2.36087], [1888, 1.564183], [2787, 0.893099], [1450, 0.853876], [1048, 0.848868]]
CORE_FACTORIAL__TRUE_FALSE__CC__BARE__NONE	CORE_FACTORIAL	TRUE_FALSE	CC	BARE	true or false	1	true	7942	0	0	-0.085669	-0.000102	1888	0.261428	[[1888, 3.098688], [1790, 2.837261], [1684, 2.616925], [234, 1.941382], [1080, 1.521499]]
CORE_FACTORIAL__TRUE_FALSE__CC__BARE__NONE	CORE_FACTORIAL	TRUE_FALSE	CC	BARE	true or false	2	 or	393	0	0	-0.01409	-0.000102	1888	0.261428	[[1888, 1.594483], [2505, 1.574252], [2318, 1.517107], [27, 1.456948], [654, 1.39109]]
CORE_FACTORIAL__TRUE_FALSE__CC__BARE__NONE	CORE_FACTORIAL	TRUE_FALSE	CC	BARE	true or false	3	 false	3991	1	1	3.620335	3.620335	541	0.328727	[[541, 3.620335], [2659, 3.291608], [638, 2.903741], [2317, 2.329406], [1888, 1.670048]]
CORE_FACTORIAL__TRUE_FALSE__CA__BARE__NONE	CORE_FACTORIAL	TRUE_FALSE	CA	BARE	true or basket	0	<BOS>	50256	0	0	-0.000102	-0.000102	2256	0.796686	[[2256, 2.36087], [1888, 1.564183], [2787, 0.893099], [1450, 0.853876], [1048, 0.848868]]
CORE_FACTORIAL__TRUE_FALSE__CA__BARE__NONE	CORE_FACTORIAL	TRUE_FALSE	CA	BARE	true or basket	1	true	7942	0	0	-0.085669	-0.000102	1888	0.261428	[[1888, 3.098688], [1790, 2.837261], [1684, 2.616925], [234, 1.941382], [1080, 1.521499]]
CORE_FACTORIAL__TRUE_FALSE__CA__BARE__NONE	CORE_FACTORIAL	TRUE_FALSE	CA	BARE	true or basket	2	 or	393	0	0	-0.01409	-0.000102	1888	0.261428	[[1888, 1.594483], [2505, 1.574252], [2318, 1.517107], [27, 1.456948], [654, 1.39109]]
CORE_FACTORIAL__TRUE_FALSE__CA__BARE__NONE	CORE_FACTORIAL	TRUE_FALSE	CA	BARE	true or basket	3	 basket	7988	1	1	-0.009192	-0.000102	1888	0.297469	[[1888, 3.13473], [1790, 2.326836], [638, 1.706415], [642, 1.386298], [2659, 1.230517]]
CORE_FACTORIAL__TRUE_FALSE__AC__BARE__NONE	CORE_FACTORIAL	TRUE_FALSE	AC	BARE	candle or false	0	<BOS>	50256	0	0	-0.000102	-0.000102	2256	0.796686	[[2256, 2.36087], [1888, 1.564183], [2787, 0.893099], [1450, 0.853876], [1048, 0.848868]]
CORE_FACTORIAL__TRUE_FALSE__AC__BARE__NONE	CORE_FACTORIAL	TRUE_FALSE	AC	BARE	candle or false	1	cand	46188	0	0	-0.018308	-0.000102	1888	0.301882	[[1888, 3.028912], [1790, 2.72703], [1998, 1.815743], [1303, 1.642941], [8, 1.318801]]
CORE_FACTORIAL__TRUE_FALSE__AC__BARE__NONE	CORE_FACTORIAL	TRUE_FALSE	AC	BARE	candle or false	2	le	293	0	0	-0.154181	-0.000102	1888	0.301882	[[790, 1.574058], [2902, 1.555826], [1888, 1.374186], [1411, 1.35512], [2220, 1.33712]]
CORE_FACTORIAL__TRUE_FALSE__AC__BARE__NONE	CORE_FACTORIAL	TRUE_FALSE	AC	BARE	candle or false	3	 or	393	0	0	-0.006758	-0.000102	1888	0.301882	[[1203, 1.785481], [1888, 1.713484], [1790, 1.620309], [2201, 1.274227], [281, 1.256681]]
CORE_FACTORIAL__TRUE_FALSE__AC__BARE__NONE	CORE_FACTORIAL	TRUE_FALSE	AC	BARE	candle or false	4	 false	3991	1	1	0.122584	0.122584	1888	0.301882	[[1888, 2.342865], [1790, 1.789293], [1893, 1.7133], [638, 1.586399], [430, 1.462358]]
CORE_FACTORIAL__TRUE_FALSE__AA__BARE__NONE	CORE_FACTORIAL	TRUE_FALSE	AA	BARE	candle or basket	0	<BOS>	50256	0	0	-0.000102	-0.000102	2256	0.796686	[[2256, 2.36087], [1888, 1.564183], [2787, 0.893099], [1450, 0.853876], [1048, 0.848868]]
CORE_FACTORIAL__TRUE_FALSE__AA__BARE__NONE	CORE_FACTORIAL	TRUE_FALSE	AA	BARE	candle or basket	1	cand	46188	0	0	-0.018308	-0.000102	1888	0.301882	[[1888, 3.028912], [1790, 2.72703], [1998, 1.815743], [1303, 1.642941], [8, 1.318801]]
CORE_FACTORIAL__TRUE_FALSE__AA__BARE__NONE	CORE_FACTORIAL	TRUE_FALSE	AA	BARE	candle or basket	2	le	293	0	0	-0.154181	-0.000102	1888	0.301882	[[790, 1.574058], [2902, 1.555826], [1888, 1.374186], [1411, 1.35512], [2220, 1.33712]]
CORE_FACTORIAL__TRUE_FALSE__AA__BARE__NONE	CORE_FACTORIAL	TRUE_FALSE	AA	BARE	candle or basket	3	 or	393	0	0	-0.006758	-0.000102	1888	0.301882	[[1203, 1.785481], [1888, 1.713484], [1790, 1.620309], [2201, 1.274227], [281, 1.256681]]
CORE_FACTORIAL__TRUE_FALSE__AA__BARE__NONE	CORE_FACTORIAL	TRUE_FALSE	AA	BARE	candle or basket	4	 basket	7988	1	1	2.088407	2.088407	1888	0.047005	[[2659, 2.981906], [1888, 2.640926], [541, 2.088407], [2317, 1.80329], [1790, 1.776159]]
ENDPOINT_CONTROL__TRUE_FALSE__FULL_FRAME__BARE__NONE	ENDPOINT_CONTROL	TRUE_FALSE	FULL_FRAME	BARE	true or false	0	<BOS>	50256	0	0	-0.000102	-0.000102	2256	0.796686	[[2256, 2.36087], [1888, 1.564183], [2787, 0.893099], [1450, 0.853876], [1048, 0.848868]]
ENDPOINT_CONTROL__TRUE_FALSE__FULL_FRAME__BARE__NONE	ENDPOINT_CONTROL	TRUE_FALSE	FULL_FRAME	BARE	true or false	1	true	7942	0	0	-0.085669	-0.000102	1888	0.261428	[[1888, 3.098688], [1790, 2.837261], [1684, 2.616925], [234, 1.941382], [1080, 1.521499]]
ENDPOINT_CONTROL__TRUE_FALSE__FULL_FRAME__BARE__NONE	ENDPOINT_CONTROL	TRUE_FALSE	FULL_FRAME	BARE	true or false	2	 or	393	0	0	-0.01409	-0.000102	1888	0.261428	[[1888, 1.594483], [2505, 1.574252], [2318, 1.517107], [27, 1.456948], [654, 1.39109]]
ENDPOINT_CONTROL__TRUE_FALSE__FULL_FRAME__BARE__NONE	ENDPOINT_CONTROL	TRUE_FALSE	FULL_FRAME	BARE	true or false	3	 false	3991	1	1	3.620335	3.620335	541	0.328727	[[541, 3.620335], [2659, 3.291608], [638, 2.903741], [2317, 2.329406], [1888, 1.670048]]
ENDPOINT_CONTROL__TRUE_FALSE__SECOND_ONLY__BARE__NONE	ENDPOINT_CONTROL	TRUE_FALSE	SECOND_ONLY	BARE	false	0	<BOS>	50256	0	0	-0.000102	-0.000102	2256	0.796687	[[2256, 2.36087], [1888, 1.564183], [2787, 0.893099], [1450, 0.853876], [1048, 0.848868]]
ENDPOINT_CONTROL__TRUE_FALSE__SECOND_ONLY__BARE__NONE	ENDPOINT_CONTROL	TRUE_FALSE	SECOND_ONLY	BARE	false	1	false	9562	1	1	-0.127743	-0.000102	1888	0.426048	[[1888, 3.372292], [1790, 2.946244], [1684, 1.770843], [2047, 1.599469], [1893, 1.562596]]
ENDPOINT_CONTROL__TRUE_FALSE__CONNECTOR_SECOND__BARE__NONE	ENDPOINT_CONTROL	TRUE_FALSE	CONNECTOR_SECOND	BARE	or false	0	<BOS>	50256	0	0	-0.000102	-0.000102	2256	0.796687	[[2256, 2.36087], [1888, 1.564183], [2787, 0.893099], [1450, 0.853876], [1048, 0.848868]]
ENDPOINT_CONTROL__TRUE_FALSE__CONNECTOR_SECOND__BARE__NONE	ENDPOINT_CONTROL	TRUE_FALSE	CONNECTOR_SECOND	BARE	or false	1	or	273	0	0	-0.005705	-0.000102	1888	0.075721	[[1888, 2.436591], [1790, 2.348701], [1998, 1.705889], [415, 1.575519], [654, 1.434943]]
ENDPOINT_CONTROL__TRUE_FALSE__CONNECTOR_SECOND__BARE__NONE	ENDPOINT_CONTROL	TRUE_FALSE	CONNECTOR_SECOND	BARE	or false	2	 false	3991	1	1	-0.076592	-0.000102	1888	0.075721	[[1888, 2.298867], [1790, 1.996615], [1893, 1.861614], [1484, 1.558269], [143, 1.532882]]
ENDPOINT_CONTROL__TRUE_FALSE__FIRST_SECOND__BARE__NONE	ENDPOINT_CONTROL	TRUE_FALSE	FIRST_SECOND	BARE	true false	0	<BOS>	50256	0	0	-0.000102	-0.000102	2256	0.796687	[[2256, 2.36087], [1888, 1.564183], [2787, 0.893099], [1450, 0.853876], [1048, 0.848868]]
ENDPOINT_CONTROL__TRUE_FALSE__FIRST_SECOND__BARE__NONE	ENDPOINT_CONTROL	TRUE_FALSE	FIRST_SECOND	BARE	true false	1	true	7942	0	0	-0.085669	-0.000102	1888	0.261427	[[1888, 3.098688], [1790, 2.837261], [1684, 2.616925], [234, 1.941382], [1080, 1.521499]]
ENDPOINT_CONTROL__TRUE_FALSE__FIRST_SECOND__BARE__NONE	ENDPOINT_CONTROL	TRUE_FALSE	FIRST_SECOND	BARE	true false	2	 false	3991	1	1	-0.166211	-0.000102	1888	0.261427	[[1888, 2.090895], [1790, 1.940137], [1998, 1.551333], [1398, 1.536961], [2542, 1.502447]]
ENDPOINT_CONTROL__TRUE_FALSE__ARBFIRST_SECOND__BARE__NONE	ENDPOINT_CONTROL	TRUE_FALSE	ARBFIRST_SECOND	BARE	candle false	0	<BOS>	50256	0	0	-0.000102	-0.000102	2256	0.796686	[[2256, 2.36087], [1888, 1.564183], [2787, 0.893099], [1450, 0.853876], [1048, 0.848868]]
ENDPOINT_CONTROL__TRUE_FALSE__ARBFIRST_SECOND__BARE__NONE	ENDPOINT_CONTROL	TRUE_FALSE	ARBFIRST_SECOND	BARE	candle false	1	cand	46188	0	0	-0.018308	-0.000102	1888	0.301882	[[1888, 3.028912], [1790, 2.72703], [1998, 1.815743], [1303, 1.642941], [8, 1.318801]]
ENDPOINT_CONTROL__TRUE_FALSE__ARBFIRST_SECOND__BARE__NONE	ENDPOINT_CONTROL	TRUE_FALSE	ARBFIRST_SECOND	BARE	candle false	2	le	293	0	0	-0.154181	-0.000102	1888	0.301882	[[790, 1.574058], [2902, 1.555826], [1888, 1.374186], [1411, 1.35512], [2220, 1.33712]]
ENDPOINT_CONTROL__TRUE_FALSE__ARBFIRST_SECOND__BARE__NONE	ENDPOINT_CONTROL	TRUE_FALSE	ARBFIRST_SECOND	BARE	candle false	3	 false	3991	1	1	-0.049662	-0.000102	1888	0.301882	[[1888, 2.272056], [1790, 2.187807], [1893, 1.466864], [1424, 1.391141], [437, 1.36429]]
ENDPOINT_CONTROL__TRUE_FALSE__FIRST_REPEAT__BARE__NONE	ENDPOINT_CONTROL	TRUE_FALSE	FIRST_REPEAT	BARE	true true	0	<BOS>	50256	0	0	-0.000102	-0.000102	2256	0.796687	[[2256, 2.36087], [1888, 1.564183], [2787, 0.893099], [1450, 0.853876], [1048, 0.848868]]
ENDPOINT_CONTROL__TRUE_FALSE__FIRST_REPEAT__BARE__NONE	ENDPOINT_CONTROL	TRUE_FALSE	FIRST_REPEAT	BARE	true true	1	true	7942	0	0	-0.085669	-0.000102	1888	0.261427	[[1888, 3.098688], [1790, 2.837261], [1684, 2.616925], [234, 1.941382], [1080, 1.521499]]
ENDPOINT_CONTROL__TRUE_FALSE__FIRST_REPEAT__BARE__NONE	ENDPOINT_CONTROL	TRUE_FALSE	FIRST_REPEAT	BARE	true true	2	 true	2081	1	1	-0.161591	-0.000102	1888	0.009025	[[230, 3.089663], [1691, 2.130273], [1790, 1.902049], [1684, 1.88326], [2910, 1.815519]]
ENDPOINT_CONTROL__TRUE_FALSE__REVERSED__BARE__NONE	ENDPOINT_CONTROL	TRUE_FALSE	REVERSED	BARE	false or true	0	<BOS>	50256	0	0	-0.000102	-0.000102	2256	0.796686	[[2256, 2.36087], [1888, 1.564183], [2787, 0.893099], [1450, 0.853876], [1048, 0.848868]]
ENDPOINT_CONTROL__TRUE_FALSE__REVERSED__BARE__NONE	ENDPOINT_CONTROL	TRUE_FALSE	REVERSED	BARE	false or true	1	false	9562	0	0	-0.127743	-0.000102	1888	0.426048	[[1888, 3.372292], [1790, 2.946244], [1684, 1.770843], [2047, 1.599469], [1893, 1.562596]]
ENDPOINT_CONTROL__TRUE_FALSE__REVERSED__BARE__NONE	ENDPOINT_CONTROL	TRUE_FALSE	REVERSED	BARE	false or true	2	 or	393	0	0	-0.003785	-0.000102	1888	0.426048	[[1790, 1.959781], [1203, 1.804323], [1888, 1.772278], [654, 1.621715], [192, 1.501964]]
ENDPOINT_CONTROL__TRUE_FALSE__REVERSED__BARE__NONE	ENDPOINT_CONTROL	TRUE_FALSE	REVERSED	BARE	false or true	3	 true	2081	1	1	2.395462	2.395462	1888	0.426048	[[2659, 2.562966], [638, 2.551279], [541, 2.395462], [2317, 1.692553], [1888, 1.65675]]
CORE_FACTORIAL__TRUE_FALSE__CC__V9_SPACE__NONE	CORE_FACTORIAL	TRUE_FALSE	CC	V9_SPACE	 true or false	0	<BOS>	50256	0	0	-0.000102	-0.000102	2256	0.796686	[[2256, 2.36087], [1888, 1.564183], [2787, 0.893099], [1450, 0.853876], [1048, 0.848868]]
CORE_FACTORIAL__TRUE_FALSE__CC__V9_SPACE__NONE	CORE_FACTORIAL	TRUE_FALSE	CC	V9_SPACE	 true or false	1	 true	2081	0	0	-0.106152	-0.000102	1888	0.013366	[[1888, 3.01799], [464, 3.004624], [1790, 2.677159], [1684, 2.2562], [230, 1.996867]]
CORE_FACTORIAL__TRUE_FALSE__CC__V9_SPACE__NONE	CORE_FACTORIAL	TRUE_FALSE	CC	V9_SPACE	 true or false	2	 or	393	0	0	-0.0071	-0.000102	1888	0.013366	[[2318, 2.099244], [166, 1.555722], [1449, 1.546093], [1888, 1.508277], [2505, 1.458608]]
CORE_FACTORIAL__TRUE_FALSE__CC__V9_SPACE__NONE	CORE_FACTORIAL	TRUE_FALSE	CC	V9_SPACE	 true or false	3	 false	3991	1	1	3.912805	3.912805	541	0.440131	[[541, 3.912805], [2659, 3.472674], [638, 2.820514], [2317, 2.46417], [230, 1.59821]]
CORE_FACTORIAL__TRUE_FALSE__CA__V9_SPACE__NONE	CORE_FACTORIAL	TRUE_FALSE	CA	V9_SPACE	 true or basket	0	<BOS>	50256	0	0	-0.000102	-0.000102	2256	0.796686	[[2256, 2.36087], [1888, 1.564183], [2787, 0.893099], [1450, 0.853876], [1048, 0.848868]]
CORE_FACTORIAL__TRUE_FALSE__CA__V9_SPACE__NONE	CORE_FACTORIAL	TRUE_FALSE	CA	V9_SPACE	 true or basket	1	 true	2081	0	0	-0.106152	-0.000102	1888	0.013366	[[1888, 3.01799], [464, 3.004624], [1790, 2.677159], [1684, 2.2562], [230, 1.996867]]
CORE_FACTORIAL__TRUE_FALSE__CA__V9_SPACE__NONE	CORE_FACTORIAL	TRUE_FALSE	CA	V9_SPACE	 true or basket	2	 or	393	0	0	-0.0071	-0.000102	1888	0.013366	[[2318, 2.099244], [166, 1.555722], [1449, 1.546093], [1888, 1.508277], [2505, 1.458608]]
CORE_FACTORIAL__TRUE_FALSE__CA__V9_SPACE__NONE	CORE_FACTORIAL	TRUE_FALSE	CA	V9_SPACE	 true or basket	3	 basket	7988	1	1	-0.138773	-0.000102	1888	0.171035	[[1888, 3.175658], [1790, 2.401217], [638, 1.761513], [642, 1.465939], [847, 1.342728]]
CORE_FACTORIAL__TRUE_FALSE__AC__V9_SPACE__NONE	CORE_FACTORIAL	TRUE_FALSE	AC	V9_SPACE	 candle or false	0	<BOS>	50256	0	0	-0.000102	-0.000102	2256	0.796686	[[2256, 2.36087], [1888, 1.564183], [2787, 0.893099], [1450, 0.853876], [1048, 0.848868]]
CORE_FACTORIAL__TRUE_FALSE__AC__V9_SPACE__NONE	CORE_FACTORIAL	TRUE_FALSE	AC	V9_SPACE	 candle or false	1	 candle	26839	0	0	-0.119509	-0.000102	1888	0.733303	[[1888, 3.378142], [1790, 2.644839], [1998, 1.770092], [654, 1.333039], [900, 1.201881]]
CORE_FACTORIAL__TRUE_FALSE__AC__V9_SPACE__NONE	CORE_FACTORIAL	TRUE_FALSE	AC	V9_SPACE	 candle or false	2	 or	393	0	0	-0.005528	-0.000102	1888	0.733303	[[1790, 1.768201], [1888, 1.601882], [166, 1.288977], [654, 1.200505], [411, 1.160229]]
CORE_FACTORIAL__TRUE_FALSE__AC__V9_SPACE__NONE	CORE_FACTORIAL	TRUE_FALSE	AC	V9_SPACE	 candle or false	3	 false	3991	1	1	-0.000395	-0.000102	1888	0.733303	[[1888, 2.392069], [1790, 2.020093], [1893, 1.982943], [1684, 1.955312], [1484, 1.669376]]
CORE_FACTORIAL__TRUE_FALSE__AA__V9_SPACE__NONE	CORE_FACTORIAL	TRUE_FALSE	AA	V9_SPACE	 candle or basket	0	<BOS>	50256	0	0	-0.000102	-0.000102	2256	0.796686	[[2256, 2.36087], [1888, 1.564183], [2787, 0.893099], [1450, 0.853876], [1048, 0.848868]]
CORE_FACTORIAL__TRUE_FALSE__AA__V9_SPACE__NONE	CORE_FACTORIAL	TRUE_FALSE	AA	V9_SPACE	 candle or basket	1	 candle	26839	0	0	-0.119509	-0.000102	1888	0.733303	[[1888, 3.378142], [1790, 2.644839], [1998, 1.770092], [654, 1.333039], [900, 1.201881]]
CORE_FACTORIAL__TRUE_FALSE__AA__V9_SPACE__NONE	CORE_FACTORIAL	TRUE_FALSE	AA	V9_SPACE	 candle or basket	2	 or	393	0	0	-0.005528	-0.000102	1888	0.733303	[[1790, 1.768201], [1888, 1.601882], [166, 1.288977], [654, 1.200505], [411, 1.160229]]
CORE_FACTORIAL__TRUE_FALSE__AA__V9_SPACE__NONE	CORE_FACTORIAL	TRUE_FALSE	AA	V9_SPACE	 candle or basket	3	 basket	7988	1	1	1.777412	1.777412	1888	0.616809	[[2659, 2.761333], [1888, 2.14174], [1790, 1.828345], [541, 1.777412], [638, 1.771013]]
ENDPOINT_CONTROL__TRUE_FALSE__FULL_FRAME__V9_SPACE__NONE	ENDPOINT_CONTROL	TRUE_FALSE	FULL_FRAME	V9_SPACE	 true or false	0	<BOS>	50256	0	0	-0.000102	-0.000102	2256	0.796686	[[2256, 2.36087], [1888, 1.564183], [2787, 0.893099], [1450, 0.853876], [1048, 0.848868]]
ENDPOINT_CONTROL__TRUE_FALSE__FULL_FRAME__V9_SPACE__NONE	ENDPOINT_CONTROL	TRUE_FALSE	FULL_FRAME	V9_SPACE	 true or false	1	 true	2081	0	0	-0.106152	-0.000102	1888	0.013366	[[1888, 3.01799], [464, 3.004624], [1790, 2.677159], [1684, 2.2562], [230, 1.996867]]
ENDPOINT_CONTROL__TRUE_FALSE__FULL_FRAME__V9_SPACE__NONE	ENDPOINT_CONTROL	TRUE_FALSE	FULL_FRAME	V9_SPACE	 true or false	2	 or	393	0	0	-0.0071	-0.000102	1888	0.013366	[[2318, 2.099244], [166, 1.555722], [1449, 1.546093], [1888, 1.508277], [2505, 1.458608]]
ENDPOINT_CONTROL__TRUE_FALSE__FULL_FRAME__V9_SPACE__NONE	ENDPOINT_CONTROL	TRUE_FALSE	FULL_FRAME	V9_SPACE	 true or false	3	 false	3991	1	1	3.912805	3.912805	541	0.440131	[[541, 3.912805], [2659, 3.472674], [638, 2.820514], [2317, 2.46417], [230, 1.59821]]
ENDPOINT_CONTROL__TRUE_FALSE__SECOND_ONLY__V9_SPACE__NONE	ENDPOINT_CONTROL	TRUE_FALSE	SECOND_ONLY	V9_SPACE	 false	0	<BOS>	50256	0	0	-0.000102	-0.000102	2256	0.796687	[[2256, 2.36087], [1888, 1.564183], [2787, 0.893099], [1450, 0.853876], [1048, 0.848868]]
ENDPOINT_CONTROL__TRUE_FALSE__SECOND_ONLY__V9_SPACE__NONE	ENDPOINT_CONTROL	TRUE_FALSE	SECOND_ONLY	V9_SPACE	 false	1	 false	3991	1	1	-0.142773	-0.000102	464	0.134301	[[464, 3.324288], [1888, 3.189986], [1790, 2.909117], [1684, 1.789117], [1998, 1.627929]]
ENDPOINT_CONTROL__TRUE_FALSE__CONNECTOR_SECOND__V9_SPACE__NONE	ENDPOINT_CONTROL	TRUE_FALSE	CONNECTOR_SECOND	V9_SPACE	 or false	0	<BOS>	50256	0	0	-0.000102	-0.000102	2256	0.796687	[[2256, 2.36087], [1888, 1.564183], [2787, 0.893099], [1450, 0.853876], [1048, 0.848868]]
ENDPOINT_CONTROL__TRUE_FALSE__CONNECTOR_SECOND__V9_SPACE__NONE	ENDPOINT_CONTROL	TRUE_FALSE	CONNECTOR_SECOND	V9_SPACE	 or false	1	 or	393	0	0	-0.00657	-0.000102	1790	0.010469	[[1790, 2.665017], [1888, 2.654548], [464, 1.979773], [1998, 1.705826], [1297, 1.41345]]
ENDPOINT_CONTROL__TRUE_FALSE__CONNECTOR_SECOND__V9_SPACE__NONE	ENDPOINT_CONTROL	TRUE_FALSE	CONNECTOR_SECOND	V9_SPACE	 or false	2	 false	3991	1	1	0.026468	0.026468	1790	0.010469	[[1888, 2.375689], [1790, 2.07341], [1893, 1.864013], [123, 1.649379], [2047, 1.587705]]
ENDPOINT_CONTROL__TRUE_FALSE__FIRST_SECOND__V9_SPACE__NONE	ENDPOINT_CONTROL	TRUE_FALSE	FIRST_SECOND	V9_SPACE	 true false	0	<BOS>	50256	0	0	-0.000102	-0.000102	2256	0.796687	[[2256, 2.36087], [1888, 1.564183], [2787, 0.893099], [1450, 0.853876], [1048, 0.848868]]
ENDPOINT_CONTROL__TRUE_FALSE__FIRST_SECOND__V9_SPACE__NONE	ENDPOINT_CONTROL	TRUE_FALSE	FIRST_SECOND	V9_SPACE	 true false	1	 true	2081	0	0	-0.106152	-0.000102	1888	0.013367	[[1888, 3.017989], [464, 3.004623], [1790, 2.677158], [1684, 2.2562], [230, 1.996865]]
ENDPOINT_CONTROL__TRUE_FALSE__FIRST_SECOND__V9_SPACE__NONE	ENDPOINT_CONTROL	TRUE_FALSE	FIRST_SECOND	V9_SPACE	 true false	2	 false	3991	1	1	-0.163558	-0.000102	1888	0.013367	[[1888, 1.950456], [1790, 1.85726], [1998, 1.63528], [230, 1.625452], [715, 1.384651]]
ENDPOINT_CONTROL__TRUE_FALSE__ARBFIRST_SECOND__V9_SPACE__NONE	ENDPOINT_CONTROL	TRUE_FALSE	ARBFIRST_SECOND	V9_SPACE	 candle false	0	<BOS>	50256	0	0	-0.000102	-0.000102	2256	0.796687	[[2256, 2.36087], [1888, 1.564183], [2787, 0.893099], [1450, 0.853876], [1048, 0.848868]]
ENDPOINT_CONTROL__TRUE_FALSE__ARBFIRST_SECOND__V9_SPACE__NONE	ENDPOINT_CONTROL	TRUE_FALSE	ARBFIRST_SECOND	V9_SPACE	 candle false	1	 candle	26839	0	0	-0.119509	-0.000102	1888	0.733303	[[1888, 3.378143], [1790, 2.64484], [1998, 1.770093], [654, 1.333039], [900, 1.201881]]
ENDPOINT_CONTROL__TRUE_FALSE__ARBFIRST_SECOND__V9_SPACE__NONE	ENDPOINT_CONTROL	TRUE_FALSE	ARBFIRST_SECOND	V9_SPACE	 candle false	2	 false	3991	1	1	-0.068776	-0.000102	1888	0.733303	[[1790, 2.346084], [1888, 2.205624], [1684, 1.938869], [1893, 1.796355], [1424, 1.517823]]
ENDPOINT_CONTROL__TRUE_FALSE__FIRST_REPEAT__V9_SPACE__NONE	ENDPOINT_CONTROL	TRUE_FALSE	FIRST_REPEAT	V9_SPACE	 true true	0	<BOS>	50256	0	0	-0.000102	-0.000102	2256	0.796687	[[2256, 2.36087], [1888, 1.564183], [2787, 0.893099], [1450, 0.853876], [1048, 0.848868]]
ENDPOINT_CONTROL__TRUE_FALSE__FIRST_REPEAT__V9_SPACE__NONE	ENDPOINT_CONTROL	TRUE_FALSE	FIRST_REPEAT	V9_SPACE	 true true	1	 true	2081	0	0	-0.106152	-0.000102	1888	0.013367	[[1888, 3.017989], [464, 3.004623], [1790, 2.677158], [1684, 2.2562], [230, 1.996865]]
ENDPOINT_CONTROL__TRUE_FALSE__FIRST_REPEAT__V9_SPACE__NONE	ENDPOINT_CONTROL	TRUE_FALSE	FIRST_REPEAT	V9_SPACE	 true true	2	 true	2081	1	1	-0.16139	-0.000102	230	0.129432	[[230, 3.147421], [1691, 2.72816], [1790, 1.787684], [1203, 1.756632], [1684, 1.738417]]
ENDPOINT_CONTROL__TRUE_FALSE__REVERSED__V9_SPACE__NONE	ENDPOINT_CONTROL	TRUE_FALSE	REVERSED	V9_SPACE	 false or true	0	<BOS>	50256	0	0	-0.000102	-0.000102	2256	0.796686	[[2256, 2.36087], [1888, 1.564183], [2787, 0.893099], [1450, 0.853876], [1048, 0.848868]]
ENDPOINT_CONTROL__TRUE_FALSE__REVERSED__V9_SPACE__NONE	ENDPOINT_CONTROL	TRUE_FALSE	REVERSED	V9_SPACE	 false or true	1	 false	3991	0	0	-0.142773	-0.000102	464	0.1343	[[464, 3.324286], [1888, 3.189986], [1790, 2.909117], [1684, 1.789117], [1998, 1.627929]]
ENDPOINT_CONTROL__TRUE_FALSE__REVERSED__V9_SPACE__NONE	ENDPOINT_CONTROL	TRUE_FALSE	REVERSED	V9_SPACE	 false or true	2	 or	393	0	0	-0.005928	-0.000102	464	0.1343	[[1790, 2.014344], [1203, 1.699109], [192, 1.667458], [744, 1.603838], [1888, 1.521951]]
ENDPOINT_CONTROL__TRUE_FALSE__REVERSED__V9_SPACE__NONE	ENDPOINT_CONTROL	TRUE_FALSE	REVERSED	V9_SPACE	 false or true	3	 true	2081	1	1	2.67841	2.67841	464	0.1343	[[2659, 2.803933], [638, 2.681475], [541, 2.67841], [2317, 1.933808], [348, 1.737993]]
CORE_FACTORIAL__TRUE_FALSE__CC__THE_PHRASE__NONE	CORE_FACTORIAL	TRUE_FALSE	CC	THE_PHRASE	the phrase true or false	0	<BOS>	50256	0	0	-0.000102	-0.000102	2256	0.796686	[[2256, 2.36087], [1888, 1.564183], [2787, 0.893099], [1450, 0.853876], [1048, 0.848868]]
CORE_FACTORIAL__TRUE_FALSE__CC__THE_PHRASE__NONE	CORE_FACTORIAL	TRUE_FALSE	CC	THE_PHRASE	the phrase true or false	1	the	1169	0	0	-0.058428	-0.000102	1790	0.119972	[[1790, 2.74375], [1888, 2.623779], [1203, 1.370484], [654, 1.287318], [1504, 1.273196]]
CORE_FACTORIAL__TRUE_FALSE__CC__THE_PHRASE__NONE	CORE_FACTORIAL	TRUE_FALSE	CC	THE_PHRASE	the phrase true or false	2	 phrase	9546	0	0	-0.055584	-0.000102	2073	0.489396	[[2073, 3.233146], [1026, 1.694937], [2070, 1.648536], [388, 1.556334], [1888, 1.459668]]
CORE_FACTORIAL__TRUE_FALSE__CC__THE_PHRASE__NONE	CORE_FACTORIAL	TRUE_FALSE	CC	THE_PHRASE	the phrase true or false	3	 true	2081	0	0	-0.017458	-0.000102	2073	0.489396	[[1888, 1.714799], [165, 1.662492], [1790, 1.491915], [1684, 1.348396], [2334, 1.346096]]
CORE_FACTORIAL__TRUE_FALSE__CC__THE_PHRASE__NONE	CORE_FACTORIAL	TRUE_FALSE	CC	THE_PHRASE	the phrase true or false	4	 or	393	0	0	-0.000885	-0.000102	2073	0.489396	[[2762, 1.960255], [744, 1.585883], [1790, 1.429501], [1449, 1.363503], [2973, 1.33961]]
CORE_FACTORIAL__TRUE_FALSE__CC__THE_PHRASE__NONE	CORE_FACTORIAL	TRUE_FALSE	CC	THE_PHRASE	the phrase true or false	5	 false	3991	1	1	3.946009	3.946009	541	0.081242	[[541, 3.946009], [2659, 3.864767], [638, 2.214031], [2317, 2.072315], [430, 1.705557]]
CORE_FACTORIAL__TRUE_FALSE__CA__THE_PHRASE__NONE	CORE_FACTORIAL	TRUE_FALSE	CA	THE_PHRASE	the phrase true or basket	0	<BOS>	50256	0	0	-0.000102	-0.000102	2256	0.796686	[[2256, 2.36087], [1888, 1.564183], [2787, 0.893099], [1450, 0.853876], [1048, 0.848868]]
CORE_FACTORIAL__TRUE_FALSE__CA__THE_PHRASE__NONE	CORE_FACTORIAL	TRUE_FALSE	CA	THE_PHRASE	the phrase true or basket	1	the	1169	0	0	-0.058428	-0.000102	1790	0.119972	[[1790, 2.74375], [1888, 2.623779], [1203, 1.370484], [654, 1.287318], [1504, 1.273196]]
CORE_FACTORIAL__TRUE_FALSE__CA__THE_PHRASE__NONE	CORE_FACTORIAL	TRUE_FALSE	CA	THE_PHRASE	the phrase true or basket	2	 phrase	9546	0	0	-0.055584	-0.000102	2073	0.489396	[[2073, 3.233146], [1026, 1.694937], [2070, 1.648536], [388, 1.556334], [1888, 1.459668]]
CORE_FACTORIAL__TRUE_FALSE__CA__THE_PHRASE__NONE	CORE_FACTORIAL	TRUE_FALSE	CA	THE_PHRASE	the phrase true or basket	3	 true	2081	0	0	-0.017458	-0.000102	2073	0.489396	[[1888, 1.714799], [165, 1.662492], [1790, 1.491915], [1684, 1.348396], [2334, 1.346096]]
CORE_FACTORIAL__TRUE_FALSE__CA__THE_PHRASE__NONE	CORE_FACTORIAL	TRUE_FALSE	CA	THE_PHRASE	the phrase true or basket	4	 or	393	0	0	-0.000885	-0.000102	2073	0.489396	[[2762, 1.960255], [744, 1.585883], [1790, 1.429501], [1449, 1.363503], [2973, 1.33961]]
CORE_FACTORIAL__TRUE_FALSE__CA__THE_PHRASE__NONE	CORE_FACTORIAL	TRUE_FALSE	CA	THE_PHRASE	the phrase true or basket	5	 basket	7988	1	1	-0.066839	-0.000102	2073	0.489396	[[1888, 2.703738], [1790, 2.110471], [638, 1.602134], [642, 1.308655], [2140, 0.968401]]
CORE_FACTORIAL__TRUE_FALSE__AC__THE_PHRASE__NONE	CORE_FACTORIAL	TRUE_FALSE	AC	THE_PHRASE	the phrase candle or false	0	<BOS>	50256	0	0	-0.000102	-0.000102	2256	0.796686	[[2256, 2.36087], [1888, 1.564183], [2787, 0.893099], [1450, 0.853876], [1048, 0.848868]]
CORE_FACTORIAL__TRUE_FALSE__AC__THE_PHRASE__NONE	CORE_FACTORIAL	TRUE_FALSE	AC	THE_PHRASE	the phrase candle or false	1	the	1169	0	0	-0.058428	-0.000102	1790	0.119972	[[1790, 2.74375], [1888, 2.623779], [1203, 1.370484], [654, 1.287318], [1504, 1.273196]]
CORE_FACTORIAL__TRUE_FALSE__AC__THE_PHRASE__NONE	CORE_FACTORIAL	TRUE_FALSE	AC	THE_PHRASE	the phrase candle or false	2	 phrase	9546	0	0	-0.055584	-0.000102	2073	0.489396	[[2073, 3.233146], [1026, 1.694937], [2070, 1.648536], [388, 1.556334], [1888, 1.459668]]
CORE_FACTORIAL__TRUE_FALSE__AC__THE_PHRASE__NONE	CORE_FACTORIAL	TRUE_FALSE	AC	THE_PHRASE	the phrase candle or false	3	 candle	26839	0	0	-0.08504	-0.000102	2073	0.489396	[[1888, 1.947209], [778, 1.754407], [1790, 1.664099], [1901, 1.387471], [1876, 1.363449]]
CORE_FACTORIAL__TRUE_FALSE__AC__THE_PHRASE__NONE	CORE_FACTORIAL	TRUE_FALSE	AC	THE_PHRASE	the phrase candle or false	4	 or	393	0	0	-0.001814	-0.000102	2073	0.489396	[[1790, 1.641842], [744, 1.554371], [2762, 1.390379], [1543, 1.242832], [886, 1.197801]]
CORE_FACTORIAL__TRUE_FALSE__AC__THE_PHRASE__NONE	CORE_FACTORIAL	TRUE_FALSE	AC	THE_PHRASE	the phrase candle or false	5	 false	3991	1	1	-0.092402	-0.000102	2073	0.489396	[[1893, 1.95346], [1790, 1.84822], [1888, 1.781134], [638, 1.486858], [430, 1.44352]]
CORE_FACTORIAL__TRUE_FALSE__AA__THE_PHRASE__NONE	CORE_FACTORIAL	TRUE_FALSE	AA	THE_PHRASE	the phrase candle or basket	0	<BOS>	50256	0	0	-0.000102	-0.000102	2256	0.796686	[[2256, 2.36087], [1888, 1.564183], [2787, 0.893099], [1450, 0.853876], [1048, 0.848868]]
CORE_FACTORIAL__TRUE_FALSE__AA__THE_PHRASE__NONE	CORE_FACTORIAL	TRUE_FALSE	AA	THE_PHRASE	the phrase candle or basket	1	the	1169	0	0	-0.058428	-0.000102	1790	0.119972	[[1790, 2.74375], [1888, 2.623779], [1203, 1.370484], [654, 1.287318], [1504, 1.273196]]
CORE_FACTORIAL__TRUE_FALSE__AA__THE_PHRASE__NONE	CORE_FACTORIAL	TRUE_FALSE	AA	THE_PHRASE	the phrase candle or basket	2	 phrase	9546	0	0	-0.055584	-0.000102	2073	0.489396	[[2073, 3.233146], [1026, 1.694937], [2070, 1.648536], [388, 1.556334], [1888, 1.459668]]
CORE_FACTORIAL__TRUE_FALSE__AA__THE_PHRASE__NONE	CORE_FACTORIAL	TRUE_FALSE	AA	THE_PHRASE	the phrase candle or basket	3	 candle	26839	0	0	-0.08504	-0.000102	2073	0.489396	[[1888, 1.947209], [778, 1.754407], [1790, 1.664099], [1901, 1.387471], [1876, 1.363449]]
CORE_FACTORIAL__TRUE_FALSE__AA__THE_PHRASE__NONE	CORE_FACTORIAL	TRUE_FALSE	AA	THE_PHRASE	the phrase candle or basket	4	 or	393	0	0	-0.001814	-0.000102	2073	0.489396	[[1790, 1.641842], [744, 1.554371], [2762, 1.390379], [1543, 1.242832], [886, 1.197801]]
CORE_FACTORIAL__TRUE_FALSE__AA__THE_PHRASE__NONE	CORE_FACTORIAL	TRUE_FALSE	AA	THE_PHRASE	the phrase candle or basket	5	 basket	7988	1	1	1.180912	1.180912	2073	0.489396	[[2659, 2.252048], [1888, 1.715698], [1790, 1.483546], [638, 1.421622], [1981, 1.222934]]
ENDPOINT_CONTROL__TRUE_FALSE__FULL_FRAME__THE_PHRASE__NONE	ENDPOINT_CONTROL	TRUE_FALSE	FULL_FRAME	THE_PHRASE	the phrase true or false	0	<BOS>	50256	0	0	-0.000102	-0.000102	2256	0.796686	[[2256, 2.36087], [1888, 1.564183], [2787, 0.893099], [1450, 0.853876], [1048, 0.848868]]
ENDPOINT_CONTROL__TRUE_FALSE__FULL_FRAME__THE_PHRASE__NONE	ENDPOINT_CONTROL	TRUE_FALSE	FULL_FRAME	THE_PHRASE	the phrase true or false	1	the	1169	0	0	-0.058428	-0.000102	1790	0.119972	[[1790, 2.74375], [1888, 2.623779], [1203, 1.370484], [654, 1.287318], [1504, 1.273196]]
ENDPOINT_CONTROL__TRUE_FALSE__FULL_FRAME__THE_PHRASE__NONE	ENDPOINT_CONTROL	TRUE_FALSE	FULL_FRAME	THE_PHRASE	the phrase true or false	2	 phrase	9546	0	0	-0.055584	-0.000102	2073	0.489396	[[2073, 3.233146], [1026, 1.694937], [2070, 1.648536], [388, 1.556334], [1888, 1.459668]]
ENDPOINT_CONTROL__TRUE_FALSE__FULL_FRAME__THE_PHRASE__NONE	ENDPOINT_CONTROL	TRUE_FALSE	FULL_FRAME	THE_PHRASE	the phrase true or false	3	 true	2081	0	0	-0.017458	-0.000102	2073	0.489396	[[1888, 1.714799], [165, 1.662492], [1790, 1.491915], [1684, 1.348396], [2334, 1.346096]]
ENDPOINT_CONTROL__TRUE_FALSE__FULL_FRAME__THE_PHRASE__NONE	ENDPOINT_CONTROL	TRUE_FALSE	FULL_FRAME	THE_PHRASE	the phrase true or false	4	 or	393	0	0	-0.000885	-0.000102	2073	0.489396	[[2762, 1.960255], [744, 1.585883], [1790, 1.429501], [1449, 1.363503], [2973, 1.33961]]
ENDPOINT_CONTROL__TRUE_FALSE__FULL_FRAME__THE_PHRASE__NONE	ENDPOINT_CONTROL	TRUE_FALSE	FULL_FRAME	THE_PHRASE	the phrase true or false	5	 false	3991	1	1	3.946009	3.946009	541	0.081242	[[541, 3.946009], [2659, 3.864767], [638, 2.214031], [2317, 2.072315], [430, 1.705557]]
ENDPOINT_CONTROL__TRUE_FALSE__SECOND_ONLY__THE_PHRASE__NONE	ENDPOINT_CONTROL	TRUE_FALSE	SECOND_ONLY	THE_PHRASE	the phrase false	0	<BOS>	50256	0	0	-0.000102	-0.000102	2256	0.796686	[[2256, 2.36087], [1888, 1.564183], [2787, 0.893099], [1450, 0.853876], [1048, 0.848868]]
ENDPOINT_CONTROL__TRUE_FALSE__SECOND_ONLY__THE_PHRASE__NONE	ENDPOINT_CONTROL	TRUE_FALSE	SECOND_ONLY	THE_PHRASE	the phrase false	1	the	1169	0	0	-0.058428	-0.000102	1790	0.119972	[[1790, 2.74375], [1888, 2.623779], [1203, 1.370484], [654, 1.287318], [1504, 1.273196]]
ENDPOINT_CONTROL__TRUE_FALSE__SECOND_ONLY__THE_PHRASE__NONE	ENDPOINT_CONTROL	TRUE_FALSE	SECOND_ONLY	THE_PHRASE	the phrase false	2	 phrase	9546	0	0	-0.055584	-0.000102	2073	0.489396	[[2073, 3.233146], [1026, 1.694937], [2070, 1.648536], [388, 1.556334], [1888, 1.459668]]
ENDPOINT_CONTROL__TRUE_FALSE__SECOND_ONLY__THE_PHRASE__NONE	ENDPOINT_CONTROL	TRUE_FALSE	SECOND_ONLY	THE_PHRASE	the phrase false	3	 false	3991	1	1	-0.062598	-0.000102	2073	0.489396	[[143, 1.568333], [1893, 1.528465], [1888, 1.466574], [1790, 1.441534], [1484, 1.261802]]
ENDPOINT_CONTROL__TRUE_FALSE__CONNECTOR_SECOND__THE_PHRASE__NONE	ENDPOINT_CONTROL	TRUE_FALSE	CONNECTOR_SECOND	THE_PHRASE	the phrase or false	0	<BOS>	50256	0	0	-0.000102	-0.000102	2256	0.796686	[[2256, 2.36087], [1888, 1.564183], [2787, 0.893099], [1450, 0.853876], [1048, 0.848868]]
ENDPOINT_CONTROL__TRUE_FALSE__CONNECTOR_SECOND__THE_PHRASE__NONE	ENDPOINT_CONTROL	TRUE_FALSE	CONNECTOR_SECOND	THE_PHRASE	the phrase or false	1	the	1169	0	0	-0.058428	-0.000102	1790	0.119972	[[1790, 2.74375], [1888, 2.623779], [1203, 1.370484], [654, 1.287318], [1504, 1.273196]]
ENDPOINT_CONTROL__TRUE_FALSE__CONNECTOR_SECOND__THE_PHRASE__NONE	ENDPOINT_CONTROL	TRUE_FALSE	CONNECTOR_SECOND	THE_PHRASE	the phrase or false	2	 phrase	9546	0	0	-0.055584	-0.000102	2073	0.489396	[[2073, 3.233146], [1026, 1.694937], [2070, 1.648536], [388, 1.556334], [1888, 1.459668]]
ENDPOINT_CONTROL__TRUE_FALSE__CONNECTOR_SECOND__THE_PHRASE__NONE	ENDPOINT_CONTROL	TRUE_FALSE	CONNECTOR_SECOND	THE_PHRASE	the phrase or false	3	 or	393	0	0	-0.012258	-0.000102	2073	0.489396	[[2762, 2.400253], [2973, 1.661899], [1149, 1.425997], [2664, 1.409089], [1790, 1.319709]]
ENDPOINT_CONTROL__TRUE_FALSE__CONNECTOR_SECOND__THE_PHRASE__NONE	ENDPOINT_CONTROL	TRUE_FALSE	CONNECTOR_SECOND	THE_PHRASE	the phrase or false	4	 false	3991	1	1	0.084629	0.084629	2073	0.489396	[[638, 1.732097], [1893, 1.67338], [430, 1.573026], [1888, 1.552354], [1484, 1.465294]]
ENDPOINT_CONTROL__TRUE_FALSE__FIRST_SECOND__THE_PHRASE__NONE	ENDPOINT_CONTROL	TRUE_FALSE	FIRST_SECOND	THE_PHRASE	the phrase true false	0	<BOS>	50256	0	0	-0.000102	-0.000102	2256	0.796686	[[2256, 2.36087], [1888, 1.564183], [2787, 0.893099], [1450, 0.853876], [1048, 0.848868]]
ENDPOINT_CONTROL__TRUE_FALSE__FIRST_SECOND__THE_PHRASE__NONE	ENDPOINT_CONTROL	TRUE_FALSE	FIRST_SECOND	THE_PHRASE	the phrase true false	1	the	1169	0	0	-0.058428	-0.000102	1790	0.119972	[[1790, 2.74375], [1888, 2.623779], [1203, 1.370484], [654, 1.287318], [1504, 1.273196]]
ENDPOINT_CONTROL__TRUE_FALSE__FIRST_SECOND__THE_PHRASE__NONE	ENDPOINT_CONTROL	TRUE_FALSE	FIRST_SECOND	THE_PHRASE	the phrase true false	2	 phrase	9546	0	0	-0.055584	-0.000102	2073	0.489396	[[2073, 3.233146], [1026, 1.694937], [2070, 1.648536], [388, 1.556334], [1888, 1.459668]]
ENDPOINT_CONTROL__TRUE_FALSE__FIRST_SECOND__THE_PHRASE__NONE	ENDPOINT_CONTROL	TRUE_FALSE	FIRST_SECOND	THE_PHRASE	the phrase true false	3	 true	2081	0	0	-0.017458	-0.000102	2073	0.489396	[[1888, 1.714799], [165, 1.662492], [1790, 1.491915], [1684, 1.348396], [2334, 1.346096]]
ENDPOINT_CONTROL__TRUE_FALSE__FIRST_SECOND__THE_PHRASE__NONE	ENDPOINT_CONTROL	TRUE_FALSE	FIRST_SECOND	THE_PHRASE	the phrase true false	4	 false	3991	1	1	-0.169703	-0.000102	2073	0.489396	[[143, 1.389806], [1888, 1.361585], [1424, 1.28935], [1893, 1.259153], [1398, 1.253908]]
ENDPOINT_CONTROL__TRUE_FALSE__ARBFIRST_SECOND__THE_PHRASE__NONE	ENDPOINT_CONTROL	TRUE_FALSE	ARBFIRST_SECOND	THE_PHRASE	the phrase candle false	0	<BOS>	50256	0	0	-0.000102	-0.000102	2256	0.796686	[[2256, 2.36087], [1888, 1.564183], [2787, 0.893099], [1450, 0.853876], [1048, 0.848868]]
ENDPOINT_CONTROL__TRUE_FALSE__ARBFIRST_SECOND__THE_PHRASE__NONE	ENDPOINT_CONTROL	TRUE_FALSE	ARBFIRST_SECOND	THE_PHRASE	the phrase candle false	1	the	1169	0	0	-0.058428	-0.000102	1790	0.119972	[[1790, 2.74375], [1888, 2.623779], [1203, 1.370484], [654, 1.287318], [1504, 1.273196]]
ENDPOINT_CONTROL__TRUE_FALSE__ARBFIRST_SECOND__THE_PHRASE__NONE	ENDPOINT_CONTROL	TRUE_FALSE	ARBFIRST_SECOND	THE_PHRASE	the phrase candle false	2	 phrase	9546	0	0	-0.055584	-0.000102	2073	0.489396	[[2073, 3.233146], [1026, 1.694937], [2070, 1.648536], [388, 1.556334], [1888, 1.459668]]
ENDPOINT_CONTROL__TRUE_FALSE__ARBFIRST_SECOND__THE_PHRASE__NONE	ENDPOINT_CONTROL	TRUE_FALSE	ARBFIRST_SECOND	THE_PHRASE	the phrase candle false	3	 candle	26839	0	0	-0.08504	-0.000102	2073	0.489396	[[1888, 1.947209], [778, 1.754407], [1790, 1.664099], [1901, 1.387471], [1876, 1.363449]]
ENDPOINT_CONTROL__TRUE_FALSE__ARBFIRST_SECOND__THE_PHRASE__NONE	ENDPOINT_CONTROL	TRUE_FALSE	ARBFIRST_SECOND	THE_PHRASE	the phrase candle false	4	 false	3991	1	1	-0.107972	-0.000102	2073	0.489396	[[1790, 2.002933], [1893, 1.821515], [1888, 1.438964], [1484, 1.433091], [1684, 1.253627]]
ENDPOINT_CONTROL__TRUE_FALSE__FIRST_REPEAT__THE_PHRASE__NONE	ENDPOINT_CONTROL	TRUE_FALSE	FIRST_REPEAT	THE_PHRASE	the phrase true true	0	<BOS>	50256	0	0	-0.000102	-0.000102	2256	0.796686	[[2256, 2.36087], [1888, 1.564183], [2787, 0.893099], [1450, 0.853876], [1048, 0.848868]]
ENDPOINT_CONTROL__TRUE_FALSE__FIRST_REPEAT__THE_PHRASE__NONE	ENDPOINT_CONTROL	TRUE_FALSE	FIRST_REPEAT	THE_PHRASE	the phrase true true	1	the	1169	0	0	-0.058428	-0.000102	1790	0.119972	[[1790, 2.74375], [1888, 2.623779], [1203, 1.370484], [654, 1.287318], [1504, 1.273196]]
ENDPOINT_CONTROL__TRUE_FALSE__FIRST_REPEAT__THE_PHRASE__NONE	ENDPOINT_CONTROL	TRUE_FALSE	FIRST_REPEAT	THE_PHRASE	the phrase true true	2	 phrase	9546	0	0	-0.055584	-0.000102	2073	0.489396	[[2073, 3.233146], [1026, 1.694937], [2070, 1.648536], [388, 1.556334], [1888, 1.459668]]
ENDPOINT_CONTROL__TRUE_FALSE__FIRST_REPEAT__THE_PHRASE__NONE	ENDPOINT_CONTROL	TRUE_FALSE	FIRST_REPEAT	THE_PHRASE	the phrase true true	3	 true	2081	0	0	-0.017458	-0.000102	2073	0.489396	[[1888, 1.714799], [165, 1.662492], [1790, 1.491915], [1684, 1.348396], [2334, 1.346096]]
ENDPOINT_CONTROL__TRUE_FALSE__FIRST_REPEAT__THE_PHRASE__NONE	ENDPOINT_CONTROL	TRUE_FALSE	FIRST_REPEAT	THE_PHRASE	the phrase true true	4	 true	2081	1	1	-0.167799	-0.000102	2073	0.489396	[[1691, 1.784133], [165, 1.685903], [2566, 1.53687], [2708, 1.210572], [1424, 1.145807]]
ENDPOINT_CONTROL__TRUE_FALSE__REVERSED__THE_PHRASE__NONE	ENDPOINT_CONTROL	TRUE_FALSE	REVERSED	THE_PHRASE	the phrase false or true	0	<BOS>	50256	0	0	-0.000102	-0.000102	2256	0.796686	[[2256, 2.36087], [1888, 1.564183], [2787, 0.893099], [1450, 0.853876], [1048, 0.848868]]
ENDPOINT_CONTROL__TRUE_FALSE__REVERSED__THE_PHRASE__NONE	ENDPOINT_CONTROL	TRUE_FALSE	REVERSED	THE_PHRASE	the phrase false or true	1	the	1169	0	0	-0.058428	-0.000102	1790	0.119972	[[1790, 2.74375], [1888, 2.623779], [1203, 1.370484], [654, 1.287318], [1504, 1.273196]]
ENDPOINT_CONTROL__TRUE_FALSE__REVERSED__THE_PHRASE__NONE	ENDPOINT_CONTROL	TRUE_FALSE	REVERSED	THE_PHRASE	the phrase false or true	2	 phrase	9546	0	0	-0.055584	-0.000102	2073	0.489396	[[2073, 3.233146], [1026, 1.694937], [2070, 1.648536], [388, 1.556334], [1888, 1.459668]]
ENDPOINT_CONTROL__TRUE_FALSE__REVERSED__THE_PHRASE__NONE	ENDPOINT_CONTROL	TRUE_FALSE	REVERSED	THE_PHRASE	the phrase false or true	3	 false	3991	0	0	-0.062598	-0.000102	2073	0.489396	[[143, 1.568333], [1893, 1.528465], [1888, 1.466574], [1790, 1.441534], [1484, 1.261802]]
ENDPOINT_CONTROL__TRUE_FALSE__REVERSED__THE_PHRASE__NONE	ENDPOINT_CONTROL	TRUE_FALSE	REVERSED	THE_PHRASE	the phrase false or true	4	 or	393	0	0	-0.000979	-0.000102	2073	0.489396	[[2762, 2.156522], [1790, 1.827097], [744, 1.73051], [2973, 1.394157], [2750, 1.331248]]
ENDPOINT_CONTROL__TRUE_FALSE__REVERSED__THE_PHRASE__NONE	ENDPOINT_CONTROL	TRUE_FALSE	REVERSED	THE_PHRASE	the phrase false or true	5	 true	2081	1	1	2.682254	2.682254	2073	0.003119	[[2659, 3.230027], [541, 2.682254], [638, 2.328304], [2317, 1.836532], [348, 1.58793]]
CORE_FACTORIAL__TRUE_FALSE__CC__THEY_SAID__NONE	CORE_FACTORIAL	TRUE_FALSE	CC	THEY_SAID	they said true or false	0	<BOS>	50256	0	0	-0.000102	-0.000102	2256	0.796686	[[2256, 2.36087], [1888, 1.564183], [2787, 0.893099], [1450, 0.853876], [1048, 0.848868]]
CORE_FACTORIAL__TRUE_FALSE__CC__THEY_SAID__NONE	CORE_FACTORIAL	TRUE_FALSE	CC	THEY_SAID	they said true or false	1	they	9930	0	0	-0.133193	-0.000102	2256	0.053377	[[1790, 2.307492], [1888, 2.21476], [234, 1.470804], [1169, 1.294994], [654, 1.246823]]
CORE_FACTORIAL__TRUE_FALSE__CC__THEY_SAID__NONE	CORE_FACTORIAL	TRUE_FALSE	CC	THEY_SAID	they said true or false	2	 said	531	0	0	-0.038379	-0.000102	2256	0.053377	[[2982, 1.845008], [932, 1.550615], [521, 1.429855], [38, 1.363183], [654, 1.281732]]
CORE_FACTORIAL__TRUE_FALSE__CC__THEY_SAID__NONE	CORE_FACTORIAL	TRUE_FALSE	CC	THEY_SAID	they said true or false	3	 true	2081	0	0	-0.052544	-0.000102	2256	0.053377	[[1684, 1.835444], [1418, 1.818565], [1888, 1.733572], [1306, 1.517975], [1790, 1.490875]]
CORE_FACTORIAL__TRUE_FALSE__CC__THEY_SAID__NONE	CORE_FACTORIAL	TRUE_FALSE	CC	THEY_SAID	they said true or false	4	 or	393	0	0	-0.001182	-0.000102	2256	0.053377	[[166, 1.596539], [2505, 1.555311], [1888, 1.397121], [2973, 1.329637], [2821, 1.214184]]
CORE_FACTORIAL__TRUE_FALSE__CC__THEY_SAID__NONE	CORE_FACTORIAL	TRUE_FALSE	CC	THEY_SAID	they said true or false	5	 false	3991	1	1	3.831129	3.831129	2659	0.231592	[[2659, 4.062721], [541, 3.831129], [638, 2.531954], [2317, 2.434167], [430, 1.64244]]
CORE_FACTORIAL__TRUE_FALSE__CA__THEY_SAID__NONE	CORE_FACTORIAL	TRUE_FALSE	CA	THEY_SAID	they said true or basket	0	<BOS>	50256	0	0	-0.000102	-0.000102	2256	0.796686	[[2256, 2.36087], [1888, 1.564183], [2787, 0.893099], [1450, 0.853876], [1048, 0.848868]]
CORE_FACTORIAL__TRUE_FALSE__CA__THEY_SAID__NONE	CORE_FACTORIAL	TRUE_FALSE	CA	THEY_SAID	they said true or basket	1	they	9930	0	0	-0.133193	-0.000102	2256	0.053377	[[1790, 2.307492], [1888, 2.21476], [234, 1.470804], [1169, 1.294994], [654, 1.246823]]
CORE_FACTORIAL__TRUE_FALSE__CA__THEY_SAID__NONE	CORE_FACTORIAL	TRUE_FALSE	CA	THEY_SAID	they said true or basket	2	 said	531	0	0	-0.038379	-0.000102	2256	0.053377	[[2982, 1.845008], [932, 1.550615], [521, 1.429855], [38, 1.363183], [654, 1.281732]]
CORE_FACTORIAL__TRUE_FALSE__CA__THEY_SAID__NONE	CORE_FACTORIAL	TRUE_FALSE	CA	THEY_SAID	they said true or basket	3	 true	2081	0	0	-0.052544	-0.000102	2256	0.053377	[[1684, 1.835444], [1418, 1.818565], [1888, 1.733572], [1306, 1.517975], [1790, 1.490875]]
CORE_FACTORIAL__TRUE_FALSE__CA__THEY_SAID__NONE	CORE_FACTORIAL	TRUE_FALSE	CA	THEY_SAID	they said true or basket	4	 or	393	0	0	-0.001182	-0.000102	2256	0.053377	[[166, 1.596539], [2505, 1.555311], [1888, 1.397121], [2973, 1.329637], [2821, 1.214184]]
CORE_FACTORIAL__TRUE_FALSE__CA__THEY_SAID__NONE	CORE_FACTORIAL	TRUE_FALSE	CA	THEY_SAID	they said true or basket	5	 basket	7988	1	1	-0.140469	-0.000102	1888	0.626069	[[1888, 2.986939], [1790, 2.139694], [638, 1.471534], [642, 1.377141], [654, 1.205273]]
CORE_FACTORIAL__TRUE_FALSE__AC__THEY_SAID__NONE	CORE_FACTORIAL	TRUE_FALSE	AC	THEY_SAID	they said candle or false	0	<BOS>	50256	0	0	-0.000102	-0.000102	2256	0.796686	[[2256, 2.36087], [1888, 1.564183], [2787, 0.893099], [1450, 0.853876], [1048, 0.848868]]
CORE_FACTORIAL__TRUE_FALSE__AC__THEY_SAID__NONE	CORE_FACTORIAL	TRUE_FALSE	AC	THEY_SAID	they said candle or false	1	they	9930	0	0	-0.133193	-0.000102	2256	0.053377	[[1790, 2.307492], [1888, 2.21476], [234, 1.470804], [1169, 1.294994], [654, 1.246823]]
CORE_FACTORIAL__TRUE_FALSE__AC__THEY_SAID__NONE	CORE_FACTORIAL	TRUE_FALSE	AC	THEY_SAID	they said candle or false	2	 said	531	0	0	-0.038379	-0.000102	2256	0.053377	[[2982, 1.845008], [932, 1.550615], [521, 1.429855], [38, 1.363183], [654, 1.281732]]
CORE_FACTORIAL__TRUE_FALSE__AC__THEY_SAID__NONE	CORE_FACTORIAL	TRUE_FALSE	AC	THEY_SAID	they said candle or false	3	 candle	26839	0	0	-0.077955	-0.000102	1888	0.083648	[[1888, 2.444518], [1790, 1.97497], [1534, 1.27608], [1901, 1.24216], [1876, 1.223901]]
CORE_FACTORIAL__TRUE_FALSE__AC__THEY_SAID__NONE	CORE_FACTORIAL	TRUE_FALSE	AC	THEY_SAID	they said candle or false	4	 or	393	0	0	-0.00055	-0.000102	1888	0.083648	[[1790, 1.697291], [166, 1.599496], [654, 1.417106], [1888, 1.270237], [1543, 1.151387]]
CORE_FACTORIAL__TRUE_FALSE__AC__THEY_SAID__NONE	CORE_FACTORIAL	TRUE_FALSE	AC	THEY_SAID	they said candle or false	5	 false	3991	1	1	-0.042435	-0.000102	1888	0.083648	[[1888, 1.872543], [638, 1.800238], [1684, 1.784879], [1790, 1.585891], [1893, 1.517705]]
CORE_FACTORIAL__TRUE_FALSE__AA__THEY_SAID__NONE	CORE_FACTORIAL	TRUE_FALSE	AA	THEY_SAID	they said candle or basket	0	<BOS>	50256	0	0	-0.000102	-0.000102	2256	0.796686	[[2256, 2.36087], [1888, 1.564183], [2787, 0.893099], [1450, 0.853876], [1048, 0.848868]]
CORE_FACTORIAL__TRUE_FALSE__AA__THEY_SAID__NONE	CORE_FACTORIAL	TRUE_FALSE	AA	THEY_SAID	they said candle or basket	1	they	9930	0	0	-0.133193	-0.000102	2256	0.053377	[[1790, 2.307492], [1888, 2.21476], [234, 1.470804], [1169, 1.294994], [654, 1.246823]]
CORE_FACTORIAL__TRUE_FALSE__AA__THEY_SAID__NONE	CORE_FACTORIAL	TRUE_FALSE	AA	THEY_SAID	they said candle or basket	2	 said	531	0	0	-0.038379	-0.000102	2256	0.053377	[[2982, 1.845008], [932, 1.550615], [521, 1.429855], [38, 1.363183], [654, 1.281732]]
CORE_FACTORIAL__TRUE_FALSE__AA__THEY_SAID__NONE	CORE_FACTORIAL	TRUE_FALSE	AA	THEY_SAID	they said candle or basket	3	 candle	26839	0	0	-0.077955	-0.000102	1888	0.083648	[[1888, 2.444518], [1790, 1.97497], [1534, 1.27608], [1901, 1.24216], [1876, 1.223901]]
CORE_FACTORIAL__TRUE_FALSE__AA__THEY_SAID__NONE	CORE_FACTORIAL	TRUE_FALSE	AA	THEY_SAID	they said candle or basket	4	 or	393	0	0	-0.00055	-0.000102	1888	0.083648	[[1790, 1.697291], [166, 1.599496], [654, 1.417106], [1888, 1.270237], [1543, 1.151387]]
CORE_FACTORIAL__TRUE_FALSE__AA__THEY_SAID__NONE	CORE_FACTORIAL	TRUE_FALSE	AA	THEY_SAID	they said candle or basket	5	 basket	7988	1	1	1.416549	1.416549	2659	0.042704	[[2659, 2.487222], [1888, 1.899681], [638, 1.745074], [2317, 1.539559], [1790, 1.512324]]
ENDPOINT_CONTROL__TRUE_FALSE__FULL_FRAME__THEY_SAID__NONE	ENDPOINT_CONTROL	TRUE_FALSE	FULL_FRAME	THEY_SAID	they said true or false	0	<BOS>	50256	0	0	-0.000102	-0.000102	2256	0.796686	[[2256, 2.36087], [1888, 1.564183], [2787, 0.893099], [1450, 0.853876], [1048, 0.848868]]
ENDPOINT_CONTROL__TRUE_FALSE__FULL_FRAME__THEY_SAID__NONE	ENDPOINT_CONTROL	TRUE_FALSE	FULL_FRAME	THEY_SAID	they said true or false	1	they	9930	0	0	-0.133193	-0.000102	2256	0.053377	[[1790, 2.307492], [1888, 2.21476], [234, 1.470804], [1169, 1.294994], [654, 1.246823]]
ENDPOINT_CONTROL__TRUE_FALSE__FULL_FRAME__THEY_SAID__NONE	ENDPOINT_CONTROL	TRUE_FALSE	FULL_FRAME	THEY_SAID	they said true or false	2	 said	531	0	0	-0.038379	-0.000102	2256	0.053377	[[2982, 1.845008], [932, 1.550615], [521, 1.429855], [38, 1.363183], [654, 1.281732]]
ENDPOINT_CONTROL__TRUE_FALSE__FULL_FRAME__THEY_SAID__NONE	ENDPOINT_CONTROL	TRUE_FALSE	FULL_FRAME	THEY_SAID	they said true or false	3	 true	2081	0	0	-0.052544	-0.000102	2256	0.053377	[[1684, 1.835444], [1418, 1.818565], [1888, 1.733572], [1306, 1.517975], [1790, 1.490875]]
ENDPOINT_CONTROL__TRUE_FALSE__FULL_FRAME__THEY_SAID__NONE	ENDPOINT_CONTROL	TRUE_FALSE	FULL_FRAME	THEY_SAID	they said true or false	4	 or	393	0	0	-0.001182	-0.000102	2256	0.053377	[[166, 1.596539], [2505, 1.555311], [1888, 1.397121], [2973, 1.329637], [2821, 1.214184]]
ENDPOINT_CONTROL__TRUE_FALSE__FULL_FRAME__THEY_SAID__NONE	ENDPOINT_CONTROL	TRUE_FALSE	FULL_FRAME	THEY_SAID	they said true or false	5	 false	3991	1	1	3.831129	3.831129	2659	0.231592	[[2659, 4.062721], [541, 3.831129], [638, 2.531954], [2317, 2.434167], [430, 1.64244]]
ENDPOINT_CONTROL__TRUE_FALSE__SECOND_ONLY__THEY_SAID__NONE	ENDPOINT_CONTROL	TRUE_FALSE	SECOND_ONLY	THEY_SAID	they said false	0	<BOS>	50256	0	0	-0.000102	-0.000102	2256	0.796686	[[2256, 2.36087], [1888, 1.564183], [2787, 0.893099], [1450, 0.853876], [1048, 0.848868]]
ENDPOINT_CONTROL__TRUE_FALSE__SECOND_ONLY__THEY_SAID__NONE	ENDPOINT_CONTROL	TRUE_FALSE	SECOND_ONLY	THEY_SAID	they said false	1	they	9930	0	0	-0.133193	-0.000102	2256	0.053377	[[1790, 2.307492], [1888, 2.21476], [234, 1.470804], [1169, 1.294994], [654, 1.246823]]
ENDPOINT_CONTROL__TRUE_FALSE__SECOND_ONLY__THEY_SAID__NONE	ENDPOINT_CONTROL	TRUE_FALSE	SECOND_ONLY	THEY_SAID	they said false	2	 said	531	0	0	-0.038379	-0.000102	2256	0.053377	[[2982, 1.845008], [932, 1.550615], [521, 1.429855], [38, 1.363183], [654, 1.281732]]
ENDPOINT_CONTROL__TRUE_FALSE__SECOND_ONLY__THEY_SAID__NONE	ENDPOINT_CONTROL	TRUE_FALSE	SECOND_ONLY	THEY_SAID	they said false	3	 false	3991	1	1	-0.068611	-0.000102	2256	0.053377	[[1512, 1.83315], [143, 1.714853], [2400, 1.536343], [1888, 1.488783], [1893, 1.444156]]
ENDPOINT_CONTROL__TRUE_FALSE__CONNECTOR_SECOND__THEY_SAID__NONE	ENDPOINT_CONTROL	TRUE_FALSE	CONNECTOR_SECOND	THEY_SAID	they said or false	0	<BOS>	50256	0	0	-0.000102	-0.000102	2256	0.796686	[[2256, 2.36087], [1888, 1.564183], [2787, 0.893099], [1450, 0.853876], [1048, 0.848868]]
ENDPOINT_CONTROL__TRUE_FALSE__CONNECTOR_SECOND__THEY_SAID__NONE	ENDPOINT_CONTROL	TRUE_FALSE	CONNECTOR_SECOND	THEY_SAID	they said or false	1	they	9930	0	0	-0.133193	-0.000102	2256	0.053377	[[1790, 2.307492], [1888, 2.21476], [234, 1.470804], [1169, 1.294994], [654, 1.246823]]
ENDPOINT_CONTROL__TRUE_FALSE__CONNECTOR_SECOND__THEY_SAID__NONE	ENDPOINT_CONTROL	TRUE_FALSE	CONNECTOR_SECOND	THEY_SAID	they said or false	2	 said	531	0	0	-0.038379	-0.000102	2256	0.053377	[[2982, 1.845008], [932, 1.550615], [521, 1.429855], [38, 1.363183], [654, 1.281732]]
ENDPOINT_CONTROL__TRUE_FALSE__CONNECTOR_SECOND__THEY_SAID__NONE	ENDPOINT_CONTROL	TRUE_FALSE	CONNECTOR_SECOND	THEY_SAID	they said or false	3	 or	393	0	0	-0.001726	-0.000102	2256	0.053377	[[712, 2.112399], [1953, 1.833376], [2973, 1.777519], [2007, 1.755696], [1457, 1.473779]]
ENDPOINT_CONTROL__TRUE_FALSE__CONNECTOR_SECOND__THEY_SAID__NONE	ENDPOINT_CONTROL	TRUE_FALSE	CONNECTOR_SECOND	THEY_SAID	they said or false	4	 false	3991	1	1	0.213709	0.213709	2256	0.053377	[[2659, 2.011026], [638, 2.007343], [1888, 1.793587], [1512, 1.549979], [430, 1.489482]]
ENDPOINT_CONTROL__TRUE_FALSE__FIRST_SECOND__THEY_SAID__NONE	ENDPOINT_CONTROL	TRUE_FALSE	FIRST_SECOND	THEY_SAID	they said true false	0	<BOS>	50256	0	0	-0.000102	-0.000102	2256	0.796686	[[2256, 2.36087], [1888, 1.564183], [2787, 0.893099], [1450, 0.853876], [1048, 0.848868]]
ENDPOINT_CONTROL__TRUE_FALSE__FIRST_SECOND__THEY_SAID__NONE	ENDPOINT_CONTROL	TRUE_FALSE	FIRST_SECOND	THEY_SAID	they said true false	1	they	9930	0	0	-0.133193	-0.000102	2256	0.053377	[[1790, 2.307492], [1888, 2.21476], [234, 1.470804], [1169, 1.294994], [654, 1.246823]]
ENDPOINT_CONTROL__TRUE_FALSE__FIRST_SECOND__THEY_SAID__NONE	ENDPOINT_CONTROL	TRUE_FALSE	FIRST_SECOND	THEY_SAID	they said true false	2	 said	531	0	0	-0.038379	-0.000102	2256	0.053377	[[2982, 1.845008], [932, 1.550615], [521, 1.429855], [38, 1.363183], [654, 1.281732]]
ENDPOINT_CONTROL__TRUE_FALSE__FIRST_SECOND__THEY_SAID__NONE	ENDPOINT_CONTROL	TRUE_FALSE	FIRST_SECOND	THEY_SAID	they said true false	3	 true	2081	0	0	-0.052544	-0.000102	2256	0.053377	[[1684, 1.835444], [1418, 1.818565], [1888, 1.733572], [1306, 1.517975], [1790, 1.490875]]
ENDPOINT_CONTROL__TRUE_FALSE__FIRST_SECOND__THEY_SAID__NONE	ENDPOINT_CONTROL	TRUE_FALSE	FIRST_SECOND	THEY_SAID	they said true false	4	 false	3991	1	1	-0.148874	-0.000102	2256	0.053377	[[1888, 1.563964], [143, 1.481852], [2400, 1.425478], [423, 1.408624], [1398, 1.339324]]
ENDPOINT_CONTROL__TRUE_FALSE__ARBFIRST_SECOND__THEY_SAID__NONE	ENDPOINT_CONTROL	TRUE_FALSE	ARBFIRST_SECOND	THEY_SAID	they said candle false	0	<BOS>	50256	0	0	-0.000102	-0.000102	2256	0.796686	[[2256, 2.36087], [1888, 1.564183], [2787, 0.893099], [1450, 0.853876], [1048, 0.848868]]
ENDPOINT_CONTROL__TRUE_FALSE__ARBFIRST_SECOND__THEY_SAID__NONE	ENDPOINT_CONTROL	TRUE_FALSE	ARBFIRST_SECOND	THEY_SAID	they said candle false	1	they	9930	0	0	-0.133193	-0.000102	2256	0.053377	[[1790, 2.307492], [1888, 2.21476], [234, 1.470804], [1169, 1.294994], [654, 1.246823]]
ENDPOINT_CONTROL__TRUE_FALSE__ARBFIRST_SECOND__THEY_SAID__NONE	ENDPOINT_CONTROL	TRUE_FALSE	ARBFIRST_SECOND	THEY_SAID	they said candle false	2	 said	531	0	0	-0.038379	-0.000102	2256	0.053377	[[2982, 1.845008], [932, 1.550615], [521, 1.429855], [38, 1.363183], [654, 1.281732]]
ENDPOINT_CONTROL__TRUE_FALSE__ARBFIRST_SECOND__THEY_SAID__NONE	ENDPOINT_CONTROL	TRUE_FALSE	ARBFIRST_SECOND	THEY_SAID	they said candle false	3	 candle	26839	0	0	-0.077955	-0.000102	1888	0.083648	[[1888, 2.444518], [1790, 1.97497], [1534, 1.27608], [1901, 1.24216], [1876, 1.223901]]
ENDPOINT_CONTROL__TRUE_FALSE__ARBFIRST_SECOND__THEY_SAID__NONE	ENDPOINT_CONTROL	TRUE_FALSE	ARBFIRST_SECOND	THEY_SAID	they said candle false	4	 false	3991	1	1	-0.046495	-0.000102	1888	0.083648	[[1790, 2.035244], [1888, 1.58255], [1684, 1.501362], [1893, 1.394256], [2201, 1.285597]]
ENDPOINT_CONTROL__TRUE_FALSE__FIRST_REPEAT__THEY_SAID__NONE	ENDPOINT_CONTROL	TRUE_FALSE	FIRST_REPEAT	THEY_SAID	they said true true	0	<BOS>	50256	0	0	-0.000102	-0.000102	2256	0.796686	[[2256, 2.36087], [1888, 1.564183], [2787, 0.893099], [1450, 0.853876], [1048, 0.848868]]
ENDPOINT_CONTROL__TRUE_FALSE__FIRST_REPEAT__THEY_SAID__NONE	ENDPOINT_CONTROL	TRUE_FALSE	FIRST_REPEAT	THEY_SAID	they said true true	1	they	9930	0	0	-0.133193	-0.000102	2256	0.053377	[[1790, 2.307492], [1888, 2.21476], [234, 1.470804], [1169, 1.294994], [654, 1.246823]]
ENDPOINT_CONTROL__TRUE_FALSE__FIRST_REPEAT__THEY_SAID__NONE	ENDPOINT_CONTROL	TRUE_FALSE	FIRST_REPEAT	THEY_SAID	they said true true	2	 said	531	0	0	-0.038379	-0.000102	2256	0.053377	[[2982, 1.845008], [932, 1.550615], [521, 1.429855], [38, 1.363183], [654, 1.281732]]
ENDPOINT_CONTROL__TRUE_FALSE__FIRST_REPEAT__THEY_SAID__NONE	ENDPOINT_CONTROL	TRUE_FALSE	FIRST_REPEAT	THEY_SAID	they said true true	3	 true	2081	0	0	-0.052544	-0.000102	2256	0.053377	[[1684, 1.835444], [1418, 1.818565], [1888, 1.733572], [1306, 1.517975], [1790, 1.490875]]
ENDPOINT_CONTROL__TRUE_FALSE__FIRST_REPEAT__THEY_SAID__NONE	ENDPOINT_CONTROL	TRUE_FALSE	FIRST_REPEAT	THEY_SAID	they said true true	4	 true	2081	1	1	-0.168553	-0.000102	1691	0.384261	[[1691, 2.745131], [589, 1.907897], [99, 1.880416], [2566, 1.805317], [1738, 1.804634]]
ENDPOINT_CONTROL__TRUE_FALSE__REVERSED__THEY_SAID__NONE	ENDPOINT_CONTROL	TRUE_FALSE	REVERSED	THEY_SAID	they said false or true	0	<BOS>	50256	0	0	-0.000102	-0.000102	2256	0.796686	[[2256, 2.36087], [1888, 1.564183], [2787, 0.893099], [1450, 0.853876], [1048, 0.848868]]
ENDPOINT_CONTROL__TRUE_FALSE__REVERSED__THEY_SAID__NONE	ENDPOINT_CONTROL	TRUE_FALSE	REVERSED	THEY_SAID	they said false or true	1	they	9930	0	0	-0.133193	-0.000102	2256	0.053377	[[1790, 2.307492], [1888, 2.21476], [234, 1.470804], [1169, 1.294994], [654, 1.246823]]
ENDPOINT_CONTROL__TRUE_FALSE__REVERSED__THEY_SAID__NONE	ENDPOINT_CONTROL	TRUE_FALSE	REVERSED	THEY_SAID	they said false or true	2	 said	531	0	0	-0.038379	-0.000102	2256	0.053377	[[2982, 1.845008], [932, 1.550615], [521, 1.429855], [38, 1.363183], [654, 1.281732]]
ENDPOINT_CONTROL__TRUE_FALSE__REVERSED__THEY_SAID__NONE	ENDPOINT_CONTROL	TRUE_FALSE	REVERSED	THEY_SAID	they said false or true	3	 false	3991	0	0	-0.068611	-0.000102	2256	0.053377	[[1512, 1.83315], [143, 1.714853], [2400, 1.536343], [1888, 1.488783], [1893, 1.444156]]
ENDPOINT_CONTROL__TRUE_FALSE__REVERSED__THEY_SAID__NONE	ENDPOINT_CONTROL	TRUE_FALSE	REVERSED	THEY_SAID	they said false or true	4	 or	393	0	0	-0.000494	-0.000102	2256	0.053377	[[1054, 1.814147], [2973, 1.723338], [1790, 1.592106], [654, 1.464586], [1655, 1.410618]]
ENDPOINT_CONTROL__TRUE_FALSE__REVERSED__THEY_SAID__NONE	ENDPOINT_CONTROL	TRUE_FALSE	REVERSED	THEY_SAID	they said false or true	5	 true	2081	1	1	2.55323	2.55323	2659	1.008997	[[2659, 3.562227], [541, 2.55323], [638, 2.413379], [2317, 2.243051], [430, 1.566028]]
CORE_FACTORIAL__EAST_WEST__CC__BARE__NONE	CORE_FACTORIAL	EAST_WEST	CC	BARE	east and west	0	<BOS>	50256	0	0	-0.000102	-0.000102	2256	0.796686	[[2256, 2.36087], [1888, 1.564183], [2787, 0.893099], [1450, 0.853876], [1048, 0.848868]]
CORE_FACTORIAL__EAST_WEST__CC__BARE__NONE	CORE_FACTORIAL	EAST_WEST	CC	BARE	east and west	1	east	23316	0	0	-0.030302	-0.000102	1888	0.365817	[[1888, 2.726687], [1790, 2.16249], [281, 1.356459], [234, 1.124034], [654, 1.049108]]
CORE_FACTORIAL__EAST_WEST__CC__BARE__NONE	CORE_FACTORIAL	EAST_WEST	CC	BARE	east and west	2	 and	290	0	0	-0.014109	-0.000102	1888	0.365817	[[1790, 1.737459], [1888, 1.481552], [194, 1.207781], [2849, 1.17978], [1203, 1.173814]]
CORE_FACTORIAL__EAST_WEST__CC__BARE__NONE	CORE_FACTORIAL	EAST_WEST	CC	BARE	east and west	3	 west	7421	1	1	4.337459	4.337459	541	0.285633	[[541, 4.337459], [2659, 4.051826], [2317, 2.290591], [638, 2.282556], [2882, 2.050947]]
CORE_FACTORIAL__EAST_WEST__CA__BARE__NONE	CORE_FACTORIAL	EAST_WEST	CA	BARE	east and pencil	0	<BOS>	50256	0	0	-0.000102	-0.000102	2256	0.796686	[[2256, 2.36087], [1888, 1.564183], [2787, 0.893099], [1450, 0.853876], [1048, 0.848868]]
CORE_FACTORIAL__EAST_WEST__CA__BARE__NONE	CORE_FACTORIAL	EAST_WEST	CA	BARE	east and pencil	1	east	23316	0	0	-0.030302	-0.000102	1888	0.365817	[[1888, 2.726687], [1790, 2.16249], [281, 1.356459], [234, 1.124034], [654, 1.049108]]
CORE_FACTORIAL__EAST_WEST__CA__BARE__NONE	CORE_FACTORIAL	EAST_WEST	CA	BARE	east and pencil	2	 and	290	0	0	-0.014109	-0.000102	1888	0.365817	[[1790, 1.737459], [1888, 1.481552], [194, 1.207781], [2849, 1.17978], [1203, 1.173814]]
CORE_FACTORIAL__EAST_WEST__CA__BARE__NONE	CORE_FACTORIAL	EAST_WEST	CA	BARE	east and pencil	3	 pencil	21613	1	1	-0.135243	-0.000102	1888	0.820349	[[1888, 3.181219], [1790, 2.333346], [2330, 2.081196], [638, 1.705142], [847, 1.492569]]
CORE_FACTORIAL__EAST_WEST__AC__BARE__NONE	CORE_FACTORIAL	EAST_WEST	AC	BARE	pocket and west	0	<BOS>	50256	0	0	-0.000102	-0.000102	2256	0.796686	[[2256, 2.36087], [1888, 1.564183], [2787, 0.893099], [1450, 0.853876], [1048, 0.848868]]
CORE_FACTORIAL__EAST_WEST__AC__BARE__NONE	CORE_FACTORIAL	EAST_WEST	AC	BARE	pocket and west	1	pocket	31991	0	0	-0.053415	-0.000102	1888	0.362149	[[1888, 3.030147], [1790, 2.667999], [1998, 1.609454], [2247, 1.505386], [283, 1.503364]]
CORE_FACTORIAL__EAST_WEST__AC__BARE__NONE	CORE_FACTORIAL	EAST_WEST	AC	BARE	pocket and west	2	 and	290	0	0	-0.029799	-0.000102	1888	0.362149	[[1790, 1.943308], [1888, 1.607753], [1203, 1.370119], [2753, 1.121629], [194, 1.054651]]
CORE_FACTORIAL__EAST_WEST__AC__BARE__NONE	CORE_FACTORIAL	EAST_WEST	AC	BARE	pocket and west	3	 west	7421	1	1	-0.164927	-0.000102	1888	0.362149	[[1888, 2.187551], [1790, 2.083417], [638, 1.791473], [847, 1.373701], [2251, 1.365824]]
CORE_FACTORIAL__EAST_WEST__AA__BARE__NONE	CORE_FACTORIAL	EAST_WEST	AA	BARE	pocket and pencil	0	<BOS>	50256	0	0	-0.000102	-0.000102	2256	0.796686	[[2256, 2.36087], [1888, 1.564183], [2787, 0.893099], [1450, 0.853876], [1048, 0.848868]]
CORE_FACTORIAL__EAST_WEST__AA__BARE__NONE	CORE_FACTORIAL	EAST_WEST	AA	BARE	pocket and pencil	1	pocket	31991	0	0	-0.053415	-0.000102	1888	0.362149	[[1888, 3.030147], [1790, 2.667999], [1998, 1.609454], [2247, 1.505386], [283, 1.503364]]
CORE_FACTORIAL__EAST_WEST__AA__BARE__NONE	CORE_FACTORIAL	EAST_WEST	AA	BARE	pocket and pencil	2	 and	290	0	0	-0.029799	-0.000102	1888	0.362149	[[1790, 1.943308], [1888, 1.607753], [1203, 1.370119], [2753, 1.121629], [194, 1.054651]]
CORE_FACTORIAL__EAST_WEST__AA__BARE__NONE	CORE_FACTORIAL	EAST_WEST	AA	BARE	pocket and pencil	3	 pencil	21613	1	1	1.173551	1.173551	1888	0.109056	[[2659, 2.921092], [1888, 2.538694], [638, 2.253558], [2330, 1.989928], [2317, 1.706511]]
ENDPOINT_CONTROL__EAST_WEST__FULL_FRAME__BARE__NONE	ENDPOINT_CONTROL	EAST_WEST	FULL_FRAME	BARE	east and west	0	<BOS>	50256	0	0	-0.000102	-0.000102	2256	0.796686	[[2256, 2.36087], [1888, 1.564183], [2787, 0.893099], [1450, 0.853876], [1048, 0.848868]]
ENDPOINT_CONTROL__EAST_WEST__FULL_FRAME__BARE__NONE	ENDPOINT_CONTROL	EAST_WEST	FULL_FRAME	BARE	east and west	1	east	23316	0	0	-0.030302	-0.000102	1888	0.365817	[[1888, 2.726687], [1790, 2.16249], [281, 1.356459], [234, 1.124034], [654, 1.049108]]
ENDPOINT_CONTROL__EAST_WEST__FULL_FRAME__BARE__NONE	ENDPOINT_CONTROL	EAST_WEST	FULL_FRAME	BARE	east and west	2	 and	290	0	0	-0.014109	-0.000102	1888	0.365817	[[1790, 1.737459], [1888, 1.481552], [194, 1.207781], [2849, 1.17978], [1203, 1.173814]]
ENDPOINT_CONTROL__EAST_WEST__FULL_FRAME__BARE__NONE	ENDPOINT_CONTROL	EAST_WEST	FULL_FRAME	BARE	east and west	3	 west	7421	1	1	4.337459	4.337459	541	0.285633	[[541, 4.337459], [2659, 4.051826], [2317, 2.290591], [638, 2.282556], [2882, 2.050947]]
ENDPOINT_CONTROL__EAST_WEST__SECOND_ONLY__BARE__NONE	ENDPOINT_CONTROL	EAST_WEST	SECOND_ONLY	BARE	west	0	<BOS>	50256	0	0	-0.000102	-0.000102	2256	0.796687	[[2256, 2.36087], [1888, 1.564183], [2787, 0.893099], [1450, 0.853876], [1048, 0.848868]]
ENDPOINT_CONTROL__EAST_WEST__SECOND_ONLY__BARE__NONE	ENDPOINT_CONTROL	EAST_WEST	SECOND_ONLY	BARE	west	1	west	7038	1	1	-0.057613	-0.000102	1888	0.447661	[[1888, 2.892102], [1790, 2.444441], [281, 1.532594], [2887, 1.352661], [234, 1.294129]]
ENDPOINT_CONTROL__EAST_WEST__CONNECTOR_SECOND__BARE__NONE	ENDPOINT_CONTROL	EAST_WEST	CONNECTOR_SECOND	BARE	and west	0	<BOS>	50256	0	0	-0.000102	-0.000102	2256	0.796687	[[2256, 2.36087], [1888, 1.564183], [2787, 0.893099], [1450, 0.853876], [1048, 0.848868]]
ENDPOINT_CONTROL__EAST_WEST__CONNECTOR_SECOND__BARE__NONE	ENDPOINT_CONTROL	EAST_WEST	CONNECTOR_SECOND	BARE	and west	1	and	392	0	0	-0.026548	-0.000102	1790	0.124514	[[1790, 2.485384], [1888, 2.332438], [654, 1.618219], [2588, 1.395812], [1998, 1.300743]]
ENDPOINT_CONTROL__EAST_WEST__CONNECTOR_SECOND__BARE__NONE	ENDPOINT_CONTROL	EAST_WEST	CONNECTOR_SECOND	BARE	and west	2	 west	7421	1	1	-0.169688	-0.000102	1790	0.124514	[[1790, 2.172894], [1888, 2.040838], [281, 1.601172], [2887, 1.293414], [234, 1.28367]]
ENDPOINT_CONTROL__EAST_WEST__FIRST_SECOND__BARE__NONE	ENDPOINT_CONTROL	EAST_WEST	FIRST_SECOND	BARE	east west	0	<BOS>	50256	0	0	-0.000102	-0.000102	2256	0.796687	[[2256, 2.36087], [1888, 1.564183], [2787, 0.893099], [1450, 0.853876], [1048, 0.848868]]
ENDPOINT_CONTROL__EAST_WEST__FIRST_SECOND__BARE__NONE	ENDPOINT_CONTROL	EAST_WEST	FIRST_SECOND	BARE	east west	1	east	23316	0	0	-0.030302	-0.000102	1888	0.365817	[[1888, 2.726687], [1790, 2.162491], [281, 1.356459], [234, 1.124035], [654, 1.049108]]
ENDPOINT_CONTROL__EAST_WEST__FIRST_SECOND__BARE__NONE	ENDPOINT_CONTROL	EAST_WEST	FIRST_SECOND	BARE	east west	2	 west	7421	1	1	0.074679	0.074679	1888	0.365817	[[281, 1.970523], [2566, 1.731753], [2542, 1.693929], [1691, 1.550751], [1169, 1.517385]]
ENDPOINT_CONTROL__EAST_WEST__ARBFIRST_SECOND__BARE__NONE	ENDPOINT_CONTROL	EAST_WEST	ARBFIRST_SECOND	BARE	pocket west	0	<BOS>	50256	0	0	-0.000102	-0.000102	2256	0.796687	[[2256, 2.36087], [1888, 1.564183], [2787, 0.893099], [1450, 0.853876], [1048, 0.848868]]
ENDPOINT_CONTROL__EAST_WEST__ARBFIRST_SECOND__BARE__NONE	ENDPOINT_CONTROL	EAST_WEST	ARBFIRST_SECOND	BARE	pocket west	1	pocket	31991	0	0	-0.053415	-0.000102	1888	0.362148	[[1888, 3.030148], [1790, 2.668], [1998, 1.609455], [2247, 1.505385], [283, 1.503364]]
ENDPOINT_CONTROL__EAST_WEST__ARBFIRST_SECOND__BARE__NONE	ENDPOINT_CONTROL	EAST_WEST	ARBFIRST_SECOND	BARE	pocket west	2	 west	7421	1	1	-0.046594	-0.000102	1888	0.362148	[[1790, 2.13897], [1888, 2.068474], [281, 2.020612], [2887, 1.339592], [221, 1.329533]]
ENDPOINT_CONTROL__EAST_WEST__FIRST_REPEAT__BARE__NONE	ENDPOINT_CONTROL	EAST_WEST	FIRST_REPEAT	BARE	east east	0	<BOS>	50256	0	0	-0.000102	-0.000102	2256	0.796687	[[2256, 2.36087], [1888, 1.564183], [2787, 0.893099], [1450, 0.853876], [1048, 0.848868]]
ENDPOINT_CONTROL__EAST_WEST__FIRST_REPEAT__BARE__NONE	ENDPOINT_CONTROL	EAST_WEST	FIRST_REPEAT	BARE	east east	1	east	23316	0	0	-0.030302	-0.000102	1888	0.365817	[[1888, 2.726687], [1790, 2.162491], [281, 1.356459], [234, 1.124035], [654, 1.049108]]
ENDPOINT_CONTROL__EAST_WEST__FIRST_REPEAT__BARE__NONE	ENDPOINT_CONTROL	EAST_WEST	FIRST_REPEAT	BARE	east east	2	 east	7627	1	1	-0.168575	-0.000102	1888	0.365817	[[281, 1.966451], [1691, 1.732265], [2542, 1.651239], [715, 1.588771], [1169, 1.55984]]
ENDPOINT_CONTROL__EAST_WEST__REVERSED__BARE__NONE	ENDPOINT_CONTROL	EAST_WEST	REVERSED	BARE	west and east	0	<BOS>	50256	0	0	-0.000102	-0.000102	2256	0.796686	[[2256, 2.36087], [1888, 1.564183], [2787, 0.893099], [1450, 0.853876], [1048, 0.848868]]
ENDPOINT_CONTROL__EAST_WEST__REVERSED__BARE__NONE	ENDPOINT_CONTROL	EAST_WEST	REVERSED	BARE	west and east	1	west	7038	0	0	-0.057613	-0.000102	1888	0.447661	[[1888, 2.892101], [1790, 2.44444], [281, 1.532593], [2887, 1.352661], [234, 1.294128]]
ENDPOINT_CONTROL__EAST_WEST__REVERSED__BARE__NONE	ENDPOINT_CONTROL	EAST_WEST	REVERSED	BARE	west and east	2	 and	290	0	0	-0.033483	-0.000102	1888	0.447661	[[1790, 1.77637], [1888, 1.699615], [1203, 1.358944], [2083, 1.231696], [2849, 1.177189]]
ENDPOINT_CONTROL__EAST_WEST__REVERSED__BARE__NONE	ENDPOINT_CONTROL	EAST_WEST	REVERSED	BARE	west and east	3	 east	7627	1	1	4.063755	4.063755	541	0.167433	[[541, 4.063755], [2659, 3.896322], [638, 2.425673], [2317, 2.021809], [2753, 1.756025]]
CORE_FACTORIAL__EAST_WEST__CC__V9_SPACE__NONE	CORE_FACTORIAL	EAST_WEST	CC	V9_SPACE	 east and west	0	<BOS>	50256	0	0	-0.000102	-0.000102	2256	0.796686	[[2256, 2.36087], [1888, 1.564183], [2787, 0.893099], [1450, 0.853876], [1048, 0.848868]]
CORE_FACTORIAL__EAST_WEST__CC__V9_SPACE__NONE	CORE_FACTORIAL	EAST_WEST	CC	V9_SPACE	 east and west	1	 east	7627	0	0	-0.049065	-0.000102	1888	0.607351	[[1888, 3.051953], [1790, 2.444602], [464, 2.180163], [281, 1.737091], [234, 1.701888]]
CORE_FACTORIAL__EAST_WEST__CC__V9_SPACE__NONE	CORE_FACTORIAL	EAST_WEST	CC	V9_SPACE	 east and west	2	 and	290	0	0	-0.007052	-0.000102	1888	0.607351	[[1790, 2.091043], [1888, 1.675099], [194, 1.520318], [1284, 1.396045], [2973, 1.198065]]
CORE_FACTORIAL__EAST_WEST__CC__V9_SPACE__NONE	CORE_FACTORIAL	EAST_WEST	CC	V9_SPACE	 east and west	3	 west	7421	1	1	4.197136	4.197136	541	0.393958	[[541, 4.197136], [2659, 3.803178], [638, 2.429171], [2317, 2.246838], [2753, 1.856627]]
CORE_FACTORIAL__EAST_WEST__CA__V9_SPACE__NONE	CORE_FACTORIAL	EAST_WEST	CA	V9_SPACE	 east and pencil	0	<BOS>	50256	0	0	-0.000102	-0.000102	2256	0.796686	[[2256, 2.36087], [1888, 1.564183], [2787, 0.893099], [1450, 0.853876], [1048, 0.848868]]
CORE_FACTORIAL__EAST_WEST__CA__V9_SPACE__NONE	CORE_FACTORIAL	EAST_WEST	CA	V9_SPACE	 east and pencil	1	 east	7627	0	0	-0.049065	-0.000102	1888	0.607351	[[1888, 3.051953], [1790, 2.444602], [464, 2.180163], [281, 1.737091], [234, 1.701888]]
CORE_FACTORIAL__EAST_WEST__CA__V9_SPACE__NONE	CORE_FACTORIAL	EAST_WEST	CA	V9_SPACE	 east and pencil	2	 and	290	0	0	-0.007052	-0.000102	1888	0.607351	[[1790, 2.091043], [1888, 1.675099], [194, 1.520318], [1284, 1.396045], [2973, 1.198065]]
CORE_FACTORIAL__EAST_WEST__CA__V9_SPACE__NONE	CORE_FACTORIAL	EAST_WEST	CA	V9_SPACE	 east and pencil	3	 pencil	21613	1	1	-0.160116	-0.000102	1888	0.895718	[[1888, 3.340831], [1790, 2.445112], [2330, 2.170521], [847, 1.732056], [638, 1.661768]]
CORE_FACTORIAL__EAST_WEST__AC__V9_SPACE__NONE	CORE_FACTORIAL	EAST_WEST	AC	V9_SPACE	 pocket and west	0	<BOS>	50256	0	0	-0.000102	-0.000102	2256	0.796686	[[2256, 2.36087], [1888, 1.564183], [2787, 0.893099], [1450, 0.853876], [1048, 0.848868]]
CORE_FACTORIAL__EAST_WEST__AC__V9_SPACE__NONE	CORE_FACTORIAL	EAST_WEST	AC	V9_SPACE	 pocket and west	1	 pocket	10000	0	0	-0.064149	-0.000102	1888	0.277084	[[1888, 3.473331], [1790, 3.196248], [1041, 1.881492], [1998, 1.602848], [654, 1.543624]]
CORE_FACTORIAL__EAST_WEST__AC__V9_SPACE__NONE	CORE_FACTORIAL	EAST_WEST	AC	V9_SPACE	 pocket and west	2	 and	290	0	0	-0.016918	-0.000102	1888	0.277084	[[1790, 1.952627], [1888, 1.636207], [194, 1.308209], [1203, 1.199197], [2753, 1.06962]]
CORE_FACTORIAL__EAST_WEST__AC__V9_SPACE__NONE	CORE_FACTORIAL	EAST_WEST	AC	V9_SPACE	 pocket and west	3	 west	7421	1	1	-0.131264	-0.000102	1888	0.277084	[[1888, 2.100769], [1790, 2.046962], [638, 1.802219], [2251, 1.486051], [847, 1.45861]]
CORE_FACTORIAL__EAST_WEST__AA__V9_SPACE__NONE	CORE_FACTORIAL	EAST_WEST	AA	V9_SPACE	 pocket and pencil	0	<BOS>	50256	0	0	-0.000102	-0.000102	2256	0.796686	[[2256, 2.36087], [1888, 1.564183], [2787, 0.893099], [1450, 0.853876], [1048, 0.848868]]
CORE_FACTORIAL__EAST_WEST__AA__V9_SPACE__NONE	CORE_FACTORIAL	EAST_WEST	AA	V9_SPACE	 pocket and pencil	1	 pocket	10000	0	0	-0.064149	-0.000102	1888	0.277084	[[1888, 3.473331], [1790, 3.196248], [1041, 1.881492], [1998, 1.602848], [654, 1.543624]]
CORE_FACTORIAL__EAST_WEST__AA__V9_SPACE__NONE	CORE_FACTORIAL	EAST_WEST	AA	V9_SPACE	 pocket and pencil	2	 and	290	0	0	-0.016918	-0.000102	1888	0.277084	[[1790, 1.952627], [1888, 1.636207], [194, 1.308209], [1203, 1.199197], [2753, 1.06962]]
CORE_FACTORIAL__EAST_WEST__AA__V9_SPACE__NONE	CORE_FACTORIAL	EAST_WEST	AA	V9_SPACE	 pocket and pencil	3	 pencil	21613	1	1	0.951745	0.951745	1888	0.277084	[[2659, 2.592634], [1888, 2.503134], [638, 2.170429], [2330, 2.077809], [1790, 1.635196]]
ENDPOINT_CONTROL__EAST_WEST__FULL_FRAME__V9_SPACE__NONE	ENDPOINT_CONTROL	EAST_WEST	FULL_FRAME	V9_SPACE	 east and west	0	<BOS>	50256	0	0	-0.000102	-0.000102	2256	0.796686	[[2256, 2.36087], [1888, 1.564183], [2787, 0.893099], [1450, 0.853876], [1048, 0.848868]]
ENDPOINT_CONTROL__EAST_WEST__FULL_FRAME__V9_SPACE__NONE	ENDPOINT_CONTROL	EAST_WEST	FULL_FRAME	V9_SPACE	 east and west	1	 east	7627	0	0	-0.049065	-0.000102	1888	0.607351	[[1888, 3.051953], [1790, 2.444602], [464, 2.180163], [281, 1.737091], [234, 1.701888]]
ENDPOINT_CONTROL__EAST_WEST__FULL_FRAME__V9_SPACE__NONE	ENDPOINT_CONTROL	EAST_WEST	FULL_FRAME	V9_SPACE	 east and west	2	 and	290	0	0	-0.007052	-0.000102	1888	0.607351	[[1790, 2.091043], [1888, 1.675099], [194, 1.520318], [1284, 1.396045], [2973, 1.198065]]
ENDPOINT_CONTROL__EAST_WEST__FULL_FRAME__V9_SPACE__NONE	ENDPOINT_CONTROL	EAST_WEST	FULL_FRAME	V9_SPACE	 east and west	3	 west	7421	1	1	4.197136	4.197136	541	0.393958	[[541, 4.197136], [2659, 3.803178], [638, 2.429171], [2317, 2.246838], [2753, 1.856627]]
ENDPOINT_CONTROL__EAST_WEST__SECOND_ONLY__V9_SPACE__NONE	ENDPOINT_CONTROL	EAST_WEST	SECOND_ONLY	V9_SPACE	 west	0	<BOS>	50256	0	0	-0.000102	-0.000102	2256	0.796687	[[2256, 2.36087], [1888, 1.564183], [2787, 0.893099], [1450, 0.853876], [1048, 0.848868]]
ENDPOINT_CONTROL__EAST_WEST__SECOND_ONLY__V9_SPACE__NONE	ENDPOINT_CONTROL	EAST_WEST	SECOND_ONLY	V9_SPACE	 west	1	 west	7421	1	1	-0.057932	-0.000102	1888	0.425841	[[1888, 3.104897], [1790, 2.679056], [464, 2.305477], [281, 1.877163], [234, 1.712648]]
ENDPOINT_CONTROL__EAST_WEST__CONNECTOR_SECOND__V9_SPACE__NONE	ENDPOINT_CONTROL	EAST_WEST	CONNECTOR_SECOND	V9_SPACE	 and west	0	<BOS>	50256	0	0	-0.000102	-0.000102	2256	0.796687	[[2256, 2.36087], [1888, 1.564183], [2787, 0.893099], [1450, 0.853876], [1048, 0.848868]]
ENDPOINT_CONTROL__EAST_WEST__CONNECTOR_SECOND__V9_SPACE__NONE	ENDPOINT_CONTROL	EAST_WEST	CONNECTOR_SECOND	V9_SPACE	 and west	1	 and	290	0	0	-0.032673	-0.000102	1790	0.284403	[[1790, 2.944628], [1888, 2.660225], [654, 1.689219], [1203, 1.564642], [464, 1.471345]]
ENDPOINT_CONTROL__EAST_WEST__CONNECTOR_SECOND__V9_SPACE__NONE	ENDPOINT_CONTROL	EAST_WEST	CONNECTOR_SECOND	V9_SPACE	 and west	2	 west	7421	1	1	-0.141115	-0.000102	1790	0.284403	[[1790, 2.373441], [1888, 2.221748], [281, 1.77111], [234, 1.430768], [2887, 1.424002]]
ENDPOINT_CONTROL__EAST_WEST__FIRST_SECOND__V9_SPACE__NONE	ENDPOINT_CONTROL	EAST_WEST	FIRST_SECOND	V9_SPACE	 east west	0	<BOS>	50256	0	0	-0.000102	-0.000102	2256	0.796687	[[2256, 2.36087], [1888, 1.564183], [2787, 0.893099], [1450, 0.853876], [1048, 0.848868]]
ENDPOINT_CONTROL__EAST_WEST__FIRST_SECOND__V9_SPACE__NONE	ENDPOINT_CONTROL	EAST_WEST	FIRST_SECOND	V9_SPACE	 east west	1	 east	7627	0	0	-0.049065	-0.000102	1888	0.607351	[[1888, 3.051953], [1790, 2.444602], [464, 2.180161], [281, 1.737091], [234, 1.701888]]
ENDPOINT_CONTROL__EAST_WEST__FIRST_SECOND__V9_SPACE__NONE	ENDPOINT_CONTROL	EAST_WEST	FIRST_SECOND	V9_SPACE	 east west	2	 west	7421	1	1	0.472132	0.472132	1888	0.607351	[[2542, 1.870116], [1691, 1.81237], [2566, 1.797769], [477, 1.714688], [2496, 1.655848]]
ENDPOINT_CONTROL__EAST_WEST__ARBFIRST_SECOND__V9_SPACE__NONE	ENDPOINT_CONTROL	EAST_WEST	ARBFIRST_SECOND	V9_SPACE	 pocket west	0	<BOS>	50256	0	0	-0.000102	-0.000102	2256	0.796687	[[2256, 2.36087], [1888, 1.564183], [2787, 0.893099], [1450, 0.853876], [1048, 0.848868]]
ENDPOINT_CONTROL__EAST_WEST__ARBFIRST_SECOND__V9_SPACE__NONE	ENDPOINT_CONTROL	EAST_WEST	ARBFIRST_SECOND	V9_SPACE	 pocket west	1	 pocket	10000	0	0	-0.064149	-0.000102	1888	0.277083	[[1888, 3.473331], [1790, 3.196248], [1041, 1.881492], [1998, 1.602848], [654, 1.543624]]
ENDPOINT_CONTROL__EAST_WEST__ARBFIRST_SECOND__V9_SPACE__NONE	ENDPOINT_CONTROL	EAST_WEST	ARBFIRST_SECOND	V9_SPACE	 pocket west	2	 west	7421	1	1	-0.026313	-0.000102	1888	0.277083	[[1790, 2.115275], [1888, 1.988742], [281, 1.718228], [221, 1.607493], [2887, 1.31891]]
ENDPOINT_CONTROL__EAST_WEST__FIRST_REPEAT__V9_SPACE__NONE	ENDPOINT_CONTROL	EAST_WEST	FIRST_REPEAT	V9_SPACE	 east east	0	<BOS>	50256	0	0	-0.000102	-0.000102	2256	0.796687	[[2256, 2.36087], [1888, 1.564183], [2787, 0.893099], [1450, 0.853876], [1048, 0.848868]]
ENDPOINT_CONTROL__EAST_WEST__FIRST_REPEAT__V9_SPACE__NONE	ENDPOINT_CONTROL	EAST_WEST	FIRST_REPEAT	V9_SPACE	 east east	1	 east	7627	0	0	-0.049065	-0.000102	1888	0.607351	[[1888, 3.051953], [1790, 2.444602], [464, 2.180161], [281, 1.737091], [234, 1.701888]]
ENDPOINT_CONTROL__EAST_WEST__FIRST_REPEAT__V9_SPACE__NONE	ENDPOINT_CONTROL	EAST_WEST	FIRST_REPEAT	V9_SPACE	 east east	2	 east	7627	1	1	-0.118887	-0.000102	1888	0.607351	[[1691, 2.303816], [2566, 2.008618], [281, 1.715784], [81, 1.612739], [1169, 1.600242]]
ENDPOINT_CONTROL__EAST_WEST__REVERSED__V9_SPACE__NONE	ENDPOINT_CONTROL	EAST_WEST	REVERSED	V9_SPACE	 west and east	0	<BOS>	50256	0	0	-0.000102	-0.000102	2256	0.796686	[[2256, 2.36087], [1888, 1.564183], [2787, 0.893099], [1450, 0.853876], [1048, 0.848868]]
ENDPOINT_CONTROL__EAST_WEST__REVERSED__V9_SPACE__NONE	ENDPOINT_CONTROL	EAST_WEST	REVERSED	V9_SPACE	 west and east	1	 west	7421	0	0	-0.057932	-0.000102	1888	0.425841	[[1888, 3.104897], [1790, 2.679056], [464, 2.305476], [281, 1.877163], [234, 1.712648]]
ENDPOINT_CONTROL__EAST_WEST__REVERSED__V9_SPACE__NONE	ENDPOINT_CONTROL	EAST_WEST	REVERSED	V9_SPACE	 west and east	2	 and	290	0	0	-0.012283	-0.000102	1888	0.425841	[[1790, 2.057635], [1888, 1.732572], [194, 1.326878], [1284, 1.227607], [1203, 1.112865]]
ENDPOINT_CONTROL__EAST_WEST__REVERSED__V9_SPACE__NONE	ENDPOINT_CONTROL	EAST_WEST	REVERSED	V9_SPACE	 west and east	3	 east	7627	1	1	3.935373	3.935373	541	0.036296	[[541, 3.935373], [2659, 3.899076], [638, 2.38873], [2317, 2.114341], [2753, 1.803106]]
CORE_FACTORIAL__EAST_WEST__CC__THE_PHRASE__NONE	CORE_FACTORIAL	EAST_WEST	CC	THE_PHRASE	the phrase east and west	0	<BOS>	50256	0	0	-0.000102	-0.000102	2256	0.796686	[[2256, 2.36087], [1888, 1.564183], [2787, 0.893099], [1450, 0.853876], [1048, 0.848868]]
CORE_FACTORIAL__EAST_WEST__CC__THE_PHRASE__NONE	CORE_FACTORIAL	EAST_WEST	CC	THE_PHRASE	the phrase east and west	1	the	1169	0	0	-0.058428	-0.000102	1790	0.119972	[[1790, 2.74375], [1888, 2.623779], [1203, 1.370484], [654, 1.287318], [1504, 1.273196]]
CORE_FACTORIAL__EAST_WEST__CC__THE_PHRASE__NONE	CORE_FACTORIAL	EAST_WEST	CC	THE_PHRASE	the phrase east and west	2	 phrase	9546	0	0	-0.055584	-0.000102	2073	0.489396	[[2073, 3.233146], [1026, 1.694937], [2070, 1.648536], [388, 1.556334], [1888, 1.459668]]
CORE_FACTORIAL__EAST_WEST__CC__THE_PHRASE__NONE	CORE_FACTORIAL	EAST_WEST	CC	THE_PHRASE	the phrase east and west	3	 east	7627	0	0	-0.008622	-0.000102	2073	0.489396	[[1888, 1.629508], [281, 1.620321], [1790, 1.521087], [2698, 1.245093], [1169, 1.059347]]
CORE_FACTORIAL__EAST_WEST__CC__THE_PHRASE__NONE	CORE_FACTORIAL	EAST_WEST	CC	THE_PHRASE	the phrase east and west	4	 and	290	0	0	-0.020724	-0.000102	2073	0.489396	[[1790, 1.71545], [194, 1.655722], [1284, 1.538254], [630, 1.238121], [1888, 1.208065]]
CORE_FACTORIAL__EAST_WEST__CC__THE_PHRASE__NONE	CORE_FACTORIAL	EAST_WEST	CC	THE_PHRASE	the phrase east and west	5	 west	7421	1	1	4.544086	4.544086	541	0.098002	[[541, 4.544086], [2659, 4.446084], [2317, 2.551741], [638, 2.41256], [924, 1.760739]]
CORE_FACTORIAL__EAST_WEST__CA__THE_PHRASE__NONE	CORE_FACTORIAL	EAST_WEST	CA	THE_PHRASE	the phrase east and pencil	0	<BOS>	50256	0	0	-0.000102	-0.000102	2256	0.796686	[[2256, 2.36087], [1888, 1.564183], [2787, 0.893099], [1450, 0.853876], [1048, 0.848868]]
CORE_FACTORIAL__EAST_WEST__CA__THE_PHRASE__NONE	CORE_FACTORIAL	EAST_WEST	CA	THE_PHRASE	the phrase east and pencil	1	the	1169	0	0	-0.058428	-0.000102	1790	0.119972	[[1790, 2.74375], [1888, 2.623779], [1203, 1.370484], [654, 1.287318], [1504, 1.273196]]
CORE_FACTORIAL__EAST_WEST__CA__THE_PHRASE__NONE	CORE_FACTORIAL	EAST_WEST	CA	THE_PHRASE	the phrase east and pencil	2	 phrase	9546	0	0	-0.055584	-0.000102	2073	0.489396	[[2073, 3.233146], [1026, 1.694937], [2070, 1.648536], [388, 1.556334], [1888, 1.459668]]
CORE_FACTORIAL__EAST_WEST__CA__THE_PHRASE__NONE	CORE_FACTORIAL	EAST_WEST	CA	THE_PHRASE	the phrase east and pencil	3	 east	7627	0	0	-0.008622	-0.000102	2073	0.489396	[[1888, 1.629508], [281, 1.620321], [1790, 1.521087], [2698, 1.245093], [1169, 1.059347]]
CORE_FACTORIAL__EAST_WEST__CA__THE_PHRASE__NONE	CORE_FACTORIAL	EAST_WEST	CA	THE_PHRASE	the phrase east and pencil	4	 and	290	0	0	-0.020724	-0.000102	2073	0.489396	[[1790, 1.71545], [194, 1.655722], [1284, 1.538254], [630, 1.238121], [1888, 1.208065]]
CORE_FACTORIAL__EAST_WEST__CA__THE_PHRASE__NONE	CORE_FACTORIAL	EAST_WEST	CA	THE_PHRASE	the phrase east and pencil	5	 pencil	21613	1	1	0.001134	0.001134	2073	0.161199	[[1888, 3.071947], [1790, 2.327332], [2330, 2.112127], [638, 1.91686], [847, 1.508637]]
CORE_FACTORIAL__EAST_WEST__AC__THE_PHRASE__NONE	CORE_FACTORIAL	EAST_WEST	AC	THE_PHRASE	the phrase pocket and west	0	<BOS>	50256	0	0	-0.000102	-0.000102	2256	0.796686	[[2256, 2.36087], [1888, 1.564183], [2787, 0.893099], [1450, 0.853876], [1048, 0.848868]]
CORE_FACTORIAL__EAST_WEST__AC__THE_PHRASE__NONE	CORE_FACTORIAL	EAST_WEST	AC	THE_PHRASE	the phrase pocket and west	1	the	1169	0	0	-0.058428	-0.000102	1790	0.119972	[[1790, 2.74375], [1888, 2.623779], [1203, 1.370484], [654, 1.287318], [1504, 1.273196]]
CORE_FACTORIAL__EAST_WEST__AC__THE_PHRASE__NONE	CORE_FACTORIAL	EAST_WEST	AC	THE_PHRASE	the phrase pocket and west	2	 phrase	9546	0	0	-0.055584	-0.000102	2073	0.489396	[[2073, 3.233146], [1026, 1.694937], [2070, 1.648536], [388, 1.556334], [1888, 1.459668]]
CORE_FACTORIAL__EAST_WEST__AC__THE_PHRASE__NONE	CORE_FACTORIAL	EAST_WEST	AC	THE_PHRASE	the phrase pocket and west	3	 pocket	10000	0	0	-0.040142	-0.000102	2073	0.489396	[[1041, 2.240753], [1790, 2.2121], [1888, 2.137338], [2090, 1.309149], [2140, 1.273052]]
CORE_FACTORIAL__EAST_WEST__AC__THE_PHRASE__NONE	CORE_FACTORIAL	EAST_WEST	AC	THE_PHRASE	the phrase pocket and west	4	 and	290	0	0	-0.013591	-0.000102	2073	0.489396	[[1790, 1.607205], [1543, 1.455781], [194, 1.406991], [2753, 1.086232], [291, 1.0539]]
CORE_FACTORIAL__EAST_WEST__AC__THE_PHRASE__NONE	CORE_FACTORIAL	EAST_WEST	AC	THE_PHRASE	the phrase pocket and west	5	 west	7421	1	1	-0.140073	-0.000102	2073	0.489396	[[1888, 1.778045], [1790, 1.738724], [2251, 1.47396], [638, 1.360049], [815, 1.328094]]
CORE_FACTORIAL__EAST_WEST__AA__THE_PHRASE__NONE	CORE_FACTORIAL	EAST_WEST	AA	THE_PHRASE	the phrase pocket and pencil	0	<BOS>	50256	0	0	-0.000102	-0.000102	2256	0.796686	[[2256, 2.36087], [1888, 1.564183], [2787, 0.893099], [1450, 0.853876], [1048, 0.848868]]
CORE_FACTORIAL__EAST_WEST__AA__THE_PHRASE__NONE	CORE_FACTORIAL	EAST_WEST	AA	THE_PHRASE	the phrase pocket and pencil	1	the	1169	0	0	-0.058428	-0.000102	1790	0.119972	[[1790, 2.74375], [1888, 2.623779], [1203, 1.370484], [654, 1.287318], [1504, 1.273196]]
CORE_FACTORIAL__EAST_WEST__AA__THE_PHRASE__NONE	CORE_FACTORIAL	EAST_WEST	AA	THE_PHRASE	the phrase pocket and pencil	2	 phrase	9546	0	0	-0.055584	-0.000102	2073	0.489396	[[2073, 3.233146], [1026, 1.694937], [2070, 1.648536], [388, 1.556334], [1888, 1.459668]]
CORE_FACTORIAL__EAST_WEST__AA__THE_PHRASE__NONE	CORE_FACTORIAL	EAST_WEST	AA	THE_PHRASE	the phrase pocket and pencil	3	 pocket	10000	0	0	-0.040142	-0.000102	2073	0.489396	[[1041, 2.240753], [1790, 2.2121], [1888, 2.137338], [2090, 1.309149], [2140, 1.273052]]
CORE_FACTORIAL__EAST_WEST__AA__THE_PHRASE__NONE	CORE_FACTORIAL	EAST_WEST	AA	THE_PHRASE	the phrase pocket and pencil	4	 and	290	0	0	-0.013591	-0.000102	2073	0.489396	[[1790, 1.607205], [1543, 1.455781], [194, 1.406991], [2753, 1.086232], [291, 1.0539]]
CORE_FACTORIAL__EAST_WEST__AA__THE_PHRASE__NONE	CORE_FACTORIAL	EAST_WEST	AA	THE_PHRASE	the phrase pocket and pencil	5	 pencil	21613	1	1	0.948152	0.948152	2073	0.489396	[[2659, 2.538272], [1888, 2.224099], [638, 2.016928], [2330, 1.88009], [2317, 1.568904]]
ENDPOINT_CONTROL__EAST_WEST__FULL_FRAME__THE_PHRASE__NONE	ENDPOINT_CONTROL	EAST_WEST	FULL_FRAME	THE_PHRASE	the phrase east and west	0	<BOS>	50256	0	0	-0.000102	-0.000102	2256	0.796686	[[2256, 2.36087], [1888, 1.564183], [2787, 0.893099], [1450, 0.853876], [1048, 0.848868]]
ENDPOINT_CONTROL__EAST_WEST__FULL_FRAME__THE_PHRASE__NONE	ENDPOINT_CONTROL	EAST_WEST	FULL_FRAME	THE_PHRASE	the phrase east and west	1	the	1169	0	0	-0.058428	-0.000102	1790	0.119972	[[1790, 2.74375], [1888, 2.623779], [1203, 1.370484], [654, 1.287318], [1504, 1.273196]]
ENDPOINT_CONTROL__EAST_WEST__FULL_FRAME__THE_PHRASE__NONE	ENDPOINT_CONTROL	EAST_WEST	FULL_FRAME	THE_PHRASE	the phrase east and west	2	 phrase	9546	0	0	-0.055584	-0.000102	2073	0.489396	[[2073, 3.233146], [1026, 1.694937], [2070, 1.648536], [388, 1.556334], [1888, 1.459668]]
ENDPOINT_CONTROL__EAST_WEST__FULL_FRAME__THE_PHRASE__NONE	ENDPOINT_CONTROL	EAST_WEST	FULL_FRAME	THE_PHRASE	the phrase east and west	3	 east	7627	0	0	-0.008622	-0.000102	2073	0.489396	[[1888, 1.629508], [281, 1.620321], [1790, 1.521087], [2698, 1.245093], [1169, 1.059347]]
ENDPOINT_CONTROL__EAST_WEST__FULL_FRAME__THE_PHRASE__NONE	ENDPOINT_CONTROL	EAST_WEST	FULL_FRAME	THE_PHRASE	the phrase east and west	4	 and	290	0	0	-0.020724	-0.000102	2073	0.489396	[[1790, 1.71545], [194, 1.655722], [1284, 1.538254], [630, 1.238121], [1888, 1.208065]]
ENDPOINT_CONTROL__EAST_WEST__FULL_FRAME__THE_PHRASE__NONE	ENDPOINT_CONTROL	EAST_WEST	FULL_FRAME	THE_PHRASE	the phrase east and west	5	 west	7421	1	1	4.544086	4.544086	541	0.098002	[[541, 4.544086], [2659, 4.446084], [2317, 2.551741], [638, 2.41256], [924, 1.760739]]
ENDPOINT_CONTROL__EAST_WEST__SECOND_ONLY__THE_PHRASE__NONE	ENDPOINT_CONTROL	EAST_WEST	SECOND_ONLY	THE_PHRASE	the phrase west	0	<BOS>	50256	0	0	-0.000102	-0.000102	2256	0.796686	[[2256, 2.36087], [1888, 1.564183], [2787, 0.893099], [1450, 0.853876], [1048, 0.848868]]
ENDPOINT_CONTROL__EAST_WEST__SECOND_ONLY__THE_PHRASE__NONE	ENDPOINT_CONTROL	EAST_WEST	SECOND_ONLY	THE_PHRASE	the phrase west	1	the	1169	0	0	-0.058428	-0.000102	1790	0.119972	[[1790, 2.74375], [1888, 2.623779], [1203, 1.370484], [654, 1.287318], [1504, 1.273196]]
ENDPOINT_CONTROL__EAST_WEST__SECOND_ONLY__THE_PHRASE__NONE	ENDPOINT_CONTROL	EAST_WEST	SECOND_ONLY	THE_PHRASE	the phrase west	2	 phrase	9546	0	0	-0.055584	-0.000102	2073	0.489396	[[2073, 3.233146], [1026, 1.694937], [2070, 1.648536], [388, 1.556334], [1888, 1.459668]]
ENDPOINT_CONTROL__EAST_WEST__SECOND_ONLY__THE_PHRASE__NONE	ENDPOINT_CONTROL	EAST_WEST	SECOND_ONLY	THE_PHRASE	the phrase west	3	 west	7421	1	1	-0.008828	-0.000102	2073	0.489396	[[281, 1.721866], [1790, 1.664622], [1888, 1.610551], [2698, 1.211642], [2887, 1.206027]]
ENDPOINT_CONTROL__EAST_WEST__CONNECTOR_SECOND__THE_PHRASE__NONE	ENDPOINT_CONTROL	EAST_WEST	CONNECTOR_SECOND	THE_PHRASE	the phrase and west	0	<BOS>	50256	0	0	-0.000102	-0.000102	2256	0.796686	[[2256, 2.36087], [1888, 1.564183], [2787, 0.893099], [1450, 0.853876], [1048, 0.848868]]
ENDPOINT_CONTROL__EAST_WEST__CONNECTOR_SECOND__THE_PHRASE__NONE	ENDPOINT_CONTROL	EAST_WEST	CONNECTOR_SECOND	THE_PHRASE	the phrase and west	1	the	1169	0	0	-0.058428	-0.000102	1790	0.119972	[[1790, 2.74375], [1888, 2.623779], [1203, 1.370484], [654, 1.287318], [1504, 1.273196]]
ENDPOINT_CONTROL__EAST_WEST__CONNECTOR_SECOND__THE_PHRASE__NONE	ENDPOINT_CONTROL	EAST_WEST	CONNECTOR_SECOND	THE_PHRASE	the phrase and west	2	 phrase	9546	0	0	-0.055584	-0.000102	2073	0.489396	[[2073, 3.233146], [1026, 1.694937], [2070, 1.648536], [388, 1.556334], [1888, 1.459668]]
ENDPOINT_CONTROL__EAST_WEST__CONNECTOR_SECOND__THE_PHRASE__NONE	ENDPOINT_CONTROL	EAST_WEST	CONNECTOR_SECOND	THE_PHRASE	the phrase and west	3	 and	290	0	0	-0.009063	-0.000102	2073	0.489396	[[1790, 1.619635], [1888, 1.466792], [1439, 1.419283], [654, 1.352773], [1208, 1.316682]]
ENDPOINT_CONTROL__EAST_WEST__CONNECTOR_SECOND__THE_PHRASE__NONE	ENDPOINT_CONTROL	EAST_WEST	CONNECTOR_SECOND	THE_PHRASE	the phrase and west	4	 west	7421	1	1	-0.02576	-0.000102	2073	0.489396	[[1888, 2.148077], [1790, 2.110422], [2179, 1.597617], [815, 1.413469], [281, 1.398263]]
ENDPOINT_CONTROL__EAST_WEST__FIRST_SECOND__THE_PHRASE__NONE	ENDPOINT_CONTROL	EAST_WEST	FIRST_SECOND	THE_PHRASE	the phrase east west	0	<BOS>	50256	0	0	-0.000102	-0.000102	2256	0.796686	[[2256, 2.36087], [1888, 1.564183], [2787, 0.893099], [1450, 0.853876], [1048, 0.848868]]
ENDPOINT_CONTROL__EAST_WEST__FIRST_SECOND__THE_PHRASE__NONE	ENDPOINT_CONTROL	EAST_WEST	FIRST_SECOND	THE_PHRASE	the phrase east west	1	the	1169	0	0	-0.058428	-0.000102	1790	0.119972	[[1790, 2.74375], [1888, 2.623779], [1203, 1.370484], [654, 1.287318], [1504, 1.273196]]
ENDPOINT_CONTROL__EAST_WEST__FIRST_SECOND__THE_PHRASE__NONE	ENDPOINT_CONTROL	EAST_WEST	FIRST_SECOND	THE_PHRASE	the phrase east west	2	 phrase	9546	0	0	-0.055584	-0.000102	2073	0.489396	[[2073, 3.233146], [1026, 1.694937], [2070, 1.648536], [388, 1.556334], [1888, 1.459668]]
ENDPOINT_CONTROL__EAST_WEST__FIRST_SECOND__THE_PHRASE__NONE	ENDPOINT_CONTROL	EAST_WEST	FIRST_SECOND	THE_PHRASE	the phrase east west	3	 east	7627	0	0	-0.008622	-0.000102	2073	0.489396	[[1888, 1.629508], [281, 1.620321], [1790, 1.521087], [2698, 1.245093], [1169, 1.059347]]
ENDPOINT_CONTROL__EAST_WEST__FIRST_SECOND__THE_PHRASE__NONE	ENDPOINT_CONTROL	EAST_WEST	FIRST_SECOND	THE_PHRASE	the phrase east west	4	 west	7421	1	1	-0.094607	-0.000102	2073	0.489396	[[281, 1.896276], [2542, 1.784098], [1284, 1.526786], [657, 1.4432], [2778, 1.410469]]
ENDPOINT_CONTROL__EAST_WEST__ARBFIRST_SECOND__THE_PHRASE__NONE	ENDPOINT_CONTROL	EAST_WEST	ARBFIRST_SECOND	THE_PHRASE	the phrase pocket west	0	<BOS>	50256	0	0	-0.000102	-0.000102	2256	0.796686	[[2256, 2.36087], [1888, 1.564183], [2787, 0.893099], [1450, 0.853876], [1048, 0.848868]]
ENDPOINT_CONTROL__EAST_WEST__ARBFIRST_SECOND__THE_PHRASE__NONE	ENDPOINT_CONTROL	EAST_WEST	ARBFIRST_SECOND	THE_PHRASE	the phrase pocket west	1	the	1169	0	0	-0.058428	-0.000102	1790	0.119972	[[1790, 2.74375], [1888, 2.623779], [1203, 1.370484], [654, 1.287318], [1504, 1.273196]]
ENDPOINT_CONTROL__EAST_WEST__ARBFIRST_SECOND__THE_PHRASE__NONE	ENDPOINT_CONTROL	EAST_WEST	ARBFIRST_SECOND	THE_PHRASE	the phrase pocket west	2	 phrase	9546	0	0	-0.055584	-0.000102	2073	0.489396	[[2073, 3.233146], [1026, 1.694937], [2070, 1.648536], [388, 1.556334], [1888, 1.459668]]
ENDPOINT_CONTROL__EAST_WEST__ARBFIRST_SECOND__THE_PHRASE__NONE	ENDPOINT_CONTROL	EAST_WEST	ARBFIRST_SECOND	THE_PHRASE	the phrase pocket west	3	 pocket	10000	0	0	-0.040142	-0.000102	2073	0.489396	[[1041, 2.240753], [1790, 2.2121], [1888, 2.137338], [2090, 1.309149], [2140, 1.273052]]
ENDPOINT_CONTROL__EAST_WEST__ARBFIRST_SECOND__THE_PHRASE__NONE	ENDPOINT_CONTROL	EAST_WEST	ARBFIRST_SECOND	THE_PHRASE	the phrase pocket west	4	 west	7421	1	1	-0.020245	-0.000102	2073	0.489396	[[281, 1.789055], [1790, 1.775082], [1888, 1.462747], [2126, 1.43674], [815, 1.271027]]
ENDPOINT_CONTROL__EAST_WEST__FIRST_REPEAT__THE_PHRASE__NONE	ENDPOINT_CONTROL	EAST_WEST	FIRST_REPEAT	THE_PHRASE	the phrase east east	0	<BOS>	50256	0	0	-0.000102	-0.000102	2256	0.796686	[[2256, 2.36087], [1888, 1.564183], [2787, 0.893099], [1450, 0.853876], [1048, 0.848868]]
ENDPOINT_CONTROL__EAST_WEST__FIRST_REPEAT__THE_PHRASE__NONE	ENDPOINT_CONTROL	EAST_WEST	FIRST_REPEAT	THE_PHRASE	the phrase east east	1	the	1169	0	0	-0.058428	-0.000102	1790	0.119972	[[1790, 2.74375], [1888, 2.623779], [1203, 1.370484], [654, 1.287318], [1504, 1.273196]]
ENDPOINT_CONTROL__EAST_WEST__FIRST_REPEAT__THE_PHRASE__NONE	ENDPOINT_CONTROL	EAST_WEST	FIRST_REPEAT	THE_PHRASE	the phrase east east	2	 phrase	9546	0	0	-0.055584	-0.000102	2073	0.489396	[[2073, 3.233146], [1026, 1.694937], [2070, 1.648536], [388, 1.556334], [1888, 1.459668]]
ENDPOINT_CONTROL__EAST_WEST__FIRST_REPEAT__THE_PHRASE__NONE	ENDPOINT_CONTROL	EAST_WEST	FIRST_REPEAT	THE_PHRASE	the phrase east east	3	 east	7627	0	0	-0.008622	-0.000102	2073	0.489396	[[1888, 1.629508], [281, 1.620321], [1790, 1.521087], [2698, 1.245093], [1169, 1.059347]]
ENDPOINT_CONTROL__EAST_WEST__FIRST_REPEAT__THE_PHRASE__NONE	ENDPOINT_CONTROL	EAST_WEST	FIRST_REPEAT	THE_PHRASE	the phrase east east	4	 east	7627	1	1	-0.163841	-0.000102	2073	0.489396	[[281, 1.878568], [2566, 1.493456], [1284, 1.347507], [1691, 1.281179], [2753, 1.247965]]
ENDPOINT_CONTROL__EAST_WEST__REVERSED__THE_PHRASE__NONE	ENDPOINT_CONTROL	EAST_WEST	REVERSED	THE_PHRASE	the phrase west and east	0	<BOS>	50256	0	0	-0.000102	-0.000102	2256	0.796686	[[2256, 2.36087], [1888, 1.564183], [2787, 0.893099], [1450, 0.853876], [1048, 0.848868]]
ENDPOINT_CONTROL__EAST_WEST__REVERSED__THE_PHRASE__NONE	ENDPOINT_CONTROL	EAST_WEST	REVERSED	THE_PHRASE	the phrase west and east	1	the	1169	0	0	-0.058428	-0.000102	1790	0.119972	[[1790, 2.74375], [1888, 2.623779], [1203, 1.370484], [654, 1.287318], [1504, 1.273196]]
ENDPOINT_CONTROL__EAST_WEST__REVERSED__THE_PHRASE__NONE	ENDPOINT_CONTROL	EAST_WEST	REVERSED	THE_PHRASE	the phrase west and east	2	 phrase	9546	0	0	-0.055584	-0.000102	2073	0.489396	[[2073, 3.233146], [1026, 1.694937], [2070, 1.648536], [388, 1.556334], [1888, 1.459668]]
ENDPOINT_CONTROL__EAST_WEST__REVERSED__THE_PHRASE__NONE	ENDPOINT_CONTROL	EAST_WEST	REVERSED	THE_PHRASE	the phrase west and east	3	 west	7421	0	0	-0.008828	-0.000102	2073	0.489396	[[281, 1.721866], [1790, 1.664622], [1888, 1.610551], [2698, 1.211642], [2887, 1.206027]]
ENDPOINT_CONTROL__EAST_WEST__REVERSED__THE_PHRASE__NONE	ENDPOINT_CONTROL	EAST_WEST	REVERSED	THE_PHRASE	the phrase west and east	4	 and	290	0	0	-0.019322	-0.000102	2073	0.489396	[[1790, 1.709753], [194, 1.496736], [1284, 1.41804], [744, 1.293618], [1888, 1.287148]]
ENDPOINT_CONTROL__EAST_WEST__REVERSED__THE_PHRASE__NONE	ENDPOINT_CONTROL	EAST_WEST	REVERSED	THE_PHRASE	the phrase west and east	5	 east	7627	1	1	4.007256	4.007256	2659	0.211252	[[2659, 4.218507], [541, 4.007256], [638, 2.284193], [2317, 2.25088], [924, 1.797269]]
CORE_FACTORIAL__EAST_WEST__CC__THEY_SAID__NONE	CORE_FACTORIAL	EAST_WEST	CC	THEY_SAID	they said east and west	0	<BOS>	50256	0	0	-0.000102	-0.000102	2256	0.796686	[[2256, 2.36087], [1888, 1.564183], [2787, 0.893099], [1450, 0.853876], [1048, 0.848868]]
CORE_FACTORIAL__EAST_WEST__CC__THEY_SAID__NONE	CORE_FACTORIAL	EAST_WEST	CC	THEY_SAID	they said east and west	1	they	9930	0	0	-0.133193	-0.000102	2256	0.053377	[[1790, 2.307492], [1888, 2.21476], [234, 1.470804], [1169, 1.294994], [654, 1.246823]]
CORE_FACTORIAL__EAST_WEST__CC__THEY_SAID__NONE	CORE_FACTORIAL	EAST_WEST	CC	THEY_SAID	they said east and west	2	 said	531	0	0	-0.038379	-0.000102	2256	0.053377	[[2982, 1.845008], [932, 1.550615], [521, 1.429855], [38, 1.363183], [654, 1.281732]]
CORE_FACTORIAL__EAST_WEST__CC__THEY_SAID__NONE	CORE_FACTORIAL	EAST_WEST	CC	THEY_SAID	they said east and west	3	 east	7627	0	0	-0.041822	-0.000102	2256	0.053377	[[281, 1.968839], [1888, 1.894602], [1790, 1.779357], [1534, 1.592776], [2006, 1.131799]]
CORE_FACTORIAL__EAST_WEST__CC__THEY_SAID__NONE	CORE_FACTORIAL	EAST_WEST	CC	THEY_SAID	they said east and west	4	 and	290	0	0	-0.02169	-0.000102	2256	0.053377	[[1790, 2.191624], [1284, 1.458803], [1888, 1.440695], [2753, 1.340235], [2282, 1.300033]]
CORE_FACTORIAL__EAST_WEST__CC__THEY_SAID__NONE	CORE_FACTORIAL	EAST_WEST	CC	THEY_SAID	they said east and west	5	 west	7421	1	1	4.552054	4.552054	541	0.307302	[[541, 4.552054], [2659, 4.244753], [638, 2.405641], [2317, 2.345264], [2882, 2.144271]]
CORE_FACTORIAL__EAST_WEST__CA__THEY_SAID__NONE	CORE_FACTORIAL	EAST_WEST	CA	THEY_SAID	they said east and pencil	0	<BOS>	50256	0	0	-0.000102	-0.000102	2256	0.796686	[[2256, 2.36087], [1888, 1.564183], [2787, 0.893099], [1450, 0.853876], [1048, 0.848868]]
CORE_FACTORIAL__EAST_WEST__CA__THEY_SAID__NONE	CORE_FACTORIAL	EAST_WEST	CA	THEY_SAID	they said east and pencil	1	they	9930	0	0	-0.133193	-0.000102	2256	0.053377	[[1790, 2.307492], [1888, 2.21476], [234, 1.470804], [1169, 1.294994], [654, 1.246823]]
CORE_FACTORIAL__EAST_WEST__CA__THEY_SAID__NONE	CORE_FACTORIAL	EAST_WEST	CA	THEY_SAID	they said east and pencil	2	 said	531	0	0	-0.038379	-0.000102	2256	0.053377	[[2982, 1.845008], [932, 1.550615], [521, 1.429855], [38, 1.363183], [654, 1.281732]]
CORE_FACTORIAL__EAST_WEST__CA__THEY_SAID__NONE	CORE_FACTORIAL	EAST_WEST	CA	THEY_SAID	they said east and pencil	3	 east	7627	0	0	-0.041822	-0.000102	2256	0.053377	[[281, 1.968839], [1888, 1.894602], [1790, 1.779357], [1534, 1.592776], [2006, 1.131799]]
CORE_FACTORIAL__EAST_WEST__CA__THEY_SAID__NONE	CORE_FACTORIAL	EAST_WEST	CA	THEY_SAID	they said east and pencil	4	 and	290	0	0	-0.02169	-0.000102	2256	0.053377	[[1790, 2.191624], [1284, 1.458803], [1888, 1.440695], [2753, 1.340235], [2282, 1.300033]]
CORE_FACTORIAL__EAST_WEST__CA__THEY_SAID__NONE	CORE_FACTORIAL	EAST_WEST	CA	THEY_SAID	they said east and pencil	5	 pencil	21613	1	1	-0.164712	-0.000102	1888	0.845346	[[1888, 3.296858], [1790, 2.451512], [2330, 2.311632], [638, 1.609622], [654, 1.47408]]
CORE_FACTORIAL__EAST_WEST__AC__THEY_SAID__NONE	CORE_FACTORIAL	EAST_WEST	AC	THEY_SAID	they said pocket and west	0	<BOS>	50256	0	0	-0.000102	-0.000102	2256	0.796686	[[2256, 2.36087], [1888, 1.564183], [2787, 0.893099], [1450, 0.853876], [1048, 0.848868]]
CORE_FACTORIAL__EAST_WEST__AC__THEY_SAID__NONE	CORE_FACTORIAL	EAST_WEST	AC	THEY_SAID	they said pocket and west	1	they	9930	0	0	-0.133193	-0.000102	2256	0.053377	[[1790, 2.307492], [1888, 2.21476], [234, 1.470804], [1169, 1.294994], [654, 1.246823]]
CORE_FACTORIAL__EAST_WEST__AC__THEY_SAID__NONE	CORE_FACTORIAL	EAST_WEST	AC	THEY_SAID	they said pocket and west	2	 said	531	0	0	-0.038379	-0.000102	2256	0.053377	[[2982, 1.845008], [932, 1.550615], [521, 1.429855], [38, 1.363183], [654, 1.281732]]
CORE_FACTORIAL__EAST_WEST__AC__THEY_SAID__NONE	CORE_FACTORIAL	EAST_WEST	AC	THEY_SAID	they said pocket and west	3	 pocket	10000	0	0	-0.05408	-0.000102	1888	0.021046	[[1888, 2.713475], [1041, 2.692428], [1790, 2.553809], [654, 1.327041], [2090, 1.30946]]
CORE_FACTORIAL__EAST_WEST__AC__THEY_SAID__NONE	CORE_FACTORIAL	EAST_WEST	AC	THEY_SAID	they said pocket and west	4	 and	290	0	0	-0.011205	-0.000102	1888	0.021046	[[1790, 1.821885], [1003, 1.523328], [2753, 1.342915], [654, 1.318206], [1888, 1.284782]]
CORE_FACTORIAL__EAST_WEST__AC__THEY_SAID__NONE	CORE_FACTORIAL	EAST_WEST	AC	THEY_SAID	they said pocket and west	5	 west	7421	1	1	-0.113127	-0.000102	1888	0.021046	[[638, 1.755144], [1888, 1.614947], [1790, 1.431349], [815, 1.4012], [2753, 1.377946]]
CORE_FACTORIAL__EAST_WEST__AA__THEY_SAID__NONE	CORE_FACTORIAL	EAST_WEST	AA	THEY_SAID	they said pocket and pencil	0	<BOS>	50256	0	0	-0.000102	-0.000102	2256	0.796686	[[2256, 2.36087], [1888, 1.564183], [2787, 0.893099], [1450, 0.853876], [1048, 0.848868]]
CORE_FACTORIAL__EAST_WEST__AA__THEY_SAID__NONE	CORE_FACTORIAL	EAST_WEST	AA	THEY_SAID	they said pocket and pencil	1	they	9930	0	0	-0.133193	-0.000102	2256	0.053377	[[1790, 2.307492], [1888, 2.21476], [234, 1.470804], [1169, 1.294994], [654, 1.246823]]
CORE_FACTORIAL__EAST_WEST__AA__THEY_SAID__NONE	CORE_FACTORIAL	EAST_WEST	AA	THEY_SAID	they said pocket and pencil	2	 said	531	0	0	-0.038379	-0.000102	2256	0.053377	[[2982, 1.845008], [932, 1.550615], [521, 1.429855], [38, 1.363183], [654, 1.281732]]
CORE_FACTORIAL__EAST_WEST__AA__THEY_SAID__NONE	CORE_FACTORIAL	EAST_WEST	AA	THEY_SAID	they said pocket and pencil	3	 pocket	10000	0	0	-0.05408	-0.000102	1888	0.021046	[[1888, 2.713475], [1041, 2.692428], [1790, 2.553809], [654, 1.327041], [2090, 1.30946]]
CORE_FACTORIAL__EAST_WEST__AA__THEY_SAID__NONE	CORE_FACTORIAL	EAST_WEST	AA	THEY_SAID	they said pocket and pencil	4	 and	290	0	0	-0.011205	-0.000102	1888	0.021046	[[1790, 1.821885], [1003, 1.523328], [2753, 1.342915], [654, 1.318206], [1888, 1.284782]]
CORE_FACTORIAL__EAST_WEST__AA__THEY_SAID__NONE	CORE_FACTORIAL	EAST_WEST	AA	THEY_SAID	they said pocket and pencil	5	 pencil	21613	1	1	1.179948	1.179948	2659	0.259396	[[2659, 2.972871], [1888, 2.323501], [2330, 2.189977], [638, 1.884393], [2317, 1.536901]]
ENDPOINT_CONTROL__EAST_WEST__FULL_FRAME__THEY_SAID__NONE	ENDPOINT_CONTROL	EAST_WEST	FULL_FRAME	THEY_SAID	they said east and west	0	<BOS>	50256	0	0	-0.000102	-0.000102	2256	0.796686	[[2256, 2.36087], [1888, 1.564183], [2787, 0.893099], [1450, 0.853876], [1048, 0.848868]]
ENDPOINT_CONTROL__EAST_WEST__FULL_FRAME__THEY_SAID__NONE	ENDPOINT_CONTROL	EAST_WEST	FULL_FRAME	THEY_SAID	they said east and west	1	they	9930	0	0	-0.133193	-0.000102	2256	0.053377	[[1790, 2.307492], [1888, 2.21476], [234, 1.470804], [1169, 1.294994], [654, 1.246823]]
ENDPOINT_CONTROL__EAST_WEST__FULL_FRAME__THEY_SAID__NONE	ENDPOINT_CONTROL	EAST_WEST	FULL_FRAME	THEY_SAID	they said east and west	2	 said	531	0	0	-0.038379	-0.000102	2256	0.053377	[[2982, 1.845008], [932, 1.550615], [521, 1.429855], [38, 1.363183], [654, 1.281732]]
ENDPOINT_CONTROL__EAST_WEST__FULL_FRAME__THEY_SAID__NONE	ENDPOINT_CONTROL	EAST_WEST	FULL_FRAME	THEY_SAID	they said east and west	3	 east	7627	0	0	-0.041822	-0.000102	2256	0.053377	[[281, 1.968839], [1888, 1.894602], [1790, 1.779357], [1534, 1.592776], [2006, 1.131799]]
ENDPOINT_CONTROL__EAST_WEST__FULL_FRAME__THEY_SAID__NONE	ENDPOINT_CONTROL	EAST_WEST	FULL_FRAME	THEY_SAID	they said east and west	4	 and	290	0	0	-0.02169	-0.000102	2256	0.053377	[[1790, 2.191624], [1284, 1.458803], [1888, 1.440695], [2753, 1.340235], [2282, 1.300033]]
ENDPOINT_CONTROL__EAST_WEST__FULL_FRAME__THEY_SAID__NONE	ENDPOINT_CONTROL	EAST_WEST	FULL_FRAME	THEY_SAID	they said east and west	5	 west	7421	1	1	4.552054	4.552054	541	0.307302	[[541, 4.552054], [2659, 4.244753], [638, 2.405641], [2317, 2.345264], [2882, 2.144271]]
ENDPOINT_CONTROL__EAST_WEST__SECOND_ONLY__THEY_SAID__NONE	ENDPOINT_CONTROL	EAST_WEST	SECOND_ONLY	THEY_SAID	they said west	0	<BOS>	50256	0	0	-0.000102	-0.000102	2256	0.796686	[[2256, 2.36087], [1888, 1.564183], [2787, 0.893099], [1450, 0.853876], [1048, 0.848868]]
ENDPOINT_CONTROL__EAST_WEST__SECOND_ONLY__THEY_SAID__NONE	ENDPOINT_CONTROL	EAST_WEST	SECOND_ONLY	THEY_SAID	they said west	1	they	9930	0	0	-0.133193	-0.000102	2256	0.053377	[[1790, 2.307492], [1888, 2.21476], [234, 1.470804], [1169, 1.294994], [654, 1.246823]]
ENDPOINT_CONTROL__EAST_WEST__SECOND_ONLY__THEY_SAID__NONE	ENDPOINT_CONTROL	EAST_WEST	SECOND_ONLY	THEY_SAID	they said west	2	 said	531	0	0	-0.038379	-0.000102	2256	0.053377	[[2982, 1.845008], [932, 1.550615], [521, 1.429855], [38, 1.363183], [654, 1.281732]]
ENDPOINT_CONTROL__EAST_WEST__SECOND_ONLY__THEY_SAID__NONE	ENDPOINT_CONTROL	EAST_WEST	SECOND_ONLY	THEY_SAID	they said west	3	 west	7421	1	1	-0.052211	-0.000102	2256	0.053377	[[281, 2.274861], [1790, 1.921341], [1888, 1.904639], [1534, 1.481576], [2006, 1.399587]]
ENDPOINT_CONTROL__EAST_WEST__CONNECTOR_SECOND__THEY_SAID__NONE	ENDPOINT_CONTROL	EAST_WEST	CONNECTOR_SECOND	THEY_SAID	they said and west	0	<BOS>	50256	0	0	-0.000102	-0.000102	2256	0.796686	[[2256, 2.36087], [1888, 1.564183], [2787, 0.893099], [1450, 0.853876], [1048, 0.848868]]
ENDPOINT_CONTROL__EAST_WEST__CONNECTOR_SECOND__THEY_SAID__NONE	ENDPOINT_CONTROL	EAST_WEST	CONNECTOR_SECOND	THEY_SAID	they said and west	1	they	9930	0	0	-0.133193	-0.000102	2256	0.053377	[[1790, 2.307492], [1888, 2.21476], [234, 1.470804], [1169, 1.294994], [654, 1.246823]]
ENDPOINT_CONTROL__EAST_WEST__CONNECTOR_SECOND__THEY_SAID__NONE	ENDPOINT_CONTROL	EAST_WEST	CONNECTOR_SECOND	THEY_SAID	they said and west	2	 said	531	0	0	-0.038379	-0.000102	2256	0.053377	[[2982, 1.845008], [932, 1.550615], [521, 1.429855], [38, 1.363183], [654, 1.281732]]
ENDPOINT_CONTROL__EAST_WEST__CONNECTOR_SECOND__THEY_SAID__NONE	ENDPOINT_CONTROL	EAST_WEST	CONNECTOR_SECOND	THEY_SAID	they said and west	3	 and	290	0	0	-0.025332	-0.000102	1953	0.231451	[[1953, 2.592321], [1790, 2.187105], [869, 1.756977], [712, 1.749517], [1457, 1.466317]]
ENDPOINT_CONTROL__EAST_WEST__CONNECTOR_SECOND__THEY_SAID__NONE	ENDPOINT_CONTROL	EAST_WEST	CONNECTOR_SECOND	THEY_SAID	they said and west	4	 west	7421	1	1	-0.075459	-0.000102	1953	0.231451	[[1888, 2.016149], [1790, 1.906431], [281, 1.823539], [2006, 1.486705], [2179, 1.322983]]
ENDPOINT_CONTROL__EAST_WEST__FIRST_SECOND__THEY_SAID__NONE	ENDPOINT_CONTROL	EAST_WEST	FIRST_SECOND	THEY_SAID	they said east west	0	<BOS>	50256	0	0	-0.000102	-0.000102	2256	0.796686	[[2256, 2.36087], [1888, 1.564183], [2787, 0.893099], [1450, 0.853876], [1048, 0.848868]]
ENDPOINT_CONTROL__EAST_WEST__FIRST_SECOND__THEY_SAID__NONE	ENDPOINT_CONTROL	EAST_WEST	FIRST_SECOND	THEY_SAID	they said east west	1	they	9930	0	0	-0.133193	-0.000102	2256	0.053377	[[1790, 2.307492], [1888, 2.21476], [234, 1.470804], [1169, 1.294994], [654, 1.246823]]
ENDPOINT_CONTROL__EAST_WEST__FIRST_SECOND__THEY_SAID__NONE	ENDPOINT_CONTROL	EAST_WEST	FIRST_SECOND	THEY_SAID	they said east west	2	 said	531	0	0	-0.038379	-0.000102	2256	0.053377	[[2982, 1.845008], [932, 1.550615], [521, 1.429855], [38, 1.363183], [654, 1.281732]]
ENDPOINT_CONTROL__EAST_WEST__FIRST_SECOND__THEY_SAID__NONE	ENDPOINT_CONTROL	EAST_WEST	FIRST_SECOND	THEY_SAID	they said east west	3	 east	7627	0	0	-0.041822	-0.000102	2256	0.053377	[[281, 1.968839], [1888, 1.894602], [1790, 1.779357], [1534, 1.592776], [2006, 1.131799]]
ENDPOINT_CONTROL__EAST_WEST__FIRST_SECOND__THEY_SAID__NONE	ENDPOINT_CONTROL	EAST_WEST	FIRST_SECOND	THEY_SAID	they said east west	4	 west	7421	1	1	-0.02049	-0.000102	2256	0.053377	[[281, 2.030203], [1790, 1.652041], [1284, 1.552315], [2542, 1.537893], [477, 1.522594]]
ENDPOINT_CONTROL__EAST_WEST__ARBFIRST_SECOND__THEY_SAID__NONE	ENDPOINT_CONTROL	EAST_WEST	ARBFIRST_SECOND	THEY_SAID	they said pocket west	0	<BOS>	50256	0	0	-0.000102	-0.000102	2256	0.796686	[[2256, 2.36087], [1888, 1.564183], [2787, 0.893099], [1450, 0.853876], [1048, 0.848868]]
ENDPOINT_CONTROL__EAST_WEST__ARBFIRST_SECOND__THEY_SAID__NONE	ENDPOINT_CONTROL	EAST_WEST	ARBFIRST_SECOND	THEY_SAID	they said pocket west	1	they	9930	0	0	-0.133193	-0.000102	2256	0.053377	[[1790, 2.307492], [1888, 2.21476], [234, 1.470804], [1169, 1.294994], [654, 1.246823]]
ENDPOINT_CONTROL__EAST_WEST__ARBFIRST_SECOND__THEY_SAID__NONE	ENDPOINT_CONTROL	EAST_WEST	ARBFIRST_SECOND	THEY_SAID	they said pocket west	2	 said	531	0	0	-0.038379	-0.000102	2256	0.053377	[[2982, 1.845008], [932, 1.550615], [521, 1.429855], [38, 1.363183], [654, 1.281732]]
ENDPOINT_CONTROL__EAST_WEST__ARBFIRST_SECOND__THEY_SAID__NONE	ENDPOINT_CONTROL	EAST_WEST	ARBFIRST_SECOND	THEY_SAID	they said pocket west	3	 pocket	10000	0	0	-0.05408	-0.000102	1888	0.021046	[[1888, 2.713475], [1041, 2.692428], [1790, 2.553809], [654, 1.327041], [2090, 1.30946]]
ENDPOINT_CONTROL__EAST_WEST__ARBFIRST_SECOND__THEY_SAID__NONE	ENDPOINT_CONTROL	EAST_WEST	ARBFIRST_SECOND	THEY_SAID	they said pocket west	4	 west	7421	1	1	-0.026768	-0.000102	1888	0.021046	[[281, 1.925976], [1790, 1.788743], [221, 1.568172], [1888, 1.407658], [2126, 1.143129]]
ENDPOINT_CONTROL__EAST_WEST__FIRST_REPEAT__THEY_SAID__NONE	ENDPOINT_CONTROL	EAST_WEST	FIRST_REPEAT	THEY_SAID	they said east east	0	<BOS>	50256	0	0	-0.000102	-0.000102	2256	0.796686	[[2256, 2.36087], [1888, 1.564183], [2787, 0.893099], [1450, 0.853876], [1048, 0.848868]]
ENDPOINT_CONTROL__EAST_WEST__FIRST_REPEAT__THEY_SAID__NONE	ENDPOINT_CONTROL	EAST_WEST	FIRST_REPEAT	THEY_SAID	they said east east	1	they	9930	0	0	-0.133193	-0.000102	2256	0.053377	[[1790, 2.307492], [1888, 2.21476], [234, 1.470804], [1169, 1.294994], [654, 1.246823]]
ENDPOINT_CONTROL__EAST_WEST__FIRST_REPEAT__THEY_SAID__NONE	ENDPOINT_CONTROL	EAST_WEST	FIRST_REPEAT	THEY_SAID	they said east east	2	 said	531	0	0	-0.038379	-0.000102	2256	0.053377	[[2982, 1.845008], [932, 1.550615], [521, 1.429855], [38, 1.363183], [654, 1.281732]]
ENDPOINT_CONTROL__EAST_WEST__FIRST_REPEAT__THEY_SAID__NONE	ENDPOINT_CONTROL	EAST_WEST	FIRST_REPEAT	THEY_SAID	they said east east	3	 east	7627	0	0	-0.041822	-0.000102	2256	0.053377	[[281, 1.968839], [1888, 1.894602], [1790, 1.779357], [1534, 1.592776], [2006, 1.131799]]
ENDPOINT_CONTROL__EAST_WEST__FIRST_REPEAT__THEY_SAID__NONE	ENDPOINT_CONTROL	EAST_WEST	FIRST_REPEAT	THEY_SAID	they said east east	4	 east	7627	1	1	-0.139724	-0.000102	2256	0.053377	[[281, 2.180916], [2566, 1.867136], [1691, 1.82083], [1284, 1.423391], [81, 1.369166]]
ENDPOINT_CONTROL__EAST_WEST__REVERSED__THEY_SAID__NONE	ENDPOINT_CONTROL	EAST_WEST	REVERSED	THEY_SAID	they said west and east	0	<BOS>	50256	0	0	-0.000102	-0.000102	2256	0.796686	[[2256, 2.36087], [1888, 1.564183], [2787, 0.893099], [1450, 0.853876], [1048, 0.848868]]
ENDPOINT_CONTROL__EAST_WEST__REVERSED__THEY_SAID__NONE	ENDPOINT_CONTROL	EAST_WEST	REVERSED	THEY_SAID	they said west and east	1	they	9930	0	0	-0.133193	-0.000102	2256	0.053377	[[1790, 2.307492], [1888, 2.21476], [234, 1.470804], [1169, 1.294994], [654, 1.246823]]
ENDPOINT_CONTROL__EAST_WEST__REVERSED__THEY_SAID__NONE	ENDPOINT_CONTROL	EAST_WEST	REVERSED	THEY_SAID	they said west and east	2	 said	531	0	0	-0.038379	-0.000102	2256	0.053377	[[2982, 1.845008], [932, 1.550615], [521, 1.429855], [38, 1.363183], [654, 1.281732]]
ENDPOINT_CONTROL__EAST_WEST__REVERSED__THEY_SAID__NONE	ENDPOINT_CONTROL	EAST_WEST	REVERSED	THEY_SAID	they said west and east	3	 west	7421	0	0	-0.052211	-0.000102	2256	0.053377	[[281, 2.274861], [1790, 1.921341], [1888, 1.904639], [1534, 1.481576], [2006, 1.399587]]
ENDPOINT_CONTROL__EAST_WEST__REVERSED__THEY_SAID__NONE	ENDPOINT_CONTROL	EAST_WEST	REVERSED	THEY_SAID	they said west and east	4	 and	290	0	0	-0.037908	-0.000102	2256	0.053377	[[1790, 2.14905], [1888, 1.467031], [1284, 1.296187], [2753, 1.111116], [2083, 0.964737]]
ENDPOINT_CONTROL__EAST_WEST__REVERSED__THEY_SAID__NONE	ENDPOINT_CONTROL	EAST_WEST	REVERSED	THEY_SAID	they said west and east	5	 east	7627	1	1	4.256138	4.256138	541	0.026908	[[541, 4.256138], [2659, 4.22923], [638, 2.441334], [2317, 2.281398], [2753, 1.913834]]
CONNECTOR_MATRIX__UP_DOWN__AND__BARE__NONE	CONNECTOR_MATRIX	UP_DOWN	AND	BARE	up and down	0	<BOS>	50256	0	0	-0.000102	-0.000102	2256	0.796686	[[2256, 2.36087], [1888, 1.564183], [2787, 0.893099], [1450, 0.853876], [1048, 0.848868]]
CONNECTOR_MATRIX__UP_DOWN__AND__BARE__NONE	CONNECTOR_MATRIX	UP_DOWN	AND	BARE	up and down	1	up	929	0	0	-0.087442	-0.000102	1790	0.085894	[[1790, 2.853053], [1888, 2.767158], [654, 1.632336], [1998, 1.537572], [2588, 1.340617]]
CONNECTOR_MATRIX__UP_DOWN__AND__BARE__NONE	CONNECTOR_MATRIX	UP_DOWN	AND	BARE	up and down	2	 and	290	0	0	-0.056431	-0.000102	1790	0.085894	[[62, 2.662341], [2229, 2.113837], [2664, 1.807616], [2973, 1.751245], [1011, 1.627674]]
CONNECTOR_MATRIX__UP_DOWN__AND__BARE__NONE	CONNECTOR_MATRIX	UP_DOWN	AND	BARE	up and down	3	 down	866	1	1	4.121797	4.121797	541	1.122365	[[541, 4.121797], [2659, 2.999432], [2898, 2.155427], [2753, 2.009839], [1691, 1.707379]]
CONNECTOR_MATRIX__UP_DOWN__OR__BARE__NONE	CONNECTOR_MATRIX	UP_DOWN	OR	BARE	up or down	0	<BOS>	50256	0	0	-0.000102	-0.000102	2256	0.796686	[[2256, 2.36087], [1888, 1.564183], [2787, 0.893099], [1450, 0.853876], [1048, 0.848868]]
CONNECTOR_MATRIX__UP_DOWN__OR__BARE__NONE	CONNECTOR_MATRIX	UP_DOWN	OR	BARE	up or down	1	up	929	0	0	-0.087442	-0.000102	1790	0.085894	[[1790, 2.853053], [1888, 2.767158], [654, 1.632336], [1998, 1.537572], [2588, 1.340617]]
CONNECTOR_MATRIX__UP_DOWN__OR__BARE__NONE	CONNECTOR_MATRIX	UP_DOWN	OR	BARE	up or down	2	 or	393	0	0	-0.033345	-0.000102	1790	0.085894	[[2664, 1.829503], [2973, 1.628081], [27, 1.609785], [2166, 1.518604], [495, 1.397725]]
CONNECTOR_MATRIX__UP_DOWN__OR__BARE__NONE	CONNECTOR_MATRIX	UP_DOWN	OR	BARE	up or down	3	 down	866	1	1	3.869455	3.869455	541	0.493304	[[541, 3.869455], [2659, 3.376152], [638, 2.246455], [1691, 1.864086], [2898, 1.777489]]
CONNECTOR_MATRIX__UP_DOWN__TO__BARE__NONE	CONNECTOR_MATRIX	UP_DOWN	TO	BARE	up to down	0	<BOS>	50256	0	0	-0.000102	-0.000102	2256	0.796686	[[2256, 2.36087], [1888, 1.564183], [2787, 0.893099], [1450, 0.853876], [1048, 0.848868]]
CONNECTOR_MATRIX__UP_DOWN__TO__BARE__NONE	CONNECTOR_MATRIX	UP_DOWN	TO	BARE	up to down	1	up	929	0	0	-0.087442	-0.000102	1790	0.085894	[[1790, 2.853053], [1888, 2.767158], [654, 1.632336], [1998, 1.537572], [2588, 1.340617]]
CONNECTOR_MATRIX__UP_DOWN__TO__BARE__NONE	CONNECTOR_MATRIX	UP_DOWN	TO	BARE	up to down	2	 to	284	0	0	-0.124489	-0.000102	62	0.091754	[[62, 2.944807], [1481, 1.976011], [1790, 1.669186], [524, 1.655107], [1126, 1.63266]]
CONNECTOR_MATRIX__UP_DOWN__TO__BARE__NONE	CONNECTOR_MATRIX	UP_DOWN	TO	BARE	up to down	3	 down	866	1	1	1.744582	1.744582	62	0.091754	[[1790, 1.898058], [1888, 1.851029], [541, 1.744582], [1422, 1.496641], [2704, 1.471895]]
CONNECTOR_MATRIX__UP_DOWN__BY__BARE__NONE	CONNECTOR_MATRIX	UP_DOWN	BY	BARE	up by down	0	<BOS>	50256	0	0	-0.000102	-0.000102	2256	0.796686	[[2256, 2.36087], [1888, 1.564183], [2787, 0.893099], [1450, 0.853876], [1048, 0.848868]]
CONNECTOR_MATRIX__UP_DOWN__BY__BARE__NONE	CONNECTOR_MATRIX	UP_DOWN	BY	BARE	up by down	1	up	929	0	0	-0.087442	-0.000102	1790	0.085894	[[1790, 2.853053], [1888, 2.767158], [654, 1.632336], [1998, 1.537572], [2588, 1.340617]]
CONNECTOR_MATRIX__UP_DOWN__BY__BARE__NONE	CONNECTOR_MATRIX	UP_DOWN	BY	BARE	up by down	2	 by	416	0	0	-0.128674	-0.000102	1790	0.085894	[[2551, 2.40902], [1790, 1.961913], [1888, 1.874151], [230, 1.238199], [1316, 1.236394]]
CONNECTOR_MATRIX__UP_DOWN__BY__BARE__NONE	CONNECTOR_MATRIX	UP_DOWN	BY	BARE	up by down	3	 down	866	1	1	1.8261	1.8261	971	0.154853	[[971, 3.007906], [2995, 2.15091], [541, 1.8261], [2704, 1.756321], [1888, 1.669152]]
CONNECTOR_MATRIX__UP_DOWN__AFTER__BARE__NONE	CONNECTOR_MATRIX	UP_DOWN	AFTER	BARE	up after down	0	<BOS>	50256	0	0	-0.000102	-0.000102	2256	0.796686	[[2256, 2.36087], [1888, 1.564183], [2787, 0.893099], [1450, 0.853876], [1048, 0.848868]]
CONNECTOR_MATRIX__UP_DOWN__AFTER__BARE__NONE	CONNECTOR_MATRIX	UP_DOWN	AFTER	BARE	up after down	1	up	929	0	0	-0.087442	-0.000102	1790	0.085894	[[1790, 2.853053], [1888, 2.767158], [654, 1.632336], [1998, 1.537572], [2588, 1.340617]]
CONNECTOR_MATRIX__UP_DOWN__AFTER__BARE__NONE	CONNECTOR_MATRIX	UP_DOWN	AFTER	BARE	up after down	2	 after	706	0	0	-0.156182	-0.000102	1790	0.085894	[[1790, 1.797523], [1888, 1.316964], [576, 1.302618], [62, 1.257194], [2082, 1.246897]]
CONNECTOR_MATRIX__UP_DOWN__AFTER__BARE__NONE	CONNECTOR_MATRIX	UP_DOWN	AFTER	BARE	up after down	3	 down	866	1	1	0.918375	0.918375	1790	0.085894	[[1790, 1.878819], [1888, 1.767897], [2167, 1.534571], [2995, 1.393387], [2704, 1.370594]]
CONNECTOR_MATRIX__UP_DOWN__AND__V9_SPACE__NONE	CONNECTOR_MATRIX	UP_DOWN	AND	V9_SPACE	 up and down	0	<BOS>	50256	0	0	-0.000102	-0.000102	2256	0.796686	[[2256, 2.36087], [1888, 1.564183], [2787, 0.893099], [1450, 0.853876], [1048, 0.848868]]
CONNECTOR_MATRIX__UP_DOWN__AND__V9_SPACE__NONE	CONNECTOR_MATRIX	UP_DOWN	AND	V9_SPACE	 up and down	1	 up	510	0	0	-0.111532	-0.000102	1790	0.054773	[[1790, 3.028116], [464, 2.973342], [1888, 2.912612], [654, 1.680092], [1998, 1.657843]]
CONNECTOR_MATRIX__UP_DOWN__AND__V9_SPACE__NONE	CONNECTOR_MATRIX	UP_DOWN	AND	V9_SPACE	 up and down	2	 and	290	0	0	-0.028836	-0.000102	1790	0.054773	[[2229, 2.149246], [194, 2.085674], [62, 2.069985], [2664, 1.815553], [2345, 1.703913]]
CONNECTOR_MATRIX__UP_DOWN__AND__V9_SPACE__NONE	CONNECTOR_MATRIX	UP_DOWN	AND	V9_SPACE	 up and down	3	 down	866	1	1	4.184617	4.184617	541	1.156502	[[541, 4.184617], [2659, 2.812319], [2898, 2.160294], [1691, 1.966876], [2753, 1.843945]]
CONNECTOR_MATRIX__UP_DOWN__OR__V9_SPACE__NONE	CONNECTOR_MATRIX	UP_DOWN	OR	V9_SPACE	 up or down	0	<BOS>	50256	0	0	-0.000102	-0.000102	2256	0.796686	[[2256, 2.36087], [1888, 1.564183], [2787, 0.893099], [1450, 0.853876], [1048, 0.848868]]
CONNECTOR_MATRIX__UP_DOWN__OR__V9_SPACE__NONE	CONNECTOR_MATRIX	UP_DOWN	OR	V9_SPACE	 up or down	1	 up	510	0	0	-0.111532	-0.000102	1790	0.054773	[[1790, 3.028116], [464, 2.973342], [1888, 2.912612], [654, 1.680092], [1998, 1.657843]]
CONNECTOR_MATRIX__UP_DOWN__OR__V9_SPACE__NONE	CONNECTOR_MATRIX	UP_DOWN	OR	V9_SPACE	 up or down	2	 or	393	0	0	-0.005372	-0.000102	1790	0.054773	[[2664, 1.719797], [1790, 1.701512], [1888, 1.536502], [27, 1.516353], [2345, 1.484369]]
CONNECTOR_MATRIX__UP_DOWN__OR__V9_SPACE__NONE	CONNECTOR_MATRIX	UP_DOWN	OR	V9_SPACE	 up or down	3	 down	866	1	1	3.857386	3.857386	541	0.70234	[[541, 3.857386], [2659, 3.155046], [638, 2.039811], [1691, 1.970847], [383, 1.769776]]
CONNECTOR_MATRIX__UP_DOWN__TO__V9_SPACE__NONE	CONNECTOR_MATRIX	UP_DOWN	TO	V9_SPACE	 up to down	0	<BOS>	50256	0	0	-0.000102	-0.000102	2256	0.796686	[[2256, 2.36087], [1888, 1.564183], [2787, 0.893099], [1450, 0.853876], [1048, 0.848868]]
CONNECTOR_MATRIX__UP_DOWN__TO__V9_SPACE__NONE	CONNECTOR_MATRIX	UP_DOWN	TO	V9_SPACE	 up to down	1	 up	510	0	0	-0.111532	-0.000102	1790	0.054773	[[1790, 3.028116], [464, 2.973342], [1888, 2.912612], [654, 1.680092], [1998, 1.657843]]
CONNECTOR_MATRIX__UP_DOWN__TO__V9_SPACE__NONE	CONNECTOR_MATRIX	UP_DOWN	TO	V9_SPACE	 up to down	2	 to	284	0	0	-0.075784	-0.000102	1790	0.054773	[[62, 2.887326], [1790, 1.846924], [1446, 1.807603], [1481, 1.802988], [297, 1.7451]]
CONNECTOR_MATRIX__UP_DOWN__TO__V9_SPACE__NONE	CONNECTOR_MATRIX	UP_DOWN	TO	V9_SPACE	 up to down	3	 down	866	1	1	2.501033	2.501033	1790	0.054773	[[541, 2.501033], [1790, 2.053541], [1888, 1.922025], [1422, 1.476473], [2704, 1.421431]]
CONNECTOR_MATRIX__UP_DOWN__BY__V9_SPACE__NONE	CONNECTOR_MATRIX	UP_DOWN	BY	V9_SPACE	 up by down	0	<BOS>	50256	0	0	-0.000102	-0.000102	2256	0.796686	[[2256, 2.36087], [1888, 1.564183], [2787, 0.893099], [1450, 0.853876], [1048, 0.848868]]
CONNECTOR_MATRIX__UP_DOWN__BY__V9_SPACE__NONE	CONNECTOR_MATRIX	UP_DOWN	BY	V9_SPACE	 up by down	1	 up	510	0	0	-0.111532	-0.000102	1790	0.054773	[[1790, 3.028116], [464, 2.973342], [1888, 2.912612], [654, 1.680092], [1998, 1.657843]]
CONNECTOR_MATRIX__UP_DOWN__BY__V9_SPACE__NONE	CONNECTOR_MATRIX	UP_DOWN	BY	V9_SPACE	 up by down	2	 by	416	0	0	-0.124106	-0.000102	1790	0.054773	[[1790, 2.210503], [1888, 2.089186], [2551, 2.066231], [801, 1.342082], [1138, 1.252019]]
CONNECTOR_MATRIX__UP_DOWN__BY__V9_SPACE__NONE	CONNECTOR_MATRIX	UP_DOWN	BY	V9_SPACE	 up by down	3	 down	866	1	1	2.90892	2.90892	971	0.077135	[[971, 3.105251], [541, 2.90892], [2659, 2.225869], [99, 2.21404], [2566, 2.203228]]
CONNECTOR_MATRIX__UP_DOWN__AFTER__V9_SPACE__NONE	CONNECTOR_MATRIX	UP_DOWN	AFTER	V9_SPACE	 up after down	0	<BOS>	50256	0	0	-0.000102	-0.000102	2256	0.796686	[[2256, 2.36087], [1888, 1.564183], [2787, 0.893099], [1450, 0.853876], [1048, 0.848868]]
CONNECTOR_MATRIX__UP_DOWN__AFTER__V9_SPACE__NONE	CONNECTOR_MATRIX	UP_DOWN	AFTER	V9_SPACE	 up after down	1	 up	510	0	0	-0.111532	-0.000102	1790	0.054773	[[1790, 3.028116], [464, 2.973342], [1888, 2.912612], [654, 1.680092], [1998, 1.657843]]
CONNECTOR_MATRIX__UP_DOWN__AFTER__V9_SPACE__NONE	CONNECTOR_MATRIX	UP_DOWN	AFTER	V9_SPACE	 up after down	2	 after	706	0	0	-0.135689	-0.000102	1790	0.054773	[[1790, 2.020237], [2538, 1.629537], [1888, 1.476973], [2710, 1.392199], [2883, 1.344021]]
CONNECTOR_MATRIX__UP_DOWN__AFTER__V9_SPACE__NONE	CONNECTOR_MATRIX	UP_DOWN	AFTER	V9_SPACE	 up after down	3	 down	866	1	1	1.247562	1.247562	1790	0.054773	[[1790, 2.01351], [1888, 1.691473], [2566, 1.555447], [2167, 1.554187], [99, 1.492492]]
CONNECTOR_MATRIX__UP_DOWN__AND__THE_PHRASE__NONE	CONNECTOR_MATRIX	UP_DOWN	AND	THE_PHRASE	the phrase up and down	0	<BOS>	50256	0	0	-0.000102	-0.000102	2256	0.796686	[[2256, 2.36087], [1888, 1.564183], [2787, 0.893099], [1450, 0.853876], [1048, 0.848868]]
CONNECTOR_MATRIX__UP_DOWN__AND__THE_PHRASE__NONE	CONNECTOR_MATRIX	UP_DOWN	AND	THE_PHRASE	the phrase up and down	1	the	1169	0	0	-0.058428	-0.000102	1790	0.119972	[[1790, 2.74375], [1888, 2.623779], [1203, 1.370484], [654, 1.287318], [1504, 1.273196]]
CONNECTOR_MATRIX__UP_DOWN__AND__THE_PHRASE__NONE	CONNECTOR_MATRIX	UP_DOWN	AND	THE_PHRASE	the phrase up and down	2	 phrase	9546	0	0	-0.055584	-0.000102	2073	0.489396	[[2073, 3.233146], [1026, 1.694937], [2070, 1.648536], [388, 1.556334], [1888, 1.459668]]
CONNECTOR_MATRIX__UP_DOWN__AND__THE_PHRASE__NONE	CONNECTOR_MATRIX	UP_DOWN	AND	THE_PHRASE	the phrase up and down	3	 up	510	0	0	-0.008824	-0.000102	2073	0.489396	[[1790, 2.133716], [1888, 2.126585], [183, 1.563705], [2608, 1.417978], [1048, 1.337124]]
CONNECTOR_MATRIX__UP_DOWN__AND__THE_PHRASE__NONE	CONNECTOR_MATRIX	UP_DOWN	AND	THE_PHRASE	the phrase up and down	4	 and	290	0	0	-0.027487	-0.000102	2073	0.489396	[[62, 2.376736], [194, 1.888555], [2664, 1.814186], [2345, 1.783548], [2229, 1.672581]]
CONNECTOR_MATRIX__UP_DOWN__AND__THE_PHRASE__NONE	CONNECTOR_MATRIX	UP_DOWN	AND	THE_PHRASE	the phrase up and down	5	 down	866	1	1	4.404448	4.404448	541	1.092177	[[541, 4.404448], [2659, 3.31227], [2852, 1.910663], [2898, 1.71614], [2753, 1.60014]]
CONNECTOR_MATRIX__UP_DOWN__OR__THE_PHRASE__NONE	CONNECTOR_MATRIX	UP_DOWN	OR	THE_PHRASE	the phrase up or down	0	<BOS>	50256	0	0	-0.000102	-0.000102	2256	0.796686	[[2256, 2.36087], [1888, 1.564183], [2787, 0.893099], [1450, 0.853876], [1048, 0.848868]]
CONNECTOR_MATRIX__UP_DOWN__OR__THE_PHRASE__NONE	CONNECTOR_MATRIX	UP_DOWN	OR	THE_PHRASE	the phrase up or down	1	the	1169	0	0	-0.058428	-0.000102	1790	0.119972	[[1790, 2.74375], [1888, 2.623779], [1203, 1.370484], [654, 1.287318], [1504, 1.273196]]
CONNECTOR_MATRIX__UP_DOWN__OR__THE_PHRASE__NONE	CONNECTOR_MATRIX	UP_DOWN	OR	THE_PHRASE	the phrase up or down	2	 phrase	9546	0	0	-0.055584	-0.000102	2073	0.489396	[[2073, 3.233146], [1026, 1.694937], [2070, 1.648536], [388, 1.556334], [1888, 1.459668]]
CONNECTOR_MATRIX__UP_DOWN__OR__THE_PHRASE__NONE	CONNECTOR_MATRIX	UP_DOWN	OR	THE_PHRASE	the phrase up or down	3	 up	510	0	0	-0.008824	-0.000102	2073	0.489396	[[1790, 2.133716], [1888, 2.126585], [183, 1.563705], [2608, 1.417978], [1048, 1.337124]]
CONNECTOR_MATRIX__UP_DOWN__OR__THE_PHRASE__NONE	CONNECTOR_MATRIX	UP_DOWN	OR	THE_PHRASE	the phrase up or down	4	 or	393	0	0	-0.002803	-0.000102	2073	0.489396	[[2973, 1.788943], [2664, 1.777201], [744, 1.67951], [2345, 1.674843], [27, 1.646207]]
CONNECTOR_MATRIX__UP_DOWN__OR__THE_PHRASE__NONE	CONNECTOR_MATRIX	UP_DOWN	OR	THE_PHRASE	the phrase up or down	5	 down	866	1	1	4.516505	4.516505	541	0.303062	[[541, 4.516505], [2659, 4.213442], [1348, 1.815419], [638, 1.727132], [2317, 1.639006]]
CONNECTOR_MATRIX__UP_DOWN__TO__THE_PHRASE__NONE	CONNECTOR_MATRIX	UP_DOWN	TO	THE_PHRASE	the phrase up to down	0	<BOS>	50256	0	0	-0.000102	-0.000102	2256	0.796686	[[2256, 2.36087], [1888, 1.564183], [2787, 0.893099], [1450, 0.853876], [1048, 0.848868]]
CONNECTOR_MATRIX__UP_DOWN__TO__THE_PHRASE__NONE	CONNECTOR_MATRIX	UP_DOWN	TO	THE_PHRASE	the phrase up to down	1	the	1169	0	0	-0.058428	-0.000102	1790	0.119972	[[1790, 2.74375], [1888, 2.623779], [1203, 1.370484], [654, 1.287318], [1504, 1.273196]]
CONNECTOR_MATRIX__UP_DOWN__TO__THE_PHRASE__NONE	CONNECTOR_MATRIX	UP_DOWN	TO	THE_PHRASE	the phrase up to down	2	 phrase	9546	0	0	-0.055584	-0.000102	2073	0.489396	[[2073, 3.233146], [1026, 1.694937], [2070, 1.648536], [388, 1.556334], [1888, 1.459668]]
CONNECTOR_MATRIX__UP_DOWN__TO__THE_PHRASE__NONE	CONNECTOR_MATRIX	UP_DOWN	TO	THE_PHRASE	the phrase up to down	3	 up	510	0	0	-0.008824	-0.000102	2073	0.489396	[[1790, 2.133716], [1888, 2.126585], [183, 1.563705], [2608, 1.417978], [1048, 1.337124]]
CONNECTOR_MATRIX__UP_DOWN__TO__THE_PHRASE__NONE	CONNECTOR_MATRIX	UP_DOWN	TO	THE_PHRASE	the phrase up to down	4	 to	284	0	0	-0.057802	-0.000102	2073	0.489396	[[62, 2.701427], [1790, 1.934454], [524, 1.828075], [27, 1.811951], [1481, 1.71]]
CONNECTOR_MATRIX__UP_DOWN__TO__THE_PHRASE__NONE	CONNECTOR_MATRIX	UP_DOWN	TO	THE_PHRASE	the phrase up to down	5	 down	866	1	1	3.049042	3.049042	2073	0.184105	[[541, 3.049042], [1790, 1.914479], [1888, 1.870438], [2704, 1.808227], [2659, 1.520823]]
CONNECTOR_MATRIX__UP_DOWN__BY__THE_PHRASE__NONE	CONNECTOR_MATRIX	UP_DOWN	BY	THE_PHRASE	the phrase up by down	0	<BOS>	50256	0	0	-0.000102	-0.000102	2256	0.796686	[[2256, 2.36087], [1888, 1.564183], [2787, 0.893099], [1450, 0.853876], [1048, 0.848868]]
CONNECTOR_MATRIX__UP_DOWN__BY__THE_PHRASE__NONE	CONNECTOR_MATRIX	UP_DOWN	BY	THE_PHRASE	the phrase up by down	1	the	1169	0	0	-0.058428	-0.000102	1790	0.119972	[[1790, 2.74375], [1888, 2.623779], [1203, 1.370484], [654, 1.287318], [1504, 1.273196]]
CONNECTOR_MATRIX__UP_DOWN__BY__THE_PHRASE__NONE	CONNECTOR_MATRIX	UP_DOWN	BY	THE_PHRASE	the phrase up by down	2	 phrase	9546	0	0	-0.055584	-0.000102	2073	0.489396	[[2073, 3.233146], [1026, 1.694937], [2070, 1.648536], [388, 1.556334], [1888, 1.459668]]
CONNECTOR_MATRIX__UP_DOWN__BY__THE_PHRASE__NONE	CONNECTOR_MATRIX	UP_DOWN	BY	THE_PHRASE	the phrase up by down	3	 up	510	0	0	-0.008824	-0.000102	2073	0.489396	[[1790, 2.133716], [1888, 2.126585], [183, 1.563705], [2608, 1.417978], [1048, 1.337124]]
CONNECTOR_MATRIX__UP_DOWN__BY__THE_PHRASE__NONE	CONNECTOR_MATRIX	UP_DOWN	BY	THE_PHRASE	the phrase up by down	4	 by	416	0	0	-0.061245	-0.000102	2073	0.489396	[[1888, 1.908197], [2551, 1.670203], [1836, 1.60299], [801, 1.486741], [654, 1.346508]]
CONNECTOR_MATRIX__UP_DOWN__BY__THE_PHRASE__NONE	CONNECTOR_MATRIX	UP_DOWN	BY	THE_PHRASE	the phrase up by down	5	 down	866	1	1	1.685719	1.685719	2073	0.489396	[[971, 2.289899], [2704, 2.110382], [1888, 1.94444], [1790, 1.909958], [2659, 1.724021]]
CONNECTOR_MATRIX__UP_DOWN__AFTER__THE_PHRASE__NONE	CONNECTOR_MATRIX	UP_DOWN	AFTER	THE_PHRASE	the phrase up after down	0	<BOS>	50256	0	0	-0.000102	-0.000102	2256	0.796686	[[2256, 2.36087], [1888, 1.564183], [2787, 0.893099], [1450, 0.853876], [1048, 0.848868]]
CONNECTOR_MATRIX__UP_DOWN__AFTER__THE_PHRASE__NONE	CONNECTOR_MATRIX	UP_DOWN	AFTER	THE_PHRASE	the phrase up after down	1	the	1169	0	0	-0.058428	-0.000102	1790	0.119972	[[1790, 2.74375], [1888, 2.623779], [1203, 1.370484], [654, 1.287318], [1504, 1.273196]]
CONNECTOR_MATRIX__UP_DOWN__AFTER__THE_PHRASE__NONE	CONNECTOR_MATRIX	UP_DOWN	AFTER	THE_PHRASE	the phrase up after down	2	 phrase	9546	0	0	-0.055584	-0.000102	2073	0.489396	[[2073, 3.233146], [1026, 1.694937], [2070, 1.648536], [388, 1.556334], [1888, 1.459668]]
CONNECTOR_MATRIX__UP_DOWN__AFTER__THE_PHRASE__NONE	CONNECTOR_MATRIX	UP_DOWN	AFTER	THE_PHRASE	the phrase up after down	3	 up	510	0	0	-0.008824	-0.000102	2073	0.489396	[[1790, 2.133716], [1888, 2.126585], [183, 1.563705], [2608, 1.417978], [1048, 1.337124]]
CONNECTOR_MATRIX__UP_DOWN__AFTER__THE_PHRASE__NONE	CONNECTOR_MATRIX	UP_DOWN	AFTER	THE_PHRASE	the phrase up after down	4	 after	706	0	0	-0.090785	-0.000102	2073	0.489396	[[1888, 1.478802], [2883, 1.426151], [576, 1.38713], [1790, 1.258366], [1463, 1.166548]]
CONNECTOR_MATRIX__UP_DOWN__AFTER__THE_PHRASE__NONE	CONNECTOR_MATRIX	UP_DOWN	AFTER	THE_PHRASE	the phrase up after down	5	 down	866	1	1	0.528337	0.528337	2073	0.489396	[[1790, 2.224191], [1888, 1.954205], [2704, 1.686345], [2167, 1.472252], [113, 1.335472]]
CONNECTOR_MATRIX__UP_DOWN__AND__THEY_SAID__NONE	CONNECTOR_MATRIX	UP_DOWN	AND	THEY_SAID	they said up and down	0	<BOS>	50256	0	0	-0.000102	-0.000102	2256	0.796686	[[2256, 2.36087], [1888, 1.564183], [2787, 0.893099], [1450, 0.853876], [1048, 0.848868]]
CONNECTOR_MATRIX__UP_DOWN__AND__THEY_SAID__NONE	CONNECTOR_MATRIX	UP_DOWN	AND	THEY_SAID	they said up and down	1	they	9930	0	0	-0.133193	-0.000102	2256	0.053377	[[1790, 2.307492], [1888, 2.21476], [234, 1.470804], [1169, 1.294994], [654, 1.246823]]
CONNECTOR_MATRIX__UP_DOWN__AND__THEY_SAID__NONE	CONNECTOR_MATRIX	UP_DOWN	AND	THEY_SAID	they said up and down	2	 said	531	0	0	-0.038379	-0.000102	2256	0.053377	[[2982, 1.845008], [932, 1.550615], [521, 1.429855], [38, 1.363183], [654, 1.281732]]
CONNECTOR_MATRIX__UP_DOWN__AND__THEY_SAID__NONE	CONNECTOR_MATRIX	UP_DOWN	AND	THEY_SAID	they said up and down	3	 up	510	0	0	-0.083447	-0.000102	2256	0.053377	[[1790, 2.102177], [1888, 2.071522], [2576, 1.720305], [1519, 1.619841], [2006, 1.616877]]
CONNECTOR_MATRIX__UP_DOWN__AND__THEY_SAID__NONE	CONNECTOR_MATRIX	UP_DOWN	AND	THEY_SAID	they said up and down	4	 and	290	0	0	-0.03435	-0.000102	62	0.598819	[[62, 2.959688], [2229, 2.213619], [2171, 1.972283], [2452, 1.815522], [2633, 1.77511]]
CONNECTOR_MATRIX__UP_DOWN__AND__THEY_SAID__NONE	CONNECTOR_MATRIX	UP_DOWN	AND	THEY_SAID	they said up and down	5	 down	866	1	1	4.283485	4.283485	541	1.295133	[[541, 4.283485], [2659, 2.988352], [2753, 1.97366], [2882, 1.89386], [2852, 1.862747]]
CONNECTOR_MATRIX__UP_DOWN__OR__THEY_SAID__NONE	CONNECTOR_MATRIX	UP_DOWN	OR	THEY_SAID	they said up or down	0	<BOS>	50256	0	0	-0.000102	-0.000102	2256	0.796686	[[2256, 2.36087], [1888, 1.564183], [2787, 0.893099], [1450, 0.853876], [1048, 0.848868]]
CONNECTOR_MATRIX__UP_DOWN__OR__THEY_SAID__NONE	CONNECTOR_MATRIX	UP_DOWN	OR	THEY_SAID	they said up or down	1	they	9930	0	0	-0.133193	-0.000102	2256	0.053377	[[1790, 2.307492], [1888, 2.21476], [234, 1.470804], [1169, 1.294994], [654, 1.246823]]
CONNECTOR_MATRIX__UP_DOWN__OR__THEY_SAID__NONE	CONNECTOR_MATRIX	UP_DOWN	OR	THEY_SAID	they said up or down	2	 said	531	0	0	-0.038379	-0.000102	2256	0.053377	[[2982, 1.845008], [932, 1.550615], [521, 1.429855], [38, 1.363183], [654, 1.281732]]
CONNECTOR_MATRIX__UP_DOWN__OR__THEY_SAID__NONE	CONNECTOR_MATRIX	UP_DOWN	OR	THEY_SAID	they said up or down	3	 up	510	0	0	-0.083447	-0.000102	2256	0.053377	[[1790, 2.102177], [1888, 2.071522], [2576, 1.720305], [1519, 1.619841], [2006, 1.616877]]
CONNECTOR_MATRIX__UP_DOWN__OR__THEY_SAID__NONE	CONNECTOR_MATRIX	UP_DOWN	OR	THEY_SAID	they said up or down	4	 or	393	0	0	-0.002334	-0.000102	2256	0.053377	[[27, 2.027565], [2973, 1.563202], [661, 1.556276], [1888, 1.538583], [2345, 1.443663]]
CONNECTOR_MATRIX__UP_DOWN__OR__THEY_SAID__NONE	CONNECTOR_MATRIX	UP_DOWN	OR	THEY_SAID	they said up or down	5	 down	866	1	1	4.219295	4.219295	541	0.651599	[[541, 4.219295], [2659, 3.567695], [638, 1.739022], [383, 1.698162], [1691, 1.646992]]
CONNECTOR_MATRIX__UP_DOWN__TO__THEY_SAID__NONE	CONNECTOR_MATRIX	UP_DOWN	TO	THEY_SAID	they said up to down	0	<BOS>	50256	0	0	-0.000102	-0.000102	2256	0.796686	[[2256, 2.36087], [1888, 1.564183], [2787, 0.893099], [1450, 0.853876], [1048, 0.848868]]
CONNECTOR_MATRIX__UP_DOWN__TO__THEY_SAID__NONE	CONNECTOR_MATRIX	UP_DOWN	TO	THEY_SAID	they said up to down	1	they	9930	0	0	-0.133193	-0.000102	2256	0.053377	[[1790, 2.307492], [1888, 2.21476], [234, 1.470804], [1169, 1.294994], [654, 1.246823]]
CONNECTOR_MATRIX__UP_DOWN__TO__THEY_SAID__NONE	CONNECTOR_MATRIX	UP_DOWN	TO	THEY_SAID	they said up to down	2	 said	531	0	0	-0.038379	-0.000102	2256	0.053377	[[2982, 1.845008], [932, 1.550615], [521, 1.429855], [38, 1.363183], [654, 1.281732]]
CONNECTOR_MATRIX__UP_DOWN__TO__THEY_SAID__NONE	CONNECTOR_MATRIX	UP_DOWN	TO	THEY_SAID	they said up to down	3	 up	510	0	0	-0.083447	-0.000102	2256	0.053377	[[1790, 2.102177], [1888, 2.071522], [2576, 1.720305], [1519, 1.619841], [2006, 1.616877]]
CONNECTOR_MATRIX__UP_DOWN__TO__THEY_SAID__NONE	CONNECTOR_MATRIX	UP_DOWN	TO	THEY_SAID	they said up to down	4	 to	284	0	0	-0.06741	-0.000102	62	0.052417	[[62, 2.537635], [1502, 2.485219], [1083, 2.050084], [1790, 1.73858], [125, 1.724742]]
CONNECTOR_MATRIX__UP_DOWN__TO__THEY_SAID__NONE	CONNECTOR_MATRIX	UP_DOWN	TO	THEY_SAID	they said up to down	5	 down	866	1	1	2.929412	2.929412	541	0.391777	[[541, 2.929412], [1790, 1.845347], [1888, 1.734003], [1422, 1.471159], [2753, 1.392513]]
CONNECTOR_MATRIX__UP_DOWN__BY__THEY_SAID__NONE	CONNECTOR_MATRIX	UP_DOWN	BY	THEY_SAID	they said up by down	0	<BOS>	50256	0	0	-0.000102	-0.000102	2256	0.796686	[[2256, 2.36087], [1888, 1.564183], [2787, 0.893099], [1450, 0.853876], [1048, 0.848868]]
CONNECTOR_MATRIX__UP_DOWN__BY__THEY_SAID__NONE	CONNECTOR_MATRIX	UP_DOWN	BY	THEY_SAID	they said up by down	1	they	9930	0	0	-0.133193	-0.000102	2256	0.053377	[[1790, 2.307492], [1888, 2.21476], [234, 1.470804], [1169, 1.294994], [654, 1.246823]]
CONNECTOR_MATRIX__UP_DOWN__BY__THEY_SAID__NONE	CONNECTOR_MATRIX	UP_DOWN	BY	THEY_SAID	they said up by down	2	 said	531	0	0	-0.038379	-0.000102	2256	0.053377	[[2982, 1.845008], [932, 1.550615], [521, 1.429855], [38, 1.363183], [654, 1.281732]]
CONNECTOR_MATRIX__UP_DOWN__BY__THEY_SAID__NONE	CONNECTOR_MATRIX	UP_DOWN	BY	THEY_SAID	they said up by down	3	 up	510	0	0	-0.083447	-0.000102	2256	0.053377	[[1790, 2.102177], [1888, 2.071522], [2576, 1.720305], [1519, 1.619841], [2006, 1.616877]]
CONNECTOR_MATRIX__UP_DOWN__BY__THEY_SAID__NONE	CONNECTOR_MATRIX	UP_DOWN	BY	THEY_SAID	they said up by down	4	 by	416	0	0	-0.088785	-0.000102	2256	0.053377	[[1888, 2.179307], [1790, 2.138346], [654, 1.871536], [801, 1.647718], [2551, 1.510373]]
CONNECTOR_MATRIX__UP_DOWN__BY__THEY_SAID__NONE	CONNECTOR_MATRIX	UP_DOWN	BY	THEY_SAID	they said up by down	5	 down	866	1	1	1.886902	1.886902	971	0.034613	[[971, 2.395483], [2659, 1.909412], [541, 1.886902], [99, 1.853238], [2566, 1.832604]]
CONNECTOR_MATRIX__UP_DOWN__AFTER__THEY_SAID__NONE	CONNECTOR_MATRIX	UP_DOWN	AFTER	THEY_SAID	they said up after down	0	<BOS>	50256	0	0	-0.000102	-0.000102	2256	0.796686	[[2256, 2.36087], [1888, 1.564183], [2787, 0.893099], [1450, 0.853876], [1048, 0.848868]]
CONNECTOR_MATRIX__UP_DOWN__AFTER__THEY_SAID__NONE	CONNECTOR_MATRIX	UP_DOWN	AFTER	THEY_SAID	they said up after down	1	they	9930	0	0	-0.133193	-0.000102	2256	0.053377	[[1790, 2.307492], [1888, 2.21476], [234, 1.470804], [1169, 1.294994], [654, 1.246823]]
CONNECTOR_MATRIX__UP_DOWN__AFTER__THEY_SAID__NONE	CONNECTOR_MATRIX	UP_DOWN	AFTER	THEY_SAID	they said up after down	2	 said	531	0	0	-0.038379	-0.000102	2256	0.053377	[[2982, 1.845008], [932, 1.550615], [521, 1.429855], [38, 1.363183], [654, 1.281732]]
CONNECTOR_MATRIX__UP_DOWN__AFTER__THEY_SAID__NONE	CONNECTOR_MATRIX	UP_DOWN	AFTER	THEY_SAID	they said up after down	3	 up	510	0	0	-0.083447	-0.000102	2256	0.053377	[[1790, 2.102177], [1888, 2.071522], [2576, 1.720305], [1519, 1.619841], [2006, 1.616877]]
CONNECTOR_MATRIX__UP_DOWN__AFTER__THEY_SAID__NONE	CONNECTOR_MATRIX	UP_DOWN	AFTER	THEY_SAID	they said up after down	4	 after	706	0	0	-0.119948	-0.000102	2256	0.053377	[[654, 1.640068], [1790, 1.569428], [1888, 1.491202], [62, 1.478139], [2542, 1.250772]]
CONNECTOR_MATRIX__UP_DOWN__AFTER__THEY_SAID__NONE	CONNECTOR_MATRIX	UP_DOWN	AFTER	THEY_SAID	they said up after down	5	 down	866	1	1	1.220333	1.220333	2256	0.053377	[[1790, 2.030499], [1888, 1.619278], [2566, 1.530223], [2167, 1.45923], [2704, 1.38914]]
CONNECTOR_MATRIX__NOW_THEN__AND__BARE__NONE	CONNECTOR_MATRIX	NOW_THEN	AND	BARE	now and then	0	<BOS>	50256	0	0	-0.000102	-0.000102	2256	0.796686	[[2256, 2.36087], [1888, 1.564183], [2787, 0.893099], [1450, 0.853876], [1048, 0.848868]]
CONNECTOR_MATRIX__NOW_THEN__AND__BARE__NONE	CONNECTOR_MATRIX	NOW_THEN	AND	BARE	now and then	1	now	2197	0	0	-0.139163	-0.000102	1888	0.274908	[[1888, 2.69629], [1790, 2.421382], [2556, 2.098502], [1691, 1.699828], [1594, 1.453155]]
CONNECTOR_MATRIX__NOW_THEN__AND__BARE__NONE	CONNECTOR_MATRIX	NOW_THEN	AND	BARE	now and then	2	 and	290	0	0	-0.011081	-0.000102	1888	0.274908	[[2898, 2.219357], [1790, 2.004821], [2637, 1.572612], [2664, 1.316337], [337, 1.212967]]
CONNECTOR_MATRIX__NOW_THEN__AND__BARE__NONE	CONNECTOR_MATRIX	NOW_THEN	AND	BARE	now and then	3	 then	788	1	1	3.322905	3.322905	541	0.626615	[[541, 3.322905], [2753, 2.422944], [512, 1.923031], [1842, 1.867081], [2882, 1.83383]]
CONNECTOR_MATRIX__NOW_THEN__OR__BARE__NONE	CONNECTOR_MATRIX	NOW_THEN	OR	BARE	now or then	0	<BOS>	50256	0	0	-0.000102	-0.000102	2256	0.796686	[[2256, 2.36087], [1888, 1.564183], [2787, 0.893099], [1450, 0.853876], [1048, 0.848868]]
CONNECTOR_MATRIX__NOW_THEN__OR__BARE__NONE	CONNECTOR_MATRIX	NOW_THEN	OR	BARE	now or then	1	now	2197	0	0	-0.139163	-0.000102	1888	0.274908	[[1888, 2.69629], [1790, 2.421382], [2556, 2.098502], [1691, 1.699828], [1594, 1.453155]]
CONNECTOR_MATRIX__NOW_THEN__OR__BARE__NONE	CONNECTOR_MATRIX	NOW_THEN	OR	BARE	now or then	2	 or	393	0	0	-0.00122	-0.000102	1888	0.274908	[[2898, 2.274818], [2664, 1.945205], [1790, 1.826785], [1912, 1.614119], [166, 1.364682]]
CONNECTOR_MATRIX__NOW_THEN__OR__BARE__NONE	CONNECTOR_MATRIX	NOW_THEN	OR	BARE	now or then	3	 then	788	1	1	3.904905	3.904905	541	1.154253	[[541, 3.904905], [512, 2.750652], [2753, 2.289379], [1997, 2.029974], [2829, 1.982644]]
CONNECTOR_MATRIX__NOW_THEN__TO__BARE__NONE	CONNECTOR_MATRIX	NOW_THEN	TO	BARE	now to then	0	<BOS>	50256	0	0	-0.000102	-0.000102	2256	0.796686	[[2256, 2.36087], [1888, 1.564183], [2787, 0.893099], [1450, 0.853876], [1048, 0.848868]]
CONNECTOR_MATRIX__NOW_THEN__TO__BARE__NONE	CONNECTOR_MATRIX	NOW_THEN	TO	BARE	now to then	1	now	2197	0	0	-0.139163	-0.000102	1888	0.274908	[[1888, 2.69629], [1790, 2.421382], [2556, 2.098502], [1691, 1.699828], [1594, 1.453155]]
CONNECTOR_MATRIX__NOW_THEN__TO__BARE__NONE	CONNECTOR_MATRIX	NOW_THEN	TO	BARE	now to then	2	 to	284	0	0	-0.018444	-0.000102	1888	0.274908	[[1790, 2.134931], [1177, 1.859932], [1888, 1.848781], [2842, 1.762044], [2865, 1.369008]]
CONNECTOR_MATRIX__NOW_THEN__TO__BARE__NONE	CONNECTOR_MATRIX	NOW_THEN	TO	BARE	now to then	3	 then	788	1	1	1.928447	1.928447	1888	0.059835	[[711, 2.636455], [1883, 2.181209], [2753, 2.165103], [2326, 2.104014], [541, 1.928447]]
CONNECTOR_MATRIX__NOW_THEN__BY__BARE__NONE	CONNECTOR_MATRIX	NOW_THEN	BY	BARE	now by then	0	<BOS>	50256	0	0	-0.000102	-0.000102	2256	0.796686	[[2256, 2.36087], [1888, 1.564183], [2787, 0.893099], [1450, 0.853876], [1048, 0.848868]]
CONNECTOR_MATRIX__NOW_THEN__BY__BARE__NONE	CONNECTOR_MATRIX	NOW_THEN	BY	BARE	now by then	1	now	2197	0	0	-0.139163	-0.000102	1888	0.274908	[[1888, 2.69629], [1790, 2.421382], [2556, 2.098502], [1691, 1.699828], [1594, 1.453155]]
CONNECTOR_MATRIX__NOW_THEN__BY__BARE__NONE	CONNECTOR_MATRIX	NOW_THEN	BY	BARE	now by then	2	 by	416	0	0	-0.086717	-0.000102	1888	0.274908	[[1888, 2.485201], [1790, 2.102636], [2551, 1.686357], [801, 1.650183], [351, 1.484035]]
CONNECTOR_MATRIX__NOW_THEN__BY__BARE__NONE	CONNECTOR_MATRIX	NOW_THEN	BY	BARE	now by then	3	 then	788	1	1	2.18662	2.18662	1997	0.756095	[[1997, 3.452385], [2503, 2.384369], [541, 2.18662], [2801, 2.125449], [711, 1.947462]]
CONNECTOR_MATRIX__NOW_THEN__AFTER__BARE__NONE	CONNECTOR_MATRIX	NOW_THEN	AFTER	BARE	now after then	0	<BOS>	50256	0	0	-0.000102	-0.000102	2256	0.796686	[[2256, 2.36087], [1888, 1.564183], [2787, 0.893099], [1450, 0.853876], [1048, 0.848868]]
CONNECTOR_MATRIX__NOW_THEN__AFTER__BARE__NONE	CONNECTOR_MATRIX	NOW_THEN	AFTER	BARE	now after then	1	now	2197	0	0	-0.139163	-0.000102	1888	0.274908	[[1888, 2.69629], [1790, 2.421382], [2556, 2.098502], [1691, 1.699828], [1594, 1.453155]]
CONNECTOR_MATRIX__NOW_THEN__AFTER__BARE__NONE	CONNECTOR_MATRIX	NOW_THEN	AFTER	BARE	now after then	2	 after	706	0	0	-0.104103	-0.000102	1888	0.274908	[[1790, 2.152077], [1888, 1.999988], [2883, 1.542479], [2865, 1.474103], [1129, 1.43775]]
CONNECTOR_MATRIX__NOW_THEN__AFTER__BARE__NONE	CONNECTOR_MATRIX	NOW_THEN	AFTER	BARE	now after then	3	 then	788	1	1	1.616336	1.616336	1888	0.274908	[[1790, 2.07024], [541, 1.616336], [2801, 1.532365], [2556, 1.501472], [2753, 1.479203]]
CONNECTOR_MATRIX__NOW_THEN__AND__V9_SPACE__NONE	CONNECTOR_MATRIX	NOW_THEN	AND	V9_SPACE	 now and then	0	<BOS>	50256	0	0	-0.000102	-0.000102	2256	0.796686	[[2256, 2.36087], [1888, 1.564183], [2787, 0.893099], [1450, 0.853876], [1048, 0.848868]]
CONNECTOR_MATRIX__NOW_THEN__AND__V9_SPACE__NONE	CONNECTOR_MATRIX	NOW_THEN	AND	V9_SPACE	 now and then	1	 now	783	0	0	-0.096283	-0.000102	1888	0.513781	[[1888, 3.160014], [1790, 2.646234], [464, 2.16641], [1594, 1.714416], [2556, 1.571708]]
CONNECTOR_MATRIX__NOW_THEN__AND__V9_SPACE__NONE	CONNECTOR_MATRIX	NOW_THEN	AND	V9_SPACE	 now and then	2	 and	290	0	0	-0.004342	-0.000102	1888	0.513781	[[2898, 2.287115], [1790, 2.069805], [2637, 2.032096], [1888, 1.350853], [654, 1.172426]]
CONNECTOR_MATRIX__NOW_THEN__AND__V9_SPACE__NONE	CONNECTOR_MATRIX	NOW_THEN	AND	V9_SPACE	 now and then	3	 then	788	1	1	3.729732	3.729732	541	0.569717	[[541, 3.729732], [2753, 2.298112], [1397, 1.891337], [1981, 1.839666], [512, 1.821777]]
CONNECTOR_MATRIX__NOW_THEN__OR__V9_SPACE__NONE	CONNECTOR_MATRIX	NOW_THEN	OR	V9_SPACE	 now or then	0	<BOS>	50256	0	0	-0.000102	-0.000102	2256	0.796686	[[2256, 2.36087], [1888, 1.564183], [2787, 0.893099], [1450, 0.853876], [1048, 0.848868]]
CONNECTOR_MATRIX__NOW_THEN__OR__V9_SPACE__NONE	CONNECTOR_MATRIX	NOW_THEN	OR	V9_SPACE	 now or then	1	 now	783	0	0	-0.096283	-0.000102	1888	0.513781	[[1888, 3.160014], [1790, 2.646234], [464, 2.16641], [1594, 1.714416], [2556, 1.571708]]
CONNECTOR_MATRIX__NOW_THEN__OR__V9_SPACE__NONE	CONNECTOR_MATRIX	NOW_THEN	OR	V9_SPACE	 now or then	2	 or	393	0	0	-0.000188	-0.000102	1888	0.513781	[[1790, 2.083308], [2898, 2.022842], [166, 1.467701], [1888, 1.440835], [2664, 1.428964]]
CONNECTOR_MATRIX__NOW_THEN__OR__V9_SPACE__NONE	CONNECTOR_MATRIX	NOW_THEN	OR	V9_SPACE	 now or then	3	 then	788	1	1	4.508271	4.508271	541	1.348256	[[541, 4.508271], [512, 2.647732], [2753, 2.200981], [2286, 2.195158], [2659, 2.093623]]
CONNECTOR_MATRIX__NOW_THEN__TO__V9_SPACE__NONE	CONNECTOR_MATRIX	NOW_THEN	TO	V9_SPACE	 now to then	0	<BOS>	50256	0	0	-0.000102	-0.000102	2256	0.796686	[[2256, 2.36087], [1888, 1.564183], [2787, 0.893099], [1450, 0.853876], [1048, 0.848868]]
CONNECTOR_MATRIX__NOW_THEN__TO__V9_SPACE__NONE	CONNECTOR_MATRIX	NOW_THEN	TO	V9_SPACE	 now to then	1	 now	783	0	0	-0.096283	-0.000102	1888	0.513781	[[1888, 3.160014], [1790, 2.646234], [464, 2.16641], [1594, 1.714416], [2556, 1.571708]]
CONNECTOR_MATRIX__NOW_THEN__TO__V9_SPACE__NONE	CONNECTOR_MATRIX	NOW_THEN	TO	V9_SPACE	 now to then	2	 to	284	0	0	-0.017428	-0.000102	1888	0.513781	[[1888, 2.180788], [1790, 2.112977], [1177, 1.654707], [2842, 1.549647], [1691, 1.156892]]
CONNECTOR_MATRIX__NOW_THEN__TO__V9_SPACE__NONE	CONNECTOR_MATRIX	NOW_THEN	TO	V9_SPACE	 now to then	3	 then	788	1	1	1.907313	1.907313	1888	0.513781	[[711, 2.518845], [1883, 2.194227], [2753, 2.012746], [541, 1.907313], [1790, 1.90168]]
CONNECTOR_MATRIX__NOW_THEN__BY__V9_SPACE__NONE	CONNECTOR_MATRIX	NOW_THEN	BY	V9_SPACE	 now by then	0	<BOS>	50256	0	0	-0.000102	-0.000102	2256	0.796686	[[2256, 2.36087], [1888, 1.564183], [2787, 0.893099], [1450, 0.853876], [1048, 0.848868]]
CONNECTOR_MATRIX__NOW_THEN__BY__V9_SPACE__NONE	CONNECTOR_MATRIX	NOW_THEN	BY	V9_SPACE	 now by then	1	 now	783	0	0	-0.096283	-0.000102	1888	0.513781	[[1888, 3.160014], [1790, 2.646234], [464, 2.16641], [1594, 1.714416], [2556, 1.571708]]
CONNECTOR_MATRIX__NOW_THEN__BY__V9_SPACE__NONE	CONNECTOR_MATRIX	NOW_THEN	BY	V9_SPACE	 now by then	2	 by	416	0	0	-0.087121	-0.000102	1888	0.513781	[[1888, 2.498925], [1790, 2.076801], [2637, 1.69517], [2551, 1.650459], [801, 1.541025]]
CONNECTOR_MATRIX__NOW_THEN__BY__V9_SPACE__NONE	CONNECTOR_MATRIX	NOW_THEN	BY	V9_SPACE	 now by then	3	 then	788	1	1	2.350337	2.350337	1997	0.380979	[[1997, 3.540993], [2503, 2.446031], [541, 2.350337], [2801, 2.191368], [971, 2.139454]]
CONNECTOR_MATRIX__NOW_THEN__AFTER__V9_SPACE__NONE	CONNECTOR_MATRIX	NOW_THEN	AFTER	V9_SPACE	 now after then	0	<BOS>	50256	0	0	-0.000102	-0.000102	2256	0.796686	[[2256, 2.36087], [1888, 1.564183], [2787, 0.893099], [1450, 0.853876], [1048, 0.848868]]
CONNECTOR_MATRIX__NOW_THEN__AFTER__V9_SPACE__NONE	CONNECTOR_MATRIX	NOW_THEN	AFTER	V9_SPACE	 now after then	1	 now	783	0	0	-0.096283	-0.000102	1888	0.513781	[[1888, 3.160014], [1790, 2.646234], [464, 2.16641], [1594, 1.714416], [2556, 1.571708]]
CONNECTOR_MATRIX__NOW_THEN__AFTER__V9_SPACE__NONE	CONNECTOR_MATRIX	NOW_THEN	AFTER	V9_SPACE	 now after then	2	 after	706	0	0	-0.091071	-0.000102	1888	0.513781	[[1790, 2.1696], [1888, 2.150794], [2883, 1.78624], [2637, 1.41046], [576, 1.292878]]
CONNECTOR_MATRIX__NOW_THEN__AFTER__V9_SPACE__NONE	CONNECTOR_MATRIX	NOW_THEN	AFTER	V9_SPACE	 now after then	3	 then	788	1	1	1.870754	1.870754	1888	0.513781	[[1790, 2.091713], [541, 1.870754], [2720, 1.446831], [2556, 1.430369], [2801, 1.408665]]
CONNECTOR_MATRIX__NOW_THEN__AND__THE_PHRASE__NONE	CONNECTOR_MATRIX	NOW_THEN	AND	THE_PHRASE	the phrase now and then	0	<BOS>	50256	0	0	-0.000102	-0.000102	2256	0.796686	[[2256, 2.36087], [1888, 1.564183], [2787, 0.893099], [1450, 0.853876], [1048, 0.848868]]
CONNECTOR_MATRIX__NOW_THEN__AND__THE_PHRASE__NONE	CONNECTOR_MATRIX	NOW_THEN	AND	THE_PHRASE	the phrase now and then	1	the	1169	0	0	-0.058428	-0.000102	1790	0.119972	[[1790, 2.74375], [1888, 2.623779], [1203, 1.370484], [654, 1.287318], [1504, 1.273196]]
CONNECTOR_MATRIX__NOW_THEN__AND__THE_PHRASE__NONE	CONNECTOR_MATRIX	NOW_THEN	AND	THE_PHRASE	the phrase now and then	2	 phrase	9546	0	0	-0.055584	-0.000102	2073	0.489396	[[2073, 3.233146], [1026, 1.694937], [2070, 1.648536], [388, 1.556334], [1888, 1.459668]]
CONNECTOR_MATRIX__NOW_THEN__AND__THE_PHRASE__NONE	CONNECTOR_MATRIX	NOW_THEN	AND	THE_PHRASE	the phrase now and then	3	 now	783	0	0	-0.027529	-0.000102	2073	0.489396	[[1594, 2.151263], [2556, 1.796028], [1888, 1.480811], [165, 1.398956], [1762, 1.378117]]
CONNECTOR_MATRIX__NOW_THEN__AND__THE_PHRASE__NONE	CONNECTOR_MATRIX	NOW_THEN	AND	THE_PHRASE	the phrase now and then	4	 and	290	0	0	-0.010343	-0.000102	2073	0.433448	[[2898, 2.799698], [2637, 2.146196], [1790, 1.920236], [2635, 1.741336], [593, 1.720722]]
CONNECTOR_MATRIX__NOW_THEN__AND__THE_PHRASE__NONE	CONNECTOR_MATRIX	NOW_THEN	AND	THE_PHRASE	the phrase now and then	5	 then	788	1	1	4.171423	4.171423	541	0.938277	[[541, 4.171423], [2753, 2.295524], [2286, 2.163241], [1997, 1.86891], [512, 1.73397]]
CONNECTOR_MATRIX__NOW_THEN__OR__THE_PHRASE__NONE	CONNECTOR_MATRIX	NOW_THEN	OR	THE_PHRASE	the phrase now or then	0	<BOS>	50256	0	0	-0.000102	-0.000102	2256	0.796686	[[2256, 2.36087], [1888, 1.564183], [2787, 0.893099], [1450, 0.853876], [1048, 0.848868]]
CONNECTOR_MATRIX__NOW_THEN__OR__THE_PHRASE__NONE	CONNECTOR_MATRIX	NOW_THEN	OR	THE_PHRASE	the phrase now or then	1	the	1169	0	0	-0.058428	-0.000102	1790	0.119972	[[1790, 2.74375], [1888, 2.623779], [1203, 1.370484], [654, 1.287318], [1504, 1.273196]]
CONNECTOR_MATRIX__NOW_THEN__OR__THE_PHRASE__NONE	CONNECTOR_MATRIX	NOW_THEN	OR	THE_PHRASE	the phrase now or then	2	 phrase	9546	0	0	-0.055584	-0.000102	2073	0.489396	[[2073, 3.233146], [1026, 1.694937], [2070, 1.648536], [388, 1.556334], [1888, 1.459668]]
CONNECTOR_MATRIX__NOW_THEN__OR__THE_PHRASE__NONE	CONNECTOR_MATRIX	NOW_THEN	OR	THE_PHRASE	the phrase now or then	3	 now	783	0	0	-0.027529	-0.000102	2073	0.489396	[[1594, 2.151263], [2556, 1.796028], [1888, 1.480811], [165, 1.398956], [1762, 1.378117]]
CONNECTOR_MATRIX__NOW_THEN__OR__THE_PHRASE__NONE	CONNECTOR_MATRIX	NOW_THEN	OR	THE_PHRASE	the phrase now or then	4	 or	393	0	0	-0.000728	-0.000102	2073	0.489396	[[2898, 2.579045], [1790, 1.859288], [2664, 1.588513], [1149, 1.576962], [2973, 1.544452]]
CONNECTOR_MATRIX__NOW_THEN__OR__THE_PHRASE__NONE	CONNECTOR_MATRIX	NOW_THEN	OR	THE_PHRASE	the phrase now or then	5	 then	788	1	1	4.816616	4.816616	541	1.583469	[[541, 4.816616], [2659, 2.636961], [512, 2.488224], [1997, 2.204839], [2753, 2.090424]]
CONNECTOR_MATRIX__NOW_THEN__TO__THE_PHRASE__NONE	CONNECTOR_MATRIX	NOW_THEN	TO	THE_PHRASE	the phrase now to then	0	<BOS>	50256	0	0	-0.000102	-0.000102	2256	0.796686	[[2256, 2.36087], [1888, 1.564183], [2787, 0.893099], [1450, 0.853876], [1048, 0.848868]]
CONNECTOR_MATRIX__NOW_THEN__TO__THE_PHRASE__NONE	CONNECTOR_MATRIX	NOW_THEN	TO	THE_PHRASE	the phrase now to then	1	the	1169	0	0	-0.058428	-0.000102	1790	0.119972	[[1790, 2.74375], [1888, 2.623779], [1203, 1.370484], [654, 1.287318], [1504, 1.273196]]
CONNECTOR_MATRIX__NOW_THEN__TO__THE_PHRASE__NONE	CONNECTOR_MATRIX	NOW_THEN	TO	THE_PHRASE	the phrase now to then	2	 phrase	9546	0	0	-0.055584	-0.000102	2073	0.489396	[[2073, 3.233146], [1026, 1.694937], [2070, 1.648536], [388, 1.556334], [1888, 1.459668]]
CONNECTOR_MATRIX__NOW_THEN__TO__THE_PHRASE__NONE	CONNECTOR_MATRIX	NOW_THEN	TO	THE_PHRASE	the phrase now to then	3	 now	783	0	0	-0.027529	-0.000102	2073	0.489396	[[1594, 2.151263], [2556, 1.796028], [1888, 1.480811], [165, 1.398956], [1762, 1.378117]]
CONNECTOR_MATRIX__NOW_THEN__TO__THE_PHRASE__NONE	CONNECTOR_MATRIX	NOW_THEN	TO	THE_PHRASE	the phrase now to then	4	 to	284	0	0	-0.009272	-0.000102	2073	0.489396	[[1790, 1.845004], [1888, 1.532515], [2150, 1.357554], [2865, 1.15221], [2927, 1.063243]]
CONNECTOR_MATRIX__NOW_THEN__TO__THE_PHRASE__NONE	CONNECTOR_MATRIX	NOW_THEN	TO	THE_PHRASE	the phrase now to then	5	 then	788	1	1	2.469781	2.469781	2073	0.489396	[[541, 2.469781], [711, 2.150709], [1883, 1.937376], [2753, 1.904505], [1790, 1.897885]]
CONNECTOR_MATRIX__NOW_THEN__BY__THE_PHRASE__NONE	CONNECTOR_MATRIX	NOW_THEN	BY	THE_PHRASE	the phrase now by then	0	<BOS>	50256	0	0	-0.000102	-0.000102	2256	0.796686	[[2256, 2.36087], [1888, 1.564183], [2787, 0.893099], [1450, 0.853876], [1048, 0.848868]]
CONNECTOR_MATRIX__NOW_THEN__BY__THE_PHRASE__NONE	CONNECTOR_MATRIX	NOW_THEN	BY	THE_PHRASE	the phrase now by then	1	the	1169	0	0	-0.058428	-0.000102	1790	0.119972	[[1790, 2.74375], [1888, 2.623779], [1203, 1.370484], [654, 1.287318], [1504, 1.273196]]
CONNECTOR_MATRIX__NOW_THEN__BY__THE_PHRASE__NONE	CONNECTOR_MATRIX	NOW_THEN	BY	THE_PHRASE	the phrase now by then	2	 phrase	9546	0	0	-0.055584	-0.000102	2073	0.489396	[[2073, 3.233146], [1026, 1.694937], [2070, 1.648536], [388, 1.556334], [1888, 1.459668]]
CONNECTOR_MATRIX__NOW_THEN__BY__THE_PHRASE__NONE	CONNECTOR_MATRIX	NOW_THEN	BY	THE_PHRASE	the phrase now by then	3	 now	783	0	0	-0.027529	-0.000102	2073	0.489396	[[1594, 2.151263], [2556, 1.796028], [1888, 1.480811], [165, 1.398956], [1762, 1.378117]]
CONNECTOR_MATRIX__NOW_THEN__BY__THE_PHRASE__NONE	CONNECTOR_MATRIX	NOW_THEN	BY	THE_PHRASE	the phrase now by then	4	 by	416	0	0	-0.055929	-0.000102	2073	0.489396	[[1888, 1.993688], [2489, 1.926555], [1790, 1.672248], [801, 1.541509], [1856, 1.399245]]
CONNECTOR_MATRIX__NOW_THEN__BY__THE_PHRASE__NONE	CONNECTOR_MATRIX	NOW_THEN	BY	THE_PHRASE	the phrase now by then	5	 then	788	1	1	2.173381	2.173381	1997	0.181139	[[1997, 3.414285], [2503, 2.360612], [541, 2.173381], [784, 2.059527], [2801, 1.894225]]
CONNECTOR_MATRIX__NOW_THEN__AFTER__THE_PHRASE__NONE	CONNECTOR_MATRIX	NOW_THEN	AFTER	THE_PHRASE	the phrase now after then	0	<BOS>	50256	0	0	-0.000102	-0.000102	2256	0.796686	[[2256, 2.36087], [1888, 1.564183], [2787, 0.893099], [1450, 0.853876], [1048, 0.848868]]
CONNECTOR_MATRIX__NOW_THEN__AFTER__THE_PHRASE__NONE	CONNECTOR_MATRIX	NOW_THEN	AFTER	THE_PHRASE	the phrase now after then	1	the	1169	0	0	-0.058428	-0.000102	1790	0.119972	[[1790, 2.74375], [1888, 2.623779], [1203, 1.370484], [654, 1.287318], [1504, 1.273196]]
CONNECTOR_MATRIX__NOW_THEN__AFTER__THE_PHRASE__NONE	CONNECTOR_MATRIX	NOW_THEN	AFTER	THE_PHRASE	the phrase now after then	2	 phrase	9546	0	0	-0.055584	-0.000102	2073	0.489396	[[2073, 3.233146], [1026, 1.694937], [2070, 1.648536], [388, 1.556334], [1888, 1.459668]]
CONNECTOR_MATRIX__NOW_THEN__AFTER__THE_PHRASE__NONE	CONNECTOR_MATRIX	NOW_THEN	AFTER	THE_PHRASE	the phrase now after then	3	 now	783	0	0	-0.027529	-0.000102	2073	0.489396	[[1594, 2.151263], [2556, 1.796028], [1888, 1.480811], [165, 1.398956], [1762, 1.378117]]
CONNECTOR_MATRIX__NOW_THEN__AFTER__THE_PHRASE__NONE	CONNECTOR_MATRIX	NOW_THEN	AFTER	THE_PHRASE	the phrase now after then	4	 after	706	0	0	-0.057587	-0.000102	2073	0.489396	[[2883, 2.047875], [1463, 1.338123], [2637, 1.241866], [2423, 1.178807], [1790, 1.17437]]
CONNECTOR_MATRIX__NOW_THEN__AFTER__THE_PHRASE__NONE	CONNECTOR_MATRIX	NOW_THEN	AFTER	THE_PHRASE	the phrase now after then	5	 then	788	1	1	1.288335	1.288335	2073	0.489396	[[1790, 2.270697], [2556, 1.729211], [2720, 1.600781], [541, 1.288335], [2753, 1.278045]]
CONNECTOR_MATRIX__NOW_THEN__AND__THEY_SAID__NONE	CONNECTOR_MATRIX	NOW_THEN	AND	THEY_SAID	they said now and then	0	<BOS>	50256	0	0	-0.000102	-0.000102	2256	0.796686	[[2256, 2.36087], [1888, 1.564183], [2787, 0.893099], [1450, 0.853876], [1048, 0.848868]]
CONNECTOR_MATRIX__NOW_THEN__AND__THEY_SAID__NONE	CONNECTOR_MATRIX	NOW_THEN	AND	THEY_SAID	they said now and then	1	they	9930	0	0	-0.133193	-0.000102	2256	0.053377	[[1790, 2.307492], [1888, 2.21476], [234, 1.470804], [1169, 1.294994], [654, 1.246823]]
CONNECTOR_MATRIX__NOW_THEN__AND__THEY_SAID__NONE	CONNECTOR_MATRIX	NOW_THEN	AND	THEY_SAID	they said now and then	2	 said	531	0	0	-0.038379	-0.000102	2256	0.053377	[[2982, 1.845008], [932, 1.550615], [521, 1.429855], [38, 1.363183], [654, 1.281732]]
CONNECTOR_MATRIX__NOW_THEN__AND__THEY_SAID__NONE	CONNECTOR_MATRIX	NOW_THEN	AND	THEY_SAID	they said now and then	3	 now	783	0	0	-0.122554	-0.000102	2256	0.053377	[[1131, 1.608572], [1795, 1.515105], [1790, 1.47513], [2556, 1.462641], [444, 1.427718]]
CONNECTOR_MATRIX__NOW_THEN__AND__THEY_SAID__NONE	CONNECTOR_MATRIX	NOW_THEN	AND	THEY_SAID	they said now and then	4	 and	290	0	0	-0.018546	-0.000102	1790	0.064493	[[1790, 2.524056], [2898, 2.459563], [2637, 1.886849], [1235, 1.502445], [1006, 1.457731]]
CONNECTOR_MATRIX__NOW_THEN__AND__THEY_SAID__NONE	CONNECTOR_MATRIX	NOW_THEN	AND	THEY_SAID	they said now and then	5	 then	788	1	1	3.794523	3.794523	541	1.270467	[[541, 3.794523], [2753, 2.461329], [2286, 2.032167], [2882, 2.00868], [1397, 1.854211]]
CONNECTOR_MATRIX__NOW_THEN__OR__THEY_SAID__NONE	CONNECTOR_MATRIX	NOW_THEN	OR	THEY_SAID	they said now or then	0	<BOS>	50256	0	0	-0.000102	-0.000102	2256	0.796686	[[2256, 2.36087], [1888, 1.564183], [2787, 0.893099], [1450, 0.853876], [1048, 0.848868]]
CONNECTOR_MATRIX__NOW_THEN__OR__THEY_SAID__NONE	CONNECTOR_MATRIX	NOW_THEN	OR	THEY_SAID	they said now or then	1	they	9930	0	0	-0.133193	-0.000102	2256	0.053377	[[1790, 2.307492], [1888, 2.21476], [234, 1.470804], [1169, 1.294994], [654, 1.246823]]
CONNECTOR_MATRIX__NOW_THEN__OR__THEY_SAID__NONE	CONNECTOR_MATRIX	NOW_THEN	OR	THEY_SAID	they said now or then	2	 said	531	0	0	-0.038379	-0.000102	2256	0.053377	[[2982, 1.845008], [932, 1.550615], [521, 1.429855], [38, 1.363183], [654, 1.281732]]
CONNECTOR_MATRIX__NOW_THEN__OR__THEY_SAID__NONE	CONNECTOR_MATRIX	NOW_THEN	OR	THEY_SAID	they said now or then	3	 now	783	0	0	-0.122554	-0.000102	2256	0.053377	[[1131, 1.608572], [1795, 1.515105], [1790, 1.47513], [2556, 1.462641], [444, 1.427718]]
CONNECTOR_MATRIX__NOW_THEN__OR__THEY_SAID__NONE	CONNECTOR_MATRIX	NOW_THEN	OR	THEY_SAID	they said now or then	4	 or	393	0	0	-5.9e-05	-5.9e-05	2256	0.015005	[[2898, 2.345865], [1790, 2.070787], [166, 1.993552], [1297, 1.660841], [1149, 1.489569]]
CONNECTOR_MATRIX__NOW_THEN__OR__THEY_SAID__NONE	CONNECTOR_MATRIX	NOW_THEN	OR	THEY_SAID	they said now or then	5	 then	788	1	1	5.079124	5.079124	541	2.272266	[[541, 5.079124], [2659, 2.806858], [512, 2.571399], [2286, 2.393871], [2753, 2.36425]]
CONNECTOR_MATRIX__NOW_THEN__TO__THEY_SAID__NONE	CONNECTOR_MATRIX	NOW_THEN	TO	THEY_SAID	they said now to then	0	<BOS>	50256	0	0	-0.000102	-0.000102	2256	0.796686	[[2256, 2.36087], [1888, 1.564183], [2787, 0.893099], [1450, 0.853876], [1048, 0.848868]]
CONNECTOR_MATRIX__NOW_THEN__TO__THEY_SAID__NONE	CONNECTOR_MATRIX	NOW_THEN	TO	THEY_SAID	they said now to then	1	they	9930	0	0	-0.133193	-0.000102	2256	0.053377	[[1790, 2.307492], [1888, 2.21476], [234, 1.470804], [1169, 1.294994], [654, 1.246823]]
CONNECTOR_MATRIX__NOW_THEN__TO__THEY_SAID__NONE	CONNECTOR_MATRIX	NOW_THEN	TO	THEY_SAID	they said now to then	2	 said	531	0	0	-0.038379	-0.000102	2256	0.053377	[[2982, 1.845008], [932, 1.550615], [521, 1.429855], [38, 1.363183], [654, 1.281732]]
CONNECTOR_MATRIX__NOW_THEN__TO__THEY_SAID__NONE	CONNECTOR_MATRIX	NOW_THEN	TO	THEY_SAID	they said now to then	3	 now	783	0	0	-0.122554	-0.000102	2256	0.053377	[[1131, 1.608572], [1795, 1.515105], [1790, 1.47513], [2556, 1.462641], [444, 1.427718]]
CONNECTOR_MATRIX__NOW_THEN__TO__THEY_SAID__NONE	CONNECTOR_MATRIX	NOW_THEN	TO	THEY_SAID	they said now to then	4	 to	284	0	0	-0.03433	-0.000102	2256	0.053377	[[1790, 2.006656], [1491, 1.740342], [1888, 1.731349], [1364, 1.450242], [793, 1.380913]]
CONNECTOR_MATRIX__NOW_THEN__TO__THEY_SAID__NONE	CONNECTOR_MATRIX	NOW_THEN	TO	THEY_SAID	they said now to then	5	 then	788	1	1	1.967004	1.967004	711	0.012085	[[711, 2.372955], [1790, 2.097657], [2753, 2.051894], [2416, 2.00958], [541, 1.967004]]
CONNECTOR_MATRIX__NOW_THEN__BY__THEY_SAID__NONE	CONNECTOR_MATRIX	NOW_THEN	BY	THEY_SAID	they said now by then	0	<BOS>	50256	0	0	-0.000102	-0.000102	2256	0.796686	[[2256, 2.36087], [1888, 1.564183], [2787, 0.893099], [1450, 0.853876], [1048, 0.848868]]
CONNECTOR_MATRIX__NOW_THEN__BY__THEY_SAID__NONE	CONNECTOR_MATRIX	NOW_THEN	BY	THEY_SAID	they said now by then	1	they	9930	0	0	-0.133193	-0.000102	2256	0.053377	[[1790, 2.307492], [1888, 2.21476], [234, 1.470804], [1169, 1.294994], [654, 1.246823]]
CONNECTOR_MATRIX__NOW_THEN__BY__THEY_SAID__NONE	CONNECTOR_MATRIX	NOW_THEN	BY	THEY_SAID	they said now by then	2	 said	531	0	0	-0.038379	-0.000102	2256	0.053377	[[2982, 1.845008], [932, 1.550615], [521, 1.429855], [38, 1.363183], [654, 1.281732]]
CONNECTOR_MATRIX__NOW_THEN__BY__THEY_SAID__NONE	CONNECTOR_MATRIX	NOW_THEN	BY	THEY_SAID	they said now by then	3	 now	783	0	0	-0.122554	-0.000102	2256	0.053377	[[1131, 1.608572], [1795, 1.515105], [1790, 1.47513], [2556, 1.462641], [444, 1.427718]]
CONNECTOR_MATRIX__NOW_THEN__BY__THEY_SAID__NONE	CONNECTOR_MATRIX	NOW_THEN	BY	THEY_SAID	they said now by then	4	 by	416	0	0	-0.04229	-0.000102	2256	0.000512	[[1790, 2.360358], [1888, 1.949894], [654, 1.540203], [801, 1.461882], [2404, 1.42015]]
CONNECTOR_MATRIX__NOW_THEN__BY__THEY_SAID__NONE	CONNECTOR_MATRIX	NOW_THEN	BY	THEY_SAID	they said now by then	5	 then	788	1	1	1.344926	1.344926	1997	0.995365	[[1997, 3.356235], [2503, 2.308681], [2820, 2.065241], [784, 1.966711], [2801, 1.84796]]
CONNECTOR_MATRIX__NOW_THEN__AFTER__THEY_SAID__NONE	CONNECTOR_MATRIX	NOW_THEN	AFTER	THEY_SAID	they said now after then	0	<BOS>	50256	0	0	-0.000102	-0.000102	2256	0.796686	[[2256, 2.36087], [1888, 1.564183], [2787, 0.893099], [1450, 0.853876], [1048, 0.848868]]
CONNECTOR_MATRIX__NOW_THEN__AFTER__THEY_SAID__NONE	CONNECTOR_MATRIX	NOW_THEN	AFTER	THEY_SAID	they said now after then	1	they	9930	0	0	-0.133193	-0.000102	2256	0.053377	[[1790, 2.307492], [1888, 2.21476], [234, 1.470804], [1169, 1.294994], [654, 1.246823]]
CONNECTOR_MATRIX__NOW_THEN__AFTER__THEY_SAID__NONE	CONNECTOR_MATRIX	NOW_THEN	AFTER	THEY_SAID	they said now after then	2	 said	531	0	0	-0.038379	-0.000102	2256	0.053377	[[2982, 1.845008], [932, 1.550615], [521, 1.429855], [38, 1.363183], [654, 1.281732]]
CONNECTOR_MATRIX__NOW_THEN__AFTER__THEY_SAID__NONE	CONNECTOR_MATRIX	NOW_THEN	AFTER	THEY_SAID	they said now after then	3	 now	783	0	0	-0.122554	-0.000102	2256	0.053377	[[1131, 1.608572], [1795, 1.515105], [1790, 1.47513], [2556, 1.462641], [444, 1.427718]]
CONNECTOR_MATRIX__NOW_THEN__AFTER__THEY_SAID__NONE	CONNECTOR_MATRIX	NOW_THEN	AFTER	THEY_SAID	they said now after then	4	 after	706	0	0	-0.042805	-0.000102	2256	0.053377	[[1790, 2.093478], [2883, 1.838081], [835, 1.4548], [1888, 1.366414], [654, 1.341194]]
CONNECTOR_MATRIX__NOW_THEN__AFTER__THEY_SAID__NONE	CONNECTOR_MATRIX	NOW_THEN	AFTER	THEY_SAID	they said now after then	5	 then	788	1	1	1.273729	1.273729	2256	0.053377	[[1790, 2.165187], [2720, 1.367093], [2556, 1.351377], [2753, 1.32114], [541, 1.273729]]
CONNECTOR_MATRIX__HERE_THERE__AND__BARE__NONE	CONNECTOR_MATRIX	HERE_THERE	AND	BARE	here and there	0	<BOS>	50256	0	0	-0.000102	-0.000102	2256	0.796686	[[2256, 2.36087], [1888, 1.564183], [2787, 0.893099], [1450, 0.853876], [1048, 0.848868]]
CONNECTOR_MATRIX__HERE_THERE__AND__BARE__NONE	CONNECTOR_MATRIX	HERE_THERE	AND	BARE	here and there	1	here	1456	0	0	-0.105628	-0.000102	3017	0.223668	[[3017, 2.584538], [1888, 2.326891], [1790, 2.303324], [720, 1.751319], [1203, 1.435089]]
CONNECTOR_MATRIX__HERE_THERE__AND__BARE__NONE	CONNECTOR_MATRIX	HERE_THERE	AND	BARE	here and there	2	 and	290	0	0	-0.016764	-0.000102	3017	0.077692	[[2328, 2.506846], [1210, 1.862069], [1790, 1.692485], [1031, 1.452275], [2171, 1.344089]]
CONNECTOR_MATRIX__HERE_THERE__AND__BARE__NONE	CONNECTOR_MATRIX	HERE_THERE	AND	BARE	here and there	3	 there	612	1	1	4.181679	4.181679	541	1.550908	[[541, 4.181679], [2753, 2.630771], [2659, 2.338021], [2905, 1.710757], [1691, 1.651786]]
CONNECTOR_MATRIX__HERE_THERE__OR__BARE__NONE	CONNECTOR_MATRIX	HERE_THERE	OR	BARE	here or there	0	<BOS>	50256	0	0	-0.000102	-0.000102	2256	0.796686	[[2256, 2.36087], [1888, 1.564183], [2787, 0.893099], [1450, 0.853876], [1048, 0.848868]]
CONNECTOR_MATRIX__HERE_THERE__OR__BARE__NONE	CONNECTOR_MATRIX	HERE_THERE	OR	BARE	here or there	1	here	1456	0	0	-0.105628	-0.000102	3017	0.223668	[[3017, 2.584538], [1888, 2.326891], [1790, 2.303324], [720, 1.751319], [1203, 1.435089]]
CONNECTOR_MATRIX__HERE_THERE__OR__BARE__NONE	CONNECTOR_MATRIX	HERE_THERE	OR	BARE	here or there	2	 or	393	0	0	-0.001947	-0.000102	3017	0.223668	[[2328, 2.21923], [2664, 2.185424], [1210, 1.865934], [678, 1.792652], [1790, 1.779326]]
CONNECTOR_MATRIX__HERE_THERE__OR__BARE__NONE	CONNECTOR_MATRIX	HERE_THERE	OR	BARE	here or there	3	 there	612	1	1	4.166245	4.166245	541	0.964864	[[541, 4.166245], [2659, 3.201381], [638, 2.926872], [2363, 2.750464], [678, 2.560131]]
CONNECTOR_MATRIX__HERE_THERE__TO__BARE__NONE	CONNECTOR_MATRIX	HERE_THERE	TO	BARE	here to there	0	<BOS>	50256	0	0	-0.000102	-0.000102	2256	0.796686	[[2256, 2.36087], [1888, 1.564183], [2787, 0.893099], [1450, 0.853876], [1048, 0.848868]]
CONNECTOR_MATRIX__HERE_THERE__TO__BARE__NONE	CONNECTOR_MATRIX	HERE_THERE	TO	BARE	here to there	1	here	1456	0	0	-0.105628	-0.000102	3017	0.223668	[[3017, 2.584538], [1888, 2.326891], [1790, 2.303324], [720, 1.751319], [1203, 1.435089]]
CONNECTOR_MATRIX__HERE_THERE__TO__BARE__NONE	CONNECTOR_MATRIX	HERE_THERE	TO	BARE	here to there	2	 to	284	0	0	-0.023422	-0.000102	3017	0.223668	[[2328, 1.518723], [1177, 1.509768], [1858, 1.454802], [1937, 1.424134], [2422, 1.39904]]
CONNECTOR_MATRIX__HERE_THERE__TO__BARE__NONE	CONNECTOR_MATRIX	HERE_THERE	TO	BARE	here to there	3	 there	612	1	1	0.991413	0.991413	3017	0.122086	[[429, 2.462452], [107, 2.386002], [2363, 2.330146], [2233, 2.163532], [626, 2.059178]]
CONNECTOR_MATRIX__HERE_THERE__BY__BARE__NONE	CONNECTOR_MATRIX	HERE_THERE	BY	BARE	here by there	0	<BOS>	50256	0	0	-0.000102	-0.000102	2256	0.796686	[[2256, 2.36087], [1888, 1.564183], [2787, 0.893099], [1450, 0.853876], [1048, 0.848868]]
CONNECTOR_MATRIX__HERE_THERE__BY__BARE__NONE	CONNECTOR_MATRIX	HERE_THERE	BY	BARE	here by there	1	here	1456	0	0	-0.105628	-0.000102	3017	0.223668	[[3017, 2.584538], [1888, 2.326891], [1790, 2.303324], [720, 1.751319], [1203, 1.435089]]
CONNECTOR_MATRIX__HERE_THERE__BY__BARE__NONE	CONNECTOR_MATRIX	HERE_THERE	BY	BARE	here by there	2	 by	416	0	0	-0.124018	-0.000102	3017	0.223668	[[1790, 2.271528], [2551, 2.133302], [1888, 1.718894], [165, 1.594756], [2422, 1.433129]]
CONNECTOR_MATRIX__HERE_THERE__BY__BARE__NONE	CONNECTOR_MATRIX	HERE_THERE	BY	BARE	here by there	3	 there	612	1	1	2.040192	2.040192	971	0.241556	[[971, 2.826095], [1186, 2.160906], [784, 2.14668], [541, 2.040192], [661, 1.957949]]
CONNECTOR_MATRIX__HERE_THERE__AFTER__BARE__NONE	CONNECTOR_MATRIX	HERE_THERE	AFTER	BARE	here after there	0	<BOS>	50256	0	0	-0.000102	-0.000102	2256	0.796686	[[2256, 2.36087], [1888, 1.564183], [2787, 0.893099], [1450, 0.853876], [1048, 0.848868]]
CONNECTOR_MATRIX__HERE_THERE__AFTER__BARE__NONE	CONNECTOR_MATRIX	HERE_THERE	AFTER	BARE	here after there	1	here	1456	0	0	-0.105628	-0.000102	3017	0.223668	[[3017, 2.584538], [1888, 2.326891], [1790, 2.303324], [720, 1.751319], [1203, 1.435089]]
CONNECTOR_MATRIX__HERE_THERE__AFTER__BARE__NONE	CONNECTOR_MATRIX	HERE_THERE	AFTER	BARE	here after there	2	 after	706	0	0	-0.081684	-0.000102	3017	0.223668	[[1790, 2.024444], [1937, 1.782421], [92, 1.691749], [2559, 1.591751], [1918, 1.562462]]
CONNECTOR_MATRIX__HERE_THERE__AFTER__BARE__NONE	CONNECTOR_MATRIX	HERE_THERE	AFTER	BARE	here after there	3	 there	612	1	1	0.25601	0.25601	170	0.100763	[[170, 2.685302], [2865, 1.963926], [1790, 1.81663], [1242, 1.807837], [349, 1.56206]]
CONNECTOR_MATRIX__HERE_THERE__AND__V9_SPACE__NONE	CONNECTOR_MATRIX	HERE_THERE	AND	V9_SPACE	 here and there	0	<BOS>	50256	0	0	-0.000102	-0.000102	2256	0.796686	[[2256, 2.36087], [1888, 1.564183], [2787, 0.893099], [1450, 0.853876], [1048, 0.848868]]
CONNECTOR_MATRIX__HERE_THERE__AND__V9_SPACE__NONE	CONNECTOR_MATRIX	HERE_THERE	AND	V9_SPACE	 here and there	1	 here	994	0	0	-0.124207	-0.000102	464	0.181247	[[464, 2.896078], [1790, 2.714831], [1888, 2.321314], [3017, 1.599818], [654, 1.503223]]
CONNECTOR_MATRIX__HERE_THERE__AND__V9_SPACE__NONE	CONNECTOR_MATRIX	HERE_THERE	AND	V9_SPACE	 here and there	2	 and	290	0	0	-0.012329	-0.000102	464	0.181247	[[1790, 1.996964], [2328, 1.940212], [1652, 1.286719], [1222, 1.251454], [1463, 1.206969]]
CONNECTOR_MATRIX__HERE_THERE__AND__V9_SPACE__NONE	CONNECTOR_MATRIX	HERE_THERE	AND	V9_SPACE	 here and there	3	 there	612	1	1	3.824304	3.824304	541	0.928226	[[541, 3.824304], [2753, 2.616259], [1272, 2.099586], [2852, 1.908371], [2816, 1.713604]]
CONNECTOR_MATRIX__HERE_THERE__OR__V9_SPACE__NONE	CONNECTOR_MATRIX	HERE_THERE	OR	V9_SPACE	 here or there	0	<BOS>	50256	0	0	-0.000102	-0.000102	2256	0.796686	[[2256, 2.36087], [1888, 1.564183], [2787, 0.893099], [1450, 0.853876], [1048, 0.848868]]
CONNECTOR_MATRIX__HERE_THERE__OR__V9_SPACE__NONE	CONNECTOR_MATRIX	HERE_THERE	OR	V9_SPACE	 here or there	1	 here	994	0	0	-0.124207	-0.000102	464	0.181247	[[464, 2.896078], [1790, 2.714831], [1888, 2.321314], [3017, 1.599818], [654, 1.503223]]
CONNECTOR_MATRIX__HERE_THERE__OR__V9_SPACE__NONE	CONNECTOR_MATRIX	HERE_THERE	OR	V9_SPACE	 here or there	2	 or	393	0	0	-0.000473	-0.000102	464	0.181247	[[1790, 1.817052], [230, 1.803159], [2328, 1.756612], [2664, 1.755097], [1463, 1.734688]]
CONNECTOR_MATRIX__HERE_THERE__OR__V9_SPACE__NONE	CONNECTOR_MATRIX	HERE_THERE	OR	V9_SPACE	 here or there	3	 there	612	1	1	3.409225	3.409225	541	0.513147	[[541, 3.409225], [2363, 2.626798], [512, 2.482876], [678, 2.472996], [2659, 2.187279]]
CONNECTOR_MATRIX__HERE_THERE__TO__V9_SPACE__NONE	CONNECTOR_MATRIX	HERE_THERE	TO	V9_SPACE	 here to there	0	<BOS>	50256	0	0	-0.000102	-0.000102	2256	0.796686	[[2256, 2.36087], [1888, 1.564183], [2787, 0.893099], [1450, 0.853876], [1048, 0.848868]]
CONNECTOR_MATRIX__HERE_THERE__TO__V9_SPACE__NONE	CONNECTOR_MATRIX	HERE_THERE	TO	V9_SPACE	 here to there	1	 here	994	0	0	-0.124207	-0.000102	464	0.181247	[[464, 2.896078], [1790, 2.714831], [1888, 2.321314], [3017, 1.599818], [654, 1.503223]]
CONNECTOR_MATRIX__HERE_THERE__TO__V9_SPACE__NONE	CONNECTOR_MATRIX	HERE_THERE	TO	V9_SPACE	 here to there	2	 to	284	0	0	-0.026009	-0.000102	464	0.181247	[[1554, 1.708137], [1177, 1.658888], [1790, 1.572431], [1144, 1.426362], [612, 1.386181]]
CONNECTOR_MATRIX__HERE_THERE__TO__V9_SPACE__NONE	CONNECTOR_MATRIX	HERE_THERE	TO	V9_SPACE	 here to there	3	 there	612	1	1	0.844571	0.844571	464	0.181247	[[107, 2.362149], [1883, 2.131099], [512, 1.866783], [2233, 1.847922], [2740, 1.808488]]
CONNECTOR_MATRIX__HERE_THERE__BY__V9_SPACE__NONE	CONNECTOR_MATRIX	HERE_THERE	BY	V9_SPACE	 here by there	0	<BOS>	50256	0	0	-0.000102	-0.000102	2256	0.796686	[[2256, 2.36087], [1888, 1.564183], [2787, 0.893099], [1450, 0.853876], [1048, 0.848868]]
CONNECTOR_MATRIX__HERE_THERE__BY__V9_SPACE__NONE	CONNECTOR_MATRIX	HERE_THERE	BY	V9_SPACE	 here by there	1	 here	994	0	0	-0.124207	-0.000102	464	0.181247	[[464, 2.896078], [1790, 2.714831], [1888, 2.321314], [3017, 1.599818], [654, 1.503223]]
CONNECTOR_MATRIX__HERE_THERE__BY__V9_SPACE__NONE	CONNECTOR_MATRIX	HERE_THERE	BY	V9_SPACE	 here by there	2	 by	416	0	0	-0.100291	-0.000102	464	0.181247	[[2551, 2.130643], [1790, 2.08268], [1888, 1.751266], [2883, 1.350538], [654, 1.322479]]
CONNECTOR_MATRIX__HERE_THERE__BY__V9_SPACE__NONE	CONNECTOR_MATRIX	HERE_THERE	BY	V9_SPACE	 here by there	3	 there	612	1	1	1.1406	1.1406	971	0.039346	[[971, 2.935424], [784, 2.456098], [1790, 1.951626], [1186, 1.785487], [2995, 1.66115]]
CONNECTOR_MATRIX__HERE_THERE__AFTER__V9_SPACE__NONE	CONNECTOR_MATRIX	HERE_THERE	AFTER	V9_SPACE	 here after there	0	<BOS>	50256	0	0	-0.000102	-0.000102	2256	0.796686	[[2256, 2.36087], [1888, 1.564183], [2787, 0.893099], [1450, 0.853876], [1048, 0.848868]]
CONNECTOR_MATRIX__HERE_THERE__AFTER__V9_SPACE__NONE	CONNECTOR_MATRIX	HERE_THERE	AFTER	V9_SPACE	 here after there	1	 here	994	0	0	-0.124207	-0.000102	464	0.181247	[[464, 2.896078], [1790, 2.714831], [1888, 2.321314], [3017, 1.599818], [654, 1.503223]]
CONNECTOR_MATRIX__HERE_THERE__AFTER__V9_SPACE__NONE	CONNECTOR_MATRIX	HERE_THERE	AFTER	V9_SPACE	 here after there	2	 after	706	0	0	-0.115225	-0.000102	464	0.181247	[[1790, 2.197438], [2883, 1.708811], [1888, 1.642418], [92, 1.262896], [1918, 1.235109]]
CONNECTOR_MATRIX__HERE_THERE__AFTER__V9_SPACE__NONE	CONNECTOR_MATRIX	HERE_THERE	AFTER	V9_SPACE	 here after there	3	 there	612	1	1	0.701771	0.701771	464	0.181247	[[170, 2.5642], [1790, 1.939469], [349, 1.548717], [1242, 1.504204], [2233, 1.382059]]
CONNECTOR_MATRIX__HERE_THERE__AND__THE_PHRASE__NONE	CONNECTOR_MATRIX	HERE_THERE	AND	THE_PHRASE	the phrase here and there	0	<BOS>	50256	0	0	-0.000102	-0.000102	2256	0.796686	[[2256, 2.36087], [1888, 1.564183], [2787, 0.893099], [1450, 0.853876], [1048, 0.848868]]
CONNECTOR_MATRIX__HERE_THERE__AND__THE_PHRASE__NONE	CONNECTOR_MATRIX	HERE_THERE	AND	THE_PHRASE	the phrase here and there	1	the	1169	0	0	-0.058428	-0.000102	1790	0.119972	[[1790, 2.74375], [1888, 2.623779], [1203, 1.370484], [654, 1.287318], [1504, 1.273196]]
CONNECTOR_MATRIX__HERE_THERE__AND__THE_PHRASE__NONE	CONNECTOR_MATRIX	HERE_THERE	AND	THE_PHRASE	the phrase here and there	2	 phrase	9546	0	0	-0.055584	-0.000102	2073	0.489396	[[2073, 3.233146], [1026, 1.694937], [2070, 1.648536], [388, 1.556334], [1888, 1.459668]]
CONNECTOR_MATRIX__HERE_THERE__AND__THE_PHRASE__NONE	CONNECTOR_MATRIX	HERE_THERE	AND	THE_PHRASE	the phrase here and there	3	 here	994	0	0	-0.070334	-0.000102	2073	0.489396	[[165, 1.935275], [680, 1.492949], [349, 1.388559], [3017, 1.340031], [1790, 1.298777]]
CONNECTOR_MATRIX__HERE_THERE__AND__THE_PHRASE__NONE	CONNECTOR_MATRIX	HERE_THERE	AND	THE_PHRASE	the phrase here and there	4	 and	290	0	0	-0.004793	-0.000102	2073	0.489396	[[1790, 2.175665], [2328, 2.069637], [1888, 1.550851], [2813, 1.399779], [2171, 1.379673]]
CONNECTOR_MATRIX__HERE_THERE__AND__THE_PHRASE__NONE	CONNECTOR_MATRIX	HERE_THERE	AND	THE_PHRASE	the phrase here and there	5	 there	612	1	1	4.150401	4.150401	541	0.917254	[[541, 4.150401], [2753, 2.695369], [2852, 2.316015], [1272, 2.149795], [2659, 2.135456]]
CONNECTOR_MATRIX__HERE_THERE__OR__THE_PHRASE__NONE	CONNECTOR_MATRIX	HERE_THERE	OR	THE_PHRASE	the phrase here or there	0	<BOS>	50256	0	0	-0.000102	-0.000102	2256	0.796686	[[2256, 2.36087], [1888, 1.564183], [2787, 0.893099], [1450, 0.853876], [1048, 0.848868]]
CONNECTOR_MATRIX__HERE_THERE__OR__THE_PHRASE__NONE	CONNECTOR_MATRIX	HERE_THERE	OR	THE_PHRASE	the phrase here or there	1	the	1169	0	0	-0.058428	-0.000102	1790	0.119972	[[1790, 2.74375], [1888, 2.623779], [1203, 1.370484], [654, 1.287318], [1504, 1.273196]]
CONNECTOR_MATRIX__HERE_THERE__OR__THE_PHRASE__NONE	CONNECTOR_MATRIX	HERE_THERE	OR	THE_PHRASE	the phrase here or there	2	 phrase	9546	0	0	-0.055584	-0.000102	2073	0.489396	[[2073, 3.233146], [1026, 1.694937], [2070, 1.648536], [388, 1.556334], [1888, 1.459668]]
CONNECTOR_MATRIX__HERE_THERE__OR__THE_PHRASE__NONE	CONNECTOR_MATRIX	HERE_THERE	OR	THE_PHRASE	the phrase here or there	3	 here	994	0	0	-0.070334	-0.000102	2073	0.489396	[[165, 1.935275], [680, 1.492949], [349, 1.388559], [3017, 1.340031], [1790, 1.298777]]
CONNECTOR_MATRIX__HERE_THERE__OR__THE_PHRASE__NONE	CONNECTOR_MATRIX	HERE_THERE	OR	THE_PHRASE	the phrase here or there	4	 or	393	0	0	-0.000398	-0.000102	2073	0.489396	[[1790, 1.954091], [2973, 1.596832], [2328, 1.454162], [678, 1.438056], [744, 1.410506]]
CONNECTOR_MATRIX__HERE_THERE__OR__THE_PHRASE__NONE	CONNECTOR_MATRIX	HERE_THERE	OR	THE_PHRASE	the phrase here or there	5	 there	612	1	1	3.525937	3.525937	541	0.292791	[[541, 3.525937], [2659, 2.50808], [512, 2.326918], [2753, 2.226655], [678, 2.147457]]
CONNECTOR_MATRIX__HERE_THERE__TO__THE_PHRASE__NONE	CONNECTOR_MATRIX	HERE_THERE	TO	THE_PHRASE	the phrase here to there	0	<BOS>	50256	0	0	-0.000102	-0.000102	2256	0.796686	[[2256, 2.36087], [1888, 1.564183], [2787, 0.893099], [1450, 0.853876], [1048, 0.848868]]
CONNECTOR_MATRIX__HERE_THERE__TO__THE_PHRASE__NONE	CONNECTOR_MATRIX	HERE_THERE	TO	THE_PHRASE	the phrase here to there	1	the	1169	0	0	-0.058428	-0.000102	1790	0.119972	[[1790, 2.74375], [1888, 2.623779], [1203, 1.370484], [654, 1.287318], [1504, 1.273196]]
CONNECTOR_MATRIX__HERE_THERE__TO__THE_PHRASE__NONE	CONNECTOR_MATRIX	HERE_THERE	TO	THE_PHRASE	the phrase here to there	2	 phrase	9546	0	0	-0.055584	-0.000102	2073	0.489396	[[2073, 3.233146], [1026, 1.694937], [2070, 1.648536], [388, 1.556334], [1888, 1.459668]]
CONNECTOR_MATRIX__HERE_THERE__TO__THE_PHRASE__NONE	CONNECTOR_MATRIX	HERE_THERE	TO	THE_PHRASE	the phrase here to there	3	 here	994	0	0	-0.070334	-0.000102	2073	0.489396	[[165, 1.935275], [680, 1.492949], [349, 1.388559], [3017, 1.340031], [1790, 1.298777]]
CONNECTOR_MATRIX__HERE_THERE__TO__THE_PHRASE__NONE	CONNECTOR_MATRIX	HERE_THERE	TO	THE_PHRASE	the phrase here to there	4	 to	284	0	0	-0.006242	-0.000102	2073	0.489396	[[1790, 2.356291], [1888, 1.545673], [654, 1.337054], [1235, 1.222597], [1762, 1.217909]]
CONNECTOR_MATRIX__HERE_THERE__TO__THE_PHRASE__NONE	CONNECTOR_MATRIX	HERE_THERE	TO	THE_PHRASE	the phrase here to there	5	 there	612	1	1	0.915742	0.915742	2073	0.489396	[[107, 2.150579], [1883, 2.148008], [512, 2.147557], [1615, 2.010376], [2233, 1.99952]]
CONNECTOR_MATRIX__HERE_THERE__BY__THE_PHRASE__NONE	CONNECTOR_MATRIX	HERE_THERE	BY	THE_PHRASE	the phrase here by there	0	<BOS>	50256	0	0	-0.000102	-0.000102	2256	0.796686	[[2256, 2.36087], [1888, 1.564183], [2787, 0.893099], [1450, 0.853876], [1048, 0.848868]]
CONNECTOR_MATRIX__HERE_THERE__BY__THE_PHRASE__NONE	CONNECTOR_MATRIX	HERE_THERE	BY	THE_PHRASE	the phrase here by there	1	the	1169	0	0	-0.058428	-0.000102	1790	0.119972	[[1790, 2.74375], [1888, 2.623779], [1203, 1.370484], [654, 1.287318], [1504, 1.273196]]
CONNECTOR_MATRIX__HERE_THERE__BY__THE_PHRASE__NONE	CONNECTOR_MATRIX	HERE_THERE	BY	THE_PHRASE	the phrase here by there	2	 phrase	9546	0	0	-0.055584	-0.000102	2073	0.489396	[[2073, 3.233146], [1026, 1.694937], [2070, 1.648536], [388, 1.556334], [1888, 1.459668]]
CONNECTOR_MATRIX__HERE_THERE__BY__THE_PHRASE__NONE	CONNECTOR_MATRIX	HERE_THERE	BY	THE_PHRASE	the phrase here by there	3	 here	994	0	0	-0.070334	-0.000102	2073	0.489396	[[165, 1.935275], [680, 1.492949], [349, 1.388559], [3017, 1.340031], [1790, 1.298777]]
CONNECTOR_MATRIX__HERE_THERE__BY__THE_PHRASE__NONE	CONNECTOR_MATRIX	HERE_THERE	BY	THE_PHRASE	the phrase here by there	4	 by	416	0	0	-0.023151	-0.000102	2073	0.489396	[[1888, 2.244887], [1790, 1.752059], [2551, 1.55269], [1856, 1.430847], [654, 1.428265]]
CONNECTOR_MATRIX__HERE_THERE__BY__THE_PHRASE__NONE	CONNECTOR_MATRIX	HERE_THERE	BY	THE_PHRASE	the phrase here by there	5	 there	612	1	1	0.420293	0.420293	2073	0.489396	[[971, 2.5526], [784, 2.355863], [1186, 2.090361], [1790, 1.820343], [1749, 1.770644]]
CONNECTOR_MATRIX__HERE_THERE__AFTER__THE_PHRASE__NONE	CONNECTOR_MATRIX	HERE_THERE	AFTER	THE_PHRASE	the phrase here after there	0	<BOS>	50256	0	0	-0.000102	-0.000102	2256	0.796686	[[2256, 2.36087], [1888, 1.564183], [2787, 0.893099], [1450, 0.853876], [1048, 0.848868]]
CONNECTOR_MATRIX__HERE_THERE__AFTER__THE_PHRASE__NONE	CONNECTOR_MATRIX	HERE_THERE	AFTER	THE_PHRASE	the phrase here after there	1	the	1169	0	0	-0.058428	-0.000102	1790	0.119972	[[1790, 2.74375], [1888, 2.623779], [1203, 1.370484], [654, 1.287318], [1504, 1.273196]]
CONNECTOR_MATRIX__HERE_THERE__AFTER__THE_PHRASE__NONE	CONNECTOR_MATRIX	HERE_THERE	AFTER	THE_PHRASE	the phrase here after there	2	 phrase	9546	0	0	-0.055584	-0.000102	2073	0.489396	[[2073, 3.233146], [1026, 1.694937], [2070, 1.648536], [388, 1.556334], [1888, 1.459668]]
CONNECTOR_MATRIX__HERE_THERE__AFTER__THE_PHRASE__NONE	CONNECTOR_MATRIX	HERE_THERE	AFTER	THE_PHRASE	the phrase here after there	3	 here	994	0	0	-0.070334	-0.000102	2073	0.489396	[[165, 1.935275], [680, 1.492949], [349, 1.388559], [3017, 1.340031], [1790, 1.298777]]
CONNECTOR_MATRIX__HERE_THERE__AFTER__THE_PHRASE__NONE	CONNECTOR_MATRIX	HERE_THERE	AFTER	THE_PHRASE	the phrase here after there	4	 after	706	0	0	-0.02846	-0.000102	2073	0.489396	[[2883, 2.238711], [1918, 1.472675], [689, 1.472594], [92, 1.349296], [1790, 1.315973]]
CONNECTOR_MATRIX__HERE_THERE__AFTER__THE_PHRASE__NONE	CONNECTOR_MATRIX	HERE_THERE	AFTER	THE_PHRASE	the phrase here after there	5	 there	612	1	1	-0.022834	-0.000102	2073	0.489396	[[170, 2.575281], [1790, 1.919801], [349, 1.657968], [510, 1.314067], [2233, 1.293698]]
CONNECTOR_MATRIX__HERE_THERE__AND__THEY_SAID__NONE	CONNECTOR_MATRIX	HERE_THERE	AND	THEY_SAID	they said here and there	0	<BOS>	50256	0	0	-0.000102	-0.000102	2256	0.796686	[[2256, 2.36087], [1888, 1.564183], [2787, 0.893099], [1450, 0.853876], [1048, 0.848868]]
CONNECTOR_MATRIX__HERE_THERE__AND__THEY_SAID__NONE	CONNECTOR_MATRIX	HERE_THERE	AND	THEY_SAID	they said here and there	1	they	9930	0	0	-0.133193	-0.000102	2256	0.053377	[[1790, 2.307492], [1888, 2.21476], [234, 1.470804], [1169, 1.294994], [654, 1.246823]]
CONNECTOR_MATRIX__HERE_THERE__AND__THEY_SAID__NONE	CONNECTOR_MATRIX	HERE_THERE	AND	THEY_SAID	they said here and there	2	 said	531	0	0	-0.038379	-0.000102	2256	0.053377	[[2982, 1.845008], [932, 1.550615], [521, 1.429855], [38, 1.363183], [654, 1.281732]]
CONNECTOR_MATRIX__HERE_THERE__AND__THEY_SAID__NONE	CONNECTOR_MATRIX	HERE_THERE	AND	THEY_SAID	they said here and there	3	 here	994	0	0	-0.157885	-0.000102	2256	0.053377	[[720, 1.780668], [1790, 1.54955], [3017, 1.486049], [1691, 1.431151], [165, 1.397194]]
CONNECTOR_MATRIX__HERE_THERE__AND__THEY_SAID__NONE	CONNECTOR_MATRIX	HERE_THERE	AND	THEY_SAID	they said here and there	4	 and	290	0	0	-0.015843	-0.000102	1790	0.078049	[[1790, 2.438919], [2171, 1.923526], [2328, 1.489055], [2813, 1.381902], [1888, 1.364874]]
CONNECTOR_MATRIX__HERE_THERE__AND__THEY_SAID__NONE	CONNECTOR_MATRIX	HERE_THERE	AND	THEY_SAID	they said here and there	5	 there	612	1	1	4.241707	4.241707	541	1.313137	[[541, 4.241707], [2753, 2.92857], [2659, 2.405142], [2852, 2.147663], [2905, 1.936593]]
CONNECTOR_MATRIX__HERE_THERE__OR__THEY_SAID__NONE	CONNECTOR_MATRIX	HERE_THERE	OR	THEY_SAID	they said here or there	0	<BOS>	50256	0	0	-0.000102	-0.000102	2256	0.796686	[[2256, 2.36087], [1888, 1.564183], [2787, 0.893099], [1450, 0.853876], [1048, 0.848868]]
CONNECTOR_MATRIX__HERE_THERE__OR__THEY_SAID__NONE	CONNECTOR_MATRIX	HERE_THERE	OR	THEY_SAID	they said here or there	1	they	9930	0	0	-0.133193	-0.000102	2256	0.053377	[[1790, 2.307492], [1888, 2.21476], [234, 1.470804], [1169, 1.294994], [654, 1.246823]]
CONNECTOR_MATRIX__HERE_THERE__OR__THEY_SAID__NONE	CONNECTOR_MATRIX	HERE_THERE	OR	THEY_SAID	they said here or there	2	 said	531	0	0	-0.038379	-0.000102	2256	0.053377	[[2982, 1.845008], [932, 1.550615], [521, 1.429855], [38, 1.363183], [654, 1.281732]]
CONNECTOR_MATRIX__HERE_THERE__OR__THEY_SAID__NONE	CONNECTOR_MATRIX	HERE_THERE	OR	THEY_SAID	they said here or there	3	 here	994	0	0	-0.157885	-0.000102	2256	0.053377	[[720, 1.780668], [1790, 1.54955], [3017, 1.486049], [1691, 1.431151], [165, 1.397194]]
CONNECTOR_MATRIX__HERE_THERE__OR__THEY_SAID__NONE	CONNECTOR_MATRIX	HERE_THERE	OR	THEY_SAID	they said here or there	4	 or	393	0	0	-5.4e-05	-5.4e-05	2256	0.053377	[[1790, 2.108025], [678, 1.787664], [166, 1.719082], [1297, 1.496537], [2171, 1.490074]]
CONNECTOR_MATRIX__HERE_THERE__OR__THEY_SAID__NONE	CONNECTOR_MATRIX	HERE_THERE	OR	THEY_SAID	they said here or there	5	 there	612	1	1	4.075899	4.075899	541	1.012581	[[541, 4.075899], [2659, 3.063318], [2753, 2.638489], [678, 2.438352], [512, 2.201473]]
CONNECTOR_MATRIX__HERE_THERE__TO__THEY_SAID__NONE	CONNECTOR_MATRIX	HERE_THERE	TO	THEY_SAID	they said here to there	0	<BOS>	50256	0	0	-0.000102	-0.000102	2256	0.796686	[[2256, 2.36087], [1888, 1.564183], [2787, 0.893099], [1450, 0.853876], [1048, 0.848868]]
CONNECTOR_MATRIX__HERE_THERE__TO__THEY_SAID__NONE	CONNECTOR_MATRIX	HERE_THERE	TO	THEY_SAID	they said here to there	1	they	9930	0	0	-0.133193	-0.000102	2256	0.053377	[[1790, 2.307492], [1888, 2.21476], [234, 1.470804], [1169, 1.294994], [654, 1.246823]]
CONNECTOR_MATRIX__HERE_THERE__TO__THEY_SAID__NONE	CONNECTOR_MATRIX	HERE_THERE	TO	THEY_SAID	they said here to there	2	 said	531	0	0	-0.038379	-0.000102	2256	0.053377	[[2982, 1.845008], [932, 1.550615], [521, 1.429855], [38, 1.363183], [654, 1.281732]]
CONNECTOR_MATRIX__HERE_THERE__TO__THEY_SAID__NONE	CONNECTOR_MATRIX	HERE_THERE	TO	THEY_SAID	they said here to there	3	 here	994	0	0	-0.157885	-0.000102	2256	0.053377	[[720, 1.780668], [1790, 1.54955], [3017, 1.486049], [1691, 1.431151], [165, 1.397194]]
CONNECTOR_MATRIX__HERE_THERE__TO__THEY_SAID__NONE	CONNECTOR_MATRIX	HERE_THERE	TO	THEY_SAID	they said here to there	4	 to	284	0	0	-0.020449	-0.000102	2256	0.053377	[[1790, 1.967512], [1888, 1.458713], [654, 1.440986], [557, 1.235314], [1235, 1.208687]]
CONNECTOR_MATRIX__HERE_THERE__TO__THEY_SAID__NONE	CONNECTOR_MATRIX	HERE_THERE	TO	THEY_SAID	they said here to there	5	 there	612	1	1	1.572679	1.572679	2256	0.053377	[[1790, 2.123494], [107, 2.02996], [2753, 1.854633], [1691, 1.692657], [541, 1.572679]]
CONNECTOR_MATRIX__HERE_THERE__BY__THEY_SAID__NONE	CONNECTOR_MATRIX	HERE_THERE	BY	THEY_SAID	they said here by there	0	<BOS>	50256	0	0	-0.000102	-0.000102	2256	0.796686	[[2256, 2.36087], [1888, 1.564183], [2787, 0.893099], [1450, 0.853876], [1048, 0.848868]]
CONNECTOR_MATRIX__HERE_THERE__BY__THEY_SAID__NONE	CONNECTOR_MATRIX	HERE_THERE	BY	THEY_SAID	they said here by there	1	they	9930	0	0	-0.133193	-0.000102	2256	0.053377	[[1790, 2.307492], [1888, 2.21476], [234, 1.470804], [1169, 1.294994], [654, 1.246823]]
CONNECTOR_MATRIX__HERE_THERE__BY__THEY_SAID__NONE	CONNECTOR_MATRIX	HERE_THERE	BY	THEY_SAID	they said here by there	2	 said	531	0	0	-0.038379	-0.000102	2256	0.053377	[[2982, 1.845008], [932, 1.550615], [521, 1.429855], [38, 1.363183], [654, 1.281732]]
CONNECTOR_MATRIX__HERE_THERE__BY__THEY_SAID__NONE	CONNECTOR_MATRIX	HERE_THERE	BY	THEY_SAID	they said here by there	3	 here	994	0	0	-0.157885	-0.000102	2256	0.053377	[[720, 1.780668], [1790, 1.54955], [3017, 1.486049], [1691, 1.431151], [165, 1.397194]]
CONNECTOR_MATRIX__HERE_THERE__BY__THEY_SAID__NONE	CONNECTOR_MATRIX	HERE_THERE	BY	THEY_SAID	they said here by there	4	 by	416	0	0	-0.037925	-0.000102	2256	0.053377	[[654, 1.763193], [1888, 1.734994], [1790, 1.715159], [801, 1.613391], [2082, 1.580179]]
CONNECTOR_MATRIX__HERE_THERE__BY__THEY_SAID__NONE	CONNECTOR_MATRIX	HERE_THERE	BY	THEY_SAID	they said here by there	5	 there	612	1	1	1.046495	1.046495	2256	0.053377	[[1186, 2.065491], [784, 1.887123], [1790, 1.822514], [971, 1.760188], [1691, 1.575815]]
CONNECTOR_MATRIX__HERE_THERE__AFTER__THEY_SAID__NONE	CONNECTOR_MATRIX	HERE_THERE	AFTER	THEY_SAID	they said here after there	0	<BOS>	50256	0	0	-0.000102	-0.000102	2256	0.796686	[[2256, 2.36087], [1888, 1.564183], [2787, 0.893099], [1450, 0.853876], [1048, 0.848868]]
CONNECTOR_MATRIX__HERE_THERE__AFTER__THEY_SAID__NONE	CONNECTOR_MATRIX	HERE_THERE	AFTER	THEY_SAID	they said here after there	1	they	9930	0	0	-0.133193	-0.000102	2256	0.053377	[[1790, 2.307492], [1888, 2.21476], [234, 1.470804], [1169, 1.294994], [654, 1.246823]]
CONNECTOR_MATRIX__HERE_THERE__AFTER__THEY_SAID__NONE	CONNECTOR_MATRIX	HERE_THERE	AFTER	THEY_SAID	they said here after there	2	 said	531	0	0	-0.038379	-0.000102	2256	0.053377	[[2982, 1.845008], [932, 1.550615], [521, 1.429855], [38, 1.363183], [654, 1.281732]]
CONNECTOR_MATRIX__HERE_THERE__AFTER__THEY_SAID__NONE	CONNECTOR_MATRIX	HERE_THERE	AFTER	THEY_SAID	they said here after there	3	 here	994	0	0	-0.157885	-0.000102	2256	0.053377	[[720, 1.780668], [1790, 1.54955], [3017, 1.486049], [1691, 1.431151], [165, 1.397194]]
CONNECTOR_MATRIX__HERE_THERE__AFTER__THEY_SAID__NONE	CONNECTOR_MATRIX	HERE_THERE	AFTER	THEY_SAID	they said here after there	4	 after	706	0	0	-0.024634	-0.000102	2256	0.053377	[[2883, 1.734495], [1790, 1.577138], [92, 1.57065], [654, 1.423372], [1031, 1.366238]]
CONNECTOR_MATRIX__HERE_THERE__AFTER__THEY_SAID__NONE	CONNECTOR_MATRIX	HERE_THERE	AFTER	THEY_SAID	they said here after there	5	 there	612	1	1	0.445555	0.445555	170	0.246867	[[170, 2.607737], [1790, 2.036027], [510, 1.390143], [1242, 1.148948], [349, 1.145681]]
CONNECTOR_MATRIX__RIGHT_LEFT__AND__BARE__NONE	CONNECTOR_MATRIX	RIGHT_LEFT	AND	BARE	right and left	0	<BOS>	50256	0	0	-0.000102	-0.000102	2256	0.796686	[[2256, 2.36087], [1888, 1.564183], [2787, 0.893099], [1450, 0.853876], [1048, 0.848868]]
CONNECTOR_MATRIX__RIGHT_LEFT__AND__BARE__NONE	CONNECTOR_MATRIX	RIGHT_LEFT	AND	BARE	right and left	1	right	3506	0	0	-0.01172	-0.000102	1888	0.367112	[[1888, 2.727982], [1790, 2.288639], [1068, 2.122274], [234, 2.051045], [966, 1.93584]]
CONNECTOR_MATRIX__RIGHT_LEFT__AND__BARE__NONE	CONNECTOR_MATRIX	RIGHT_LEFT	AND	BARE	right and left	2	 and	290	0	0	-0.033633	-0.000102	1888	0.367112	[[2229, 1.763626], [1790, 1.738086], [1203, 1.727427], [2345, 1.648552], [1888, 1.528997]]
CONNECTOR_MATRIX__RIGHT_LEFT__AND__BARE__NONE	CONNECTOR_MATRIX	RIGHT_LEFT	AND	BARE	right and left	3	 left	1364	1	1	3.454198	3.454198	541	0.311609	[[541, 3.454198], [2659, 3.142589], [638, 2.854385], [2269, 2.626753], [2317, 2.169183]]
CONNECTOR_MATRIX__RIGHT_LEFT__OR__BARE__NONE	CONNECTOR_MATRIX	RIGHT_LEFT	OR	BARE	right or left	0	<BOS>	50256	0	0	-0.000102	-0.000102	2256	0.796686	[[2256, 2.36087], [1888, 1.564183], [2787, 0.893099], [1450, 0.853876], [1048, 0.848868]]
CONNECTOR_MATRIX__RIGHT_LEFT__OR__BARE__NONE	CONNECTOR_MATRIX	RIGHT_LEFT	OR	BARE	right or left	1	right	3506	0	0	-0.01172	-0.000102	1888	0.367112	[[1888, 2.727982], [1790, 2.288639], [1068, 2.122274], [234, 2.051045], [966, 1.93584]]
CONNECTOR_MATRIX__RIGHT_LEFT__OR__BARE__NONE	CONNECTOR_MATRIX	RIGHT_LEFT	OR	BARE	right or left	2	 or	393	0	0	-0.011045	-0.000102	1888	0.367112	[[2229, 1.928471], [1790, 1.78223], [2345, 1.780041], [1787, 1.76319], [2505, 1.700808]]
CONNECTOR_MATRIX__RIGHT_LEFT__OR__BARE__NONE	CONNECTOR_MATRIX	RIGHT_LEFT	OR	BARE	right or left	3	 left	1364	1	1	4.176279	4.176279	541	0.343703	[[541, 4.176279], [2659, 3.832577], [638, 3.245634], [2317, 2.468101], [1691, 2.211098]]
CONNECTOR_MATRIX__RIGHT_LEFT__TO__BARE__NONE	CONNECTOR_MATRIX	RIGHT_LEFT	TO	BARE	right to left	0	<BOS>	50256	0	0	-0.000102	-0.000102	2256	0.796686	[[2256, 2.36087], [1888, 1.564183], [2787, 0.893099], [1450, 0.853876], [1048, 0.848868]]
CONNECTOR_MATRIX__RIGHT_LEFT__TO__BARE__NONE	CONNECTOR_MATRIX	RIGHT_LEFT	TO	BARE	right to left	1	right	3506	0	0	-0.01172	-0.000102	1888	0.367112	[[1888, 2.727982], [1790, 2.288639], [1068, 2.122274], [234, 2.051045], [966, 1.93584]]
CONNECTOR_MATRIX__RIGHT_LEFT__TO__BARE__NONE	CONNECTOR_MATRIX	RIGHT_LEFT	TO	BARE	right to left	2	 to	284	0	0	-0.045445	-0.000102	1888	0.367112	[[654, 1.787751], [1790, 1.760371], [2988, 1.626629], [1124, 1.606229], [1083, 1.415415]]
CONNECTOR_MATRIX__RIGHT_LEFT__TO__BARE__NONE	CONNECTOR_MATRIX	RIGHT_LEFT	TO	BARE	right to left	3	 left	1364	1	1	2.638869	2.638869	429	0.035434	[[429, 2.870599], [2463, 2.835165], [541, 2.638869], [259, 2.441233], [2269, 2.352059]]
CONNECTOR_MATRIX__RIGHT_LEFT__BY__BARE__NONE	CONNECTOR_MATRIX	RIGHT_LEFT	BY	BARE	right by left	0	<BOS>	50256	0	0	-0.000102	-0.000102	2256	0.796686	[[2256, 2.36087], [1888, 1.564183], [2787, 0.893099], [1450, 0.853876], [1048, 0.848868]]
CONNECTOR_MATRIX__RIGHT_LEFT__BY__BARE__NONE	CONNECTOR_MATRIX	RIGHT_LEFT	BY	BARE	right by left	1	right	3506	0	0	-0.01172	-0.000102	1888	0.367112	[[1888, 2.727982], [1790, 2.288639], [1068, 2.122274], [234, 2.051045], [966, 1.93584]]
CONNECTOR_MATRIX__RIGHT_LEFT__BY__BARE__NONE	CONNECTOR_MATRIX	RIGHT_LEFT	BY	BARE	right by left	2	 by	416	0	0	-0.140932	-0.000102	1888	0.28722	[[1836, 2.440762], [832, 2.383991], [2890, 2.163111], [2829, 2.110138], [2250, 2.011243]]
CONNECTOR_MATRIX__RIGHT_LEFT__BY__BARE__NONE	CONNECTOR_MATRIX	RIGHT_LEFT	BY	BARE	right by left	3	 left	1364	1	1	2.351145	2.351145	971	0.245281	[[971, 2.97361], [2463, 2.728329], [541, 2.351145], [1691, 2.296879], [259, 2.274366]]
CONNECTOR_MATRIX__RIGHT_LEFT__AFTER__BARE__NONE	CONNECTOR_MATRIX	RIGHT_LEFT	AFTER	BARE	right after left	0	<BOS>	50256	0	0	-0.000102	-0.000102	2256	0.796686	[[2256, 2.36087], [1888, 1.564183], [2787, 0.893099], [1450, 0.853876], [1048, 0.848868]]
CONNECTOR_MATRIX__RIGHT_LEFT__AFTER__BARE__NONE	CONNECTOR_MATRIX	RIGHT_LEFT	AFTER	BARE	right after left	1	right	3506	0	0	-0.01172	-0.000102	1888	0.367112	[[1888, 2.727982], [1790, 2.288639], [1068, 2.122274], [234, 2.051045], [966, 1.93584]]
CONNECTOR_MATRIX__RIGHT_LEFT__AFTER__BARE__NONE	CONNECTOR_MATRIX	RIGHT_LEFT	AFTER	BARE	right after left	2	 after	706	0	0	-0.102582	-0.000102	1888	0.367112	[[171, 1.866066], [2883, 1.777495], [455, 1.46674], [92, 1.452968], [1722, 1.326461]]
CONNECTOR_MATRIX__RIGHT_LEFT__AFTER__BARE__NONE	CONNECTOR_MATRIX	RIGHT_LEFT	AFTER	BARE	right after left	3	 left	1364	1	1	0.070964	0.070964	1888	0.367112	[[776, 1.924538], [526, 1.758793], [2463, 1.731729], [2269, 1.663387], [1888, 1.634318]]
CONNECTOR_MATRIX__RIGHT_LEFT__AND__V9_SPACE__NONE	CONNECTOR_MATRIX	RIGHT_LEFT	AND	V9_SPACE	 right and left	0	<BOS>	50256	0	0	-0.000102	-0.000102	2256	0.796686	[[2256, 2.36087], [1888, 1.564183], [2787, 0.893099], [1450, 0.853876], [1048, 0.848868]]
CONNECTOR_MATRIX__RIGHT_LEFT__AND__V9_SPACE__NONE	CONNECTOR_MATRIX	RIGHT_LEFT	AND	V9_SPACE	 right and left	1	 right	826	0	0	-0.030492	-0.000102	1888	0.410401	[[1888, 3.113196], [1790, 2.702795], [1068, 2.562421], [654, 2.159784], [1998, 2.022582]]
CONNECTOR_MATRIX__RIGHT_LEFT__AND__V9_SPACE__NONE	CONNECTOR_MATRIX	RIGHT_LEFT	AND	V9_SPACE	 right and left	2	 and	290	0	0	-0.02445	-0.000102	1888	0.410401	[[1790, 2.098189], [1888, 1.90578], [2345, 1.684176], [654, 1.651881], [2505, 1.338281]]
CONNECTOR_MATRIX__RIGHT_LEFT__AND__V9_SPACE__NONE	CONNECTOR_MATRIX	RIGHT_LEFT	AND	V9_SPACE	 right and left	3	 left	1364	1	1	3.856174	3.856174	541	0.476619	[[541, 3.856174], [2659, 3.379555], [638, 2.87551], [2269, 2.310713], [2317, 2.202318]]
CONNECTOR_MATRIX__RIGHT_LEFT__OR__V9_SPACE__NONE	CONNECTOR_MATRIX	RIGHT_LEFT	OR	V9_SPACE	 right or left	0	<BOS>	50256	0	0	-0.000102	-0.000102	2256	0.796686	[[2256, 2.36087], [1888, 1.564183], [2787, 0.893099], [1450, 0.853876], [1048, 0.848868]]
CONNECTOR_MATRIX__RIGHT_LEFT__OR__V9_SPACE__NONE	CONNECTOR_MATRIX	RIGHT_LEFT	OR	V9_SPACE	 right or left	1	 right	826	0	0	-0.030492	-0.000102	1888	0.410401	[[1888, 3.113196], [1790, 2.702795], [1068, 2.562421], [654, 2.159784], [1998, 2.022582]]
CONNECTOR_MATRIX__RIGHT_LEFT__OR__V9_SPACE__NONE	CONNECTOR_MATRIX	RIGHT_LEFT	OR	V9_SPACE	 right or left	2	 or	393	0	0	-0.005909	-0.000102	1888	0.410401	[[1790, 1.942421], [2345, 1.786536], [1787, 1.786031], [1888, 1.717928], [2505, 1.704666]]
CONNECTOR_MATRIX__RIGHT_LEFT__OR__V9_SPACE__NONE	CONNECTOR_MATRIX	RIGHT_LEFT	OR	V9_SPACE	 right or left	3	 left	1364	1	1	4.278709	4.278709	541	0.415381	[[541, 4.278709], [2659, 3.863328], [638, 3.191995], [2317, 2.340144], [259, 2.21668]]
CONNECTOR_MATRIX__RIGHT_LEFT__TO__V9_SPACE__NONE	CONNECTOR_MATRIX	RIGHT_LEFT	TO	V9_SPACE	 right to left	0	<BOS>	50256	0	0	-0.000102	-0.000102	2256	0.796686	[[2256, 2.36087], [1888, 1.564183], [2787, 0.893099], [1450, 0.853876], [1048, 0.848868]]
CONNECTOR_MATRIX__RIGHT_LEFT__TO__V9_SPACE__NONE	CONNECTOR_MATRIX	RIGHT_LEFT	TO	V9_SPACE	 right to left	1	 right	826	0	0	-0.030492	-0.000102	1888	0.410401	[[1888, 3.113196], [1790, 2.702795], [1068, 2.562421], [654, 2.159784], [1998, 2.022582]]
CONNECTOR_MATRIX__RIGHT_LEFT__TO__V9_SPACE__NONE	CONNECTOR_MATRIX	RIGHT_LEFT	TO	V9_SPACE	 right to left	2	 to	284	0	0	-0.063805	-0.000102	1888	0.410401	[[654, 2.268959], [1790, 1.967463], [2988, 1.733146], [1124, 1.615663], [1888, 1.56733]]
CONNECTOR_MATRIX__RIGHT_LEFT__TO__V9_SPACE__NONE	CONNECTOR_MATRIX	RIGHT_LEFT	TO	V9_SPACE	 right to left	3	 left	1364	1	1	3.152814	3.152814	541	0.039618	[[541, 3.152814], [429, 2.600213], [259, 2.488133], [2463, 2.411002], [2269, 2.105347]]
CONNECTOR_MATRIX__RIGHT_LEFT__BY__V9_SPACE__NONE	CONNECTOR_MATRIX	RIGHT_LEFT	BY	V9_SPACE	 right by left	0	<BOS>	50256	0	0	-0.000102	-0.000102	2256	0.796686	[[2256, 2.36087], [1888, 1.564183], [2787, 0.893099], [1450, 0.853876], [1048, 0.848868]]
CONNECTOR_MATRIX__RIGHT_LEFT__BY__V9_SPACE__NONE	CONNECTOR_MATRIX	RIGHT_LEFT	BY	V9_SPACE	 right by left	1	 right	826	0	0	-0.030492	-0.000102	1888	0.410401	[[1888, 3.113196], [1790, 2.702795], [1068, 2.562421], [654, 2.159784], [1998, 2.022582]]
CONNECTOR_MATRIX__RIGHT_LEFT__BY__V9_SPACE__NONE	CONNECTOR_MATRIX	RIGHT_LEFT	BY	V9_SPACE	 right by left	2	 by	416	0	0	0.00131	0.00131	1888	0.410401	[[832, 2.66576], [1836, 2.581074], [1790, 2.154872], [259, 2.042989], [2829, 2.0413]]
CONNECTOR_MATRIX__RIGHT_LEFT__BY__V9_SPACE__NONE	CONNECTOR_MATRIX	RIGHT_LEFT	BY	V9_SPACE	 right by left	3	 left	1364	1	1	2.985297	2.985297	1888	0.127899	[[541, 2.985297], [971, 2.869373], [259, 2.586248], [2463, 2.299012], [1691, 2.257619]]
CONNECTOR_MATRIX__RIGHT_LEFT__AFTER__V9_SPACE__NONE	CONNECTOR_MATRIX	RIGHT_LEFT	AFTER	V9_SPACE	 right after left	0	<BOS>	50256	0	0	-0.000102	-0.000102	2256	0.796686	[[2256, 2.36087], [1888, 1.564183], [2787, 0.893099], [1450, 0.853876], [1048, 0.848868]]
CONNECTOR_MATRIX__RIGHT_LEFT__AFTER__V9_SPACE__NONE	CONNECTOR_MATRIX	RIGHT_LEFT	AFTER	V9_SPACE	 right after left	1	 right	826	0	0	-0.030492	-0.000102	1888	0.410401	[[1888, 3.113196], [1790, 2.702795], [1068, 2.562421], [654, 2.159784], [1998, 2.022582]]
CONNECTOR_MATRIX__RIGHT_LEFT__AFTER__V9_SPACE__NONE	CONNECTOR_MATRIX	RIGHT_LEFT	AFTER	V9_SPACE	 right after left	2	 after	706	0	0	-0.140237	-0.000102	1888	0.410401	[[171, 2.551828], [66, 1.561278], [1888, 1.520028], [455, 1.517577], [1084, 1.475479]]
CONNECTOR_MATRIX__RIGHT_LEFT__AFTER__V9_SPACE__NONE	CONNECTOR_MATRIX	RIGHT_LEFT	AFTER	V9_SPACE	 right after left	3	 left	1364	1	1	0.006204	0.006204	1888	0.410401	[[526, 1.85011], [776, 1.803674], [1888, 1.763804], [1790, 1.726192], [2463, 1.712514]]
CONNECTOR_MATRIX__RIGHT_LEFT__AND__THE_PHRASE__NONE	CONNECTOR_MATRIX	RIGHT_LEFT	AND	THE_PHRASE	the phrase right and left	0	<BOS>	50256	0	0	-0.000102	-0.000102	2256	0.796686	[[2256, 2.36087], [1888, 1.564183], [2787, 0.893099], [1450, 0.853876], [1048, 0.848868]]
CONNECTOR_MATRIX__RIGHT_LEFT__AND__THE_PHRASE__NONE	CONNECTOR_MATRIX	RIGHT_LEFT	AND	THE_PHRASE	the phrase right and left	1	the	1169	0	0	-0.058428	-0.000102	1790	0.119972	[[1790, 2.74375], [1888, 2.623779], [1203, 1.370484], [654, 1.287318], [1504, 1.273196]]
CONNECTOR_MATRIX__RIGHT_LEFT__AND__THE_PHRASE__NONE	CONNECTOR_MATRIX	RIGHT_LEFT	AND	THE_PHRASE	the phrase right and left	2	 phrase	9546	0	0	-0.055584	-0.000102	2073	0.489396	[[2073, 3.233146], [1026, 1.694937], [2070, 1.648536], [388, 1.556334], [1888, 1.459668]]
CONNECTOR_MATRIX__RIGHT_LEFT__AND__THE_PHRASE__NONE	CONNECTOR_MATRIX	RIGHT_LEFT	AND	THE_PHRASE	the phrase right and left	3	 right	826	0	0	-0.004885	-0.000102	2073	0.489396	[[1068, 1.913262], [966, 1.864927], [1959, 1.789712], [1790, 1.355697], [2269, 1.34188]]
CONNECTOR_MATRIX__RIGHT_LEFT__AND__THE_PHRASE__NONE	CONNECTOR_MATRIX	RIGHT_LEFT	AND	THE_PHRASE	the phrase right and left	4	 and	290	0	0	-0.018094	-0.000102	2073	0.489396	[[2505, 2.391773], [2345, 1.971142], [1790, 1.42494], [1888, 1.405674], [2973, 1.403754]]
CONNECTOR_MATRIX__RIGHT_LEFT__AND__THE_PHRASE__NONE	CONNECTOR_MATRIX	RIGHT_LEFT	AND	THE_PHRASE	the phrase right and left	5	 left	1364	1	1	3.803965	3.803965	2659	0.051287	[[2659, 3.855252], [541, 3.803965], [638, 2.624466], [2317, 2.090946], [259, 2.024196]]
CONNECTOR_MATRIX__RIGHT_LEFT__OR__THE_PHRASE__NONE	CONNECTOR_MATRIX	RIGHT_LEFT	OR	THE_PHRASE	the phrase right or left	0	<BOS>	50256	0	0	-0.000102	-0.000102	2256	0.796686	[[2256, 2.36087], [1888, 1.564183], [2787, 0.893099], [1450, 0.853876], [1048, 0.848868]]
CONNECTOR_MATRIX__RIGHT_LEFT__OR__THE_PHRASE__NONE	CONNECTOR_MATRIX	RIGHT_LEFT	OR	THE_PHRASE	the phrase right or left	1	the	1169	0	0	-0.058428	-0.000102	1790	0.119972	[[1790, 2.74375], [1888, 2.623779], [1203, 1.370484], [654, 1.287318], [1504, 1.273196]]
CONNECTOR_MATRIX__RIGHT_LEFT__OR__THE_PHRASE__NONE	CONNECTOR_MATRIX	RIGHT_LEFT	OR	THE_PHRASE	the phrase right or left	2	 phrase	9546	0	0	-0.055584	-0.000102	2073	0.489396	[[2073, 3.233146], [1026, 1.694937], [2070, 1.648536], [388, 1.556334], [1888, 1.459668]]
CONNECTOR_MATRIX__RIGHT_LEFT__OR__THE_PHRASE__NONE	CONNECTOR_MATRIX	RIGHT_LEFT	OR	THE_PHRASE	the phrase right or left	3	 right	826	0	0	-0.004885	-0.000102	2073	0.489396	[[1068, 1.913262], [966, 1.864927], [1959, 1.789712], [1790, 1.355697], [2269, 1.34188]]
CONNECTOR_MATRIX__RIGHT_LEFT__OR__THE_PHRASE__NONE	CONNECTOR_MATRIX	RIGHT_LEFT	OR	THE_PHRASE	the phrase right or left	4	 or	393	0	0	-0.002854	-0.000102	2073	0.489396	[[2505, 2.103937], [2762, 1.893176], [2973, 1.797842], [2345, 1.677264], [744, 1.567948]]
CONNECTOR_MATRIX__RIGHT_LEFT__OR__THE_PHRASE__NONE	CONNECTOR_MATRIX	RIGHT_LEFT	OR	THE_PHRASE	the phrase right or left	5	 left	1364	1	1	4.065289	4.065289	541	0.03048	[[541, 4.065289], [2659, 4.03481], [638, 2.841983], [2317, 2.045192], [259, 1.976285]]
CONNECTOR_MATRIX__RIGHT_LEFT__TO__THE_PHRASE__NONE	CONNECTOR_MATRIX	RIGHT_LEFT	TO	THE_PHRASE	the phrase right to left	0	<BOS>	50256	0	0	-0.000102	-0.000102	2256	0.796686	[[2256, 2.36087], [1888, 1.564183], [2787, 0.893099], [1450, 0.853876], [1048, 0.848868]]
CONNECTOR_MATRIX__RIGHT_LEFT__TO__THE_PHRASE__NONE	CONNECTOR_MATRIX	RIGHT_LEFT	TO	THE_PHRASE	the phrase right to left	1	the	1169	0	0	-0.058428	-0.000102	1790	0.119972	[[1790, 2.74375], [1888, 2.623779], [1203, 1.370484], [654, 1.287318], [1504, 1.273196]]
CONNECTOR_MATRIX__RIGHT_LEFT__TO__THE_PHRASE__NONE	CONNECTOR_MATRIX	RIGHT_LEFT	TO	THE_PHRASE	the phrase right to left	2	 phrase	9546	0	0	-0.055584	-0.000102	2073	0.489396	[[2073, 3.233146], [1026, 1.694937], [2070, 1.648536], [388, 1.556334], [1888, 1.459668]]
CONNECTOR_MATRIX__RIGHT_LEFT__TO__THE_PHRASE__NONE	CONNECTOR_MATRIX	RIGHT_LEFT	TO	THE_PHRASE	the phrase right to left	3	 right	826	0	0	-0.004885	-0.000102	2073	0.489396	[[1068, 1.913262], [966, 1.864927], [1959, 1.789712], [1790, 1.355697], [2269, 1.34188]]
CONNECTOR_MATRIX__RIGHT_LEFT__TO__THE_PHRASE__NONE	CONNECTOR_MATRIX	RIGHT_LEFT	TO	THE_PHRASE	the phrase right to left	4	 to	284	0	0	-0.033771	-0.000102	2073	0.489396	[[654, 1.943984], [960, 1.781842], [2505, 1.742904], [2045, 1.3546], [2150, 1.350002]]
CONNECTOR_MATRIX__RIGHT_LEFT__TO__THE_PHRASE__NONE	CONNECTOR_MATRIX	RIGHT_LEFT	TO	THE_PHRASE	the phrase right to left	5	 left	1364	1	1	2.979014	2.979014	2073	0.254132	[[541, 2.979014], [2463, 2.491857], [429, 2.369094], [259, 2.302439], [2269, 2.106511]]
CONNECTOR_MATRIX__RIGHT_LEFT__BY__THE_PHRASE__NONE	CONNECTOR_MATRIX	RIGHT_LEFT	BY	THE_PHRASE	the phrase right by left	0	<BOS>	50256	0	0	-0.000102	-0.000102	2256	0.796686	[[2256, 2.36087], [1888, 1.564183], [2787, 0.893099], [1450, 0.853876], [1048, 0.848868]]
CONNECTOR_MATRIX__RIGHT_LEFT__BY__THE_PHRASE__NONE	CONNECTOR_MATRIX	RIGHT_LEFT	BY	THE_PHRASE	the phrase right by left	1	the	1169	0	0	-0.058428	-0.000102	1790	0.119972	[[1790, 2.74375], [1888, 2.623779], [1203, 1.370484], [654, 1.287318], [1504, 1.273196]]
CONNECTOR_MATRIX__RIGHT_LEFT__BY__THE_PHRASE__NONE	CONNECTOR_MATRIX	RIGHT_LEFT	BY	THE_PHRASE	the phrase right by left	2	 phrase	9546	0	0	-0.055584	-0.000102	2073	0.489396	[[2073, 3.233146], [1026, 1.694937], [2070, 1.648536], [388, 1.556334], [1888, 1.459668]]
CONNECTOR_MATRIX__RIGHT_LEFT__BY__THE_PHRASE__NONE	CONNECTOR_MATRIX	RIGHT_LEFT	BY	THE_PHRASE	the phrase right by left	3	 right	826	0	0	-0.004885	-0.000102	2073	0.489396	[[1068, 1.913262], [966, 1.864927], [1959, 1.789712], [1790, 1.355697], [2269, 1.34188]]
CONNECTOR_MATRIX__RIGHT_LEFT__BY__THE_PHRASE__NONE	CONNECTOR_MATRIX	RIGHT_LEFT	BY	THE_PHRASE	the phrase right by left	4	 by	416	0	0	-0.145014	-0.000102	2073	0.489396	[[832, 2.391637], [1836, 2.000961], [654, 1.93731], [960, 1.855897], [1888, 1.808879]]
CONNECTOR_MATRIX__RIGHT_LEFT__BY__THE_PHRASE__NONE	CONNECTOR_MATRIX	RIGHT_LEFT	BY	THE_PHRASE	the phrase right by left	5	 left	1364	1	1	2.570848	2.570848	2073	0.489396	[[971, 2.58593], [541, 2.570848], [2463, 2.246094], [259, 2.205892], [2659, 1.999039]]
CONNECTOR_MATRIX__RIGHT_LEFT__AFTER__THE_PHRASE__NONE	CONNECTOR_MATRIX	RIGHT_LEFT	AFTER	THE_PHRASE	the phrase right after left	0	<BOS>	50256	0	0	-0.000102	-0.000102	2256	0.796686	[[2256, 2.36087], [1888, 1.564183], [2787, 0.893099], [1450, 0.853876], [1048, 0.848868]]
CONNECTOR_MATRIX__RIGHT_LEFT__AFTER__THE_PHRASE__NONE	CONNECTOR_MATRIX	RIGHT_LEFT	AFTER	THE_PHRASE	the phrase right after left	1	the	1169	0	0	-0.058428	-0.000102	1790	0.119972	[[1790, 2.74375], [1888, 2.623779], [1203, 1.370484], [654, 1.287318], [1504, 1.273196]]
CONNECTOR_MATRIX__RIGHT_LEFT__AFTER__THE_PHRASE__NONE	CONNECTOR_MATRIX	RIGHT_LEFT	AFTER	THE_PHRASE	the phrase right after left	2	 phrase	9546	0	0	-0.055584	-0.000102	2073	0.489396	[[2073, 3.233146], [1026, 1.694937], [2070, 1.648536], [388, 1.556334], [1888, 1.459668]]
CONNECTOR_MATRIX__RIGHT_LEFT__AFTER__THE_PHRASE__NONE	CONNECTOR_MATRIX	RIGHT_LEFT	AFTER	THE_PHRASE	the phrase right after left	3	 right	826	0	0	-0.004885	-0.000102	2073	0.489396	[[1068, 1.913262], [966, 1.864927], [1959, 1.789712], [1790, 1.355697], [2269, 1.34188]]
CONNECTOR_MATRIX__RIGHT_LEFT__AFTER__THE_PHRASE__NONE	CONNECTOR_MATRIX	RIGHT_LEFT	AFTER	THE_PHRASE	the phrase right after left	4	 after	706	0	0	-0.103415	-0.000102	2073	0.489396	[[2883, 1.477307], [953, 1.390908], [259, 1.356363], [1918, 1.235413], [323, 1.220222]]
CONNECTOR_MATRIX__RIGHT_LEFT__AFTER__THE_PHRASE__NONE	CONNECTOR_MATRIX	RIGHT_LEFT	AFTER	THE_PHRASE	the phrase right after left	5	 left	1364	1	1	-0.018025	-0.000102	2073	0.489396	[[2463, 1.959633], [2269, 1.905538], [1888, 1.817694], [1790, 1.770086], [776, 1.714909]]
CONNECTOR_MATRIX__RIGHT_LEFT__AND__THEY_SAID__NONE	CONNECTOR_MATRIX	RIGHT_LEFT	AND	THEY_SAID	they said right and left	0	<BOS>	50256	0	0	-0.000102	-0.000102	2256	0.796686	[[2256, 2.36087], [1888, 1.564183], [2787, 0.893099], [1450, 0.853876], [1048, 0.848868]]
CONNECTOR_MATRIX__RIGHT_LEFT__AND__THEY_SAID__NONE	CONNECTOR_MATRIX	RIGHT_LEFT	AND	THEY_SAID	they said right and left	1	they	9930	0	0	-0.133193	-0.000102	2256	0.053377	[[1790, 2.307492], [1888, 2.21476], [234, 1.470804], [1169, 1.294994], [654, 1.246823]]
CONNECTOR_MATRIX__RIGHT_LEFT__AND__THEY_SAID__NONE	CONNECTOR_MATRIX	RIGHT_LEFT	AND	THEY_SAID	they said right and left	2	 said	531	0	0	-0.038379	-0.000102	2256	0.053377	[[2982, 1.845008], [932, 1.550615], [521, 1.429855], [38, 1.363183], [654, 1.281732]]
CONNECTOR_MATRIX__RIGHT_LEFT__AND__THEY_SAID__NONE	CONNECTOR_MATRIX	RIGHT_LEFT	AND	THEY_SAID	they said right and left	3	 right	826	0	0	-0.013553	-0.000102	1959	0.637298	[[1959, 2.998168], [966, 1.673145], [654, 1.578187], [2594, 1.534832], [259, 1.518277]]
CONNECTOR_MATRIX__RIGHT_LEFT__AND__THEY_SAID__NONE	CONNECTOR_MATRIX	RIGHT_LEFT	AND	THEY_SAID	they said right and left	4	 and	290	0	0	-0.012031	-0.000102	1959	0.637298	[[2505, 2.249883], [1790, 2.024456], [1888, 1.672904], [654, 1.544419], [2345, 1.40673]]
CONNECTOR_MATRIX__RIGHT_LEFT__AND__THEY_SAID__NONE	CONNECTOR_MATRIX	RIGHT_LEFT	AND	THEY_SAID	they said right and left	5	 left	1364	1	1	3.704689	3.704689	2659	0.085811	[[2659, 3.790499], [541, 3.704689], [638, 2.238688], [2317, 1.982211], [2753, 1.910408]]
CONNECTOR_MATRIX__RIGHT_LEFT__OR__THEY_SAID__NONE	CONNECTOR_MATRIX	RIGHT_LEFT	OR	THEY_SAID	they said right or left	0	<BOS>	50256	0	0	-0.000102	-0.000102	2256	0.796686	[[2256, 2.36087], [1888, 1.564183], [2787, 0.893099], [1450, 0.853876], [1048, 0.848868]]
CONNECTOR_MATRIX__RIGHT_LEFT__OR__THEY_SAID__NONE	CONNECTOR_MATRIX	RIGHT_LEFT	OR	THEY_SAID	they said right or left	1	they	9930	0	0	-0.133193	-0.000102	2256	0.053377	[[1790, 2.307492], [1888, 2.21476], [234, 1.470804], [1169, 1.294994], [654, 1.246823]]
CONNECTOR_MATRIX__RIGHT_LEFT__OR__THEY_SAID__NONE	CONNECTOR_MATRIX	RIGHT_LEFT	OR	THEY_SAID	they said right or left	2	 said	531	0	0	-0.038379	-0.000102	2256	0.053377	[[2982, 1.845008], [932, 1.550615], [521, 1.429855], [38, 1.363183], [654, 1.281732]]
CONNECTOR_MATRIX__RIGHT_LEFT__OR__THEY_SAID__NONE	CONNECTOR_MATRIX	RIGHT_LEFT	OR	THEY_SAID	they said right or left	3	 right	826	0	0	-0.013553	-0.000102	1959	0.637298	[[1959, 2.998168], [966, 1.673145], [654, 1.578187], [2594, 1.534832], [259, 1.518277]]
CONNECTOR_MATRIX__RIGHT_LEFT__OR__THEY_SAID__NONE	CONNECTOR_MATRIX	RIGHT_LEFT	OR	THEY_SAID	they said right or left	4	 or	393	0	0	-0.000657	-0.000102	1959	0.629831	[[2505, 2.368336], [1888, 1.698308], [166, 1.648141], [2229, 1.602465], [2973, 1.593938]]
CONNECTOR_MATRIX__RIGHT_LEFT__OR__THEY_SAID__NONE	CONNECTOR_MATRIX	RIGHT_LEFT	OR	THEY_SAID	they said right or left	5	 left	1364	1	1	3.93204	3.93204	2659	0.221679	[[2659, 4.153719], [541, 3.93204], [638, 2.892986], [2317, 2.321921], [1348, 2.276877]]
CONNECTOR_MATRIX__RIGHT_LEFT__TO__THEY_SAID__NONE	CONNECTOR_MATRIX	RIGHT_LEFT	TO	THEY_SAID	they said right to left	0	<BOS>	50256	0	0	-0.000102	-0.000102	2256	0.796686	[[2256, 2.36087], [1888, 1.564183], [2787, 0.893099], [1450, 0.853876], [1048, 0.848868]]
CONNECTOR_MATRIX__RIGHT_LEFT__TO__THEY_SAID__NONE	CONNECTOR_MATRIX	RIGHT_LEFT	TO	THEY_SAID	they said right to left	1	they	9930	0	0	-0.133193	-0.000102	2256	0.053377	[[1790, 2.307492], [1888, 2.21476], [234, 1.470804], [1169, 1.294994], [654, 1.246823]]
CONNECTOR_MATRIX__RIGHT_LEFT__TO__THEY_SAID__NONE	CONNECTOR_MATRIX	RIGHT_LEFT	TO	THEY_SAID	they said right to left	2	 said	531	0	0	-0.038379	-0.000102	2256	0.053377	[[2982, 1.845008], [932, 1.550615], [521, 1.429855], [38, 1.363183], [654, 1.281732]]
CONNECTOR_MATRIX__RIGHT_LEFT__TO__THEY_SAID__NONE	CONNECTOR_MATRIX	RIGHT_LEFT	TO	THEY_SAID	they said right to left	3	 right	826	0	0	-0.013553	-0.000102	1959	0.637298	[[1959, 2.998168], [966, 1.673145], [654, 1.578187], [2594, 1.534832], [259, 1.518277]]
CONNECTOR_MATRIX__RIGHT_LEFT__TO__THEY_SAID__NONE	CONNECTOR_MATRIX	RIGHT_LEFT	TO	THEY_SAID	they said right to left	4	 to	284	0	0	-0.020091	-0.000102	1959	0.460986	[[960, 2.537182], [654, 2.503342], [1790, 2.043064], [2250, 1.971002], [1083, 1.811829]]
CONNECTOR_MATRIX__RIGHT_LEFT__TO__THEY_SAID__NONE	CONNECTOR_MATRIX	RIGHT_LEFT	TO	THEY_SAID	they said right to left	5	 left	1364	1	1	2.586044	2.586044	1959	0.412124	[[541, 2.586044], [2463, 2.546443], [429, 2.445845], [259, 2.135211], [2269, 1.971613]]
CONNECTOR_MATRIX__RIGHT_LEFT__BY__THEY_SAID__NONE	CONNECTOR_MATRIX	RIGHT_LEFT	BY	THEY_SAID	they said right by left	0	<BOS>	50256	0	0	-0.000102	-0.000102	2256	0.796686	[[2256, 2.36087], [1888, 1.564183], [2787, 0.893099], [1450, 0.853876], [1048, 0.848868]]
CONNECTOR_MATRIX__RIGHT_LEFT__BY__THEY_SAID__NONE	CONNECTOR_MATRIX	RIGHT_LEFT	BY	THEY_SAID	they said right by left	1	they	9930	0	0	-0.133193	-0.000102	2256	0.053377	[[1790, 2.307492], [1888, 2.21476], [234, 1.470804], [1169, 1.294994], [654, 1.246823]]
CONNECTOR_MATRIX__RIGHT_LEFT__BY__THEY_SAID__NONE	CONNECTOR_MATRIX	RIGHT_LEFT	BY	THEY_SAID	they said right by left	2	 said	531	0	0	-0.038379	-0.000102	2256	0.053377	[[2982, 1.845008], [932, 1.550615], [521, 1.429855], [38, 1.363183], [654, 1.281732]]
CONNECTOR_MATRIX__RIGHT_LEFT__BY__THEY_SAID__NONE	CONNECTOR_MATRIX	RIGHT_LEFT	BY	THEY_SAID	they said right by left	3	 right	826	0	0	-0.013553	-0.000102	1959	0.637298	[[1959, 2.998168], [966, 1.673145], [654, 1.578187], [2594, 1.534832], [259, 1.518277]]
CONNECTOR_MATRIX__RIGHT_LEFT__BY__THEY_SAID__NONE	CONNECTOR_MATRIX	RIGHT_LEFT	BY	THEY_SAID	they said right by left	4	 by	416	0	0	-0.168761	-0.000102	1959	0.637298	[[960, 2.336295], [654, 2.323094], [1836, 2.219645], [832, 2.177222], [2250, 2.148466]]
CONNECTOR_MATRIX__RIGHT_LEFT__BY__THEY_SAID__NONE	CONNECTOR_MATRIX	RIGHT_LEFT	BY	THEY_SAID	they said right by left	5	 left	1364	1	1	1.201264	1.201264	1959	0.42311	[[2463, 2.575057], [971, 2.411475], [259, 2.15395], [2269, 1.932037], [857, 1.554073]]
CONNECTOR_MATRIX__RIGHT_LEFT__AFTER__THEY_SAID__NONE	CONNECTOR_MATRIX	RIGHT_LEFT	AFTER	THEY_SAID	they said right after left	0	<BOS>	50256	0	0	-0.000102	-0.000102	2256	0.796686	[[2256, 2.36087], [1888, 1.564183], [2787, 0.893099], [1450, 0.853876], [1048, 0.848868]]
CONNECTOR_MATRIX__RIGHT_LEFT__AFTER__THEY_SAID__NONE	CONNECTOR_MATRIX	RIGHT_LEFT	AFTER	THEY_SAID	they said right after left	1	they	9930	0	0	-0.133193	-0.000102	2256	0.053377	[[1790, 2.307492], [1888, 2.21476], [234, 1.470804], [1169, 1.294994], [654, 1.246823]]
CONNECTOR_MATRIX__RIGHT_LEFT__AFTER__THEY_SAID__NONE	CONNECTOR_MATRIX	RIGHT_LEFT	AFTER	THEY_SAID	they said right after left	2	 said	531	0	0	-0.038379	-0.000102	2256	0.053377	[[2982, 1.845008], [932, 1.550615], [521, 1.429855], [38, 1.363183], [654, 1.281732]]
CONNECTOR_MATRIX__RIGHT_LEFT__AFTER__THEY_SAID__NONE	CONNECTOR_MATRIX	RIGHT_LEFT	AFTER	THEY_SAID	they said right after left	3	 right	826	0	0	-0.013553	-0.000102	1959	0.637298	[[1959, 2.998168], [966, 1.673145], [654, 1.578187], [2594, 1.534832], [259, 1.518277]]
CONNECTOR_MATRIX__RIGHT_LEFT__AFTER__THEY_SAID__NONE	CONNECTOR_MATRIX	RIGHT_LEFT	AFTER	THEY_SAID	they said right after left	4	 after	706	0	0	-0.069239	-0.000102	1959	0.637298	[[1317, 1.543735], [1031, 1.456336], [2008, 1.431533], [181, 1.400562], [259, 1.400286]]
CONNECTOR_MATRIX__RIGHT_LEFT__AFTER__THEY_SAID__NONE	CONNECTOR_MATRIX	RIGHT_LEFT	AFTER	THEY_SAID	they said right after left	5	 left	1364	1	1	-0.146019	-0.000102	1959	0.637298	[[776, 2.055547], [1888, 1.820596], [2052, 1.811283], [2463, 1.804725], [1790, 1.738525]]
CONNECTOR_MATRIX__TRUE_FALSE__AND__BARE__NONE	CONNECTOR_MATRIX	TRUE_FALSE	AND	BARE	true and false	0	<BOS>	50256	0	0	-0.000102	-0.000102	2256	0.796686	[[2256, 2.36087], [1888, 1.564183], [2787, 0.893099], [1450, 0.853876], [1048, 0.848868]]
CONNECTOR_MATRIX__TRUE_FALSE__AND__BARE__NONE	CONNECTOR_MATRIX	TRUE_FALSE	AND	BARE	true and false	1	true	7942	0	0	-0.085669	-0.000102	1888	0.261428	[[1888, 3.098688], [1790, 2.837261], [1684, 2.616925], [234, 1.941382], [1080, 1.521499]]
CONNECTOR_MATRIX__TRUE_FALSE__AND__BARE__NONE	CONNECTOR_MATRIX	TRUE_FALSE	AND	BARE	true and false	2	 and	290	0	0	-0.026605	-0.000102	1888	0.261428	[[1790, 1.854225], [1203, 1.623843], [1888, 1.597612], [654, 1.586134], [192, 1.466279]]
CONNECTOR_MATRIX__TRUE_FALSE__AND__BARE__NONE	CONNECTOR_MATRIX	TRUE_FALSE	AND	BARE	true and false	3	 false	3991	1	1	3.019143	3.019143	2659	0.160549	[[2659, 3.259237], [541, 3.019143], [638, 2.669985], [2317, 2.272893], [1888, 1.857425]]
CONNECTOR_MATRIX__TRUE_FALSE__OR__BARE__NONE	CONNECTOR_MATRIX	TRUE_FALSE	OR	BARE	true or false	0	<BOS>	50256	0	0	-0.000102	-0.000102	2256	0.796686	[[2256, 2.36087], [1888, 1.564183], [2787, 0.893099], [1450, 0.853876], [1048, 0.848868]]
CONNECTOR_MATRIX__TRUE_FALSE__OR__BARE__NONE	CONNECTOR_MATRIX	TRUE_FALSE	OR	BARE	true or false	1	true	7942	0	0	-0.085669	-0.000102	1888	0.261428	[[1888, 3.098688], [1790, 2.837261], [1684, 2.616925], [234, 1.941382], [1080, 1.521499]]
CONNECTOR_MATRIX__TRUE_FALSE__OR__BARE__NONE	CONNECTOR_MATRIX	TRUE_FALSE	OR	BARE	true or false	2	 or	393	0	0	-0.01409	-0.000102	1888	0.261428	[[1888, 1.594483], [2505, 1.574252], [2318, 1.517107], [27, 1.456948], [654, 1.39109]]
CONNECTOR_MATRIX__TRUE_FALSE__OR__BARE__NONE	CONNECTOR_MATRIX	TRUE_FALSE	OR	BARE	true or false	3	 false	3991	1	1	3.620335	3.620335	541	0.328727	[[541, 3.620335], [2659, 3.291608], [638, 2.903741], [2317, 2.329406], [1888, 1.670048]]
CONNECTOR_MATRIX__TRUE_FALSE__TO__BARE__NONE	CONNECTOR_MATRIX	TRUE_FALSE	TO	BARE	true to false	0	<BOS>	50256	0	0	-0.000102	-0.000102	2256	0.796686	[[2256, 2.36087], [1888, 1.564183], [2787, 0.893099], [1450, 0.853876], [1048, 0.848868]]
CONNECTOR_MATRIX__TRUE_FALSE__TO__BARE__NONE	CONNECTOR_MATRIX	TRUE_FALSE	TO	BARE	true to false	1	true	7942	0	0	-0.085669	-0.000102	1888	0.261428	[[1888, 3.098688], [1790, 2.837261], [1684, 2.616925], [234, 1.941382], [1080, 1.521499]]
CONNECTOR_MATRIX__TRUE_FALSE__TO__BARE__NONE	CONNECTOR_MATRIX	TRUE_FALSE	TO	BARE	true to false	2	 to	284	0	0	-0.080253	-0.000102	2505	0.262181	[[2505, 3.360869], [2514, 2.823592], [2836, 2.484359], [2296, 2.214687], [2311, 2.15649]]
CONNECTOR_MATRIX__TRUE_FALSE__TO__BARE__NONE	CONNECTOR_MATRIX	TRUE_FALSE	TO	BARE	true to false	3	 false	3991	1	1	2.365304	2.365304	2505	0.262181	[[541, 2.365304], [1888, 2.086269], [1790, 1.874852], [2659, 1.781531], [143, 1.696682]]
CONNECTOR_MATRIX__TRUE_FALSE__BY__BARE__NONE	CONNECTOR_MATRIX	TRUE_FALSE	BY	BARE	true by false	0	<BOS>	50256	0	0	-0.000102	-0.000102	2256	0.796686	[[2256, 2.36087], [1888, 1.564183], [2787, 0.893099], [1450, 0.853876], [1048, 0.848868]]
CONNECTOR_MATRIX__TRUE_FALSE__BY__BARE__NONE	CONNECTOR_MATRIX	TRUE_FALSE	BY	BARE	true by false	1	true	7942	0	0	-0.085669	-0.000102	1888	0.261428	[[1888, 3.098688], [1790, 2.837261], [1684, 2.616925], [234, 1.941382], [1080, 1.521499]]
CONNECTOR_MATRIX__TRUE_FALSE__BY__BARE__NONE	CONNECTOR_MATRIX	TRUE_FALSE	BY	BARE	true by false	2	 by	416	0	0	-0.102147	-0.000102	1888	0.261428	[[1888, 2.372022], [1790, 2.289353], [2551, 1.701298], [801, 1.608024], [654, 1.586997]]
CONNECTOR_MATRIX__TRUE_FALSE__BY__BARE__NONE	CONNECTOR_MATRIX	TRUE_FALSE	BY	BARE	true by false	3	 false	3991	1	1	1.437797	1.437797	1888	0.261428	[[971, 2.14663], [1888, 1.891517], [1790, 1.720693], [99, 1.577093], [143, 1.491899]]
CONNECTOR_MATRIX__TRUE_FALSE__AFTER__BARE__NONE	CONNECTOR_MATRIX	TRUE_FALSE	AFTER	BARE	true after false	0	<BOS>	50256	0	0	-0.000102	-0.000102	2256	0.796686	[[2256, 2.36087], [1888, 1.564183], [2787, 0.893099], [1450, 0.853876], [1048, 0.848868]]
CONNECTOR_MATRIX__TRUE_FALSE__AFTER__BARE__NONE	CONNECTOR_MATRIX	TRUE_FALSE	AFTER	BARE	true after false	1	true	7942	0	0	-0.085669	-0.000102	1888	0.261428	[[1888, 3.098688], [1790, 2.837261], [1684, 2.616925], [234, 1.941382], [1080, 1.521499]]
CONNECTOR_MATRIX__TRUE_FALSE__AFTER__BARE__NONE	CONNECTOR_MATRIX	TRUE_FALSE	AFTER	BARE	true after false	2	 after	706	0	0	-0.084605	-0.000102	1888	0.261428	[[1790, 2.180861], [576, 1.939916], [1888, 1.893765], [2883, 1.827791], [654, 1.664651]]
CONNECTOR_MATRIX__TRUE_FALSE__AFTER__BARE__NONE	CONNECTOR_MATRIX	TRUE_FALSE	AFTER	BARE	true after false	3	 false	3991	1	1	1.74533	1.74533	1888	0.261428	[[1790, 2.026127], [541, 1.74533], [1888, 1.638382], [99, 1.635806], [2207, 1.618011]]
CONNECTOR_MATRIX__TRUE_FALSE__AND__V9_SPACE__NONE	CONNECTOR_MATRIX	TRUE_FALSE	AND	V9_SPACE	 true and false	0	<BOS>	50256	0	0	-0.000102	-0.000102	2256	0.796686	[[2256, 2.36087], [1888, 1.564183], [2787, 0.893099], [1450, 0.853876], [1048, 0.848868]]
CONNECTOR_MATRIX__TRUE_FALSE__AND__V9_SPACE__NONE	CONNECTOR_MATRIX	TRUE_FALSE	AND	V9_SPACE	 true and false	1	 true	2081	0	0	-0.106152	-0.000102	1888	0.013366	[[1888, 3.01799], [464, 3.004624], [1790, 2.677159], [1684, 2.2562], [230, 1.996867]]
CONNECTOR_MATRIX__TRUE_FALSE__AND__V9_SPACE__NONE	CONNECTOR_MATRIX	TRUE_FALSE	AND	V9_SPACE	 true and false	2	 and	290	0	0	-0.01418	-0.000102	1888	0.013366	[[1790, 1.815396], [1203, 1.736189], [1888, 1.584452], [654, 1.371731], [2505, 1.366974]]
CONNECTOR_MATRIX__TRUE_FALSE__AND__V9_SPACE__NONE	CONNECTOR_MATRIX	TRUE_FALSE	AND	V9_SPACE	 true and false	3	 false	3991	1	1	3.176964	3.176964	2659	0.279647	[[2659, 3.456611], [541, 3.176964], [638, 2.638597], [2317, 2.437555], [1888, 1.79831]]
CONNECTOR_MATRIX__TRUE_FALSE__OR__V9_SPACE__NONE	CONNECTOR_MATRIX	TRUE_FALSE	OR	V9_SPACE	 true or false	0	<BOS>	50256	0	0	-0.000102	-0.000102	2256	0.796686	[[2256, 2.36087], [1888, 1.564183], [2787, 0.893099], [1450, 0.853876], [1048, 0.848868]]
CONNECTOR_MATRIX__TRUE_FALSE__OR__V9_SPACE__NONE	CONNECTOR_MATRIX	TRUE_FALSE	OR	V9_SPACE	 true or false	1	 true	2081	0	0	-0.106152	-0.000102	1888	0.013366	[[1888, 3.01799], [464, 3.004624], [1790, 2.677159], [1684, 2.2562], [230, 1.996867]]
CONNECTOR_MATRIX__TRUE_FALSE__OR__V9_SPACE__NONE	CONNECTOR_MATRIX	TRUE_FALSE	OR	V9_SPACE	 true or false	2	 or	393	0	0	-0.0071	-0.000102	1888	0.013366	[[2318, 2.099244], [166, 1.555722], [1449, 1.546093], [1888, 1.508277], [2505, 1.458608]]
CONNECTOR_MATRIX__TRUE_FALSE__OR__V9_SPACE__NONE	CONNECTOR_MATRIX	TRUE_FALSE	OR	V9_SPACE	 true or false	3	 false	3991	1	1	3.912805	3.912805	541	0.440131	[[541, 3.912805], [2659, 3.472674], [638, 2.820514], [2317, 2.46417], [230, 1.59821]]
CONNECTOR_MATRIX__TRUE_FALSE__TO__V9_SPACE__NONE	CONNECTOR_MATRIX	TRUE_FALSE	TO	V9_SPACE	 true to false	0	<BOS>	50256	0	0	-0.000102	-0.000102	2256	0.796686	[[2256, 2.36087], [1888, 1.564183], [2787, 0.893099], [1450, 0.853876], [1048, 0.848868]]
CONNECTOR_MATRIX__TRUE_FALSE__TO__V9_SPACE__NONE	CONNECTOR_MATRIX	TRUE_FALSE	TO	V9_SPACE	 true to false	1	 true	2081	0	0	-0.106152	-0.000102	1888	0.013366	[[1888, 3.01799], [464, 3.004624], [1790, 2.677159], [1684, 2.2562], [230, 1.996867]]
CONNECTOR_MATRIX__TRUE_FALSE__TO__V9_SPACE__NONE	CONNECTOR_MATRIX	TRUE_FALSE	TO	V9_SPACE	 true to false	2	 to	284	0	0	-0.117678	-0.000102	2505	0.041208	[[2505, 3.059198], [2296, 2.759166], [2514, 2.594334], [2836, 2.199211], [2821, 2.138491]]
CONNECTOR_MATRIX__TRUE_FALSE__TO__V9_SPACE__NONE	CONNECTOR_MATRIX	TRUE_FALSE	TO	V9_SPACE	 true to false	3	 false	3991	1	1	2.042545	2.042545	2505	0.041208	[[1888, 2.131583], [541, 2.042545], [1790, 1.946049], [143, 1.828041], [2659, 1.703324]]
CONNECTOR_MATRIX__TRUE_FALSE__BY__V9_SPACE__NONE	CONNECTOR_MATRIX	TRUE_FALSE	BY	V9_SPACE	 true by false	0	<BOS>	50256	0	0	-0.000102	-0.000102	2256	0.796686	[[2256, 2.36087], [1888, 1.564183], [2787, 0.893099], [1450, 0.853876], [1048, 0.848868]]
CONNECTOR_MATRIX__TRUE_FALSE__BY__V9_SPACE__NONE	CONNECTOR_MATRIX	TRUE_FALSE	BY	V9_SPACE	 true by false	1	 true	2081	0	0	-0.106152	-0.000102	1888	0.013366	[[1888, 3.01799], [464, 3.004624], [1790, 2.677159], [1684, 2.2562], [230, 1.996867]]
CONNECTOR_MATRIX__TRUE_FALSE__BY__V9_SPACE__NONE	CONNECTOR_MATRIX	TRUE_FALSE	BY	V9_SPACE	 true by false	2	 by	416	0	0	-0.081304	-0.000102	1888	0.013366	[[1790, 2.138385], [1888, 2.092558], [2551, 1.669257], [801, 1.512472], [2710, 1.468138]]
CONNECTOR_MATRIX__TRUE_FALSE__BY__V9_SPACE__NONE	CONNECTOR_MATRIX	TRUE_FALSE	BY	V9_SPACE	 true by false	3	 false	3991	1	1	1.208778	1.208778	1888	0.013366	[[971, 2.000281], [1888, 1.91479], [1790, 1.774668], [99, 1.589473], [143, 1.52625]]
CONNECTOR_MATRIX__TRUE_FALSE__AFTER__V9_SPACE__NONE	CONNECTOR_MATRIX	TRUE_FALSE	AFTER	V9_SPACE	 true after false	0	<BOS>	50256	0	0	-0.000102	-0.000102	2256	0.796686	[[2256, 2.36087], [1888, 1.564183], [2787, 0.893099], [1450, 0.853876], [1048, 0.848868]]
CONNECTOR_MATRIX__TRUE_FALSE__AFTER__V9_SPACE__NONE	CONNECTOR_MATRIX	TRUE_FALSE	AFTER	V9_SPACE	 true after false	1	 true	2081	0	0	-0.106152	-0.000102	1888	0.013366	[[1888, 3.01799], [464, 3.004624], [1790, 2.677159], [1684, 2.2562], [230, 1.996867]]
CONNECTOR_MATRIX__TRUE_FALSE__AFTER__V9_SPACE__NONE	CONNECTOR_MATRIX	TRUE_FALSE	AFTER	V9_SPACE	 true after false	2	 after	706	0	0	-0.067624	-0.000102	1888	0.013366	[[576, 2.138171], [1790, 2.100272], [2883, 1.813182], [1888, 1.777861], [654, 1.498107]]
CONNECTOR_MATRIX__TRUE_FALSE__AFTER__V9_SPACE__NONE	CONNECTOR_MATRIX	TRUE_FALSE	AFTER	V9_SPACE	 true after false	3	 false	3991	1	1	1.43198	1.43198	1888	0.013366	[[1790, 2.071757], [1888, 1.746665], [99, 1.589731], [541, 1.43198], [1512, 1.340547]]
CONNECTOR_MATRIX__TRUE_FALSE__AND__THE_PHRASE__NONE	CONNECTOR_MATRIX	TRUE_FALSE	AND	THE_PHRASE	the phrase true and false	0	<BOS>	50256	0	0	-0.000102	-0.000102	2256	0.796686	[[2256, 2.36087], [1888, 1.564183], [2787, 0.893099], [1450, 0.853876], [1048, 0.848868]]
CONNECTOR_MATRIX__TRUE_FALSE__AND__THE_PHRASE__NONE	CONNECTOR_MATRIX	TRUE_FALSE	AND	THE_PHRASE	the phrase true and false	1	the	1169	0	0	-0.058428	-0.000102	1790	0.119972	[[1790, 2.74375], [1888, 2.623779], [1203, 1.370484], [654, 1.287318], [1504, 1.273196]]
CONNECTOR_MATRIX__TRUE_FALSE__AND__THE_PHRASE__NONE	CONNECTOR_MATRIX	TRUE_FALSE	AND	THE_PHRASE	the phrase true and false	2	 phrase	9546	0	0	-0.055584	-0.000102	2073	0.489396	[[2073, 3.233146], [1026, 1.694937], [2070, 1.648536], [388, 1.556334], [1888, 1.459668]]
CONNECTOR_MATRIX__TRUE_FALSE__AND__THE_PHRASE__NONE	CONNECTOR_MATRIX	TRUE_FALSE	AND	THE_PHRASE	the phrase true and false	3	 true	2081	0	0	-0.017458	-0.000102	2073	0.489396	[[1888, 1.714799], [165, 1.662492], [1790, 1.491915], [1684, 1.348396], [2334, 1.346096]]
CONNECTOR_MATRIX__TRUE_FALSE__AND__THE_PHRASE__NONE	CONNECTOR_MATRIX	TRUE_FALSE	AND	THE_PHRASE	the phrase true and false	4	 and	290	0	0	-0.011208	-0.000102	2073	0.489396	[[2505, 1.710865], [1790, 1.511665], [194, 1.421765], [1888, 1.383226], [2345, 1.279028]]
CONNECTOR_MATRIX__TRUE_FALSE__AND__THE_PHRASE__NONE	CONNECTOR_MATRIX	TRUE_FALSE	AND	THE_PHRASE	the phrase true and false	5	 false	3991	1	1	3.255105	3.255105	2659	0.527131	[[2659, 3.782236], [541, 3.255105], [638, 2.068809], [2317, 2.05723], [2566, 1.254308]]
CONNECTOR_MATRIX__TRUE_FALSE__OR__THE_PHRASE__NONE	CONNECTOR_MATRIX	TRUE_FALSE	OR	THE_PHRASE	the phrase true or false	0	<BOS>	50256	0	0	-0.000102	-0.000102	2256	0.796686	[[2256, 2.36087], [1888, 1.564183], [2787, 0.893099], [1450, 0.853876], [1048, 0.848868]]
CONNECTOR_MATRIX__TRUE_FALSE__OR__THE_PHRASE__NONE	CONNECTOR_MATRIX	TRUE_FALSE	OR	THE_PHRASE	the phrase true or false	1	the	1169	0	0	-0.058428	-0.000102	1790	0.119972	[[1790, 2.74375], [1888, 2.623779], [1203, 1.370484], [654, 1.287318], [1504, 1.273196]]
CONNECTOR_MATRIX__TRUE_FALSE__OR__THE_PHRASE__NONE	CONNECTOR_MATRIX	TRUE_FALSE	OR	THE_PHRASE	the phrase true or false	2	 phrase	9546	0	0	-0.055584	-0.000102	2073	0.489396	[[2073, 3.233146], [1026, 1.694937], [2070, 1.648536], [388, 1.556334], [1888, 1.459668]]
CONNECTOR_MATRIX__TRUE_FALSE__OR__THE_PHRASE__NONE	CONNECTOR_MATRIX	TRUE_FALSE	OR	THE_PHRASE	the phrase true or false	3	 true	2081	0	0	-0.017458	-0.000102	2073	0.489396	[[1888, 1.714799], [165, 1.662492], [1790, 1.491915], [1684, 1.348396], [2334, 1.346096]]
CONNECTOR_MATRIX__TRUE_FALSE__OR__THE_PHRASE__NONE	CONNECTOR_MATRIX	TRUE_FALSE	OR	THE_PHRASE	the phrase true or false	4	 or	393	0	0	-0.000885	-0.000102	2073	0.489396	[[2762, 1.960255], [744, 1.585883], [1790, 1.429501], [1449, 1.363503], [2973, 1.33961]]
CONNECTOR_MATRIX__TRUE_FALSE__OR__THE_PHRASE__NONE	CONNECTOR_MATRIX	TRUE_FALSE	OR	THE_PHRASE	the phrase true or false	5	 false	3991	1	1	3.946009	3.946009	541	0.081242	[[541, 3.946009], [2659, 3.864767], [638, 2.214031], [2317, 2.072315], [430, 1.705557]]
CONNECTOR_MATRIX__TRUE_FALSE__TO__THE_PHRASE__NONE	CONNECTOR_MATRIX	TRUE_FALSE	TO	THE_PHRASE	the phrase true to false	0	<BOS>	50256	0	0	-0.000102	-0.000102	2256	0.796686	[[2256, 2.36087], [1888, 1.564183], [2787, 0.893099], [1450, 0.853876], [1048, 0.848868]]
CONNECTOR_MATRIX__TRUE_FALSE__TO__THE_PHRASE__NONE	CONNECTOR_MATRIX	TRUE_FALSE	TO	THE_PHRASE	the phrase true to false	1	the	1169	0	0	-0.058428	-0.000102	1790	0.119972	[[1790, 2.74375], [1888, 2.623779], [1203, 1.370484], [654, 1.287318], [1504, 1.273196]]
CONNECTOR_MATRIX__TRUE_FALSE__TO__THE_PHRASE__NONE	CONNECTOR_MATRIX	TRUE_FALSE	TO	THE_PHRASE	the phrase true to false	2	 phrase	9546	0	0	-0.055584	-0.000102	2073	0.489396	[[2073, 3.233146], [1026, 1.694937], [2070, 1.648536], [388, 1.556334], [1888, 1.459668]]
CONNECTOR_MATRIX__TRUE_FALSE__TO__THE_PHRASE__NONE	CONNECTOR_MATRIX	TRUE_FALSE	TO	THE_PHRASE	the phrase true to false	3	 true	2081	0	0	-0.017458	-0.000102	2073	0.489396	[[1888, 1.714799], [165, 1.662492], [1790, 1.491915], [1684, 1.348396], [2334, 1.346096]]
CONNECTOR_MATRIX__TRUE_FALSE__TO__THE_PHRASE__NONE	CONNECTOR_MATRIX	TRUE_FALSE	TO	THE_PHRASE	the phrase true to false	4	 to	284	0	0	-0.150144	-0.000102	2073	0.115681	[[2505, 3.117465], [2514, 2.46859], [2836, 2.262708], [2821, 1.822032], [1676, 1.769171]]
CONNECTOR_MATRIX__TRUE_FALSE__TO__THE_PHRASE__NONE	CONNECTOR_MATRIX	TRUE_FALSE	TO	THE_PHRASE	the phrase true to false	5	 false	3991	1	1	1.299313	1.299313	2073	0.115681	[[1790, 1.873139], [143, 1.825706], [1888, 1.823531], [2659, 1.582423], [2566, 1.500006]]
CONNECTOR_MATRIX__TRUE_FALSE__BY__THE_PHRASE__NONE	CONNECTOR_MATRIX	TRUE_FALSE	BY	THE_PHRASE	the phrase true by false	0	<BOS>	50256	0	0	-0.000102	-0.000102	2256	0.796686	[[2256, 2.36087], [1888, 1.564183], [2787, 0.893099], [1450, 0.853876], [1048, 0.848868]]
CONNECTOR_MATRIX__TRUE_FALSE__BY__THE_PHRASE__NONE	CONNECTOR_MATRIX	TRUE_FALSE	BY	THE_PHRASE	the phrase true by false	1	the	1169	0	0	-0.058428	-0.000102	1790	0.119972	[[1790, 2.74375], [1888, 2.623779], [1203, 1.370484], [654, 1.287318], [1504, 1.273196]]
CONNECTOR_MATRIX__TRUE_FALSE__BY__THE_PHRASE__NONE	CONNECTOR_MATRIX	TRUE_FALSE	BY	THE_PHRASE	the phrase true by false	2	 phrase	9546	0	0	-0.055584	-0.000102	2073	0.489396	[[2073, 3.233146], [1026, 1.694937], [2070, 1.648536], [388, 1.556334], [1888, 1.459668]]
CONNECTOR_MATRIX__TRUE_FALSE__BY__THE_PHRASE__NONE	CONNECTOR_MATRIX	TRUE_FALSE	BY	THE_PHRASE	the phrase true by false	3	 true	2081	0	0	-0.017458	-0.000102	2073	0.489396	[[1888, 1.714799], [165, 1.662492], [1790, 1.491915], [1684, 1.348396], [2334, 1.346096]]
CONNECTOR_MATRIX__TRUE_FALSE__BY__THE_PHRASE__NONE	CONNECTOR_MATRIX	TRUE_FALSE	BY	THE_PHRASE	the phrase true by false	4	 by	416	0	0	-0.04402	-0.000102	2073	0.489396	[[1888, 2.158749], [1790, 1.811262], [2551, 1.547892], [654, 1.509513], [801, 1.379375]]
CONNECTOR_MATRIX__TRUE_FALSE__BY__THE_PHRASE__NONE	CONNECTOR_MATRIX	TRUE_FALSE	BY	THE_PHRASE	the phrase true by false	5	 false	3991	1	1	0.386616	0.386616	2073	0.489396	[[1888, 1.927734], [143, 1.874034], [1790, 1.674215], [2566, 1.357629], [1512, 1.326399]]
CONNECTOR_MATRIX__TRUE_FALSE__AFTER__THE_PHRASE__NONE	CONNECTOR_MATRIX	TRUE_FALSE	AFTER	THE_PHRASE	the phrase true after false	0	<BOS>	50256	0	0	-0.000102	-0.000102	2256	0.796686	[[2256, 2.36087], [1888, 1.564183], [2787, 0.893099], [1450, 0.853876], [1048, 0.848868]]
CONNECTOR_MATRIX__TRUE_FALSE__AFTER__THE_PHRASE__NONE	CONNECTOR_MATRIX	TRUE_FALSE	AFTER	THE_PHRASE	the phrase true after false	1	the	1169	0	0	-0.058428	-0.000102	1790	0.119972	[[1790, 2.74375], [1888, 2.623779], [1203, 1.370484], [654, 1.287318], [1504, 1.273196]]
CONNECTOR_MATRIX__TRUE_FALSE__AFTER__THE_PHRASE__NONE	CONNECTOR_MATRIX	TRUE_FALSE	AFTER	THE_PHRASE	the phrase true after false	2	 phrase	9546	0	0	-0.055584	-0.000102	2073	0.489396	[[2073, 3.233146], [1026, 1.694937], [2070, 1.648536], [388, 1.556334], [1888, 1.459668]]
CONNECTOR_MATRIX__TRUE_FALSE__AFTER__THE_PHRASE__NONE	CONNECTOR_MATRIX	TRUE_FALSE	AFTER	THE_PHRASE	the phrase true after false	3	 true	2081	0	0	-0.017458	-0.000102	2073	0.489396	[[1888, 1.714799], [165, 1.662492], [1790, 1.491915], [1684, 1.348396], [2334, 1.346096]]
CONNECTOR_MATRIX__TRUE_FALSE__AFTER__THE_PHRASE__NONE	CONNECTOR_MATRIX	TRUE_FALSE	AFTER	THE_PHRASE	the phrase true after false	4	 after	706	0	0	-0.047848	-0.000102	2073	0.489396	[[576, 1.815052], [2883, 1.732659], [1888, 1.462594], [1790, 1.443313], [2423, 1.380205]]
CONNECTOR_MATRIX__TRUE_FALSE__AFTER__THE_PHRASE__NONE	CONNECTOR_MATRIX	TRUE_FALSE	AFTER	THE_PHRASE	the phrase true after false	5	 false	3991	1	1	0.723064	0.723064	2073	0.489396	[[1790, 1.840683], [1512, 1.635745], [1888, 1.571006], [143, 1.431961], [1893, 1.29047]]
CONNECTOR_MATRIX__TRUE_FALSE__AND__THEY_SAID__NONE	CONNECTOR_MATRIX	TRUE_FALSE	AND	THEY_SAID	they said true and false	0	<BOS>	50256	0	0	-0.000102	-0.000102	2256	0.796686	[[2256, 2.36087], [1888, 1.564183], [2787, 0.893099], [1450, 0.853876], [1048, 0.848868]]
CONNECTOR_MATRIX__TRUE_FALSE__AND__THEY_SAID__NONE	CONNECTOR_MATRIX	TRUE_FALSE	AND	THEY_SAID	they said true and false	1	they	9930	0	0	-0.133193	-0.000102	2256	0.053377	[[1790, 2.307492], [1888, 2.21476], [234, 1.470804], [1169, 1.294994], [654, 1.246823]]
CONNECTOR_MATRIX__TRUE_FALSE__AND__THEY_SAID__NONE	CONNECTOR_MATRIX	TRUE_FALSE	AND	THEY_SAID	they said true and false	2	 said	531	0	0	-0.038379	-0.000102	2256	0.053377	[[2982, 1.845008], [932, 1.550615], [521, 1.429855], [38, 1.363183], [654, 1.281732]]
CONNECTOR_MATRIX__TRUE_FALSE__AND__THEY_SAID__NONE	CONNECTOR_MATRIX	TRUE_FALSE	AND	THEY_SAID	they said true and false	3	 true	2081	0	0	-0.052544	-0.000102	2256	0.053377	[[1684, 1.835444], [1418, 1.818565], [1888, 1.733572], [1306, 1.517975], [1790, 1.490875]]
CONNECTOR_MATRIX__TRUE_FALSE__AND__THEY_SAID__NONE	CONNECTOR_MATRIX	TRUE_FALSE	AND	THEY_SAID	they said true and false	4	 and	290	0	0	-0.015609	-0.000102	2256	0.053377	[[1790, 1.562472], [2505, 1.487955], [1888, 1.324137], [506, 1.263991], [1054, 1.16087]]
CONNECTOR_MATRIX__TRUE_FALSE__AND__THEY_SAID__NONE	CONNECTOR_MATRIX	TRUE_FALSE	AND	THEY_SAID	they said true and false	5	 false	3991	1	1	3.517008	3.517008	2659	0.981352	[[2659, 4.49836], [541, 3.517008], [2317, 2.335506], [638, 2.005356], [1888, 1.506345]]
CONNECTOR_MATRIX__TRUE_FALSE__OR__THEY_SAID__NONE	CONNECTOR_MATRIX	TRUE_FALSE	OR	THEY_SAID	they said true or false	0	<BOS>	50256	0	0	-0.000102	-0.000102	2256	0.796686	[[2256, 2.36087], [1888, 1.564183], [2787, 0.893099], [1450, 0.853876], [1048, 0.848868]]
CONNECTOR_MATRIX__TRUE_FALSE__OR__THEY_SAID__NONE	CONNECTOR_MATRIX	TRUE_FALSE	OR	THEY_SAID	they said true or false	1	they	9930	0	0	-0.133193	-0.000102	2256	0.053377	[[1790, 2.307492], [1888, 2.21476], [234, 1.470804], [1169, 1.294994], [654, 1.246823]]
CONNECTOR_MATRIX__TRUE_FALSE__OR__THEY_SAID__NONE	CONNECTOR_MATRIX	TRUE_FALSE	OR	THEY_SAID	they said true or false	2	 said	531	0	0	-0.038379	-0.000102	2256	0.053377	[[2982, 1.845008], [932, 1.550615], [521, 1.429855], [38, 1.363183], [654, 1.281732]]
CONNECTOR_MATRIX__TRUE_FALSE__OR__THEY_SAID__NONE	CONNECTOR_MATRIX	TRUE_FALSE	OR	THEY_SAID	they said true or false	3	 true	2081	0	0	-0.052544	-0.000102	2256	0.053377	[[1684, 1.835444], [1418, 1.818565], [1888, 1.733572], [1306, 1.517975], [1790, 1.490875]]
CONNECTOR_MATRIX__TRUE_FALSE__OR__THEY_SAID__NONE	CONNECTOR_MATRIX	TRUE_FALSE	OR	THEY_SAID	they said true or false	4	 or	393	0	0	-0.001182	-0.000102	2256	0.053377	[[166, 1.596539], [2505, 1.555311], [1888, 1.397121], [2973, 1.329637], [2821, 1.214184]]
CONNECTOR_MATRIX__TRUE_FALSE__OR__THEY_SAID__NONE	CONNECTOR_MATRIX	TRUE_FALSE	OR	THEY_SAID	they said true or false	5	 false	3991	1	1	3.831129	3.831129	2659	0.231592	[[2659, 4.062721], [541, 3.831129], [638, 2.531954], [2317, 2.434167], [430, 1.64244]]
CONNECTOR_MATRIX__TRUE_FALSE__TO__THEY_SAID__NONE	CONNECTOR_MATRIX	TRUE_FALSE	TO	THEY_SAID	they said true to false	0	<BOS>	50256	0	0	-0.000102	-0.000102	2256	0.796686	[[2256, 2.36087], [1888, 1.564183], [2787, 0.893099], [1450, 0.853876], [1048, 0.848868]]
CONNECTOR_MATRIX__TRUE_FALSE__TO__THEY_SAID__NONE	CONNECTOR_MATRIX	TRUE_FALSE	TO	THEY_SAID	they said true to false	1	they	9930	0	0	-0.133193	-0.000102	2256	0.053377	[[1790, 2.307492], [1888, 2.21476], [234, 1.470804], [1169, 1.294994], [654, 1.246823]]
CONNECTOR_MATRIX__TRUE_FALSE__TO__THEY_SAID__NONE	CONNECTOR_MATRIX	TRUE_FALSE	TO	THEY_SAID	they said true to false	2	 said	531	0	0	-0.038379	-0.000102	2256	0.053377	[[2982, 1.845008], [932, 1.550615], [521, 1.429855], [38, 1.363183], [654, 1.281732]]
CONNECTOR_MATRIX__TRUE_FALSE__TO__THEY_SAID__NONE	CONNECTOR_MATRIX	TRUE_FALSE	TO	THEY_SAID	they said true to false	3	 true	2081	0	0	-0.052544	-0.000102	2256	0.053377	[[1684, 1.835444], [1418, 1.818565], [1888, 1.733572], [1306, 1.517975], [1790, 1.490875]]
CONNECTOR_MATRIX__TRUE_FALSE__TO__THEY_SAID__NONE	CONNECTOR_MATRIX	TRUE_FALSE	TO	THEY_SAID	they said true to false	4	 to	284	0	0	-0.167672	-0.000102	2505	0.07971	[[2505, 2.954138], [2514, 2.874428], [2821, 2.292659], [2296, 2.029282], [2062, 1.829317]]
CONNECTOR_MATRIX__TRUE_FALSE__TO__THEY_SAID__NONE	CONNECTOR_MATRIX	TRUE_FALSE	TO	THEY_SAID	they said true to false	5	 false	3991	1	1	1.281175	1.281175	2505	0.07971	[[143, 1.899418], [1888, 1.84332], [1790, 1.718636], [2566, 1.615901], [2659, 1.485628]]
CONNECTOR_MATRIX__TRUE_FALSE__BY__THEY_SAID__NONE	CONNECTOR_MATRIX	TRUE_FALSE	BY	THEY_SAID	they said true by false	0	<BOS>	50256	0	0	-0.000102	-0.000102	2256	0.796686	[[2256, 2.36087], [1888, 1.564183], [2787, 0.893099], [1450, 0.853876], [1048, 0.848868]]
CONNECTOR_MATRIX__TRUE_FALSE__BY__THEY_SAID__NONE	CONNECTOR_MATRIX	TRUE_FALSE	BY	THEY_SAID	they said true by false	1	they	9930	0	0	-0.133193	-0.000102	2256	0.053377	[[1790, 2.307492], [1888, 2.21476], [234, 1.470804], [1169, 1.294994], [654, 1.246823]]
CONNECTOR_MATRIX__TRUE_FALSE__BY__THEY_SAID__NONE	CONNECTOR_MATRIX	TRUE_FALSE	BY	THEY_SAID	they said true by false	2	 said	531	0	0	-0.038379	-0.000102	2256	0.053377	[[2982, 1.845008], [932, 1.550615], [521, 1.429855], [38, 1.363183], [654, 1.281732]]
CONNECTOR_MATRIX__TRUE_FALSE__BY__THEY_SAID__NONE	CONNECTOR_MATRIX	TRUE_FALSE	BY	THEY_SAID	they said true by false	3	 true	2081	0	0	-0.052544	-0.000102	2256	0.053377	[[1684, 1.835444], [1418, 1.818565], [1888, 1.733572], [1306, 1.517975], [1790, 1.490875]]
CONNECTOR_MATRIX__TRUE_FALSE__BY__THEY_SAID__NONE	CONNECTOR_MATRIX	TRUE_FALSE	BY	THEY_SAID	they said true by false	4	 by	416	0	0	-0.053924	-0.000102	2256	0.053377	[[1790, 1.696148], [1888, 1.597476], [1451, 1.363801], [2551, 1.325062], [654, 1.279374]]
CONNECTOR_MATRIX__TRUE_FALSE__BY__THEY_SAID__NONE	CONNECTOR_MATRIX	TRUE_FALSE	BY	THEY_SAID	they said true by false	5	 false	3991	1	1	0.190598	0.190598	2256	0.053377	[[143, 1.908221], [1888, 1.867066], [1512, 1.598851], [389, 1.414443], [1790, 1.390839]]
CONNECTOR_MATRIX__TRUE_FALSE__AFTER__THEY_SAID__NONE	CONNECTOR_MATRIX	TRUE_FALSE	AFTER	THEY_SAID	they said true after false	0	<BOS>	50256	0	0	-0.000102	-0.000102	2256	0.796686	[[2256, 2.36087], [1888, 1.564183], [2787, 0.893099], [1450, 0.853876], [1048, 0.848868]]
CONNECTOR_MATRIX__TRUE_FALSE__AFTER__THEY_SAID__NONE	CONNECTOR_MATRIX	TRUE_FALSE	AFTER	THEY_SAID	they said true after false	1	they	9930	0	0	-0.133193	-0.000102	2256	0.053377	[[1790, 2.307492], [1888, 2.21476], [234, 1.470804], [1169, 1.294994], [654, 1.246823]]
CONNECTOR_MATRIX__TRUE_FALSE__AFTER__THEY_SAID__NONE	CONNECTOR_MATRIX	TRUE_FALSE	AFTER	THEY_SAID	they said true after false	2	 said	531	0	0	-0.038379	-0.000102	2256	0.053377	[[2982, 1.845008], [932, 1.550615], [521, 1.429855], [38, 1.363183], [654, 1.281732]]
CONNECTOR_MATRIX__TRUE_FALSE__AFTER__THEY_SAID__NONE	CONNECTOR_MATRIX	TRUE_FALSE	AFTER	THEY_SAID	they said true after false	3	 true	2081	0	0	-0.052544	-0.000102	2256	0.053377	[[1684, 1.835444], [1418, 1.818565], [1888, 1.733572], [1306, 1.517975], [1790, 1.490875]]
CONNECTOR_MATRIX__TRUE_FALSE__AFTER__THEY_SAID__NONE	CONNECTOR_MATRIX	TRUE_FALSE	AFTER	THEY_SAID	they said true after false	4	 after	706	0	0	-0.042047	-0.000102	2256	0.053377	[[2883, 1.603529], [576, 1.599695], [92, 1.562176], [2538, 1.483092], [1790, 1.409935]]
CONNECTOR_MATRIX__TRUE_FALSE__AFTER__THEY_SAID__NONE	CONNECTOR_MATRIX	TRUE_FALSE	AFTER	THEY_SAID	they said true after false	5	 false	3991	1	1	0.739631	0.739631	2256	0.053377	[[1512, 1.79041], [1790, 1.753054], [1888, 1.636764], [143, 1.422804], [1738, 1.298955]]
CONNECTOR_MATRIX__EAST_WEST__AND__BARE__NONE	CONNECTOR_MATRIX	EAST_WEST	AND	BARE	east and west	0	<BOS>	50256	0	0	-0.000102	-0.000102	2256	0.796686	[[2256, 2.36087], [1888, 1.564183], [2787, 0.893099], [1450, 0.853876], [1048, 0.848868]]
CONNECTOR_MATRIX__EAST_WEST__AND__BARE__NONE	CONNECTOR_MATRIX	EAST_WEST	AND	BARE	east and west	1	east	23316	0	0	-0.030302	-0.000102	1888	0.365817	[[1888, 2.726687], [1790, 2.16249], [281, 1.356459], [234, 1.124034], [654, 1.049108]]
CONNECTOR_MATRIX__EAST_WEST__AND__BARE__NONE	CONNECTOR_MATRIX	EAST_WEST	AND	BARE	east and west	2	 and	290	0	0	-0.014109	-0.000102	1888	0.365817	[[1790, 1.737459], [1888, 1.481552], [194, 1.207781], [2849, 1.17978], [1203, 1.173814]]
CONNECTOR_MATRIX__EAST_WEST__AND__BARE__NONE	CONNECTOR_MATRIX	EAST_WEST	AND	BARE	east and west	3	 west	7421	1	1	4.337459	4.337459	541	0.285633	[[541, 4.337459], [2659, 4.051826], [2317, 2.290591], [638, 2.282556], [2882, 2.050947]]
CONNECTOR_MATRIX__EAST_WEST__OR__BARE__NONE	CONNECTOR_MATRIX	EAST_WEST	OR	BARE	east or west	0	<BOS>	50256	0	0	-0.000102	-0.000102	2256	0.796686	[[2256, 2.36087], [1888, 1.564183], [2787, 0.893099], [1450, 0.853876], [1048, 0.848868]]
CONNECTOR_MATRIX__EAST_WEST__OR__BARE__NONE	CONNECTOR_MATRIX	EAST_WEST	OR	BARE	east or west	1	east	23316	0	0	-0.030302	-0.000102	1888	0.365817	[[1888, 2.726687], [1790, 2.16249], [281, 1.356459], [234, 1.124034], [654, 1.049108]]
CONNECTOR_MATRIX__EAST_WEST__OR__BARE__NONE	CONNECTOR_MATRIX	EAST_WEST	OR	BARE	east or west	2	 or	393	0	0	-0.000282	-0.000102	1888	0.365817	[[1790, 1.739854], [1888, 1.670482], [744, 1.469774], [2973, 1.305051], [1203, 1.213269]]
CONNECTOR_MATRIX__EAST_WEST__OR__BARE__NONE	CONNECTOR_MATRIX	EAST_WEST	OR	BARE	east or west	3	 west	7421	1	1	4.398125	4.398125	541	0.340421	[[541, 4.398125], [2659, 4.057704], [638, 2.65713], [2317, 2.352836], [383, 1.681583]]
CONNECTOR_MATRIX__EAST_WEST__TO__BARE__NONE	CONNECTOR_MATRIX	EAST_WEST	TO	BARE	east to west	0	<BOS>	50256	0	0	-0.000102	-0.000102	2256	0.796686	[[2256, 2.36087], [1888, 1.564183], [2787, 0.893099], [1450, 0.853876], [1048, 0.848868]]
CONNECTOR_MATRIX__EAST_WEST__TO__BARE__NONE	CONNECTOR_MATRIX	EAST_WEST	TO	BARE	east to west	1	east	23316	0	0	-0.030302	-0.000102	1888	0.365817	[[1888, 2.726687], [1790, 2.16249], [281, 1.356459], [234, 1.124034], [654, 1.049108]]
CONNECTOR_MATRIX__EAST_WEST__TO__BARE__NONE	CONNECTOR_MATRIX	EAST_WEST	TO	BARE	east to west	2	 to	284	0	0	-0.013882	-0.000102	1888	0.365817	[[1790, 2.178097], [1888, 1.699413], [306, 1.668565], [1126, 1.518591], [2150, 1.302024]]
CONNECTOR_MATRIX__EAST_WEST__TO__BARE__NONE	CONNECTOR_MATRIX	EAST_WEST	TO	BARE	east to west	3	 west	7421	1	1	4.147264	4.147264	541	0.986484	[[541, 4.147264], [2659, 3.16078], [2882, 2.339315], [638, 2.318046], [2496, 2.269097]]
CONNECTOR_MATRIX__EAST_WEST__BY__BARE__NONE	CONNECTOR_MATRIX	EAST_WEST	BY	BARE	east by west	0	<BOS>	50256	0	0	-0.000102	-0.000102	2256	0.796686	[[2256, 2.36087], [1888, 1.564183], [2787, 0.893099], [1450, 0.853876], [1048, 0.848868]]
CONNECTOR_MATRIX__EAST_WEST__BY__BARE__NONE	CONNECTOR_MATRIX	EAST_WEST	BY	BARE	east by west	1	east	23316	0	0	-0.030302	-0.000102	1888	0.365817	[[1888, 2.726687], [1790, 2.16249], [281, 1.356459], [234, 1.124034], [654, 1.049108]]
CONNECTOR_MATRIX__EAST_WEST__BY__BARE__NONE	CONNECTOR_MATRIX	EAST_WEST	BY	BARE	east by west	2	 by	416	0	0	-0.079978	-0.000102	1888	0.365817	[[2551, 1.98364], [801, 1.964135], [1507, 1.905619], [1888, 1.869448], [1790, 1.386975]]
CONNECTOR_MATRIX__EAST_WEST__BY__BARE__NONE	CONNECTOR_MATRIX	EAST_WEST	BY	BARE	east by west	3	 west	7421	1	1	3.212048	3.212048	541	0.485361	[[541, 3.212048], [971, 2.564549], [2659, 2.506706], [1691, 2.298799], [2496, 2.021773]]
CONNECTOR_MATRIX__EAST_WEST__AFTER__BARE__NONE	CONNECTOR_MATRIX	EAST_WEST	AFTER	BARE	east after west	0	<BOS>	50256	0	0	-0.000102	-0.000102	2256	0.796686	[[2256, 2.36087], [1888, 1.564183], [2787, 0.893099], [1450, 0.853876], [1048, 0.848868]]
CONNECTOR_MATRIX__EAST_WEST__AFTER__BARE__NONE	CONNECTOR_MATRIX	EAST_WEST	AFTER	BARE	east after west	1	east	23316	0	0	-0.030302	-0.000102	1888	0.365817	[[1888, 2.726687], [1790, 2.16249], [281, 1.356459], [234, 1.124034], [654, 1.049108]]
CONNECTOR_MATRIX__EAST_WEST__AFTER__BARE__NONE	CONNECTOR_MATRIX	EAST_WEST	AFTER	BARE	east after west	2	 after	706	0	0	-0.03715	-0.000102	1888	0.365817	[[2883, 1.89611], [1888, 1.878701], [1790, 1.813686], [1031, 1.496943], [576, 1.448375]]
CONNECTOR_MATRIX__EAST_WEST__AFTER__BARE__NONE	CONNECTOR_MATRIX	EAST_WEST	AFTER	BARE	east after west	3	 west	7421	1	1	2.636046	2.636046	1888	0.041979	[[2496, 2.684708], [541, 2.636046], [2566, 1.854793], [1691, 1.684744], [2659, 1.541073]]
CONNECTOR_MATRIX__EAST_WEST__AND__V9_SPACE__NONE	CONNECTOR_MATRIX	EAST_WEST	AND	V9_SPACE	 east and west	0	<BOS>	50256	0	0	-0.000102	-0.000102	2256	0.796686	[[2256, 2.36087], [1888, 1.564183], [2787, 0.893099], [1450, 0.853876], [1048, 0.848868]]
CONNECTOR_MATRIX__EAST_WEST__AND__V9_SPACE__NONE	CONNECTOR_MATRIX	EAST_WEST	AND	V9_SPACE	 east and west	1	 east	7627	0	0	-0.049065	-0.000102	1888	0.607351	[[1888, 3.051953], [1790, 2.444602], [464, 2.180163], [281, 1.737091], [234, 1.701888]]
CONNECTOR_MATRIX__EAST_WEST__AND__V9_SPACE__NONE	CONNECTOR_MATRIX	EAST_WEST	AND	V9_SPACE	 east and west	2	 and	290	0	0	-0.007052	-0.000102	1888	0.607351	[[1790, 2.091043], [1888, 1.675099], [194, 1.520318], [1284, 1.396045], [2973, 1.198065]]
CONNECTOR_MATRIX__EAST_WEST__AND__V9_SPACE__NONE	CONNECTOR_MATRIX	EAST_WEST	AND	V9_SPACE	 east and west	3	 west	7421	1	1	4.197136	4.197136	541	0.393958	[[541, 4.197136], [2659, 3.803178], [638, 2.429171], [2317, 2.246838], [2753, 1.856627]]
CONNECTOR_MATRIX__EAST_WEST__OR__V9_SPACE__NONE	CONNECTOR_MATRIX	EAST_WEST	OR	V9_SPACE	 east or west	0	<BOS>	50256	0	0	-0.000102	-0.000102	2256	0.796686	[[2256, 2.36087], [1888, 1.564183], [2787, 0.893099], [1450, 0.853876], [1048, 0.848868]]
CONNECTOR_MATRIX__EAST_WEST__OR__V9_SPACE__NONE	CONNECTOR_MATRIX	EAST_WEST	OR	V9_SPACE	 east or west	1	 east	7627	0	0	-0.049065	-0.000102	1888	0.607351	[[1888, 3.051953], [1790, 2.444602], [464, 2.180163], [281, 1.737091], [234, 1.701888]]
CONNECTOR_MATRIX__EAST_WEST__OR__V9_SPACE__NONE	CONNECTOR_MATRIX	EAST_WEST	OR	V9_SPACE	 east or west	2	 or	393	0	0	-0.000127	-0.000102	1888	0.607351	[[1790, 1.966583], [744, 1.784554], [1888, 1.777147], [1560, 1.438649], [2973, 1.337053]]
CONNECTOR_MATRIX__EAST_WEST__OR__V9_SPACE__NONE	CONNECTOR_MATRIX	EAST_WEST	OR	V9_SPACE	 east or west	3	 west	7421	1	1	4.633293	4.633293	541	0.544615	[[541, 4.633293], [2659, 4.088678], [638, 2.845313], [2317, 2.463219], [1691, 1.823996]]
CONNECTOR_MATRIX__EAST_WEST__TO__V9_SPACE__NONE	CONNECTOR_MATRIX	EAST_WEST	TO	V9_SPACE	 east to west	0	<BOS>	50256	0	0	-0.000102	-0.000102	2256	0.796686	[[2256, 2.36087], [1888, 1.564183], [2787, 0.893099], [1450, 0.853876], [1048, 0.848868]]
CONNECTOR_MATRIX__EAST_WEST__TO__V9_SPACE__NONE	CONNECTOR_MATRIX	EAST_WEST	TO	V9_SPACE	 east to west	1	 east	7627	0	0	-0.049065	-0.000102	1888	0.607351	[[1888, 3.051953], [1790, 2.444602], [464, 2.180163], [281, 1.737091], [234, 1.701888]]
CONNECTOR_MATRIX__EAST_WEST__TO__V9_SPACE__NONE	CONNECTOR_MATRIX	EAST_WEST	TO	V9_SPACE	 east to west	2	 to	284	0	0	-0.012613	-0.000102	1888	0.607351	[[1790, 2.26197], [1888, 1.862117], [306, 1.735135], [1284, 1.474719], [1691, 1.33125]]
CONNECTOR_MATRIX__EAST_WEST__TO__V9_SPACE__NONE	CONNECTOR_MATRIX	EAST_WEST	TO	V9_SPACE	 east to west	3	 west	7421	1	1	4.682924	4.682924	541	1.351191	[[541, 4.682924], [2659, 3.331733], [2882, 2.456129], [638, 2.399618], [2496, 2.300128]]
CONNECTOR_MATRIX__EAST_WEST__BY__V9_SPACE__NONE	CONNECTOR_MATRIX	EAST_WEST	BY	V9_SPACE	 east by west	0	<BOS>	50256	0	0	-0.000102	-0.000102	2256	0.796686	[[2256, 2.36087], [1888, 1.564183], [2787, 0.893099], [1450, 0.853876], [1048, 0.848868]]
CONNECTOR_MATRIX__EAST_WEST__BY__V9_SPACE__NONE	CONNECTOR_MATRIX	EAST_WEST	BY	V9_SPACE	 east by west	1	 east	7627	0	0	-0.049065	-0.000102	1888	0.607351	[[1888, 3.051953], [1790, 2.444602], [464, 2.180163], [281, 1.737091], [234, 1.701888]]
CONNECTOR_MATRIX__EAST_WEST__BY__V9_SPACE__NONE	CONNECTOR_MATRIX	EAST_WEST	BY	V9_SPACE	 east by west	2	 by	416	0	0	-0.089659	-0.000102	1888	0.607351	[[801, 2.062052], [1888, 2.017506], [2551, 1.737771], [1790, 1.615401], [1507, 1.575219]]
CONNECTOR_MATRIX__EAST_WEST__BY__V9_SPACE__NONE	CONNECTOR_MATRIX	EAST_WEST	BY	V9_SPACE	 east by west	3	 west	7421	1	1	3.94418	3.94418	541	0.892228	[[541, 3.94418], [2659, 2.965909], [971, 2.644466], [1691, 2.439962], [2496, 2.257305]]
CONNECTOR_MATRIX__EAST_WEST__AFTER__V9_SPACE__NONE	CONNECTOR_MATRIX	EAST_WEST	AFTER	V9_SPACE	 east after west	0	<BOS>	50256	0	0	-0.000102	-0.000102	2256	0.796686	[[2256, 2.36087], [1888, 1.564183], [2787, 0.893099], [1450, 0.853876], [1048, 0.848868]]
CONNECTOR_MATRIX__EAST_WEST__AFTER__V9_SPACE__NONE	CONNECTOR_MATRIX	EAST_WEST	AFTER	V9_SPACE	 east after west	1	 east	7627	0	0	-0.049065	-0.000102	1888	0.607351	[[1888, 3.051953], [1790, 2.444602], [464, 2.180163], [281, 1.737091], [234, 1.701888]]
CONNECTOR_MATRIX__EAST_WEST__AFTER__V9_SPACE__NONE	CONNECTOR_MATRIX	EAST_WEST	AFTER	V9_SPACE	 east after west	2	 after	706	0	0	-0.019792	-0.000102	1888	0.607351	[[2883, 1.968156], [1888, 1.923691], [1790, 1.764439], [1031, 1.469846], [576, 1.455315]]
CONNECTOR_MATRIX__EAST_WEST__AFTER__V9_SPACE__NONE	CONNECTOR_MATRIX	EAST_WEST	AFTER	V9_SPACE	 east after west	3	 west	7421	1	1	3.011632	3.011632	1888	0.040321	[[541, 3.011632], [2496, 2.965686], [2566, 2.050641], [1691, 1.788059], [2659, 1.779429]]
CONNECTOR_MATRIX__EAST_WEST__AND__THE_PHRASE__NONE	CONNECTOR_MATRIX	EAST_WEST	AND	THE_PHRASE	the phrase east and west	0	<BOS>	50256	0	0	-0.000102	-0.000102	2256	0.796686	[[2256, 2.36087], [1888, 1.564183], [2787, 0.893099], [1450, 0.853876], [1048, 0.848868]]
CONNECTOR_MATRIX__EAST_WEST__AND__THE_PHRASE__NONE	CONNECTOR_MATRIX	EAST_WEST	AND	THE_PHRASE	the phrase east and west	1	the	1169	0	0	-0.058428	-0.000102	1790	0.119972	[[1790, 2.74375], [1888, 2.623779], [1203, 1.370484], [654, 1.287318], [1504, 1.273196]]
CONNECTOR_MATRIX__EAST_WEST__AND__THE_PHRASE__NONE	CONNECTOR_MATRIX	EAST_WEST	AND	THE_PHRASE	the phrase east and west	2	 phrase	9546	0	0	-0.055584	-0.000102	2073	0.489396	[[2073, 3.233146], [1026, 1.694937], [2070, 1.648536], [388, 1.556334], [1888, 1.459668]]
CONNECTOR_MATRIX__EAST_WEST__AND__THE_PHRASE__NONE	CONNECTOR_MATRIX	EAST_WEST	AND	THE_PHRASE	the phrase east and west	3	 east	7627	0	0	-0.008622	-0.000102	2073	0.489396	[[1888, 1.629508], [281, 1.620321], [1790, 1.521087], [2698, 1.245093], [1169, 1.059347]]
CONNECTOR_MATRIX__EAST_WEST__AND__THE_PHRASE__NONE	CONNECTOR_MATRIX	EAST_WEST	AND	THE_PHRASE	the phrase east and west	4	 and	290	0	0	-0.020724	-0.000102	2073	0.489396	[[1790, 1.71545], [194, 1.655722], [1284, 1.538254], [630, 1.238121], [1888, 1.208065]]
CONNECTOR_MATRIX__EAST_WEST__AND__THE_PHRASE__NONE	CONNECTOR_MATRIX	EAST_WEST	AND	THE_PHRASE	the phrase east and west	5	 west	7421	1	1	4.544086	4.544086	541	0.098002	[[541, 4.544086], [2659, 4.446084], [2317, 2.551741], [638, 2.41256], [924, 1.760739]]
CONNECTOR_MATRIX__EAST_WEST__OR__THE_PHRASE__NONE	CONNECTOR_MATRIX	EAST_WEST	OR	THE_PHRASE	the phrase east or west	0	<BOS>	50256	0	0	-0.000102	-0.000102	2256	0.796686	[[2256, 2.36087], [1888, 1.564183], [2787, 0.893099], [1450, 0.853876], [1048, 0.848868]]
CONNECTOR_MATRIX__EAST_WEST__OR__THE_PHRASE__NONE	CONNECTOR_MATRIX	EAST_WEST	OR	THE_PHRASE	the phrase east or west	1	the	1169	0	0	-0.058428	-0.000102	1790	0.119972	[[1790, 2.74375], [1888, 2.623779], [1203, 1.370484], [654, 1.287318], [1504, 1.273196]]
CONNECTOR_MATRIX__EAST_WEST__OR__THE_PHRASE__NONE	CONNECTOR_MATRIX	EAST_WEST	OR	THE_PHRASE	the phrase east or west	2	 phrase	9546	0	0	-0.055584	-0.000102	2073	0.489396	[[2073, 3.233146], [1026, 1.694937], [2070, 1.648536], [388, 1.556334], [1888, 1.459668]]
CONNECTOR_MATRIX__EAST_WEST__OR__THE_PHRASE__NONE	CONNECTOR_MATRIX	EAST_WEST	OR	THE_PHRASE	the phrase east or west	3	 east	7627	0	0	-0.008622	-0.000102	2073	0.489396	[[1888, 1.629508], [281, 1.620321], [1790, 1.521087], [2698, 1.245093], [1169, 1.059347]]
CONNECTOR_MATRIX__EAST_WEST__OR__THE_PHRASE__NONE	CONNECTOR_MATRIX	EAST_WEST	OR	THE_PHRASE	the phrase east or west	4	 or	393	0	0	-0.00026	-0.000102	2073	0.489396	[[744, 2.297434], [1790, 1.768624], [1888, 1.454193], [2762, 1.384081], [886, 1.218001]]
CONNECTOR_MATRIX__EAST_WEST__OR__THE_PHRASE__NONE	CONNECTOR_MATRIX	EAST_WEST	OR	THE_PHRASE	the phrase east or west	5	 west	7421	1	1	4.202467	4.202467	541	0.08577	[[541, 4.202467], [2659, 4.116697], [638, 2.358883], [2317, 2.214197], [1016, 1.666599]]
CONNECTOR_MATRIX__EAST_WEST__TO__THE_PHRASE__NONE	CONNECTOR_MATRIX	EAST_WEST	TO	THE_PHRASE	the phrase east to west	0	<BOS>	50256	0	0	-0.000102	-0.000102	2256	0.796686	[[2256, 2.36087], [1888, 1.564183], [2787, 0.893099], [1450, 0.853876], [1048, 0.848868]]
CONNECTOR_MATRIX__EAST_WEST__TO__THE_PHRASE__NONE	CONNECTOR_MATRIX	EAST_WEST	TO	THE_PHRASE	the phrase east to west	1	the	1169	0	0	-0.058428	-0.000102	1790	0.119972	[[1790, 2.74375], [1888, 2.623779], [1203, 1.370484], [654, 1.287318], [1504, 1.273196]]
CONNECTOR_MATRIX__EAST_WEST__TO__THE_PHRASE__NONE	CONNECTOR_MATRIX	EAST_WEST	TO	THE_PHRASE	the phrase east to west	2	 phrase	9546	0	0	-0.055584	-0.000102	2073	0.489396	[[2073, 3.233146], [1026, 1.694937], [2070, 1.648536], [388, 1.556334], [1888, 1.459668]]
CONNECTOR_MATRIX__EAST_WEST__TO__THE_PHRASE__NONE	CONNECTOR_MATRIX	EAST_WEST	TO	THE_PHRASE	the phrase east to west	3	 east	7627	0	0	-0.008622	-0.000102	2073	0.489396	[[1888, 1.629508], [281, 1.620321], [1790, 1.521087], [2698, 1.245093], [1169, 1.059347]]
CONNECTOR_MATRIX__EAST_WEST__TO__THE_PHRASE__NONE	CONNECTOR_MATRIX	EAST_WEST	TO	THE_PHRASE	the phrase east to west	4	 to	284	0	0	-0.027222	-0.000102	2073	0.489396	[[1790, 2.150226], [2150, 1.685766], [1284, 1.629809], [1888, 1.544689], [2420, 1.538771]]
CONNECTOR_MATRIX__EAST_WEST__TO__THE_PHRASE__NONE	CONNECTOR_MATRIX	EAST_WEST	TO	THE_PHRASE	the phrase east to west	5	 west	7421	1	1	4.042216	4.042216	541	0.647916	[[541, 4.042216], [2659, 3.3943], [638, 2.380775], [2496, 2.099449], [2566, 1.894334]]
CONNECTOR_MATRIX__EAST_WEST__BY__THE_PHRASE__NONE	CONNECTOR_MATRIX	EAST_WEST	BY	THE_PHRASE	the phrase east by west	0	<BOS>	50256	0	0	-0.000102	-0.000102	2256	0.796686	[[2256, 2.36087], [1888, 1.564183], [2787, 0.893099], [1450, 0.853876], [1048, 0.848868]]
CONNECTOR_MATRIX__EAST_WEST__BY__THE_PHRASE__NONE	CONNECTOR_MATRIX	EAST_WEST	BY	THE_PHRASE	the phrase east by west	1	the	1169	0	0	-0.058428	-0.000102	1790	0.119972	[[1790, 2.74375], [1888, 2.623779], [1203, 1.370484], [654, 1.287318], [1504, 1.273196]]
CONNECTOR_MATRIX__EAST_WEST__BY__THE_PHRASE__NONE	CONNECTOR_MATRIX	EAST_WEST	BY	THE_PHRASE	the phrase east by west	2	 phrase	9546	0	0	-0.055584	-0.000102	2073	0.489396	[[2073, 3.233146], [1026, 1.694937], [2070, 1.648536], [388, 1.556334], [1888, 1.459668]]
CONNECTOR_MATRIX__EAST_WEST__BY__THE_PHRASE__NONE	CONNECTOR_MATRIX	EAST_WEST	BY	THE_PHRASE	the phrase east by west	3	 east	7627	0	0	-0.008622	-0.000102	2073	0.489396	[[1888, 1.629508], [281, 1.620321], [1790, 1.521087], [2698, 1.245093], [1169, 1.059347]]
CONNECTOR_MATRIX__EAST_WEST__BY__THE_PHRASE__NONE	CONNECTOR_MATRIX	EAST_WEST	BY	THE_PHRASE	the phrase east by west	4	 by	416	0	0	-0.095706	-0.000102	2073	0.489396	[[1888, 2.031269], [1790, 1.828684], [2551, 1.780053], [801, 1.708789], [654, 1.413394]]
CONNECTOR_MATRIX__EAST_WEST__BY__THE_PHRASE__NONE	CONNECTOR_MATRIX	EAST_WEST	BY	THE_PHRASE	the phrase east by west	5	 west	7421	1	1	3.150176	3.150176	2073	0.082971	[[541, 3.150176], [2659, 2.765699], [2496, 2.365168], [971, 2.262421], [2566, 2.131175]]
CONNECTOR_MATRIX__EAST_WEST__AFTER__THE_PHRASE__NONE	CONNECTOR_MATRIX	EAST_WEST	AFTER	THE_PHRASE	the phrase east after west	0	<BOS>	50256	0	0	-0.000102	-0.000102	2256	0.796686	[[2256, 2.36087], [1888, 1.564183], [2787, 0.893099], [1450, 0.853876], [1048, 0.848868]]
CONNECTOR_MATRIX__EAST_WEST__AFTER__THE_PHRASE__NONE	CONNECTOR_MATRIX	EAST_WEST	AFTER	THE_PHRASE	the phrase east after west	1	the	1169	0	0	-0.058428	-0.000102	1790	0.119972	[[1790, 2.74375], [1888, 2.623779], [1203, 1.370484], [654, 1.287318], [1504, 1.273196]]
CONNECTOR_MATRIX__EAST_WEST__AFTER__THE_PHRASE__NONE	CONNECTOR_MATRIX	EAST_WEST	AFTER	THE_PHRASE	the phrase east after west	2	 phrase	9546	0	0	-0.055584	-0.000102	2073	0.489396	[[2073, 3.233146], [1026, 1.694937], [2070, 1.648536], [388, 1.556334], [1888, 1.459668]]
CONNECTOR_MATRIX__EAST_WEST__AFTER__THE_PHRASE__NONE	CONNECTOR_MATRIX	EAST_WEST	AFTER	THE_PHRASE	the phrase east after west	3	 east	7627	0	0	-0.008622	-0.000102	2073	0.489396	[[1888, 1.629508], [281, 1.620321], [1790, 1.521087], [2698, 1.245093], [1169, 1.059347]]
CONNECTOR_MATRIX__EAST_WEST__AFTER__THE_PHRASE__NONE	CONNECTOR_MATRIX	EAST_WEST	AFTER	THE_PHRASE	the phrase east after west	4	 after	706	0	0	-0.029086	-0.000102	2073	0.489396	[[2883, 1.804804], [1031, 1.314475], [1888, 1.280587], [1336, 1.278648], [576, 1.232812]]
CONNECTOR_MATRIX__EAST_WEST__AFTER__THE_PHRASE__NONE	CONNECTOR_MATRIX	EAST_WEST	AFTER	THE_PHRASE	the phrase east after west	5	 west	7421	1	1	1.804831	1.804831	2073	0.489396	[[2496, 2.264398], [541, 1.804831], [281, 1.613538], [2056, 1.59354], [2566, 1.576018]]
CONNECTOR_MATRIX__EAST_WEST__AND__THEY_SAID__NONE	CONNECTOR_MATRIX	EAST_WEST	AND	THEY_SAID	they said east and west	0	<BOS>	50256	0	0	-0.000102	-0.000102	2256	0.796686	[[2256, 2.36087], [1888, 1.564183], [2787, 0.893099], [1450, 0.853876], [1048, 0.848868]]
CONNECTOR_MATRIX__EAST_WEST__AND__THEY_SAID__NONE	CONNECTOR_MATRIX	EAST_WEST	AND	THEY_SAID	they said east and west	1	they	9930	0	0	-0.133193	-0.000102	2256	0.053377	[[1790, 2.307492], [1888, 2.21476], [234, 1.470804], [1169, 1.294994], [654, 1.246823]]
CONNECTOR_MATRIX__EAST_WEST__AND__THEY_SAID__NONE	CONNECTOR_MATRIX	EAST_WEST	AND	THEY_SAID	they said east and west	2	 said	531	0	0	-0.038379	-0.000102	2256	0.053377	[[2982, 1.845008], [932, 1.550615], [521, 1.429855], [38, 1.363183], [654, 1.281732]]
CONNECTOR_MATRIX__EAST_WEST__AND__THEY_SAID__NONE	CONNECTOR_MATRIX	EAST_WEST	AND	THEY_SAID	they said east and west	3	 east	7627	0	0	-0.041822	-0.000102	2256	0.053377	[[281, 1.968839], [1888, 1.894602], [1790, 1.779357], [1534, 1.592776], [2006, 1.131799]]
CONNECTOR_MATRIX__EAST_WEST__AND__THEY_SAID__NONE	CONNECTOR_MATRIX	EAST_WEST	AND	THEY_SAID	they said east and west	4	 and	290	0	0	-0.02169	-0.000102	2256	0.053377	[[1790, 2.191624], [1284, 1.458803], [1888, 1.440695], [2753, 1.340235], [2282, 1.300033]]
CONNECTOR_MATRIX__EAST_WEST__AND__THEY_SAID__NONE	CONNECTOR_MATRIX	EAST_WEST	AND	THEY_SAID	they said east and west	5	 west	7421	1	1	4.552054	4.552054	541	0.307302	[[541, 4.552054], [2659, 4.244753], [638, 2.405641], [2317, 2.345264], [2882, 2.144271]]
CONNECTOR_MATRIX__EAST_WEST__OR__THEY_SAID__NONE	CONNECTOR_MATRIX	EAST_WEST	OR	THEY_SAID	they said east or west	0	<BOS>	50256	0	0	-0.000102	-0.000102	2256	0.796686	[[2256, 2.36087], [1888, 1.564183], [2787, 0.893099], [1450, 0.853876], [1048, 0.848868]]
CONNECTOR_MATRIX__EAST_WEST__OR__THEY_SAID__NONE	CONNECTOR_MATRIX	EAST_WEST	OR	THEY_SAID	they said east or west	1	they	9930	0	0	-0.133193	-0.000102	2256	0.053377	[[1790, 2.307492], [1888, 2.21476], [234, 1.470804], [1169, 1.294994], [654, 1.246823]]
CONNECTOR_MATRIX__EAST_WEST__OR__THEY_SAID__NONE	CONNECTOR_MATRIX	EAST_WEST	OR	THEY_SAID	they said east or west	2	 said	531	0	0	-0.038379	-0.000102	2256	0.053377	[[2982, 1.845008], [932, 1.550615], [521, 1.429855], [38, 1.363183], [654, 1.281732]]
CONNECTOR_MATRIX__EAST_WEST__OR__THEY_SAID__NONE	CONNECTOR_MATRIX	EAST_WEST	OR	THEY_SAID	they said east or west	3	 east	7627	0	0	-0.041822	-0.000102	2256	0.053377	[[281, 1.968839], [1888, 1.894602], [1790, 1.779357], [1534, 1.592776], [2006, 1.131799]]
CONNECTOR_MATRIX__EAST_WEST__OR__THEY_SAID__NONE	CONNECTOR_MATRIX	EAST_WEST	OR	THEY_SAID	they said east or west	4	 or	393	0	0	-6.5e-05	-6.5e-05	2256	0.053377	[[1790, 1.757681], [1888, 1.532472], [2081, 1.488688], [166, 1.425198], [744, 1.416772]]
CONNECTOR_MATRIX__EAST_WEST__OR__THEY_SAID__NONE	CONNECTOR_MATRIX	EAST_WEST	OR	THEY_SAID	they said east or west	5	 west	7421	1	1	4.299922	4.299922	541	0.259622	[[541, 4.299922], [2659, 4.0403], [638, 2.838049], [2317, 2.440159], [2753, 1.791168]]
CONNECTOR_MATRIX__EAST_WEST__TO__THEY_SAID__NONE	CONNECTOR_MATRIX	EAST_WEST	TO	THEY_SAID	they said east to west	0	<BOS>	50256	0	0	-0.000102	-0.000102	2256	0.796686	[[2256, 2.36087], [1888, 1.564183], [2787, 0.893099], [1450, 0.853876], [1048, 0.848868]]
CONNECTOR_MATRIX__EAST_WEST__TO__THEY_SAID__NONE	CONNECTOR_MATRIX	EAST_WEST	TO	THEY_SAID	they said east to west	1	they	9930	0	0	-0.133193	-0.000102	2256	0.053377	[[1790, 2.307492], [1888, 2.21476], [234, 1.470804], [1169, 1.294994], [654, 1.246823]]
CONNECTOR_MATRIX__EAST_WEST__TO__THEY_SAID__NONE	CONNECTOR_MATRIX	EAST_WEST	TO	THEY_SAID	they said east to west	2	 said	531	0	0	-0.038379	-0.000102	2256	0.053377	[[2982, 1.845008], [932, 1.550615], [521, 1.429855], [38, 1.363183], [654, 1.281732]]
CONNECTOR_MATRIX__EAST_WEST__TO__THEY_SAID__NONE	CONNECTOR_MATRIX	EAST_WEST	TO	THEY_SAID	they said east to west	3	 east	7627	0	0	-0.041822	-0.000102	2256	0.053377	[[281, 1.968839], [1888, 1.894602], [1790, 1.779357], [1534, 1.592776], [2006, 1.131799]]
CONNECTOR_MATRIX__EAST_WEST__TO__THEY_SAID__NONE	CONNECTOR_MATRIX	EAST_WEST	TO	THEY_SAID	they said east to west	4	 to	284	0	0	-0.016695	-0.000102	1790	0.337216	[[1790, 2.698086], [1888, 2.031462], [2718, 1.486103], [1284, 1.48141], [654, 1.415766]]
CONNECTOR_MATRIX__EAST_WEST__TO__THEY_SAID__NONE	CONNECTOR_MATRIX	EAST_WEST	TO	THEY_SAID	they said east to west	5	 west	7421	1	1	4.7429	4.7429	541	1.010956	[[541, 4.7429], [2659, 3.731944], [2496, 2.591913], [638, 2.399458], [2882, 2.300966]]
CONNECTOR_MATRIX__EAST_WEST__BY__THEY_SAID__NONE	CONNECTOR_MATRIX	EAST_WEST	BY	THEY_SAID	they said east by west	0	<BOS>	50256	0	0	-0.000102	-0.000102	2256	0.796686	[[2256, 2.36087], [1888, 1.564183], [2787, 0.893099], [1450, 0.853876], [1048, 0.848868]]
CONNECTOR_MATRIX__EAST_WEST__BY__THEY_SAID__NONE	CONNECTOR_MATRIX	EAST_WEST	BY	THEY_SAID	they said east by west	1	they	9930	0	0	-0.133193	-0.000102	2256	0.053377	[[1790, 2.307492], [1888, 2.21476], [234, 1.470804], [1169, 1.294994], [654, 1.246823]]
CONNECTOR_MATRIX__EAST_WEST__BY__THEY_SAID__NONE	CONNECTOR_MATRIX	EAST_WEST	BY	THEY_SAID	they said east by west	2	 said	531	0	0	-0.038379	-0.000102	2256	0.053377	[[2982, 1.845008], [932, 1.550615], [521, 1.429855], [38, 1.363183], [654, 1.281732]]
CONNECTOR_MATRIX__EAST_WEST__BY__THEY_SAID__NONE	CONNECTOR_MATRIX	EAST_WEST	BY	THEY_SAID	they said east by west	3	 east	7627	0	0	-0.041822	-0.000102	2256	0.053377	[[281, 1.968839], [1888, 1.894602], [1790, 1.779357], [1534, 1.592776], [2006, 1.131799]]
CONNECTOR_MATRIX__EAST_WEST__BY__THEY_SAID__NONE	CONNECTOR_MATRIX	EAST_WEST	BY	THEY_SAID	they said east by west	4	 by	416	0	0	-0.056168	-0.000102	2256	0.053377	[[1790, 2.172233], [1888, 2.129989], [801, 1.92787], [1003, 1.727908], [654, 1.725584]]
CONNECTOR_MATRIX__EAST_WEST__BY__THEY_SAID__NONE	CONNECTOR_MATRIX	EAST_WEST	BY	THEY_SAID	they said east by west	5	 west	7421	1	1	3.304021	3.304021	541	0.57312	[[541, 3.304021], [2659, 2.730901], [2496, 2.553264], [1691, 2.198241], [2566, 2.157923]]
CONNECTOR_MATRIX__EAST_WEST__AFTER__THEY_SAID__NONE	CONNECTOR_MATRIX	EAST_WEST	AFTER	THEY_SAID	they said east after west	0	<BOS>	50256	0	0	-0.000102	-0.000102	2256	0.796686	[[2256, 2.36087], [1888, 1.564183], [2787, 0.893099], [1450, 0.853876], [1048, 0.848868]]
CONNECTOR_MATRIX__EAST_WEST__AFTER__THEY_SAID__NONE	CONNECTOR_MATRIX	EAST_WEST	AFTER	THEY_SAID	they said east after west	1	they	9930	0	0	-0.133193	-0.000102	2256	0.053377	[[1790, 2.307492], [1888, 2.21476], [234, 1.470804], [1169, 1.294994], [654, 1.246823]]
CONNECTOR_MATRIX__EAST_WEST__AFTER__THEY_SAID__NONE	CONNECTOR_MATRIX	EAST_WEST	AFTER	THEY_SAID	they said east after west	2	 said	531	0	0	-0.038379	-0.000102	2256	0.053377	[[2982, 1.845008], [932, 1.550615], [521, 1.429855], [38, 1.363183], [654, 1.281732]]
CONNECTOR_MATRIX__EAST_WEST__AFTER__THEY_SAID__NONE	CONNECTOR_MATRIX	EAST_WEST	AFTER	THEY_SAID	they said east after west	3	 east	7627	0	0	-0.041822	-0.000102	2256	0.053377	[[281, 1.968839], [1888, 1.894602], [1790, 1.779357], [1534, 1.592776], [2006, 1.131799]]
CONNECTOR_MATRIX__EAST_WEST__AFTER__THEY_SAID__NONE	CONNECTOR_MATRIX	EAST_WEST	AFTER	THEY_SAID	they said east after west	4	 after	706	0	0	-0.020517	-0.000102	2256	0.053377	[[1790, 1.892446], [2883, 1.62742], [1888, 1.561416], [1031, 1.397005], [654, 1.174203]]
CONNECTOR_MATRIX__EAST_WEST__AFTER__THEY_SAID__NONE	CONNECTOR_MATRIX	EAST_WEST	AFTER	THEY_SAID	they said east after west	5	 west	7421	1	1	2.416426	2.416426	2496	0.59217	[[2496, 3.008597], [541, 2.416426], [2566, 1.967587], [281, 1.741853], [2056, 1.516947]]
PAIR_PANEL__PAIR_01__CONVENTIONAL__BARE__NONE	PAIR_PANEL	PAIR_01	CONVENTIONAL	BARE	salt and pepper	0	<BOS>	50256	0	0	-0.000102	-0.000102	2256	0.796686	[[2256, 2.36087], [1888, 1.564183], [2787, 0.893099], [1450, 0.853876], [1048, 0.848868]]
PAIR_PANEL__PAIR_01__CONVENTIONAL__BARE__NONE	PAIR_PANEL	PAIR_01	CONVENTIONAL	BARE	salt and pepper	1	s	82	0	0	-0.018307	-0.000102	945	0.003859	[[945, 2.876172], [1790, 2.872313], [1888, 2.579564], [1819, 2.30305], [654, 2.069919]]
PAIR_PANEL__PAIR_01__CONVENTIONAL__BARE__NONE	PAIR_PANEL	PAIR_01	CONVENTIONAL	BARE	salt and pepper	2	alt	2501	0	0	-0.169554	-0.000102	945	0.003859	[[1746, 2.002517], [1256, 1.82816], [1790, 1.806835], [698, 1.771904], [1274, 1.542153]]
PAIR_PANEL__PAIR_01__CONVENTIONAL__BARE__NONE	PAIR_PANEL	PAIR_01	CONVENTIONAL	BARE	salt and pepper	3	 and	290	0	0	-0.039054	-0.000102	945	0.003859	[[2270, 1.807379], [2379, 1.71493], [1746, 1.641136], [1169, 1.506277], [1203, 1.499907]]
PAIR_PANEL__PAIR_01__CONVENTIONAL__BARE__NONE	PAIR_PANEL	PAIR_01	CONVENTIONAL	BARE	salt and pepper	4	 pepper	13385	1	1	2.687317	2.687317	2659	0.434522	[[2659, 3.310694], [541, 2.687317], [638, 1.753321], [1790, 1.752198], [2317, 1.735191]]
PAIR_PANEL__PAIR_01__CONVENTIONAL__V9_SPACE__NONE	PAIR_PANEL	PAIR_01	CONVENTIONAL	V9_SPACE	 salt and pepper	0	<BOS>	50256	0	0	-0.000102	-0.000102	2256	0.796686	[[2256, 2.36087], [1888, 1.564183], [2787, 0.893099], [1450, 0.853876], [1048, 0.848868]]
PAIR_PANEL__PAIR_01__CONVENTIONAL__V9_SPACE__NONE	PAIR_PANEL	PAIR_01	CONVENTIONAL	V9_SPACE	 salt and pepper	1	 salt	8268	0	0	-0.130058	-0.000102	1888	0.501714	[[1888, 3.188887], [464, 2.687173], [1790, 2.202118], [1998, 1.468334], [234, 1.364728]]
PAIR_PANEL__PAIR_01__CONVENTIONAL__V9_SPACE__NONE	PAIR_PANEL	PAIR_01	CONVENTIONAL	V9_SPACE	 salt and pepper	2	 and	290	0	0	-0.015858	-0.000102	1888	0.501714	[[2270, 2.206206], [1790, 1.845499], [1543, 1.521123], [616, 1.412368], [1746, 1.371822]]
PAIR_PANEL__PAIR_01__CONVENTIONAL__V9_SPACE__NONE	PAIR_PANEL	PAIR_01	CONVENTIONAL	V9_SPACE	 salt and pepper	3	 pepper	13385	1	1	2.292444	2.292444	1888	0.501714	[[2659, 2.433802], [541, 2.292444], [1790, 2.07112], [638, 1.528955], [1051, 1.355505]]
PAIR_PANEL__PAIR_01__CONVENTIONAL__THE_PHRASE__NONE	PAIR_PANEL	PAIR_01	CONVENTIONAL	THE_PHRASE	the phrase salt and pepper	0	<BOS>	50256	0	0	-0.000102	-0.000102	2256	0.796686	[[2256, 2.36087], [1888, 1.564183], [2787, 0.893099], [1450, 0.853876], [1048, 0.848868]]
PAIR_PANEL__PAIR_01__CONVENTIONAL__THE_PHRASE__NONE	PAIR_PANEL	PAIR_01	CONVENTIONAL	THE_PHRASE	the phrase salt and pepper	1	the	1169	0	0	-0.058428	-0.000102	1790	0.119972	[[1790, 2.74375], [1888, 2.623779], [1203, 1.370484], [654, 1.287318], [1504, 1.273196]]
PAIR_PANEL__PAIR_01__CONVENTIONAL__THE_PHRASE__NONE	PAIR_PANEL	PAIR_01	CONVENTIONAL	THE_PHRASE	the phrase salt and pepper	2	 phrase	9546	0	0	-0.055584	-0.000102	2073	0.489396	[[2073, 3.233146], [1026, 1.694937], [2070, 1.648536], [388, 1.556334], [1888, 1.459668]]
PAIR_PANEL__PAIR_01__CONVENTIONAL__THE_PHRASE__NONE	PAIR_PANEL	PAIR_01	CONVENTIONAL	THE_PHRASE	the phrase salt and pepper	3	 salt	8268	0	0	-0.053675	-0.000102	2073	0.489396	[[1888, 1.793544], [887, 1.785635], [2140, 1.590134], [778, 1.478909], [2297, 1.4068]]
PAIR_PANEL__PAIR_01__CONVENTIONAL__THE_PHRASE__NONE	PAIR_PANEL	PAIR_01	CONVENTIONAL	THE_PHRASE	the phrase salt and pepper	4	 and	290	0	0	-0.018013	-0.000102	2073	0.489396	[[2270, 2.298255], [1543, 1.684467], [2097, 1.582817], [194, 1.474264], [1790, 1.443241]]
PAIR_PANEL__PAIR_01__CONVENTIONAL__THE_PHRASE__NONE	PAIR_PANEL	PAIR_01	CONVENTIONAL	THE_PHRASE	the phrase salt and pepper	5	 pepper	13385	1	1	2.098272	2.098272	2073	0.489396	[[2659, 2.377456], [541, 2.098272], [1790, 1.836954], [638, 1.666008], [2317, 1.424826]]
PAIR_PANEL__PAIR_01__CONVENTIONAL__THEY_SAID__NONE	PAIR_PANEL	PAIR_01	CONVENTIONAL	THEY_SAID	they said salt and pepper	0	<BOS>	50256	0	0	-0.000102	-0.000102	2256	0.796686	[[2256, 2.36087], [1888, 1.564183], [2787, 0.893099], [1450, 0.853876], [1048, 0.848868]]
PAIR_PANEL__PAIR_01__CONVENTIONAL__THEY_SAID__NONE	PAIR_PANEL	PAIR_01	CONVENTIONAL	THEY_SAID	they said salt and pepper	1	they	9930	0	0	-0.133193	-0.000102	2256	0.053377	[[1790, 2.307492], [1888, 2.21476], [234, 1.470804], [1169, 1.294994], [654, 1.246823]]
PAIR_PANEL__PAIR_01__CONVENTIONAL__THEY_SAID__NONE	PAIR_PANEL	PAIR_01	CONVENTIONAL	THEY_SAID	they said salt and pepper	2	 said	531	0	0	-0.038379	-0.000102	2256	0.053377	[[2982, 1.845008], [932, 1.550615], [521, 1.429855], [38, 1.363183], [654, 1.281732]]
PAIR_PANEL__PAIR_01__CONVENTIONAL__THEY_SAID__NONE	PAIR_PANEL	PAIR_01	CONVENTIONAL	THEY_SAID	they said salt and pepper	3	 salt	8268	0	0	-0.066477	-0.000102	2256	0.053377	[[1888, 1.966128], [698, 1.931499], [887, 1.4924], [1534, 1.421592], [1790, 1.289179]]
PAIR_PANEL__PAIR_01__CONVENTIONAL__THEY_SAID__NONE	PAIR_PANEL	PAIR_01	CONVENTIONAL	THEY_SAID	they said salt and pepper	4	 and	290	0	0	-0.009431	-0.000102	2256	0.053377	[[2270, 2.021191], [1790, 1.677557], [1543, 1.557009], [2379, 1.518151], [616, 1.470775]]
PAIR_PANEL__PAIR_01__CONVENTIONAL__THEY_SAID__NONE	PAIR_PANEL	PAIR_01	CONVENTIONAL	THEY_SAID	they said salt and pepper	5	 pepper	13385	1	1	2.075995	2.075995	2659	0.280684	[[2659, 2.641553], [541, 2.075995], [638, 1.589884], [2800, 1.504007], [1790, 1.481312]]
PAIR_PANEL__PAIR_01__ARBITRARY__BARE__NONE	PAIR_PANEL	PAIR_01	ARBITRARY	BARE	cats and elephants	0	<BOS>	50256	0	0	-0.000102	-0.000102	2256	0.796686	[[2256, 2.36087], [1888, 1.564183], [2787, 0.893099], [1450, 0.853876], [1048, 0.848868]]
PAIR_PANEL__PAIR_01__ARBITRARY__BARE__NONE	PAIR_PANEL	PAIR_01	ARBITRARY	BARE	cats and elephants	1	cats	24619	0	0	-0.151608	-0.000102	1888	0.380438	[[1888, 2.939154], [1790, 2.558717], [3028, 1.893145], [2454, 1.215442], [654, 1.207406]]
PAIR_PANEL__PAIR_01__ARBITRARY__BARE__NONE	PAIR_PANEL	PAIR_01	ARBITRARY	BARE	cats and elephants	2	 and	290	0	0	-0.026408	-0.000102	1888	0.380438	[[1790, 1.979045], [1203, 1.599161], [2918, 1.543945], [34, 1.527334], [1430, 1.264011]]
PAIR_PANEL__PAIR_01__ARBITRARY__BARE__NONE	PAIR_PANEL	PAIR_01	ARBITRARY	BARE	cats and elephants	3	 elephants	25368	1	1	3.072895	3.072895	541	0.133741	[[541, 3.072895], [2659, 2.706601], [1888, 2.310111], [638, 2.080375], [1790, 1.543372]]
PAIR_PANEL__PAIR_01__ARBITRARY__V9_SPACE__NONE	PAIR_PANEL	PAIR_01	ARBITRARY	V9_SPACE	 cats and elephants	0	<BOS>	50256	0	0	-0.000102	-0.000102	2256	0.796686	[[2256, 2.36087], [1888, 1.564183], [2787, 0.893099], [1450, 0.853876], [1048, 0.848868]]
PAIR_PANEL__PAIR_01__ARBITRARY__V9_SPACE__NONE	PAIR_PANEL	PAIR_01	ARBITRARY	V9_SPACE	 cats and elephants	1	 cats	11875	0	0	-0.131244	-0.000102	1888	0.86463	[[1888, 3.509619], [1790, 2.644989], [464, 2.578556], [654, 1.733547], [3028, 1.484884]]
PAIR_PANEL__PAIR_01__ARBITRARY__V9_SPACE__NONE	PAIR_PANEL	PAIR_01	ARBITRARY	V9_SPACE	 cats and elephants	2	 and	290	0	0	-0.017035	-0.000102	1888	0.86463	[[1790, 2.341616], [34, 1.963282], [2918, 1.384323], [1430, 1.279297], [654, 1.126216]]
PAIR_PANEL__PAIR_01__ARBITRARY__V9_SPACE__NONE	PAIR_PANEL	PAIR_01	ARBITRARY	V9_SPACE	 cats and elephants	3	 elephants	25368	1	1	3.020401	3.020401	1888	0.489218	[[541, 3.020401], [2659, 2.493814], [1888, 2.309559], [638, 2.190532], [1790, 2.067016]]
PAIR_PANEL__PAIR_01__ARBITRARY__THE_PHRASE__NONE	PAIR_PANEL	PAIR_01	ARBITRARY	THE_PHRASE	the phrase cats and elephants	0	<BOS>	50256	0	0	-0.000102	-0.000102	2256	0.796686	[[2256, 2.36087], [1888, 1.564183], [2787, 0.893099], [1450, 0.853876], [1048, 0.848868]]
PAIR_PANEL__PAIR_01__ARBITRARY__THE_PHRASE__NONE	PAIR_PANEL	PAIR_01	ARBITRARY	THE_PHRASE	the phrase cats and elephants	1	the	1169	0	0	-0.058428	-0.000102	1790	0.119972	[[1790, 2.74375], [1888, 2.623779], [1203, 1.370484], [654, 1.287318], [1504, 1.273196]]
PAIR_PANEL__PAIR_01__ARBITRARY__THE_PHRASE__NONE	PAIR_PANEL	PAIR_01	ARBITRARY	THE_PHRASE	the phrase cats and elephants	2	 phrase	9546	0	0	-0.055584	-0.000102	2073	0.489396	[[2073, 3.233146], [1026, 1.694937], [2070, 1.648536], [388, 1.556334], [1888, 1.459668]]
PAIR_PANEL__PAIR_01__ARBITRARY__THE_PHRASE__NONE	PAIR_PANEL	PAIR_01	ARBITRARY	THE_PHRASE	the phrase cats and elephants	3	 cats	11875	0	0	-0.028896	-0.000102	2073	0.489396	[[1888, 2.009714], [1790, 1.667531], [2454, 1.433484], [778, 1.4206], [3028, 1.316837]]
PAIR_PANEL__PAIR_01__ARBITRARY__THE_PHRASE__NONE	PAIR_PANEL	PAIR_01	ARBITRARY	THE_PHRASE	the phrase cats and elephants	4	 and	290	0	0	-0.009585	-0.000102	2073	0.489396	[[34, 2.06235], [1790, 1.758704], [2918, 1.729804], [1336, 1.47009], [1430, 1.356851]]
PAIR_PANEL__PAIR_01__ARBITRARY__THE_PHRASE__NONE	PAIR_PANEL	PAIR_01	ARBITRARY	THE_PHRASE	the phrase cats and elephants	5	 elephants	25368	1	1	2.658735	2.658735	2073	0.489396	[[541, 2.658735], [2659, 2.203948], [638, 2.109048], [1888, 1.927985], [1790, 1.733735]]
PAIR_PANEL__PAIR_01__ARBITRARY__THEY_SAID__NONE	PAIR_PANEL	PAIR_01	ARBITRARY	THEY_SAID	they said cats and elephants	0	<BOS>	50256	0	0	-0.000102	-0.000102	2256	0.796686	[[2256, 2.36087], [1888, 1.564183], [2787, 0.893099], [1450, 0.853876], [1048, 0.848868]]
PAIR_PANEL__PAIR_01__ARBITRARY__THEY_SAID__NONE	PAIR_PANEL	PAIR_01	ARBITRARY	THEY_SAID	they said cats and elephants	1	they	9930	0	0	-0.133193	-0.000102	2256	0.053377	[[1790, 2.307492], [1888, 2.21476], [234, 1.470804], [1169, 1.294994], [654, 1.246823]]
PAIR_PANEL__PAIR_01__ARBITRARY__THEY_SAID__NONE	PAIR_PANEL	PAIR_01	ARBITRARY	THEY_SAID	they said cats and elephants	2	 said	531	0	0	-0.038379	-0.000102	2256	0.053377	[[2982, 1.845008], [932, 1.550615], [521, 1.429855], [38, 1.363183], [654, 1.281732]]
PAIR_PANEL__PAIR_01__ARBITRARY__THEY_SAID__NONE	PAIR_PANEL	PAIR_01	ARBITRARY	THEY_SAID	they said cats and elephants	3	 cats	11875	0	0	-0.049503	-0.000102	1888	0.097808	[[1888, 2.458678], [1790, 1.722355], [3028, 1.679112], [654, 1.655335], [2454, 1.491342]]
PAIR_PANEL__PAIR_01__ARBITRARY__THEY_SAID__NONE	PAIR_PANEL	PAIR_01	ARBITRARY	THEY_SAID	they said cats and elephants	4	 and	290	0	0	-0.008845	-0.000102	1888	0.097808	[[34, 2.332078], [1790, 2.168839], [149, 1.390976], [2918, 1.385812], [654, 1.347126]]
PAIR_PANEL__PAIR_01__ARBITRARY__THEY_SAID__NONE	PAIR_PANEL	PAIR_01	ARBITRARY	THEY_SAID	they said cats and elephants	5	 elephants	25368	1	1	2.774897	2.774897	541	0.316219	[[541, 2.774897], [2659, 2.327987], [638, 2.085523], [1888, 1.747939], [1790, 1.495932]]
PAIR_PANEL__PAIR_02__CONVENTIONAL__BARE__NONE	PAIR_PANEL	PAIR_02	CONVENTIONAL	BARE	knife and fork	0	<BOS>	50256	0	0	-0.000102	-0.000102	2256	0.796686	[[2256, 2.36087], [1888, 1.564183], [2787, 0.893099], [1450, 0.853876], [1048, 0.848868]]
PAIR_PANEL__PAIR_02__CONVENTIONAL__BARE__NONE	PAIR_PANEL	PAIR_02	CONVENTIONAL	BARE	knife and fork	1	knife	48810	0	0	-0.098534	-0.000102	1888	0.556175	[[1888, 3.095736], [1790, 2.539562], [1169, 1.147801], [654, 1.11707], [890, 1.087277]]
PAIR_PANEL__PAIR_02__CONVENTIONAL__BARE__NONE	PAIR_PANEL	PAIR_02	CONVENTIONAL	BARE	knife and fork	2	 and	290	0	0	-0.019613	-0.000102	1888	0.556175	[[1790, 2.049373], [1888, 1.675968], [1203, 1.305486], [2083, 1.093294], [1498, 1.074697]]
PAIR_PANEL__PAIR_02__CONVENTIONAL__BARE__NONE	PAIR_PANEL	PAIR_02	CONVENTIONAL	BARE	knife and fork	3	 fork	15563	1	1	2.507651	2.507651	1888	0.019559	[[2659, 3.076178], [541, 2.507651], [1888, 1.964152], [2317, 1.897584], [638, 1.733664]]
PAIR_PANEL__PAIR_02__CONVENTIONAL__V9_SPACE__NONE	PAIR_PANEL	PAIR_02	CONVENTIONAL	V9_SPACE	 knife and fork	0	<BOS>	50256	0	0	-0.000102	-0.000102	2256	0.796686	[[2256, 2.36087], [1888, 1.564183], [2787, 0.893099], [1450, 0.853876], [1048, 0.848868]]
PAIR_PANEL__PAIR_02__CONVENTIONAL__V9_SPACE__NONE	PAIR_PANEL	PAIR_02	CONVENTIONAL	V9_SPACE	 knife and fork	1	 knife	9845	0	0	-0.149152	-0.000102	1888	0.942044	[[1888, 3.410396], [1790, 2.468352], [654, 1.31301], [1998, 1.222878], [464, 1.189748]]
PAIR_PANEL__PAIR_02__CONVENTIONAL__V9_SPACE__NONE	PAIR_PANEL	PAIR_02	CONVENTIONAL	V9_SPACE	 knife and fork	2	 and	290	0	0	-0.016402	-0.000102	1888	0.942044	[[1790, 2.15778], [1888, 1.577395], [2379, 1.101736], [2753, 1.043944], [1543, 1.039901]]
PAIR_PANEL__PAIR_02__CONVENTIONAL__V9_SPACE__NONE	PAIR_PANEL	PAIR_02	CONVENTIONAL	V9_SPACE	 knife and fork	3	 fork	15563	1	1	2.321225	2.321225	1888	0.531613	[[2659, 2.878783], [541, 2.321225], [1888, 1.781579], [2800, 1.744529], [2317, 1.698301]]
PAIR_PANEL__PAIR_02__CONVENTIONAL__THE_PHRASE__NONE	PAIR_PANEL	PAIR_02	CONVENTIONAL	THE_PHRASE	the phrase knife and fork	0	<BOS>	50256	0	0	-0.000102	-0.000102	2256	0.796686	[[2256, 2.36087], [1888, 1.564183], [2787, 0.893099], [1450, 0.853876], [1048, 0.848868]]
PAIR_PANEL__PAIR_02__CONVENTIONAL__THE_PHRASE__NONE	PAIR_PANEL	PAIR_02	CONVENTIONAL	THE_PHRASE	the phrase knife and fork	1	the	1169	0	0	-0.058428	-0.000102	1790	0.119972	[[1790, 2.74375], [1888, 2.623779], [1203, 1.370484], [654, 1.287318], [1504, 1.273196]]
PAIR_PANEL__PAIR_02__CONVENTIONAL__THE_PHRASE__NONE	PAIR_PANEL	PAIR_02	CONVENTIONAL	THE_PHRASE	the phrase knife and fork	2	 phrase	9546	0	0	-0.055584	-0.000102	2073	0.489396	[[2073, 3.233146], [1026, 1.694937], [2070, 1.648536], [388, 1.556334], [1888, 1.459668]]
PAIR_PANEL__PAIR_02__CONVENTIONAL__THE_PHRASE__NONE	PAIR_PANEL	PAIR_02	CONVENTIONAL	THE_PHRASE	the phrase knife and fork	3	 knife	9845	0	0	-0.049748	-0.000102	2073	0.489396	[[1888, 1.927647], [778, 1.758848], [1790, 1.441441], [1876, 1.360278], [1505, 1.191642]]
PAIR_PANEL__PAIR_02__CONVENTIONAL__THE_PHRASE__NONE	PAIR_PANEL	PAIR_02	CONVENTIONAL	THE_PHRASE	the phrase knife and fork	4	 and	290	0	0	-0.006673	-0.000102	2073	0.489396	[[1790, 1.600937], [1543, 1.466964], [194, 1.183706], [2973, 1.176429], [1888, 1.090584]]
PAIR_PANEL__PAIR_02__CONVENTIONAL__THE_PHRASE__NONE	PAIR_PANEL	PAIR_02	CONVENTIONAL	THE_PHRASE	the phrase knife and fork	5	 fork	15563	1	1	1.968488	1.968488	2073	0.489396	[[2659, 2.619849], [541, 1.968488], [2800, 1.743257], [1888, 1.667447], [2317, 1.570489]]
PAIR_PANEL__PAIR_02__CONVENTIONAL__THEY_SAID__NONE	PAIR_PANEL	PAIR_02	CONVENTIONAL	THEY_SAID	they said knife and fork	0	<BOS>	50256	0	0	-0.000102	-0.000102	2256	0.796686	[[2256, 2.36087], [1888, 1.564183], [2787, 0.893099], [1450, 0.853876], [1048, 0.848868]]
PAIR_PANEL__PAIR_02__CONVENTIONAL__THEY_SAID__NONE	PAIR_PANEL	PAIR_02	CONVENTIONAL	THEY_SAID	they said knife and fork	1	they	9930	0	0	-0.133193	-0.000102	2256	0.053377	[[1790, 2.307492], [1888, 2.21476], [234, 1.470804], [1169, 1.294994], [654, 1.246823]]
PAIR_PANEL__PAIR_02__CONVENTIONAL__THEY_SAID__NONE	PAIR_PANEL	PAIR_02	CONVENTIONAL	THEY_SAID	they said knife and fork	2	 said	531	0	0	-0.038379	-0.000102	2256	0.053377	[[2982, 1.845008], [932, 1.550615], [521, 1.429855], [38, 1.363183], [654, 1.281732]]
PAIR_PANEL__PAIR_02__CONVENTIONAL__THEY_SAID__NONE	PAIR_PANEL	PAIR_02	CONVENTIONAL	THEY_SAID	they said knife and fork	3	 knife	9845	0	0	-0.072131	-0.000102	2256	0.04924	[[1888, 2.31163], [1790, 1.555251], [654, 1.141199], [1534, 1.10911], [1350, 0.977568]]
PAIR_PANEL__PAIR_02__CONVENTIONAL__THEY_SAID__NONE	PAIR_PANEL	PAIR_02	CONVENTIONAL	THEY_SAID	they said knife and fork	4	 and	290	0	0	-0.006541	-0.000102	2256	0.04924	[[1790, 2.085484], [1003, 1.71285], [2379, 1.476727], [403, 1.25332], [815, 1.230198]]
PAIR_PANEL__PAIR_02__CONVENTIONAL__THEY_SAID__NONE	PAIR_PANEL	PAIR_02	CONVENTIONAL	THEY_SAID	they said knife and fork	5	 fork	15563	1	1	2.19404	2.19404	2659	0.423049	[[2659, 2.783919], [541, 2.19404], [1888, 1.751057], [2800, 1.61404], [2317, 1.542414]]
PAIR_PANEL__PAIR_02__ARBITRARY__BARE__NONE	PAIR_PANEL	PAIR_02	ARBITRARY	BARE	bread and gravel	0	<BOS>	50256	0	0	-0.000102	-0.000102	2256	0.796686	[[2256, 2.36087], [1888, 1.564183], [2787, 0.893099], [1450, 0.853876], [1048, 0.848868]]
PAIR_PANEL__PAIR_02__ARBITRARY__BARE__NONE	PAIR_PANEL	PAIR_02	ARBITRARY	BARE	bread and gravel	1	bread	29573	0	0	-0.099336	-0.000102	1888	0.65205	[[1888, 3.514502], [1790, 2.862452], [1998, 1.524349], [654, 1.289521], [720, 0.883158]]
PAIR_PANEL__PAIR_02__ARBITRARY__BARE__NONE	PAIR_PANEL	PAIR_02	ARBITRARY	BARE	bread and gravel	2	 and	290	0	0	-0.013846	-0.000102	1888	0.65205	[[34, 2.010124], [2223, 1.867237], [1714, 1.672415], [2229, 1.648831], [1790, 1.524946]]
PAIR_PANEL__PAIR_02__ARBITRARY__BARE__NONE	PAIR_PANEL	PAIR_02	ARBITRARY	BARE	bread and gravel	3	 gravel	34375	1	1	1.57863	1.57863	1888	0.65205	[[2659, 2.530119], [638, 2.473006], [1888, 2.104009], [1790, 1.741557], [698, 1.738092]]
PAIR_PANEL__PAIR_02__ARBITRARY__V9_SPACE__NONE	PAIR_PANEL	PAIR_02	ARBITRARY	V9_SPACE	 bread and gravel	0	<BOS>	50256	0	0	-0.000102	-0.000102	2256	0.796686	[[2256, 2.36087], [1888, 1.564183], [2787, 0.893099], [1450, 0.853876], [1048, 0.848868]]
PAIR_PANEL__PAIR_02__ARBITRARY__V9_SPACE__NONE	PAIR_PANEL	PAIR_02	ARBITRARY	V9_SPACE	 bread and gravel	1	 bread	8509	0	0	-0.072755	-0.000102	1888	0.977042	[[1888, 3.532318], [1790, 2.555276], [464, 1.966949], [654, 1.515376], [1998, 1.467438]]
PAIR_PANEL__PAIR_02__ARBITRARY__V9_SPACE__NONE	PAIR_PANEL	PAIR_02	ARBITRARY	V9_SPACE	 bread and gravel	2	 and	290	0	0	-0.00838	-0.000102	1888	0.977042	[[1790, 2.029213], [34, 2.001767], [2223, 1.995621], [1714, 1.681001], [194, 1.421081]]
PAIR_PANEL__PAIR_02__ARBITRARY__V9_SPACE__NONE	PAIR_PANEL	PAIR_02	ARBITRARY	V9_SPACE	 bread and gravel	3	 gravel	34375	1	1	1.271487	1.271487	1888	0.977042	[[638, 2.37701], [1888, 2.187332], [2659, 2.081458], [1790, 2.056261], [698, 1.68898]]
PAIR_PANEL__PAIR_02__ARBITRARY__THE_PHRASE__NONE	PAIR_PANEL	PAIR_02	ARBITRARY	THE_PHRASE	the phrase bread and gravel	0	<BOS>	50256	0	0	-0.000102	-0.000102	2256	0.796686	[[2256, 2.36087], [1888, 1.564183], [2787, 0.893099], [1450, 0.853876], [1048, 0.848868]]
PAIR_PANEL__PAIR_02__ARBITRARY__THE_PHRASE__NONE	PAIR_PANEL	PAIR_02	ARBITRARY	THE_PHRASE	the phrase bread and gravel	1	the	1169	0	0	-0.058428	-0.000102	1790	0.119972	[[1790, 2.74375], [1888, 2.623779], [1203, 1.370484], [654, 1.287318], [1504, 1.273196]]
PAIR_PANEL__PAIR_02__ARBITRARY__THE_PHRASE__NONE	PAIR_PANEL	PAIR_02	ARBITRARY	THE_PHRASE	the phrase bread and gravel	2	 phrase	9546	0	0	-0.055584	-0.000102	2073	0.489396	[[2073, 3.233146], [1026, 1.694937], [2070, 1.648536], [388, 1.556334], [1888, 1.459668]]
PAIR_PANEL__PAIR_02__ARBITRARY__THE_PHRASE__NONE	PAIR_PANEL	PAIR_02	ARBITRARY	THE_PHRASE	the phrase bread and gravel	3	 bread	8509	0	0	-0.016595	-0.000102	2073	0.489396	[[1888, 2.068061], [1790, 1.76025], [778, 1.563684], [1901, 1.338429], [1660, 1.261649]]
PAIR_PANEL__PAIR_02__ARBITRARY__THE_PHRASE__NONE	PAIR_PANEL	PAIR_02	ARBITRARY	THE_PHRASE	the phrase bread and gravel	4	 and	290	0	0	-0.008706	-0.000102	2073	0.489396	[[2223, 2.482848], [34, 1.914083], [194, 1.785934], [1543, 1.708404], [1714, 1.673885]]
PAIR_PANEL__PAIR_02__ARBITRARY__THE_PHRASE__NONE	PAIR_PANEL	PAIR_02	ARBITRARY	THE_PHRASE	the phrase bread and gravel	5	 gravel	34375	1	1	0.928802	0.928802	2073	0.489396	[[638, 2.181749], [1888, 1.89061], [2659, 1.742706], [1790, 1.732013], [698, 1.704094]]
PAIR_PANEL__PAIR_02__ARBITRARY__THEY_SAID__NONE	PAIR_PANEL	PAIR_02	ARBITRARY	THEY_SAID	they said bread and gravel	0	<BOS>	50256	0	0	-0.000102	-0.000102	2256	0.796686	[[2256, 2.36087], [1888, 1.564183], [2787, 0.893099], [1450, 0.853876], [1048, 0.848868]]
PAIR_PANEL__PAIR_02__ARBITRARY__THEY_SAID__NONE	PAIR_PANEL	PAIR_02	ARBITRARY	THEY_SAID	they said bread and gravel	1	they	9930	0	0	-0.133193	-0.000102	2256	0.053377	[[1790, 2.307492], [1888, 2.21476], [234, 1.470804], [1169, 1.294994], [654, 1.246823]]
PAIR_PANEL__PAIR_02__ARBITRARY__THEY_SAID__NONE	PAIR_PANEL	PAIR_02	ARBITRARY	THEY_SAID	they said bread and gravel	2	 said	531	0	0	-0.038379	-0.000102	2256	0.053377	[[2982, 1.845008], [932, 1.550615], [521, 1.429855], [38, 1.363183], [654, 1.281732]]
PAIR_PANEL__PAIR_02__ARBITRARY__THEY_SAID__NONE	PAIR_PANEL	PAIR_02	ARBITRARY	THEY_SAID	they said bread and gravel	3	 bread	8509	0	0	-0.023109	-0.000102	1888	0.164365	[[1888, 2.525235], [1790, 1.783277], [698, 1.265931], [1534, 1.228949], [654, 1.175754]]
PAIR_PANEL__PAIR_02__ARBITRARY__THEY_SAID__NONE	PAIR_PANEL	PAIR_02	ARBITRARY	THEY_SAID	they said bread and gravel	4	 and	290	0	0	-0.007143	-0.000102	1888	0.164365	[[2223, 2.230907], [34, 1.984177], [1790, 1.861178], [1714, 1.808467], [2505, 1.488872]]
PAIR_PANEL__PAIR_02__ARBITRARY__THEY_SAID__NONE	PAIR_PANEL	PAIR_02	ARBITRARY	THEY_SAID	they said bread and gravel	5	 gravel	34375	1	1	0.826518	0.826518	1888	0.164365	[[638, 2.234596], [698, 1.979723], [2659, 1.865561], [1888, 1.842204], [1790, 1.74932]]
PAIR_PANEL__PAIR_03__CONVENTIONAL__BARE__NONE	PAIR_PANEL	PAIR_03	CONVENTIONAL	BARE	back and forth	0	<BOS>	50256	0	0	-0.000102	-0.000102	2256	0.796686	[[2256, 2.36087], [1888, 1.564183], [2787, 0.893099], [1450, 0.853876], [1048, 0.848868]]
PAIR_PANEL__PAIR_03__CONVENTIONAL__BARE__NONE	PAIR_PANEL	PAIR_03	CONVENTIONAL	BARE	back and forth	1	back	1891	0	0	-0.027614	-0.000102	1790	0.097531	[[1790, 2.523822], [1888, 2.426291], [2704, 2.192486], [234, 2.100428], [2735, 2.09344]]
PAIR_PANEL__PAIR_03__CONVENTIONAL__BARE__NONE	PAIR_PANEL	PAIR_03	CONVENTIONAL	BARE	back and forth	2	 and	290	0	0	-0.03859	-0.000102	1790	0.097531	[[1869, 2.22763], [2229, 2.007499], [2547, 1.915161], [1203, 1.864567], [1937, 1.844518]]
PAIR_PANEL__PAIR_03__CONVENTIONAL__BARE__NONE	PAIR_PANEL	PAIR_03	CONVENTIONAL	BARE	back and forth	3	 forth	6071	1	1	2.668645	2.668645	541	0.03547	[[541, 2.668645], [1978, 2.633174], [2659, 2.286992], [1691, 1.799289], [2753, 1.766467]]
PAIR_PANEL__PAIR_03__CONVENTIONAL__V9_SPACE__NONE	PAIR_PANEL	PAIR_03	CONVENTIONAL	V9_SPACE	 back and forth	0	<BOS>	50256	0	0	-0.000102	-0.000102	2256	0.796686	[[2256, 2.36087], [1888, 1.564183], [2787, 0.893099], [1450, 0.853876], [1048, 0.848868]]
PAIR_PANEL__PAIR_03__CONVENTIONAL__V9_SPACE__NONE	PAIR_PANEL	PAIR_03	CONVENTIONAL	V9_SPACE	 back and forth	1	 back	736	0	0	-0.12677	-0.000102	1888	0.159328	[[1888, 3.252962], [1790, 3.093635], [464, 2.678981], [2735, 2.318759], [234, 1.965254]]
PAIR_PANEL__PAIR_03__CONVENTIONAL__V9_SPACE__NONE	PAIR_PANEL	PAIR_03	CONVENTIONAL	V9_SPACE	 back and forth	2	 and	290	0	0	-0.030558	-0.000102	1888	0.159328	[[1869, 2.172325], [1790, 1.691431], [2547, 1.610108], [2229, 1.590411], [1937, 1.49657]]
PAIR_PANEL__PAIR_03__CONVENTIONAL__V9_SPACE__NONE	PAIR_PANEL	PAIR_03	CONVENTIONAL	V9_SPACE	 back and forth	3	 forth	6071	1	1	2.528244	2.528244	1888	0.159328	[[1978, 2.879902], [541, 2.528244], [2659, 2.232044], [2753, 1.696703], [1981, 1.659796]]
PAIR_PANEL__PAIR_03__CONVENTIONAL__THE_PHRASE__NONE	PAIR_PANEL	PAIR_03	CONVENTIONAL	THE_PHRASE	the phrase back and forth	0	<BOS>	50256	0	0	-0.000102	-0.000102	2256	0.796686	[[2256, 2.36087], [1888, 1.564183], [2787, 0.893099], [1450, 0.853876], [1048, 0.848868]]
PAIR_PANEL__PAIR_03__CONVENTIONAL__THE_PHRASE__NONE	PAIR_PANEL	PAIR_03	CONVENTIONAL	THE_PHRASE	the phrase back and forth	1	the	1169	0	0	-0.058428	-0.000102	1790	0.119972	[[1790, 2.74375], [1888, 2.623779], [1203, 1.370484], [654, 1.287318], [1504, 1.273196]]
PAIR_PANEL__PAIR_03__CONVENTIONAL__THE_PHRASE__NONE	PAIR_PANEL	PAIR_03	CONVENTIONAL	THE_PHRASE	the phrase back and forth	2	 phrase	9546	0	0	-0.055584	-0.000102	2073	0.489396	[[2073, 3.233146], [1026, 1.694937], [2070, 1.648536], [388, 1.556334], [1888, 1.459668]]
PAIR_PANEL__PAIR_03__CONVENTIONAL__THE_PHRASE__NONE	PAIR_PANEL	PAIR_03	CONVENTIONAL	THE_PHRASE	the phrase back and forth	3	 back	736	0	0	-0.017196	-0.000102	2073	0.489396	[[1790, 1.990441], [2735, 1.987362], [1888, 1.818429], [2704, 1.589918], [1959, 1.458258]]
PAIR_PANEL__PAIR_03__CONVENTIONAL__THE_PHRASE__NONE	PAIR_PANEL	PAIR_03	CONVENTIONAL	THE_PHRASE	the phrase back and forth	4	 and	290	0	0	-0.014059	-0.000102	2073	0.489396	[[1937, 2.202124], [1869, 1.951578], [2547, 1.833723], [1790, 1.709937], [2229, 1.624898]]
PAIR_PANEL__PAIR_03__CONVENTIONAL__THE_PHRASE__NONE	PAIR_PANEL	PAIR_03	CONVENTIONAL	THE_PHRASE	the phrase back and forth	5	 forth	6071	1	1	2.591877	2.591877	2073	0.489396	[[2659, 2.63109], [541, 2.591877], [1978, 2.296199], [1268, 1.704478], [1981, 1.694986]]
PAIR_PANEL__PAIR_03__CONVENTIONAL__THEY_SAID__NONE	PAIR_PANEL	PAIR_03	CONVENTIONAL	THEY_SAID	they said back and forth	0	<BOS>	50256	0	0	-0.000102	-0.000102	2256	0.796686	[[2256, 2.36087], [1888, 1.564183], [2787, 0.893099], [1450, 0.853876], [1048, 0.848868]]
PAIR_PANEL__PAIR_03__CONVENTIONAL__THEY_SAID__NONE	PAIR_PANEL	PAIR_03	CONVENTIONAL	THEY_SAID	they said back and forth	1	they	9930	0	0	-0.133193	-0.000102	2256	0.053377	[[1790, 2.307492], [1888, 2.21476], [234, 1.470804], [1169, 1.294994], [654, 1.246823]]
PAIR_PANEL__PAIR_03__CONVENTIONAL__THEY_SAID__NONE	PAIR_PANEL	PAIR_03	CONVENTIONAL	THEY_SAID	they said back and forth	2	 said	531	0	0	-0.038379	-0.000102	2256	0.053377	[[2982, 1.845008], [932, 1.550615], [521, 1.429855], [38, 1.363183], [654, 1.281732]]
PAIR_PANEL__PAIR_03__CONVENTIONAL__THEY_SAID__NONE	PAIR_PANEL	PAIR_03	CONVENTIONAL	THEY_SAID	they said back and forth	3	 back	736	0	0	-0.048614	-0.000102	1959	0.14827	[[1959, 2.50914], [2735, 2.187957], [1131, 1.827043], [1660, 1.595912], [1884, 1.463211]]
PAIR_PANEL__PAIR_03__CONVENTIONAL__THEY_SAID__NONE	PAIR_PANEL	PAIR_03	CONVENTIONAL	THEY_SAID	they said back and forth	4	 and	290	0	0	-0.014219	-0.000102	1869	0.095605	[[1869, 2.604745], [1937, 2.380008], [1790, 1.927596], [2547, 1.637007], [2813, 1.576028]]
PAIR_PANEL__PAIR_03__CONVENTIONAL__THEY_SAID__NONE	PAIR_PANEL	PAIR_03	CONVENTIONAL	THEY_SAID	they said back and forth	5	 forth	6071	1	1	1.914009	1.914009	1978	0.372116	[[1978, 2.976861], [2878, 1.981283], [541, 1.914009], [2659, 1.895357], [1268, 1.728459]]
PAIR_PANEL__PAIR_03__ARBITRARY__BARE__NONE	PAIR_PANEL	PAIR_03	ARBITRARY	BARE	lanterns and arithmetic	0	<BOS>	50256	0	0	-0.000102	-0.000102	2256	0.796686	[[2256, 2.36087], [1888, 1.564183], [2787, 0.893099], [1450, 0.853876], [1048, 0.848868]]
PAIR_PANEL__PAIR_03__ARBITRARY__BARE__NONE	PAIR_PANEL	PAIR_03	ARBITRARY	BARE	lanterns and arithmetic	1	lan	9620	0	0	-0.084767	-0.000102	1888	0.253165	[[1888, 2.848057], [1790, 2.594892], [213, 1.802458], [1998, 1.450211], [1819, 1.386612]]
PAIR_PANEL__PAIR_03__ARBITRARY__BARE__NONE	PAIR_PANEL	PAIR_03	ARBITRARY	BARE	lanterns and arithmetic	2	tern	759	0	0	-0.067811	-0.000102	1888	0.253165	[[2330, 2.382425], [1790, 1.999969], [1888, 1.730952], [281, 1.713309], [2753, 1.045363]]
PAIR_PANEL__PAIR_03__ARBITRARY__BARE__NONE	PAIR_PANEL	PAIR_03	ARBITRARY	BARE	lanterns and arithmetic	3	s	82	0	0	-0.111756	-0.000102	1888	0.253165	[[1790, 1.752792], [2454, 1.395306], [2305, 1.353673], [57, 1.328061], [56, 1.230581]]
PAIR_PANEL__PAIR_03__ARBITRARY__BARE__NONE	PAIR_PANEL	PAIR_03	ARBITRARY	BARE	lanterns and arithmetic	4	 and	290	0	0	-0.004286	-0.000102	1888	0.253165	[[1790, 1.971393], [1203, 1.889134], [2918, 1.582471], [1888, 1.528721], [654, 1.309334]]
PAIR_PANEL__PAIR_03__ARBITRARY__BARE__NONE	PAIR_PANEL	PAIR_03	ARBITRARY	BARE	lanterns and arithmetic	5	 arithmetic	34768	1	1	-0.129858	-0.000102	1888	0.253165	[[1888, 2.357085], [1790, 2.090465], [654, 1.52301], [638, 1.168599], [394, 1.163578]]
PAIR_PANEL__PAIR_03__ARBITRARY__V9_SPACE__NONE	PAIR_PANEL	PAIR_03	ARBITRARY	V9_SPACE	 lanterns and arithmetic	0	<BOS>	50256	0	0	-0.000102	-0.000102	2256	0.796686	[[2256, 2.36087], [1888, 1.564183], [2787, 0.893099], [1450, 0.853876], [1048, 0.848868]]
PAIR_PANEL__PAIR_03__ARBITRARY__V9_SPACE__NONE	PAIR_PANEL	PAIR_03	ARBITRARY	V9_SPACE	 lanterns and arithmetic	1	 lantern	41207	0	0	-0.107529	-0.000102	1888	0.778398	[[1888, 3.139267], [1790, 2.289698], [464, 2.023733], [2330, 1.940144], [1998, 1.529907]]
PAIR_PANEL__PAIR_03__ARBITRARY__V9_SPACE__NONE	PAIR_PANEL	PAIR_03	ARBITRARY	V9_SPACE	 lanterns and arithmetic	2	s	82	0	0	-0.115611	-0.000102	1888	0.778398	[[1790, 1.511598], [2454, 1.498472], [1580, 1.352261], [1888, 1.258756], [2990, 1.225956]]
PAIR_PANEL__PAIR_03__ARBITRARY__V9_SPACE__NONE	PAIR_PANEL	PAIR_03	ARBITRARY	V9_SPACE	 lanterns and arithmetic	3	 and	290	0	0	-0.010567	-0.000102	1888	0.778398	[[1790, 1.989623], [1888, 1.760453], [2918, 1.15845], [654, 1.10489], [1203, 1.102167]]
PAIR_PANEL__PAIR_03__ARBITRARY__V9_SPACE__NONE	PAIR_PANEL	PAIR_03	ARBITRARY	V9_SPACE	 lanterns and arithmetic	4	 arithmetic	34768	1	1	-0.161106	-0.000102	1888	0.734143	[[1888, 2.503581], [1790, 2.405124], [654, 1.63596], [394, 1.272286], [2036, 1.228583]]
PAIR_PANEL__PAIR_03__ARBITRARY__THE_PHRASE__NONE	PAIR_PANEL	PAIR_03	ARBITRARY	THE_PHRASE	the phrase lanterns and arithmetic	0	<BOS>	50256	0	0	-0.000102	-0.000102	2256	0.796686	[[2256, 2.36087], [1888, 1.564183], [2787, 0.893099], [1450, 0.853876], [1048, 0.848868]]
PAIR_PANEL__PAIR_03__ARBITRARY__THE_PHRASE__NONE	PAIR_PANEL	PAIR_03	ARBITRARY	THE_PHRASE	the phrase lanterns and arithmetic	1	the	1169	0	0	-0.058428	-0.000102	1790	0.119972	[[1790, 2.74375], [1888, 2.623779], [1203, 1.370484], [654, 1.287318], [1504, 1.273196]]
PAIR_PANEL__PAIR_03__ARBITRARY__THE_PHRASE__NONE	PAIR_PANEL	PAIR_03	ARBITRARY	THE_PHRASE	the phrase lanterns and arithmetic	2	 phrase	9546	0	0	-0.055584	-0.000102	2073	0.489396	[[2073, 3.233146], [1026, 1.694937], [2070, 1.648536], [388, 1.556334], [1888, 1.459668]]
PAIR_PANEL__PAIR_03__ARBITRARY__THE_PHRASE__NONE	PAIR_PANEL	PAIR_03	ARBITRARY	THE_PHRASE	the phrase lanterns and arithmetic	3	 lantern	41207	0	0	-0.038439	-0.000102	2073	0.489396	[[1888, 1.889099], [2330, 1.817821], [1790, 1.52857], [778, 1.209777], [2297, 1.11513]]
PAIR_PANEL__PAIR_03__ARBITRARY__THE_PHRASE__NONE	PAIR_PANEL	PAIR_03	ARBITRARY	THE_PHRASE	the phrase lanterns and arithmetic	4	s	82	0	0	-0.07108	-0.000102	2073	0.489396	[[2454, 1.852237], [1790, 1.745322], [1505, 1.342007], [1888, 1.174168], [2990, 1.16516]]
PAIR_PANEL__PAIR_03__ARBITRARY__THE_PHRASE__NONE	PAIR_PANEL	PAIR_03	ARBITRARY	THE_PHRASE	the phrase lanterns and arithmetic	5	 and	290	0	0	-0.006326	-0.000102	2073	0.489396	[[1790, 1.72343], [2918, 1.545711], [1543, 1.249977], [1888, 1.209567], [2786, 1.084308]]
PAIR_PANEL__PAIR_03__ARBITRARY__THE_PHRASE__NONE	PAIR_PANEL	PAIR_03	ARBITRARY	THE_PHRASE	the phrase lanterns and arithmetic	6	 arithmetic	34768	1	1	-0.165519	-0.000102	2073	0.489396	[[1790, 2.246217], [1888, 2.138311], [654, 1.413894], [638, 1.37248], [394, 1.360547]]
PAIR_PANEL__PAIR_03__ARBITRARY__THEY_SAID__NONE	PAIR_PANEL	PAIR_03	ARBITRARY	THEY_SAID	they said lanterns and arithmetic	0	<BOS>	50256	0	0	-0.000102	-0.000102	2256	0.796686	[[2256, 2.36087], [1888, 1.564183], [2787, 0.893099], [1450, 0.853876], [1048, 0.848868]]
PAIR_PANEL__PAIR_03__ARBITRARY__THEY_SAID__NONE	PAIR_PANEL	PAIR_03	ARBITRARY	THEY_SAID	they said lanterns and arithmetic	1	they	9930	0	0	-0.133193	-0.000102	2256	0.053377	[[1790, 2.307492], [1888, 2.21476], [234, 1.470804], [1169, 1.294994], [654, 1.246823]]
PAIR_PANEL__PAIR_03__ARBITRARY__THEY_SAID__NONE	PAIR_PANEL	PAIR_03	ARBITRARY	THEY_SAID	they said lanterns and arithmetic	2	 said	531	0	0	-0.038379	-0.000102	2256	0.053377	[[2982, 1.845008], [932, 1.550615], [521, 1.429855], [38, 1.363183], [654, 1.281732]]
PAIR_PANEL__PAIR_03__ARBITRARY__THEY_SAID__NONE	PAIR_PANEL	PAIR_03	ARBITRARY	THEY_SAID	they said lanterns and arithmetic	3	 lantern	41207	0	0	-0.034145	-0.000102	2256	0.053377	[[1888, 2.250742], [2330, 2.248454], [1790, 1.628443], [654, 1.173992], [2331, 1.122103]]
PAIR_PANEL__PAIR_03__ARBITRARY__THEY_SAID__NONE	PAIR_PANEL	PAIR_03	ARBITRARY	THEY_SAID	they said lanterns and arithmetic	4	s	82	0	0	-0.05524	-0.000102	2256	0.053377	[[2454, 1.783601], [1534, 1.515498], [1790, 1.453847], [473, 1.296215], [1580, 1.291341]]
PAIR_PANEL__PAIR_03__ARBITRARY__THEY_SAID__NONE	PAIR_PANEL	PAIR_03	ARBITRARY	THEY_SAID	they said lanterns and arithmetic	5	 and	290	0	0	-0.002876	-0.000102	2256	0.053377	[[1790, 1.885701], [654, 1.373389], [2918, 1.175541], [1888, 1.104507], [1543, 1.09589]]
PAIR_PANEL__PAIR_03__ARBITRARY__THEY_SAID__NONE	PAIR_PANEL	PAIR_03	ARBITRARY	THEY_SAID	they said lanterns and arithmetic	6	 arithmetic	34768	1	1	-0.166717	-0.000102	2256	0.053377	[[1888, 2.236635], [1790, 2.100735], [654, 1.624065], [698, 1.457115], [394, 1.321316]]
PAIR_PANEL__PAIR_04__CONVENTIONAL__BARE__NONE	PAIR_PANEL	PAIR_04	CONVENTIONAL	BARE	black and white	0	<BOS>	50256	0	0	-0.000102	-0.000102	2256	0.796686	[[2256, 2.36087], [1888, 1.564183], [2787, 0.893099], [1450, 0.853876], [1048, 0.848868]]
PAIR_PANEL__PAIR_04__CONVENTIONAL__BARE__NONE	PAIR_PANEL	PAIR_04	CONVENTIONAL	BARE	black and white	1	black	13424	0	0	-0.079295	-0.000102	1888	0.408694	[[1888, 2.769564], [1790, 2.314315], [2331, 2.278397], [234, 1.771605], [1998, 1.44125]]
PAIR_PANEL__PAIR_04__CONVENTIONAL__BARE__NONE	PAIR_PANEL	PAIR_04	CONVENTIONAL	BARE	black and white	2	 and	290	0	0	-0.035572	-0.000102	1888	0.408694	[[1054, 1.992441], [1790, 1.984271], [194, 1.576618], [1011, 1.558883], [2505, 1.548187]]
PAIR_PANEL__PAIR_04__CONVENTIONAL__BARE__NONE	PAIR_PANEL	PAIR_04	CONVENTIONAL	BARE	black and white	3	 white	2330	1	1	3.595865	3.595865	541	0.593785	[[541, 3.595865], [2292, 3.00208], [2659, 2.682769], [348, 2.259468], [638, 2.055935]]
PAIR_PANEL__PAIR_04__CONVENTIONAL__V9_SPACE__NONE	PAIR_PANEL	PAIR_04	CONVENTIONAL	V9_SPACE	 black and white	0	<BOS>	50256	0	0	-0.000102	-0.000102	2256	0.796686	[[2256, 2.36087], [1888, 1.564183], [2787, 0.893099], [1450, 0.853876], [1048, 0.848868]]
PAIR_PANEL__PAIR_04__CONVENTIONAL__V9_SPACE__NONE	PAIR_PANEL	PAIR_04	CONVENTIONAL	V9_SPACE	 black and white	1	 black	2042	0	0	-0.117609	-0.000102	1888	0.526883	[[1888, 3.375684], [1790, 2.848802], [464, 2.568894], [2331, 2.190275], [654, 1.543386]]
PAIR_PANEL__PAIR_04__CONVENTIONAL__V9_SPACE__NONE	PAIR_PANEL	PAIR_04	CONVENTIONAL	V9_SPACE	 black and white	2	 and	290	0	0	-0.023657	-0.000102	1888	0.526883	[[1790, 2.231359], [194, 1.778307], [1054, 1.75987], [2505, 1.436604], [1888, 1.318938]]
PAIR_PANEL__PAIR_04__CONVENTIONAL__V9_SPACE__NONE	PAIR_PANEL	PAIR_04	CONVENTIONAL	V9_SPACE	 black and white	3	 white	2330	1	1	3.522258	3.522258	541	0.146573	[[541, 3.522258], [2292, 2.820398], [2659, 2.545002], [348, 2.274853], [638, 1.938803]]
PAIR_PANEL__PAIR_04__CONVENTIONAL__THE_PHRASE__NONE	PAIR_PANEL	PAIR_04	CONVENTIONAL	THE_PHRASE	the phrase black and white	0	<BOS>	50256	0	0	-0.000102	-0.000102	2256	0.796686	[[2256, 2.36087], [1888, 1.564183], [2787, 0.893099], [1450, 0.853876], [1048, 0.848868]]
PAIR_PANEL__PAIR_04__CONVENTIONAL__THE_PHRASE__NONE	PAIR_PANEL	PAIR_04	CONVENTIONAL	THE_PHRASE	the phrase black and white	1	the	1169	0	0	-0.058428	-0.000102	1790	0.119972	[[1790, 2.74375], [1888, 2.623779], [1203, 1.370484], [654, 1.287318], [1504, 1.273196]]
PAIR_PANEL__PAIR_04__CONVENTIONAL__THE_PHRASE__NONE	PAIR_PANEL	PAIR_04	CONVENTIONAL	THE_PHRASE	the phrase black and white	2	 phrase	9546	0	0	-0.055584	-0.000102	2073	0.489396	[[2073, 3.233146], [1026, 1.694937], [2070, 1.648536], [388, 1.556334], [1888, 1.459668]]
PAIR_PANEL__PAIR_04__CONVENTIONAL__THE_PHRASE__NONE	PAIR_PANEL	PAIR_04	CONVENTIONAL	THE_PHRASE	the phrase black and white	3	 black	2042	0	0	-0.012133	-0.000102	2073	0.489396	[[2331, 1.886908], [1790, 1.64521], [1888, 1.640682], [2704, 1.242363], [1521, 1.157734]]
PAIR_PANEL__PAIR_04__CONVENTIONAL__THE_PHRASE__NONE	PAIR_PANEL	PAIR_04	CONVENTIONAL	THE_PHRASE	the phrase black and white	4	 and	290	0	0	-0.02383	-0.000102	2073	0.489396	[[194, 2.051718], [1790, 1.985407], [2505, 1.781377], [2223, 1.414474], [1054, 1.414292]]
PAIR_PANEL__PAIR_04__CONVENTIONAL__THE_PHRASE__NONE	PAIR_PANEL	PAIR_04	CONVENTIONAL	THE_PHRASE	the phrase black and white	5	 white	2330	1	1	2.965665	2.965665	2073	0.267481	[[541, 2.965665], [2292, 2.863163], [2659, 2.314687], [348, 2.106963], [638, 1.962091]]
PAIR_PANEL__PAIR_04__CONVENTIONAL__THEY_SAID__NONE	PAIR_PANEL	PAIR_04	CONVENTIONAL	THEY_SAID	they said black and white	0	<BOS>	50256	0	0	-0.000102	-0.000102	2256	0.796686	[[2256, 2.36087], [1888, 1.564183], [2787, 0.893099], [1450, 0.853876], [1048, 0.848868]]
PAIR_PANEL__PAIR_04__CONVENTIONAL__THEY_SAID__NONE	PAIR_PANEL	PAIR_04	CONVENTIONAL	THEY_SAID	they said black and white	1	they	9930	0	0	-0.133193	-0.000102	2256	0.053377	[[1790, 2.307492], [1888, 2.21476], [234, 1.470804], [1169, 1.294994], [654, 1.246823]]
PAIR_PANEL__PAIR_04__CONVENTIONAL__THEY_SAID__NONE	PAIR_PANEL	PAIR_04	CONVENTIONAL	THEY_SAID	they said black and white	2	 said	531	0	0	-0.038379	-0.000102	2256	0.053377	[[2982, 1.845008], [932, 1.550615], [521, 1.429855], [38, 1.363183], [654, 1.281732]]
PAIR_PANEL__PAIR_04__CONVENTIONAL__THEY_SAID__NONE	PAIR_PANEL	PAIR_04	CONVENTIONAL	THEY_SAID	they said black and white	3	 black	2042	0	0	-0.040892	-0.000102	2256	0.053377	[[1888, 1.905017], [1790, 1.72215], [2331, 1.659961], [1534, 1.462211], [654, 1.392009]]
PAIR_PANEL__PAIR_04__CONVENTIONAL__THEY_SAID__NONE	PAIR_PANEL	PAIR_04	CONVENTIONAL	THEY_SAID	they said black and white	4	 and	290	0	0	-0.011781	-0.000102	2256	0.046762	[[1054, 2.314108], [1790, 2.229158], [2505, 1.712338], [1011, 1.482455], [194, 1.421095]]
PAIR_PANEL__PAIR_04__CONVENTIONAL__THEY_SAID__NONE	PAIR_PANEL	PAIR_04	CONVENTIONAL	THEY_SAID	they said black and white	5	 white	2330	1	1	3.13639	3.13639	541	0.593473	[[541, 3.13639], [2292, 2.542917], [2659, 2.275333], [348, 2.116727], [638, 2.015108]]
PAIR_PANEL__PAIR_04__ARBITRARY__BARE__NONE	PAIR_PANEL	PAIR_04	ARBITRARY	BARE	velvet or engines	0	<BOS>	50256	0	0	-0.000102	-0.000102	2256	0.796686	[[2256, 2.36087], [1888, 1.564183], [2787, 0.893099], [1450, 0.853876], [1048, 0.848868]]
PAIR_PANEL__PAIR_04__ARBITRARY__BARE__NONE	PAIR_PANEL	PAIR_04	ARBITRARY	BARE	velvet or engines	1	vel	626	0	0	-0.023028	-0.000102	1888	0.111376	[[1888, 2.472246], [1790, 1.808281], [2481, 1.800965], [1998, 1.648996], [1819, 1.613217]]
PAIR_PANEL__PAIR_04__ARBITRARY__BARE__NONE	PAIR_PANEL	PAIR_04	ARBITRARY	BARE	velvet or engines	2	vet	16809	0	0	-0.127139	-0.000102	1790	0.011393	[[1790, 2.483639], [873, 1.853712], [1888, 1.688822], [654, 1.548084], [1998, 1.38945]]
PAIR_PANEL__PAIR_04__ARBITRARY__BARE__NONE	PAIR_PANEL	PAIR_04	ARBITRARY	BARE	velvet or engines	3	 or	393	0	0	-0.005122	-0.000102	1790	0.011393	[[1888, 1.850614], [1790, 1.677572], [2594, 1.159819], [411, 1.154205], [2603, 1.150554]]
PAIR_PANEL__PAIR_04__ARBITRARY__BARE__NONE	PAIR_PANEL	PAIR_04	ARBITRARY	BARE	velvet or engines	4	 engines	11874	1	1	0.022319	0.022319	1790	0.011393	[[1888, 2.329615], [1790, 2.067859], [1129, 1.579172], [2454, 1.539258], [654, 1.507483]]
PAIR_PANEL__PAIR_04__ARBITRARY__V9_SPACE__NONE	PAIR_PANEL	PAIR_04	ARBITRARY	V9_SPACE	 velvet or engines	0	<BOS>	50256	0	0	-0.000102	-0.000102	2256	0.796686	[[2256, 2.36087], [1888, 1.564183], [2787, 0.893099], [1450, 0.853876], [1048, 0.848868]]
PAIR_PANEL__PAIR_04__ARBITRARY__V9_SPACE__NONE	PAIR_PANEL	PAIR_04	ARBITRARY	V9_SPACE	 velvet or engines	1	 velvet	47750	0	0	-0.163523	-0.000102	1888	0.387909	[[1888, 3.314485], [1790, 2.926576], [464, 2.356516], [1998, 1.687799], [654, 1.360172]]
PAIR_PANEL__PAIR_04__ARBITRARY__V9_SPACE__NONE	PAIR_PANEL	PAIR_04	ARBITRARY	V9_SPACE	 velvet or engines	2	 or	393	0	0	-0.003795	-0.000102	1888	0.387909	[[1790, 1.908747], [2318, 1.495666], [1888, 1.346989], [411, 1.272869], [654, 1.198754]]
PAIR_PANEL__PAIR_04__ARBITRARY__V9_SPACE__NONE	PAIR_PANEL	PAIR_04	ARBITRARY	V9_SPACE	 velvet or engines	3	 engines	11874	1	1	-0.164146	-0.000102	1888	0.387909	[[1888, 2.395845], [1790, 2.392924], [2454, 1.500224], [638, 1.49462], [654, 1.481707]]
PAIR_PANEL__PAIR_04__ARBITRARY__THE_PHRASE__NONE	PAIR_PANEL	PAIR_04	ARBITRARY	THE_PHRASE	the phrase velvet or engines	0	<BOS>	50256	0	0	-0.000102	-0.000102	2256	0.796686	[[2256, 2.36087], [1888, 1.564183], [2787, 0.893099], [1450, 0.853876], [1048, 0.848868]]
PAIR_PANEL__PAIR_04__ARBITRARY__THE_PHRASE__NONE	PAIR_PANEL	PAIR_04	ARBITRARY	THE_PHRASE	the phrase velvet or engines	1	the	1169	0	0	-0.058428	-0.000102	1790	0.119972	[[1790, 2.74375], [1888, 2.623779], [1203, 1.370484], [654, 1.287318], [1504, 1.273196]]
PAIR_PANEL__PAIR_04__ARBITRARY__THE_PHRASE__NONE	PAIR_PANEL	PAIR_04	ARBITRARY	THE_PHRASE	the phrase velvet or engines	2	 phrase	9546	0	0	-0.055584	-0.000102	2073	0.489396	[[2073, 3.233146], [1026, 1.694937], [2070, 1.648536], [388, 1.556334], [1888, 1.459668]]
PAIR_PANEL__PAIR_04__ARBITRARY__THE_PHRASE__NONE	PAIR_PANEL	PAIR_04	ARBITRARY	THE_PHRASE	the phrase velvet or engines	3	 velvet	47750	0	0	-0.067463	-0.000102	2073	0.489396	[[1888, 2.105064], [1790, 2.049546], [778, 1.50916], [1505, 1.239472], [265, 1.131526]]
PAIR_PANEL__PAIR_04__ARBITRARY__THE_PHRASE__NONE	PAIR_PANEL	PAIR_04	ARBITRARY	THE_PHRASE	the phrase velvet or engines	4	 or	393	0	0	-0.000386	-0.000102	2073	0.489396	[[744, 1.882573], [1790, 1.780102], [886, 1.503178], [2762, 1.319602], [2753, 1.193439]]
PAIR_PANEL__PAIR_04__ARBITRARY__THE_PHRASE__NONE	PAIR_PANEL	PAIR_04	ARBITRARY	THE_PHRASE	the phrase velvet or engines	5	 engines	11874	1	1	-0.1668	-0.000102	2073	0.489396	[[1790, 2.032247], [1888, 1.913814], [2454, 1.443661], [1129, 1.154128], [638, 1.152968]]
PAIR_PANEL__PAIR_04__ARBITRARY__THEY_SAID__NONE	PAIR_PANEL	PAIR_04	ARBITRARY	THEY_SAID	they said velvet or engines	0	<BOS>	50256	0	0	-0.000102	-0.000102	2256	0.796686	[[2256, 2.36087], [1888, 1.564183], [2787, 0.893099], [1450, 0.853876], [1048, 0.848868]]
PAIR_PANEL__PAIR_04__ARBITRARY__THEY_SAID__NONE	PAIR_PANEL	PAIR_04	ARBITRARY	THEY_SAID	they said velvet or engines	1	they	9930	0	0	-0.133193	-0.000102	2256	0.053377	[[1790, 2.307492], [1888, 2.21476], [234, 1.470804], [1169, 1.294994], [654, 1.246823]]
PAIR_PANEL__PAIR_04__ARBITRARY__THEY_SAID__NONE	PAIR_PANEL	PAIR_04	ARBITRARY	THEY_SAID	they said velvet or engines	2	 said	531	0	0	-0.038379	-0.000102	2256	0.053377	[[2982, 1.845008], [932, 1.550615], [521, 1.429855], [38, 1.363183], [654, 1.281732]]
PAIR_PANEL__PAIR_04__ARBITRARY__THEY_SAID__NONE	PAIR_PANEL	PAIR_04	ARBITRARY	THEY_SAID	they said velvet or engines	3	 velvet	47750	0	0	-0.103241	-0.000102	2256	0.032804	[[1888, 2.328065], [1790, 2.089752], [1803, 1.199803], [698, 1.148624], [654, 1.121459]]
PAIR_PANEL__PAIR_04__ARBITRARY__THEY_SAID__NONE	PAIR_PANEL	PAIR_04	ARBITRARY	THEY_SAID	they said velvet or engines	4	 or	393	0	0	-0.000289	-0.000102	2256	0.032804	[[1790, 1.816522], [654, 1.433285], [1888, 1.263173], [2753, 1.212741], [166, 1.178309]]
PAIR_PANEL__PAIR_04__ARBITRARY__THEY_SAID__NONE	PAIR_PANEL	PAIR_04	ARBITRARY	THEY_SAID	they said velvet or engines	5	 engines	11874	1	1	-0.14767	-0.000102	2256	0.032804	[[1790, 1.881925], [1888, 1.880623], [638, 1.508337], [654, 1.481636], [2454, 1.444469]]
PAIR_PANEL__PAIR_05__CONVENTIONAL__BARE__NONE	PAIR_PANEL	PAIR_05	CONVENTIONAL	BARE	pros and cons	0	<BOS>	50256	0	0	-0.000102	-0.000102	2256	0.796686	[[2256, 2.36087], [1888, 1.564183], [2787, 0.893099], [1450, 0.853876], [1048, 0.848868]]
PAIR_PANEL__PAIR_05__CONVENTIONAL__BARE__NONE	PAIR_PANEL	PAIR_05	CONVENTIONAL	BARE	pros and cons	1	pro	1676	0	0	-0.017468	-0.000102	1888	0.201257	[[1888, 2.562127], [1790, 2.269659], [1819, 1.714453], [1833, 1.546619], [654, 1.448146]]
PAIR_PANEL__PAIR_05__CONVENTIONAL__BARE__NONE	PAIR_PANEL	PAIR_05	CONVENTIONAL	BARE	pros and cons	2	s	82	0	0	-0.091081	-0.000102	1888	0.201257	[[1257, 2.229222], [654, 2.112038], [720, 1.756764], [1746, 1.643374], [1235, 1.552286]]
PAIR_PANEL__PAIR_05__CONVENTIONAL__BARE__NONE	PAIR_PANEL	PAIR_05	CONVENTIONAL	BARE	pros and cons	3	 and	290	0	0	-0.014379	-0.000102	1888	0.201257	[[2918, 2.239109], [1203, 1.814259], [1790, 1.783053], [2379, 1.538811], [513, 1.519837]]
PAIR_PANEL__PAIR_05__CONVENTIONAL__BARE__NONE	PAIR_PANEL	PAIR_05	CONVENTIONAL	BARE	pros and cons	4	 cons	762	1	1	3.826015	3.826015	2659	1.281536	[[2659, 5.107552], [541, 3.826015], [638, 3.269429], [2317, 3.23637], [1888, 1.952648]]
PAIR_PANEL__PAIR_05__CONVENTIONAL__V9_SPACE__NONE	PAIR_PANEL	PAIR_05	CONVENTIONAL	V9_SPACE	 pros and cons	0	<BOS>	50256	0	0	-0.000102	-0.000102	2256	0.796686	[[2256, 2.36087], [1888, 1.564183], [2787, 0.893099], [1450, 0.853876], [1048, 0.848868]]
PAIR_PANEL__PAIR_05__CONVENTIONAL__V9_SPACE__NONE	PAIR_PANEL	PAIR_05	CONVENTIONAL	V9_SPACE	 pros and cons	1	 pros	10360	0	0	-0.057758	-0.000102	1888	0.935558	[[1888, 3.296428], [464, 1.651166], [1790, 1.634825], [654, 1.264558], [662, 1.233345]]
PAIR_PANEL__PAIR_05__CONVENTIONAL__V9_SPACE__NONE	PAIR_PANEL	PAIR_05	CONVENTIONAL	V9_SPACE	 pros and cons	2	 and	290	0	0	-0.015365	-0.000102	1888	0.862912	[[2918, 2.433516], [1790, 1.691685], [2973, 1.603628], [1043, 1.485056], [330, 1.423688]]
PAIR_PANEL__PAIR_05__CONVENTIONAL__V9_SPACE__NONE	PAIR_PANEL	PAIR_05	CONVENTIONAL	V9_SPACE	 pros and cons	3	 cons	762	1	1	3.001935	3.001935	1888	0.253227	[[2659, 3.043201], [541, 3.001935], [638, 2.851739], [1030, 1.943404], [2317, 1.712565]]
PAIR_PANEL__PAIR_05__CONVENTIONAL__THE_PHRASE__NONE	PAIR_PANEL	PAIR_05	CONVENTIONAL	THE_PHRASE	the phrase pros and cons	0	<BOS>	50256	0	0	-0.000102	-0.000102	2256	0.796686	[[2256, 2.36087], [1888, 1.564183], [2787, 0.893099], [1450, 0.853876], [1048, 0.848868]]
PAIR_PANEL__PAIR_05__CONVENTIONAL__THE_PHRASE__NONE	PAIR_PANEL	PAIR_05	CONVENTIONAL	THE_PHRASE	the phrase pros and cons	1	the	1169	0	0	-0.058428	-0.000102	1790	0.119972	[[1790, 2.74375], [1888, 2.623779], [1203, 1.370484], [654, 1.287318], [1504, 1.273196]]
PAIR_PANEL__PAIR_05__CONVENTIONAL__THE_PHRASE__NONE	PAIR_PANEL	PAIR_05	CONVENTIONAL	THE_PHRASE	the phrase pros and cons	2	 phrase	9546	0	0	-0.055584	-0.000102	2073	0.489396	[[2073, 3.233146], [1026, 1.694937], [2070, 1.648536], [388, 1.556334], [1888, 1.459668]]
PAIR_PANEL__PAIR_05__CONVENTIONAL__THE_PHRASE__NONE	PAIR_PANEL	PAIR_05	CONVENTIONAL	THE_PHRASE	the phrase pros and cons	3	 pros	10360	0	0	-0.0071	-0.000102	2073	0.489396	[[1888, 1.776096], [436, 1.520788], [1781, 1.317686], [2297, 1.264761], [662, 1.22187]]
PAIR_PANEL__PAIR_05__CONVENTIONAL__THE_PHRASE__NONE	PAIR_PANEL	PAIR_05	CONVENTIONAL	THE_PHRASE	the phrase pros and cons	4	 and	290	0	0	-0.03261	-0.000102	2073	0.303592	[[2918, 2.929554], [195, 2.25816], [2973, 1.922941], [1043, 1.495697], [2505, 1.388298]]
PAIR_PANEL__PAIR_05__CONVENTIONAL__THE_PHRASE__NONE	PAIR_PANEL	PAIR_05	CONVENTIONAL	THE_PHRASE	the phrase pros and cons	5	 cons	762	1	1	3.43856	3.43856	2659	0.301952	[[2659, 3.740512], [541, 3.43856], [638, 2.762968], [2317, 2.086476], [1348, 1.618898]]
PAIR_PANEL__PAIR_05__CONVENTIONAL__THEY_SAID__NONE	PAIR_PANEL	PAIR_05	CONVENTIONAL	THEY_SAID	they said pros and cons	0	<BOS>	50256	0	0	-0.000102	-0.000102	2256	0.796686	[[2256, 2.36087], [1888, 1.564183], [2787, 0.893099], [1450, 0.853876], [1048, 0.848868]]
PAIR_PANEL__PAIR_05__CONVENTIONAL__THEY_SAID__NONE	PAIR_PANEL	PAIR_05	CONVENTIONAL	THEY_SAID	they said pros and cons	1	they	9930	0	0	-0.133193	-0.000102	2256	0.053377	[[1790, 2.307492], [1888, 2.21476], [234, 1.470804], [1169, 1.294994], [654, 1.246823]]
PAIR_PANEL__PAIR_05__CONVENTIONAL__THEY_SAID__NONE	PAIR_PANEL	PAIR_05	CONVENTIONAL	THEY_SAID	they said pros and cons	2	 said	531	0	0	-0.038379	-0.000102	2256	0.053377	[[2982, 1.845008], [932, 1.550615], [521, 1.429855], [38, 1.363183], [654, 1.281732]]
PAIR_PANEL__PAIR_05__CONVENTIONAL__THEY_SAID__NONE	PAIR_PANEL	PAIR_05	CONVENTIONAL	THEY_SAID	they said pros and cons	3	 pros	10360	0	0	-0.013139	-0.000102	2256	0.027395	[[1888, 2.333475], [1790, 1.481696], [2116, 1.281422], [2454, 1.225626], [654, 1.168552]]
PAIR_PANEL__PAIR_05__CONVENTIONAL__THEY_SAID__NONE	PAIR_PANEL	PAIR_05	CONVENTIONAL	THEY_SAID	they said pros and cons	4	 and	290	0	0	-0.017259	-0.000102	2918	0.330608	[[2918, 2.691478], [195, 1.975488], [2973, 1.938258], [1043, 1.623672], [330, 1.520535]]
PAIR_PANEL__PAIR_05__CONVENTIONAL__THEY_SAID__NONE	PAIR_PANEL	PAIR_05	CONVENTIONAL	THEY_SAID	they said pros and cons	5	 cons	762	1	1	3.186514	3.186514	2659	0.692809	[[2659, 3.879323], [541, 3.186514], [638, 2.701915], [2317, 2.268667], [1030, 1.749156]]
PAIR_PANEL__PAIR_05__ARBITRARY__BARE__NONE	PAIR_PANEL	PAIR_05	ARBITRARY	BARE	clouds and teaspoons	0	<BOS>	50256	0	0	-0.000102	-0.000102	2256	0.796686	[[2256, 2.36087], [1888, 1.564183], [2787, 0.893099], [1450, 0.853876], [1048, 0.848868]]
PAIR_PANEL__PAIR_05__ARBITRARY__BARE__NONE	PAIR_PANEL	PAIR_05	ARBITRARY	BARE	clouds and teaspoons	1	cloud	17721	0	0	-0.05259	-0.000102	1888	0.415344	[[1888, 2.883543], [1790, 2.468199], [234, 1.51467], [2331, 1.426243], [2673, 1.365868]]
PAIR_PANEL__PAIR_05__ARBITRARY__BARE__NONE	PAIR_PANEL	PAIR_05	ARBITRARY	BARE	clouds and teaspoons	2	s	82	0	0	-0.097828	-0.000102	1888	0.415344	[[1790, 1.436111], [1746, 1.330976], [2673, 1.306229], [2454, 1.305657], [281, 1.295968]]
PAIR_PANEL__PAIR_05__ARBITRARY__BARE__NONE	PAIR_PANEL	PAIR_05	ARBITRARY	BARE	clouds and teaspoons	3	 and	290	0	0	-0.01498	-0.000102	1888	0.415344	[[1790, 1.725465], [1203, 1.536582], [1888, 1.326733], [2918, 1.226453], [2973, 1.192489]]
PAIR_PANEL__PAIR_05__ARBITRARY__BARE__NONE	PAIR_PANEL	PAIR_05	ARBITRARY	BARE	clouds and teaspoons	4	 teaspoons	47234	1	1	0.615532	0.615532	1888	0.415344	[[1888, 2.824718], [1790, 2.212345], [2659, 1.655147], [638, 1.510972], [654, 1.238125]]
PAIR_PANEL__PAIR_05__ARBITRARY__V9_SPACE__NONE	PAIR_PANEL	PAIR_05	ARBITRARY	V9_SPACE	 clouds and teaspoons	0	<BOS>	50256	0	0	-0.000102	-0.000102	2256	0.796686	[[2256, 2.36087], [1888, 1.564183], [2787, 0.893099], [1450, 0.853876], [1048, 0.848868]]
PAIR_PANEL__PAIR_05__ARBITRARY__V9_SPACE__NONE	PAIR_PANEL	PAIR_05	ARBITRARY	V9_SPACE	 clouds and teaspoons	1	 clouds	15114	0	0	-0.149614	-0.000102	1888	0.348269	[[1888, 3.212676], [1790, 2.864406], [464, 2.126202], [654, 1.560014], [2331, 1.358866]]
PAIR_PANEL__PAIR_05__ARBITRARY__V9_SPACE__NONE	PAIR_PANEL	PAIR_05	ARBITRARY	V9_SPACE	 clouds and teaspoons	2	 and	290	0	0	-0.014219	-0.000102	1888	0.348269	[[1790, 1.953928], [1888, 1.476473], [1203, 1.396275], [654, 1.224855], [1746, 1.067012]]
PAIR_PANEL__PAIR_05__ARBITRARY__V9_SPACE__NONE	PAIR_PANEL	PAIR_05	ARBITRARY	V9_SPACE	 clouds and teaspoons	3	 teaspoons	47234	1	1	0.275693	0.275693	1888	0.348269	[[1888, 2.588254], [1790, 2.166457], [638, 1.559276], [2454, 1.188814], [2317, 1.119793]]
PAIR_PANEL__PAIR_05__ARBITRARY__THE_PHRASE__NONE	PAIR_PANEL	PAIR_05	ARBITRARY	THE_PHRASE	the phrase clouds and teaspoons	0	<BOS>	50256	0	0	-0.000102	-0.000102	2256	0.796686	[[2256, 2.36087], [1888, 1.564183], [2787, 0.893099], [1450, 0.853876], [1048, 0.848868]]
PAIR_PANEL__PAIR_05__ARBITRARY__THE_PHRASE__NONE	PAIR_PANEL	PAIR_05	ARBITRARY	THE_PHRASE	the phrase clouds and teaspoons	1	the	1169	0	0	-0.058428	-0.000102	1790	0.119972	[[1790, 2.74375], [1888, 2.623779], [1203, 1.370484], [654, 1.287318], [1504, 1.273196]]
PAIR_PANEL__PAIR_05__ARBITRARY__THE_PHRASE__NONE	PAIR_PANEL	PAIR_05	ARBITRARY	THE_PHRASE	the phrase clouds and teaspoons	2	 phrase	9546	0	0	-0.055584	-0.000102	2073	0.489396	[[2073, 3.233146], [1026, 1.694937], [2070, 1.648536], [388, 1.556334], [1888, 1.459668]]
PAIR_PANEL__PAIR_05__ARBITRARY__THE_PHRASE__NONE	PAIR_PANEL	PAIR_05	ARBITRARY	THE_PHRASE	the phrase clouds and teaspoons	3	 clouds	15114	0	0	-0.048262	-0.000102	2073	0.489396	[[1790, 2.145307], [1888, 1.881045], [778, 1.452439], [2454, 1.32801], [2036, 1.275887]]
PAIR_PANEL__PAIR_05__ARBITRARY__THE_PHRASE__NONE	PAIR_PANEL	PAIR_05	ARBITRARY	THE_PHRASE	the phrase clouds and teaspoons	4	 and	290	0	0	-0.015618	-0.000102	2073	0.489396	[[2918, 1.576779], [1790, 1.443537], [1543, 1.147123], [2786, 1.039455], [194, 1.025496]]
PAIR_PANEL__PAIR_05__ARBITRARY__THE_PHRASE__NONE	PAIR_PANEL	PAIR_05	ARBITRARY	THE_PHRASE	the phrase clouds and teaspoons	5	 teaspoons	47234	1	1	0.831014	0.831014	2073	0.489396	[[1888, 2.370785], [2659, 1.81544], [1790, 1.669718], [638, 1.335965], [2454, 1.118832]]
PAIR_PANEL__PAIR_05__ARBITRARY__THEY_SAID__NONE	PAIR_PANEL	PAIR_05	ARBITRARY	THEY_SAID	they said clouds and teaspoons	0	<BOS>	50256	0	0	-0.000102	-0.000102	2256	0.796686	[[2256, 2.36087], [1888, 1.564183], [2787, 0.893099], [1450, 0.853876], [1048, 0.848868]]
PAIR_PANEL__PAIR_05__ARBITRARY__THEY_SAID__NONE	PAIR_PANEL	PAIR_05	ARBITRARY	THEY_SAID	they said clouds and teaspoons	1	they	9930	0	0	-0.133193	-0.000102	2256	0.053377	[[1790, 2.307492], [1888, 2.21476], [234, 1.470804], [1169, 1.294994], [654, 1.246823]]
PAIR_PANEL__PAIR_05__ARBITRARY__THEY_SAID__NONE	PAIR_PANEL	PAIR_05	ARBITRARY	THEY_SAID	they said clouds and teaspoons	2	 said	531	0	0	-0.038379	-0.000102	2256	0.053377	[[2982, 1.845008], [932, 1.550615], [521, 1.429855], [38, 1.363183], [654, 1.281732]]
PAIR_PANEL__PAIR_05__ARBITRARY__THEY_SAID__NONE	PAIR_PANEL	PAIR_05	ARBITRARY	THEY_SAID	they said clouds and teaspoons	3	 clouds	15114	0	0	-0.048448	-0.000102	2256	0.053377	[[1534, 2.012413], [1790, 1.890432], [1888, 1.862332], [2331, 1.274152], [654, 1.248748]]
PAIR_PANEL__PAIR_05__ARBITRARY__THEY_SAID__NONE	PAIR_PANEL	PAIR_05	ARBITRARY	THEY_SAID	they said clouds and teaspoons	4	 and	290	0	0	-0.003363	-0.000102	2256	0.053377	[[1790, 1.838701], [654, 1.325198], [2290, 1.236717], [1381, 1.23104], [1543, 1.224113]]
PAIR_PANEL__PAIR_05__ARBITRARY__THEY_SAID__NONE	PAIR_PANEL	PAIR_05	ARBITRARY	THEY_SAID	they said clouds and teaspoons	5	 teaspoons	47234	1	1	0.366307	0.366307	2256	0.001275	[[1888, 2.359595], [1790, 1.668924], [2659, 1.597954], [2454, 1.377446], [638, 1.146079]]
PAIR_PANEL__PAIR_06__CONVENTIONAL__BARE__NONE	PAIR_PANEL	PAIR_06	CONVENTIONAL	BARE	sooner or later	0	<BOS>	50256	0	0	-0.000102	-0.000102	2256	0.796686	[[2256, 2.36087], [1888, 1.564183], [2787, 0.893099], [1450, 0.853876], [1048, 0.848868]]
PAIR_PANEL__PAIR_06__CONVENTIONAL__BARE__NONE	PAIR_PANEL	PAIR_06	CONVENTIONAL	BARE	sooner or later	1	so	568	0	0	-0.022965	-0.000102	1888	0.036084	[[1888, 2.515951], [1790, 2.479867], [1843, 1.534556], [2393, 1.401554], [654, 1.281172]]
PAIR_PANEL__PAIR_06__CONVENTIONAL__BARE__NONE	PAIR_PANEL	PAIR_06	CONVENTIONAL	BARE	sooner or later	2	oner	14491	0	0	-0.008528	-0.000102	1888	0.018413	[[2372, 2.497538], [839, 2.296034], [2482, 2.05009], [1419, 1.998444], [2735, 1.741384]]
PAIR_PANEL__PAIR_06__CONVENTIONAL__BARE__NONE	PAIR_PANEL	PAIR_06	CONVENTIONAL	BARE	sooner or later	3	 or	393	0	0	-0.000508	-0.000102	1888	0.018413	[[2973, 2.101325], [678, 1.814937], [2372, 1.737044], [2724, 1.616042], [1031, 1.549276]]
PAIR_PANEL__PAIR_06__CONVENTIONAL__BARE__NONE	PAIR_PANEL	PAIR_06	CONVENTIONAL	BARE	sooner or later	4	 later	1568	1	1	2.586434	2.586434	541	0.070483	[[541, 2.586434], [1842, 1.909779], [2286, 1.882819], [1691, 1.762816], [2852, 1.71463]]
PAIR_PANEL__PAIR_06__CONVENTIONAL__V9_SPACE__NONE	PAIR_PANEL	PAIR_06	CONVENTIONAL	V9_SPACE	 sooner or later	0	<BOS>	50256	0	0	-0.000102	-0.000102	2256	0.796686	[[2256, 2.36087], [1888, 1.564183], [2787, 0.893099], [1450, 0.853876], [1048, 0.848868]]
PAIR_PANEL__PAIR_06__CONVENTIONAL__V9_SPACE__NONE	PAIR_PANEL	PAIR_06	CONVENTIONAL	V9_SPACE	 sooner or later	1	 sooner	14556	0	0	-0.06665	-0.000102	1888	0.890051	[[1888, 3.330357], [2482, 2.440306], [1790, 2.32983], [464, 2.20139], [654, 1.755097]]
PAIR_PANEL__PAIR_06__CONVENTIONAL__V9_SPACE__NONE	PAIR_PANEL	PAIR_06	CONVENTIONAL	V9_SPACE	 sooner or later	2	 or	393	0	0	-0.002479	-0.000102	1888	0.453944	[[2829, 2.876413], [2898, 2.548818], [1449, 2.159298], [1318, 2.05988], [678, 2.040511]]
PAIR_PANEL__PAIR_06__CONVENTIONAL__V9_SPACE__NONE	PAIR_PANEL	PAIR_06	CONVENTIONAL	V9_SPACE	 sooner or later	3	 later	1568	1	1	3.041427	3.041427	1888	0.28893	[[541, 3.041427], [2286, 2.302058], [1842, 2.043588], [2893, 1.833734], [146, 1.630193]]
PAIR_PANEL__PAIR_06__CONVENTIONAL__THE_PHRASE__NONE	PAIR_PANEL	PAIR_06	CONVENTIONAL	THE_PHRASE	the phrase sooner or later	0	<BOS>	50256	0	0	-0.000102	-0.000102	2256	0.796686	[[2256, 2.36087], [1888, 1.564183], [2787, 0.893099], [1450, 0.853876], [1048, 0.848868]]
PAIR_PANEL__PAIR_06__CONVENTIONAL__THE_PHRASE__NONE	PAIR_PANEL	PAIR_06	CONVENTIONAL	THE_PHRASE	the phrase sooner or later	1	the	1169	0	0	-0.058428	-0.000102	1790	0.119972	[[1790, 2.74375], [1888, 2.623779], [1203, 1.370484], [654, 1.287318], [1504, 1.273196]]
PAIR_PANEL__PAIR_06__CONVENTIONAL__THE_PHRASE__NONE	PAIR_PANEL	PAIR_06	CONVENTIONAL	THE_PHRASE	the phrase sooner or later	2	 phrase	9546	0	0	-0.055584	-0.000102	2073	0.489396	[[2073, 3.233146], [1026, 1.694937], [2070, 1.648536], [388, 1.556334], [1888, 1.459668]]
PAIR_PANEL__PAIR_06__CONVENTIONAL__THE_PHRASE__NONE	PAIR_PANEL	PAIR_06	CONVENTIONAL	THE_PHRASE	the phrase sooner or later	3	 sooner	14556	0	0	-0.028411	-0.000102	2073	0.489396	[[1888, 2.174508], [1419, 1.992916], [2482, 1.868769], [2735, 1.708391], [1339, 1.654252]]
PAIR_PANEL__PAIR_06__CONVENTIONAL__THE_PHRASE__NONE	PAIR_PANEL	PAIR_06	CONVENTIONAL	THE_PHRASE	the phrase sooner or later	4	 or	393	0	0	-0.004363	-0.000102	2073	0.366351	[[2829, 2.866796], [2898, 2.834064], [1449, 2.201259], [1318, 2.181569], [1006, 2.076884]]
PAIR_PANEL__PAIR_06__CONVENTIONAL__THE_PHRASE__NONE	PAIR_PANEL	PAIR_06	CONVENTIONAL	THE_PHRASE	the phrase sooner or later	5	 later	1568	1	1	3.168905	3.168905	2073	0.064242	[[541, 3.168905], [2286, 2.312504], [2720, 1.904663], [2893, 1.772325], [512, 1.683102]]
PAIR_PANEL__PAIR_06__CONVENTIONAL__THEY_SAID__NONE	PAIR_PANEL	PAIR_06	CONVENTIONAL	THEY_SAID	they said sooner or later	0	<BOS>	50256	0	0	-0.000102	-0.000102	2256	0.796686	[[2256, 2.36087], [1888, 1.564183], [2787, 0.893099], [1450, 0.853876], [1048, 0.848868]]
PAIR_PANEL__PAIR_06__CONVENTIONAL__THEY_SAID__NONE	PAIR_PANEL	PAIR_06	CONVENTIONAL	THEY_SAID	they said sooner or later	1	they	9930	0	0	-0.133193	-0.000102	2256	0.053377	[[1790, 2.307492], [1888, 2.21476], [234, 1.470804], [1169, 1.294994], [654, 1.246823]]
PAIR_PANEL__PAIR_06__CONVENTIONAL__THEY_SAID__NONE	PAIR_PANEL	PAIR_06	CONVENTIONAL	THEY_SAID	they said sooner or later	2	 said	531	0	0	-0.038379	-0.000102	2256	0.053377	[[2982, 1.845008], [932, 1.550615], [521, 1.429855], [38, 1.363183], [654, 1.281732]]
PAIR_PANEL__PAIR_06__CONVENTIONAL__THEY_SAID__NONE	PAIR_PANEL	PAIR_06	CONVENTIONAL	THEY_SAID	they said sooner or later	3	 sooner	14556	0	0	-0.036219	-0.000102	1419	0.143663	[[1419, 2.504533], [1888, 2.160073], [2482, 2.023838], [1491, 1.726712], [2735, 1.694289]]
PAIR_PANEL__PAIR_06__CONVENTIONAL__THEY_SAID__NONE	PAIR_PANEL	PAIR_06	CONVENTIONAL	THEY_SAID	they said sooner or later	4	 or	393	0	0	-0.00138	-0.000102	2829	0.518911	[[2829, 3.103744], [1318, 2.584834], [2898, 2.427921], [1006, 2.234423], [488, 2.050518]]
PAIR_PANEL__PAIR_06__CONVENTIONAL__THEY_SAID__NONE	PAIR_PANEL	PAIR_06	CONVENTIONAL	THEY_SAID	they said sooner or later	5	 later	1568	1	1	2.694656	2.694656	2829	0.409088	[[541, 2.694656], [1842, 1.936903], [2286, 1.933628], [2893, 1.860827], [2931, 1.787716]]
PAIR_PANEL__PAIR_06__ARBITRARY__BARE__NONE	PAIR_PANEL	PAIR_06	ARBITRARY	BARE	north or velvet	0	<BOS>	50256	0	0	-0.000102	-0.000102	2256	0.796686	[[2256, 2.36087], [1888, 1.564183], [2787, 0.893099], [1450, 0.853876], [1048, 0.848868]]
PAIR_PANEL__PAIR_06__ARBITRARY__BARE__NONE	PAIR_PANEL	PAIR_06	ARBITRARY	BARE	north or velvet	1	north	43588	0	0	-0.01318	-0.000102	1888	0.386787	[[1888, 2.747657], [1790, 2.346838], [234, 1.712292], [2424, 1.634136], [1998, 1.415429]]
PAIR_PANEL__PAIR_06__ARBITRARY__BARE__NONE	PAIR_PANEL	PAIR_06	ARBITRARY	BARE	north or velvet	2	 or	393	0	0	-0.001343	-0.000102	1888	0.386787	[[1888, 1.879088], [1790, 1.708239], [744, 1.532347], [2973, 1.343074], [1203, 1.220494]]
PAIR_PANEL__PAIR_06__ARBITRARY__BARE__NONE	PAIR_PANEL	PAIR_06	ARBITRARY	BARE	north or velvet	3	 velvet	47750	1	1	0.172726	0.172726	1888	0.273797	[[1888, 2.753933], [1790, 2.480137], [638, 1.641691], [265, 1.257531], [2659, 1.144524]]
PAIR_PANEL__PAIR_06__ARBITRARY__V9_SPACE__NONE	PAIR_PANEL	PAIR_06	ARBITRARY	V9_SPACE	 north or velvet	0	<BOS>	50256	0	0	-0.000102	-0.000102	2256	0.796686	[[2256, 2.36087], [1888, 1.564183], [2787, 0.893099], [1450, 0.853876], [1048, 0.848868]]
PAIR_PANEL__PAIR_06__ARBITRARY__V9_SPACE__NONE	PAIR_PANEL	PAIR_06	ARBITRARY	V9_SPACE	 north or velvet	1	 north	5093	0	0	-0.039818	-0.000102	1888	0.458154	[[1888, 3.081002], [1790, 2.622848], [464, 1.983904], [234, 1.70086], [654, 1.610841]]
PAIR_PANEL__PAIR_06__ARBITRARY__V9_SPACE__NONE	PAIR_PANEL	PAIR_06	ARBITRARY	V9_SPACE	 north or velvet	2	 or	393	0	0	-0.00014	-0.000102	1888	0.458154	[[1888, 1.932689], [1790, 1.874314], [744, 1.804715], [1560, 1.454669], [2973, 1.354275]]
PAIR_PANEL__PAIR_06__ARBITRARY__V9_SPACE__NONE	PAIR_PANEL	PAIR_06	ARBITRARY	V9_SPACE	 north or velvet	3	 velvet	47750	1	1	-0.01984	-0.000102	1888	0.458154	[[1888, 2.729585], [1790, 2.57252], [638, 1.559665], [847, 1.272915], [265, 1.165147]]
PAIR_PANEL__PAIR_06__ARBITRARY__THE_PHRASE__NONE	PAIR_PANEL	PAIR_06	ARBITRARY	THE_PHRASE	the phrase north or velvet	0	<BOS>	50256	0	0	-0.000102	-0.000102	2256	0.796686	[[2256, 2.36087], [1888, 1.564183], [2787, 0.893099], [1450, 0.853876], [1048, 0.848868]]
PAIR_PANEL__PAIR_06__ARBITRARY__THE_PHRASE__NONE	PAIR_PANEL	PAIR_06	ARBITRARY	THE_PHRASE	the phrase north or velvet	1	the	1169	0	0	-0.058428	-0.000102	1790	0.119972	[[1790, 2.74375], [1888, 2.623779], [1203, 1.370484], [654, 1.287318], [1504, 1.273196]]
PAIR_PANEL__PAIR_06__ARBITRARY__THE_PHRASE__NONE	PAIR_PANEL	PAIR_06	ARBITRARY	THE_PHRASE	the phrase north or velvet	2	 phrase	9546	0	0	-0.055584	-0.000102	2073	0.489396	[[2073, 3.233146], [1026, 1.694937], [2070, 1.648536], [388, 1.556334], [1888, 1.459668]]
PAIR_PANEL__PAIR_06__ARBITRARY__THE_PHRASE__NONE	PAIR_PANEL	PAIR_06	ARBITRARY	THE_PHRASE	the phrase north or velvet	3	 north	5093	0	0	-0.006962	-0.000102	2073	0.489396	[[1790, 1.75644], [1888, 1.747674], [2463, 1.359525], [1169, 1.349763], [281, 1.259405]]
PAIR_PANEL__PAIR_06__ARBITRARY__THE_PHRASE__NONE	PAIR_PANEL	PAIR_06	ARBITRARY	THE_PHRASE	the phrase north or velvet	4	 or	393	0	0	-0.000167	-0.000102	2073	0.489396	[[744, 2.42627], [1790, 1.66845], [2762, 1.637583], [886, 1.572289], [1888, 1.52959]]
PAIR_PANEL__PAIR_06__ARBITRARY__THE_PHRASE__NONE	PAIR_PANEL	PAIR_06	ARBITRARY	THE_PHRASE	the phrase north or velvet	5	 velvet	47750	1	1	0.126211	0.126211	2073	0.489396	[[1888, 2.569087], [1790, 2.211364], [638, 1.525959], [265, 1.104393], [2659, 1.076294]]
PAIR_PANEL__PAIR_06__ARBITRARY__THEY_SAID__NONE	PAIR_PANEL	PAIR_06	ARBITRARY	THEY_SAID	they said north or velvet	0	<BOS>	50256	0	0	-0.000102	-0.000102	2256	0.796686	[[2256, 2.36087], [1888, 1.564183], [2787, 0.893099], [1450, 0.853876], [1048, 0.848868]]
PAIR_PANEL__PAIR_06__ARBITRARY__THEY_SAID__NONE	PAIR_PANEL	PAIR_06	ARBITRARY	THEY_SAID	they said north or velvet	1	they	9930	0	0	-0.133193	-0.000102	2256	0.053377	[[1790, 2.307492], [1888, 2.21476], [234, 1.470804], [1169, 1.294994], [654, 1.246823]]
PAIR_PANEL__PAIR_06__ARBITRARY__THEY_SAID__NONE	PAIR_PANEL	PAIR_06	ARBITRARY	THEY_SAID	they said north or velvet	2	 said	531	0	0	-0.038379	-0.000102	2256	0.053377	[[2982, 1.845008], [932, 1.550615], [521, 1.429855], [38, 1.363183], [654, 1.281732]]
PAIR_PANEL__PAIR_06__ARBITRARY__THEY_SAID__NONE	PAIR_PANEL	PAIR_06	ARBITRARY	THEY_SAID	they said north or velvet	3	 north	5093	0	0	-0.026419	-0.000102	2256	0.053377	[[1790, 1.967134], [1888, 1.808671], [2463, 1.756273], [281, 1.377674], [1534, 1.31412]]
PAIR_PANEL__PAIR_06__ARBITRARY__THEY_SAID__NONE	PAIR_PANEL	PAIR_06	ARBITRARY	THEY_SAID	they said north or velvet	4	 or	393	0	0	-3.8e-05	-3.8e-05	2256	0.053377	[[1888, 1.653902], [1790, 1.622716], [744, 1.501536], [1560, 1.393165], [2081, 1.364901]]
PAIR_PANEL__PAIR_06__ARBITRARY__THEY_SAID__NONE	PAIR_PANEL	PAIR_06	ARBITRARY	THEY_SAID	they said north or velvet	5	 velvet	47750	1	1	-0.070412	-3.8e-05	1888	0.256728	[[1888, 2.617598], [1790, 2.339992], [638, 1.561479], [265, 1.369943], [654, 1.098225]]
PAIR_PANEL__PAIR_07__CONVENTIONAL__BARE__NONE	PAIR_PANEL	PAIR_07	CONVENTIONAL	BARE	give and take	0	<BOS>	50256	0	0	-0.000102	-0.000102	2256	0.796686	[[2256, 2.36087], [1888, 1.564183], [2787, 0.893099], [1450, 0.853876], [1048, 0.848868]]
PAIR_PANEL__PAIR_07__CONVENTIONAL__BARE__NONE	PAIR_PANEL	PAIR_07	CONVENTIONAL	BARE	give and take	1	give	26535	0	0	-0.05079	-0.000102	1790	0.093871	[[1790, 2.471239], [1888, 2.377367], [234, 1.7034], [1691, 1.357298], [1998, 1.27114]]
PAIR_PANEL__PAIR_07__CONVENTIONAL__BARE__NONE	PAIR_PANEL	PAIR_07	CONVENTIONAL	BARE	give and take	2	 and	290	0	0	-0.104578	-0.000102	1790	0.08931	[[2397, 2.381928], [1616, 2.287716], [2953, 2.071336], [223, 2.018136], [754, 1.852392]]
PAIR_PANEL__PAIR_07__CONVENTIONAL__BARE__NONE	PAIR_PANEL	PAIR_07	CONVENTIONAL	BARE	give and take	3	 take	1011	1	1	4.120844	4.120844	2659	0.338152	[[2659, 4.458997], [541, 4.120844], [638, 3.064773], [2317, 2.862014], [1348, 2.250551]]
PAIR_PANEL__PAIR_07__CONVENTIONAL__V9_SPACE__NONE	PAIR_PANEL	PAIR_07	CONVENTIONAL	V9_SPACE	 give and take	0	<BOS>	50256	0	0	-0.000102	-0.000102	2256	0.796686	[[2256, 2.36087], [1888, 1.564183], [2787, 0.893099], [1450, 0.853876], [1048, 0.848868]]
PAIR_PANEL__PAIR_07__CONVENTIONAL__V9_SPACE__NONE	PAIR_PANEL	PAIR_07	CONVENTIONAL	V9_SPACE	 give and take	1	 give	1577	0	0	-0.070821	-0.000102	1888	0.261189	[[1888, 2.895501], [1790, 2.634312], [464, 2.060953], [654, 1.839286], [935, 1.376223]]
PAIR_PANEL__PAIR_07__CONVENTIONAL__V9_SPACE__NONE	PAIR_PANEL	PAIR_07	CONVENTIONAL	V9_SPACE	 give and take	2	 and	290	0	0	-0.030546	-0.000102	1888	0.261189	[[2397, 2.039955], [754, 2.004182], [1616, 1.914212], [2953, 1.640622], [194, 1.597887]]
PAIR_PANEL__PAIR_07__CONVENTIONAL__V9_SPACE__NONE	PAIR_PANEL	PAIR_07	CONVENTIONAL	V9_SPACE	 give and take	3	 take	1011	1	1	3.130981	3.130981	2659	1.025636	[[2659, 4.156617], [541, 3.130981], [2317, 3.022256], [638, 2.999431], [1348, 2.202064]]
PAIR_PANEL__PAIR_07__CONVENTIONAL__THE_PHRASE__NONE	PAIR_PANEL	PAIR_07	CONVENTIONAL	THE_PHRASE	the phrase give and take	0	<BOS>	50256	0	0	-0.000102	-0.000102	2256	0.796686	[[2256, 2.36087], [1888, 1.564183], [2787, 0.893099], [1450, 0.853876], [1048, 0.848868]]
PAIR_PANEL__PAIR_07__CONVENTIONAL__THE_PHRASE__NONE	PAIR_PANEL	PAIR_07	CONVENTIONAL	THE_PHRASE	the phrase give and take	1	the	1169	0	0	-0.058428	-0.000102	1790	0.119972	[[1790, 2.74375], [1888, 2.623779], [1203, 1.370484], [654, 1.287318], [1504, 1.273196]]
PAIR_PANEL__PAIR_07__CONVENTIONAL__THE_PHRASE__NONE	PAIR_PANEL	PAIR_07	CONVENTIONAL	THE_PHRASE	the phrase give and take	2	 phrase	9546	0	0	-0.055584	-0.000102	2073	0.489396	[[2073, 3.233146], [1026, 1.694937], [2070, 1.648536], [388, 1.556334], [1888, 1.459668]]
PAIR_PANEL__PAIR_07__CONVENTIONAL__THE_PHRASE__NONE	PAIR_PANEL	PAIR_07	CONVENTIONAL	THE_PHRASE	the phrase give and take	3	 give	1577	0	0	-0.010371	-0.000102	2073	0.489396	[[1888, 1.599789], [3064, 1.560186], [935, 1.435526], [1970, 1.375174], [1169, 1.256587]]
PAIR_PANEL__PAIR_07__CONVENTIONAL__THE_PHRASE__NONE	PAIR_PANEL	PAIR_07	CONVENTIONAL	THE_PHRASE	the phrase give and take	4	 and	290	0	0	-0.039431	-0.000102	2073	0.489396	[[1616, 2.178037], [2953, 1.97936], [2397, 1.957025], [124, 1.769184], [754, 1.736454]]
PAIR_PANEL__PAIR_07__CONVENTIONAL__THE_PHRASE__NONE	PAIR_PANEL	PAIR_07	CONVENTIONAL	THE_PHRASE	the phrase give and take	5	 take	1011	1	1	3.351185	3.351185	2659	1.035308	[[2659, 4.386493], [541, 3.351185], [2317, 2.873357], [638, 2.777976], [1348, 2.385218]]
PAIR_PANEL__PAIR_07__CONVENTIONAL__THEY_SAID__NONE	PAIR_PANEL	PAIR_07	CONVENTIONAL	THEY_SAID	they said give and take	0	<BOS>	50256	0	0	-0.000102	-0.000102	2256	0.796686	[[2256, 2.36087], [1888, 1.564183], [2787, 0.893099], [1450, 0.853876], [1048, 0.848868]]
PAIR_PANEL__PAIR_07__CONVENTIONAL__THEY_SAID__NONE	PAIR_PANEL	PAIR_07	CONVENTIONAL	THEY_SAID	they said give and take	1	they	9930	0	0	-0.133193	-0.000102	2256	0.053377	[[1790, 2.307492], [1888, 2.21476], [234, 1.470804], [1169, 1.294994], [654, 1.246823]]
PAIR_PANEL__PAIR_07__CONVENTIONAL__THEY_SAID__NONE	PAIR_PANEL	PAIR_07	CONVENTIONAL	THEY_SAID	they said give and take	2	 said	531	0	0	-0.038379	-0.000102	2256	0.053377	[[2982, 1.845008], [932, 1.550615], [521, 1.429855], [38, 1.363183], [654, 1.281732]]
PAIR_PANEL__PAIR_07__CONVENTIONAL__THEY_SAID__NONE	PAIR_PANEL	PAIR_07	CONVENTIONAL	THEY_SAID	they said give and take	3	 give	1577	0	0	-0.031919	-0.000102	2256	0.053377	[[3064, 1.784742], [1888, 1.635008], [654, 1.310673], [935, 1.196412], [2145, 1.174342]]
PAIR_PANEL__PAIR_07__CONVENTIONAL__THEY_SAID__NONE	PAIR_PANEL	PAIR_07	CONVENTIONAL	THEY_SAID	they said give and take	4	 and	290	0	0	-0.060148	-0.000102	2256	0.053377	[[2953, 2.156691], [1616, 2.120836], [2397, 1.971996], [94, 1.642036], [815, 1.622851]]
PAIR_PANEL__PAIR_07__CONVENTIONAL__THEY_SAID__NONE	PAIR_PANEL	PAIR_07	CONVENTIONAL	THEY_SAID	they said give and take	5	 take	1011	1	1	3.766868	3.766868	2659	0.802644	[[2659, 4.569512], [541, 3.766868], [638, 2.753911], [2317, 2.691851], [1348, 2.30528]]
PAIR_PANEL__PAIR_07__ARBITRARY__BARE__NONE	PAIR_PANEL	PAIR_07	ARBITRARY	BARE	marble and rabbits	0	<BOS>	50256	0	0	-0.000102	-0.000102	2256	0.796686	[[2256, 2.36087], [1888, 1.564183], [2787, 0.893099], [1450, 0.853876], [1048, 0.848868]]
PAIR_PANEL__PAIR_07__ARBITRARY__BARE__NONE	PAIR_PANEL	PAIR_07	ARBITRARY	BARE	marble and rabbits	1	mar	3876	0	0	-0.030775	-0.000102	1790	0.09322	[[1790, 2.918438], [1888, 2.825218], [1819, 1.82278], [1710, 1.756626], [2939, 1.563126]]
PAIR_PANEL__PAIR_07__ARBITRARY__BARE__NONE	PAIR_PANEL	PAIR_07	ARBITRARY	BARE	marble and rabbits	2	ble	903	0	0	-0.105661	-0.000102	1790	0.09322	[[1790, 2.126208], [790, 1.617504], [2955, 1.444541], [1345, 1.384775], [1888, 1.304552]]
PAIR_PANEL__PAIR_07__ARBITRARY__BARE__NONE	PAIR_PANEL	PAIR_07	ARBITRARY	BARE	marble and rabbits	3	 and	290	0	0	-0.03037	-0.000102	1790	0.09322	[[1790, 1.765104], [1888, 1.423375], [1203, 1.28918], [2973, 1.22467], [2753, 1.159488]]
PAIR_PANEL__PAIR_07__ARBITRARY__BARE__NONE	PAIR_PANEL	PAIR_07	ARBITRARY	BARE	marble and rabbits	4	 rabbits	33043	1	1	0.57481	0.57481	1790	0.09322	[[638, 2.314837], [1888, 2.201192], [2659, 1.754672], [1790, 1.664325], [2317, 1.39019]]
PAIR_PANEL__PAIR_07__ARBITRARY__V9_SPACE__NONE	PAIR_PANEL	PAIR_07	ARBITRARY	V9_SPACE	 marble and rabbits	0	<BOS>	50256	0	0	-0.000102	-0.000102	2256	0.796686	[[2256, 2.36087], [1888, 1.564183], [2787, 0.893099], [1450, 0.853876], [1048, 0.848868]]
PAIR_PANEL__PAIR_07__ARBITRARY__V9_SPACE__NONE	PAIR_PANEL	PAIR_07	ARBITRARY	V9_SPACE	 marble and rabbits	1	 marble	30623	0	0	-0.146916	-0.000102	1888	1.160158	[[1888, 3.655281], [464, 2.495123], [1790, 2.415402], [1998, 1.710243], [654, 1.45277]]
PAIR_PANEL__PAIR_07__ARBITRARY__V9_SPACE__NONE	PAIR_PANEL	PAIR_07	ARBITRARY	V9_SPACE	 marble and rabbits	2	 and	290	0	0	-0.021625	-0.000102	1888	1.160158	[[1790, 2.255592], [1888, 1.709264], [2753, 1.205374], [654, 0.995641], [1203, 0.989915]]
PAIR_PANEL__PAIR_07__ARBITRARY__V9_SPACE__NONE	PAIR_PANEL	PAIR_07	ARBITRARY	V9_SPACE	 marble and rabbits	3	 rabbits	33043	1	1	0.11105	0.11105	1888	1.160158	[[638, 2.27127], [1888, 2.09769], [1790, 2.039984], [847, 1.580316], [56, 1.409691]]
PAIR_PANEL__PAIR_07__ARBITRARY__THE_PHRASE__NONE	PAIR_PANEL	PAIR_07	ARBITRARY	THE_PHRASE	the phrase marble and rabbits	0	<BOS>	50256	0	0	-0.000102	-0.000102	2256	0.796686	[[2256, 2.36087], [1888, 1.564183], [2787, 0.893099], [1450, 0.853876], [1048, 0.848868]]
PAIR_PANEL__PAIR_07__ARBITRARY__THE_PHRASE__NONE	PAIR_PANEL	PAIR_07	ARBITRARY	THE_PHRASE	the phrase marble and rabbits	1	the	1169	0	0	-0.058428	-0.000102	1790	0.119972	[[1790, 2.74375], [1888, 2.623779], [1203, 1.370484], [654, 1.287318], [1504, 1.273196]]
PAIR_PANEL__PAIR_07__ARBITRARY__THE_PHRASE__NONE	PAIR_PANEL	PAIR_07	ARBITRARY	THE_PHRASE	the phrase marble and rabbits	2	 phrase	9546	0	0	-0.055584	-0.000102	2073	0.489396	[[2073, 3.233146], [1026, 1.694937], [2070, 1.648536], [388, 1.556334], [1888, 1.459668]]
PAIR_PANEL__PAIR_07__ARBITRARY__THE_PHRASE__NONE	PAIR_PANEL	PAIR_07	ARBITRARY	THE_PHRASE	the phrase marble and rabbits	3	 marble	30623	0	0	-0.049475	-0.000102	2073	0.489396	[[1888, 2.321728], [265, 1.608017], [1790, 1.417489], [1268, 1.395308], [778, 1.196534]]
PAIR_PANEL__PAIR_07__ARBITRARY__THE_PHRASE__NONE	PAIR_PANEL	PAIR_07	ARBITRARY	THE_PHRASE	the phrase marble and rabbits	4	 and	290	0	0	-0.005097	-0.000102	2073	0.489396	[[1790, 1.622471], [1543, 1.385722], [194, 1.210605], [2753, 1.191923], [1336, 1.148184]]
PAIR_PANEL__PAIR_07__ARBITRARY__THE_PHRASE__NONE	PAIR_PANEL	PAIR_07	ARBITRARY	THE_PHRASE	the phrase marble and rabbits	5	 rabbits	33043	1	1	-0.005454	-0.000102	2073	0.489396	[[638, 2.211526], [1790, 1.683646], [1888, 1.574525], [847, 1.464689], [56, 1.452399]]
PAIR_PANEL__PAIR_07__ARBITRARY__THEY_SAID__NONE	PAIR_PANEL	PAIR_07	ARBITRARY	THEY_SAID	they said marble and rabbits	0	<BOS>	50256	0	0	-0.000102	-0.000102	2256	0.796686	[[2256, 2.36087], [1888, 1.564183], [2787, 0.893099], [1450, 0.853876], [1048, 0.848868]]
PAIR_PANEL__PAIR_07__ARBITRARY__THEY_SAID__NONE	PAIR_PANEL	PAIR_07	ARBITRARY	THEY_SAID	they said marble and rabbits	1	they	9930	0	0	-0.133193	-0.000102	2256	0.053377	[[1790, 2.307492], [1888, 2.21476], [234, 1.470804], [1169, 1.294994], [654, 1.246823]]
PAIR_PANEL__PAIR_07__ARBITRARY__THEY_SAID__NONE	PAIR_PANEL	PAIR_07	ARBITRARY	THEY_SAID	they said marble and rabbits	2	 said	531	0	0	-0.038379	-0.000102	2256	0.053377	[[2982, 1.845008], [932, 1.550615], [521, 1.429855], [38, 1.363183], [654, 1.281732]]
PAIR_PANEL__PAIR_07__ARBITRARY__THEY_SAID__NONE	PAIR_PANEL	PAIR_07	ARBITRARY	THEY_SAID	they said marble and rabbits	3	 marble	30623	0	0	-0.094074	-0.000102	1888	0.223598	[[1888, 2.584468], [1790, 1.541331], [1268, 1.382151], [265, 1.370708], [1948, 1.12107]]
PAIR_PANEL__PAIR_07__ARBITRARY__THEY_SAID__NONE	PAIR_PANEL	PAIR_07	ARBITRARY	THEY_SAID	they said marble and rabbits	4	 and	290	0	0	-0.006998	-0.000102	1888	0.223598	[[1790, 2.014567], [2753, 1.301885], [1888, 1.259007], [654, 1.064151], [2962, 1.01821]]
PAIR_PANEL__PAIR_07__ARBITRARY__THEY_SAID__NONE	PAIR_PANEL	PAIR_07	ARBITRARY	THEY_SAID	they said marble and rabbits	5	 rabbits	33043	1	1	0.280161	0.280161	1888	0.223598	[[638, 2.353125], [2659, 1.520133], [1790, 1.503064], [1888, 1.467573], [2317, 1.392105]]
PAIR_PANEL__PAIR_08__CONVENTIONAL__BARE__NONE	PAIR_PANEL	PAIR_08	CONVENTIONAL	BARE	life and death	0	<BOS>	50256	0	0	-0.000102	-0.000102	2256	0.796686	[[2256, 2.36087], [1888, 1.564183], [2787, 0.893099], [1450, 0.853876], [1048, 0.848868]]
PAIR_PANEL__PAIR_08__CONVENTIONAL__BARE__NONE	PAIR_PANEL	PAIR_08	CONVENTIONAL	BARE	life and death	1	life	6042	0	0	-0.102974	-0.000102	1888	0.285193	[[1888, 2.646063], [1497, 2.207751], [1790, 1.954055], [234, 1.54022], [947, 1.386967]]
PAIR_PANEL__PAIR_08__CONVENTIONAL__BARE__NONE	PAIR_PANEL	PAIR_08	CONVENTIONAL	BARE	life and death	2	 and	290	0	0	-0.022194	-0.000102	1888	0.285193	[[1790, 2.052258], [1149, 1.724129], [654, 1.440816], [2973, 1.396396], [1203, 1.356447]]
PAIR_PANEL__PAIR_08__CONVENTIONAL__BARE__NONE	PAIR_PANEL	PAIR_08	CONVENTIONAL	BARE	life and death	3	 death	1918	1	1	3.970667	3.970667	541	0.193574	[[541, 3.970667], [2659, 3.777093], [2287, 2.739198], [638, 2.351742], [2317, 2.009761]]
PAIR_PANEL__PAIR_08__CONVENTIONAL__V9_SPACE__NONE	PAIR_PANEL	PAIR_08	CONVENTIONAL	V9_SPACE	 life and death	0	<BOS>	50256	0	0	-0.000102	-0.000102	2256	0.796686	[[2256, 2.36087], [1888, 1.564183], [2787, 0.893099], [1450, 0.853876], [1048, 0.848868]]
PAIR_PANEL__PAIR_08__CONVENTIONAL__V9_SPACE__NONE	PAIR_PANEL	PAIR_08	CONVENTIONAL	V9_SPACE	 life and death	1	 life	1204	0	0	-0.156809	-0.000102	1888	0.520252	[[1888, 3.009452], [1790, 2.4892], [1497, 2.079277], [234, 1.529743], [1729, 1.515227]]
PAIR_PANEL__PAIR_08__CONVENTIONAL__V9_SPACE__NONE	PAIR_PANEL	PAIR_08	CONVENTIONAL	V9_SPACE	 life and death	2	 and	290	0	0	-0.010927	-0.000102	1888	0.520252	[[1790, 2.229475], [1149, 1.532569], [654, 1.409132], [1888, 1.305229], [495, 1.298004]]
PAIR_PANEL__PAIR_08__CONVENTIONAL__V9_SPACE__NONE	PAIR_PANEL	PAIR_08	CONVENTIONAL	V9_SPACE	 life and death	3	 death	1918	1	1	3.618449	3.618449	541	0.23031	[[541, 3.618449], [2659, 3.388139], [2287, 2.560775], [638, 2.084948], [2317, 1.600098]]
PAIR_PANEL__PAIR_08__CONVENTIONAL__THE_PHRASE__NONE	PAIR_PANEL	PAIR_08	CONVENTIONAL	THE_PHRASE	the phrase life and death	0	<BOS>	50256	0	0	-0.000102	-0.000102	2256	0.796686	[[2256, 2.36087], [1888, 1.564183], [2787, 0.893099], [1450, 0.853876], [1048, 0.848868]]
PAIR_PANEL__PAIR_08__CONVENTIONAL__THE_PHRASE__NONE	PAIR_PANEL	PAIR_08	CONVENTIONAL	THE_PHRASE	the phrase life and death	1	the	1169	0	0	-0.058428	-0.000102	1790	0.119972	[[1790, 2.74375], [1888, 2.623779], [1203, 1.370484], [654, 1.287318], [1504, 1.273196]]
PAIR_PANEL__PAIR_08__CONVENTIONAL__THE_PHRASE__NONE	PAIR_PANEL	PAIR_08	CONVENTIONAL	THE_PHRASE	the phrase life and death	2	 phrase	9546	0	0	-0.055584	-0.000102	2073	0.489396	[[2073, 3.233146], [1026, 1.694937], [2070, 1.648536], [388, 1.556334], [1888, 1.459668]]
PAIR_PANEL__PAIR_08__CONVENTIONAL__THE_PHRASE__NONE	PAIR_PANEL	PAIR_08	CONVENTIONAL	THE_PHRASE	the phrase life and death	3	 life	1204	0	0	-0.054696	-0.000102	2073	0.489396	[[947, 1.65892], [1380, 1.373178], [1729, 1.372618], [1497, 1.291461], [1888, 1.259265]]
PAIR_PANEL__PAIR_08__CONVENTIONAL__THE_PHRASE__NONE	PAIR_PANEL	PAIR_08	CONVENTIONAL	THE_PHRASE	the phrase life and death	4	 and	290	0	0	-0.012118	-0.000102	2073	0.489396	[[134, 1.642096], [1790, 1.594851], [194, 1.425063], [2973, 1.416685], [1149, 1.341339]]
PAIR_PANEL__PAIR_08__CONVENTIONAL__THE_PHRASE__NONE	PAIR_PANEL	PAIR_08	CONVENTIONAL	THE_PHRASE	the phrase life and death	5	 death	1918	1	1	3.056278	3.056278	2073	0.176868	[[541, 3.056278], [2659, 2.962053], [2287, 2.402166], [638, 1.657686], [357, 1.351056]]
PAIR_PANEL__PAIR_08__CONVENTIONAL__THEY_SAID__NONE	PAIR_PANEL	PAIR_08	CONVENTIONAL	THEY_SAID	they said life and death	0	<BOS>	50256	0	0	-0.000102	-0.000102	2256	0.796686	[[2256, 2.36087], [1888, 1.564183], [2787, 0.893099], [1450, 0.853876], [1048, 0.848868]]
PAIR_PANEL__PAIR_08__CONVENTIONAL__THEY_SAID__NONE	PAIR_PANEL	PAIR_08	CONVENTIONAL	THEY_SAID	they said life and death	1	they	9930	0	0	-0.133193	-0.000102	2256	0.053377	[[1790, 2.307492], [1888, 2.21476], [234, 1.470804], [1169, 1.294994], [654, 1.246823]]
PAIR_PANEL__PAIR_08__CONVENTIONAL__THEY_SAID__NONE	PAIR_PANEL	PAIR_08	CONVENTIONAL	THEY_SAID	they said life and death	2	 said	531	0	0	-0.038379	-0.000102	2256	0.053377	[[2982, 1.845008], [932, 1.550615], [521, 1.429855], [38, 1.363183], [654, 1.281732]]
PAIR_PANEL__PAIR_08__CONVENTIONAL__THEY_SAID__NONE	PAIR_PANEL	PAIR_08	CONVENTIONAL	THEY_SAID	they said life and death	3	 life	1204	0	0	-0.043267	-0.000102	1497	0.189715	[[1497, 2.550585], [1534, 2.07617], [947, 2.067951], [1729, 1.802621], [1888, 1.650519]]
PAIR_PANEL__PAIR_08__CONVENTIONAL__THEY_SAID__NONE	PAIR_PANEL	PAIR_08	CONVENTIONAL	THEY_SAID	they said life and death	4	 and	290	0	0	-0.009915	-0.000102	1497	0.189715	[[1790, 1.946283], [134, 1.83854], [1149, 1.672426], [626, 1.633609], [654, 1.539135]]
PAIR_PANEL__PAIR_08__CONVENTIONAL__THEY_SAID__NONE	PAIR_PANEL	PAIR_08	CONVENTIONAL	THEY_SAID	they said life and death	5	 death	1918	1	1	2.948204	2.948204	541	0.199619	[[541, 2.948204], [2659, 2.748585], [2287, 2.668239], [638, 1.605289], [2852, 1.508291]]
PAIR_PANEL__PAIR_08__ARBITRARY__BARE__NONE	PAIR_PANEL	PAIR_08	ARBITRARY	BARE	button and ocean	0	<BOS>	50256	0	0	-0.000102	-0.000102	2256	0.796686	[[2256, 2.36087], [1888, 1.564183], [2787, 0.893099], [1450, 0.853876], [1048, 0.848868]]
PAIR_PANEL__PAIR_08__ARBITRARY__BARE__NONE	PAIR_PANEL	PAIR_08	ARBITRARY	BARE	button and ocean	1	button	16539	0	0	-0.108752	-0.000102	1888	0.317086	[[1888, 2.677956], [1790, 2.078506], [1665, 1.899248], [1998, 1.48155], [1648, 1.357106]]
PAIR_PANEL__PAIR_08__ARBITRARY__BARE__NONE	PAIR_PANEL	PAIR_08	ARBITRARY	BARE	button and ocean	2	 and	290	0	0	-0.017816	-0.000102	1888	0.317086	[[1203, 2.016477], [1790, 1.670337], [1888, 1.390391], [2770, 1.343651], [1774, 1.297943]]
PAIR_PANEL__PAIR_08__ARBITRARY__BARE__NONE	PAIR_PANEL	PAIR_08	ARBITRARY	BARE	button and ocean	3	 ocean	9151	1	1	0.531553	0.531553	1888	0.317086	[[1888, 2.566416], [1790, 1.552109], [654, 1.485119], [2887, 1.459716], [2659, 1.434022]]
PAIR_PANEL__PAIR_08__ARBITRARY__V9_SPACE__NONE	PAIR_PANEL	PAIR_08	ARBITRARY	V9_SPACE	 button and ocean	0	<BOS>	50256	0	0	-0.000102	-0.000102	2256	0.796686	[[2256, 2.36087], [1888, 1.564183], [2787, 0.893099], [1450, 0.853876], [1048, 0.848868]]
PAIR_PANEL__PAIR_08__ARBITRARY__V9_SPACE__NONE	PAIR_PANEL	PAIR_08	ARBITRARY	V9_SPACE	 button and ocean	1	 button	4936	0	0	-0.106575	-0.000102	1888	0.318296	[[1888, 2.822093], [1790, 2.503797], [1665, 2.186499], [1998, 1.45912], [464, 1.230475]]
PAIR_PANEL__PAIR_08__ARBITRARY__V9_SPACE__NONE	PAIR_PANEL	PAIR_08	ARBITRARY	V9_SPACE	 button and ocean	2	 and	290	0	0	-0.00724	-0.000102	1888	0.318296	[[1790, 1.957915], [1203, 1.951631], [1888, 1.533516], [2321, 1.461722], [2710, 1.39506]]
PAIR_PANEL__PAIR_08__ARBITRARY__V9_SPACE__NONE	PAIR_PANEL	PAIR_08	ARBITRARY	V9_SPACE	 button and ocean	3	 ocean	9151	1	1	0.031636	0.031636	1888	0.318296	[[1888, 2.584993], [2887, 1.710036], [1790, 1.701802], [654, 1.5446], [847, 1.323057]]
PAIR_PANEL__PAIR_08__ARBITRARY__THE_PHRASE__NONE	PAIR_PANEL	PAIR_08	ARBITRARY	THE_PHRASE	the phrase button and ocean	0	<BOS>	50256	0	0	-0.000102	-0.000102	2256	0.796686	[[2256, 2.36087], [1888, 1.564183], [2787, 0.893099], [1450, 0.853876], [1048, 0.848868]]
PAIR_PANEL__PAIR_08__ARBITRARY__THE_PHRASE__NONE	PAIR_PANEL	PAIR_08	ARBITRARY	THE_PHRASE	the phrase button and ocean	1	the	1169	0	0	-0.058428	-0.000102	1790	0.119972	[[1790, 2.74375], [1888, 2.623779], [1203, 1.370484], [654, 1.287318], [1504, 1.273196]]
PAIR_PANEL__PAIR_08__ARBITRARY__THE_PHRASE__NONE	PAIR_PANEL	PAIR_08	ARBITRARY	THE_PHRASE	the phrase button and ocean	2	 phrase	9546	0	0	-0.055584	-0.000102	2073	0.489396	[[2073, 3.233146], [1026, 1.694937], [2070, 1.648536], [388, 1.556334], [1888, 1.459668]]
PAIR_PANEL__PAIR_08__ARBITRARY__THE_PHRASE__NONE	PAIR_PANEL	PAIR_08	ARBITRARY	THE_PHRASE	the phrase button and ocean	3	 button	4936	0	0	-0.118824	-0.000102	2073	0.489396	[[1665, 1.739474], [1888, 1.679615], [778, 1.557736], [1790, 1.394907], [2297, 1.295035]]
PAIR_PANEL__PAIR_08__ARBITRARY__THE_PHRASE__NONE	PAIR_PANEL	PAIR_08	ARBITRARY	THE_PHRASE	the phrase button and ocean	4	 and	290	0	0	-0.007359	-0.000102	2073	0.489396	[[1888, 1.301767], [1790, 1.254466], [2770, 1.145336], [1547, 1.140352], [1505, 1.118562]]
PAIR_PANEL__PAIR_08__ARBITRARY__THE_PHRASE__NONE	PAIR_PANEL	PAIR_08	ARBITRARY	THE_PHRASE	the phrase button and ocean	5	 ocean	9151	1	1	-0.158172	-0.000102	2073	0.489396	[[1888, 2.298034], [2887, 1.494132], [1790, 1.453052], [654, 1.391434], [1815, 1.052753]]
PAIR_PANEL__PAIR_08__ARBITRARY__THEY_SAID__NONE	PAIR_PANEL	PAIR_08	ARBITRARY	THEY_SAID	they said button and ocean	0	<BOS>	50256	0	0	-0.000102	-0.000102	2256	0.796686	[[2256, 2.36087], [1888, 1.564183], [2787, 0.893099], [1450, 0.853876], [1048, 0.848868]]
PAIR_PANEL__PAIR_08__ARBITRARY__THEY_SAID__NONE	PAIR_PANEL	PAIR_08	ARBITRARY	THEY_SAID	they said button and ocean	1	they	9930	0	0	-0.133193	-0.000102	2256	0.053377	[[1790, 2.307492], [1888, 2.21476], [234, 1.470804], [1169, 1.294994], [654, 1.246823]]
PAIR_PANEL__PAIR_08__ARBITRARY__THEY_SAID__NONE	PAIR_PANEL	PAIR_08	ARBITRARY	THEY_SAID	they said button and ocean	2	 said	531	0	0	-0.038379	-0.000102	2256	0.053377	[[2982, 1.845008], [932, 1.550615], [521, 1.429855], [38, 1.363183], [654, 1.281732]]
PAIR_PANEL__PAIR_08__ARBITRARY__THEY_SAID__NONE	PAIR_PANEL	PAIR_08	ARBITRARY	THEY_SAID	they said button and ocean	3	 button	4936	0	0	-0.136843	-0.000102	1888	0.098583	[[1888, 2.459453], [1665, 1.922495], [1790, 1.759855], [1893, 1.504673], [2297, 1.143262]]
PAIR_PANEL__PAIR_08__ARBITRARY__THEY_SAID__NONE	PAIR_PANEL	PAIR_08	ARBITRARY	THEY_SAID	they said button and ocean	4	 and	290	0	0	-0.010159	-0.000102	1888	0.098583	[[1790, 1.583803], [1888, 1.435823], [1003, 1.36089], [654, 1.285519], [2770, 1.242015]]
PAIR_PANEL__PAIR_08__ARBITRARY__THEY_SAID__NONE	PAIR_PANEL	PAIR_08	ARBITRARY	THEY_SAID	they said button and ocean	5	 ocean	9151	1	1	0.393432	0.393432	1888	0.098583	[[1888, 2.233928], [2887, 1.619031], [2659, 1.442225], [654, 1.32442], [638, 1.314679]]
CONTINUATION__UP_DOWN__NONE__BARE__NONE	CONTINUATION	UP_DOWN	NONE	BARE	up and down	0	<BOS>	50256	0	0	-0.000102	-0.000102	2256	0.796686	[[2256, 2.36087], [1888, 1.564183], [2787, 0.893099], [1450, 0.853876], [1048, 0.848868]]
CONTINUATION__UP_DOWN__NONE__BARE__NONE	CONTINUATION	UP_DOWN	NONE	BARE	up and down	1	up	929	0	0	-0.087442	-0.000102	1790	0.085894	[[1790, 2.853053], [1888, 2.767158], [654, 1.632336], [1998, 1.537572], [2588, 1.340617]]
CONTINUATION__UP_DOWN__NONE__BARE__NONE	CONTINUATION	UP_DOWN	NONE	BARE	up and down	2	 and	290	0	0	-0.056431	-0.000102	1790	0.085894	[[62, 2.662341], [2229, 2.113837], [2664, 1.807616], [2973, 1.751245], [1011, 1.627674]]
CONTINUATION__UP_DOWN__NONE__BARE__NONE	CONTINUATION	UP_DOWN	NONE	BARE	up and down	3	 down	866	1	1	4.121797	4.121797	541	1.122365	[[541, 4.121797], [2659, 2.999432], [2898, 2.155427], [2753, 2.009839], [1691, 1.707379]]
CONTINUATION__UP_DOWN__AGAIN__BARE__AGAIN	CONTINUATION	UP_DOWN	AGAIN	BARE	up and down again	0	<BOS>	50256	0	0	-0.000102	-0.000102	2256	0.796686	[[2256, 2.36087], [1888, 1.564183], [2787, 0.893099], [1450, 0.853876], [1048, 0.848868]]
CONTINUATION__UP_DOWN__AGAIN__BARE__AGAIN	CONTINUATION	UP_DOWN	AGAIN	BARE	up and down again	1	up	929	0	0	-0.087442	-0.000102	1790	0.085894	[[1790, 2.853053], [1888, 2.767158], [654, 1.632336], [1998, 1.537572], [2588, 1.340617]]
CONTINUATION__UP_DOWN__AGAIN__BARE__AGAIN	CONTINUATION	UP_DOWN	AGAIN	BARE	up and down again	2	 and	290	0	0	-0.056431	-0.000102	1790	0.085894	[[62, 2.662341], [2229, 2.113837], [2664, 1.807616], [2973, 1.751245], [1011, 1.627674]]
CONTINUATION__UP_DOWN__AGAIN__BARE__AGAIN	CONTINUATION	UP_DOWN	AGAIN	BARE	up and down again	3	 down	866	1	1	4.121797	4.121797	541	1.122365	[[541, 4.121797], [2659, 2.999432], [2898, 2.155427], [2753, 2.009839], [1691, 1.707379]]
CONTINUATION__UP_DOWN__AGAIN__BARE__AGAIN	CONTINUATION	UP_DOWN	AGAIN	BARE	up and down again	4	 again	757	0	0	-0.077044	4.121797	541	1.122365	[[1888, 2.148849], [1790, 2.072286], [1691, 1.81848], [1594, 1.736854], [2705, 1.603992]]
CONTINUATION__UP_DOWN__PERIOD__BARE__PERIOD	CONTINUATION	UP_DOWN	PERIOD	BARE	up and down.	0	<BOS>	50256	0	0	-0.000102	-0.000102	2256	0.796686	[[2256, 2.36087], [1888, 1.564183], [2787, 0.893099], [1450, 0.853876], [1048, 0.848868]]
CONTINUATION__UP_DOWN__PERIOD__BARE__PERIOD	CONTINUATION	UP_DOWN	PERIOD	BARE	up and down.	1	up	929	0	0	-0.087442	-0.000102	1790	0.085894	[[1790, 2.853053], [1888, 2.767158], [654, 1.632336], [1998, 1.537572], [2588, 1.340617]]
CONTINUATION__UP_DOWN__PERIOD__BARE__PERIOD	CONTINUATION	UP_DOWN	PERIOD	BARE	up and down.	2	 and	290	0	0	-0.056431	-0.000102	1790	0.085894	[[62, 2.662341], [2229, 2.113837], [2664, 1.807616], [2973, 1.751245], [1011, 1.627674]]
CONTINUATION__UP_DOWN__PERIOD__BARE__PERIOD	CONTINUATION	UP_DOWN	PERIOD	BARE	up and down.	3	 down	866	1	1	4.121797	4.121797	541	1.122365	[[541, 4.121797], [2659, 2.999432], [2898, 2.155427], [2753, 2.009839], [1691, 1.707379]]
CONTINUATION__UP_DOWN__PERIOD__BARE__PERIOD	CONTINUATION	UP_DOWN	PERIOD	BARE	up and down.	4	.	13	0	0	-0.113188	4.121797	541	1.122365	[[1888, 2.79872], [1821, 2.356916], [1790, 2.271616], [1423, 1.35808], [281, 1.299216]]
CONTINUATION__UP_DOWN__ROAD__BARE__ROAD	CONTINUATION	UP_DOWN	ROAD	BARE	up and down the road	0	<BOS>	50256	0	0	-0.000102	-0.000102	2256	0.796686	[[2256, 2.36087], [1888, 1.564183], [2787, 0.893099], [1450, 0.853876], [1048, 0.848868]]
CONTINUATION__UP_DOWN__ROAD__BARE__ROAD	CONTINUATION	UP_DOWN	ROAD	BARE	up and down the road	1	up	929	0	0	-0.087442	-0.000102	1790	0.085894	[[1790, 2.853053], [1888, 2.767158], [654, 1.632336], [1998, 1.537572], [2588, 1.340617]]
CONTINUATION__UP_DOWN__ROAD__BARE__ROAD	CONTINUATION	UP_DOWN	ROAD	BARE	up and down the road	2	 and	290	0	0	-0.056431	-0.000102	1790	0.085894	[[62, 2.662341], [2229, 2.113837], [2664, 1.807616], [2973, 1.751245], [1011, 1.627674]]
CONTINUATION__UP_DOWN__ROAD__BARE__ROAD	CONTINUATION	UP_DOWN	ROAD	BARE	up and down the road	3	 down	866	1	1	4.121797	4.121797	541	1.122365	[[541, 4.121797], [2659, 2.999432], [2898, 2.155427], [2753, 2.009839], [1691, 1.707379]]
CONTINUATION__UP_DOWN__ROAD__BARE__ROAD	CONTINUATION	UP_DOWN	ROAD	BARE	up and down the road	4	 the	262	0	0	-0.124412	4.121797	541	1.122365	[[1790, 2.560865], [397, 2.287663], [1888, 1.975175], [62, 1.868776], [2528, 1.742083]]
CONTINUATION__UP_DOWN__ROAD__BARE__ROAD	CONTINUATION	UP_DOWN	ROAD	BARE	up and down the road	5	 road	2975	0	0	-0.169224	4.121797	541	1.122365	[[1790, 2.1898], [397, 2.086847], [752, 1.905734], [2261, 1.880559], [2072, 1.557831]]
CONTINUATION__UP_DOWN__CLAUSE__BARE__CLAUSE	CONTINUATION	UP_DOWN	CLAUSE	BARE	up and down, without stopping	0	<BOS>	50256	0	0	-0.000102	-0.000102	2256	0.796686	[[2256, 2.36087], [1888, 1.564183], [2787, 0.893099], [1450, 0.853876], [1048, 0.848868]]
CONTINUATION__UP_DOWN__CLAUSE__BARE__CLAUSE	CONTINUATION	UP_DOWN	CLAUSE	BARE	up and down, without stopping	1	up	929	0	0	-0.087442	-0.000102	1790	0.085894	[[1790, 2.853053], [1888, 2.767158], [654, 1.632336], [1998, 1.537572], [2588, 1.340617]]
CONTINUATION__UP_DOWN__CLAUSE__BARE__CLAUSE	CONTINUATION	UP_DOWN	CLAUSE	BARE	up and down, without stopping	2	 and	290	0	0	-0.056431	-0.000102	1790	0.085894	[[62, 2.662341], [2229, 2.113837], [2664, 1.807616], [2973, 1.751245], [1011, 1.627674]]
CONTINUATION__UP_DOWN__CLAUSE__BARE__CLAUSE	CONTINUATION	UP_DOWN	CLAUSE	BARE	up and down, without stopping	3	 down	866	1	1	4.121797	4.121797	541	1.122365	[[541, 4.121797], [2659, 2.999432], [2898, 2.155427], [2753, 2.009839], [1691, 1.707379]]
CONTINUATION__UP_DOWN__CLAUSE__BARE__CLAUSE	CONTINUATION	UP_DOWN	CLAUSE	BARE	up and down, without stopping	4	,	11	0	0	-0.160327	4.121797	541	1.122365	[[1888, 2.584411], [1790, 2.162613], [2817, 1.736821], [2380, 1.555969], [1423, 1.455196]]
CONTINUATION__UP_DOWN__CLAUSE__BARE__CLAUSE	CONTINUATION	UP_DOWN	CLAUSE	BARE	up and down, without stopping	5	 without	1231	0	0	-0.001326	4.121797	541	1.122365	[[1888, 1.867009], [2288, 1.729754], [1790, 1.624457], [3017, 1.551221], [178, 1.272345]]
CONTINUATION__UP_DOWN__CLAUSE__BARE__CLAUSE	CONTINUATION	UP_DOWN	CLAUSE	BARE	up and down, without stopping	6	 stopping	12225	0	0	-0.163888	4.121797	541	1.122365	[[1837, 2.604469], [462, 2.034822], [1790, 2.01448], [2187, 1.612168], [682, 1.453492]]
CONTINUATION__UP_DOWN__XYZ__BARE__XYZ	CONTINUATION	UP_DOWN	XYZ	BARE	up and down xyz	0	<BOS>	50256	0	0	-0.000102	-0.000102	2256	0.796686	[[2256, 2.36087], [1888, 1.564183], [2787, 0.893099], [1450, 0.853876], [1048, 0.848868]]
CONTINUATION__UP_DOWN__XYZ__BARE__XYZ	CONTINUATION	UP_DOWN	XYZ	BARE	up and down xyz	1	up	929	0	0	-0.087442	-0.000102	1790	0.085894	[[1790, 2.853053], [1888, 2.767158], [654, 1.632336], [1998, 1.537572], [2588, 1.340617]]
CONTINUATION__UP_DOWN__XYZ__BARE__XYZ	CONTINUATION	UP_DOWN	XYZ	BARE	up and down xyz	2	 and	290	0	0	-0.056431	-0.000102	1790	0.085894	[[62, 2.662341], [2229, 2.113837], [2664, 1.807616], [2973, 1.751245], [1011, 1.627674]]
CONTINUATION__UP_DOWN__XYZ__BARE__XYZ	CONTINUATION	UP_DOWN	XYZ	BARE	up and down xyz	3	 down	866	1	1	4.121797	4.121797	541	1.122365	[[541, 4.121797], [2659, 2.999432], [2898, 2.155427], [2753, 2.009839], [1691, 1.707379]]
CONTINUATION__UP_DOWN__XYZ__BARE__XYZ	CONTINUATION	UP_DOWN	XYZ	BARE	up and down xyz	4	 x	2124	0	0	-0.013965	4.121797	541	1.122365	[[1588, 2.961872], [1888, 2.660443], [1769, 2.54321], [1790, 2.244297], [2874, 1.929521]]
CONTINUATION__UP_DOWN__XYZ__BARE__XYZ	CONTINUATION	UP_DOWN	XYZ	BARE	up and down xyz	5	yz	45579	0	0	-0.165763	4.121797	541	1.122365	[[1888, 2.640419], [1790, 2.537065], [547, 1.759562], [2371, 1.647718], [685, 1.119021]]
CONTINUATION__UP_DOWN__NONE__V9_SPACE__NONE	CONTINUATION	UP_DOWN	NONE	V9_SPACE	 up and down	0	<BOS>	50256	0	0	-0.000102	-0.000102	2256	0.796686	[[2256, 2.36087], [1888, 1.564183], [2787, 0.893099], [1450, 0.853876], [1048, 0.848868]]
CONTINUATION__UP_DOWN__NONE__V9_SPACE__NONE	CONTINUATION	UP_DOWN	NONE	V9_SPACE	 up and down	1	 up	510	0	0	-0.111532	-0.000102	1790	0.054773	[[1790, 3.028116], [464, 2.973342], [1888, 2.912612], [654, 1.680092], [1998, 1.657843]]
CONTINUATION__UP_DOWN__NONE__V9_SPACE__NONE	CONTINUATION	UP_DOWN	NONE	V9_SPACE	 up and down	2	 and	290	0	0	-0.028836	-0.000102	1790	0.054773	[[2229, 2.149246], [194, 2.085674], [62, 2.069985], [2664, 1.815553], [2345, 1.703913]]
CONTINUATION__UP_DOWN__NONE__V9_SPACE__NONE	CONTINUATION	UP_DOWN	NONE	V9_SPACE	 up and down	3	 down	866	1	1	4.184617	4.184617	541	1.156502	[[541, 4.184617], [2659, 2.812319], [2898, 2.160294], [1691, 1.966876], [2753, 1.843945]]
CONTINUATION__UP_DOWN__AGAIN__V9_SPACE__AGAIN	CONTINUATION	UP_DOWN	AGAIN	V9_SPACE	 up and down again	0	<BOS>	50256	0	0	-0.000102	-0.000102	2256	0.796686	[[2256, 2.36087], [1888, 1.564183], [2787, 0.893099], [1450, 0.853876], [1048, 0.848868]]
CONTINUATION__UP_DOWN__AGAIN__V9_SPACE__AGAIN	CONTINUATION	UP_DOWN	AGAIN	V9_SPACE	 up and down again	1	 up	510	0	0	-0.111532	-0.000102	1790	0.054773	[[1790, 3.028116], [464, 2.973342], [1888, 2.912612], [654, 1.680092], [1998, 1.657843]]
CONTINUATION__UP_DOWN__AGAIN__V9_SPACE__AGAIN	CONTINUATION	UP_DOWN	AGAIN	V9_SPACE	 up and down again	2	 and	290	0	0	-0.028836	-0.000102	1790	0.054773	[[2229, 2.149246], [194, 2.085674], [62, 2.069985], [2664, 1.815553], [2345, 1.703913]]
CONTINUATION__UP_DOWN__AGAIN__V9_SPACE__AGAIN	CONTINUATION	UP_DOWN	AGAIN	V9_SPACE	 up and down again	3	 down	866	1	1	4.184617	4.184617	541	1.156502	[[541, 4.184617], [2659, 2.812319], [2898, 2.160294], [1691, 1.966876], [2753, 1.843945]]
CONTINUATION__UP_DOWN__AGAIN__V9_SPACE__AGAIN	CONTINUATION	UP_DOWN	AGAIN	V9_SPACE	 up and down again	4	 again	757	0	0	-0.088487	4.184617	541	1.156502	[[1790, 2.395525], [1888, 2.150469], [1594, 1.915277], [1691, 1.884991], [2705, 1.662093]]
CONTINUATION__UP_DOWN__PERIOD__V9_SPACE__PERIOD	CONTINUATION	UP_DOWN	PERIOD	V9_SPACE	 up and down.	0	<BOS>	50256	0	0	-0.000102	-0.000102	2256	0.796686	[[2256, 2.36087], [1888, 1.564183], [2787, 0.893099], [1450, 0.853876], [1048, 0.848868]]
CONTINUATION__UP_DOWN__PERIOD__V9_SPACE__PERIOD	CONTINUATION	UP_DOWN	PERIOD	V9_SPACE	 up and down.	1	 up	510	0	0	-0.111532	-0.000102	1790	0.054773	[[1790, 3.028116], [464, 2.973342], [1888, 2.912612], [654, 1.680092], [1998, 1.657843]]
CONTINUATION__UP_DOWN__PERIOD__V9_SPACE__PERIOD	CONTINUATION	UP_DOWN	PERIOD	V9_SPACE	 up and down.	2	 and	290	0	0	-0.028836	-0.000102	1790	0.054773	[[2229, 2.149246], [194, 2.085674], [62, 2.069985], [2664, 1.815553], [2345, 1.703913]]
CONTINUATION__UP_DOWN__PERIOD__V9_SPACE__PERIOD	CONTINUATION	UP_DOWN	PERIOD	V9_SPACE	 up and down.	3	 down	866	1	1	4.184617	4.184617	541	1.156502	[[541, 4.184617], [2659, 2.812319], [2898, 2.160294], [1691, 1.966876], [2753, 1.843945]]
CONTINUATION__UP_DOWN__PERIOD__V9_SPACE__PERIOD	CONTINUATION	UP_DOWN	PERIOD	V9_SPACE	 up and down.	4	.	13	0	0	-0.066227	4.184617	541	1.156502	[[1888, 2.794522], [1790, 2.555872], [1821, 2.357557], [281, 1.118801], [1423, 1.068457]]
CONTINUATION__UP_DOWN__ROAD__V9_SPACE__ROAD	CONTINUATION	UP_DOWN	ROAD	V9_SPACE	 up and down the road	0	<BOS>	50256	0	0	-0.000102	-0.000102	2256	0.796686	[[2256, 2.36087], [1888, 1.564183], [2787, 0.893099], [1450, 0.853876], [1048, 0.848868]]
CONTINUATION__UP_DOWN__ROAD__V9_SPACE__ROAD	CONTINUATION	UP_DOWN	ROAD	V9_SPACE	 up and down the road	1	 up	510	0	0	-0.111532	-0.000102	1790	0.054773	[[1790, 3.028116], [464, 2.973342], [1888, 2.912612], [654, 1.680092], [1998, 1.657843]]
CONTINUATION__UP_DOWN__ROAD__V9_SPACE__ROAD	CONTINUATION	UP_DOWN	ROAD	V9_SPACE	 up and down the road	2	 and	290	0	0	-0.028836	-0.000102	1790	0.054773	[[2229, 2.149246], [194, 2.085674], [62, 2.069985], [2664, 1.815553], [2345, 1.703913]]
CONTINUATION__UP_DOWN__ROAD__V9_SPACE__ROAD	CONTINUATION	UP_DOWN	ROAD	V9_SPACE	 up and down the road	3	 down	866	1	1	4.184617	4.184617	541	1.156502	[[541, 4.184617], [2659, 2.812319], [2898, 2.160294], [1691, 1.966876], [2753, 1.843945]]
CONTINUATION__UP_DOWN__ROAD__V9_SPACE__ROAD	CONTINUATION	UP_DOWN	ROAD	V9_SPACE	 up and down the road	4	 the	262	0	0	-0.100596	4.184617	541	1.156502	[[1790, 2.913026], [1888, 2.135451], [397, 1.760045], [1937, 1.528464], [1504, 1.475019]]
CONTINUATION__UP_DOWN__ROAD__V9_SPACE__ROAD	CONTINUATION	UP_DOWN	ROAD	V9_SPACE	 up and down the road	5	 road	2975	0	0	-0.169929	4.184617	541	1.156502	[[1790, 2.412105], [397, 1.905798], [2261, 1.678745], [752, 1.556], [2072, 1.451415]]
CONTINUATION__UP_DOWN__CLAUSE__V9_SPACE__CLAUSE	CONTINUATION	UP_DOWN	CLAUSE	V9_SPACE	 up and down, without stopping	0	<BOS>	50256	0	0	-0.000102	-0.000102	2256	0.796686	[[2256, 2.36087], [1888, 1.564183], [2787, 0.893099], [1450, 0.853876], [1048, 0.848868]]
CONTINUATION__UP_DOWN__CLAUSE__V9_SPACE__CLAUSE	CONTINUATION	UP_DOWN	CLAUSE	V9_SPACE	 up and down, without stopping	1	 up	510	0	0	-0.111532	-0.000102	1790	0.054773	[[1790, 3.028116], [464, 2.973342], [1888, 2.912612], [654, 1.680092], [1998, 1.657843]]
CONTINUATION__UP_DOWN__CLAUSE__V9_SPACE__CLAUSE	CONTINUATION	UP_DOWN	CLAUSE	V9_SPACE	 up and down, without stopping	2	 and	290	0	0	-0.028836	-0.000102	1790	0.054773	[[2229, 2.149246], [194, 2.085674], [62, 2.069985], [2664, 1.815553], [2345, 1.703913]]
CONTINUATION__UP_DOWN__CLAUSE__V9_SPACE__CLAUSE	CONTINUATION	UP_DOWN	CLAUSE	V9_SPACE	 up and down, without stopping	3	 down	866	1	1	4.184617	4.184617	541	1.156502	[[541, 4.184617], [2659, 2.812319], [2898, 2.160294], [1691, 1.966876], [2753, 1.843945]]
CONTINUATION__UP_DOWN__CLAUSE__V9_SPACE__CLAUSE	CONTINUATION	UP_DOWN	CLAUSE	V9_SPACE	 up and down, without stopping	4	,	11	0	0	-0.160262	4.184617	541	1.156502	[[1888, 2.644192], [1790, 2.457551], [2817, 1.74128], [1691, 1.269037], [2380, 1.151201]]
CONTINUATION__UP_DOWN__CLAUSE__V9_SPACE__CLAUSE	CONTINUATION	UP_DOWN	CLAUSE	V9_SPACE	 up and down, without stopping	5	 without	1231	0	0	-0.00077	4.184617	541	1.156502	[[1888, 1.765835], [3017, 1.726034], [2288, 1.707283], [1790, 1.663764], [178, 1.370189]]
CONTINUATION__UP_DOWN__CLAUSE__V9_SPACE__CLAUSE	CONTINUATION	UP_DOWN	CLAUSE	V9_SPACE	 up and down, without stopping	6	 stopping	12225	0	0	-0.157968	4.184617	541	1.156502	[[1837, 2.512967], [1790, 2.074681], [462, 2.06034], [2187, 1.575063], [682, 1.493295]]
CONTINUATION__UP_DOWN__XYZ__V9_SPACE__XYZ	CONTINUATION	UP_DOWN	XYZ	V9_SPACE	 up and down xyz	0	<BOS>	50256	0	0	-0.000102	-0.000102	2256	0.796686	[[2256, 2.36087], [1888, 1.564183], [2787, 0.893099], [1450, 0.853876], [1048, 0.848868]]
CONTINUATION__UP_DOWN__XYZ__V9_SPACE__XYZ	CONTINUATION	UP_DOWN	XYZ	V9_SPACE	 up and down xyz	1	 up	510	0	0	-0.111532	-0.000102	1790	0.054773	[[1790, 3.028116], [464, 2.973342], [1888, 2.912612], [654, 1.680092], [1998, 1.657843]]
CONTINUATION__UP_DOWN__XYZ__V9_SPACE__XYZ	CONTINUATION	UP_DOWN	XYZ	V9_SPACE	 up and down xyz	2	 and	290	0	0	-0.028836	-0.000102	1790	0.054773	[[2229, 2.149246], [194, 2.085674], [62, 2.069985], [2664, 1.815553], [2345, 1.703913]]
CONTINUATION__UP_DOWN__XYZ__V9_SPACE__XYZ	CONTINUATION	UP_DOWN	XYZ	V9_SPACE	 up and down xyz	3	 down	866	1	1	4.184617	4.184617	541	1.156502	[[541, 4.184617], [2659, 2.812319], [2898, 2.160294], [1691, 1.966876], [2753, 1.843945]]
CONTINUATION__UP_DOWN__XYZ__V9_SPACE__XYZ	CONTINUATION	UP_DOWN	XYZ	V9_SPACE	 up and down xyz	4	 x	2124	0	0	-0.005122	4.184617	541	1.121292	[[1588, 3.063325], [1888, 2.635129], [1769, 2.625299], [1790, 2.299913], [2874, 1.935299]]
CONTINUATION__UP_DOWN__XYZ__V9_SPACE__XYZ	CONTINUATION	UP_DOWN	XYZ	V9_SPACE	 up and down xyz	5	yz	45579	0	0	-0.166199	4.184617	541	1.121292	[[1888, 2.614809], [1790, 2.519539], [2371, 1.664504], [547, 1.56839], [1894, 1.254211]]
CONTINUATION__UP_DOWN__NONE__THE_PHRASE__NONE	CONTINUATION	UP_DOWN	NONE	THE_PHRASE	the phrase up and down	0	<BOS>	50256	0	0	-0.000102	-0.000102	2256	0.796686	[[2256, 2.36087], [1888, 1.564183], [2787, 0.893099], [1450, 0.853876], [1048, 0.848868]]
CONTINUATION__UP_DOWN__NONE__THE_PHRASE__NONE	CONTINUATION	UP_DOWN	NONE	THE_PHRASE	the phrase up and down	1	the	1169	0	0	-0.058428	-0.000102	1790	0.119972	[[1790, 2.74375], [1888, 2.623779], [1203, 1.370484], [654, 1.287318], [1504, 1.273196]]
CONTINUATION__UP_DOWN__NONE__THE_PHRASE__NONE	CONTINUATION	UP_DOWN	NONE	THE_PHRASE	the phrase up and down	2	 phrase	9546	0	0	-0.055584	-0.000102	2073	0.489396	[[2073, 3.233146], [1026, 1.694937], [2070, 1.648536], [388, 1.556334], [1888, 1.459668]]
CONTINUATION__UP_DOWN__NONE__THE_PHRASE__NONE	CONTINUATION	UP_DOWN	NONE	THE_PHRASE	the phrase up and down	3	 up	510	0	0	-0.008824	-0.000102	2073	0.489396	[[1790, 2.133716], [1888, 2.126585], [183, 1.563705], [2608, 1.417978], [1048, 1.337124]]
CONTINUATION__UP_DOWN__NONE__THE_PHRASE__NONE	CONTINUATION	UP_DOWN	NONE	THE_PHRASE	the phrase up and down	4	 and	290	0	0	-0.027487	-0.000102	2073	0.489396	[[62, 2.376736], [194, 1.888555], [2664, 1.814186], [2345, 1.783548], [2229, 1.672581]]
CONTINUATION__UP_DOWN__NONE__THE_PHRASE__NONE	CONTINUATION	UP_DOWN	NONE	THE_PHRASE	the phrase up and down	5	 down	866	1	1	4.404448	4.404448	541	1.092177	[[541, 4.404448], [2659, 3.31227], [2852, 1.910663], [2898, 1.71614], [2753, 1.60014]]
CONTINUATION__UP_DOWN__AGAIN__THE_PHRASE__AGAIN	CONTINUATION	UP_DOWN	AGAIN	THE_PHRASE	the phrase up and down again	0	<BOS>	50256	0	0	-0.000102	-0.000102	2256	0.796686	[[2256, 2.36087], [1888, 1.564183], [2787, 0.893099], [1450, 0.853876], [1048, 0.848868]]
CONTINUATION__UP_DOWN__AGAIN__THE_PHRASE__AGAIN	CONTINUATION	UP_DOWN	AGAIN	THE_PHRASE	the phrase up and down again	1	the	1169	0	0	-0.058428	-0.000102	1790	0.119972	[[1790, 2.74375], [1888, 2.623779], [1203, 1.370484], [654, 1.287318], [1504, 1.273196]]
CONTINUATION__UP_DOWN__AGAIN__THE_PHRASE__AGAIN	CONTINUATION	UP_DOWN	AGAIN	THE_PHRASE	the phrase up and down again	2	 phrase	9546	0	0	-0.055584	-0.000102	2073	0.489396	[[2073, 3.233146], [1026, 1.694937], [2070, 1.648536], [388, 1.556334], [1888, 1.459668]]
CONTINUATION__UP_DOWN__AGAIN__THE_PHRASE__AGAIN	CONTINUATION	UP_DOWN	AGAIN	THE_PHRASE	the phrase up and down again	3	 up	510	0	0	-0.008824	-0.000102	2073	0.489396	[[1790, 2.133716], [1888, 2.126585], [183, 1.563705], [2608, 1.417978], [1048, 1.337124]]
CONTINUATION__UP_DOWN__AGAIN__THE_PHRASE__AGAIN	CONTINUATION	UP_DOWN	AGAIN	THE_PHRASE	the phrase up and down again	4	 and	290	0	0	-0.027487	-0.000102	2073	0.489396	[[62, 2.376736], [194, 1.888555], [2664, 1.814186], [2345, 1.783548], [2229, 1.672581]]
CONTINUATION__UP_DOWN__AGAIN__THE_PHRASE__AGAIN	CONTINUATION	UP_DOWN	AGAIN	THE_PHRASE	the phrase up and down again	5	 down	866	1	1	4.404448	4.404448	541	1.092177	[[541, 4.404448], [2659, 3.31227], [2852, 1.910663], [2898, 1.71614], [2753, 1.60014]]
CONTINUATION__UP_DOWN__AGAIN__THE_PHRASE__AGAIN	CONTINUATION	UP_DOWN	AGAIN	THE_PHRASE	the phrase up and down again	6	 again	757	0	0	-0.014864	4.404448	541	1.092177	[[1888, 2.107207], [1790, 2.002848], [1594, 1.962992], [1691, 1.695826], [2720, 1.544447]]
CONTINUATION__UP_DOWN__PERIOD__THE_PHRASE__PERIOD	CONTINUATION	UP_DOWN	PERIOD	THE_PHRASE	the phrase up and down.	0	<BOS>	50256	0	0	-0.000102	-0.000102	2256	0.796686	[[2256, 2.36087], [1888, 1.564183], [2787, 0.893099], [1450, 0.853876], [1048, 0.848868]]
CONTINUATION__UP_DOWN__PERIOD__THE_PHRASE__PERIOD	CONTINUATION	UP_DOWN	PERIOD	THE_PHRASE	the phrase up and down.	1	the	1169	0	0	-0.058428	-0.000102	1790	0.119972	[[1790, 2.74375], [1888, 2.623779], [1203, 1.370484], [654, 1.287318], [1504, 1.273196]]
CONTINUATION__UP_DOWN__PERIOD__THE_PHRASE__PERIOD	CONTINUATION	UP_DOWN	PERIOD	THE_PHRASE	the phrase up and down.	2	 phrase	9546	0	0	-0.055584	-0.000102	2073	0.489396	[[2073, 3.233146], [1026, 1.694937], [2070, 1.648536], [388, 1.556334], [1888, 1.459668]]
CONTINUATION__UP_DOWN__PERIOD__THE_PHRASE__PERIOD	CONTINUATION	UP_DOWN	PERIOD	THE_PHRASE	the phrase up and down.	3	 up	510	0	0	-0.008824	-0.000102	2073	0.489396	[[1790, 2.133716], [1888, 2.126585], [183, 1.563705], [2608, 1.417978], [1048, 1.337124]]
CONTINUATION__UP_DOWN__PERIOD__THE_PHRASE__PERIOD	CONTINUATION	UP_DOWN	PERIOD	THE_PHRASE	the phrase up and down.	4	 and	290	0	0	-0.027487	-0.000102	2073	0.489396	[[62, 2.376736], [194, 1.888555], [2664, 1.814186], [2345, 1.783548], [2229, 1.672581]]
CONTINUATION__UP_DOWN__PERIOD__THE_PHRASE__PERIOD	CONTINUATION	UP_DOWN	PERIOD	THE_PHRASE	the phrase up and down.	5	 down	866	1	1	4.404448	4.404448	541	1.092177	[[541, 4.404448], [2659, 3.31227], [2852, 1.910663], [2898, 1.71614], [2753, 1.60014]]
CONTINUATION__UP_DOWN__PERIOD__THE_PHRASE__PERIOD	CONTINUATION	UP_DOWN	PERIOD	THE_PHRASE	the phrase up and down.	6	.	13	0	0	-0.022294	4.404448	541	1.092177	[[1821, 2.487871], [1888, 2.399729], [1790, 1.8629], [1423, 1.396716], [886, 1.215738]]
CONTINUATION__UP_DOWN__ROAD__THE_PHRASE__ROAD	CONTINUATION	UP_DOWN	ROAD	THE_PHRASE	the phrase up and down the road	0	<BOS>	50256	0	0	-0.000102	-0.000102	2256	0.796686	[[2256, 2.36087], [1888, 1.564183], [2787, 0.893099], [1450, 0.853876], [1048, 0.848868]]
CONTINUATION__UP_DOWN__ROAD__THE_PHRASE__ROAD	CONTINUATION	UP_DOWN	ROAD	THE_PHRASE	the phrase up and down the road	1	the	1169	0	0	-0.058428	-0.000102	1790	0.119972	[[1790, 2.74375], [1888, 2.623779], [1203, 1.370484], [654, 1.287318], [1504, 1.273196]]
CONTINUATION__UP_DOWN__ROAD__THE_PHRASE__ROAD	CONTINUATION	UP_DOWN	ROAD	THE_PHRASE	the phrase up and down the road	2	 phrase	9546	0	0	-0.055584	-0.000102	2073	0.489396	[[2073, 3.233146], [1026, 1.694937], [2070, 1.648536], [388, 1.556334], [1888, 1.459668]]
CONTINUATION__UP_DOWN__ROAD__THE_PHRASE__ROAD	CONTINUATION	UP_DOWN	ROAD	THE_PHRASE	the phrase up and down the road	3	 up	510	0	0	-0.008824	-0.000102	2073	0.489396	[[1790, 2.133716], [1888, 2.126585], [183, 1.563705], [2608, 1.417978], [1048, 1.337124]]
CONTINUATION__UP_DOWN__ROAD__THE_PHRASE__ROAD	CONTINUATION	UP_DOWN	ROAD	THE_PHRASE	the phrase up and down the road	4	 and	290	0	0	-0.027487	-0.000102	2073	0.489396	[[62, 2.376736], [194, 1.888555], [2664, 1.814186], [2345, 1.783548], [2229, 1.672581]]
CONTINUATION__UP_DOWN__ROAD__THE_PHRASE__ROAD	CONTINUATION	UP_DOWN	ROAD	THE_PHRASE	the phrase up and down the road	5	 down	866	1	1	4.404448	4.404448	541	1.092177	[[541, 4.404448], [2659, 3.31227], [2852, 1.910663], [2898, 1.71614], [2753, 1.60014]]
CONTINUATION__UP_DOWN__ROAD__THE_PHRASE__ROAD	CONTINUATION	UP_DOWN	ROAD	THE_PHRASE	the phrase up and down the road	6	 the	262	0	0	-0.169471	4.404448	541	1.092177	[[1790, 2.913366], [1888, 2.120723], [1937, 1.799785], [2528, 1.493755], [397, 1.337577]]
CONTINUATION__UP_DOWN__ROAD__THE_PHRASE__ROAD	CONTINUATION	UP_DOWN	ROAD	THE_PHRASE	the phrase up and down the road	7	 road	2975	0	0	-0.151197	4.404448	541	1.092177	[[1790, 2.633769], [397, 1.906337], [2261, 1.787397], [752, 1.575881], [1888, 1.539803]]
CONTINUATION__UP_DOWN__CLAUSE__THE_PHRASE__CLAUSE	CONTINUATION	UP_DOWN	CLAUSE	THE_PHRASE	the phrase up and down, without stopping	0	<BOS>	50256	0	0	-0.000102	-0.000102	2256	0.796686	[[2256, 2.36087], [1888, 1.564183], [2787, 0.893099], [1450, 0.853876], [1048, 0.848868]]
CONTINUATION__UP_DOWN__CLAUSE__THE_PHRASE__CLAUSE	CONTINUATION	UP_DOWN	CLAUSE	THE_PHRASE	the phrase up and down, without stopping	1	the	1169	0	0	-0.058428	-0.000102	1790	0.119971	[[1790, 2.74375], [1888, 2.623779], [1203, 1.370485], [654, 1.287318], [1504, 1.273196]]
CONTINUATION__UP_DOWN__CLAUSE__THE_PHRASE__CLAUSE	CONTINUATION	UP_DOWN	CLAUSE	THE_PHRASE	the phrase up and down, without stopping	2	 phrase	9546	0	0	-0.055584	-0.000102	2073	0.489396	[[2073, 3.233146], [1026, 1.694937], [2070, 1.648537], [388, 1.556334], [1888, 1.459666]]
CONTINUATION__UP_DOWN__CLAUSE__THE_PHRASE__CLAUSE	CONTINUATION	UP_DOWN	CLAUSE	THE_PHRASE	the phrase up and down, without stopping	3	 up	510	0	0	-0.008824	-0.000102	2073	0.489396	[[1790, 2.133717], [1888, 2.126585], [183, 1.563703], [2608, 1.417979], [1048, 1.337123]]
CONTINUATION__UP_DOWN__CLAUSE__THE_PHRASE__CLAUSE	CONTINUATION	UP_DOWN	CLAUSE	THE_PHRASE	the phrase up and down, without stopping	4	 and	290	0	0	-0.027487	-0.000102	2073	0.489396	[[62, 2.376734], [194, 1.888555], [2664, 1.814187], [2345, 1.783548], [2229, 1.672581]]
CONTINUATION__UP_DOWN__CLAUSE__THE_PHRASE__CLAUSE	CONTINUATION	UP_DOWN	CLAUSE	THE_PHRASE	the phrase up and down, without stopping	5	 down	866	1	1	4.404449	4.404449	541	1.092178	[[541, 4.404449], [2659, 3.312271], [2852, 1.910663], [2898, 1.716139], [2753, 1.60014]]
CONTINUATION__UP_DOWN__CLAUSE__THE_PHRASE__CLAUSE	CONTINUATION	UP_DOWN	CLAUSE	THE_PHRASE	the phrase up and down, without stopping	6	,	11	0	0	-0.137573	4.404449	541	1.092178	[[1888, 2.080382], [886, 2.069873], [2380, 2.004817], [1790, 1.750073], [2817, 1.47859]]
CONTINUATION__UP_DOWN__CLAUSE__THE_PHRASE__CLAUSE	CONTINUATION	UP_DOWN	CLAUSE	THE_PHRASE	the phrase up and down, without stopping	7	 without	1231	0	0	-0.000832	4.404449	541	1.092178	[[3017, 1.684221], [178, 1.621982], [1888, 1.607806], [1862, 1.40899], [2288, 1.388853]]
CONTINUATION__UP_DOWN__CLAUSE__THE_PHRASE__CLAUSE	CONTINUATION	UP_DOWN	CLAUSE	THE_PHRASE	the phrase up and down, without stopping	8	 stopping	12225	0	0	-0.161363	4.404449	541	1.092178	[[1837, 2.257016], [462, 2.176025], [1790, 2.087528], [2187, 1.553614], [682, 1.369069]]
CONTINUATION__UP_DOWN__XYZ__THE_PHRASE__XYZ	CONTINUATION	UP_DOWN	XYZ	THE_PHRASE	the phrase up and down xyz	0	<BOS>	50256	0	0	-0.000102	-0.000102	2256	0.796686	[[2256, 2.36087], [1888, 1.564183], [2787, 0.893099], [1450, 0.853876], [1048, 0.848868]]
CONTINUATION__UP_DOWN__XYZ__THE_PHRASE__XYZ	CONTINUATION	UP_DOWN	XYZ	THE_PHRASE	the phrase up and down xyz	1	the	1169	0	0	-0.058428	-0.000102	1790	0.119972	[[1790, 2.74375], [1888, 2.623779], [1203, 1.370484], [654, 1.287318], [1504, 1.273196]]
CONTINUATION__UP_DOWN__XYZ__THE_PHRASE__XYZ	CONTINUATION	UP_DOWN	XYZ	THE_PHRASE	the phrase up and down xyz	2	 phrase	9546	0	0	-0.055584	-0.000102	2073	0.489396	[[2073, 3.233146], [1026, 1.694937], [2070, 1.648536], [388, 1.556334], [1888, 1.459668]]
CONTINUATION__UP_DOWN__XYZ__THE_PHRASE__XYZ	CONTINUATION	UP_DOWN	XYZ	THE_PHRASE	the phrase up and down xyz	3	 up	510	0	0	-0.008824	-0.000102	2073	0.489396	[[1790, 2.133716], [1888, 2.126585], [183, 1.563705], [2608, 1.417978], [1048, 1.337124]]
CONTINUATION__UP_DOWN__XYZ__THE_PHRASE__XYZ	CONTINUATION	UP_DOWN	XYZ	THE_PHRASE	the phrase up and down xyz	4	 and	290	0	0	-0.027487	-0.000102	2073	0.489396	[[62, 2.376736], [194, 1.888555], [2664, 1.814186], [2345, 1.783548], [2229, 1.672581]]
CONTINUATION__UP_DOWN__XYZ__THE_PHRASE__XYZ	CONTINUATION	UP_DOWN	XYZ	THE_PHRASE	the phrase up and down xyz	5	 down	866	1	1	4.404448	4.404448	541	1.092177	[[541, 4.404448], [2659, 3.31227], [2852, 1.910663], [2898, 1.71614], [2753, 1.60014]]
CONTINUATION__UP_DOWN__XYZ__THE_PHRASE__XYZ	CONTINUATION	UP_DOWN	XYZ	THE_PHRASE	the phrase up and down xyz	6	 x	2124	0	0	-0.002617	4.404448	541	1.092177	[[1588, 2.655476], [1888, 2.556257], [1769, 2.376076], [1790, 2.252742], [2874, 1.969717]]
CONTINUATION__UP_DOWN__XYZ__THE_PHRASE__XYZ	CONTINUATION	UP_DOWN	XYZ	THE_PHRASE	the phrase up and down xyz	7	yz	45579	0	0	-0.157944	4.404448	541	1.092177	[[1790, 2.723121], [1888, 2.696841], [547, 1.835796], [2371, 1.6563], [685, 1.512806]]
CONTINUATION__UP_DOWN__NONE__THEY_SAID__NONE	CONTINUATION	UP_DOWN	NONE	THEY_SAID	they said up and down	0	<BOS>	50256	0	0	-0.000102	-0.000102	2256	0.796686	[[2256, 2.36087], [1888, 1.564183], [2787, 0.893099], [1450, 0.853876], [1048, 0.848868]]
CONTINUATION__UP_DOWN__NONE__THEY_SAID__NONE	CONTINUATION	UP_DOWN	NONE	THEY_SAID	they said up and down	1	they	9930	0	0	-0.133193	-0.000102	2256	0.053377	[[1790, 2.307492], [1888, 2.21476], [234, 1.470804], [1169, 1.294994], [654, 1.246823]]
CONTINUATION__UP_DOWN__NONE__THEY_SAID__NONE	CONTINUATION	UP_DOWN	NONE	THEY_SAID	they said up and down	2	 said	531	0	0	-0.038379	-0.000102	2256	0.053377	[[2982, 1.845008], [932, 1.550615], [521, 1.429855], [38, 1.363183], [654, 1.281732]]
CONTINUATION__UP_DOWN__NONE__THEY_SAID__NONE	CONTINUATION	UP_DOWN	NONE	THEY_SAID	they said up and down	3	 up	510	0	0	-0.083447	-0.000102	2256	0.053377	[[1790, 2.102177], [1888, 2.071522], [2576, 1.720305], [1519, 1.619841], [2006, 1.616877]]
CONTINUATION__UP_DOWN__NONE__THEY_SAID__NONE	CONTINUATION	UP_DOWN	NONE	THEY_SAID	they said up and down	4	 and	290	0	0	-0.03435	-0.000102	62	0.598819	[[62, 2.959688], [2229, 2.213619], [2171, 1.972283], [2452, 1.815522], [2633, 1.77511]]
CONTINUATION__UP_DOWN__NONE__THEY_SAID__NONE	CONTINUATION	UP_DOWN	NONE	THEY_SAID	they said up and down	5	 down	866	1	1	4.283485	4.283485	541	1.295133	[[541, 4.283485], [2659, 2.988352], [2753, 1.97366], [2882, 1.89386], [2852, 1.862747]]
CONTINUATION__UP_DOWN__AGAIN__THEY_SAID__AGAIN	CONTINUATION	UP_DOWN	AGAIN	THEY_SAID	they said up and down again	0	<BOS>	50256	0	0	-0.000102	-0.000102	2256	0.796686	[[2256, 2.36087], [1888, 1.564183], [2787, 0.893099], [1450, 0.853876], [1048, 0.848868]]
CONTINUATION__UP_DOWN__AGAIN__THEY_SAID__AGAIN	CONTINUATION	UP_DOWN	AGAIN	THEY_SAID	they said up and down again	1	they	9930	0	0	-0.133193	-0.000102	2256	0.053377	[[1790, 2.307492], [1888, 2.21476], [234, 1.470804], [1169, 1.294994], [654, 1.246823]]
CONTINUATION__UP_DOWN__AGAIN__THEY_SAID__AGAIN	CONTINUATION	UP_DOWN	AGAIN	THEY_SAID	they said up and down again	2	 said	531	0	0	-0.038379	-0.000102	2256	0.053377	[[2982, 1.845008], [932, 1.550615], [521, 1.429855], [38, 1.363183], [654, 1.281732]]
CONTINUATION__UP_DOWN__AGAIN__THEY_SAID__AGAIN	CONTINUATION	UP_DOWN	AGAIN	THEY_SAID	they said up and down again	3	 up	510	0	0	-0.083447	-0.000102	2256	0.053377	[[1790, 2.102177], [1888, 2.071522], [2576, 1.720305], [1519, 1.619841], [2006, 1.616877]]
CONTINUATION__UP_DOWN__AGAIN__THEY_SAID__AGAIN	CONTINUATION	UP_DOWN	AGAIN	THEY_SAID	they said up and down again	4	 and	290	0	0	-0.03435	-0.000102	62	0.598819	[[62, 2.959688], [2229, 2.213619], [2171, 1.972283], [2452, 1.815522], [2633, 1.77511]]
CONTINUATION__UP_DOWN__AGAIN__THEY_SAID__AGAIN	CONTINUATION	UP_DOWN	AGAIN	THEY_SAID	they said up and down again	5	 down	866	1	1	4.283485	4.283485	541	1.295133	[[541, 4.283485], [2659, 2.988352], [2753, 1.97366], [2882, 1.89386], [2852, 1.862747]]
CONTINUATION__UP_DOWN__AGAIN__THEY_SAID__AGAIN	CONTINUATION	UP_DOWN	AGAIN	THEY_SAID	they said up and down again	6	 again	757	0	0	-0.138532	4.283485	541	1.295133	[[1790, 1.912922], [1888, 1.875154], [2705, 1.65428], [2714, 1.574465], [2881, 1.512713]]
CONTINUATION__UP_DOWN__PERIOD__THEY_SAID__PERIOD	CONTINUATION	UP_DOWN	PERIOD	THEY_SAID	they said up and down.	0	<BOS>	50256	0	0	-0.000102	-0.000102	2256	0.796686	[[2256, 2.36087], [1888, 1.564183], [2787, 0.893099], [1450, 0.853876], [1048, 0.848868]]
CONTINUATION__UP_DOWN__PERIOD__THEY_SAID__PERIOD	CONTINUATION	UP_DOWN	PERIOD	THEY_SAID	they said up and down.	1	they	9930	0	0	-0.133193	-0.000102	2256	0.053377	[[1790, 2.307492], [1888, 2.21476], [234, 1.470804], [1169, 1.294994], [654, 1.246823]]
CONTINUATION__UP_DOWN__PERIOD__THEY_SAID__PERIOD	CONTINUATION	UP_DOWN	PERIOD	THEY_SAID	they said up and down.	2	 said	531	0	0	-0.038379	-0.000102	2256	0.053377	[[2982, 1.845008], [932, 1.550615], [521, 1.429855], [38, 1.363183], [654, 1.281732]]
CONTINUATION__UP_DOWN__PERIOD__THEY_SAID__PERIOD	CONTINUATION	UP_DOWN	PERIOD	THEY_SAID	they said up and down.	3	 up	510	0	0	-0.083447	-0.000102	2256	0.053377	[[1790, 2.102177], [1888, 2.071522], [2576, 1.720305], [1519, 1.619841], [2006, 1.616877]]
CONTINUATION__UP_DOWN__PERIOD__THEY_SAID__PERIOD	CONTINUATION	UP_DOWN	PERIOD	THEY_SAID	they said up and down.	4	 and	290	0	0	-0.03435	-0.000102	62	0.598819	[[62, 2.959688], [2229, 2.213619], [2171, 1.972283], [2452, 1.815522], [2633, 1.77511]]
CONTINUATION__UP_DOWN__PERIOD__THEY_SAID__PERIOD	CONTINUATION	UP_DOWN	PERIOD	THEY_SAID	they said up and down.	5	 down	866	1	1	4.283485	4.283485	541	1.295133	[[541, 4.283485], [2659, 2.988352], [2753, 1.97366], [2882, 1.89386], [2852, 1.862747]]
CONTINUATION__UP_DOWN__PERIOD__THEY_SAID__PERIOD	CONTINUATION	UP_DOWN	PERIOD	THEY_SAID	they said up and down.	6	.	13	0	0	-0.025762	4.283485	541	1.295133	[[1888, 2.398042], [1821, 2.255996], [1790, 2.100816], [2925, 1.341753], [654, 1.339808]]
CONTINUATION__UP_DOWN__ROAD__THEY_SAID__ROAD	CONTINUATION	UP_DOWN	ROAD	THEY_SAID	they said up and down the road	0	<BOS>	50256	0	0	-0.000102	-0.000102	2256	0.796686	[[2256, 2.36087], [1888, 1.564183], [2787, 0.893099], [1450, 0.853876], [1048, 0.848868]]
CONTINUATION__UP_DOWN__ROAD__THEY_SAID__ROAD	CONTINUATION	UP_DOWN	ROAD	THEY_SAID	they said up and down the road	1	they	9930	0	0	-0.133193	-0.000102	2256	0.053377	[[1790, 2.307492], [1888, 2.21476], [234, 1.470804], [1169, 1.294994], [654, 1.246823]]
CONTINUATION__UP_DOWN__ROAD__THEY_SAID__ROAD	CONTINUATION	UP_DOWN	ROAD	THEY_SAID	they said up and down the road	2	 said	531	0	0	-0.038379	-0.000102	2256	0.053377	[[2982, 1.845008], [932, 1.550615], [521, 1.429855], [38, 1.363183], [654, 1.281732]]
CONTINUATION__UP_DOWN__ROAD__THEY_SAID__ROAD	CONTINUATION	UP_DOWN	ROAD	THEY_SAID	they said up and down the road	3	 up	510	0	0	-0.083447	-0.000102	2256	0.053377	[[1790, 2.102177], [1888, 2.071522], [2576, 1.720305], [1519, 1.619841], [2006, 1.616877]]
CONTINUATION__UP_DOWN__ROAD__THEY_SAID__ROAD	CONTINUATION	UP_DOWN	ROAD	THEY_SAID	they said up and down the road	4	 and	290	0	0	-0.03435	-0.000102	62	0.598819	[[62, 2.959688], [2229, 2.213619], [2171, 1.972283], [2452, 1.815522], [2633, 1.77511]]
CONTINUATION__UP_DOWN__ROAD__THEY_SAID__ROAD	CONTINUATION	UP_DOWN	ROAD	THEY_SAID	they said up and down the road	5	 down	866	1	1	4.283485	4.283485	541	1.295133	[[541, 4.283485], [2659, 2.988352], [2753, 1.97366], [2882, 1.89386], [2852, 1.862747]]
CONTINUATION__UP_DOWN__ROAD__THEY_SAID__ROAD	CONTINUATION	UP_DOWN	ROAD	THEY_SAID	they said up and down the road	6	 the	262	0	0	-0.149616	4.283485	541	1.295133	[[1790, 2.698623], [1937, 1.859623], [1888, 1.825815], [397, 1.740948], [654, 1.407532]]
CONTINUATION__UP_DOWN__ROAD__THEY_SAID__ROAD	CONTINUATION	UP_DOWN	ROAD	THEY_SAID	they said up and down the road	7	 road	2975	0	0	-0.153183	4.283485	541	1.295133	[[1790, 2.299894], [752, 2.137685], [397, 2.038479], [2261, 1.629112], [1047, 1.374958]]
CONTINUATION__UP_DOWN__CLAUSE__THEY_SAID__CLAUSE	CONTINUATION	UP_DOWN	CLAUSE	THEY_SAID	they said up and down, without stopping	0	<BOS>	50256	0	0	-0.000102	-0.000102	2256	0.796686	[[2256, 2.36087], [1888, 1.564183], [2787, 0.893099], [1450, 0.853876], [1048, 0.848868]]
CONTINUATION__UP_DOWN__CLAUSE__THEY_SAID__CLAUSE	CONTINUATION	UP_DOWN	CLAUSE	THEY_SAID	they said up and down, without stopping	1	they	9930	0	0	-0.133193	-0.000102	2256	0.053377	[[1790, 2.307492], [1888, 2.21476], [234, 1.470804], [1169, 1.294996], [654, 1.246823]]
CONTINUATION__UP_DOWN__CLAUSE__THEY_SAID__CLAUSE	CONTINUATION	UP_DOWN	CLAUSE	THEY_SAID	they said up and down, without stopping	2	 said	531	0	0	-0.038379	-0.000102	2256	0.053377	[[2982, 1.845007], [932, 1.550614], [521, 1.429854], [38, 1.363182], [654, 1.281733]]
CONTINUATION__UP_DOWN__CLAUSE__THEY_SAID__CLAUSE	CONTINUATION	UP_DOWN	CLAUSE	THEY_SAID	they said up and down, without stopping	3	 up	510	0	0	-0.083447	-0.000102	2256	0.053377	[[1790, 2.102176], [1888, 2.071521], [2576, 1.720304], [1519, 1.619839], [2006, 1.616877]]
CONTINUATION__UP_DOWN__CLAUSE__THEY_SAID__CLAUSE	CONTINUATION	UP_DOWN	CLAUSE	THEY_SAID	they said up and down, without stopping	4	 and	290	0	0	-0.03435	-0.000102	62	0.598818	[[62, 2.959688], [2229, 2.213619], [2171, 1.972282], [2452, 1.815521], [2633, 1.775109]]
CONTINUATION__UP_DOWN__CLAUSE__THEY_SAID__CLAUSE	CONTINUATION	UP_DOWN	CLAUSE	THEY_SAID	they said up and down, without stopping	5	 down	866	1	1	4.28348	4.28348	541	1.295129	[[541, 4.28348], [2659, 2.988351], [2753, 1.973659], [2882, 1.89386], [2852, 1.862745]]
CONTINUATION__UP_DOWN__CLAUSE__THEY_SAID__CLAUSE	CONTINUATION	UP_DOWN	CLAUSE	THEY_SAID	they said up and down, without stopping	6	,	11	0	0	-0.148985	4.28348	541	1.295129	[[1888, 1.863177], [1790, 1.808475], [2380, 1.415259], [2817, 1.337793], [2925, 1.284179]]
CONTINUATION__UP_DOWN__CLAUSE__THEY_SAID__CLAUSE	CONTINUATION	UP_DOWN	CLAUSE	THEY_SAID	they said up and down, without stopping	7	 without	1231	0	0	-0.000551	4.28348	541	1.295129	[[1790, 1.659696], [1888, 1.639145], [2281, 1.616953], [2732, 1.435926], [1231, 1.411516]]
CONTINUATION__UP_DOWN__CLAUSE__THEY_SAID__CLAUSE	CONTINUATION	UP_DOWN	CLAUSE	THEY_SAID	they said up and down, without stopping	8	 stopping	12225	0	0	-0.169801	4.28348	541	1.295129	[[1837, 2.251986], [462, 2.130396], [1790, 1.996145], [2187, 1.550211], [682, 1.335569]]
CONTINUATION__UP_DOWN__XYZ__THEY_SAID__XYZ	CONTINUATION	UP_DOWN	XYZ	THEY_SAID	they said up and down xyz	0	<BOS>	50256	0	0	-0.000102	-0.000102	2256	0.796686	[[2256, 2.36087], [1888, 1.564183], [2787, 0.893099], [1450, 0.853876], [1048, 0.848868]]
CONTINUATION__UP_DOWN__XYZ__THEY_SAID__XYZ	CONTINUATION	UP_DOWN	XYZ	THEY_SAID	they said up and down xyz	1	they	9930	0	0	-0.133193	-0.000102	2256	0.053377	[[1790, 2.307492], [1888, 2.21476], [234, 1.470804], [1169, 1.294994], [654, 1.246823]]
CONTINUATION__UP_DOWN__XYZ__THEY_SAID__XYZ	CONTINUATION	UP_DOWN	XYZ	THEY_SAID	they said up and down xyz	2	 said	531	0	0	-0.038379	-0.000102	2256	0.053377	[[2982, 1.845008], [932, 1.550615], [521, 1.429855], [38, 1.363183], [654, 1.281732]]
CONTINUATION__UP_DOWN__XYZ__THEY_SAID__XYZ	CONTINUATION	UP_DOWN	XYZ	THEY_SAID	they said up and down xyz	3	 up	510	0	0	-0.083447	-0.000102	2256	0.053377	[[1790, 2.102177], [1888, 2.071522], [2576, 1.720305], [1519, 1.619841], [2006, 1.616877]]
CONTINUATION__UP_DOWN__XYZ__THEY_SAID__XYZ	CONTINUATION	UP_DOWN	XYZ	THEY_SAID	they said up and down xyz	4	 and	290	0	0	-0.03435	-0.000102	62	0.598819	[[62, 2.959688], [2229, 2.213619], [2171, 1.972283], [2452, 1.815522], [2633, 1.77511]]
CONTINUATION__UP_DOWN__XYZ__THEY_SAID__XYZ	CONTINUATION	UP_DOWN	XYZ	THEY_SAID	they said up and down xyz	5	 down	866	1	1	4.283485	4.283485	541	1.295133	[[541, 4.283485], [2659, 2.988352], [2753, 1.97366], [2882, 1.89386], [2852, 1.862747]]
CONTINUATION__UP_DOWN__XYZ__THEY_SAID__XYZ	CONTINUATION	UP_DOWN	XYZ	THEY_SAID	they said up and down xyz	6	 x	2124	0	0	-0.003533	4.283485	541	1.219115	[[1588, 3.064369], [1769, 2.616179], [1888, 2.615413], [2874, 2.158453], [1790, 2.003896]]
CONTINUATION__UP_DOWN__XYZ__THEY_SAID__XYZ	CONTINUATION	UP_DOWN	XYZ	THEY_SAID	they said up and down xyz	7	yz	45579	0	0	-0.146577	4.283485	541	1.219115	[[1790, 2.491099], [1888, 2.441687], [2371, 1.691529], [547, 1.645714], [685, 1.264018]]
CONTINUATION__NOW_THEN__NONE__BARE__NONE	CONTINUATION	NOW_THEN	NONE	BARE	now and then	0	<BOS>	50256	0	0	-0.000102	-0.000102	2256	0.796686	[[2256, 2.36087], [1888, 1.564183], [2787, 0.893099], [1450, 0.853876], [1048, 0.848868]]
CONTINUATION__NOW_THEN__NONE__BARE__NONE	CONTINUATION	NOW_THEN	NONE	BARE	now and then	1	now	2197	0	0	-0.139163	-0.000102	1888	0.274908	[[1888, 2.69629], [1790, 2.421382], [2556, 2.098502], [1691, 1.699828], [1594, 1.453155]]
CONTINUATION__NOW_THEN__NONE__BARE__NONE	CONTINUATION	NOW_THEN	NONE	BARE	now and then	2	 and	290	0	0	-0.011081	-0.000102	1888	0.274908	[[2898, 2.219357], [1790, 2.004821], [2637, 1.572612], [2664, 1.316337], [337, 1.212967]]
CONTINUATION__NOW_THEN__NONE__BARE__NONE	CONTINUATION	NOW_THEN	NONE	BARE	now and then	3	 then	788	1	1	3.322905	3.322905	541	0.626615	[[541, 3.322905], [2753, 2.422944], [512, 1.923031], [1842, 1.867081], [2882, 1.83383]]
CONTINUATION__NOW_THEN__AGAIN__BARE__AGAIN	CONTINUATION	NOW_THEN	AGAIN	BARE	now and then again	0	<BOS>	50256	0	0	-0.000102	-0.000102	2256	0.796686	[[2256, 2.36087], [1888, 1.564183], [2787, 0.893099], [1450, 0.853876], [1048, 0.848868]]
CONTINUATION__NOW_THEN__AGAIN__BARE__AGAIN	CONTINUATION	NOW_THEN	AGAIN	BARE	now and then again	1	now	2197	0	0	-0.139163	-0.000102	1888	0.274908	[[1888, 2.69629], [1790, 2.421382], [2556, 2.098502], [1691, 1.699828], [1594, 1.453155]]
CONTINUATION__NOW_THEN__AGAIN__BARE__AGAIN	CONTINUATION	NOW_THEN	AGAIN	BARE	now and then again	2	 and	290	0	0	-0.011081	-0.000102	1888	0.274908	[[2898, 2.219357], [1790, 2.004821], [2637, 1.572612], [2664, 1.316337], [337, 1.212967]]
CONTINUATION__NOW_THEN__AGAIN__BARE__AGAIN	CONTINUATION	NOW_THEN	AGAIN	BARE	now and then again	3	 then	788	1	1	3.322905	3.322905	541	0.626615	[[541, 3.322905], [2753, 2.422944], [512, 1.923031], [1842, 1.867081], [2882, 1.83383]]
CONTINUATION__NOW_THEN__AGAIN__BARE__AGAIN	CONTINUATION	NOW_THEN	AGAIN	BARE	now and then again	4	 again	757	0	0	1.200316	3.322905	541	0.626615	[[2816, 2.184477], [2705, 2.098365], [1691, 1.867221], [2753, 1.807345], [1790, 1.789123]]
CONTINUATION__NOW_THEN__PERIOD__BARE__PERIOD	CONTINUATION	NOW_THEN	PERIOD	BARE	now and then.	0	<BOS>	50256	0	0	-0.000102	-0.000102	2256	0.796686	[[2256, 2.36087], [1888, 1.564183], [2787, 0.893099], [1450, 0.853876], [1048, 0.848868]]
CONTINUATION__NOW_THEN__PERIOD__BARE__PERIOD	CONTINUATION	NOW_THEN	PERIOD	BARE	now and then.	1	now	2197	0	0	-0.139163	-0.000102	1888	0.274908	[[1888, 2.69629], [1790, 2.421382], [2556, 2.098502], [1691, 1.699828], [1594, 1.453155]]
CONTINUATION__NOW_THEN__PERIOD__BARE__PERIOD	CONTINUATION	NOW_THEN	PERIOD	BARE	now and then.	2	 and	290	0	0	-0.011081	-0.000102	1888	0.274908	[[2898, 2.219357], [1790, 2.004821], [2637, 1.572612], [2664, 1.316337], [337, 1.212967]]
CONTINUATION__NOW_THEN__PERIOD__BARE__PERIOD	CONTINUATION	NOW_THEN	PERIOD	BARE	now and then.	3	 then	788	1	1	3.322905	3.322905	541	0.626615	[[541, 3.322905], [2753, 2.422944], [512, 1.923031], [1842, 1.867081], [2882, 1.83383]]
CONTINUATION__NOW_THEN__PERIOD__BARE__PERIOD	CONTINUATION	NOW_THEN	PERIOD	BARE	now and then.	4	.	13	0	0	-0.020664	3.322905	541	0.626615	[[1888, 2.329053], [1821, 2.212286], [1790, 1.80819], [2865, 1.740626], [2710, 1.592257]]
CONTINUATION__NOW_THEN__ROAD__BARE__ROAD	CONTINUATION	NOW_THEN	ROAD	BARE	now and then the road	0	<BOS>	50256	0	0	-0.000102	-0.000102	2256	0.796686	[[2256, 2.36087], [1888, 1.564183], [2787, 0.893099], [1450, 0.853876], [1048, 0.848868]]
CONTINUATION__NOW_THEN__ROAD__BARE__ROAD	CONTINUATION	NOW_THEN	ROAD	BARE	now and then the road	1	now	2197	0	0	-0.139163	-0.000102	1888	0.274908	[[1888, 2.69629], [1790, 2.421382], [2556, 2.098502], [1691, 1.699828], [1594, 1.453155]]
CONTINUATION__NOW_THEN__ROAD__BARE__ROAD	CONTINUATION	NOW_THEN	ROAD	BARE	now and then the road	2	 and	290	0	0	-0.011081	-0.000102	1888	0.274908	[[2898, 2.219357], [1790, 2.004821], [2637, 1.572612], [2664, 1.316337], [337, 1.212967]]
CONTINUATION__NOW_THEN__ROAD__BARE__ROAD	CONTINUATION	NOW_THEN	ROAD	BARE	now and then the road	3	 then	788	1	1	3.322905	3.322905	541	0.626615	[[541, 3.322905], [2753, 2.422944], [512, 1.923031], [1842, 1.867081], [2882, 1.83383]]
CONTINUATION__NOW_THEN__ROAD__BARE__ROAD	CONTINUATION	NOW_THEN	ROAD	BARE	now and then the road	4	 the	262	0	0	-0.009086	3.322905	541	0.470213	[[1790, 2.852692], [1888, 2.415621], [1504, 2.148518], [1950, 1.624931], [2865, 1.476475]]
CONTINUATION__NOW_THEN__ROAD__BARE__ROAD	CONTINUATION	NOW_THEN	ROAD	BARE	now and then the road	5	 road	2975	0	0	-0.115261	3.322905	541	0.470213	[[2073, 2.789335], [1888, 2.369246], [1790, 1.948427], [692, 1.63045], [270, 1.54865]]
CONTINUATION__NOW_THEN__CLAUSE__BARE__CLAUSE	CONTINUATION	NOW_THEN	CLAUSE	BARE	now and then, without stopping	0	<BOS>	50256	0	0	-0.000102	-0.000102	2256	0.796686	[[2256, 2.36087], [1888, 1.564183], [2787, 0.893099], [1450, 0.853876], [1048, 0.848868]]
CONTINUATION__NOW_THEN__CLAUSE__BARE__CLAUSE	CONTINUATION	NOW_THEN	CLAUSE	BARE	now and then, without stopping	1	now	2197	0	0	-0.139163	-0.000102	1888	0.274908	[[1888, 2.69629], [1790, 2.421382], [2556, 2.098502], [1691, 1.699828], [1594, 1.453155]]
CONTINUATION__NOW_THEN__CLAUSE__BARE__CLAUSE	CONTINUATION	NOW_THEN	CLAUSE	BARE	now and then, without stopping	2	 and	290	0	0	-0.011081	-0.000102	1888	0.274908	[[2898, 2.219357], [1790, 2.004821], [2637, 1.572612], [2664, 1.316337], [337, 1.212967]]
CONTINUATION__NOW_THEN__CLAUSE__BARE__CLAUSE	CONTINUATION	NOW_THEN	CLAUSE	BARE	now and then, without stopping	3	 then	788	1	1	3.322905	3.322905	541	0.626615	[[541, 3.322905], [2753, 2.422944], [512, 1.923031], [1842, 1.867081], [2882, 1.83383]]
CONTINUATION__NOW_THEN__CLAUSE__BARE__CLAUSE	CONTINUATION	NOW_THEN	CLAUSE	BARE	now and then, without stopping	4	,	11	0	0	-0.094807	3.322905	541	0.626615	[[1790, 2.169215], [1888, 2.061554], [2865, 1.720027], [338, 1.183035], [1197, 1.177764]]
CONTINUATION__NOW_THEN__CLAUSE__BARE__CLAUSE	CONTINUATION	NOW_THEN	CLAUSE	BARE	now and then, without stopping	5	 without	1231	0	0	-0.009653	3.322905	541	0.626615	[[2288, 1.892921], [1888, 1.817428], [1790, 1.677084], [2281, 1.279512], [885, 1.257905]]
CONTINUATION__NOW_THEN__CLAUSE__BARE__CLAUSE	CONTINUATION	NOW_THEN	CLAUSE	BARE	now and then, without stopping	6	 stopping	12225	0	0	-0.166611	3.322905	541	0.53711	[[1837, 2.785795], [462, 2.248353], [682, 2.093196], [1790, 1.912374], [2187, 1.707654]]
CONTINUATION__NOW_THEN__XYZ__BARE__XYZ	CONTINUATION	NOW_THEN	XYZ	BARE	now and then xyz	0	<BOS>	50256	0	0	-0.000102	-0.000102	2256	0.796686	[[2256, 2.36087], [1888, 1.564183], [2787, 0.893099], [1450, 0.853876], [1048, 0.848868]]
CONTINUATION__NOW_THEN__XYZ__BARE__XYZ	CONTINUATION	NOW_THEN	XYZ	BARE	now and then xyz	1	now	2197	0	0	-0.139163	-0.000102	1888	0.274908	[[1888, 2.69629], [1790, 2.421382], [2556, 2.098502], [1691, 1.699828], [1594, 1.453155]]
CONTINUATION__NOW_THEN__XYZ__BARE__XYZ	CONTINUATION	NOW_THEN	XYZ	BARE	now and then xyz	2	 and	290	0	0	-0.011081	-0.000102	1888	0.274908	[[2898, 2.219357], [1790, 2.004821], [2637, 1.572612], [2664, 1.316337], [337, 1.212967]]
CONTINUATION__NOW_THEN__XYZ__BARE__XYZ	CONTINUATION	NOW_THEN	XYZ	BARE	now and then xyz	3	 then	788	1	1	3.322905	3.322905	541	0.626615	[[541, 3.322905], [2753, 2.422944], [512, 1.923031], [1842, 1.867081], [2882, 1.83383]]
CONTINUATION__NOW_THEN__XYZ__BARE__XYZ	CONTINUATION	NOW_THEN	XYZ	BARE	now and then xyz	4	 x	2124	0	0	-0.011822	3.322905	541	0.480566	[[1888, 2.842339], [1588, 2.589992], [2874, 2.287592], [1769, 2.260148], [1790, 2.036907]]
CONTINUATION__NOW_THEN__XYZ__BARE__XYZ	CONTINUATION	NOW_THEN	XYZ	BARE	now and then xyz	5	yz	45579	0	0	-0.151375	3.322905	541	0.480566	[[1888, 2.498303], [1790, 2.413225], [2371, 1.768926], [547, 1.615781], [1894, 1.392973]]
CONTINUATION__NOW_THEN__NONE__V9_SPACE__NONE	CONTINUATION	NOW_THEN	NONE	V9_SPACE	 now and then	0	<BOS>	50256	0	0	-0.000102	-0.000102	2256	0.796686	[[2256, 2.36087], [1888, 1.564183], [2787, 0.893099], [1450, 0.853876], [1048, 0.848868]]
CONTINUATION__NOW_THEN__NONE__V9_SPACE__NONE	CONTINUATION	NOW_THEN	NONE	V9_SPACE	 now and then	1	 now	783	0	0	-0.096283	-0.000102	1888	0.513781	[[1888, 3.160014], [1790, 2.646234], [464, 2.16641], [1594, 1.714416], [2556, 1.571708]]
CONTINUATION__NOW_THEN__NONE__V9_SPACE__NONE	CONTINUATION	NOW_THEN	NONE	V9_SPACE	 now and then	2	 and	290	0	0	-0.004342	-0.000102	1888	0.513781	[[2898, 2.287115], [1790, 2.069805], [2637, 2.032096], [1888, 1.350853], [654, 1.172426]]
CONTINUATION__NOW_THEN__NONE__V9_SPACE__NONE	CONTINUATION	NOW_THEN	NONE	V9_SPACE	 now and then	3	 then	788	1	1	3.729732	3.729732	541	0.569717	[[541, 3.729732], [2753, 2.298112], [1397, 1.891337], [1981, 1.839666], [512, 1.821777]]
CONTINUATION__NOW_THEN__AGAIN__V9_SPACE__AGAIN	CONTINUATION	NOW_THEN	AGAIN	V9_SPACE	 now and then again	0	<BOS>	50256	0	0	-0.000102	-0.000102	2256	0.796686	[[2256, 2.36087], [1888, 1.564183], [2787, 0.893099], [1450, 0.853876], [1048, 0.848868]]
CONTINUATION__NOW_THEN__AGAIN__V9_SPACE__AGAIN	CONTINUATION	NOW_THEN	AGAIN	V9_SPACE	 now and then again	1	 now	783	0	0	-0.096283	-0.000102	1888	0.513781	[[1888, 3.160014], [1790, 2.646234], [464, 2.16641], [1594, 1.714416], [2556, 1.571708]]
CONTINUATION__NOW_THEN__AGAIN__V9_SPACE__AGAIN	CONTINUATION	NOW_THEN	AGAIN	V9_SPACE	 now and then again	2	 and	290	0	0	-0.004342	-0.000102	1888	0.513781	[[2898, 2.287115], [1790, 2.069805], [2637, 2.032096], [1888, 1.350853], [654, 1.172426]]
CONTINUATION__NOW_THEN__AGAIN__V9_SPACE__AGAIN	CONTINUATION	NOW_THEN	AGAIN	V9_SPACE	 now and then again	3	 then	788	1	1	3.729732	3.729732	541	0.569717	[[541, 3.729732], [2753, 2.298112], [1397, 1.891337], [1981, 1.839666], [512, 1.821777]]
CONTINUATION__NOW_THEN__AGAIN__V9_SPACE__AGAIN	CONTINUATION	NOW_THEN	AGAIN	V9_SPACE	 now and then again	4	 again	757	0	0	1.883259	3.729732	541	0.569717	[[2816, 2.172077], [2705, 2.102269], [1691, 1.909638], [541, 1.883259], [2753, 1.857904]]
CONTINUATION__NOW_THEN__PERIOD__V9_SPACE__PERIOD	CONTINUATION	NOW_THEN	PERIOD	V9_SPACE	 now and then.	0	<BOS>	50256	0	0	-0.000102	-0.000102	2256	0.796686	[[2256, 2.36087], [1888, 1.564183], [2787, 0.893099], [1450, 0.853876], [1048, 0.848868]]
CONTINUATION__NOW_THEN__PERIOD__V9_SPACE__PERIOD	CONTINUATION	NOW_THEN	PERIOD	V9_SPACE	 now and then.	1	 now	783	0	0	-0.096283	-0.000102	1888	0.513781	[[1888, 3.160014], [1790, 2.646234], [464, 2.16641], [1594, 1.714416], [2556, 1.571708]]
CONTINUATION__NOW_THEN__PERIOD__V9_SPACE__PERIOD	CONTINUATION	NOW_THEN	PERIOD	V9_SPACE	 now and then.	2	 and	290	0	0	-0.004342	-0.000102	1888	0.513781	[[2898, 2.287115], [1790, 2.069805], [2637, 2.032096], [1888, 1.350853], [654, 1.172426]]
CONTINUATION__NOW_THEN__PERIOD__V9_SPACE__PERIOD	CONTINUATION	NOW_THEN	PERIOD	V9_SPACE	 now and then.	3	 then	788	1	1	3.729732	3.729732	541	0.569717	[[541, 3.729732], [2753, 2.298112], [1397, 1.891337], [1981, 1.839666], [512, 1.821777]]
CONTINUATION__NOW_THEN__PERIOD__V9_SPACE__PERIOD	CONTINUATION	NOW_THEN	PERIOD	V9_SPACE	 now and then.	4	.	13	0	0	-0.036504	3.729732	541	0.569717	[[1888, 2.488792], [1821, 2.324452], [1790, 1.99507], [2710, 1.421214], [2495, 1.206184]]
CONTINUATION__NOW_THEN__ROAD__V9_SPACE__ROAD	CONTINUATION	NOW_THEN	ROAD	V9_SPACE	 now and then the road	0	<BOS>	50256	0	0	-0.000102	-0.000102	2256	0.796686	[[2256, 2.36087], [1888, 1.564183], [2787, 0.893099], [1450, 0.853876], [1048, 0.848868]]
CONTINUATION__NOW_THEN__ROAD__V9_SPACE__ROAD	CONTINUATION	NOW_THEN	ROAD	V9_SPACE	 now and then the road	1	 now	783	0	0	-0.096283	-0.000102	1888	0.513781	[[1888, 3.160014], [1790, 2.646234], [464, 2.16641], [1594, 1.714416], [2556, 1.571708]]
CONTINUATION__NOW_THEN__ROAD__V9_SPACE__ROAD	CONTINUATION	NOW_THEN	ROAD	V9_SPACE	 now and then the road	2	 and	290	0	0	-0.004342	-0.000102	1888	0.513781	[[2898, 2.287115], [1790, 2.069805], [2637, 2.032096], [1888, 1.350853], [654, 1.172426]]
CONTINUATION__NOW_THEN__ROAD__V9_SPACE__ROAD	CONTINUATION	NOW_THEN	ROAD	V9_SPACE	 now and then the road	3	 then	788	1	1	3.729732	3.729732	541	0.569717	[[541, 3.729732], [2753, 2.298112], [1397, 1.891337], [1981, 1.839666], [512, 1.821777]]
CONTINUATION__NOW_THEN__ROAD__V9_SPACE__ROAD	CONTINUATION	NOW_THEN	ROAD	V9_SPACE	 now and then the road	4	 the	262	0	0	-0.025723	3.729732	541	0.569717	[[1790, 2.958024], [1888, 2.573159], [1504, 2.089933], [1950, 1.592963], [654, 1.572571]]
CONTINUATION__NOW_THEN__ROAD__V9_SPACE__ROAD	CONTINUATION	NOW_THEN	ROAD	V9_SPACE	 now and then the road	5	 road	2975	0	0	-0.11684	3.729732	541	0.569717	[[2073, 2.757611], [1888, 2.432832], [1790, 2.010412], [2261, 1.64806], [692, 1.556463]]
CONTINUATION__NOW_THEN__CLAUSE__V9_SPACE__CLAUSE	CONTINUATION	NOW_THEN	CLAUSE	V9_SPACE	 now and then, without stopping	0	<BOS>	50256	0	0	-0.000102	-0.000102	2256	0.796686	[[2256, 2.36087], [1888, 1.564183], [2787, 0.893099], [1450, 0.853876], [1048, 0.848868]]
CONTINUATION__NOW_THEN__CLAUSE__V9_SPACE__CLAUSE	CONTINUATION	NOW_THEN	CLAUSE	V9_SPACE	 now and then, without stopping	1	 now	783	0	0	-0.096283	-0.000102	1888	0.513781	[[1888, 3.160014], [1790, 2.646234], [464, 2.16641], [1594, 1.714416], [2556, 1.571708]]
CONTINUATION__NOW_THEN__CLAUSE__V9_SPACE__CLAUSE	CONTINUATION	NOW_THEN	CLAUSE	V9_SPACE	 now and then, without stopping	2	 and	290	0	0	-0.004342	-0.000102	1888	0.513781	[[2898, 2.287115], [1790, 2.069805], [2637, 2.032096], [1888, 1.350853], [654, 1.172426]]
CONTINUATION__NOW_THEN__CLAUSE__V9_SPACE__CLAUSE	CONTINUATION	NOW_THEN	CLAUSE	V9_SPACE	 now and then, without stopping	3	 then	788	1	1	3.729732	3.729732	541	0.569717	[[541, 3.729732], [2753, 2.298112], [1397, 1.891337], [1981, 1.839666], [512, 1.821777]]
CONTINUATION__NOW_THEN__CLAUSE__V9_SPACE__CLAUSE	CONTINUATION	NOW_THEN	CLAUSE	V9_SPACE	 now and then, without stopping	4	,	11	0	0	-0.130214	3.729732	541	0.569717	[[1790, 2.33024], [1888, 2.315624], [1197, 1.26635], [1691, 1.104632], [2719, 1.094851]]
CONTINUATION__NOW_THEN__CLAUSE__V9_SPACE__CLAUSE	CONTINUATION	NOW_THEN	CLAUSE	V9_SPACE	 now and then, without stopping	5	 without	1231	0	0	-0.010984	3.729732	541	0.569717	[[2288, 1.914678], [1888, 1.882668], [1790, 1.773296], [1862, 1.325232], [1741, 1.283304]]
CONTINUATION__NOW_THEN__CLAUSE__V9_SPACE__CLAUSE	CONTINUATION	NOW_THEN	CLAUSE	V9_SPACE	 now and then, without stopping	6	 stopping	12225	0	0	-0.160748	3.729732	541	0.569717	[[1837, 2.777353], [462, 2.265424], [682, 2.085807], [1790, 1.921462], [2187, 1.703079]]
CONTINUATION__NOW_THEN__XYZ__V9_SPACE__XYZ	CONTINUATION	NOW_THEN	XYZ	V9_SPACE	 now and then xyz	0	<BOS>	50256	0	0	-0.000102	-0.000102	2256	0.796686	[[2256, 2.36087], [1888, 1.564183], [2787, 0.893099], [1450, 0.853876], [1048, 0.848868]]
CONTINUATION__NOW_THEN__XYZ__V9_SPACE__XYZ	CONTINUATION	NOW_THEN	XYZ	V9_SPACE	 now and then xyz	1	 now	783	0	0	-0.096283	-0.000102	1888	0.513781	[[1888, 3.160014], [1790, 2.646234], [464, 2.16641], [1594, 1.714416], [2556, 1.571708]]
CONTINUATION__NOW_THEN__XYZ__V9_SPACE__XYZ	CONTINUATION	NOW_THEN	XYZ	V9_SPACE	 now and then xyz	2	 and	290	0	0	-0.004342	-0.000102	1888	0.513781	[[2898, 2.287115], [1790, 2.069805], [2637, 2.032096], [1888, 1.350853], [654, 1.172426]]
CONTINUATION__NOW_THEN__XYZ__V9_SPACE__XYZ	CONTINUATION	NOW_THEN	XYZ	V9_SPACE	 now and then xyz	3	 then	788	1	1	3.729732	3.729732	541	0.569717	[[541, 3.729732], [2753, 2.298112], [1397, 1.891337], [1981, 1.839666], [512, 1.821777]]
CONTINUATION__NOW_THEN__XYZ__V9_SPACE__XYZ	CONTINUATION	NOW_THEN	XYZ	V9_SPACE	 now and then xyz	4	 x	2124	0	0	-0.024412	3.729732	541	0.569717	[[1888, 2.878591], [1588, 2.78462], [1769, 2.341295], [2874, 2.236434], [1790, 2.037633]]
CONTINUATION__NOW_THEN__XYZ__V9_SPACE__XYZ	CONTINUATION	NOW_THEN	XYZ	V9_SPACE	 now and then xyz	5	yz	45579	0	0	-0.165062	3.729732	541	0.569717	[[1888, 2.580169], [1790, 2.451794], [2371, 1.870604], [547, 1.594797], [1894, 1.238602]]
CONTINUATION__NOW_THEN__NONE__THE_PHRASE__NONE	CONTINUATION	NOW_THEN	NONE	THE_PHRASE	the phrase now and then	0	<BOS>	50256	0	0	-0.000102	-0.000102	2256	0.796686	[[2256, 2.36087], [1888, 1.564183], [2787, 0.893099], [1450, 0.853876], [1048, 0.848868]]
CONTINUATION__NOW_THEN__NONE__THE_PHRASE__NONE	CONTINUATION	NOW_THEN	NONE	THE_PHRASE	the phrase now and then	1	the	1169	0	0	-0.058428	-0.000102	1790	0.119972	[[1790, 2.74375], [1888, 2.623779], [1203, 1.370484], [654, 1.287318], [1504, 1.273196]]
CONTINUATION__NOW_THEN__NONE__THE_PHRASE__NONE	CONTINUATION	NOW_THEN	NONE	THE_PHRASE	the phrase now and then	2	 phrase	9546	0	0	-0.055584	-0.000102	2073	0.489396	[[2073, 3.233146], [1026, 1.694937], [2070, 1.648536], [388, 1.556334], [1888, 1.459668]]
CONTINUATION__NOW_THEN__NONE__THE_PHRASE__NONE	CONTINUATION	NOW_THEN	NONE	THE_PHRASE	the phrase now and then	3	 now	783	0	0	-0.027529	-0.000102	2073	0.489396	[[1594, 2.151263], [2556, 1.796028], [1888, 1.480811], [165, 1.398956], [1762, 1.378117]]
CONTINUATION__NOW_THEN__NONE__THE_PHRASE__NONE	CONTINUATION	NOW_THEN	NONE	THE_PHRASE	the phrase now and then	4	 and	290	0	0	-0.010343	-0.000102	2073	0.433448	[[2898, 2.799698], [2637, 2.146196], [1790, 1.920236], [2635, 1.741336], [593, 1.720722]]
CONTINUATION__NOW_THEN__NONE__THE_PHRASE__NONE	CONTINUATION	NOW_THEN	NONE	THE_PHRASE	the phrase now and then	5	 then	788	1	1	4.171423	4.171423	541	0.938277	[[541, 4.171423], [2753, 2.295524], [2286, 2.163241], [1997, 1.86891], [512, 1.73397]]
CONTINUATION__NOW_THEN__AGAIN__THE_PHRASE__AGAIN	CONTINUATION	NOW_THEN	AGAIN	THE_PHRASE	the phrase now and then again	0	<BOS>	50256	0	0	-0.000102	-0.000102	2256	0.796686	[[2256, 2.36087], [1888, 1.564183], [2787, 0.893099], [1450, 0.853876], [1048, 0.848868]]
CONTINUATION__NOW_THEN__AGAIN__THE_PHRASE__AGAIN	CONTINUATION	NOW_THEN	AGAIN	THE_PHRASE	the phrase now and then again	1	the	1169	0	0	-0.058428	-0.000102	1790	0.119972	[[1790, 2.74375], [1888, 2.623779], [1203, 1.370484], [654, 1.287318], [1504, 1.273196]]
CONTINUATION__NOW_THEN__AGAIN__THE_PHRASE__AGAIN	CONTINUATION	NOW_THEN	AGAIN	THE_PHRASE	the phrase now and then again	2	 phrase	9546	0	0	-0.055584	-0.000102	2073	0.489396	[[2073, 3.233146], [1026, 1.694937], [2070, 1.648536], [388, 1.556334], [1888, 1.459668]]
CONTINUATION__NOW_THEN__AGAIN__THE_PHRASE__AGAIN	CONTINUATION	NOW_THEN	AGAIN	THE_PHRASE	the phrase now and then again	3	 now	783	0	0	-0.027529	-0.000102	2073	0.489396	[[1594, 2.151263], [2556, 1.796028], [1888, 1.480811], [165, 1.398956], [1762, 1.378117]]
CONTINUATION__NOW_THEN__AGAIN__THE_PHRASE__AGAIN	CONTINUATION	NOW_THEN	AGAIN	THE_PHRASE	the phrase now and then again	4	 and	290	0	0	-0.010343	-0.000102	2073	0.433448	[[2898, 2.799698], [2637, 2.146196], [1790, 1.920236], [2635, 1.741336], [593, 1.720722]]
CONTINUATION__NOW_THEN__AGAIN__THE_PHRASE__AGAIN	CONTINUATION	NOW_THEN	AGAIN	THE_PHRASE	the phrase now and then again	5	 then	788	1	1	4.171423	4.171423	541	0.938277	[[541, 4.171423], [2753, 2.295524], [2286, 2.163241], [1997, 1.86891], [512, 1.73397]]
CONTINUATION__NOW_THEN__AGAIN__THE_PHRASE__AGAIN	CONTINUATION	NOW_THEN	AGAIN	THE_PHRASE	the phrase now and then again	6	 again	757	0	0	2.441698	4.171423	541	0.938277	[[541, 2.441698], [2816, 2.159165], [2720, 1.930327], [30, 1.875849], [1790, 1.83237]]
CONTINUATION__NOW_THEN__PERIOD__THE_PHRASE__PERIOD	CONTINUATION	NOW_THEN	PERIOD	THE_PHRASE	the phrase now and then.	0	<BOS>	50256	0	0	-0.000102	-0.000102	2256	0.796686	[[2256, 2.36087], [1888, 1.564183], [2787, 0.893099], [1450, 0.853876], [1048, 0.848868]]
CONTINUATION__NOW_THEN__PERIOD__THE_PHRASE__PERIOD	CONTINUATION	NOW_THEN	PERIOD	THE_PHRASE	the phrase now and then.	1	the	1169	0	0	-0.058428	-0.000102	1790	0.119972	[[1790, 2.74375], [1888, 2.623779], [1203, 1.370484], [654, 1.287318], [1504, 1.273196]]
CONTINUATION__NOW_THEN__PERIOD__THE_PHRASE__PERIOD	CONTINUATION	NOW_THEN	PERIOD	THE_PHRASE	the phrase now and then.	2	 phrase	9546	0	0	-0.055584	-0.000102	2073	0.489396	[[2073, 3.233146], [1026, 1.694937], [2070, 1.648536], [388, 1.556334], [1888, 1.459668]]
CONTINUATION__NOW_THEN__PERIOD__THE_PHRASE__PERIOD	CONTINUATION	NOW_THEN	PERIOD	THE_PHRASE	the phrase now and then.	3	 now	783	0	0	-0.027529	-0.000102	2073	0.489396	[[1594, 2.151263], [2556, 1.796028], [1888, 1.480811], [165, 1.398956], [1762, 1.378117]]
CONTINUATION__NOW_THEN__PERIOD__THE_PHRASE__PERIOD	CONTINUATION	NOW_THEN	PERIOD	THE_PHRASE	the phrase now and then.	4	 and	290	0	0	-0.010343	-0.000102	2073	0.433448	[[2898, 2.799698], [2637, 2.146196], [1790, 1.920236], [2635, 1.741336], [593, 1.720722]]
CONTINUATION__NOW_THEN__PERIOD__THE_PHRASE__PERIOD	CONTINUATION	NOW_THEN	PERIOD	THE_PHRASE	the phrase now and then.	5	 then	788	1	1	4.171423	4.171423	541	0.938277	[[541, 4.171423], [2753, 2.295524], [2286, 2.163241], [1997, 1.86891], [512, 1.73397]]
CONTINUATION__NOW_THEN__PERIOD__THE_PHRASE__PERIOD	CONTINUATION	NOW_THEN	PERIOD	THE_PHRASE	the phrase now and then.	6	.	13	0	0	-0.020345	4.171423	541	0.938277	[[1821, 2.58178], [1888, 2.263786], [1790, 1.936961], [2562, 1.252403], [2710, 1.208648]]
CONTINUATION__NOW_THEN__ROAD__THE_PHRASE__ROAD	CONTINUATION	NOW_THEN	ROAD	THE_PHRASE	the phrase now and then the road	0	<BOS>	50256	0	0	-0.000102	-0.000102	2256	0.796686	[[2256, 2.36087], [1888, 1.564183], [2787, 0.893099], [1450, 0.853876], [1048, 0.848868]]
CONTINUATION__NOW_THEN__ROAD__THE_PHRASE__ROAD	CONTINUATION	NOW_THEN	ROAD	THE_PHRASE	the phrase now and then the road	1	the	1169	0	0	-0.058428	-0.000102	1790	0.119972	[[1790, 2.74375], [1888, 2.623779], [1203, 1.370484], [654, 1.287318], [1504, 1.273196]]
CONTINUATION__NOW_THEN__ROAD__THE_PHRASE__ROAD	CONTINUATION	NOW_THEN	ROAD	THE_PHRASE	the phrase now and then the road	2	 phrase	9546	0	0	-0.055584	-0.000102	2073	0.489396	[[2073, 3.233146], [1026, 1.694937], [2070, 1.648536], [388, 1.556334], [1888, 1.459668]]
CONTINUATION__NOW_THEN__ROAD__THE_PHRASE__ROAD	CONTINUATION	NOW_THEN	ROAD	THE_PHRASE	the phrase now and then the road	3	 now	783	0	0	-0.027529	-0.000102	2073	0.489396	[[1594, 2.151263], [2556, 1.796028], [1888, 1.480811], [165, 1.398956], [1762, 1.378117]]
CONTINUATION__NOW_THEN__ROAD__THE_PHRASE__ROAD	CONTINUATION	NOW_THEN	ROAD	THE_PHRASE	the phrase now and then the road	4	 and	290	0	0	-0.010343	-0.000102	2073	0.433448	[[2898, 2.799698], [2637, 2.146196], [1790, 1.920236], [2635, 1.741336], [593, 1.720722]]
CONTINUATION__NOW_THEN__ROAD__THE_PHRASE__ROAD	CONTINUATION	NOW_THEN	ROAD	THE_PHRASE	the phrase now and then the road	5	 then	788	1	1	4.171423	4.171423	541	0.938277	[[541, 4.171423], [2753, 2.295524], [2286, 2.163241], [1997, 1.86891], [512, 1.73397]]
CONTINUATION__NOW_THEN__ROAD__THE_PHRASE__ROAD	CONTINUATION	NOW_THEN	ROAD	THE_PHRASE	the phrase now and then the road	6	 the	262	0	0	-0.066376	4.171423	541	0.938277	[[1790, 2.385891], [1888, 2.227369], [1504, 1.519873], [1314, 1.361586], [1505, 1.315313]]
CONTINUATION__NOW_THEN__ROAD__THE_PHRASE__ROAD	CONTINUATION	NOW_THEN	ROAD	THE_PHRASE	the phrase now and then the road	7	 road	2975	0	0	-0.112168	4.171423	541	0.938277	[[2073, 2.833291], [1888, 2.458062], [1790, 2.085904], [2261, 1.674763], [2070, 1.31048]]
CONTINUATION__NOW_THEN__CLAUSE__THE_PHRASE__CLAUSE	CONTINUATION	NOW_THEN	CLAUSE	THE_PHRASE	the phrase now and then, without stopping	0	<BOS>	50256	0	0	-0.000102	-0.000102	2256	0.796686	[[2256, 2.36087], [1888, 1.564183], [2787, 0.893099], [1450, 0.853876], [1048, 0.848868]]
CONTINUATION__NOW_THEN__CLAUSE__THE_PHRASE__CLAUSE	CONTINUATION	NOW_THEN	CLAUSE	THE_PHRASE	the phrase now and then, without stopping	1	the	1169	0	0	-0.058428	-0.000102	1790	0.119971	[[1790, 2.74375], [1888, 2.623779], [1203, 1.370485], [654, 1.287318], [1504, 1.273196]]
CONTINUATION__NOW_THEN__CLAUSE__THE_PHRASE__CLAUSE	CONTINUATION	NOW_THEN	CLAUSE	THE_PHRASE	the phrase now and then, without stopping	2	 phrase	9546	0	0	-0.055584	-0.000102	2073	0.489396	[[2073, 3.233146], [1026, 1.694937], [2070, 1.648537], [388, 1.556334], [1888, 1.459666]]
CONTINUATION__NOW_THEN__CLAUSE__THE_PHRASE__CLAUSE	CONTINUATION	NOW_THEN	CLAUSE	THE_PHRASE	the phrase now and then, without stopping	3	 now	783	0	0	-0.027529	-0.000102	2073	0.489396	[[1594, 2.151263], [2556, 1.796028], [1888, 1.480809], [165, 1.398955], [1762, 1.378117]]
CONTINUATION__NOW_THEN__CLAUSE__THE_PHRASE__CLAUSE	CONTINUATION	NOW_THEN	CLAUSE	THE_PHRASE	the phrase now and then, without stopping	4	 and	290	0	0	-0.010343	-0.000102	2073	0.43345	[[2898, 2.799696], [2637, 2.146197], [1790, 1.920236], [2635, 1.741336], [593, 1.720721]]
CONTINUATION__NOW_THEN__CLAUSE__THE_PHRASE__CLAUSE	CONTINUATION	NOW_THEN	CLAUSE	THE_PHRASE	the phrase now and then, without stopping	5	 then	788	1	1	4.171425	4.171425	541	0.938279	[[541, 4.171425], [2753, 2.295523], [2286, 2.163243], [1997, 1.86891], [512, 1.73397]]
CONTINUATION__NOW_THEN__CLAUSE__THE_PHRASE__CLAUSE	CONTINUATION	NOW_THEN	CLAUSE	THE_PHRASE	the phrase now and then, without stopping	6	,	11	0	0	-0.148623	4.171425	541	0.938279	[[1790, 2.040367], [1888, 1.887489], [2380, 1.842598], [338, 1.46168], [886, 1.070874]]
CONTINUATION__NOW_THEN__CLAUSE__THE_PHRASE__CLAUSE	CONTINUATION	NOW_THEN	CLAUSE	THE_PHRASE	the phrase now and then, without stopping	7	 without	1231	0	0	-0.005623	4.171425	541	0.938279	[[1888, 1.762411], [2288, 1.634168], [1790, 1.58732], [1862, 1.45036], [2281, 1.378523]]
CONTINUATION__NOW_THEN__CLAUSE__THE_PHRASE__CLAUSE	CONTINUATION	NOW_THEN	CLAUSE	THE_PHRASE	the phrase now and then, without stopping	8	 stopping	12225	0	0	-0.165907	4.171425	541	0.938279	[[1837, 2.497609], [462, 2.331398], [1790, 1.997879], [682, 1.977564], [2187, 1.639654]]
CONTINUATION__NOW_THEN__XYZ__THE_PHRASE__XYZ	CONTINUATION	NOW_THEN	XYZ	THE_PHRASE	the phrase now and then xyz	0	<BOS>	50256	0	0	-0.000102	-0.000102	2256	0.796686	[[2256, 2.36087], [1888, 1.564183], [2787, 0.893099], [1450, 0.853876], [1048, 0.848868]]
CONTINUATION__NOW_THEN__XYZ__THE_PHRASE__XYZ	CONTINUATION	NOW_THEN	XYZ	THE_PHRASE	the phrase now and then xyz	1	the	1169	0	0	-0.058428	-0.000102	1790	0.119972	[[1790, 2.74375], [1888, 2.623779], [1203, 1.370484], [654, 1.287318], [1504, 1.273196]]
CONTINUATION__NOW_THEN__XYZ__THE_PHRASE__XYZ	CONTINUATION	NOW_THEN	XYZ	THE_PHRASE	the phrase now and then xyz	2	 phrase	9546	0	0	-0.055584	-0.000102	2073	0.489396	[[2073, 3.233146], [1026, 1.694937], [2070, 1.648536], [388, 1.556334], [1888, 1.459668]]
CONTINUATION__NOW_THEN__XYZ__THE_PHRASE__XYZ	CONTINUATION	NOW_THEN	XYZ	THE_PHRASE	the phrase now and then xyz	3	 now	783	0	0	-0.027529	-0.000102	2073	0.489396	[[1594, 2.151263], [2556, 1.796028], [1888, 1.480811], [165, 1.398956], [1762, 1.378117]]
CONTINUATION__NOW_THEN__XYZ__THE_PHRASE__XYZ	CONTINUATION	NOW_THEN	XYZ	THE_PHRASE	the phrase now and then xyz	4	 and	290	0	0	-0.010343	-0.000102	2073	0.433448	[[2898, 2.799698], [2637, 2.146196], [1790, 1.920236], [2635, 1.741336], [593, 1.720722]]
CONTINUATION__NOW_THEN__XYZ__THE_PHRASE__XYZ	CONTINUATION	NOW_THEN	XYZ	THE_PHRASE	the phrase now and then xyz	5	 then	788	1	1	4.171423	4.171423	541	0.938277	[[541, 4.171423], [2753, 2.295524], [2286, 2.163241], [1997, 1.86891], [512, 1.73397]]
CONTINUATION__NOW_THEN__XYZ__THE_PHRASE__XYZ	CONTINUATION	NOW_THEN	XYZ	THE_PHRASE	the phrase now and then xyz	6	 x	2124	0	0	-0.010665	4.171423	541	0.938277	[[1888, 2.62948], [1588, 2.40428], [1769, 2.29005], [2874, 2.081228], [406, 1.923873]]
CONTINUATION__NOW_THEN__XYZ__THE_PHRASE__XYZ	CONTINUATION	NOW_THEN	XYZ	THE_PHRASE	the phrase now and then xyz	7	yz	45579	0	0	-0.151114	4.171423	541	0.938277	[[1888, 2.762072], [1790, 2.6874], [547, 1.864014], [2371, 1.761816], [685, 1.413731]]
CONTINUATION__NOW_THEN__NONE__THEY_SAID__NONE	CONTINUATION	NOW_THEN	NONE	THEY_SAID	they said now and then	0	<BOS>	50256	0	0	-0.000102	-0.000102	2256	0.796686	[[2256, 2.36087], [1888, 1.564183], [2787, 0.893099], [1450, 0.853876], [1048, 0.848868]]
CONTINUATION__NOW_THEN__NONE__THEY_SAID__NONE	CONTINUATION	NOW_THEN	NONE	THEY_SAID	they said now and then	1	they	9930	0	0	-0.133193	-0.000102	2256	0.053377	[[1790, 2.307492], [1888, 2.21476], [234, 1.470804], [1169, 1.294994], [654, 1.246823]]
CONTINUATION__NOW_THEN__NONE__THEY_SAID__NONE	CONTINUATION	NOW_THEN	NONE	THEY_SAID	they said now and then	2	 said	531	0	0	-0.038379	-0.000102	2256	0.053377	[[2982, 1.845008], [932, 1.550615], [521, 1.429855], [38, 1.363183], [654, 1.281732]]
CONTINUATION__NOW_THEN__NONE__THEY_SAID__NONE	CONTINUATION	NOW_THEN	NONE	THEY_SAID	they said now and then	3	 now	783	0	0	-0.122554	-0.000102	2256	0.053377	[[1131, 1.608572], [1795, 1.515105], [1790, 1.47513], [2556, 1.462641], [444, 1.427718]]
CONTINUATION__NOW_THEN__NONE__THEY_SAID__NONE	CONTINUATION	NOW_THEN	NONE	THEY_SAID	they said now and then	4	 and	290	0	0	-0.018546	-0.000102	1790	0.064493	[[1790, 2.524056], [2898, 2.459563], [2637, 1.886849], [1235, 1.502445], [1006, 1.457731]]
CONTINUATION__NOW_THEN__NONE__THEY_SAID__NONE	CONTINUATION	NOW_THEN	NONE	THEY_SAID	they said now and then	5	 then	788	1	1	3.794523	3.794523	541	1.270467	[[541, 3.794523], [2753, 2.461329], [2286, 2.032167], [2882, 2.00868], [1397, 1.854211]]
CONTINUATION__NOW_THEN__AGAIN__THEY_SAID__AGAIN	CONTINUATION	NOW_THEN	AGAIN	THEY_SAID	they said now and then again	0	<BOS>	50256	0	0	-0.000102	-0.000102	2256	0.796686	[[2256, 2.36087], [1888, 1.564183], [2787, 0.893099], [1450, 0.853876], [1048, 0.848868]]
CONTINUATION__NOW_THEN__AGAIN__THEY_SAID__AGAIN	CONTINUATION	NOW_THEN	AGAIN	THEY_SAID	they said now and then again	1	they	9930	0	0	-0.133193	-0.000102	2256	0.053377	[[1790, 2.307492], [1888, 2.21476], [234, 1.470804], [1169, 1.294994], [654, 1.246823]]
CONTINUATION__NOW_THEN__AGAIN__THEY_SAID__AGAIN	CONTINUATION	NOW_THEN	AGAIN	THEY_SAID	they said now and then again	2	 said	531	0	0	-0.038379	-0.000102	2256	0.053377	[[2982, 1.845008], [932, 1.550615], [521, 1.429855], [38, 1.363183], [654, 1.281732]]
CONTINUATION__NOW_THEN__AGAIN__THEY_SAID__AGAIN	CONTINUATION	NOW_THEN	AGAIN	THEY_SAID	they said now and then again	3	 now	783	0	0	-0.122554	-0.000102	2256	0.053377	[[1131, 1.608572], [1795, 1.515105], [1790, 1.47513], [2556, 1.462641], [444, 1.427718]]
CONTINUATION__NOW_THEN__AGAIN__THEY_SAID__AGAIN	CONTINUATION	NOW_THEN	AGAIN	THEY_SAID	they said now and then again	4	 and	290	0	0	-0.018546	-0.000102	1790	0.064493	[[1790, 2.524056], [2898, 2.459563], [2637, 1.886849], [1235, 1.502445], [1006, 1.457731]]
CONTINUATION__NOW_THEN__AGAIN__THEY_SAID__AGAIN	CONTINUATION	NOW_THEN	AGAIN	THEY_SAID	they said now and then again	5	 then	788	1	1	3.794523	3.794523	541	1.270467	[[541, 3.794523], [2753, 2.461329], [2286, 2.032167], [2882, 2.00868], [1397, 1.854211]]
CONTINUATION__NOW_THEN__AGAIN__THEY_SAID__AGAIN	CONTINUATION	NOW_THEN	AGAIN	THEY_SAID	they said now and then again	6	 again	757	0	0	2.042307	3.794523	541	1.270467	[[2816, 2.052337], [541, 2.042307], [30, 2.001339], [2753, 1.910064], [2705, 1.907155]]
CONTINUATION__NOW_THEN__PERIOD__THEY_SAID__PERIOD	CONTINUATION	NOW_THEN	PERIOD	THEY_SAID	they said now and then.	0	<BOS>	50256	0	0	-0.000102	-0.000102	2256	0.796686	[[2256, 2.36087], [1888, 1.564183], [2787, 0.893099], [1450, 0.853876], [1048, 0.848868]]
CONTINUATION__NOW_THEN__PERIOD__THEY_SAID__PERIOD	CONTINUATION	NOW_THEN	PERIOD	THEY_SAID	they said now and then.	1	they	9930	0	0	-0.133193	-0.000102	2256	0.053377	[[1790, 2.307492], [1888, 2.21476], [234, 1.470804], [1169, 1.294994], [654, 1.246823]]
CONTINUATION__NOW_THEN__PERIOD__THEY_SAID__PERIOD	CONTINUATION	NOW_THEN	PERIOD	THEY_SAID	they said now and then.	2	 said	531	0	0	-0.038379	-0.000102	2256	0.053377	[[2982, 1.845008], [932, 1.550615], [521, 1.429855], [38, 1.363183], [654, 1.281732]]
CONTINUATION__NOW_THEN__PERIOD__THEY_SAID__PERIOD	CONTINUATION	NOW_THEN	PERIOD	THEY_SAID	they said now and then.	3	 now	783	0	0	-0.122554	-0.000102	2256	0.053377	[[1131, 1.608572], [1795, 1.515105], [1790, 1.47513], [2556, 1.462641], [444, 1.427718]]
CONTINUATION__NOW_THEN__PERIOD__THEY_SAID__PERIOD	CONTINUATION	NOW_THEN	PERIOD	THEY_SAID	they said now and then.	4	 and	290	0	0	-0.018546	-0.000102	1790	0.064493	[[1790, 2.524056], [2898, 2.459563], [2637, 1.886849], [1235, 1.502445], [1006, 1.457731]]
CONTINUATION__NOW_THEN__PERIOD__THEY_SAID__PERIOD	CONTINUATION	NOW_THEN	PERIOD	THEY_SAID	they said now and then.	5	 then	788	1	1	3.794523	3.794523	541	1.270467	[[541, 3.794523], [2753, 2.461329], [2286, 2.032167], [2882, 2.00868], [1397, 1.854211]]
CONTINUATION__NOW_THEN__PERIOD__THEY_SAID__PERIOD	CONTINUATION	NOW_THEN	PERIOD	THEY_SAID	they said now and then.	6	.	13	0	0	-0.01834	3.794523	541	1.270467	[[1821, 2.380666], [1888, 2.229363], [1790, 2.194983], [654, 1.452208], [518, 1.14599]]
CONTINUATION__NOW_THEN__ROAD__THEY_SAID__ROAD	CONTINUATION	NOW_THEN	ROAD	THEY_SAID	they said now and then the road	0	<BOS>	50256	0	0	-0.000102	-0.000102	2256	0.796686	[[2256, 2.36087], [1888, 1.564183], [2787, 0.893099], [1450, 0.853876], [1048, 0.848868]]
CONTINUATION__NOW_THEN__ROAD__THEY_SAID__ROAD	CONTINUATION	NOW_THEN	ROAD	THEY_SAID	they said now and then the road	1	they	9930	0	0	-0.133193	-0.000102	2256	0.053377	[[1790, 2.307492], [1888, 2.21476], [234, 1.470804], [1169, 1.294994], [654, 1.246823]]
CONTINUATION__NOW_THEN__ROAD__THEY_SAID__ROAD	CONTINUATION	NOW_THEN	ROAD	THEY_SAID	they said now and then the road	2	 said	531	0	0	-0.038379	-0.000102	2256	0.053377	[[2982, 1.845008], [932, 1.550615], [521, 1.429855], [38, 1.363183], [654, 1.281732]]
CONTINUATION__NOW_THEN__ROAD__THEY_SAID__ROAD	CONTINUATION	NOW_THEN	ROAD	THEY_SAID	they said now and then the road	3	 now	783	0	0	-0.122554	-0.000102	2256	0.053377	[[1131, 1.608572], [1795, 1.515105], [1790, 1.47513], [2556, 1.462641], [444, 1.427718]]
CONTINUATION__NOW_THEN__ROAD__THEY_SAID__ROAD	CONTINUATION	NOW_THEN	ROAD	THEY_SAID	they said now and then the road	4	 and	290	0	0	-0.018546	-0.000102	1790	0.064493	[[1790, 2.524056], [2898, 2.459563], [2637, 1.886849], [1235, 1.502445], [1006, 1.457731]]
CONTINUATION__NOW_THEN__ROAD__THEY_SAID__ROAD	CONTINUATION	NOW_THEN	ROAD	THEY_SAID	they said now and then the road	5	 then	788	1	1	3.794523	3.794523	541	1.270467	[[541, 3.794523], [2753, 2.461329], [2286, 2.032167], [2882, 2.00868], [1397, 1.854211]]
CONTINUATION__NOW_THEN__ROAD__THEY_SAID__ROAD	CONTINUATION	NOW_THEN	ROAD	THEY_SAID	they said now and then the road	6	 the	262	0	0	-0.011921	3.794523	541	1.270467	[[1790, 2.496986], [1504, 1.773091], [1888, 1.689123], [2406, 1.551403], [2098, 1.416943]]
CONTINUATION__NOW_THEN__ROAD__THEY_SAID__ROAD	CONTINUATION	NOW_THEN	ROAD	THEY_SAID	they said now and then the road	7	 road	2975	0	0	-0.084895	3.794523	541	1.015484	[[2073, 2.779039], [1888, 2.294261], [1790, 1.899408], [270, 1.728483], [2261, 1.58979]]
CONTINUATION__NOW_THEN__CLAUSE__THEY_SAID__CLAUSE	CONTINUATION	NOW_THEN	CLAUSE	THEY_SAID	they said now and then, without stopping	0	<BOS>	50256	0	0	-0.000102	-0.000102	2256	0.796686	[[2256, 2.36087], [1888, 1.564183], [2787, 0.893099], [1450, 0.853876], [1048, 0.848868]]
CONTINUATION__NOW_THEN__CLAUSE__THEY_SAID__CLAUSE	CONTINUATION	NOW_THEN	CLAUSE	THEY_SAID	they said now and then, without stopping	1	they	9930	0	0	-0.133193	-0.000102	2256	0.053377	[[1790, 2.307492], [1888, 2.21476], [234, 1.470804], [1169, 1.294996], [654, 1.246823]]
CONTINUATION__NOW_THEN__CLAUSE__THEY_SAID__CLAUSE	CONTINUATION	NOW_THEN	CLAUSE	THEY_SAID	they said now and then, without stopping	2	 said	531	0	0	-0.038379	-0.000102	2256	0.053377	[[2982, 1.845007], [932, 1.550614], [521, 1.429854], [38, 1.363182], [654, 1.281733]]
CONTINUATION__NOW_THEN__CLAUSE__THEY_SAID__CLAUSE	CONTINUATION	NOW_THEN	CLAUSE	THEY_SAID	they said now and then, without stopping	3	 now	783	0	0	-0.122554	-0.000102	2256	0.053377	[[1131, 1.608572], [1795, 1.515104], [1790, 1.47513], [2556, 1.46264], [444, 1.427718]]
CONTINUATION__NOW_THEN__CLAUSE__THEY_SAID__CLAUSE	CONTINUATION	NOW_THEN	CLAUSE	THEY_SAID	they said now and then, without stopping	4	 and	290	0	0	-0.018547	-0.000102	1790	0.064493	[[1790, 2.524056], [2898, 2.459563], [2637, 1.88685], [1235, 1.502445], [1006, 1.457734]]
CONTINUATION__NOW_THEN__CLAUSE__THEY_SAID__CLAUSE	CONTINUATION	NOW_THEN	CLAUSE	THEY_SAID	they said now and then, without stopping	5	 then	788	1	1	3.794525	3.794525	541	1.270469	[[541, 3.794525], [2753, 2.46133], [2286, 2.032167], [2882, 2.00868], [1397, 1.854211]]
CONTINUATION__NOW_THEN__CLAUSE__THEY_SAID__CLAUSE	CONTINUATION	NOW_THEN	CLAUSE	THEY_SAID	they said now and then, without stopping	6	,	11	0	0	-0.140131	3.794525	541	1.270469	[[1790, 2.135723], [1888, 1.70275], [2380, 1.580632], [1197, 1.412042], [338, 1.276881]]
CONTINUATION__NOW_THEN__CLAUSE__THEY_SAID__CLAUSE	CONTINUATION	NOW_THEN	CLAUSE	THEY_SAID	they said now and then, without stopping	7	 without	1231	0	0	-0.003061	3.794525	541	1.270469	[[2281, 1.724514], [1790, 1.715557], [1888, 1.633463], [1231, 1.418628], [1862, 1.37221]]
CONTINUATION__NOW_THEN__CLAUSE__THEY_SAID__CLAUSE	CONTINUATION	NOW_THEN	CLAUSE	THEY_SAID	they said now and then, without stopping	8	 stopping	12225	0	0	-0.16673	3.794525	541	1.270469	[[1837, 2.451791], [462, 2.183676], [1790, 1.948117], [682, 1.770857], [2187, 1.620574]]
CONTINUATION__NOW_THEN__XYZ__THEY_SAID__XYZ	CONTINUATION	NOW_THEN	XYZ	THEY_SAID	they said now and then xyz	0	<BOS>	50256	0	0	-0.000102	-0.000102	2256	0.796686	[[2256, 2.36087], [1888, 1.564183], [2787, 0.893099], [1450, 0.853876], [1048, 0.848868]]
CONTINUATION__NOW_THEN__XYZ__THEY_SAID__XYZ	CONTINUATION	NOW_THEN	XYZ	THEY_SAID	they said now and then xyz	1	they	9930	0	0	-0.133193	-0.000102	2256	0.053377	[[1790, 2.307492], [1888, 2.21476], [234, 1.470804], [1169, 1.294994], [654, 1.246823]]
CONTINUATION__NOW_THEN__XYZ__THEY_SAID__XYZ	CONTINUATION	NOW_THEN	XYZ	THEY_SAID	they said now and then xyz	2	 said	531	0	0	-0.038379	-0.000102	2256	0.053377	[[2982, 1.845008], [932, 1.550615], [521, 1.429855], [38, 1.363183], [654, 1.281732]]
CONTINUATION__NOW_THEN__XYZ__THEY_SAID__XYZ	CONTINUATION	NOW_THEN	XYZ	THEY_SAID	they said now and then xyz	3	 now	783	0	0	-0.122554	-0.000102	2256	0.053377	[[1131, 1.608572], [1795, 1.515105], [1790, 1.47513], [2556, 1.462641], [444, 1.427718]]
CONTINUATION__NOW_THEN__XYZ__THEY_SAID__XYZ	CONTINUATION	NOW_THEN	XYZ	THEY_SAID	they said now and then xyz	4	 and	290	0	0	-0.018546	-0.000102	1790	0.064493	[[1790, 2.524056], [2898, 2.459563], [2637, 1.886849], [1235, 1.502445], [1006, 1.457731]]
CONTINUATION__NOW_THEN__XYZ__THEY_SAID__XYZ	CONTINUATION	NOW_THEN	XYZ	THEY_SAID	they said now and then xyz	5	 then	788	1	1	3.794523	3.794523	541	1.270467	[[541, 3.794523], [2753, 2.461329], [2286, 2.032167], [2882, 2.00868], [1397, 1.854211]]
CONTINUATION__NOW_THEN__XYZ__THEY_SAID__XYZ	CONTINUATION	NOW_THEN	XYZ	THEY_SAID	they said now and then xyz	6	 x	2124	0	0	-0.004294	3.794523	541	0.967881	[[1588, 2.826642], [1888, 2.638888], [1769, 2.526709], [2874, 2.221036], [406, 1.849516]]
CONTINUATION__NOW_THEN__XYZ__THEY_SAID__XYZ	CONTINUATION	NOW_THEN	XYZ	THEY_SAID	they said now and then xyz	7	yz	45579	0	0	-0.127504	3.794523	541	0.967881	[[1888, 2.496758], [1790, 2.487115], [2371, 1.884732], [547, 1.66103], [1079, 1.23163]]
CONTINUATION__HERE_THERE__NONE__BARE__NONE	CONTINUATION	HERE_THERE	NONE	BARE	here and there	0	<BOS>	50256	0	0	-0.000102	-0.000102	2256	0.796686	[[2256, 2.36087], [1888, 1.564183], [2787, 0.893099], [1450, 0.853876], [1048, 0.848868]]
CONTINUATION__HERE_THERE__NONE__BARE__NONE	CONTINUATION	HERE_THERE	NONE	BARE	here and there	1	here	1456	0	0	-0.105628	-0.000102	3017	0.223668	[[3017, 2.584538], [1888, 2.326891], [1790, 2.303324], [720, 1.751319], [1203, 1.435089]]
CONTINUATION__HERE_THERE__NONE__BARE__NONE	CONTINUATION	HERE_THERE	NONE	BARE	here and there	2	 and	290	0	0	-0.016764	-0.000102	3017	0.077692	[[2328, 2.506846], [1210, 1.862069], [1790, 1.692485], [1031, 1.452275], [2171, 1.344089]]
CONTINUATION__HERE_THERE__NONE__BARE__NONE	CONTINUATION	HERE_THERE	NONE	BARE	here and there	3	 there	612	1	1	4.181679	4.181679	541	1.550908	[[541, 4.181679], [2753, 2.630771], [2659, 2.338021], [2905, 1.710757], [1691, 1.651786]]
CONTINUATION__HERE_THERE__AGAIN__BARE__AGAIN	CONTINUATION	HERE_THERE	AGAIN	BARE	here and there again	0	<BOS>	50256	0	0	-0.000102	-0.000102	2256	0.796686	[[2256, 2.36087], [1888, 1.564183], [2787, 0.893099], [1450, 0.853876], [1048, 0.848868]]
CONTINUATION__HERE_THERE__AGAIN__BARE__AGAIN	CONTINUATION	HERE_THERE	AGAIN	BARE	here and there again	1	here	1456	0	0	-0.105628	-0.000102	3017	0.223668	[[3017, 2.584538], [1888, 2.326891], [1790, 2.303324], [720, 1.751319], [1203, 1.435089]]
CONTINUATION__HERE_THERE__AGAIN__BARE__AGAIN	CONTINUATION	HERE_THERE	AGAIN	BARE	here and there again	2	 and	290	0	0	-0.016764	-0.000102	3017	0.077692	[[2328, 2.506846], [1210, 1.862069], [1790, 1.692485], [1031, 1.452275], [2171, 1.344089]]
CONTINUATION__HERE_THERE__AGAIN__BARE__AGAIN	CONTINUATION	HERE_THERE	AGAIN	BARE	here and there again	3	 there	612	1	1	4.181679	4.181679	541	1.550908	[[541, 4.181679], [2753, 2.630771], [2659, 2.338021], [2905, 1.710757], [1691, 1.651786]]
CONTINUATION__HERE_THERE__AGAIN__BARE__AGAIN	CONTINUATION	HERE_THERE	AGAIN	BARE	here and there again	4	 again	757	0	0	0.43736	4.181679	541	1.550908	[[2705, 2.497895], [1691, 2.200057], [1594, 1.875365], [2881, 1.79149], [1520, 1.425504]]
CONTINUATION__HERE_THERE__PERIOD__BARE__PERIOD	CONTINUATION	HERE_THERE	PERIOD	BARE	here and there.	0	<BOS>	50256	0	0	-0.000102	-0.000102	2256	0.796686	[[2256, 2.36087], [1888, 1.564183], [2787, 0.893099], [1450, 0.853876], [1048, 0.848868]]
CONTINUATION__HERE_THERE__PERIOD__BARE__PERIOD	CONTINUATION	HERE_THERE	PERIOD	BARE	here and there.	1	here	1456	0	0	-0.105628	-0.000102	3017	0.223668	[[3017, 2.584538], [1888, 2.326891], [1790, 2.303324], [720, 1.751319], [1203, 1.435089]]
CONTINUATION__HERE_THERE__PERIOD__BARE__PERIOD	CONTINUATION	HERE_THERE	PERIOD	BARE	here and there.	2	 and	290	0	0	-0.016764	-0.000102	3017	0.077692	[[2328, 2.506846], [1210, 1.862069], [1790, 1.692485], [1031, 1.452275], [2171, 1.344089]]
CONTINUATION__HERE_THERE__PERIOD__BARE__PERIOD	CONTINUATION	HERE_THERE	PERIOD	BARE	here and there.	3	 there	612	1	1	4.181679	4.181679	541	1.550908	[[541, 4.181679], [2753, 2.630771], [2659, 2.338021], [2905, 1.710757], [1691, 1.651786]]
CONTINUATION__HERE_THERE__PERIOD__BARE__PERIOD	CONTINUATION	HERE_THERE	PERIOD	BARE	here and there.	4	.	13	0	0	-0.113399	4.181679	541	1.550908	[[1821, 2.281569], [1888, 2.080236], [1790, 1.930885], [2710, 1.848191], [1598, 1.314827]]
CONTINUATION__HERE_THERE__ROAD__BARE__ROAD	CONTINUATION	HERE_THERE	ROAD	BARE	here and there the road	0	<BOS>	50256	0	0	-0.000102	-0.000102	2256	0.796686	[[2256, 2.36087], [1888, 1.564183], [2787, 0.893099], [1450, 0.853876], [1048, 0.848868]]
CONTINUATION__HERE_THERE__ROAD__BARE__ROAD	CONTINUATION	HERE_THERE	ROAD	BARE	here and there the road	1	here	1456	0	0	-0.105628	-0.000102	3017	0.223668	[[3017, 2.584538], [1888, 2.326891], [1790, 2.303324], [720, 1.751319], [1203, 1.435089]]
CONTINUATION__HERE_THERE__ROAD__BARE__ROAD	CONTINUATION	HERE_THERE	ROAD	BARE	here and there the road	2	 and	290	0	0	-0.016764	-0.000102	3017	0.077692	[[2328, 2.506846], [1210, 1.862069], [1790, 1.692485], [1031, 1.452275], [2171, 1.344089]]
CONTINUATION__HERE_THERE__ROAD__BARE__ROAD	CONTINUATION	HERE_THERE	ROAD	BARE	here and there the road	3	 there	612	1	1	4.181679	4.181679	541	1.550908	[[541, 4.181679], [2753, 2.630771], [2659, 2.338021], [2905, 1.710757], [1691, 1.651786]]
CONTINUATION__HERE_THERE__ROAD__BARE__ROAD	CONTINUATION	HERE_THERE	ROAD	BARE	here and there the road	4	 the	262	0	0	-0.026198	4.181679	541	1.550908	[[1504, 2.085156], [1790, 1.888743], [1950, 1.735765], [1242, 1.561556], [2442, 1.498827]]
CONTINUATION__HERE_THERE__ROAD__BARE__ROAD	CONTINUATION	HERE_THERE	ROAD	BARE	here and there the road	5	 road	2975	0	0	-0.097099	4.181679	541	1.550908	[[2073, 2.362079], [1888, 2.179682], [1790, 1.769639], [692, 1.579122], [113, 1.514644]]
CONTINUATION__HERE_THERE__CLAUSE__BARE__CLAUSE	CONTINUATION	HERE_THERE	CLAUSE	BARE	here and there, without stopping	0	<BOS>	50256	0	0	-0.000102	-0.000102	2256	0.796686	[[2256, 2.36087], [1888, 1.564183], [2787, 0.893099], [1450, 0.853876], [1048, 0.848868]]
CONTINUATION__HERE_THERE__CLAUSE__BARE__CLAUSE	CONTINUATION	HERE_THERE	CLAUSE	BARE	here and there, without stopping	1	here	1456	0	0	-0.105628	-0.000102	3017	0.223668	[[3017, 2.584538], [1888, 2.326891], [1790, 2.303324], [720, 1.751319], [1203, 1.435089]]
CONTINUATION__HERE_THERE__CLAUSE__BARE__CLAUSE	CONTINUATION	HERE_THERE	CLAUSE	BARE	here and there, without stopping	2	 and	290	0	0	-0.016764	-0.000102	3017	0.077692	[[2328, 2.506846], [1210, 1.862069], [1790, 1.692485], [1031, 1.452275], [2171, 1.344089]]
CONTINUATION__HERE_THERE__CLAUSE__BARE__CLAUSE	CONTINUATION	HERE_THERE	CLAUSE	BARE	here and there, without stopping	3	 there	612	1	1	4.181679	4.181679	541	1.550908	[[541, 4.181679], [2753, 2.630771], [2659, 2.338021], [2905, 1.710757], [1691, 1.651786]]
CONTINUATION__HERE_THERE__CLAUSE__BARE__CLAUSE	CONTINUATION	HERE_THERE	CLAUSE	BARE	here and there, without stopping	4	,	11	0	0	-0.169136	4.181679	541	1.550908	[[1423, 1.463859], [1888, 1.362262], [2710, 1.326898], [338, 1.310171], [1691, 1.242763]]
CONTINUATION__HERE_THERE__CLAUSE__BARE__CLAUSE	CONTINUATION	HERE_THERE	CLAUSE	BARE	here and there, without stopping	5	 without	1231	0	0	-0.002698	4.181679	541	1.550908	[[2288, 1.878057], [1862, 1.477587], [178, 1.377036], [3017, 1.356617], [1888, 1.272393]]
CONTINUATION__HERE_THERE__CLAUSE__BARE__CLAUSE	CONTINUATION	HERE_THERE	CLAUSE	BARE	here and there, without stopping	6	 stopping	12225	0	0	-0.139659	4.181679	541	1.550908	[[1837, 2.501107], [462, 2.030597], [1790, 1.731622], [682, 1.727921], [809, 1.633305]]
CONTINUATION__HERE_THERE__XYZ__BARE__XYZ	CONTINUATION	HERE_THERE	XYZ	BARE	here and there xyz	0	<BOS>	50256	0	0	-0.000102	-0.000102	2256	0.796686	[[2256, 2.36087], [1888, 1.564183], [2787, 0.893099], [1450, 0.853876], [1048, 0.848868]]
CONTINUATION__HERE_THERE__XYZ__BARE__XYZ	CONTINUATION	HERE_THERE	XYZ	BARE	here and there xyz	1	here	1456	0	0	-0.105628	-0.000102	3017	0.223668	[[3017, 2.584538], [1888, 2.326891], [1790, 2.303324], [720, 1.751319], [1203, 1.435089]]
CONTINUATION__HERE_THERE__XYZ__BARE__XYZ	CONTINUATION	HERE_THERE	XYZ	BARE	here and there xyz	2	 and	290	0	0	-0.016764	-0.000102	3017	0.077692	[[2328, 2.506846], [1210, 1.862069], [1790, 1.692485], [1031, 1.452275], [2171, 1.344089]]
CONTINUATION__HERE_THERE__XYZ__BARE__XYZ	CONTINUATION	HERE_THERE	XYZ	BARE	here and there xyz	3	 there	612	1	1	4.181679	4.181679	541	1.550908	[[541, 4.181679], [2753, 2.630771], [2659, 2.338021], [2905, 1.710757], [1691, 1.651786]]
CONTINUATION__HERE_THERE__XYZ__BARE__XYZ	CONTINUATION	HERE_THERE	XYZ	BARE	here and there xyz	4	 x	2124	0	0	-0.003923	4.181679	541	1.075885	[[1588, 3.105795], [1769, 2.623843], [1888, 2.436882], [2874, 1.990507], [2538, 1.957964]]
CONTINUATION__HERE_THERE__XYZ__BARE__XYZ	CONTINUATION	HERE_THERE	XYZ	BARE	here and there xyz	5	yz	45579	0	0	-0.120774	4.181679	541	1.075885	[[1790, 2.702514], [1888, 2.438011], [547, 1.954703], [2371, 1.810807], [1079, 1.380896]]
CONTINUATION__HERE_THERE__NONE__V9_SPACE__NONE	CONTINUATION	HERE_THERE	NONE	V9_SPACE	 here and there	0	<BOS>	50256	0	0	-0.000102	-0.000102	2256	0.796686	[[2256, 2.36087], [1888, 1.564183], [2787, 0.893099], [1450, 0.853876], [1048, 0.848868]]
CONTINUATION__HERE_THERE__NONE__V9_SPACE__NONE	CONTINUATION	HERE_THERE	NONE	V9_SPACE	 here and there	1	 here	994	0	0	-0.124207	-0.000102	464	0.181247	[[464, 2.896078], [1790, 2.714831], [1888, 2.321314], [3017, 1.599818], [654, 1.503223]]
CONTINUATION__HERE_THERE__NONE__V9_SPACE__NONE	CONTINUATION	HERE_THERE	NONE	V9_SPACE	 here and there	2	 and	290	0	0	-0.012329	-0.000102	464	0.181247	[[1790, 1.996964], [2328, 1.940212], [1652, 1.286719], [1222, 1.251454], [1463, 1.206969]]
CONTINUATION__HERE_THERE__NONE__V9_SPACE__NONE	CONTINUATION	HERE_THERE	NONE	V9_SPACE	 here and there	3	 there	612	1	1	3.824304	3.824304	541	0.928226	[[541, 3.824304], [2753, 2.616259], [1272, 2.099586], [2852, 1.908371], [2816, 1.713604]]
CONTINUATION__HERE_THERE__AGAIN__V9_SPACE__AGAIN	CONTINUATION	HERE_THERE	AGAIN	V9_SPACE	 here and there again	0	<BOS>	50256	0	0	-0.000102	-0.000102	2256	0.796686	[[2256, 2.36087], [1888, 1.564183], [2787, 0.893099], [1450, 0.853876], [1048, 0.848868]]
CONTINUATION__HERE_THERE__AGAIN__V9_SPACE__AGAIN	CONTINUATION	HERE_THERE	AGAIN	V9_SPACE	 here and there again	1	 here	994	0	0	-0.124207	-0.000102	464	0.181247	[[464, 2.896078], [1790, 2.714831], [1888, 2.321314], [3017, 1.599818], [654, 1.503223]]
CONTINUATION__HERE_THERE__AGAIN__V9_SPACE__AGAIN	CONTINUATION	HERE_THERE	AGAIN	V9_SPACE	 here and there again	2	 and	290	0	0	-0.012329	-0.000102	464	0.181247	[[1790, 1.996964], [2328, 1.940212], [1652, 1.286719], [1222, 1.251454], [1463, 1.206969]]
CONTINUATION__HERE_THERE__AGAIN__V9_SPACE__AGAIN	CONTINUATION	HERE_THERE	AGAIN	V9_SPACE	 here and there again	3	 there	612	1	1	3.824304	3.824304	541	0.928226	[[541, 3.824304], [2753, 2.616259], [1272, 2.099586], [2852, 1.908371], [2816, 1.713604]]
CONTINUATION__HERE_THERE__AGAIN__V9_SPACE__AGAIN	CONTINUATION	HERE_THERE	AGAIN	V9_SPACE	 here and there again	4	 again	757	0	0	0.245641	3.824304	541	0.928226	[[2705, 2.218694], [1594, 2.065051], [2881, 2.02319], [1691, 1.802899], [3007, 1.597837]]
CONTINUATION__HERE_THERE__PERIOD__V9_SPACE__PERIOD	CONTINUATION	HERE_THERE	PERIOD	V9_SPACE	 here and there.	0	<BOS>	50256	0	0	-0.000102	-0.000102	2256	0.796686	[[2256, 2.36087], [1888, 1.564183], [2787, 0.893099], [1450, 0.853876], [1048, 0.848868]]
CONTINUATION__HERE_THERE__PERIOD__V9_SPACE__PERIOD	CONTINUATION	HERE_THERE	PERIOD	V9_SPACE	 here and there.	1	 here	994	0	0	-0.124207	-0.000102	464	0.181247	[[464, 2.896078], [1790, 2.714831], [1888, 2.321314], [3017, 1.599818], [654, 1.503223]]
CONTINUATION__HERE_THERE__PERIOD__V9_SPACE__PERIOD	CONTINUATION	HERE_THERE	PERIOD	V9_SPACE	 here and there.	2	 and	290	0	0	-0.012329	-0.000102	464	0.181247	[[1790, 1.996964], [2328, 1.940212], [1652, 1.286719], [1222, 1.251454], [1463, 1.206969]]
CONTINUATION__HERE_THERE__PERIOD__V9_SPACE__PERIOD	CONTINUATION	HERE_THERE	PERIOD	V9_SPACE	 here and there.	3	 there	612	1	1	3.824304	3.824304	541	0.928226	[[541, 3.824304], [2753, 2.616259], [1272, 2.099586], [2852, 1.908371], [2816, 1.713604]]
CONTINUATION__HERE_THERE__PERIOD__V9_SPACE__PERIOD	CONTINUATION	HERE_THERE	PERIOD	V9_SPACE	 here and there.	4	.	13	0	0	-0.088088	3.824304	541	0.928226	[[1821, 2.381262], [1790, 1.919459], [1888, 1.862866], [2710, 1.739859], [1423, 1.388569]]
CONTINUATION__HERE_THERE__ROAD__V9_SPACE__ROAD	CONTINUATION	HERE_THERE	ROAD	V9_SPACE	 here and there the road	0	<BOS>	50256	0	0	-0.000102	-0.000102	2256	0.796686	[[2256, 2.36087], [1888, 1.564183], [2787, 0.893099], [1450, 0.853876], [1048, 0.848868]]
CONTINUATION__HERE_THERE__ROAD__V9_SPACE__ROAD	CONTINUATION	HERE_THERE	ROAD	V9_SPACE	 here and there the road	1	 here	994	0	0	-0.124207	-0.000102	464	0.181247	[[464, 2.896078], [1790, 2.714831], [1888, 2.321314], [3017, 1.599818], [654, 1.503223]]
CONTINUATION__HERE_THERE__ROAD__V9_SPACE__ROAD	CONTINUATION	HERE_THERE	ROAD	V9_SPACE	 here and there the road	2	 and	290	0	0	-0.012329	-0.000102	464	0.181247	[[1790, 1.996964], [2328, 1.940212], [1652, 1.286719], [1222, 1.251454], [1463, 1.206969]]
CONTINUATION__HERE_THERE__ROAD__V9_SPACE__ROAD	CONTINUATION	HERE_THERE	ROAD	V9_SPACE	 here and there the road	3	 there	612	1	1	3.824304	3.824304	541	0.928226	[[541, 3.824304], [2753, 2.616259], [1272, 2.099586], [2852, 1.908371], [2816, 1.713604]]
CONTINUATION__HERE_THERE__ROAD__V9_SPACE__ROAD	CONTINUATION	HERE_THERE	ROAD	V9_SPACE	 here and there the road	4	 the	262	0	0	-0.018724	3.824304	541	0.928226	[[1504, 2.022619], [1790, 1.969336], [1888, 1.615745], [1314, 1.556831], [1950, 1.415563]]
CONTINUATION__HERE_THERE__ROAD__V9_SPACE__ROAD	CONTINUATION	HERE_THERE	ROAD	V9_SPACE	 here and there the road	5	 road	2975	0	0	-0.082814	3.824304	541	0.928226	[[2073, 2.326512], [1888, 2.22251], [1790, 1.762587], [692, 1.725815], [2261, 1.505769]]
CONTINUATION__HERE_THERE__CLAUSE__V9_SPACE__CLAUSE	CONTINUATION	HERE_THERE	CLAUSE	V9_SPACE	 here and there, without stopping	0	<BOS>	50256	0	0	-0.000102	-0.000102	2256	0.796686	[[2256, 2.36087], [1888, 1.564183], [2787, 0.893099], [1450, 0.853876], [1048, 0.848868]]
CONTINUATION__HERE_THERE__CLAUSE__V9_SPACE__CLAUSE	CONTINUATION	HERE_THERE	CLAUSE	V9_SPACE	 here and there, without stopping	1	 here	994	0	0	-0.124207	-0.000102	464	0.181247	[[464, 2.896078], [1790, 2.714831], [1888, 2.321314], [3017, 1.599818], [654, 1.503223]]
CONTINUATION__HERE_THERE__CLAUSE__V9_SPACE__CLAUSE	CONTINUATION	HERE_THERE	CLAUSE	V9_SPACE	 here and there, without stopping	2	 and	290	0	0	-0.012329	-0.000102	464	0.181247	[[1790, 1.996964], [2328, 1.940212], [1652, 1.286719], [1222, 1.251454], [1463, 1.206969]]
CONTINUATION__HERE_THERE__CLAUSE__V9_SPACE__CLAUSE	CONTINUATION	HERE_THERE	CLAUSE	V9_SPACE	 here and there, without stopping	3	 there	612	1	1	3.824304	3.824304	541	0.928226	[[541, 3.824304], [2753, 2.616259], [1272, 2.099586], [2852, 1.908371], [2816, 1.713604]]
CONTINUATION__HERE_THERE__CLAUSE__V9_SPACE__CLAUSE	CONTINUATION	HERE_THERE	CLAUSE	V9_SPACE	 here and there, without stopping	4	,	11	0	0	-0.131739	3.824304	541	0.928226	[[1888, 1.464836], [2380, 1.40265], [1423, 1.327737], [2817, 1.224113], [2122, 1.202213]]
CONTINUATION__HERE_THERE__CLAUSE__V9_SPACE__CLAUSE	CONTINUATION	HERE_THERE	CLAUSE	V9_SPACE	 here and there, without stopping	5	 without	1231	0	0	-0.000581	3.824304	541	0.928226	[[2288, 1.854298], [1862, 1.660648], [3017, 1.653184], [885, 1.527674], [178, 1.490045]]
CONTINUATION__HERE_THERE__CLAUSE__V9_SPACE__CLAUSE	CONTINUATION	HERE_THERE	CLAUSE	V9_SPACE	 here and there, without stopping	6	 stopping	12225	0	0	-0.161694	3.824304	541	0.928226	[[1837, 2.699249], [462, 1.98906], [682, 1.797626], [809, 1.780941], [1790, 1.74616]]
CONTINUATION__HERE_THERE__XYZ__V9_SPACE__XYZ	CONTINUATION	HERE_THERE	XYZ	V9_SPACE	 here and there xyz	0	<BOS>	50256	0	0	-0.000102	-0.000102	2256	0.796686	[[2256, 2.36087], [1888, 1.564183], [2787, 0.893099], [1450, 0.853876], [1048, 0.848868]]
CONTINUATION__HERE_THERE__XYZ__V9_SPACE__XYZ	CONTINUATION	HERE_THERE	XYZ	V9_SPACE	 here and there xyz	1	 here	994	0	0	-0.124207	-0.000102	464	0.181247	[[464, 2.896078], [1790, 2.714831], [1888, 2.321314], [3017, 1.599818], [654, 1.503223]]
CONTINUATION__HERE_THERE__XYZ__V9_SPACE__XYZ	CONTINUATION	HERE_THERE	XYZ	V9_SPACE	 here and there xyz	2	 and	290	0	0	-0.012329	-0.000102	464	0.181247	[[1790, 1.996964], [2328, 1.940212], [1652, 1.286719], [1222, 1.251454], [1463, 1.206969]]
CONTINUATION__HERE_THERE__XYZ__V9_SPACE__XYZ	CONTINUATION	HERE_THERE	XYZ	V9_SPACE	 here and there xyz	3	 there	612	1	1	3.824304	3.824304	541	0.928226	[[541, 3.824304], [2753, 2.616259], [1272, 2.099586], [2852, 1.908371], [2816, 1.713604]]
CONTINUATION__HERE_THERE__XYZ__V9_SPACE__XYZ	CONTINUATION	HERE_THERE	XYZ	V9_SPACE	 here and there xyz	4	 x	2124	0	0	-0.004501	3.824304	541	0.771245	[[1588, 3.053059], [1769, 2.620745], [1888, 2.366076], [2538, 2.053894], [2874, 1.918229]]
CONTINUATION__HERE_THERE__XYZ__V9_SPACE__XYZ	CONTINUATION	HERE_THERE	XYZ	V9_SPACE	 here and there xyz	5	yz	45579	0	0	-0.136106	3.824304	541	0.771245	[[1790, 2.726476], [1888, 2.456792], [2371, 1.743363], [547, 1.709225], [1079, 1.337586]]
CONTINUATION__HERE_THERE__NONE__THE_PHRASE__NONE	CONTINUATION	HERE_THERE	NONE	THE_PHRASE	the phrase here and there	0	<BOS>	50256	0	0	-0.000102	-0.000102	2256	0.796686	[[2256, 2.36087], [1888, 1.564183], [2787, 0.893099], [1450, 0.853876], [1048, 0.848868]]
CONTINUATION__HERE_THERE__NONE__THE_PHRASE__NONE	CONTINUATION	HERE_THERE	NONE	THE_PHRASE	the phrase here and there	1	the	1169	0	0	-0.058428	-0.000102	1790	0.119972	[[1790, 2.74375], [1888, 2.623779], [1203, 1.370484], [654, 1.287318], [1504, 1.273196]]
CONTINUATION__HERE_THERE__NONE__THE_PHRASE__NONE	CONTINUATION	HERE_THERE	NONE	THE_PHRASE	the phrase here and there	2	 phrase	9546	0	0	-0.055584	-0.000102	2073	0.489396	[[2073, 3.233146], [1026, 1.694937], [2070, 1.648536], [388, 1.556334], [1888, 1.459668]]
CONTINUATION__HERE_THERE__NONE__THE_PHRASE__NONE	CONTINUATION	HERE_THERE	NONE	THE_PHRASE	the phrase here and there	3	 here	994	0	0	-0.070334	-0.000102	2073	0.489396	[[165, 1.935275], [680, 1.492949], [349, 1.388559], [3017, 1.340031], [1790, 1.298777]]
CONTINUATION__HERE_THERE__NONE__THE_PHRASE__NONE	CONTINUATION	HERE_THERE	NONE	THE_PHRASE	the phrase here and there	4	 and	290	0	0	-0.004793	-0.000102	2073	0.489396	[[1790, 2.175665], [2328, 2.069637], [1888, 1.550851], [2813, 1.399779], [2171, 1.379673]]
CONTINUATION__HERE_THERE__NONE__THE_PHRASE__NONE	CONTINUATION	HERE_THERE	NONE	THE_PHRASE	the phrase here and there	5	 there	612	1	1	4.150401	4.150401	541	0.917254	[[541, 4.150401], [2753, 2.695369], [2852, 2.316015], [1272, 2.149795], [2659, 2.135456]]
CONTINUATION__HERE_THERE__AGAIN__THE_PHRASE__AGAIN	CONTINUATION	HERE_THERE	AGAIN	THE_PHRASE	the phrase here and there again	0	<BOS>	50256	0	0	-0.000102	-0.000102	2256	0.796686	[[2256, 2.36087], [1888, 1.564183], [2787, 0.893099], [1450, 0.853876], [1048, 0.848868]]
CONTINUATION__HERE_THERE__AGAIN__THE_PHRASE__AGAIN	CONTINUATION	HERE_THERE	AGAIN	THE_PHRASE	the phrase here and there again	1	the	1169	0	0	-0.058428	-0.000102	1790	0.119972	[[1790, 2.74375], [1888, 2.623779], [1203, 1.370484], [654, 1.287318], [1504, 1.273196]]
CONTINUATION__HERE_THERE__AGAIN__THE_PHRASE__AGAIN	CONTINUATION	HERE_THERE	AGAIN	THE_PHRASE	the phrase here and there again	2	 phrase	9546	0	0	-0.055584	-0.000102	2073	0.489396	[[2073, 3.233146], [1026, 1.694937], [2070, 1.648536], [388, 1.556334], [1888, 1.459668]]
CONTINUATION__HERE_THERE__AGAIN__THE_PHRASE__AGAIN	CONTINUATION	HERE_THERE	AGAIN	THE_PHRASE	the phrase here and there again	3	 here	994	0	0	-0.070334	-0.000102	2073	0.489396	[[165, 1.935275], [680, 1.492949], [349, 1.388559], [3017, 1.340031], [1790, 1.298777]]
CONTINUATION__HERE_THERE__AGAIN__THE_PHRASE__AGAIN	CONTINUATION	HERE_THERE	AGAIN	THE_PHRASE	the phrase here and there again	4	 and	290	0	0	-0.004793	-0.000102	2073	0.489396	[[1790, 2.175665], [2328, 2.069637], [1888, 1.550851], [2813, 1.399779], [2171, 1.379673]]
CONTINUATION__HERE_THERE__AGAIN__THE_PHRASE__AGAIN	CONTINUATION	HERE_THERE	AGAIN	THE_PHRASE	the phrase here and there again	5	 there	612	1	1	4.150401	4.150401	541	0.917254	[[541, 4.150401], [2753, 2.695369], [2852, 2.316015], [1272, 2.149795], [2659, 2.135456]]
CONTINUATION__HERE_THERE__AGAIN__THE_PHRASE__AGAIN	CONTINUATION	HERE_THERE	AGAIN	THE_PHRASE	the phrase here and there again	6	 again	757	0	0	0.734096	4.150401	541	0.917254	[[1594, 2.071979], [1691, 1.894282], [2705, 1.871061], [2881, 1.864609], [2720, 1.679013]]
CONTINUATION__HERE_THERE__PERIOD__THE_PHRASE__PERIOD	CONTINUATION	HERE_THERE	PERIOD	THE_PHRASE	the phrase here and there.	0	<BOS>	50256	0	0	-0.000102	-0.000102	2256	0.796686	[[2256, 2.36087], [1888, 1.564183], [2787, 0.893099], [1450, 0.853876], [1048, 0.848868]]
CONTINUATION__HERE_THERE__PERIOD__THE_PHRASE__PERIOD	CONTINUATION	HERE_THERE	PERIOD	THE_PHRASE	the phrase here and there.	1	the	1169	0	0	-0.058428	-0.000102	1790	0.119972	[[1790, 2.74375], [1888, 2.623779], [1203, 1.370484], [654, 1.287318], [1504, 1.273196]]
CONTINUATION__HERE_THERE__PERIOD__THE_PHRASE__PERIOD	CONTINUATION	HERE_THERE	PERIOD	THE_PHRASE	the phrase here and there.	2	 phrase	9546	0	0	-0.055584	-0.000102	2073	0.489396	[[2073, 3.233146], [1026, 1.694937], [2070, 1.648536], [388, 1.556334], [1888, 1.459668]]
CONTINUATION__HERE_THERE__PERIOD__THE_PHRASE__PERIOD	CONTINUATION	HERE_THERE	PERIOD	THE_PHRASE	the phrase here and there.	3	 here	994	0	0	-0.070334	-0.000102	2073	0.489396	[[165, 1.935275], [680, 1.492949], [349, 1.388559], [3017, 1.340031], [1790, 1.298777]]
CONTINUATION__HERE_THERE__PERIOD__THE_PHRASE__PERIOD	CONTINUATION	HERE_THERE	PERIOD	THE_PHRASE	the phrase here and there.	4	 and	290	0	0	-0.004793	-0.000102	2073	0.489396	[[1790, 2.175665], [2328, 2.069637], [1888, 1.550851], [2813, 1.399779], [2171, 1.379673]]
CONTINUATION__HERE_THERE__PERIOD__THE_PHRASE__PERIOD	CONTINUATION	HERE_THERE	PERIOD	THE_PHRASE	the phrase here and there.	5	 there	612	1	1	4.150401	4.150401	541	0.917254	[[541, 4.150401], [2753, 2.695369], [2852, 2.316015], [1272, 2.149795], [2659, 2.135456]]
CONTINUATION__HERE_THERE__PERIOD__THE_PHRASE__PERIOD	CONTINUATION	HERE_THERE	PERIOD	THE_PHRASE	the phrase here and there.	6	.	13	0	0	-0.032303	4.150401	541	0.917254	[[1821, 2.30648], [1888, 2.149544], [1790, 1.873555], [2710, 1.335633], [1598, 1.229906]]
CONTINUATION__HERE_THERE__ROAD__THE_PHRASE__ROAD	CONTINUATION	HERE_THERE	ROAD	THE_PHRASE	the phrase here and there the road	0	<BOS>	50256	0	0	-0.000102	-0.000102	2256	0.796686	[[2256, 2.36087], [1888, 1.564183], [2787, 0.893099], [1450, 0.853876], [1048, 0.848868]]
CONTINUATION__HERE_THERE__ROAD__THE_PHRASE__ROAD	CONTINUATION	HERE_THERE	ROAD	THE_PHRASE	the phrase here and there the road	1	the	1169	0	0	-0.058428	-0.000102	1790	0.119972	[[1790, 2.74375], [1888, 2.623779], [1203, 1.370484], [654, 1.287318], [1504, 1.273196]]
CONTINUATION__HERE_THERE__ROAD__THE_PHRASE__ROAD	CONTINUATION	HERE_THERE	ROAD	THE_PHRASE	the phrase here and there the road	2	 phrase	9546	0	0	-0.055584	-0.000102	2073	0.489396	[[2073, 3.233146], [1026, 1.694937], [2070, 1.648536], [388, 1.556334], [1888, 1.459668]]
CONTINUATION__HERE_THERE__ROAD__THE_PHRASE__ROAD	CONTINUATION	HERE_THERE	ROAD	THE_PHRASE	the phrase here and there the road	3	 here	994	0	0	-0.070334	-0.000102	2073	0.489396	[[165, 1.935275], [680, 1.492949], [349, 1.388559], [3017, 1.340031], [1790, 1.298777]]
CONTINUATION__HERE_THERE__ROAD__THE_PHRASE__ROAD	CONTINUATION	HERE_THERE	ROAD	THE_PHRASE	the phrase here and there the road	4	 and	290	0	0	-0.004793	-0.000102	2073	0.489396	[[1790, 2.175665], [2328, 2.069637], [1888, 1.550851], [2813, 1.399779], [2171, 1.379673]]
CONTINUATION__HERE_THERE__ROAD__THE_PHRASE__ROAD	CONTINUATION	HERE_THERE	ROAD	THE_PHRASE	the phrase here and there the road	5	 there	612	1	1	4.150401	4.150401	541	0.917254	[[541, 4.150401], [2753, 2.695369], [2852, 2.316015], [1272, 2.149795], [2659, 2.135456]]
CONTINUATION__HERE_THERE__ROAD__THE_PHRASE__ROAD	CONTINUATION	HERE_THERE	ROAD	THE_PHRASE	the phrase here and there the road	6	 the	262	0	0	-0.00654	4.150401	541	0.917254	[[1888, 1.940409], [1790, 1.772344], [1504, 1.631503], [1314, 1.490847], [1505, 1.151846]]
CONTINUATION__HERE_THERE__ROAD__THE_PHRASE__ROAD	CONTINUATION	HERE_THERE	ROAD	THE_PHRASE	the phrase here and there the road	7	 road	2975	0	0	-0.059378	4.150401	541	0.917254	[[2073, 2.610871], [1888, 2.318924], [1790, 1.976968], [2261, 1.537222], [692, 1.514993]]
CONTINUATION__HERE_THERE__CLAUSE__THE_PHRASE__CLAUSE	CONTINUATION	HERE_THERE	CLAUSE	THE_PHRASE	the phrase here and there, without stopping	0	<BOS>	50256	0	0	-0.000102	-0.000102	2256	0.796686	[[2256, 2.36087], [1888, 1.564183], [2787, 0.893099], [1450, 0.853876], [1048, 0.848868]]
CONTINUATION__HERE_THERE__CLAUSE__THE_PHRASE__CLAUSE	CONTINUATION	HERE_THERE	CLAUSE	THE_PHRASE	the phrase here and there, without stopping	1	the	1169	0	0	-0.058428	-0.000102	1790	0.119971	[[1790, 2.74375], [1888, 2.623779], [1203, 1.370485], [654, 1.287318], [1504, 1.273196]]
CONTINUATION__HERE_THERE__CLAUSE__THE_PHRASE__CLAUSE	CONTINUATION	HERE_THERE	CLAUSE	THE_PHRASE	the phrase here and there, without stopping	2	 phrase	9546	0	0	-0.055584	-0.000102	2073	0.489396	[[2073, 3.233146], [1026, 1.694937], [2070, 1.648537], [388, 1.556334], [1888, 1.459666]]
CONTINUATION__HERE_THERE__CLAUSE__THE_PHRASE__CLAUSE	CONTINUATION	HERE_THERE	CLAUSE	THE_PHRASE	the phrase here and there, without stopping	3	 here	994	0	0	-0.070334	-0.000102	2073	0.489396	[[165, 1.935276], [680, 1.492949], [349, 1.388558], [3017, 1.340031], [1790, 1.298778]]
CONTINUATION__HERE_THERE__CLAUSE__THE_PHRASE__CLAUSE	CONTINUATION	HERE_THERE	CLAUSE	THE_PHRASE	the phrase here and there, without stopping	4	 and	290	0	0	-0.004793	-0.000102	2073	0.489396	[[1790, 2.175663], [2328, 2.069636], [1888, 1.550849], [2813, 1.399779], [2171, 1.379673]]
CONTINUATION__HERE_THERE__CLAUSE__THE_PHRASE__CLAUSE	CONTINUATION	HERE_THERE	CLAUSE	THE_PHRASE	the phrase here and there, without stopping	5	 there	612	1	1	4.150404	4.150404	541	0.917258	[[541, 4.150404], [2753, 2.695368], [2852, 2.316015], [1272, 2.149794], [2659, 2.135459]]
CONTINUATION__HERE_THERE__CLAUSE__THE_PHRASE__CLAUSE	CONTINUATION	HERE_THERE	CLAUSE	THE_PHRASE	the phrase here and there, without stopping	6	,	11	0	0	-0.09212	4.150404	541	0.917258	[[2380, 2.052399], [1888, 1.990657], [338, 1.538118], [1790, 1.404367], [3023, 1.397379]]
CONTINUATION__HERE_THERE__CLAUSE__THE_PHRASE__CLAUSE	CONTINUATION	HERE_THERE	CLAUSE	THE_PHRASE	the phrase here and there, without stopping	7	 without	1231	0	0	-0.000274	4.150404	541	0.917258	[[2288, 1.713284], [178, 1.637067], [1862, 1.613279], [3017, 1.425985], [885, 1.424498]]
CONTINUATION__HERE_THERE__CLAUSE__THE_PHRASE__CLAUSE	CONTINUATION	HERE_THERE	CLAUSE	THE_PHRASE	the phrase here and there, without stopping	8	 stopping	12225	0	0	-0.162343	4.150404	541	0.917258	[[1837, 2.422914], [462, 2.173905], [1790, 1.792493], [682, 1.733471], [809, 1.654239]]
CONTINUATION__HERE_THERE__XYZ__THE_PHRASE__XYZ	CONTINUATION	HERE_THERE	XYZ	THE_PHRASE	the phrase here and there xyz	0	<BOS>	50256	0	0	-0.000102	-0.000102	2256	0.796686	[[2256, 2.36087], [1888, 1.564183], [2787, 0.893099], [1450, 0.853876], [1048, 0.848868]]
CONTINUATION__HERE_THERE__XYZ__THE_PHRASE__XYZ	CONTINUATION	HERE_THERE	XYZ	THE_PHRASE	the phrase here and there xyz	1	the	1169	0	0	-0.058428	-0.000102	1790	0.119972	[[1790, 2.74375], [1888, 2.623779], [1203, 1.370484], [654, 1.287318], [1504, 1.273196]]
CONTINUATION__HERE_THERE__XYZ__THE_PHRASE__XYZ	CONTINUATION	HERE_THERE	XYZ	THE_PHRASE	the phrase here and there xyz	2	 phrase	9546	0	0	-0.055584	-0.000102	2073	0.489396	[[2073, 3.233146], [1026, 1.694937], [2070, 1.648536], [388, 1.556334], [1888, 1.459668]]
CONTINUATION__HERE_THERE__XYZ__THE_PHRASE__XYZ	CONTINUATION	HERE_THERE	XYZ	THE_PHRASE	the phrase here and there xyz	3	 here	994	0	0	-0.070334	-0.000102	2073	0.489396	[[165, 1.935275], [680, 1.492949], [349, 1.388559], [3017, 1.340031], [1790, 1.298777]]
CONTINUATION__HERE_THERE__XYZ__THE_PHRASE__XYZ	CONTINUATION	HERE_THERE	XYZ	THE_PHRASE	the phrase here and there xyz	4	 and	290	0	0	-0.004793	-0.000102	2073	0.489396	[[1790, 2.175665], [2328, 2.069637], [1888, 1.550851], [2813, 1.399779], [2171, 1.379673]]
CONTINUATION__HERE_THERE__XYZ__THE_PHRASE__XYZ	CONTINUATION	HERE_THERE	XYZ	THE_PHRASE	the phrase here and there xyz	5	 there	612	1	1	4.150401	4.150401	541	0.917254	[[541, 4.150401], [2753, 2.695369], [2852, 2.316015], [1272, 2.149795], [2659, 2.135456]]
CONTINUATION__HERE_THERE__XYZ__THE_PHRASE__XYZ	CONTINUATION	HERE_THERE	XYZ	THE_PHRASE	the phrase here and there xyz	6	 x	2124	0	0	-0.000887	4.150401	541	0.917254	[[1588, 2.986818], [1769, 2.61904], [1888, 2.51052], [406, 2.075611], [2874, 1.957612]]
CONTINUATION__HERE_THERE__XYZ__THE_PHRASE__XYZ	CONTINUATION	HERE_THERE	XYZ	THE_PHRASE	the phrase here and there xyz	7	yz	45579	0	0	-0.114835	4.150401	541	0.917254	[[1790, 2.805361], [1888, 2.588053], [547, 2.102302], [2371, 1.6881], [685, 1.54128]]
CONTINUATION__HERE_THERE__NONE__THEY_SAID__NONE	CONTINUATION	HERE_THERE	NONE	THEY_SAID	they said here and there	0	<BOS>	50256	0	0	-0.000102	-0.000102	2256	0.796686	[[2256, 2.36087], [1888, 1.564183], [2787, 0.893099], [1450, 0.853876], [1048, 0.848868]]
CONTINUATION__HERE_THERE__NONE__THEY_SAID__NONE	CONTINUATION	HERE_THERE	NONE	THEY_SAID	they said here and there	1	they	9930	0	0	-0.133193	-0.000102	2256	0.053377	[[1790, 2.307492], [1888, 2.21476], [234, 1.470804], [1169, 1.294994], [654, 1.246823]]
CONTINUATION__HERE_THERE__NONE__THEY_SAID__NONE	CONTINUATION	HERE_THERE	NONE	THEY_SAID	they said here and there	2	 said	531	0	0	-0.038379	-0.000102	2256	0.053377	[[2982, 1.845008], [932, 1.550615], [521, 1.429855], [38, 1.363183], [654, 1.281732]]
CONTINUATION__HERE_THERE__NONE__THEY_SAID__NONE	CONTINUATION	HERE_THERE	NONE	THEY_SAID	they said here and there	3	 here	994	0	0	-0.157885	-0.000102	2256	0.053377	[[720, 1.780668], [1790, 1.54955], [3017, 1.486049], [1691, 1.431151], [165, 1.397194]]
CONTINUATION__HERE_THERE__NONE__THEY_SAID__NONE	CONTINUATION	HERE_THERE	NONE	THEY_SAID	they said here and there	4	 and	290	0	0	-0.015843	-0.000102	1790	0.078049	[[1790, 2.438919], [2171, 1.923526], [2328, 1.489055], [2813, 1.381902], [1888, 1.364874]]
CONTINUATION__HERE_THERE__NONE__THEY_SAID__NONE	CONTINUATION	HERE_THERE	NONE	THEY_SAID	they said here and there	5	 there	612	1	1	4.241707	4.241707	541	1.313137	[[541, 4.241707], [2753, 2.92857], [2659, 2.405142], [2852, 2.147663], [2905, 1.936593]]
CONTINUATION__HERE_THERE__AGAIN__THEY_SAID__AGAIN	CONTINUATION	HERE_THERE	AGAIN	THEY_SAID	they said here and there again	0	<BOS>	50256	0	0	-0.000102	-0.000102	2256	0.796686	[[2256, 2.36087], [1888, 1.564183], [2787, 0.893099], [1450, 0.853876], [1048, 0.848868]]
CONTINUATION__HERE_THERE__AGAIN__THEY_SAID__AGAIN	CONTINUATION	HERE_THERE	AGAIN	THEY_SAID	they said here and there again	1	they	9930	0	0	-0.133193	-0.000102	2256	0.053377	[[1790, 2.307492], [1888, 2.21476], [234, 1.470804], [1169, 1.294994], [654, 1.246823]]
CONTINUATION__HERE_THERE__AGAIN__THEY_SAID__AGAIN	CONTINUATION	HERE_THERE	AGAIN	THEY_SAID	they said here and there again	2	 said	531	0	0	-0.038379	-0.000102	2256	0.053377	[[2982, 1.845008], [932, 1.550615], [521, 1.429855], [38, 1.363183], [654, 1.281732]]
CONTINUATION__HERE_THERE__AGAIN__THEY_SAID__AGAIN	CONTINUATION	HERE_THERE	AGAIN	THEY_SAID	they said here and there again	3	 here	994	0	0	-0.157885	-0.000102	2256	0.053377	[[720, 1.780668], [1790, 1.54955], [3017, 1.486049], [1691, 1.431151], [165, 1.397194]]
CONTINUATION__HERE_THERE__AGAIN__THEY_SAID__AGAIN	CONTINUATION	HERE_THERE	AGAIN	THEY_SAID	they said here and there again	4	 and	290	0	0	-0.015843	-0.000102	1790	0.078049	[[1790, 2.438919], [2171, 1.923526], [2328, 1.489055], [2813, 1.381902], [1888, 1.364874]]
CONTINUATION__HERE_THERE__AGAIN__THEY_SAID__AGAIN	CONTINUATION	HERE_THERE	AGAIN	THEY_SAID	they said here and there again	5	 there	612	1	1	4.241707	4.241707	541	1.313137	[[541, 4.241707], [2753, 2.92857], [2659, 2.405142], [2852, 2.147663], [2905, 1.936593]]
CONTINUATION__HERE_THERE__AGAIN__THEY_SAID__AGAIN	CONTINUATION	HERE_THERE	AGAIN	THEY_SAID	they said here and there again	6	 again	757	0	0	0.773872	4.241707	541	1.313137	[[2705, 2.22009], [2881, 2.045761], [1691, 1.992109], [2720, 1.966047], [1594, 1.784373]]
CONTINUATION__HERE_THERE__PERIOD__THEY_SAID__PERIOD	CONTINUATION	HERE_THERE	PERIOD	THEY_SAID	they said here and there.	0	<BOS>	50256	0	0	-0.000102	-0.000102	2256	0.796686	[[2256, 2.36087], [1888, 1.564183], [2787, 0.893099], [1450, 0.853876], [1048, 0.848868]]
CONTINUATION__HERE_THERE__PERIOD__THEY_SAID__PERIOD	CONTINUATION	HERE_THERE	PERIOD	THEY_SAID	they said here and there.	1	they	9930	0	0	-0.133193	-0.000102	2256	0.053377	[[1790, 2.307492], [1888, 2.21476], [234, 1.470804], [1169, 1.294994], [654, 1.246823]]
CONTINUATION__HERE_THERE__PERIOD__THEY_SAID__PERIOD	CONTINUATION	HERE_THERE	PERIOD	THEY_SAID	they said here and there.	2	 said	531	0	0	-0.038379	-0.000102	2256	0.053377	[[2982, 1.845008], [932, 1.550615], [521, 1.429855], [38, 1.363183], [654, 1.281732]]
CONTINUATION__HERE_THERE__PERIOD__THEY_SAID__PERIOD	CONTINUATION	HERE_THERE	PERIOD	THEY_SAID	they said here and there.	3	 here	994	0	0	-0.157885	-0.000102	2256	0.053377	[[720, 1.780668], [1790, 1.54955], [3017, 1.486049], [1691, 1.431151], [165, 1.397194]]
CONTINUATION__HERE_THERE__PERIOD__THEY_SAID__PERIOD	CONTINUATION	HERE_THERE	PERIOD	THEY_SAID	they said here and there.	4	 and	290	0	0	-0.015843	-0.000102	1790	0.078049	[[1790, 2.438919], [2171, 1.923526], [2328, 1.489055], [2813, 1.381902], [1888, 1.364874]]
CONTINUATION__HERE_THERE__PERIOD__THEY_SAID__PERIOD	CONTINUATION	HERE_THERE	PERIOD	THEY_SAID	they said here and there.	5	 there	612	1	1	4.241707	4.241707	541	1.313137	[[541, 4.241707], [2753, 2.92857], [2659, 2.405142], [2852, 2.147663], [2905, 1.936593]]
CONTINUATION__HERE_THERE__PERIOD__THEY_SAID__PERIOD	CONTINUATION	HERE_THERE	PERIOD	THEY_SAID	they said here and there.	6	.	13	0	0	-0.040806	4.241707	541	1.313137	[[1888, 2.246408], [1821, 2.059214], [1790, 1.991276], [654, 1.273271], [2710, 1.271518]]
CONTINUATION__HERE_THERE__ROAD__THEY_SAID__ROAD	CONTINUATION	HERE_THERE	ROAD	THEY_SAID	they said here and there the road	0	<BOS>	50256	0	0	-0.000102	-0.000102	2256	0.796686	[[2256, 2.36087], [1888, 1.564183], [2787, 0.893099], [1450, 0.853876], [1048, 0.848868]]
CONTINUATION__HERE_THERE__ROAD__THEY_SAID__ROAD	CONTINUATION	HERE_THERE	ROAD	THEY_SAID	they said here and there the road	1	they	9930	0	0	-0.133193	-0.000102	2256	0.053377	[[1790, 2.307492], [1888, 2.21476], [234, 1.470804], [1169, 1.294994], [654, 1.246823]]
CONTINUATION__HERE_THERE__ROAD__THEY_SAID__ROAD	CONTINUATION	HERE_THERE	ROAD	THEY_SAID	they said here and there the road	2	 said	531	0	0	-0.038379	-0.000102	2256	0.053377	[[2982, 1.845008], [932, 1.550615], [521, 1.429855], [38, 1.363183], [654, 1.281732]]
CONTINUATION__HERE_THERE__ROAD__THEY_SAID__ROAD	CONTINUATION	HERE_THERE	ROAD	THEY_SAID	they said here and there the road	3	 here	994	0	0	-0.157885	-0.000102	2256	0.053377	[[720, 1.780668], [1790, 1.54955], [3017, 1.486049], [1691, 1.431151], [165, 1.397194]]
CONTINUATION__HERE_THERE__ROAD__THEY_SAID__ROAD	CONTINUATION	HERE_THERE	ROAD	THEY_SAID	they said here and there the road	4	 and	290	0	0	-0.015843	-0.000102	1790	0.078049	[[1790, 2.438919], [2171, 1.923526], [2328, 1.489055], [2813, 1.381902], [1888, 1.364874]]
CONTINUATION__HERE_THERE__ROAD__THEY_SAID__ROAD	CONTINUATION	HERE_THERE	ROAD	THEY_SAID	they said here and there the road	5	 there	612	1	1	4.241707	4.241707	541	1.313137	[[541, 4.241707], [2753, 2.92857], [2659, 2.405142], [2852, 2.147663], [2905, 1.936593]]
CONTINUATION__HERE_THERE__ROAD__THEY_SAID__ROAD	CONTINUATION	HERE_THERE	ROAD	THEY_SAID	they said here and there the road	6	 the	262	0	0	-0.006613	4.241707	541	1.313137	[[1504, 1.851755], [1790, 1.798877], [1888, 1.541201], [2098, 1.417874], [1242, 1.37949]]
CONTINUATION__HERE_THERE__ROAD__THEY_SAID__ROAD	CONTINUATION	HERE_THERE	ROAD	THEY_SAID	they said here and there the road	7	 road	2975	0	0	-0.067498	4.241707	541	1.313137	[[2073, 2.698283], [1888, 2.23365], [270, 1.850934], [1790, 1.700244], [2261, 1.386698]]
CONTINUATION__HERE_THERE__CLAUSE__THEY_SAID__CLAUSE	CONTINUATION	HERE_THERE	CLAUSE	THEY_SAID	they said here and there, without stopping	0	<BOS>	50256	0	0	-0.000102	-0.000102	2256	0.796686	[[2256, 2.36087], [1888, 1.564183], [2787, 0.893099], [1450, 0.853876], [1048, 0.848868]]
CONTINUATION__HERE_THERE__CLAUSE__THEY_SAID__CLAUSE	CONTINUATION	HERE_THERE	CLAUSE	THEY_SAID	they said here and there, without stopping	1	they	9930	0	0	-0.133193	-0.000102	2256	0.053377	[[1790, 2.307492], [1888, 2.21476], [234, 1.470804], [1169, 1.294996], [654, 1.246823]]
CONTINUATION__HERE_THERE__CLAUSE__THEY_SAID__CLAUSE	CONTINUATION	HERE_THERE	CLAUSE	THEY_SAID	they said here and there, without stopping	2	 said	531	0	0	-0.038379	-0.000102	2256	0.053377	[[2982, 1.845007], [932, 1.550614], [521, 1.429854], [38, 1.363182], [654, 1.281733]]
CONTINUATION__HERE_THERE__CLAUSE__THEY_SAID__CLAUSE	CONTINUATION	HERE_THERE	CLAUSE	THEY_SAID	they said here and there, without stopping	3	 here	994	0	0	-0.157885	-0.000102	2256	0.053377	[[720, 1.780668], [1790, 1.549552], [3017, 1.486049], [1691, 1.43115], [165, 1.397192]]
CONTINUATION__HERE_THERE__CLAUSE__THEY_SAID__CLAUSE	CONTINUATION	HERE_THERE	CLAUSE	THEY_SAID	they said here and there, without stopping	4	 and	290	0	0	-0.015843	-0.000102	1790	0.078049	[[1790, 2.438919], [2171, 1.923528], [2328, 1.489053], [2813, 1.381902], [1888, 1.364875]]
CONTINUATION__HERE_THERE__CLAUSE__THEY_SAID__CLAUSE	CONTINUATION	HERE_THERE	CLAUSE	THEY_SAID	they said here and there, without stopping	5	 there	612	1	1	4.241705	4.241705	541	1.313135	[[541, 4.241705], [2753, 2.92857], [2659, 2.405139], [2852, 2.147664], [2905, 1.936592]]
CONTINUATION__HERE_THERE__CLAUSE__THEY_SAID__CLAUSE	CONTINUATION	HERE_THERE	CLAUSE	THEY_SAID	they said here and there, without stopping	6	,	11	0	0	-0.124197	4.241705	541	1.313135	[[2380, 1.700404], [1888, 1.665211], [1790, 1.436687], [2970, 1.425279], [338, 1.293475]]
CONTINUATION__HERE_THERE__CLAUSE__THEY_SAID__CLAUSE	CONTINUATION	HERE_THERE	CLAUSE	THEY_SAID	they said here and there, without stopping	7	 without	1231	0	0	-0.000226	4.241705	541	1.313135	[[2281, 1.560211], [1862, 1.524545], [178, 1.44991], [1790, 1.433794], [1888, 1.382334]]
CONTINUATION__HERE_THERE__CLAUSE__THEY_SAID__CLAUSE	CONTINUATION	HERE_THERE	CLAUSE	THEY_SAID	they said here and there, without stopping	8	 stopping	12225	0	0	-0.170017	4.241705	541	1.313135	[[1837, 2.43285], [462, 2.062995], [1790, 1.812469], [682, 1.69204], [2187, 1.567086]]
CONTINUATION__HERE_THERE__XYZ__THEY_SAID__XYZ	CONTINUATION	HERE_THERE	XYZ	THEY_SAID	they said here and there xyz	0	<BOS>	50256	0	0	-0.000102	-0.000102	2256	0.796686	[[2256, 2.36087], [1888, 1.564183], [2787, 0.893099], [1450, 0.853876], [1048, 0.848868]]
CONTINUATION__HERE_THERE__XYZ__THEY_SAID__XYZ	CONTINUATION	HERE_THERE	XYZ	THEY_SAID	they said here and there xyz	1	they	9930	0	0	-0.133193	-0.000102	2256	0.053377	[[1790, 2.307492], [1888, 2.21476], [234, 1.470804], [1169, 1.294994], [654, 1.246823]]
CONTINUATION__HERE_THERE__XYZ__THEY_SAID__XYZ	CONTINUATION	HERE_THERE	XYZ	THEY_SAID	they said here and there xyz	2	 said	531	0	0	-0.038379	-0.000102	2256	0.053377	[[2982, 1.845008], [932, 1.550615], [521, 1.429855], [38, 1.363183], [654, 1.281732]]
CONTINUATION__HERE_THERE__XYZ__THEY_SAID__XYZ	CONTINUATION	HERE_THERE	XYZ	THEY_SAID	they said here and there xyz	3	 here	994	0	0	-0.157885	-0.000102	2256	0.053377	[[720, 1.780668], [1790, 1.54955], [3017, 1.486049], [1691, 1.431151], [165, 1.397194]]
CONTINUATION__HERE_THERE__XYZ__THEY_SAID__XYZ	CONTINUATION	HERE_THERE	XYZ	THEY_SAID	they said here and there xyz	4	 and	290	0	0	-0.015843	-0.000102	1790	0.078049	[[1790, 2.438919], [2171, 1.923526], [2328, 1.489055], [2813, 1.381902], [1888, 1.364874]]
CONTINUATION__HERE_THERE__XYZ__THEY_SAID__XYZ	CONTINUATION	HERE_THERE	XYZ	THEY_SAID	they said here and there xyz	5	 there	612	1	1	4.241707	4.241707	541	1.313137	[[541, 4.241707], [2753, 2.92857], [2659, 2.405142], [2852, 2.147663], [2905, 1.936593]]
CONTINUATION__HERE_THERE__XYZ__THEY_SAID__XYZ	CONTINUATION	HERE_THERE	XYZ	THEY_SAID	they said here and there xyz	6	 x	2124	0	0	-0.000857	4.241707	541	1.076935	[[1588, 3.164773], [1769, 2.755772], [1888, 2.476325], [2874, 2.10747], [1468, 1.806681]]
CONTINUATION__HERE_THERE__XYZ__THEY_SAID__XYZ	CONTINUATION	HERE_THERE	XYZ	THEY_SAID	they said here and there xyz	7	yz	45579	0	0	-0.092934	4.241707	541	1.076935	[[1790, 2.667748], [1888, 2.378985], [547, 1.786247], [2371, 1.63939], [1079, 1.439433]]
CARRIER_CONTROL__THE_PHRASE	CARRIER_CONTROL	THE_PHRASE	CARRIER_ONLY	THE_PHRASE	the phrase	0	<BOS>	50256	0	0	-0.000102	-0.000102	2256	0.796687	[[2256, 2.36087], [1888, 1.564183], [2787, 0.893099], [1450, 0.853876], [1048, 0.848868]]
CARRIER_CONTROL__THE_PHRASE	CARRIER_CONTROL	THE_PHRASE	CARRIER_ONLY	THE_PHRASE	the phrase	1	the	1169	0	0	-0.058428	-0.000102	1790	0.119972	[[1790, 2.743751], [1888, 2.623779], [1203, 1.370484], [654, 1.287319], [1504, 1.273197]]
CARRIER_CONTROL__THE_PHRASE	CARRIER_CONTROL	THE_PHRASE	CARRIER_ONLY	THE_PHRASE	the phrase	2	 phrase	9546	1	1	-0.055584	-0.000102	2073	0.489395	[[2073, 3.233145], [1026, 1.694937], [2070, 1.648536], [388, 1.556335], [1888, 1.459667]]
CARRIER_CONTROL__THEY_SAID	CARRIER_CONTROL	THEY_SAID	CARRIER_ONLY	THEY_SAID	they said	0	<BOS>	50256	0	0	-0.000102	-0.000102	2256	0.796687	[[2256, 2.36087], [1888, 1.564183], [2787, 0.893099], [1450, 0.853876], [1048, 0.848868]]
CARRIER_CONTROL__THEY_SAID	CARRIER_CONTROL	THEY_SAID	CARRIER_ONLY	THEY_SAID	they said	1	they	9930	0	0	-0.133193	-0.000102	2256	0.053377	[[1790, 2.307493], [1888, 2.21476], [234, 1.470804], [1169, 1.294995], [654, 1.246823]]
CARRIER_CONTROL__THEY_SAID	CARRIER_CONTROL	THEY_SAID	CARRIER_ONLY	THEY_SAID	they said	2	 said	531	1	1	-0.038379	-0.000102	2256	0.053377	[[2982, 1.845009], [932, 1.550616], [521, 1.429855], [38, 1.363183], [654, 1.281732]]
