# generated_utc	2026-08-14T18:47:54+00:00
# script	probe_v10.py
# python	3.11.15
# torch	2.9.0+cu128
# transformers	4.57.1
# device	cuda:0
# gpu	NVIDIA GeForce RTX 5060 Laptop GPU
# revision	607a30d783dfa663caf39e06633721c8d4cfcd7e
# layer	5
# tf32_matmul	False
# tf32_cudnn	False
# theta_sha256	113687a222f8cf98039222c27b39aaf716493e5e8c1db94ea4e6544e0814088c
# n_rows	794
comparison_id	comparison_type	branch	seed_id	carrier_id	baseline_variant	variant	baseline_case_id	case_id	baseline_string	string	strict_token_position_match	baseline_pre_second_body_tokens	pre_second_body_tokens	baseline_second_realised_tokens	second_realised_tokens	raw_completion_541_change	raw_completion_increment_change	peak_541_change	signed_541_margin_change	baseline_dest	dest	baseline_retained_541	retained_541	retention_changed	completion_token_match	second_token_count_match
CORE_FACTORIAL__UP_DOWN__CC__BARE__NONE__TO__CA	WITHIN_CARRIER	CORE_FACTORIAL	UP_DOWN	BARE	CC	CA	CORE_FACTORIAL__UP_DOWN__CC__BARE__NONE	CORE_FACTORIAL__UP_DOWN__CA__BARE__NONE	up and down	up and window	1	2	2	1	1	-3.018235	-3.018235	-3.018235	-2.871858	541	1790	1	0	1		
CORE_FACTORIAL__UP_DOWN__CC__BARE__NONE__TO__AC	WITHIN_CARRIER	CORE_FACTORIAL	UP_DOWN	BARE	CC	AC	CORE_FACTORIAL__UP_DOWN__CC__BARE__NONE	CORE_FACTORIAL__UP_DOWN__AC__BARE__NONE	up and down	gravel and down	0	2	3	1	1	-3.884842	-3.929671	-3.884842	-3.828185	541	1888	1	0	1		
CORE_FACTORIAL__UP_DOWN__CC__BARE__NONE__TO__AA	WITHIN_CARRIER	CORE_FACTORIAL	UP_DOWN	BARE	CC	AA	CORE_FACTORIAL__UP_DOWN__CC__BARE__NONE	CORE_FACTORIAL__UP_DOWN__AA__BARE__NONE	up and down	gravel and window	0	2	3	1	1	-3.236667	-3.281496	-3.236667	-3.18001	541	1888	1	0	1		
ENDPOINT_CONTROL__UP_DOWN__FULL_FRAME__BARE__NONE__TO__SECOND_ONLY	WITHIN_CARRIER	ENDPOINT_CONTROL	UP_DOWN	BARE	FULL_FRAME	SECOND_ONLY	ENDPOINT_CONTROL__UP_DOWN__FULL_FRAME__BARE__NONE	ENDPOINT_CONTROL__UP_DOWN__SECOND_ONLY__BARE__NONE	up and down	down	0	2	0	1	1	-4.248212	-4.304541	-4.121899	-3.710527	541	1790	1	0	1		
ENDPOINT_CONTROL__UP_DOWN__FULL_FRAME__BARE__NONE__TO__CONNECTOR_SECOND	WITHIN_CARRIER	ENDPOINT_CONTROL	UP_DOWN	BARE	FULL_FRAME	CONNECTOR_SECOND	ENDPOINT_CONTROL__UP_DOWN__FULL_FRAME__BARE__NONE	ENDPOINT_CONTROL__UP_DOWN__CONNECTOR_SECOND__BARE__NONE	up and down	and down	0	2	1	1	1	-4.033098	-4.062981	-4.033098	-3.51905	541	1790	1	0	1		
ENDPOINT_CONTROL__UP_DOWN__FULL_FRAME__BARE__NONE__TO__FIRST_SECOND	WITHIN_CARRIER	ENDPOINT_CONTROL	UP_DOWN	BARE	FULL_FRAME	FIRST_SECOND	ENDPOINT_CONTROL__UP_DOWN__FULL_FRAME__BARE__NONE	ENDPOINT_CONTROL__UP_DOWN__FIRST_SECOND__BARE__NONE	up and down	up down	0	2	1	1	1	-4.027068	-3.996057	-4.027068	-3.880691	541	1790	1	0	1		
ENDPOINT_CONTROL__UP_DOWN__FULL_FRAME__BARE__NONE__TO__ARBFIRST_SECOND	WITHIN_CARRIER	ENDPOINT_CONTROL	UP_DOWN	BARE	FULL_FRAME	ARBFIRST_SECOND	ENDPOINT_CONTROL__UP_DOWN__FULL_FRAME__BARE__NONE	ENDPOINT_CONTROL__UP_DOWN__ARBFIRST_SECOND__BARE__NONE	up and down	gravel down	1	2	2	1	1	-4.203725	-4.191176	-4.121899	-4.065241	541	1888	1	0	1		
ENDPOINT_CONTROL__UP_DOWN__FULL_FRAME__BARE__NONE__TO__FIRST_REPEAT	WITHIN_CARRIER	ENDPOINT_CONTROL	UP_DOWN	BARE	FULL_FRAME	FIRST_REPEAT	ENDPOINT_CONTROL__UP_DOWN__FULL_FRAME__BARE__NONE	ENDPOINT_CONTROL__UP_DOWN__FIRST_REPEAT__BARE__NONE	up and down	up up	0	2	1	1	1	-4.256592	-4.225581	-4.121899	-3.975522	541	1790	1	0	1		
ENDPOINT_CONTROL__UP_DOWN__FULL_FRAME__BARE__NONE__TO__REVERSED	WITHIN_CARRIER	ENDPOINT_CONTROL	UP_DOWN	BARE	FULL_FRAME	REVERSED	ENDPOINT_CONTROL__UP_DOWN__FULL_FRAME__BARE__NONE	ENDPOINT_CONTROL__UP_DOWN__REVERSED__BARE__NONE	up and down	down and up	1	2	2	1	1	0.160667	0.144876	0.160667	-0.456682	541	541	1	1	0		
CORE_FACTORIAL__UP_DOWN__CC__V9_SPACE__NONE__TO__CA	WITHIN_CARRIER	CORE_FACTORIAL	UP_DOWN	V9_SPACE	CC	CA	CORE_FACTORIAL__UP_DOWN__CC__V9_SPACE__NONE	CORE_FACTORIAL__UP_DOWN__CA__V9_SPACE__NONE	 up and down	 up and window	1	2	2	1	1	-3.564724	-3.564723	-3.564724	-3.564724	541	1790	1	0	1		
CORE_FACTORIAL__UP_DOWN__CC__V9_SPACE__NONE__TO__AC	WITHIN_CARRIER	CORE_FACTORIAL	UP_DOWN	V9_SPACE	CC	AC	CORE_FACTORIAL__UP_DOWN__CC__V9_SPACE__NONE	CORE_FACTORIAL__UP_DOWN__AC__V9_SPACE__NONE	 up and down	 gravel and down	1	2	2	1	1	-3.938372	-3.956622	-3.938372	-4.292612	541	1888	1	0	1		
CORE_FACTORIAL__UP_DOWN__CC__V9_SPACE__NONE__TO__AA	WITHIN_CARRIER	CORE_FACTORIAL	UP_DOWN	V9_SPACE	CC	AA	CORE_FACTORIAL__UP_DOWN__CC__V9_SPACE__NONE	CORE_FACTORIAL__UP_DOWN__AA__V9_SPACE__NONE	 up and down	 gravel and window	1	2	2	1	1	-3.382932	-3.401182	-3.382932	-3.737171	541	1888	1	0	1		
ENDPOINT_CONTROL__UP_DOWN__FULL_FRAME__V9_SPACE__NONE__TO__SECOND_ONLY	WITHIN_CARRIER	ENDPOINT_CONTROL	UP_DOWN	V9_SPACE	FULL_FRAME	SECOND_ONLY	ENDPOINT_CONTROL__UP_DOWN__FULL_FRAME__V9_SPACE__NONE	ENDPOINT_CONTROL__UP_DOWN__SECOND_ONLY__V9_SPACE__NONE	 up and down	 down	0	2	0	1	1	-4.313649	-4.342382	-4.184719	-3.842384	541	1790	1	0	1		
ENDPOINT_CONTROL__UP_DOWN__FULL_FRAME__V9_SPACE__NONE__TO__CONNECTOR_SECOND	WITHIN_CARRIER	ENDPOINT_CONTROL	UP_DOWN	V9_SPACE	FULL_FRAME	CONNECTOR_SECOND	ENDPOINT_CONTROL__UP_DOWN__FULL_FRAME__V9_SPACE__NONE	ENDPOINT_CONTROL__UP_DOWN__CONNECTOR_SECOND__V9_SPACE__NONE	 up and down	 and down	0	2	1	1	1	-4.02354	-4.019702	-4.02354	-3.940053	541	1790	1	0	1		
ENDPOINT_CONTROL__UP_DOWN__FULL_FRAME__V9_SPACE__NONE__TO__FIRST_SECOND	WITHIN_CARRIER	ENDPOINT_CONTROL	UP_DOWN	V9_SPACE	FULL_FRAME	FIRST_SECOND	ENDPOINT_CONTROL__UP_DOWN__FULL_FRAME__V9_SPACE__NONE	ENDPOINT_CONTROL__UP_DOWN__FIRST_SECOND__V9_SPACE__NONE	 up and down	 up down	0	2	1	1	1	-3.843505	-3.760808	-3.843505	-3.843505	541	1790	1	0	1		
ENDPOINT_CONTROL__UP_DOWN__FULL_FRAME__V9_SPACE__NONE__TO__ARBFIRST_SECOND	WITHIN_CARRIER	ENDPOINT_CONTROL	UP_DOWN	V9_SPACE	FULL_FRAME	ARBFIRST_SECOND	ENDPOINT_CONTROL__UP_DOWN__FULL_FRAME__V9_SPACE__NONE	ENDPOINT_CONTROL__UP_DOWN__ARBFIRST_SECOND__V9_SPACE__NONE	 up and down	 gravel down	0	2	1	1	1	-4.25251	-4.145327	-4.184719	-4.538959	541	1888	1	0	1		
ENDPOINT_CONTROL__UP_DOWN__FULL_FRAME__V9_SPACE__NONE__TO__FIRST_REPEAT	WITHIN_CARRIER	ENDPOINT_CONTROL	UP_DOWN	V9_SPACE	FULL_FRAME	FIRST_REPEAT	ENDPOINT_CONTROL__UP_DOWN__FULL_FRAME__V9_SPACE__NONE	ENDPOINT_CONTROL__UP_DOWN__FIRST_REPEAT__V9_SPACE__NONE	 up and down	 up up	0	2	1	1	1	-4.299332	-4.216635	-4.184719	-4.184719	541	1790	1	0	1		
ENDPOINT_CONTROL__UP_DOWN__FULL_FRAME__V9_SPACE__NONE__TO__REVERSED	WITHIN_CARRIER	ENDPOINT_CONTROL	UP_DOWN	V9_SPACE	FULL_FRAME	REVERSED	ENDPOINT_CONTROL__UP_DOWN__FULL_FRAME__V9_SPACE__NONE	ENDPOINT_CONTROL__UP_DOWN__REVERSED__V9_SPACE__NONE	 up and down	 down and up	1	2	2	1	1	-0.134392	-0.141984	-0.134392	-0.475358	541	541	1	1	0		
CORE_FACTORIAL__UP_DOWN__CC__THE_PHRASE__NONE__TO__CA	WITHIN_CARRIER	CORE_FACTORIAL	UP_DOWN	THE_PHRASE	CC	CA	CORE_FACTORIAL__UP_DOWN__CC__THE_PHRASE__NONE	CORE_FACTORIAL__UP_DOWN__CA__THE_PHRASE__NONE	the phrase up and down	the phrase up and window	1	4	4	1	1	-3.741204	-3.741203	-3.741204	-3.66208	541	2073	1	0	1		
CORE_FACTORIAL__UP_DOWN__CC__THE_PHRASE__NONE__TO__AC	WITHIN_CARRIER	CORE_FACTORIAL	UP_DOWN	THE_PHRASE	CC	AC	CORE_FACTORIAL__UP_DOWN__CC__THE_PHRASE__NONE	CORE_FACTORIAL__UP_DOWN__AC__THE_PHRASE__NONE	the phrase up and down	the phrase gravel and down	1	4	4	1	1	-4.483468	-4.504993	-4.404556	-4.325431	541	2073	1	0	1		
CORE_FACTORIAL__UP_DOWN__CC__THE_PHRASE__NONE__TO__AA	WITHIN_CARRIER	CORE_FACTORIAL	UP_DOWN	THE_PHRASE	CC	AA	CORE_FACTORIAL__UP_DOWN__CC__THE_PHRASE__NONE	CORE_FACTORIAL__UP_DOWN__AA__THE_PHRASE__NONE	the phrase up and down	the phrase gravel and window	1	4	4	1	1	-3.664392	-3.685917	-3.664392	-3.585267	541	2073	1	0	1		
ENDPOINT_CONTROL__UP_DOWN__FULL_FRAME__THE_PHRASE__NONE__TO__SECOND_ONLY	WITHIN_CARRIER	ENDPOINT_CONTROL	UP_DOWN	THE_PHRASE	FULL_FRAME	SECOND_ONLY	ENDPOINT_CONTROL__UP_DOWN__FULL_FRAME__THE_PHRASE__NONE	ENDPOINT_CONTROL__UP_DOWN__SECOND_ONLY__THE_PHRASE__NONE	the phrase up and down	the phrase down	0	4	2	1	1	-4.446414	-4.418316	-4.404556	-4.325431	541	2073	1	0	1		
ENDPOINT_CONTROL__UP_DOWN__FULL_FRAME__THE_PHRASE__NONE__TO__CONNECTOR_SECOND	WITHIN_CARRIER	ENDPOINT_CONTROL	UP_DOWN	THE_PHRASE	FULL_FRAME	CONNECTOR_SECOND	ENDPOINT_CONTROL__UP_DOWN__FULL_FRAME__THE_PHRASE__NONE	ENDPOINT_CONTROL__UP_DOWN__CONNECTOR_SECOND__THE_PHRASE__NONE	the phrase up and down	the phrase and down	0	4	3	1	1	-4.551849	-4.570272	-4.404556	-4.325431	541	2073	1	0	1		
ENDPOINT_CONTROL__UP_DOWN__FULL_FRAME__THE_PHRASE__NONE__TO__FIRST_SECOND	WITHIN_CARRIER	ENDPOINT_CONTROL	UP_DOWN	THE_PHRASE	FULL_FRAME	FIRST_SECOND	ENDPOINT_CONTROL__UP_DOWN__FULL_FRAME__THE_PHRASE__NONE	ENDPOINT_CONTROL__UP_DOWN__FIRST_SECOND__THE_PHRASE__NONE	the phrase up and down	the phrase up down	0	4	3	1	1	-4.220987	-4.239649	-4.220987	-4.141862	541	2073	1	0	1		
ENDPOINT_CONTROL__UP_DOWN__FULL_FRAME__THE_PHRASE__NONE__TO__ARBFIRST_SECOND	WITHIN_CARRIER	ENDPOINT_CONTROL	UP_DOWN	THE_PHRASE	FULL_FRAME	ARBFIRST_SECOND	ENDPOINT_CONTROL__UP_DOWN__FULL_FRAME__THE_PHRASE__NONE	ENDPOINT_CONTROL__UP_DOWN__ARBFIRST_SECOND__THE_PHRASE__NONE	the phrase up and down	the phrase gravel down	0	4	3	1	1	-4.463737	-4.462965	-4.404556	-4.325431	541	2073	1	0	1		
ENDPOINT_CONTROL__UP_DOWN__FULL_FRAME__THE_PHRASE__NONE__TO__FIRST_REPEAT	WITHIN_CARRIER	ENDPOINT_CONTROL	UP_DOWN	THE_PHRASE	FULL_FRAME	FIRST_REPEAT	ENDPOINT_CONTROL__UP_DOWN__FULL_FRAME__THE_PHRASE__NONE	ENDPOINT_CONTROL__UP_DOWN__FIRST_REPEAT__THE_PHRASE__NONE	the phrase up and down	the phrase up up	0	4	3	1	1	-4.478335	-4.496998	-4.404556	-4.325431	541	2073	1	0	1		
ENDPOINT_CONTROL__UP_DOWN__FULL_FRAME__THE_PHRASE__NONE__TO__REVERSED	WITHIN_CARRIER	ENDPOINT_CONTROL	UP_DOWN	THE_PHRASE	FULL_FRAME	REVERSED	ENDPOINT_CONTROL__UP_DOWN__FULL_FRAME__THE_PHRASE__NONE	ENDPOINT_CONTROL__UP_DOWN__REVERSED__THE_PHRASE__NONE	the phrase up and down	the phrase down and up	1	4	4	1	1	-0.129722	-0.120224	-0.129722	-0.791214	541	541	1	1	0		
CORE_FACTORIAL__UP_DOWN__CC__THEY_SAID__NONE__TO__CA	WITHIN_CARRIER	CORE_FACTORIAL	UP_DOWN	THEY_SAID	CC	CA	CORE_FACTORIAL__UP_DOWN__CC__THEY_SAID__NONE	CORE_FACTORIAL__UP_DOWN__CA__THEY_SAID__NONE	they said up and down	they said up and window	1	4	4	1	1	-3.887271	-3.88727	-3.887271	-3.858608	541	62	1	0	1		
CORE_FACTORIAL__UP_DOWN__CC__THEY_SAID__NONE__TO__AC	WITHIN_CARRIER	CORE_FACTORIAL	UP_DOWN	THEY_SAID	CC	AC	CORE_FACTORIAL__UP_DOWN__CC__THEY_SAID__NONE	CORE_FACTORIAL__UP_DOWN__AC__THEY_SAID__NONE	they said up and down	they said gravel and down	1	4	4	1	1	-4.392385	-4.422731	-4.283582	-3.656103	541	2256	1	0	1		
CORE_FACTORIAL__UP_DOWN__CC__THEY_SAID__NONE__TO__AA	WITHIN_CARRIER	CORE_FACTORIAL	UP_DOWN	THEY_SAID	CC	AA	CORE_FACTORIAL__UP_DOWN__CC__THEY_SAID__NONE	CORE_FACTORIAL__UP_DOWN__AA__THEY_SAID__NONE	they said up and down	they said gravel and window	1	4	4	1	1	-3.517997	-3.548343	-3.517997	-2.890518	541	2256	1	0	1		
ENDPOINT_CONTROL__UP_DOWN__FULL_FRAME__THEY_SAID__NONE__TO__SECOND_ONLY	WITHIN_CARRIER	ENDPOINT_CONTROL	UP_DOWN	THEY_SAID	FULL_FRAME	SECOND_ONLY	ENDPOINT_CONTROL__UP_DOWN__FULL_FRAME__THEY_SAID__NONE	ENDPOINT_CONTROL__UP_DOWN__SECOND_ONLY__THEY_SAID__NONE	they said up and down	they said down	0	4	2	1	1	-4.369765	-4.365735	-4.283582	-3.656103	541	2256	1	0	1		
ENDPOINT_CONTROL__UP_DOWN__FULL_FRAME__THEY_SAID__NONE__TO__CONNECTOR_SECOND	WITHIN_CARRIER	ENDPOINT_CONTROL	UP_DOWN	THEY_SAID	FULL_FRAME	CONNECTOR_SECOND	ENDPOINT_CONTROL__UP_DOWN__FULL_FRAME__THEY_SAID__NONE	ENDPOINT_CONTROL__UP_DOWN__CONNECTOR_SECOND__THEY_SAID__NONE	they said up and down	they said and down	0	4	3	1	1	-4.316081	-4.325097	-4.283582	-3.887557	541	1953	1	0	1		
ENDPOINT_CONTROL__UP_DOWN__FULL_FRAME__THEY_SAID__NONE__TO__FIRST_SECOND	WITHIN_CARRIER	ENDPOINT_CONTROL	UP_DOWN	THEY_SAID	FULL_FRAME	FIRST_SECOND	ENDPOINT_CONTROL__UP_DOWN__FULL_FRAME__THEY_SAID__NONE	ENDPOINT_CONTROL__UP_DOWN__FIRST_SECOND__THEY_SAID__NONE	they said up and down	they said up down	0	4	3	1	1	-3.88258	-3.833481	-3.88258	-3.255101	541	2256	1	0	1		
ENDPOINT_CONTROL__UP_DOWN__FULL_FRAME__THEY_SAID__NONE__TO__ARBFIRST_SECOND	WITHIN_CARRIER	ENDPOINT_CONTROL	UP_DOWN	THEY_SAID	FULL_FRAME	ARBFIRST_SECOND	ENDPOINT_CONTROL__UP_DOWN__FULL_FRAME__THEY_SAID__NONE	ENDPOINT_CONTROL__UP_DOWN__ARBFIRST_SECOND__THEY_SAID__NONE	they said up and down	they said gravel down	0	4	3	1	1	-4.30559	-4.304345	-4.283582	-3.656103	541	2256	1	0	1		
ENDPOINT_CONTROL__UP_DOWN__FULL_FRAME__THEY_SAID__NONE__TO__FIRST_REPEAT	WITHIN_CARRIER	ENDPOINT_CONTROL	UP_DOWN	THEY_SAID	FULL_FRAME	FIRST_REPEAT	ENDPOINT_CONTROL__UP_DOWN__FULL_FRAME__THEY_SAID__NONE	ENDPOINT_CONTROL__UP_DOWN__FIRST_REPEAT__THEY_SAID__NONE	they said up and down	they said up up	0	4	3	1	1	-4.442438	-4.39334	-4.283582	-3.789792	541	1790	1	0	1		
ENDPOINT_CONTROL__UP_DOWN__FULL_FRAME__THEY_SAID__NONE__TO__REVERSED	WITHIN_CARRIER	ENDPOINT_CONTROL	UP_DOWN	THEY_SAID	FULL_FRAME	REVERSED	ENDPOINT_CONTROL__UP_DOWN__FULL_FRAME__THEY_SAID__NONE	ENDPOINT_CONTROL__UP_DOWN__REVERSED__THEY_SAID__NONE	they said up and down	they said down and up	1	4	4	1	1	0.362454	0.382151	0.362454	-1.030413	541	541	1	1	0		
CORE_FACTORIAL__NOW_THEN__CC__BARE__NONE__TO__CA	WITHIN_CARRIER	CORE_FACTORIAL	NOW_THEN	BARE	CC	CA	CORE_FACTORIAL__NOW_THEN__CC__BARE__NONE	CORE_FACTORIAL__NOW_THEN__CA__BARE__NONE	now and then	now and ocean	1	2	2	1	1	-2.87784	-2.87784	-2.87784	-2.97794	541	1888	1	0	1		
CORE_FACTORIAL__NOW_THEN__CC__BARE__NONE__TO__AC	WITHIN_CARRIER	CORE_FACTORIAL	NOW_THEN	BARE	CC	AC	CORE_FACTORIAL__NOW_THEN__CC__BARE__NONE	CORE_FACTORIAL__NOW_THEN__AC__BARE__NONE	now and then	velvet and then	0	2	3	1	1	-3.489378	-3.467403	-3.323007	-3.110356	541	1790	1	0	1		
CORE_FACTORIAL__NOW_THEN__CC__BARE__NONE__TO__AA	WITHIN_CARRIER	CORE_FACTORIAL	NOW_THEN	BARE	CC	AA	CORE_FACTORIAL__NOW_THEN__CC__BARE__NONE	CORE_FACTORIAL__NOW_THEN__AA__BARE__NONE	now and then	velvet and ocean	0	2	3	1	1	-2.806382	-2.784407	-2.806382	-2.593731	541	1790	1	0	1		
ENDPOINT_CONTROL__NOW_THEN__FULL_FRAME__BARE__NONE__TO__SECOND_ONLY	WITHIN_CARRIER	ENDPOINT_CONTROL	NOW_THEN	BARE	FULL_FRAME	SECOND_ONLY	ENDPOINT_CONTROL__NOW_THEN__FULL_FRAME__BARE__NONE	ENDPOINT_CONTROL__NOW_THEN__SECOND_ONLY__BARE__NONE	now and then	then	0	2	0	1	1	-3.367437	-3.378415	-3.323007	-3.002257	541	1790	1	0	1		
ENDPOINT_CONTROL__NOW_THEN__FULL_FRAME__BARE__NONE__TO__CONNECTOR_SECOND	WITHIN_CARRIER	ENDPOINT_CONTROL	NOW_THEN	BARE	FULL_FRAME	CONNECTOR_SECOND	ENDPOINT_CONTROL__NOW_THEN__FULL_FRAME__BARE__NONE	ENDPOINT_CONTROL__NOW_THEN__CONNECTOR_SECOND__BARE__NONE	now and then	and then	0	2	1	1	1	-3.477007	-3.461539	-3.323007	-3.112099	541	1790	1	0	1		
ENDPOINT_CONTROL__NOW_THEN__FULL_FRAME__BARE__NONE__TO__FIRST_SECOND	WITHIN_CARRIER	ENDPOINT_CONTROL	NOW_THEN	BARE	FULL_FRAME	FIRST_SECOND	ENDPOINT_CONTROL__NOW_THEN__FULL_FRAME__BARE__NONE	ENDPOINT_CONTROL__NOW_THEN__FIRST_SECOND__BARE__NONE	now and then	now then	0	2	1	1	1	-2.893246	-2.765163	-2.893246	-2.893246	541	1888	1	0	1		
ENDPOINT_CONTROL__NOW_THEN__FULL_FRAME__BARE__NONE__TO__ARBFIRST_SECOND	WITHIN_CARRIER	ENDPOINT_CONTROL	NOW_THEN	BARE	FULL_FRAME	ARBFIRST_SECOND	ENDPOINT_CONTROL__NOW_THEN__FULL_FRAME__BARE__NONE	ENDPOINT_CONTROL__NOW_THEN__ARBFIRST_SECOND__BARE__NONE	now and then	velvet then	1	2	2	1	1	-3.433308	-3.317248	-3.323007	-3.110356	541	1790	1	0	1		
ENDPOINT_CONTROL__NOW_THEN__FULL_FRAME__BARE__NONE__TO__FIRST_REPEAT	WITHIN_CARRIER	ENDPOINT_CONTROL	NOW_THEN	BARE	FULL_FRAME	FIRST_REPEAT	ENDPOINT_CONTROL__NOW_THEN__FULL_FRAME__BARE__NONE	ENDPOINT_CONTROL__NOW_THEN__FIRST_REPEAT__BARE__NONE	now and then	now now	0	2	1	1	1	-3.412227	-3.284144	-3.323007	-3.323007	541	1888	1	0	1		
ENDPOINT_CONTROL__NOW_THEN__FULL_FRAME__BARE__NONE__TO__REVERSED	WITHIN_CARRIER	ENDPOINT_CONTROL	NOW_THEN	BARE	FULL_FRAME	REVERSED	ENDPOINT_CONTROL__NOW_THEN__FULL_FRAME__BARE__NONE	ENDPOINT_CONTROL__NOW_THEN__REVERSED__BARE__NONE	now and then	then and now	1	2	2	1	1	0.938923	0.942865	0.938923	1.259672	541	541	1	1	0		
CORE_FACTORIAL__NOW_THEN__CC__V9_SPACE__NONE__TO__CA	WITHIN_CARRIER	CORE_FACTORIAL	NOW_THEN	V9_SPACE	CC	CA	CORE_FACTORIAL__NOW_THEN__CC__V9_SPACE__NONE	CORE_FACTORIAL__NOW_THEN__CA__V9_SPACE__NONE	 now and then	 now and ocean	1	2	2	1	1	-3.830302	-3.830302	-3.729837	-3.729837	541	1888	1	0	1		
CORE_FACTORIAL__NOW_THEN__CC__V9_SPACE__NONE__TO__AC	WITHIN_CARRIER	CORE_FACTORIAL	NOW_THEN	V9_SPACE	CC	AC	CORE_FACTORIAL__NOW_THEN__CC__V9_SPACE__NONE	CORE_FACTORIAL__NOW_THEN__AC__V9_SPACE__NONE	 now and then	 velvet and then	1	2	2	1	1	-3.889607	-3.877095	-3.729837	-3.884306	541	1888	1	0	1		
CORE_FACTORIAL__NOW_THEN__CC__V9_SPACE__NONE__TO__AA	WITHIN_CARRIER	CORE_FACTORIAL	NOW_THEN	V9_SPACE	CC	AA	CORE_FACTORIAL__NOW_THEN__CC__V9_SPACE__NONE	CORE_FACTORIAL__NOW_THEN__AA__V9_SPACE__NONE	 now and then	 velvet and ocean	1	2	2	1	1	-3.277375	-3.264863	-3.277375	-3.431844	541	1888	1	0	1		
ENDPOINT_CONTROL__NOW_THEN__FULL_FRAME__V9_SPACE__NONE__TO__SECOND_ONLY	WITHIN_CARRIER	ENDPOINT_CONTROL	NOW_THEN	V9_SPACE	FULL_FRAME	SECOND_ONLY	ENDPOINT_CONTROL__NOW_THEN__FULL_FRAME__V9_SPACE__NONE	ENDPOINT_CONTROL__NOW_THEN__SECOND_ONLY__V9_SPACE__NONE	 now and then	 then	0	2	0	1	1	-3.791866	-3.796106	-3.729837	-4.243278	541	464	1	0	1		
ENDPOINT_CONTROL__NOW_THEN__FULL_FRAME__V9_SPACE__NONE__TO__CONNECTOR_SECOND	WITHIN_CARRIER	ENDPOINT_CONTROL	NOW_THEN	V9_SPACE	FULL_FRAME	CONNECTOR_SECOND	ENDPOINT_CONTROL__NOW_THEN__FULL_FRAME__V9_SPACE__NONE	ENDPOINT_CONTROL__NOW_THEN__CONNECTOR_SECOND__V9_SPACE__NONE	 now and then	 and then	0	2	1	1	1	-3.870041	-3.84171	-3.729837	-3.514449	541	1790	1	0	1		
ENDPOINT_CONTROL__NOW_THEN__FULL_FRAME__V9_SPACE__NONE__TO__FIRST_SECOND	WITHIN_CARRIER	ENDPOINT_CONTROL	NOW_THEN	V9_SPACE	FULL_FRAME	FIRST_SECOND	ENDPOINT_CONTROL__NOW_THEN__FULL_FRAME__V9_SPACE__NONE	ENDPOINT_CONTROL__NOW_THEN__FIRST_SECOND__V9_SPACE__NONE	 now and then	 now then	0	2	1	1	1	-3.06594	-2.973999	-3.06594	-3.06594	541	1888	1	0	1		
ENDPOINT_CONTROL__NOW_THEN__FULL_FRAME__V9_SPACE__NONE__TO__ARBFIRST_SECOND	WITHIN_CARRIER	ENDPOINT_CONTROL	NOW_THEN	V9_SPACE	FULL_FRAME	ARBFIRST_SECOND	ENDPOINT_CONTROL__NOW_THEN__FULL_FRAME__V9_SPACE__NONE	ENDPOINT_CONTROL__NOW_THEN__ARBFIRST_SECOND__V9_SPACE__NONE	 now and then	 velvet then	0	2	1	1	1	-3.811461	-3.65228	-3.729837	-3.884306	541	1888	1	0	1		
ENDPOINT_CONTROL__NOW_THEN__FULL_FRAME__V9_SPACE__NONE__TO__FIRST_REPEAT	WITHIN_CARRIER	ENDPOINT_CONTROL	NOW_THEN	V9_SPACE	FULL_FRAME	FIRST_REPEAT	ENDPOINT_CONTROL__NOW_THEN__FULL_FRAME__V9_SPACE__NONE	ENDPOINT_CONTROL__NOW_THEN__FIRST_REPEAT__V9_SPACE__NONE	 now and then	 now now	0	2	1	1	1	-3.862802	-3.770861	-3.729837	-3.729837	541	1888	1	0	1		
ENDPOINT_CONTROL__NOW_THEN__FULL_FRAME__V9_SPACE__NONE__TO__REVERSED	WITHIN_CARRIER	ENDPOINT_CONTROL	NOW_THEN	V9_SPACE	FULL_FRAME	REVERSED	ENDPOINT_CONTROL__NOW_THEN__FULL_FRAME__V9_SPACE__NONE	ENDPOINT_CONTROL__NOW_THEN__REVERSED__V9_SPACE__NONE	 now and then	 then and now	1	2	2	1	1	0.533357	0.549703	0.533357	0.019916	541	541	1	1	0		
CORE_FACTORIAL__NOW_THEN__CC__THE_PHRASE__NONE__TO__CA	WITHIN_CARRIER	CORE_FACTORIAL	NOW_THEN	THE_PHRASE	CC	CA	CORE_FACTORIAL__NOW_THEN__CC__THE_PHRASE__NONE	CORE_FACTORIAL__NOW_THEN__CA__THE_PHRASE__NONE	the phrase now and then	the phrase now and ocean	1	4	4	1	1	-4.267607	-4.267607	-4.171532	-4.171532	541	2073	1	0	1		
CORE_FACTORIAL__NOW_THEN__CC__THE_PHRASE__NONE__TO__AC	WITHIN_CARRIER	CORE_FACTORIAL	NOW_THEN	THE_PHRASE	CC	AC	CORE_FACTORIAL__NOW_THEN__CC__THE_PHRASE__NONE	CORE_FACTORIAL__NOW_THEN__AC__THE_PHRASE__NONE	the phrase now and then	the phrase velvet and then	1	4	4	1	1	-4.340956	-4.346473	-4.171532	-4.171532	541	2073	1	0	1		
CORE_FACTORIAL__NOW_THEN__CC__THE_PHRASE__NONE__TO__AA	WITHIN_CARRIER	CORE_FACTORIAL	NOW_THEN	THE_PHRASE	CC	AA	CORE_FACTORIAL__NOW_THEN__CC__THE_PHRASE__NONE	CORE_FACTORIAL__NOW_THEN__AA__THE_PHRASE__NONE	the phrase now and then	the phrase velvet and ocean	1	4	4	1	1	-3.967007	-3.972524	-3.967007	-3.967008	541	2073	1	0	1		
ENDPOINT_CONTROL__NOW_THEN__FULL_FRAME__THE_PHRASE__NONE__TO__SECOND_ONLY	WITHIN_CARRIER	ENDPOINT_CONTROL	NOW_THEN	THE_PHRASE	FULL_FRAME	SECOND_ONLY	ENDPOINT_CONTROL__NOW_THEN__FULL_FRAME__THE_PHRASE__NONE	ENDPOINT_CONTROL__NOW_THEN__SECOND_ONLY__THE_PHRASE__NONE	the phrase now and then	the phrase then	0	4	2	1	1	-4.245337	-4.200096	-4.171532	-4.171532	541	2073	1	0	1		
ENDPOINT_CONTROL__NOW_THEN__FULL_FRAME__THE_PHRASE__NONE__TO__CONNECTOR_SECOND	WITHIN_CARRIER	ENDPOINT_CONTROL	NOW_THEN	THE_PHRASE	FULL_FRAME	CONNECTOR_SECOND	ENDPOINT_CONTROL__NOW_THEN__FULL_FRAME__THE_PHRASE__NONE	ENDPOINT_CONTROL__NOW_THEN__CONNECTOR_SECOND__THE_PHRASE__NONE	the phrase now and then	the phrase and then	0	4	3	1	1	-4.239136	-4.240416	-4.171532	-4.171532	541	2073	1	0	1		
ENDPOINT_CONTROL__NOW_THEN__FULL_FRAME__THE_PHRASE__NONE__TO__FIRST_SECOND	WITHIN_CARRIER	ENDPOINT_CONTROL	NOW_THEN	THE_PHRASE	FULL_FRAME	FIRST_SECOND	ENDPOINT_CONTROL__NOW_THEN__FULL_FRAME__THE_PHRASE__NONE	ENDPOINT_CONTROL__NOW_THEN__FIRST_SECOND__THE_PHRASE__NONE	the phrase now and then	the phrase now then	0	4	3	1	1	-4.004626	-3.98744	-4.004626	-4.004626	541	2073	1	0	1		
ENDPOINT_CONTROL__NOW_THEN__FULL_FRAME__THE_PHRASE__NONE__TO__ARBFIRST_SECOND	WITHIN_CARRIER	ENDPOINT_CONTROL	NOW_THEN	THE_PHRASE	FULL_FRAME	ARBFIRST_SECOND	ENDPOINT_CONTROL__NOW_THEN__FULL_FRAME__THE_PHRASE__NONE	ENDPOINT_CONTROL__NOW_THEN__ARBFIRST_SECOND__THE_PHRASE__NONE	the phrase now and then	the phrase velvet then	0	4	3	1	1	-4.253321	-4.196201	-4.171532	-4.171532	541	2073	1	0	1		
ENDPOINT_CONTROL__NOW_THEN__FULL_FRAME__THE_PHRASE__NONE__TO__FIRST_REPEAT	WITHIN_CARRIER	ENDPOINT_CONTROL	NOW_THEN	THE_PHRASE	FULL_FRAME	FIRST_REPEAT	ENDPOINT_CONTROL__NOW_THEN__FULL_FRAME__THE_PHRASE__NONE	ENDPOINT_CONTROL__NOW_THEN__FIRST_REPEAT__THE_PHRASE__NONE	the phrase now and then	the phrase now now	0	4	3	1	1	-4.258022	-4.240836	-4.171532	-4.171532	541	2073	1	0	1		
ENDPOINT_CONTROL__NOW_THEN__FULL_FRAME__THE_PHRASE__NONE__TO__REVERSED	WITHIN_CARRIER	ENDPOINT_CONTROL	NOW_THEN	THE_PHRASE	FULL_FRAME	REVERSED	ENDPOINT_CONTROL__NOW_THEN__FULL_FRAME__THE_PHRASE__NONE	ENDPOINT_CONTROL__NOW_THEN__REVERSED__THE_PHRASE__NONE	the phrase now and then	the phrase then and now	1	4	4	1	1	0.547057	0.568736	0.547057	0.547056	541	541	1	1	0		
CORE_FACTORIAL__NOW_THEN__CC__THEY_SAID__NONE__TO__CA	WITHIN_CARRIER	CORE_FACTORIAL	NOW_THEN	THEY_SAID	CC	CA	CORE_FACTORIAL__NOW_THEN__CC__THEY_SAID__NONE	CORE_FACTORIAL__NOW_THEN__CA__THEY_SAID__NONE	they said now and then	they said now and ocean	1	4	4	1	1	-3.964422	-3.964423	-3.794632	-3.958842	541	1888	1	0	1		
CORE_FACTORIAL__NOW_THEN__CC__THEY_SAID__NONE__TO__AC	WITHIN_CARRIER	CORE_FACTORIAL	NOW_THEN	THEY_SAID	CC	AC	CORE_FACTORIAL__NOW_THEN__CC__THEY_SAID__NONE	CORE_FACTORIAL__NOW_THEN__AC__THEY_SAID__NONE	they said now and then	they said velvet and then	1	4	4	1	1	-3.929879	-3.939766	-3.794632	-3.631448	541	2256	1	0	1		
CORE_FACTORIAL__NOW_THEN__CC__THEY_SAID__NONE__TO__AA	WITHIN_CARRIER	CORE_FACTORIAL	NOW_THEN	THEY_SAID	CC	AA	CORE_FACTORIAL__NOW_THEN__CC__THEY_SAID__NONE	CORE_FACTORIAL__NOW_THEN__AA__THEY_SAID__NONE	they said now and then	they said velvet and ocean	1	4	4	1	1	-3.44172	-3.451607	-3.44172	-3.278536	541	2256	1	0	1		
ENDPOINT_CONTROL__NOW_THEN__FULL_FRAME__THEY_SAID__NONE__TO__SECOND_ONLY	WITHIN_CARRIER	ENDPOINT_CONTROL	NOW_THEN	THEY_SAID	FULL_FRAME	SECOND_ONLY	ENDPOINT_CONTROL__NOW_THEN__FULL_FRAME__THEY_SAID__NONE	ENDPOINT_CONTROL__NOW_THEN__SECOND_ONLY__THEY_SAID__NONE	they said now and then	they said then	0	4	2	1	1	-3.894527	-3.874694	-3.794632	-3.631448	541	2256	1	0	1		
ENDPOINT_CONTROL__NOW_THEN__FULL_FRAME__THEY_SAID__NONE__TO__CONNECTOR_SECOND	WITHIN_CARRIER	ENDPOINT_CONTROL	NOW_THEN	THEY_SAID	FULL_FRAME	CONNECTOR_SECOND	ENDPOINT_CONTROL__NOW_THEN__FULL_FRAME__THEY_SAID__NONE	ENDPOINT_CONTROL__NOW_THEN__CONNECTOR_SECOND__THEY_SAID__NONE	they said now and then	they said and then	0	4	3	1	1	-3.958411	-3.951626	-3.794632	-3.862902	541	1953	1	0	1		
ENDPOINT_CONTROL__NOW_THEN__FULL_FRAME__THEY_SAID__NONE__TO__FIRST_SECOND	WITHIN_CARRIER	ENDPOINT_CONTROL	NOW_THEN	THEY_SAID	FULL_FRAME	FIRST_SECOND	ENDPOINT_CONTROL__NOW_THEN__FULL_FRAME__THEY_SAID__NONE	ENDPOINT_CONTROL__NOW_THEN__FIRST_SECOND__THEY_SAID__NONE	they said now and then	they said now then	0	4	3	1	1	-3.827685	-3.723678	-3.794632	-3.631448	541	2256	1	0	1		
ENDPOINT_CONTROL__NOW_THEN__FULL_FRAME__THEY_SAID__NONE__TO__ARBFIRST_SECOND	WITHIN_CARRIER	ENDPOINT_CONTROL	NOW_THEN	THEY_SAID	FULL_FRAME	ARBFIRST_SECOND	ENDPOINT_CONTROL__NOW_THEN__FULL_FRAME__THEY_SAID__NONE	ENDPOINT_CONTROL__NOW_THEN__ARBFIRST_SECOND__THEY_SAID__NONE	they said now and then	they said velvet then	0	4	3	1	1	-3.80855	-3.723856	-3.794632	-3.631448	541	2256	1	0	1		
ENDPOINT_CONTROL__NOW_THEN__FULL_FRAME__THEY_SAID__NONE__TO__FIRST_REPEAT	WITHIN_CARRIER	ENDPOINT_CONTROL	NOW_THEN	THEY_SAID	FULL_FRAME	FIRST_REPEAT	ENDPOINT_CONTROL__NOW_THEN__FULL_FRAME__THEY_SAID__NONE	ENDPOINT_CONTROL__NOW_THEN__FIRST_REPEAT__THEY_SAID__NONE	they said now and then	they said now now	0	4	3	1	1	-3.946485	-3.842478	-3.794632	-3.631448	541	2256	1	0	1		
ENDPOINT_CONTROL__NOW_THEN__FULL_FRAME__THEY_SAID__NONE__TO__REVERSED	WITHIN_CARRIER	ENDPOINT_CONTROL	NOW_THEN	THEY_SAID	FULL_FRAME	REVERSED	ENDPOINT_CONTROL__NOW_THEN__FULL_FRAME__THEY_SAID__NONE	ENDPOINT_CONTROL__NOW_THEN__REVERSED__THEY_SAID__NONE	they said now and then	they said then and now	1	4	4	1	1	1.272953	1.267059	1.272953	-0.091494	541	541	1	1	0		
CORE_FACTORIAL__HERE_THERE__CC__BARE__NONE__TO__CA	WITHIN_CARRIER	CORE_FACTORIAL	HERE_THERE	BARE	CC	CA	CORE_FACTORIAL__HERE_THERE__CC__BARE__NONE	CORE_FACTORIAL__HERE_THERE__CA__BARE__NONE	here and there	here and forest	1	2	2	1	1	-4.32865	-4.32865	-4.181783	-4.559478	541	1888	1	0	1		
CORE_FACTORIAL__HERE_THERE__CC__BARE__NONE__TO__AC	WITHIN_CARRIER	CORE_FACTORIAL	HERE_THERE	BARE	CC	AC	CORE_FACTORIAL__HERE_THERE__CC__BARE__NONE	CORE_FACTORIAL__HERE_THERE__AC__BARE__NONE	here and there	marble and there	0	2	3	1	1	-4.285019	-4.271413	-4.181783	-4.46945	541	1790	1	0	1		
CORE_FACTORIAL__HERE_THERE__CC__BARE__NONE__TO__AA	WITHIN_CARRIER	CORE_FACTORIAL	HERE_THERE	BARE	CC	AA	CORE_FACTORIAL__HERE_THERE__CC__BARE__NONE	CORE_FACTORIAL__HERE_THERE__AA__BARE__NONE	here and there	marble and forest	0	2	3	1	1	-3.496106	-3.482501	-3.496106	-3.783773	541	1790	1	0	1		
ENDPOINT_CONTROL__HERE_THERE__FULL_FRAME__BARE__NONE__TO__SECOND_ONLY	WITHIN_CARRIER	ENDPOINT_CONTROL	HERE_THERE	BARE	FULL_FRAME	SECOND_ONLY	ENDPOINT_CONTROL__HERE_THERE__FULL_FRAME__BARE__NONE	ENDPOINT_CONTROL__HERE_THERE__SECOND_ONLY__BARE__NONE	here and there	there	0	2	0	1	1	-4.266112	-4.282774	-4.181783	-4.072654	541	1888	1	0	1		
ENDPOINT_CONTROL__HERE_THERE__FULL_FRAME__BARE__NONE__TO__CONNECTOR_SECOND	WITHIN_CARRIER	ENDPOINT_CONTROL	HERE_THERE	BARE	FULL_FRAME	CONNECTOR_SECOND	ENDPOINT_CONTROL__HERE_THERE__FULL_FRAME__BARE__NONE	ENDPOINT_CONTROL__HERE_THERE__CONNECTOR_SECOND__BARE__NONE	here and there	and there	0	2	1	1	1	-4.337786	-4.328002	-4.181783	-4.036395	541	1790	1	0	1		
ENDPOINT_CONTROL__HERE_THERE__FULL_FRAME__BARE__NONE__TO__FIRST_SECOND	WITHIN_CARRIER	ENDPOINT_CONTROL	HERE_THERE	BARE	FULL_FRAME	FIRST_SECOND	ENDPOINT_CONTROL__HERE_THERE__FULL_FRAME__BARE__NONE	ENDPOINT_CONTROL__HERE_THERE__FIRST_SECOND__BARE__NONE	here and there	here there	0	2	1	1	1	-4.349465	-4.2606	-4.181783	-4.135551	541	3017	1	0	1		
ENDPOINT_CONTROL__HERE_THERE__FULL_FRAME__BARE__NONE__TO__ARBFIRST_SECOND	WITHIN_CARRIER	ENDPOINT_CONTROL	HERE_THERE	BARE	FULL_FRAME	ARBFIRST_SECOND	ENDPOINT_CONTROL__HERE_THERE__FULL_FRAME__BARE__NONE	ENDPOINT_CONTROL__HERE_THERE__ARBFIRST_SECOND__BARE__NONE	here and there	marble there	1	2	2	1	1	-4.304614	-4.215717	-4.181783	-4.46945	541	1790	1	0	1		
ENDPOINT_CONTROL__HERE_THERE__FULL_FRAME__BARE__NONE__TO__FIRST_REPEAT	WITHIN_CARRIER	ENDPOINT_CONTROL	HERE_THERE	BARE	FULL_FRAME	FIRST_REPEAT	ENDPOINT_CONTROL__HERE_THERE__FULL_FRAME__BARE__NONE	ENDPOINT_CONTROL__HERE_THERE__FIRST_REPEAT__BARE__NONE	here and there	here here	0	2	1	1	1	-4.341075	-4.252211	-4.181783	-4.135551	541	3017	1	0	1		
ENDPOINT_CONTROL__HERE_THERE__FULL_FRAME__BARE__NONE__TO__REVERSED	WITHIN_CARRIER	ENDPOINT_CONTROL	HERE_THERE	BARE	FULL_FRAME	REVERSED	ENDPOINT_CONTROL__HERE_THERE__FULL_FRAME__BARE__NONE	ENDPOINT_CONTROL__HERE_THERE__REVERSED__BARE__NONE	here and there	there and here	1	2	2	1	1	-0.907519	-0.885142	-0.907519	-1.060041	541	541	1	1	0		
CORE_FACTORIAL__HERE_THERE__CC__V9_SPACE__NONE__TO__CA	WITHIN_CARRIER	CORE_FACTORIAL	HERE_THERE	V9_SPACE	CC	CA	CORE_FACTORIAL__HERE_THERE__CC__V9_SPACE__NONE	CORE_FACTORIAL__HERE_THERE__CA__V9_SPACE__NONE	 here and there	 here and forest	1	2	2	1	1	-3.982546	-3.982546	-3.82441	-3.91522	541	1888	1	0	1		
CORE_FACTORIAL__HERE_THERE__CC__V9_SPACE__NONE__TO__AC	WITHIN_CARRIER	CORE_FACTORIAL	HERE_THERE	V9_SPACE	CC	AC	CORE_FACTORIAL__HERE_THERE__CC__V9_SPACE__NONE	CORE_FACTORIAL__HERE_THERE__AC__V9_SPACE__NONE	 here and there	 marble and there	1	2	2	1	1	-3.907255	-3.897959	-3.82441	-4.583617	541	1888	1	0	1		
CORE_FACTORIAL__HERE_THERE__CC__V9_SPACE__NONE__TO__AA	WITHIN_CARRIER	CORE_FACTORIAL	HERE_THERE	V9_SPACE	CC	AA	CORE_FACTORIAL__HERE_THERE__CC__V9_SPACE__NONE	CORE_FACTORIAL__HERE_THERE__AA__V9_SPACE__NONE	 here and there	 marble and forest	1	2	2	1	1	-2.94811	-2.938814	-2.94811	-3.707317	541	1888	1	0	1		
ENDPOINT_CONTROL__HERE_THERE__FULL_FRAME__V9_SPACE__NONE__TO__SECOND_ONLY	WITHIN_CARRIER	ENDPOINT_CONTROL	HERE_THERE	V9_SPACE	FULL_FRAME	SECOND_ONLY	ENDPOINT_CONTROL__HERE_THERE__FULL_FRAME__V9_SPACE__NONE	ENDPOINT_CONTROL__HERE_THERE__SECOND_ONLY__V9_SPACE__NONE	 here and there	 there	0	2	0	1	1	-3.973713	-3.98594	-3.82441	-3.832461	541	1888	1	0	1		
ENDPOINT_CONTROL__HERE_THERE__FULL_FRAME__V9_SPACE__NONE__TO__CONNECTOR_SECOND	WITHIN_CARRIER	ENDPOINT_CONTROL	HERE_THERE	V9_SPACE	FULL_FRAME	CONNECTOR_SECOND	ENDPOINT_CONTROL__HERE_THERE__FULL_FRAME__V9_SPACE__NONE	ENDPOINT_CONTROL__HERE_THERE__CONNECTOR_SECOND__V9_SPACE__NONE	 here and there	 and there	0	2	1	1	1	-3.954186	-3.933842	-3.82441	-3.872962	541	1790	1	0	1		
ENDPOINT_CONTROL__HERE_THERE__FULL_FRAME__V9_SPACE__NONE__TO__FIRST_SECOND	WITHIN_CARRIER	ENDPOINT_CONTROL	HERE_THERE	V9_SPACE	FULL_FRAME	FIRST_SECOND	ENDPOINT_CONTROL__HERE_THERE__FULL_FRAME__V9_SPACE__NONE	ENDPOINT_CONTROL__HERE_THERE__FIRST_SECOND__V9_SPACE__NONE	 here and there	 here there	0	2	1	1	1	-3.788012	-3.676134	-3.788012	-3.788013	541	464	1	0	1		
ENDPOINT_CONTROL__HERE_THERE__FULL_FRAME__V9_SPACE__NONE__TO__ARBFIRST_SECOND	WITHIN_CARRIER	ENDPOINT_CONTROL	HERE_THERE	V9_SPACE	FULL_FRAME	ARBFIRST_SECOND	ENDPOINT_CONTROL__HERE_THERE__FULL_FRAME__V9_SPACE__NONE	ENDPOINT_CONTROL__HERE_THERE__ARBFIRST_SECOND__V9_SPACE__NONE	 here and there	 marble there	0	2	1	1	1	-3.897695	-3.763108	-3.82441	-4.583617	541	1888	1	0	1		
ENDPOINT_CONTROL__HERE_THERE__FULL_FRAME__V9_SPACE__NONE__TO__FIRST_REPEAT	WITHIN_CARRIER	ENDPOINT_CONTROL	HERE_THERE	V9_SPACE	FULL_FRAME	FIRST_REPEAT	ENDPOINT_CONTROL__HERE_THERE__FULL_FRAME__V9_SPACE__NONE	ENDPOINT_CONTROL__HERE_THERE__FIRST_REPEAT__V9_SPACE__NONE	 here and there	 here here	0	2	1	1	1	-3.984969	-3.873091	-3.82441	-3.82441	541	464	1	0	1		
ENDPOINT_CONTROL__HERE_THERE__FULL_FRAME__V9_SPACE__NONE__TO__REVERSED	WITHIN_CARRIER	ENDPOINT_CONTROL	HERE_THERE	V9_SPACE	FULL_FRAME	REVERSED	ENDPOINT_CONTROL__HERE_THERE__FULL_FRAME__V9_SPACE__NONE	ENDPOINT_CONTROL__HERE_THERE__REVERSED__V9_SPACE__NONE	 here and there	 there and here	1	2	2	1	1	-0.666447	-0.651516	-0.666447	-0.674498	541	541	1	1	0		
CORE_FACTORIAL__HERE_THERE__CC__THE_PHRASE__NONE__TO__CA	WITHIN_CARRIER	CORE_FACTORIAL	HERE_THERE	THE_PHRASE	CC	CA	CORE_FACTORIAL__HERE_THERE__CC__THE_PHRASE__NONE	CORE_FACTORIAL__HERE_THERE__CA__THE_PHRASE__NONE	the phrase here and there	the phrase here and forest	1	4	4	1	1	-4.300632	-4.300632	-4.150507	-4.150507	541	2073	1	0	1		
CORE_FACTORIAL__HERE_THERE__CC__THE_PHRASE__NONE__TO__AC	WITHIN_CARRIER	CORE_FACTORIAL	HERE_THERE	THE_PHRASE	CC	AC	CORE_FACTORIAL__HERE_THERE__CC__THE_PHRASE__NONE	CORE_FACTORIAL__HERE_THERE__AC__THE_PHRASE__NONE	the phrase here and there	the phrase marble and there	1	4	4	1	1	-4.232494	-4.232191	-4.150507	-4.150507	541	2073	1	0	1		
CORE_FACTORIAL__HERE_THERE__CC__THE_PHRASE__NONE__TO__AA	WITHIN_CARRIER	CORE_FACTORIAL	HERE_THERE	THE_PHRASE	CC	AA	CORE_FACTORIAL__HERE_THERE__CC__THE_PHRASE__NONE	CORE_FACTORIAL__HERE_THERE__AA__THE_PHRASE__NONE	the phrase here and there	the phrase marble and forest	1	4	4	1	1	-3.570654	-3.57035	-3.570654	-3.570654	541	2073	1	0	1		
ENDPOINT_CONTROL__HERE_THERE__FULL_FRAME__THE_PHRASE__NONE__TO__SECOND_ONLY	WITHIN_CARRIER	ENDPOINT_CONTROL	HERE_THERE	THE_PHRASE	FULL_FRAME	SECOND_ONLY	ENDPOINT_CONTROL__HERE_THERE__FULL_FRAME__THE_PHRASE__NONE	ENDPOINT_CONTROL__HERE_THERE__SECOND_ONLY__THE_PHRASE__NONE	the phrase here and there	the phrase there	0	4	2	1	1	-4.172105	-4.121314	-4.150507	-4.150507	541	2073	1	0	1		
ENDPOINT_CONTROL__HERE_THERE__FULL_FRAME__THE_PHRASE__NONE__TO__CONNECTOR_SECOND	WITHIN_CARRIER	ENDPOINT_CONTROL	HERE_THERE	THE_PHRASE	FULL_FRAME	CONNECTOR_SECOND	ENDPOINT_CONTROL__HERE_THERE__FULL_FRAME__THE_PHRASE__NONE	ENDPOINT_CONTROL__HERE_THERE__CONNECTOR_SECOND__THE_PHRASE__NONE	the phrase here and there	the phrase and there	0	4	3	1	1	-4.318226	-4.313956	-4.150507	-4.150507	541	2073	1	0	1		
ENDPOINT_CONTROL__HERE_THERE__FULL_FRAME__THE_PHRASE__NONE__TO__FIRST_SECOND	WITHIN_CARRIER	ENDPOINT_CONTROL	HERE_THERE	THE_PHRASE	FULL_FRAME	FIRST_SECOND	ENDPOINT_CONTROL__HERE_THERE__FULL_FRAME__THE_PHRASE__NONE	ENDPOINT_CONTROL__HERE_THERE__FIRST_SECOND__THE_PHRASE__NONE	the phrase here and there	the phrase here there	0	4	3	1	1	-4.260487	-4.194946	-4.150507	-4.150507	541	2073	1	0	1		
ENDPOINT_CONTROL__HERE_THERE__FULL_FRAME__THE_PHRASE__NONE__TO__ARBFIRST_SECOND	WITHIN_CARRIER	ENDPOINT_CONTROL	HERE_THERE	THE_PHRASE	FULL_FRAME	ARBFIRST_SECOND	ENDPOINT_CONTROL__HERE_THERE__FULL_FRAME__THE_PHRASE__NONE	ENDPOINT_CONTROL__HERE_THERE__ARBFIRST_SECOND__THE_PHRASE__NONE	the phrase here and there	the phrase marble there	0	4	3	1	1	-4.190348	-4.145666	-4.150507	-4.150507	541	2073	1	0	1		
ENDPOINT_CONTROL__HERE_THERE__FULL_FRAME__THE_PHRASE__NONE__TO__FIRST_REPEAT	WITHIN_CARRIER	ENDPOINT_CONTROL	HERE_THERE	THE_PHRASE	FULL_FRAME	FIRST_REPEAT	ENDPOINT_CONTROL__HERE_THERE__FULL_FRAME__THE_PHRASE__NONE	ENDPOINT_CONTROL__HERE_THERE__FIRST_REPEAT__THE_PHRASE__NONE	the phrase here and there	the phrase here here	0	4	3	1	1	-4.256971	-4.191429	-4.150507	-4.150507	541	2073	1	0	1		
ENDPOINT_CONTROL__HERE_THERE__FULL_FRAME__THE_PHRASE__NONE__TO__REVERSED	WITHIN_CARRIER	ENDPOINT_CONTROL	HERE_THERE	THE_PHRASE	FULL_FRAME	REVERSED	ENDPOINT_CONTROL__HERE_THERE__FULL_FRAME__THE_PHRASE__NONE	ENDPOINT_CONTROL__HERE_THERE__REVERSED__THE_PHRASE__NONE	the phrase here and there	the phrase there and here	1	4	4	1	1	-1.210871	-1.200839	-1.210871	-1.210871	541	2073	1	0	1		
CORE_FACTORIAL__HERE_THERE__CC__THEY_SAID__NONE__TO__CA	WITHIN_CARRIER	CORE_FACTORIAL	HERE_THERE	THEY_SAID	CC	CA	CORE_FACTORIAL__HERE_THERE__CC__THEY_SAID__NONE	CORE_FACTORIAL__HERE_THERE__CA__THEY_SAID__NONE	they said here and there	they said here and forest	1	4	4	1	1	-4.370293	-4.370292	-4.24181	-4.132836	541	1888	1	0	1		
CORE_FACTORIAL__HERE_THERE__CC__THEY_SAID__NONE__TO__AC	WITHIN_CARRIER	CORE_FACTORIAL	HERE_THERE	THEY_SAID	CC	AC	CORE_FACTORIAL__HERE_THERE__CC__THEY_SAID__NONE	CORE_FACTORIAL__HERE_THERE__AC__THEY_SAID__NONE	they said here and there	they said marble and there	1	4	4	1	1	-4.289373	-4.298218	-4.24181	-3.897709	541	1888	1	0	1		
CORE_FACTORIAL__HERE_THERE__CC__THEY_SAID__NONE__TO__AA	WITHIN_CARRIER	CORE_FACTORIAL	HERE_THERE	THEY_SAID	CC	AA	CORE_FACTORIAL__HERE_THERE__CC__THEY_SAID__NONE	CORE_FACTORIAL__HERE_THERE__AA__THEY_SAID__NONE	they said here and there	they said marble and forest	1	4	4	1	1	-3.599998	-3.608843	-3.599998	-3.255897	541	1888	1	0	1		
ENDPOINT_CONTROL__HERE_THERE__FULL_FRAME__THEY_SAID__NONE__TO__SECOND_ONLY	WITHIN_CARRIER	ENDPOINT_CONTROL	HERE_THERE	THEY_SAID	FULL_FRAME	SECOND_ONLY	ENDPOINT_CONTROL__HERE_THERE__FULL_FRAME__THEY_SAID__NONE	ENDPOINT_CONTROL__HERE_THERE__SECOND_ONLY__THEY_SAID__NONE	they said here and there	they said there	0	4	2	1	1	-4.289706	-4.267168	-4.24181	-3.67411	541	2256	1	0	1		
ENDPOINT_CONTROL__HERE_THERE__FULL_FRAME__THEY_SAID__NONE__TO__CONNECTOR_SECOND	WITHIN_CARRIER	ENDPOINT_CONTROL	HERE_THERE	THEY_SAID	FULL_FRAME	CONNECTOR_SECOND	ENDPOINT_CONTROL__HERE_THERE__FULL_FRAME__THEY_SAID__NONE	ENDPOINT_CONTROL__HERE_THERE__CONNECTOR_SECOND__THEY_SAID__NONE	they said here and there	they said and there	0	4	3	1	1	-4.405298	-4.395807	-4.24181	-3.905564	541	1953	1	0	1		
ENDPOINT_CONTROL__HERE_THERE__FULL_FRAME__THEY_SAID__NONE__TO__FIRST_SECOND	WITHIN_CARRIER	ENDPOINT_CONTROL	HERE_THERE	THEY_SAID	FULL_FRAME	FIRST_SECOND	ENDPOINT_CONTROL__HERE_THERE__FULL_FRAME__THEY_SAID__NONE	ENDPOINT_CONTROL__HERE_THERE__FIRST_SECOND__THEY_SAID__NONE	they said here and there	they said here there	0	4	3	1	1	-4.41159	-4.269547	-4.24181	-3.67411	541	2256	1	0	1		
ENDPOINT_CONTROL__HERE_THERE__FULL_FRAME__THEY_SAID__NONE__TO__ARBFIRST_SECOND	WITHIN_CARRIER	ENDPOINT_CONTROL	HERE_THERE	THEY_SAID	FULL_FRAME	ARBFIRST_SECOND	ENDPOINT_CONTROL__HERE_THERE__FULL_FRAME__THEY_SAID__NONE	ENDPOINT_CONTROL__HERE_THERE__ARBFIRST_SECOND__THEY_SAID__NONE	they said here and there	they said marble there	0	4	3	1	1	-4.260193	-4.181961	-4.24181	-3.897709	541	1888	1	0	1		
ENDPOINT_CONTROL__HERE_THERE__FULL_FRAME__THEY_SAID__NONE__TO__FIRST_REPEAT	WITHIN_CARRIER	ENDPOINT_CONTROL	HERE_THERE	THEY_SAID	FULL_FRAME	FIRST_REPEAT	ENDPOINT_CONTROL__HERE_THERE__FULL_FRAME__THEY_SAID__NONE	ENDPOINT_CONTROL__HERE_THERE__FIRST_REPEAT__THEY_SAID__NONE	they said here and there	they said here here	0	4	3	1	1	-4.411688	-4.269645	-4.24181	-3.67411	541	2256	1	0	1		
ENDPOINT_CONTROL__HERE_THERE__FULL_FRAME__THEY_SAID__NONE__TO__REVERSED	WITHIN_CARRIER	ENDPOINT_CONTROL	HERE_THERE	THEY_SAID	FULL_FRAME	REVERSED	ENDPOINT_CONTROL__HERE_THERE__FULL_FRAME__THEY_SAID__NONE	ENDPOINT_CONTROL__HERE_THERE__REVERSED__THEY_SAID__NONE	they said here and there	they said there and here	1	4	4	1	1	-1.528048	-1.512387	-1.528048	-1.317687	541	2659	1	0	1		
CORE_FACTORIAL__RIGHT_LEFT__CC__BARE__NONE__TO__CA	WITHIN_CARRIER	CORE_FACTORIAL	RIGHT_LEFT	BARE	CC	CA	CORE_FACTORIAL__RIGHT_LEFT__CC__BARE__NONE	CORE_FACTORIAL__RIGHT_LEFT__CA__BARE__NONE	right and left	right and violin	1	2	2	1	1	-3.348423	-3.348422	-3.348423	-2.933817	541	1888	1	0	1		
CORE_FACTORIAL__RIGHT_LEFT__CC__BARE__NONE__TO__AC	WITHIN_CARRIER	CORE_FACTORIAL	RIGHT_LEFT	BARE	CC	AC	CORE_FACTORIAL__RIGHT_LEFT__CC__BARE__NONE	CORE_FACTORIAL__RIGHT_LEFT__AC__BARE__NONE	right and left	garden and left	0	2	3	1	1	-3.583913	-3.602214	-3.454301	-3.254485	541	1888	1	0	1		
CORE_FACTORIAL__RIGHT_LEFT__CC__BARE__NONE__TO__AA	WITHIN_CARRIER	CORE_FACTORIAL	RIGHT_LEFT	BARE	CC	AA	CORE_FACTORIAL__RIGHT_LEFT__CC__BARE__NONE	CORE_FACTORIAL__RIGHT_LEFT__AA__BARE__NONE	right and left	garden and violin	0	2	3	1	1	-3.172576	-3.190877	-3.172576	-2.972761	541	1888	1	0	1		
ENDPOINT_CONTROL__RIGHT_LEFT__FULL_FRAME__BARE__NONE__TO__SECOND_ONLY	WITHIN_CARRIER	ENDPOINT_CONTROL	RIGHT_LEFT	BARE	FULL_FRAME	SECOND_ONLY	ENDPOINT_CONTROL__RIGHT_LEFT__FULL_FRAME__BARE__NONE	ENDPOINT_CONTROL__RIGHT_LEFT__SECOND_ONLY__BARE__NONE	right and left	left	0	2	0	1	1	-3.466805	-3.500336	-3.454301	-3.084471	541	1888	1	0	1		
ENDPOINT_CONTROL__RIGHT_LEFT__FULL_FRAME__BARE__NONE__TO__CONNECTOR_SECOND	WITHIN_CARRIER	ENDPOINT_CONTROL	RIGHT_LEFT	BARE	FULL_FRAME	CONNECTOR_SECOND	ENDPOINT_CONTROL__RIGHT_LEFT__FULL_FRAME__BARE__NONE	ENDPOINT_CONTROL__RIGHT_LEFT__CONNECTOR_SECOND__BARE__NONE	right and left	and left	0	2	1	1	1	-3.585544	-3.592629	-3.454301	-2.817198	541	2052	1	0	1		
ENDPOINT_CONTROL__RIGHT_LEFT__FULL_FRAME__BARE__NONE__TO__FIRST_SECOND	WITHIN_CARRIER	ENDPOINT_CONTROL	RIGHT_LEFT	BARE	FULL_FRAME	FIRST_SECOND	ENDPOINT_CONTROL__RIGHT_LEFT__FULL_FRAME__BARE__NONE	ENDPOINT_CONTROL__RIGHT_LEFT__FIRST_SECOND__BARE__NONE	right and left	right left	0	2	1	1	1	-3.620883	-3.642796	-3.454301	-3.715342	541	2463	1	0	1		
ENDPOINT_CONTROL__RIGHT_LEFT__FULL_FRAME__BARE__NONE__TO__ARBFIRST_SECOND	WITHIN_CARRIER	ENDPOINT_CONTROL	RIGHT_LEFT	BARE	FULL_FRAME	ARBFIRST_SECOND	ENDPOINT_CONTROL__RIGHT_LEFT__FULL_FRAME__BARE__NONE	ENDPOINT_CONTROL__RIGHT_LEFT__ARBFIRST_SECOND__BARE__NONE	right and left	garden left	1	2	2	1	1	-3.46229	-3.335836	-3.454301	-3.254485	541	1888	1	0	1		
ENDPOINT_CONTROL__RIGHT_LEFT__FULL_FRAME__BARE__NONE__TO__FIRST_REPEAT	WITHIN_CARRIER	ENDPOINT_CONTROL	RIGHT_LEFT	BARE	FULL_FRAME	FIRST_REPEAT	ENDPOINT_CONTROL__RIGHT_LEFT__FULL_FRAME__BARE__NONE	ENDPOINT_CONTROL__RIGHT_LEFT__FIRST_REPEAT__BARE__NONE	right and left	right right	0	2	1	1	1	-3.602428	-3.624341	-3.454301	-3.039696	541	1888	1	0	1		
ENDPOINT_CONTROL__RIGHT_LEFT__FULL_FRAME__BARE__NONE__TO__REVERSED	WITHIN_CARRIER	ENDPOINT_CONTROL	RIGHT_LEFT	BARE	FULL_FRAME	REVERSED	ENDPOINT_CONTROL__RIGHT_LEFT__FULL_FRAME__BARE__NONE	ENDPOINT_CONTROL__RIGHT_LEFT__REVERSED__BARE__NONE	right and left	left and right	1	2	2	1	1	0.665281	0.686061	0.665281	0.706322	541	541	1	1	0		
CORE_FACTORIAL__RIGHT_LEFT__CC__V9_SPACE__NONE__TO__CA	WITHIN_CARRIER	CORE_FACTORIAL	RIGHT_LEFT	V9_SPACE	CC	CA	CORE_FACTORIAL__RIGHT_LEFT__CC__V9_SPACE__NONE	CORE_FACTORIAL__RIGHT_LEFT__CA__V9_SPACE__NONE	 right and left	 right and violin	1	2	2	1	1	-3.965014	-3.965014	-3.856279	-3.58992	541	1888	1	0	1		
CORE_FACTORIAL__RIGHT_LEFT__CC__V9_SPACE__NONE__TO__AC	WITHIN_CARRIER	CORE_FACTORIAL	RIGHT_LEFT	V9_SPACE	CC	AC	CORE_FACTORIAL__RIGHT_LEFT__CC__V9_SPACE__NONE	CORE_FACTORIAL__RIGHT_LEFT__AC__V9_SPACE__NONE	 right and left	 garden and left	1	2	2	1	1	-3.966646	-3.976027	-3.856279	-4.269633	541	1888	1	0	1		
CORE_FACTORIAL__RIGHT_LEFT__CC__V9_SPACE__NONE__TO__AA	WITHIN_CARRIER	CORE_FACTORIAL	RIGHT_LEFT	V9_SPACE	CC	AA	CORE_FACTORIAL__RIGHT_LEFT__CC__V9_SPACE__NONE	CORE_FACTORIAL__RIGHT_LEFT__AA__V9_SPACE__NONE	 right and left	 garden and violin	1	2	2	1	1	-3.587376	-3.596757	-3.587376	-4.000731	541	1888	1	0	1		
ENDPOINT_CONTROL__RIGHT_LEFT__FULL_FRAME__V9_SPACE__NONE__TO__SECOND_ONLY	WITHIN_CARRIER	ENDPOINT_CONTROL	RIGHT_LEFT	V9_SPACE	FULL_FRAME	SECOND_ONLY	ENDPOINT_CONTROL__RIGHT_LEFT__FULL_FRAME__V9_SPACE__NONE	ENDPOINT_CONTROL__RIGHT_LEFT__SECOND_ONLY__V9_SPACE__NONE	 right and left	 left	0	2	0	1	1	-3.898999	-3.923347	-3.856279	-3.600793	541	1888	1	0	1		
ENDPOINT_CONTROL__RIGHT_LEFT__FULL_FRAME__V9_SPACE__NONE__TO__CONNECTOR_SECOND	WITHIN_CARRIER	ENDPOINT_CONTROL	RIGHT_LEFT	V9_SPACE	FULL_FRAME	CONNECTOR_SECOND	ENDPOINT_CONTROL__RIGHT_LEFT__FULL_FRAME__V9_SPACE__NONE	ENDPOINT_CONTROL__RIGHT_LEFT__CONNECTOR_SECOND__V9_SPACE__NONE	 right and left	 and left	0	2	1	1	1	-3.982408	-3.974184	-3.856279	-3.42135	541	1790	1	0	1		
ENDPOINT_CONTROL__RIGHT_LEFT__FULL_FRAME__V9_SPACE__NONE__TO__FIRST_SECOND	WITHIN_CARRIER	ENDPOINT_CONTROL	RIGHT_LEFT	V9_SPACE	FULL_FRAME	FIRST_SECOND	ENDPOINT_CONTROL__RIGHT_LEFT__FULL_FRAME__V9_SPACE__NONE	ENDPOINT_CONTROL__RIGHT_LEFT__FIRST_SECOND__V9_SPACE__NONE	 right and left	 right left	0	2	1	1	1	-3.878231	-3.872189	-3.856279	-3.919403	541	2463	1	0	1		
ENDPOINT_CONTROL__RIGHT_LEFT__FULL_FRAME__V9_SPACE__NONE__TO__ARBFIRST_SECOND	WITHIN_CARRIER	ENDPOINT_CONTROL	RIGHT_LEFT	V9_SPACE	FULL_FRAME	ARBFIRST_SECOND	ENDPOINT_CONTROL__RIGHT_LEFT__FULL_FRAME__V9_SPACE__NONE	ENDPOINT_CONTROL__RIGHT_LEFT__ARBFIRST_SECOND__V9_SPACE__NONE	 right and left	 garden left	0	2	1	1	1	-3.866038	-3.736189	-3.856279	-4.269633	541	1888	1	0	1		
ENDPOINT_CONTROL__RIGHT_LEFT__FULL_FRAME__V9_SPACE__NONE__TO__FIRST_REPEAT	WITHIN_CARRIER	ENDPOINT_CONTROL	RIGHT_LEFT	V9_SPACE	FULL_FRAME	FIRST_REPEAT	ENDPOINT_CONTROL__RIGHT_LEFT__FULL_FRAME__V9_SPACE__NONE	ENDPOINT_CONTROL__RIGHT_LEFT__FIRST_REPEAT__V9_SPACE__NONE	 right and left	 right right	0	2	1	1	1	-4.022799	-4.016757	-3.856279	-3.58992	541	1888	1	0	1		
ENDPOINT_CONTROL__RIGHT_LEFT__FULL_FRAME__V9_SPACE__NONE__TO__REVERSED	WITHIN_CARRIER	ENDPOINT_CONTROL	RIGHT_LEFT	V9_SPACE	FULL_FRAME	REVERSED	ENDPOINT_CONTROL__RIGHT_LEFT__FULL_FRAME__V9_SPACE__NONE	ENDPOINT_CONTROL__RIGHT_LEFT__REVERSED__V9_SPACE__NONE	 right and left	 left and right	1	2	2	1	1	-0.044202	-0.042041	-0.044202	0.211283	541	541	1	1	0		
CORE_FACTORIAL__RIGHT_LEFT__CC__THE_PHRASE__NONE__TO__CA	WITHIN_CARRIER	CORE_FACTORIAL	RIGHT_LEFT	THE_PHRASE	CC	CA	CORE_FACTORIAL__RIGHT_LEFT__CC__THE_PHRASE__NONE	CORE_FACTORIAL__RIGHT_LEFT__CA__THE_PHRASE__NONE	the phrase right and left	the phrase right and violin	1	4	4	1	1	-3.915957	-3.915957	-3.80407	-3.181964	2659	2073	0	0	0		
CORE_FACTORIAL__RIGHT_LEFT__CC__THE_PHRASE__NONE__TO__AC	WITHIN_CARRIER	CORE_FACTORIAL	RIGHT_LEFT	THE_PHRASE	CC	AC	CORE_FACTORIAL__RIGHT_LEFT__CC__THE_PHRASE__NONE	CORE_FACTORIAL__RIGHT_LEFT__AC__THE_PHRASE__NONE	the phrase right and left	the phrase garden and left	1	4	4	1	1	-3.896452	-3.90845	-3.80407	-3.181964	2659	2073	0	0	0		
CORE_FACTORIAL__RIGHT_LEFT__CC__THE_PHRASE__NONE__TO__AA	WITHIN_CARRIER	CORE_FACTORIAL	RIGHT_LEFT	THE_PHRASE	CC	AA	CORE_FACTORIAL__RIGHT_LEFT__CC__THE_PHRASE__NONE	CORE_FACTORIAL__RIGHT_LEFT__AA__THE_PHRASE__NONE	the phrase right and left	the phrase garden and violin	1	4	4	1	1	-3.743273	-3.755271	-3.743273	-3.121167	2659	2073	0	0	0		
ENDPOINT_CONTROL__RIGHT_LEFT__FULL_FRAME__THE_PHRASE__NONE__TO__SECOND_ONLY	WITHIN_CARRIER	ENDPOINT_CONTROL	RIGHT_LEFT	THE_PHRASE	FULL_FRAME	SECOND_ONLY	ENDPOINT_CONTROL__RIGHT_LEFT__FULL_FRAME__THE_PHRASE__NONE	ENDPOINT_CONTROL__RIGHT_LEFT__SECOND_ONLY__THE_PHRASE__NONE	the phrase right and left	the phrase left	0	4	2	1	1	-3.813082	-3.775592	-3.80407	-3.181964	2659	2073	0	0	0		
ENDPOINT_CONTROL__RIGHT_LEFT__FULL_FRAME__THE_PHRASE__NONE__TO__CONNECTOR_SECOND	WITHIN_CARRIER	ENDPOINT_CONTROL	RIGHT_LEFT	THE_PHRASE	FULL_FRAME	CONNECTOR_SECOND	ENDPOINT_CONTROL__RIGHT_LEFT__FULL_FRAME__THE_PHRASE__NONE	ENDPOINT_CONTROL__RIGHT_LEFT__CONNECTOR_SECOND__THE_PHRASE__NONE	the phrase right and left	the phrase and left	0	4	3	1	1	-3.897283	-3.906314	-3.80407	-3.181964	2659	2073	0	0	0		
ENDPOINT_CONTROL__RIGHT_LEFT__FULL_FRAME__THE_PHRASE__NONE__TO__FIRST_SECOND	WITHIN_CARRIER	ENDPOINT_CONTROL	RIGHT_LEFT	THE_PHRASE	FULL_FRAME	FIRST_SECOND	ENDPOINT_CONTROL__RIGHT_LEFT__FULL_FRAME__THE_PHRASE__NONE	ENDPOINT_CONTROL__RIGHT_LEFT__FIRST_SECOND__THE_PHRASE__NONE	the phrase right and left	the phrase right left	0	4	3	1	1	-3.973851	-3.98706	-3.80407	-3.181964	2659	2073	0	0	0		
ENDPOINT_CONTROL__RIGHT_LEFT__FULL_FRAME__THE_PHRASE__NONE__TO__ARBFIRST_SECOND	WITHIN_CARRIER	ENDPOINT_CONTROL	RIGHT_LEFT	THE_PHRASE	FULL_FRAME	ARBFIRST_SECOND	ENDPOINT_CONTROL__RIGHT_LEFT__FULL_FRAME__THE_PHRASE__NONE	ENDPOINT_CONTROL__RIGHT_LEFT__ARBFIRST_SECOND__THE_PHRASE__NONE	the phrase right and left	the phrase garden left	0	4	3	1	1	-3.813586	-3.764178	-3.80407	-3.181964	2659	2073	0	0	0		
ENDPOINT_CONTROL__RIGHT_LEFT__FULL_FRAME__THE_PHRASE__NONE__TO__FIRST_REPEAT	WITHIN_CARRIER	ENDPOINT_CONTROL	RIGHT_LEFT	THE_PHRASE	FULL_FRAME	FIRST_REPEAT	ENDPOINT_CONTROL__RIGHT_LEFT__FULL_FRAME__THE_PHRASE__NONE	ENDPOINT_CONTROL__RIGHT_LEFT__FIRST_REPEAT__THE_PHRASE__NONE	the phrase right and left	the phrase right right	0	4	3	1	1	-3.825666	-3.838875	-3.80407	-3.181964	2659	2073	0	0	0		
ENDPOINT_CONTROL__RIGHT_LEFT__FULL_FRAME__THE_PHRASE__NONE__TO__REVERSED	WITHIN_CARRIER	ENDPOINT_CONTROL	RIGHT_LEFT	THE_PHRASE	FULL_FRAME	REVERSED	ENDPOINT_CONTROL__RIGHT_LEFT__FULL_FRAME__THE_PHRASE__NONE	ENDPOINT_CONTROL__RIGHT_LEFT__REVERSED__THE_PHRASE__NONE	the phrase right and left	the phrase left and right	1	4	4	1	1	0.563414	0.562194	0.563414	0.499061	2659	541	0	1	1		
CORE_FACTORIAL__RIGHT_LEFT__CC__THEY_SAID__NONE__TO__CA	WITHIN_CARRIER	CORE_FACTORIAL	RIGHT_LEFT	THEY_SAID	CC	CA	CORE_FACTORIAL__RIGHT_LEFT__CC__THEY_SAID__NONE	CORE_FACTORIAL__RIGHT_LEFT__CA__THEY_SAID__NONE	they said right and left	they said right and violin	1	4	4	1	1	-3.874555	-3.874554	-3.704791	-2.912455	2659	1959	0	0	0		
CORE_FACTORIAL__RIGHT_LEFT__CC__THEY_SAID__NONE__TO__AC	WITHIN_CARRIER	CORE_FACTORIAL	RIGHT_LEFT	THEY_SAID	CC	AC	CORE_FACTORIAL__RIGHT_LEFT__CC__THEY_SAID__NONE	CORE_FACTORIAL__RIGHT_LEFT__AC__THEY_SAID__NONE	they said right and left	they said garden and left	1	4	4	1	1	-3.816291	-3.81233	-3.704791	-2.911236	2659	1888	0	0	0		
CORE_FACTORIAL__RIGHT_LEFT__CC__THEY_SAID__NONE__TO__AA	WITHIN_CARRIER	CORE_FACTORIAL	RIGHT_LEFT	THEY_SAID	CC	AA	CORE_FACTORIAL__RIGHT_LEFT__CC__THEY_SAID__NONE	CORE_FACTORIAL__RIGHT_LEFT__AA__THEY_SAID__NONE	they said right and left	they said garden and violin	1	4	4	1	1	-3.131865	-3.127904	-3.131865	-2.33831	2659	1888	0	0	0		
ENDPOINT_CONTROL__RIGHT_LEFT__FULL_FRAME__THEY_SAID__NONE__TO__SECOND_ONLY	WITHIN_CARRIER	ENDPOINT_CONTROL	RIGHT_LEFT	THEY_SAID	FULL_FRAME	SECOND_ONLY	ENDPOINT_CONTROL__RIGHT_LEFT__FULL_FRAME__THEY_SAID__NONE	ENDPOINT_CONTROL__RIGHT_LEFT__SECOND_ONLY__THEY_SAID__NONE	they said right and left	they said left	0	4	2	1	1	-3.733713	-3.707364	-3.704791	-2.27516	2659	2256	0	0	0		
ENDPOINT_CONTROL__RIGHT_LEFT__FULL_FRAME__THEY_SAID__NONE__TO__CONNECTOR_SECOND	WITHIN_CARRIER	ENDPOINT_CONTROL	RIGHT_LEFT	THEY_SAID	FULL_FRAME	CONNECTOR_SECOND	ENDPOINT_CONTROL__RIGHT_LEFT__FULL_FRAME__THEY_SAID__NONE	ENDPOINT_CONTROL__RIGHT_LEFT__CONNECTOR_SECOND__THEY_SAID__NONE	they said right and left	they said and left	0	4	3	1	1	-3.529806	-3.516504	-3.529806	-2.331629	2659	1953	0	0	0		
ENDPOINT_CONTROL__RIGHT_LEFT__FULL_FRAME__THEY_SAID__NONE__TO__FIRST_SECOND	WITHIN_CARRIER	ENDPOINT_CONTROL	RIGHT_LEFT	THEY_SAID	FULL_FRAME	FIRST_SECOND	ENDPOINT_CONTROL__RIGHT_LEFT__FULL_FRAME__THEY_SAID__NONE	ENDPOINT_CONTROL__RIGHT_LEFT__FIRST_SECOND__THEY_SAID__NONE	they said right and left	they said right left	0	4	3	1	1	-3.87468	-3.873157	-3.704791	-2.995271	2659	2463	0	0	0		
ENDPOINT_CONTROL__RIGHT_LEFT__FULL_FRAME__THEY_SAID__NONE__TO__ARBFIRST_SECOND	WITHIN_CARRIER	ENDPOINT_CONTROL	RIGHT_LEFT	THEY_SAID	FULL_FRAME	ARBFIRST_SECOND	ENDPOINT_CONTROL__RIGHT_LEFT__FULL_FRAME__THEY_SAID__NONE	ENDPOINT_CONTROL__RIGHT_LEFT__ARBFIRST_SECOND__THEY_SAID__NONE	they said right and left	they said garden left	0	4	3	1	1	-3.713359	-3.641952	-3.704791	-2.911236	2659	1888	0	0	0		
ENDPOINT_CONTROL__RIGHT_LEFT__FULL_FRAME__THEY_SAID__NONE__TO__FIRST_REPEAT	WITHIN_CARRIER	ENDPOINT_CONTROL	RIGHT_LEFT	THEY_SAID	FULL_FRAME	FIRST_REPEAT	ENDPOINT_CONTROL__RIGHT_LEFT__FULL_FRAME__THEY_SAID__NONE	ENDPOINT_CONTROL__RIGHT_LEFT__FIRST_REPEAT__THEY_SAID__NONE	they said right and left	they said right right	0	4	3	1	1	-3.749835	-3.748312	-3.704791	-2.912455	2659	1959	0	0	0		
ENDPOINT_CONTROL__RIGHT_LEFT__FULL_FRAME__THEY_SAID__NONE__TO__REVERSED	WITHIN_CARRIER	ENDPOINT_CONTROL	RIGHT_LEFT	THEY_SAID	FULL_FRAME	REVERSED	ENDPOINT_CONTROL__RIGHT_LEFT__FULL_FRAME__THEY_SAID__NONE	ENDPOINT_CONTROL__RIGHT_LEFT__REVERSED__THEY_SAID__NONE	they said right and left	they said left and right	1	4	4	1	1	0.372766	0.364392	0.372766	0.064536	2659	2659	0	0	0		
CORE_FACTORIAL__TRUE_FALSE__CC__BARE__NONE__TO__CA	WITHIN_CARRIER	CORE_FACTORIAL	TRUE_FALSE	BARE	CC	CA	CORE_FACTORIAL__TRUE_FALSE__CC__BARE__NONE	CORE_FACTORIAL__TRUE_FALSE__CA__BARE__NONE	true or false	true or basket	1	2	2	1	1	-3.629528	-3.629528	-3.620437	-3.463558	541	1888	1	0	1		
CORE_FACTORIAL__TRUE_FALSE__CC__BARE__NONE__TO__AC	WITHIN_CARRIER	CORE_FACTORIAL	TRUE_FALSE	BARE	CC	AC	CORE_FACTORIAL__TRUE_FALSE__CC__BARE__NONE	CORE_FACTORIAL__TRUE_FALSE__AC__BARE__NONE	true or false	candle or false	0	2	3	1	1	-3.497751	-3.505083	-3.497751	-3.235052	541	1888	1	0	1		
CORE_FACTORIAL__TRUE_FALSE__CC__BARE__NONE__TO__AA	WITHIN_CARRIER	CORE_FACTORIAL	TRUE_FALSE	BARE	CC	AA	CORE_FACTORIAL__TRUE_FALSE__CC__BARE__NONE	CORE_FACTORIAL__TRUE_FALSE__AA__BARE__NONE	true or false	candle or basket	0	2	3	1	1	-1.531928	-1.53926	-1.531928	-1.269229	541	1888	1	0	1		
ENDPOINT_CONTROL__TRUE_FALSE__FULL_FRAME__BARE__NONE__TO__SECOND_ONLY	WITHIN_CARRIER	ENDPOINT_CONTROL	TRUE_FALSE	BARE	FULL_FRAME	SECOND_ONLY	ENDPOINT_CONTROL__TRUE_FALSE__FULL_FRAME__BARE__NONE	ENDPOINT_CONTROL__TRUE_FALSE__SECOND_ONLY__BARE__NONE	true or false	false	0	2	0	1	1	-3.748078	-3.762067	-3.620437	-3.70112	541	1888	1	0	1		
ENDPOINT_CONTROL__TRUE_FALSE__FULL_FRAME__BARE__NONE__TO__CONNECTOR_SECOND	WITHIN_CARRIER	ENDPOINT_CONTROL	TRUE_FALSE	BARE	FULL_FRAME	CONNECTOR_SECOND	ENDPOINT_CONTROL__TRUE_FALSE__FULL_FRAME__BARE__NONE	ENDPOINT_CONTROL__TRUE_FALSE__CONNECTOR_SECOND__BARE__NONE	true or false	or false	0	2	1	1	1	-3.696926	-3.705311	-3.620437	-2.76542	541	1888	1	0	1		
ENDPOINT_CONTROL__TRUE_FALSE__FULL_FRAME__BARE__NONE__TO__FIRST_SECOND	WITHIN_CARRIER	ENDPOINT_CONTROL	TRUE_FALSE	BARE	FULL_FRAME	FIRST_SECOND	ENDPOINT_CONTROL__TRUE_FALSE__FULL_FRAME__BARE__NONE	ENDPOINT_CONTROL__TRUE_FALSE__FIRST_SECOND__BARE__NONE	true or false	true false	0	2	1	1	1	-3.786546	-3.714968	-3.620437	-3.427516	541	1888	1	0	1		
ENDPOINT_CONTROL__TRUE_FALSE__FULL_FRAME__BARE__NONE__TO__ARBFIRST_SECOND	WITHIN_CARRIER	ENDPOINT_CONTROL	TRUE_FALSE	BARE	FULL_FRAME	ARBFIRST_SECOND	ENDPOINT_CONTROL__TRUE_FALSE__FULL_FRAME__BARE__NONE	ENDPOINT_CONTROL__TRUE_FALSE__ARBFIRST_SECOND__BARE__NONE	true or false	candle false	1	2	2	1	1	-3.669998	-3.529907	-3.620437	-3.357738	541	1888	1	0	1		
ENDPOINT_CONTROL__TRUE_FALSE__FULL_FRAME__BARE__NONE__TO__FIRST_REPEAT	WITHIN_CARRIER	ENDPOINT_CONTROL	TRUE_FALSE	BARE	FULL_FRAME	FIRST_REPEAT	ENDPOINT_CONTROL__TRUE_FALSE__FULL_FRAME__BARE__NONE	ENDPOINT_CONTROL__TRUE_FALSE__FIRST_REPEAT__BARE__NONE	true or false	true true	0	2	1	1	1	-3.781925	-3.710347	-3.620437	-3.427516	541	1888	1	0	1		
ENDPOINT_CONTROL__TRUE_FALSE__FULL_FRAME__BARE__NONE__TO__REVERSED	WITHIN_CARRIER	ENDPOINT_CONTROL	TRUE_FALSE	BARE	FULL_FRAME	REVERSED	ENDPOINT_CONTROL__TRUE_FALSE__FULL_FRAME__BARE__NONE	ENDPOINT_CONTROL__TRUE_FALSE__REVERSED__BARE__NONE	true or false	false or true	1	2	2	1	1	-1.224873	-1.235178	-1.224873	-1.305556	541	1888	1	0	1		
CORE_FACTORIAL__TRUE_FALSE__CC__V9_SPACE__NONE__TO__CA	WITHIN_CARRIER	CORE_FACTORIAL	TRUE_FALSE	V9_SPACE	CC	CA	CORE_FACTORIAL__TRUE_FALSE__CC__V9_SPACE__NONE	CORE_FACTORIAL__TRUE_FALSE__CA__V9_SPACE__NONE	 true or false	 true or basket	1	2	2	1	1	-4.051581	-4.051582	-3.912911	-3.615894	541	1888	1	0	1		
CORE_FACTORIAL__TRUE_FALSE__CC__V9_SPACE__NONE__TO__AC	WITHIN_CARRIER	CORE_FACTORIAL	TRUE_FALSE	V9_SPACE	CC	AC	CORE_FACTORIAL__TRUE_FALSE__CC__V9_SPACE__NONE	CORE_FACTORIAL__TRUE_FALSE__AC__V9_SPACE__NONE	 true or false	 candle or false	1	2	2	1	1	-3.913203	-3.914776	-3.912911	-3.818377	541	1888	1	0	1		
CORE_FACTORIAL__TRUE_FALSE__CC__V9_SPACE__NONE__TO__AA	WITHIN_CARRIER	CORE_FACTORIAL	TRUE_FALSE	V9_SPACE	CC	AA	CORE_FACTORIAL__TRUE_FALSE__CC__V9_SPACE__NONE	CORE_FACTORIAL__TRUE_FALSE__AA__V9_SPACE__NONE	 true or false	 candle or basket	1	2	2	1	1	-2.135395	-2.136969	-2.135395	-2.040861	541	1888	1	0	1		
ENDPOINT_CONTROL__TRUE_FALSE__FULL_FRAME__V9_SPACE__NONE__TO__SECOND_ONLY	WITHIN_CARRIER	ENDPOINT_CONTROL	TRUE_FALSE	V9_SPACE	FULL_FRAME	SECOND_ONLY	ENDPOINT_CONTROL__TRUE_FALSE__FULL_FRAME__V9_SPACE__NONE	ENDPOINT_CONTROL__TRUE_FALSE__SECOND_ONLY__V9_SPACE__NONE	 true or false	 false	0	2	0	1	1	-4.055582	-4.062581	-3.912911	-3.76452	541	464	1	0	1		
ENDPOINT_CONTROL__TRUE_FALSE__FULL_FRAME__V9_SPACE__NONE__TO__CONNECTOR_SECOND	WITHIN_CARRIER	ENDPOINT_CONTROL	TRUE_FALSE	V9_SPACE	FULL_FRAME	CONNECTOR_SECOND	ENDPOINT_CONTROL__TRUE_FALSE__FULL_FRAME__V9_SPACE__NONE	ENDPOINT_CONTROL__TRUE_FALSE__CONNECTOR_SECOND__V9_SPACE__NONE	 true or false	 or false	0	2	1	1	1	-3.886342	-3.886873	-3.886342	-3.078683	541	1790	1	0	1		
ENDPOINT_CONTROL__TRUE_FALSE__FULL_FRAME__V9_SPACE__NONE__TO__FIRST_SECOND	WITHIN_CARRIER	ENDPOINT_CONTROL	TRUE_FALSE	V9_SPACE	FULL_FRAME	FIRST_SECOND	ENDPOINT_CONTROL__TRUE_FALSE__FULL_FRAME__V9_SPACE__NONE	ENDPOINT_CONTROL__TRUE_FALSE__FIRST_SECOND__V9_SPACE__NONE	 true or false	 true false	0	2	1	1	1	-4.076368	-3.977316	-3.912911	-3.458225	541	1888	1	0	1		
ENDPOINT_CONTROL__TRUE_FALSE__FULL_FRAME__V9_SPACE__NONE__TO__ARBFIRST_SECOND	WITHIN_CARRIER	ENDPOINT_CONTROL	TRUE_FALSE	V9_SPACE	FULL_FRAME	ARBFIRST_SECOND	ENDPOINT_CONTROL__TRUE_FALSE__FULL_FRAME__V9_SPACE__NONE	ENDPOINT_CONTROL__TRUE_FALSE__ARBFIRST_SECOND__V9_SPACE__NONE	 true or false	 candle false	0	2	1	1	1	-3.981585	-3.869177	-3.912911	-3.818377	541	1888	1	0	1		
ENDPOINT_CONTROL__TRUE_FALSE__FULL_FRAME__V9_SPACE__NONE__TO__FIRST_REPEAT	WITHIN_CARRIER	ENDPOINT_CONTROL	TRUE_FALSE	V9_SPACE	FULL_FRAME	FIRST_REPEAT	ENDPOINT_CONTROL__TRUE_FALSE__FULL_FRAME__V9_SPACE__NONE	ENDPOINT_CONTROL__TRUE_FALSE__FIRST_REPEAT__V9_SPACE__NONE	 true or false	 true true	0	2	1	1	1	-4.074198	-3.975147	-3.912911	-3.587656	541	230	1	0	1		
ENDPOINT_CONTROL__TRUE_FALSE__FULL_FRAME__V9_SPACE__NONE__TO__REVERSED	WITHIN_CARRIER	ENDPOINT_CONTROL	TRUE_FALSE	V9_SPACE	FULL_FRAME	REVERSED	ENDPOINT_CONTROL__TRUE_FALSE__FULL_FRAME__V9_SPACE__NONE	ENDPOINT_CONTROL__TRUE_FALSE__REVERSED__V9_SPACE__NONE	 true or false	 false or true	1	2	2	1	1	-1.234401	-1.235574	-1.234401	-1.08601	541	464	1	0	1		
CORE_FACTORIAL__TRUE_FALSE__CC__THE_PHRASE__NONE__TO__CA	WITHIN_CARRIER	CORE_FACTORIAL	TRUE_FALSE	THE_PHRASE	CC	CA	CORE_FACTORIAL__TRUE_FALSE__CC__THE_PHRASE__NONE	CORE_FACTORIAL__TRUE_FALSE__CA__THE_PHRASE__NONE	the phrase true or false	the phrase true or basket	1	4	4	1	1	-4.012844	-4.012845	-3.946108	-3.31449	541	2073	1	0	1		
CORE_FACTORIAL__TRUE_FALSE__CC__THE_PHRASE__NONE__TO__AC	WITHIN_CARRIER	CORE_FACTORIAL	TRUE_FALSE	THE_PHRASE	CC	AC	CORE_FACTORIAL__TRUE_FALSE__CC__THE_PHRASE__NONE	CORE_FACTORIAL__TRUE_FALSE__AC__THE_PHRASE__NONE	the phrase true or false	the phrase candle or false	1	4	4	1	1	-4.038408	-4.037481	-3.946108	-3.31449	541	2073	1	0	1		
CORE_FACTORIAL__TRUE_FALSE__CC__THE_PHRASE__NONE__TO__AA	WITHIN_CARRIER	CORE_FACTORIAL	TRUE_FALSE	THE_PHRASE	CC	AA	CORE_FACTORIAL__TRUE_FALSE__CC__THE_PHRASE__NONE	CORE_FACTORIAL__TRUE_FALSE__AA__THE_PHRASE__NONE	the phrase true or false	the phrase candle or basket	1	4	4	1	1	-2.765093	-2.764166	-2.765093	-2.133475	541	2073	1	0	1		
ENDPOINT_CONTROL__TRUE_FALSE__FULL_FRAME__THE_PHRASE__NONE__TO__SECOND_ONLY	WITHIN_CARRIER	ENDPOINT_CONTROL	TRUE_FALSE	THE_PHRASE	FULL_FRAME	SECOND_ONLY	ENDPOINT_CONTROL__TRUE_FALSE__FULL_FRAME__THE_PHRASE__NONE	ENDPOINT_CONTROL__TRUE_FALSE__SECOND_ONLY__THE_PHRASE__NONE	the phrase true or false	the phrase false	0	4	2	1	1	-4.008604	-3.953906	-3.946108	-3.31449	541	2073	1	0	1		
ENDPOINT_CONTROL__TRUE_FALSE__FULL_FRAME__THE_PHRASE__NONE__TO__CONNECTOR_SECOND	WITHIN_CARRIER	ENDPOINT_CONTROL	TRUE_FALSE	THE_PHRASE	FULL_FRAME	CONNECTOR_SECOND	ENDPOINT_CONTROL__TRUE_FALSE__FULL_FRAME__THE_PHRASE__NONE	ENDPOINT_CONTROL__TRUE_FALSE__CONNECTOR_SECOND__THE_PHRASE__NONE	the phrase true or false	the phrase or false	0	4	3	1	1	-3.861375	-3.850003	-3.861375	-3.229757	541	2073	1	0	1		
ENDPOINT_CONTROL__TRUE_FALSE__FULL_FRAME__THE_PHRASE__NONE__TO__FIRST_SECOND	WITHIN_CARRIER	ENDPOINT_CONTROL	TRUE_FALSE	THE_PHRASE	FULL_FRAME	FIRST_SECOND	ENDPOINT_CONTROL__TRUE_FALSE__FULL_FRAME__THE_PHRASE__NONE	ENDPOINT_CONTROL__TRUE_FALSE__FIRST_SECOND__THE_PHRASE__NONE	the phrase true or false	the phrase true false	0	4	3	1	1	-4.115709	-4.099137	-3.946108	-3.31449	541	2073	1	0	1		
ENDPOINT_CONTROL__TRUE_FALSE__FULL_FRAME__THE_PHRASE__NONE__TO__ARBFIRST_SECOND	WITHIN_CARRIER	ENDPOINT_CONTROL	TRUE_FALSE	THE_PHRASE	FULL_FRAME	ARBFIRST_SECOND	ENDPOINT_CONTROL__TRUE_FALSE__FULL_FRAME__THE_PHRASE__NONE	ENDPOINT_CONTROL__TRUE_FALSE__ARBFIRST_SECOND__THE_PHRASE__NONE	the phrase true or false	the phrase candle false	0	4	3	1	1	-4.053978	-3.969823	-3.946108	-3.31449	541	2073	1	0	1		
ENDPOINT_CONTROL__TRUE_FALSE__FULL_FRAME__THE_PHRASE__NONE__TO__FIRST_REPEAT	WITHIN_CARRIER	ENDPOINT_CONTROL	TRUE_FALSE	THE_PHRASE	FULL_FRAME	FIRST_REPEAT	ENDPOINT_CONTROL__TRUE_FALSE__FULL_FRAME__THE_PHRASE__NONE	ENDPOINT_CONTROL__TRUE_FALSE__FIRST_REPEAT__THE_PHRASE__NONE	the phrase true or false	the phrase true true	0	4	3	1	1	-4.113805	-4.097233	-3.946108	-3.31449	541	2073	1	0	1		
ENDPOINT_CONTROL__TRUE_FALSE__FULL_FRAME__THE_PHRASE__NONE__TO__REVERSED	WITHIN_CARRIER	ENDPOINT_CONTROL	TRUE_FALSE	THE_PHRASE	FULL_FRAME	REVERSED	ENDPOINT_CONTROL__TRUE_FALSE__FULL_FRAME__THE_PHRASE__NONE	ENDPOINT_CONTROL__TRUE_FALSE__REVERSED__THE_PHRASE__NONE	the phrase true or false	the phrase false or true	1	4	4	1	1	-1.26375	-1.263656	-1.26375	-0.632132	541	2073	1	0	1		
CORE_FACTORIAL__TRUE_FALSE__CC__THEY_SAID__NONE__TO__CA	WITHIN_CARRIER	CORE_FACTORIAL	TRUE_FALSE	THEY_SAID	CC	CA	CORE_FACTORIAL__TRUE_FALSE__CC__THEY_SAID__NONE	CORE_FACTORIAL__TRUE_FALSE__CA__THEY_SAID__NONE	they said true or false	they said true or basket	1	4	4	1	1	-3.9716	-3.9716	-3.831234	-2.75545	2659	1888	0	0	0		
CORE_FACTORIAL__TRUE_FALSE__CC__THEY_SAID__NONE__TO__AC	WITHIN_CARRIER	CORE_FACTORIAL	TRUE_FALSE	THEY_SAID	CC	AC	CORE_FACTORIAL__TRUE_FALSE__CC__THEY_SAID__NONE	CORE_FACTORIAL__TRUE_FALSE__AC__THEY_SAID__NONE	they said true or false	they said candle or false	1	4	4	1	1	-3.873568	-3.8742	-3.831234	-2.21303	2659	1888	0	0	0		
CORE_FACTORIAL__TRUE_FALSE__CC__THEY_SAID__NONE__TO__AA	WITHIN_CARRIER	CORE_FACTORIAL	TRUE_FALSE	THEY_SAID	CC	AA	CORE_FACTORIAL__TRUE_FALSE__CC__THEY_SAID__NONE	CORE_FACTORIAL__TRUE_FALSE__AA__THEY_SAID__NONE	they said true or false	they said candle or basket	1	4	4	1	1	-2.414585	-2.415217	-2.414585	-0.839085	2659	2659	0	0	0		
ENDPOINT_CONTROL__TRUE_FALSE__FULL_FRAME__THEY_SAID__NONE__TO__SECOND_ONLY	WITHIN_CARRIER	ENDPOINT_CONTROL	TRUE_FALSE	THEY_SAID	FULL_FRAME	SECOND_ONLY	ENDPOINT_CONTROL__TRUE_FALSE__FULL_FRAME__THEY_SAID__NONE	ENDPOINT_CONTROL__TRUE_FALSE__SECOND_ONLY__THEY_SAID__NONE	they said true or false	they said false	0	4	2	1	1	-3.899743	-3.862546	-3.831234	-2.129381	2659	2256	0	0	0		
ENDPOINT_CONTROL__TRUE_FALSE__FULL_FRAME__THEY_SAID__NONE__TO__CONNECTOR_SECOND	WITHIN_CARRIER	ENDPOINT_CONTROL	TRUE_FALSE	THEY_SAID	FULL_FRAME	CONNECTOR_SECOND	ENDPOINT_CONTROL__TRUE_FALSE__FULL_FRAME__THEY_SAID__NONE	ENDPOINT_CONTROL__TRUE_FALSE__CONNECTOR_SECOND__THEY_SAID__NONE	they said true or false	they said or false	0	4	3	1	1	-3.617423	-3.616879	-3.617423	-1.91557	2659	2256	0	0	0		
ENDPOINT_CONTROL__TRUE_FALSE__FULL_FRAME__THEY_SAID__NONE__TO__FIRST_SECOND	WITHIN_CARRIER	ENDPOINT_CONTROL	TRUE_FALSE	THEY_SAID	FULL_FRAME	FIRST_SECOND	ENDPOINT_CONTROL__TRUE_FALSE__FULL_FRAME__THEY_SAID__NONE	ENDPOINT_CONTROL__TRUE_FALSE__FIRST_SECOND__THEY_SAID__NONE	they said true or false	they said true false	0	4	3	1	1	-3.980006	-3.928644	-3.831234	-2.129381	2659	2256	0	0	0		
ENDPOINT_CONTROL__TRUE_FALSE__FULL_FRAME__THEY_SAID__NONE__TO__ARBFIRST_SECOND	WITHIN_CARRIER	ENDPOINT_CONTROL	TRUE_FALSE	THEY_SAID	FULL_FRAME	ARBFIRST_SECOND	ENDPOINT_CONTROL__TRUE_FALSE__FULL_FRAME__THEY_SAID__NONE	ENDPOINT_CONTROL__TRUE_FALSE__ARBFIRST_SECOND__THEY_SAID__NONE	they said true or false	they said candle false	0	4	3	1	1	-3.877627	-3.800854	-3.831234	-2.21303	2659	1888	0	0	0		
ENDPOINT_CONTROL__TRUE_FALSE__FULL_FRAME__THEY_SAID__NONE__TO__FIRST_REPEAT	WITHIN_CARRIER	ENDPOINT_CONTROL	TRUE_FALSE	THEY_SAID	FULL_FRAME	FIRST_REPEAT	ENDPOINT_CONTROL__TRUE_FALSE__FULL_FRAME__THEY_SAID__NONE	ENDPOINT_CONTROL__TRUE_FALSE__FIRST_REPEAT__THEY_SAID__NONE	they said true or false	they said true true	0	4	3	1	1	-3.999685	-3.948323	-3.831234	-2.513643	2659	1691	0	0	0		
ENDPOINT_CONTROL__TRUE_FALSE__FULL_FRAME__THEY_SAID__NONE__TO__REVERSED	WITHIN_CARRIER	ENDPOINT_CONTROL	TRUE_FALSE	THEY_SAID	FULL_FRAME	REVERSED	ENDPOINT_CONTROL__TRUE_FALSE__FULL_FRAME__THEY_SAID__NONE	ENDPOINT_CONTROL__TRUE_FALSE__REVERSED__THEY_SAID__NONE	they said true or false	they said false or true	1	4	4	1	1	-1.277911	-1.278599	-1.277911	-0.777409	2659	2659	0	0	0		
CORE_FACTORIAL__EAST_WEST__CC__BARE__NONE__TO__CA	WITHIN_CARRIER	CORE_FACTORIAL	EAST_WEST	BARE	CC	CA	CORE_FACTORIAL__EAST_WEST__CC__BARE__NONE	CORE_FACTORIAL__EAST_WEST__CA__BARE__NONE	east and west	east and pencil	1	2	2	1	1	-4.4727	-4.4727	-4.33756	-3.466951	541	1888	1	0	1		
CORE_FACTORIAL__EAST_WEST__CC__BARE__NONE__TO__AC	WITHIN_CARRIER	CORE_FACTORIAL	EAST_WEST	BARE	CC	AC	CORE_FACTORIAL__EAST_WEST__CC__BARE__NONE	CORE_FACTORIAL__EAST_WEST__AC__BARE__NONE	east and west	pocket and west	1	2	2	1	1	-4.502385	-4.486695	-4.33756	-3.315878	541	1888	1	0	1		
CORE_FACTORIAL__EAST_WEST__CC__BARE__NONE__TO__AA	WITHIN_CARRIER	CORE_FACTORIAL	EAST_WEST	BARE	CC	AA	CORE_FACTORIAL__EAST_WEST__CC__BARE__NONE	CORE_FACTORIAL__EAST_WEST__AA__BARE__NONE	east and west	pocket and pencil	1	2	2	1	1	-3.163911	-3.148221	-3.163911	-2.14223	541	1888	1	0	1		
ENDPOINT_CONTROL__EAST_WEST__FULL_FRAME__BARE__NONE__TO__SECOND_ONLY	WITHIN_CARRIER	ENDPOINT_CONTROL	EAST_WEST	BARE	FULL_FRAME	SECOND_ONLY	ENDPOINT_CONTROL__EAST_WEST__FULL_FRAME__BARE__NONE	ENDPOINT_CONTROL__EAST_WEST__SECOND_ONLY__BARE__NONE	east and west	west	0	2	0	1	1	-4.395071	-4.409078	-4.33756	-3.177834	541	1888	1	0	1		
ENDPOINT_CONTROL__EAST_WEST__FULL_FRAME__BARE__NONE__TO__CONNECTOR_SECOND	WITHIN_CARRIER	ENDPOINT_CONTROL	EAST_WEST	BARE	FULL_FRAME	CONNECTOR_SECOND	ENDPOINT_CONTROL__EAST_WEST__FULL_FRAME__BARE__NONE	ENDPOINT_CONTROL__EAST_WEST__CONNECTOR_SECOND__BARE__NONE	east and west	and west	0	2	1	1	1	-4.507146	-4.494707	-4.33756	-2.771115	541	1790	1	0	1		
ENDPOINT_CONTROL__EAST_WEST__FULL_FRAME__BARE__NONE__TO__FIRST_SECOND	WITHIN_CARRIER	ENDPOINT_CONTROL	EAST_WEST	BARE	FULL_FRAME	FIRST_SECOND	ENDPOINT_CONTROL__EAST_WEST__FULL_FRAME__BARE__NONE	ENDPOINT_CONTROL__EAST_WEST__FIRST_SECOND__BARE__NONE	east and west	east west	0	2	1	1	1	-4.262781	-4.246587	-4.262781	-2.937641	541	1888	1	0	1		
ENDPOINT_CONTROL__EAST_WEST__FULL_FRAME__BARE__NONE__TO__ARBFIRST_SECOND	WITHIN_CARRIER	ENDPOINT_CONTROL	EAST_WEST	BARE	FULL_FRAME	ARBFIRST_SECOND	ENDPOINT_CONTROL__EAST_WEST__FULL_FRAME__BARE__NONE	ENDPOINT_CONTROL__EAST_WEST__ARBFIRST_SECOND__BARE__NONE	east and west	pocket west	0	2	1	1	1	-4.384052	-4.344746	-4.33756	-3.315878	541	1888	1	0	1		
ENDPOINT_CONTROL__EAST_WEST__FULL_FRAME__BARE__NONE__TO__FIRST_REPEAT	WITHIN_CARRIER	ENDPOINT_CONTROL	EAST_WEST	BARE	FULL_FRAME	FIRST_REPEAT	ENDPOINT_CONTROL__EAST_WEST__FULL_FRAME__BARE__NONE	ENDPOINT_CONTROL__EAST_WEST__FIRST_REPEAT__BARE__NONE	east and west	east east	0	2	1	1	1	-4.506033	-4.48984	-4.33756	-3.01242	541	1888	1	0	1		
ENDPOINT_CONTROL__EAST_WEST__FULL_FRAME__BARE__NONE__TO__REVERSED	WITHIN_CARRIER	ENDPOINT_CONTROL	EAST_WEST	BARE	FULL_FRAME	REVERSED	ENDPOINT_CONTROL__EAST_WEST__FULL_FRAME__BARE__NONE	ENDPOINT_CONTROL__EAST_WEST__REVERSED__BARE__NONE	east and west	west and east	1	2	2	1	1	-0.273698	-0.254324	-0.273698	-0.118195	541	541	1	1	0		
CORE_FACTORIAL__EAST_WEST__CC__V9_SPACE__NONE__TO__CA	WITHIN_CARRIER	CORE_FACTORIAL	EAST_WEST	V9_SPACE	CC	CA	CORE_FACTORIAL__EAST_WEST__CC__V9_SPACE__NONE	CORE_FACTORIAL__EAST_WEST__CA__V9_SPACE__NONE	 east and west	 east and pencil	1	2	2	1	1	-4.357256	-4.357256	-4.197242	-3.734892	541	1888	1	0	1		
CORE_FACTORIAL__EAST_WEST__CC__V9_SPACE__NONE__TO__AC	WITHIN_CARRIER	CORE_FACTORIAL	EAST_WEST	V9_SPACE	CC	AC	CORE_FACTORIAL__EAST_WEST__CC__V9_SPACE__NONE	CORE_FACTORIAL__EAST_WEST__AC__V9_SPACE__NONE	 east and west	 pocket and west	1	2	2	1	1	-4.328404	-4.318538	-4.197242	-3.867393	541	1888	1	0	1		
CORE_FACTORIAL__EAST_WEST__CC__V9_SPACE__NONE__TO__AA	WITHIN_CARRIER	CORE_FACTORIAL	EAST_WEST	V9_SPACE	CC	AA	CORE_FACTORIAL__EAST_WEST__CC__V9_SPACE__NONE	CORE_FACTORIAL__EAST_WEST__AA__V9_SPACE__NONE	 east and west	 pocket and pencil	1	2	2	1	1	-3.245397	-3.235531	-3.245397	-2.915547	541	1888	1	0	1		
ENDPOINT_CONTROL__EAST_WEST__FULL_FRAME__V9_SPACE__NONE__TO__SECOND_ONLY	WITHIN_CARRIER	ENDPOINT_CONTROL	EAST_WEST	V9_SPACE	FULL_FRAME	SECOND_ONLY	ENDPOINT_CONTROL__EAST_WEST__FULL_FRAME__V9_SPACE__NONE	ENDPOINT_CONTROL__EAST_WEST__SECOND_ONLY__V9_SPACE__NONE	 east and west	 west	0	2	0	1	1	-4.255073	-4.262023	-4.197242	-3.498959	541	1888	1	0	1		
ENDPOINT_CONTROL__EAST_WEST__FULL_FRAME__V9_SPACE__NONE__TO__CONNECTOR_SECOND	WITHIN_CARRIER	ENDPOINT_CONTROL	EAST_WEST	V9_SPACE	FULL_FRAME	CONNECTOR_SECOND	ENDPOINT_CONTROL__EAST_WEST__FULL_FRAME__V9_SPACE__NONE	ENDPOINT_CONTROL__EAST_WEST__CONNECTOR_SECOND__V9_SPACE__NONE	 east and west	 and west	0	2	1	1	1	-4.338255	-4.312634	-4.197242	-3.338689	541	1790	1	0	1		
ENDPOINT_CONTROL__EAST_WEST__FULL_FRAME__V9_SPACE__NONE__TO__FIRST_SECOND	WITHIN_CARRIER	ENDPOINT_CONTROL	EAST_WEST	V9_SPACE	FULL_FRAME	FIRST_SECOND	ENDPOINT_CONTROL__EAST_WEST__FULL_FRAME__V9_SPACE__NONE	ENDPOINT_CONTROL__EAST_WEST__FIRST_SECOND__V9_SPACE__NONE	 east and west	 east west	0	2	1	1	1	-3.725007	-3.682994	-3.725007	-2.97378	541	1888	1	0	1		
ENDPOINT_CONTROL__EAST_WEST__FULL_FRAME__V9_SPACE__NONE__TO__ARBFIRST_SECOND	WITHIN_CARRIER	ENDPOINT_CONTROL	EAST_WEST	V9_SPACE	FULL_FRAME	ARBFIRST_SECOND	ENDPOINT_CONTROL__EAST_WEST__FULL_FRAME__V9_SPACE__NONE	ENDPOINT_CONTROL__EAST_WEST__ARBFIRST_SECOND__V9_SPACE__NONE	 east and west	 pocket west	0	2	1	1	1	-4.223453	-4.166356	-4.197242	-3.867393	541	1888	1	0	1		
ENDPOINT_CONTROL__EAST_WEST__FULL_FRAME__V9_SPACE__NONE__TO__FIRST_REPEAT	WITHIN_CARRIER	ENDPOINT_CONTROL	EAST_WEST	V9_SPACE	FULL_FRAME	FIRST_REPEAT	ENDPOINT_CONTROL__EAST_WEST__FULL_FRAME__V9_SPACE__NONE	ENDPOINT_CONTROL__EAST_WEST__FIRST_REPEAT__V9_SPACE__NONE	 east and west	 east east	0	2	1	1	1	-4.316028	-4.274015	-4.197242	-3.446014	541	1888	1	0	1		
ENDPOINT_CONTROL__EAST_WEST__FULL_FRAME__V9_SPACE__NONE__TO__REVERSED	WITHIN_CARRIER	ENDPOINT_CONTROL	EAST_WEST	V9_SPACE	FULL_FRAME	REVERSED	ENDPOINT_CONTROL__EAST_WEST__FULL_FRAME__V9_SPACE__NONE	ENDPOINT_CONTROL__EAST_WEST__REVERSED__V9_SPACE__NONE	 east and west	 west and east	1	2	2	1	1	-0.261772	-0.256541	-0.261772	-0.357663	541	541	1	1	0		
CORE_FACTORIAL__EAST_WEST__CC__THE_PHRASE__NONE__TO__CA	WITHIN_CARRIER	CORE_FACTORIAL	EAST_WEST	THE_PHRASE	CC	CA	CORE_FACTORIAL__EAST_WEST__CC__THE_PHRASE__NONE	CORE_FACTORIAL__EAST_WEST__CA__THE_PHRASE__NONE	the phrase east and west	the phrase east and pencil	1	4	4	1	1	-4.542961	-4.542961	-4.542961	-3.330019	541	2073	1	0	1		
CORE_FACTORIAL__EAST_WEST__CC__THE_PHRASE__NONE__TO__AC	WITHIN_CARRIER	CORE_FACTORIAL	EAST_WEST	THE_PHRASE	CC	AC	CORE_FACTORIAL__EAST_WEST__CC__THE_PHRASE__NONE	CORE_FACTORIAL__EAST_WEST__AC__THE_PHRASE__NONE	the phrase east and west	the phrase pocket and west	1	4	4	1	1	-4.684168	-4.6913	-4.544197	-3.331255	541	2073	1	0	1		
CORE_FACTORIAL__EAST_WEST__CC__THE_PHRASE__NONE__TO__AA	WITHIN_CARRIER	CORE_FACTORIAL	EAST_WEST	THE_PHRASE	CC	AA	CORE_FACTORIAL__EAST_WEST__CC__THE_PHRASE__NONE	CORE_FACTORIAL__EAST_WEST__AA__THE_PHRASE__NONE	the phrase east and west	the phrase pocket and pencil	1	4	4	1	1	-3.595942	-3.603075	-3.595942	-2.383	541	2073	1	0	1		
ENDPOINT_CONTROL__EAST_WEST__FULL_FRAME__THE_PHRASE__NONE__TO__SECOND_ONLY	WITHIN_CARRIER	ENDPOINT_CONTROL	EAST_WEST	THE_PHRASE	FULL_FRAME	SECOND_ONLY	ENDPOINT_CONTROL__EAST_WEST__FULL_FRAME__THE_PHRASE__NONE	ENDPOINT_CONTROL__EAST_WEST__SECOND_ONLY__THE_PHRASE__NONE	the phrase east and west	the phrase west	0	4	2	1	1	-4.552923	-4.518063	-4.544197	-3.331255	541	2073	1	0	1		
ENDPOINT_CONTROL__EAST_WEST__FULL_FRAME__THE_PHRASE__NONE__TO__CONNECTOR_SECOND	WITHIN_CARRIER	ENDPOINT_CONTROL	EAST_WEST	THE_PHRASE	FULL_FRAME	CONNECTOR_SECOND	ENDPOINT_CONTROL__EAST_WEST__FULL_FRAME__THE_PHRASE__NONE	ENDPOINT_CONTROL__EAST_WEST__CONNECTOR_SECOND__THE_PHRASE__NONE	the phrase east and west	the phrase and west	0	4	3	1	1	-4.569855	-4.581516	-4.544197	-3.331255	541	2073	1	0	1		
ENDPOINT_CONTROL__EAST_WEST__FULL_FRAME__THE_PHRASE__NONE__TO__FIRST_SECOND	WITHIN_CARRIER	ENDPOINT_CONTROL	EAST_WEST	THE_PHRASE	FULL_FRAME	FIRST_SECOND	ENDPOINT_CONTROL__EAST_WEST__FULL_FRAME__THE_PHRASE__NONE	ENDPOINT_CONTROL__EAST_WEST__FIRST_SECOND__THE_PHRASE__NONE	the phrase east and west	the phrase east west	0	4	3	1	1	-4.638703	-4.650804	-4.544197	-3.331255	541	2073	1	0	1		
ENDPOINT_CONTROL__EAST_WEST__FULL_FRAME__THE_PHRASE__NONE__TO__ARBFIRST_SECOND	WITHIN_CARRIER	ENDPOINT_CONTROL	EAST_WEST	THE_PHRASE	FULL_FRAME	ARBFIRST_SECOND	ENDPOINT_CONTROL__EAST_WEST__FULL_FRAME__THE_PHRASE__NONE	ENDPOINT_CONTROL__EAST_WEST__ARBFIRST_SECOND__THE_PHRASE__NONE	the phrase east and west	the phrase pocket west	0	4	3	1	1	-4.56434	-4.544922	-4.544197	-3.331255	541	2073	1	0	1		
ENDPOINT_CONTROL__EAST_WEST__FULL_FRAME__THE_PHRASE__NONE__TO__FIRST_REPEAT	WITHIN_CARRIER	ENDPOINT_CONTROL	EAST_WEST	THE_PHRASE	FULL_FRAME	FIRST_REPEAT	ENDPOINT_CONTROL__EAST_WEST__FULL_FRAME__THE_PHRASE__NONE	ENDPOINT_CONTROL__EAST_WEST__FIRST_REPEAT__THE_PHRASE__NONE	the phrase east and west	the phrase east east	0	4	3	1	1	-4.707936	-4.720038	-4.544197	-3.331255	541	2073	1	0	1		
ENDPOINT_CONTROL__EAST_WEST__FULL_FRAME__THE_PHRASE__NONE__TO__REVERSED	WITHIN_CARRIER	ENDPOINT_CONTROL	EAST_WEST	THE_PHRASE	FULL_FRAME	REVERSED	ENDPOINT_CONTROL__EAST_WEST__FULL_FRAME__THE_PHRASE__NONE	ENDPOINT_CONTROL__EAST_WEST__REVERSED__THE_PHRASE__NONE	the phrase east and west	the phrase west and east	1	4	4	1	1	-0.53683	-0.538232	-0.53683	-0.309255	541	2659	1	0	1		
CORE_FACTORIAL__EAST_WEST__CC__THEY_SAID__NONE__TO__CA	WITHIN_CARRIER	CORE_FACTORIAL	EAST_WEST	THEY_SAID	CC	CA	CORE_FACTORIAL__EAST_WEST__CC__THEY_SAID__NONE	CORE_FACTORIAL__EAST_WEST__CA__THEY_SAID__NONE	they said east and west	they said east and pencil	1	4	4	1	1	-4.716771	-4.716772	-4.552161	-3.604259	541	1888	1	0	1		
CORE_FACTORIAL__EAST_WEST__CC__THEY_SAID__NONE__TO__AC	WITHIN_CARRIER	CORE_FACTORIAL	EAST_WEST	THEY_SAID	CC	AC	CORE_FACTORIAL__EAST_WEST__CC__THEY_SAID__NONE	CORE_FACTORIAL__EAST_WEST__AC__THEY_SAID__NONE	they said east and west	they said pocket and west	1	4	4	1	1	-4.665186	-4.675672	-4.552161	-3.020876	541	1888	1	0	1		
CORE_FACTORIAL__EAST_WEST__CC__THEY_SAID__NONE__TO__AA	WITHIN_CARRIER	CORE_FACTORIAL	EAST_WEST	THEY_SAID	CC	AA	CORE_FACTORIAL__EAST_WEST__CC__THEY_SAID__NONE	CORE_FACTORIAL__EAST_WEST__AA__THEY_SAID__NONE	they said east and west	they said pocket and pencil	1	4	4	1	1	-3.37211	-3.382596	-3.37211	-2.100221	541	2659	1	0	1		
ENDPOINT_CONTROL__EAST_WEST__FULL_FRAME__THEY_SAID__NONE__TO__SECOND_ONLY	WITHIN_CARRIER	ENDPOINT_CONTROL	EAST_WEST	THEY_SAID	FULL_FRAME	SECOND_ONLY	ENDPOINT_CONTROL__EAST_WEST__FULL_FRAME__THEY_SAID__NONE	ENDPOINT_CONTROL__EAST_WEST__SECOND_ONLY__THEY_SAID__NONE	they said east and west	they said west	0	4	2	1	1	-4.60427	-4.587581	-4.552161	-2.668272	541	2256	1	0	1		
ENDPOINT_CONTROL__EAST_WEST__FULL_FRAME__THEY_SAID__NONE__TO__CONNECTOR_SECOND	WITHIN_CARRIER	ENDPOINT_CONTROL	EAST_WEST	THEY_SAID	FULL_FRAME	CONNECTOR_SECOND	ENDPOINT_CONTROL__EAST_WEST__FULL_FRAME__THEY_SAID__NONE	ENDPOINT_CONTROL__EAST_WEST__CONNECTOR_SECOND__THEY_SAID__NONE	they said east and west	they said and west	0	4	3	1	1	-4.627518	-4.623877	-4.552161	-2.899726	541	1953	1	0	1		
ENDPOINT_CONTROL__EAST_WEST__FULL_FRAME__THEY_SAID__NONE__TO__FIRST_SECOND	WITHIN_CARRIER	ENDPOINT_CONTROL	EAST_WEST	THEY_SAID	FULL_FRAME	FIRST_SECOND	ENDPOINT_CONTROL__EAST_WEST__FULL_FRAME__THEY_SAID__NONE	ENDPOINT_CONTROL__EAST_WEST__FIRST_SECOND__THEY_SAID__NONE	they said east and west	they said east west	0	4	3	1	1	-4.572548	-4.552418	-4.552161	-2.668272	541	2256	1	0	1		
ENDPOINT_CONTROL__EAST_WEST__FULL_FRAME__THEY_SAID__NONE__TO__ARBFIRST_SECOND	WITHIN_CARRIER	ENDPOINT_CONTROL	EAST_WEST	THEY_SAID	FULL_FRAME	ARBFIRST_SECOND	ENDPOINT_CONTROL__EAST_WEST__FULL_FRAME__THEY_SAID__NONE	ENDPOINT_CONTROL__EAST_WEST__ARBFIRST_SECOND__THEY_SAID__NONE	they said east and west	they said pocket west	0	4	3	1	1	-4.578827	-4.546438	-4.552161	-3.020876	541	1888	1	0	1		
ENDPOINT_CONTROL__EAST_WEST__FULL_FRAME__THEY_SAID__NONE__TO__FIRST_REPEAT	WITHIN_CARRIER	ENDPOINT_CONTROL	EAST_WEST	THEY_SAID	FULL_FRAME	FIRST_REPEAT	ENDPOINT_CONTROL__EAST_WEST__FULL_FRAME__THEY_SAID__NONE	ENDPOINT_CONTROL__EAST_WEST__FIRST_REPEAT__THEY_SAID__NONE	they said east and west	they said east east	0	4	3	1	1	-4.691783	-4.671653	-4.552161	-2.668272	541	2256	1	0	1		
ENDPOINT_CONTROL__EAST_WEST__FULL_FRAME__THEY_SAID__NONE__TO__REVERSED	WITHIN_CARRIER	ENDPOINT_CONTROL	EAST_WEST	THEY_SAID	FULL_FRAME	REVERSED	ENDPOINT_CONTROL__EAST_WEST__FULL_FRAME__THEY_SAID__NONE	ENDPOINT_CONTROL__EAST_WEST__REVERSED__THEY_SAID__NONE	they said east and west	they said west and east	1	4	4	1	1	-0.295924	-0.279708	-0.295924	-0.280392	541	541	1	1	0		
CONNECTOR_MATRIX__UP_DOWN__AND__BARE__NONE__TO__OR	WITHIN_CARRIER	CONNECTOR_MATRIX	UP_DOWN	BARE	AND	OR	CONNECTOR_MATRIX__UP_DOWN__AND__BARE__NONE	CONNECTOR_MATRIX__UP_DOWN__OR__BARE__NONE	up and down	up or down	1	2	2	1	1	-0.252339	-0.275425	-0.252339	-0.629062	541	541	1	1	0		
CONNECTOR_MATRIX__UP_DOWN__AND__BARE__NONE__TO__TO	WITHIN_CARRIER	CONNECTOR_MATRIX	UP_DOWN	BARE	AND	TO	CONNECTOR_MATRIX__UP_DOWN__AND__BARE__NONE	CONNECTOR_MATRIX__UP_DOWN__TO__BARE__NONE	up and down	up to down	1	2	2	1	1	-2.377219	-2.309161	-2.377219	-2.322597	541	62	1	0	1		
CONNECTOR_MATRIX__UP_DOWN__AND__BARE__NONE__TO__BY	WITHIN_CARRIER	CONNECTOR_MATRIX	UP_DOWN	BARE	AND	BY	CONNECTOR_MATRIX__UP_DOWN__AND__BARE__NONE	CONNECTOR_MATRIX__UP_DOWN__BY__BARE__NONE	up and down	up by down	1	2	2	1	1	-2.295695	-2.223452	-2.295695	-2.304174	541	971	1	0	1		
CONNECTOR_MATRIX__UP_DOWN__AND__BARE__NONE__TO__AFTER	WITHIN_CARRIER	CONNECTOR_MATRIX	UP_DOWN	BARE	AND	AFTER	CONNECTOR_MATRIX__UP_DOWN__AND__BARE__NONE	CONNECTOR_MATRIX__UP_DOWN__AFTER__BARE__NONE	up and down	up after down	1	2	2	1	1	-3.203425	-3.103673	-3.203425	-3.057048	541	1790	1	0	1		
CONNECTOR_MATRIX__UP_DOWN__AND__V9_SPACE__NONE__TO__OR	WITHIN_CARRIER	CONNECTOR_MATRIX	UP_DOWN	V9_SPACE	AND	OR	CONNECTOR_MATRIX__UP_DOWN__AND__V9_SPACE__NONE	CONNECTOR_MATRIX__UP_DOWN__OR__V9_SPACE__NONE	 up and down	 up or down	1	2	2	1	1	-0.327228	-0.350691	-0.327228	-0.454162	541	541	1	1	0		
CONNECTOR_MATRIX__UP_DOWN__AND__V9_SPACE__NONE__TO__TO	WITHIN_CARRIER	CONNECTOR_MATRIX	UP_DOWN	V9_SPACE	AND	TO	CONNECTOR_MATRIX__UP_DOWN__AND__V9_SPACE__NONE	CONNECTOR_MATRIX__UP_DOWN__TO__V9_SPACE__NONE	 up and down	 up to down	1	2	2	1	1	-1.683586	-1.636637	-1.683586	-1.683586	541	1790	1	0	1		
CONNECTOR_MATRIX__UP_DOWN__AND__V9_SPACE__NONE__TO__BY	WITHIN_CARRIER	CONNECTOR_MATRIX	UP_DOWN	V9_SPACE	AND	BY	CONNECTOR_MATRIX__UP_DOWN__AND__V9_SPACE__NONE	CONNECTOR_MATRIX__UP_DOWN__BY__V9_SPACE__NONE	 up and down	 up by down	1	2	2	1	1	-1.275701	-1.180429	-1.275701	-1.352831	541	971	1	0	1		
CONNECTOR_MATRIX__UP_DOWN__AND__V9_SPACE__NONE__TO__AFTER	WITHIN_CARRIER	CONNECTOR_MATRIX	UP_DOWN	V9_SPACE	AND	AFTER	CONNECTOR_MATRIX__UP_DOWN__AND__V9_SPACE__NONE	CONNECTOR_MATRIX__UP_DOWN__AFTER__V9_SPACE__NONE	 up and down	 up after down	1	2	2	1	1	-2.937057	-2.830203	-2.937057	-2.937057	541	1790	1	0	1		
CONNECTOR_MATRIX__UP_DOWN__AND__THE_PHRASE__NONE__TO__OR	WITHIN_CARRIER	CONNECTOR_MATRIX	UP_DOWN	THE_PHRASE	AND	OR	CONNECTOR_MATRIX__UP_DOWN__AND__THE_PHRASE__NONE	CONNECTOR_MATRIX__UP_DOWN__OR__THE_PHRASE__NONE	the phrase up and down	the phrase up or down	1	4	4	1	1	0.112058	0.087376	0.112058	-0.789116	541	541	1	1	0		
CONNECTOR_MATRIX__UP_DOWN__AND__THE_PHRASE__NONE__TO__TO	WITHIN_CARRIER	CONNECTOR_MATRIX	UP_DOWN	THE_PHRASE	AND	TO	CONNECTOR_MATRIX__UP_DOWN__AND__THE_PHRASE__NONE	CONNECTOR_MATRIX__UP_DOWN__TO__THE_PHRASE__NONE	the phrase up and down	the phrase up to down	1	4	4	1	1	-1.355406	-1.325089	-1.355406	-1.276281	541	2073	1	0	1		
CONNECTOR_MATRIX__UP_DOWN__AND__THE_PHRASE__NONE__TO__BY	WITHIN_CARRIER	CONNECTOR_MATRIX	UP_DOWN	THE_PHRASE	AND	BY	CONNECTOR_MATRIX__UP_DOWN__AND__THE_PHRASE__NONE	CONNECTOR_MATRIX__UP_DOWN__BY__THE_PHRASE__NONE	the phrase up and down	the phrase up by down	1	4	4	1	1	-2.718739	-2.684981	-2.718739	-2.639615	541	2073	1	0	1		
CONNECTOR_MATRIX__UP_DOWN__AND__THE_PHRASE__NONE__TO__AFTER	WITHIN_CARRIER	CONNECTOR_MATRIX	UP_DOWN	THE_PHRASE	AND	AFTER	CONNECTOR_MATRIX__UP_DOWN__AND__THE_PHRASE__NONE	CONNECTOR_MATRIX__UP_DOWN__AFTER__THE_PHRASE__NONE	the phrase up and down	the phrase up after down	1	4	4	1	1	-3.876112	-3.812812	-3.876112	-3.796987	541	2073	1	0	1		
CONNECTOR_MATRIX__UP_DOWN__AND__THEY_SAID__NONE__TO__OR	WITHIN_CARRIER	CONNECTOR_MATRIX	UP_DOWN	THEY_SAID	AND	OR	CONNECTOR_MATRIX__UP_DOWN__AND__THEY_SAID__NONE	CONNECTOR_MATRIX__UP_DOWN__OR__THEY_SAID__NONE	they said up and down	they said up or down	1	4	4	1	1	-0.064185	-0.0962	-0.064185	-0.643534	541	541	1	1	0		
CONNECTOR_MATRIX__UP_DOWN__AND__THEY_SAID__NONE__TO__TO	WITHIN_CARRIER	CONNECTOR_MATRIX	UP_DOWN	THEY_SAID	AND	TO	CONNECTOR_MATRIX__UP_DOWN__AND__THEY_SAID__NONE	CONNECTOR_MATRIX__UP_DOWN__TO__THEY_SAID__NONE	they said up and down	they said up to down	1	4	4	1	1	-1.354065	-1.321003	-1.354065	-0.903347	541	541	1	1	0		
CONNECTOR_MATRIX__UP_DOWN__AND__THEY_SAID__NONE__TO__BY	WITHIN_CARRIER	CONNECTOR_MATRIX	UP_DOWN	THEY_SAID	AND	BY	CONNECTOR_MATRIX__UP_DOWN__AND__THEY_SAID__NONE	CONNECTOR_MATRIX__UP_DOWN__BY__THEY_SAID__NONE	they said up and down	they said up by down	1	4	4	1	1	-2.396581	-2.342145	-2.396581	-1.803715	541	971	1	0	1		
CONNECTOR_MATRIX__UP_DOWN__AND__THEY_SAID__NONE__TO__AFTER	WITHIN_CARRIER	CONNECTOR_MATRIX	UP_DOWN	THEY_SAID	AND	AFTER	CONNECTOR_MATRIX__UP_DOWN__AND__THEY_SAID__NONE	CONNECTOR_MATRIX__UP_DOWN__AFTER__THEY_SAID__NONE	they said up and down	they said up after down	1	4	4	1	1	-3.06315	-2.977552	-3.06315	-2.435671	541	2256	1	0	1		
CONNECTOR_MATRIX__NOW_THEN__AND__BARE__NONE__TO__OR	WITHIN_CARRIER	CONNECTOR_MATRIX	NOW_THEN	BARE	AND	OR	CONNECTOR_MATRIX__NOW_THEN__AND__BARE__NONE	CONNECTOR_MATRIX__NOW_THEN__OR__BARE__NONE	now and then	now or then	1	2	2	1	1	0.581992	0.572132	0.581992	0.527633	541	541	1	1	0		
CONNECTOR_MATRIX__NOW_THEN__AND__BARE__NONE__TO__TO	WITHIN_CARRIER	CONNECTOR_MATRIX	NOW_THEN	BARE	AND	TO	CONNECTOR_MATRIX__NOW_THEN__AND__BARE__NONE	CONNECTOR_MATRIX__NOW_THEN__TO__BARE__NONE	now and then	now to then	1	2	2	1	1	-1.394455	-1.387091	-1.394455	-1.394455	541	1888	1	0	1		
CONNECTOR_MATRIX__NOW_THEN__AND__BARE__NONE__TO__BY	WITHIN_CARRIER	CONNECTOR_MATRIX	NOW_THEN	BARE	AND	BY	CONNECTOR_MATRIX__NOW_THEN__AND__BARE__NONE	CONNECTOR_MATRIX__NOW_THEN__BY__BARE__NONE	now and then	now by then	1	2	2	1	1	-1.136281	-1.060644	-1.136281	-1.892375	541	1997	1	0	1		
CONNECTOR_MATRIX__NOW_THEN__AND__BARE__NONE__TO__AFTER	WITHIN_CARRIER	CONNECTOR_MATRIX	NOW_THEN	BARE	AND	AFTER	CONNECTOR_MATRIX__NOW_THEN__AND__BARE__NONE	CONNECTOR_MATRIX__NOW_THEN__AFTER__BARE__NONE	now and then	now after then	1	2	2	1	1	-1.70657	-1.613547	-1.70657	-1.70657	541	1888	1	0	1		
CONNECTOR_MATRIX__NOW_THEN__AND__V9_SPACE__NONE__TO__OR	WITHIN_CARRIER	CONNECTOR_MATRIX	NOW_THEN	V9_SPACE	AND	OR	CONNECTOR_MATRIX__NOW_THEN__AND__V9_SPACE__NONE	CONNECTOR_MATRIX__NOW_THEN__OR__V9_SPACE__NONE	 now and then	 now or then	1	2	2	1	1	0.778534	0.774379	0.778534	0.778534	541	541	1	1	0		
CONNECTOR_MATRIX__NOW_THEN__AND__V9_SPACE__NONE__TO__TO	WITHIN_CARRIER	CONNECTOR_MATRIX	NOW_THEN	V9_SPACE	AND	TO	CONNECTOR_MATRIX__NOW_THEN__AND__V9_SPACE__NONE	CONNECTOR_MATRIX__NOW_THEN__TO__V9_SPACE__NONE	 now and then	 now to then	1	2	2	1	1	-1.822415	-1.809329	-1.822415	-1.822415	541	1888	1	0	1		
CONNECTOR_MATRIX__NOW_THEN__AND__V9_SPACE__NONE__TO__BY	WITHIN_CARRIER	CONNECTOR_MATRIX	NOW_THEN	V9_SPACE	AND	BY	CONNECTOR_MATRIX__NOW_THEN__AND__V9_SPACE__NONE	CONNECTOR_MATRIX__NOW_THEN__BY__V9_SPACE__NONE	 now and then	 now by then	1	2	2	1	1	-1.379396	-1.296618	-1.379396	-1.760372	541	1997	1	0	1		
CONNECTOR_MATRIX__NOW_THEN__AND__V9_SPACE__NONE__TO__AFTER	WITHIN_CARRIER	CONNECTOR_MATRIX	NOW_THEN	V9_SPACE	AND	AFTER	CONNECTOR_MATRIX__NOW_THEN__AND__V9_SPACE__NONE	CONNECTOR_MATRIX__NOW_THEN__AFTER__V9_SPACE__NONE	 now and then	 now after then	1	2	2	1	1	-1.858976	-1.772247	-1.858976	-1.858977	541	1888	1	0	1		
CONNECTOR_MATRIX__NOW_THEN__AND__THE_PHRASE__NONE__TO__OR	WITHIN_CARRIER	CONNECTOR_MATRIX	NOW_THEN	THE_PHRASE	AND	OR	CONNECTOR_MATRIX__NOW_THEN__AND__THE_PHRASE__NONE	CONNECTOR_MATRIX__NOW_THEN__OR__THE_PHRASE__NONE	the phrase now and then	the phrase now or then	1	4	4	1	1	0.645181	0.635566	0.645181	0.64518	541	541	1	1	0		
CONNECTOR_MATRIX__NOW_THEN__AND__THE_PHRASE__NONE__TO__TO	WITHIN_CARRIER	CONNECTOR_MATRIX	NOW_THEN	THE_PHRASE	AND	TO	CONNECTOR_MATRIX__NOW_THEN__AND__THE_PHRASE__NONE	CONNECTOR_MATRIX__NOW_THEN__TO__THE_PHRASE__NONE	the phrase now and then	the phrase now to then	1	4	4	1	1	-1.701641	-1.702711	-1.701641	-1.701641	541	2073	1	0	1		
CONNECTOR_MATRIX__NOW_THEN__AND__THE_PHRASE__NONE__TO__BY	WITHIN_CARRIER	CONNECTOR_MATRIX	NOW_THEN	THE_PHRASE	AND	BY	CONNECTOR_MATRIX__NOW_THEN__AND__THE_PHRASE__NONE	CONNECTOR_MATRIX__NOW_THEN__BY__THE_PHRASE__NONE	the phrase now and then	the phrase now by then	1	4	4	1	1	-1.99805	-1.952463	-1.99805	-2.179187	541	1997	1	0	1		
CONNECTOR_MATRIX__NOW_THEN__AND__THE_PHRASE__NONE__TO__AFTER	WITHIN_CARRIER	CONNECTOR_MATRIX	NOW_THEN	THE_PHRASE	AND	AFTER	CONNECTOR_MATRIX__NOW_THEN__AND__THE_PHRASE__NONE	CONNECTOR_MATRIX__NOW_THEN__AFTER__THE_PHRASE__NONE	the phrase now and then	the phrase now after then	1	4	4	1	1	-2.88309	-2.835846	-2.88309	-2.88309	541	2073	1	0	1		
CONNECTOR_MATRIX__NOW_THEN__AND__THEY_SAID__NONE__TO__OR	WITHIN_CARRIER	CONNECTOR_MATRIX	NOW_THEN	THEY_SAID	AND	OR	CONNECTOR_MATRIX__NOW_THEN__AND__THEY_SAID__NONE	CONNECTOR_MATRIX__NOW_THEN__OR__THEY_SAID__NONE	they said now and then	they said now or then	1	4	4	1	1	1.284601	1.266112	1.284601	1.001784	541	541	1	1	0		
CONNECTOR_MATRIX__NOW_THEN__AND__THEY_SAID__NONE__TO__TO	WITHIN_CARRIER	CONNECTOR_MATRIX	NOW_THEN	THEY_SAID	AND	TO	CONNECTOR_MATRIX__NOW_THEN__AND__THEY_SAID__NONE	CONNECTOR_MATRIX__NOW_THEN__TO__THEY_SAID__NONE	they said now and then	they said now to then	1	4	4	1	1	-1.827527	-1.811745	-1.827527	-1.676426	541	711	1	0	1		
CONNECTOR_MATRIX__NOW_THEN__AND__THEY_SAID__NONE__TO__BY	WITHIN_CARRIER	CONNECTOR_MATRIX	NOW_THEN	THEY_SAID	AND	BY	CONNECTOR_MATRIX__NOW_THEN__AND__THEY_SAID__NONE	CONNECTOR_MATRIX__NOW_THEN__BY__THEY_SAID__NONE	they said now and then	they said now by then	1	4	4	1	1	-2.449611	-2.425868	-2.449611	-3.28179	541	1997	1	0	1		
CONNECTOR_MATRIX__NOW_THEN__AND__THEY_SAID__NONE__TO__AFTER	WITHIN_CARRIER	CONNECTOR_MATRIX	NOW_THEN	THEY_SAID	AND	AFTER	CONNECTOR_MATRIX__NOW_THEN__AND__THEY_SAID__NONE	CONNECTOR_MATRIX__NOW_THEN__AFTER__THEY_SAID__NONE	they said now and then	they said now after then	1	4	4	1	1	-2.520805	-2.496547	-2.520805	-2.357621	541	2256	1	0	1		
CONNECTOR_MATRIX__HERE_THERE__AND__BARE__NONE__TO__OR	WITHIN_CARRIER	CONNECTOR_MATRIX	HERE_THERE	BARE	AND	OR	CONNECTOR_MATRIX__HERE_THERE__AND__BARE__NONE	CONNECTOR_MATRIX__HERE_THERE__OR__BARE__NONE	here and there	here or there	1	2	2	1	1	-0.015436	-0.030252	-0.015436	-0.58605	541	541	1	1	0		
CONNECTOR_MATRIX__HERE_THERE__AND__BARE__NONE__TO__TO	WITHIN_CARRIER	CONNECTOR_MATRIX	HERE_THERE	BARE	AND	TO	CONNECTOR_MATRIX__HERE_THERE__AND__BARE__NONE	CONNECTOR_MATRIX__HERE_THERE__TO__BARE__NONE	here and there	here to there	1	2	2	1	1	-3.190277	-3.183619	-3.190277	-3.144046	541	3017	1	0	1		
CONNECTOR_MATRIX__HERE_THERE__AND__BARE__NONE__TO__BY	WITHIN_CARRIER	CONNECTOR_MATRIX	HERE_THERE	BARE	AND	BY	CONNECTOR_MATRIX__HERE_THERE__AND__BARE__NONE	CONNECTOR_MATRIX__HERE_THERE__BY__BARE__NONE	here and there	here by there	1	2	2	1	1	-2.14149	-2.034236	-2.14149	-2.336812	541	971	1	0	1		
CONNECTOR_MATRIX__HERE_THERE__AND__BARE__NONE__TO__AFTER	WITHIN_CARRIER	CONNECTOR_MATRIX	HERE_THERE	BARE	AND	AFTER	CONNECTOR_MATRIX__HERE_THERE__AND__BARE__NONE	CONNECTOR_MATRIX__HERE_THERE__AFTER__BARE__NONE	here and there	here after there	1	2	2	1	1	-3.925671	-3.860752	-3.925671	-3.9802	541	170	1	0	1		
CONNECTOR_MATRIX__HERE_THERE__AND__V9_SPACE__NONE__TO__OR	WITHIN_CARRIER	CONNECTOR_MATRIX	HERE_THERE	V9_SPACE	AND	OR	CONNECTOR_MATRIX__HERE_THERE__AND__V9_SPACE__NONE	CONNECTOR_MATRIX__HERE_THERE__OR__V9_SPACE__NONE	 here and there	 here or there	1	2	2	1	1	-0.415078	-0.426934	-0.415078	-0.415078	541	541	1	1	0		
CONNECTOR_MATRIX__HERE_THERE__AND__V9_SPACE__NONE__TO__TO	WITHIN_CARRIER	CONNECTOR_MATRIX	HERE_THERE	V9_SPACE	AND	TO	CONNECTOR_MATRIX__HERE_THERE__AND__V9_SPACE__NONE	CONNECTOR_MATRIX__HERE_THERE__TO__V9_SPACE__NONE	 here and there	 here to there	1	2	2	1	1	-2.979735	-2.966054	-2.979735	-2.979735	541	464	1	0	1		
CONNECTOR_MATRIX__HERE_THERE__AND__V9_SPACE__NONE__TO__BY	WITHIN_CARRIER	CONNECTOR_MATRIX	HERE_THERE	V9_SPACE	AND	BY	CONNECTOR_MATRIX__HERE_THERE__AND__V9_SPACE__NONE	CONNECTOR_MATRIX__HERE_THERE__BY__V9_SPACE__NONE	 here and there	 here by there	1	2	2	1	1	-2.683711	-2.595748	-2.683711	-2.723057	541	971	1	0	1		
CONNECTOR_MATRIX__HERE_THERE__AND__V9_SPACE__NONE__TO__AFTER	WITHIN_CARRIER	CONNECTOR_MATRIX	HERE_THERE	V9_SPACE	AND	AFTER	CONNECTOR_MATRIX__HERE_THERE__AND__V9_SPACE__NONE	CONNECTOR_MATRIX__HERE_THERE__AFTER__V9_SPACE__NONE	 here and there	 here after there	1	2	2	1	1	-3.122539	-3.019643	-3.122539	-3.122539	541	464	1	0	1		
CONNECTOR_MATRIX__HERE_THERE__AND__THE_PHRASE__NONE__TO__OR	WITHIN_CARRIER	CONNECTOR_MATRIX	HERE_THERE	THE_PHRASE	AND	OR	CONNECTOR_MATRIX__HERE_THERE__AND__THE_PHRASE__NONE	CONNECTOR_MATRIX__HERE_THERE__OR__THE_PHRASE__NONE	the phrase here and there	the phrase here or there	1	4	4	1	1	-0.624463	-0.628859	-0.624463	-0.624464	541	541	1	1	0		
CONNECTOR_MATRIX__HERE_THERE__AND__THE_PHRASE__NONE__TO__TO	WITHIN_CARRIER	CONNECTOR_MATRIX	HERE_THERE	THE_PHRASE	AND	TO	CONNECTOR_MATRIX__HERE_THERE__AND__THE_PHRASE__NONE	CONNECTOR_MATRIX__HERE_THERE__TO__THE_PHRASE__NONE	the phrase here and there	the phrase here to there	1	4	4	1	1	-3.234665	-3.233217	-3.234665	-3.234666	541	2073	1	0	1		
CONNECTOR_MATRIX__HERE_THERE__AND__THE_PHRASE__NONE__TO__BY	WITHIN_CARRIER	CONNECTOR_MATRIX	HERE_THERE	THE_PHRASE	AND	BY	CONNECTOR_MATRIX__HERE_THERE__AND__THE_PHRASE__NONE	CONNECTOR_MATRIX__HERE_THERE__BY__THE_PHRASE__NONE	the phrase here and there	the phrase here by there	1	4	4	1	1	-3.730111	-3.711754	-3.730111	-3.730112	541	2073	1	0	1		
CONNECTOR_MATRIX__HERE_THERE__AND__THE_PHRASE__NONE__TO__AFTER	WITHIN_CARRIER	CONNECTOR_MATRIX	HERE_THERE	THE_PHRASE	AND	AFTER	CONNECTOR_MATRIX__HERE_THERE__AND__THE_PHRASE__NONE	CONNECTOR_MATRIX__HERE_THERE__AFTER__THE_PHRASE__NONE	the phrase here and there	the phrase here after there	1	4	4	1	1	-4.173239	-4.149572	-4.150507	-4.150507	541	2073	1	0	1		
CONNECTOR_MATRIX__HERE_THERE__AND__THEY_SAID__NONE__TO__OR	WITHIN_CARRIER	CONNECTOR_MATRIX	HERE_THERE	THEY_SAID	AND	OR	CONNECTOR_MATRIX__HERE_THERE__AND__THEY_SAID__NONE	CONNECTOR_MATRIX__HERE_THERE__OR__THEY_SAID__NONE	they said here and there	they said here or there	1	4	4	1	1	-0.165814	-0.181601	-0.165814	-0.300563	541	541	1	1	0		
CONNECTOR_MATRIX__HERE_THERE__AND__THEY_SAID__NONE__TO__TO	WITHIN_CARRIER	CONNECTOR_MATRIX	HERE_THERE	THEY_SAID	AND	TO	CONNECTOR_MATRIX__HERE_THERE__AND__THEY_SAID__NONE	CONNECTOR_MATRIX__HERE_THERE__TO__THEY_SAID__NONE	they said here and there	they said here to there	1	4	4	1	1	-2.669025	-2.664418	-2.669025	-2.101325	541	2256	1	0	1		
CONNECTOR_MATRIX__HERE_THERE__AND__THEY_SAID__NONE__TO__BY	WITHIN_CARRIER	CONNECTOR_MATRIX	HERE_THERE	THEY_SAID	AND	BY	CONNECTOR_MATRIX__HERE_THERE__AND__THEY_SAID__NONE	CONNECTOR_MATRIX__HERE_THERE__BY__THEY_SAID__NONE	they said here and there	they said here by there	1	4	4	1	1	-3.195213	-3.17313	-3.195213	-2.627513	541	2256	1	0	1		
CONNECTOR_MATRIX__HERE_THERE__AND__THEY_SAID__NONE__TO__AFTER	WITHIN_CARRIER	CONNECTOR_MATRIX	HERE_THERE	THEY_SAID	AND	AFTER	CONNECTOR_MATRIX__HERE_THERE__AND__THEY_SAID__NONE	CONNECTOR_MATRIX__HERE_THERE__AFTER__THEY_SAID__NONE	they said here and there	they said here after there	1	4	4	1	1	-3.79615	-3.787359	-3.79615	-3.475317	541	170	1	0	1		
CONNECTOR_MATRIX__RIGHT_LEFT__AND__BARE__NONE__TO__OR	WITHIN_CARRIER	CONNECTOR_MATRIX	RIGHT_LEFT	BARE	AND	OR	CONNECTOR_MATRIX__RIGHT_LEFT__AND__BARE__NONE	CONNECTOR_MATRIX__RIGHT_LEFT__OR__BARE__NONE	right and left	right or left	1	2	2	1	1	0.722079	0.69949	0.722079	0.032093	541	541	1	1	0		
CONNECTOR_MATRIX__RIGHT_LEFT__AND__BARE__NONE__TO__TO	WITHIN_CARRIER	CONNECTOR_MATRIX	RIGHT_LEFT	BARE	AND	TO	CONNECTOR_MATRIX__RIGHT_LEFT__AND__BARE__NONE	CONNECTOR_MATRIX__RIGHT_LEFT__TO__BARE__NONE	right and left	right to left	1	2	2	1	1	-0.81533	-0.803518	-0.81533	-0.543339	541	429	1	0	1		
CONNECTOR_MATRIX__RIGHT_LEFT__AND__BARE__NONE__TO__BY	WITHIN_CARRIER	CONNECTOR_MATRIX	RIGHT_LEFT	BARE	AND	BY	CONNECTOR_MATRIX__RIGHT_LEFT__AND__BARE__NONE	CONNECTOR_MATRIX__RIGHT_LEFT__BY__BARE__NONE	right and left	right by left	1	2	2	1	1	-1.103055	-0.995756	-1.103055	-0.934076	541	971	1	0	1		
CONNECTOR_MATRIX__RIGHT_LEFT__AND__BARE__NONE__TO__AFTER	WITHIN_CARRIER	CONNECTOR_MATRIX	RIGHT_LEFT	BARE	AND	AFTER	CONNECTOR_MATRIX__RIGHT_LEFT__AND__BARE__NONE	CONNECTOR_MATRIX__RIGHT_LEFT__AFTER__BARE__NONE	right and left	right after left	1	2	2	1	1	-3.383232	-3.314283	-3.383232	-2.968627	541	1888	1	0	1		
CONNECTOR_MATRIX__RIGHT_LEFT__AND__V9_SPACE__NONE__TO__OR	WITHIN_CARRIER	CONNECTOR_MATRIX	RIGHT_LEFT	V9_SPACE	AND	OR	CONNECTOR_MATRIX__RIGHT_LEFT__AND__V9_SPACE__NONE	CONNECTOR_MATRIX__RIGHT_LEFT__OR__V9_SPACE__NONE	 right and left	 right or left	1	2	2	1	1	0.422528	0.403987	0.422528	-0.061242	541	541	1	1	0		
CONNECTOR_MATRIX__RIGHT_LEFT__AND__V9_SPACE__NONE__TO__TO	WITHIN_CARRIER	CONNECTOR_MATRIX	RIGHT_LEFT	V9_SPACE	AND	TO	CONNECTOR_MATRIX__RIGHT_LEFT__AND__V9_SPACE__NONE	CONNECTOR_MATRIX__RIGHT_LEFT__TO__V9_SPACE__NONE	 right and left	 right to left	1	2	2	1	1	-0.703362	-0.664007	-0.703362	-0.437003	541	541	1	1	0		
CONNECTOR_MATRIX__RIGHT_LEFT__AND__V9_SPACE__NONE__TO__BY	WITHIN_CARRIER	CONNECTOR_MATRIX	RIGHT_LEFT	V9_SPACE	AND	BY	CONNECTOR_MATRIX__RIGHT_LEFT__AND__V9_SPACE__NONE	CONNECTOR_MATRIX__RIGHT_LEFT__BY__V9_SPACE__NONE	 right and left	 right by left	1	2	2	1	1	-0.870878	-0.896639	-0.870878	-0.604519	541	1888	1	0	1		
CONNECTOR_MATRIX__RIGHT_LEFT__AND__V9_SPACE__NONE__TO__AFTER	WITHIN_CARRIER	CONNECTOR_MATRIX	RIGHT_LEFT	V9_SPACE	AND	AFTER	CONNECTOR_MATRIX__RIGHT_LEFT__AND__V9_SPACE__NONE	CONNECTOR_MATRIX__RIGHT_LEFT__AFTER__V9_SPACE__NONE	 right and left	 right after left	1	2	2	1	1	-3.849972	-3.734185	-3.849972	-3.583613	541	1888	1	0	1		
CONNECTOR_MATRIX__RIGHT_LEFT__AND__THE_PHRASE__NONE__TO__OR	WITHIN_CARRIER	CONNECTOR_MATRIX	RIGHT_LEFT	THE_PHRASE	AND	OR	CONNECTOR_MATRIX__RIGHT_LEFT__AND__THE_PHRASE__NONE	CONNECTOR_MATRIX__RIGHT_LEFT__OR__THE_PHRASE__NONE	the phrase right and left	the phrase right or left	1	4	4	1	1	0.261323	0.246083	0.261323	0.081766	2659	541	0	1	1		
CONNECTOR_MATRIX__RIGHT_LEFT__AND__THE_PHRASE__NONE__TO__TO	WITHIN_CARRIER	CONNECTOR_MATRIX	RIGHT_LEFT	THE_PHRASE	AND	TO	CONNECTOR_MATRIX__RIGHT_LEFT__AND__THE_PHRASE__NONE	CONNECTOR_MATRIX__RIGHT_LEFT__TO__THE_PHRASE__NONE	the phrase right and left	the phrase right to left	1	4	4	1	1	-0.824955	-0.809278	-0.824955	-0.20285	2659	2073	0	0	0		
CONNECTOR_MATRIX__RIGHT_LEFT__AND__THE_PHRASE__NONE__TO__BY	WITHIN_CARRIER	CONNECTOR_MATRIX	RIGHT_LEFT	THE_PHRASE	AND	BY	CONNECTOR_MATRIX__RIGHT_LEFT__AND__THE_PHRASE__NONE	CONNECTOR_MATRIX__RIGHT_LEFT__BY__THE_PHRASE__NONE	the phrase right and left	the phrase right by left	1	4	4	1	1	-1.233125	-1.106205	-1.233125	-0.611019	2659	2073	0	0	0		
CONNECTOR_MATRIX__RIGHT_LEFT__AND__THE_PHRASE__NONE__TO__AFTER	WITHIN_CARRIER	CONNECTOR_MATRIX	RIGHT_LEFT	THE_PHRASE	AND	AFTER	CONNECTOR_MATRIX__RIGHT_LEFT__AND__THE_PHRASE__NONE	CONNECTOR_MATRIX__RIGHT_LEFT__AFTER__THE_PHRASE__NONE	the phrase right and left	the phrase right after left	1	4	4	1	1	-3.821995	-3.736673	-3.80407	-3.181964	2659	2073	0	0	0		
CONNECTOR_MATRIX__RIGHT_LEFT__AND__THEY_SAID__NONE__TO__OR	WITHIN_CARRIER	CONNECTOR_MATRIX	RIGHT_LEFT	THEY_SAID	AND	OR	CONNECTOR_MATRIX__RIGHT_LEFT__AND__THEY_SAID__NONE	CONNECTOR_MATRIX__RIGHT_LEFT__OR__THEY_SAID__NONE	they said right and left	they said right or left	1	4	4	1	1	0.22735	0.215978	0.22735	-0.135867	2659	2659	0	0	0		
CONNECTOR_MATRIX__RIGHT_LEFT__AND__THEY_SAID__NONE__TO__TO	WITHIN_CARRIER	CONNECTOR_MATRIX	RIGHT_LEFT	THEY_SAID	AND	TO	CONNECTOR_MATRIX__RIGHT_LEFT__AND__THEY_SAID__NONE	CONNECTOR_MATRIX__RIGHT_LEFT__TO__THEY_SAID__NONE	they said right and left	they said right to left	1	4	4	1	1	-1.118645	-1.110585	-1.118645	-0.326309	2659	1959	0	0	0		
CONNECTOR_MATRIX__RIGHT_LEFT__AND__THEY_SAID__NONE__TO__BY	WITHIN_CARRIER	CONNECTOR_MATRIX	RIGHT_LEFT	THEY_SAID	AND	BY	CONNECTOR_MATRIX__RIGHT_LEFT__AND__THEY_SAID__NONE	CONNECTOR_MATRIX__RIGHT_LEFT__BY__THEY_SAID__NONE	they said right and left	they said right by left	1	4	4	1	1	-2.503428	-2.346697	-2.503428	-1.711092	2659	1959	0	0	0		
CONNECTOR_MATRIX__RIGHT_LEFT__AND__THEY_SAID__NONE__TO__AFTER	WITHIN_CARRIER	CONNECTOR_MATRIX	RIGHT_LEFT	THEY_SAID	AND	AFTER	CONNECTOR_MATRIX__RIGHT_LEFT__AND__THEY_SAID__NONE	CONNECTOR_MATRIX__RIGHT_LEFT__AFTER__THEY_SAID__NONE	they said right and left	they said right after left	1	4	4	1	1	-3.850709	-3.7935	-3.704791	-2.912455	2659	1959	0	0	0		
CONNECTOR_MATRIX__TRUE_FALSE__OR__BARE__NONE__TO__AND	WITHIN_CARRIER	CONNECTOR_MATRIX	TRUE_FALSE	BARE	OR	AND	CONNECTOR_MATRIX__TRUE_FALSE__OR__BARE__NONE	CONNECTOR_MATRIX__TRUE_FALSE__AND__BARE__NONE	true or false	true and false	1	2	2	1	1	-0.60119	-0.588675	-0.60119	-0.568821	541	2659	1	0	1		
CONNECTOR_MATRIX__TRUE_FALSE__OR__BARE__NONE__TO__TO	WITHIN_CARRIER	CONNECTOR_MATRIX	TRUE_FALSE	BARE	OR	TO	CONNECTOR_MATRIX__TRUE_FALSE__OR__BARE__NONE	CONNECTOR_MATRIX__TRUE_FALSE__TO__BARE__NONE	true or false	true to false	1	2	2	1	1	-1.255032	-1.188869	-1.255032	-1.324293	541	2505	1	0	1		
CONNECTOR_MATRIX__TRUE_FALSE__OR__BARE__NONE__TO__BY	WITHIN_CARRIER	CONNECTOR_MATRIX	TRUE_FALSE	BARE	OR	BY	CONNECTOR_MATRIX__TRUE_FALSE__OR__BARE__NONE	CONNECTOR_MATRIX__TRUE_FALSE__BY__BARE__NONE	true or false	true by false	1	2	2	1	1	-2.18254	-2.094483	-2.18254	-1.989619	541	1888	1	0	1		
CONNECTOR_MATRIX__TRUE_FALSE__OR__BARE__NONE__TO__AFTER	WITHIN_CARRIER	CONNECTOR_MATRIX	TRUE_FALSE	BARE	OR	AFTER	CONNECTOR_MATRIX__TRUE_FALSE__OR__BARE__NONE	CONNECTOR_MATRIX__TRUE_FALSE__AFTER__BARE__NONE	true or false	true after false	1	2	2	1	1	-1.875005	-1.80449	-1.875005	-1.682085	541	1888	1	0	1		
CONNECTOR_MATRIX__TRUE_FALSE__OR__V9_SPACE__NONE__TO__AND	WITHIN_CARRIER	CONNECTOR_MATRIX	TRUE_FALSE	V9_SPACE	OR	AND	CONNECTOR_MATRIX__TRUE_FALSE__OR__V9_SPACE__NONE	CONNECTOR_MATRIX__TRUE_FALSE__AND__V9_SPACE__NONE	 true or false	 true and false	1	2	2	1	1	-0.735841	-0.728762	-0.735841	-0.71978	541	2659	1	0	1		
CONNECTOR_MATRIX__TRUE_FALSE__OR__V9_SPACE__NONE__TO__TO	WITHIN_CARRIER	CONNECTOR_MATRIX	TRUE_FALSE	V9_SPACE	OR	TO	CONNECTOR_MATRIX__TRUE_FALSE__OR__V9_SPACE__NONE	CONNECTOR_MATRIX__TRUE_FALSE__TO__V9_SPACE__NONE	 true or false	 true to false	1	2	2	1	1	-1.870264	-1.759688	-1.870264	-1.456788	541	2505	1	0	1		
CONNECTOR_MATRIX__TRUE_FALSE__OR__V9_SPACE__NONE__TO__BY	WITHIN_CARRIER	CONNECTOR_MATRIX	TRUE_FALSE	V9_SPACE	OR	BY	CONNECTOR_MATRIX__TRUE_FALSE__OR__V9_SPACE__NONE	CONNECTOR_MATRIX__TRUE_FALSE__BY__V9_SPACE__NONE	 true or false	 true by false	1	2	2	1	1	-2.704032	-2.629829	-2.704032	-2.249346	541	1888	1	0	1		
CONNECTOR_MATRIX__TRUE_FALSE__OR__V9_SPACE__NONE__TO__AFTER	WITHIN_CARRIER	CONNECTOR_MATRIX	TRUE_FALSE	V9_SPACE	OR	AFTER	CONNECTOR_MATRIX__TRUE_FALSE__OR__V9_SPACE__NONE	CONNECTOR_MATRIX__TRUE_FALSE__AFTER__V9_SPACE__NONE	 true or false	 true after false	1	2	2	1	1	-2.480835	-2.420312	-2.480835	-2.026149	541	1888	1	0	1		
CONNECTOR_MATRIX__TRUE_FALSE__OR__THE_PHRASE__NONE__TO__AND	WITHIN_CARRIER	CONNECTOR_MATRIX	TRUE_FALSE	THE_PHRASE	OR	AND	CONNECTOR_MATRIX__TRUE_FALSE__OR__THE_PHRASE__NONE	CONNECTOR_MATRIX__TRUE_FALSE__AND__THE_PHRASE__NONE	the phrase true or false	the phrase true and false	1	4	4	1	1	-0.690901	-0.680579	-0.690901	-0.608369	541	2659	1	0	1		
CONNECTOR_MATRIX__TRUE_FALSE__OR__THE_PHRASE__NONE__TO__TO	WITHIN_CARRIER	CONNECTOR_MATRIX	TRUE_FALSE	THE_PHRASE	OR	TO	CONNECTOR_MATRIX__TRUE_FALSE__OR__THE_PHRASE__NONE	CONNECTOR_MATRIX__TRUE_FALSE__TO__THE_PHRASE__NONE	the phrase true or false	the phrase true to false	1	4	4	1	1	-2.646693	-2.497435	-2.646693	-2.015076	541	2073	1	0	1		
CONNECTOR_MATRIX__TRUE_FALSE__OR__THE_PHRASE__NONE__TO__BY	WITHIN_CARRIER	CONNECTOR_MATRIX	TRUE_FALSE	THE_PHRASE	OR	BY	CONNECTOR_MATRIX__TRUE_FALSE__OR__THE_PHRASE__NONE	CONNECTOR_MATRIX__TRUE_FALSE__BY__THE_PHRASE__NONE	the phrase true or false	the phrase true by false	1	4	4	1	1	-3.559391	-3.516256	-3.559391	-2.927773	541	2073	1	0	1		
CONNECTOR_MATRIX__TRUE_FALSE__OR__THE_PHRASE__NONE__TO__AFTER	WITHIN_CARRIER	CONNECTOR_MATRIX	TRUE_FALSE	THE_PHRASE	OR	AFTER	CONNECTOR_MATRIX__TRUE_FALSE__OR__THE_PHRASE__NONE	CONNECTOR_MATRIX__TRUE_FALSE__AFTER__THE_PHRASE__NONE	the phrase true or false	the phrase true after false	1	4	4	1	1	-3.222942	-3.17598	-3.222942	-2.591325	541	2073	1	0	1		
CONNECTOR_MATRIX__TRUE_FALSE__OR__THEY_SAID__NONE__TO__AND	WITHIN_CARRIER	CONNECTOR_MATRIX	TRUE_FALSE	THEY_SAID	OR	AND	CONNECTOR_MATRIX__TRUE_FALSE__OR__THEY_SAID__NONE	CONNECTOR_MATRIX__TRUE_FALSE__AND__THEY_SAID__NONE	they said true or false	they said true and false	1	4	4	1	1	-0.31412	-0.299693	-0.31412	-0.749761	2659	2659	0	0	0		
CONNECTOR_MATRIX__TRUE_FALSE__OR__THEY_SAID__NONE__TO__TO	WITHIN_CARRIER	CONNECTOR_MATRIX	TRUE_FALSE	THEY_SAID	OR	TO	CONNECTOR_MATRIX__TRUE_FALSE__OR__THEY_SAID__NONE	CONNECTOR_MATRIX__TRUE_FALSE__TO__THEY_SAID__NONE	they said true or false	they said true to false	1	4	4	1	1	-2.549957	-2.383467	-2.549957	-1.441372	2659	2505	0	0	0		
CONNECTOR_MATRIX__TRUE_FALSE__OR__THEY_SAID__NONE__TO__BY	WITHIN_CARRIER	CONNECTOR_MATRIX	TRUE_FALSE	THEY_SAID	OR	BY	CONNECTOR_MATRIX__TRUE_FALSE__OR__THEY_SAID__NONE	CONNECTOR_MATRIX__TRUE_FALSE__BY__THEY_SAID__NONE	they said true or false	they said true by false	1	4	4	1	1	-3.640532	-3.58779	-3.640532	-1.938679	2659	2256	0	0	0		
CONNECTOR_MATRIX__TRUE_FALSE__OR__THEY_SAID__NONE__TO__AFTER	WITHIN_CARRIER	CONNECTOR_MATRIX	TRUE_FALSE	THEY_SAID	OR	AFTER	CONNECTOR_MATRIX__TRUE_FALSE__OR__THEY_SAID__NONE	CONNECTOR_MATRIX__TRUE_FALSE__AFTER__THEY_SAID__NONE	they said true or false	they said true after false	1	4	4	1	1	-3.091503	-3.050637	-3.091503	-1.38965	2659	2256	0	0	0		
CONNECTOR_MATRIX__EAST_WEST__AND__BARE__NONE__TO__OR	WITHIN_CARRIER	CONNECTOR_MATRIX	EAST_WEST	BARE	AND	OR	CONNECTOR_MATRIX__EAST_WEST__AND__BARE__NONE	CONNECTOR_MATRIX__EAST_WEST__OR__BARE__NONE	east and west	east or west	1	2	2	1	1	0.060665	0.046838	0.060665	0.054788	541	541	1	1	0		
CONNECTOR_MATRIX__EAST_WEST__AND__BARE__NONE__TO__TO	WITHIN_CARRIER	CONNECTOR_MATRIX	EAST_WEST	BARE	AND	TO	CONNECTOR_MATRIX__EAST_WEST__AND__BARE__NONE	CONNECTOR_MATRIX__EAST_WEST__TO__BARE__NONE	east and west	east to west	1	2	2	1	1	-0.190195	-0.190422	-0.190195	0.700854	541	541	1	1	0		
CONNECTOR_MATRIX__EAST_WEST__AND__BARE__NONE__TO__BY	WITHIN_CARRIER	CONNECTOR_MATRIX	EAST_WEST	BARE	AND	BY	CONNECTOR_MATRIX__EAST_WEST__AND__BARE__NONE	CONNECTOR_MATRIX__EAST_WEST__BY__BARE__NONE	east and west	east by west	1	2	2	1	1	-1.125412	-1.059543	-1.125412	0.199728	541	541	1	1	0		
CONNECTOR_MATRIX__EAST_WEST__AND__BARE__NONE__TO__AFTER	WITHIN_CARRIER	CONNECTOR_MATRIX	EAST_WEST	BARE	AND	AFTER	CONNECTOR_MATRIX__EAST_WEST__AND__BARE__NONE	CONNECTOR_MATRIX__EAST_WEST__AFTER__BARE__NONE	east and west	east after west	1	2	2	1	1	-1.701411	-1.67837	-1.701411	-0.376271	541	1888	1	0	1		
CONNECTOR_MATRIX__EAST_WEST__AND__V9_SPACE__NONE__TO__OR	WITHIN_CARRIER	CONNECTOR_MATRIX	EAST_WEST	V9_SPACE	AND	OR	CONNECTOR_MATRIX__EAST_WEST__AND__V9_SPACE__NONE	CONNECTOR_MATRIX__EAST_WEST__OR__V9_SPACE__NONE	 east and west	 east or west	1	2	2	1	1	0.436151	0.429226	0.436151	0.150655	541	541	1	1	0		
CONNECTOR_MATRIX__EAST_WEST__AND__V9_SPACE__NONE__TO__TO	WITHIN_CARRIER	CONNECTOR_MATRIX	EAST_WEST	V9_SPACE	AND	TO	CONNECTOR_MATRIX__EAST_WEST__AND__V9_SPACE__NONE	CONNECTOR_MATRIX__EAST_WEST__TO__V9_SPACE__NONE	 east and west	 east to west	1	2	2	1	1	0.485782	0.491344	0.485782	0.957232	541	541	1	1	0		
CONNECTOR_MATRIX__EAST_WEST__AND__V9_SPACE__NONE__TO__BY	WITHIN_CARRIER	CONNECTOR_MATRIX	EAST_WEST	V9_SPACE	AND	BY	CONNECTOR_MATRIX__EAST_WEST__AND__V9_SPACE__NONE	CONNECTOR_MATRIX__EAST_WEST__BY__V9_SPACE__NONE	 east and west	 east by west	1	2	2	1	1	-0.252962	-0.170354	-0.252962	0.498266	541	541	1	1	0		
CONNECTOR_MATRIX__EAST_WEST__AND__V9_SPACE__NONE__TO__AFTER	WITHIN_CARRIER	CONNECTOR_MATRIX	EAST_WEST	V9_SPACE	AND	AFTER	CONNECTOR_MATRIX__EAST_WEST__AND__V9_SPACE__NONE	CONNECTOR_MATRIX__EAST_WEST__AFTER__V9_SPACE__NONE	 east and west	 east after west	1	2	2	1	1	-1.18551	-1.17277	-1.18551	-0.434283	541	1888	1	0	1		
CONNECTOR_MATRIX__EAST_WEST__AND__THE_PHRASE__NONE__TO__OR	WITHIN_CARRIER	CONNECTOR_MATRIX	EAST_WEST	THE_PHRASE	AND	OR	CONNECTOR_MATRIX__EAST_WEST__AND__THE_PHRASE__NONE	CONNECTOR_MATRIX__EAST_WEST__OR__THE_PHRASE__NONE	the phrase east and west	the phrase east or west	1	4	4	1	1	-0.341624	-0.362088	-0.341624	-0.012235	541	541	1	1	0		
CONNECTOR_MATRIX__EAST_WEST__AND__THE_PHRASE__NONE__TO__TO	WITHIN_CARRIER	CONNECTOR_MATRIX	EAST_WEST	THE_PHRASE	AND	TO	CONNECTOR_MATRIX__EAST_WEST__AND__THE_PHRASE__NONE	CONNECTOR_MATRIX__EAST_WEST__TO__THE_PHRASE__NONE	the phrase east and west	the phrase east to west	1	4	4	1	1	-0.501882	-0.495383	-0.501882	0.549911	541	541	1	1	0		
CONNECTOR_MATRIX__EAST_WEST__AND__THE_PHRASE__NONE__TO__BY	WITHIN_CARRIER	CONNECTOR_MATRIX	EAST_WEST	THE_PHRASE	AND	BY	CONNECTOR_MATRIX__EAST_WEST__AND__THE_PHRASE__NONE	CONNECTOR_MATRIX__EAST_WEST__BY__THE_PHRASE__NONE	the phrase east and west	the phrase east by west	1	4	4	1	1	-1.393924	-1.318943	-1.393924	-0.180983	541	2073	1	0	1		
CONNECTOR_MATRIX__EAST_WEST__AND__THE_PHRASE__NONE__TO__AFTER	WITHIN_CARRIER	CONNECTOR_MATRIX	EAST_WEST	THE_PHRASE	AND	AFTER	CONNECTOR_MATRIX__EAST_WEST__AND__THE_PHRASE__NONE	CONNECTOR_MATRIX__EAST_WEST__AFTER__THE_PHRASE__NONE	the phrase east and west	the phrase east after west	1	4	4	1	1	-2.739263	-2.730901	-2.739263	-1.526321	541	2073	1	0	1		
CONNECTOR_MATRIX__EAST_WEST__AND__THEY_SAID__NONE__TO__OR	WITHIN_CARRIER	CONNECTOR_MATRIX	EAST_WEST	THEY_SAID	AND	OR	CONNECTOR_MATRIX__EAST_WEST__AND__THEY_SAID__NONE	CONNECTOR_MATRIX__EAST_WEST__OR__THEY_SAID__NONE	they said east and west	they said east or west	1	4	4	1	1	-0.25214	-0.273766	-0.25214	-0.047676	541	541	1	1	0		
CONNECTOR_MATRIX__EAST_WEST__AND__THEY_SAID__NONE__TO__TO	WITHIN_CARRIER	CONNECTOR_MATRIX	EAST_WEST	THEY_SAID	AND	TO	CONNECTOR_MATRIX__EAST_WEST__AND__THEY_SAID__NONE	CONNECTOR_MATRIX__EAST_WEST__TO__THEY_SAID__NONE	they said east and west	they said east to west	1	4	4	1	1	0.190839	0.185843	0.190839	0.703655	541	541	1	1	0		
CONNECTOR_MATRIX__EAST_WEST__AND__THEY_SAID__NONE__TO__BY	WITHIN_CARRIER	CONNECTOR_MATRIX	EAST_WEST	THEY_SAID	AND	BY	CONNECTOR_MATRIX__EAST_WEST__AND__THEY_SAID__NONE	CONNECTOR_MATRIX__EAST_WEST__BY__THEY_SAID__NONE	they said east and west	they said east by west	1	4	4	1	1	-1.24803	-1.213553	-1.24803	0.265819	541	541	1	1	0		
CONNECTOR_MATRIX__EAST_WEST__AND__THEY_SAID__NONE__TO__AFTER	WITHIN_CARRIER	CONNECTOR_MATRIX	EAST_WEST	THEY_SAID	AND	AFTER	CONNECTOR_MATRIX__EAST_WEST__AND__THEY_SAID__NONE	CONNECTOR_MATRIX__EAST_WEST__AFTER__THEY_SAID__NONE	they said east and west	they said east after west	1	4	4	1	1	-2.135633	-2.136806	-2.135633	-0.899473	541	2496	1	0	1		
PAIR_PANEL__PAIR_01__CONVENTIONAL__BARE__NONE__TO__ARBITRARY	WITHIN_CARRIER	PAIR_PANEL	PAIR_01	BARE	CONVENTIONAL	ARBITRARY	PAIR_PANEL__PAIR_01__CONVENTIONAL__BARE__NONE	PAIR_PANEL__PAIR_01__ARBITRARY__BARE__NONE	salt and pepper	cats and elephants	0	3	2	1	1	0.385565	0.372919	0.385565	0.75711	2659	541	0	1	1		
PAIR_PANEL__PAIR_01__CONVENTIONAL__V9_SPACE__NONE__TO__ARBITRARY	WITHIN_CARRIER	PAIR_PANEL	PAIR_01	V9_SPACE	CONVENTIONAL	ARBITRARY	PAIR_PANEL__PAIR_01__CONVENTIONAL__V9_SPACE__NONE	PAIR_PANEL__PAIR_01__ARBITRARY__V9_SPACE__NONE	 salt and pepper	 cats and elephants	1	2	2	1	1	0.727961	0.729138	0.727961	0.407227	1888	1888	0	0	0		
PAIR_PANEL__PAIR_01__CONVENTIONAL__THE_PHRASE__NONE__TO__ARBITRARY	WITHIN_CARRIER	PAIR_PANEL	PAIR_01	THE_PHRASE	CONVENTIONAL	ARBITRARY	PAIR_PANEL__PAIR_01__CONVENTIONAL__THE_PHRASE__NONE	PAIR_PANEL__PAIR_01__ARBITRARY__THE_PHRASE__NONE	the phrase salt and pepper	the phrase cats and elephants	1	4	4	1	1	0.560473	0.552045	0.560473	0.560473	2073	2073	0	0	0		
PAIR_PANEL__PAIR_01__CONVENTIONAL__THEY_SAID__NONE__TO__ARBITRARY	WITHIN_CARRIER	PAIR_PANEL	PAIR_01	THEY_SAID	CONVENTIONAL	ARBITRARY	PAIR_PANEL__PAIR_01__CONVENTIONAL__THEY_SAID__NONE	PAIR_PANEL__PAIR_01__ARBITRARY__THEY_SAID__NONE	they said salt and pepper	they said cats and elephants	1	4	4	1	1	0.698906	0.698318	0.698906	0.88178	2659	541	0	1	1		
PAIR_PANEL__PAIR_02__CONVENTIONAL__BARE__NONE__TO__ARBITRARY	WITHIN_CARRIER	PAIR_PANEL	PAIR_02	BARE	CONVENTIONAL	ARBITRARY	PAIR_PANEL__PAIR_02__CONVENTIONAL__BARE__NONE	PAIR_PANEL__PAIR_02__ARBITRARY__BARE__NONE	knife and fork	bread and gravel	1	2	2	1	1	-0.929022	-0.934789	-0.929022	-1.347786	1888	1888	0	0	0		
PAIR_PANEL__PAIR_02__CONVENTIONAL__V9_SPACE__NONE__TO__ARBITRARY	WITHIN_CARRIER	PAIR_PANEL	PAIR_02	V9_SPACE	CONVENTIONAL	ARBITRARY	PAIR_PANEL__PAIR_02__CONVENTIONAL__V9_SPACE__NONE	PAIR_PANEL__PAIR_02__ARBITRARY__V9_SPACE__NONE	 knife and fork	 bread and gravel	1	2	2	1	1	-1.049743	-1.057765	-1.049743	-1.171663	1888	1888	0	0	0		
PAIR_PANEL__PAIR_02__CONVENTIONAL__THE_PHRASE__NONE__TO__ARBITRARY	WITHIN_CARRIER	PAIR_PANEL	PAIR_02	THE_PHRASE	CONVENTIONAL	ARBITRARY	PAIR_PANEL__PAIR_02__CONVENTIONAL__THE_PHRASE__NONE	PAIR_PANEL__PAIR_02__ARBITRARY__THE_PHRASE__NONE	the phrase knife and fork	the phrase bread and gravel	1	4	4	1	1	-1.039678	-1.037646	-1.039678	-1.039678	2073	2073	0	0	0		
PAIR_PANEL__PAIR_02__CONVENTIONAL__THEY_SAID__NONE__TO__ARBITRARY	WITHIN_CARRIER	PAIR_PANEL	PAIR_02	THEY_SAID	CONVENTIONAL	ARBITRARY	PAIR_PANEL__PAIR_02__CONVENTIONAL__THEY_SAID__NONE	PAIR_PANEL__PAIR_02__ARBITRARY__THEY_SAID__NONE	they said knife and fork	they said bread and gravel	1	4	4	1	1	-1.367526	-1.366924	-1.367526	-1.108831	2659	1888	0	0	0		
PAIR_PANEL__PAIR_03__CONVENTIONAL__BARE__NONE__TO__ARBITRARY	WITHIN_CARRIER	PAIR_PANEL	PAIR_03	BARE	CONVENTIONAL	ARBITRARY	PAIR_PANEL__PAIR_03__CONVENTIONAL__BARE__NONE	PAIR_PANEL__PAIR_03__ARBITRARY__BARE__NONE	back and forth	lanterns and arithmetic	0	2	4	1	1	-2.798504	-2.832807	-2.668748	-2.883627	541	1888	1	0	1		
PAIR_PANEL__PAIR_03__CONVENTIONAL__V9_SPACE__NONE__TO__ARBITRARY	WITHIN_CARRIER	PAIR_PANEL	PAIR_03	V9_SPACE	CONVENTIONAL	ARBITRARY	PAIR_PANEL__PAIR_03__CONVENTIONAL__V9_SPACE__NONE	PAIR_PANEL__PAIR_03__ARBITRARY__V9_SPACE__NONE	 back and forth	 lanterns and arithmetic	0	2	3	1	1	-2.68935	-2.70934	-2.528346	-2.414645	1888	1888	0	0	0		
PAIR_PANEL__PAIR_03__CONVENTIONAL__THE_PHRASE__NONE__TO__ARBITRARY	WITHIN_CARRIER	PAIR_PANEL	PAIR_03	THE_PHRASE	CONVENTIONAL	ARBITRARY	PAIR_PANEL__PAIR_03__CONVENTIONAL__THE_PHRASE__NONE	PAIR_PANEL__PAIR_03__ARBITRARY__THE_PHRASE__NONE	the phrase back and forth	the phrase lanterns and arithmetic	0	4	5	1	1	-2.757399	-2.765132	-2.591982	-2.591982	2073	2073	0	0	0		
PAIR_PANEL__PAIR_03__CONVENTIONAL__THEY_SAID__NONE__TO__ARBITRARY	WITHIN_CARRIER	PAIR_PANEL	PAIR_03	THEY_SAID	CONVENTIONAL	ARBITRARY	PAIR_PANEL__PAIR_03__CONVENTIONAL__THEY_SAID__NONE	PAIR_PANEL__PAIR_03__ARBITRARY__THEY_SAID__NONE	they said back and forth	they said lanterns and arithmetic	0	4	5	1	1	-2.080727	-2.092071	-1.914112	-1.298118	1978	2256	0	0	0		
PAIR_PANEL__PAIR_04__CONVENTIONAL__BARE__NONE__TO__ARBITRARY	WITHIN_CARRIER	PAIR_PANEL	PAIR_04	BARE	CONVENTIONAL	ARBITRARY	PAIR_PANEL__PAIR_04__CONVENTIONAL__BARE__NONE	PAIR_PANEL__PAIR_04__ARBITRARY__BARE__NONE	black and white	velvet or engines	0	2	3	1	1	-3.57355	-3.603999	-3.57355	-3.055107	541	1790	1	0	1		
PAIR_PANEL__PAIR_04__CONVENTIONAL__V9_SPACE__NONE__TO__ARBITRARY	WITHIN_CARRIER	PAIR_PANEL	PAIR_04	V9_SPACE	CONVENTIONAL	ARBITRARY	PAIR_PANEL__PAIR_04__CONVENTIONAL__V9_SPACE__NONE	PAIR_PANEL__PAIR_04__ARBITRARY__V9_SPACE__NONE	 black and white	 velvet or engines	1	2	2	1	1	-3.686403	-3.706265	-3.52236	-3.46116	541	1888	1	0	1		
PAIR_PANEL__PAIR_04__CONVENTIONAL__THE_PHRASE__NONE__TO__ARBITRARY	WITHIN_CARRIER	PAIR_PANEL	PAIR_04	THE_PHRASE	CONVENTIONAL	ARBITRARY	PAIR_PANEL__PAIR_04__CONVENTIONAL__THE_PHRASE__NONE	PAIR_PANEL__PAIR_04__ARBITRARY__THE_PHRASE__NONE	the phrase black and white	the phrase velvet or engines	1	4	4	1	1	-3.132465	-3.155908	-2.965766	-2.965766	2073	2073	0	0	0		
PAIR_PANEL__PAIR_04__CONVENTIONAL__THEY_SAID__NONE__TO__ARBITRARY	WITHIN_CARRIER	PAIR_PANEL	PAIR_04	THEY_SAID	CONVENTIONAL	ARBITRARY	PAIR_PANEL__PAIR_04__CONVENTIONAL__THEY_SAID__NONE	PAIR_PANEL__PAIR_04__ARBITRARY__THEY_SAID__NONE	they said black and white	they said velvet or engines	1	4	4	1	1	-3.28406	-3.295552	-3.136491	-2.954443	541	2256	1	0	1		
PAIR_PANEL__PAIR_05__CONVENTIONAL__BARE__NONE__TO__ARBITRARY	WITHIN_CARRIER	PAIR_PANEL	PAIR_05	BARE	CONVENTIONAL	ARBITRARY	PAIR_PANEL__PAIR_05__CONVENTIONAL__BARE__NONE	PAIR_PANEL__PAIR_05__ARBITRARY__BARE__NONE	pros and cons	clouds and teaspoons	1	3	3	1	1	-3.21049	-3.209889	-3.21049	-0.986483	2659	1888	0	0	0		
PAIR_PANEL__PAIR_05__CONVENTIONAL__V9_SPACE__NONE__TO__ARBITRARY	WITHIN_CARRIER	PAIR_PANEL	PAIR_05	V9_SPACE	CONVENTIONAL	ARBITRARY	PAIR_PANEL__PAIR_05__CONVENTIONAL__V9_SPACE__NONE	PAIR_PANEL__PAIR_05__ARBITRARY__V9_SPACE__NONE	 pros and cons	 clouds and teaspoons	1	2	2	1	1	-2.726244	-2.72739	-2.726244	-2.642492	1888	1888	0	0	0		
PAIR_PANEL__PAIR_05__CONVENTIONAL__THE_PHRASE__NONE__TO__ARBITRARY	WITHIN_CARRIER	PAIR_PANEL	PAIR_05	THE_PHRASE	CONVENTIONAL	ARBITRARY	PAIR_PANEL__PAIR_05__CONVENTIONAL__THE_PHRASE__NONE	PAIR_PANEL__PAIR_05__ARBITRARY__THE_PHRASE__NONE	the phrase pros and cons	the phrase clouds and teaspoons	1	4	4	1	1	-2.607547	-2.624538	-2.607547	-2.100181	2659	2073	0	0	0		
PAIR_PANEL__PAIR_05__CONVENTIONAL__THEY_SAID__NONE__TO__ARBITRARY	WITHIN_CARRIER	PAIR_PANEL	PAIR_05	THEY_SAID	CONVENTIONAL	ARBITRARY	PAIR_PANEL__PAIR_05__CONVENTIONAL__THEY_SAID__NONE	PAIR_PANEL__PAIR_05__ARBITRARY__THEY_SAID__NONE	they said pros and cons	they said clouds and teaspoons	1	4	4	1	1	-2.82021	-2.834107	-2.82021	-1.301757	2659	2256	0	0	0		
PAIR_PANEL__PAIR_06__CONVENTIONAL__BARE__NONE__TO__ARBITRARY	WITHIN_CARRIER	PAIR_PANEL	PAIR_06	BARE	CONVENTIONAL	ARBITRARY	PAIR_PANEL__PAIR_06__CONVENTIONAL__BARE__NONE	PAIR_PANEL__PAIR_06__ARBITRARY__BARE__NONE	sooner or later	north or velvet	0	3	2	1	1	-2.413711	-2.412877	-2.413711	-2.65169	541	1888	1	0	1		
PAIR_PANEL__PAIR_06__CONVENTIONAL__V9_SPACE__NONE__TO__ARBITRARY	WITHIN_CARRIER	PAIR_PANEL	PAIR_06	V9_SPACE	CONVENTIONAL	ARBITRARY	PAIR_PANEL__PAIR_06__CONVENTIONAL__V9_SPACE__NONE	PAIR_PANEL__PAIR_06__ARBITRARY__V9_SPACE__NONE	 sooner or later	 north or velvet	1	2	2	1	1	-3.061267	-3.063606	-3.041527	-2.792168	1888	1888	0	0	0		
PAIR_PANEL__PAIR_06__CONVENTIONAL__THE_PHRASE__NONE__TO__ARBITRARY	WITHIN_CARRIER	PAIR_PANEL	PAIR_06	THE_PHRASE	CONVENTIONAL	ARBITRARY	PAIR_PANEL__PAIR_06__CONVENTIONAL__THE_PHRASE__NONE	PAIR_PANEL__PAIR_06__ARBITRARY__THE_PHRASE__NONE	the phrase sooner or later	the phrase north or velvet	1	4	4	1	1	-3.042704	-3.0469	-3.042704	-3.042704	2073	2073	0	0	0		
PAIR_PANEL__PAIR_06__CONVENTIONAL__THEY_SAID__NONE__TO__ARBITRARY	WITHIN_CARRIER	PAIR_PANEL	PAIR_06	THEY_SAID	CONVENTIONAL	ARBITRARY	PAIR_PANEL__PAIR_06__CONVENTIONAL__THEY_SAID__NONE	PAIR_PANEL__PAIR_06__ARBITRARY__THEY_SAID__NONE	they said sooner or later	they said north or velvet	1	4	4	1	1	-2.765069	-2.76641	-2.694695	-2.208548	2829	1888	0	0	0		
PAIR_PANEL__PAIR_07__CONVENTIONAL__BARE__NONE__TO__ARBITRARY	WITHIN_CARRIER	PAIR_PANEL	PAIR_07	BARE	CONVENTIONAL	ARBITRARY	PAIR_PANEL__PAIR_07__CONVENTIONAL__BARE__NONE	PAIR_PANEL__PAIR_07__ARBITRARY__BARE__NONE	give and take	marble and rabbits	0	2	3	1	1	-3.546035	-3.620242	-3.546035	-2.005469	2659	1790	0	0	0		
PAIR_PANEL__PAIR_07__CONVENTIONAL__V9_SPACE__NONE__TO__ARBITRARY	WITHIN_CARRIER	PAIR_PANEL	PAIR_07	V9_SPACE	CONVENTIONAL	ARBITRARY	PAIR_PANEL__PAIR_07__CONVENTIONAL__V9_SPACE__NONE	PAIR_PANEL__PAIR_07__ARBITRARY__V9_SPACE__NONE	 give and take	 marble and rabbits	1	2	2	1	1	-3.019935	-3.028856	-3.019935	-2.518594	2659	1888	0	0	0		
PAIR_PANEL__PAIR_07__CONVENTIONAL__THE_PHRASE__NONE__TO__ARBITRARY	WITHIN_CARRIER	PAIR_PANEL	PAIR_07	THE_PHRASE	CONVENTIONAL	ARBITRARY	PAIR_PANEL__PAIR_07__CONVENTIONAL__THE_PHRASE__NONE	PAIR_PANEL__PAIR_07__ARBITRARY__THE_PHRASE__NONE	the phrase give and take	the phrase marble and rabbits	1	4	4	1	1	-3.356635	-3.390971	-3.351284	-2.197939	2659	2073	0	0	0		
PAIR_PANEL__PAIR_07__CONVENTIONAL__THEY_SAID__NONE__TO__ARBITRARY	WITHIN_CARRIER	PAIR_PANEL	PAIR_07	THEY_SAID	CONVENTIONAL	ARBITRARY	PAIR_PANEL__PAIR_07__CONVENTIONAL__THEY_SAID__NONE	PAIR_PANEL__PAIR_07__ARBITRARY__THEY_SAID__NONE	they said give and take	they said marble and rabbits	1	4	4	1	1	-3.486711	-3.539863	-3.486711	-1.501665	2659	1888	0	0	0		
PAIR_PANEL__PAIR_08__CONVENTIONAL__BARE__NONE__TO__ARBITRARY	WITHIN_CARRIER	PAIR_PANEL	PAIR_08	BARE	CONVENTIONAL	ARBITRARY	PAIR_PANEL__PAIR_08__CONVENTIONAL__BARE__NONE	PAIR_PANEL__PAIR_08__ARBITRARY__BARE__NONE	life and death	button and ocean	1	2	2	1	1	-3.439117	-3.443496	-3.439117	-2.339976	541	1888	1	0	1		
PAIR_PANEL__PAIR_08__CONVENTIONAL__V9_SPACE__NONE__TO__ARBITRARY	WITHIN_CARRIER	PAIR_PANEL	PAIR_08	V9_SPACE	CONVENTIONAL	ARBITRARY	PAIR_PANEL__PAIR_08__CONVENTIONAL__V9_SPACE__NONE	PAIR_PANEL__PAIR_08__ARBITRARY__V9_SPACE__NONE	 life and death	 button and ocean	1	2	2	1	1	-3.586815	-3.590502	-3.586815	-3.020768	541	1888	1	0	1		
PAIR_PANEL__PAIR_08__CONVENTIONAL__THE_PHRASE__NONE__TO__ARBITRARY	WITHIN_CARRIER	PAIR_PANEL	PAIR_08	THE_PHRASE	CONVENTIONAL	ARBITRARY	PAIR_PANEL__PAIR_08__CONVENTIONAL__THE_PHRASE__NONE	PAIR_PANEL__PAIR_08__ARBITRARY__THE_PHRASE__NONE	the phrase life and death	the phrase button and ocean	1	4	4	1	1	-3.214455	-3.219213	-3.056384	-3.056384	2073	2073	0	0	0		
PAIR_PANEL__PAIR_08__CONVENTIONAL__THEY_SAID__NONE__TO__ARBITRARY	WITHIN_CARRIER	PAIR_PANEL	PAIR_08	THEY_SAID	CONVENTIONAL	ARBITRARY	PAIR_PANEL__PAIR_08__CONVENTIONAL__THEY_SAID__NONE	PAIR_PANEL__PAIR_08__ARBITRARY__THEY_SAID__NONE	they said life and death	they said button and ocean	1	4	4	1	1	-2.554788	-2.554545	-2.554788	-2.26565	541	1888	1	0	1		
CONTINUATION__UP_DOWN__NONE__BARE__NONE__TO__AGAIN	WITHIN_CARRIER	CONTINUATION	UP_DOWN	BARE	NONE	AGAIN	CONTINUATION__UP_DOWN__NONE__BARE__NONE	CONTINUATION__UP_DOWN__AGAIN__BARE__AGAIN	up and down	up and down again	1	2	2	1	1	0.0	0.0	0.0	0.0	541	541	1	1	0		
CONTINUATION__UP_DOWN__NONE__BARE__NONE__TO__PERIOD	WITHIN_CARRIER	CONTINUATION	UP_DOWN	BARE	NONE	PERIOD	CONTINUATION__UP_DOWN__NONE__BARE__NONE	CONTINUATION__UP_DOWN__PERIOD__BARE__PERIOD	up and down	up and down.	1	2	2	1	1	0.0	0.0	0.0	0.0	541	541	1	1	0		
CONTINUATION__UP_DOWN__NONE__BARE__NONE__TO__ROAD	WITHIN_CARRIER	CONTINUATION	UP_DOWN	BARE	NONE	ROAD	CONTINUATION__UP_DOWN__NONE__BARE__NONE	CONTINUATION__UP_DOWN__ROAD__BARE__ROAD	up and down	up and down the road	1	2	2	1	1	0.0	0.0	0.0	0.0	541	541	1	1	0		
CONTINUATION__UP_DOWN__NONE__BARE__NONE__TO__CLAUSE	WITHIN_CARRIER	CONTINUATION	UP_DOWN	BARE	NONE	CLAUSE	CONTINUATION__UP_DOWN__NONE__BARE__NONE	CONTINUATION__UP_DOWN__CLAUSE__BARE__CLAUSE	up and down	up and down, without stopping	1	2	2	1	1	0.0	0.0	0.0	0.0	541	541	1	1	0		
CONTINUATION__UP_DOWN__NONE__BARE__NONE__TO__XYZ	WITHIN_CARRIER	CONTINUATION	UP_DOWN	BARE	NONE	XYZ	CONTINUATION__UP_DOWN__NONE__BARE__NONE	CONTINUATION__UP_DOWN__XYZ__BARE__XYZ	up and down	up and down xyz	1	2	2	1	1	0.0	0.0	0.0	0.0	541	541	1	1	0		
CONTINUATION__UP_DOWN__NONE__V9_SPACE__NONE__TO__AGAIN	WITHIN_CARRIER	CONTINUATION	UP_DOWN	V9_SPACE	NONE	AGAIN	CONTINUATION__UP_DOWN__NONE__V9_SPACE__NONE	CONTINUATION__UP_DOWN__AGAIN__V9_SPACE__AGAIN	 up and down	 up and down again	1	2	2	1	1	0.0	0.0	0.0	0.0	541	541	1	1	0		
CONTINUATION__UP_DOWN__NONE__V9_SPACE__NONE__TO__PERIOD	WITHIN_CARRIER	CONTINUATION	UP_DOWN	V9_SPACE	NONE	PERIOD	CONTINUATION__UP_DOWN__NONE__V9_SPACE__NONE	CONTINUATION__UP_DOWN__PERIOD__V9_SPACE__PERIOD	 up and down	 up and down.	1	2	2	1	1	0.0	0.0	0.0	0.0	541	541	1	1	0		
CONTINUATION__UP_DOWN__NONE__V9_SPACE__NONE__TO__ROAD	WITHIN_CARRIER	CONTINUATION	UP_DOWN	V9_SPACE	NONE	ROAD	CONTINUATION__UP_DOWN__NONE__V9_SPACE__NONE	CONTINUATION__UP_DOWN__ROAD__V9_SPACE__ROAD	 up and down	 up and down the road	1	2	2	1	1	0.0	0.0	0.0	0.0	541	541	1	1	0		
CONTINUATION__UP_DOWN__NONE__V9_SPACE__NONE__TO__CLAUSE	WITHIN_CARRIER	CONTINUATION	UP_DOWN	V9_SPACE	NONE	CLAUSE	CONTINUATION__UP_DOWN__NONE__V9_SPACE__NONE	CONTINUATION__UP_DOWN__CLAUSE__V9_SPACE__CLAUSE	 up and down	 up and down, without stopping	1	2	2	1	1	0.0	0.0	0.0	0.0	541	541	1	1	0		
CONTINUATION__UP_DOWN__NONE__V9_SPACE__NONE__TO__XYZ	WITHIN_CARRIER	CONTINUATION	UP_DOWN	V9_SPACE	NONE	XYZ	CONTINUATION__UP_DOWN__NONE__V9_SPACE__NONE	CONTINUATION__UP_DOWN__XYZ__V9_SPACE__XYZ	 up and down	 up and down xyz	1	2	2	1	1	0.0	0.0	0.0	-0.03521	541	541	1	1	0		
CONTINUATION__UP_DOWN__NONE__THE_PHRASE__NONE__TO__AGAIN	WITHIN_CARRIER	CONTINUATION	UP_DOWN	THE_PHRASE	NONE	AGAIN	CONTINUATION__UP_DOWN__NONE__THE_PHRASE__NONE	CONTINUATION__UP_DOWN__AGAIN__THE_PHRASE__AGAIN	the phrase up and down	the phrase up and down again	1	4	4	1	1	0.0	0.0	0.0	0.0	541	541	1	1	0		
CONTINUATION__UP_DOWN__NONE__THE_PHRASE__NONE__TO__PERIOD	WITHIN_CARRIER	CONTINUATION	UP_DOWN	THE_PHRASE	NONE	PERIOD	CONTINUATION__UP_DOWN__NONE__THE_PHRASE__NONE	CONTINUATION__UP_DOWN__PERIOD__THE_PHRASE__PERIOD	the phrase up and down	the phrase up and down.	1	4	4	1	1	0.0	0.0	0.0	0.0	541	541	1	1	0		
CONTINUATION__UP_DOWN__NONE__THE_PHRASE__NONE__TO__ROAD	WITHIN_CARRIER	CONTINUATION	UP_DOWN	THE_PHRASE	NONE	ROAD	CONTINUATION__UP_DOWN__NONE__THE_PHRASE__NONE	CONTINUATION__UP_DOWN__ROAD__THE_PHRASE__ROAD	the phrase up and down	the phrase up and down the road	1	4	4	1	1	0.0	0.0	0.0	0.0	541	541	1	1	0		
CONTINUATION__UP_DOWN__NONE__THE_PHRASE__NONE__TO__CLAUSE	WITHIN_CARRIER	CONTINUATION	UP_DOWN	THE_PHRASE	NONE	CLAUSE	CONTINUATION__UP_DOWN__NONE__THE_PHRASE__NONE	CONTINUATION__UP_DOWN__CLAUSE__THE_PHRASE__CLAUSE	the phrase up and down	the phrase up and down, without stopping	1	4	4	1	1	0.0	0.0	0.0	0.0	541	541	1	1	0		
CONTINUATION__UP_DOWN__NONE__THE_PHRASE__NONE__TO__XYZ	WITHIN_CARRIER	CONTINUATION	UP_DOWN	THE_PHRASE	NONE	XYZ	CONTINUATION__UP_DOWN__NONE__THE_PHRASE__NONE	CONTINUATION__UP_DOWN__XYZ__THE_PHRASE__XYZ	the phrase up and down	the phrase up and down xyz	1	4	4	1	1	0.0	0.0	0.0	0.0	541	541	1	1	0		
CONTINUATION__UP_DOWN__NONE__THEY_SAID__NONE__TO__AGAIN	WITHIN_CARRIER	CONTINUATION	UP_DOWN	THEY_SAID	NONE	AGAIN	CONTINUATION__UP_DOWN__NONE__THEY_SAID__NONE	CONTINUATION__UP_DOWN__AGAIN__THEY_SAID__AGAIN	they said up and down	they said up and down again	1	4	4	1	1	0.0	0.0	0.0	0.0	541	541	1	1	0		
CONTINUATION__UP_DOWN__NONE__THEY_SAID__NONE__TO__PERIOD	WITHIN_CARRIER	CONTINUATION	UP_DOWN	THEY_SAID	NONE	PERIOD	CONTINUATION__UP_DOWN__NONE__THEY_SAID__NONE	CONTINUATION__UP_DOWN__PERIOD__THEY_SAID__PERIOD	they said up and down	they said up and down.	1	4	4	1	1	0.0	0.0	0.0	0.0	541	541	1	1	0		
CONTINUATION__UP_DOWN__NONE__THEY_SAID__NONE__TO__ROAD	WITHIN_CARRIER	CONTINUATION	UP_DOWN	THEY_SAID	NONE	ROAD	CONTINUATION__UP_DOWN__NONE__THEY_SAID__NONE	CONTINUATION__UP_DOWN__ROAD__THEY_SAID__ROAD	they said up and down	they said up and down the road	1	4	4	1	1	0.0	0.0	0.0	0.0	541	541	1	1	0		
CONTINUATION__UP_DOWN__NONE__THEY_SAID__NONE__TO__CLAUSE	WITHIN_CARRIER	CONTINUATION	UP_DOWN	THEY_SAID	NONE	CLAUSE	CONTINUATION__UP_DOWN__NONE__THEY_SAID__NONE	CONTINUATION__UP_DOWN__CLAUSE__THEY_SAID__CLAUSE	they said up and down	they said up and down, without stopping	1	4	4	1	1	0.0	0.0	0.0	0.0	541	541	1	1	0		
CONTINUATION__UP_DOWN__NONE__THEY_SAID__NONE__TO__XYZ	WITHIN_CARRIER	CONTINUATION	UP_DOWN	THEY_SAID	NONE	XYZ	CONTINUATION__UP_DOWN__NONE__THEY_SAID__NONE	CONTINUATION__UP_DOWN__XYZ__THEY_SAID__XYZ	they said up and down	they said up and down xyz	1	4	4	1	1	0.0	0.0	0.0	-0.076023	541	541	1	1	0		
CONTINUATION__NOW_THEN__NONE__BARE__NONE__TO__AGAIN	WITHIN_CARRIER	CONTINUATION	NOW_THEN	BARE	NONE	AGAIN	CONTINUATION__NOW_THEN__NONE__BARE__NONE	CONTINUATION__NOW_THEN__AGAIN__BARE__AGAIN	now and then	now and then again	1	2	2	1	1	0.0	0.0	0.0	0.0	541	541	1	1	0		
CONTINUATION__NOW_THEN__NONE__BARE__NONE__TO__PERIOD	WITHIN_CARRIER	CONTINUATION	NOW_THEN	BARE	NONE	PERIOD	CONTINUATION__NOW_THEN__NONE__BARE__NONE	CONTINUATION__NOW_THEN__PERIOD__BARE__PERIOD	now and then	now and then.	1	2	2	1	1	0.0	0.0	0.0	0.0	541	541	1	1	0		
CONTINUATION__NOW_THEN__NONE__BARE__NONE__TO__ROAD	WITHIN_CARRIER	CONTINUATION	NOW_THEN	BARE	NONE	ROAD	CONTINUATION__NOW_THEN__NONE__BARE__NONE	CONTINUATION__NOW_THEN__ROAD__BARE__ROAD	now and then	now and then the road	1	2	2	1	1	0.0	0.0	0.0	-0.156406	541	541	1	1	0		
CONTINUATION__NOW_THEN__NONE__BARE__NONE__TO__CLAUSE	WITHIN_CARRIER	CONTINUATION	NOW_THEN	BARE	NONE	CLAUSE	CONTINUATION__NOW_THEN__NONE__BARE__NONE	CONTINUATION__NOW_THEN__CLAUSE__BARE__CLAUSE	now and then	now and then, without stopping	1	2	2	1	1	0.0	0.0	0.0	-0.089502	541	541	1	1	0		
CONTINUATION__NOW_THEN__NONE__BARE__NONE__TO__XYZ	WITHIN_CARRIER	CONTINUATION	NOW_THEN	BARE	NONE	XYZ	CONTINUATION__NOW_THEN__NONE__BARE__NONE	CONTINUATION__NOW_THEN__XYZ__BARE__XYZ	now and then	now and then xyz	1	2	2	1	1	0.0	0.0	0.0	-0.146051	541	541	1	1	0		
CONTINUATION__NOW_THEN__NONE__V9_SPACE__NONE__TO__AGAIN	WITHIN_CARRIER	CONTINUATION	NOW_THEN	V9_SPACE	NONE	AGAIN	CONTINUATION__NOW_THEN__NONE__V9_SPACE__NONE	CONTINUATION__NOW_THEN__AGAIN__V9_SPACE__AGAIN	 now and then	 now and then again	1	2	2	1	1	0.0	0.0	0.0	0.0	541	541	1	1	0		
CONTINUATION__NOW_THEN__NONE__V9_SPACE__NONE__TO__PERIOD	WITHIN_CARRIER	CONTINUATION	NOW_THEN	V9_SPACE	NONE	PERIOD	CONTINUATION__NOW_THEN__NONE__V9_SPACE__NONE	CONTINUATION__NOW_THEN__PERIOD__V9_SPACE__PERIOD	 now and then	 now and then.	1	2	2	1	1	0.0	0.0	0.0	0.0	541	541	1	1	0		
CONTINUATION__NOW_THEN__NONE__V9_SPACE__NONE__TO__ROAD	WITHIN_CARRIER	CONTINUATION	NOW_THEN	V9_SPACE	NONE	ROAD	CONTINUATION__NOW_THEN__NONE__V9_SPACE__NONE	CONTINUATION__NOW_THEN__ROAD__V9_SPACE__ROAD	 now and then	 now and then the road	1	2	2	1	1	0.0	0.0	0.0	0.0	541	541	1	1	0		
CONTINUATION__NOW_THEN__NONE__V9_SPACE__NONE__TO__CLAUSE	WITHIN_CARRIER	CONTINUATION	NOW_THEN	V9_SPACE	NONE	CLAUSE	CONTINUATION__NOW_THEN__NONE__V9_SPACE__NONE	CONTINUATION__NOW_THEN__CLAUSE__V9_SPACE__CLAUSE	 now and then	 now and then, without stopping	1	2	2	1	1	0.0	0.0	0.0	0.0	541	541	1	1	0		
CONTINUATION__NOW_THEN__NONE__V9_SPACE__NONE__TO__XYZ	WITHIN_CARRIER	CONTINUATION	NOW_THEN	V9_SPACE	NONE	XYZ	CONTINUATION__NOW_THEN__NONE__V9_SPACE__NONE	CONTINUATION__NOW_THEN__XYZ__V9_SPACE__XYZ	 now and then	 now and then xyz	1	2	2	1	1	0.0	0.0	0.0	0.0	541	541	1	1	0		
CONTINUATION__NOW_THEN__NONE__THE_PHRASE__NONE__TO__AGAIN	WITHIN_CARRIER	CONTINUATION	NOW_THEN	THE_PHRASE	NONE	AGAIN	CONTINUATION__NOW_THEN__NONE__THE_PHRASE__NONE	CONTINUATION__NOW_THEN__AGAIN__THE_PHRASE__AGAIN	the phrase now and then	the phrase now and then again	1	4	4	1	1	0.0	0.0	0.0	0.0	541	541	1	1	0		
CONTINUATION__NOW_THEN__NONE__THE_PHRASE__NONE__TO__PERIOD	WITHIN_CARRIER	CONTINUATION	NOW_THEN	THE_PHRASE	NONE	PERIOD	CONTINUATION__NOW_THEN__NONE__THE_PHRASE__NONE	CONTINUATION__NOW_THEN__PERIOD__THE_PHRASE__PERIOD	the phrase now and then	the phrase now and then.	1	4	4	1	1	0.0	0.0	0.0	0.0	541	541	1	1	0		
CONTINUATION__NOW_THEN__NONE__THE_PHRASE__NONE__TO__ROAD	WITHIN_CARRIER	CONTINUATION	NOW_THEN	THE_PHRASE	NONE	ROAD	CONTINUATION__NOW_THEN__NONE__THE_PHRASE__NONE	CONTINUATION__NOW_THEN__ROAD__THE_PHRASE__ROAD	the phrase now and then	the phrase now and then the road	1	4	4	1	1	0.0	0.0	0.0	0.0	541	541	1	1	0		
CONTINUATION__NOW_THEN__NONE__THE_PHRASE__NONE__TO__CLAUSE	WITHIN_CARRIER	CONTINUATION	NOW_THEN	THE_PHRASE	NONE	CLAUSE	CONTINUATION__NOW_THEN__NONE__THE_PHRASE__NONE	CONTINUATION__NOW_THEN__CLAUSE__THE_PHRASE__CLAUSE	the phrase now and then	the phrase now and then, without stopping	1	4	4	1	1	0.0	0.0	0.0	0.0	541	541	1	1	0		
CONTINUATION__NOW_THEN__NONE__THE_PHRASE__NONE__TO__XYZ	WITHIN_CARRIER	CONTINUATION	NOW_THEN	THE_PHRASE	NONE	XYZ	CONTINUATION__NOW_THEN__NONE__THE_PHRASE__NONE	CONTINUATION__NOW_THEN__XYZ__THE_PHRASE__XYZ	the phrase now and then	the phrase now and then xyz	1	4	4	1	1	0.0	0.0	0.0	0.0	541	541	1	1	0		
CONTINUATION__NOW_THEN__NONE__THEY_SAID__NONE__TO__AGAIN	WITHIN_CARRIER	CONTINUATION	NOW_THEN	THEY_SAID	NONE	AGAIN	CONTINUATION__NOW_THEN__NONE__THEY_SAID__NONE	CONTINUATION__NOW_THEN__AGAIN__THEY_SAID__AGAIN	they said now and then	they said now and then again	1	4	4	1	1	0.0	0.0	0.0	0.0	541	541	1	1	0		
CONTINUATION__NOW_THEN__NONE__THEY_SAID__NONE__TO__PERIOD	WITHIN_CARRIER	CONTINUATION	NOW_THEN	THEY_SAID	NONE	PERIOD	CONTINUATION__NOW_THEN__NONE__THEY_SAID__NONE	CONTINUATION__NOW_THEN__PERIOD__THEY_SAID__PERIOD	they said now and then	they said now and then.	1	4	4	1	1	0.0	0.0	0.0	0.0	541	541	1	1	0		
CONTINUATION__NOW_THEN__NONE__THEY_SAID__NONE__TO__ROAD	WITHIN_CARRIER	CONTINUATION	NOW_THEN	THEY_SAID	NONE	ROAD	CONTINUATION__NOW_THEN__NONE__THEY_SAID__NONE	CONTINUATION__NOW_THEN__ROAD__THEY_SAID__ROAD	they said now and then	they said now and then the road	1	4	4	1	1	0.0	0.0	0.0	-0.254985	541	541	1	1	0		
CONTINUATION__NOW_THEN__NONE__THEY_SAID__NONE__TO__CLAUSE	WITHIN_CARRIER	CONTINUATION	NOW_THEN	THEY_SAID	NONE	CLAUSE	CONTINUATION__NOW_THEN__NONE__THEY_SAID__NONE	CONTINUATION__NOW_THEN__CLAUSE__THEY_SAID__CLAUSE	they said now and then	they said now and then, without stopping	1	4	4	1	1	0.0	0.0	0.0	0.0	541	541	1	1	0		
CONTINUATION__NOW_THEN__NONE__THEY_SAID__NONE__TO__XYZ	WITHIN_CARRIER	CONTINUATION	NOW_THEN	THEY_SAID	NONE	XYZ	CONTINUATION__NOW_THEN__NONE__THEY_SAID__NONE	CONTINUATION__NOW_THEN__XYZ__THEY_SAID__XYZ	they said now and then	they said now and then xyz	1	4	4	1	1	0.0	0.0	0.0	-0.302586	541	541	1	1	0		
CONTINUATION__HERE_THERE__NONE__BARE__NONE__TO__AGAIN	WITHIN_CARRIER	CONTINUATION	HERE_THERE	BARE	NONE	AGAIN	CONTINUATION__HERE_THERE__NONE__BARE__NONE	CONTINUATION__HERE_THERE__AGAIN__BARE__AGAIN	here and there	here and there again	1	2	2	1	1	0.0	0.0	0.0	0.0	541	541	1	1	0		
CONTINUATION__HERE_THERE__NONE__BARE__NONE__TO__PERIOD	WITHIN_CARRIER	CONTINUATION	HERE_THERE	BARE	NONE	PERIOD	CONTINUATION__HERE_THERE__NONE__BARE__NONE	CONTINUATION__HERE_THERE__PERIOD__BARE__PERIOD	here and there	here and there.	1	2	2	1	1	0.0	0.0	0.0	0.0	541	541	1	1	0		
CONTINUATION__HERE_THERE__NONE__BARE__NONE__TO__ROAD	WITHIN_CARRIER	CONTINUATION	HERE_THERE	BARE	NONE	ROAD	CONTINUATION__HERE_THERE__NONE__BARE__NONE	CONTINUATION__HERE_THERE__ROAD__BARE__ROAD	here and there	here and there the road	1	2	2	1	1	0.0	0.0	0.0	0.0	541	541	1	1	0		
CONTINUATION__HERE_THERE__NONE__BARE__NONE__TO__CLAUSE	WITHIN_CARRIER	CONTINUATION	HERE_THERE	BARE	NONE	CLAUSE	CONTINUATION__HERE_THERE__NONE__BARE__NONE	CONTINUATION__HERE_THERE__CLAUSE__BARE__CLAUSE	here and there	here and there, without stopping	1	2	2	1	1	0.0	0.0	0.0	0.0	541	541	1	1	0		
CONTINUATION__HERE_THERE__NONE__BARE__NONE__TO__XYZ	WITHIN_CARRIER	CONTINUATION	HERE_THERE	BARE	NONE	XYZ	CONTINUATION__HERE_THERE__NONE__BARE__NONE	CONTINUATION__HERE_THERE__XYZ__BARE__XYZ	here and there	here and there xyz	1	2	2	1	1	0.0	0.0	0.0	-0.475025	541	541	1	1	0		
CONTINUATION__HERE_THERE__NONE__V9_SPACE__NONE__TO__AGAIN	WITHIN_CARRIER	CONTINUATION	HERE_THERE	V9_SPACE	NONE	AGAIN	CONTINUATION__HERE_THERE__NONE__V9_SPACE__NONE	CONTINUATION__HERE_THERE__AGAIN__V9_SPACE__AGAIN	 here and there	 here and there again	1	2	2	1	1	0.0	0.0	0.0	0.0	541	541	1	1	0		
CONTINUATION__HERE_THERE__NONE__V9_SPACE__NONE__TO__PERIOD	WITHIN_CARRIER	CONTINUATION	HERE_THERE	V9_SPACE	NONE	PERIOD	CONTINUATION__HERE_THERE__NONE__V9_SPACE__NONE	CONTINUATION__HERE_THERE__PERIOD__V9_SPACE__PERIOD	 here and there	 here and there.	1	2	2	1	1	0.0	0.0	0.0	0.0	541	541	1	1	0		
CONTINUATION__HERE_THERE__NONE__V9_SPACE__NONE__TO__ROAD	WITHIN_CARRIER	CONTINUATION	HERE_THERE	V9_SPACE	NONE	ROAD	CONTINUATION__HERE_THERE__NONE__V9_SPACE__NONE	CONTINUATION__HERE_THERE__ROAD__V9_SPACE__ROAD	 here and there	 here and there the road	1	2	2	1	1	0.0	0.0	0.0	0.0	541	541	1	1	0		
CONTINUATION__HERE_THERE__NONE__V9_SPACE__NONE__TO__CLAUSE	WITHIN_CARRIER	CONTINUATION	HERE_THERE	V9_SPACE	NONE	CLAUSE	CONTINUATION__HERE_THERE__NONE__V9_SPACE__NONE	CONTINUATION__HERE_THERE__CLAUSE__V9_SPACE__CLAUSE	 here and there	 here and there, without stopping	1	2	2	1	1	0.0	0.0	0.0	0.0	541	541	1	1	0		
CONTINUATION__HERE_THERE__NONE__V9_SPACE__NONE__TO__XYZ	WITHIN_CARRIER	CONTINUATION	HERE_THERE	V9_SPACE	NONE	XYZ	CONTINUATION__HERE_THERE__NONE__V9_SPACE__NONE	CONTINUATION__HERE_THERE__XYZ__V9_SPACE__XYZ	 here and there	 here and there xyz	1	2	2	1	1	0.0	0.0	0.0	-0.156986	541	541	1	1	0		
CONTINUATION__HERE_THERE__NONE__THE_PHRASE__NONE__TO__AGAIN	WITHIN_CARRIER	CONTINUATION	HERE_THERE	THE_PHRASE	NONE	AGAIN	CONTINUATION__HERE_THERE__NONE__THE_PHRASE__NONE	CONTINUATION__HERE_THERE__AGAIN__THE_PHRASE__AGAIN	the phrase here and there	the phrase here and there again	1	4	4	1	1	0.0	0.0	0.0	0.0	541	541	1	1	0		
CONTINUATION__HERE_THERE__NONE__THE_PHRASE__NONE__TO__PERIOD	WITHIN_CARRIER	CONTINUATION	HERE_THERE	THE_PHRASE	NONE	PERIOD	CONTINUATION__HERE_THERE__NONE__THE_PHRASE__NONE	CONTINUATION__HERE_THERE__PERIOD__THE_PHRASE__PERIOD	the phrase here and there	the phrase here and there.	1	4	4	1	1	0.0	0.0	0.0	0.0	541	541	1	1	0		
CONTINUATION__HERE_THERE__NONE__THE_PHRASE__NONE__TO__ROAD	WITHIN_CARRIER	CONTINUATION	HERE_THERE	THE_PHRASE	NONE	ROAD	CONTINUATION__HERE_THERE__NONE__THE_PHRASE__NONE	CONTINUATION__HERE_THERE__ROAD__THE_PHRASE__ROAD	the phrase here and there	the phrase here and there the road	1	4	4	1	1	0.0	0.0	0.0	0.0	541	541	1	1	0		
CONTINUATION__HERE_THERE__NONE__THE_PHRASE__NONE__TO__CLAUSE	WITHIN_CARRIER	CONTINUATION	HERE_THERE	THE_PHRASE	NONE	CLAUSE	CONTINUATION__HERE_THERE__NONE__THE_PHRASE__NONE	CONTINUATION__HERE_THERE__CLAUSE__THE_PHRASE__CLAUSE	the phrase here and there	the phrase here and there, without stopping	1	4	4	1	1	-4e-06	-5e-06	-4e-06	-4e-06	541	541	1	1	0		
CONTINUATION__HERE_THERE__NONE__THE_PHRASE__NONE__TO__XYZ	WITHIN_CARRIER	CONTINUATION	HERE_THERE	THE_PHRASE	NONE	XYZ	CONTINUATION__HERE_THERE__NONE__THE_PHRASE__NONE	CONTINUATION__HERE_THERE__XYZ__THE_PHRASE__XYZ	the phrase here and there	the phrase here and there xyz	1	4	4	1	1	-4e-06	-5e-06	-4e-06	-4e-06	541	541	1	1	0		
CONTINUATION__HERE_THERE__NONE__THEY_SAID__NONE__TO__AGAIN	WITHIN_CARRIER	CONTINUATION	HERE_THERE	THEY_SAID	NONE	AGAIN	CONTINUATION__HERE_THERE__NONE__THEY_SAID__NONE	CONTINUATION__HERE_THERE__AGAIN__THEY_SAID__AGAIN	they said here and there	they said here and there again	1	4	4	1	1	0.0	0.0	0.0	0.0	541	541	1	1	0		
CONTINUATION__HERE_THERE__NONE__THEY_SAID__NONE__TO__PERIOD	WITHIN_CARRIER	CONTINUATION	HERE_THERE	THEY_SAID	NONE	PERIOD	CONTINUATION__HERE_THERE__NONE__THEY_SAID__NONE	CONTINUATION__HERE_THERE__PERIOD__THEY_SAID__PERIOD	they said here and there	they said here and there.	1	4	4	1	1	0.0	0.0	0.0	0.0	541	541	1	1	0		
CONTINUATION__HERE_THERE__NONE__THEY_SAID__NONE__TO__ROAD	WITHIN_CARRIER	CONTINUATION	HERE_THERE	THEY_SAID	NONE	ROAD	CONTINUATION__HERE_THERE__NONE__THEY_SAID__NONE	CONTINUATION__HERE_THERE__ROAD__THEY_SAID__ROAD	they said here and there	they said here and there the road	1	4	4	1	1	0.0	0.0	0.0	0.0	541	541	1	1	0		
CONTINUATION__HERE_THERE__NONE__THEY_SAID__NONE__TO__CLAUSE	WITHIN_CARRIER	CONTINUATION	HERE_THERE	THEY_SAID	NONE	CLAUSE	CONTINUATION__HERE_THERE__NONE__THEY_SAID__NONE	CONTINUATION__HERE_THERE__CLAUSE__THEY_SAID__CLAUSE	they said here and there	they said here and there, without stopping	1	4	4	1	1	0.0	0.0	0.0	0.0	541	541	1	1	0		
CONTINUATION__HERE_THERE__NONE__THEY_SAID__NONE__TO__XYZ	WITHIN_CARRIER	CONTINUATION	HERE_THERE	THEY_SAID	NONE	XYZ	CONTINUATION__HERE_THERE__NONE__THEY_SAID__NONE	CONTINUATION__HERE_THERE__XYZ__THEY_SAID__XYZ	they said here and there	they said here and there xyz	1	4	4	1	1	0.0	0.0	0.0	-0.236204	541	541	1	1	0		
CORE_FACTORIAL__UP_DOWN__CC__BARE__NONE__TO__V9_SPACE	CARRIER_VS_BARE	CORE_FACTORIAL	UP_DOWN	V9_SPACE	BARE	V9_SPACE	CORE_FACTORIAL__UP_DOWN__CC__BARE__NONE	CORE_FACTORIAL__UP_DOWN__CC__V9_SPACE__NONE	up and down	 up and down	0	2	2	1	1	0.06282	0.035224	0.06282	0.034137	541	541	1	1	0	1	1
CORE_FACTORIAL__UP_DOWN__CC__BARE__NONE__TO__THE_PHRASE	CARRIER_VS_BARE	CORE_FACTORIAL	UP_DOWN	THE_PHRASE	BARE	THE_PHRASE	CORE_FACTORIAL__UP_DOWN__CC__BARE__NONE	CORE_FACTORIAL__UP_DOWN__CC__THE_PHRASE__NONE	up and down	the phrase up and down	0	2	4	1	1	0.282657	0.253712	0.282657	-0.030185	541	541	1	1	0	1	1
CORE_FACTORIAL__UP_DOWN__CC__BARE__NONE__TO__THEY_SAID	CARRIER_VS_BARE	CORE_FACTORIAL	UP_DOWN	THEY_SAID	BARE	THEY_SAID	CORE_FACTORIAL__UP_DOWN__CC__BARE__NONE	CORE_FACTORIAL__UP_DOWN__CC__THEY_SAID__NONE	up and down	they said up and down	0	2	4	1	1	0.161683	0.139601	0.161683	0.172765	541	541	1	1	0	1	1
CORE_FACTORIAL__UP_DOWN__CA__BARE__NONE__TO__V9_SPACE	CARRIER_VS_BARE	CORE_FACTORIAL	UP_DOWN	V9_SPACE	BARE	V9_SPACE	CORE_FACTORIAL__UP_DOWN__CA__BARE__NONE	CORE_FACTORIAL__UP_DOWN__CA__V9_SPACE__NONE	up and window	 up and window	0	2	2	1	1	-0.483669	-0.511264	-0.483669	-0.658729	1790	1790	0	0	0	1	1
CORE_FACTORIAL__UP_DOWN__CA__BARE__NONE__TO__THE_PHRASE	CARRIER_VS_BARE	CORE_FACTORIAL	UP_DOWN	THE_PHRASE	BARE	THE_PHRASE	CORE_FACTORIAL__UP_DOWN__CA__BARE__NONE	CORE_FACTORIAL__UP_DOWN__CA__THE_PHRASE__NONE	up and window	the phrase up and window	0	2	4	1	1	-0.440312	-0.469256	-0.440312	-0.820407	1790	2073	0	0	0	1	1
CORE_FACTORIAL__UP_DOWN__CA__BARE__NONE__TO__THEY_SAID	CARRIER_VS_BARE	CORE_FACTORIAL	UP_DOWN	THEY_SAID	BARE	THEY_SAID	CORE_FACTORIAL__UP_DOWN__CA__BARE__NONE	CORE_FACTORIAL__UP_DOWN__CA__THEY_SAID__NONE	up and window	they said up and window	0	2	4	1	1	-0.707353	-0.729434	-0.707353	-0.813985	1790	62	0	0	0	1	1
CORE_FACTORIAL__UP_DOWN__AC__BARE__NONE__TO__V9_SPACE	CARRIER_VS_BARE	CORE_FACTORIAL	UP_DOWN	V9_SPACE	BARE	V9_SPACE	CORE_FACTORIAL__UP_DOWN__AC__BARE__NONE	CORE_FACTORIAL__UP_DOWN__AC__V9_SPACE__NONE	gravel and down	 gravel and down	0	3	2	1	1	0.00929	0.008273	0.00929	-0.43029	1888	1888	0	0	0	1	1
CORE_FACTORIAL__UP_DOWN__AC__BARE__NONE__TO__THE_PHRASE	CARRIER_VS_BARE	CORE_FACTORIAL	UP_DOWN	THE_PHRASE	BARE	THE_PHRASE	CORE_FACTORIAL__UP_DOWN__AC__BARE__NONE	CORE_FACTORIAL__UP_DOWN__AC__THE_PHRASE__NONE	gravel and down	the phrase gravel and down	0	3	4	1	1	-0.315969	-0.32161	-0.237057	-0.527431	1888	2073	0	0	0	1	1
CORE_FACTORIAL__UP_DOWN__AC__BARE__NONE__TO__THEY_SAID	CARRIER_VS_BARE	CORE_FACTORIAL	UP_DOWN	THEY_SAID	BARE	THEY_SAID	CORE_FACTORIAL__UP_DOWN__AC__BARE__NONE	CORE_FACTORIAL__UP_DOWN__AC__THEY_SAID__NONE	gravel and down	they said gravel and down	0	3	4	1	1	-0.34586	-0.353459	-0.237057	0.344847	1888	2256	0	0	0	1	1
CORE_FACTORIAL__UP_DOWN__AA__BARE__NONE__TO__V9_SPACE	CARRIER_VS_BARE	CORE_FACTORIAL	UP_DOWN	V9_SPACE	BARE	V9_SPACE	CORE_FACTORIAL__UP_DOWN__AA__BARE__NONE	CORE_FACTORIAL__UP_DOWN__AA__V9_SPACE__NONE	gravel and window	 gravel and window	0	3	2	1	1	-0.083445	-0.084462	-0.083445	-0.523024	1888	1888	0	0	0	1	1
CORE_FACTORIAL__UP_DOWN__AA__BARE__NONE__TO__THE_PHRASE	CARRIER_VS_BARE	CORE_FACTORIAL	UP_DOWN	THE_PHRASE	BARE	THE_PHRASE	CORE_FACTORIAL__UP_DOWN__AA__BARE__NONE	CORE_FACTORIAL__UP_DOWN__AA__THE_PHRASE__NONE	gravel and window	the phrase gravel and window	0	3	4	1	1	-0.145068	-0.150709	-0.145068	-0.435442	1888	2073	0	0	0	1	1
CORE_FACTORIAL__UP_DOWN__AA__BARE__NONE__TO__THEY_SAID	CARRIER_VS_BARE	CORE_FACTORIAL	UP_DOWN	THEY_SAID	BARE	THEY_SAID	CORE_FACTORIAL__UP_DOWN__AA__BARE__NONE	CORE_FACTORIAL__UP_DOWN__AA__THEY_SAID__NONE	gravel and window	they said gravel and window	0	3	4	1	1	-0.119647	-0.127246	-0.119647	0.462257	1888	2256	0	0	0	1	1
ENDPOINT_CONTROL__UP_DOWN__FULL_FRAME__BARE__NONE__TO__V9_SPACE	CARRIER_VS_BARE	ENDPOINT_CONTROL	UP_DOWN	V9_SPACE	BARE	V9_SPACE	ENDPOINT_CONTROL__UP_DOWN__FULL_FRAME__BARE__NONE	ENDPOINT_CONTROL__UP_DOWN__FULL_FRAME__V9_SPACE__NONE	up and down	 up and down	0	2	2	1	1	0.06282	0.035224	0.06282	0.034137	541	541	1	1	0	1	1
ENDPOINT_CONTROL__UP_DOWN__FULL_FRAME__BARE__NONE__TO__THE_PHRASE	CARRIER_VS_BARE	ENDPOINT_CONTROL	UP_DOWN	THE_PHRASE	BARE	THE_PHRASE	ENDPOINT_CONTROL__UP_DOWN__FULL_FRAME__BARE__NONE	ENDPOINT_CONTROL__UP_DOWN__FULL_FRAME__THE_PHRASE__NONE	up and down	the phrase up and down	0	2	4	1	1	0.282657	0.253712	0.282657	-0.030185	541	541	1	1	0	1	1
ENDPOINT_CONTROL__UP_DOWN__FULL_FRAME__BARE__NONE__TO__THEY_SAID	CARRIER_VS_BARE	ENDPOINT_CONTROL	UP_DOWN	THEY_SAID	BARE	THEY_SAID	ENDPOINT_CONTROL__UP_DOWN__FULL_FRAME__BARE__NONE	ENDPOINT_CONTROL__UP_DOWN__FULL_FRAME__THEY_SAID__NONE	up and down	they said up and down	0	2	4	1	1	0.161683	0.139601	0.161683	0.172765	541	541	1	1	0	1	1
ENDPOINT_CONTROL__UP_DOWN__SECOND_ONLY__BARE__NONE__TO__V9_SPACE	CARRIER_VS_BARE	ENDPOINT_CONTROL	UP_DOWN	V9_SPACE	BARE	V9_SPACE	ENDPOINT_CONTROL__UP_DOWN__SECOND_ONLY__BARE__NONE	ENDPOINT_CONTROL__UP_DOWN__SECOND_ONLY__V9_SPACE__NONE	down	 down	0	0	0	1	1	-0.002617	-0.002617	0.0	-0.09772	1790	1790	0	0	0	0	1
ENDPOINT_CONTROL__UP_DOWN__SECOND_ONLY__BARE__NONE__TO__THE_PHRASE	CARRIER_VS_BARE	ENDPOINT_CONTROL	UP_DOWN	THE_PHRASE	BARE	THE_PHRASE	ENDPOINT_CONTROL__UP_DOWN__SECOND_ONLY__BARE__NONE	ENDPOINT_CONTROL__UP_DOWN__SECOND_ONLY__THE_PHRASE__NONE	down	the phrase down	0	0	2	1	1	0.084455	0.139937	0.0	-0.645089	1790	2073	0	0	0	0	1
ENDPOINT_CONTROL__UP_DOWN__SECOND_ONLY__BARE__NONE__TO__THEY_SAID	CARRIER_VS_BARE	ENDPOINT_CONTROL	UP_DOWN	THEY_SAID	BARE	THEY_SAID	ENDPOINT_CONTROL__UP_DOWN__SECOND_ONLY__BARE__NONE	ENDPOINT_CONTROL__UP_DOWN__SECOND_ONLY__THEY_SAID__NONE	down	they said down	0	0	2	1	1	0.04013	0.078407	0.0	0.227189	1790	2256	0	0	0	0	1
ENDPOINT_CONTROL__UP_DOWN__CONNECTOR_SECOND__BARE__NONE__TO__V9_SPACE	CARRIER_VS_BARE	ENDPOINT_CONTROL	UP_DOWN	V9_SPACE	BARE	V9_SPACE	ENDPOINT_CONTROL__UP_DOWN__CONNECTOR_SECOND__BARE__NONE	ENDPOINT_CONTROL__UP_DOWN__CONNECTOR_SECOND__V9_SPACE__NONE	and down	 and down	0	1	1	1	1	0.072378	0.078503	0.072378	-0.386866	1790	1790	0	0	0	1	1
ENDPOINT_CONTROL__UP_DOWN__CONNECTOR_SECOND__BARE__NONE__TO__THE_PHRASE	CARRIER_VS_BARE	ENDPOINT_CONTROL	UP_DOWN	THE_PHRASE	BARE	THE_PHRASE	ENDPOINT_CONTROL__UP_DOWN__CONNECTOR_SECOND__BARE__NONE	ENDPOINT_CONTROL__UP_DOWN__CONNECTOR_SECOND__THE_PHRASE__NONE	and down	the phrase and down	0	1	3	1	1	-0.236094	-0.253579	-0.088801	-0.836566	1790	2073	0	0	0	1	1
ENDPOINT_CONTROL__UP_DOWN__CONNECTOR_SECOND__BARE__NONE__TO__THEY_SAID	CARRIER_VS_BARE	ENDPOINT_CONTROL	UP_DOWN	THEY_SAID	BARE	THEY_SAID	ENDPOINT_CONTROL__UP_DOWN__CONNECTOR_SECOND__BARE__NONE	ENDPOINT_CONTROL__UP_DOWN__CONNECTOR_SECOND__THEY_SAID__NONE	and down	they said and down	0	1	3	1	1	-0.1213	-0.122515	-0.088801	-0.195742	1790	1953	0	0	0	1	1
ENDPOINT_CONTROL__UP_DOWN__FIRST_SECOND__BARE__NONE__TO__V9_SPACE	CARRIER_VS_BARE	ENDPOINT_CONTROL	UP_DOWN	V9_SPACE	BARE	V9_SPACE	ENDPOINT_CONTROL__UP_DOWN__FIRST_SECOND__BARE__NONE	ENDPOINT_CONTROL__UP_DOWN__FIRST_SECOND__V9_SPACE__NONE	up down	 up down	0	1	1	1	1	0.246383	0.270473	0.246383	0.071323	1790	1790	0	0	0	1	1
ENDPOINT_CONTROL__UP_DOWN__FIRST_SECOND__BARE__NONE__TO__THE_PHRASE	CARRIER_VS_BARE	ENDPOINT_CONTROL	UP_DOWN	THE_PHRASE	BARE	THE_PHRASE	ENDPOINT_CONTROL__UP_DOWN__FIRST_SECOND__BARE__NONE	ENDPOINT_CONTROL__UP_DOWN__FIRST_SECOND__THE_PHRASE__NONE	up down	the phrase up down	0	1	3	1	1	0.088738	0.01012	0.088738	-0.291356	1790	2073	0	0	0	1	1
ENDPOINT_CONTROL__UP_DOWN__FIRST_SECOND__BARE__NONE__TO__THEY_SAID	CARRIER_VS_BARE	ENDPOINT_CONTROL	UP_DOWN	THEY_SAID	BARE	THEY_SAID	ENDPOINT_CONTROL__UP_DOWN__FIRST_SECOND__BARE__NONE	ENDPOINT_CONTROL__UP_DOWN__FIRST_SECOND__THEY_SAID__NONE	up down	they said up down	0	1	3	1	1	0.306171	0.302177	0.306171	0.798355	1790	2256	0	0	0	1	1
ENDPOINT_CONTROL__UP_DOWN__ARBFIRST_SECOND__BARE__NONE__TO__V9_SPACE	CARRIER_VS_BARE	ENDPOINT_CONTROL	UP_DOWN	V9_SPACE	BARE	V9_SPACE	ENDPOINT_CONTROL__UP_DOWN__ARBFIRST_SECOND__BARE__NONE	ENDPOINT_CONTROL__UP_DOWN__ARBFIRST_SECOND__V9_SPACE__NONE	gravel down	 gravel down	0	2	1	1	1	0.014035	0.081073	0.0	-0.439581	1888	1888	0	0	0	1	1
ENDPOINT_CONTROL__UP_DOWN__ARBFIRST_SECOND__BARE__NONE__TO__THE_PHRASE	CARRIER_VS_BARE	ENDPOINT_CONTROL	UP_DOWN	THE_PHRASE	BARE	THE_PHRASE	ENDPOINT_CONTROL__UP_DOWN__ARBFIRST_SECOND__BARE__NONE	ENDPOINT_CONTROL__UP_DOWN__ARBFIRST_SECOND__THE_PHRASE__NONE	gravel down	the phrase gravel down	0	2	3	1	1	0.022645	-0.018077	0.0	-0.290375	1888	2073	0	0	0	1	1
ENDPOINT_CONTROL__UP_DOWN__ARBFIRST_SECOND__BARE__NONE__TO__THEY_SAID	CARRIER_VS_BARE	ENDPOINT_CONTROL	UP_DOWN	THEY_SAID	BARE	THEY_SAID	ENDPOINT_CONTROL__UP_DOWN__ARBFIRST_SECOND__BARE__NONE	ENDPOINT_CONTROL__UP_DOWN__ARBFIRST_SECOND__THEY_SAID__NONE	gravel down	they said gravel down	0	2	3	1	1	0.059818	0.026432	0.0	0.581903	1888	2256	0	0	0	1	1
ENDPOINT_CONTROL__UP_DOWN__FIRST_REPEAT__BARE__NONE__TO__V9_SPACE	CARRIER_VS_BARE	ENDPOINT_CONTROL	UP_DOWN	V9_SPACE	BARE	V9_SPACE	ENDPOINT_CONTROL__UP_DOWN__FIRST_REPEAT__BARE__NONE	ENDPOINT_CONTROL__UP_DOWN__FIRST_REPEAT__V9_SPACE__NONE	up up	 up up	0	1	1	1	1	0.02008	0.04417	0.0	-0.17506	1790	1790	0	0	0	1	1
ENDPOINT_CONTROL__UP_DOWN__FIRST_REPEAT__BARE__NONE__TO__THE_PHRASE	CARRIER_VS_BARE	ENDPOINT_CONTROL	UP_DOWN	THE_PHRASE	BARE	THE_PHRASE	ENDPOINT_CONTROL__UP_DOWN__FIRST_REPEAT__BARE__NONE	ENDPOINT_CONTROL__UP_DOWN__FIRST_REPEAT__THE_PHRASE__NONE	up up	the phrase up up	0	1	3	1	1	0.060914	-0.017705	0.0	-0.380094	1790	2073	0	0	0	1	1
ENDPOINT_CONTROL__UP_DOWN__FIRST_REPEAT__BARE__NONE__TO__THEY_SAID	CARRIER_VS_BARE	ENDPOINT_CONTROL	UP_DOWN	THEY_SAID	BARE	THEY_SAID	ENDPOINT_CONTROL__UP_DOWN__FIRST_REPEAT__BARE__NONE	ENDPOINT_CONTROL__UP_DOWN__FIRST_REPEAT__THEY_SAID__NONE	up up	they said up up	0	1	3	1	1	-0.024163	-0.028158	0.0	0.358495	1790	1790	0	0	0	1	1
ENDPOINT_CONTROL__UP_DOWN__REVERSED__BARE__NONE__TO__V9_SPACE	CARRIER_VS_BARE	ENDPOINT_CONTROL	UP_DOWN	V9_SPACE	BARE	V9_SPACE	ENDPOINT_CONTROL__UP_DOWN__REVERSED__BARE__NONE	ENDPOINT_CONTROL__UP_DOWN__REVERSED__V9_SPACE__NONE	down and up	 down and up	0	2	2	1	1	-0.232239	-0.251636	-0.232239	0.015461	541	541	1	1	0	1	1
ENDPOINT_CONTROL__UP_DOWN__REVERSED__BARE__NONE__TO__THE_PHRASE	CARRIER_VS_BARE	ENDPOINT_CONTROL	UP_DOWN	THE_PHRASE	BARE	THE_PHRASE	ENDPOINT_CONTROL__UP_DOWN__REVERSED__BARE__NONE	ENDPOINT_CONTROL__UP_DOWN__REVERSED__THE_PHRASE__NONE	down and up	the phrase down and up	0	2	4	1	1	-0.007732	-0.011388	-0.007732	-0.364717	541	541	1	1	0	1	1
ENDPOINT_CONTROL__UP_DOWN__REVERSED__BARE__NONE__TO__THEY_SAID	CARRIER_VS_BARE	ENDPOINT_CONTROL	UP_DOWN	THEY_SAID	BARE	THEY_SAID	ENDPOINT_CONTROL__UP_DOWN__REVERSED__BARE__NONE	ENDPOINT_CONTROL__UP_DOWN__REVERSED__THEY_SAID__NONE	down and up	they said down and up	0	2	4	1	1	0.36347	0.376876	0.36347	-0.400966	541	541	1	1	0	1	1
CORE_FACTORIAL__NOW_THEN__CC__BARE__NONE__TO__V9_SPACE	CARRIER_VS_BARE	CORE_FACTORIAL	NOW_THEN	V9_SPACE	BARE	V9_SPACE	CORE_FACTORIAL__NOW_THEN__CC__BARE__NONE	CORE_FACTORIAL__NOW_THEN__CC__V9_SPACE__NONE	now and then	 now and then	0	2	2	1	1	0.40683	0.400092	0.40683	-0.056894	541	541	1	1	0	1	1
CORE_FACTORIAL__NOW_THEN__CC__BARE__NONE__TO__THE_PHRASE	CARRIER_VS_BARE	CORE_FACTORIAL	NOW_THEN	THE_PHRASE	BARE	THE_PHRASE	CORE_FACTORIAL__NOW_THEN__CC__BARE__NONE	CORE_FACTORIAL__NOW_THEN__CC__THE_PHRASE__NONE	now and then	the phrase now and then	0	2	4	1	1	0.848525	0.847788	0.848525	0.311668	541	541	1	1	0	1	1
CORE_FACTORIAL__NOW_THEN__CC__BARE__NONE__TO__THEY_SAID	CARRIER_VS_BARE	CORE_FACTORIAL	NOW_THEN	THEY_SAID	BARE	THEY_SAID	CORE_FACTORIAL__NOW_THEN__CC__BARE__NONE	CORE_FACTORIAL__NOW_THEN__CC__THEY_SAID__NONE	now and then	they said now and then	0	2	4	1	1	0.471625	0.479092	0.471625	0.643862	541	541	1	1	0	1	1
CORE_FACTORIAL__NOW_THEN__CA__BARE__NONE__TO__V9_SPACE	CARRIER_VS_BARE	CORE_FACTORIAL	NOW_THEN	V9_SPACE	BARE	V9_SPACE	CORE_FACTORIAL__NOW_THEN__CA__BARE__NONE	CORE_FACTORIAL__NOW_THEN__CA__V9_SPACE__NONE	now and ocean	 now and ocean	0	2	2	1	1	-0.545632	-0.55237	-0.445167	-0.808791	1888	1888	0	0	0	1	1
CORE_FACTORIAL__NOW_THEN__CA__BARE__NONE__TO__THE_PHRASE	CARRIER_VS_BARE	CORE_FACTORIAL	NOW_THEN	THE_PHRASE	BARE	THE_PHRASE	CORE_FACTORIAL__NOW_THEN__CA__BARE__NONE	CORE_FACTORIAL__NOW_THEN__CA__THE_PHRASE__NONE	now and ocean	the phrase now and ocean	0	2	4	1	1	-0.541242	-0.541979	-0.445167	-0.881924	1888	2073	0	0	0	1	1
CORE_FACTORIAL__NOW_THEN__CA__BARE__NONE__TO__THEY_SAID	CARRIER_VS_BARE	CORE_FACTORIAL	NOW_THEN	THEY_SAID	BARE	THEY_SAID	CORE_FACTORIAL__NOW_THEN__CA__BARE__NONE	CORE_FACTORIAL__NOW_THEN__CA__THEY_SAID__NONE	now and ocean	they said now and ocean	0	2	4	1	1	-0.614957	-0.607491	-0.445167	-0.33704	1888	1888	0	0	0	1	1
CORE_FACTORIAL__NOW_THEN__AC__BARE__NONE__TO__V9_SPACE	CARRIER_VS_BARE	CORE_FACTORIAL	NOW_THEN	V9_SPACE	BARE	V9_SPACE	CORE_FACTORIAL__NOW_THEN__AC__BARE__NONE	CORE_FACTORIAL__NOW_THEN__AC__V9_SPACE__NONE	velvet and then	 velvet and then	0	3	2	1	1	0.006601	-0.0096	0.0	-0.830844	1790	1888	0	0	0	1	1
CORE_FACTORIAL__NOW_THEN__AC__BARE__NONE__TO__THE_PHRASE	CARRIER_VS_BARE	CORE_FACTORIAL	NOW_THEN	THE_PHRASE	BARE	THE_PHRASE	CORE_FACTORIAL__NOW_THEN__AC__BARE__NONE	CORE_FACTORIAL__NOW_THEN__AC__THE_PHRASE__NONE	velvet and then	the phrase velvet and then	0	3	4	1	1	-0.003053	-0.031282	0.0	-0.749508	1790	2073	0	0	0	1	1
CORE_FACTORIAL__NOW_THEN__AC__BARE__NONE__TO__THEY_SAID	CARRIER_VS_BARE	CORE_FACTORIAL	NOW_THEN	THEY_SAID	BARE	THEY_SAID	CORE_FACTORIAL__NOW_THEN__AC__BARE__NONE	CORE_FACTORIAL__NOW_THEN__AC__THEY_SAID__NONE	velvet and then	they said velvet and then	0	3	4	1	1	0.031124	0.006729	0.0	0.12277	1790	2256	0	0	0	1	1
CORE_FACTORIAL__NOW_THEN__AA__BARE__NONE__TO__V9_SPACE	CARRIER_VS_BARE	CORE_FACTORIAL	NOW_THEN	V9_SPACE	BARE	V9_SPACE	CORE_FACTORIAL__NOW_THEN__AA__BARE__NONE	CORE_FACTORIAL__NOW_THEN__AA__V9_SPACE__NONE	velvet and ocean	 velvet and ocean	0	3	2	1	1	-0.064163	-0.080364	-0.064163	-0.895007	1790	1888	0	0	0	1	1
CORE_FACTORIAL__NOW_THEN__AA__BARE__NONE__TO__THE_PHRASE	CARRIER_VS_BARE	CORE_FACTORIAL	NOW_THEN	THE_PHRASE	BARE	THE_PHRASE	CORE_FACTORIAL__NOW_THEN__AA__BARE__NONE	CORE_FACTORIAL__NOW_THEN__AA__THE_PHRASE__NONE	velvet and ocean	the phrase velvet and ocean	0	3	4	1	1	-0.3121	-0.340329	-0.3121	-1.061609	1790	2073	0	0	0	1	1
CORE_FACTORIAL__NOW_THEN__AA__BARE__NONE__TO__THEY_SAID	CARRIER_VS_BARE	CORE_FACTORIAL	NOW_THEN	THEY_SAID	BARE	THEY_SAID	CORE_FACTORIAL__NOW_THEN__AA__BARE__NONE	CORE_FACTORIAL__NOW_THEN__AA__THEY_SAID__NONE	velvet and ocean	they said velvet and ocean	0	3	4	1	1	-0.163713	-0.188108	-0.163713	-0.040943	1790	2256	0	0	0	1	1
ENDPOINT_CONTROL__NOW_THEN__FULL_FRAME__BARE__NONE__TO__V9_SPACE	CARRIER_VS_BARE	ENDPOINT_CONTROL	NOW_THEN	V9_SPACE	BARE	V9_SPACE	ENDPOINT_CONTROL__NOW_THEN__FULL_FRAME__BARE__NONE	ENDPOINT_CONTROL__NOW_THEN__FULL_FRAME__V9_SPACE__NONE	now and then	 now and then	0	2	2	1	1	0.40683	0.400092	0.40683	-0.056894	541	541	1	1	0	1	1
ENDPOINT_CONTROL__NOW_THEN__FULL_FRAME__BARE__NONE__TO__THE_PHRASE	CARRIER_VS_BARE	ENDPOINT_CONTROL	NOW_THEN	THE_PHRASE	BARE	THE_PHRASE	ENDPOINT_CONTROL__NOW_THEN__FULL_FRAME__BARE__NONE	ENDPOINT_CONTROL__NOW_THEN__FULL_FRAME__THE_PHRASE__NONE	now and then	the phrase now and then	0	2	4	1	1	0.848525	0.847788	0.848525	0.311668	541	541	1	1	0	1	1
ENDPOINT_CONTROL__NOW_THEN__FULL_FRAME__BARE__NONE__TO__THEY_SAID	CARRIER_VS_BARE	ENDPOINT_CONTROL	NOW_THEN	THEY_SAID	BARE	THEY_SAID	ENDPOINT_CONTROL__NOW_THEN__FULL_FRAME__BARE__NONE	ENDPOINT_CONTROL__NOW_THEN__FULL_FRAME__THEY_SAID__NONE	now and then	they said now and then	0	2	4	1	1	0.471625	0.479092	0.471625	0.643862	541	541	1	1	0	1	1
ENDPOINT_CONTROL__NOW_THEN__SECOND_ONLY__BARE__NONE__TO__V9_SPACE	CARRIER_VS_BARE	ENDPOINT_CONTROL	NOW_THEN	V9_SPACE	BARE	V9_SPACE	ENDPOINT_CONTROL__NOW_THEN__SECOND_ONLY__BARE__NONE	ENDPOINT_CONTROL__NOW_THEN__SECOND_ONLY__V9_SPACE__NONE	then	 then	0	0	0	1	1	-0.017599	-0.017599	0.0	-1.297915	1790	464	0	0	0	0	1
ENDPOINT_CONTROL__NOW_THEN__SECOND_ONLY__BARE__NONE__TO__THE_PHRASE	CARRIER_VS_BARE	ENDPOINT_CONTROL	NOW_THEN	THE_PHRASE	BARE	THE_PHRASE	ENDPOINT_CONTROL__NOW_THEN__SECOND_ONLY__BARE__NONE	ENDPOINT_CONTROL__NOW_THEN__SECOND_ONLY__THE_PHRASE__NONE	then	the phrase then	0	0	2	1	1	-0.029375	0.026107	0.0	-0.857607	1790	2073	0	0	0	0	1
ENDPOINT_CONTROL__NOW_THEN__SECOND_ONLY__BARE__NONE__TO__THEY_SAID	CARRIER_VS_BARE	ENDPOINT_CONTROL	NOW_THEN	THEY_SAID	BARE	THEY_SAID	ENDPOINT_CONTROL__NOW_THEN__SECOND_ONLY__BARE__NONE	ENDPOINT_CONTROL__NOW_THEN__SECOND_ONLY__THEY_SAID__NONE	then	they said then	0	0	2	1	1	-0.055465	-0.017187	0.0	0.014671	1790	2256	0	0	0	0	1
ENDPOINT_CONTROL__NOW_THEN__CONNECTOR_SECOND__BARE__NONE__TO__V9_SPACE	CARRIER_VS_BARE	ENDPOINT_CONTROL	NOW_THEN	V9_SPACE	BARE	V9_SPACE	ENDPOINT_CONTROL__NOW_THEN__CONNECTOR_SECOND__BARE__NONE	ENDPOINT_CONTROL__NOW_THEN__CONNECTOR_SECOND__V9_SPACE__NONE	and then	 and then	0	1	1	1	1	0.013796	0.019921	0.0	-0.459244	1790	1790	0	0	0	1	1
ENDPOINT_CONTROL__NOW_THEN__CONNECTOR_SECOND__BARE__NONE__TO__THE_PHRASE	CARRIER_VS_BARE	ENDPOINT_CONTROL	NOW_THEN	THE_PHRASE	BARE	THE_PHRASE	ENDPOINT_CONTROL__NOW_THEN__CONNECTOR_SECOND__BARE__NONE	ENDPOINT_CONTROL__NOW_THEN__CONNECTOR_SECOND__THE_PHRASE__NONE	and then	the phrase and then	0	1	3	1	1	0.086396	0.068911	0.0	-0.747765	1790	2073	0	0	0	1	1
ENDPOINT_CONTROL__NOW_THEN__CONNECTOR_SECOND__BARE__NONE__TO__THEY_SAID	CARRIER_VS_BARE	ENDPOINT_CONTROL	NOW_THEN	THEY_SAID	BARE	THEY_SAID	ENDPOINT_CONTROL__NOW_THEN__CONNECTOR_SECOND__BARE__NONE	ENDPOINT_CONTROL__NOW_THEN__CONNECTOR_SECOND__THEY_SAID__NONE	and then	they said and then	0	1	3	1	1	-0.009779	-0.010995	0.0	-0.106941	1790	1953	0	0	0	1	1
ENDPOINT_CONTROL__NOW_THEN__FIRST_SECOND__BARE__NONE__TO__V9_SPACE	CARRIER_VS_BARE	ENDPOINT_CONTROL	NOW_THEN	V9_SPACE	BARE	V9_SPACE	ENDPOINT_CONTROL__NOW_THEN__FIRST_SECOND__BARE__NONE	ENDPOINT_CONTROL__NOW_THEN__FIRST_SECOND__V9_SPACE__NONE	now then	 now then	0	1	1	1	1	0.234136	0.191256	0.234136	-0.229588	1888	1888	0	0	0	1	1
ENDPOINT_CONTROL__NOW_THEN__FIRST_SECOND__BARE__NONE__TO__THE_PHRASE	CARRIER_VS_BARE	ENDPOINT_CONTROL	NOW_THEN	THE_PHRASE	BARE	THE_PHRASE	ENDPOINT_CONTROL__NOW_THEN__FIRST_SECOND__BARE__NONE	ENDPOINT_CONTROL__NOW_THEN__FIRST_SECOND__THE_PHRASE__NONE	now then	the phrase now then	0	1	3	1	1	-0.262855	-0.374489	-0.262855	-0.799712	1888	2073	0	0	0	1	1
ENDPOINT_CONTROL__NOW_THEN__FIRST_SECOND__BARE__NONE__TO__THEY_SAID	CARRIER_VS_BARE	ENDPOINT_CONTROL	NOW_THEN	THEY_SAID	BARE	THEY_SAID	ENDPOINT_CONTROL__NOW_THEN__FIRST_SECOND__BARE__NONE	ENDPOINT_CONTROL__NOW_THEN__FIRST_SECOND__THEY_SAID__NONE	now then	they said now then	0	1	3	1	1	-0.462814	-0.479423	-0.429761	-0.09434	1888	2256	0	0	0	1	1
ENDPOINT_CONTROL__NOW_THEN__ARBFIRST_SECOND__BARE__NONE__TO__V9_SPACE	CARRIER_VS_BARE	ENDPOINT_CONTROL	NOW_THEN	V9_SPACE	BARE	V9_SPACE	ENDPOINT_CONTROL__NOW_THEN__ARBFIRST_SECOND__BARE__NONE	ENDPOINT_CONTROL__NOW_THEN__ARBFIRST_SECOND__V9_SPACE__NONE	velvet then	 velvet then	0	2	1	1	1	0.028677	0.06506	0.0	-0.830844	1790	1888	0	0	0	1	1
ENDPOINT_CONTROL__NOW_THEN__ARBFIRST_SECOND__BARE__NONE__TO__THE_PHRASE	CARRIER_VS_BARE	ENDPOINT_CONTROL	NOW_THEN	THE_PHRASE	BARE	THE_PHRASE	ENDPOINT_CONTROL__NOW_THEN__ARBFIRST_SECOND__BARE__NONE	ENDPOINT_CONTROL__NOW_THEN__ARBFIRST_SECOND__THE_PHRASE__NONE	velvet then	the phrase velvet then	0	2	3	1	1	0.028512	-0.031165	0.0	-0.749508	1790	2073	0	0	0	1	1
ENDPOINT_CONTROL__NOW_THEN__ARBFIRST_SECOND__BARE__NONE__TO__THEY_SAID	CARRIER_VS_BARE	ENDPOINT_CONTROL	NOW_THEN	THEY_SAID	BARE	THEY_SAID	ENDPOINT_CONTROL__NOW_THEN__ARBFIRST_SECOND__BARE__NONE	ENDPOINT_CONTROL__NOW_THEN__ARBFIRST_SECOND__THEY_SAID__NONE	velvet then	they said velvet then	0	2	3	1	1	0.096383	0.072484	0.0	0.12277	1790	2256	0	0	0	1	1
ENDPOINT_CONTROL__NOW_THEN__FIRST_REPEAT__BARE__NONE__TO__V9_SPACE	CARRIER_VS_BARE	ENDPOINT_CONTROL	NOW_THEN	V9_SPACE	BARE	V9_SPACE	ENDPOINT_CONTROL__NOW_THEN__FIRST_REPEAT__BARE__NONE	ENDPOINT_CONTROL__NOW_THEN__FIRST_REPEAT__V9_SPACE__NONE	now now	 now now	0	1	1	1	1	-0.043745	-0.086625	0.0	-0.463724	1888	1888	0	0	0	1	1
ENDPOINT_CONTROL__NOW_THEN__FIRST_REPEAT__BARE__NONE__TO__THE_PHRASE	CARRIER_VS_BARE	ENDPOINT_CONTROL	NOW_THEN	THE_PHRASE	BARE	THE_PHRASE	ENDPOINT_CONTROL__NOW_THEN__FIRST_REPEAT__BARE__NONE	ENDPOINT_CONTROL__NOW_THEN__FIRST_REPEAT__THE_PHRASE__NONE	now now	the phrase now now	0	1	3	1	1	0.00273	-0.108904	0.0	-0.536857	1888	2073	0	0	0	1	1
ENDPOINT_CONTROL__NOW_THEN__FIRST_REPEAT__BARE__NONE__TO__THEY_SAID	CARRIER_VS_BARE	ENDPOINT_CONTROL	NOW_THEN	THEY_SAID	BARE	THEY_SAID	ENDPOINT_CONTROL__NOW_THEN__FIRST_REPEAT__BARE__NONE	ENDPOINT_CONTROL__NOW_THEN__FIRST_REPEAT__THEY_SAID__NONE	now now	they said now now	0	1	3	1	1	-0.062633	-0.079242	0.0	0.335421	1888	2256	0	0	0	1	1
ENDPOINT_CONTROL__NOW_THEN__REVERSED__BARE__NONE__TO__V9_SPACE	CARRIER_VS_BARE	ENDPOINT_CONTROL	NOW_THEN	V9_SPACE	BARE	V9_SPACE	ENDPOINT_CONTROL__NOW_THEN__REVERSED__BARE__NONE	ENDPOINT_CONTROL__NOW_THEN__REVERSED__V9_SPACE__NONE	then and now	 then and now	0	2	2	1	1	0.001264	0.00693	0.001264	-1.29665	541	541	1	1	0	1	1
ENDPOINT_CONTROL__NOW_THEN__REVERSED__BARE__NONE__TO__THE_PHRASE	CARRIER_VS_BARE	ENDPOINT_CONTROL	NOW_THEN	THE_PHRASE	BARE	THE_PHRASE	ENDPOINT_CONTROL__NOW_THEN__REVERSED__BARE__NONE	ENDPOINT_CONTROL__NOW_THEN__REVERSED__THE_PHRASE__NONE	then and now	the phrase then and now	0	2	4	1	1	0.456659	0.473659	0.456659	-0.400948	541	541	1	1	0	1	1
ENDPOINT_CONTROL__NOW_THEN__REVERSED__BARE__NONE__TO__THEY_SAID	CARRIER_VS_BARE	ENDPOINT_CONTROL	NOW_THEN	THEY_SAID	BARE	THEY_SAID	ENDPOINT_CONTROL__NOW_THEN__REVERSED__BARE__NONE	ENDPOINT_CONTROL__NOW_THEN__REVERSED__THEY_SAID__NONE	then and now	they said then and now	0	2	4	1	1	0.805655	0.803286	0.805655	-0.707304	541	541	1	1	0	1	1
CORE_FACTORIAL__HERE_THERE__CC__BARE__NONE__TO__V9_SPACE	CARRIER_VS_BARE	CORE_FACTORIAL	HERE_THERE	V9_SPACE	BARE	V9_SPACE	CORE_FACTORIAL__HERE_THERE__CC__BARE__NONE	CORE_FACTORIAL__HERE_THERE__CC__V9_SPACE__NONE	here and there	 here and there	0	2	2	1	1	-0.357373	-0.361808	-0.357373	-0.622677	541	541	1	1	0	1	1
CORE_FACTORIAL__HERE_THERE__CC__BARE__NONE__TO__THE_PHRASE	CARRIER_VS_BARE	CORE_FACTORIAL	HERE_THERE	THE_PHRASE	BARE	THE_PHRASE	CORE_FACTORIAL__HERE_THERE__CC__BARE__NONE	CORE_FACTORIAL__HERE_THERE__CC__THE_PHRASE__NONE	here and there	the phrase here and there	0	2	4	1	1	-0.031276	-0.043247	-0.031276	-0.633653	541	541	1	1	0	1	1
CORE_FACTORIAL__HERE_THERE__CC__BARE__NONE__TO__THEY_SAID	CARRIER_VS_BARE	CORE_FACTORIAL	HERE_THERE	THEY_SAID	BARE	THEY_SAID	CORE_FACTORIAL__HERE_THERE__CC__BARE__NONE	CORE_FACTORIAL__HERE_THERE__CC__THEY_SAID__NONE	here and there	they said here and there	0	2	4	1	1	0.060027	0.059105	0.060027	-0.237772	541	541	1	1	0	1	1
CORE_FACTORIAL__HERE_THERE__CA__BARE__NONE__TO__V9_SPACE	CARRIER_VS_BARE	CORE_FACTORIAL	HERE_THERE	V9_SPACE	BARE	V9_SPACE	CORE_FACTORIAL__HERE_THERE__CA__BARE__NONE	CORE_FACTORIAL__HERE_THERE__CA__V9_SPACE__NONE	here and forest	 here and forest	0	2	2	1	1	-0.011269	-0.015704	0.0	0.021581	1888	1888	0	0	0	1	1
CORE_FACTORIAL__HERE_THERE__CA__BARE__NONE__TO__THE_PHRASE	CARRIER_VS_BARE	CORE_FACTORIAL	HERE_THERE	THE_PHRASE	BARE	THE_PHRASE	CORE_FACTORIAL__HERE_THERE__CA__BARE__NONE	CORE_FACTORIAL__HERE_THERE__CA__THE_PHRASE__NONE	here and forest	the phrase here and forest	0	2	4	1	1	-0.003258	-0.015229	0.0	-0.224682	1888	2073	0	0	0	1	1
CORE_FACTORIAL__HERE_THERE__CA__BARE__NONE__TO__THEY_SAID	CARRIER_VS_BARE	CORE_FACTORIAL	HERE_THERE	THEY_SAID	BARE	THEY_SAID	CORE_FACTORIAL__HERE_THERE__CA__BARE__NONE	CORE_FACTORIAL__HERE_THERE__CA__THEY_SAID__NONE	here and forest	they said here and forest	0	2	4	1	1	0.018384	0.017463	0.0	0.18887	1888	1888	0	0	0	1	1
CORE_FACTORIAL__HERE_THERE__AC__BARE__NONE__TO__V9_SPACE	CARRIER_VS_BARE	CORE_FACTORIAL	HERE_THERE	V9_SPACE	BARE	V9_SPACE	CORE_FACTORIAL__HERE_THERE__AC__BARE__NONE	CORE_FACTORIAL__HERE_THERE__AC__V9_SPACE__NONE	marble and there	 marble and there	0	3	2	1	1	0.020391	0.011646	0.0	-0.736844	1790	1888	0	0	0	1	1
CORE_FACTORIAL__HERE_THERE__AC__BARE__NONE__TO__THE_PHRASE	CARRIER_VS_BARE	CORE_FACTORIAL	HERE_THERE	THE_PHRASE	BARE	THE_PHRASE	CORE_FACTORIAL__HERE_THERE__AC__BARE__NONE	CORE_FACTORIAL__HERE_THERE__AC__THE_PHRASE__NONE	marble and there	the phrase marble and there	0	3	4	1	1	0.021249	-0.004025	0.0	-0.31471	1790	2073	0	0	0	1	1
CORE_FACTORIAL__HERE_THERE__AC__BARE__NONE__TO__THEY_SAID	CARRIER_VS_BARE	CORE_FACTORIAL	HERE_THERE	THEY_SAID	BARE	THEY_SAID	CORE_FACTORIAL__HERE_THERE__AC__BARE__NONE	CORE_FACTORIAL__HERE_THERE__AC__THEY_SAID__NONE	marble and there	they said marble and there	0	3	4	1	1	0.055673	0.0323	0.0	0.333969	1790	1888	0	0	0	1	1
CORE_FACTORIAL__HERE_THERE__AA__BARE__NONE__TO__V9_SPACE	CARRIER_VS_BARE	CORE_FACTORIAL	HERE_THERE	V9_SPACE	BARE	V9_SPACE	CORE_FACTORIAL__HERE_THERE__AA__BARE__NONE	CORE_FACTORIAL__HERE_THERE__AA__V9_SPACE__NONE	marble and forest	 marble and forest	0	3	2	1	1	0.190623	0.181879	0.190623	-0.546221	1790	1888	0	0	0	1	1
CORE_FACTORIAL__HERE_THERE__AA__BARE__NONE__TO__THE_PHRASE	CARRIER_VS_BARE	CORE_FACTORIAL	HERE_THERE	THE_PHRASE	BARE	THE_PHRASE	CORE_FACTORIAL__HERE_THERE__AA__BARE__NONE	CORE_FACTORIAL__HERE_THERE__AA__THE_PHRASE__NONE	marble and forest	the phrase marble and forest	0	3	4	1	1	-0.105824	-0.131096	-0.105824	-0.420534	1790	2073	0	0	0	1	1
CORE_FACTORIAL__HERE_THERE__AA__BARE__NONE__TO__THEY_SAID	CARRIER_VS_BARE	CORE_FACTORIAL	HERE_THERE	THEY_SAID	BARE	THEY_SAID	CORE_FACTORIAL__HERE_THERE__AA__BARE__NONE	CORE_FACTORIAL__HERE_THERE__AA__THEY_SAID__NONE	marble and forest	they said marble and forest	0	3	4	1	1	-0.043865	-0.067237	-0.043865	0.290104	1790	1888	0	0	0	1	1
ENDPOINT_CONTROL__HERE_THERE__FULL_FRAME__BARE__NONE__TO__V9_SPACE	CARRIER_VS_BARE	ENDPOINT_CONTROL	HERE_THERE	V9_SPACE	BARE	V9_SPACE	ENDPOINT_CONTROL__HERE_THERE__FULL_FRAME__BARE__NONE	ENDPOINT_CONTROL__HERE_THERE__FULL_FRAME__V9_SPACE__NONE	here and there	 here and there	0	2	2	1	1	-0.357373	-0.361808	-0.357373	-0.622677	541	541	1	1	0	1	1
ENDPOINT_CONTROL__HERE_THERE__FULL_FRAME__BARE__NONE__TO__THE_PHRASE	CARRIER_VS_BARE	ENDPOINT_CONTROL	HERE_THERE	THE_PHRASE	BARE	THE_PHRASE	ENDPOINT_CONTROL__HERE_THERE__FULL_FRAME__BARE__NONE	ENDPOINT_CONTROL__HERE_THERE__FULL_FRAME__THE_PHRASE__NONE	here and there	the phrase here and there	0	2	4	1	1	-0.031276	-0.043247	-0.031276	-0.633653	541	541	1	1	0	1	1
ENDPOINT_CONTROL__HERE_THERE__FULL_FRAME__BARE__NONE__TO__THEY_SAID	CARRIER_VS_BARE	ENDPOINT_CONTROL	HERE_THERE	THEY_SAID	BARE	THEY_SAID	ENDPOINT_CONTROL__HERE_THERE__FULL_FRAME__BARE__NONE	ENDPOINT_CONTROL__HERE_THERE__FULL_FRAME__THEY_SAID__NONE	here and there	they said here and there	0	2	4	1	1	0.060027	0.059105	0.060027	-0.237772	541	541	1	1	0	1	1
ENDPOINT_CONTROL__HERE_THERE__SECOND_ONLY__BARE__NONE__TO__V9_SPACE	CARRIER_VS_BARE	ENDPOINT_CONTROL	HERE_THERE	V9_SPACE	BARE	V9_SPACE	ENDPOINT_CONTROL__HERE_THERE__SECOND_ONLY__BARE__NONE	ENDPOINT_CONTROL__HERE_THERE__SECOND_ONLY__V9_SPACE__NONE	there	 there	0	0	0	1	1	-0.064974	-0.064974	0.0	-0.382484	1888	1888	0	0	0	0	1
ENDPOINT_CONTROL__HERE_THERE__SECOND_ONLY__BARE__NONE__TO__THE_PHRASE	CARRIER_VS_BARE	ENDPOINT_CONTROL	HERE_THERE	THE_PHRASE	BARE	THE_PHRASE	ENDPOINT_CONTROL__HERE_THERE__SECOND_ONLY__BARE__NONE	ENDPOINT_CONTROL__HERE_THERE__SECOND_ONLY__THE_PHRASE__NONE	there	the phrase there	0	0	2	1	1	0.062731	0.118213	0.0	-0.711506	1888	2073	0	0	0	0	1
ENDPOINT_CONTROL__HERE_THERE__SECOND_ONLY__BARE__NONE__TO__THEY_SAID	CARRIER_VS_BARE	ENDPOINT_CONTROL	HERE_THERE	THEY_SAID	BARE	THEY_SAID	ENDPOINT_CONTROL__HERE_THERE__SECOND_ONLY__BARE__NONE	ENDPOINT_CONTROL__HERE_THERE__SECOND_ONLY__THEY_SAID__NONE	there	they said there	0	0	2	1	1	0.036433	0.074711	0.0	0.160772	1888	2256	0	0	0	0	1
ENDPOINT_CONTROL__HERE_THERE__CONNECTOR_SECOND__BARE__NONE__TO__V9_SPACE	CARRIER_VS_BARE	ENDPOINT_CONTROL	HERE_THERE	V9_SPACE	BARE	V9_SPACE	ENDPOINT_CONTROL__HERE_THERE__CONNECTOR_SECOND__BARE__NONE	ENDPOINT_CONTROL__HERE_THERE__CONNECTOR_SECOND__V9_SPACE__NONE	and there	 and there	0	1	1	1	1	0.026227	0.032352	0.0	-0.459244	1790	1790	0	0	0	1	1
ENDPOINT_CONTROL__HERE_THERE__CONNECTOR_SECOND__BARE__NONE__TO__THE_PHRASE	CARRIER_VS_BARE	ENDPOINT_CONTROL	HERE_THERE	THE_PHRASE	BARE	THE_PHRASE	ENDPOINT_CONTROL__HERE_THERE__CONNECTOR_SECOND__BARE__NONE	ENDPOINT_CONTROL__HERE_THERE__CONNECTOR_SECOND__THE_PHRASE__NONE	and there	the phrase and there	0	1	3	1	1	-0.011716	-0.029201	0.0	-0.747765	1790	2073	0	0	0	1	1
ENDPOINT_CONTROL__HERE_THERE__CONNECTOR_SECOND__BARE__NONE__TO__THEY_SAID	CARRIER_VS_BARE	ENDPOINT_CONTROL	HERE_THERE	THEY_SAID	BARE	THEY_SAID	ENDPOINT_CONTROL__HERE_THERE__CONNECTOR_SECOND__BARE__NONE	ENDPOINT_CONTROL__HERE_THERE__CONNECTOR_SECOND__THEY_SAID__NONE	and there	they said and there	0	1	3	1	1	-0.007485	-0.0087	0.0	-0.106941	1790	1953	0	0	0	1	1
ENDPOINT_CONTROL__HERE_THERE__FIRST_SECOND__BARE__NONE__TO__V9_SPACE	CARRIER_VS_BARE	ENDPOINT_CONTROL	HERE_THERE	V9_SPACE	BARE	V9_SPACE	ENDPOINT_CONTROL__HERE_THERE__FIRST_SECOND__BARE__NONE	ENDPOINT_CONTROL__HERE_THERE__FIRST_SECOND__V9_SPACE__NONE	here there	 here there	0	1	1	1	1	0.20408	0.222658	0.036398	-0.275139	3017	464	0	0	0	1	1
ENDPOINT_CONTROL__HERE_THERE__FIRST_SECOND__BARE__NONE__TO__THE_PHRASE	CARRIER_VS_BARE	ENDPOINT_CONTROL	HERE_THERE	THE_PHRASE	BARE	THE_PHRASE	ENDPOINT_CONTROL__HERE_THERE__FIRST_SECOND__BARE__NONE	ENDPOINT_CONTROL__HERE_THERE__FIRST_SECOND__THE_PHRASE__NONE	here there	the phrase here there	0	1	3	1	1	0.057702	0.022407	0.0	-0.648609	3017	2073	0	0	0	1	1
ENDPOINT_CONTROL__HERE_THERE__FIRST_SECOND__BARE__NONE__TO__THEY_SAID	CARRIER_VS_BARE	ENDPOINT_CONTROL	HERE_THERE	THEY_SAID	BARE	THEY_SAID	ENDPOINT_CONTROL__HERE_THERE__FIRST_SECOND__BARE__NONE	ENDPOINT_CONTROL__HERE_THERE__FIRST_SECOND__THEY_SAID__NONE	here there	they said here there	0	1	3	1	1	-0.002098	0.050158	0.0	0.223669	3017	2256	0	0	0	1	1
ENDPOINT_CONTROL__HERE_THERE__ARBFIRST_SECOND__BARE__NONE__TO__V9_SPACE	CARRIER_VS_BARE	ENDPOINT_CONTROL	HERE_THERE	V9_SPACE	BARE	V9_SPACE	ENDPOINT_CONTROL__HERE_THERE__ARBFIRST_SECOND__BARE__NONE	ENDPOINT_CONTROL__HERE_THERE__ARBFIRST_SECOND__V9_SPACE__NONE	marble there	 marble there	0	2	1	1	1	0.049546	0.090801	0.0	-0.736844	1790	1888	0	0	0	1	1
ENDPOINT_CONTROL__HERE_THERE__ARBFIRST_SECOND__BARE__NONE__TO__THE_PHRASE	CARRIER_VS_BARE	ENDPOINT_CONTROL	HERE_THERE	THE_PHRASE	BARE	THE_PHRASE	ENDPOINT_CONTROL__HERE_THERE__ARBFIRST_SECOND__BARE__NONE	ENDPOINT_CONTROL__HERE_THERE__ARBFIRST_SECOND__THE_PHRASE__NONE	marble there	the phrase marble there	0	2	3	1	1	0.08299	0.026804	0.0	-0.31471	1790	2073	0	0	0	1	1
ENDPOINT_CONTROL__HERE_THERE__ARBFIRST_SECOND__BARE__NONE__TO__THEY_SAID	CARRIER_VS_BARE	ENDPOINT_CONTROL	HERE_THERE	THEY_SAID	BARE	THEY_SAID	ENDPOINT_CONTROL__HERE_THERE__ARBFIRST_SECOND__BARE__NONE	ENDPOINT_CONTROL__HERE_THERE__ARBFIRST_SECOND__THEY_SAID__NONE	marble there	they said marble there	0	2	3	1	1	0.104448	0.092861	0.0	0.333969	1790	1888	0	0	0	1	1
ENDPOINT_CONTROL__HERE_THERE__FIRST_REPEAT__BARE__NONE__TO__V9_SPACE	CARRIER_VS_BARE	ENDPOINT_CONTROL	HERE_THERE	V9_SPACE	BARE	V9_SPACE	ENDPOINT_CONTROL__HERE_THERE__FIRST_REPEAT__BARE__NONE	ENDPOINT_CONTROL__HERE_THERE__FIRST_REPEAT__V9_SPACE__NONE	here here	 here here	0	1	1	1	1	-0.001267	0.017312	0.0	-0.311536	3017	464	0	0	0	1	1
ENDPOINT_CONTROL__HERE_THERE__FIRST_REPEAT__BARE__NONE__TO__THE_PHRASE	CARRIER_VS_BARE	ENDPOINT_CONTROL	HERE_THERE	THE_PHRASE	BARE	THE_PHRASE	ENDPOINT_CONTROL__HERE_THERE__FIRST_REPEAT__BARE__NONE	ENDPOINT_CONTROL__HERE_THERE__FIRST_REPEAT__THE_PHRASE__NONE	here here	the phrase here here	0	1	3	1	1	0.052828	0.017535	0.0	-0.648609	3017	2073	0	0	0	1	1
ENDPOINT_CONTROL__HERE_THERE__FIRST_REPEAT__BARE__NONE__TO__THEY_SAID	CARRIER_VS_BARE	ENDPOINT_CONTROL	HERE_THERE	THEY_SAID	BARE	THEY_SAID	ENDPOINT_CONTROL__HERE_THERE__FIRST_REPEAT__BARE__NONE	ENDPOINT_CONTROL__HERE_THERE__FIRST_REPEAT__THEY_SAID__NONE	here here	they said here here	0	1	3	1	1	-0.010586	0.041671	0.0	0.223669	3017	2256	0	0	0	1	1
ENDPOINT_CONTROL__HERE_THERE__REVERSED__BARE__NONE__TO__V9_SPACE	CARRIER_VS_BARE	ENDPOINT_CONTROL	HERE_THERE	V9_SPACE	BARE	V9_SPACE	ENDPOINT_CONTROL__HERE_THERE__REVERSED__BARE__NONE	ENDPOINT_CONTROL__HERE_THERE__REVERSED__V9_SPACE__NONE	there and here	 there and here	0	2	2	1	1	-0.116301	-0.128182	-0.116301	-0.237134	541	541	1	1	0	1	1
ENDPOINT_CONTROL__HERE_THERE__REVERSED__BARE__NONE__TO__THE_PHRASE	CARRIER_VS_BARE	ENDPOINT_CONTROL	HERE_THERE	THE_PHRASE	BARE	THE_PHRASE	ENDPOINT_CONTROL__HERE_THERE__REVERSED__BARE__NONE	ENDPOINT_CONTROL__HERE_THERE__REVERSED__THE_PHRASE__NONE	there and here	the phrase there and here	0	2	4	1	1	-0.334628	-0.358944	-0.334628	-0.784483	541	2073	1	0	1	1	1
ENDPOINT_CONTROL__HERE_THERE__REVERSED__BARE__NONE__TO__THEY_SAID	CARRIER_VS_BARE	ENDPOINT_CONTROL	HERE_THERE	THEY_SAID	BARE	THEY_SAID	ENDPOINT_CONTROL__HERE_THERE__REVERSED__BARE__NONE	ENDPOINT_CONTROL__HERE_THERE__REVERSED__THEY_SAID__NONE	there and here	they said there and here	0	2	4	1	1	-0.560502	-0.56814	-0.560502	-0.495418	541	2659	1	0	1	1	1
CORE_FACTORIAL__RIGHT_LEFT__CC__BARE__NONE__TO__V9_SPACE	CARRIER_VS_BARE	CORE_FACTORIAL	RIGHT_LEFT	V9_SPACE	BARE	V9_SPACE	CORE_FACTORIAL__RIGHT_LEFT__CC__BARE__NONE	CORE_FACTORIAL__RIGHT_LEFT__CC__V9_SPACE__NONE	right and left	 right and left	0	2	2	1	1	0.401978	0.392795	0.401978	0.165011	541	541	1	1	0	1	1
CORE_FACTORIAL__RIGHT_LEFT__CC__BARE__NONE__TO__THE_PHRASE	CARRIER_VS_BARE	CORE_FACTORIAL	RIGHT_LEFT	THE_PHRASE	BARE	THE_PHRASE	CORE_FACTORIAL__RIGHT_LEFT__CC__BARE__NONE	CORE_FACTORIAL__RIGHT_LEFT__CC__THE_PHRASE__NONE	right and left	the phrase right and left	0	2	4	1	1	0.349769	0.33423	0.349769	-0.362896	541	2659	1	0	1	1	1
CORE_FACTORIAL__RIGHT_LEFT__CC__BARE__NONE__TO__THEY_SAID	CARRIER_VS_BARE	CORE_FACTORIAL	RIGHT_LEFT	THEY_SAID	BARE	THEY_SAID	CORE_FACTORIAL__RIGHT_LEFT__CC__BARE__NONE	CORE_FACTORIAL__RIGHT_LEFT__CC__THEY_SAID__NONE	right and left	they said right and left	0	2	4	1	1	0.25049	0.228887	0.25049	-0.397422	541	2659	1	0	1	1	1
CORE_FACTORIAL__RIGHT_LEFT__CA__BARE__NONE__TO__V9_SPACE	CARRIER_VS_BARE	CORE_FACTORIAL	RIGHT_LEFT	V9_SPACE	BARE	V9_SPACE	CORE_FACTORIAL__RIGHT_LEFT__CA__BARE__NONE	CORE_FACTORIAL__RIGHT_LEFT__CA__V9_SPACE__NONE	right and violin	 right and violin	0	2	2	1	1	-0.214613	-0.223797	-0.105878	-0.491092	1888	1888	0	0	0	1	1
CORE_FACTORIAL__RIGHT_LEFT__CA__BARE__NONE__TO__THE_PHRASE	CARRIER_VS_BARE	CORE_FACTORIAL	RIGHT_LEFT	THE_PHRASE	BARE	THE_PHRASE	CORE_FACTORIAL__RIGHT_LEFT__CA__BARE__NONE	CORE_FACTORIAL__RIGHT_LEFT__CA__THE_PHRASE__NONE	right and violin	the phrase right and violin	0	2	4	1	1	-0.217765	-0.233305	-0.105878	-0.611043	1888	2073	0	0	0	1	1
CORE_FACTORIAL__RIGHT_LEFT__CA__BARE__NONE__TO__THEY_SAID	CARRIER_VS_BARE	CORE_FACTORIAL	RIGHT_LEFT	THEY_SAID	BARE	THEY_SAID	CORE_FACTORIAL__RIGHT_LEFT__CA__BARE__NONE	CORE_FACTORIAL__RIGHT_LEFT__CA__THEY_SAID__NONE	right and violin	they said right and violin	0	2	4	1	1	-0.275642	-0.297245	-0.105878	-0.37606	1888	1959	0	0	0	1	1
CORE_FACTORIAL__RIGHT_LEFT__AC__BARE__NONE__TO__V9_SPACE	CARRIER_VS_BARE	CORE_FACTORIAL	RIGHT_LEFT	V9_SPACE	BARE	V9_SPACE	CORE_FACTORIAL__RIGHT_LEFT__AC__BARE__NONE	CORE_FACTORIAL__RIGHT_LEFT__AC__V9_SPACE__NONE	garden and left	 garden and left	0	3	2	1	1	0.019245	0.018982	0.0	-0.850137	1888	1888	0	0	0	1	1
CORE_FACTORIAL__RIGHT_LEFT__AC__BARE__NONE__TO__THE_PHRASE	CARRIER_VS_BARE	CORE_FACTORIAL	RIGHT_LEFT	THE_PHRASE	BARE	THE_PHRASE	CORE_FACTORIAL__RIGHT_LEFT__AC__BARE__NONE	CORE_FACTORIAL__RIGHT_LEFT__AC__THE_PHRASE__NONE	garden and left	the phrase garden and left	0	3	4	1	1	0.03723	0.027994	0.0	-0.290375	1888	2073	0	0	0	1	1
CORE_FACTORIAL__RIGHT_LEFT__AC__BARE__NONE__TO__THEY_SAID	CARRIER_VS_BARE	CORE_FACTORIAL	RIGHT_LEFT	THEY_SAID	BARE	THEY_SAID	CORE_FACTORIAL__RIGHT_LEFT__AC__BARE__NONE	CORE_FACTORIAL__RIGHT_LEFT__AC__THEY_SAID__NONE	garden and left	they said garden and left	0	3	4	1	1	0.018112	0.018771	0.0	-0.054173	1888	1888	0	0	0	1	1
CORE_FACTORIAL__RIGHT_LEFT__AA__BARE__NONE__TO__V9_SPACE	CARRIER_VS_BARE	CORE_FACTORIAL	RIGHT_LEFT	V9_SPACE	BARE	V9_SPACE	CORE_FACTORIAL__RIGHT_LEFT__AA__BARE__NONE	CORE_FACTORIAL__RIGHT_LEFT__AA__V9_SPACE__NONE	garden and violin	 garden and violin	0	3	2	1	1	-0.012822	-0.013085	-0.012822	-0.862959	1888	1888	0	0	0	1	1
CORE_FACTORIAL__RIGHT_LEFT__AA__BARE__NONE__TO__THE_PHRASE	CARRIER_VS_BARE	CORE_FACTORIAL	RIGHT_LEFT	THE_PHRASE	BARE	THE_PHRASE	CORE_FACTORIAL__RIGHT_LEFT__AA__BARE__NONE	CORE_FACTORIAL__RIGHT_LEFT__AA__THE_PHRASE__NONE	garden and violin	the phrase garden and violin	0	3	4	1	1	-0.220928	-0.230164	-0.220928	-0.511302	1888	2073	0	0	0	1	1
CORE_FACTORIAL__RIGHT_LEFT__AA__BARE__NONE__TO__THEY_SAID	CARRIER_VS_BARE	CORE_FACTORIAL	RIGHT_LEFT	THEY_SAID	BARE	THEY_SAID	CORE_FACTORIAL__RIGHT_LEFT__AA__BARE__NONE	CORE_FACTORIAL__RIGHT_LEFT__AA__THEY_SAID__NONE	garden and violin	they said garden and violin	0	3	4	1	1	0.291201	0.29186	0.291201	0.237029	1888	1888	0	0	0	1	1
ENDPOINT_CONTROL__RIGHT_LEFT__FULL_FRAME__BARE__NONE__TO__V9_SPACE	CARRIER_VS_BARE	ENDPOINT_CONTROL	RIGHT_LEFT	V9_SPACE	BARE	V9_SPACE	ENDPOINT_CONTROL__RIGHT_LEFT__FULL_FRAME__BARE__NONE	ENDPOINT_CONTROL__RIGHT_LEFT__FULL_FRAME__V9_SPACE__NONE	right and left	 right and left	0	2	2	1	1	0.401978	0.392795	0.401978	0.165011	541	541	1	1	0	1	1
ENDPOINT_CONTROL__RIGHT_LEFT__FULL_FRAME__BARE__NONE__TO__THE_PHRASE	CARRIER_VS_BARE	ENDPOINT_CONTROL	RIGHT_LEFT	THE_PHRASE	BARE	THE_PHRASE	ENDPOINT_CONTROL__RIGHT_LEFT__FULL_FRAME__BARE__NONE	ENDPOINT_CONTROL__RIGHT_LEFT__FULL_FRAME__THE_PHRASE__NONE	right and left	the phrase right and left	0	2	4	1	1	0.349769	0.33423	0.349769	-0.362896	541	2659	1	0	1	1	1
ENDPOINT_CONTROL__RIGHT_LEFT__FULL_FRAME__BARE__NONE__TO__THEY_SAID	CARRIER_VS_BARE	ENDPOINT_CONTROL	RIGHT_LEFT	THEY_SAID	BARE	THEY_SAID	ENDPOINT_CONTROL__RIGHT_LEFT__FULL_FRAME__BARE__NONE	ENDPOINT_CONTROL__RIGHT_LEFT__FULL_FRAME__THEY_SAID__NONE	right and left	they said right and left	0	2	4	1	1	0.25049	0.228887	0.25049	-0.397422	541	2659	1	0	1	1	1
ENDPOINT_CONTROL__RIGHT_LEFT__SECOND_ONLY__BARE__NONE__TO__V9_SPACE	CARRIER_VS_BARE	ENDPOINT_CONTROL	RIGHT_LEFT	V9_SPACE	BARE	V9_SPACE	ENDPOINT_CONTROL__RIGHT_LEFT__SECOND_ONLY__BARE__NONE	ENDPOINT_CONTROL__RIGHT_LEFT__SECOND_ONLY__V9_SPACE__NONE	left	 left	0	0	0	1	1	-0.030216	-0.030216	0.0	-0.351311	1888	1888	0	0	0	0	1
ENDPOINT_CONTROL__RIGHT_LEFT__SECOND_ONLY__BARE__NONE__TO__THE_PHRASE	CARRIER_VS_BARE	ENDPOINT_CONTROL	RIGHT_LEFT	THE_PHRASE	BARE	THE_PHRASE	ENDPOINT_CONTROL__RIGHT_LEFT__SECOND_ONLY__BARE__NONE	ENDPOINT_CONTROL__RIGHT_LEFT__SECOND_ONLY__THE_PHRASE__NONE	left	the phrase left	0	0	2	1	1	0.003492	0.058974	0.0	-0.460389	1888	2073	0	0	0	0	1
ENDPOINT_CONTROL__RIGHT_LEFT__SECOND_ONLY__BARE__NONE__TO__THEY_SAID	CARRIER_VS_BARE	ENDPOINT_CONTROL	RIGHT_LEFT	THEY_SAID	BARE	THEY_SAID	ENDPOINT_CONTROL__RIGHT_LEFT__SECOND_ONLY__BARE__NONE	ENDPOINT_CONTROL__RIGHT_LEFT__SECOND_ONLY__THEY_SAID__NONE	left	they said left	0	0	2	1	1	-0.016418	0.021859	0.0	0.411889	1888	2256	0	0	0	0	1
ENDPOINT_CONTROL__RIGHT_LEFT__CONNECTOR_SECOND__BARE__NONE__TO__V9_SPACE	CARRIER_VS_BARE	ENDPOINT_CONTROL	RIGHT_LEFT	V9_SPACE	BARE	V9_SPACE	ENDPOINT_CONTROL__RIGHT_LEFT__CONNECTOR_SECOND__BARE__NONE	ENDPOINT_CONTROL__RIGHT_LEFT__CONNECTOR_SECOND__V9_SPACE__NONE	and left	 and left	0	1	1	1	1	0.005114	0.01124	0.0	-0.439141	2052	1790	0	0	0	1	1
ENDPOINT_CONTROL__RIGHT_LEFT__CONNECTOR_SECOND__BARE__NONE__TO__THE_PHRASE	CARRIER_VS_BARE	ENDPOINT_CONTROL	RIGHT_LEFT	THE_PHRASE	BARE	THE_PHRASE	ENDPOINT_CONTROL__RIGHT_LEFT__CONNECTOR_SECOND__BARE__NONE	ENDPOINT_CONTROL__RIGHT_LEFT__CONNECTOR_SECOND__THE_PHRASE__NONE	and left	the phrase and left	0	1	3	1	1	0.03803	0.020545	0.0	-0.727662	2052	2073	0	0	0	1	1
ENDPOINT_CONTROL__RIGHT_LEFT__CONNECTOR_SECOND__BARE__NONE__TO__THEY_SAID	CARRIER_VS_BARE	ENDPOINT_CONTROL	RIGHT_LEFT	THEY_SAID	BARE	THEY_SAID	ENDPOINT_CONTROL__RIGHT_LEFT__CONNECTOR_SECOND__BARE__NONE	ENDPOINT_CONTROL__RIGHT_LEFT__CONNECTOR_SECOND__THEY_SAID__NONE	and left	they said and left	0	1	3	1	1	0.306228	0.305012	0.174985	0.088147	2052	1953	0	0	0	1	1
ENDPOINT_CONTROL__RIGHT_LEFT__FIRST_SECOND__BARE__NONE__TO__V9_SPACE	CARRIER_VS_BARE	ENDPOINT_CONTROL	RIGHT_LEFT	V9_SPACE	BARE	V9_SPACE	ENDPOINT_CONTROL__RIGHT_LEFT__FIRST_SECOND__BARE__NONE	ENDPOINT_CONTROL__RIGHT_LEFT__FIRST_SECOND__V9_SPACE__NONE	right left	 right left	0	1	1	1	1	0.14463	0.163402	0.0	-0.03905	2463	2463	0	0	0	1	1
ENDPOINT_CONTROL__RIGHT_LEFT__FIRST_SECOND__BARE__NONE__TO__THE_PHRASE	CARRIER_VS_BARE	ENDPOINT_CONTROL	RIGHT_LEFT	THE_PHRASE	BARE	THE_PHRASE	ENDPOINT_CONTROL__RIGHT_LEFT__FIRST_SECOND__BARE__NONE	ENDPOINT_CONTROL__RIGHT_LEFT__FIRST_SECOND__THE_PHRASE__NONE	right left	the phrase right left	0	1	3	1	1	-0.003199	-0.010034	0.0	0.170482	2463	2073	0	0	0	1	1
ENDPOINT_CONTROL__RIGHT_LEFT__FIRST_SECOND__BARE__NONE__TO__THEY_SAID	CARRIER_VS_BARE	ENDPOINT_CONTROL	RIGHT_LEFT	THEY_SAID	BARE	THEY_SAID	ENDPOINT_CONTROL__RIGHT_LEFT__FIRST_SECOND__BARE__NONE	ENDPOINT_CONTROL__RIGHT_LEFT__FIRST_SECOND__THEY_SAID__NONE	right left	they said right left	0	1	3	1	1	-0.003307	-0.001474	0.0	0.322649	2463	2463	0	0	0	1	1
ENDPOINT_CONTROL__RIGHT_LEFT__ARBFIRST_SECOND__BARE__NONE__TO__V9_SPACE	CARRIER_VS_BARE	ENDPOINT_CONTROL	RIGHT_LEFT	V9_SPACE	BARE	V9_SPACE	ENDPOINT_CONTROL__RIGHT_LEFT__ARBFIRST_SECOND__BARE__NONE	ENDPOINT_CONTROL__RIGHT_LEFT__ARBFIRST_SECOND__V9_SPACE__NONE	garden left	 garden left	0	2	1	1	1	-0.00177	-0.007558	0.0	-0.850137	1888	1888	0	0	0	1	1
ENDPOINT_CONTROL__RIGHT_LEFT__ARBFIRST_SECOND__BARE__NONE__TO__THE_PHRASE	CARRIER_VS_BARE	ENDPOINT_CONTROL	RIGHT_LEFT	THE_PHRASE	BARE	THE_PHRASE	ENDPOINT_CONTROL__RIGHT_LEFT__ARBFIRST_SECOND__BARE__NONE	ENDPOINT_CONTROL__RIGHT_LEFT__ARBFIRST_SECOND__THE_PHRASE__NONE	garden left	the phrase garden left	0	2	3	1	1	-0.001527	-0.094112	0.0	-0.290375	1888	2073	0	0	0	1	1
ENDPOINT_CONTROL__RIGHT_LEFT__ARBFIRST_SECOND__BARE__NONE__TO__THEY_SAID	CARRIER_VS_BARE	ENDPOINT_CONTROL	RIGHT_LEFT	THEY_SAID	BARE	THEY_SAID	ENDPOINT_CONTROL__RIGHT_LEFT__ARBFIRST_SECOND__BARE__NONE	ENDPOINT_CONTROL__RIGHT_LEFT__ARBFIRST_SECOND__THEY_SAID__NONE	garden left	they said garden left	0	2	3	1	1	-0.000579	-0.077229	0.0	-0.054173	1888	1888	0	0	0	1	1
ENDPOINT_CONTROL__RIGHT_LEFT__FIRST_REPEAT__BARE__NONE__TO__V9_SPACE	CARRIER_VS_BARE	ENDPOINT_CONTROL	RIGHT_LEFT	V9_SPACE	BARE	V9_SPACE	ENDPOINT_CONTROL__RIGHT_LEFT__FIRST_REPEAT__BARE__NONE	ENDPOINT_CONTROL__RIGHT_LEFT__FIRST_REPEAT__V9_SPACE__NONE	right right	 right right	0	1	1	1	1	-0.018393	0.000379	0.0	-0.385213	1888	1888	0	0	0	1	1
ENDPOINT_CONTROL__RIGHT_LEFT__FIRST_REPEAT__BARE__NONE__TO__THE_PHRASE	CARRIER_VS_BARE	ENDPOINT_CONTROL	RIGHT_LEFT	THE_PHRASE	BARE	THE_PHRASE	ENDPOINT_CONTROL__RIGHT_LEFT__FIRST_REPEAT__BARE__NONE	ENDPOINT_CONTROL__RIGHT_LEFT__FIRST_REPEAT__THE_PHRASE__NONE	right right	the phrase right right	0	1	3	1	1	0.126531	0.119696	0.0	-0.505164	1888	2073	0	0	0	1	1
ENDPOINT_CONTROL__RIGHT_LEFT__FIRST_REPEAT__BARE__NONE__TO__THEY_SAID	CARRIER_VS_BARE	ENDPOINT_CONTROL	RIGHT_LEFT	THEY_SAID	BARE	THEY_SAID	ENDPOINT_CONTROL__RIGHT_LEFT__FIRST_REPEAT__BARE__NONE	ENDPOINT_CONTROL__RIGHT_LEFT__FIRST_REPEAT__THEY_SAID__NONE	right right	they said right right	0	1	3	1	1	0.103083	0.104916	0.0	-0.270181	1888	1959	0	0	0	1	1
ENDPOINT_CONTROL__RIGHT_LEFT__REVERSED__BARE__NONE__TO__V9_SPACE	CARRIER_VS_BARE	ENDPOINT_CONTROL	RIGHT_LEFT	V9_SPACE	BARE	V9_SPACE	ENDPOINT_CONTROL__RIGHT_LEFT__REVERSED__BARE__NONE	ENDPOINT_CONTROL__RIGHT_LEFT__REVERSED__V9_SPACE__NONE	left and right	 left and right	0	2	2	1	1	-0.307505	-0.335307	-0.307505	-0.330028	541	541	1	1	0	1	1
ENDPOINT_CONTROL__RIGHT_LEFT__REVERSED__BARE__NONE__TO__THE_PHRASE	CARRIER_VS_BARE	ENDPOINT_CONTROL	RIGHT_LEFT	THE_PHRASE	BARE	THE_PHRASE	ENDPOINT_CONTROL__RIGHT_LEFT__REVERSED__BARE__NONE	ENDPOINT_CONTROL__RIGHT_LEFT__REVERSED__THE_PHRASE__NONE	left and right	the phrase left and right	0	2	4	1	1	0.247902	0.210363	0.247902	-0.570157	541	541	1	1	0	1	1
ENDPOINT_CONTROL__RIGHT_LEFT__REVERSED__BARE__NONE__TO__THEY_SAID	CARRIER_VS_BARE	ENDPOINT_CONTROL	RIGHT_LEFT	THEY_SAID	BARE	THEY_SAID	ENDPOINT_CONTROL__RIGHT_LEFT__REVERSED__BARE__NONE	ENDPOINT_CONTROL__RIGHT_LEFT__REVERSED__THEY_SAID__NONE	left and right	they said left and right	0	2	4	1	1	-0.042025	-0.092782	-0.042025	-1.039208	541	2659	1	0	1	1	1
CORE_FACTORIAL__TRUE_FALSE__CC__BARE__NONE__TO__V9_SPACE	CARRIER_VS_BARE	CORE_FACTORIAL	TRUE_FALSE	V9_SPACE	BARE	V9_SPACE	CORE_FACTORIAL__TRUE_FALSE__CC__BARE__NONE	CORE_FACTORIAL__TRUE_FALSE__CC__V9_SPACE__NONE	true or false	 true or false	0	2	2	1	1	0.292474	0.285485	0.292474	0.111407	541	541	1	1	0	1	1
CORE_FACTORIAL__TRUE_FALSE__CC__BARE__NONE__TO__THE_PHRASE	CARRIER_VS_BARE	CORE_FACTORIAL	TRUE_FALSE	THE_PHRASE	BARE	THE_PHRASE	CORE_FACTORIAL__TRUE_FALSE__CC__BARE__NONE	CORE_FACTORIAL__TRUE_FALSE__CC__THE_PHRASE__NONE	true or false	the phrase true or false	0	2	4	1	1	0.325671	0.312467	0.325671	-0.247486	541	541	1	1	0	1	1
CORE_FACTORIAL__TRUE_FALSE__CC__BARE__NONE__TO__THEY_SAID	CARRIER_VS_BARE	CORE_FACTORIAL	TRUE_FALSE	THEY_SAID	BARE	THEY_SAID	CORE_FACTORIAL__TRUE_FALSE__CC__BARE__NONE	CORE_FACTORIAL__TRUE_FALSE__CC__THEY_SAID__NONE	true or false	they said true or false	0	2	4	1	1	0.210797	0.197889	0.210797	-0.560317	541	2659	1	0	1	1	1
CORE_FACTORIAL__TRUE_FALSE__CA__BARE__NONE__TO__V9_SPACE	CARRIER_VS_BARE	CORE_FACTORIAL	TRUE_FALSE	V9_SPACE	BARE	V9_SPACE	CORE_FACTORIAL__TRUE_FALSE__CA__BARE__NONE	CORE_FACTORIAL__TRUE_FALSE__CA__V9_SPACE__NONE	true or basket	 true or basket	0	2	2	1	1	-0.129579	-0.136569	0.0	-0.040929	1888	1888	0	0	0	1	1
CORE_FACTORIAL__TRUE_FALSE__CA__BARE__NONE__TO__THE_PHRASE	CARRIER_VS_BARE	CORE_FACTORIAL	TRUE_FALSE	THE_PHRASE	BARE	THE_PHRASE	CORE_FACTORIAL__TRUE_FALSE__CA__BARE__NONE	CORE_FACTORIAL__TRUE_FALSE__CA__THE_PHRASE__NONE	true or basket	the phrase true or basket	0	2	4	1	1	-0.057645	-0.07085	0.0	-0.098418	1888	2073	0	0	0	1	1
CORE_FACTORIAL__TRUE_FALSE__CA__BARE__NONE__TO__THEY_SAID	CARRIER_VS_BARE	CORE_FACTORIAL	TRUE_FALSE	THEY_SAID	BARE	THEY_SAID	CORE_FACTORIAL__TRUE_FALSE__CA__BARE__NONE	CORE_FACTORIAL__TRUE_FALSE__CA__THEY_SAID__NONE	true or basket	they said true or basket	0	2	4	1	1	-0.131275	-0.144183	0.0	0.147791	1888	1888	0	0	0	1	1
CORE_FACTORIAL__TRUE_FALSE__AC__BARE__NONE__TO__V9_SPACE	CARRIER_VS_BARE	CORE_FACTORIAL	TRUE_FALSE	V9_SPACE	BARE	V9_SPACE	CORE_FACTORIAL__TRUE_FALSE__AC__BARE__NONE	CORE_FACTORIAL__TRUE_FALSE__AC__V9_SPACE__NONE	candle or false	 candle or false	0	3	2	1	1	-0.122978	-0.124208	-0.122686	-0.471918	1888	1888	0	0	0	1	1
CORE_FACTORIAL__TRUE_FALSE__AC__BARE__NONE__TO__THE_PHRASE	CARRIER_VS_BARE	CORE_FACTORIAL	TRUE_FALSE	THE_PHRASE	BARE	THE_PHRASE	CORE_FACTORIAL__TRUE_FALSE__AC__BARE__NONE	CORE_FACTORIAL__TRUE_FALSE__AC__THE_PHRASE__NONE	candle or false	the phrase candle or false	0	3	4	1	1	-0.214986	-0.219931	-0.122686	-0.326924	1888	2073	0	0	0	1	1
CORE_FACTORIAL__TRUE_FALSE__AC__BARE__NONE__TO__THEY_SAID	CARRIER_VS_BARE	CORE_FACTORIAL	TRUE_FALSE	THEY_SAID	BARE	THEY_SAID	CORE_FACTORIAL__TRUE_FALSE__AC__BARE__NONE	CORE_FACTORIAL__TRUE_FALSE__AC__THEY_SAID__NONE	candle or false	they said candle or false	0	3	4	1	1	-0.16502	-0.171228	-0.122686	0.461705	1888	1888	0	0	0	1	1
CORE_FACTORIAL__TRUE_FALSE__AA__BARE__NONE__TO__V9_SPACE	CARRIER_VS_BARE	CORE_FACTORIAL	TRUE_FALSE	V9_SPACE	BARE	V9_SPACE	CORE_FACTORIAL__TRUE_FALSE__AA__BARE__NONE	CORE_FACTORIAL__TRUE_FALSE__AA__V9_SPACE__NONE	candle or basket	 candle or basket	0	3	2	1	1	-0.310993	-0.312224	-0.310993	-0.660225	1888	1888	0	0	0	1	1
CORE_FACTORIAL__TRUE_FALSE__AA__BARE__NONE__TO__THE_PHRASE	CARRIER_VS_BARE	CORE_FACTORIAL	TRUE_FALSE	THE_PHRASE	BARE	THE_PHRASE	CORE_FACTORIAL__TRUE_FALSE__AA__BARE__NONE	CORE_FACTORIAL__TRUE_FALSE__AA__THE_PHRASE__NONE	candle or basket	the phrase candle or basket	0	3	4	1	1	-0.907494	-0.912439	-0.907494	-1.111732	1888	2073	0	0	0	1	1
CORE_FACTORIAL__TRUE_FALSE__AA__BARE__NONE__TO__THEY_SAID	CARRIER_VS_BARE	CORE_FACTORIAL	TRUE_FALSE	THEY_SAID	BARE	THEY_SAID	CORE_FACTORIAL__TRUE_FALSE__AA__BARE__NONE	CORE_FACTORIAL__TRUE_FALSE__AA__THEY_SAID__NONE	candle or basket	they said candle or basket	0	3	4	1	1	-0.67186	-0.678068	-0.67186	-0.130173	1888	2659	0	0	0	1	1
ENDPOINT_CONTROL__TRUE_FALSE__FULL_FRAME__BARE__NONE__TO__V9_SPACE	CARRIER_VS_BARE	ENDPOINT_CONTROL	TRUE_FALSE	V9_SPACE	BARE	V9_SPACE	ENDPOINT_CONTROL__TRUE_FALSE__FULL_FRAME__BARE__NONE	ENDPOINT_CONTROL__TRUE_FALSE__FULL_FRAME__V9_SPACE__NONE	true or false	 true or false	0	2	2	1	1	0.292474	0.285485	0.292474	0.111407	541	541	1	1	0	1	1
ENDPOINT_CONTROL__TRUE_FALSE__FULL_FRAME__BARE__NONE__TO__THE_PHRASE	CARRIER_VS_BARE	ENDPOINT_CONTROL	TRUE_FALSE	THE_PHRASE	BARE	THE_PHRASE	ENDPOINT_CONTROL__TRUE_FALSE__FULL_FRAME__BARE__NONE	ENDPOINT_CONTROL__TRUE_FALSE__FULL_FRAME__THE_PHRASE__NONE	true or false	the phrase true or false	0	2	4	1	1	0.325671	0.312467	0.325671	-0.247486	541	541	1	1	0	1	1
ENDPOINT_CONTROL__TRUE_FALSE__FULL_FRAME__BARE__NONE__TO__THEY_SAID	CARRIER_VS_BARE	ENDPOINT_CONTROL	TRUE_FALSE	THEY_SAID	BARE	THEY_SAID	ENDPOINT_CONTROL__TRUE_FALSE__FULL_FRAME__BARE__NONE	ENDPOINT_CONTROL__TRUE_FALSE__FULL_FRAME__THEY_SAID__NONE	true or false	they said true or false	0	2	4	1	1	0.210797	0.197889	0.210797	-0.560317	541	2659	1	0	1	1	1
ENDPOINT_CONTROL__TRUE_FALSE__SECOND_ONLY__BARE__NONE__TO__V9_SPACE	CARRIER_VS_BARE	ENDPOINT_CONTROL	TRUE_FALSE	V9_SPACE	BARE	V9_SPACE	ENDPOINT_CONTROL__TRUE_FALSE__SECOND_ONLY__BARE__NONE	ENDPOINT_CONTROL__TRUE_FALSE__SECOND_ONLY__V9_SPACE__NONE	false	 false	0	0	0	1	1	-0.01503	-0.015029	0.0	0.048007	1888	464	0	0	0	0	1
ENDPOINT_CONTROL__TRUE_FALSE__SECOND_ONLY__BARE__NONE__TO__THE_PHRASE	CARRIER_VS_BARE	ENDPOINT_CONTROL	TRUE_FALSE	THE_PHRASE	BARE	THE_PHRASE	ENDPOINT_CONTROL__TRUE_FALSE__SECOND_ONLY__BARE__NONE	ENDPOINT_CONTROL__TRUE_FALSE__SECOND_ONLY__THE_PHRASE__NONE	false	the phrase false	0	0	2	1	1	0.065145	0.120628	0.0	0.139144	1888	2073	0	0	0	0	1
ENDPOINT_CONTROL__TRUE_FALSE__SECOND_ONLY__BARE__NONE__TO__THEY_SAID	CARRIER_VS_BARE	ENDPOINT_CONTROL	TRUE_FALSE	THEY_SAID	BARE	THEY_SAID	ENDPOINT_CONTROL__TRUE_FALSE__SECOND_ONLY__BARE__NONE	ENDPOINT_CONTROL__TRUE_FALSE__SECOND_ONLY__THEY_SAID__NONE	false	they said false	0	0	2	1	1	0.059132	0.09741	0.0	1.011422	1888	2256	0	0	0	0	1
ENDPOINT_CONTROL__TRUE_FALSE__CONNECTOR_SECOND__BARE__NONE__TO__V9_SPACE	CARRIER_VS_BARE	ENDPOINT_CONTROL	TRUE_FALSE	V9_SPACE	BARE	V9_SPACE	ENDPOINT_CONTROL__TRUE_FALSE__CONNECTOR_SECOND__BARE__NONE	ENDPOINT_CONTROL__TRUE_FALSE__CONNECTOR_SECOND__V9_SPACE__NONE	or false	 or false	0	1	1	1	1	0.103058	0.103923	0.026569	-0.201856	1888	1790	0	0	0	1	1
ENDPOINT_CONTROL__TRUE_FALSE__CONNECTOR_SECOND__BARE__NONE__TO__THE_PHRASE	CARRIER_VS_BARE	ENDPOINT_CONTROL	TRUE_FALSE	THE_PHRASE	BARE	THE_PHRASE	ENDPOINT_CONTROL__TRUE_FALSE__CONNECTOR_SECOND__BARE__NONE	ENDPOINT_CONTROL__TRUE_FALSE__CONNECTOR_SECOND__THE_PHRASE__NONE	or false	the phrase or false	0	1	3	1	1	0.161222	0.167775	0.084733	-0.711823	1888	2073	0	0	0	1	1
ENDPOINT_CONTROL__TRUE_FALSE__CONNECTOR_SECOND__BARE__NONE__TO__THEY_SAID	CARRIER_VS_BARE	ENDPOINT_CONTROL	TRUE_FALSE	THEY_SAID	BARE	THEY_SAID	ENDPOINT_CONTROL__TRUE_FALSE__CONNECTOR_SECOND__BARE__NONE	ENDPOINT_CONTROL__TRUE_FALSE__CONNECTOR_SECOND__THEY_SAID__NONE	or false	they said or false	0	1	3	1	1	0.2903	0.286321	0.213811	0.289533	1888	2256	0	0	0	1	1
ENDPOINT_CONTROL__TRUE_FALSE__FIRST_SECOND__BARE__NONE__TO__V9_SPACE	CARRIER_VS_BARE	ENDPOINT_CONTROL	TRUE_FALSE	V9_SPACE	BARE	V9_SPACE	ENDPOINT_CONTROL__TRUE_FALSE__FIRST_SECOND__BARE__NONE	ENDPOINT_CONTROL__TRUE_FALSE__FIRST_SECOND__V9_SPACE__NONE	true false	 true false	0	1	1	1	1	0.002652	0.023137	0.0	0.080698	1888	1888	0	0	0	1	1
ENDPOINT_CONTROL__TRUE_FALSE__FIRST_SECOND__BARE__NONE__TO__THE_PHRASE	CARRIER_VS_BARE	ENDPOINT_CONTROL	TRUE_FALSE	THE_PHRASE	BARE	THE_PHRASE	ENDPOINT_CONTROL__TRUE_FALSE__FIRST_SECOND__BARE__NONE	ENDPOINT_CONTROL__TRUE_FALSE__FIRST_SECOND__THE_PHRASE__NONE	true false	the phrase true false	0	1	3	1	1	-0.003492	-0.071702	0.0	-0.13446	1888	2073	0	0	0	1	1
ENDPOINT_CONTROL__TRUE_FALSE__FIRST_SECOND__BARE__NONE__TO__THEY_SAID	CARRIER_VS_BARE	ENDPOINT_CONTROL	TRUE_FALSE	THEY_SAID	BARE	THEY_SAID	ENDPOINT_CONTROL__TRUE_FALSE__FIRST_SECOND__BARE__NONE	ENDPOINT_CONTROL__TRUE_FALSE__FIRST_SECOND__THEY_SAID__NONE	true false	they said true false	0	1	3	1	1	0.017337	-0.015787	0.0	0.737818	1888	2256	0	0	0	1	1
ENDPOINT_CONTROL__TRUE_FALSE__ARBFIRST_SECOND__BARE__NONE__TO__V9_SPACE	CARRIER_VS_BARE	ENDPOINT_CONTROL	TRUE_FALSE	V9_SPACE	BARE	V9_SPACE	ENDPOINT_CONTROL__TRUE_FALSE__ARBFIRST_SECOND__BARE__NONE	ENDPOINT_CONTROL__TRUE_FALSE__ARBFIRST_SECOND__V9_SPACE__NONE	candle false	 candle false	0	2	1	1	1	-0.019113	-0.053785	0.0	-0.349232	1888	1888	0	0	0	1	1
ENDPOINT_CONTROL__TRUE_FALSE__ARBFIRST_SECOND__BARE__NONE__TO__THE_PHRASE	CARRIER_VS_BARE	ENDPOINT_CONTROL	TRUE_FALSE	THE_PHRASE	BARE	THE_PHRASE	ENDPOINT_CONTROL__TRUE_FALSE__ARBFIRST_SECOND__BARE__NONE	ENDPOINT_CONTROL__TRUE_FALSE__ARBFIRST_SECOND__THE_PHRASE__NONE	candle false	the phrase candle false	0	2	3	1	1	-0.058309	-0.127449	0.0	-0.204238	1888	2073	0	0	0	1	1
ENDPOINT_CONTROL__TRUE_FALSE__ARBFIRST_SECOND__BARE__NONE__TO__THEY_SAID	CARRIER_VS_BARE	ENDPOINT_CONTROL	TRUE_FALSE	THEY_SAID	BARE	THEY_SAID	ENDPOINT_CONTROL__TRUE_FALSE__ARBFIRST_SECOND__BARE__NONE	ENDPOINT_CONTROL__TRUE_FALSE__ARBFIRST_SECOND__THEY_SAID__NONE	candle false	they said candle false	0	2	3	1	1	0.003168	-0.073058	0.0	0.584391	1888	1888	0	0	0	1	1
ENDPOINT_CONTROL__TRUE_FALSE__FIRST_REPEAT__BARE__NONE__TO__V9_SPACE	CARRIER_VS_BARE	ENDPOINT_CONTROL	TRUE_FALSE	V9_SPACE	BARE	V9_SPACE	ENDPOINT_CONTROL__TRUE_FALSE__FIRST_REPEAT__BARE__NONE	ENDPOINT_CONTROL__TRUE_FALSE__FIRST_REPEAT__V9_SPACE__NONE	true true	 true true	0	1	1	1	1	0.000201	0.020685	0.0	-0.048733	1888	230	0	0	0	1	1
ENDPOINT_CONTROL__TRUE_FALSE__FIRST_REPEAT__BARE__NONE__TO__THE_PHRASE	CARRIER_VS_BARE	ENDPOINT_CONTROL	TRUE_FALSE	THE_PHRASE	BARE	THE_PHRASE	ENDPOINT_CONTROL__TRUE_FALSE__FIRST_REPEAT__BARE__NONE	ENDPOINT_CONTROL__TRUE_FALSE__FIRST_REPEAT__THE_PHRASE__NONE	true true	the phrase true true	0	1	3	1	1	-0.006209	-0.074419	0.0	-0.13446	1888	2073	0	0	0	1	1
ENDPOINT_CONTROL__TRUE_FALSE__FIRST_REPEAT__BARE__NONE__TO__THEY_SAID	CARRIER_VS_BARE	ENDPOINT_CONTROL	TRUE_FALSE	THEY_SAID	BARE	THEY_SAID	ENDPOINT_CONTROL__TRUE_FALSE__FIRST_REPEAT__BARE__NONE	ENDPOINT_CONTROL__TRUE_FALSE__FIRST_REPEAT__THEY_SAID__NONE	true true	they said true true	0	1	3	1	1	-0.006963	-0.040087	0.0	0.353556	1888	1691	0	0	0	1	1
ENDPOINT_CONTROL__TRUE_FALSE__REVERSED__BARE__NONE__TO__V9_SPACE	CARRIER_VS_BARE	ENDPOINT_CONTROL	TRUE_FALSE	V9_SPACE	BARE	V9_SPACE	ENDPOINT_CONTROL__TRUE_FALSE__REVERSED__BARE__NONE	ENDPOINT_CONTROL__TRUE_FALSE__REVERSED__V9_SPACE__NONE	false or true	 false or true	0	2	2	1	1	0.282946	0.285089	0.282946	0.330953	1888	464	0	0	0	1	1
ENDPOINT_CONTROL__TRUE_FALSE__REVERSED__BARE__NONE__TO__THE_PHRASE	CARRIER_VS_BARE	ENDPOINT_CONTROL	TRUE_FALSE	THE_PHRASE	BARE	THE_PHRASE	ENDPOINT_CONTROL__TRUE_FALSE__REVERSED__BARE__NONE	ENDPOINT_CONTROL__TRUE_FALSE__REVERSED__THE_PHRASE__NONE	false or true	the phrase false or true	0	2	4	1	1	0.286794	0.283989	0.286794	0.425938	1888	2073	0	0	0	1	1
ENDPOINT_CONTROL__TRUE_FALSE__REVERSED__BARE__NONE__TO__THEY_SAID	CARRIER_VS_BARE	ENDPOINT_CONTROL	TRUE_FALSE	THEY_SAID	BARE	THEY_SAID	ENDPOINT_CONTROL__TRUE_FALSE__REVERSED__BARE__NONE	ENDPOINT_CONTROL__TRUE_FALSE__REVERSED__THEY_SAID__NONE	false or true	they said false or true	0	2	4	1	1	0.157759	0.154468	0.157759	-0.03217	1888	2659	0	0	0	1	1
CORE_FACTORIAL__EAST_WEST__CC__BARE__NONE__TO__V9_SPACE	CARRIER_VS_BARE	CORE_FACTORIAL	EAST_WEST	V9_SPACE	BARE	V9_SPACE	CORE_FACTORIAL__EAST_WEST__CC__BARE__NONE	CORE_FACTORIAL__EAST_WEST__CC__V9_SPACE__NONE	east and west	 east and west	0	2	2	1	1	-0.140318	-0.147375	-0.140318	0.10833	541	541	1	1	0	1	1
CORE_FACTORIAL__EAST_WEST__CC__BARE__NONE__TO__THE_PHRASE	CARRIER_VS_BARE	CORE_FACTORIAL	EAST_WEST	THE_PHRASE	BARE	THE_PHRASE	CORE_FACTORIAL__EAST_WEST__CC__BARE__NONE	CORE_FACTORIAL__EAST_WEST__CC__THE_PHRASE__NONE	east and west	the phrase east and west	0	2	4	1	1	0.206637	0.213252	0.206637	-0.187625	541	541	1	1	0	1	1
CORE_FACTORIAL__EAST_WEST__CC__BARE__NONE__TO__THEY_SAID	CARRIER_VS_BARE	CORE_FACTORIAL	EAST_WEST	THEY_SAID	BARE	THEY_SAID	CORE_FACTORIAL__EAST_WEST__CC__BARE__NONE	CORE_FACTORIAL__EAST_WEST__CC__THEY_SAID__NONE	east and west	they said east and west	0	2	4	1	1	0.214601	0.222183	0.214601	0.02167	541	541	1	1	0	1	1
CORE_FACTORIAL__EAST_WEST__CA__BARE__NONE__TO__V9_SPACE	CARRIER_VS_BARE	CORE_FACTORIAL	EAST_WEST	V9_SPACE	BARE	V9_SPACE	CORE_FACTORIAL__EAST_WEST__CA__BARE__NONE	CORE_FACTORIAL__EAST_WEST__CA__V9_SPACE__NONE	east and pencil	 east and pencil	0	2	2	1	1	-0.024874	-0.031931	0.0	-0.159611	1888	1888	0	0	0	1	1
CORE_FACTORIAL__EAST_WEST__CA__BARE__NONE__TO__THE_PHRASE	CARRIER_VS_BARE	CORE_FACTORIAL	EAST_WEST	THE_PHRASE	BARE	THE_PHRASE	CORE_FACTORIAL__EAST_WEST__CA__BARE__NONE	CORE_FACTORIAL__EAST_WEST__CA__THE_PHRASE__NONE	east and pencil	the phrase east and pencil	0	2	4	1	1	0.136376	0.142991	0.001236	-0.050693	1888	2073	0	0	0	1	1
CORE_FACTORIAL__EAST_WEST__CA__BARE__NONE__TO__THEY_SAID	CARRIER_VS_BARE	CORE_FACTORIAL	EAST_WEST	THEY_SAID	BARE	THEY_SAID	CORE_FACTORIAL__EAST_WEST__CA__BARE__NONE	CORE_FACTORIAL__EAST_WEST__CA__THEY_SAID__NONE	east and pencil	they said east and pencil	0	2	4	1	1	-0.02947	-0.021889	0.0	-0.115638	1888	1888	0	0	0	1	1
CORE_FACTORIAL__EAST_WEST__AC__BARE__NONE__TO__V9_SPACE	CARRIER_VS_BARE	CORE_FACTORIAL	EAST_WEST	V9_SPACE	BARE	V9_SPACE	CORE_FACTORIAL__EAST_WEST__AC__BARE__NONE	CORE_FACTORIAL__EAST_WEST__AC__V9_SPACE__NONE	pocket and west	 pocket and west	0	2	2	1	1	0.033663	0.020782	0.0	-0.443185	1888	1888	0	0	0	1	1
CORE_FACTORIAL__EAST_WEST__AC__BARE__NONE__TO__THE_PHRASE	CARRIER_VS_BARE	CORE_FACTORIAL	EAST_WEST	THE_PHRASE	BARE	THE_PHRASE	CORE_FACTORIAL__EAST_WEST__AC__BARE__NONE	CORE_FACTORIAL__EAST_WEST__AC__THE_PHRASE__NONE	pocket and west	the phrase pocket and west	0	2	4	1	1	0.024854	0.008647	0.0	-0.203002	1888	2073	0	0	0	1	1
CORE_FACTORIAL__EAST_WEST__AC__BARE__NONE__TO__THEY_SAID	CARRIER_VS_BARE	CORE_FACTORIAL	EAST_WEST	THEY_SAID	BARE	THEY_SAID	CORE_FACTORIAL__EAST_WEST__AC__BARE__NONE	CORE_FACTORIAL__EAST_WEST__AC__THEY_SAID__NONE	pocket and west	they said pocket and west	0	2	4	1	1	0.0518	0.033206	0.0	0.316672	1888	1888	0	0	0	1	1
CORE_FACTORIAL__EAST_WEST__AA__BARE__NONE__TO__V9_SPACE	CARRIER_VS_BARE	CORE_FACTORIAL	EAST_WEST	V9_SPACE	BARE	V9_SPACE	CORE_FACTORIAL__EAST_WEST__AA__BARE__NONE	CORE_FACTORIAL__EAST_WEST__AA__V9_SPACE__NONE	pocket and pencil	 pocket and pencil	0	2	2	1	1	-0.221804	-0.234685	-0.221804	-0.664987	1888	1888	0	0	0	1	1
CORE_FACTORIAL__EAST_WEST__AA__BARE__NONE__TO__THE_PHRASE	CARRIER_VS_BARE	CORE_FACTORIAL	EAST_WEST	THE_PHRASE	BARE	THE_PHRASE	CORE_FACTORIAL__EAST_WEST__AA__BARE__NONE	CORE_FACTORIAL__EAST_WEST__AA__THE_PHRASE__NONE	pocket and pencil	the phrase pocket and pencil	0	2	4	1	1	-0.225394	-0.241602	-0.225394	-0.428395	1888	2073	0	0	0	1	1
CORE_FACTORIAL__EAST_WEST__AA__BARE__NONE__TO__THEY_SAID	CARRIER_VS_BARE	CORE_FACTORIAL	EAST_WEST	THEY_SAID	BARE	THEY_SAID	CORE_FACTORIAL__EAST_WEST__AA__BARE__NONE	CORE_FACTORIAL__EAST_WEST__AA__THEY_SAID__NONE	pocket and pencil	they said pocket and pencil	0	2	4	1	1	0.006402	-0.012192	0.006402	0.063679	1888	2659	0	0	0	1	1
ENDPOINT_CONTROL__EAST_WEST__FULL_FRAME__BARE__NONE__TO__V9_SPACE	CARRIER_VS_BARE	ENDPOINT_CONTROL	EAST_WEST	V9_SPACE	BARE	V9_SPACE	ENDPOINT_CONTROL__EAST_WEST__FULL_FRAME__BARE__NONE	ENDPOINT_CONTROL__EAST_WEST__FULL_FRAME__V9_SPACE__NONE	east and west	 east and west	0	2	2	1	1	-0.140318	-0.147375	-0.140318	0.10833	541	541	1	1	0	1	1
ENDPOINT_CONTROL__EAST_WEST__FULL_FRAME__BARE__NONE__TO__THE_PHRASE	CARRIER_VS_BARE	ENDPOINT_CONTROL	EAST_WEST	THE_PHRASE	BARE	THE_PHRASE	ENDPOINT_CONTROL__EAST_WEST__FULL_FRAME__BARE__NONE	ENDPOINT_CONTROL__EAST_WEST__FULL_FRAME__THE_PHRASE__NONE	east and west	the phrase east and west	0	2	4	1	1	0.206637	0.213252	0.206637	-0.187625	541	541	1	1	0	1	1
ENDPOINT_CONTROL__EAST_WEST__FULL_FRAME__BARE__NONE__TO__THEY_SAID	CARRIER_VS_BARE	ENDPOINT_CONTROL	EAST_WEST	THEY_SAID	BARE	THEY_SAID	ENDPOINT_CONTROL__EAST_WEST__FULL_FRAME__BARE__NONE	ENDPOINT_CONTROL__EAST_WEST__FULL_FRAME__THEY_SAID__NONE	east and west	they said east and west	0	2	4	1	1	0.214601	0.222183	0.214601	0.02167	541	541	1	1	0	1	1
ENDPOINT_CONTROL__EAST_WEST__SECOND_ONLY__BARE__NONE__TO__V9_SPACE	CARRIER_VS_BARE	ENDPOINT_CONTROL	EAST_WEST	V9_SPACE	BARE	V9_SPACE	ENDPOINT_CONTROL__EAST_WEST__SECOND_ONLY__BARE__NONE	ENDPOINT_CONTROL__EAST_WEST__SECOND_ONLY__V9_SPACE__NONE	west	 west	0	0	0	1	1	-0.00032	-0.00032	0.0	-0.212795	1888	1888	0	0	0	0	1
ENDPOINT_CONTROL__EAST_WEST__SECOND_ONLY__BARE__NONE__TO__THE_PHRASE	CARRIER_VS_BARE	ENDPOINT_CONTROL	EAST_WEST	THE_PHRASE	BARE	THE_PHRASE	ENDPOINT_CONTROL__EAST_WEST__SECOND_ONLY__BARE__NONE	ENDPOINT_CONTROL__EAST_WEST__SECOND_ONLY__THE_PHRASE__NONE	west	the phrase west	0	0	2	1	1	0.048785	0.104267	0.0	-0.341046	1888	2073	0	0	0	0	1
ENDPOINT_CONTROL__EAST_WEST__SECOND_ONLY__BARE__NONE__TO__THEY_SAID	CARRIER_VS_BARE	ENDPOINT_CONTROL	EAST_WEST	THEY_SAID	BARE	THEY_SAID	ENDPOINT_CONTROL__EAST_WEST__SECOND_ONLY__BARE__NONE	ENDPOINT_CONTROL__EAST_WEST__SECOND_ONLY__THEY_SAID__NONE	west	they said west	0	0	2	1	1	0.005402	0.04368	0.0	0.531232	1888	2256	0	0	0	0	1
ENDPOINT_CONTROL__EAST_WEST__CONNECTOR_SECOND__BARE__NONE__TO__V9_SPACE	CARRIER_VS_BARE	ENDPOINT_CONTROL	EAST_WEST	V9_SPACE	BARE	V9_SPACE	ENDPOINT_CONTROL__EAST_WEST__CONNECTOR_SECOND__BARE__NONE	ENDPOINT_CONTROL__EAST_WEST__CONNECTOR_SECOND__V9_SPACE__NONE	and west	 and west	0	1	1	1	1	0.028573	0.034698	0.0	-0.459244	1790	1790	0	0	0	1	1
ENDPOINT_CONTROL__EAST_WEST__CONNECTOR_SECOND__BARE__NONE__TO__THE_PHRASE	CARRIER_VS_BARE	ENDPOINT_CONTROL	EAST_WEST	THE_PHRASE	BARE	THE_PHRASE	ENDPOINT_CONTROL__EAST_WEST__CONNECTOR_SECOND__BARE__NONE	ENDPOINT_CONTROL__EAST_WEST__CONNECTOR_SECOND__THE_PHRASE__NONE	and west	the phrase and west	0	1	3	1	1	0.143928	0.126443	0.0	-0.747765	1790	2073	0	0	0	1	1
ENDPOINT_CONTROL__EAST_WEST__CONNECTOR_SECOND__BARE__NONE__TO__THEY_SAID	CARRIER_VS_BARE	ENDPOINT_CONTROL	EAST_WEST	THEY_SAID	BARE	THEY_SAID	ENDPOINT_CONTROL__EAST_WEST__CONNECTOR_SECOND__BARE__NONE	ENDPOINT_CONTROL__EAST_WEST__CONNECTOR_SECOND__THEY_SAID__NONE	and west	they said and west	0	1	3	1	1	0.094229	0.093013	0.0	-0.106941	1790	1953	0	0	0	1	1
ENDPOINT_CONTROL__EAST_WEST__FIRST_SECOND__BARE__NONE__TO__V9_SPACE	CARRIER_VS_BARE	ENDPOINT_CONTROL	EAST_WEST	V9_SPACE	BARE	V9_SPACE	ENDPOINT_CONTROL__EAST_WEST__FIRST_SECOND__BARE__NONE	ENDPOINT_CONTROL__EAST_WEST__FIRST_SECOND__V9_SPACE__NONE	east west	 east west	0	1	1	1	1	0.397456	0.416218	0.397456	0.072191	1888	1888	0	0	0	1	1
ENDPOINT_CONTROL__EAST_WEST__FIRST_SECOND__BARE__NONE__TO__THE_PHRASE	CARRIER_VS_BARE	ENDPOINT_CONTROL	EAST_WEST	THE_PHRASE	BARE	THE_PHRASE	ENDPOINT_CONTROL__EAST_WEST__FIRST_SECOND__BARE__NONE	ENDPOINT_CONTROL__EAST_WEST__FIRST_SECOND__THE_PHRASE__NONE	east west	the phrase east west	0	1	3	1	1	-0.169285	-0.190965	-0.074779	-0.581239	1888	2073	0	0	0	1	1
ENDPOINT_CONTROL__EAST_WEST__FIRST_SECOND__BARE__NONE__TO__THEY_SAID	CARRIER_VS_BARE	ENDPOINT_CONTROL	EAST_WEST	THEY_SAID	BARE	THEY_SAID	ENDPOINT_CONTROL__EAST_WEST__FIRST_SECOND__BARE__NONE	ENDPOINT_CONTROL__EAST_WEST__FIRST_SECOND__THEY_SAID__NONE	east west	they said east west	0	1	3	1	1	-0.095166	-0.083648	-0.074779	0.291039	1888	2256	0	0	0	1	1
ENDPOINT_CONTROL__EAST_WEST__ARBFIRST_SECOND__BARE__NONE__TO__V9_SPACE	CARRIER_VS_BARE	ENDPOINT_CONTROL	EAST_WEST	V9_SPACE	BARE	V9_SPACE	ENDPOINT_CONTROL__EAST_WEST__ARBFIRST_SECOND__BARE__NONE	ENDPOINT_CONTROL__EAST_WEST__ARBFIRST_SECOND__V9_SPACE__NONE	pocket west	 pocket west	0	1	1	1	1	0.020281	0.031015	0.0	-0.443185	1888	1888	0	0	0	1	1
ENDPOINT_CONTROL__EAST_WEST__ARBFIRST_SECOND__BARE__NONE__TO__THE_PHRASE	CARRIER_VS_BARE	ENDPOINT_CONTROL	EAST_WEST	THE_PHRASE	BARE	THE_PHRASE	ENDPOINT_CONTROL__EAST_WEST__ARBFIRST_SECOND__BARE__NONE	ENDPOINT_CONTROL__EAST_WEST__ARBFIRST_SECOND__THE_PHRASE__NONE	pocket west	the phrase pocket west	0	1	3	1	1	0.026349	0.013076	0.0	-0.203002	1888	2073	0	0	0	1	1
ENDPOINT_CONTROL__EAST_WEST__ARBFIRST_SECOND__BARE__NONE__TO__THEY_SAID	CARRIER_VS_BARE	ENDPOINT_CONTROL	EAST_WEST	THEY_SAID	BARE	THEY_SAID	ENDPOINT_CONTROL__EAST_WEST__ARBFIRST_SECOND__BARE__NONE	ENDPOINT_CONTROL__EAST_WEST__ARBFIRST_SECOND__THEY_SAID__NONE	pocket west	they said pocket west	0	1	3	1	1	0.019826	0.020491	0.0	0.316672	1888	1888	0	0	0	1	1
ENDPOINT_CONTROL__EAST_WEST__FIRST_REPEAT__BARE__NONE__TO__V9_SPACE	CARRIER_VS_BARE	ENDPOINT_CONTROL	EAST_WEST	V9_SPACE	BARE	V9_SPACE	ENDPOINT_CONTROL__EAST_WEST__FIRST_REPEAT__BARE__NONE	ENDPOINT_CONTROL__EAST_WEST__FIRST_REPEAT__V9_SPACE__NONE	east east	 east east	0	1	1	1	1	0.049687	0.06845	0.0	-0.325264	1888	1888	0	0	0	1	1
ENDPOINT_CONTROL__EAST_WEST__FIRST_REPEAT__BARE__NONE__TO__THE_PHRASE	CARRIER_VS_BARE	ENDPOINT_CONTROL	EAST_WEST	THE_PHRASE	BARE	THE_PHRASE	ENDPOINT_CONTROL__EAST_WEST__FIRST_REPEAT__BARE__NONE	ENDPOINT_CONTROL__EAST_WEST__FIRST_REPEAT__THE_PHRASE__NONE	east east	the phrase east east	0	1	3	1	1	0.004734	-0.016946	0.0	-0.50646	1888	2073	0	0	0	1	1
ENDPOINT_CONTROL__EAST_WEST__FIRST_REPEAT__BARE__NONE__TO__THEY_SAID	CARRIER_VS_BARE	ENDPOINT_CONTROL	EAST_WEST	THEY_SAID	BARE	THEY_SAID	ENDPOINT_CONTROL__EAST_WEST__FIRST_REPEAT__BARE__NONE	ENDPOINT_CONTROL__EAST_WEST__FIRST_REPEAT__THEY_SAID__NONE	east east	they said east east	0	1	3	1	1	0.028851	0.04037	0.0	0.365818	1888	2256	0	0	0	1	1
ENDPOINT_CONTROL__EAST_WEST__REVERSED__BARE__NONE__TO__V9_SPACE	CARRIER_VS_BARE	ENDPOINT_CONTROL	EAST_WEST	V9_SPACE	BARE	V9_SPACE	ENDPOINT_CONTROL__EAST_WEST__REVERSED__BARE__NONE	ENDPOINT_CONTROL__EAST_WEST__REVERSED__V9_SPACE__NONE	west and east	 west and east	0	2	2	1	1	-0.128392	-0.149592	-0.128392	-0.131138	541	541	1	1	0	1	1
ENDPOINT_CONTROL__EAST_WEST__REVERSED__BARE__NONE__TO__THE_PHRASE	CARRIER_VS_BARE	ENDPOINT_CONTROL	EAST_WEST	THE_PHRASE	BARE	THE_PHRASE	ENDPOINT_CONTROL__EAST_WEST__REVERSED__BARE__NONE	ENDPOINT_CONTROL__EAST_WEST__REVERSED__THE_PHRASE__NONE	west and east	the phrase west and east	0	2	4	1	1	-0.056495	-0.070656	-0.056495	-0.378685	541	2659	1	0	1	1	1
ENDPOINT_CONTROL__EAST_WEST__REVERSED__BARE__NONE__TO__THEY_SAID	CARRIER_VS_BARE	ENDPOINT_CONTROL	EAST_WEST	THEY_SAID	BARE	THEY_SAID	ENDPOINT_CONTROL__EAST_WEST__REVERSED__BARE__NONE	ENDPOINT_CONTROL__EAST_WEST__REVERSED__THEY_SAID__NONE	west and east	they said west and east	0	2	4	1	1	0.192375	0.196799	0.192375	-0.140527	541	541	1	1	0	1	1
CONNECTOR_MATRIX__UP_DOWN__AND__BARE__NONE__TO__V9_SPACE	CARRIER_VS_BARE	CONNECTOR_MATRIX	UP_DOWN	V9_SPACE	BARE	V9_SPACE	CONNECTOR_MATRIX__UP_DOWN__AND__BARE__NONE	CONNECTOR_MATRIX__UP_DOWN__AND__V9_SPACE__NONE	up and down	 up and down	0	2	2	1	1	0.06282	0.035224	0.06282	0.034137	541	541	1	1	0	1	1
CONNECTOR_MATRIX__UP_DOWN__AND__BARE__NONE__TO__THE_PHRASE	CARRIER_VS_BARE	CONNECTOR_MATRIX	UP_DOWN	THE_PHRASE	BARE	THE_PHRASE	CONNECTOR_MATRIX__UP_DOWN__AND__BARE__NONE	CONNECTOR_MATRIX__UP_DOWN__AND__THE_PHRASE__NONE	up and down	the phrase up and down	0	2	4	1	1	0.282657	0.253712	0.282657	-0.030185	541	541	1	1	0	1	1
CONNECTOR_MATRIX__UP_DOWN__AND__BARE__NONE__TO__THEY_SAID	CARRIER_VS_BARE	CONNECTOR_MATRIX	UP_DOWN	THEY_SAID	BARE	THEY_SAID	CONNECTOR_MATRIX__UP_DOWN__AND__BARE__NONE	CONNECTOR_MATRIX__UP_DOWN__AND__THEY_SAID__NONE	up and down	they said up and down	0	2	4	1	1	0.161683	0.139601	0.161683	0.172765	541	541	1	1	0	1	1
CONNECTOR_MATRIX__UP_DOWN__OR__BARE__NONE__TO__V9_SPACE	CARRIER_VS_BARE	CONNECTOR_MATRIX	UP_DOWN	V9_SPACE	BARE	V9_SPACE	CONNECTOR_MATRIX__UP_DOWN__OR__BARE__NONE	CONNECTOR_MATRIX__UP_DOWN__OR__V9_SPACE__NONE	up or down	 up or down	0	2	2	1	1	-0.012069	-0.040042	-0.012069	0.209037	541	541	1	1	0	1	1
CONNECTOR_MATRIX__UP_DOWN__OR__BARE__NONE__TO__THE_PHRASE	CARRIER_VS_BARE	CONNECTOR_MATRIX	UP_DOWN	THE_PHRASE	BARE	THE_PHRASE	CONNECTOR_MATRIX__UP_DOWN__OR__BARE__NONE	CONNECTOR_MATRIX__UP_DOWN__OR__THE_PHRASE__NONE	up or down	the phrase up or down	0	2	4	1	1	0.647054	0.616513	0.647054	-0.190239	541	541	1	1	0	1	1
CONNECTOR_MATRIX__UP_DOWN__OR__BARE__NONE__TO__THEY_SAID	CARRIER_VS_BARE	CONNECTOR_MATRIX	UP_DOWN	THEY_SAID	BARE	THEY_SAID	CONNECTOR_MATRIX__UP_DOWN__OR__BARE__NONE	CONNECTOR_MATRIX__UP_DOWN__OR__THEY_SAID__NONE	up or down	they said up or down	0	2	4	1	1	0.349837	0.318826	0.349837	0.158293	541	541	1	1	0	1	1
CONNECTOR_MATRIX__UP_DOWN__TO__BARE__NONE__TO__V9_SPACE	CARRIER_VS_BARE	CONNECTOR_MATRIX	UP_DOWN	V9_SPACE	BARE	V9_SPACE	CONNECTOR_MATRIX__UP_DOWN__TO__BARE__NONE	CONNECTOR_MATRIX__UP_DOWN__TO__V9_SPACE__NONE	up to down	 up to down	0	2	2	1	1	0.756453	0.707748	0.756453	0.673148	62	1790	0	0	0	1	1
CONNECTOR_MATRIX__UP_DOWN__TO__BARE__NONE__TO__THE_PHRASE	CARRIER_VS_BARE	CONNECTOR_MATRIX	UP_DOWN	THE_PHRASE	BARE	THE_PHRASE	CONNECTOR_MATRIX__UP_DOWN__TO__BARE__NONE	CONNECTOR_MATRIX__UP_DOWN__TO__THE_PHRASE__NONE	up to down	the phrase up to down	0	2	4	1	1	1.30447	1.237784	1.30447	1.016131	62	2073	0	0	0	1	1
CONNECTOR_MATRIX__UP_DOWN__TO__BARE__NONE__TO__THEY_SAID	CARRIER_VS_BARE	CONNECTOR_MATRIX	UP_DOWN	THEY_SAID	BARE	THEY_SAID	CONNECTOR_MATRIX__UP_DOWN__TO__BARE__NONE	CONNECTOR_MATRIX__UP_DOWN__TO__THEY_SAID__NONE	up to down	they said up to down	0	2	4	1	1	1.184837	1.127759	1.184837	1.592015	62	541	0	1	1	1	1
CONNECTOR_MATRIX__UP_DOWN__BY__BARE__NONE__TO__V9_SPACE	CARRIER_VS_BARE	CONNECTOR_MATRIX	UP_DOWN	V9_SPACE	BARE	V9_SPACE	CONNECTOR_MATRIX__UP_DOWN__BY__BARE__NONE	CONNECTOR_MATRIX__UP_DOWN__BY__V9_SPACE__NONE	up by down	 up by down	0	2	2	1	1	1.082814	1.078247	1.082814	0.98548	971	971	0	0	0	1	1
CONNECTOR_MATRIX__UP_DOWN__BY__BARE__NONE__TO__THE_PHRASE	CARRIER_VS_BARE	CONNECTOR_MATRIX	UP_DOWN	THE_PHRASE	BARE	THE_PHRASE	CONNECTOR_MATRIX__UP_DOWN__BY__BARE__NONE	CONNECTOR_MATRIX__UP_DOWN__BY__THE_PHRASE__NONE	up by down	the phrase up by down	0	2	4	1	1	-0.140387	-0.207817	-0.140387	-0.365626	971	2073	0	0	0	1	1
CONNECTOR_MATRIX__UP_DOWN__BY__BARE__NONE__TO__THEY_SAID	CARRIER_VS_BARE	CONNECTOR_MATRIX	UP_DOWN	THEY_SAID	BARE	THEY_SAID	CONNECTOR_MATRIX__UP_DOWN__BY__BARE__NONE	CONNECTOR_MATRIX__UP_DOWN__BY__THEY_SAID__NONE	up by down	they said up by down	0	2	4	1	1	0.060797	0.020908	0.060797	0.673224	971	971	0	0	0	1	1
CONNECTOR_MATRIX__UP_DOWN__AFTER__BARE__NONE__TO__V9_SPACE	CARRIER_VS_BARE	CONNECTOR_MATRIX	UP_DOWN	V9_SPACE	BARE	V9_SPACE	CONNECTOR_MATRIX__UP_DOWN__AFTER__BARE__NONE	CONNECTOR_MATRIX__UP_DOWN__AFTER__V9_SPACE__NONE	up after down	 up after down	0	2	2	1	1	0.329188	0.308694	0.329188	0.154128	1790	1790	0	0	0	1	1
CONNECTOR_MATRIX__UP_DOWN__AFTER__BARE__NONE__TO__THE_PHRASE	CARRIER_VS_BARE	CONNECTOR_MATRIX	UP_DOWN	THE_PHRASE	BARE	THE_PHRASE	CONNECTOR_MATRIX__UP_DOWN__AFTER__BARE__NONE	CONNECTOR_MATRIX__UP_DOWN__AFTER__THE_PHRASE__NONE	up after down	the phrase up after down	0	2	4	1	1	-0.39003	-0.455427	-0.39003	-0.770124	1790	2073	0	0	0	1	1
CONNECTOR_MATRIX__UP_DOWN__AFTER__BARE__NONE__TO__THEY_SAID	CARRIER_VS_BARE	CONNECTOR_MATRIX	UP_DOWN	THEY_SAID	BARE	THEY_SAID	CONNECTOR_MATRIX__UP_DOWN__AFTER__BARE__NONE	CONNECTOR_MATRIX__UP_DOWN__AFTER__THEY_SAID__NONE	up after down	they said up after down	0	2	4	1	1	0.301958	0.265722	0.301958	0.794142	1790	2256	0	0	0	1	1
CONNECTOR_MATRIX__NOW_THEN__AND__BARE__NONE__TO__V9_SPACE	CARRIER_VS_BARE	CONNECTOR_MATRIX	NOW_THEN	V9_SPACE	BARE	V9_SPACE	CONNECTOR_MATRIX__NOW_THEN__AND__BARE__NONE	CONNECTOR_MATRIX__NOW_THEN__AND__V9_SPACE__NONE	now and then	 now and then	0	2	2	1	1	0.40683	0.400092	0.40683	-0.056894	541	541	1	1	0	1	1
CONNECTOR_MATRIX__NOW_THEN__AND__BARE__NONE__TO__THE_PHRASE	CARRIER_VS_BARE	CONNECTOR_MATRIX	NOW_THEN	THE_PHRASE	BARE	THE_PHRASE	CONNECTOR_MATRIX__NOW_THEN__AND__BARE__NONE	CONNECTOR_MATRIX__NOW_THEN__AND__THE_PHRASE__NONE	now and then	the phrase now and then	0	2	4	1	1	0.848525	0.847788	0.848525	0.311668	541	541	1	1	0	1	1
CONNECTOR_MATRIX__NOW_THEN__AND__BARE__NONE__TO__THEY_SAID	CARRIER_VS_BARE	CONNECTOR_MATRIX	NOW_THEN	THEY_SAID	BARE	THEY_SAID	CONNECTOR_MATRIX__NOW_THEN__AND__BARE__NONE	CONNECTOR_MATRIX__NOW_THEN__AND__THEY_SAID__NONE	now and then	they said now and then	0	2	4	1	1	0.471625	0.479092	0.471625	0.643862	541	541	1	1	0	1	1
CONNECTOR_MATRIX__NOW_THEN__OR__BARE__NONE__TO__V9_SPACE	CARRIER_VS_BARE	CONNECTOR_MATRIX	NOW_THEN	V9_SPACE	BARE	V9_SPACE	CONNECTOR_MATRIX__NOW_THEN__OR__BARE__NONE	CONNECTOR_MATRIX__NOW_THEN__OR__V9_SPACE__NONE	now or then	 now or then	0	2	2	1	1	0.603372	0.602339	0.603372	0.194007	541	541	1	1	0	1	1
CONNECTOR_MATRIX__NOW_THEN__OR__BARE__NONE__TO__THE_PHRASE	CARRIER_VS_BARE	CONNECTOR_MATRIX	NOW_THEN	THE_PHRASE	BARE	THE_PHRASE	CONNECTOR_MATRIX__NOW_THEN__OR__BARE__NONE	CONNECTOR_MATRIX__NOW_THEN__OR__THE_PHRASE__NONE	now or then	the phrase now or then	0	2	4	1	1	0.911714	0.911222	0.911714	0.429215	541	541	1	1	0	1	1
CONNECTOR_MATRIX__NOW_THEN__OR__BARE__NONE__TO__THEY_SAID	CARRIER_VS_BARE	CONNECTOR_MATRIX	NOW_THEN	THEY_SAID	BARE	THEY_SAID	CONNECTOR_MATRIX__NOW_THEN__OR__BARE__NONE	CONNECTOR_MATRIX__NOW_THEN__OR__THEY_SAID__NONE	now or then	they said now or then	0	2	4	1	1	1.174234	1.173072	1.174234	1.118013	541	541	1	1	0	1	1
CONNECTOR_MATRIX__NOW_THEN__TO__BARE__NONE__TO__V9_SPACE	CARRIER_VS_BARE	CONNECTOR_MATRIX	NOW_THEN	V9_SPACE	BARE	V9_SPACE	CONNECTOR_MATRIX__NOW_THEN__TO__BARE__NONE	CONNECTOR_MATRIX__NOW_THEN__TO__V9_SPACE__NONE	now to then	 now to then	0	2	2	1	1	-0.02113	-0.022146	-0.02113	-0.484854	1888	1888	0	0	0	1	1
CONNECTOR_MATRIX__NOW_THEN__TO__BARE__NONE__TO__THE_PHRASE	CARRIER_VS_BARE	CONNECTOR_MATRIX	NOW_THEN	THE_PHRASE	BARE	THE_PHRASE	CONNECTOR_MATRIX__NOW_THEN__TO__BARE__NONE	CONNECTOR_MATRIX__NOW_THEN__TO__THE_PHRASE__NONE	now to then	the phrase now to then	0	2	4	1	1	0.541339	0.532168	0.541339	0.004482	1888	2073	0	0	0	1	1
CONNECTOR_MATRIX__NOW_THEN__TO__BARE__NONE__TO__THEY_SAID	CARRIER_VS_BARE	CONNECTOR_MATRIX	NOW_THEN	THEY_SAID	BARE	THEY_SAID	CONNECTOR_MATRIX__NOW_THEN__TO__BARE__NONE	CONNECTOR_MATRIX__NOW_THEN__TO__THEY_SAID__NONE	now to then	they said now to then	0	2	4	1	1	0.038553	0.054438	0.038553	0.361891	1888	711	0	0	0	1	1
CONNECTOR_MATRIX__NOW_THEN__BY__BARE__NONE__TO__V9_SPACE	CARRIER_VS_BARE	CONNECTOR_MATRIX	NOW_THEN	V9_SPACE	BARE	V9_SPACE	CONNECTOR_MATRIX__NOW_THEN__BY__BARE__NONE	CONNECTOR_MATRIX__NOW_THEN__BY__V9_SPACE__NONE	now by then	 now by then	0	2	2	1	1	0.163715	0.164118	0.163715	0.075109	1997	1997	0	0	0	1	1
CONNECTOR_MATRIX__NOW_THEN__BY__BARE__NONE__TO__THE_PHRASE	CARRIER_VS_BARE	CONNECTOR_MATRIX	NOW_THEN	THE_PHRASE	BARE	THE_PHRASE	CONNECTOR_MATRIX__NOW_THEN__BY__BARE__NONE	CONNECTOR_MATRIX__NOW_THEN__BY__THE_PHRASE__NONE	now by then	the phrase now by then	0	2	4	1	1	-0.013244	-0.044031	-0.013244	0.024856	1997	1997	0	0	0	1	1
CONNECTOR_MATRIX__NOW_THEN__BY__BARE__NONE__TO__THEY_SAID	CARRIER_VS_BARE	CONNECTOR_MATRIX	NOW_THEN	THEY_SAID	BARE	THEY_SAID	CONNECTOR_MATRIX__NOW_THEN__BY__BARE__NONE	CONNECTOR_MATRIX__NOW_THEN__BY__THEY_SAID__NONE	now by then	they said now by then	0	2	4	1	1	-0.841705	-0.886132	-0.841705	-0.745553	1997	1997	0	0	0	1	1
CONNECTOR_MATRIX__NOW_THEN__AFTER__BARE__NONE__TO__V9_SPACE	CARRIER_VS_BARE	CONNECTOR_MATRIX	NOW_THEN	V9_SPACE	BARE	V9_SPACE	CONNECTOR_MATRIX__NOW_THEN__AFTER__BARE__NONE	CONNECTOR_MATRIX__NOW_THEN__AFTER__V9_SPACE__NONE	now after then	 now after then	0	2	2	1	1	0.254424	0.241392	0.254424	-0.209301	1888	1888	0	0	0	1	1
CONNECTOR_MATRIX__NOW_THEN__AFTER__BARE__NONE__TO__THE_PHRASE	CARRIER_VS_BARE	CONNECTOR_MATRIX	NOW_THEN	THE_PHRASE	BARE	THE_PHRASE	CONNECTOR_MATRIX__NOW_THEN__AFTER__BARE__NONE	CONNECTOR_MATRIX__NOW_THEN__AFTER__THE_PHRASE__NONE	now after then	the phrase now after then	0	2	4	1	1	-0.327995	-0.374511	-0.327995	-0.864852	1888	2073	0	0	0	1	1
CONNECTOR_MATRIX__NOW_THEN__AFTER__BARE__NONE__TO__THEY_SAID	CARRIER_VS_BARE	CONNECTOR_MATRIX	NOW_THEN	THEY_SAID	BARE	THEY_SAID	CONNECTOR_MATRIX__NOW_THEN__AFTER__BARE__NONE	CONNECTOR_MATRIX__NOW_THEN__AFTER__THEY_SAID__NONE	now after then	they said now after then	0	2	4	1	1	-0.34261	-0.403908	-0.34261	-0.007189	1888	2256	0	0	0	1	1
CONNECTOR_MATRIX__HERE_THERE__AND__BARE__NONE__TO__V9_SPACE	CARRIER_VS_BARE	CONNECTOR_MATRIX	HERE_THERE	V9_SPACE	BARE	V9_SPACE	CONNECTOR_MATRIX__HERE_THERE__AND__BARE__NONE	CONNECTOR_MATRIX__HERE_THERE__AND__V9_SPACE__NONE	here and there	 here and there	0	2	2	1	1	-0.357373	-0.361808	-0.357373	-0.622677	541	541	1	1	0	1	1
CONNECTOR_MATRIX__HERE_THERE__AND__BARE__NONE__TO__THE_PHRASE	CARRIER_VS_BARE	CONNECTOR_MATRIX	HERE_THERE	THE_PHRASE	BARE	THE_PHRASE	CONNECTOR_MATRIX__HERE_THERE__AND__BARE__NONE	CONNECTOR_MATRIX__HERE_THERE__AND__THE_PHRASE__NONE	here and there	the phrase here and there	0	2	4	1	1	-0.031276	-0.043247	-0.031276	-0.633653	541	541	1	1	0	1	1
CONNECTOR_MATRIX__HERE_THERE__AND__BARE__NONE__TO__THEY_SAID	CARRIER_VS_BARE	CONNECTOR_MATRIX	HERE_THERE	THEY_SAID	BARE	THEY_SAID	CONNECTOR_MATRIX__HERE_THERE__AND__BARE__NONE	CONNECTOR_MATRIX__HERE_THERE__AND__THEY_SAID__NONE	here and there	they said here and there	0	2	4	1	1	0.060027	0.059105	0.060027	-0.237772	541	541	1	1	0	1	1
CONNECTOR_MATRIX__HERE_THERE__OR__BARE__NONE__TO__V9_SPACE	CARRIER_VS_BARE	CONNECTOR_MATRIX	HERE_THERE	V9_SPACE	BARE	V9_SPACE	CONNECTOR_MATRIX__HERE_THERE__OR__BARE__NONE	CONNECTOR_MATRIX__HERE_THERE__OR__V9_SPACE__NONE	here or there	 here or there	0	2	2	1	1	-0.757015	-0.75849	-0.757015	-0.451705	541	541	1	1	0	1	1
CONNECTOR_MATRIX__HERE_THERE__OR__BARE__NONE__TO__THE_PHRASE	CARRIER_VS_BARE	CONNECTOR_MATRIX	HERE_THERE	THE_PHRASE	BARE	THE_PHRASE	CONNECTOR_MATRIX__HERE_THERE__OR__BARE__NONE	CONNECTOR_MATRIX__HERE_THERE__OR__THE_PHRASE__NONE	here or there	the phrase here or there	0	2	4	1	1	-0.640303	-0.641854	-0.640303	-0.672067	541	541	1	1	0	1	1
CONNECTOR_MATRIX__HERE_THERE__OR__BARE__NONE__TO__THEY_SAID	CARRIER_VS_BARE	CONNECTOR_MATRIX	HERE_THERE	THEY_SAID	BARE	THEY_SAID	CONNECTOR_MATRIX__HERE_THERE__OR__BARE__NONE	CONNECTOR_MATRIX__HERE_THERE__OR__THEY_SAID__NONE	here or there	they said here or there	0	2	4	1	1	-0.090351	-0.092244	-0.090351	0.047715	541	541	1	1	0	1	1
CONNECTOR_MATRIX__HERE_THERE__TO__BARE__NONE__TO__V9_SPACE	CARRIER_VS_BARE	CONNECTOR_MATRIX	HERE_THERE	V9_SPACE	BARE	V9_SPACE	CONNECTOR_MATRIX__HERE_THERE__TO__BARE__NONE	CONNECTOR_MATRIX__HERE_THERE__TO__V9_SPACE__NONE	here to there	 here to there	0	2	2	1	1	-0.146831	-0.144243	-0.146831	-0.458366	3017	464	0	0	0	1	1
CONNECTOR_MATRIX__HERE_THERE__TO__BARE__NONE__TO__THE_PHRASE	CARRIER_VS_BARE	CONNECTOR_MATRIX	HERE_THERE	THE_PHRASE	BARE	THE_PHRASE	CONNECTOR_MATRIX__HERE_THERE__TO__BARE__NONE	CONNECTOR_MATRIX__HERE_THERE__TO__THE_PHRASE__NONE	here to there	the phrase here to there	0	2	4	1	1	-0.075664	-0.092845	-0.075664	-0.724273	3017	2073	0	0	0	1	1
CONNECTOR_MATRIX__HERE_THERE__TO__BARE__NONE__TO__THEY_SAID	CARRIER_VS_BARE	CONNECTOR_MATRIX	HERE_THERE	THEY_SAID	BARE	THEY_SAID	CONNECTOR_MATRIX__HERE_THERE__TO__BARE__NONE	CONNECTOR_MATRIX__HERE_THERE__TO__THEY_SAID__NONE	here to there	they said here to there	0	2	4	1	1	0.581279	0.578306	0.581279	0.804949	3017	2256	0	0	0	1	1
CONNECTOR_MATRIX__HERE_THERE__BY__BARE__NONE__TO__V9_SPACE	CARRIER_VS_BARE	CONNECTOR_MATRIX	HERE_THERE	V9_SPACE	BARE	V9_SPACE	CONNECTOR_MATRIX__HERE_THERE__BY__BARE__NONE	CONNECTOR_MATRIX__HERE_THERE__BY__V9_SPACE__NONE	here by there	 here by there	0	2	2	1	1	-0.899594	-0.92332	-0.899594	-1.008922	971	971	0	0	0	1	1
CONNECTOR_MATRIX__HERE_THERE__BY__BARE__NONE__TO__THE_PHRASE	CARRIER_VS_BARE	CONNECTOR_MATRIX	HERE_THERE	THE_PHRASE	BARE	THE_PHRASE	CONNECTOR_MATRIX__HERE_THERE__BY__BARE__NONE	CONNECTOR_MATRIX__HERE_THERE__BY__THE_PHRASE__NONE	here by there	the phrase here by there	0	2	4	1	1	-1.619897	-1.720765	-1.619897	-2.026953	971	2073	0	0	0	1	1
CONNECTOR_MATRIX__HERE_THERE__BY__BARE__NONE__TO__THEY_SAID	CARRIER_VS_BARE	CONNECTOR_MATRIX	HERE_THERE	THEY_SAID	BARE	THEY_SAID	CONNECTOR_MATRIX__HERE_THERE__BY__BARE__NONE	CONNECTOR_MATRIX__HERE_THERE__BY__THEY_SAID__NONE	here by there	they said here by there	0	2	4	1	1	-0.993696	-1.079789	-0.993696	-0.528473	971	2256	0	0	0	1	1
CONNECTOR_MATRIX__HERE_THERE__AFTER__BARE__NONE__TO__V9_SPACE	CARRIER_VS_BARE	CONNECTOR_MATRIX	HERE_THERE	V9_SPACE	BARE	V9_SPACE	CONNECTOR_MATRIX__HERE_THERE__AFTER__BARE__NONE	CONNECTOR_MATRIX__HERE_THERE__AFTER__V9_SPACE__NONE	here after there	 here after there	0	2	2	1	1	0.445759	0.479301	0.445759	0.234984	170	464	0	0	0	1	1
CONNECTOR_MATRIX__HERE_THERE__AFTER__BARE__NONE__TO__THE_PHRASE	CARRIER_VS_BARE	CONNECTOR_MATRIX	HERE_THERE	THE_PHRASE	BARE	THE_PHRASE	CONNECTOR_MATRIX__HERE_THERE__AFTER__BARE__NONE	CONNECTOR_MATRIX__HERE_THERE__AFTER__THE_PHRASE__NONE	here after there	the phrase here after there	0	2	4	1	1	-0.278844	-0.332067	-0.256112	-0.80396	170	2073	0	0	0	1	1
CONNECTOR_MATRIX__HERE_THERE__AFTER__BARE__NONE__TO__THEY_SAID	CARRIER_VS_BARE	CONNECTOR_MATRIX	HERE_THERE	THEY_SAID	BARE	THEY_SAID	CONNECTOR_MATRIX__HERE_THERE__AFTER__BARE__NONE	CONNECTOR_MATRIX__HERE_THERE__AFTER__THEY_SAID__NONE	here after there	they said here after there	0	2	4	1	1	0.189548	0.132498	0.189548	0.267111	170	170	0	0	0	1	1
CONNECTOR_MATRIX__RIGHT_LEFT__AND__BARE__NONE__TO__V9_SPACE	CARRIER_VS_BARE	CONNECTOR_MATRIX	RIGHT_LEFT	V9_SPACE	BARE	V9_SPACE	CONNECTOR_MATRIX__RIGHT_LEFT__AND__BARE__NONE	CONNECTOR_MATRIX__RIGHT_LEFT__AND__V9_SPACE__NONE	right and left	 right and left	0	2	2	1	1	0.401978	0.392795	0.401978	0.165011	541	541	1	1	0	1	1
CONNECTOR_MATRIX__RIGHT_LEFT__AND__BARE__NONE__TO__THE_PHRASE	CARRIER_VS_BARE	CONNECTOR_MATRIX	RIGHT_LEFT	THE_PHRASE	BARE	THE_PHRASE	CONNECTOR_MATRIX__RIGHT_LEFT__AND__BARE__NONE	CONNECTOR_MATRIX__RIGHT_LEFT__AND__THE_PHRASE__NONE	right and left	the phrase right and left	0	2	4	1	1	0.349769	0.33423	0.349769	-0.362896	541	2659	1	0	1	1	1
CONNECTOR_MATRIX__RIGHT_LEFT__AND__BARE__NONE__TO__THEY_SAID	CARRIER_VS_BARE	CONNECTOR_MATRIX	RIGHT_LEFT	THEY_SAID	BARE	THEY_SAID	CONNECTOR_MATRIX__RIGHT_LEFT__AND__BARE__NONE	CONNECTOR_MATRIX__RIGHT_LEFT__AND__THEY_SAID__NONE	right and left	they said right and left	0	2	4	1	1	0.25049	0.228887	0.25049	-0.397422	541	2659	1	0	1	1	1
CONNECTOR_MATRIX__RIGHT_LEFT__OR__BARE__NONE__TO__V9_SPACE	CARRIER_VS_BARE	CONNECTOR_MATRIX	RIGHT_LEFT	V9_SPACE	BARE	V9_SPACE	CONNECTOR_MATRIX__RIGHT_LEFT__OR__BARE__NONE	CONNECTOR_MATRIX__RIGHT_LEFT__OR__V9_SPACE__NONE	right or left	 right or left	0	2	2	1	1	0.102427	0.097292	0.102427	0.071676	541	541	1	1	0	1	1
CONNECTOR_MATRIX__RIGHT_LEFT__OR__BARE__NONE__TO__THE_PHRASE	CARRIER_VS_BARE	CONNECTOR_MATRIX	RIGHT_LEFT	THE_PHRASE	BARE	THE_PHRASE	CONNECTOR_MATRIX__RIGHT_LEFT__OR__BARE__NONE	CONNECTOR_MATRIX__RIGHT_LEFT__OR__THE_PHRASE__NONE	right or left	the phrase right or left	0	2	4	1	1	-0.110987	-0.119177	-0.110987	-0.313223	541	541	1	1	0	1	1
CONNECTOR_MATRIX__RIGHT_LEFT__OR__BARE__NONE__TO__THEY_SAID	CARRIER_VS_BARE	CONNECTOR_MATRIX	RIGHT_LEFT	THEY_SAID	BARE	THEY_SAID	CONNECTOR_MATRIX__RIGHT_LEFT__OR__BARE__NONE	CONNECTOR_MATRIX__RIGHT_LEFT__OR__THEY_SAID__NONE	right or left	they said right or left	0	2	4	1	1	-0.244239	-0.254625	-0.244239	-0.565382	541	2659	1	0	1	1	1
CONNECTOR_MATRIX__RIGHT_LEFT__TO__BARE__NONE__TO__V9_SPACE	CARRIER_VS_BARE	CONNECTOR_MATRIX	RIGHT_LEFT	V9_SPACE	BARE	V9_SPACE	CONNECTOR_MATRIX__RIGHT_LEFT__TO__BARE__NONE	CONNECTOR_MATRIX__RIGHT_LEFT__TO__V9_SPACE__NONE	right to left	 right to left	0	2	2	1	1	0.513946	0.532306	0.513946	0.271347	429	541	0	1	1	1	1
CONNECTOR_MATRIX__RIGHT_LEFT__TO__BARE__NONE__TO__THE_PHRASE	CARRIER_VS_BARE	CONNECTOR_MATRIX	RIGHT_LEFT	THE_PHRASE	BARE	THE_PHRASE	CONNECTOR_MATRIX__RIGHT_LEFT__TO__BARE__NONE	CONNECTOR_MATRIX__RIGHT_LEFT__TO__THE_PHRASE__NONE	right to left	the phrase right to left	0	2	4	1	1	0.340144	0.32847	0.340144	-0.022407	429	2073	0	0	0	1	1
CONNECTOR_MATRIX__RIGHT_LEFT__TO__BARE__NONE__TO__THEY_SAID	CARRIER_VS_BARE	CONNECTOR_MATRIX	RIGHT_LEFT	THEY_SAID	BARE	THEY_SAID	CONNECTOR_MATRIX__RIGHT_LEFT__TO__BARE__NONE	CONNECTOR_MATRIX__RIGHT_LEFT__TO__THEY_SAID__NONE	right to left	they said right to left	0	2	4	1	1	-0.052825	-0.07818	-0.052825	-0.180392	429	1959	0	0	0	1	1
CONNECTOR_MATRIX__RIGHT_LEFT__BY__BARE__NONE__TO__V9_SPACE	CARRIER_VS_BARE	CONNECTOR_MATRIX	RIGHT_LEFT	V9_SPACE	BARE	V9_SPACE	CONNECTOR_MATRIX__RIGHT_LEFT__BY__BARE__NONE	CONNECTOR_MATRIX__RIGHT_LEFT__BY__V9_SPACE__NONE	right by left	 right by left	0	2	2	1	1	0.634155	0.491912	0.634155	0.494568	971	1888	0	0	0	1	1
CONNECTOR_MATRIX__RIGHT_LEFT__BY__BARE__NONE__TO__THE_PHRASE	CARRIER_VS_BARE	CONNECTOR_MATRIX	RIGHT_LEFT	THE_PHRASE	BARE	THE_PHRASE	CONNECTOR_MATRIX__RIGHT_LEFT__BY__BARE__NONE	CONNECTOR_MATRIX__RIGHT_LEFT__BY__THE_PHRASE__NONE	right by left	the phrase right by left	0	2	4	1	1	0.219699	0.223781	0.219699	-0.039839	971	2073	0	0	0	1	1
CONNECTOR_MATRIX__RIGHT_LEFT__BY__BARE__NONE__TO__THEY_SAID	CARRIER_VS_BARE	CONNECTOR_MATRIX	RIGHT_LEFT	THEY_SAID	BARE	THEY_SAID	CONNECTOR_MATRIX__RIGHT_LEFT__BY__BARE__NONE	CONNECTOR_MATRIX__RIGHT_LEFT__BY__THEY_SAID__NONE	right by left	they said right by left	0	2	4	1	1	-1.149883	-1.122054	-1.149883	-1.174438	971	1959	0	0	0	1	1
CONNECTOR_MATRIX__RIGHT_LEFT__AFTER__BARE__NONE__TO__V9_SPACE	CARRIER_VS_BARE	CONNECTOR_MATRIX	RIGHT_LEFT	V9_SPACE	BARE	V9_SPACE	CONNECTOR_MATRIX__RIGHT_LEFT__AFTER__BARE__NONE	CONNECTOR_MATRIX__RIGHT_LEFT__AFTER__V9_SPACE__NONE	right after left	 right after left	0	2	2	1	1	-0.064762	-0.027107	-0.064762	-0.449975	1888	1888	0	0	0	1	1
CONNECTOR_MATRIX__RIGHT_LEFT__AFTER__BARE__NONE__TO__THE_PHRASE	CARRIER_VS_BARE	CONNECTOR_MATRIX	RIGHT_LEFT	THE_PHRASE	BARE	THE_PHRASE	CONNECTOR_MATRIX__RIGHT_LEFT__AFTER__BARE__NONE	CONNECTOR_MATRIX__RIGHT_LEFT__AFTER__THE_PHRASE__NONE	right after left	the phrase right after left	0	2	4	1	1	-0.088994	-0.08816	-0.071069	-0.576233	1888	2073	0	0	0	1	1
CONNECTOR_MATRIX__RIGHT_LEFT__AFTER__BARE__NONE__TO__THEY_SAID	CARRIER_VS_BARE	CONNECTOR_MATRIX	RIGHT_LEFT	THEY_SAID	BARE	THEY_SAID	CONNECTOR_MATRIX__RIGHT_LEFT__AFTER__BARE__NONE	CONNECTOR_MATRIX__RIGHT_LEFT__AFTER__THEY_SAID__NONE	right after left	they said right after left	0	2	4	1	1	-0.216987	-0.25033	-0.071069	-0.34125	1888	1959	0	0	0	1	1
CONNECTOR_MATRIX__TRUE_FALSE__AND__BARE__NONE__TO__V9_SPACE	CARRIER_VS_BARE	CONNECTOR_MATRIX	TRUE_FALSE	V9_SPACE	BARE	V9_SPACE	CONNECTOR_MATRIX__TRUE_FALSE__AND__BARE__NONE	CONNECTOR_MATRIX__TRUE_FALSE__AND__V9_SPACE__NONE	true and false	 true and false	0	2	2	1	1	0.157823	0.145398	0.157823	-0.039552	2659	2659	0	0	0	1	1
CONNECTOR_MATRIX__TRUE_FALSE__AND__BARE__NONE__TO__THE_PHRASE	CARRIER_VS_BARE	CONNECTOR_MATRIX	TRUE_FALSE	THE_PHRASE	BARE	THE_PHRASE	CONNECTOR_MATRIX__TRUE_FALSE__AND__BARE__NONE	CONNECTOR_MATRIX__TRUE_FALSE__AND__THE_PHRASE__NONE	true and false	the phrase true and false	0	2	4	1	1	0.23596	0.220563	0.23596	-0.287034	2659	2659	0	0	0	1	1
CONNECTOR_MATRIX__TRUE_FALSE__AND__BARE__NONE__TO__THEY_SAID	CARRIER_VS_BARE	CONNECTOR_MATRIX	TRUE_FALSE	THEY_SAID	BARE	THEY_SAID	CONNECTOR_MATRIX__TRUE_FALSE__AND__BARE__NONE	CONNECTOR_MATRIX__TRUE_FALSE__AND__THEY_SAID__NONE	true and false	they said true and false	0	2	4	1	1	0.497867	0.486871	0.497867	-0.741257	2659	2659	0	0	0	1	1
CONNECTOR_MATRIX__TRUE_FALSE__OR__BARE__NONE__TO__V9_SPACE	CARRIER_VS_BARE	CONNECTOR_MATRIX	TRUE_FALSE	V9_SPACE	BARE	V9_SPACE	CONNECTOR_MATRIX__TRUE_FALSE__OR__BARE__NONE	CONNECTOR_MATRIX__TRUE_FALSE__OR__V9_SPACE__NONE	true or false	 true or false	0	2	2	1	1	0.292474	0.285485	0.292474	0.111407	541	541	1	1	0	1	1
CONNECTOR_MATRIX__TRUE_FALSE__OR__BARE__NONE__TO__THE_PHRASE	CARRIER_VS_BARE	CONNECTOR_MATRIX	TRUE_FALSE	THE_PHRASE	BARE	THE_PHRASE	CONNECTOR_MATRIX__TRUE_FALSE__OR__BARE__NONE	CONNECTOR_MATRIX__TRUE_FALSE__OR__THE_PHRASE__NONE	true or false	the phrase true or false	0	2	4	1	1	0.325671	0.312467	0.325671	-0.247486	541	541	1	1	0	1	1
CONNECTOR_MATRIX__TRUE_FALSE__OR__BARE__NONE__TO__THEY_SAID	CARRIER_VS_BARE	CONNECTOR_MATRIX	TRUE_FALSE	THEY_SAID	BARE	THEY_SAID	CONNECTOR_MATRIX__TRUE_FALSE__OR__BARE__NONE	CONNECTOR_MATRIX__TRUE_FALSE__OR__THEY_SAID__NONE	true or false	they said true or false	0	2	4	1	1	0.210797	0.197889	0.210797	-0.560317	541	2659	1	0	1	1	1
CONNECTOR_MATRIX__TRUE_FALSE__TO__BARE__NONE__TO__V9_SPACE	CARRIER_VS_BARE	CONNECTOR_MATRIX	TRUE_FALSE	V9_SPACE	BARE	V9_SPACE	CONNECTOR_MATRIX__TRUE_FALSE__TO__BARE__NONE	CONNECTOR_MATRIX__TRUE_FALSE__TO__V9_SPACE__NONE	true to false	 true to false	0	2	2	1	1	-0.322758	-0.285334	-0.322758	-0.021088	2505	2505	0	0	0	1	1
CONNECTOR_MATRIX__TRUE_FALSE__TO__BARE__NONE__TO__THE_PHRASE	CARRIER_VS_BARE	CONNECTOR_MATRIX	TRUE_FALSE	THE_PHRASE	BARE	THE_PHRASE	CONNECTOR_MATRIX__TRUE_FALSE__TO__BARE__NONE	CONNECTOR_MATRIX__TRUE_FALSE__TO__THE_PHRASE__NONE	true to false	the phrase true to false	0	2	4	1	1	-1.06599	-0.996099	-1.06599	-0.938269	2505	2073	0	0	0	1	1
CONNECTOR_MATRIX__TRUE_FALSE__TO__BARE__NONE__TO__THEY_SAID	CARRIER_VS_BARE	CONNECTOR_MATRIX	TRUE_FALSE	THEY_SAID	BARE	THEY_SAID	CONNECTOR_MATRIX__TRUE_FALSE__TO__BARE__NONE	CONNECTOR_MATRIX__TRUE_FALSE__TO__THEY_SAID__NONE	true to false	they said true to false	0	2	4	1	1	-1.084128	-0.996709	-1.084128	-0.677396	2505	2505	0	0	0	1	1
CONNECTOR_MATRIX__TRUE_FALSE__BY__BARE__NONE__TO__V9_SPACE	CARRIER_VS_BARE	CONNECTOR_MATRIX	TRUE_FALSE	V9_SPACE	BARE	V9_SPACE	CONNECTOR_MATRIX__TRUE_FALSE__BY__BARE__NONE	CONNECTOR_MATRIX__TRUE_FALSE__BY__V9_SPACE__NONE	true by false	 true by false	0	2	2	1	1	-0.229018	-0.249861	-0.229018	-0.14832	1888	1888	0	0	0	1	1
CONNECTOR_MATRIX__TRUE_FALSE__BY__BARE__NONE__TO__THE_PHRASE	CARRIER_VS_BARE	CONNECTOR_MATRIX	TRUE_FALSE	THE_PHRASE	BARE	THE_PHRASE	CONNECTOR_MATRIX__TRUE_FALSE__BY__BARE__NONE	CONNECTOR_MATRIX__TRUE_FALSE__BY__THE_PHRASE__NONE	true by false	the phrase true by false	0	2	4	1	1	-1.05118	-1.109306	-1.05118	-1.18564	1888	2073	0	0	0	1	1
CONNECTOR_MATRIX__TRUE_FALSE__BY__BARE__NONE__TO__THEY_SAID	CARRIER_VS_BARE	CONNECTOR_MATRIX	TRUE_FALSE	THEY_SAID	BARE	THEY_SAID	CONNECTOR_MATRIX__TRUE_FALSE__BY__BARE__NONE	CONNECTOR_MATRIX__TRUE_FALSE__BY__THEY_SAID__NONE	true by false	they said true by false	0	2	4	1	1	-1.247195	-1.295418	-1.247195	-0.509377	1888	2256	0	0	0	1	1
CONNECTOR_MATRIX__TRUE_FALSE__AFTER__BARE__NONE__TO__V9_SPACE	CARRIER_VS_BARE	CONNECTOR_MATRIX	TRUE_FALSE	V9_SPACE	BARE	V9_SPACE	CONNECTOR_MATRIX__TRUE_FALSE__AFTER__BARE__NONE	CONNECTOR_MATRIX__TRUE_FALSE__AFTER__V9_SPACE__NONE	true after false	 true after false	0	2	2	1	1	-0.313356	-0.330337	-0.313356	-0.232657	1888	1888	0	0	0	1	1
CONNECTOR_MATRIX__TRUE_FALSE__AFTER__BARE__NONE__TO__THE_PHRASE	CARRIER_VS_BARE	CONNECTOR_MATRIX	TRUE_FALSE	THE_PHRASE	BARE	THE_PHRASE	CONNECTOR_MATRIX__TRUE_FALSE__AFTER__BARE__NONE	CONNECTOR_MATRIX__TRUE_FALSE__AFTER__THE_PHRASE__NONE	true after false	the phrase true after false	0	2	4	1	1	-1.022266	-1.059023	-1.022266	-1.156726	1888	2073	0	0	0	1	1
CONNECTOR_MATRIX__TRUE_FALSE__AFTER__BARE__NONE__TO__THEY_SAID	CARRIER_VS_BARE	CONNECTOR_MATRIX	TRUE_FALSE	THEY_SAID	BARE	THEY_SAID	CONNECTOR_MATRIX__TRUE_FALSE__AFTER__BARE__NONE	CONNECTOR_MATRIX__TRUE_FALSE__AFTER__THEY_SAID__NONE	true after false	they said true after false	0	2	4	1	1	-1.005701	-1.048258	-1.005701	-0.267882	1888	2256	0	0	0	1	1
CONNECTOR_MATRIX__EAST_WEST__AND__BARE__NONE__TO__V9_SPACE	CARRIER_VS_BARE	CONNECTOR_MATRIX	EAST_WEST	V9_SPACE	BARE	V9_SPACE	CONNECTOR_MATRIX__EAST_WEST__AND__BARE__NONE	CONNECTOR_MATRIX__EAST_WEST__AND__V9_SPACE__NONE	east and west	 east and west	0	2	2	1	1	-0.140318	-0.147375	-0.140318	0.10833	541	541	1	1	0	1	1
CONNECTOR_MATRIX__EAST_WEST__AND__BARE__NONE__TO__THE_PHRASE	CARRIER_VS_BARE	CONNECTOR_MATRIX	EAST_WEST	THE_PHRASE	BARE	THE_PHRASE	CONNECTOR_MATRIX__EAST_WEST__AND__BARE__NONE	CONNECTOR_MATRIX__EAST_WEST__AND__THE_PHRASE__NONE	east and west	the phrase east and west	0	2	4	1	1	0.206637	0.213252	0.206637	-0.187625	541	541	1	1	0	1	1
CONNECTOR_MATRIX__EAST_WEST__AND__BARE__NONE__TO__THEY_SAID	CARRIER_VS_BARE	CONNECTOR_MATRIX	EAST_WEST	THEY_SAID	BARE	THEY_SAID	CONNECTOR_MATRIX__EAST_WEST__AND__BARE__NONE	CONNECTOR_MATRIX__EAST_WEST__AND__THEY_SAID__NONE	east and west	they said east and west	0	2	4	1	1	0.214601	0.222183	0.214601	0.02167	541	541	1	1	0	1	1
CONNECTOR_MATRIX__EAST_WEST__OR__BARE__NONE__TO__V9_SPACE	CARRIER_VS_BARE	CONNECTOR_MATRIX	EAST_WEST	V9_SPACE	BARE	V9_SPACE	CONNECTOR_MATRIX__EAST_WEST__OR__BARE__NONE	CONNECTOR_MATRIX__EAST_WEST__OR__V9_SPACE__NONE	east or west	 east or west	0	2	2	1	1	0.235168	0.235013	0.235168	0.204197	541	541	1	1	0	1	1
CONNECTOR_MATRIX__EAST_WEST__OR__BARE__NONE__TO__THE_PHRASE	CARRIER_VS_BARE	CONNECTOR_MATRIX	EAST_WEST	THE_PHRASE	BARE	THE_PHRASE	CONNECTOR_MATRIX__EAST_WEST__OR__BARE__NONE	CONNECTOR_MATRIX__EAST_WEST__OR__THE_PHRASE__NONE	east or west	the phrase east or west	0	2	4	1	1	-0.195652	-0.195674	-0.195652	-0.254648	541	541	1	1	0	1	1
CONNECTOR_MATRIX__EAST_WEST__OR__BARE__NONE__TO__THEY_SAID	CARRIER_VS_BARE	CONNECTOR_MATRIX	EAST_WEST	THEY_SAID	BARE	THEY_SAID	CONNECTOR_MATRIX__EAST_WEST__OR__BARE__NONE	CONNECTOR_MATRIX__EAST_WEST__OR__THEY_SAID__NONE	east or west	they said east or west	0	2	4	1	1	-0.098204	-0.098421	-0.098204	-0.080794	541	541	1	1	0	1	1
CONNECTOR_MATRIX__EAST_WEST__TO__BARE__NONE__TO__V9_SPACE	CARRIER_VS_BARE	CONNECTOR_MATRIX	EAST_WEST	V9_SPACE	BARE	V9_SPACE	CONNECTOR_MATRIX__EAST_WEST__TO__BARE__NONE	CONNECTOR_MATRIX__EAST_WEST__TO__V9_SPACE__NONE	east to west	 east to west	0	2	2	1	1	0.535659	0.534391	0.535659	0.364708	541	541	1	1	0	1	1
CONNECTOR_MATRIX__EAST_WEST__TO__BARE__NONE__TO__THE_PHRASE	CARRIER_VS_BARE	CONNECTOR_MATRIX	EAST_WEST	THE_PHRASE	BARE	THE_PHRASE	CONNECTOR_MATRIX__EAST_WEST__TO__BARE__NONE	CONNECTOR_MATRIX__EAST_WEST__TO__THE_PHRASE__NONE	east to west	the phrase east to west	0	2	4	1	1	-0.10505	-0.091709	-0.10505	-0.338568	541	541	1	1	0	1	1
CONNECTOR_MATRIX__EAST_WEST__TO__BARE__NONE__TO__THEY_SAID	CARRIER_VS_BARE	CONNECTOR_MATRIX	EAST_WEST	THEY_SAID	BARE	THEY_SAID	CONNECTOR_MATRIX__EAST_WEST__TO__BARE__NONE	CONNECTOR_MATRIX__EAST_WEST__TO__THEY_SAID__NONE	east to west	they said east to west	0	2	4	1	1	0.595635	0.598448	0.595635	0.024471	541	541	1	1	0	1	1
CONNECTOR_MATRIX__EAST_WEST__BY__BARE__NONE__TO__V9_SPACE	CARRIER_VS_BARE	CONNECTOR_MATRIX	EAST_WEST	V9_SPACE	BARE	V9_SPACE	CONNECTOR_MATRIX__EAST_WEST__BY__BARE__NONE	CONNECTOR_MATRIX__EAST_WEST__BY__V9_SPACE__NONE	east by west	 east by west	0	2	2	1	1	0.732132	0.741814	0.732132	0.406868	541	541	1	1	0	1	1
CONNECTOR_MATRIX__EAST_WEST__BY__BARE__NONE__TO__THE_PHRASE	CARRIER_VS_BARE	CONNECTOR_MATRIX	EAST_WEST	THE_PHRASE	BARE	THE_PHRASE	CONNECTOR_MATRIX__EAST_WEST__BY__BARE__NONE	CONNECTOR_MATRIX__EAST_WEST__BY__THE_PHRASE__NONE	east by west	the phrase east by west	0	2	4	1	1	-0.061875	-0.046148	-0.061875	-0.568336	541	2073	1	0	1	1	1
CONNECTOR_MATRIX__EAST_WEST__BY__BARE__NONE__TO__THEY_SAID	CARRIER_VS_BARE	CONNECTOR_MATRIX	EAST_WEST	THEY_SAID	BARE	THEY_SAID	CONNECTOR_MATRIX__EAST_WEST__BY__BARE__NONE	CONNECTOR_MATRIX__EAST_WEST__BY__THEY_SAID__NONE	east by west	they said east by west	0	2	4	1	1	0.091983	0.068173	0.091983	0.087761	541	541	1	1	0	1	1
CONNECTOR_MATRIX__EAST_WEST__AFTER__BARE__NONE__TO__V9_SPACE	CARRIER_VS_BARE	CONNECTOR_MATRIX	EAST_WEST	V9_SPACE	BARE	V9_SPACE	CONNECTOR_MATRIX__EAST_WEST__AFTER__BARE__NONE	CONNECTOR_MATRIX__EAST_WEST__AFTER__V9_SPACE__NONE	east after west	 east after west	0	2	2	1	1	0.375583	0.358225	0.375583	0.050318	1888	1888	0	0	0	1	1
CONNECTOR_MATRIX__EAST_WEST__AFTER__BARE__NONE__TO__THE_PHRASE	CARRIER_VS_BARE	CONNECTOR_MATRIX	EAST_WEST	THE_PHRASE	BARE	THE_PHRASE	CONNECTOR_MATRIX__EAST_WEST__AFTER__BARE__NONE	CONNECTOR_MATRIX__EAST_WEST__AFTER__THE_PHRASE__NONE	east after west	the phrase east after west	0	2	4	1	1	-0.831215	-0.839279	-0.831215	-1.337675	1888	2073	0	0	0	1	1
CONNECTOR_MATRIX__EAST_WEST__AFTER__BARE__NONE__TO__THEY_SAID	CARRIER_VS_BARE	CONNECTOR_MATRIX	EAST_WEST	THEY_SAID	BARE	THEY_SAID	CONNECTOR_MATRIX__EAST_WEST__AFTER__BARE__NONE	CONNECTOR_MATRIX__EAST_WEST__AFTER__THEY_SAID__NONE	east after west	they said east after west	0	2	4	1	1	-0.219621	-0.236253	-0.219621	-0.501532	1888	2496	0	0	0	1	1
PAIR_PANEL__PAIR_01__CONVENTIONAL__BARE__NONE__TO__V9_SPACE	CARRIER_VS_BARE	PAIR_PANEL	PAIR_01	V9_SPACE	BARE	V9_SPACE	PAIR_PANEL__PAIR_01__CONVENTIONAL__BARE__NONE	PAIR_PANEL__PAIR_01__CONVENTIONAL__V9_SPACE__NONE	salt and pepper	 salt and pepper	0	3	2	1	1	-0.394886	-0.418082	-0.394886	-0.273072	2659	1888	0	0	0	1	1
PAIR_PANEL__PAIR_01__CONVENTIONAL__BARE__NONE__TO__THE_PHRASE	CARRIER_VS_BARE	PAIR_PANEL	PAIR_01	THE_PHRASE	BARE	THE_PHRASE	PAIR_PANEL__PAIR_01__CONVENTIONAL__BARE__NONE	PAIR_PANEL__PAIR_01__CONVENTIONAL__THE_PHRASE__NONE	salt and pepper	the phrase salt and pepper	0	3	4	1	1	-0.589063	-0.610105	-0.589063	-0.51151	2659	2073	0	0	0	1	1
PAIR_PANEL__PAIR_01__CONVENTIONAL__BARE__NONE__TO__THEY_SAID	CARRIER_VS_BARE	PAIR_PANEL	PAIR_01	THEY_SAID	BARE	THEY_SAID	PAIR_PANEL__PAIR_01__CONVENTIONAL__BARE__NONE	PAIR_PANEL__PAIR_01__CONVENTIONAL__THEY_SAID__NONE	salt and pepper	they said salt and pepper	0	3	4	1	1	-0.611333	-0.640956	-0.611333	0.057811	2659	2659	0	0	0	1	1
PAIR_PANEL__PAIR_01__ARBITRARY__BARE__NONE__TO__V9_SPACE	CARRIER_VS_BARE	PAIR_PANEL	PAIR_01	V9_SPACE	BARE	V9_SPACE	PAIR_PANEL__PAIR_01__ARBITRARY__BARE__NONE	PAIR_PANEL__PAIR_01__ARBITRARY__V9_SPACE__NONE	cats and elephants	 cats and elephants	0	2	2	1	1	-0.05249	-0.061863	-0.05249	-0.622955	541	1888	1	0	1	1	1
PAIR_PANEL__PAIR_01__ARBITRARY__BARE__NONE__TO__THE_PHRASE	CARRIER_VS_BARE	PAIR_PANEL	PAIR_01	THE_PHRASE	BARE	THE_PHRASE	PAIR_PANEL__PAIR_01__ARBITRARY__BARE__NONE	PAIR_PANEL__PAIR_01__ARBITRARY__THE_PHRASE__NONE	cats and elephants	the phrase cats and elephants	0	2	4	1	1	-0.414155	-0.430979	-0.414155	-0.708147	541	2073	1	0	1	1	1
PAIR_PANEL__PAIR_01__ARBITRARY__BARE__NONE__TO__THEY_SAID	CARRIER_VS_BARE	PAIR_PANEL	PAIR_01	THEY_SAID	BARE	THEY_SAID	PAIR_PANEL__PAIR_01__ARBITRARY__BARE__NONE	PAIR_PANEL__PAIR_01__ARBITRARY__THEY_SAID__NONE	cats and elephants	they said cats and elephants	0	2	4	1	1	-0.297992	-0.315557	-0.297992	0.182481	541	541	1	1	0	1	1
PAIR_PANEL__PAIR_02__CONVENTIONAL__BARE__NONE__TO__V9_SPACE	CARRIER_VS_BARE	PAIR_PANEL	PAIR_02	V9_SPACE	BARE	V9_SPACE	PAIR_PANEL__PAIR_02__CONVENTIONAL__BARE__NONE	PAIR_PANEL__PAIR_02__CONVENTIONAL__V9_SPACE__NONE	knife and fork	 knife and fork	0	2	2	1	1	-0.186422	-0.189633	-0.186422	-0.501082	1888	1888	0	0	0	1	1
PAIR_PANEL__PAIR_02__CONVENTIONAL__BARE__NONE__TO__THE_PHRASE	CARRIER_VS_BARE	PAIR_PANEL	PAIR_02	THE_PHRASE	BARE	THE_PHRASE	PAIR_PANEL__PAIR_02__CONVENTIONAL__BARE__NONE	PAIR_PANEL__PAIR_02__CONVENTIONAL__THE_PHRASE__NONE	knife and fork	the phrase knife and fork	0	2	4	1	1	-0.539166	-0.552106	-0.539166	-0.676574	1888	2073	0	0	0	1	1
PAIR_PANEL__PAIR_02__CONVENTIONAL__BARE__NONE__TO__THEY_SAID	CARRIER_VS_BARE	PAIR_PANEL	PAIR_02	THEY_SAID	BARE	THEY_SAID	PAIR_PANEL__PAIR_02__CONVENTIONAL__BARE__NONE	PAIR_PANEL__PAIR_02__CONVENTIONAL__THEY_SAID__NONE	knife and fork	they said knife and fork	0	2	4	1	1	-0.313602	-0.326674	-0.313602	-0.001794	1888	2659	0	0	0	1	1
PAIR_PANEL__PAIR_02__ARBITRARY__BARE__NONE__TO__V9_SPACE	CARRIER_VS_BARE	PAIR_PANEL	PAIR_02	V9_SPACE	BARE	V9_SPACE	PAIR_PANEL__PAIR_02__ARBITRARY__BARE__NONE	PAIR_PANEL__PAIR_02__ARBITRARY__V9_SPACE__NONE	bread and gravel	 bread and gravel	0	2	2	1	1	-0.307143	-0.312609	-0.307143	-0.324959	1888	1888	0	0	0	1	1
PAIR_PANEL__PAIR_02__ARBITRARY__BARE__NONE__TO__THE_PHRASE	CARRIER_VS_BARE	PAIR_PANEL	PAIR_02	THE_PHRASE	BARE	THE_PHRASE	PAIR_PANEL__PAIR_02__ARBITRARY__BARE__NONE	PAIR_PANEL__PAIR_02__ARBITRARY__THE_PHRASE__NONE	bread and gravel	the phrase bread and gravel	0	2	4	1	1	-0.649822	-0.654963	-0.649822	-0.368466	1888	2073	0	0	0	1	1
PAIR_PANEL__PAIR_02__ARBITRARY__BARE__NONE__TO__THEY_SAID	CARRIER_VS_BARE	PAIR_PANEL	PAIR_02	THEY_SAID	BARE	THEY_SAID	PAIR_PANEL__PAIR_02__ARBITRARY__BARE__NONE	PAIR_PANEL__PAIR_02__ARBITRARY__THEY_SAID__NONE	bread and gravel	they said bread and gravel	0	2	4	1	1	-0.752106	-0.758809	-0.752106	0.237161	1888	1888	0	0	0	1	1
PAIR_PANEL__PAIR_03__CONVENTIONAL__BARE__NONE__TO__V9_SPACE	CARRIER_VS_BARE	PAIR_PANEL	PAIR_03	V9_SPACE	BARE	V9_SPACE	PAIR_PANEL__PAIR_03__CONVENTIONAL__BARE__NONE	PAIR_PANEL__PAIR_03__CONVENTIONAL__V9_SPACE__NONE	back and forth	 back and forth	0	2	2	1	1	-0.140402	-0.148435	-0.140402	-0.760192	541	1888	1	0	1	1	1
PAIR_PANEL__PAIR_03__CONVENTIONAL__BARE__NONE__TO__THE_PHRASE	CARRIER_VS_BARE	PAIR_PANEL	PAIR_03	THE_PHRASE	BARE	THE_PHRASE	PAIR_PANEL__PAIR_03__CONVENTIONAL__BARE__NONE	PAIR_PANEL__PAIR_03__CONVENTIONAL__THE_PHRASE__NONE	back and forth	the phrase back and forth	0	2	4	1	1	-0.076766	-0.101297	-0.076766	-0.676735	541	2073	1	0	1	1	1
PAIR_PANEL__PAIR_03__CONVENTIONAL__BARE__NONE__TO__THEY_SAID	CARRIER_VS_BARE	PAIR_PANEL	PAIR_03	THEY_SAID	BARE	THEY_SAID	PAIR_PANEL__PAIR_03__CONVENTIONAL__BARE__NONE	PAIR_PANEL__PAIR_03__CONVENTIONAL__THEY_SAID__NONE	back and forth	they said back and forth	0	2	4	1	1	-0.754636	-0.779007	-0.754636	-1.098323	541	1978	1	0	1	1	1
PAIR_PANEL__PAIR_03__ARBITRARY__BARE__NONE__TO__V9_SPACE	CARRIER_VS_BARE	PAIR_PANEL	PAIR_03	V9_SPACE	BARE	V9_SPACE	PAIR_PANEL__PAIR_03__ARBITRARY__BARE__NONE	PAIR_PANEL__PAIR_03__ARBITRARY__V9_SPACE__NONE	lanterns and arithmetic	 lanterns and arithmetic	0	4	3	1	1	-0.031248	-0.024968	0.0	-0.29121	1888	1888	0	0	0	1	1
PAIR_PANEL__PAIR_03__ARBITRARY__BARE__NONE__TO__THE_PHRASE	CARRIER_VS_BARE	PAIR_PANEL	PAIR_03	THE_PHRASE	BARE	THE_PHRASE	PAIR_PANEL__PAIR_03__ARBITRARY__BARE__NONE	PAIR_PANEL__PAIR_03__ARBITRARY__THE_PHRASE__NONE	lanterns and arithmetic	the phrase lanterns and arithmetic	0	4	5	1	1	-0.035661	-0.033622	0.0	-0.38509	1888	2073	0	0	0	1	1
PAIR_PANEL__PAIR_03__ARBITRARY__BARE__NONE__TO__THEY_SAID	CARRIER_VS_BARE	PAIR_PANEL	PAIR_03	THEY_SAID	BARE	THEY_SAID	PAIR_PANEL__PAIR_03__ARBITRARY__BARE__NONE	PAIR_PANEL__PAIR_03__ARBITRARY__THEY_SAID__NONE	lanterns and arithmetic	they said lanterns and arithmetic	0	4	5	1	1	-0.036859	-0.038271	0.0	0.487186	1888	2256	0	0	0	1	1
PAIR_PANEL__PAIR_04__CONVENTIONAL__BARE__NONE__TO__V9_SPACE	CARRIER_VS_BARE	PAIR_PANEL	PAIR_04	V9_SPACE	BARE	V9_SPACE	PAIR_PANEL__PAIR_04__CONVENTIONAL__BARE__NONE	PAIR_PANEL__PAIR_04__CONVENTIONAL__V9_SPACE__NONE	black and white	 black and white	0	2	2	1	1	-0.07361	-0.085524	-0.07361	-0.447211	541	541	1	1	0	1	1
PAIR_PANEL__PAIR_04__CONVENTIONAL__BARE__NONE__TO__THE_PHRASE	CARRIER_VS_BARE	PAIR_PANEL	PAIR_04	THE_PHRASE	BARE	THE_PHRASE	PAIR_PANEL__PAIR_04__CONVENTIONAL__BARE__NONE	PAIR_PANEL__PAIR_04__CONVENTIONAL__THE_PHRASE__NONE	black and white	the phrase black and white	0	2	4	1	1	-0.630204	-0.641945	-0.630204	-0.861266	541	2073	1	0	1	1	1
PAIR_PANEL__PAIR_04__CONVENTIONAL__BARE__NONE__TO__THEY_SAID	CARRIER_VS_BARE	PAIR_PANEL	PAIR_04	THEY_SAID	BARE	THEY_SAID	PAIR_PANEL__PAIR_04__CONVENTIONAL__BARE__NONE	PAIR_PANEL__PAIR_04__CONVENTIONAL__THEY_SAID__NONE	black and white	they said black and white	0	2	4	1	1	-0.459479	-0.483268	-0.459479	-0.000313	541	541	1	1	0	1	1
PAIR_PANEL__PAIR_04__ARBITRARY__BARE__NONE__TO__V9_SPACE	CARRIER_VS_BARE	PAIR_PANEL	PAIR_04	V9_SPACE	BARE	V9_SPACE	PAIR_PANEL__PAIR_04__ARBITRARY__BARE__NONE	PAIR_PANEL__PAIR_04__ARBITRARY__V9_SPACE__NONE	velvet or engines	 velvet or engines	0	3	2	1	1	-0.186463	-0.18779	-0.02242	-0.853264	1790	1888	0	0	0	1	1
PAIR_PANEL__PAIR_04__ARBITRARY__BARE__NONE__TO__THE_PHRASE	CARRIER_VS_BARE	PAIR_PANEL	PAIR_04	THE_PHRASE	BARE	THE_PHRASE	PAIR_PANEL__PAIR_04__ARBITRARY__BARE__NONE	PAIR_PANEL__PAIR_04__ARBITRARY__THE_PHRASE__NONE	velvet or engines	the phrase velvet or engines	0	3	4	1	1	-0.189119	-0.193854	-0.02242	-0.771925	1790	2073	0	0	0	1	1
PAIR_PANEL__PAIR_04__ARBITRARY__BARE__NONE__TO__THEY_SAID	CARRIER_VS_BARE	PAIR_PANEL	PAIR_04	THEY_SAID	BARE	THEY_SAID	PAIR_PANEL__PAIR_04__ARBITRARY__BARE__NONE	PAIR_PANEL__PAIR_04__ARBITRARY__THEY_SAID__NONE	velvet or engines	they said velvet or engines	0	3	4	1	1	-0.169989	-0.174821	-0.02242	0.100351	1790	2256	0	0	0	1	1
PAIR_PANEL__PAIR_05__CONVENTIONAL__BARE__NONE__TO__V9_SPACE	CARRIER_VS_BARE	PAIR_PANEL	PAIR_05	V9_SPACE	BARE	V9_SPACE	PAIR_PANEL__PAIR_05__CONVENTIONAL__BARE__NONE	PAIR_PANEL__PAIR_05__CONVENTIONAL__V9_SPACE__NONE	pros and cons	 pros and cons	0	3	2	1	1	-0.824081	-0.823095	-0.824081	0.987042	2659	1888	0	0	0	1	1
PAIR_PANEL__PAIR_05__CONVENTIONAL__BARE__NONE__TO__THE_PHRASE	CARRIER_VS_BARE	PAIR_PANEL	PAIR_05	THE_PHRASE	BARE	THE_PHRASE	PAIR_PANEL__PAIR_05__CONVENTIONAL__BARE__NONE	PAIR_PANEL__PAIR_05__CONVENTIONAL__THE_PHRASE__NONE	pros and cons	the phrase pros and cons	0	3	4	1	1	-0.387455	-0.369225	-0.387455	0.979585	2659	2659	0	0	0	1	1
PAIR_PANEL__PAIR_05__CONVENTIONAL__BARE__NONE__TO__THEY_SAID	CARRIER_VS_BARE	PAIR_PANEL	PAIR_05	THEY_SAID	BARE	THEY_SAID	PAIR_PANEL__PAIR_05__CONVENTIONAL__BARE__NONE	PAIR_PANEL__PAIR_05__CONVENTIONAL__THEY_SAID__NONE	pros and cons	they said pros and cons	0	3	4	1	1	-0.6395	-0.636619	-0.6395	0.588728	2659	2659	0	0	0	1	1
PAIR_PANEL__PAIR_05__ARBITRARY__BARE__NONE__TO__V9_SPACE	CARRIER_VS_BARE	PAIR_PANEL	PAIR_05	V9_SPACE	BARE	V9_SPACE	PAIR_PANEL__PAIR_05__ARBITRARY__BARE__NONE	PAIR_PANEL__PAIR_05__ARBITRARY__V9_SPACE__NONE	clouds and teaspoons	 clouds and teaspoons	0	3	2	1	1	-0.339835	-0.340596	-0.339835	-0.668967	1888	1888	0	0	0	1	1
PAIR_PANEL__PAIR_05__ARBITRARY__BARE__NONE__TO__THE_PHRASE	CARRIER_VS_BARE	PAIR_PANEL	PAIR_05	THE_PHRASE	BARE	THE_PHRASE	PAIR_PANEL__PAIR_05__ARBITRARY__BARE__NONE	PAIR_PANEL__PAIR_05__ARBITRARY__THE_PHRASE__NONE	clouds and teaspoons	the phrase clouds and teaspoons	0	3	4	1	1	0.215488	0.216126	0.215488	-0.134113	1888	2073	0	0	0	1	1
PAIR_PANEL__PAIR_05__ARBITRARY__BARE__NONE__TO__THEY_SAID	CARRIER_VS_BARE	PAIR_PANEL	PAIR_05	THEY_SAID	BARE	THEY_SAID	PAIR_PANEL__PAIR_05__ARBITRARY__BARE__NONE	PAIR_PANEL__PAIR_05__ARBITRARY__THEY_SAID__NONE	clouds and teaspoons	they said clouds and teaspoons	0	3	4	1	1	-0.24922	-0.260837	-0.24922	0.273454	1888	2256	0	0	0	1	1
PAIR_PANEL__PAIR_06__CONVENTIONAL__BARE__NONE__TO__V9_SPACE	CARRIER_VS_BARE	PAIR_PANEL	PAIR_06	V9_SPACE	BARE	V9_SPACE	PAIR_PANEL__PAIR_06__CONVENTIONAL__BARE__NONE	PAIR_PANEL__PAIR_06__CONVENTIONAL__V9_SPACE__NONE	sooner or later	 sooner or later	0	3	2	1	1	0.454989	0.456961	0.454989	-0.359418	541	1888	1	0	1	1	1
PAIR_PANEL__PAIR_06__CONVENTIONAL__BARE__NONE__TO__THE_PHRASE	CARRIER_VS_BARE	PAIR_PANEL	PAIR_06	THE_PHRASE	BARE	THE_PHRASE	PAIR_PANEL__PAIR_06__CONVENTIONAL__BARE__NONE	PAIR_PANEL__PAIR_06__CONVENTIONAL__THE_PHRASE__NONE	sooner or later	the phrase sooner or later	0	3	4	1	1	0.582473	0.586328	0.582473	-0.13472	541	2073	1	0	1	1	1
PAIR_PANEL__PAIR_06__CONVENTIONAL__BARE__NONE__TO__THEY_SAID	CARRIER_VS_BARE	PAIR_PANEL	PAIR_06	THEY_SAID	BARE	THEY_SAID	PAIR_PANEL__PAIR_06__CONVENTIONAL__BARE__NONE	PAIR_PANEL__PAIR_06__CONVENTIONAL__THEY_SAID__NONE	sooner or later	they said sooner or later	0	3	4	1	1	0.108221	0.109093	0.108221	-0.479571	541	2829	1	0	1	1	1
PAIR_PANEL__PAIR_06__ARBITRARY__BARE__NONE__TO__V9_SPACE	CARRIER_VS_BARE	PAIR_PANEL	PAIR_06	V9_SPACE	BARE	V9_SPACE	PAIR_PANEL__PAIR_06__ARBITRARY__BARE__NONE	PAIR_PANEL__PAIR_06__ARBITRARY__V9_SPACE__NONE	north or velvet	 north or velvet	0	2	2	1	1	-0.192567	-0.193768	-0.172827	-0.499896	1888	1888	0	0	0	1	1
PAIR_PANEL__PAIR_06__ARBITRARY__BARE__NONE__TO__THE_PHRASE	CARRIER_VS_BARE	PAIR_PANEL	PAIR_06	THE_PHRASE	BARE	THE_PHRASE	PAIR_PANEL__PAIR_06__ARBITRARY__BARE__NONE	PAIR_PANEL__PAIR_06__ARBITRARY__THE_PHRASE__NONE	north or velvet	the phrase north or velvet	0	2	4	1	1	-0.04652	-0.047695	-0.04652	-0.525734	1888	2073	0	0	0	1	1
PAIR_PANEL__PAIR_06__ARBITRARY__BARE__NONE__TO__THEY_SAID	CARRIER_VS_BARE	PAIR_PANEL	PAIR_06	THEY_SAID	BARE	THEY_SAID	PAIR_PANEL__PAIR_06__ARBITRARY__BARE__NONE	PAIR_PANEL__PAIR_06__ARBITRARY__THEY_SAID__NONE	north or velvet	they said north or velvet	0	2	4	1	1	-0.243137	-0.24444	-0.172763	-0.036429	1888	1888	0	0	0	1	1
PAIR_PANEL__PAIR_07__CONVENTIONAL__BARE__NONE__TO__V9_SPACE	CARRIER_VS_BARE	PAIR_PANEL	PAIR_07	V9_SPACE	BARE	V9_SPACE	PAIR_PANEL__PAIR_07__CONVENTIONAL__BARE__NONE	PAIR_PANEL__PAIR_07__CONVENTIONAL__V9_SPACE__NONE	give and take	 give and take	0	2	2	1	1	-0.98986	-1.06389	-0.98986	-0.687481	2659	2659	0	0	0	1	1
PAIR_PANEL__PAIR_07__CONVENTIONAL__BARE__NONE__TO__THE_PHRASE	CARRIER_VS_BARE	PAIR_PANEL	PAIR_07	THE_PHRASE	BARE	THE_PHRASE	PAIR_PANEL__PAIR_07__CONVENTIONAL__BARE__NONE	PAIR_PANEL__PAIR_07__CONVENTIONAL__THE_PHRASE__NONE	give and take	the phrase give and take	0	2	4	1	1	-0.769665	-0.83481	-0.769665	-0.697153	2659	2659	0	0	0	1	1
PAIR_PANEL__PAIR_07__CONVENTIONAL__BARE__NONE__TO__THEY_SAID	CARRIER_VS_BARE	PAIR_PANEL	PAIR_07	THEY_SAID	BARE	THEY_SAID	PAIR_PANEL__PAIR_07__CONVENTIONAL__BARE__NONE	PAIR_PANEL__PAIR_07__CONVENTIONAL__THEY_SAID__NONE	give and take	they said give and take	0	2	4	1	1	-0.353975	-0.398403	-0.353975	-0.464488	2659	2659	0	0	0	1	1
PAIR_PANEL__PAIR_07__ARBITRARY__BARE__NONE__TO__V9_SPACE	CARRIER_VS_BARE	PAIR_PANEL	PAIR_07	V9_SPACE	BARE	V9_SPACE	PAIR_PANEL__PAIR_07__ARBITRARY__BARE__NONE	PAIR_PANEL__PAIR_07__ARBITRARY__V9_SPACE__NONE	marble and rabbits	 marble and rabbits	0	3	2	1	1	-0.46376	-0.472504	-0.46376	-1.200606	1790	1888	0	0	0	1	1
PAIR_PANEL__PAIR_07__ARBITRARY__BARE__NONE__TO__THE_PHRASE	CARRIER_VS_BARE	PAIR_PANEL	PAIR_07	THE_PHRASE	BARE	THE_PHRASE	PAIR_PANEL__PAIR_07__ARBITRARY__BARE__NONE	PAIR_PANEL__PAIR_07__ARBITRARY__THE_PHRASE__NONE	marble and rabbits	the phrase marble and rabbits	0	3	4	1	1	-0.580265	-0.605539	-0.574914	-0.889623	1790	2073	0	0	0	1	1
PAIR_PANEL__PAIR_07__ARBITRARY__BARE__NONE__TO__THEY_SAID	CARRIER_VS_BARE	PAIR_PANEL	PAIR_07	THEY_SAID	BARE	THEY_SAID	PAIR_PANEL__PAIR_07__ARBITRARY__BARE__NONE	PAIR_PANEL__PAIR_07__ARBITRARY__THEY_SAID__NONE	marble and rabbits	they said marble and rabbits	0	3	4	1	1	-0.294651	-0.318024	-0.294651	0.039316	1790	1888	0	0	0	1	1
PAIR_PANEL__PAIR_08__CONVENTIONAL__BARE__NONE__TO__V9_SPACE	CARRIER_VS_BARE	PAIR_PANEL	PAIR_08	V9_SPACE	BARE	V9_SPACE	PAIR_PANEL__PAIR_08__CONVENTIONAL__BARE__NONE	PAIR_PANEL__PAIR_08__CONVENTIONAL__V9_SPACE__NONE	life and death	 life and death	0	2	2	1	1	-0.352219	-0.363486	-0.352219	0.036737	541	541	1	1	0	1	1
PAIR_PANEL__PAIR_08__CONVENTIONAL__BARE__NONE__TO__THE_PHRASE	CARRIER_VS_BARE	PAIR_PANEL	PAIR_08	THE_PHRASE	BARE	THE_PHRASE	PAIR_PANEL__PAIR_08__CONVENTIONAL__BARE__NONE	PAIR_PANEL__PAIR_08__CONVENTIONAL__THE_PHRASE__NONE	life and death	the phrase life and death	0	2	4	1	1	-0.914389	-0.924465	-0.914389	-0.370437	541	2073	1	0	1	1	1
PAIR_PANEL__PAIR_08__CONVENTIONAL__BARE__NONE__TO__THEY_SAID	CARRIER_VS_BARE	PAIR_PANEL	PAIR_08	THEY_SAID	BARE	THEY_SAID	PAIR_PANEL__PAIR_08__CONVENTIONAL__BARE__NONE	PAIR_PANEL__PAIR_08__CONVENTIONAL__THEY_SAID__NONE	life and death	they said life and death	0	2	4	1	1	-1.022455	-1.034733	-1.022455	0.006048	541	541	1	1	0	1	1
PAIR_PANEL__PAIR_08__ARBITRARY__BARE__NONE__TO__V9_SPACE	CARRIER_VS_BARE	PAIR_PANEL	PAIR_08	V9_SPACE	BARE	V9_SPACE	PAIR_PANEL__PAIR_08__ARBITRARY__BARE__NONE	PAIR_PANEL__PAIR_08__ARBITRARY__V9_SPACE__NONE	button and ocean	 button and ocean	0	2	2	1	1	-0.499917	-0.510492	-0.499917	-0.644055	1888	1888	0	0	0	1	1
PAIR_PANEL__PAIR_08__ARBITRARY__BARE__NONE__TO__THE_PHRASE	CARRIER_VS_BARE	PAIR_PANEL	PAIR_08	THE_PHRASE	BARE	THE_PHRASE	PAIR_PANEL__PAIR_08__ARBITRARY__BARE__NONE	PAIR_PANEL__PAIR_08__ARBITRARY__THE_PHRASE__NONE	button and ocean	the phrase button and ocean	0	2	4	1	1	-0.689727	-0.700182	-0.531656	-1.086845	1888	2073	0	0	0	1	1
PAIR_PANEL__PAIR_08__ARBITRARY__BARE__NONE__TO__THEY_SAID	CARRIER_VS_BARE	PAIR_PANEL	PAIR_08	THEY_SAID	BARE	THEY_SAID	PAIR_PANEL__PAIR_08__ARBITRARY__BARE__NONE	PAIR_PANEL__PAIR_08__ARBITRARY__THEY_SAID__NONE	button and ocean	they said button and ocean	0	2	4	1	1	-0.138126	-0.145782	-0.138126	0.080374	1888	1888	0	0	0	1	1
CONTINUATION__UP_DOWN__NONE__BARE__NONE__TO__V9_SPACE	CARRIER_VS_BARE	CONTINUATION	UP_DOWN	V9_SPACE	BARE	V9_SPACE	CONTINUATION__UP_DOWN__NONE__BARE__NONE	CONTINUATION__UP_DOWN__NONE__V9_SPACE__NONE	up and down	 up and down	0	2	2	1	1	0.062821	0.035227	0.062821	0.034137	541	541	1	1	0	1	1
CONTINUATION__UP_DOWN__NONE__BARE__NONE__TO__THE_PHRASE	CARRIER_VS_BARE	CONTINUATION	UP_DOWN	THE_PHRASE	BARE	THE_PHRASE	CONTINUATION__UP_DOWN__NONE__BARE__NONE	CONTINUATION__UP_DOWN__NONE__THE_PHRASE__NONE	up and down	the phrase up and down	0	2	4	1	1	0.282658	0.253715	0.282658	-0.030187	541	541	1	1	0	1	1
CONTINUATION__UP_DOWN__NONE__BARE__NONE__TO__THEY_SAID	CARRIER_VS_BARE	CONTINUATION	UP_DOWN	THEY_SAID	BARE	THEY_SAID	CONTINUATION__UP_DOWN__NONE__BARE__NONE	CONTINUATION__UP_DOWN__NONE__THEY_SAID__NONE	up and down	they said up and down	0	2	4	1	1	0.161687	0.139606	0.161687	0.172769	541	541	1	1	0	1	1
CONTINUATION__UP_DOWN__AGAIN__BARE__AGAIN__TO__V9_SPACE	CARRIER_VS_BARE	CONTINUATION	UP_DOWN	V9_SPACE	BARE	V9_SPACE	CONTINUATION__UP_DOWN__AGAIN__BARE__AGAIN	CONTINUATION__UP_DOWN__AGAIN__V9_SPACE__AGAIN	up and down again	 up and down again	0	2	2	1	1	0.062821	0.035227	0.062821	0.034137	541	541	1	1	0	1	1
CONTINUATION__UP_DOWN__AGAIN__BARE__AGAIN__TO__THE_PHRASE	CARRIER_VS_BARE	CONTINUATION	UP_DOWN	THE_PHRASE	BARE	THE_PHRASE	CONTINUATION__UP_DOWN__AGAIN__BARE__AGAIN	CONTINUATION__UP_DOWN__AGAIN__THE_PHRASE__AGAIN	up and down again	the phrase up and down again	0	2	4	1	1	0.282658	0.253715	0.282658	-0.030187	541	541	1	1	0	1	1
CONTINUATION__UP_DOWN__AGAIN__BARE__AGAIN__TO__THEY_SAID	CARRIER_VS_BARE	CONTINUATION	UP_DOWN	THEY_SAID	BARE	THEY_SAID	CONTINUATION__UP_DOWN__AGAIN__BARE__AGAIN	CONTINUATION__UP_DOWN__AGAIN__THEY_SAID__AGAIN	up and down again	they said up and down again	0	2	4	1	1	0.161687	0.139606	0.161687	0.172769	541	541	1	1	0	1	1
CONTINUATION__UP_DOWN__PERIOD__BARE__PERIOD__TO__V9_SPACE	CARRIER_VS_BARE	CONTINUATION	UP_DOWN	V9_SPACE	BARE	V9_SPACE	CONTINUATION__UP_DOWN__PERIOD__BARE__PERIOD	CONTINUATION__UP_DOWN__PERIOD__V9_SPACE__PERIOD	up and down.	 up and down.	0	2	2	1	1	0.062821	0.035227	0.062821	0.034137	541	541	1	1	0	1	1
CONTINUATION__UP_DOWN__PERIOD__BARE__PERIOD__TO__THE_PHRASE	CARRIER_VS_BARE	CONTINUATION	UP_DOWN	THE_PHRASE	BARE	THE_PHRASE	CONTINUATION__UP_DOWN__PERIOD__BARE__PERIOD	CONTINUATION__UP_DOWN__PERIOD__THE_PHRASE__PERIOD	up and down.	the phrase up and down.	0	2	4	1	1	0.282658	0.253715	0.282658	-0.030187	541	541	1	1	0	1	1
CONTINUATION__UP_DOWN__PERIOD__BARE__PERIOD__TO__THEY_SAID	CARRIER_VS_BARE	CONTINUATION	UP_DOWN	THEY_SAID	BARE	THEY_SAID	CONTINUATION__UP_DOWN__PERIOD__BARE__PERIOD	CONTINUATION__UP_DOWN__PERIOD__THEY_SAID__PERIOD	up and down.	they said up and down.	0	2	4	1	1	0.161687	0.139606	0.161687	0.172769	541	541	1	1	0	1	1
CONTINUATION__UP_DOWN__ROAD__BARE__ROAD__TO__V9_SPACE	CARRIER_VS_BARE	CONTINUATION	UP_DOWN	V9_SPACE	BARE	V9_SPACE	CONTINUATION__UP_DOWN__ROAD__BARE__ROAD	CONTINUATION__UP_DOWN__ROAD__V9_SPACE__ROAD	up and down the road	 up and down the road	0	2	2	1	1	0.062821	0.035227	0.062821	0.034137	541	541	1	1	0	1	1
CONTINUATION__UP_DOWN__ROAD__BARE__ROAD__TO__THE_PHRASE	CARRIER_VS_BARE	CONTINUATION	UP_DOWN	THE_PHRASE	BARE	THE_PHRASE	CONTINUATION__UP_DOWN__ROAD__BARE__ROAD	CONTINUATION__UP_DOWN__ROAD__THE_PHRASE__ROAD	up and down the road	the phrase up and down the road	0	2	4	1	1	0.282658	0.253715	0.282658	-0.030187	541	541	1	1	0	1	1
CONTINUATION__UP_DOWN__ROAD__BARE__ROAD__TO__THEY_SAID	CARRIER_VS_BARE	CONTINUATION	UP_DOWN	THEY_SAID	BARE	THEY_SAID	CONTINUATION__UP_DOWN__ROAD__BARE__ROAD	CONTINUATION__UP_DOWN__ROAD__THEY_SAID__ROAD	up and down the road	they said up and down the road	0	2	4	1	1	0.161687	0.139606	0.161687	0.172769	541	541	1	1	0	1	1
CONTINUATION__UP_DOWN__CLAUSE__BARE__CLAUSE__TO__V9_SPACE	CARRIER_VS_BARE	CONTINUATION	UP_DOWN	V9_SPACE	BARE	V9_SPACE	CONTINUATION__UP_DOWN__CLAUSE__BARE__CLAUSE	CONTINUATION__UP_DOWN__CLAUSE__V9_SPACE__CLAUSE	up and down, without stopping	 up and down, without stopping	0	2	2	1	1	0.062821	0.035227	0.062821	0.034137	541	541	1	1	0	1	1
CONTINUATION__UP_DOWN__CLAUSE__BARE__CLAUSE__TO__THE_PHRASE	CARRIER_VS_BARE	CONTINUATION	UP_DOWN	THE_PHRASE	BARE	THE_PHRASE	CONTINUATION__UP_DOWN__CLAUSE__BARE__CLAUSE	CONTINUATION__UP_DOWN__CLAUSE__THE_PHRASE__CLAUSE	up and down, without stopping	the phrase up and down, without stopping	0	2	4	1	1	0.282658	0.253715	0.282658	-0.030187	541	541	1	1	0	1	1
CONTINUATION__UP_DOWN__CLAUSE__BARE__CLAUSE__TO__THEY_SAID	CARRIER_VS_BARE	CONTINUATION	UP_DOWN	THEY_SAID	BARE	THEY_SAID	CONTINUATION__UP_DOWN__CLAUSE__BARE__CLAUSE	CONTINUATION__UP_DOWN__CLAUSE__THEY_SAID__CLAUSE	up and down, without stopping	they said up and down, without stopping	0	2	4	1	1	0.161687	0.139606	0.161687	0.172769	541	541	1	1	0	1	1
CONTINUATION__UP_DOWN__XYZ__BARE__XYZ__TO__V9_SPACE	CARRIER_VS_BARE	CONTINUATION	UP_DOWN	V9_SPACE	BARE	V9_SPACE	CONTINUATION__UP_DOWN__XYZ__BARE__XYZ	CONTINUATION__UP_DOWN__XYZ__V9_SPACE__XYZ	up and down xyz	 up and down xyz	0	2	2	1	1	0.062821	0.035227	0.062821	-0.001073	541	541	1	1	0	1	1
CONTINUATION__UP_DOWN__XYZ__BARE__XYZ__TO__THE_PHRASE	CARRIER_VS_BARE	CONTINUATION	UP_DOWN	THE_PHRASE	BARE	THE_PHRASE	CONTINUATION__UP_DOWN__XYZ__BARE__XYZ	CONTINUATION__UP_DOWN__XYZ__THE_PHRASE__XYZ	up and down xyz	the phrase up and down xyz	0	2	4	1	1	0.282658	0.253715	0.282658	-0.030187	541	541	1	1	0	1	1
CONTINUATION__UP_DOWN__XYZ__BARE__XYZ__TO__THEY_SAID	CARRIER_VS_BARE	CONTINUATION	UP_DOWN	THEY_SAID	BARE	THEY_SAID	CONTINUATION__UP_DOWN__XYZ__BARE__XYZ	CONTINUATION__UP_DOWN__XYZ__THEY_SAID__XYZ	up and down xyz	they said up and down xyz	0	2	4	1	1	0.161687	0.139606	0.161687	0.096746	541	541	1	1	0	1	1
CONTINUATION__NOW_THEN__NONE__BARE__NONE__TO__V9_SPACE	CARRIER_VS_BARE	CONTINUATION	NOW_THEN	V9_SPACE	BARE	V9_SPACE	CONTINUATION__NOW_THEN__NONE__BARE__NONE	CONTINUATION__NOW_THEN__NONE__V9_SPACE__NONE	now and then	 now and then	0	2	2	1	1	0.406832	0.400094	0.406832	-0.056893	541	541	1	1	0	1	1
CONTINUATION__NOW_THEN__NONE__BARE__NONE__TO__THE_PHRASE	CARRIER_VS_BARE	CONTINUATION	NOW_THEN	THE_PHRASE	BARE	THE_PHRASE	CONTINUATION__NOW_THEN__NONE__BARE__NONE	CONTINUATION__NOW_THEN__NONE__THE_PHRASE__NONE	now and then	the phrase now and then	0	2	4	1	1	0.84852	0.847783	0.84852	0.311664	541	541	1	1	0	1	1
CONTINUATION__NOW_THEN__NONE__BARE__NONE__TO__THEY_SAID	CARRIER_VS_BARE	CONTINUATION	NOW_THEN	THEY_SAID	BARE	THEY_SAID	CONTINUATION__NOW_THEN__NONE__BARE__NONE	CONTINUATION__NOW_THEN__NONE__THEY_SAID__NONE	now and then	they said now and then	0	2	4	1	1	0.47162	0.479086	0.47162	0.643854	541	541	1	1	0	1	1
CONTINUATION__NOW_THEN__AGAIN__BARE__AGAIN__TO__V9_SPACE	CARRIER_VS_BARE	CONTINUATION	NOW_THEN	V9_SPACE	BARE	V9_SPACE	CONTINUATION__NOW_THEN__AGAIN__BARE__AGAIN	CONTINUATION__NOW_THEN__AGAIN__V9_SPACE__AGAIN	now and then again	 now and then again	0	2	2	1	1	0.406832	0.400094	0.406832	-0.056893	541	541	1	1	0	1	1
CONTINUATION__NOW_THEN__AGAIN__BARE__AGAIN__TO__THE_PHRASE	CARRIER_VS_BARE	CONTINUATION	NOW_THEN	THE_PHRASE	BARE	THE_PHRASE	CONTINUATION__NOW_THEN__AGAIN__BARE__AGAIN	CONTINUATION__NOW_THEN__AGAIN__THE_PHRASE__AGAIN	now and then again	the phrase now and then again	0	2	4	1	1	0.84852	0.847783	0.84852	0.311664	541	541	1	1	0	1	1
CONTINUATION__NOW_THEN__AGAIN__BARE__AGAIN__TO__THEY_SAID	CARRIER_VS_BARE	CONTINUATION	NOW_THEN	THEY_SAID	BARE	THEY_SAID	CONTINUATION__NOW_THEN__AGAIN__BARE__AGAIN	CONTINUATION__NOW_THEN__AGAIN__THEY_SAID__AGAIN	now and then again	they said now and then again	0	2	4	1	1	0.47162	0.479086	0.47162	0.643854	541	541	1	1	0	1	1
CONTINUATION__NOW_THEN__PERIOD__BARE__PERIOD__TO__V9_SPACE	CARRIER_VS_BARE	CONTINUATION	NOW_THEN	V9_SPACE	BARE	V9_SPACE	CONTINUATION__NOW_THEN__PERIOD__BARE__PERIOD	CONTINUATION__NOW_THEN__PERIOD__V9_SPACE__PERIOD	now and then.	 now and then.	0	2	2	1	1	0.406832	0.400094	0.406832	-0.056893	541	541	1	1	0	1	1
CONTINUATION__NOW_THEN__PERIOD__BARE__PERIOD__TO__THE_PHRASE	CARRIER_VS_BARE	CONTINUATION	NOW_THEN	THE_PHRASE	BARE	THE_PHRASE	CONTINUATION__NOW_THEN__PERIOD__BARE__PERIOD	CONTINUATION__NOW_THEN__PERIOD__THE_PHRASE__PERIOD	now and then.	the phrase now and then.	0	2	4	1	1	0.84852	0.847783	0.84852	0.311664	541	541	1	1	0	1	1
CONTINUATION__NOW_THEN__PERIOD__BARE__PERIOD__TO__THEY_SAID	CARRIER_VS_BARE	CONTINUATION	NOW_THEN	THEY_SAID	BARE	THEY_SAID	CONTINUATION__NOW_THEN__PERIOD__BARE__PERIOD	CONTINUATION__NOW_THEN__PERIOD__THEY_SAID__PERIOD	now and then.	they said now and then.	0	2	4	1	1	0.47162	0.479086	0.47162	0.643854	541	541	1	1	0	1	1
CONTINUATION__NOW_THEN__ROAD__BARE__ROAD__TO__V9_SPACE	CARRIER_VS_BARE	CONTINUATION	NOW_THEN	V9_SPACE	BARE	V9_SPACE	CONTINUATION__NOW_THEN__ROAD__BARE__ROAD	CONTINUATION__NOW_THEN__ROAD__V9_SPACE__ROAD	now and then the road	 now and then the road	0	2	2	1	1	0.406832	0.400094	0.406832	0.099513	541	541	1	1	0	1	1
CONTINUATION__NOW_THEN__ROAD__BARE__ROAD__TO__THE_PHRASE	CARRIER_VS_BARE	CONTINUATION	NOW_THEN	THE_PHRASE	BARE	THE_PHRASE	CONTINUATION__NOW_THEN__ROAD__BARE__ROAD	CONTINUATION__NOW_THEN__ROAD__THE_PHRASE__ROAD	now and then the road	the phrase now and then the road	0	2	4	1	1	0.84852	0.847783	0.84852	0.46807	541	541	1	1	0	1	1
CONTINUATION__NOW_THEN__ROAD__BARE__ROAD__TO__THEY_SAID	CARRIER_VS_BARE	CONTINUATION	NOW_THEN	THEY_SAID	BARE	THEY_SAID	CONTINUATION__NOW_THEN__ROAD__BARE__ROAD	CONTINUATION__NOW_THEN__ROAD__THEY_SAID__ROAD	now and then the road	they said now and then the road	0	2	4	1	1	0.47162	0.479086	0.47162	0.545275	541	541	1	1	0	1	1
CONTINUATION__NOW_THEN__CLAUSE__BARE__CLAUSE__TO__V9_SPACE	CARRIER_VS_BARE	CONTINUATION	NOW_THEN	V9_SPACE	BARE	V9_SPACE	CONTINUATION__NOW_THEN__CLAUSE__BARE__CLAUSE	CONTINUATION__NOW_THEN__CLAUSE__V9_SPACE__CLAUSE	now and then, without stopping	 now and then, without stopping	0	2	2	1	1	0.406832	0.400094	0.406832	0.032609	541	541	1	1	0	1	1
CONTINUATION__NOW_THEN__CLAUSE__BARE__CLAUSE__TO__THE_PHRASE	CARRIER_VS_BARE	CONTINUATION	NOW_THEN	THE_PHRASE	BARE	THE_PHRASE	CONTINUATION__NOW_THEN__CLAUSE__BARE__CLAUSE	CONTINUATION__NOW_THEN__CLAUSE__THE_PHRASE__CLAUSE	now and then, without stopping	the phrase now and then, without stopping	0	2	4	1	1	0.84852	0.847783	0.84852	0.401166	541	541	1	1	0	1	1
CONTINUATION__NOW_THEN__CLAUSE__BARE__CLAUSE__TO__THEY_SAID	CARRIER_VS_BARE	CONTINUATION	NOW_THEN	THEY_SAID	BARE	THEY_SAID	CONTINUATION__NOW_THEN__CLAUSE__BARE__CLAUSE	CONTINUATION__NOW_THEN__CLAUSE__THEY_SAID__CLAUSE	now and then, without stopping	they said now and then, without stopping	0	2	4	1	1	0.47162	0.479086	0.47162	0.733356	541	541	1	1	0	1	1
CONTINUATION__NOW_THEN__XYZ__BARE__XYZ__TO__V9_SPACE	CARRIER_VS_BARE	CONTINUATION	NOW_THEN	V9_SPACE	BARE	V9_SPACE	CONTINUATION__NOW_THEN__XYZ__BARE__XYZ	CONTINUATION__NOW_THEN__XYZ__V9_SPACE__XYZ	now and then xyz	 now and then xyz	0	2	2	1	1	0.406832	0.400094	0.406832	0.089158	541	541	1	1	0	1	1
CONTINUATION__NOW_THEN__XYZ__BARE__XYZ__TO__THE_PHRASE	CARRIER_VS_BARE	CONTINUATION	NOW_THEN	THE_PHRASE	BARE	THE_PHRASE	CONTINUATION__NOW_THEN__XYZ__BARE__XYZ	CONTINUATION__NOW_THEN__XYZ__THE_PHRASE__XYZ	now and then xyz	the phrase now and then xyz	0	2	4	1	1	0.84852	0.847783	0.84852	0.457715	541	541	1	1	0	1	1
CONTINUATION__NOW_THEN__XYZ__BARE__XYZ__TO__THEY_SAID	CARRIER_VS_BARE	CONTINUATION	NOW_THEN	THEY_SAID	BARE	THEY_SAID	CONTINUATION__NOW_THEN__XYZ__BARE__XYZ	CONTINUATION__NOW_THEN__XYZ__THEY_SAID__XYZ	now and then xyz	they said now and then xyz	0	2	4	1	1	0.47162	0.479086	0.47162	0.487319	541	541	1	1	0	1	1
CONTINUATION__HERE_THERE__NONE__BARE__NONE__TO__V9_SPACE	CARRIER_VS_BARE	CONTINUATION	HERE_THERE	V9_SPACE	BARE	V9_SPACE	CONTINUATION__HERE_THERE__NONE__BARE__NONE	CONTINUATION__HERE_THERE__NONE__V9_SPACE__NONE	here and there	 here and there	0	2	2	1	1	-0.357379	-0.361815	-0.357379	-0.622683	541	541	1	1	0	1	1
CONTINUATION__HERE_THERE__NONE__BARE__NONE__TO__THE_PHRASE	CARRIER_VS_BARE	CONTINUATION	HERE_THERE	THE_PHRASE	BARE	THE_PHRASE	CONTINUATION__HERE_THERE__NONE__BARE__NONE	CONTINUATION__HERE_THERE__NONE__THE_PHRASE__NONE	here and there	the phrase here and there	0	2	4	1	1	-0.031276	-0.043248	-0.031276	-0.633652	541	541	1	1	0	1	1
CONTINUATION__HERE_THERE__NONE__BARE__NONE__TO__THEY_SAID	CARRIER_VS_BARE	CONTINUATION	HERE_THERE	THEY_SAID	BARE	THEY_SAID	CONTINUATION__HERE_THERE__NONE__BARE__NONE	CONTINUATION__HERE_THERE__NONE__THEY_SAID__NONE	here and there	they said here and there	0	2	4	1	1	0.060025	0.059103	0.060025	-0.237773	541	541	1	1	0	1	1
CONTINUATION__HERE_THERE__AGAIN__BARE__AGAIN__TO__V9_SPACE	CARRIER_VS_BARE	CONTINUATION	HERE_THERE	V9_SPACE	BARE	V9_SPACE	CONTINUATION__HERE_THERE__AGAIN__BARE__AGAIN	CONTINUATION__HERE_THERE__AGAIN__V9_SPACE__AGAIN	here and there again	 here and there again	0	2	2	1	1	-0.357379	-0.361815	-0.357379	-0.622683	541	541	1	1	0	1	1
CONTINUATION__HERE_THERE__AGAIN__BARE__AGAIN__TO__THE_PHRASE	CARRIER_VS_BARE	CONTINUATION	HERE_THERE	THE_PHRASE	BARE	THE_PHRASE	CONTINUATION__HERE_THERE__AGAIN__BARE__AGAIN	CONTINUATION__HERE_THERE__AGAIN__THE_PHRASE__AGAIN	here and there again	the phrase here and there again	0	2	4	1	1	-0.031276	-0.043248	-0.031276	-0.633652	541	541	1	1	0	1	1
CONTINUATION__HERE_THERE__AGAIN__BARE__AGAIN__TO__THEY_SAID	CARRIER_VS_BARE	CONTINUATION	HERE_THERE	THEY_SAID	BARE	THEY_SAID	CONTINUATION__HERE_THERE__AGAIN__BARE__AGAIN	CONTINUATION__HERE_THERE__AGAIN__THEY_SAID__AGAIN	here and there again	they said here and there again	0	2	4	1	1	0.060025	0.059103	0.060025	-0.237773	541	541	1	1	0	1	1
CONTINUATION__HERE_THERE__PERIOD__BARE__PERIOD__TO__V9_SPACE	CARRIER_VS_BARE	CONTINUATION	HERE_THERE	V9_SPACE	BARE	V9_SPACE	CONTINUATION__HERE_THERE__PERIOD__BARE__PERIOD	CONTINUATION__HERE_THERE__PERIOD__V9_SPACE__PERIOD	here and there.	 here and there.	0	2	2	1	1	-0.357379	-0.361815	-0.357379	-0.622683	541	541	1	1	0	1	1
CONTINUATION__HERE_THERE__PERIOD__BARE__PERIOD__TO__THE_PHRASE	CARRIER_VS_BARE	CONTINUATION	HERE_THERE	THE_PHRASE	BARE	THE_PHRASE	CONTINUATION__HERE_THERE__PERIOD__BARE__PERIOD	CONTINUATION__HERE_THERE__PERIOD__THE_PHRASE__PERIOD	here and there.	the phrase here and there.	0	2	4	1	1	-0.031276	-0.043248	-0.031276	-0.633652	541	541	1	1	0	1	1
CONTINUATION__HERE_THERE__PERIOD__BARE__PERIOD__TO__THEY_SAID	CARRIER_VS_BARE	CONTINUATION	HERE_THERE	THEY_SAID	BARE	THEY_SAID	CONTINUATION__HERE_THERE__PERIOD__BARE__PERIOD	CONTINUATION__HERE_THERE__PERIOD__THEY_SAID__PERIOD	here and there.	they said here and there.	0	2	4	1	1	0.060025	0.059103	0.060025	-0.237773	541	541	1	1	0	1	1
CONTINUATION__HERE_THERE__ROAD__BARE__ROAD__TO__V9_SPACE	CARRIER_VS_BARE	CONTINUATION	HERE_THERE	V9_SPACE	BARE	V9_SPACE	CONTINUATION__HERE_THERE__ROAD__BARE__ROAD	CONTINUATION__HERE_THERE__ROAD__V9_SPACE__ROAD	here and there the road	 here and there the road	0	2	2	1	1	-0.357379	-0.361815	-0.357379	-0.622683	541	541	1	1	0	1	1
CONTINUATION__HERE_THERE__ROAD__BARE__ROAD__TO__THE_PHRASE	CARRIER_VS_BARE	CONTINUATION	HERE_THERE	THE_PHRASE	BARE	THE_PHRASE	CONTINUATION__HERE_THERE__ROAD__BARE__ROAD	CONTINUATION__HERE_THERE__ROAD__THE_PHRASE__ROAD	here and there the road	the phrase here and there the road	0	2	4	1	1	-0.031276	-0.043248	-0.031276	-0.633652	541	541	1	1	0	1	1
CONTINUATION__HERE_THERE__ROAD__BARE__ROAD__TO__THEY_SAID	CARRIER_VS_BARE	CONTINUATION	HERE_THERE	THEY_SAID	BARE	THEY_SAID	CONTINUATION__HERE_THERE__ROAD__BARE__ROAD	CONTINUATION__HERE_THERE__ROAD__THEY_SAID__ROAD	here and there the road	they said here and there the road	0	2	4	1	1	0.060025	0.059103	0.060025	-0.237773	541	541	1	1	0	1	1
CONTINUATION__HERE_THERE__CLAUSE__BARE__CLAUSE__TO__V9_SPACE	CARRIER_VS_BARE	CONTINUATION	HERE_THERE	V9_SPACE	BARE	V9_SPACE	CONTINUATION__HERE_THERE__CLAUSE__BARE__CLAUSE	CONTINUATION__HERE_THERE__CLAUSE__V9_SPACE__CLAUSE	here and there, without stopping	 here and there, without stopping	0	2	2	1	1	-0.357379	-0.361815	-0.357379	-0.622683	541	541	1	1	0	1	1
CONTINUATION__HERE_THERE__CLAUSE__BARE__CLAUSE__TO__THE_PHRASE	CARRIER_VS_BARE	CONTINUATION	HERE_THERE	THE_PHRASE	BARE	THE_PHRASE	CONTINUATION__HERE_THERE__CLAUSE__BARE__CLAUSE	CONTINUATION__HERE_THERE__CLAUSE__THE_PHRASE__CLAUSE	here and there, without stopping	the phrase here and there, without stopping	0	2	4	1	1	-0.03128	-0.043253	-0.03128	-0.633656	541	541	1	1	0	1	1
CONTINUATION__HERE_THERE__CLAUSE__BARE__CLAUSE__TO__THEY_SAID	CARRIER_VS_BARE	CONTINUATION	HERE_THERE	THEY_SAID	BARE	THEY_SAID	CONTINUATION__HERE_THERE__CLAUSE__BARE__CLAUSE	CONTINUATION__HERE_THERE__CLAUSE__THEY_SAID__CLAUSE	here and there, without stopping	they said here and there, without stopping	0	2	4	1	1	0.060025	0.059103	0.060025	-0.237773	541	541	1	1	0	1	1
CONTINUATION__HERE_THERE__XYZ__BARE__XYZ__TO__V9_SPACE	CARRIER_VS_BARE	CONTINUATION	HERE_THERE	V9_SPACE	BARE	V9_SPACE	CONTINUATION__HERE_THERE__XYZ__BARE__XYZ	CONTINUATION__HERE_THERE__XYZ__V9_SPACE__XYZ	here and there xyz	 here and there xyz	0	2	2	1	1	-0.357379	-0.361815	-0.357379	-0.304644	541	541	1	1	0	1	1
CONTINUATION__HERE_THERE__XYZ__BARE__XYZ__TO__THE_PHRASE	CARRIER_VS_BARE	CONTINUATION	HERE_THERE	THE_PHRASE	BARE	THE_PHRASE	CONTINUATION__HERE_THERE__XYZ__BARE__XYZ	CONTINUATION__HERE_THERE__XYZ__THE_PHRASE__XYZ	here and there xyz	the phrase here and there xyz	0	2	4	1	1	-0.03128	-0.043253	-0.03128	-0.158631	541	541	1	1	0	1	1
CONTINUATION__HERE_THERE__XYZ__BARE__XYZ__TO__THEY_SAID	CARRIER_VS_BARE	CONTINUATION	HERE_THERE	THEY_SAID	BARE	THEY_SAID	CONTINUATION__HERE_THERE__XYZ__BARE__XYZ	CONTINUATION__HERE_THERE__XYZ__THEY_SAID__XYZ	here and there xyz	they said here and there xyz	0	2	4	1	1	0.060025	0.059103	0.060025	0.001048	541	541	1	1	0	1	1
