# generated_utc	2026-08-14T18:47:54+00:00
# script	probe_v10.py
# python	3.11.15
# torch	2.9.0+cu128
# transformers	4.57.1
# device	cuda:0
# gpu	NVIDIA GeForce RTX 5060 Laptop GPU
# revision	607a30d783dfa663caf39e06633721c8d4cfcd7e
# layer	5
# tf32_matmul	False
# tf32_cudnn	False
# theta_sha256	113687a222f8cf98039222c27b39aaf716493e5e8c1db94ea4e6544e0814088c
# n_rows	522
case_id	branch	seed_id	variant	carrier_id	carrier	leading_prefix	first	connector	second	construction	continuation_id	continuation	string	n_tok	tokens	token_ids	pre_second_body_tokens	second_realised_tokens	completion_pos	completion_token	raw_pre_second_541	raw_completion_541	raw_completion_increment	raw_completion_best_other	raw_completion_best_other_value	raw_completion_margin	peak_541	peakpos_541	peak_token_541	best_other	best_other_peak	signed_541_margin	dest	retained_541	winner_peak	reported_delta	target_peaks_at_completion	baseline_variant	notes	lexical_pair_id
CORE_FACTORIAL__UP_DOWN__CC__BARE__NONE	CORE_FACTORIAL	UP_DOWN	CC	BARE			up	and	down	up and down	NONE		up and down	3	["up", " and", " down"]	[929, 290, 866]	2	1	3	 down	-0.056431	4.121797	4.178228	2659	2.999431	1.122366	4.121797	3	 down	2659	2.999431	1.122366	541	1	4.121797	1.122366	1	CC	canonical first × canonical second	
CORE_FACTORIAL__UP_DOWN__CA__BARE__NONE	CORE_FACTORIAL	UP_DOWN	CA	BARE			up	and	window	up and window	NONE		up and window	3	["up", " and", " window"]	[929, 290, 4324]	2	1	3	 window	-0.056431	1.103562	1.159993	1888	2.739391	-1.635829	1.103562	3	 window	1790	2.853054	-1.749492	1790	0	2.853054	0.085895	1	CC	canonical first × arbitrary second	
CORE_FACTORIAL__UP_DOWN__AC__BARE__NONE	CORE_FACTORIAL	UP_DOWN	AC	BARE			gravel	and	down	gravel and down	NONE		gravel and down	4	["g", "ravel", " and", " down"]	[70, 25843, 290, 866]	3	1	4	 down	-0.011602	0.236955	0.248557	638	1.948308	-1.711353	0.236955	4	 down	1888	2.942774	-2.705819	1888	0	2.942774	0.45512	1	CC	arbitrary first × canonical second	
CORE_FACTORIAL__UP_DOWN__AA__BARE__NONE	CORE_FACTORIAL	UP_DOWN	AA	BARE			gravel	and	window	gravel and window	NONE		gravel and window	4	["g", "ravel", " and", " window"]	[70, 25843, 290, 4324]	3	1	4	 window	-0.011602	0.88513	0.896732	1888	2.884317	-1.999187	0.88513	4	 window	1888	2.942774	-2.057644	1888	0	2.942774	0.45512	1	CC	arbitrary first × arbitrary second	
ENDPOINT_CONTROL__UP_DOWN__FULL_FRAME__BARE__NONE	ENDPOINT_CONTROL	UP_DOWN	FULL_FRAME	BARE			up	and	down	up and down	NONE		up and down	3	["up", " and", " down"]	[929, 290, 866]	2	1	3	 down	-0.056431	4.121797	4.178228	2659	2.999431	1.122366	4.121797	3	 down	2659	2.999431	1.122366	541	1	4.121797	1.122366	1	FULL_FRAME		
ENDPOINT_CONTROL__UP_DOWN__SECOND_ONLY__BARE__NONE	ENDPOINT_CONTROL	UP_DOWN	SECOND_ONLY	BARE					down	down	NONE		down	1	["down"]	[2902]	0	1	1	down	-0.000102	-0.126415	-0.126313	1790	2.588059	-2.714474	-0.000102	0	<BOS>	1790	2.588059	-2.588161	1790	0	2.588059	0.227189	0	FULL_FRAME		
ENDPOINT_CONTROL__UP_DOWN__CONNECTOR_SECOND__BARE__NONE	ENDPOINT_CONTROL	UP_DOWN	CONNECTOR_SECOND	BARE				and	down	and down	NONE		and down	2	["and", " down"]	[392, 866]	1	1	2	 down	-0.026548	0.088699	0.115247	1790	2.114555	-2.025856	0.088699	2	 down	1790	2.485383	-2.396684	1790	0	2.485383	0.124513	1	FULL_FRAME		
ENDPOINT_CONTROL__UP_DOWN__FIRST_SECOND__BARE__NONE	ENDPOINT_CONTROL	UP_DOWN	FIRST_SECOND	BARE			up		down	up down	NONE		up down	2	["up", " down"]	[929, 866]	1	1	2	 down	-0.087442	0.094729	0.182171	1691	1.786234	-1.691505	0.094729	2	 down	1790	2.853054	-2.758325	1790	0	2.853054	0.085895	1	FULL_FRAME		
ENDPOINT_CONTROL__UP_DOWN__ARBFIRST_SECOND__BARE__NONE	ENDPOINT_CONTROL	UP_DOWN	ARBFIRST_SECOND	BARE			gravel		down	gravel down	NONE		gravel down	3	["g", "ravel", " down"]	[70, 25843, 866]	2	1	3	 down	-0.06898	-0.081928	-0.012948	447	1.570366	-1.652294	-0.000102	0	<BOS>	1888	2.942774	-2.942875	1888	0	2.942774	0.45512	0	FULL_FRAME		
ENDPOINT_CONTROL__UP_DOWN__FIRST_REPEAT__BARE__NONE	ENDPOINT_CONTROL	UP_DOWN	FIRST_REPEAT	BARE			up		up	up up	NONE		up up	2	["up", " up"]	[929, 510]	1	1	2	 up	-0.087442	-0.134795	-0.047353	1790	2.007631	-2.142425	-0.000102	0	<BOS>	1790	2.853054	-2.853156	1790	0	2.853054	0.085895	0	FULL_FRAME		
ENDPOINT_CONTROL__UP_DOWN__REVERSED__BARE__NONE	ENDPOINT_CONTROL	UP_DOWN	REVERSED	BARE			down	and	up	down and up	NONE		down and up	3	["down", " and", " up"]	[2902, 290, 510]	2	1	3	 up	-0.040641	4.282464	4.323104	2659	3.61678	0.665684	4.282464	3	 up	2659	3.61678	0.665684	541	1	4.282464	0.665684	1	FULL_FRAME		
CORE_FACTORIAL__UP_DOWN__CC__V9_SPACE__NONE	CORE_FACTORIAL	UP_DOWN	CC	V9_SPACE		 	up	and	down	up and down	NONE		 up and down	3	[" up", " and", " down"]	[510, 290, 866]	2	1	3	 down	-0.028836	4.184617	4.213452	2659	2.81232	1.372297	4.184617	3	 down	1790	3.028114	1.156503	541	1	4.184617	1.156503	1	CC	canonical first × canonical second	
CORE_FACTORIAL__UP_DOWN__CA__V9_SPACE__NONE	CORE_FACTORIAL	UP_DOWN	CA	V9_SPACE		 	up	and	window	up and window	NONE		 up and window	3	[" up", " and", " window"]	[510, 290, 4324]	2	1	3	 window	-0.028836	0.619893	0.648729	1888	2.669348	-2.049455	0.619893	3	 window	1790	3.028114	-2.408221	1790	0	3.028114	0.054771	1	CC	canonical first × arbitrary second	
CORE_FACTORIAL__UP_DOWN__AC__V9_SPACE__NONE	CORE_FACTORIAL	UP_DOWN	AC	V9_SPACE		 	gravel	and	down	gravel and down	NONE		 gravel and down	3	[" gravel", " and", " down"]	[34375, 290, 866]	2	1	3	 down	-0.010585	0.246245	0.25683	1790	1.878911	-1.632665	0.246245	3	 down	1888	3.382354	-3.136109	1888	0	3.382354	0.879572	1	CC	arbitrary first × canonical second	
CORE_FACTORIAL__UP_DOWN__AA__V9_SPACE__NONE	CORE_FACTORIAL	UP_DOWN	AA	V9_SPACE		 	gravel	and	window	gravel and window	NONE		 gravel and window	3	[" gravel", " and", " window"]	[34375, 290, 4324]	2	1	3	 window	-0.010585	0.801685	0.81227	1888	2.71319	-1.911505	0.801685	3	 window	1888	3.382354	-2.580668	1888	0	3.382354	0.879572	1	CC	arbitrary first × arbitrary second	
ENDPOINT_CONTROL__UP_DOWN__FULL_FRAME__V9_SPACE__NONE	ENDPOINT_CONTROL	UP_DOWN	FULL_FRAME	V9_SPACE		 	up	and	down	up and down	NONE		 up and down	3	[" up", " and", " down"]	[510, 290, 866]	2	1	3	 down	-0.028836	4.184617	4.213452	2659	2.81232	1.372297	4.184617	3	 down	1790	3.028114	1.156503	541	1	4.184617	1.156503	1	FULL_FRAME		
ENDPOINT_CONTROL__UP_DOWN__SECOND_ONLY__V9_SPACE__NONE	ENDPOINT_CONTROL	UP_DOWN	SECOND_ONLY	V9_SPACE		 			down	down	NONE		 down	1	[" down"]	[866]	0	1	1	 down	-0.000102	-0.129032	-0.12893	1790	2.685779	-2.81481	-0.000102	0	<BOS>	1790	2.685779	-2.685881	1790	0	2.685779	0.068204	0	FULL_FRAME		
ENDPOINT_CONTROL__UP_DOWN__CONNECTOR_SECOND__V9_SPACE__NONE	ENDPOINT_CONTROL	UP_DOWN	CONNECTOR_SECOND	V9_SPACE		 		and	down	and down	NONE		 and down	2	[" and", " down"]	[290, 866]	1	1	2	 down	-0.032673	0.161077	0.19375	1790	2.234938	-2.073861	0.161077	2	 down	1790	2.944627	-2.78355	1790	0	2.944627	0.284401	1	FULL_FRAME		
ENDPOINT_CONTROL__UP_DOWN__FIRST_SECOND__V9_SPACE__NONE	ENDPOINT_CONTROL	UP_DOWN	FIRST_SECOND	V9_SPACE		 	up		down	up down	NONE		 up down	2	[" up", " down"]	[510, 866]	1	1	2	 down	-0.111532	0.341112	0.452644	1790	2.021673	-1.680561	0.341112	2	 down	1790	3.028114	-2.687002	1790	0	3.028114	0.054771	1	FULL_FRAME		
ENDPOINT_CONTROL__UP_DOWN__ARBFIRST_SECOND__V9_SPACE__NONE	ENDPOINT_CONTROL	UP_DOWN	ARBFIRST_SECOND	V9_SPACE		 	gravel		down	gravel down	NONE		 gravel down	2	[" gravel", " down"]	[34375, 866]	1	1	2	 down	-0.136018	-0.067893	0.068125	1888	2.06289	-2.130784	-0.000102	0	<BOS>	1888	3.382354	-3.382456	1888	0	3.382354	0.879572	0	FULL_FRAME		
ENDPOINT_CONTROL__UP_DOWN__FIRST_REPEAT__V9_SPACE__NONE	ENDPOINT_CONTROL	UP_DOWN	FIRST_REPEAT	V9_SPACE		 	up		up	up up	NONE		 up up	2	[" up", " up"]	[510, 510]	1	1	2	 up	-0.111532	-0.114715	-0.003183	1691	1.923779	-2.038494	-0.000102	0	<BOS>	1790	3.028114	-3.028216	1790	0	3.028114	0.054771	0	FULL_FRAME		
ENDPOINT_CONTROL__UP_DOWN__REVERSED__V9_SPACE__NONE	ENDPOINT_CONTROL	UP_DOWN	REVERSED	V9_SPACE		 	down	and	up	down and up	NONE		 down and up	3	[" down", " and", " up"]	[866, 290, 510]	2	1	3	 up	-0.021243	4.050225	4.071468	2659	3.36908	0.681145	4.050225	3	 up	2659	3.36908	0.681145	541	1	4.050225	0.681145	1	FULL_FRAME		
CORE_FACTORIAL__UP_DOWN__CC__THE_PHRASE__NONE	CORE_FACTORIAL	UP_DOWN	CC	THE_PHRASE	the phrase 		up	and	down	up and down	NONE		the phrase up and down	5	["the", " phrase", " up", " and", " down"]	[1169, 9546, 510, 290, 866]	4	1	5	 down	-0.027487	4.404454	4.43194	2659	3.312273	1.092181	4.404454	5	 down	2659	3.312273	1.092181	541	1	4.404454	1.092181	1	CC	canonical first × canonical second	
CORE_FACTORIAL__UP_DOWN__CA__THE_PHRASE__NONE	CORE_FACTORIAL	UP_DOWN	CA	THE_PHRASE	the phrase 		up	and	window	up and window	NONE		the phrase up and window	5	["the", " phrase", " up", " and", " window"]	[1169, 9546, 510, 290, 4324]	4	1	5	 window	-0.027487	0.66325	0.690737	1888	2.623012	-1.959762	0.66325	5	 window	2073	3.233148	-2.569899	2073	0	3.233148	0.489397	1	CC	canonical first × arbitrary second	
CORE_FACTORIAL__UP_DOWN__AC__THE_PHRASE__NONE	CORE_FACTORIAL	UP_DOWN	AC	THE_PHRASE	the phrase 		gravel	and	down	gravel and down	NONE		the phrase gravel and down	5	["the", " phrase", " gravel", " and", " down"]	[1169, 9546, 34375, 290, 866]	4	1	5	 down	-0.005961	-0.079014	-0.073053	1790	1.767177	-1.846191	-0.000102	0	<BOS>	2073	3.233148	-3.23325	2073	0	3.233148	0.489397	0	CC	arbitrary first × canonical second	
CORE_FACTORIAL__UP_DOWN__AA__THE_PHRASE__NONE	CORE_FACTORIAL	UP_DOWN	AA	THE_PHRASE	the phrase 		gravel	and	window	gravel and window	NONE		the phrase gravel and window	5	["the", " phrase", " gravel", " and", " window"]	[1169, 9546, 34375, 290, 4324]	4	1	5	 window	-0.005961	0.740062	0.746023	1888	2.175173	-1.43511	0.740062	5	 window	2073	3.233148	-2.493086	2073	0	3.233148	0.489397	1	CC	arbitrary first × arbitrary second	
ENDPOINT_CONTROL__UP_DOWN__FULL_FRAME__THE_PHRASE__NONE	ENDPOINT_CONTROL	UP_DOWN	FULL_FRAME	THE_PHRASE	the phrase 		up	and	down	up and down	NONE		the phrase up and down	5	["the", " phrase", " up", " and", " down"]	[1169, 9546, 510, 290, 866]	4	1	5	 down	-0.027487	4.404454	4.43194	2659	3.312273	1.092181	4.404454	5	 down	2659	3.312273	1.092181	541	1	4.404454	1.092181	1	FULL_FRAME		
ENDPOINT_CONTROL__UP_DOWN__SECOND_ONLY__THE_PHRASE__NONE	ENDPOINT_CONTROL	UP_DOWN	SECOND_ONLY	THE_PHRASE	the phrase 				down	down	NONE		the phrase down	3	["the", " phrase", " down"]	[1169, 9546, 866]	2	1	3	 down	-0.055584	-0.04196	0.013624	1790	1.786117	-1.828077	-0.000102	0	<BOS>	2073	3.233148	-3.23325	2073	0	3.233148	0.489397	0	FULL_FRAME		
ENDPOINT_CONTROL__UP_DOWN__CONNECTOR_SECOND__THE_PHRASE__NONE	ENDPOINT_CONTROL	UP_DOWN	CONNECTOR_SECOND	THE_PHRASE	the phrase 			and	down	and down	NONE		the phrase and down	4	["the", " phrase", " and", " down"]	[1169, 9546, 290, 866]	3	1	4	 down	-0.009063	-0.147395	-0.138332	2704	1.976923	-2.124318	-0.000102	0	<BOS>	2073	3.233148	-3.23325	2073	0	3.233148	0.489397	0	FULL_FRAME		
ENDPOINT_CONTROL__UP_DOWN__FIRST_SECOND__THE_PHRASE__NONE	ENDPOINT_CONTROL	UP_DOWN	FIRST_SECOND	THE_PHRASE	the phrase 		up		down	up down	NONE		the phrase up down	4	["the", " phrase", " up", " down"]	[1169, 9546, 510, 866]	3	1	4	 down	-0.008824	0.183467	0.192291	1790	1.856143	-1.672676	0.183467	4	 down	2073	3.233148	-3.049681	2073	0	3.233148	0.489397	1	FULL_FRAME		
ENDPOINT_CONTROL__UP_DOWN__ARBFIRST_SECOND__THE_PHRASE__NONE	ENDPOINT_CONTROL	UP_DOWN	ARBFIRST_SECOND	THE_PHRASE	the phrase 		gravel		down	gravel down	NONE		the phrase gravel down	4	["the", " phrase", " gravel", " down"]	[1169, 9546, 34375, 866]	3	1	4	 down	-0.028257	-0.059283	-0.031025	1790	1.663156	-1.722439	-0.000102	0	<BOS>	2073	3.233148	-3.23325	2073	0	3.233148	0.489397	0	FULL_FRAME		
ENDPOINT_CONTROL__UP_DOWN__FIRST_REPEAT__THE_PHRASE__NONE	ENDPOINT_CONTROL	UP_DOWN	FIRST_REPEAT	THE_PHRASE	the phrase 		up		up	up up	NONE		the phrase up up	4	["the", " phrase", " up", " up"]	[1169, 9546, 510, 510]	3	1	4	 up	-0.008824	-0.073881	-0.065058	1790	2.388687	-2.462568	-0.000102	0	<BOS>	2073	3.233148	-3.23325	2073	0	3.233148	0.489397	0	FULL_FRAME		
ENDPOINT_CONTROL__UP_DOWN__REVERSED__THE_PHRASE__NONE	ENDPOINT_CONTROL	UP_DOWN	REVERSED	THE_PHRASE	the phrase 		down	and	up	down and up	NONE		the phrase down and up	5	["the", " phrase", " down", " and", " up"]	[1169, 9546, 866, 290, 510]	4	1	5	 up	-0.036984	4.274732	4.311716	2659	3.973765	0.300967	4.274732	5	 up	2659	3.973765	0.300967	541	1	4.274732	0.300967	1	FULL_FRAME		
CORE_FACTORIAL__UP_DOWN__CC__THEY_SAID__NONE	CORE_FACTORIAL	UP_DOWN	CC	THEY_SAID	they said 		up	and	down	up and down	NONE		they said up and down	5	["they", " said", " up", " and", " down"]	[9930, 531, 510, 290, 866]	4	1	5	 down	-0.03435	4.28348	4.317829	2659	2.988349	1.295131	4.28348	5	 down	2659	2.988349	1.295131	541	1	4.28348	1.295131	1	CC	canonical first × canonical second	
CORE_FACTORIAL__UP_DOWN__CA__THEY_SAID__NONE	CORE_FACTORIAL	UP_DOWN	CA	THEY_SAID	they said 		up	and	window	up and window	NONE		they said up and window	5	["they", " said", " up", " and", " window"]	[9930, 531, 510, 290, 4324]	4	1	5	 window	-0.03435	0.396209	0.430559	1888	2.81159	-2.415381	0.396209	5	 window	62	2.959687	-2.563477	62	0	2.959687	0.148097	1	CC	canonical first × arbitrary second	
CORE_FACTORIAL__UP_DOWN__AC__THEY_SAID__NONE	CORE_FACTORIAL	UP_DOWN	AC	THEY_SAID	they said 		gravel	and	down	gravel and down	NONE		they said gravel and down	5	["they", " said", " gravel", " and", " down"]	[9930, 531, 34375, 290, 866]	4	1	5	 down	-0.004003	-0.108905	-0.104902	1790	1.895194	-2.004099	-0.000102	0	<BOS>	2256	2.36087	-2.360972	2256	0	2.36087	0.053377	0	CC	arbitrary first × canonical second	
CORE_FACTORIAL__UP_DOWN__AA__THEY_SAID__NONE	CORE_FACTORIAL	UP_DOWN	AA	THEY_SAID	they said 		gravel	and	window	gravel and window	NONE		they said gravel and window	5	["they", " said", " gravel", " and", " window"]	[9930, 531, 34375, 290, 4324]	4	1	5	 window	-0.004003	0.765483	0.769486	1888	2.335574	-1.570091	0.765483	5	 window	2256	2.36087	-1.595387	2256	0	2.36087	0.025296	1	CC	arbitrary first × arbitrary second	
ENDPOINT_CONTROL__UP_DOWN__FULL_FRAME__THEY_SAID__NONE	ENDPOINT_CONTROL	UP_DOWN	FULL_FRAME	THEY_SAID	they said 		up	and	down	up and down	NONE		they said up and down	5	["they", " said", " up", " and", " down"]	[9930, 531, 510, 290, 866]	4	1	5	 down	-0.03435	4.28348	4.317829	2659	2.988349	1.295131	4.28348	5	 down	2659	2.988349	1.295131	541	1	4.28348	1.295131	1	FULL_FRAME		
ENDPOINT_CONTROL__UP_DOWN__SECOND_ONLY__THEY_SAID__NONE	ENDPOINT_CONTROL	UP_DOWN	SECOND_ONLY	THEY_SAID	they said 				down	down	NONE		they said down	3	["they", " said", " down"]	[9930, 531, 866]	2	1	3	 down	-0.03838	-0.086285	-0.047906	1790	1.911328	-1.997613	-0.000102	0	<BOS>	2256	2.36087	-2.360972	2256	0	2.36087	0.053377	0	FULL_FRAME		
ENDPOINT_CONTROL__UP_DOWN__CONNECTOR_SECOND__THEY_SAID__NONE	ENDPOINT_CONTROL	UP_DOWN	CONNECTOR_SECOND	THEY_SAID	they said 			and	down	and down	NONE		they said and down	4	["they", " said", " and", " down"]	[9930, 531, 290, 866]	3	1	4	 down	-0.025332	-0.032601	-0.007268	638	1.637508	-1.670108	-0.000102	0	<BOS>	1953	2.592324	-2.592426	1953	0	2.592324	0.231454	0	FULL_FRAME		
ENDPOINT_CONTROL__UP_DOWN__FIRST_SECOND__THEY_SAID__NONE	ENDPOINT_CONTROL	UP_DOWN	FIRST_SECOND	THEY_SAID	they said 		up		down	up down	NONE		they said up down	4	["they", " said", " up", " down"]	[9930, 531, 510, 866]	3	1	4	 down	-0.083447	0.4009	0.484348	1790	2.046676	-1.645776	0.4009	4	 down	2256	2.36087	-1.95997	2256	0	2.36087	0.053377	1	FULL_FRAME		
ENDPOINT_CONTROL__UP_DOWN__ARBFIRST_SECOND__THEY_SAID__NONE	ENDPOINT_CONTROL	UP_DOWN	ARBFIRST_SECOND	THEY_SAID	they said 		gravel		down	gravel down	NONE		they said gravel down	4	["they", " said", " gravel", " down"]	[9930, 531, 34375, 866]	3	1	4	 down	-0.035595	-0.02211	0.013484	1790	1.841066	-1.863177	-0.000102	0	<BOS>	2256	2.36087	-2.360972	2256	0	2.36087	0.053377	0	FULL_FRAME		
ENDPOINT_CONTROL__UP_DOWN__FIRST_REPEAT__THEY_SAID__NONE	ENDPOINT_CONTROL	UP_DOWN	FIRST_REPEAT	THEY_SAID	they said 		up		up	up up	NONE		they said up up	4	["they", " said", " up", " up"]	[9930, 531, 510, 510]	3	1	4	 up	-0.083447	-0.158958	-0.075511	1790	2.494559	-2.653517	-0.000102	0	<BOS>	1790	2.494559	-2.494661	1790	0	2.494559	0.101709	0	FULL_FRAME		
ENDPOINT_CONTROL__UP_DOWN__REVERSED__THEY_SAID__NONE	ENDPOINT_CONTROL	UP_DOWN	REVERSED	THEY_SAID	they said 		down	and	up	down and up	NONE		they said down and up	5	["they", " said", " down", " and", " up"]	[9930, 531, 866, 290, 510]	4	1	5	 up	-0.054046	4.645934	4.69998	2659	4.381216	0.264718	4.645934	5	 up	2659	4.381216	0.264718	541	1	4.645934	0.264718	1	FULL_FRAME		
CORE_FACTORIAL__NOW_THEN__CC__BARE__NONE	CORE_FACTORIAL	NOW_THEN	CC	BARE			now	and	then	now and then	NONE		now and then	3	["now", " and", " then"]	[2197, 290, 788]	2	1	3	 then	-0.01108	3.322905	3.333985	2753	2.422944	0.899961	3.322905	3	 then	1888	2.696291	0.626614	541	1	3.322905	0.626614	1	CC	canonical first × canonical second	
CORE_FACTORIAL__NOW_THEN__CA__BARE__NONE	CORE_FACTORIAL	NOW_THEN	CA	BARE			now	and	ocean	now and ocean	NONE		now and ocean	3	["now", " and", " ocean"]	[2197, 290, 9151]	2	1	3	 ocean	-0.01108	0.445065	0.456145	1888	2.796391	-2.351326	0.445065	3	 ocean	1888	2.796391	-2.351326	1888	0	2.796391	0.375007	1	CC	canonical first × arbitrary second	
CORE_FACTORIAL__NOW_THEN__AC__BARE__NONE	CORE_FACTORIAL	NOW_THEN	AC	BARE			velvet	and	then	velvet and then	NONE		velvet and then	4	["vel", "vet", " and", " then"]	[626, 16809, 290, 788]	3	1	4	 then	-0.033055	-0.166473	-0.133418	1790	2.249438	-2.415911	-0.000102	0	<BOS>	1790	2.48364	-2.483742	1790	0	2.48364	0.011394	0	CC	arbitrary first × canonical second	
CORE_FACTORIAL__NOW_THEN__AA__BARE__NONE	CORE_FACTORIAL	NOW_THEN	AA	BARE			velvet	and	ocean	velvet and ocean	NONE		velvet and ocean	4	["vel", "vet", " and", " ocean"]	[626, 16809, 290, 9151]	3	1	4	 ocean	-0.033055	0.516523	0.549578	1888	2.411165	-1.894642	0.516523	4	 ocean	1790	2.48364	-1.967117	1790	0	2.48364	0.011394	1	CC	arbitrary first × arbitrary second	
ENDPOINT_CONTROL__NOW_THEN__FULL_FRAME__BARE__NONE	ENDPOINT_CONTROL	NOW_THEN	FULL_FRAME	BARE			now	and	then	now and then	NONE		now and then	3	["now", " and", " then"]	[2197, 290, 788]	2	1	3	 then	-0.01108	3.322905	3.333985	2753	2.422944	0.899961	3.322905	3	 then	1888	2.696291	0.626614	541	1	3.322905	0.626614	1	FULL_FRAME		
ENDPOINT_CONTROL__NOW_THEN__SECOND_ONLY__BARE__NONE	ENDPOINT_CONTROL	NOW_THEN	SECOND_ONLY	BARE					then	then	NONE		then	1	["then"]	[8524]	0	1	1	then	-0.000102	-0.044532	-0.04443	1790	2.375541	-2.420074	-0.000102	0	<BOS>	1790	2.375541	-2.375643	1790	0	2.375541	0.014672	0	FULL_FRAME		
ENDPOINT_CONTROL__NOW_THEN__CONNECTOR_SECOND__BARE__NONE	ENDPOINT_CONTROL	NOW_THEN	CONNECTOR_SECOND	BARE				and	then	and then	NONE		and then	2	["and", " then"]	[392, 788]	1	1	2	 then	-0.026548	-0.154102	-0.127554	512	2.27504	-2.429142	-0.000102	0	<BOS>	1790	2.485383	-2.485485	1790	0	2.485383	0.124513	0	FULL_FRAME		
ENDPOINT_CONTROL__NOW_THEN__FIRST_SECOND__BARE__NONE	ENDPOINT_CONTROL	NOW_THEN	FIRST_SECOND	BARE			now		then	now then	NONE		now then	2	["now", " then"]	[2197, 788]	1	1	2	 then	-0.139163	0.429659	0.568822	711	1.898323	-1.468665	0.429659	2	 then	1888	2.696291	-2.266632	1888	0	2.696291	0.274908	1	FULL_FRAME		
ENDPOINT_CONTROL__NOW_THEN__ARBFIRST_SECOND__BARE__NONE	ENDPOINT_CONTROL	NOW_THEN	ARBFIRST_SECOND	BARE			velvet		then	velvet then	NONE		velvet then	3	["vel", "vet", " then"]	[626, 16809, 788]	2	1	3	 then	-0.127139	-0.110403	0.016737	1790	2.228745	-2.339148	-0.000102	0	<BOS>	1790	2.48364	-2.483742	1790	0	2.48364	0.011394	0	FULL_FRAME		
ENDPOINT_CONTROL__NOW_THEN__FIRST_REPEAT__BARE__NONE	ENDPOINT_CONTROL	NOW_THEN	FIRST_REPEAT	BARE			now		now	now now	NONE		now now	2	["now", " now"]	[2197, 783]	1	1	2	 now	-0.139163	-0.089322	0.049841	1888	2.344414	-2.433736	-0.000102	0	<BOS>	1888	2.696291	-2.696393	1888	0	2.696291	0.274908	0	FULL_FRAME		
ENDPOINT_CONTROL__NOW_THEN__REVERSED__BARE__NONE	ENDPOINT_CONTROL	NOW_THEN	REVERSED	BARE			then	and	now	then and now	NONE		then and now	3	["then", " and", " now"]	[8524, 290, 783]	2	1	3	 now	-0.015022	4.261828	4.27685	2753	2.25737	2.004458	4.261828	3	 now	1790	2.375541	1.886286	541	1	4.261828	1.886286	1	FULL_FRAME		
CORE_FACTORIAL__NOW_THEN__CC__V9_SPACE__NONE	CORE_FACTORIAL	NOW_THEN	CC	V9_SPACE		 	now	and	then	now and then	NONE		 now and then	3	[" now", " and", " then"]	[783, 290, 788]	2	1	3	 then	-0.004342	3.729735	3.734077	2753	2.298114	1.431621	3.729735	3	 then	1888	3.160015	0.56972	541	1	3.729735	0.56972	1	CC	canonical first × canonical second	
CORE_FACTORIAL__NOW_THEN__CA__V9_SPACE__NONE	CORE_FACTORIAL	NOW_THEN	CA	V9_SPACE		 	now	and	ocean	now and ocean	NONE		 now and ocean	3	[" now", " and", " ocean"]	[783, 290, 9151]	2	1	3	 ocean	-0.004342	-0.100567	-0.096225	1888	2.943086	-3.043653	-0.000102	0	<BOS>	1888	3.160015	-3.160117	1888	0	3.160015	0.513781	0	CC	canonical first × arbitrary second	
CORE_FACTORIAL__NOW_THEN__AC__V9_SPACE__NONE	CORE_FACTORIAL	NOW_THEN	AC	V9_SPACE		 	velvet	and	then	velvet and then	NONE		 velvet and then	3	[" velvet", " and", " then"]	[47750, 290, 788]	2	1	3	 then	-0.016854	-0.159872	-0.143018	1790	2.347557	-2.507428	-0.000102	0	<BOS>	1888	3.314484	-3.314586	1888	0	3.314484	0.387908	0	CC	arbitrary first × canonical second	
CORE_FACTORIAL__NOW_THEN__AA__V9_SPACE__NONE	CORE_FACTORIAL	NOW_THEN	AA	V9_SPACE		 	velvet	and	ocean	velvet and ocean	NONE		 velvet and ocean	3	[" velvet", " and", " ocean"]	[47750, 290, 9151]	2	1	3	 ocean	-0.016854	0.45236	0.469214	1888	2.281141	-1.828781	0.45236	3	 ocean	1888	3.314484	-2.862124	1888	0	3.314484	0.387908	1	CC	arbitrary first × arbitrary second	
ENDPOINT_CONTROL__NOW_THEN__FULL_FRAME__V9_SPACE__NONE	ENDPOINT_CONTROL	NOW_THEN	FULL_FRAME	V9_SPACE		 	now	and	then	now and then	NONE		 now and then	3	[" now", " and", " then"]	[783, 290, 788]	2	1	3	 then	-0.004342	3.729735	3.734077	2753	2.298114	1.431621	3.729735	3	 then	1888	3.160015	0.56972	541	1	3.729735	0.56972	1	FULL_FRAME		
ENDPOINT_CONTROL__NOW_THEN__SECOND_ONLY__V9_SPACE__NONE	ENDPOINT_CONTROL	NOW_THEN	SECOND_ONLY	V9_SPACE		 			then	then	NONE		 then	1	[" then"]	[788]	0	1	1	 then	-0.000102	-0.062131	-0.062029	464	3.673456	-3.735587	-0.000102	0	<BOS>	464	3.673456	-3.673558	464	0	3.673456	1.043616	0	FULL_FRAME		
ENDPOINT_CONTROL__NOW_THEN__CONNECTOR_SECOND__V9_SPACE__NONE	ENDPOINT_CONTROL	NOW_THEN	CONNECTOR_SECOND	V9_SPACE		 		and	then	and then	NONE		 and then	2	[" and", " then"]	[290, 788]	1	1	2	 then	-0.032673	-0.140306	-0.107633	1790	2.441132	-2.581438	-0.000102	0	<BOS>	1790	2.944627	-2.944729	1790	0	2.944627	0.284401	0	FULL_FRAME		
ENDPOINT_CONTROL__NOW_THEN__FIRST_SECOND__V9_SPACE__NONE	ENDPOINT_CONTROL	NOW_THEN	FIRST_SECOND	V9_SPACE		 	now		then	now then	NONE		 now then	2	[" now", " then"]	[783, 788]	1	1	2	 then	-0.096283	0.663795	0.760078	711	1.977781	-1.313986	0.663795	2	 then	1888	3.160015	-2.49622	1888	0	3.160015	0.513781	1	FULL_FRAME		
ENDPOINT_CONTROL__NOW_THEN__ARBFIRST_SECOND__V9_SPACE__NONE	ENDPOINT_CONTROL	NOW_THEN	ARBFIRST_SECOND	V9_SPACE		 	velvet		then	velvet then	NONE		 velvet then	2	[" velvet", " then"]	[47750, 788]	1	1	2	 then	-0.163523	-0.081726	0.081797	1790	2.361969	-2.443694	-0.000102	0	<BOS>	1888	3.314484	-3.314586	1888	0	3.314484	0.387908	0	FULL_FRAME		
ENDPOINT_CONTROL__NOW_THEN__FIRST_REPEAT__V9_SPACE__NONE	ENDPOINT_CONTROL	NOW_THEN	FIRST_REPEAT	V9_SPACE		 	now		now	now now	NONE		 now now	2	[" now", " now"]	[783, 783]	1	1	2	 now	-0.096283	-0.133067	-0.036784	1888	2.575092	-2.708159	-0.000102	0	<BOS>	1888	3.160015	-3.160117	1888	0	3.160015	0.513781	0	FULL_FRAME		
ENDPOINT_CONTROL__NOW_THEN__REVERSED__V9_SPACE__NONE	ENDPOINT_CONTROL	NOW_THEN	REVERSED	V9_SPACE		 	then	and	now	then and now	NONE		 then and now	3	[" then", " and", " now"]	[788, 290, 783]	2	1	3	 now	-0.020688	4.263092	4.28378	1348	2.272431	1.990661	4.263092	3	 now	464	3.673456	0.589636	541	1	4.263092	0.589636	1	FULL_FRAME		
CORE_FACTORIAL__NOW_THEN__CC__THE_PHRASE__NONE	CORE_FACTORIAL	NOW_THEN	CC	THE_PHRASE	the phrase 		now	and	then	now and then	NONE		the phrase now and then	5	["the", " phrase", " now", " and", " then"]	[1169, 9546, 783, 290, 788]	4	1	5	 then	-0.010343	4.17143	4.181773	2753	2.295523	1.875907	4.17143	5	 then	2073	3.233148	0.938282	541	1	4.17143	0.938282	1	CC	canonical first × canonical second	
CORE_FACTORIAL__NOW_THEN__CA__THE_PHRASE__NONE	CORE_FACTORIAL	NOW_THEN	CA	THE_PHRASE	the phrase 		now	and	ocean	now and ocean	NONE		the phrase now and ocean	5	["the", " phrase", " now", " and", " ocean"]	[1169, 9546, 783, 290, 9151]	4	1	5	 ocean	-0.010343	-0.096177	-0.085834	1888	2.708631	-2.804808	-0.000102	0	<BOS>	2073	3.233148	-3.23325	2073	0	3.233148	0.43345	0	CC	canonical first × arbitrary second	
CORE_FACTORIAL__NOW_THEN__AC__THE_PHRASE__NONE	CORE_FACTORIAL	NOW_THEN	AC	THE_PHRASE	the phrase 		velvet	and	then	velvet and then	NONE		the phrase velvet and then	5	["the", " phrase", " velvet", " and", " then"]	[1169, 9546, 47750, 290, 788]	4	1	5	 then	-0.004826	-0.169526	-0.1647	1790	2.114997	-2.284523	-0.000102	0	<BOS>	2073	3.233148	-3.23325	2073	0	3.233148	0.489397	0	CC	arbitrary first × canonical second	
CORE_FACTORIAL__NOW_THEN__AA__THE_PHRASE__NONE	CORE_FACTORIAL	NOW_THEN	AA	THE_PHRASE	the phrase 		velvet	and	ocean	velvet and ocean	NONE		the phrase velvet and ocean	5	["the", " phrase", " velvet", " and", " ocean"]	[1169, 9546, 47750, 290, 9151]	4	1	5	 ocean	-0.004826	0.204423	0.209249	1888	1.727996	-1.523573	0.204423	5	 ocean	2073	3.233148	-3.028726	2073	0	3.233148	0.489397	1	CC	arbitrary first × arbitrary second	
ENDPOINT_CONTROL__NOW_THEN__FULL_FRAME__THE_PHRASE__NONE	ENDPOINT_CONTROL	NOW_THEN	FULL_FRAME	THE_PHRASE	the phrase 		now	and	then	now and then	NONE		the phrase now and then	5	["the", " phrase", " now", " and", " then"]	[1169, 9546, 783, 290, 788]	4	1	5	 then	-0.010343	4.17143	4.181773	2753	2.295523	1.875907	4.17143	5	 then	2073	3.233148	0.938282	541	1	4.17143	0.938282	1	FULL_FRAME		
ENDPOINT_CONTROL__NOW_THEN__SECOND_ONLY__THE_PHRASE__NONE	ENDPOINT_CONTROL	NOW_THEN	SECOND_ONLY	THE_PHRASE	the phrase 				then	then	NONE		the phrase then	3	["the", " phrase", " then"]	[1169, 9546, 788]	2	1	3	 then	-0.055584	-0.073907	-0.018323	2556	1.880589	-1.954496	-0.000102	0	<BOS>	2073	3.233148	-3.23325	2073	0	3.233148	0.489397	0	FULL_FRAME		
ENDPOINT_CONTROL__NOW_THEN__CONNECTOR_SECOND__THE_PHRASE__NONE	ENDPOINT_CONTROL	NOW_THEN	CONNECTOR_SECOND	THE_PHRASE	the phrase 			and	then	and then	NONE		the phrase and then	4	["the", " phrase", " and", " then"]	[1169, 9546, 290, 788]	3	1	4	 then	-0.009063	-0.067706	-0.058643	1790	1.879385	-1.947091	-0.000102	0	<BOS>	2073	3.233148	-3.23325	2073	0	3.233148	0.489397	0	FULL_FRAME		
ENDPOINT_CONTROL__NOW_THEN__FIRST_SECOND__THE_PHRASE__NONE	ENDPOINT_CONTROL	NOW_THEN	FIRST_SECOND	THE_PHRASE	the phrase 		now		then	now then	NONE		the phrase now then	4	["the", " phrase", " now", " then"]	[1169, 9546, 783, 788]	3	1	4	 then	-0.027529	0.166804	0.194333	2131	1.56699	-1.400186	0.166804	4	 then	2073	3.233148	-3.066344	2073	0	3.233148	0.489397	1	FULL_FRAME		
ENDPOINT_CONTROL__NOW_THEN__ARBFIRST_SECOND__THE_PHRASE__NONE	ENDPOINT_CONTROL	NOW_THEN	ARBFIRST_SECOND	THE_PHRASE	the phrase 		velvet		then	velvet then	NONE		the phrase velvet then	4	["the", " phrase", " velvet", " then"]	[1169, 9546, 47750, 788]	3	1	4	 then	-0.067463	-0.081891	-0.014428	1790	1.959229	-2.04112	-0.000102	0	<BOS>	2073	3.233148	-3.23325	2073	0	3.233148	0.489397	0	FULL_FRAME		
ENDPOINT_CONTROL__NOW_THEN__FIRST_REPEAT__THE_PHRASE__NONE	ENDPOINT_CONTROL	NOW_THEN	FIRST_REPEAT	THE_PHRASE	the phrase 		now		now	now now	NONE		the phrase now now	4	["the", " phrase", " now", " now"]	[1169, 9546, 783, 783]	3	1	4	 now	-0.027529	-0.086592	-0.059063	1594	2.054582	-2.141174	-0.000102	0	<BOS>	2073	3.233148	-3.23325	2073	0	3.233148	0.489397	0	FULL_FRAME		
ENDPOINT_CONTROL__NOW_THEN__REVERSED__THE_PHRASE__NONE	ENDPOINT_CONTROL	NOW_THEN	REVERSED	THE_PHRASE	the phrase 		then	and	now	then and now	NONE		the phrase then and now	5	["the", " phrase", " then", " and", " now"]	[1169, 9546, 788, 290, 783]	4	1	5	 now	-0.032022	4.718487	4.750509	2659	2.747082	1.971404	4.718487	5	 now	2073	3.233148	1.485338	541	1	4.718487	1.485338	1	FULL_FRAME		
CORE_FACTORIAL__NOW_THEN__CC__THEY_SAID__NONE	CORE_FACTORIAL	NOW_THEN	CC	THEY_SAID	they said 		now	and	then	now and then	NONE		they said now and then	5	["they", " said", " now", " and", " then"]	[9930, 531, 783, 290, 788]	4	1	5	 then	-0.018547	3.79453	3.813077	2753	2.46133	1.3332	3.79453	5	 then	1790	2.524054	1.270476	541	1	3.79453	1.270476	1	CC	canonical first × canonical second	
CORE_FACTORIAL__NOW_THEN__CA__THEY_SAID__NONE	CORE_FACTORIAL	NOW_THEN	CA	THEY_SAID	they said 		now	and	ocean	now and ocean	NONE		they said now and ocean	5	["they", " said", " now", " and", " ocean"]	[9930, 531, 783, 290, 9151]	4	1	5	 ocean	-0.018547	-0.169892	-0.151346	1888	2.688264	-2.858156	-0.000102	0	<BOS>	1888	2.688264	-2.688366	1888	0	2.688264	0.16421	0	CC	canonical first × arbitrary second	
CORE_FACTORIAL__NOW_THEN__AC__THEY_SAID__NONE	CORE_FACTORIAL	NOW_THEN	AC	THEY_SAID	they said 		velvet	and	then	velvet and then	NONE		they said velvet and then	5	["they", " said", " velvet", " and", " then"]	[9930, 531, 47750, 290, 788]	4	1	5	 then	-0.00866	-0.135349	-0.126689	1790	2.070216	-2.205565	-0.000102	0	<BOS>	2256	2.36087	-2.360972	2256	0	2.36087	0.032802	0	CC	arbitrary first × canonical second	
CORE_FACTORIAL__NOW_THEN__AA__THEY_SAID__NONE	CORE_FACTORIAL	NOW_THEN	AA	THEY_SAID	they said 		velvet	and	ocean	velvet and ocean	NONE		they said velvet and ocean	5	["they", " said", " velvet", " and", " ocean"]	[9930, 531, 47750, 290, 9151]	4	1	5	 ocean	-0.00866	0.35281	0.36147	1888	1.827236	-1.474426	0.35281	5	 ocean	2256	2.36087	-2.00806	2256	0	2.36087	0.032802	1	CC	arbitrary first × arbitrary second	
ENDPOINT_CONTROL__NOW_THEN__FULL_FRAME__THEY_SAID__NONE	ENDPOINT_CONTROL	NOW_THEN	FULL_FRAME	THEY_SAID	they said 		now	and	then	now and then	NONE		they said now and then	5	["they", " said", " now", " and", " then"]	[9930, 531, 783, 290, 788]	4	1	5	 then	-0.018547	3.79453	3.813077	2753	2.46133	1.3332	3.79453	5	 then	1790	2.524054	1.270476	541	1	3.79453	1.270476	1	FULL_FRAME		
ENDPOINT_CONTROL__NOW_THEN__SECOND_ONLY__THEY_SAID__NONE	ENDPOINT_CONTROL	NOW_THEN	SECOND_ONLY	THEY_SAID	they said 				then	then	NONE		they said then	3	["they", " said", " then"]	[9930, 531, 788]	2	1	3	 then	-0.03838	-0.099997	-0.061617	2416	2.138341	-2.238338	-0.000102	0	<BOS>	2256	2.36087	-2.360972	2256	0	2.36087	0.053377	0	FULL_FRAME		
ENDPOINT_CONTROL__NOW_THEN__CONNECTOR_SECOND__THEY_SAID__NONE	ENDPOINT_CONTROL	NOW_THEN	CONNECTOR_SECOND	THEY_SAID	they said 			and	then	and then	NONE		they said and then	4	["they", " said", " and", " then"]	[9930, 531, 290, 788]	3	1	4	 then	-0.025332	-0.163881	-0.138549	512	2.079933	-2.243814	-0.000102	0	<BOS>	1953	2.592324	-2.592426	1953	0	2.592324	0.231454	0	FULL_FRAME		
ENDPOINT_CONTROL__NOW_THEN__FIRST_SECOND__THEY_SAID__NONE	ENDPOINT_CONTROL	NOW_THEN	FIRST_SECOND	THEY_SAID	they said 		now		then	now then	NONE		they said now then	4	["they", " said", " now", " then"]	[9930, 531, 783, 788]	3	1	4	 then	-0.122554	-0.033155	0.089399	1790	1.977024	-2.010179	-0.000102	0	<BOS>	2256	2.36087	-2.360972	2256	0	2.36087	0.053377	0	FULL_FRAME		
ENDPOINT_CONTROL__NOW_THEN__ARBFIRST_SECOND__THEY_SAID__NONE	ENDPOINT_CONTROL	NOW_THEN	ARBFIRST_SECOND	THEY_SAID	they said 		velvet		then	velvet then	NONE		they said velvet then	4	["they", " said", " velvet", " then"]	[9930, 531, 47750, 788]	3	1	4	 then	-0.103241	-0.01402	0.089221	1790	2.265532	-2.279552	-0.000102	0	<BOS>	2256	2.36087	-2.360972	2256	0	2.36087	0.032802	0	FULL_FRAME		
ENDPOINT_CONTROL__NOW_THEN__FIRST_REPEAT__THEY_SAID__NONE	ENDPOINT_CONTROL	NOW_THEN	FIRST_REPEAT	THEY_SAID	they said 		now		now	now now	NONE		they said now now	4	["they", " said", " now", " now"]	[9930, 531, 783, 783]	3	1	4	 now	-0.122554	-0.151955	-0.029401	1790	1.707649	-1.859604	-0.000102	0	<BOS>	2256	2.36087	-2.360972	2256	0	2.36087	0.053377	0	FULL_FRAME		
ENDPOINT_CONTROL__NOW_THEN__REVERSED__THEY_SAID__NONE	ENDPOINT_CONTROL	NOW_THEN	REVERSED	THEY_SAID	they said 		then	and	now	then and now	NONE		they said then and now	5	["they", " said", " then", " and", " now"]	[9930, 531, 788, 290, 783]	4	1	5	 now	-0.012653	5.067483	5.080136	2659	3.888501	1.178982	5.067483	5	 now	2659	3.888501	1.178982	541	1	5.067483	1.178982	1	FULL_FRAME		
CORE_FACTORIAL__HERE_THERE__CC__BARE__NONE	CORE_FACTORIAL	HERE_THERE	CC	BARE			here	and	there	here and there	NONE		here and there	3	["here", " and", " there"]	[1456, 290, 612]	2	1	3	 there	-0.016764	4.181681	4.198445	2753	2.63077	1.55091	4.181681	3	 there	2753	2.63077	1.55091	541	1	4.181681	1.55091	1	CC	canonical first × canonical second	
CORE_FACTORIAL__HERE_THERE__CA__BARE__NONE	CORE_FACTORIAL	HERE_THERE	CA	BARE			here	and	forest	here and forest	NONE		here and forest	3	["here", " and", " forest"]	[1456, 290, 8222]	2	1	3	 forest	-0.016764	-0.146969	-0.130205	1888	3.008466	-3.155435	-0.000102	0	<BOS>	1888	3.008466	-3.008568	1888	0	3.008466	0.423926	0	CC	canonical first × arbitrary second	
CORE_FACTORIAL__HERE_THERE__AC__BARE__NONE	CORE_FACTORIAL	HERE_THERE	AC	BARE			marble	and	there	marble and there	NONE		marble and there	4	["mar", "ble", " and", " there"]	[3876, 903, 290, 612]	3	1	4	 there	-0.03037	-0.103338	-0.072968	170	2.151982	-2.25532	-0.000102	0	<BOS>	1790	2.918438	-2.91854	1790	0	2.918438	0.093219	0	CC	arbitrary first × canonical second	
CORE_FACTORIAL__HERE_THERE__AA__BARE__NONE	CORE_FACTORIAL	HERE_THERE	AA	BARE			marble	and	forest	marble and forest	NONE		marble and forest	4	["mar", "ble", " and", " forest"]	[3876, 903, 290, 8222]	3	1	4	 forest	-0.03037	0.685575	0.715944	1888	2.555391	-1.869817	0.685575	4	 forest	1790	2.918438	-2.232863	1790	0	2.918438	0.093219	1	CC	arbitrary first × arbitrary second	
ENDPOINT_CONTROL__HERE_THERE__FULL_FRAME__BARE__NONE	ENDPOINT_CONTROL	HERE_THERE	FULL_FRAME	BARE			here	and	there	here and there	NONE		here and there	3	["here", " and", " there"]	[1456, 290, 612]	2	1	3	 there	-0.016764	4.181681	4.198445	2753	2.63077	1.55091	4.181681	3	 there	2753	2.63077	1.55091	541	1	4.181681	1.55091	1	FULL_FRAME		
ENDPOINT_CONTROL__HERE_THERE__SECOND_ONLY__BARE__NONE	ENDPOINT_CONTROL	HERE_THERE	SECOND_ONLY	BARE					there	there	NONE		there	1	["there"]	[8117]	0	1	1	there	-0.000102	-0.084431	-0.084329	1888	2.521642	-2.606073	-0.000102	0	<BOS>	1888	2.521642	-2.521744	1888	0	2.521642	0.160772	0	FULL_FRAME		
ENDPOINT_CONTROL__HERE_THERE__CONNECTOR_SECOND__BARE__NONE	ENDPOINT_CONTROL	HERE_THERE	CONNECTOR_SECOND	BARE				and	there	and there	NONE		and there	2	["and", " there"]	[392, 612]	1	1	2	 there	-0.026548	-0.156105	-0.129557	170	2.165177	-2.321282	-0.000102	0	<BOS>	1790	2.485383	-2.485485	1790	0	2.485383	0.124513	0	FULL_FRAME		
ENDPOINT_CONTROL__HERE_THERE__FIRST_SECOND__BARE__NONE	ENDPOINT_CONTROL	HERE_THERE	FIRST_SECOND	BARE			here		there	here there	NONE		here there	2	["here", " there"]	[1456, 612]	1	1	2	 there	-0.105628	-0.167784	-0.062155	1242	2.20784	-2.375624	-0.000102	0	<BOS>	3017	2.584539	-2.584641	3017	0	2.584539	0.22367	0	FULL_FRAME		
ENDPOINT_CONTROL__HERE_THERE__ARBFIRST_SECOND__BARE__NONE	ENDPOINT_CONTROL	HERE_THERE	ARBFIRST_SECOND	BARE			marble		there	marble there	NONE		marble there	3	["mar", "ble", " there"]	[3876, 903, 612]	2	1	3	 there	-0.105661	-0.122933	-0.017272	1790	2.309587	-2.43252	-0.000102	0	<BOS>	1790	2.918438	-2.91854	1790	0	2.918438	0.093219	0	FULL_FRAME		
ENDPOINT_CONTROL__HERE_THERE__FIRST_REPEAT__BARE__NONE	ENDPOINT_CONTROL	HERE_THERE	FIRST_REPEAT	BARE			here		here	here here	NONE		here here	2	["here", " here"]	[1456, 994]	1	1	2	 here	-0.105628	-0.159394	-0.053766	1691	2.573922	-2.733316	-0.000102	0	<BOS>	3017	2.584539	-2.584641	3017	0	2.584539	0.010617	0	FULL_FRAME		
ENDPOINT_CONTROL__HERE_THERE__REVERSED__BARE__NONE	ENDPOINT_CONTROL	HERE_THERE	REVERSED	BARE			there	and	here	there and here	NONE		there and here	3	["there", " and", " here"]	[8117, 290, 994]	2	1	3	 here	-0.039142	3.274162	3.313303	2659	2.783293	0.490869	3.274162	3	 here	2659	2.783293	0.490869	541	1	3.274162	0.490869	1	FULL_FRAME		
CORE_FACTORIAL__HERE_THERE__CC__V9_SPACE__NONE	CORE_FACTORIAL	HERE_THERE	CC	V9_SPACE		 	here	and	there	here and there	NONE		 here and there	3	[" here", " and", " there"]	[994, 290, 612]	2	1	3	 there	-0.012329	3.824308	3.836637	2753	2.616261	1.208047	3.824308	3	 there	464	2.896075	0.928233	541	1	3.824308	0.928233	1	CC	canonical first × canonical second	
CORE_FACTORIAL__HERE_THERE__CA__V9_SPACE__NONE	CORE_FACTORIAL	HERE_THERE	CA	V9_SPACE		 	here	and	forest	here and forest	NONE		 here and forest	3	[" here", " and", " forest"]	[994, 290, 8222]	2	1	3	 forest	-0.012329	-0.158238	-0.145909	1888	2.986885	-3.145123	-0.000102	0	<BOS>	1888	2.986885	-2.986987	1888	0	2.986885	0.09081	0	CC	canonical first × arbitrary second	
CORE_FACTORIAL__HERE_THERE__AC__V9_SPACE__NONE	CORE_FACTORIAL	HERE_THERE	AC	V9_SPACE		 	marble	and	there	marble and there	NONE		 marble and there	3	[" marble", " and", " there"]	[30623, 290, 612]	2	1	3	 there	-0.021625	-0.082947	-0.061322	170	2.12449	-2.207437	-0.000102	0	<BOS>	1888	3.655282	-3.655384	1888	0	3.655282	1.16016	0	CC	arbitrary first × canonical second	
CORE_FACTORIAL__HERE_THERE__AA__V9_SPACE__NONE	CORE_FACTORIAL	HERE_THERE	AA	V9_SPACE		 	marble	and	forest	marble and forest	NONE		 marble and forest	3	[" marble", " and", " forest"]	[30623, 290, 8222]	2	1	3	 forest	-0.021625	0.876198	0.897823	1888	2.549535	-1.673337	0.876198	3	 forest	1888	3.655282	-2.779084	1888	0	3.655282	1.16016	1	CC	arbitrary first × arbitrary second	
ENDPOINT_CONTROL__HERE_THERE__FULL_FRAME__V9_SPACE__NONE	ENDPOINT_CONTROL	HERE_THERE	FULL_FRAME	V9_SPACE		 	here	and	there	here and there	NONE		 here and there	3	[" here", " and", " there"]	[994, 290, 612]	2	1	3	 there	-0.012329	3.824308	3.836637	2753	2.616261	1.208047	3.824308	3	 there	464	2.896075	0.928233	541	1	3.824308	0.928233	1	FULL_FRAME		
ENDPOINT_CONTROL__HERE_THERE__SECOND_ONLY__V9_SPACE__NONE	ENDPOINT_CONTROL	HERE_THERE	SECOND_ONLY	V9_SPACE		 			there	there	NONE		 there	1	[" there"]	[612]	0	1	1	 there	-0.000102	-0.149405	-0.149303	1888	2.904126	-3.053531	-0.000102	0	<BOS>	1888	2.904126	-2.904228	1888	0	2.904126	0.088988	0	FULL_FRAME		
ENDPOINT_CONTROL__HERE_THERE__CONNECTOR_SECOND__V9_SPACE__NONE	ENDPOINT_CONTROL	HERE_THERE	CONNECTOR_SECOND	V9_SPACE		 		and	there	and there	NONE		 and there	2	[" and", " there"]	[290, 612]	1	1	2	 there	-0.032673	-0.129878	-0.097205	170	2.16263	-2.292508	-0.000102	0	<BOS>	1790	2.944627	-2.944729	1790	0	2.944627	0.284401	0	FULL_FRAME		
ENDPOINT_CONTROL__HERE_THERE__FIRST_SECOND__V9_SPACE__NONE	ENDPOINT_CONTROL	HERE_THERE	FIRST_SECOND	V9_SPACE		 	here		there	here there	NONE		 here there	2	[" here", " there"]	[994, 612]	1	1	2	 there	-0.124207	0.036296	0.160503	1242	2.314829	-2.278534	0.036296	2	 there	464	2.896075	-2.85978	464	0	2.896075	0.181245	1	FULL_FRAME		
ENDPOINT_CONTROL__HERE_THERE__ARBFIRST_SECOND__V9_SPACE__NONE	ENDPOINT_CONTROL	HERE_THERE	ARBFIRST_SECOND	V9_SPACE		 	marble		there	marble there	NONE		 marble there	2	[" marble", " there"]	[30623, 612]	1	1	2	 there	-0.146916	-0.073387	0.073529	1790	2.235029	-2.308416	-0.000102	0	<BOS>	1888	3.655282	-3.655384	1888	0	3.655282	1.16016	0	FULL_FRAME		
ENDPOINT_CONTROL__HERE_THERE__FIRST_REPEAT__V9_SPACE__NONE	ENDPOINT_CONTROL	HERE_THERE	FIRST_REPEAT	V9_SPACE		 	here		here	here here	NONE		 here here	2	[" here", " here"]	[994, 994]	1	1	2	 here	-0.124207	-0.160661	-0.036454	1691	2.228825	-2.389486	-0.000102	0	<BOS>	464	2.896075	-2.896177	464	0	2.896075	0.181245	0	FULL_FRAME		
ENDPOINT_CONTROL__HERE_THERE__REVERSED__V9_SPACE__NONE	ENDPOINT_CONTROL	HERE_THERE	REVERSED	V9_SPACE		 	there	and	here	there and here	NONE		 there and here	3	[" there", " and", " here"]	[612, 290, 994]	2	1	3	 here	-0.02726	3.157861	3.185121	2659	2.636862	0.521	3.157861	3	 here	1888	2.904126	0.253735	541	1	3.157861	0.253735	1	FULL_FRAME		
CORE_FACTORIAL__HERE_THERE__CC__THE_PHRASE__NONE	CORE_FACTORIAL	HERE_THERE	CC	THE_PHRASE	the phrase 		here	and	there	here and there	NONE		the phrase here and there	5	["the", " phrase", " here", " and", " there"]	[1169, 9546, 994, 290, 612]	4	1	5	 there	-0.004793	4.150405	4.155198	2753	2.69537	1.455035	4.150405	5	 there	2073	3.233148	0.917257	541	1	4.150405	0.917257	1	CC	canonical first × canonical second	
CORE_FACTORIAL__HERE_THERE__CA__THE_PHRASE__NONE	CORE_FACTORIAL	HERE_THERE	CA	THE_PHRASE	the phrase 		here	and	forest	here and forest	NONE		the phrase here and forest	5	["the", " phrase", " here", " and", " forest"]	[1169, 9546, 994, 290, 8222]	4	1	5	 forest	-0.004793	-0.150227	-0.145434	1888	2.888139	-3.038366	-0.000102	0	<BOS>	2073	3.233148	-3.23325	2073	0	3.233148	0.345009	0	CC	canonical first × arbitrary second	
CORE_FACTORIAL__HERE_THERE__AC__THE_PHRASE__NONE	CORE_FACTORIAL	HERE_THERE	AC	THE_PHRASE	the phrase 		marble	and	there	marble and there	NONE		the phrase marble and there	5	["the", " phrase", " marble", " and", " there"]	[1169, 9546, 30623, 290, 612]	4	1	5	 there	-0.005097	-0.082089	-0.076993	170	1.900131	-1.982221	-0.000102	0	<BOS>	2073	3.233148	-3.23325	2073	0	3.233148	0.489397	0	CC	arbitrary first × canonical second	
CORE_FACTORIAL__HERE_THERE__AA__THE_PHRASE__NONE	CORE_FACTORIAL	HERE_THERE	AA	THE_PHRASE	the phrase 		marble	and	forest	marble and forest	NONE		the phrase marble and forest	5	["the", " phrase", " marble", " and", " forest"]	[1169, 9546, 30623, 290, 8222]	4	1	5	 forest	-0.005097	0.579751	0.584848	1888	1.824945	-1.245193	0.579751	5	 forest	2073	3.233148	-2.653397	2073	0	3.233148	0.489397	1	CC	arbitrary first × arbitrary second	
ENDPOINT_CONTROL__HERE_THERE__FULL_FRAME__THE_PHRASE__NONE	ENDPOINT_CONTROL	HERE_THERE	FULL_FRAME	THE_PHRASE	the phrase 		here	and	there	here and there	NONE		the phrase here and there	5	["the", " phrase", " here", " and", " there"]	[1169, 9546, 994, 290, 612]	4	1	5	 there	-0.004793	4.150405	4.155198	2753	2.69537	1.455035	4.150405	5	 there	2073	3.233148	0.917257	541	1	4.150405	0.917257	1	FULL_FRAME		
ENDPOINT_CONTROL__HERE_THERE__SECOND_ONLY__THE_PHRASE__NONE	ENDPOINT_CONTROL	HERE_THERE	SECOND_ONLY	THE_PHRASE	the phrase 				there	there	NONE		the phrase there	3	["the", " phrase", " there"]	[1169, 9546, 612]	2	1	3	 there	-0.055584	-0.0217	0.033884	170	1.858038	-1.879738	-0.000102	0	<BOS>	2073	3.233148	-3.23325	2073	0	3.233148	0.489397	0	FULL_FRAME		
ENDPOINT_CONTROL__HERE_THERE__CONNECTOR_SECOND__THE_PHRASE__NONE	ENDPOINT_CONTROL	HERE_THERE	CONNECTOR_SECOND	THE_PHRASE	the phrase 			and	there	and there	NONE		the phrase and there	4	["the", " phrase", " and", " there"]	[1169, 9546, 290, 612]	3	1	4	 there	-0.009063	-0.167821	-0.158758	638	1.998064	-2.165885	-0.000102	0	<BOS>	2073	3.233148	-3.23325	2073	0	3.233148	0.489397	0	FULL_FRAME		
ENDPOINT_CONTROL__HERE_THERE__FIRST_SECOND__THE_PHRASE__NONE	ENDPOINT_CONTROL	HERE_THERE	FIRST_SECOND	THE_PHRASE	the phrase 		here		there	here there	NONE		the phrase here there	4	["the", " phrase", " here", " there"]	[1169, 9546, 994, 612]	3	1	4	 there	-0.070334	-0.110082	-0.039748	349	1.915465	-2.025547	-0.000102	0	<BOS>	2073	3.233148	-3.23325	2073	0	3.233148	0.489397	0	FULL_FRAME		
ENDPOINT_CONTROL__HERE_THERE__ARBFIRST_SECOND__THE_PHRASE__NONE	ENDPOINT_CONTROL	HERE_THERE	ARBFIRST_SECOND	THE_PHRASE	the phrase 		marble		there	marble there	NONE		the phrase marble there	4	["the", " phrase", " marble", " there"]	[1169, 9546, 30623, 612]	3	1	4	 there	-0.049475	-0.039943	0.009532	349	2.513323	-2.553266	-0.000102	0	<BOS>	2073	3.233148	-3.23325	2073	0	3.233148	0.489397	0	FULL_FRAME		
ENDPOINT_CONTROL__HERE_THERE__FIRST_REPEAT__THE_PHRASE__NONE	ENDPOINT_CONTROL	HERE_THERE	FIRST_REPEAT	THE_PHRASE	the phrase 		here		here	here here	NONE		the phrase here here	4	["the", " phrase", " here", " here"]	[1169, 9546, 994, 994]	3	1	4	 here	-0.070334	-0.106566	-0.036231	165	1.700606	-1.807172	-0.000102	0	<BOS>	2073	3.233148	-3.23325	2073	0	3.233148	0.489397	0	FULL_FRAME		
ENDPOINT_CONTROL__HERE_THERE__REVERSED__THE_PHRASE__NONE	ENDPOINT_CONTROL	HERE_THERE	REVERSED	THE_PHRASE	the phrase 		there	and	here	there and here	NONE		the phrase there and here	5	["the", " phrase", " there", " and", " here"]	[1169, 9546, 612, 290, 994]	4	1	5	 here	-0.014824	2.939534	2.954359	2659	3.075583	-0.136049	2.939534	5	 here	2073	3.233148	-0.293614	2073	0	3.233148	0.157565	1	FULL_FRAME		
CORE_FACTORIAL__HERE_THERE__CC__THEY_SAID__NONE	CORE_FACTORIAL	HERE_THERE	CC	THEY_SAID	they said 		here	and	there	here and there	NONE		they said here and there	5	["they", " said", " here", " and", " there"]	[9930, 531, 994, 290, 612]	4	1	5	 there	-0.015843	4.241708	4.25755	2753	2.92857	1.313138	4.241708	5	 there	2753	2.92857	1.313138	541	1	4.241708	1.313138	1	CC	canonical first × canonical second	
CORE_FACTORIAL__HERE_THERE__CA__THEY_SAID__NONE	CORE_FACTORIAL	HERE_THERE	CA	THEY_SAID	they said 		here	and	forest	here and forest	NONE		they said here and forest	5	["they", " said", " here", " and", " forest"]	[9930, 531, 994, 290, 8222]	4	1	5	 forest	-0.015843	-0.128585	-0.112742	1888	2.819596	-2.94818	-0.000102	0	<BOS>	1888	2.819596	-2.819698	1888	0	2.819596	0.380677	0	CC	canonical first × arbitrary second	
CORE_FACTORIAL__HERE_THERE__AC__THEY_SAID__NONE	CORE_FACTORIAL	HERE_THERE	AC	THEY_SAID	they said 		marble	and	there	marble and there	NONE		they said marble and there	5	["they", " said", " marble", " and", " there"]	[9930, 531, 30623, 290, 612]	4	1	5	 there	-0.006997	-0.047665	-0.040668	638	2.213966	-2.261632	-0.000102	0	<BOS>	1888	2.584469	-2.584571	1888	0	2.584469	0.223599	0	CC	arbitrary first × canonical second	
CORE_FACTORIAL__HERE_THERE__AA__THEY_SAID__NONE	CORE_FACTORIAL	HERE_THERE	AA	THEY_SAID	they said 		marble	and	forest	marble and forest	NONE		they said marble and forest	5	["they", " said", " marble", " and", " forest"]	[9930, 531, 30623, 290, 8222]	4	1	5	 forest	-0.006997	0.64171	0.648707	2659	2.031153	-1.389444	0.64171	5	 forest	1888	2.584469	-1.942759	1888	0	2.584469	0.223599	1	CC	arbitrary first × arbitrary second	
ENDPOINT_CONTROL__HERE_THERE__FULL_FRAME__THEY_SAID__NONE	ENDPOINT_CONTROL	HERE_THERE	FULL_FRAME	THEY_SAID	they said 		here	and	there	here and there	NONE		they said here and there	5	["they", " said", " here", " and", " there"]	[9930, 531, 994, 290, 612]	4	1	5	 there	-0.015843	4.241708	4.25755	2753	2.92857	1.313138	4.241708	5	 there	2753	2.92857	1.313138	541	1	4.241708	1.313138	1	FULL_FRAME		
ENDPOINT_CONTROL__HERE_THERE__SECOND_ONLY__THEY_SAID__NONE	ENDPOINT_CONTROL	HERE_THERE	SECOND_ONLY	THEY_SAID	they said 				there	there	NONE		they said there	3	["they", " said", " there"]	[9930, 531, 612]	2	1	3	 there	-0.03838	-0.047998	-0.009618	170	2.076404	-2.124402	-0.000102	0	<BOS>	2256	2.36087	-2.360972	2256	0	2.36087	0.053377	0	FULL_FRAME		
ENDPOINT_CONTROL__HERE_THERE__CONNECTOR_SECOND__THEY_SAID__NONE	ENDPOINT_CONTROL	HERE_THERE	CONNECTOR_SECOND	THEY_SAID	they said 			and	there	and there	NONE		they said and there	4	["they", " said", " and", " there"]	[9930, 531, 290, 612]	3	1	4	 there	-0.025332	-0.16359	-0.138257	638	1.929051	-2.09264	-0.000102	0	<BOS>	1953	2.592324	-2.592426	1953	0	2.592324	0.231454	0	FULL_FRAME		
ENDPOINT_CONTROL__HERE_THERE__FIRST_SECOND__THEY_SAID__NONE	ENDPOINT_CONTROL	HERE_THERE	FIRST_SECOND	THEY_SAID	they said 		here		there	here there	NONE		they said here there	4	["they", " said", " here", " there"]	[9930, 531, 994, 612]	3	1	4	 there	-0.157885	-0.169882	-0.011997	1242	1.790559	-1.96044	-0.000102	0	<BOS>	2256	2.36087	-2.360972	2256	0	2.36087	0.053377	0	FULL_FRAME		
ENDPOINT_CONTROL__HERE_THERE__ARBFIRST_SECOND__THEY_SAID__NONE	ENDPOINT_CONTROL	HERE_THERE	ARBFIRST_SECOND	THEY_SAID	they said 		marble		there	marble there	NONE		they said marble there	4	["they", " said", " marble", " there"]	[9930, 531, 30623, 612]	3	1	4	 there	-0.094074	-0.018485	0.075589	1242	2.428451	-2.446936	-0.000102	0	<BOS>	1888	2.584469	-2.584571	1888	0	2.584469	0.156018	0	FULL_FRAME		
ENDPOINT_CONTROL__HERE_THERE__FIRST_REPEAT__THEY_SAID__NONE	ENDPOINT_CONTROL	HERE_THERE	FIRST_REPEAT	THEY_SAID	they said 		here		here	here here	NONE		they said here here	4	["they", " said", " here", " here"]	[9930, 531, 994, 994]	3	1	4	 here	-0.157885	-0.16998	-0.012095	1790	1.732157	-1.902137	-0.000102	0	<BOS>	2256	2.36087	-2.360972	2256	0	2.36087	0.053377	0	FULL_FRAME		
ENDPOINT_CONTROL__HERE_THERE__REVERSED__THEY_SAID__NONE	ENDPOINT_CONTROL	HERE_THERE	REVERSED	THEY_SAID	they said 		there	and	here	there and here	NONE		they said there and here	5	["they", " said", " there", " and", " here"]	[9930, 531, 612, 290, 994]	4	1	5	 here	-0.031503	2.71366	2.745163	2659	2.718209	-0.004549	2.71366	5	 here	2659	2.718209	-0.004549	2659	0	2.718209	0.004549	1	FULL_FRAME		
CORE_FACTORIAL__RIGHT_LEFT__CC__BARE__NONE	CORE_FACTORIAL	RIGHT_LEFT	CC	BARE			right	and	left	right and left	NONE		right and left	3	["right", " and", " left"]	[3506, 290, 1364]	2	1	3	 left	-0.033633	3.454199	3.487832	2659	3.142589	0.31161	3.454199	3	 left	2659	3.142589	0.31161	541	1	3.454199	0.31161	1	CC	canonical first × canonical second	
CORE_FACTORIAL__RIGHT_LEFT__CA__BARE__NONE	CORE_FACTORIAL	RIGHT_LEFT	CA	BARE			right	and	violin	right and violin	NONE		right and violin	3	["right", " and", " violin"]	[3506, 290, 38283]	2	1	3	 violin	-0.033633	0.105776	0.13941	1888	2.509179	-2.403402	0.105776	3	 violin	1888	2.727984	-2.622207	1888	0	2.727984	0.367114	1	CC	canonical first × arbitrary second	
CORE_FACTORIAL__RIGHT_LEFT__AC__BARE__NONE	CORE_FACTORIAL	RIGHT_LEFT	AC	BARE			garden	and	left	garden and left	NONE		garden and left	4	["g", "arden", " and", " left"]	[70, 5872, 290, 1364]	3	1	4	 left	-0.015332	-0.129714	-0.114382	638	2.317561	-2.447275	-0.000102	0	<BOS>	1888	2.942774	-2.942875	1888	0	2.942774	0.45512	0	CC	arbitrary first × canonical second	
CORE_FACTORIAL__RIGHT_LEFT__AA__BARE__NONE	CORE_FACTORIAL	RIGHT_LEFT	AA	BARE			garden	and	violin	garden and violin	NONE		garden and violin	4	["g", "arden", " and", " violin"]	[70, 5872, 290, 38283]	3	1	4	 violin	-0.015332	0.281623	0.296955	1888	2.201338	-1.919715	0.281623	4	 violin	1888	2.942774	-2.661151	1888	0	2.942774	0.45512	1	CC	arbitrary first × arbitrary second	
ENDPOINT_CONTROL__RIGHT_LEFT__FULL_FRAME__BARE__NONE	ENDPOINT_CONTROL	RIGHT_LEFT	FULL_FRAME	BARE			right	and	left	right and left	NONE		right and left	3	["right", " and", " left"]	[3506, 290, 1364]	2	1	3	 left	-0.033633	3.454199	3.487832	2659	3.142589	0.31161	3.454199	3	 left	2659	3.142589	0.31161	541	1	3.454199	0.31161	1	FULL_FRAME		
ENDPOINT_CONTROL__RIGHT_LEFT__SECOND_ONLY__BARE__NONE	ENDPOINT_CONTROL	RIGHT_LEFT	SECOND_ONLY	BARE					left	left	NONE		left	1	["left"]	[9464]	0	1	1	left	-0.000102	-0.012606	-0.012504	1888	2.772759	-2.785366	-0.000102	0	<BOS>	1888	2.772759	-2.772861	1888	0	2.772759	0.309089	0	FULL_FRAME		
ENDPOINT_CONTROL__RIGHT_LEFT__CONNECTOR_SECOND__BARE__NONE	ENDPOINT_CONTROL	RIGHT_LEFT	CONNECTOR_SECOND	BARE				and	left	and left	NONE		and left	2	["and", " left"]	[392, 1364]	1	1	2	 left	-0.026548	-0.131345	-0.104797	2052	2.505486	-2.636831	-0.000102	0	<BOS>	2052	2.505486	-2.505588	2052	0	2.505486	0.020103	0	FULL_FRAME		
ENDPOINT_CONTROL__RIGHT_LEFT__FIRST_SECOND__BARE__NONE	ENDPOINT_CONTROL	RIGHT_LEFT	FIRST_SECOND	BARE			right		left	right left	NONE		right left	2	["right", " left"]	[3506, 1364]	1	1	2	 left	-0.01172	-0.166684	-0.154964	2463	3.40363	-3.570314	-0.000102	0	<BOS>	2463	3.40363	-3.403732	2463	0	3.40363	0.261222	0	FULL_FRAME		
ENDPOINT_CONTROL__RIGHT_LEFT__ARBFIRST_SECOND__BARE__NONE	ENDPOINT_CONTROL	RIGHT_LEFT	ARBFIRST_SECOND	BARE			garden		left	garden left	NONE		garden left	3	["g", "arden", " left"]	[70, 5872, 1364]	2	1	3	 left	-0.160087	-0.008091	0.151996	1888	2.158415	-2.166505	-0.000102	0	<BOS>	1888	2.942774	-2.942875	1888	0	2.942774	0.45512	0	FULL_FRAME		
ENDPOINT_CONTROL__RIGHT_LEFT__FIRST_REPEAT__BARE__NONE	ENDPOINT_CONTROL	RIGHT_LEFT	FIRST_REPEAT	BARE			right		right	right right	NONE		right right	2	["right", " right"]	[3506, 826]	1	1	2	 right	-0.01172	-0.148229	-0.136509	1691	2.666036	-2.814265	-0.000102	0	<BOS>	1888	2.727984	-2.728086	1888	0	2.727984	0.061948	0	FULL_FRAME		
ENDPOINT_CONTROL__RIGHT_LEFT__REVERSED__BARE__NONE	ENDPOINT_CONTROL	RIGHT_LEFT	REVERSED	BARE			left	and	right	left and right	NONE		left and right	3	["left", " and", " right"]	[9464, 290, 826]	2	1	3	 right	-0.054414	4.11948	4.173893	2659	3.101547	1.017932	4.11948	3	 right	2659	3.101547	1.017932	541	1	4.11948	1.017932	1	FULL_FRAME		
CORE_FACTORIAL__RIGHT_LEFT__CC__V9_SPACE__NONE	CORE_FACTORIAL	RIGHT_LEFT	CC	V9_SPACE		 	right	and	left	right and left	NONE		 right and left	3	[" right", " and", " left"]	[826, 290, 1364]	2	1	3	 left	-0.02445	3.856177	3.880627	2659	3.379555	0.476621	3.856177	3	 left	2659	3.379555	0.476621	541	1	3.856177	0.476621	1	CC	canonical first × canonical second	
CORE_FACTORIAL__RIGHT_LEFT__CA__V9_SPACE__NONE	CORE_FACTORIAL	RIGHT_LEFT	CA	V9_SPACE		 	right	and	violin	right and violin	NONE		 right and violin	3	[" right", " and", " violin"]	[826, 290, 38283]	2	1	3	 violin	-0.02445	-0.108837	-0.084387	1888	2.556191	-2.665029	-0.000102	0	<BOS>	1888	3.113197	-3.113299	1888	0	3.113197	0.410401	0	CC	canonical first × arbitrary second	
CORE_FACTORIAL__RIGHT_LEFT__AC__V9_SPACE__NONE	CORE_FACTORIAL	RIGHT_LEFT	AC	V9_SPACE		 	garden	and	left	garden and left	NONE		 garden and left	3	[" garden", " and", " left"]	[11376, 290, 1364]	2	1	3	 left	-0.01507	-0.110469	-0.0954	2608	2.419052	-2.529521	-0.000102	0	<BOS>	1888	3.79291	-3.793012	1888	0	3.79291	1.03462	0	CC	arbitrary first × canonical second	
CORE_FACTORIAL__RIGHT_LEFT__AA__V9_SPACE__NONE	CORE_FACTORIAL	RIGHT_LEFT	AA	V9_SPACE		 	garden	and	violin	garden and violin	NONE		 garden and violin	3	[" garden", " and", " violin"]	[11376, 290, 38283]	2	1	3	 violin	-0.01507	0.268801	0.28387	1888	2.222958	-1.954157	0.268801	3	 violin	1888	3.79291	-3.52411	1888	0	3.79291	1.03462	1	CC	arbitrary first × arbitrary second	
ENDPOINT_CONTROL__RIGHT_LEFT__FULL_FRAME__V9_SPACE__NONE	ENDPOINT_CONTROL	RIGHT_LEFT	FULL_FRAME	V9_SPACE		 	right	and	left	right and left	NONE		 right and left	3	[" right", " and", " left"]	[826, 290, 1364]	2	1	3	 left	-0.02445	3.856177	3.880627	2659	3.379555	0.476621	3.856177	3	 left	2659	3.379555	0.476621	541	1	3.856177	0.476621	1	FULL_FRAME		
ENDPOINT_CONTROL__RIGHT_LEFT__SECOND_ONLY__V9_SPACE__NONE	ENDPOINT_CONTROL	RIGHT_LEFT	SECOND_ONLY	V9_SPACE		 			left	left	NONE		 left	1	[" left"]	[1364]	0	1	1	 left	-0.000102	-0.042822	-0.04272	1888	3.12407	-3.166892	-0.000102	0	<BOS>	1888	3.12407	-3.124172	1888	0	3.12407	0.7632	0	FULL_FRAME		
ENDPOINT_CONTROL__RIGHT_LEFT__CONNECTOR_SECOND__V9_SPACE__NONE	ENDPOINT_CONTROL	RIGHT_LEFT	CONNECTOR_SECOND	V9_SPACE		 		and	left	and left	NONE		 and left	2	[" and", " left"]	[290, 1364]	1	1	2	 left	-0.032673	-0.126231	-0.093557	2052	2.559929	-2.686159	-0.000102	0	<BOS>	1790	2.944627	-2.944729	1790	0	2.944627	0.284401	0	FULL_FRAME		
ENDPOINT_CONTROL__RIGHT_LEFT__FIRST_SECOND__V9_SPACE__NONE	ENDPOINT_CONTROL	RIGHT_LEFT	FIRST_SECOND	V9_SPACE		 	right		left	right left	NONE		 right left	2	[" right", " left"]	[826, 1364]	1	1	2	 left	-0.030492	-0.022054	0.008438	2463	3.44268	-3.464734	-0.000102	0	<BOS>	2463	3.44268	-3.442782	2463	0	3.44268	0.329484	0	FULL_FRAME		
ENDPOINT_CONTROL__RIGHT_LEFT__ARBFIRST_SECOND__V9_SPACE__NONE	ENDPOINT_CONTROL	RIGHT_LEFT	ARBFIRST_SECOND	V9_SPACE		 	garden		left	garden left	NONE		 garden left	2	[" garden", " left"]	[11376, 1364]	1	1	2	 left	-0.154299	-0.009861	0.144438	2052	2.651282	-2.661143	-0.000102	0	<BOS>	1888	3.79291	-3.793012	1888	0	3.79291	1.03462	0	FULL_FRAME		
ENDPOINT_CONTROL__RIGHT_LEFT__FIRST_REPEAT__V9_SPACE__NONE	ENDPOINT_CONTROL	RIGHT_LEFT	FIRST_REPEAT	V9_SPACE		 	right		right	right right	NONE		 right right	2	[" right", " right"]	[826, 826]	1	1	2	 right	-0.030492	-0.166622	-0.13613	1691	2.674706	-2.841329	-0.000102	0	<BOS>	1888	3.113197	-3.113299	1888	0	3.113197	0.410401	0	FULL_FRAME		
ENDPOINT_CONTROL__RIGHT_LEFT__REVERSED__V9_SPACE__NONE	ENDPOINT_CONTROL	RIGHT_LEFT	REVERSED	V9_SPACE		 	left	and	right	left and right	NONE		 left and right	3	[" left", " and", " right"]	[1364, 290, 826]	2	1	3	 right	-0.026611	3.811975	3.838586	2659	2.828513	0.983461	3.811975	3	 right	1888	3.12407	0.687904	541	1	3.811975	0.687904	1	FULL_FRAME		
CORE_FACTORIAL__RIGHT_LEFT__CC__THE_PHRASE__NONE	CORE_FACTORIAL	RIGHT_LEFT	CC	THE_PHRASE	the phrase 		right	and	left	right and left	NONE		the phrase right and left	5	["the", " phrase", " right", " and", " left"]	[1169, 9546, 826, 290, 1364]	4	1	5	 left	-0.018094	3.803968	3.822062	2659	3.855254	-0.051286	3.803968	5	 left	2659	3.855254	-0.051286	2659	0	3.855254	0.051286	1	CC	canonical first × canonical second	
CORE_FACTORIAL__RIGHT_LEFT__CA__THE_PHRASE__NONE	CORE_FACTORIAL	RIGHT_LEFT	CA	THE_PHRASE	the phrase 		right	and	violin	right and violin	NONE		the phrase right and violin	5	["the", " phrase", " right", " and", " violin"]	[1169, 9546, 826, 290, 38283]	4	1	5	 violin	-0.018094	-0.111989	-0.093895	1888	2.441326	-2.553315	-0.000102	0	<BOS>	2073	3.233148	-3.23325	2073	0	3.233148	0.489397	0	CC	canonical first × arbitrary second	
CORE_FACTORIAL__RIGHT_LEFT__AC__THE_PHRASE__NONE	CORE_FACTORIAL	RIGHT_LEFT	AC	THE_PHRASE	the phrase 		garden	and	left	garden and left	NONE		the phrase garden and left	5	["the", " phrase", " garden", " and", " left"]	[1169, 9546, 11376, 290, 1364]	4	1	5	 left	-0.006096	-0.092484	-0.086388	2052	2.360032	-2.452516	-0.000102	0	<BOS>	2073	3.233148	-3.23325	2073	0	3.233148	0.489397	0	CC	arbitrary first × canonical second	
CORE_FACTORIAL__RIGHT_LEFT__AA__THE_PHRASE__NONE	CORE_FACTORIAL	RIGHT_LEFT	AA	THE_PHRASE	the phrase 		garden	and	violin	garden and violin	NONE		the phrase garden and violin	5	["the", " phrase", " garden", " and", " violin"]	[1169, 9546, 11376, 290, 38283]	4	1	5	 violin	-0.006096	0.060695	0.066791	1790	2.267343	-2.206648	0.060695	5	 violin	2073	3.233148	-3.172453	2073	0	3.233148	0.489397	1	CC	arbitrary first × arbitrary second	
ENDPOINT_CONTROL__RIGHT_LEFT__FULL_FRAME__THE_PHRASE__NONE	ENDPOINT_CONTROL	RIGHT_LEFT	FULL_FRAME	THE_PHRASE	the phrase 		right	and	left	right and left	NONE		the phrase right and left	5	["the", " phrase", " right", " and", " left"]	[1169, 9546, 826, 290, 1364]	4	1	5	 left	-0.018094	3.803968	3.822062	2659	3.855254	-0.051286	3.803968	5	 left	2659	3.855254	-0.051286	2659	0	3.855254	0.051286	1	FULL_FRAME		
ENDPOINT_CONTROL__RIGHT_LEFT__SECOND_ONLY__THE_PHRASE__NONE	ENDPOINT_CONTROL	RIGHT_LEFT	SECOND_ONLY	THE_PHRASE	the phrase 				left	left	NONE		the phrase left	3	["the", " phrase", " left"]	[1169, 9546, 1364]	2	1	3	 left	-0.055584	-0.009114	0.04647	2052	2.270232	-2.279346	-0.000102	0	<BOS>	2073	3.233148	-3.23325	2073	0	3.233148	0.489397	0	FULL_FRAME		
ENDPOINT_CONTROL__RIGHT_LEFT__CONNECTOR_SECOND__THE_PHRASE__NONE	ENDPOINT_CONTROL	RIGHT_LEFT	CONNECTOR_SECOND	THE_PHRASE	the phrase 			and	left	and left	NONE		the phrase and left	4	["the", " phrase", " and", " left"]	[1169, 9546, 290, 1364]	3	1	4	 left	-0.009063	-0.093315	-0.084252	2052	2.627451	-2.720766	-0.000102	0	<BOS>	2073	3.233148	-3.23325	2073	0	3.233148	0.489397	0	FULL_FRAME		
ENDPOINT_CONTROL__RIGHT_LEFT__FIRST_SECOND__THE_PHRASE__NONE	ENDPOINT_CONTROL	RIGHT_LEFT	FIRST_SECOND	THE_PHRASE	the phrase 		right		left	right left	NONE		the phrase right left	4	["the", " phrase", " right", " left"]	[1169, 9546, 826, 1364]	3	1	4	 left	-0.004885	-0.169883	-0.164998	259	2.766383	-2.936266	-0.000102	0	<BOS>	2073	3.233148	-3.23325	2073	0	3.233148	0.466765	0	FULL_FRAME		
ENDPOINT_CONTROL__RIGHT_LEFT__ARBFIRST_SECOND__THE_PHRASE__NONE	ENDPOINT_CONTROL	RIGHT_LEFT	ARBFIRST_SECOND	THE_PHRASE	the phrase 		garden		left	garden left	NONE		the phrase garden left	4	["the", " phrase", " garden", " left"]	[1169, 9546, 11376, 1364]	3	1	4	 left	-0.067502	-0.009618	0.057884	2052	2.473609	-2.483227	-0.000102	0	<BOS>	2073	3.233148	-3.23325	2073	0	3.233148	0.489397	0	FULL_FRAME		
ENDPOINT_CONTROL__RIGHT_LEFT__FIRST_REPEAT__THE_PHRASE__NONE	ENDPOINT_CONTROL	RIGHT_LEFT	FIRST_REPEAT	THE_PHRASE	the phrase 		right		right	right right	NONE		the phrase right right	4	["the", " phrase", " right", " right"]	[1169, 9546, 826, 826]	3	1	4	 right	-0.004885	-0.021698	-0.016813	1959	1.866172	-1.887869	-0.000102	0	<BOS>	2073	3.233148	-3.23325	2073	0	3.233148	0.489397	0	FULL_FRAME		
ENDPOINT_CONTROL__RIGHT_LEFT__REVERSED__THE_PHRASE__NONE	ENDPOINT_CONTROL	RIGHT_LEFT	REVERSED	THE_PHRASE	the phrase 		left	and	right	left and right	NONE		the phrase left and right	5	["the", " phrase", " left", " and", " right"]	[1169, 9546, 1364, 290, 826]	4	1	5	 right	-0.016875	4.367382	4.384256	2659	3.919606	0.447775	4.367382	5	 right	2659	3.919606	0.447775	541	1	4.367382	0.447775	1	FULL_FRAME		
CORE_FACTORIAL__RIGHT_LEFT__CC__THEY_SAID__NONE	CORE_FACTORIAL	RIGHT_LEFT	CC	THEY_SAID	they said 		right	and	left	right and left	NONE		they said right and left	5	["they", " said", " right", " and", " left"]	[9930, 531, 826, 290, 1364]	4	1	5	 left	-0.012031	3.704689	3.716719	2659	3.790501	-0.085812	3.704689	5	 left	2659	3.790501	-0.085812	2659	0	3.790501	0.085812	1	CC	canonical first × canonical second	
CORE_FACTORIAL__RIGHT_LEFT__CA__THEY_SAID__NONE	CORE_FACTORIAL	RIGHT_LEFT	CA	THEY_SAID	they said 		right	and	violin	right and violin	NONE		they said right and violin	5	["they", " said", " right", " and", " violin"]	[9930, 531, 826, 290, 38283]	4	1	5	 violin	-0.012031	-0.169866	-0.157835	1888	2.661702	-2.831568	-0.000102	0	<BOS>	1959	2.998165	-2.998267	1959	0	2.998165	0.336462	0	CC	canonical first × arbitrary second	
CORE_FACTORIAL__RIGHT_LEFT__AC__THEY_SAID__NONE	CORE_FACTORIAL	RIGHT_LEFT	AC	THEY_SAID	they said 		garden	and	left	garden and left	NONE		they said garden and left	5	["they", " said", " garden", " and", " left"]	[9930, 531, 11376, 290, 1364]	4	1	5	 left	-0.015991	-0.111602	-0.095611	638	2.198772	-2.310375	-0.000102	0	<BOS>	1888	2.996946	-2.997048	1888	0	2.996946	0.636076	0	CC	arbitrary first × canonical second	
CORE_FACTORIAL__RIGHT_LEFT__AA__THEY_SAID__NONE	CORE_FACTORIAL	RIGHT_LEFT	AA	THEY_SAID	they said 		garden	and	violin	garden and violin	NONE		they said garden and violin	5	["they", " said", " garden", " and", " violin"]	[9930, 531, 11376, 290, 38283]	4	1	5	 violin	-0.015991	0.572824	0.588815	2659	2.139646	-1.566823	0.572824	5	 violin	1888	2.996946	-2.424122	1888	0	2.996946	0.636076	1	CC	arbitrary first × arbitrary second	
ENDPOINT_CONTROL__RIGHT_LEFT__FULL_FRAME__THEY_SAID__NONE	ENDPOINT_CONTROL	RIGHT_LEFT	FULL_FRAME	THEY_SAID	they said 		right	and	left	right and left	NONE		they said right and left	5	["they", " said", " right", " and", " left"]	[9930, 531, 826, 290, 1364]	4	1	5	 left	-0.012031	3.704689	3.716719	2659	3.790501	-0.085812	3.704689	5	 left	2659	3.790501	-0.085812	2659	0	3.790501	0.085812	1	FULL_FRAME		
ENDPOINT_CONTROL__RIGHT_LEFT__SECOND_ONLY__THEY_SAID__NONE	ENDPOINT_CONTROL	RIGHT_LEFT	SECOND_ONLY	THEY_SAID	they said 				left	left	NONE		they said left	3	["they", " said", " left"]	[9930, 531, 1364]	2	1	3	 left	-0.03838	-0.029024	0.009355	2052	2.186306	-2.21533	-0.000102	0	<BOS>	2256	2.36087	-2.360972	2256	0	2.36087	0.053377	0	FULL_FRAME		
ENDPOINT_CONTROL__RIGHT_LEFT__CONNECTOR_SECOND__THEY_SAID__NONE	ENDPOINT_CONTROL	RIGHT_LEFT	CONNECTOR_SECOND	THEY_SAID	they said 			and	left	and left	NONE		they said and left	4	["they", " said", " and", " left"]	[9930, 531, 290, 1364]	3	1	4	 left	-0.025332	0.174883	0.200215	776	2.224924	-2.050041	0.174883	4	 left	1953	2.592324	-2.417441	1953	0	2.592324	0.231454	1	FULL_FRAME		
ENDPOINT_CONTROL__RIGHT_LEFT__FIRST_SECOND__THEY_SAID__NONE	ENDPOINT_CONTROL	RIGHT_LEFT	FIRST_SECOND	THEY_SAID	they said 		right		left	right left	NONE		they said right left	4	["they", " said", " right", " left"]	[9930, 531, 826, 1364]	3	1	4	 left	-0.013553	-0.169991	-0.156438	2463	3.080981	-3.250973	-0.000102	0	<BOS>	2463	3.080981	-3.081083	2463	0	3.080981	0.079365	0	FULL_FRAME		
ENDPOINT_CONTROL__RIGHT_LEFT__ARBFIRST_SECOND__THEY_SAID__NONE	ENDPOINT_CONTROL	RIGHT_LEFT	ARBFIRST_SECOND	THEY_SAID	they said 		garden		left	garden left	NONE		they said garden left	4	["they", " said", " garden", " left"]	[9930, 531, 11376, 1364]	3	1	4	 left	-0.083438	-0.00867	0.074767	2052	2.305712	-2.314382	-0.000102	0	<BOS>	1888	2.996946	-2.997048	1888	0	2.996946	0.636076	0	FULL_FRAME		
ENDPOINT_CONTROL__RIGHT_LEFT__FIRST_REPEAT__THEY_SAID__NONE	ENDPOINT_CONTROL	RIGHT_LEFT	FIRST_REPEAT	THEY_SAID	they said 		right		right	right right	NONE		they said right right	4	["they", " said", " right", " right"]	[9930, 531, 826, 826]	3	1	4	 right	-0.013553	-0.045146	-0.031593	1959	2.914665	-2.959811	-0.000102	0	<BOS>	1959	2.998165	-2.998267	1959	0	2.998165	0.637295	0	FULL_FRAME		
ENDPOINT_CONTROL__RIGHT_LEFT__REVERSED__THEY_SAID__NONE	ENDPOINT_CONTROL	RIGHT_LEFT	REVERSED	THEY_SAID	they said 		left	and	right	left and right	NONE		they said left and right	5	["they", " said", " left", " and", " right"]	[9930, 531, 1364, 290, 826]	4	1	5	 right	-0.003656	4.077455	4.081111	2659	4.098732	-0.021276	4.077455	5	 right	2659	4.098732	-0.021276	2659	0	4.098732	0.021276	1	FULL_FRAME		
CORE_FACTORIAL__TRUE_FALSE__CC__BARE__NONE	CORE_FACTORIAL	TRUE_FALSE	CC	BARE			true	or	false	true or false	NONE		true or false	3	["true", " or", " false"]	[7942, 393, 3991]	2	1	3	 false	-0.01409	3.620335	3.634425	2659	3.291609	0.328726	3.620335	3	 false	2659	3.291609	0.328726	541	1	3.620335	0.328726	1	CC	canonical first × canonical second	
CORE_FACTORIAL__TRUE_FALSE__CA__BARE__NONE	CORE_FACTORIAL	TRUE_FALSE	CA	BARE			true	or	basket	true or basket	NONE		true or basket	3	["true", " or", " basket"]	[7942, 393, 7988]	2	1	3	 basket	-0.01409	-0.009193	0.004897	1888	3.13473	-3.143923	-0.000102	0	<BOS>	1888	3.13473	-3.134832	1888	0	3.13473	0.297467	0	CC	canonical first × arbitrary second	
CORE_FACTORIAL__TRUE_FALSE__AC__BARE__NONE	CORE_FACTORIAL	TRUE_FALSE	AC	BARE			candle	or	false	candle or false	NONE		candle or false	4	["cand", "le", " or", " false"]	[46188, 293, 393, 3991]	3	1	4	 false	-0.006758	0.122584	0.129342	1888	2.342865	-2.220281	0.122584	4	 false	1888	3.02891	-2.906326	1888	0	3.02891	0.301881	1	CC	arbitrary first × canonical second	
CORE_FACTORIAL__TRUE_FALSE__AA__BARE__NONE	CORE_FACTORIAL	TRUE_FALSE	AA	BARE			candle	or	basket	candle or basket	NONE		candle or basket	4	["cand", "le", " or", " basket"]	[46188, 293, 393, 7988]	3	1	4	 basket	-0.006758	2.088407	2.095165	2659	2.98191	-0.893502	2.088407	4	 basket	1888	3.02891	-0.940503	1888	0	3.02891	0.047001	1	CC	arbitrary first × arbitrary second	
ENDPOINT_CONTROL__TRUE_FALSE__FULL_FRAME__BARE__NONE	ENDPOINT_CONTROL	TRUE_FALSE	FULL_FRAME	BARE			true	or	false	true or false	NONE		true or false	3	["true", " or", " false"]	[7942, 393, 3991]	2	1	3	 false	-0.01409	3.620335	3.634425	2659	3.291609	0.328726	3.620335	3	 false	2659	3.291609	0.328726	541	1	3.620335	0.328726	1	FULL_FRAME		
ENDPOINT_CONTROL__TRUE_FALSE__SECOND_ONLY__BARE__NONE	ENDPOINT_CONTROL	TRUE_FALSE	SECOND_ONLY	BARE					false	false	NONE		false	1	["false"]	[9562]	0	1	1	false	-0.000102	-0.127743	-0.127642	1888	3.372292	-3.500036	-0.000102	0	<BOS>	1888	3.372292	-3.372394	1888	0	3.372292	0.426046	0	FULL_FRAME		
ENDPOINT_CONTROL__TRUE_FALSE__CONNECTOR_SECOND__BARE__NONE	ENDPOINT_CONTROL	TRUE_FALSE	CONNECTOR_SECOND	BARE				or	false	or false	NONE		or false	2	["or", " false"]	[273, 3991]	1	1	2	 false	-0.005705	-0.076591	-0.070886	1888	2.298867	-2.375458	-0.000102	0	<BOS>	1888	2.436592	-2.436694	1888	0	2.436592	0.075722	0	FULL_FRAME		
ENDPOINT_CONTROL__TRUE_FALSE__FIRST_SECOND__BARE__NONE	ENDPOINT_CONTROL	TRUE_FALSE	FIRST_SECOND	BARE			true		false	true false	NONE		true false	2	["true", " false"]	[7942, 3991]	1	1	2	 false	-0.085669	-0.166211	-0.080543	1888	2.090893	-2.257104	-0.000102	0	<BOS>	1888	3.098689	-3.09879	1888	0	3.098689	0.261426	0	FULL_FRAME		
ENDPOINT_CONTROL__TRUE_FALSE__ARBFIRST_SECOND__BARE__NONE	ENDPOINT_CONTROL	TRUE_FALSE	ARBFIRST_SECOND	BARE			candle		false	candle false	NONE		candle false	3	["cand", "le", " false"]	[46188, 293, 3991]	2	1	3	 false	-0.154181	-0.049663	0.104518	1888	2.272056	-2.321718	-0.000102	0	<BOS>	1888	3.02891	-3.029012	1888	0	3.02891	0.301881	0	FULL_FRAME		
ENDPOINT_CONTROL__TRUE_FALSE__FIRST_REPEAT__BARE__NONE	ENDPOINT_CONTROL	TRUE_FALSE	FIRST_REPEAT	BARE			true		true	true true	NONE		true true	2	["true", " true"]	[7942, 2081]	1	1	2	 true	-0.085669	-0.16159	-0.075922	230	3.089659	-3.25125	-0.000102	0	<BOS>	1888	3.098689	-3.09879	1888	0	3.098689	0.009029	0	FULL_FRAME		
ENDPOINT_CONTROL__TRUE_FALSE__REVERSED__BARE__NONE	ENDPOINT_CONTROL	TRUE_FALSE	REVERSED	BARE			false	or	true	false or true	NONE		false or true	3	["false", " or", " true"]	[9562, 393, 2081]	2	1	3	 true	-0.003785	2.395462	2.399247	2659	2.562969	-0.167507	2.395462	3	 true	1888	3.372292	-0.97683	1888	0	3.372292	0.426046	1	FULL_FRAME		
CORE_FACTORIAL__TRUE_FALSE__CC__V9_SPACE__NONE	CORE_FACTORIAL	TRUE_FALSE	CC	V9_SPACE		 	true	or	false	true or false	NONE		 true or false	3	[" true", " or", " false"]	[2081, 393, 3991]	2	1	3	 false	-0.0071	3.912809	3.91991	2659	3.472676	0.440133	3.912809	3	 false	2659	3.472676	0.440133	541	1	3.912809	0.440133	1	CC	canonical first × canonical second	
CORE_FACTORIAL__TRUE_FALSE__CA__V9_SPACE__NONE	CORE_FACTORIAL	TRUE_FALSE	CA	V9_SPACE		 	true	or	basket	true or basket	NONE		 true or basket	3	[" true", " or", " basket"]	[2081, 393, 7988]	2	1	3	 basket	-0.0071	-0.138772	-0.131672	1888	3.175659	-3.314431	-0.000102	0	<BOS>	1888	3.175659	-3.175761	1888	0	3.175659	0.171037	0	CC	canonical first × arbitrary second	
CORE_FACTORIAL__TRUE_FALSE__AC__V9_SPACE__NONE	CORE_FACTORIAL	TRUE_FALSE	AC	V9_SPACE		 	candle	or	false	candle or false	NONE		 candle or false	3	[" candle", " or", " false"]	[26839, 393, 3991]	2	1	3	 false	-0.005528	-0.000394	0.005134	1888	2.392071	-2.392465	-0.000102	0	<BOS>	1888	3.378142	-3.378244	1888	0	3.378142	0.733301	0	CC	arbitrary first × canonical second	
CORE_FACTORIAL__TRUE_FALSE__AA__V9_SPACE__NONE	CORE_FACTORIAL	TRUE_FALSE	AA	V9_SPACE		 	candle	or	basket	candle or basket	NONE		 candle or basket	3	[" candle", " or", " basket"]	[26839, 393, 7988]	2	1	3	 basket	-0.005528	1.777414	1.782941	2659	2.761335	-0.983922	1.777414	3	 basket	1888	3.378142	-1.600728	1888	0	3.378142	0.616807	1	CC	arbitrary first × arbitrary second	
ENDPOINT_CONTROL__TRUE_FALSE__FULL_FRAME__V9_SPACE__NONE	ENDPOINT_CONTROL	TRUE_FALSE	FULL_FRAME	V9_SPACE		 	true	or	false	true or false	NONE		 true or false	3	[" true", " or", " false"]	[2081, 393, 3991]	2	1	3	 false	-0.0071	3.912809	3.91991	2659	3.472676	0.440133	3.912809	3	 false	2659	3.472676	0.440133	541	1	3.912809	0.440133	1	FULL_FRAME		
ENDPOINT_CONTROL__TRUE_FALSE__SECOND_ONLY__V9_SPACE__NONE	ENDPOINT_CONTROL	TRUE_FALSE	SECOND_ONLY	V9_SPACE		 			false	false	NONE		 false	1	[" false"]	[3991]	0	1	1	 false	-0.000102	-0.142773	-0.142671	464	3.324286	-3.467058	-0.000102	0	<BOS>	464	3.324286	-3.324387	464	0	3.324286	0.134299	0	FULL_FRAME		
ENDPOINT_CONTROL__TRUE_FALSE__CONNECTOR_SECOND__V9_SPACE__NONE	ENDPOINT_CONTROL	TRUE_FALSE	CONNECTOR_SECOND	V9_SPACE		 		or	false	or false	NONE		 or false	2	[" or", " false"]	[393, 3991]	1	1	2	 false	-0.00657	0.026467	0.033037	1888	2.375688	-2.34922	0.026467	2	 false	1790	2.665017	-2.63855	1790	0	2.665017	0.01047	1	FULL_FRAME		
ENDPOINT_CONTROL__TRUE_FALSE__FIRST_SECOND__V9_SPACE__NONE	ENDPOINT_CONTROL	TRUE_FALSE	FIRST_SECOND	V9_SPACE		 	true		false	true false	NONE		 true false	2	[" true", " false"]	[2081, 3991]	1	1	2	 false	-0.106153	-0.163559	-0.057406	1888	1.950455	-2.114014	-0.000102	0	<BOS>	1888	3.01799	-3.018092	1888	0	3.01799	0.013369	0	FULL_FRAME		
ENDPOINT_CONTROL__TRUE_FALSE__ARBFIRST_SECOND__V9_SPACE__NONE	ENDPOINT_CONTROL	TRUE_FALSE	ARBFIRST_SECOND	V9_SPACE		 	candle		false	candle false	NONE		 candle false	2	[" candle", " false"]	[26839, 3991]	1	1	2	 false	-0.119509	-0.068776	0.050733	1790	2.346086	-2.414863	-0.000102	0	<BOS>	1888	3.378142	-3.378244	1888	0	3.378142	0.733301	0	FULL_FRAME		
ENDPOINT_CONTROL__TRUE_FALSE__FIRST_REPEAT__V9_SPACE__NONE	ENDPOINT_CONTROL	TRUE_FALSE	FIRST_REPEAT	V9_SPACE		 	true		true	true true	NONE		 true true	2	[" true", " true"]	[2081, 2081]	1	1	2	 true	-0.106153	-0.161389	-0.055237	230	3.147421	-3.30881	-0.000102	0	<BOS>	230	3.147421	-3.147523	230	0	3.147421	0.129431	0	FULL_FRAME		
ENDPOINT_CONTROL__TRUE_FALSE__REVERSED__V9_SPACE__NONE	ENDPOINT_CONTROL	TRUE_FALSE	REVERSED	V9_SPACE		 	false	or	true	false or true	NONE		 false or true	3	[" false", " or", " true"]	[3991, 393, 2081]	2	1	3	 true	-0.005928	2.678408	2.684336	2659	2.803934	-0.125526	2.678408	3	 true	464	3.324286	-0.645877	464	0	3.324286	0.134299	1	FULL_FRAME		
CORE_FACTORIAL__TRUE_FALSE__CC__THE_PHRASE__NONE	CORE_FACTORIAL	TRUE_FALSE	CC	THE_PHRASE	the phrase 		true	or	false	true or false	NONE		the phrase true or false	5	["the", " phrase", " true", " or", " false"]	[1169, 9546, 2081, 393, 3991]	4	1	5	 false	-0.000885	3.946006	3.946892	2659	3.864766	0.08124	3.946006	5	 false	2659	3.864766	0.08124	541	1	3.946006	0.08124	1	CC	canonical first × canonical second	
CORE_FACTORIAL__TRUE_FALSE__CA__THE_PHRASE__NONE	CORE_FACTORIAL	TRUE_FALSE	CA	THE_PHRASE	the phrase 		true	or	basket	true or basket	NONE		the phrase true or basket	5	["the", " phrase", " true", " or", " basket"]	[1169, 9546, 2081, 393, 7988]	4	1	5	 basket	-0.000885	-0.066838	-0.065953	1888	2.703739	-2.770577	-0.000102	0	<BOS>	2073	3.233148	-3.23325	2073	0	3.233148	0.489397	0	CC	canonical first × arbitrary second	
CORE_FACTORIAL__TRUE_FALSE__AC__THE_PHRASE__NONE	CORE_FACTORIAL	TRUE_FALSE	AC	THE_PHRASE	the phrase 		candle	or	false	candle or false	NONE		the phrase candle or false	5	["the", " phrase", " candle", " or", " false"]	[1169, 9546, 26839, 393, 3991]	4	1	5	 false	-0.001814	-0.092402	-0.090589	1893	1.953461	-2.045863	-0.000102	0	<BOS>	2073	3.233148	-3.23325	2073	0	3.233148	0.489397	0	CC	arbitrary first × canonical second	
CORE_FACTORIAL__TRUE_FALSE__AA__THE_PHRASE__NONE	CORE_FACTORIAL	TRUE_FALSE	AA	THE_PHRASE	the phrase 		candle	or	basket	candle or basket	NONE		the phrase candle or basket	5	["the", " phrase", " candle", " or", " basket"]	[1169, 9546, 26839, 393, 7988]	4	1	5	 basket	-0.001814	1.180913	1.182726	2659	2.252049	-1.071136	1.180913	5	 basket	2073	3.233148	-2.052235	2073	0	3.233148	0.489397	1	CC	arbitrary first × arbitrary second	
ENDPOINT_CONTROL__TRUE_FALSE__FULL_FRAME__THE_PHRASE__NONE	ENDPOINT_CONTROL	TRUE_FALSE	FULL_FRAME	THE_PHRASE	the phrase 		true	or	false	true or false	NONE		the phrase true or false	5	["the", " phrase", " true", " or", " false"]	[1169, 9546, 2081, 393, 3991]	4	1	5	 false	-0.000885	3.946006	3.946892	2659	3.864766	0.08124	3.946006	5	 false	2659	3.864766	0.08124	541	1	3.946006	0.08124	1	FULL_FRAME		
ENDPOINT_CONTROL__TRUE_FALSE__SECOND_ONLY__THE_PHRASE__NONE	ENDPOINT_CONTROL	TRUE_FALSE	SECOND_ONLY	THE_PHRASE	the phrase 				false	false	NONE		the phrase false	3	["the", " phrase", " false"]	[1169, 9546, 3991]	2	1	3	 false	-0.055584	-0.062598	-0.007014	143	1.568334	-1.630932	-0.000102	0	<BOS>	2073	3.233148	-3.23325	2073	0	3.233148	0.489397	0	FULL_FRAME		
ENDPOINT_CONTROL__TRUE_FALSE__CONNECTOR_SECOND__THE_PHRASE__NONE	ENDPOINT_CONTROL	TRUE_FALSE	CONNECTOR_SECOND	THE_PHRASE	the phrase 			or	false	or false	NONE		the phrase or false	4	["the", " phrase", " or", " false"]	[1169, 9546, 393, 3991]	3	1	4	 false	-0.012258	0.084631	0.096889	638	1.732095	-1.647464	0.084631	4	 false	2073	3.233148	-3.148517	2073	0	3.233148	0.489397	1	FULL_FRAME		
ENDPOINT_CONTROL__TRUE_FALSE__FIRST_SECOND__THE_PHRASE__NONE	ENDPOINT_CONTROL	TRUE_FALSE	FIRST_SECOND	THE_PHRASE	the phrase 		true		false	true false	NONE		the phrase true false	4	["the", " phrase", " true", " false"]	[1169, 9546, 2081, 3991]	3	1	4	 false	-0.017458	-0.169703	-0.152245	143	1.389805	-1.559507	-0.000102	0	<BOS>	2073	3.233148	-3.23325	2073	0	3.233148	0.489397	0	FULL_FRAME		
ENDPOINT_CONTROL__TRUE_FALSE__ARBFIRST_SECOND__THE_PHRASE__NONE	ENDPOINT_CONTROL	TRUE_FALSE	ARBFIRST_SECOND	THE_PHRASE	the phrase 		candle		false	candle false	NONE		the phrase candle false	4	["the", " phrase", " candle", " false"]	[1169, 9546, 26839, 3991]	3	1	4	 false	-0.085041	-0.107972	-0.022931	1790	2.002932	-2.110903	-0.000102	0	<BOS>	2073	3.233148	-3.23325	2073	0	3.233148	0.489397	0	FULL_FRAME		
ENDPOINT_CONTROL__TRUE_FALSE__FIRST_REPEAT__THE_PHRASE__NONE	ENDPOINT_CONTROL	TRUE_FALSE	FIRST_REPEAT	THE_PHRASE	the phrase 		true		true	true true	NONE		the phrase true true	4	["the", " phrase", " true", " true"]	[1169, 9546, 2081, 2081]	3	1	4	 true	-0.017458	-0.167799	-0.150341	1691	1.784137	-1.951936	-0.000102	0	<BOS>	2073	3.233148	-3.23325	2073	0	3.233148	0.489397	0	FULL_FRAME		
ENDPOINT_CONTROL__TRUE_FALSE__REVERSED__THE_PHRASE__NONE	ENDPOINT_CONTROL	TRUE_FALSE	REVERSED	THE_PHRASE	the phrase 		false	or	true	false or true	NONE		the phrase false or true	5	["the", " phrase", " false", " or", " true"]	[1169, 9546, 3991, 393, 2081]	4	1	5	 true	-0.000979	2.682256	2.683236	2659	3.230027	-0.547771	2.682256	5	 true	2073	3.233148	-0.550892	2073	0	3.233148	0.003121	1	FULL_FRAME		
CORE_FACTORIAL__TRUE_FALSE__CC__THEY_SAID__NONE	CORE_FACTORIAL	TRUE_FALSE	CC	THEY_SAID	they said 		true	or	false	true or false	NONE		they said true or false	5	["they", " said", " true", " or", " false"]	[9930, 531, 2081, 393, 3991]	4	1	5	 false	-0.001182	3.831132	3.832314	2659	4.062724	-0.231591	3.831132	5	 false	2659	4.062724	-0.231591	2659	0	4.062724	0.231591	1	CC	canonical first × canonical second	
CORE_FACTORIAL__TRUE_FALSE__CA__THEY_SAID__NONE	CORE_FACTORIAL	TRUE_FALSE	CA	THEY_SAID	they said 		true	or	basket	true or basket	NONE		they said true or basket	5	["they", " said", " true", " or", " basket"]	[9930, 531, 2081, 393, 7988]	4	1	5	 basket	-0.001182	-0.140468	-0.139286	1888	2.986939	-3.127407	-0.000102	0	<BOS>	1888	2.986939	-2.987041	1888	0	2.986939	0.626069	0	CC	canonical first × arbitrary second	
CORE_FACTORIAL__TRUE_FALSE__AC__THEY_SAID__NONE	CORE_FACTORIAL	TRUE_FALSE	AC	THEY_SAID	they said 		candle	or	false	candle or false	NONE		they said candle or false	5	["they", " said", " candle", " or", " false"]	[9930, 531, 26839, 393, 3991]	4	1	5	 false	-0.00055	-0.042436	-0.041886	1888	1.872545	-1.914981	-0.000102	0	<BOS>	1888	2.44452	-2.444621	1888	0	2.44452	0.08365	0	CC	arbitrary first × canonical second	
CORE_FACTORIAL__TRUE_FALSE__AA__THEY_SAID__NONE	CORE_FACTORIAL	TRUE_FALSE	AA	THEY_SAID	they said 		candle	or	basket	candle or basket	NONE		they said candle or basket	5	["they", " said", " candle", " or", " basket"]	[9930, 531, 26839, 393, 7988]	4	1	5	 basket	-0.00055	1.416547	1.417097	2659	2.487223	-1.070676	1.416547	5	 basket	2659	2.487223	-1.070676	2659	0	2.487223	0.042704	1	CC	arbitrary first × arbitrary second	
ENDPOINT_CONTROL__TRUE_FALSE__FULL_FRAME__THEY_SAID__NONE	ENDPOINT_CONTROL	TRUE_FALSE	FULL_FRAME	THEY_SAID	they said 		true	or	false	true or false	NONE		they said true or false	5	["they", " said", " true", " or", " false"]	[9930, 531, 2081, 393, 3991]	4	1	5	 false	-0.001182	3.831132	3.832314	2659	4.062724	-0.231591	3.831132	5	 false	2659	4.062724	-0.231591	2659	0	4.062724	0.231591	1	FULL_FRAME		
ENDPOINT_CONTROL__TRUE_FALSE__SECOND_ONLY__THEY_SAID__NONE	ENDPOINT_CONTROL	TRUE_FALSE	SECOND_ONLY	THEY_SAID	they said 				false	false	NONE		they said false	3	["they", " said", " false"]	[9930, 531, 3991]	2	1	3	 false	-0.03838	-0.068611	-0.030232	1512	1.833151	-1.901762	-0.000102	0	<BOS>	2256	2.36087	-2.360972	2256	0	2.36087	0.053377	0	FULL_FRAME		
ENDPOINT_CONTROL__TRUE_FALSE__CONNECTOR_SECOND__THEY_SAID__NONE	ENDPOINT_CONTROL	TRUE_FALSE	CONNECTOR_SECOND	THEY_SAID	they said 			or	false	or false	NONE		they said or false	4	["they", " said", " or", " false"]	[9930, 531, 393, 3991]	3	1	4	 false	-0.001726	0.213709	0.215435	2659	2.011026	-1.797317	0.213709	4	 false	2256	2.36087	-2.147161	2256	0	2.36087	0.053377	1	FULL_FRAME		
ENDPOINT_CONTROL__TRUE_FALSE__FIRST_SECOND__THEY_SAID__NONE	ENDPOINT_CONTROL	TRUE_FALSE	FIRST_SECOND	THEY_SAID	they said 		true		false	true false	NONE		they said true false	4	["they", " said", " true", " false"]	[9930, 531, 2081, 3991]	3	1	4	 false	-0.052544	-0.148874	-0.09633	1888	1.563964	-1.712839	-0.000102	0	<BOS>	2256	2.36087	-2.360972	2256	0	2.36087	0.053377	0	FULL_FRAME		
ENDPOINT_CONTROL__TRUE_FALSE__ARBFIRST_SECOND__THEY_SAID__NONE	ENDPOINT_CONTROL	TRUE_FALSE	ARBFIRST_SECOND	THEY_SAID	they said 		candle		false	candle false	NONE		they said candle false	4	["they", " said", " candle", " false"]	[9930, 531, 26839, 3991]	3	1	4	 false	-0.077955	-0.046495	0.03146	1790	2.035244	-2.081739	-0.000102	0	<BOS>	1888	2.44452	-2.444621	1888	0	2.44452	0.08365	0	FULL_FRAME		
ENDPOINT_CONTROL__TRUE_FALSE__FIRST_REPEAT__THEY_SAID__NONE	ENDPOINT_CONTROL	TRUE_FALSE	FIRST_REPEAT	THEY_SAID	they said 		true		true	true true	NONE		they said true true	4	["they", " said", " true", " true"]	[9930, 531, 2081, 2081]	3	1	4	 true	-0.052544	-0.168553	-0.116009	1691	2.745132	-2.913685	-0.000102	0	<BOS>	1691	2.745132	-2.745234	1691	0	2.745132	0.384263	0	FULL_FRAME		
ENDPOINT_CONTROL__TRUE_FALSE__REVERSED__THEY_SAID__NONE	ENDPOINT_CONTROL	TRUE_FALSE	REVERSED	THEY_SAID	they said 		false	or	true	false or true	NONE		they said false or true	5	["they", " said", " false", " or", " true"]	[9930, 531, 3991, 393, 2081]	4	1	5	 true	-0.000494	2.553221	2.553715	2659	3.562222	-1.009	2.553221	5	 true	2659	3.562222	-1.009	2659	0	3.562222	1.009	1	FULL_FRAME		
CORE_FACTORIAL__EAST_WEST__CC__BARE__NONE	CORE_FACTORIAL	EAST_WEST	CC	BARE			east	and	west	east and west	NONE		east and west	3	["east", " and", " west"]	[23316, 290, 7421]	2	1	3	 west	-0.014109	4.337458	4.351567	2659	4.051827	0.28563	4.337458	3	 west	2659	4.051827	0.28563	541	1	4.337458	0.28563	1	CC	canonical first × canonical second	
CORE_FACTORIAL__EAST_WEST__CA__BARE__NONE	CORE_FACTORIAL	EAST_WEST	CA	BARE			east	and	pencil	east and pencil	NONE		east and pencil	3	["east", " and", " pencil"]	[23316, 290, 21613]	2	1	3	 pencil	-0.014109	-0.135242	-0.121133	1888	3.18122	-3.316462	-0.000102	0	<BOS>	1888	3.18122	-3.181321	1888	0	3.18122	0.82035	0	CC	canonical first × arbitrary second	
CORE_FACTORIAL__EAST_WEST__AC__BARE__NONE	CORE_FACTORIAL	EAST_WEST	AC	BARE			pocket	and	west	pocket and west	NONE		pocket and west	3	["pocket", " and", " west"]	[31991, 290, 7421]	2	1	3	 west	-0.029799	-0.164927	-0.135128	1888	2.187552	-2.352479	-0.000102	0	<BOS>	1888	3.030147	-3.030248	1888	0	3.030147	0.362148	0	CC	arbitrary first × canonical second	
CORE_FACTORIAL__EAST_WEST__AA__BARE__NONE	CORE_FACTORIAL	EAST_WEST	AA	BARE			pocket	and	pencil	pocket and pencil	NONE		pocket and pencil	3	["pocket", " and", " pencil"]	[31991, 290, 21613]	2	1	3	 pencil	-0.029799	1.173547	1.203346	2659	2.921088	-1.747541	1.173547	3	 pencil	1888	3.030147	-1.8566	1888	0	3.030147	0.109059	1	CC	arbitrary first × arbitrary second	
ENDPOINT_CONTROL__EAST_WEST__FULL_FRAME__BARE__NONE	ENDPOINT_CONTROL	EAST_WEST	FULL_FRAME	BARE			east	and	west	east and west	NONE		east and west	3	["east", " and", " west"]	[23316, 290, 7421]	2	1	3	 west	-0.014109	4.337458	4.351567	2659	4.051827	0.28563	4.337458	3	 west	2659	4.051827	0.28563	541	1	4.337458	0.28563	1	FULL_FRAME		
ENDPOINT_CONTROL__EAST_WEST__SECOND_ONLY__BARE__NONE	ENDPOINT_CONTROL	EAST_WEST	SECOND_ONLY	BARE					west	west	NONE		west	1	["west"]	[7038]	0	1	1	west	-0.000102	-0.057613	-0.057511	1888	2.892102	-2.949715	-0.000102	0	<BOS>	1888	2.892102	-2.892204	1888	0	2.892102	0.44766	0	FULL_FRAME		
ENDPOINT_CONTROL__EAST_WEST__CONNECTOR_SECOND__BARE__NONE	ENDPOINT_CONTROL	EAST_WEST	CONNECTOR_SECOND	BARE				and	west	and west	NONE		and west	2	["and", " west"]	[392, 7421]	1	1	2	 west	-0.026548	-0.169688	-0.14314	1790	2.172896	-2.342584	-0.000102	0	<BOS>	1790	2.485383	-2.485485	1790	0	2.485383	0.124513	0	FULL_FRAME		
ENDPOINT_CONTROL__EAST_WEST__FIRST_SECOND__BARE__NONE	ENDPOINT_CONTROL	EAST_WEST	FIRST_SECOND	BARE			east		west	east west	NONE		east west	2	["east", " west"]	[23316, 7421]	1	1	2	 west	-0.030302	0.074677	0.10498	281	1.970525	-1.895848	0.074677	2	 west	1888	2.726688	-2.652011	1888	0	2.726688	0.365819	1	FULL_FRAME		
ENDPOINT_CONTROL__EAST_WEST__ARBFIRST_SECOND__BARE__NONE	ENDPOINT_CONTROL	EAST_WEST	ARBFIRST_SECOND	BARE			pocket		west	pocket west	NONE		pocket west	2	["pocket", " west"]	[31991, 7421]	1	1	2	 west	-0.053415	-0.046594	0.006821	1790	2.138973	-2.185567	-0.000102	0	<BOS>	1888	3.030147	-3.030248	1888	0	3.030147	0.362148	0	FULL_FRAME		
ENDPOINT_CONTROL__EAST_WEST__FIRST_REPEAT__BARE__NONE	ENDPOINT_CONTROL	EAST_WEST	FIRST_REPEAT	BARE			east		east	east east	NONE		east east	2	["east", " east"]	[23316, 7627]	1	1	2	 east	-0.030302	-0.168575	-0.138273	281	1.966451	-2.135026	-0.000102	0	<BOS>	1888	2.726688	-2.72679	1888	0	2.726688	0.365819	0	FULL_FRAME		
ENDPOINT_CONTROL__EAST_WEST__REVERSED__BARE__NONE	ENDPOINT_CONTROL	EAST_WEST	REVERSED	BARE			west	and	east	west and east	NONE		west and east	3	["west", " and", " east"]	[7038, 290, 7627]	2	1	3	 east	-0.033483	4.06376	4.097243	2659	3.896324	0.167435	4.06376	3	 east	2659	3.896324	0.167435	541	1	4.06376	0.167435	1	FULL_FRAME		
CORE_FACTORIAL__EAST_WEST__CC__V9_SPACE__NONE	CORE_FACTORIAL	EAST_WEST	CC	V9_SPACE		 	east	and	west	east and west	NONE		 east and west	3	[" east", " and", " west"]	[7627, 290, 7421]	2	1	3	 west	-0.007052	4.19714	4.204192	2659	3.803179	0.39396	4.19714	3	 west	2659	3.803179	0.39396	541	1	4.19714	0.39396	1	CC	canonical first × canonical second	
CORE_FACTORIAL__EAST_WEST__CA__V9_SPACE__NONE	CORE_FACTORIAL	EAST_WEST	CA	V9_SPACE		 	east	and	pencil	east and pencil	NONE		 east and pencil	3	[" east", " and", " pencil"]	[7627, 290, 21613]	2	1	3	 pencil	-0.007052	-0.160116	-0.153064	1888	3.34083	-3.500945	-0.000102	0	<BOS>	1888	3.34083	-3.340932	1888	0	3.34083	0.895718	0	CC	canonical first × arbitrary second	
CORE_FACTORIAL__EAST_WEST__AC__V9_SPACE__NONE	CORE_FACTORIAL	EAST_WEST	AC	V9_SPACE		 	pocket	and	west	pocket and west	NONE		 pocket and west	3	[" pocket", " and", " west"]	[10000, 290, 7421]	2	1	3	 west	-0.016918	-0.131264	-0.114346	1888	2.10077	-2.232034	-0.000102	0	<BOS>	1888	3.473331	-3.473433	1888	0	3.473331	0.277085	0	CC	arbitrary first × canonical second	
CORE_FACTORIAL__EAST_WEST__AA__V9_SPACE__NONE	CORE_FACTORIAL	EAST_WEST	AA	V9_SPACE		 	pocket	and	pencil	pocket and pencil	NONE		 pocket and pencil	3	[" pocket", " and", " pencil"]	[10000, 290, 21613]	2	1	3	 pencil	-0.016918	0.951743	0.968661	2659	2.592633	-1.64089	0.951743	3	 pencil	1888	3.473331	-2.521587	1888	0	3.473331	0.277085	1	CC	arbitrary first × arbitrary second	
ENDPOINT_CONTROL__EAST_WEST__FULL_FRAME__V9_SPACE__NONE	ENDPOINT_CONTROL	EAST_WEST	FULL_FRAME	V9_SPACE		 	east	and	west	east and west	NONE		 east and west	3	[" east", " and", " west"]	[7627, 290, 7421]	2	1	3	 west	-0.007052	4.19714	4.204192	2659	3.803179	0.39396	4.19714	3	 west	2659	3.803179	0.39396	541	1	4.19714	0.39396	1	FULL_FRAME		
ENDPOINT_CONTROL__EAST_WEST__SECOND_ONLY__V9_SPACE__NONE	ENDPOINT_CONTROL	EAST_WEST	SECOND_ONLY	V9_SPACE		 			west	west	NONE		 west	1	[" west"]	[7421]	0	1	1	 west	-0.000102	-0.057933	-0.057831	1888	3.104897	-3.16283	-0.000102	0	<BOS>	1888	3.104897	-3.104999	1888	0	3.104897	0.425841	0	FULL_FRAME		
ENDPOINT_CONTROL__EAST_WEST__CONNECTOR_SECOND__V9_SPACE__NONE	ENDPOINT_CONTROL	EAST_WEST	CONNECTOR_SECOND	V9_SPACE		 		and	west	and west	NONE		 and west	2	[" and", " west"]	[290, 7421]	1	1	2	 west	-0.032673	-0.141115	-0.108442	1790	2.373441	-2.514556	-0.000102	0	<BOS>	1790	2.944627	-2.944729	1790	0	2.944627	0.284401	0	FULL_FRAME		
ENDPOINT_CONTROL__EAST_WEST__FIRST_SECOND__V9_SPACE__NONE	ENDPOINT_CONTROL	EAST_WEST	FIRST_SECOND	V9_SPACE		 	east		west	east west	NONE		 east west	2	[" east", " west"]	[7627, 7421]	1	1	2	 west	-0.049065	0.472133	0.521198	2542	1.870117	-1.397984	0.472133	2	 west	1888	3.051952	-2.57982	1888	0	3.051952	0.60735	1	FULL_FRAME		
ENDPOINT_CONTROL__EAST_WEST__ARBFIRST_SECOND__V9_SPACE__NONE	ENDPOINT_CONTROL	EAST_WEST	ARBFIRST_SECOND	V9_SPACE		 	pocket		west	pocket west	NONE		 pocket west	2	[" pocket", " west"]	[10000, 7421]	1	1	2	 west	-0.064149	-0.026313	0.037836	1790	2.115275	-2.141588	-0.000102	0	<BOS>	1888	3.473331	-3.473433	1888	0	3.473331	0.277085	0	FULL_FRAME		
ENDPOINT_CONTROL__EAST_WEST__FIRST_REPEAT__V9_SPACE__NONE	ENDPOINT_CONTROL	EAST_WEST	FIRST_REPEAT	V9_SPACE		 	east		east	east east	NONE		 east east	2	[" east", " east"]	[7627, 7627]	1	1	2	 east	-0.049065	-0.118888	-0.069823	1691	2.303815	-2.422703	-0.000102	0	<BOS>	1888	3.051952	-3.052054	1888	0	3.051952	0.60735	0	FULL_FRAME		
ENDPOINT_CONTROL__EAST_WEST__REVERSED__V9_SPACE__NONE	ENDPOINT_CONTROL	EAST_WEST	REVERSED	V9_SPACE		 	west	and	east	west and east	NONE		 west and east	3	[" west", " and", " east"]	[7421, 290, 7627]	2	1	3	 east	-0.012283	3.935368	3.947651	2659	3.899071	0.036297	3.935368	3	 east	2659	3.899071	0.036297	541	1	3.935368	0.036297	1	FULL_FRAME		
CORE_FACTORIAL__EAST_WEST__CC__THE_PHRASE__NONE	CORE_FACTORIAL	EAST_WEST	CC	THE_PHRASE	the phrase 		east	and	west	east and west	NONE		the phrase east and west	5	["the", " phrase", " east", " and", " west"]	[1169, 9546, 7627, 290, 7421]	4	1	5	 west	-0.020724	4.544095	4.564819	2659	4.44609	0.098005	4.544095	5	 west	2659	4.44609	0.098005	541	1	4.544095	0.098005	1	CC	canonical first × canonical second	
CORE_FACTORIAL__EAST_WEST__CA__THE_PHRASE__NONE	CORE_FACTORIAL	EAST_WEST	CA	THE_PHRASE	the phrase 		east	and	pencil	east and pencil	NONE		the phrase east and pencil	5	["the", " phrase", " east", " and", " pencil"]	[1169, 9546, 7627, 290, 21613]	4	1	5	 pencil	-0.020724	0.001134	0.021858	1888	3.071947	-3.070813	0.001134	5	 pencil	2073	3.233148	-3.232014	2073	0	3.233148	0.161201	1	CC	canonical first × arbitrary second	
CORE_FACTORIAL__EAST_WEST__AC__THE_PHRASE__NONE	CORE_FACTORIAL	EAST_WEST	AC	THE_PHRASE	the phrase 		pocket	and	west	pocket and west	NONE		the phrase pocket and west	5	["the", " phrase", " pocket", " and", " west"]	[1169, 9546, 10000, 290, 7421]	4	1	5	 west	-0.013591	-0.140073	-0.126481	1888	1.778047	-1.918119	-0.000102	0	<BOS>	2073	3.233148	-3.23325	2073	0	3.233148	0.489397	0	CC	arbitrary first × canonical second	
CORE_FACTORIAL__EAST_WEST__AA__THE_PHRASE__NONE	CORE_FACTORIAL	EAST_WEST	AA	THE_PHRASE	the phrase 		pocket	and	pencil	pocket and pencil	NONE		the phrase pocket and pencil	5	["the", " phrase", " pocket", " and", " pencil"]	[1169, 9546, 10000, 290, 21613]	4	1	5	 pencil	-0.013591	0.948153	0.961744	2659	2.538273	-1.590119	0.948153	5	 pencil	2073	3.233148	-2.284995	2073	0	3.233148	0.489397	1	CC	arbitrary first × arbitrary second	
ENDPOINT_CONTROL__EAST_WEST__FULL_FRAME__THE_PHRASE__NONE	ENDPOINT_CONTROL	EAST_WEST	FULL_FRAME	THE_PHRASE	the phrase 		east	and	west	east and west	NONE		the phrase east and west	5	["the", " phrase", " east", " and", " west"]	[1169, 9546, 7627, 290, 7421]	4	1	5	 west	-0.020724	4.544095	4.564819	2659	4.44609	0.098005	4.544095	5	 west	2659	4.44609	0.098005	541	1	4.544095	0.098005	1	FULL_FRAME		
ENDPOINT_CONTROL__EAST_WEST__SECOND_ONLY__THE_PHRASE__NONE	ENDPOINT_CONTROL	EAST_WEST	SECOND_ONLY	THE_PHRASE	the phrase 				west	west	NONE		the phrase west	3	["the", " phrase", " west"]	[1169, 9546, 7421]	2	1	3	 west	-0.055584	-0.008828	0.046756	281	1.721866	-1.730694	-0.000102	0	<BOS>	2073	3.233148	-3.23325	2073	0	3.233148	0.489397	0	FULL_FRAME		
ENDPOINT_CONTROL__EAST_WEST__CONNECTOR_SECOND__THE_PHRASE__NONE	ENDPOINT_CONTROL	EAST_WEST	CONNECTOR_SECOND	THE_PHRASE	the phrase 			and	west	and west	NONE		the phrase and west	4	["the", " phrase", " and", " west"]	[1169, 9546, 290, 7421]	3	1	4	 west	-0.009063	-0.02576	-0.016697	1888	2.14808	-2.17384	-0.000102	0	<BOS>	2073	3.233148	-3.23325	2073	0	3.233148	0.489397	0	FULL_FRAME		
ENDPOINT_CONTROL__EAST_WEST__FIRST_SECOND__THE_PHRASE__NONE	ENDPOINT_CONTROL	EAST_WEST	FIRST_SECOND	THE_PHRASE	the phrase 		east		west	east west	NONE		the phrase east west	4	["the", " phrase", " east", " west"]	[1169, 9546, 7627, 7421]	3	1	4	 west	-0.008622	-0.094608	-0.085985	281	1.896277	-1.990885	-0.000102	0	<BOS>	2073	3.233148	-3.23325	2073	0	3.233148	0.489397	0	FULL_FRAME		
ENDPOINT_CONTROL__EAST_WEST__ARBFIRST_SECOND__THE_PHRASE__NONE	ENDPOINT_CONTROL	EAST_WEST	ARBFIRST_SECOND	THE_PHRASE	the phrase 		pocket		west	pocket west	NONE		the phrase pocket west	4	["the", " phrase", " pocket", " west"]	[1169, 9546, 10000, 7421]	3	1	4	 west	-0.040142	-0.020245	0.019897	281	1.789055	-1.8093	-0.000102	0	<BOS>	2073	3.233148	-3.23325	2073	0	3.233148	0.489397	0	FULL_FRAME		
ENDPOINT_CONTROL__EAST_WEST__FIRST_REPEAT__THE_PHRASE__NONE	ENDPOINT_CONTROL	EAST_WEST	FIRST_REPEAT	THE_PHRASE	the phrase 		east		east	east east	NONE		the phrase east east	4	["the", " phrase", " east", " east"]	[1169, 9546, 7627, 7627]	3	1	4	 east	-0.008622	-0.163841	-0.155219	281	1.878569	-2.04241	-0.000102	0	<BOS>	2073	3.233148	-3.23325	2073	0	3.233148	0.489397	0	FULL_FRAME		
ENDPOINT_CONTROL__EAST_WEST__REVERSED__THE_PHRASE__NONE	ENDPOINT_CONTROL	EAST_WEST	REVERSED	THE_PHRASE	the phrase 		west	and	east	west and east	NONE		the phrase west and east	5	["the", " phrase", " west", " and", " east"]	[1169, 9546, 7421, 290, 7627]	4	1	5	 east	-0.019322	4.007265	4.026587	2659	4.218515	-0.21125	4.007265	5	 east	2659	4.218515	-0.21125	2659	0	4.218515	0.21125	1	FULL_FRAME		
CORE_FACTORIAL__EAST_WEST__CC__THEY_SAID__NONE	CORE_FACTORIAL	EAST_WEST	CC	THEY_SAID	they said 		east	and	west	east and west	NONE		they said east and west	5	["they", " said", " east", " and", " west"]	[9930, 531, 7627, 290, 7421]	4	1	5	 west	-0.02169	4.552059	4.57375	2659	4.244759	0.3073	4.552059	5	 west	2659	4.244759	0.3073	541	1	4.552059	0.3073	1	CC	canonical first × canonical second	
CORE_FACTORIAL__EAST_WEST__CA__THEY_SAID__NONE	CORE_FACTORIAL	EAST_WEST	CA	THEY_SAID	they said 		east	and	pencil	east and pencil	NONE		they said east and pencil	5	["they", " said", " east", " and", " pencil"]	[9930, 531, 7627, 290, 21613]	4	1	5	 pencil	-0.02169	-0.164712	-0.143022	1888	3.296857	-3.46157	-0.000102	0	<BOS>	1888	3.296857	-3.296959	1888	0	3.296857	0.845345	0	CC	canonical first × arbitrary second	
CORE_FACTORIAL__EAST_WEST__AC__THEY_SAID__NONE	CORE_FACTORIAL	EAST_WEST	AC	THEY_SAID	they said 		pocket	and	west	pocket and west	NONE		they said pocket and west	5	["they", " said", " pocket", " and", " west"]	[9930, 531, 10000, 290, 7421]	4	1	5	 west	-0.011205	-0.113127	-0.101922	638	1.755145	-1.868272	-0.000102	0	<BOS>	1888	2.713474	-2.713576	1888	0	2.713474	0.021044	0	CC	arbitrary first × canonical second	
CORE_FACTORIAL__EAST_WEST__AA__THEY_SAID__NONE	CORE_FACTORIAL	EAST_WEST	AA	THEY_SAID	they said 		pocket	and	pencil	pocket and pencil	NONE		they said pocket and pencil	5	["they", " said", " pocket", " and", " pencil"]	[9930, 531, 10000, 290, 21613]	4	1	5	 pencil	-0.011205	1.179949	1.191154	2659	2.97287	-1.792921	1.179949	5	 pencil	2659	2.97287	-1.792921	2659	0	2.97287	0.259396	1	CC	arbitrary first × arbitrary second	
ENDPOINT_CONTROL__EAST_WEST__FULL_FRAME__THEY_SAID__NONE	ENDPOINT_CONTROL	EAST_WEST	FULL_FRAME	THEY_SAID	they said 		east	and	west	east and west	NONE		they said east and west	5	["they", " said", " east", " and", " west"]	[9930, 531, 7627, 290, 7421]	4	1	5	 west	-0.02169	4.552059	4.57375	2659	4.244759	0.3073	4.552059	5	 west	2659	4.244759	0.3073	541	1	4.552059	0.3073	1	FULL_FRAME		
ENDPOINT_CONTROL__EAST_WEST__SECOND_ONLY__THEY_SAID__NONE	ENDPOINT_CONTROL	EAST_WEST	SECOND_ONLY	THEY_SAID	they said 				west	west	NONE		they said west	3	["they", " said", " west"]	[9930, 531, 7421]	2	1	3	 west	-0.03838	-0.052211	-0.013831	281	2.274859	-2.32707	-0.000102	0	<BOS>	2256	2.36087	-2.360972	2256	0	2.36087	0.053377	0	FULL_FRAME		
ENDPOINT_CONTROL__EAST_WEST__CONNECTOR_SECOND__THEY_SAID__NONE	ENDPOINT_CONTROL	EAST_WEST	CONNECTOR_SECOND	THEY_SAID	they said 			and	west	and west	NONE		they said and west	4	["they", " said", " and", " west"]	[9930, 531, 290, 7421]	3	1	4	 west	-0.025332	-0.075459	-0.050127	1888	2.016152	-2.091611	-0.000102	0	<BOS>	1953	2.592324	-2.592426	1953	0	2.592324	0.231454	0	FULL_FRAME		
ENDPOINT_CONTROL__EAST_WEST__FIRST_SECOND__THEY_SAID__NONE	ENDPOINT_CONTROL	EAST_WEST	FIRST_SECOND	THEY_SAID	they said 		east		west	east west	NONE		they said east west	4	["they", " said", " east", " west"]	[9930, 531, 7627, 7421]	3	1	4	 west	-0.041822	-0.020489	0.021332	281	2.030202	-2.050692	-0.000102	0	<BOS>	2256	2.36087	-2.360972	2256	0	2.36087	0.053377	0	FULL_FRAME		
ENDPOINT_CONTROL__EAST_WEST__ARBFIRST_SECOND__THEY_SAID__NONE	ENDPOINT_CONTROL	EAST_WEST	ARBFIRST_SECOND	THEY_SAID	they said 		pocket		west	pocket west	NONE		they said pocket west	4	["they", " said", " pocket", " west"]	[9930, 531, 10000, 7421]	3	1	4	 west	-0.05408	-0.026768	0.027312	281	1.92597	-1.952738	-0.000102	0	<BOS>	1888	2.713474	-2.713576	1888	0	2.713474	0.021044	0	FULL_FRAME		
ENDPOINT_CONTROL__EAST_WEST__FIRST_REPEAT__THEY_SAID__NONE	ENDPOINT_CONTROL	EAST_WEST	FIRST_REPEAT	THEY_SAID	they said 		east		east	east east	NONE		they said east east	4	["they", " said", " east", " east"]	[9930, 531, 7627, 7627]	3	1	4	 east	-0.041822	-0.139724	-0.097903	281	2.180915	-2.320639	-0.000102	0	<BOS>	2256	2.36087	-2.360972	2256	0	2.36087	0.053377	0	FULL_FRAME		
ENDPOINT_CONTROL__EAST_WEST__REVERSED__THEY_SAID__NONE	ENDPOINT_CONTROL	EAST_WEST	REVERSED	THEY_SAID	they said 		west	and	east	west and east	NONE		they said west and east	5	["they", " said", " west", " and", " east"]	[9930, 531, 7421, 290, 7627]	4	1	5	 east	-0.037907	4.256135	4.294042	2659	4.229227	0.026908	4.256135	5	 east	2659	4.229227	0.026908	541	1	4.256135	0.026908	1	FULL_FRAME		
CONNECTOR_MATRIX__UP_DOWN__AND__BARE__NONE	CONNECTOR_MATRIX	UP_DOWN	AND	BARE			up	and	down	up and down	NONE		up and down	3	["up", " and", " down"]	[929, 290, 866]	2	1	3	 down	-0.056431	4.121797	4.178228	2659	2.999431	1.122366	4.121797	3	 down	2659	2.999431	1.122366	541	1	4.121797	1.122366	1	AND	canonical connector	
CONNECTOR_MATRIX__UP_DOWN__OR__BARE__NONE	CONNECTOR_MATRIX	UP_DOWN	OR	BARE			up	or	down	up or down	NONE		up or down	3	["up", " or", " down"]	[929, 393, 866]	2	1	3	 down	-0.033345	3.869458	3.902803	2659	3.376154	0.493304	3.869458	3	 down	2659	3.376154	0.493304	541	1	3.869458	0.493304	1	AND	connector substitution	
CONNECTOR_MATRIX__UP_DOWN__TO__BARE__NONE	CONNECTOR_MATRIX	UP_DOWN	TO	BARE			up	to	down	up to down	NONE		up to down	3	["up", " to", " down"]	[929, 284, 866]	2	1	3	 down	-0.12449	1.744578	1.869067	1790	1.898058	-0.15348	1.744578	3	 down	62	2.944808	-1.200231	62	0	2.944808	0.091754	1	AND	connector substitution	
CONNECTOR_MATRIX__UP_DOWN__BY__BARE__NONE	CONNECTOR_MATRIX	UP_DOWN	BY	BARE			up	by	down	up by down	NONE		up by down	3	["up", " by", " down"]	[929, 416, 866]	2	1	3	 down	-0.128674	1.826102	1.954776	971	3.00791	-1.181808	1.826102	3	 down	971	3.00791	-1.181808	971	0	3.00791	0.154856	1	AND	connector substitution	
CONNECTOR_MATRIX__UP_DOWN__AFTER__BARE__NONE	CONNECTOR_MATRIX	UP_DOWN	AFTER	BARE			up	after	down	up after down	NONE		up after down	3	["up", " after", " down"]	[929, 706, 866]	2	1	3	 down	-0.156183	0.918372	1.074555	1790	1.878819	-0.960446	0.918372	3	 down	1790	2.853054	-1.934682	1790	0	2.853054	0.085895	1	AND	connector substitution	
CONNECTOR_MATRIX__UP_DOWN__AND__V9_SPACE__NONE	CONNECTOR_MATRIX	UP_DOWN	AND	V9_SPACE		 	up	and	down	up and down	NONE		 up and down	3	[" up", " and", " down"]	[510, 290, 866]	2	1	3	 down	-0.028836	4.184617	4.213452	2659	2.81232	1.372297	4.184617	3	 down	1790	3.028114	1.156503	541	1	4.184617	1.156503	1	AND	canonical connector	
CONNECTOR_MATRIX__UP_DOWN__OR__V9_SPACE__NONE	CONNECTOR_MATRIX	UP_DOWN	OR	V9_SPACE		 	up	or	down	up or down	NONE		 up or down	3	[" up", " or", " down"]	[510, 393, 866]	2	1	3	 down	-0.005372	3.857389	3.862761	2659	3.155047	0.702341	3.857389	3	 down	2659	3.155047	0.702341	541	1	3.857389	0.702341	1	AND	connector substitution	
CONNECTOR_MATRIX__UP_DOWN__TO__V9_SPACE__NONE	CONNECTOR_MATRIX	UP_DOWN	TO	V9_SPACE		 	up	to	down	up to down	NONE		 up to down	3	[" up", " to", " down"]	[510, 284, 866]	2	1	3	 down	-0.075784	2.501031	2.576815	1790	2.053544	0.447487	2.501031	3	 down	1790	3.028114	-0.527083	1790	0	3.028114	0.054771	1	AND	connector substitution	
CONNECTOR_MATRIX__UP_DOWN__BY__V9_SPACE__NONE	CONNECTOR_MATRIX	UP_DOWN	BY	V9_SPACE		 	up	by	down	up by down	NONE		 up by down	3	[" up", " by", " down"]	[510, 416, 866]	2	1	3	 down	-0.124107	2.908916	3.033023	971	3.105244	-0.196328	2.908916	3	 down	971	3.105244	-0.196328	971	0	3.105244	0.077131	1	AND	connector substitution	
CONNECTOR_MATRIX__UP_DOWN__AFTER__V9_SPACE__NONE	CONNECTOR_MATRIX	UP_DOWN	AFTER	V9_SPACE		 	up	after	down	up after down	NONE		 up after down	3	[" up", " after", " down"]	[510, 706, 866]	2	1	3	 down	-0.135689	1.24756	1.383249	1790	2.013506	-0.765946	1.24756	3	 down	1790	3.028114	-1.780554	1790	0	3.028114	0.054771	1	AND	connector substitution	
CONNECTOR_MATRIX__UP_DOWN__AND__THE_PHRASE__NONE	CONNECTOR_MATRIX	UP_DOWN	AND	THE_PHRASE	the phrase 		up	and	down	up and down	NONE		the phrase up and down	5	["the", " phrase", " up", " and", " down"]	[1169, 9546, 510, 290, 866]	4	1	5	 down	-0.027487	4.404454	4.43194	2659	3.312273	1.092181	4.404454	5	 down	2659	3.312273	1.092181	541	1	4.404454	1.092181	1	AND	canonical connector	
CONNECTOR_MATRIX__UP_DOWN__OR__THE_PHRASE__NONE	CONNECTOR_MATRIX	UP_DOWN	OR	THE_PHRASE	the phrase 		up	or	down	up or down	NONE		the phrase up or down	5	["the", " phrase", " up", " or", " down"]	[1169, 9546, 510, 393, 866]	4	1	5	 down	-0.002803	4.516512	4.519316	2659	4.213447	0.303065	4.516512	5	 down	2659	4.213447	0.303065	541	1	4.516512	0.303065	1	AND	connector substitution	
CONNECTOR_MATRIX__UP_DOWN__TO__THE_PHRASE__NONE	CONNECTOR_MATRIX	UP_DOWN	TO	THE_PHRASE	the phrase 		up	to	down	up to down	NONE		the phrase up to down	5	["the", " phrase", " up", " to", " down"]	[1169, 9546, 510, 284, 866]	4	1	5	 down	-0.057803	3.049048	3.106851	1790	1.914479	1.13457	3.049048	5	 down	2073	3.233148	-0.1841	2073	0	3.233148	0.1841	1	AND	connector substitution	
CONNECTOR_MATRIX__UP_DOWN__BY__THE_PHRASE__NONE	CONNECTOR_MATRIX	UP_DOWN	BY	THE_PHRASE	the phrase 		up	by	down	up by down	NONE		the phrase up by down	5	["the", " phrase", " up", " by", " down"]	[1169, 9546, 510, 416, 866]	4	1	5	 down	-0.061245	1.685715	1.746959	971	2.289897	-0.604183	1.685715	5	 down	2073	3.233148	-1.547434	2073	0	3.233148	0.489397	1	AND	connector substitution	
CONNECTOR_MATRIX__UP_DOWN__AFTER__THE_PHRASE__NONE	CONNECTOR_MATRIX	UP_DOWN	AFTER	THE_PHRASE	the phrase 		up	after	down	up after down	NONE		the phrase up after down	5	["the", " phrase", " up", " after", " down"]	[1169, 9546, 510, 706, 866]	4	1	5	 down	-0.090785	0.528342	0.619128	1790	2.224189	-1.695846	0.528342	5	 down	2073	3.233148	-2.704806	2073	0	3.233148	0.489397	1	AND	connector substitution	
CONNECTOR_MATRIX__UP_DOWN__AND__THEY_SAID__NONE	CONNECTOR_MATRIX	UP_DOWN	AND	THEY_SAID	they said 		up	and	down	up and down	NONE		they said up and down	5	["they", " said", " up", " and", " down"]	[9930, 531, 510, 290, 866]	4	1	5	 down	-0.03435	4.28348	4.317829	2659	2.988349	1.295131	4.28348	5	 down	2659	2.988349	1.295131	541	1	4.28348	1.295131	1	AND	canonical connector	
CONNECTOR_MATRIX__UP_DOWN__OR__THEY_SAID__NONE	CONNECTOR_MATRIX	UP_DOWN	OR	THEY_SAID	they said 		up	or	down	up or down	NONE		they said up or down	5	["they", " said", " up", " or", " down"]	[9930, 531, 510, 393, 866]	4	1	5	 down	-0.002334	4.219295	4.221629	2659	3.567698	0.651597	4.219295	5	 down	2659	3.567698	0.651597	541	1	4.219295	0.651597	1	AND	connector substitution	
CONNECTOR_MATRIX__UP_DOWN__TO__THEY_SAID__NONE	CONNECTOR_MATRIX	UP_DOWN	TO	THEY_SAID	they said 		up	to	down	up to down	NONE		they said up to down	5	["they", " said", " up", " to", " down"]	[9930, 531, 510, 284, 866]	4	1	5	 down	-0.06741	2.929415	2.996826	1790	1.845343	1.084072	2.929415	5	 down	62	2.537631	0.391784	541	1	2.929415	0.391784	1	AND	connector substitution	
CONNECTOR_MATRIX__UP_DOWN__BY__THEY_SAID__NONE	CONNECTOR_MATRIX	UP_DOWN	BY	THEY_SAID	they said 		up	by	down	up by down	NONE		they said up by down	5	["they", " said", " up", " by", " down"]	[9930, 531, 510, 416, 866]	4	1	5	 down	-0.088785	1.886899	1.975684	971	2.395483	-0.508584	1.886899	5	 down	971	2.395483	-0.508584	971	0	2.395483	0.034613	1	AND	connector substitution	
CONNECTOR_MATRIX__UP_DOWN__AFTER__THEY_SAID__NONE	CONNECTOR_MATRIX	UP_DOWN	AFTER	THEY_SAID	they said 		up	after	down	up after down	NONE		they said up after down	5	["they", " said", " up", " after", " down"]	[9930, 531, 510, 706, 866]	4	1	5	 down	-0.119948	1.22033	1.340277	1790	2.030502	-0.810172	1.22033	5	 down	2256	2.36087	-1.14054	2256	0	2.36087	0.053377	1	AND	connector substitution	
CONNECTOR_MATRIX__NOW_THEN__AND__BARE__NONE	CONNECTOR_MATRIX	NOW_THEN	AND	BARE			now	and	then	now and then	NONE		now and then	3	["now", " and", " then"]	[2197, 290, 788]	2	1	3	 then	-0.01108	3.322905	3.333985	2753	2.422944	0.899961	3.322905	3	 then	1888	2.696291	0.626614	541	1	3.322905	0.626614	1	AND	canonical connector	
CONNECTOR_MATRIX__NOW_THEN__OR__BARE__NONE	CONNECTOR_MATRIX	NOW_THEN	OR	BARE			now	or	then	now or then	NONE		now or then	3	["now", " or", " then"]	[2197, 393, 788]	2	1	3	 then	-0.00122	3.904897	3.906117	512	2.75065	1.154247	3.904897	3	 then	512	2.75065	1.154247	541	1	3.904897	1.154247	1	AND	connector substitution	
CONNECTOR_MATRIX__NOW_THEN__TO__BARE__NONE	CONNECTOR_MATRIX	NOW_THEN	TO	BARE			now	to	then	now to then	NONE		now to then	3	["now", " to", " then"]	[2197, 284, 788]	2	1	3	 then	-0.018444	1.92845	1.946894	711	2.636454	-0.708003	1.92845	3	 then	1888	2.696291	-0.767841	1888	0	2.696291	0.059837	1	AND	connector substitution	
CONNECTOR_MATRIX__NOW_THEN__BY__BARE__NONE	CONNECTOR_MATRIX	NOW_THEN	BY	BARE			now	by	then	now by then	NONE		now by then	3	["now", " by", " then"]	[2197, 416, 788]	2	1	3	 then	-0.086716	2.186624	2.273341	1997	3.452386	-1.265761	2.186624	3	 then	1997	3.452386	-1.265761	1997	0	3.452386	0.756095	1	AND	connector substitution	
CONNECTOR_MATRIX__NOW_THEN__AFTER__BARE__NONE	CONNECTOR_MATRIX	NOW_THEN	AFTER	BARE			now	after	then	now after then	NONE		now after then	3	["now", " after", " then"]	[2197, 706, 788]	2	1	3	 then	-0.104103	1.616335	1.720438	1790	2.070239	-0.453904	1.616335	3	 then	1888	2.696291	-1.079956	1888	0	2.696291	0.274908	1	AND	connector substitution	
CONNECTOR_MATRIX__NOW_THEN__AND__V9_SPACE__NONE	CONNECTOR_MATRIX	NOW_THEN	AND	V9_SPACE		 	now	and	then	now and then	NONE		 now and then	3	[" now", " and", " then"]	[783, 290, 788]	2	1	3	 then	-0.004342	3.729735	3.734077	2753	2.298114	1.431621	3.729735	3	 then	1888	3.160015	0.56972	541	1	3.729735	0.56972	1	AND	canonical connector	
CONNECTOR_MATRIX__NOW_THEN__OR__V9_SPACE__NONE	CONNECTOR_MATRIX	NOW_THEN	OR	V9_SPACE		 	now	or	then	now or then	NONE		 now or then	3	[" now", " or", " then"]	[783, 393, 788]	2	1	3	 then	-0.000188	4.508269	4.508456	512	2.647732	1.860537	4.508269	3	 then	1888	3.160015	1.348254	541	1	4.508269	1.348254	1	AND	connector substitution	
CONNECTOR_MATRIX__NOW_THEN__TO__V9_SPACE__NONE	CONNECTOR_MATRIX	NOW_THEN	TO	V9_SPACE		 	now	to	then	now to then	NONE		 now to then	3	[" now", " to", " then"]	[783, 284, 788]	2	1	3	 then	-0.017428	1.90732	1.924748	711	2.518846	-0.611527	1.90732	3	 then	1888	3.160015	-1.252695	1888	0	3.160015	0.513781	1	AND	connector substitution	
CONNECTOR_MATRIX__NOW_THEN__BY__V9_SPACE__NONE	CONNECTOR_MATRIX	NOW_THEN	BY	V9_SPACE		 	now	by	then	now by then	NONE		 now by then	3	[" now", " by", " then"]	[783, 416, 788]	2	1	3	 then	-0.087121	2.350339	2.437459	1997	3.54099	-1.190652	2.350339	3	 then	1997	3.54099	-1.190652	1997	0	3.54099	0.380975	1	AND	connector substitution	
CONNECTOR_MATRIX__NOW_THEN__AFTER__V9_SPACE__NONE	CONNECTOR_MATRIX	NOW_THEN	AFTER	V9_SPACE		 	now	after	then	now after then	NONE		 now after then	3	[" now", " after", " then"]	[783, 706, 788]	2	1	3	 then	-0.091071	1.870759	1.96183	1790	2.091711	-0.220953	1.870759	3	 then	1888	3.160015	-1.289257	1888	0	3.160015	0.513781	1	AND	connector substitution	
CONNECTOR_MATRIX__NOW_THEN__AND__THE_PHRASE__NONE	CONNECTOR_MATRIX	NOW_THEN	AND	THE_PHRASE	the phrase 		now	and	then	now and then	NONE		the phrase now and then	5	["the", " phrase", " now", " and", " then"]	[1169, 9546, 783, 290, 788]	4	1	5	 then	-0.010343	4.17143	4.181773	2753	2.295523	1.875907	4.17143	5	 then	2073	3.233148	0.938282	541	1	4.17143	0.938282	1	AND	canonical connector	
CONNECTOR_MATRIX__NOW_THEN__OR__THE_PHRASE__NONE	CONNECTOR_MATRIX	NOW_THEN	OR	THE_PHRASE	the phrase 		now	or	then	now or then	NONE		the phrase now or then	5	["the", " phrase", " now", " or", " then"]	[1169, 9546, 783, 393, 788]	4	1	5	 then	-0.000728	4.816611	4.817339	2659	2.636952	2.179659	4.816611	5	 then	2073	3.233148	1.583462	541	1	4.816611	1.583462	1	AND	connector substitution	
CONNECTOR_MATRIX__NOW_THEN__TO__THE_PHRASE__NONE	CONNECTOR_MATRIX	NOW_THEN	TO	THE_PHRASE	the phrase 		now	to	then	now to then	NONE		the phrase now to then	5	["the", " phrase", " now", " to", " then"]	[1169, 9546, 783, 284, 788]	4	1	5	 then	-0.009273	2.469789	2.479062	711	2.150709	0.31908	2.469789	5	 then	2073	3.233148	-0.763359	2073	0	3.233148	0.489397	1	AND	connector substitution	
CONNECTOR_MATRIX__NOW_THEN__BY__THE_PHRASE__NONE	CONNECTOR_MATRIX	NOW_THEN	BY	THE_PHRASE	the phrase 		now	by	then	now by then	NONE		the phrase now by then	5	["the", " phrase", " now", " by", " then"]	[1169, 9546, 783, 416, 788]	4	1	5	 then	-0.05593	2.17338	2.22931	1997	3.414285	-1.240905	2.17338	5	 then	1997	3.414285	-1.240905	1997	0	3.414285	0.181137	1	AND	connector substitution	
CONNECTOR_MATRIX__NOW_THEN__AFTER__THE_PHRASE__NONE	CONNECTOR_MATRIX	NOW_THEN	AFTER	THE_PHRASE	the phrase 		now	after	then	now after then	NONE		the phrase now after then	5	["the", " phrase", " now", " after", " then"]	[1169, 9546, 783, 706, 788]	4	1	5	 then	-0.057587	1.28834	1.345927	1790	2.270699	-0.982359	1.28834	5	 then	2073	3.233148	-1.944808	2073	0	3.233148	0.489397	1	AND	connector substitution	
CONNECTOR_MATRIX__NOW_THEN__AND__THEY_SAID__NONE	CONNECTOR_MATRIX	NOW_THEN	AND	THEY_SAID	they said 		now	and	then	now and then	NONE		they said now and then	5	["they", " said", " now", " and", " then"]	[9930, 531, 783, 290, 788]	4	1	5	 then	-0.018547	3.79453	3.813077	2753	2.46133	1.3332	3.79453	5	 then	1790	2.524054	1.270476	541	1	3.79453	1.270476	1	AND	canonical connector	
CONNECTOR_MATRIX__NOW_THEN__OR__THEY_SAID__NONE	CONNECTOR_MATRIX	NOW_THEN	OR	THEY_SAID	they said 		now	or	then	now or then	NONE		they said now or then	5	["they", " said", " now", " or", " then"]	[9930, 531, 783, 393, 788]	4	1	5	 then	-5.9e-05	5.079131	5.079189	2659	2.80687	2.27226	5.079131	5	 then	2659	2.80687	2.27226	541	1	5.079131	2.27226	1	AND	connector substitution	
CONNECTOR_MATRIX__NOW_THEN__TO__THEY_SAID__NONE	CONNECTOR_MATRIX	NOW_THEN	TO	THEY_SAID	they said 		now	to	then	now to then	NONE		they said now to then	5	["they", " said", " now", " to", " then"]	[9930, 531, 783, 284, 788]	4	1	5	 then	-0.03433	1.967003	2.001332	711	2.372952	-0.40595	1.967003	5	 then	711	2.372952	-0.40595	711	0	2.372952	0.012082	1	AND	connector substitution	
CONNECTOR_MATRIX__NOW_THEN__BY__THEY_SAID__NONE	CONNECTOR_MATRIX	NOW_THEN	BY	THEY_SAID	they said 		now	by	then	now by then	NONE		they said now by then	5	["they", " said", " now", " by", " then"]	[9930, 531, 783, 416, 788]	4	1	5	 then	-0.04229	1.344919	1.387209	1997	3.356233	-2.011314	1.344919	5	 then	1997	3.356233	-2.011314	1997	0	3.356233	0.995363	1	AND	connector substitution	
CONNECTOR_MATRIX__NOW_THEN__AFTER__THEY_SAID__NONE	CONNECTOR_MATRIX	NOW_THEN	AFTER	THEY_SAID	they said 		now	after	then	now after then	NONE		they said now after then	5	["they", " said", " now", " after", " then"]	[9930, 531, 783, 706, 788]	4	1	5	 then	-0.042805	1.273725	1.31653	1790	2.165186	-0.891461	1.273725	5	 then	2256	2.36087	-1.087145	2256	0	2.36087	0.053377	1	AND	connector substitution	
CONNECTOR_MATRIX__HERE_THERE__AND__BARE__NONE	CONNECTOR_MATRIX	HERE_THERE	AND	BARE			here	and	there	here and there	NONE		here and there	3	["here", " and", " there"]	[1456, 290, 612]	2	1	3	 there	-0.016764	4.181681	4.198445	2753	2.63077	1.55091	4.181681	3	 there	2753	2.63077	1.55091	541	1	4.181681	1.55091	1	AND	canonical connector	
CONNECTOR_MATRIX__HERE_THERE__OR__BARE__NONE	CONNECTOR_MATRIX	HERE_THERE	OR	BARE			here	or	there	here or there	NONE		here or there	3	["here", " or", " there"]	[1456, 393, 612]	2	1	3	 there	-0.001947	4.166245	4.168193	2659	3.201386	0.96486	4.166245	3	 there	2659	3.201386	0.96486	541	1	4.166245	0.96486	1	AND	connector substitution	
CONNECTOR_MATRIX__HERE_THERE__TO__BARE__NONE	CONNECTOR_MATRIX	HERE_THERE	TO	BARE			here	to	there	here to there	NONE		here to there	3	["here", " to", " there"]	[1456, 284, 612]	2	1	3	 there	-0.023422	0.991404	1.014826	429	2.462448	-1.471044	0.991404	3	 there	3017	2.584539	-1.593136	3017	0	2.584539	0.122091	1	AND	connector substitution	
CONNECTOR_MATRIX__HERE_THERE__BY__BARE__NONE	CONNECTOR_MATRIX	HERE_THERE	BY	BARE			here	by	there	here by there	NONE		here by there	3	["here", " by", " there"]	[1456, 416, 612]	2	1	3	 there	-0.124018	2.040191	2.164209	971	2.826093	-0.785902	2.040191	3	 there	971	2.826093	-0.785902	971	0	2.826093	0.241554	1	AND	connector substitution	
CONNECTOR_MATRIX__HERE_THERE__AFTER__BARE__NONE	CONNECTOR_MATRIX	HERE_THERE	AFTER	BARE			here	after	there	here after there	NONE		here after there	3	["here", " after", " there"]	[1456, 706, 612]	2	1	3	 there	-0.081684	0.25601	0.337693	170	2.6853	-2.42929	0.25601	3	 there	170	2.6853	-2.42929	170	0	2.6853	0.10076	1	AND	connector substitution	
CONNECTOR_MATRIX__HERE_THERE__AND__V9_SPACE__NONE	CONNECTOR_MATRIX	HERE_THERE	AND	V9_SPACE		 	here	and	there	here and there	NONE		 here and there	3	[" here", " and", " there"]	[994, 290, 612]	2	1	3	 there	-0.012329	3.824308	3.836637	2753	2.616261	1.208047	3.824308	3	 there	464	2.896075	0.928233	541	1	3.824308	0.928233	1	AND	canonical connector	
CONNECTOR_MATRIX__HERE_THERE__OR__V9_SPACE__NONE	CONNECTOR_MATRIX	HERE_THERE	OR	V9_SPACE		 	here	or	there	here or there	NONE		 here or there	3	[" here", " or", " there"]	[994, 393, 612]	2	1	3	 there	-0.000473	3.40923	3.409703	2363	2.626797	0.782434	3.40923	3	 there	464	2.896075	0.513155	541	1	3.40923	0.513155	1	AND	connector substitution	
CONNECTOR_MATRIX__HERE_THERE__TO__V9_SPACE__NONE	CONNECTOR_MATRIX	HERE_THERE	TO	V9_SPACE		 	here	to	there	here to there	NONE		 here to there	3	[" here", " to", " there"]	[994, 284, 612]	2	1	3	 there	-0.026009	0.844573	0.870583	107	2.362145	-1.517572	0.844573	3	 there	464	2.896075	-2.051502	464	0	2.896075	0.181245	1	AND	connector substitution	
CONNECTOR_MATRIX__HERE_THERE__BY__V9_SPACE__NONE	CONNECTOR_MATRIX	HERE_THERE	BY	V9_SPACE		 	here	by	there	here by there	NONE		 here by there	3	[" here", " by", " there"]	[994, 416, 612]	2	1	3	 there	-0.100291	1.140597	1.240889	971	2.935421	-1.794824	1.140597	3	 there	971	2.935421	-1.794824	971	0	2.935421	0.039346	1	AND	connector substitution	
CONNECTOR_MATRIX__HERE_THERE__AFTER__V9_SPACE__NONE	CONNECTOR_MATRIX	HERE_THERE	AFTER	V9_SPACE		 	here	after	there	here after there	NONE		 here after there	3	[" here", " after", " there"]	[994, 706, 612]	2	1	3	 there	-0.115225	0.701769	0.816994	170	2.564203	-1.862434	0.701769	3	 there	464	2.896075	-2.194306	464	0	2.896075	0.181245	1	AND	connector substitution	
CONNECTOR_MATRIX__HERE_THERE__AND__THE_PHRASE__NONE	CONNECTOR_MATRIX	HERE_THERE	AND	THE_PHRASE	the phrase 		here	and	there	here and there	NONE		the phrase here and there	5	["the", " phrase", " here", " and", " there"]	[1169, 9546, 994, 290, 612]	4	1	5	 there	-0.004793	4.150405	4.155198	2753	2.69537	1.455035	4.150405	5	 there	2073	3.233148	0.917257	541	1	4.150405	0.917257	1	AND	canonical connector	
CONNECTOR_MATRIX__HERE_THERE__OR__THE_PHRASE__NONE	CONNECTOR_MATRIX	HERE_THERE	OR	THE_PHRASE	the phrase 		here	or	there	here or there	NONE		the phrase here or there	5	["the", " phrase", " here", " or", " there"]	[1169, 9546, 994, 393, 612]	4	1	5	 there	-0.000398	3.525942	3.526339	2659	2.508085	1.017857	3.525942	5	 there	2073	3.233148	0.292793	541	1	3.525942	0.292793	1	AND	connector substitution	
CONNECTOR_MATRIX__HERE_THERE__TO__THE_PHRASE__NONE	CONNECTOR_MATRIX	HERE_THERE	TO	THE_PHRASE	the phrase 		here	to	there	here to there	NONE		the phrase here to there	5	["the", " phrase", " here", " to", " there"]	[1169, 9546, 994, 284, 612]	4	1	5	 there	-0.006242	0.91574	0.921981	107	2.150581	-1.234841	0.91574	5	 there	2073	3.233148	-2.317409	2073	0	3.233148	0.489397	1	AND	connector substitution	
CONNECTOR_MATRIX__HERE_THERE__BY__THE_PHRASE__NONE	CONNECTOR_MATRIX	HERE_THERE	BY	THE_PHRASE	the phrase 		here	by	there	here by there	NONE		the phrase here by there	5	["the", " phrase", " here", " by", " there"]	[1169, 9546, 994, 416, 612]	4	1	5	 there	-0.023151	0.420294	0.443444	971	2.552595	-2.132302	0.420294	5	 there	2073	3.233148	-2.812855	2073	0	3.233148	0.489397	1	AND	connector substitution	
CONNECTOR_MATRIX__HERE_THERE__AFTER__THE_PHRASE__NONE	CONNECTOR_MATRIX	HERE_THERE	AFTER	THE_PHRASE	the phrase 		here	after	there	here after there	NONE		the phrase here after there	5	["the", " phrase", " here", " after", " there"]	[1169, 9546, 994, 706, 612]	4	1	5	 there	-0.02846	-0.022834	0.005626	170	2.575281	-2.598116	-0.000102	0	<BOS>	2073	3.233148	-3.23325	2073	0	3.233148	0.489397	0	AND	connector substitution	
CONNECTOR_MATRIX__HERE_THERE__AND__THEY_SAID__NONE	CONNECTOR_MATRIX	HERE_THERE	AND	THEY_SAID	they said 		here	and	there	here and there	NONE		they said here and there	5	["they", " said", " here", " and", " there"]	[9930, 531, 994, 290, 612]	4	1	5	 there	-0.015843	4.241708	4.25755	2753	2.92857	1.313138	4.241708	5	 there	2753	2.92857	1.313138	541	1	4.241708	1.313138	1	AND	canonical connector	
CONNECTOR_MATRIX__HERE_THERE__OR__THEY_SAID__NONE	CONNECTOR_MATRIX	HERE_THERE	OR	THEY_SAID	they said 		here	or	there	here or there	NONE		they said here or there	5	["they", " said", " here", " or", " there"]	[9930, 531, 994, 393, 612]	4	1	5	 there	-5.4e-05	4.075894	4.075949	2659	3.063319	1.012575	4.075894	5	 there	2659	3.063319	1.012575	541	1	4.075894	1.012575	1	AND	connector substitution	
CONNECTOR_MATRIX__HERE_THERE__TO__THEY_SAID__NONE	CONNECTOR_MATRIX	HERE_THERE	TO	THEY_SAID	they said 		here	to	there	here to there	NONE		they said here to there	5	["they", " said", " here", " to", " there"]	[9930, 531, 994, 284, 612]	4	1	5	 there	-0.020449	1.572683	1.593132	1790	2.123492	-0.550809	1.572683	5	 there	2256	2.36087	-0.788187	2256	0	2.36087	0.053377	1	AND	connector substitution	
CONNECTOR_MATRIX__HERE_THERE__BY__THEY_SAID__NONE	CONNECTOR_MATRIX	HERE_THERE	BY	THEY_SAID	they said 		here	by	there	here by there	NONE		they said here by there	5	["they", " said", " here", " by", " there"]	[9930, 531, 994, 416, 612]	4	1	5	 there	-0.037925	1.046495	1.08442	1186	2.065493	-1.018998	1.046495	5	 there	2256	2.36087	-1.314375	2256	0	2.36087	0.053377	1	AND	connector substitution	
CONNECTOR_MATRIX__HERE_THERE__AFTER__THEY_SAID__NONE	CONNECTOR_MATRIX	HERE_THERE	AFTER	THEY_SAID	they said 		here	after	there	here after there	NONE		they said here after there	5	["they", " said", " here", " after", " there"]	[9930, 531, 994, 706, 612]	4	1	5	 there	-0.024634	0.445558	0.470191	170	2.607736	-2.162179	0.445558	5	 there	170	2.607736	-2.162179	170	0	2.607736	0.246866	1	AND	connector substitution	
CONNECTOR_MATRIX__RIGHT_LEFT__AND__BARE__NONE	CONNECTOR_MATRIX	RIGHT_LEFT	AND	BARE			right	and	left	right and left	NONE		right and left	3	["right", " and", " left"]	[3506, 290, 1364]	2	1	3	 left	-0.033633	3.454199	3.487832	2659	3.142589	0.31161	3.454199	3	 left	2659	3.142589	0.31161	541	1	3.454199	0.31161	1	AND	canonical connector	
CONNECTOR_MATRIX__RIGHT_LEFT__OR__BARE__NONE	CONNECTOR_MATRIX	RIGHT_LEFT	OR	BARE			right	or	left	right or left	NONE		right or left	3	["right", " or", " left"]	[3506, 393, 1364]	2	1	3	 left	-0.011045	4.176278	4.187322	2659	3.832575	0.343703	4.176278	3	 left	2659	3.832575	0.343703	541	1	4.176278	0.343703	1	AND	connector substitution	
CONNECTOR_MATRIX__RIGHT_LEFT__TO__BARE__NONE	CONNECTOR_MATRIX	RIGHT_LEFT	TO	BARE			right	to	left	right to left	NONE		right to left	3	["right", " to", " left"]	[3506, 284, 1364]	2	1	3	 left	-0.045445	2.638869	2.684314	429	2.870597	-0.231729	2.638869	3	 left	429	2.870597	-0.231729	429	0	2.870597	0.035432	1	AND	connector substitution	
CONNECTOR_MATRIX__RIGHT_LEFT__BY__BARE__NONE	CONNECTOR_MATRIX	RIGHT_LEFT	BY	BARE			right	by	left	right by left	NONE		right by left	3	["right", " by", " left"]	[3506, 416, 1364]	2	1	3	 left	-0.140932	2.351144	2.492076	971	2.97361	-0.622466	2.351144	3	 left	971	2.97361	-0.622466	971	0	2.97361	0.245283	1	AND	connector substitution	
CONNECTOR_MATRIX__RIGHT_LEFT__AFTER__BARE__NONE	CONNECTOR_MATRIX	RIGHT_LEFT	AFTER	BARE			right	after	left	right after left	NONE		right after left	3	["right", " after", " left"]	[3506, 706, 1364]	2	1	3	 left	-0.102582	0.070967	0.173549	776	1.924538	-1.853572	0.070967	3	 left	1888	2.727984	-2.657017	1888	0	2.727984	0.367114	1	AND	connector substitution	
CONNECTOR_MATRIX__RIGHT_LEFT__AND__V9_SPACE__NONE	CONNECTOR_MATRIX	RIGHT_LEFT	AND	V9_SPACE		 	right	and	left	right and left	NONE		 right and left	3	[" right", " and", " left"]	[826, 290, 1364]	2	1	3	 left	-0.02445	3.856177	3.880627	2659	3.379555	0.476621	3.856177	3	 left	2659	3.379555	0.476621	541	1	3.856177	0.476621	1	AND	canonical connector	
CONNECTOR_MATRIX__RIGHT_LEFT__OR__V9_SPACE__NONE	CONNECTOR_MATRIX	RIGHT_LEFT	OR	V9_SPACE		 	right	or	left	right or left	NONE		 right or left	3	[" right", " or", " left"]	[826, 393, 1364]	2	1	3	 left	-0.005909	4.278705	4.284614	2659	3.863326	0.415379	4.278705	3	 left	2659	3.863326	0.415379	541	1	4.278705	0.415379	1	AND	connector substitution	
CONNECTOR_MATRIX__RIGHT_LEFT__TO__V9_SPACE__NONE	CONNECTOR_MATRIX	RIGHT_LEFT	TO	V9_SPACE		 	right	to	left	right to left	NONE		 right to left	3	[" right", " to", " left"]	[826, 284, 1364]	2	1	3	 left	-0.063805	3.152815	3.21662	429	2.600215	0.5526	3.152815	3	 left	1888	3.113197	0.039618	541	1	3.152815	0.039618	1	AND	connector substitution	
CONNECTOR_MATRIX__RIGHT_LEFT__BY__V9_SPACE__NONE	CONNECTOR_MATRIX	RIGHT_LEFT	BY	V9_SPACE		 	right	by	left	right by left	NONE		 right by left	3	[" right", " by", " left"]	[826, 416, 1364]	2	1	3	 left	0.00131	2.985299	2.983988	971	2.869373	0.115926	2.985299	3	 left	1888	3.113197	-0.127898	1888	0	3.113197	0.127898	1	AND	connector substitution	
CONNECTOR_MATRIX__RIGHT_LEFT__AFTER__V9_SPACE__NONE	CONNECTOR_MATRIX	RIGHT_LEFT	AFTER	V9_SPACE		 	right	after	left	right after left	NONE		 right after left	3	[" right", " after", " left"]	[826, 706, 1364]	2	1	3	 left	-0.140237	0.006205	0.146442	526	1.850109	-1.843904	0.006205	3	 left	1888	3.113197	-3.106992	1888	0	3.113197	0.410401	1	AND	connector substitution	
CONNECTOR_MATRIX__RIGHT_LEFT__AND__THE_PHRASE__NONE	CONNECTOR_MATRIX	RIGHT_LEFT	AND	THE_PHRASE	the phrase 		right	and	left	right and left	NONE		the phrase right and left	5	["the", " phrase", " right", " and", " left"]	[1169, 9546, 826, 290, 1364]	4	1	5	 left	-0.018094	3.803968	3.822062	2659	3.855254	-0.051286	3.803968	5	 left	2659	3.855254	-0.051286	2659	0	3.855254	0.051286	1	AND	canonical connector	
CONNECTOR_MATRIX__RIGHT_LEFT__OR__THE_PHRASE__NONE	CONNECTOR_MATRIX	RIGHT_LEFT	OR	THE_PHRASE	the phrase 		right	or	left	right or left	NONE		the phrase right or left	5	["the", " phrase", " right", " or", " left"]	[1169, 9546, 826, 393, 1364]	4	1	5	 left	-0.002854	4.065291	4.068145	2659	4.034811	0.03048	4.065291	5	 left	2659	4.034811	0.03048	541	1	4.065291	0.03048	1	AND	connector substitution	
CONNECTOR_MATRIX__RIGHT_LEFT__TO__THE_PHRASE__NONE	CONNECTOR_MATRIX	RIGHT_LEFT	TO	THE_PHRASE	the phrase 		right	to	left	right to left	NONE		the phrase right to left	5	["the", " phrase", " right", " to", " left"]	[1169, 9546, 826, 284, 1364]	4	1	5	 left	-0.033771	2.979013	3.012784	2463	2.491859	0.487153	2.979013	5	 left	2073	3.233148	-0.254136	2073	0	3.233148	0.254136	1	AND	connector substitution	
CONNECTOR_MATRIX__RIGHT_LEFT__BY__THE_PHRASE__NONE	CONNECTOR_MATRIX	RIGHT_LEFT	BY	THE_PHRASE	the phrase 		right	by	left	right by left	NONE		the phrase right by left	5	["the", " phrase", " right", " by", " left"]	[1169, 9546, 826, 416, 1364]	4	1	5	 left	-0.145014	2.570843	2.715857	971	2.58593	-0.015087	2.570843	5	 left	2073	3.233148	-0.662305	2073	0	3.233148	0.489397	1	AND	connector substitution	
CONNECTOR_MATRIX__RIGHT_LEFT__AFTER__THE_PHRASE__NONE	CONNECTOR_MATRIX	RIGHT_LEFT	AFTER	THE_PHRASE	the phrase 		right	after	left	right after left	NONE		the phrase right after left	5	["the", " phrase", " right", " after", " left"]	[1169, 9546, 826, 706, 1364]	4	1	5	 left	-0.103415	-0.018027	0.085389	2463	1.959636	-1.977663	-0.000102	0	<BOS>	2073	3.233148	-3.23325	2073	0	3.233148	0.489397	0	AND	connector substitution	
CONNECTOR_MATRIX__RIGHT_LEFT__AND__THEY_SAID__NONE	CONNECTOR_MATRIX	RIGHT_LEFT	AND	THEY_SAID	they said 		right	and	left	right and left	NONE		they said right and left	5	["they", " said", " right", " and", " left"]	[9930, 531, 826, 290, 1364]	4	1	5	 left	-0.012031	3.704689	3.716719	2659	3.790501	-0.085812	3.704689	5	 left	2659	3.790501	-0.085812	2659	0	3.790501	0.085812	1	AND	canonical connector	
CONNECTOR_MATRIX__RIGHT_LEFT__OR__THEY_SAID__NONE	CONNECTOR_MATRIX	RIGHT_LEFT	OR	THEY_SAID	they said 		right	or	left	right or left	NONE		they said right or left	5	["they", " said", " right", " or", " left"]	[9930, 531, 826, 393, 1364]	4	1	5	 left	-0.000657	3.932039	3.932697	2659	4.153718	-0.221679	3.932039	5	 left	2659	4.153718	-0.221679	2659	0	4.153718	0.221679	1	AND	connector substitution	
CONNECTOR_MATRIX__RIGHT_LEFT__TO__THEY_SAID__NONE	CONNECTOR_MATRIX	RIGHT_LEFT	TO	THEY_SAID	they said 		right	to	left	right to left	NONE		they said right to left	5	["they", " said", " right", " to", " left"]	[9930, 531, 826, 284, 1364]	4	1	5	 left	-0.020091	2.586044	2.606134	2463	2.546443	0.0396	2.586044	5	 left	1959	2.998165	-0.412121	1959	0	2.998165	0.412121	1	AND	connector substitution	
CONNECTOR_MATRIX__RIGHT_LEFT__BY__THEY_SAID__NONE	CONNECTOR_MATRIX	RIGHT_LEFT	BY	THEY_SAID	they said 		right	by	left	right by left	NONE		they said right by left	5	["they", " said", " right", " by", " left"]	[9930, 531, 826, 416, 1364]	4	1	5	 left	-0.168761	1.201261	1.370022	2463	2.575057	-1.373796	1.201261	5	 left	1959	2.998165	-1.796904	1959	0	2.998165	0.423108	1	AND	connector substitution	
CONNECTOR_MATRIX__RIGHT_LEFT__AFTER__THEY_SAID__NONE	CONNECTOR_MATRIX	RIGHT_LEFT	AFTER	THEY_SAID	they said 		right	after	left	right after left	NONE		they said right after left	5	["they", " said", " right", " after", " left"]	[9930, 531, 826, 706, 1364]	4	1	5	 left	-0.069239	-0.14602	-0.076781	776	2.055548	-2.201568	-0.000102	0	<BOS>	1959	2.998165	-2.998267	1959	0	2.998165	0.637295	0	AND	connector substitution	
CONNECTOR_MATRIX__TRUE_FALSE__AND__BARE__NONE	CONNECTOR_MATRIX	TRUE_FALSE	AND	BARE			true	and	false	true and false	NONE		true and false	3	["true", " and", " false"]	[7942, 290, 3991]	2	1	3	 false	-0.026605	3.019145	3.04575	2659	3.25924	-0.240095	3.019145	3	 false	2659	3.25924	-0.240095	2659	0	3.25924	0.160551	1	OR	connector substitution	
CONNECTOR_MATRIX__TRUE_FALSE__OR__BARE__NONE	CONNECTOR_MATRIX	TRUE_FALSE	OR	BARE			true	or	false	true or false	NONE		true or false	3	["true", " or", " false"]	[7942, 393, 3991]	2	1	3	 false	-0.01409	3.620335	3.634425	2659	3.291609	0.328726	3.620335	3	 false	2659	3.291609	0.328726	541	1	3.620335	0.328726	1	OR	canonical connector	
CONNECTOR_MATRIX__TRUE_FALSE__TO__BARE__NONE	CONNECTOR_MATRIX	TRUE_FALSE	TO	BARE			true	to	false	true to false	NONE		true to false	3	["true", " to", " false"]	[7942, 284, 3991]	2	1	3	 false	-0.080253	2.365303	2.445556	1888	2.086268	0.279035	2.365303	3	 false	2505	3.36087	-0.995567	2505	0	3.36087	0.262182	1	OR	connector substitution	
CONNECTOR_MATRIX__TRUE_FALSE__BY__BARE__NONE	CONNECTOR_MATRIX	TRUE_FALSE	BY	BARE			true	by	false	true by false	NONE		true by false	3	["true", " by", " false"]	[7942, 416, 3991]	2	1	3	 false	-0.102147	1.437795	1.539942	971	2.146632	-0.708837	1.437795	3	 false	1888	3.098689	-1.660893	1888	0	3.098689	0.261426	1	OR	connector substitution	
CONNECTOR_MATRIX__TRUE_FALSE__AFTER__BARE__NONE	CONNECTOR_MATRIX	TRUE_FALSE	AFTER	BARE			true	after	false	true after false	NONE		true after false	3	["true", " after", " false"]	[7942, 706, 3991]	2	1	3	 false	-0.084605	1.74533	1.829935	1790	2.026127	-0.280797	1.74533	3	 false	1888	3.098689	-1.353359	1888	0	3.098689	0.261426	1	OR	connector substitution	
CONNECTOR_MATRIX__TRUE_FALSE__AND__V9_SPACE__NONE	CONNECTOR_MATRIX	TRUE_FALSE	AND	V9_SPACE		 	true	and	false	true and false	NONE		 true and false	3	[" true", " and", " false"]	[2081, 290, 3991]	2	1	3	 false	-0.01418	3.176968	3.191148	2659	3.456615	-0.279647	3.176968	3	 false	2659	3.456615	-0.279647	2659	0	3.456615	0.279647	1	OR	connector substitution	
CONNECTOR_MATRIX__TRUE_FALSE__OR__V9_SPACE__NONE	CONNECTOR_MATRIX	TRUE_FALSE	OR	V9_SPACE		 	true	or	false	true or false	NONE		 true or false	3	[" true", " or", " false"]	[2081, 393, 3991]	2	1	3	 false	-0.0071	3.912809	3.91991	2659	3.472676	0.440133	3.912809	3	 false	2659	3.472676	0.440133	541	1	3.912809	0.440133	1	OR	canonical connector	
CONNECTOR_MATRIX__TRUE_FALSE__TO__V9_SPACE__NONE	CONNECTOR_MATRIX	TRUE_FALSE	TO	V9_SPACE		 	true	to	false	true to false	NONE		 true to false	3	[" true", " to", " false"]	[2081, 284, 3991]	2	1	3	 false	-0.117678	2.042545	2.160222	1888	2.131583	-0.089038	2.042545	3	 false	2505	3.0592	-1.016655	2505	0	3.0592	0.041209	1	OR	connector substitution	
CONNECTOR_MATRIX__TRUE_FALSE__BY__V9_SPACE__NONE	CONNECTOR_MATRIX	TRUE_FALSE	BY	V9_SPACE		 	true	by	false	true by false	NONE		 true by false	3	[" true", " by", " false"]	[2081, 416, 3991]	2	1	3	 false	-0.081304	1.208777	1.290081	971	2.000279	-0.791503	1.208777	3	 false	1888	3.01799	-1.809213	1888	0	3.01799	0.013369	1	OR	connector substitution	
CONNECTOR_MATRIX__TRUE_FALSE__AFTER__V9_SPACE__NONE	CONNECTOR_MATRIX	TRUE_FALSE	AFTER	V9_SPACE		 	true	after	false	true after false	NONE		 true after false	3	[" true", " after", " false"]	[2081, 706, 3991]	2	1	3	 false	-0.067624	1.431974	1.499598	1790	2.071757	-0.639783	1.431974	3	 false	1888	3.01799	-1.586016	1888	0	3.01799	0.013369	1	OR	connector substitution	
CONNECTOR_MATRIX__TRUE_FALSE__AND__THE_PHRASE__NONE	CONNECTOR_MATRIX	TRUE_FALSE	AND	THE_PHRASE	the phrase 		true	and	false	true and false	NONE		the phrase true and false	5	["the", " phrase", " true", " and", " false"]	[1169, 9546, 2081, 290, 3991]	4	1	5	 false	-0.011208	3.255105	3.266313	2659	3.782234	-0.527129	3.255105	5	 false	2659	3.782234	-0.527129	2659	0	3.782234	0.527129	1	OR	connector substitution	
CONNECTOR_MATRIX__TRUE_FALSE__OR__THE_PHRASE__NONE	CONNECTOR_MATRIX	TRUE_FALSE	OR	THE_PHRASE	the phrase 		true	or	false	true or false	NONE		the phrase true or false	5	["the", " phrase", " true", " or", " false"]	[1169, 9546, 2081, 393, 3991]	4	1	5	 false	-0.000885	3.946006	3.946892	2659	3.864766	0.08124	3.946006	5	 false	2659	3.864766	0.08124	541	1	3.946006	0.08124	1	OR	canonical connector	
CONNECTOR_MATRIX__TRUE_FALSE__TO__THE_PHRASE__NONE	CONNECTOR_MATRIX	TRUE_FALSE	TO	THE_PHRASE	the phrase 		true	to	false	true to false	NONE		the phrase true to false	5	["the", " phrase", " true", " to", " false"]	[1169, 9546, 2081, 284, 3991]	4	1	5	 false	-0.150144	1.299313	1.449457	1790	1.87314	-0.573827	1.299313	5	 false	2073	3.233148	-1.933836	2073	0	3.233148	0.115684	1	OR	connector substitution	
CONNECTOR_MATRIX__TRUE_FALSE__BY__THE_PHRASE__NONE	CONNECTOR_MATRIX	TRUE_FALSE	BY	THE_PHRASE	the phrase 		true	by	false	true by false	NONE		the phrase true by false	5	["the", " phrase", " true", " by", " false"]	[1169, 9546, 2081, 416, 3991]	4	1	5	 false	-0.04402	0.386615	0.430636	1888	1.927735	-1.54112	0.386615	5	 false	2073	3.233148	-2.846533	2073	0	3.233148	0.489397	1	OR	connector substitution	
CONNECTOR_MATRIX__TRUE_FALSE__AFTER__THE_PHRASE__NONE	CONNECTOR_MATRIX	TRUE_FALSE	AFTER	THE_PHRASE	the phrase 		true	after	false	true after false	NONE		the phrase true after false	5	["the", " phrase", " true", " after", " false"]	[1169, 9546, 2081, 706, 3991]	4	1	5	 false	-0.047848	0.723064	0.770912	1790	1.840684	-1.117621	0.723064	5	 false	2073	3.233148	-2.510085	2073	0	3.233148	0.489397	1	OR	connector substitution	
CONNECTOR_MATRIX__TRUE_FALSE__AND__THEY_SAID__NONE	CONNECTOR_MATRIX	TRUE_FALSE	AND	THEY_SAID	they said 		true	and	false	true and false	NONE		they said true and false	5	["they", " said", " true", " and", " false"]	[9930, 531, 2081, 290, 3991]	4	1	5	 false	-0.015609	3.517012	3.532621	2659	4.498364	-0.981352	3.517012	5	 false	2659	4.498364	-0.981352	2659	0	4.498364	0.981352	1	OR	connector substitution	
CONNECTOR_MATRIX__TRUE_FALSE__OR__THEY_SAID__NONE	CONNECTOR_MATRIX	TRUE_FALSE	OR	THEY_SAID	they said 		true	or	false	true or false	NONE		they said true or false	5	["they", " said", " true", " or", " false"]	[9930, 531, 2081, 393, 3991]	4	1	5	 false	-0.001182	3.831132	3.832314	2659	4.062724	-0.231591	3.831132	5	 false	2659	4.062724	-0.231591	2659	0	4.062724	0.231591	1	OR	canonical connector	
CONNECTOR_MATRIX__TRUE_FALSE__TO__THEY_SAID__NONE	CONNECTOR_MATRIX	TRUE_FALSE	TO	THEY_SAID	they said 		true	to	false	true to false	NONE		they said true to false	5	["they", " said", " true", " to", " false"]	[9930, 531, 2081, 284, 3991]	4	1	5	 false	-0.167672	1.281175	1.448847	143	1.89942	-0.618245	1.281175	5	 false	2505	2.954139	-1.672963	2505	0	2.954139	0.079709	1	OR	connector substitution	
CONNECTOR_MATRIX__TRUE_FALSE__BY__THEY_SAID__NONE	CONNECTOR_MATRIX	TRUE_FALSE	BY	THEY_SAID	they said 		true	by	false	true by false	NONE		they said true by false	5	["they", " said", " true", " by", " false"]	[9930, 531, 2081, 416, 3991]	4	1	5	 false	-0.053924	0.1906	0.244524	143	1.908221	-1.717621	0.1906	5	 false	2256	2.36087	-2.17027	2256	0	2.36087	0.053377	1	OR	connector substitution	
CONNECTOR_MATRIX__TRUE_FALSE__AFTER__THEY_SAID__NONE	CONNECTOR_MATRIX	TRUE_FALSE	AFTER	THEY_SAID	they said 		true	after	false	true after false	NONE		they said true after false	5	["they", " said", " true", " after", " false"]	[9930, 531, 2081, 706, 3991]	4	1	5	 false	-0.042047	0.739629	0.781677	1512	1.790411	-1.050782	0.739629	5	 false	2256	2.36087	-1.621241	2256	0	2.36087	0.053377	1	OR	connector substitution	
CONNECTOR_MATRIX__EAST_WEST__AND__BARE__NONE	CONNECTOR_MATRIX	EAST_WEST	AND	BARE			east	and	west	east and west	NONE		east and west	3	["east", " and", " west"]	[23316, 290, 7421]	2	1	3	 west	-0.014109	4.337458	4.351567	2659	4.051827	0.28563	4.337458	3	 west	2659	4.051827	0.28563	541	1	4.337458	0.28563	1	AND	canonical connector	
CONNECTOR_MATRIX__EAST_WEST__OR__BARE__NONE	CONNECTOR_MATRIX	EAST_WEST	OR	BARE			east	or	west	east or west	NONE		east or west	3	["east", " or", " west"]	[23316, 393, 7421]	2	1	3	 west	-0.000282	4.398123	4.398405	2659	4.057705	0.340418	4.398123	3	 west	2659	4.057705	0.340418	541	1	4.398123	0.340418	1	AND	connector substitution	
CONNECTOR_MATRIX__EAST_WEST__TO__BARE__NONE	CONNECTOR_MATRIX	EAST_WEST	TO	BARE			east	to	west	east to west	NONE		east to west	3	["east", " to", " west"]	[23316, 284, 7421]	2	1	3	 west	-0.013882	4.147263	4.161145	2659	3.160778	0.986484	4.147263	3	 west	2659	3.160778	0.986484	541	1	4.147263	0.986484	1	AND	connector substitution	
CONNECTOR_MATRIX__EAST_WEST__BY__BARE__NONE	CONNECTOR_MATRIX	EAST_WEST	BY	BARE			east	by	west	east by west	NONE		east by west	3	["east", " by", " west"]	[23316, 416, 7421]	2	1	3	 west	-0.079978	3.212046	3.292024	971	2.564549	0.647497	3.212046	3	 west	1888	2.726688	0.485358	541	1	3.212046	0.485358	1	AND	connector substitution	
CONNECTOR_MATRIX__EAST_WEST__AFTER__BARE__NONE	CONNECTOR_MATRIX	EAST_WEST	AFTER	BARE			east	after	west	east after west	NONE		east after west	3	["east", " after", " west"]	[23316, 706, 7421]	2	1	3	 west	-0.03715	2.636047	2.673197	2496	2.684707	-0.04866	2.636047	3	 west	1888	2.726688	-0.090641	1888	0	2.726688	0.041981	1	AND	connector substitution	
CONNECTOR_MATRIX__EAST_WEST__AND__V9_SPACE__NONE	CONNECTOR_MATRIX	EAST_WEST	AND	V9_SPACE		 	east	and	west	east and west	NONE		 east and west	3	[" east", " and", " west"]	[7627, 290, 7421]	2	1	3	 west	-0.007052	4.19714	4.204192	2659	3.803179	0.39396	4.19714	3	 west	2659	3.803179	0.39396	541	1	4.19714	0.39396	1	AND	canonical connector	
CONNECTOR_MATRIX__EAST_WEST__OR__V9_SPACE__NONE	CONNECTOR_MATRIX	EAST_WEST	OR	V9_SPACE		 	east	or	west	east or west	NONE		 east or west	3	[" east", " or", " west"]	[7627, 393, 7421]	2	1	3	 west	-0.000127	4.633291	4.633418	2659	4.088675	0.544615	4.633291	3	 west	2659	4.088675	0.544615	541	1	4.633291	0.544615	1	AND	connector substitution	
CONNECTOR_MATRIX__EAST_WEST__TO__V9_SPACE__NONE	CONNECTOR_MATRIX	EAST_WEST	TO	V9_SPACE		 	east	to	west	east to west	NONE		 east to west	3	[" east", " to", " west"]	[7627, 284, 7421]	2	1	3	 west	-0.012613	4.682922	4.695536	2659	3.331731	1.351192	4.682922	3	 west	2659	3.331731	1.351192	541	1	4.682922	1.351192	1	AND	connector substitution	
CONNECTOR_MATRIX__EAST_WEST__BY__V9_SPACE__NONE	CONNECTOR_MATRIX	EAST_WEST	BY	V9_SPACE		 	east	by	west	east by west	NONE		 east by west	3	[" east", " by", " west"]	[7627, 416, 7421]	2	1	3	 west	-0.089659	3.944178	4.033838	2659	2.965905	0.978273	3.944178	3	 west	1888	3.051952	0.892226	541	1	3.944178	0.892226	1	AND	connector substitution	
CONNECTOR_MATRIX__EAST_WEST__AFTER__V9_SPACE__NONE	CONNECTOR_MATRIX	EAST_WEST	AFTER	V9_SPACE		 	east	after	west	east after west	NONE		 east after west	3	[" east", " after", " west"]	[7627, 706, 7421]	2	1	3	 west	-0.019792	3.01163	3.031422	2496	2.965687	0.045943	3.01163	3	 west	1888	3.051952	-0.040323	1888	0	3.051952	0.040323	1	AND	connector substitution	
CONNECTOR_MATRIX__EAST_WEST__AND__THE_PHRASE__NONE	CONNECTOR_MATRIX	EAST_WEST	AND	THE_PHRASE	the phrase 		east	and	west	east and west	NONE		the phrase east and west	5	["the", " phrase", " east", " and", " west"]	[1169, 9546, 7627, 290, 7421]	4	1	5	 west	-0.020724	4.544095	4.564819	2659	4.44609	0.098005	4.544095	5	 west	2659	4.44609	0.098005	541	1	4.544095	0.098005	1	AND	canonical connector	
CONNECTOR_MATRIX__EAST_WEST__OR__THE_PHRASE__NONE	CONNECTOR_MATRIX	EAST_WEST	OR	THE_PHRASE	the phrase 		east	or	west	east or west	NONE		the phrase east or west	5	["the", " phrase", " east", " or", " west"]	[1169, 9546, 7627, 393, 7421]	4	1	5	 west	-0.00026	4.202471	4.202731	2659	4.116701	0.08577	4.202471	5	 west	2659	4.116701	0.08577	541	1	4.202471	0.08577	1	AND	connector substitution	
CONNECTOR_MATRIX__EAST_WEST__TO__THE_PHRASE__NONE	CONNECTOR_MATRIX	EAST_WEST	TO	THE_PHRASE	the phrase 		east	to	west	east to west	NONE		the phrase east to west	5	["the", " phrase", " east", " to", " west"]	[1169, 9546, 7627, 284, 7421]	4	1	5	 west	-0.027222	4.042213	4.069436	2659	3.394297	0.647916	4.042213	5	 west	2659	3.394297	0.647916	541	1	4.042213	0.647916	1	AND	connector substitution	
CONNECTOR_MATRIX__EAST_WEST__BY__THE_PHRASE__NONE	CONNECTOR_MATRIX	EAST_WEST	BY	THE_PHRASE	the phrase 		east	by	west	east by west	NONE		the phrase east by west	5	["the", " phrase", " east", " by", " west"]	[1169, 9546, 7627, 416, 7421]	4	1	5	 west	-0.095706	3.150171	3.245876	2659	2.765696	0.384475	3.150171	5	 west	2073	3.233148	-0.082978	2073	0	3.233148	0.082978	1	AND	connector substitution	
CONNECTOR_MATRIX__EAST_WEST__AFTER__THE_PHRASE__NONE	CONNECTOR_MATRIX	EAST_WEST	AFTER	THE_PHRASE	the phrase 		east	after	west	east after west	NONE		the phrase east after west	5	["the", " phrase", " east", " after", " west"]	[1169, 9546, 7627, 706, 7421]	4	1	5	 west	-0.029086	1.804832	1.833918	2496	2.264401	-0.459569	1.804832	5	 west	2073	3.233148	-1.428316	2073	0	3.233148	0.489397	1	AND	connector substitution	
CONNECTOR_MATRIX__EAST_WEST__AND__THEY_SAID__NONE	CONNECTOR_MATRIX	EAST_WEST	AND	THEY_SAID	they said 		east	and	west	east and west	NONE		they said east and west	5	["they", " said", " east", " and", " west"]	[9930, 531, 7627, 290, 7421]	4	1	5	 west	-0.02169	4.552059	4.57375	2659	4.244759	0.3073	4.552059	5	 west	2659	4.244759	0.3073	541	1	4.552059	0.3073	1	AND	canonical connector	
CONNECTOR_MATRIX__EAST_WEST__OR__THEY_SAID__NONE	CONNECTOR_MATRIX	EAST_WEST	OR	THEY_SAID	they said 		east	or	west	east or west	NONE		they said east or west	5	["they", " said", " east", " or", " west"]	[9930, 531, 7627, 393, 7421]	4	1	5	 west	-6.5e-05	4.299919	4.299984	2659	4.040295	0.259624	4.299919	5	 west	2659	4.040295	0.259624	541	1	4.299919	0.259624	1	AND	connector substitution	
CONNECTOR_MATRIX__EAST_WEST__TO__THEY_SAID__NONE	CONNECTOR_MATRIX	EAST_WEST	TO	THEY_SAID	they said 		east	to	west	east to west	NONE		they said east to west	5	["they", " said", " east", " to", " west"]	[9930, 531, 7627, 284, 7421]	4	1	5	 west	-0.016695	4.742898	4.759593	2659	3.731943	1.010955	4.742898	5	 west	2659	3.731943	1.010955	541	1	4.742898	1.010955	1	AND	connector substitution	
CONNECTOR_MATRIX__EAST_WEST__BY__THEY_SAID__NONE	CONNECTOR_MATRIX	EAST_WEST	BY	THEY_SAID	they said 		east	by	west	east by west	NONE		they said east by west	5	["they", " said", " east", " by", " west"]	[9930, 531, 7627, 416, 7421]	4	1	5	 west	-0.056168	3.304029	3.360197	2659	2.73091	0.573119	3.304029	5	 west	2659	2.73091	0.573119	541	1	3.304029	0.573119	1	AND	connector substitution	
CONNECTOR_MATRIX__EAST_WEST__AFTER__THEY_SAID__NONE	CONNECTOR_MATRIX	EAST_WEST	AFTER	THEY_SAID	they said 		east	after	west	east after west	NONE		they said east after west	5	["they", " said", " east", " after", " west"]	[9930, 531, 7627, 706, 7421]	4	1	5	 west	-0.020517	2.416426	2.436944	2496	3.008599	-0.592173	2.416426	5	 west	2496	3.008599	-0.592173	2496	0	3.008599	0.592173	1	AND	connector substitution	
PAIR_PANEL__PAIR_01__CONVENTIONAL__BARE__NONE	PAIR_PANEL	PAIR_01	CONVENTIONAL	BARE			salt	and	pepper	salt and pepper	NONE		salt and pepper	4	["s", "alt", " and", " pepper"]	[82, 2501, 290, 13385]	3	1	4	 pepper	-0.039054	2.687326	2.726381	2659	3.310699	-0.623372	2.687326	4	 pepper	2659	3.310699	-0.623372	2659	0	3.310699	0.434526	1	CONVENTIONAL	held out from v9 certificate sample	SALT_PEPPER
PAIR_PANEL__PAIR_01__CONVENTIONAL__V9_SPACE__NONE	PAIR_PANEL	PAIR_01	CONVENTIONAL	V9_SPACE		 	salt	and	pepper	salt and pepper	NONE		 salt and pepper	3	[" salt", " and", " pepper"]	[8268, 290, 13385]	2	1	3	 pepper	-0.015858	2.29244	2.308299	2659	2.433798	-0.141357	2.29244	3	 pepper	1888	3.188884	-0.896444	1888	0	3.188884	0.501709	1	CONVENTIONAL	held out from v9 certificate sample	SALT_PEPPER
PAIR_PANEL__PAIR_01__CONVENTIONAL__THE_PHRASE__NONE	PAIR_PANEL	PAIR_01	CONVENTIONAL	THE_PHRASE	the phrase 		salt	and	pepper	salt and pepper	NONE		the phrase salt and pepper	5	["the", " phrase", " salt", " and", " pepper"]	[1169, 9546, 8268, 290, 13385]	4	1	5	 pepper	-0.018013	2.098263	2.116276	2659	2.377449	-0.279186	2.098263	5	 pepper	2073	3.233145	-1.134882	2073	0	3.233145	0.48939	1	CONVENTIONAL	held out from v9 certificate sample	SALT_PEPPER
PAIR_PANEL__PAIR_01__CONVENTIONAL__THEY_SAID__NONE	PAIR_PANEL	PAIR_01	CONVENTIONAL	THEY_SAID	they said 		salt	and	pepper	salt and pepper	NONE		they said salt and pepper	5	["they", " said", " salt", " and", " pepper"]	[9930, 531, 8268, 290, 13385]	4	1	5	 pepper	-0.009431	2.075993	2.085425	2659	2.641554	-0.565561	2.075993	5	 pepper	2659	2.641554	-0.565561	2659	0	2.641554	0.280684	1	CONVENTIONAL	held out from v9 certificate sample	SALT_PEPPER
PAIR_PANEL__PAIR_01__ARBITRARY__BARE__NONE	PAIR_PANEL	PAIR_01	ARBITRARY	BARE			cats	and	elephants	cats and elephants	NONE		cats and elephants	3	["cats", " and", " elephants"]	[24619, 290, 25368]	2	1	3	 elephants	-0.026408	3.072891	3.0993	2659	2.706599	0.366293	3.072891	3	 elephants	1888	2.939154	0.133738	541	1	3.072891	0.133738	1	CONVENTIONAL	predeclared non-conventional pair	CATS_ELEPHANTS
PAIR_PANEL__PAIR_01__ARBITRARY__V9_SPACE__NONE	PAIR_PANEL	PAIR_01	ARBITRARY	V9_SPACE		 	cats	and	elephants	cats and elephants	NONE		 cats and elephants	3	[" cats", " and", " elephants"]	[11875, 290, 25368]	2	1	3	 elephants	-0.017035	3.020401	3.037437	2659	2.493812	0.526589	3.020401	3	 elephants	1888	3.509619	-0.489217	1888	0	3.509619	0.489217	1	CONVENTIONAL	predeclared non-conventional pair	CATS_ELEPHANTS
PAIR_PANEL__PAIR_01__ARBITRARY__THE_PHRASE__NONE	PAIR_PANEL	PAIR_01	ARBITRARY	THE_PHRASE	the phrase 		cats	and	elephants	cats and elephants	NONE		the phrase cats and elephants	5	["the", " phrase", " cats", " and", " elephants"]	[1169, 9546, 11875, 290, 25368]	4	1	5	 elephants	-0.009585	2.658736	2.668321	2659	2.20395	0.454786	2.658736	5	 elephants	2073	3.233145	-0.574409	2073	0	3.233145	0.48939	1	CONVENTIONAL	predeclared non-conventional pair	CATS_ELEPHANTS
PAIR_PANEL__PAIR_01__ARBITRARY__THEY_SAID__NONE	PAIR_PANEL	PAIR_01	ARBITRARY	THEY_SAID	they said 		cats	and	elephants	cats and elephants	NONE		they said cats and elephants	5	["they", " said", " cats", " and", " elephants"]	[9930, 531, 11875, 290, 25368]	4	1	5	 elephants	-0.008845	2.774899	2.783743	2659	2.327989	0.446909	2.774899	5	 elephants	1888	2.458679	0.316219	541	1	2.774899	0.316219	1	CONVENTIONAL	predeclared non-conventional pair	CATS_ELEPHANTS
PAIR_PANEL__PAIR_02__CONVENTIONAL__BARE__NONE	PAIR_PANEL	PAIR_02	CONVENTIONAL	BARE			knife	and	fork	knife and fork	NONE		knife and fork	3	["knife", " and", " fork"]	[48810, 290, 15563]	2	1	3	 fork	-0.019613	2.507651	2.527264	2659	3.076179	-0.568528	2.507651	3	 fork	1888	3.095737	-0.588086	1888	0	3.095737	0.019559	1	CONVENTIONAL	held out from v9 certificate sample	KNIFE_FORK
PAIR_PANEL__PAIR_02__CONVENTIONAL__V9_SPACE__NONE	PAIR_PANEL	PAIR_02	CONVENTIONAL	V9_SPACE		 	knife	and	fork	knife and fork	NONE		 knife and fork	3	[" knife", " and", " fork"]	[9845, 290, 15563]	2	1	3	 fork	-0.016402	2.321229	2.337631	2659	2.878788	-0.557559	2.321229	3	 fork	1888	3.410397	-1.089168	1888	0	3.410397	0.531609	1	CONVENTIONAL	held out from v9 certificate sample	KNIFE_FORK
PAIR_PANEL__PAIR_02__CONVENTIONAL__THE_PHRASE__NONE	PAIR_PANEL	PAIR_02	CONVENTIONAL	THE_PHRASE	the phrase 		knife	and	fork	knife and fork	NONE		the phrase knife and fork	5	["the", " phrase", " knife", " and", " fork"]	[1169, 9546, 9845, 290, 15563]	4	1	5	 fork	-0.006673	1.968485	1.975158	2659	2.619848	-0.651363	1.968485	5	 fork	2073	3.233145	-1.26466	2073	0	3.233145	0.48939	1	CONVENTIONAL	held out from v9 certificate sample	KNIFE_FORK
PAIR_PANEL__PAIR_02__CONVENTIONAL__THEY_SAID__NONE	PAIR_PANEL	PAIR_02	CONVENTIONAL	THEY_SAID	they said 		knife	and	fork	knife and fork	NONE		they said knife and fork	5	["they", " said", " knife", " and", " fork"]	[9930, 531, 9845, 290, 15563]	4	1	5	 fork	-0.006541	2.194049	2.20059	2659	2.783928	-0.58988	2.194049	5	 fork	2659	2.783928	-0.58988	2659	0	2.783928	0.423059	1	CONVENTIONAL	held out from v9 certificate sample	KNIFE_FORK
PAIR_PANEL__PAIR_02__ARBITRARY__BARE__NONE	PAIR_PANEL	PAIR_02	ARBITRARY	BARE			bread	and	gravel	bread and gravel	NONE		bread and gravel	3	["bread", " and", " gravel"]	[29573, 290, 34375]	2	1	3	 gravel	-0.013846	1.578629	1.592475	2659	2.530119	-0.95149	1.578629	3	 gravel	1888	3.514501	-1.935872	1888	0	3.514501	0.652052	1	CONVENTIONAL	predeclared non-conventional pair	BREAD_GRAVEL
PAIR_PANEL__PAIR_02__ARBITRARY__V9_SPACE__NONE	PAIR_PANEL	PAIR_02	ARBITRARY	V9_SPACE		 	bread	and	gravel	bread and gravel	NONE		 bread and gravel	3	[" bread", " and", " gravel"]	[8509, 290, 34375]	2	1	3	 gravel	-0.00838	1.271486	1.279866	638	2.377012	-1.105526	1.271486	3	 gravel	1888	3.532317	-2.260831	1888	0	3.532317	0.977041	1	CONVENTIONAL	predeclared non-conventional pair	BREAD_GRAVEL
PAIR_PANEL__PAIR_02__ARBITRARY__THE_PHRASE__NONE	PAIR_PANEL	PAIR_02	ARBITRARY	THE_PHRASE	the phrase 		bread	and	gravel	bread and gravel	NONE		the phrase bread and gravel	5	["the", " phrase", " bread", " and", " gravel"]	[1169, 9546, 8509, 290, 34375]	4	1	5	 gravel	-0.008706	0.928807	0.937512	638	2.181752	-1.252946	0.928807	5	 gravel	2073	3.233145	-2.304338	2073	0	3.233145	0.48939	1	CONVENTIONAL	predeclared non-conventional pair	BREAD_GRAVEL
PAIR_PANEL__PAIR_02__ARBITRARY__THEY_SAID__NONE	PAIR_PANEL	PAIR_02	ARBITRARY	THEY_SAID	they said 		bread	and	gravel	bread and gravel	NONE		they said bread and gravel	5	["they", " said", " bread", " and", " gravel"]	[9930, 531, 8509, 290, 34375]	4	1	5	 gravel	-0.007143	0.826523	0.833666	638	2.234594	-1.408071	0.826523	5	 gravel	1888	2.525234	-1.698711	1888	0	2.525234	0.164365	1	CONVENTIONAL	predeclared non-conventional pair	BREAD_GRAVEL
PAIR_PANEL__PAIR_03__CONVENTIONAL__BARE__NONE	PAIR_PANEL	PAIR_03	CONVENTIONAL	BARE			back	and	forth	back and forth	NONE		back and forth	3	["back", " and", " forth"]	[1891, 290, 6071]	2	1	3	 forth	-0.03859	2.668646	2.707236	1978	2.633176	0.03547	2.668646	3	 forth	1978	2.633176	0.03547	541	1	2.668646	0.03547	1	CONVENTIONAL	held out from v9 certificate sample	BACK_FORTH
PAIR_PANEL__PAIR_03__CONVENTIONAL__V9_SPACE__NONE	PAIR_PANEL	PAIR_03	CONVENTIONAL	V9_SPACE		 	back	and	forth	back and forth	NONE		 back and forth	3	[" back", " and", " forth"]	[736, 290, 6071]	2	1	3	 forth	-0.030558	2.528244	2.558801	1978	2.879902	-0.351659	2.528244	3	 forth	1888	3.252965	-0.724722	1888	0	3.252965	0.159328	1	CONVENTIONAL	held out from v9 certificate sample	BACK_FORTH
PAIR_PANEL__PAIR_03__CONVENTIONAL__THE_PHRASE__NONE	PAIR_PANEL	PAIR_03	CONVENTIONAL	THE_PHRASE	the phrase 		back	and	forth	back and forth	NONE		the phrase back and forth	5	["the", " phrase", " back", " and", " forth"]	[1169, 9546, 736, 290, 6071]	4	1	5	 forth	-0.014059	2.59188	2.605939	2659	2.631092	-0.039212	2.59188	5	 forth	2073	3.233145	-0.641265	2073	0	3.233145	0.48939	1	CONVENTIONAL	held out from v9 certificate sample	BACK_FORTH
PAIR_PANEL__PAIR_03__CONVENTIONAL__THEY_SAID__NONE	PAIR_PANEL	PAIR_03	CONVENTIONAL	THEY_SAID	they said 		back	and	forth	back and forth	NONE		they said back and forth	5	["they", " said", " back", " and", " forth"]	[9930, 531, 736, 290, 6071]	4	1	5	 forth	-0.014219	1.91401	1.928229	1978	2.976863	-1.062853	1.91401	5	 forth	1978	2.976863	-1.062853	1978	0	2.976863	0.372119	1	CONVENTIONAL	held out from v9 certificate sample	BACK_FORTH
PAIR_PANEL__PAIR_03__ARBITRARY__BARE__NONE	PAIR_PANEL	PAIR_03	ARBITRARY	BARE			lanterns	and	arithmetic	lanterns and arithmetic	NONE		lanterns and arithmetic	5	["lan", "tern", "s", " and", " arithmetic"]	[9620, 759, 82, 290, 34768]	4	1	5	 arithmetic	-0.004287	-0.129858	-0.125571	1888	2.357085	-2.486943	-0.000102	0	<BOS>	1888	2.848055	-2.848157	1888	0	2.848055	0.253164	0	CONVENTIONAL	predeclared non-conventional pair	LANTERNS_ARITHMETIC
PAIR_PANEL__PAIR_03__ARBITRARY__V9_SPACE__NONE	PAIR_PANEL	PAIR_03	ARBITRARY	V9_SPACE		 	lanterns	and	arithmetic	lanterns and arithmetic	NONE		 lanterns and arithmetic	4	[" lantern", "s", " and", " arithmetic"]	[41207, 82, 290, 34768]	3	1	4	 arithmetic	-0.010567	-0.161106	-0.150539	1888	2.503583	-2.664689	-0.000102	0	<BOS>	1888	3.139266	-3.139367	1888	0	3.139266	0.734141	0	CONVENTIONAL	predeclared non-conventional pair	LANTERNS_ARITHMETIC
PAIR_PANEL__PAIR_03__ARBITRARY__THE_PHRASE__NONE	PAIR_PANEL	PAIR_03	ARBITRARY	THE_PHRASE	the phrase 		lanterns	and	arithmetic	lanterns and arithmetic	NONE		the phrase lanterns and arithmetic	6	["the", " phrase", " lantern", "s", " and", " arithmetic"]	[1169, 9546, 41207, 82, 290, 34768]	5	1	6	 arithmetic	-0.006326	-0.165519	-0.159193	1790	2.246215	-2.411734	-0.000102	0	<BOS>	2073	3.233145	-3.233247	2073	0	3.233145	0.48939	0	CONVENTIONAL	predeclared non-conventional pair	LANTERNS_ARITHMETIC
PAIR_PANEL__PAIR_03__ARBITRARY__THEY_SAID__NONE	PAIR_PANEL	PAIR_03	ARBITRARY	THEY_SAID	they said 		lanterns	and	arithmetic	lanterns and arithmetic	NONE		they said lanterns and arithmetic	6	["they", " said", " lantern", "s", " and", " arithmetic"]	[9930, 531, 41207, 82, 290, 34768]	5	1	6	 arithmetic	-0.002876	-0.166717	-0.163842	1888	2.236636	-2.403353	-0.000102	0	<BOS>	2256	2.360869	-2.360971	2256	0	2.360869	0.053377	0	CONVENTIONAL	predeclared non-conventional pair	LANTERNS_ARITHMETIC
PAIR_PANEL__PAIR_04__CONVENTIONAL__BARE__NONE	PAIR_PANEL	PAIR_04	CONVENTIONAL	BARE			black	and	white	black and white	NONE		black and white	3	["black", " and", " white"]	[13424, 290, 2330]	2	1	3	 white	-0.035572	3.595868	3.631439	2292	3.002083	0.593785	3.595868	3	 white	2292	3.002083	0.593785	541	1	3.595868	0.593785	1	CONVENTIONAL	held out from v9 certificate sample	BLACK_WHITE
PAIR_PANEL__PAIR_04__CONVENTIONAL__V9_SPACE__NONE	PAIR_PANEL	PAIR_04	CONVENTIONAL	V9_SPACE		 	black	and	white	black and white	NONE		 black and white	3	[" black", " and", " white"]	[2042, 290, 2330]	2	1	3	 white	-0.023658	3.522258	3.545915	2292	2.820397	0.70186	3.522258	3	 white	1888	3.375684	0.146574	541	1	3.522258	0.146574	1	CONVENTIONAL	held out from v9 certificate sample	BLACK_WHITE
PAIR_PANEL__PAIR_04__CONVENTIONAL__THE_PHRASE__NONE	PAIR_PANEL	PAIR_04	CONVENTIONAL	THE_PHRASE	the phrase 		black	and	white	black and white	NONE		the phrase black and white	5	["the", " phrase", " black", " and", " white"]	[1169, 9546, 2042, 290, 2330]	4	1	5	 white	-0.02383	2.965664	2.989494	2292	2.863163	0.102502	2.965664	5	 white	2073	3.233145	-0.267481	2073	0	3.233145	0.267481	1	CONVENTIONAL	held out from v9 certificate sample	BLACK_WHITE
PAIR_PANEL__PAIR_04__CONVENTIONAL__THEY_SAID__NONE	PAIR_PANEL	PAIR_04	CONVENTIONAL	THEY_SAID	they said 		black	and	white	black and white	NONE		they said black and white	5	["they", " said", " black", " and", " white"]	[9930, 531, 2042, 290, 2330]	4	1	5	 white	-0.011781	3.136389	3.148171	2292	2.542917	0.593472	3.136389	5	 white	2292	2.542917	0.593472	541	1	3.136389	0.593472	1	CONVENTIONAL	held out from v9 certificate sample	BLACK_WHITE
PAIR_PANEL__PAIR_04__ARBITRARY__BARE__NONE	PAIR_PANEL	PAIR_04	ARBITRARY	BARE			velvet	or	engines	velvet or engines	NONE		velvet or engines	4	["vel", "vet", " or", " engines"]	[626, 16809, 393, 11874]	3	1	4	 engines	-0.005122	0.022318	0.02744	1888	2.329614	-2.307296	0.022318	4	 engines	1790	2.48364	-2.461322	1790	0	2.48364	0.011395	1	CONVENTIONAL	predeclared non-conventional pair	VELVET_ENGINES
PAIR_PANEL__PAIR_04__ARBITRARY__V9_SPACE__NONE	PAIR_PANEL	PAIR_04	ARBITRARY	V9_SPACE		 	velvet	or	engines	velvet or engines	NONE		 velvet or engines	3	[" velvet", " or", " engines"]	[47750, 393, 11874]	2	1	3	 engines	-0.003795	-0.164145	-0.16035	1888	2.395846	-2.559991	-0.000102	0	<BOS>	1888	3.314484	-3.314586	1888	0	3.314484	0.387908	0	CONVENTIONAL	predeclared non-conventional pair	VELVET_ENGINES
PAIR_PANEL__PAIR_04__ARBITRARY__THE_PHRASE__NONE	PAIR_PANEL	PAIR_04	ARBITRARY	THE_PHRASE	the phrase 		velvet	or	engines	velvet or engines	NONE		the phrase velvet or engines	5	["the", " phrase", " velvet", " or", " engines"]	[1169, 9546, 47750, 393, 11874]	4	1	5	 engines	-0.000386	-0.166801	-0.166414	1790	2.032245	-2.199046	-0.000102	0	<BOS>	2073	3.233145	-3.233247	2073	0	3.233145	0.48939	0	CONVENTIONAL	predeclared non-conventional pair	VELVET_ENGINES
PAIR_PANEL__PAIR_04__ARBITRARY__THEY_SAID__NONE	PAIR_PANEL	PAIR_04	ARBITRARY	THEY_SAID	they said 		velvet	or	engines	velvet or engines	NONE		they said velvet or engines	5	["they", " said", " velvet", " or", " engines"]	[9930, 531, 47750, 393, 11874]	4	1	5	 engines	-0.000289	-0.147671	-0.147381	1790	1.881925	-2.029595	-0.000102	0	<BOS>	2256	2.360869	-2.360971	2256	0	2.360869	0.032801	0	CONVENTIONAL	predeclared non-conventional pair	VELVET_ENGINES
PAIR_PANEL__PAIR_05__CONVENTIONAL__BARE__NONE	PAIR_PANEL	PAIR_05	CONVENTIONAL	BARE			pros	and	cons	pros and cons	NONE		pros and cons	4	["pro", "s", " and", " cons"]	[1676, 82, 290, 762]	3	1	4	 cons	-0.014379	3.826017	3.840396	2659	5.107552	-1.281534	3.826017	4	 cons	2659	5.107552	-1.281534	2659	0	5.107552	1.281534	1	CONVENTIONAL	held out from v9 certificate sample	PROS_CONS
PAIR_PANEL__PAIR_05__CONVENTIONAL__V9_SPACE__NONE	PAIR_PANEL	PAIR_05	CONVENTIONAL	V9_SPACE		 	pros	and	cons	pros and cons	NONE		 pros and cons	3	[" pros", " and", " cons"]	[10360, 290, 762]	2	1	3	 cons	-0.015365	3.001936	3.017301	2659	3.043203	-0.041267	3.001936	3	 cons	1888	3.296428	-0.294492	1888	0	3.296428	0.253225	1	CONVENTIONAL	held out from v9 certificate sample	PROS_CONS
PAIR_PANEL__PAIR_05__CONVENTIONAL__THE_PHRASE__NONE	PAIR_PANEL	PAIR_05	CONVENTIONAL	THE_PHRASE	the phrase 		pros	and	cons	pros and cons	NONE		the phrase pros and cons	5	["the", " phrase", " pros", " and", " cons"]	[1169, 9546, 10360, 290, 762]	4	1	5	 cons	-0.03261	3.438562	3.471171	2659	3.74051	-0.301949	3.438562	5	 cons	2659	3.74051	-0.301949	2659	0	3.74051	0.301949	1	CONVENTIONAL	held out from v9 certificate sample	PROS_CONS
PAIR_PANEL__PAIR_05__CONVENTIONAL__THEY_SAID__NONE	PAIR_PANEL	PAIR_05	CONVENTIONAL	THEY_SAID	they said 		pros	and	cons	pros and cons	NONE		they said pros and cons	5	["they", " said", " pros", " and", " cons"]	[9930, 531, 10360, 290, 762]	4	1	5	 cons	-0.017259	3.186517	3.203777	2659	3.879323	-0.692806	3.186517	5	 cons	2659	3.879323	-0.692806	2659	0	3.879323	0.692806	1	CONVENTIONAL	held out from v9 certificate sample	PROS_CONS
PAIR_PANEL__PAIR_05__ARBITRARY__BARE__NONE	PAIR_PANEL	PAIR_05	ARBITRARY	BARE			clouds	and	teaspoons	clouds and teaspoons	NONE		clouds and teaspoons	4	["cloud", "s", " and", " teaspoons"]	[17721, 82, 290, 47234]	3	1	4	 teaspoons	-0.01498	0.615527	0.630507	1888	2.824718	-2.209191	0.615527	4	 teaspoons	1888	2.883545	-2.268017	1888	0	2.883545	0.415344	1	CONVENTIONAL	predeclared non-conventional pair	CLOUDS_TEASPOONS
PAIR_PANEL__PAIR_05__ARBITRARY__V9_SPACE__NONE	PAIR_PANEL	PAIR_05	ARBITRARY	V9_SPACE		 	clouds	and	teaspoons	clouds and teaspoons	NONE		 clouds and teaspoons	3	[" clouds", " and", " teaspoons"]	[15114, 290, 47234]	2	1	3	 teaspoons	-0.014219	0.275692	0.289911	1888	2.588255	-2.312563	0.275692	3	 teaspoons	1888	3.212676	-2.936984	1888	0	3.212676	0.348271	1	CONVENTIONAL	predeclared non-conventional pair	CLOUDS_TEASPOONS
PAIR_PANEL__PAIR_05__ARBITRARY__THE_PHRASE__NONE	PAIR_PANEL	PAIR_05	ARBITRARY	THE_PHRASE	the phrase 		clouds	and	teaspoons	clouds and teaspoons	NONE		the phrase clouds and teaspoons	5	["the", " phrase", " clouds", " and", " teaspoons"]	[1169, 9546, 15114, 290, 47234]	4	1	5	 teaspoons	-0.015618	0.831015	0.846633	1888	2.370786	-1.539771	0.831015	5	 teaspoons	2073	3.233145	-2.40213	2073	0	3.233145	0.48939	1	CONVENTIONAL	predeclared non-conventional pair	CLOUDS_TEASPOONS
PAIR_PANEL__PAIR_05__ARBITRARY__THEY_SAID__NONE	PAIR_PANEL	PAIR_05	ARBITRARY	THEY_SAID	they said 		clouds	and	teaspoons	clouds and teaspoons	NONE		they said clouds and teaspoons	5	["they", " said", " clouds", " and", " teaspoons"]	[9930, 531, 15114, 290, 47234]	4	1	5	 teaspoons	-0.003363	0.366307	0.36967	1888	2.359592	-1.993286	0.366307	5	 teaspoons	2256	2.360869	-1.994563	2256	0	2.360869	0.001277	1	CONVENTIONAL	predeclared non-conventional pair	CLOUDS_TEASPOONS
PAIR_PANEL__PAIR_06__CONVENTIONAL__BARE__NONE	PAIR_PANEL	PAIR_06	CONVENTIONAL	BARE			sooner	or	later	sooner or later	NONE		sooner or later	4	["so", "oner", " or", " later"]	[568, 14491, 393, 1568]	3	1	4	 later	-0.000508	2.586436	2.586944	1842	1.90978	0.676656	2.586436	4	 later	1888	2.515952	0.070484	541	1	2.586436	0.070484	1	CONVENTIONAL	held out from v9 certificate sample	SOONER_LATER
PAIR_PANEL__PAIR_06__CONVENTIONAL__V9_SPACE__NONE	PAIR_PANEL	PAIR_06	CONVENTIONAL	V9_SPACE		 	sooner	or	later	sooner or later	NONE		 sooner or later	3	[" sooner", " or", " later"]	[14556, 393, 1568]	2	1	3	 later	-0.002479	3.041425	3.043905	2286	2.302056	0.73937	3.041425	3	 later	1888	3.330359	-0.288934	1888	0	3.330359	0.288934	1	CONVENTIONAL	held out from v9 certificate sample	SOONER_LATER
PAIR_PANEL__PAIR_06__CONVENTIONAL__THE_PHRASE__NONE	PAIR_PANEL	PAIR_06	CONVENTIONAL	THE_PHRASE	the phrase 		sooner	or	later	sooner or later	NONE		the phrase sooner or later	5	["the", " phrase", " sooner", " or", " later"]	[1169, 9546, 14556, 393, 1568]	4	1	5	 later	-0.004363	3.168909	3.173272	2286	2.312504	0.856404	3.168909	5	 later	2073	3.233145	-0.064236	2073	0	3.233145	0.064236	1	CONVENTIONAL	held out from v9 certificate sample	SOONER_LATER
PAIR_PANEL__PAIR_06__CONVENTIONAL__THEY_SAID__NONE	PAIR_PANEL	PAIR_06	CONVENTIONAL	THEY_SAID	they said 		sooner	or	later	sooner or later	NONE		they said sooner or later	5	["they", " said", " sooner", " or", " later"]	[9930, 531, 14556, 393, 1568]	4	1	5	 later	-0.00138	2.694657	2.696037	1842	1.936904	0.757753	2.694657	5	 later	2829	3.103744	-0.409087	2829	0	3.103744	0.409087	1	CONVENTIONAL	held out from v9 certificate sample	SOONER_LATER
PAIR_PANEL__PAIR_06__ARBITRARY__BARE__NONE	PAIR_PANEL	PAIR_06	ARBITRARY	BARE			north	or	velvet	north or velvet	NONE		north or velvet	3	["north", " or", " velvet"]	[43588, 393, 47750]	2	1	3	 velvet	-0.001343	0.172725	0.174067	1888	2.753931	-2.581206	0.172725	3	 velvet	1888	2.753931	-2.581206	1888	0	2.753931	0.273793	1	CONVENTIONAL	predeclared non-conventional pair	NORTH_VELVET
PAIR_PANEL__PAIR_06__ARBITRARY__V9_SPACE__NONE	PAIR_PANEL	PAIR_06	ARBITRARY	V9_SPACE		 	north	or	velvet	north or velvet	NONE		 north or velvet	3	[" north", " or", " velvet"]	[5093, 393, 47750]	2	1	3	 velvet	-0.00014	-0.019842	-0.019701	1888	2.729586	-2.749427	-0.000102	0	<BOS>	1888	3.081001	-3.081102	1888	0	3.081001	0.458151	0	CONVENTIONAL	predeclared non-conventional pair	NORTH_VELVET
PAIR_PANEL__PAIR_06__ARBITRARY__THE_PHRASE__NONE	PAIR_PANEL	PAIR_06	ARBITRARY	THE_PHRASE	the phrase 		north	or	velvet	north or velvet	NONE		the phrase north or velvet	5	["the", " phrase", " north", " or", " velvet"]	[1169, 9546, 5093, 393, 47750]	4	1	5	 velvet	-0.000167	0.126205	0.126372	1888	2.569089	-2.442884	0.126205	5	 velvet	2073	3.233145	-3.10694	2073	0	3.233145	0.48939	1	CONVENTIONAL	predeclared non-conventional pair	NORTH_VELVET
PAIR_PANEL__PAIR_06__ARBITRARY__THEY_SAID__NONE	PAIR_PANEL	PAIR_06	ARBITRARY	THEY_SAID	they said 		north	or	velvet	north or velvet	NONE		they said north or velvet	5	["they", " said", " north", " or", " velvet"]	[9930, 531, 5093, 393, 47750]	4	1	5	 velvet	-3.8e-05	-0.070412	-0.070373	1888	2.617596	-2.688008	-3.8e-05	4	 or	1888	2.617596	-2.617635	1888	0	2.617596	0.256727	0	CONVENTIONAL	predeclared non-conventional pair	NORTH_VELVET
PAIR_PANEL__PAIR_07__CONVENTIONAL__BARE__NONE	PAIR_PANEL	PAIR_07	CONVENTIONAL	BARE			give	and	take	give and take	NONE		give and take	3	["give", " and", " take"]	[26535, 290, 1011]	2	1	3	 take	-0.104577	4.120847	4.225424	2659	4.459002	-0.338155	4.120847	3	 take	2659	4.459002	-0.338155	2659	0	4.459002	0.338155	1	CONVENTIONAL	held out from v9 certificate sample	GIVE_TAKE
PAIR_PANEL__PAIR_07__CONVENTIONAL__V9_SPACE__NONE	PAIR_PANEL	PAIR_07	CONVENTIONAL	V9_SPACE		 	give	and	take	give and take	NONE		 give and take	3	[" give", " and", " take"]	[1577, 290, 1011]	2	1	3	 take	-0.030546	3.130987	3.161534	2659	4.156624	-1.025636	3.130987	3	 take	2659	4.156624	-1.025636	2659	0	4.156624	1.025636	1	CONVENTIONAL	held out from v9 certificate sample	GIVE_TAKE
PAIR_PANEL__PAIR_07__CONVENTIONAL__THE_PHRASE__NONE	PAIR_PANEL	PAIR_07	CONVENTIONAL	THE_PHRASE	the phrase 		give	and	take	give and take	NONE		the phrase give and take	5	["the", " phrase", " give", " and", " take"]	[1169, 9546, 1577, 290, 1011]	4	1	5	 take	-0.039431	3.351182	3.390614	2659	4.386491	-1.035308	3.351182	5	 take	2659	4.386491	-1.035308	2659	0	4.386491	1.035308	1	CONVENTIONAL	held out from v9 certificate sample	GIVE_TAKE
PAIR_PANEL__PAIR_07__CONVENTIONAL__THEY_SAID__NONE	PAIR_PANEL	PAIR_07	CONVENTIONAL	THEY_SAID	they said 		give	and	take	give and take	NONE		they said give and take	5	["they", " said", " give", " and", " take"]	[9930, 531, 1577, 290, 1011]	4	1	5	 take	-0.060148	3.766872	3.827021	2659	4.569515	-0.802643	3.766872	5	 take	2659	4.569515	-0.802643	2659	0	4.569515	0.802643	1	CONVENTIONAL	held out from v9 certificate sample	GIVE_TAKE
PAIR_PANEL__PAIR_07__ARBITRARY__BARE__NONE	PAIR_PANEL	PAIR_07	ARBITRARY	BARE			marble	and	rabbits	marble and rabbits	NONE		marble and rabbits	4	["mar", "ble", " and", " rabbits"]	[3876, 903, 290, 33043]	3	1	4	 rabbits	-0.03037	0.574812	0.605182	638	2.314834	-1.740023	0.574812	4	 rabbits	1790	2.918435	-2.343624	1790	0	2.918435	0.093218	1	CONVENTIONAL	predeclared non-conventional pair	MARBLE_RABBITS
PAIR_PANEL__PAIR_07__ARBITRARY__V9_SPACE__NONE	PAIR_PANEL	PAIR_07	ARBITRARY	V9_SPACE		 	marble	and	rabbits	marble and rabbits	NONE		 marble and rabbits	3	[" marble", " and", " rabbits"]	[30623, 290, 33043]	2	1	3	 rabbits	-0.021625	0.111052	0.132678	638	2.271272	-2.160219	0.111052	3	 rabbits	1888	3.655283	-3.54423	1888	0	3.655283	1.16016	1	CONVENTIONAL	predeclared non-conventional pair	MARBLE_RABBITS
PAIR_PANEL__PAIR_07__ARBITRARY__THE_PHRASE__NONE	PAIR_PANEL	PAIR_07	ARBITRARY	THE_PHRASE	the phrase 		marble	and	rabbits	marble and rabbits	NONE		the phrase marble and rabbits	5	["the", " phrase", " marble", " and", " rabbits"]	[1169, 9546, 30623, 290, 33043]	4	1	5	 rabbits	-0.005097	-0.005453	-0.000357	638	2.211524	-2.216977	-0.000102	0	<BOS>	2073	3.233145	-3.233247	2073	0	3.233145	0.48939	0	CONVENTIONAL	predeclared non-conventional pair	MARBLE_RABBITS
PAIR_PANEL__PAIR_07__ARBITRARY__THEY_SAID__NONE	PAIR_PANEL	PAIR_07	ARBITRARY	THEY_SAID	they said 		marble	and	rabbits	marble and rabbits	NONE		they said marble and rabbits	5	["they", " said", " marble", " and", " rabbits"]	[9930, 531, 30623, 290, 33043]	4	1	5	 rabbits	-0.006997	0.280161	0.287158	638	2.353124	-2.072963	0.280161	5	 rabbits	1888	2.584469	-2.304308	1888	0	2.584469	0.2236	1	CONVENTIONAL	predeclared non-conventional pair	MARBLE_RABBITS
PAIR_PANEL__PAIR_08__CONVENTIONAL__BARE__NONE	PAIR_PANEL	PAIR_08	CONVENTIONAL	BARE			life	and	death	life and death	NONE		life and death	3	["life", " and", " death"]	[6042, 290, 1918]	2	1	3	 death	-0.022194	3.970671	3.992865	2659	3.777097	0.193574	3.970671	3	 death	2659	3.777097	0.193574	541	1	3.970671	0.193574	1	CONVENTIONAL	held out from v9 certificate sample	LIFE_DEATH
PAIR_PANEL__PAIR_08__CONVENTIONAL__V9_SPACE__NONE	PAIR_PANEL	PAIR_08	CONVENTIONAL	V9_SPACE		 	life	and	death	life and death	NONE		 life and death	3	[" life", " and", " death"]	[1204, 290, 1918]	2	1	3	 death	-0.010927	3.618452	3.629379	2659	3.388141	0.230311	3.618452	3	 death	2659	3.388141	0.230311	541	1	3.618452	0.230311	1	CONVENTIONAL	held out from v9 certificate sample	LIFE_DEATH
PAIR_PANEL__PAIR_08__CONVENTIONAL__THE_PHRASE__NONE	PAIR_PANEL	PAIR_08	CONVENTIONAL	THE_PHRASE	the phrase 		life	and	death	life and death	NONE		the phrase life and death	5	["the", " phrase", " life", " and", " death"]	[1169, 9546, 1204, 290, 1918]	4	1	5	 death	-0.012118	3.056282	3.0684	2659	2.962059	0.094223	3.056282	5	 death	2073	3.233145	-0.176863	2073	0	3.233145	0.176863	1	CONVENTIONAL	held out from v9 certificate sample	LIFE_DEATH
PAIR_PANEL__PAIR_08__CONVENTIONAL__THEY_SAID__NONE	PAIR_PANEL	PAIR_08	CONVENTIONAL	THEY_SAID	they said 		life	and	death	life and death	NONE		they said life and death	5	["they", " said", " life", " and", " death"]	[9930, 531, 1204, 290, 1918]	4	1	5	 death	-0.009915	2.948216	2.958132	2659	2.748594	0.199622	2.948216	5	 death	2659	2.748594	0.199622	541	1	2.948216	0.199622	1	CONVENTIONAL	held out from v9 certificate sample	LIFE_DEATH
PAIR_PANEL__PAIR_08__ARBITRARY__BARE__NONE	PAIR_PANEL	PAIR_08	ARBITRARY	BARE			button	and	ocean	button and ocean	NONE		button and ocean	3	["button", " and", " ocean"]	[16539, 290, 9151]	2	1	3	 ocean	-0.017816	0.531554	0.549369	1888	2.566413	-2.034859	0.531554	3	 ocean	1888	2.677955	-2.146402	1888	0	2.677955	0.317086	1	CONVENTIONAL	predeclared non-conventional pair	BUTTON_OCEAN
PAIR_PANEL__PAIR_08__ARBITRARY__V9_SPACE__NONE	PAIR_PANEL	PAIR_08	ARBITRARY	V9_SPACE		 	button	and	ocean	button and ocean	NONE		 button and ocean	3	[" button", " and", " ocean"]	[4936, 290, 9151]	2	1	3	 ocean	-0.00724	0.031637	0.038877	1888	2.584993	-2.553356	0.031637	3	 ocean	1888	2.822094	-2.790457	1888	0	2.822094	0.318298	1	CONVENTIONAL	predeclared non-conventional pair	BUTTON_OCEAN
PAIR_PANEL__PAIR_08__ARBITRARY__THE_PHRASE__NONE	PAIR_PANEL	PAIR_08	ARBITRARY	THE_PHRASE	the phrase 		button	and	ocean	button and ocean	NONE		the phrase button and ocean	5	["the", " phrase", " button", " and", " ocean"]	[1169, 9546, 4936, 290, 9151]	4	1	5	 ocean	-0.007359	-0.158173	-0.150813	1888	2.298034	-2.456207	-0.000102	0	<BOS>	2073	3.233145	-3.233247	2073	0	3.233145	0.48939	0	CONVENTIONAL	predeclared non-conventional pair	BUTTON_OCEAN
PAIR_PANEL__PAIR_08__ARBITRARY__THEY_SAID__NONE	PAIR_PANEL	PAIR_08	ARBITRARY	THEY_SAID	they said 		button	and	ocean	button and ocean	NONE		they said button and ocean	5	["they", " said", " button", " and", " ocean"]	[9930, 531, 4936, 290, 9151]	4	1	5	 ocean	-0.010159	0.393428	0.403587	1888	2.233933	-1.840505	0.393428	5	 ocean	1888	2.459456	-2.066028	1888	0	2.459456	0.098587	1	CONVENTIONAL	predeclared non-conventional pair	BUTTON_OCEAN
CONTINUATION__UP_DOWN__NONE__BARE__NONE	CONTINUATION	UP_DOWN	NONE	BARE			up	and	down	up and down	NONE		up and down	3	["up", " and", " down"]	[929, 290, 866]	2	1	3	 down	-0.056431	4.121794	4.178224	2659	2.999428	1.122365	4.121794	3	 down	2659	2.999428	1.122365	541	1	4.121794	1.122365	1	NONE		
CONTINUATION__UP_DOWN__AGAIN__BARE__AGAIN	CONTINUATION	UP_DOWN	AGAIN	BARE			up	and	down	up and down	AGAIN	 again	up and down again	4	["up", " and", " down", " again"]	[929, 290, 866, 757]	2	1	3	 down	-0.056431	4.121794	4.178224	2659	2.999428	1.122365	4.121794	3	 down	2659	2.999428	1.122365	541	1	4.121794	1.122365	1	NONE		
CONTINUATION__UP_DOWN__PERIOD__BARE__PERIOD	CONTINUATION	UP_DOWN	PERIOD	BARE			up	and	down	up and down	PERIOD	.	up and down.	4	["up", " and", " down", "."]	[929, 290, 866, 13]	2	1	3	 down	-0.056431	4.121794	4.178224	2659	2.999428	1.122365	4.121794	3	 down	2659	2.999428	1.122365	541	1	4.121794	1.122365	1	NONE		
CONTINUATION__UP_DOWN__ROAD__BARE__ROAD	CONTINUATION	UP_DOWN	ROAD	BARE			up	and	down	up and down	ROAD	 the road	up and down the road	5	["up", " and", " down", " the", " road"]	[929, 290, 866, 262, 2975]	2	1	3	 down	-0.056431	4.121794	4.178224	2659	2.999428	1.122365	4.121794	3	 down	2659	2.999428	1.122365	541	1	4.121794	1.122365	1	NONE		
CONTINUATION__UP_DOWN__CLAUSE__BARE__CLAUSE	CONTINUATION	UP_DOWN	CLAUSE	BARE			up	and	down	up and down	CLAUSE	, without stopping	up and down, without stopping	6	["up", " and", " down", ",", " without", " stopping"]	[929, 290, 866, 11, 1231, 12225]	2	1	3	 down	-0.056431	4.121794	4.178224	2659	2.999428	1.122365	4.121794	3	 down	2659	2.999428	1.122365	541	1	4.121794	1.122365	1	NONE		
CONTINUATION__UP_DOWN__XYZ__BARE__XYZ	CONTINUATION	UP_DOWN	XYZ	BARE			up	and	down	up and down	XYZ	 xyz	up and down xyz	5	["up", " and", " down", " x", "yz"]	[929, 290, 866, 2124, 45579]	2	1	3	 down	-0.056431	4.121794	4.178224	2659	2.999428	1.122365	4.121794	3	 down	2659	2.999428	1.122365	541	1	4.121794	1.122365	1	NONE		
CONTINUATION__UP_DOWN__NONE__V9_SPACE__NONE	CONTINUATION	UP_DOWN	NONE	V9_SPACE		 	up	and	down	up and down	NONE		 up and down	3	[" up", " and", " down"]	[510, 290, 866]	2	1	3	 down	-0.028836	4.184615	4.213451	2659	2.812317	1.372298	4.184615	3	 down	1790	3.028113	1.156502	541	1	4.184615	1.156502	1	NONE		
CONTINUATION__UP_DOWN__AGAIN__V9_SPACE__AGAIN	CONTINUATION	UP_DOWN	AGAIN	V9_SPACE		 	up	and	down	up and down	AGAIN	 again	 up and down again	4	[" up", " and", " down", " again"]	[510, 290, 866, 757]	2	1	3	 down	-0.028836	4.184615	4.213451	2659	2.812317	1.372298	4.184615	3	 down	1790	3.028113	1.156502	541	1	4.184615	1.156502	1	NONE		
CONTINUATION__UP_DOWN__PERIOD__V9_SPACE__PERIOD	CONTINUATION	UP_DOWN	PERIOD	V9_SPACE		 	up	and	down	up and down	PERIOD	.	 up and down.	4	[" up", " and", " down", "."]	[510, 290, 866, 13]	2	1	3	 down	-0.028836	4.184615	4.213451	2659	2.812317	1.372298	4.184615	3	 down	1790	3.028113	1.156502	541	1	4.184615	1.156502	1	NONE		
CONTINUATION__UP_DOWN__ROAD__V9_SPACE__ROAD	CONTINUATION	UP_DOWN	ROAD	V9_SPACE		 	up	and	down	up and down	ROAD	 the road	 up and down the road	5	[" up", " and", " down", " the", " road"]	[510, 290, 866, 262, 2975]	2	1	3	 down	-0.028836	4.184615	4.213451	2659	2.812317	1.372298	4.184615	3	 down	1790	3.028113	1.156502	541	1	4.184615	1.156502	1	NONE		
CONTINUATION__UP_DOWN__CLAUSE__V9_SPACE__CLAUSE	CONTINUATION	UP_DOWN	CLAUSE	V9_SPACE		 	up	and	down	up and down	CLAUSE	, without stopping	 up and down, without stopping	6	[" up", " and", " down", ",", " without", " stopping"]	[510, 290, 866, 11, 1231, 12225]	2	1	3	 down	-0.028836	4.184615	4.213451	2659	2.812317	1.372298	4.184615	3	 down	1790	3.028113	1.156502	541	1	4.184615	1.156502	1	NONE		
CONTINUATION__UP_DOWN__XYZ__V9_SPACE__XYZ	CONTINUATION	UP_DOWN	XYZ	V9_SPACE		 	up	and	down	up and down	XYZ	 xyz	 up and down xyz	5	[" up", " and", " down", " x", "yz"]	[510, 290, 866, 2124, 45579]	2	1	3	 down	-0.028836	4.184615	4.213451	2659	2.812317	1.372298	4.184615	3	 down	1588	3.063323	1.121292	541	1	4.184615	1.121292	1	NONE		
CONTINUATION__UP_DOWN__NONE__THE_PHRASE__NONE	CONTINUATION	UP_DOWN	NONE	THE_PHRASE	the phrase 		up	and	down	up and down	NONE		the phrase up and down	5	["the", " phrase", " up", " and", " down"]	[1169, 9546, 510, 290, 866]	4	1	5	 down	-0.027487	4.404452	4.431939	2659	3.312274	1.092178	4.404452	5	 down	2659	3.312274	1.092178	541	1	4.404452	1.092178	1	NONE		
CONTINUATION__UP_DOWN__AGAIN__THE_PHRASE__AGAIN	CONTINUATION	UP_DOWN	AGAIN	THE_PHRASE	the phrase 		up	and	down	up and down	AGAIN	 again	the phrase up and down again	6	["the", " phrase", " up", " and", " down", " again"]	[1169, 9546, 510, 290, 866, 757]	4	1	5	 down	-0.027487	4.404452	4.431939	2659	3.312274	1.092178	4.404452	5	 down	2659	3.312274	1.092178	541	1	4.404452	1.092178	1	NONE		
CONTINUATION__UP_DOWN__PERIOD__THE_PHRASE__PERIOD	CONTINUATION	UP_DOWN	PERIOD	THE_PHRASE	the phrase 		up	and	down	up and down	PERIOD	.	the phrase up and down.	6	["the", " phrase", " up", " and", " down", "."]	[1169, 9546, 510, 290, 866, 13]	4	1	5	 down	-0.027487	4.404452	4.431939	2659	3.312274	1.092178	4.404452	5	 down	2659	3.312274	1.092178	541	1	4.404452	1.092178	1	NONE		
CONTINUATION__UP_DOWN__ROAD__THE_PHRASE__ROAD	CONTINUATION	UP_DOWN	ROAD	THE_PHRASE	the phrase 		up	and	down	up and down	ROAD	 the road	the phrase up and down the road	7	["the", " phrase", " up", " and", " down", " the", " road"]	[1169, 9546, 510, 290, 866, 262, 2975]	4	1	5	 down	-0.027487	4.404452	4.431939	2659	3.312274	1.092178	4.404452	5	 down	2659	3.312274	1.092178	541	1	4.404452	1.092178	1	NONE		
CONTINUATION__UP_DOWN__CLAUSE__THE_PHRASE__CLAUSE	CONTINUATION	UP_DOWN	CLAUSE	THE_PHRASE	the phrase 		up	and	down	up and down	CLAUSE	, without stopping	the phrase up and down, without stopping	8	["the", " phrase", " up", " and", " down", ",", " without", " stopping"]	[1169, 9546, 510, 290, 866, 11, 1231, 12225]	4	1	5	 down	-0.027487	4.404452	4.431939	2659	3.312274	1.092178	4.404452	5	 down	2659	3.312274	1.092178	541	1	4.404452	1.092178	1	NONE		
CONTINUATION__UP_DOWN__XYZ__THE_PHRASE__XYZ	CONTINUATION	UP_DOWN	XYZ	THE_PHRASE	the phrase 		up	and	down	up and down	XYZ	 xyz	the phrase up and down xyz	7	["the", " phrase", " up", " and", " down", " x", "yz"]	[1169, 9546, 510, 290, 866, 2124, 45579]	4	1	5	 down	-0.027487	4.404452	4.431939	2659	3.312274	1.092178	4.404452	5	 down	2659	3.312274	1.092178	541	1	4.404452	1.092178	1	NONE		
CONTINUATION__UP_DOWN__NONE__THEY_SAID__NONE	CONTINUATION	UP_DOWN	NONE	THEY_SAID	they said 		up	and	down	up and down	NONE		they said up and down	5	["they", " said", " up", " and", " down"]	[9930, 531, 510, 290, 866]	4	1	5	 down	-0.03435	4.283481	4.31783	2659	2.988347	1.295134	4.283481	5	 down	2659	2.988347	1.295134	541	1	4.283481	1.295134	1	NONE		
CONTINUATION__UP_DOWN__AGAIN__THEY_SAID__AGAIN	CONTINUATION	UP_DOWN	AGAIN	THEY_SAID	they said 		up	and	down	up and down	AGAIN	 again	they said up and down again	6	["they", " said", " up", " and", " down", " again"]	[9930, 531, 510, 290, 866, 757]	4	1	5	 down	-0.03435	4.283481	4.31783	2659	2.988347	1.295134	4.283481	5	 down	2659	2.988347	1.295134	541	1	4.283481	1.295134	1	NONE		
CONTINUATION__UP_DOWN__PERIOD__THEY_SAID__PERIOD	CONTINUATION	UP_DOWN	PERIOD	THEY_SAID	they said 		up	and	down	up and down	PERIOD	.	they said up and down.	6	["they", " said", " up", " and", " down", "."]	[9930, 531, 510, 290, 866, 13]	4	1	5	 down	-0.03435	4.283481	4.31783	2659	2.988347	1.295134	4.283481	5	 down	2659	2.988347	1.295134	541	1	4.283481	1.295134	1	NONE		
CONTINUATION__UP_DOWN__ROAD__THEY_SAID__ROAD	CONTINUATION	UP_DOWN	ROAD	THEY_SAID	they said 		up	and	down	up and down	ROAD	 the road	they said up and down the road	7	["they", " said", " up", " and", " down", " the", " road"]	[9930, 531, 510, 290, 866, 262, 2975]	4	1	5	 down	-0.03435	4.283481	4.31783	2659	2.988347	1.295134	4.283481	5	 down	2659	2.988347	1.295134	541	1	4.283481	1.295134	1	NONE		
CONTINUATION__UP_DOWN__CLAUSE__THEY_SAID__CLAUSE	CONTINUATION	UP_DOWN	CLAUSE	THEY_SAID	they said 		up	and	down	up and down	CLAUSE	, without stopping	they said up and down, without stopping	8	["they", " said", " up", " and", " down", ",", " without", " stopping"]	[9930, 531, 510, 290, 866, 11, 1231, 12225]	4	1	5	 down	-0.03435	4.283481	4.31783	2659	2.988347	1.295134	4.283481	5	 down	2659	2.988347	1.295134	541	1	4.283481	1.295134	1	NONE		
CONTINUATION__UP_DOWN__XYZ__THEY_SAID__XYZ	CONTINUATION	UP_DOWN	XYZ	THEY_SAID	they said 		up	and	down	up and down	XYZ	 xyz	they said up and down xyz	7	["they", " said", " up", " and", " down", " x", "yz"]	[9930, 531, 510, 290, 866, 2124, 45579]	4	1	5	 down	-0.03435	4.283481	4.31783	2659	2.988347	1.295134	4.283481	5	 down	1588	3.064369	1.219111	541	1	4.283481	1.219111	1	NONE		
CONTINUATION__NOW_THEN__NONE__BARE__NONE	CONTINUATION	NOW_THEN	NONE	BARE			now	and	then	now and then	NONE		now and then	3	["now", " and", " then"]	[2197, 290, 788]	2	1	3	 then	-0.01108	3.322907	3.333987	2753	2.422943	0.899964	3.322907	3	 then	1888	2.69629	0.626617	541	1	3.322907	0.626617	1	NONE		
CONTINUATION__NOW_THEN__AGAIN__BARE__AGAIN	CONTINUATION	NOW_THEN	AGAIN	BARE			now	and	then	now and then	AGAIN	 again	now and then again	4	["now", " and", " then", " again"]	[2197, 290, 788, 757]	2	1	3	 then	-0.01108	3.322907	3.333987	2753	2.422943	0.899964	3.322907	3	 then	1888	2.69629	0.626617	541	1	3.322907	0.626617	1	NONE		
CONTINUATION__NOW_THEN__PERIOD__BARE__PERIOD	CONTINUATION	NOW_THEN	PERIOD	BARE			now	and	then	now and then	PERIOD	.	now and then.	4	["now", " and", " then", "."]	[2197, 290, 788, 13]	2	1	3	 then	-0.01108	3.322907	3.333987	2753	2.422943	0.899964	3.322907	3	 then	1888	2.69629	0.626617	541	1	3.322907	0.626617	1	NONE		
CONTINUATION__NOW_THEN__ROAD__BARE__ROAD	CONTINUATION	NOW_THEN	ROAD	BARE			now	and	then	now and then	ROAD	 the road	now and then the road	5	["now", " and", " then", " the", " road"]	[2197, 290, 788, 262, 2975]	2	1	3	 then	-0.01108	3.322907	3.333987	2753	2.422943	0.899964	3.322907	3	 then	1790	2.852696	0.470211	541	1	3.322907	0.470211	1	NONE		
CONTINUATION__NOW_THEN__CLAUSE__BARE__CLAUSE	CONTINUATION	NOW_THEN	CLAUSE	BARE			now	and	then	now and then	CLAUSE	, without stopping	now and then, without stopping	6	["now", " and", " then", ",", " without", " stopping"]	[2197, 290, 788, 11, 1231, 12225]	2	1	3	 then	-0.01108	3.322907	3.333987	2753	2.422943	0.899964	3.322907	3	 then	1837	2.785792	0.537115	541	1	3.322907	0.537115	1	NONE		
CONTINUATION__NOW_THEN__XYZ__BARE__XYZ	CONTINUATION	NOW_THEN	XYZ	BARE			now	and	then	now and then	XYZ	 xyz	now and then xyz	5	["now", " and", " then", " x", "yz"]	[2197, 290, 788, 2124, 45579]	2	1	3	 then	-0.01108	3.322907	3.333987	2753	2.422943	0.899964	3.322907	3	 then	1888	2.842341	0.480566	541	1	3.322907	0.480566	1	NONE		
CONTINUATION__NOW_THEN__NONE__V9_SPACE__NONE	CONTINUATION	NOW_THEN	NONE	V9_SPACE		 	now	and	then	now and then	NONE		 now and then	3	[" now", " and", " then"]	[783, 290, 788]	2	1	3	 then	-0.004342	3.729739	3.734081	2753	2.298113	1.431626	3.729739	3	 then	1888	3.160015	0.569724	541	1	3.729739	0.569724	1	NONE		
CONTINUATION__NOW_THEN__AGAIN__V9_SPACE__AGAIN	CONTINUATION	NOW_THEN	AGAIN	V9_SPACE		 	now	and	then	now and then	AGAIN	 again	 now and then again	4	[" now", " and", " then", " again"]	[783, 290, 788, 757]	2	1	3	 then	-0.004342	3.729739	3.734081	2753	2.298113	1.431626	3.729739	3	 then	1888	3.160015	0.569724	541	1	3.729739	0.569724	1	NONE		
CONTINUATION__NOW_THEN__PERIOD__V9_SPACE__PERIOD	CONTINUATION	NOW_THEN	PERIOD	V9_SPACE		 	now	and	then	now and then	PERIOD	.	 now and then.	4	[" now", " and", " then", "."]	[783, 290, 788, 13]	2	1	3	 then	-0.004342	3.729739	3.734081	2753	2.298113	1.431626	3.729739	3	 then	1888	3.160015	0.569724	541	1	3.729739	0.569724	1	NONE		
CONTINUATION__NOW_THEN__ROAD__V9_SPACE__ROAD	CONTINUATION	NOW_THEN	ROAD	V9_SPACE		 	now	and	then	now and then	ROAD	 the road	 now and then the road	5	[" now", " and", " then", " the", " road"]	[783, 290, 788, 262, 2975]	2	1	3	 then	-0.004342	3.729739	3.734081	2753	2.298113	1.431626	3.729739	3	 then	1888	3.160015	0.569724	541	1	3.729739	0.569724	1	NONE		
CONTINUATION__NOW_THEN__CLAUSE__V9_SPACE__CLAUSE	CONTINUATION	NOW_THEN	CLAUSE	V9_SPACE		 	now	and	then	now and then	CLAUSE	, without stopping	 now and then, without stopping	6	[" now", " and", " then", ",", " without", " stopping"]	[783, 290, 788, 11, 1231, 12225]	2	1	3	 then	-0.004342	3.729739	3.734081	2753	2.298113	1.431626	3.729739	3	 then	1888	3.160015	0.569724	541	1	3.729739	0.569724	1	NONE		
CONTINUATION__NOW_THEN__XYZ__V9_SPACE__XYZ	CONTINUATION	NOW_THEN	XYZ	V9_SPACE		 	now	and	then	now and then	XYZ	 xyz	 now and then xyz	5	[" now", " and", " then", " x", "yz"]	[783, 290, 788, 2124, 45579]	2	1	3	 then	-0.004342	3.729739	3.734081	2753	2.298113	1.431626	3.729739	3	 then	1888	3.160015	0.569724	541	1	3.729739	0.569724	1	NONE		
CONTINUATION__NOW_THEN__NONE__THE_PHRASE__NONE	CONTINUATION	NOW_THEN	NONE	THE_PHRASE	the phrase 		now	and	then	now and then	NONE		the phrase now and then	5	["the", " phrase", " now", " and", " then"]	[1169, 9546, 783, 290, 788]	4	1	5	 then	-0.010343	4.171427	4.18177	2753	2.295522	1.875905	4.171427	5	 then	2073	3.233146	0.938281	541	1	4.171427	0.938281	1	NONE		
CONTINUATION__NOW_THEN__AGAIN__THE_PHRASE__AGAIN	CONTINUATION	NOW_THEN	AGAIN	THE_PHRASE	the phrase 		now	and	then	now and then	AGAIN	 again	the phrase now and then again	6	["the", " phrase", " now", " and", " then", " again"]	[1169, 9546, 783, 290, 788, 757]	4	1	5	 then	-0.010343	4.171427	4.18177	2753	2.295522	1.875905	4.171427	5	 then	2073	3.233146	0.938281	541	1	4.171427	0.938281	1	NONE		
CONTINUATION__NOW_THEN__PERIOD__THE_PHRASE__PERIOD	CONTINUATION	NOW_THEN	PERIOD	THE_PHRASE	the phrase 		now	and	then	now and then	PERIOD	.	the phrase now and then.	6	["the", " phrase", " now", " and", " then", "."]	[1169, 9546, 783, 290, 788, 13]	4	1	5	 then	-0.010343	4.171427	4.18177	2753	2.295522	1.875905	4.171427	5	 then	2073	3.233146	0.938281	541	1	4.171427	0.938281	1	NONE		
CONTINUATION__NOW_THEN__ROAD__THE_PHRASE__ROAD	CONTINUATION	NOW_THEN	ROAD	THE_PHRASE	the phrase 		now	and	then	now and then	ROAD	 the road	the phrase now and then the road	7	["the", " phrase", " now", " and", " then", " the", " road"]	[1169, 9546, 783, 290, 788, 262, 2975]	4	1	5	 then	-0.010343	4.171427	4.18177	2753	2.295522	1.875905	4.171427	5	 then	2073	3.233146	0.938281	541	1	4.171427	0.938281	1	NONE		
CONTINUATION__NOW_THEN__CLAUSE__THE_PHRASE__CLAUSE	CONTINUATION	NOW_THEN	CLAUSE	THE_PHRASE	the phrase 		now	and	then	now and then	CLAUSE	, without stopping	the phrase now and then, without stopping	8	["the", " phrase", " now", " and", " then", ",", " without", " stopping"]	[1169, 9546, 783, 290, 788, 11, 1231, 12225]	4	1	5	 then	-0.010343	4.171427	4.18177	2753	2.295522	1.875905	4.171427	5	 then	2073	3.233146	0.938281	541	1	4.171427	0.938281	1	NONE		
CONTINUATION__NOW_THEN__XYZ__THE_PHRASE__XYZ	CONTINUATION	NOW_THEN	XYZ	THE_PHRASE	the phrase 		now	and	then	now and then	XYZ	 xyz	the phrase now and then xyz	7	["the", " phrase", " now", " and", " then", " x", "yz"]	[1169, 9546, 783, 290, 788, 2124, 45579]	4	1	5	 then	-0.010343	4.171427	4.18177	2753	2.295522	1.875905	4.171427	5	 then	2073	3.233146	0.938281	541	1	4.171427	0.938281	1	NONE		
CONTINUATION__NOW_THEN__NONE__THEY_SAID__NONE	CONTINUATION	NOW_THEN	NONE	THEY_SAID	they said 		now	and	then	now and then	NONE		they said now and then	5	["they", " said", " now", " and", " then"]	[9930, 531, 783, 290, 788]	4	1	5	 then	-0.018547	3.794527	3.813073	2753	2.461329	1.333198	3.794527	5	 then	1790	2.524056	1.270471	541	1	3.794527	1.270471	1	NONE		
CONTINUATION__NOW_THEN__AGAIN__THEY_SAID__AGAIN	CONTINUATION	NOW_THEN	AGAIN	THEY_SAID	they said 		now	and	then	now and then	AGAIN	 again	they said now and then again	6	["they", " said", " now", " and", " then", " again"]	[9930, 531, 783, 290, 788, 757]	4	1	5	 then	-0.018547	3.794527	3.813073	2753	2.461329	1.333198	3.794527	5	 then	1790	2.524056	1.270471	541	1	3.794527	1.270471	1	NONE		
CONTINUATION__NOW_THEN__PERIOD__THEY_SAID__PERIOD	CONTINUATION	NOW_THEN	PERIOD	THEY_SAID	they said 		now	and	then	now and then	PERIOD	.	they said now and then.	6	["they", " said", " now", " and", " then", "."]	[9930, 531, 783, 290, 788, 13]	4	1	5	 then	-0.018547	3.794527	3.813073	2753	2.461329	1.333198	3.794527	5	 then	1790	2.524056	1.270471	541	1	3.794527	1.270471	1	NONE		
CONTINUATION__NOW_THEN__ROAD__THEY_SAID__ROAD	CONTINUATION	NOW_THEN	ROAD	THEY_SAID	they said 		now	and	then	now and then	ROAD	 the road	they said now and then the road	7	["they", " said", " now", " and", " then", " the", " road"]	[9930, 531, 783, 290, 788, 262, 2975]	4	1	5	 then	-0.018547	3.794527	3.813073	2753	2.461329	1.333198	3.794527	5	 then	2073	2.77904	1.015486	541	1	3.794527	1.015486	1	NONE		
CONTINUATION__NOW_THEN__CLAUSE__THEY_SAID__CLAUSE	CONTINUATION	NOW_THEN	CLAUSE	THEY_SAID	they said 		now	and	then	now and then	CLAUSE	, without stopping	they said now and then, without stopping	8	["they", " said", " now", " and", " then", ",", " without", " stopping"]	[9930, 531, 783, 290, 788, 11, 1231, 12225]	4	1	5	 then	-0.018547	3.794527	3.813073	2753	2.461329	1.333198	3.794527	5	 then	1790	2.524056	1.270471	541	1	3.794527	1.270471	1	NONE		
CONTINUATION__NOW_THEN__XYZ__THEY_SAID__XYZ	CONTINUATION	NOW_THEN	XYZ	THEY_SAID	they said 		now	and	then	now and then	XYZ	 xyz	they said now and then xyz	7	["they", " said", " now", " and", " then", " x", "yz"]	[9930, 531, 783, 290, 788, 2124, 45579]	4	1	5	 then	-0.018547	3.794527	3.813073	2753	2.461329	1.333198	3.794527	5	 then	1588	2.826642	0.967885	541	1	3.794527	0.967885	1	NONE		
CONTINUATION__HERE_THERE__NONE__BARE__NONE	CONTINUATION	HERE_THERE	NONE	BARE			here	and	there	here and there	NONE		here and there	3	["here", " and", " there"]	[1456, 290, 612]	2	1	3	 there	-0.016764	4.18168	4.198445	2753	2.63077	1.55091	4.18168	3	 there	2753	2.63077	1.55091	541	1	4.18168	1.55091	1	NONE		
CONTINUATION__HERE_THERE__AGAIN__BARE__AGAIN	CONTINUATION	HERE_THERE	AGAIN	BARE			here	and	there	here and there	AGAIN	 again	here and there again	4	["here", " and", " there", " again"]	[1456, 290, 612, 757]	2	1	3	 there	-0.016764	4.18168	4.198445	2753	2.63077	1.55091	4.18168	3	 there	2753	2.63077	1.55091	541	1	4.18168	1.55091	1	NONE		
CONTINUATION__HERE_THERE__PERIOD__BARE__PERIOD	CONTINUATION	HERE_THERE	PERIOD	BARE			here	and	there	here and there	PERIOD	.	here and there.	4	["here", " and", " there", "."]	[1456, 290, 612, 13]	2	1	3	 there	-0.016764	4.18168	4.198445	2753	2.63077	1.55091	4.18168	3	 there	2753	2.63077	1.55091	541	1	4.18168	1.55091	1	NONE		
CONTINUATION__HERE_THERE__ROAD__BARE__ROAD	CONTINUATION	HERE_THERE	ROAD	BARE			here	and	there	here and there	ROAD	 the road	here and there the road	5	["here", " and", " there", " the", " road"]	[1456, 290, 612, 262, 2975]	2	1	3	 there	-0.016764	4.18168	4.198445	2753	2.63077	1.55091	4.18168	3	 there	2753	2.63077	1.55091	541	1	4.18168	1.55091	1	NONE		
CONTINUATION__HERE_THERE__CLAUSE__BARE__CLAUSE	CONTINUATION	HERE_THERE	CLAUSE	BARE			here	and	there	here and there	CLAUSE	, without stopping	here and there, without stopping	6	["here", " and", " there", ",", " without", " stopping"]	[1456, 290, 612, 11, 1231, 12225]	2	1	3	 there	-0.016764	4.18168	4.198445	2753	2.63077	1.55091	4.18168	3	 there	2753	2.63077	1.55091	541	1	4.18168	1.55091	1	NONE		
CONTINUATION__HERE_THERE__XYZ__BARE__XYZ	CONTINUATION	HERE_THERE	XYZ	BARE			here	and	there	here and there	XYZ	 xyz	here and there xyz	5	["here", " and", " there", " x", "yz"]	[1456, 290, 612, 2124, 45579]	2	1	3	 there	-0.016764	4.18168	4.198445	2753	2.63077	1.55091	4.18168	3	 there	1588	3.105795	1.075885	541	1	4.18168	1.075885	1	NONE		
CONTINUATION__HERE_THERE__NONE__V9_SPACE__NONE	CONTINUATION	HERE_THERE	NONE	V9_SPACE		 	here	and	there	here and there	NONE		 here and there	3	[" here", " and", " there"]	[994, 290, 612]	2	1	3	 there	-0.012329	3.824301	3.83663	2753	2.61626	1.208041	3.824301	3	 there	464	2.896075	0.928227	541	1	3.824301	0.928227	1	NONE		
CONTINUATION__HERE_THERE__AGAIN__V9_SPACE__AGAIN	CONTINUATION	HERE_THERE	AGAIN	V9_SPACE		 	here	and	there	here and there	AGAIN	 again	 here and there again	4	[" here", " and", " there", " again"]	[994, 290, 612, 757]	2	1	3	 there	-0.012329	3.824301	3.83663	2753	2.61626	1.208041	3.824301	3	 there	464	2.896075	0.928227	541	1	3.824301	0.928227	1	NONE		
CONTINUATION__HERE_THERE__PERIOD__V9_SPACE__PERIOD	CONTINUATION	HERE_THERE	PERIOD	V9_SPACE		 	here	and	there	here and there	PERIOD	.	 here and there.	4	[" here", " and", " there", "."]	[994, 290, 612, 13]	2	1	3	 there	-0.012329	3.824301	3.83663	2753	2.61626	1.208041	3.824301	3	 there	464	2.896075	0.928227	541	1	3.824301	0.928227	1	NONE		
CONTINUATION__HERE_THERE__ROAD__V9_SPACE__ROAD	CONTINUATION	HERE_THERE	ROAD	V9_SPACE		 	here	and	there	here and there	ROAD	 the road	 here and there the road	5	[" here", " and", " there", " the", " road"]	[994, 290, 612, 262, 2975]	2	1	3	 there	-0.012329	3.824301	3.83663	2753	2.61626	1.208041	3.824301	3	 there	464	2.896075	0.928227	541	1	3.824301	0.928227	1	NONE		
CONTINUATION__HERE_THERE__CLAUSE__V9_SPACE__CLAUSE	CONTINUATION	HERE_THERE	CLAUSE	V9_SPACE		 	here	and	there	here and there	CLAUSE	, without stopping	 here and there, without stopping	6	[" here", " and", " there", ",", " without", " stopping"]	[994, 290, 612, 11, 1231, 12225]	2	1	3	 there	-0.012329	3.824301	3.83663	2753	2.61626	1.208041	3.824301	3	 there	464	2.896075	0.928227	541	1	3.824301	0.928227	1	NONE		
CONTINUATION__HERE_THERE__XYZ__V9_SPACE__XYZ	CONTINUATION	HERE_THERE	XYZ	V9_SPACE		 	here	and	there	here and there	XYZ	 xyz	 here and there xyz	5	[" here", " and", " there", " x", "yz"]	[994, 290, 612, 2124, 45579]	2	1	3	 there	-0.012329	3.824301	3.83663	2753	2.61626	1.208041	3.824301	3	 there	1588	3.053061	0.771241	541	1	3.824301	0.771241	1	NONE		
CONTINUATION__HERE_THERE__NONE__THE_PHRASE__NONE	CONTINUATION	HERE_THERE	NONE	THE_PHRASE	the phrase 		here	and	there	here and there	NONE		the phrase here and there	5	["the", " phrase", " here", " and", " there"]	[1169, 9546, 994, 290, 612]	4	1	5	 there	-0.004793	4.150404	4.155197	2753	2.695368	1.455036	4.150404	5	 there	2073	3.233146	0.917258	541	1	4.150404	0.917258	1	NONE		
CONTINUATION__HERE_THERE__AGAIN__THE_PHRASE__AGAIN	CONTINUATION	HERE_THERE	AGAIN	THE_PHRASE	the phrase 		here	and	there	here and there	AGAIN	 again	the phrase here and there again	6	["the", " phrase", " here", " and", " there", " again"]	[1169, 9546, 994, 290, 612, 757]	4	1	5	 there	-0.004793	4.150404	4.155197	2753	2.695368	1.455036	4.150404	5	 there	2073	3.233146	0.917258	541	1	4.150404	0.917258	1	NONE		
CONTINUATION__HERE_THERE__PERIOD__THE_PHRASE__PERIOD	CONTINUATION	HERE_THERE	PERIOD	THE_PHRASE	the phrase 		here	and	there	here and there	PERIOD	.	the phrase here and there.	6	["the", " phrase", " here", " and", " there", "."]	[1169, 9546, 994, 290, 612, 13]	4	1	5	 there	-0.004793	4.150404	4.155197	2753	2.695368	1.455036	4.150404	5	 there	2073	3.233146	0.917258	541	1	4.150404	0.917258	1	NONE		
CONTINUATION__HERE_THERE__ROAD__THE_PHRASE__ROAD	CONTINUATION	HERE_THERE	ROAD	THE_PHRASE	the phrase 		here	and	there	here and there	ROAD	 the road	the phrase here and there the road	7	["the", " phrase", " here", " and", " there", " the", " road"]	[1169, 9546, 994, 290, 612, 262, 2975]	4	1	5	 there	-0.004793	4.150404	4.155197	2753	2.695368	1.455036	4.150404	5	 there	2073	3.233146	0.917258	541	1	4.150404	0.917258	1	NONE		
CONTINUATION__HERE_THERE__CLAUSE__THE_PHRASE__CLAUSE	CONTINUATION	HERE_THERE	CLAUSE	THE_PHRASE	the phrase 		here	and	there	here and there	CLAUSE	, without stopping	the phrase here and there, without stopping	8	["the", " phrase", " here", " and", " there", ",", " without", " stopping"]	[1169, 9546, 994, 290, 612, 11, 1231, 12225]	4	1	5	 there	-0.004793	4.1504	4.155192	2753	2.695368	1.455032	4.1504	5	 there	2073	3.233145	0.917254	541	1	4.1504	0.917254	1	NONE		
CONTINUATION__HERE_THERE__XYZ__THE_PHRASE__XYZ	CONTINUATION	HERE_THERE	XYZ	THE_PHRASE	the phrase 		here	and	there	here and there	XYZ	 xyz	the phrase here and there xyz	7	["the", " phrase", " here", " and", " there", " x", "yz"]	[1169, 9546, 994, 290, 612, 2124, 45579]	4	1	5	 there	-0.004793	4.1504	4.155192	2753	2.695368	1.455032	4.1504	5	 there	2073	3.233145	0.917254	541	1	4.1504	0.917254	1	NONE		
CONTINUATION__HERE_THERE__NONE__THEY_SAID__NONE	CONTINUATION	HERE_THERE	NONE	THEY_SAID	they said 		here	and	there	here and there	NONE		they said here and there	5	["they", " said", " here", " and", " there"]	[9930, 531, 994, 290, 612]	4	1	5	 there	-0.015843	4.241705	4.257548	2753	2.928568	1.313137	4.241705	5	 there	2753	2.928568	1.313137	541	1	4.241705	1.313137	1	NONE		
CONTINUATION__HERE_THERE__AGAIN__THEY_SAID__AGAIN	CONTINUATION	HERE_THERE	AGAIN	THEY_SAID	they said 		here	and	there	here and there	AGAIN	 again	they said here and there again	6	["they", " said", " here", " and", " there", " again"]	[9930, 531, 994, 290, 612, 757]	4	1	5	 there	-0.015843	4.241705	4.257548	2753	2.928568	1.313137	4.241705	5	 there	2753	2.928568	1.313137	541	1	4.241705	1.313137	1	NONE		
CONTINUATION__HERE_THERE__PERIOD__THEY_SAID__PERIOD	CONTINUATION	HERE_THERE	PERIOD	THEY_SAID	they said 		here	and	there	here and there	PERIOD	.	they said here and there.	6	["they", " said", " here", " and", " there", "."]	[9930, 531, 994, 290, 612, 13]	4	1	5	 there	-0.015843	4.241705	4.257548	2753	2.928568	1.313137	4.241705	5	 there	2753	2.928568	1.313137	541	1	4.241705	1.313137	1	NONE		
CONTINUATION__HERE_THERE__ROAD__THEY_SAID__ROAD	CONTINUATION	HERE_THERE	ROAD	THEY_SAID	they said 		here	and	there	here and there	ROAD	 the road	they said here and there the road	7	["they", " said", " here", " and", " there", " the", " road"]	[9930, 531, 994, 290, 612, 262, 2975]	4	1	5	 there	-0.015843	4.241705	4.257548	2753	2.928568	1.313137	4.241705	5	 there	2753	2.928568	1.313137	541	1	4.241705	1.313137	1	NONE		
CONTINUATION__HERE_THERE__CLAUSE__THEY_SAID__CLAUSE	CONTINUATION	HERE_THERE	CLAUSE	THEY_SAID	they said 		here	and	there	here and there	CLAUSE	, without stopping	they said here and there, without stopping	8	["they", " said", " here", " and", " there", ",", " without", " stopping"]	[9930, 531, 994, 290, 612, 11, 1231, 12225]	4	1	5	 there	-0.015843	4.241705	4.257548	2753	2.928568	1.313137	4.241705	5	 there	2753	2.928568	1.313137	541	1	4.241705	1.313137	1	NONE		
CONTINUATION__HERE_THERE__XYZ__THEY_SAID__XYZ	CONTINUATION	HERE_THERE	XYZ	THEY_SAID	they said 		here	and	there	here and there	XYZ	 xyz	they said here and there xyz	7	["they", " said", " here", " and", " there", " x", "yz"]	[9930, 531, 994, 290, 612, 2124, 45579]	4	1	5	 there	-0.015843	4.241705	4.257548	2753	2.928568	1.313137	4.241705	5	 there	1588	3.164773	1.076933	541	1	4.241705	1.076933	1	NONE		
CARRIER_CONTROL__THE_PHRASE	CARRIER_CONTROL	THE_PHRASE	CARRIER_ONLY	THE_PHRASE	the 				phrase	phrase	NONE		the phrase	2	["the", " phrase"]	[1169, 9546]	1	1	2	 phrase	-0.058428	-0.055584	0.002844	2073	3.233145	-3.288729	-0.000102	0	<BOS>	2073	3.233145	-3.233247	2073	0	3.233145	0.489396	0		fixed carrier measured without construction	
CARRIER_CONTROL__THEY_SAID	CARRIER_CONTROL	THEY_SAID	CARRIER_ONLY	THEY_SAID	they 				said	said	NONE		they said	2	["they", " said"]	[9930, 531]	1	1	2	 said	-0.133193	-0.03838	0.094814	2982	1.845008	-1.883387	-0.000102	0	<BOS>	2256	2.360871	-2.360972	2256	0	2.360871	0.053379	0		fixed carrier measured without construction	
