# generated_utc	2026-08-14T19:14:46+00:00
# script	probe_v11.py
# python	3.11.15
# torch	2.9.0+cu128
# transformers	4.57.1
# device	cuda:0
# gpu	NVIDIA GeForce RTX 5060 Laptop GPU
# revision	607a30d783dfa663caf39e06633721c8d4cfcd7e
# layer	5
# tf32_matmul	False
# tf32_cudnn	False
# theta_sha256	113687a222f8cf98039222c27b39aaf716493e5e8c1db94ea4e6544e0814088c
# n_rows	1034
comparison_id	comparison_type	branch	seed_id	carrier_id	baseline_variant	variant	baseline_case_id	case_id	baseline_string	string	strict_token_position_match	baseline_pre_second_body_tokens	pre_second_body_tokens	baseline_second_realised_tokens	second_realised_tokens	raw_completion_541_change	raw_completion_increment_change	peak_541_change	signed_541_margin_change	baseline_dest	dest	baseline_retained_541	retained_541	retention_changed	native_connector	frame_class	source_provenance	completion_token_match	second_token_count_match
FRAME_CROSS__AFTER_WAVE__KNOWN_REPEAT__BARE__NONE__TO__KNOWN_RELATED	WITHIN_CARRIER	FRAME_CROSS	AFTER_WAVE	BARE	KNOWN_REPEAT	KNOWN_RELATED	FRAME_CROSS__AFTER_WAVE__KNOWN_REPEAT__BARE__NONE	FRAME_CROSS__AFTER_WAVE__KNOWN_RELATED__BARE__NONE	wave after wave	wave after tide	1	2	2	1	1	-1.979282	-1.979283	-1.979282	-1.979282	1888	1888	0	0	0	after	RELATED_DISTINCT	V9_ATTESTED		
FRAME_CROSS__AFTER_WAVE__KNOWN_REPEAT__BARE__NONE__TO__KNOWN_ARBITRARY	WITHIN_CARRIER	FRAME_CROSS	AFTER_WAVE	BARE	KNOWN_REPEAT	KNOWN_ARBITRARY	FRAME_CROSS__AFTER_WAVE__KNOWN_REPEAT__BARE__NONE	FRAME_CROSS__AFTER_WAVE__KNOWN_ARBITRARY__BARE__NONE	wave after wave	wave after window	1	2	2	1	1	-2.436905	-2.436905	-2.436905	-2.436905	1888	1888	0	0	0	after	ARBITRARY_DISTINCT	V9_ATTESTED		
FRAME_CROSS__AFTER_WAVE__KNOWN_REPEAT__BARE__NONE__TO__ARBITRARY_KNOWN	WITHIN_CARRIER	FRAME_CROSS	AFTER_WAVE	BARE	KNOWN_REPEAT	ARBITRARY_KNOWN	FRAME_CROSS__AFTER_WAVE__KNOWN_REPEAT__BARE__NONE	FRAME_CROSS__AFTER_WAVE__ARBITRARY_KNOWN__BARE__NONE	wave after wave	gravel after wave	0	2	3	1	1	-3.342933	-3.373277	-3.210816	-2.922143	1888	1888	0	0	0	after	ARBITRARY_DISTINCT	V9_ATTESTED		
FRAME_CROSS__AFTER_WAVE__KNOWN_REPEAT__BARE__NONE__TO__ARBITRARY_REPEAT	WITHIN_CARRIER	FRAME_CROSS	AFTER_WAVE	BARE	KNOWN_REPEAT	ARBITRARY_REPEAT	FRAME_CROSS__AFTER_WAVE__KNOWN_REPEAT__BARE__NONE	FRAME_CROSS__AFTER_WAVE__ARBITRARY_REPEAT__BARE__NONE	wave after wave	gravel after gravel	0	2	3	1	1	-2.927379	-2.957723	-2.927379	-2.638706	1888	1888	0	0	0	after	NOVEL_REPEAT	V9_ATTESTED		
FRAME_CROSS__AFTER_WAVE__KNOWN_REPEAT__BARE__NONE__TO__ARBITRARY_DISTINCT	WITHIN_CARRIER	FRAME_CROSS	AFTER_WAVE	BARE	KNOWN_REPEAT	ARBITRARY_DISTINCT	FRAME_CROSS__AFTER_WAVE__KNOWN_REPEAT__BARE__NONE	FRAME_CROSS__AFTER_WAVE__ARBITRARY_DISTINCT__BARE__NONE	wave after wave	gravel after window	0	2	3	1	1	-2.754841	-2.785186	-2.754841	-2.466169	1888	1888	0	0	0	after	NOVEL_DISTINCT	V9_ATTESTED		
FRAME_CROSS__AFTER_WAVE__KNOWN_REPEAT__BARE__NONE__TO__KNOWN_NO_CONNECTOR	WITHIN_CARRIER	FRAME_CROSS	AFTER_WAVE	BARE	KNOWN_REPEAT	KNOWN_NO_CONNECTOR	FRAME_CROSS__AFTER_WAVE__KNOWN_REPEAT__BARE__NONE	FRAME_CROSS__AFTER_WAVE__KNOWN_NO_CONNECTOR__BARE__NONE	wave after wave	wave wave	0	2	1	1	1	-3.354961	-3.297293	-3.210816	-3.210816	1888	1888	0	0	0	after	NO_CONNECTOR	V9_ATTESTED		
FRAME_CROSS__AFTER_WAVE__KNOWN_REPEAT__BARE__NONE__TO__ARBITRARY_NO_CONNECTOR	WITHIN_CARRIER	FRAME_CROSS	AFTER_WAVE	BARE	KNOWN_REPEAT	ARBITRARY_NO_CONNECTOR	FRAME_CROSS__AFTER_WAVE__KNOWN_REPEAT__BARE__NONE	FRAME_CROSS__AFTER_WAVE__ARBITRARY_NO_CONNECTOR__BARE__NONE	wave after wave	gravel gravel	1	2	2	1	1	-3.271022	-3.275656	-3.210816	-2.922143	1888	1888	0	0	0	after	NO_CONNECTOR	V9_ATTESTED		
FRAME_CROSS__AFTER_WAVE__KNOWN_REPEAT__V9_SPACE__NONE__TO__KNOWN_RELATED	WITHIN_CARRIER	FRAME_CROSS	AFTER_WAVE	V9_SPACE	KNOWN_REPEAT	KNOWN_RELATED	FRAME_CROSS__AFTER_WAVE__KNOWN_REPEAT__V9_SPACE__NONE	FRAME_CROSS__AFTER_WAVE__KNOWN_RELATED__V9_SPACE__NONE	 wave after wave	 wave after tide	1	2	2	1	1	-2.608836	-2.608836	-2.608836	-2.608836	1888	1888	0	0	0	after	RELATED_DISTINCT	V9_ATTESTED		
FRAME_CROSS__AFTER_WAVE__KNOWN_REPEAT__V9_SPACE__NONE__TO__KNOWN_ARBITRARY	WITHIN_CARRIER	FRAME_CROSS	AFTER_WAVE	V9_SPACE	KNOWN_REPEAT	KNOWN_ARBITRARY	FRAME_CROSS__AFTER_WAVE__KNOWN_REPEAT__V9_SPACE__NONE	FRAME_CROSS__AFTER_WAVE__KNOWN_ARBITRARY__V9_SPACE__NONE	 wave after wave	 wave after window	1	2	2	1	1	-3.268565	-3.268566	-3.268565	-3.268565	1888	1888	0	0	0	after	ARBITRARY_DISTINCT	V9_ATTESTED		
FRAME_CROSS__AFTER_WAVE__KNOWN_REPEAT__V9_SPACE__NONE__TO__ARBITRARY_KNOWN	WITHIN_CARRIER	FRAME_CROSS	AFTER_WAVE	V9_SPACE	KNOWN_REPEAT	ARBITRARY_KNOWN	FRAME_CROSS__AFTER_WAVE__KNOWN_REPEAT__V9_SPACE__NONE	FRAME_CROSS__AFTER_WAVE__ARBITRARY_KNOWN__V9_SPACE__NONE	 wave after wave	 gravel after wave	1	2	2	1	1	-3.55403	-3.583073	-3.388319	-3.154027	1888	1888	0	0	0	after	ARBITRARY_DISTINCT	V9_ATTESTED		
FRAME_CROSS__AFTER_WAVE__KNOWN_REPEAT__V9_SPACE__NONE__TO__ARBITRARY_REPEAT	WITHIN_CARRIER	FRAME_CROSS	AFTER_WAVE	V9_SPACE	KNOWN_REPEAT	ARBITRARY_REPEAT	FRAME_CROSS__AFTER_WAVE__KNOWN_REPEAT__V9_SPACE__NONE	FRAME_CROSS__AFTER_WAVE__ARBITRARY_REPEAT__V9_SPACE__NONE	 wave after wave	 gravel after gravel	1	2	2	1	1	-2.424889	-2.453932	-2.424889	-2.190597	1888	1888	0	0	0	after	NOVEL_REPEAT	V9_ATTESTED		
FRAME_CROSS__AFTER_WAVE__KNOWN_REPEAT__V9_SPACE__NONE__TO__ARBITRARY_DISTINCT	WITHIN_CARRIER	FRAME_CROSS	AFTER_WAVE	V9_SPACE	KNOWN_REPEAT	ARBITRARY_DISTINCT	FRAME_CROSS__AFTER_WAVE__KNOWN_REPEAT__V9_SPACE__NONE	FRAME_CROSS__AFTER_WAVE__ARBITRARY_DISTINCT__V9_SPACE__NONE	 wave after wave	 gravel after window	1	2	2	1	1	-3.150824	-3.179867	-3.150824	-2.916532	1888	1888	0	0	0	after	NOVEL_DISTINCT	V9_ATTESTED		
FRAME_CROSS__AFTER_WAVE__KNOWN_REPEAT__V9_SPACE__NONE__TO__KNOWN_NO_CONNECTOR	WITHIN_CARRIER	FRAME_CROSS	AFTER_WAVE	V9_SPACE	KNOWN_REPEAT	KNOWN_NO_CONNECTOR	FRAME_CROSS__AFTER_WAVE__KNOWN_REPEAT__V9_SPACE__NONE	FRAME_CROSS__AFTER_WAVE__KNOWN_NO_CONNECTOR__V9_SPACE__NONE	 wave after wave	 wave wave	0	2	1	1	1	-3.418352	-3.322985	-3.388319	-3.388319	1888	1888	0	0	0	after	NO_CONNECTOR	V9_ATTESTED		
FRAME_CROSS__AFTER_WAVE__KNOWN_REPEAT__V9_SPACE__NONE__TO__ARBITRARY_NO_CONNECTOR	WITHIN_CARRIER	FRAME_CROSS	AFTER_WAVE	V9_SPACE	KNOWN_REPEAT	ARBITRARY_NO_CONNECTOR	FRAME_CROSS__AFTER_WAVE__KNOWN_REPEAT__V9_SPACE__NONE	FRAME_CROSS__AFTER_WAVE__ARBITRARY_NO_CONNECTOR__V9_SPACE__NONE	 wave after wave	 gravel gravel	0	2	1	1	1	-3.52081	-3.448516	-3.388319	-3.154027	1888	1888	0	0	0	after	NO_CONNECTOR	V9_ATTESTED		
FRAME_CROSS__AFTER_WAVE__KNOWN_REPEAT__THE_PHRASE__NONE__TO__KNOWN_RELATED	WITHIN_CARRIER	FRAME_CROSS	AFTER_WAVE	THE_PHRASE	KNOWN_REPEAT	KNOWN_RELATED	FRAME_CROSS__AFTER_WAVE__KNOWN_REPEAT__THE_PHRASE__NONE	FRAME_CROSS__AFTER_WAVE__KNOWN_RELATED__THE_PHRASE__NONE	the phrase wave after wave	the phrase wave after tide	1	4	4	1	1	-1.795198	-1.795198	-1.795198	-1.795198	2073	2073	0	0	0	after	RELATED_DISTINCT	V9_ATTESTED		
FRAME_CROSS__AFTER_WAVE__KNOWN_REPEAT__THE_PHRASE__NONE__TO__KNOWN_ARBITRARY	WITHIN_CARRIER	FRAME_CROSS	AFTER_WAVE	THE_PHRASE	KNOWN_REPEAT	KNOWN_ARBITRARY	FRAME_CROSS__AFTER_WAVE__KNOWN_REPEAT__THE_PHRASE__NONE	FRAME_CROSS__AFTER_WAVE__KNOWN_ARBITRARY__THE_PHRASE__NONE	the phrase wave after wave	the phrase wave after window	1	4	4	1	1	-2.560171	-2.560171	-2.560171	-2.560171	2073	2073	0	0	0	after	ARBITRARY_DISTINCT	V9_ATTESTED		
FRAME_CROSS__AFTER_WAVE__KNOWN_REPEAT__THE_PHRASE__NONE__TO__ARBITRARY_KNOWN	WITHIN_CARRIER	FRAME_CROSS	AFTER_WAVE	THE_PHRASE	KNOWN_REPEAT	ARBITRARY_KNOWN	FRAME_CROSS__AFTER_WAVE__KNOWN_REPEAT__THE_PHRASE__NONE	FRAME_CROSS__AFTER_WAVE__ARBITRARY_KNOWN__THE_PHRASE__NONE	the phrase wave after wave	the phrase gravel after wave	1	4	4	1	1	-3.11373	-3.159117	-2.947501	-2.947501	2073	2073	0	0	0	after	ARBITRARY_DISTINCT	V9_ATTESTED		
FRAME_CROSS__AFTER_WAVE__KNOWN_REPEAT__THE_PHRASE__NONE__TO__ARBITRARY_REPEAT	WITHIN_CARRIER	FRAME_CROSS	AFTER_WAVE	THE_PHRASE	KNOWN_REPEAT	ARBITRARY_REPEAT	FRAME_CROSS__AFTER_WAVE__KNOWN_REPEAT__THE_PHRASE__NONE	FRAME_CROSS__AFTER_WAVE__ARBITRARY_REPEAT__THE_PHRASE__NONE	the phrase wave after wave	the phrase gravel after gravel	1	4	4	1	1	-2.050332	-2.095719	-2.050332	-2.050332	2073	2073	0	0	0	after	NOVEL_REPEAT	V9_ATTESTED		
FRAME_CROSS__AFTER_WAVE__KNOWN_REPEAT__THE_PHRASE__NONE__TO__ARBITRARY_DISTINCT	WITHIN_CARRIER	FRAME_CROSS	AFTER_WAVE	THE_PHRASE	KNOWN_REPEAT	ARBITRARY_DISTINCT	FRAME_CROSS__AFTER_WAVE__KNOWN_REPEAT__THE_PHRASE__NONE	FRAME_CROSS__AFTER_WAVE__ARBITRARY_DISTINCT__THE_PHRASE__NONE	the phrase wave after wave	the phrase gravel after window	1	4	4	1	1	-2.416681	-2.462068	-2.416681	-2.416681	2073	2073	0	0	0	after	NOVEL_DISTINCT	V9_ATTESTED		
FRAME_CROSS__AFTER_WAVE__KNOWN_REPEAT__THE_PHRASE__NONE__TO__KNOWN_NO_CONNECTOR	WITHIN_CARRIER	FRAME_CROSS	AFTER_WAVE	THE_PHRASE	KNOWN_REPEAT	KNOWN_NO_CONNECTOR	FRAME_CROSS__AFTER_WAVE__KNOWN_REPEAT__THE_PHRASE__NONE	FRAME_CROSS__AFTER_WAVE__KNOWN_NO_CONNECTOR__THE_PHRASE__NONE	the phrase wave after wave	the phrase wave wave	0	4	3	1	1	-3.068611	-3.087789	-2.947501	-2.947501	2073	2073	0	0	0	after	NO_CONNECTOR	V9_ATTESTED		
FRAME_CROSS__AFTER_WAVE__KNOWN_REPEAT__THE_PHRASE__NONE__TO__ARBITRARY_NO_CONNECTOR	WITHIN_CARRIER	FRAME_CROSS	AFTER_WAVE	THE_PHRASE	KNOWN_REPEAT	ARBITRARY_NO_CONNECTOR	FRAME_CROSS__AFTER_WAVE__KNOWN_REPEAT__THE_PHRASE__NONE	FRAME_CROSS__AFTER_WAVE__ARBITRARY_NO_CONNECTOR__THE_PHRASE__NONE	the phrase wave after wave	the phrase gravel gravel	0	4	3	1	1	-3.033807	-3.065527	-2.947501	-2.947501	2073	2073	0	0	0	after	NO_CONNECTOR	V9_ATTESTED		
FRAME_CROSS__AFTER_WAVE__KNOWN_REPEAT__THEY_SAID__NONE__TO__KNOWN_RELATED	WITHIN_CARRIER	FRAME_CROSS	AFTER_WAVE	THEY_SAID	KNOWN_REPEAT	KNOWN_RELATED	FRAME_CROSS__AFTER_WAVE__KNOWN_REPEAT__THEY_SAID__NONE	FRAME_CROSS__AFTER_WAVE__KNOWN_RELATED__THEY_SAID__NONE	they said wave after wave	they said wave after tide	1	4	4	1	1	-2.100208	-2.100207	-2.100208	-2.100207	541	419	1	0	1	after	RELATED_DISTINCT	V9_ATTESTED		
FRAME_CROSS__AFTER_WAVE__KNOWN_REPEAT__THEY_SAID__NONE__TO__KNOWN_ARBITRARY	WITHIN_CARRIER	FRAME_CROSS	AFTER_WAVE	THEY_SAID	KNOWN_REPEAT	KNOWN_ARBITRARY	FRAME_CROSS__AFTER_WAVE__KNOWN_REPEAT__THEY_SAID__NONE	FRAME_CROSS__AFTER_WAVE__KNOWN_ARBITRARY__THEY_SAID__NONE	they said wave after wave	they said wave after window	1	4	4	1	1	-3.531905	-3.531905	-3.531905	-3.531904	541	419	1	0	1	after	ARBITRARY_DISTINCT	V9_ATTESTED		
FRAME_CROSS__AFTER_WAVE__KNOWN_REPEAT__THEY_SAID__NONE__TO__ARBITRARY_KNOWN	WITHIN_CARRIER	FRAME_CROSS	AFTER_WAVE	THEY_SAID	KNOWN_REPEAT	ARBITRARY_KNOWN	FRAME_CROSS__AFTER_WAVE__KNOWN_REPEAT__THEY_SAID__NONE	FRAME_CROSS__AFTER_WAVE__ARBITRARY_KNOWN__THEY_SAID__NONE	they said wave after wave	they said gravel after wave	1	4	4	1	1	-3.864561	-3.899201	-3.694934	-3.25805	541	2256	1	0	1	after	ARBITRARY_DISTINCT	V9_ATTESTED		
FRAME_CROSS__AFTER_WAVE__KNOWN_REPEAT__THEY_SAID__NONE__TO__ARBITRARY_REPEAT	WITHIN_CARRIER	FRAME_CROSS	AFTER_WAVE	THEY_SAID	KNOWN_REPEAT	ARBITRARY_REPEAT	FRAME_CROSS__AFTER_WAVE__KNOWN_REPEAT__THEY_SAID__NONE	FRAME_CROSS__AFTER_WAVE__ARBITRARY_REPEAT__THEY_SAID__NONE	they said wave after wave	they said gravel after gravel	1	4	4	1	1	-2.481479	-2.516119	-2.481479	-2.147903	541	2566	1	0	1	after	NOVEL_REPEAT	V9_ATTESTED		
FRAME_CROSS__AFTER_WAVE__KNOWN_REPEAT__THEY_SAID__NONE__TO__ARBITRARY_DISTINCT	WITHIN_CARRIER	FRAME_CROSS	AFTER_WAVE	THEY_SAID	KNOWN_REPEAT	ARBITRARY_DISTINCT	FRAME_CROSS__AFTER_WAVE__KNOWN_REPEAT__THEY_SAID__NONE	FRAME_CROSS__AFTER_WAVE__ARBITRARY_DISTINCT__THEY_SAID__NONE	they said wave after wave	they said gravel after window	1	4	4	1	1	-3.527506	-3.562146	-3.527506	-3.324383	541	1790	1	0	1	after	NOVEL_DISTINCT	V9_ATTESTED		
FRAME_CROSS__AFTER_WAVE__KNOWN_REPEAT__THEY_SAID__NONE__TO__KNOWN_NO_CONNECTOR	WITHIN_CARRIER	FRAME_CROSS	AFTER_WAVE	THEY_SAID	KNOWN_REPEAT	KNOWN_NO_CONNECTOR	FRAME_CROSS__AFTER_WAVE__KNOWN_REPEAT__THEY_SAID__NONE	FRAME_CROSS__AFTER_WAVE__KNOWN_NO_CONNECTOR__THEY_SAID__NONE	they said wave after wave	they said wave wave	0	4	3	1	1	-3.721522	-3.64652	-3.694934	-3.25805	541	2256	1	0	1	after	NO_CONNECTOR	V9_ATTESTED		
FRAME_CROSS__AFTER_WAVE__KNOWN_REPEAT__THEY_SAID__NONE__TO__ARBITRARY_NO_CONNECTOR	WITHIN_CARRIER	FRAME_CROSS	AFTER_WAVE	THEY_SAID	KNOWN_REPEAT	ARBITRARY_NO_CONNECTOR	FRAME_CROSS__AFTER_WAVE__KNOWN_REPEAT__THEY_SAID__NONE	FRAME_CROSS__AFTER_WAVE__ARBITRARY_NO_CONNECTOR__THEY_SAID__NONE	they said wave after wave	they said gravel gravel	0	4	3	1	1	-3.757608	-3.764612	-3.694934	-3.25805	541	2256	1	0	1	after	NO_CONNECTOR	V9_ATTESTED		
REPEAT_CONNECTOR__AFTER_WAVE__AFTER__BARE__NONE__TO__AND	WITHIN_CARRIER	REPEAT_CONNECTOR	AFTER_WAVE	BARE	AFTER	AND	REPEAT_CONNECTOR__AFTER_WAVE__AFTER__BARE__NONE	REPEAT_CONNECTOR__AFTER_WAVE__AND__BARE__NONE	wave after wave	wave and wave	1	2	2	1	1	0.048658	-0.010113	0.048658	-0.728924	1888	2659	0	0	0	after	KNOWN_REPEAT	V9_ATTESTED		
REPEAT_CONNECTOR__AFTER_WAVE__AFTER__BARE__NONE__TO__OR	WITHIN_CARRIER	REPEAT_CONNECTOR	AFTER_WAVE	BARE	AFTER	OR	REPEAT_CONNECTOR__AFTER_WAVE__AFTER__BARE__NONE	REPEAT_CONNECTOR__AFTER_WAVE__OR__BARE__NONE	wave after wave	wave or wave	1	2	2	1	1	-0.275938	-0.345876	-0.275938	-0.821683	1888	2659	0	0	0	after	KNOWN_REPEAT	V9_ATTESTED		
REPEAT_CONNECTOR__AFTER_WAVE__AFTER__BARE__NONE__TO__TO	WITHIN_CARRIER	REPEAT_CONNECTOR	AFTER_WAVE	BARE	AFTER	TO	REPEAT_CONNECTOR__AFTER_WAVE__AFTER__BARE__NONE	REPEAT_CONNECTOR__AFTER_WAVE__TO__BARE__NONE	wave after wave	wave to wave	1	2	2	1	1	-1.925346	-1.977381	-1.925346	-1.925346	1888	1888	0	0	0	after	KNOWN_REPEAT	V9_ATTESTED		
REPEAT_CONNECTOR__AFTER_WAVE__AFTER__BARE__NONE__TO__BY	WITHIN_CARRIER	REPEAT_CONNECTOR	AFTER_WAVE	BARE	AFTER	BY	REPEAT_CONNECTOR__AFTER_WAVE__AFTER__BARE__NONE	REPEAT_CONNECTOR__AFTER_WAVE__BY__BARE__NONE	wave after wave	wave by wave	1	2	2	1	1	-0.407324	-0.376383	-0.407324	-0.407324	1888	1888	0	0	0	after	KNOWN_REPEAT	V9_ATTESTED		
REPEAT_CONNECTOR__AFTER_WAVE__AFTER__V9_SPACE__NONE__TO__AND	WITHIN_CARRIER	REPEAT_CONNECTOR	AFTER_WAVE	V9_SPACE	AFTER	AND	REPEAT_CONNECTOR__AFTER_WAVE__AFTER__V9_SPACE__NONE	REPEAT_CONNECTOR__AFTER_WAVE__AND__V9_SPACE__NONE	 wave after wave	 wave and wave	1	2	2	1	1	-0.615942	-0.669706	-0.615942	-0.615942	1888	1888	0	0	0	after	KNOWN_REPEAT	V9_ATTESTED		
REPEAT_CONNECTOR__AFTER_WAVE__AFTER__V9_SPACE__NONE__TO__OR	WITHIN_CARRIER	REPEAT_CONNECTOR	AFTER_WAVE	V9_SPACE	AFTER	OR	REPEAT_CONNECTOR__AFTER_WAVE__AFTER__V9_SPACE__NONE	REPEAT_CONNECTOR__AFTER_WAVE__OR__V9_SPACE__NONE	 wave after wave	 wave or wave	1	2	2	1	1	-0.680094	-0.74187	-0.680094	-0.729338	1888	2659	0	0	0	after	KNOWN_REPEAT	V9_ATTESTED		
REPEAT_CONNECTOR__AFTER_WAVE__AFTER__V9_SPACE__NONE__TO__TO	WITHIN_CARRIER	REPEAT_CONNECTOR	AFTER_WAVE	V9_SPACE	AFTER	TO	REPEAT_CONNECTOR__AFTER_WAVE__AFTER__V9_SPACE__NONE	REPEAT_CONNECTOR__AFTER_WAVE__TO__V9_SPACE__NONE	 wave after wave	 wave to wave	1	2	2	1	1	-0.871959	-0.922361	-0.871959	-0.871959	1888	1888	0	0	0	after	KNOWN_REPEAT	V9_ATTESTED		
REPEAT_CONNECTOR__AFTER_WAVE__AFTER__V9_SPACE__NONE__TO__BY	WITHIN_CARRIER	REPEAT_CONNECTOR	AFTER_WAVE	V9_SPACE	AFTER	BY	REPEAT_CONNECTOR__AFTER_WAVE__AFTER__V9_SPACE__NONE	REPEAT_CONNECTOR__AFTER_WAVE__BY__V9_SPACE__NONE	 wave after wave	 wave by wave	1	2	2	1	1	-0.269661	-0.279731	-0.269661	-0.269661	1888	1888	0	0	0	after	KNOWN_REPEAT	V9_ATTESTED		
REPEAT_CONNECTOR__AFTER_WAVE__AFTER__THE_PHRASE__NONE__TO__AND	WITHIN_CARRIER	REPEAT_CONNECTOR	AFTER_WAVE	THE_PHRASE	AFTER	AND	REPEAT_CONNECTOR__AFTER_WAVE__AFTER__THE_PHRASE__NONE	REPEAT_CONNECTOR__AFTER_WAVE__AND__THE_PHRASE__NONE	the phrase wave after wave	the phrase wave and wave	1	4	4	1	1	-0.390645	-0.442876	-0.390645	-0.605763	2073	2659	0	0	0	after	KNOWN_REPEAT	V9_ATTESTED		
REPEAT_CONNECTOR__AFTER_WAVE__AFTER__THE_PHRASE__NONE__TO__OR	WITHIN_CARRIER	REPEAT_CONNECTOR	AFTER_WAVE	THE_PHRASE	AFTER	OR	REPEAT_CONNECTOR__AFTER_WAVE__AFTER__THE_PHRASE__NONE	REPEAT_CONNECTOR__AFTER_WAVE__OR__THE_PHRASE__NONE	the phrase wave after wave	the phrase wave or wave	1	4	4	1	1	-0.665015	-0.723572	-0.665015	-0.91426	2073	2659	0	0	0	after	KNOWN_REPEAT	V9_ATTESTED		
REPEAT_CONNECTOR__AFTER_WAVE__AFTER__THE_PHRASE__NONE__TO__TO	WITHIN_CARRIER	REPEAT_CONNECTOR	AFTER_WAVE	THE_PHRASE	AFTER	TO	REPEAT_CONNECTOR__AFTER_WAVE__AFTER__THE_PHRASE__NONE	REPEAT_CONNECTOR__AFTER_WAVE__TO__THE_PHRASE__NONE	the phrase wave after wave	the phrase wave to wave	1	4	4	1	1	-0.609933	-0.652274	-0.609933	-0.609934	2073	2073	0	0	0	after	KNOWN_REPEAT	V9_ATTESTED		
REPEAT_CONNECTOR__AFTER_WAVE__AFTER__THE_PHRASE__NONE__TO__BY	WITHIN_CARRIER	REPEAT_CONNECTOR	AFTER_WAVE	THE_PHRASE	AFTER	BY	REPEAT_CONNECTOR__AFTER_WAVE__AFTER__THE_PHRASE__NONE	REPEAT_CONNECTOR__AFTER_WAVE__BY__THE_PHRASE__NONE	the phrase wave after wave	the phrase wave by wave	1	4	4	1	1	0.130768	0.126212	0.130768	0.130767	2073	2073	0	0	0	after	KNOWN_REPEAT	V9_ATTESTED		
REPEAT_CONNECTOR__AFTER_WAVE__AFTER__THEY_SAID__NONE__TO__AND	WITHIN_CARRIER	REPEAT_CONNECTOR	AFTER_WAVE	THEY_SAID	AFTER	AND	REPEAT_CONNECTOR__AFTER_WAVE__AFTER__THEY_SAID__NONE	REPEAT_CONNECTOR__AFTER_WAVE__AND__THEY_SAID__NONE	they said wave after wave	they said wave and wave	1	4	4	1	1	-1.22646	-1.262912	-1.22646	-1.947512	541	2659	1	0	1	after	KNOWN_REPEAT	V9_ATTESTED		
REPEAT_CONNECTOR__AFTER_WAVE__AFTER__THEY_SAID__NONE__TO__OR	WITHIN_CARRIER	REPEAT_CONNECTOR	AFTER_WAVE	THEY_SAID	AFTER	OR	REPEAT_CONNECTOR__AFTER_WAVE__AFTER__THEY_SAID__NONE	REPEAT_CONNECTOR__AFTER_WAVE__OR__THEY_SAID__NONE	they said wave after wave	they said wave or wave	1	4	4	1	1	-1.588076	-1.630461	-1.588076	-2.23241	541	2659	1	0	1	after	KNOWN_REPEAT	V9_ATTESTED		
REPEAT_CONNECTOR__AFTER_WAVE__AFTER__THEY_SAID__NONE__TO__TO	WITHIN_CARRIER	REPEAT_CONNECTOR	AFTER_WAVE	THEY_SAID	AFTER	TO	REPEAT_CONNECTOR__AFTER_WAVE__AFTER__THEY_SAID__NONE	REPEAT_CONNECTOR__AFTER_WAVE__TO__THEY_SAID__NONE	they said wave after wave	they said wave to wave	1	4	4	1	1	-1.355988	-1.394832	-1.355988	-1.018101	541	2659	1	0	1	after	KNOWN_REPEAT	V9_ATTESTED		
REPEAT_CONNECTOR__AFTER_WAVE__AFTER__THEY_SAID__NONE__TO__BY	WITHIN_CARRIER	REPEAT_CONNECTOR	AFTER_WAVE	THEY_SAID	AFTER	BY	REPEAT_CONNECTOR__AFTER_WAVE__AFTER__THEY_SAID__NONE	REPEAT_CONNECTOR__AFTER_WAVE__BY__THEY_SAID__NONE	they said wave after wave	they said wave by wave	1	4	4	1	1	-0.24032	-0.248082	-0.24032	-0.481123	541	541	1	1	0	after	KNOWN_REPEAT	V9_ATTESTED		
FRAME_CROSS__AFTER_DAY__KNOWN_REPEAT__BARE__NONE__TO__KNOWN_RELATED	WITHIN_CARRIER	FRAME_CROSS	AFTER_DAY	BARE	KNOWN_REPEAT	KNOWN_RELATED	FRAME_CROSS__AFTER_DAY__KNOWN_REPEAT__BARE__NONE	FRAME_CROSS__AFTER_DAY__KNOWN_RELATED__BARE__NONE	day after day	day after night	1	2	2	1	1	-1.266302	-1.266302	-1.266302	-0.85749	541	1888	1	0	1	after	RELATED_DISTINCT	HELDOUT_FAMILIAR		
FRAME_CROSS__AFTER_DAY__KNOWN_REPEAT__BARE__NONE__TO__KNOWN_ARBITRARY	WITHIN_CARRIER	FRAME_CROSS	AFTER_DAY	BARE	KNOWN_REPEAT	KNOWN_ARBITRARY	FRAME_CROSS__AFTER_DAY__KNOWN_REPEAT__BARE__NONE	FRAME_CROSS__AFTER_DAY__KNOWN_ARBITRARY__BARE__NONE	day after day	day after forest	1	2	2	1	1	-3.400955	-3.400954	-3.262184	-2.853371	541	1888	1	0	1	after	ARBITRARY_DISTINCT	HELDOUT_FAMILIAR		
FRAME_CROSS__AFTER_DAY__KNOWN_REPEAT__BARE__NONE__TO__ARBITRARY_KNOWN	WITHIN_CARRIER	FRAME_CROSS	AFTER_DAY	BARE	KNOWN_REPEAT	ARBITRARY_KNOWN	FRAME_CROSS__AFTER_DAY__KNOWN_REPEAT__BARE__NONE	FRAME_CROSS__AFTER_DAY__ARBITRARY_KNOWN__BARE__NONE	day after day	marble after day	0	2	3	1	1	-3.230134	-3.131033	-3.230134	-3.023595	541	1790	1	0	1	after	ARBITRARY_DISTINCT	HELDOUT_FAMILIAR		
FRAME_CROSS__AFTER_DAY__KNOWN_REPEAT__BARE__NONE__TO__ARBITRARY_REPEAT	WITHIN_CARRIER	FRAME_CROSS	AFTER_DAY	BARE	KNOWN_REPEAT	ARBITRARY_REPEAT	FRAME_CROSS__AFTER_DAY__KNOWN_REPEAT__BARE__NONE	FRAME_CROSS__AFTER_DAY__ARBITRARY_REPEAT__BARE__NONE	day after day	marble after marble	0	2	3	1	1	-2.485977	-2.386876	-2.485977	-2.279438	541	1790	1	0	1	after	NOVEL_REPEAT	HELDOUT_FAMILIAR		
FRAME_CROSS__AFTER_DAY__KNOWN_REPEAT__BARE__NONE__TO__ARBITRARY_DISTINCT	WITHIN_CARRIER	FRAME_CROSS	AFTER_DAY	BARE	KNOWN_REPEAT	ARBITRARY_DISTINCT	FRAME_CROSS__AFTER_DAY__KNOWN_REPEAT__BARE__NONE	FRAME_CROSS__AFTER_DAY__ARBITRARY_DISTINCT__BARE__NONE	day after day	marble after forest	0	2	3	1	1	-3.416325	-3.317224	-3.262184	-3.055645	541	1790	1	0	1	after	NOVEL_DISTINCT	HELDOUT_FAMILIAR		
FRAME_CROSS__AFTER_DAY__KNOWN_REPEAT__BARE__NONE__TO__KNOWN_NO_CONNECTOR	WITHIN_CARRIER	FRAME_CROSS	AFTER_DAY	BARE	KNOWN_REPEAT	KNOWN_NO_CONNECTOR	FRAME_CROSS__AFTER_DAY__KNOWN_REPEAT__BARE__NONE	FRAME_CROSS__AFTER_DAY__KNOWN_NO_CONNECTOR__BARE__NONE	day after day	day day	0	2	1	1	1	-3.374634	-3.296312	-3.262184	-2.853371	541	1888	1	0	1	after	NO_CONNECTOR	HELDOUT_FAMILIAR		
FRAME_CROSS__AFTER_DAY__KNOWN_REPEAT__BARE__NONE__TO__ARBITRARY_NO_CONNECTOR	WITHIN_CARRIER	FRAME_CROSS	AFTER_DAY	BARE	KNOWN_REPEAT	ARBITRARY_NO_CONNECTOR	FRAME_CROSS__AFTER_DAY__KNOWN_REPEAT__BARE__NONE	FRAME_CROSS__AFTER_DAY__ARBITRARY_NO_CONNECTOR__BARE__NONE	day after day	marble marble	1	2	2	1	1	-3.407741	-3.327492	-3.262184	-3.055645	541	1790	1	0	1	after	NO_CONNECTOR	HELDOUT_FAMILIAR		
FRAME_CROSS__AFTER_DAY__KNOWN_REPEAT__V9_SPACE__NONE__TO__KNOWN_RELATED	WITHIN_CARRIER	FRAME_CROSS	AFTER_DAY	V9_SPACE	KNOWN_REPEAT	KNOWN_RELATED	FRAME_CROSS__AFTER_DAY__KNOWN_REPEAT__V9_SPACE__NONE	FRAME_CROSS__AFTER_DAY__KNOWN_RELATED__V9_SPACE__NONE	 day after day	 day after night	1	2	2	1	1	-1.517144	-1.517144	-1.517144	-1.46243	1738	1888	0	0	0	after	RELATED_DISTINCT	HELDOUT_FAMILIAR		
FRAME_CROSS__AFTER_DAY__KNOWN_REPEAT__V9_SPACE__NONE__TO__KNOWN_ARBITRARY	WITHIN_CARRIER	FRAME_CROSS	AFTER_DAY	V9_SPACE	KNOWN_REPEAT	KNOWN_ARBITRARY	FRAME_CROSS__AFTER_DAY__KNOWN_REPEAT__V9_SPACE__NONE	FRAME_CROSS__AFTER_DAY__KNOWN_ARBITRARY__V9_SPACE__NONE	 day after day	 day after forest	1	2	2	1	1	-3.482975	-3.482975	-3.357789	-3.303075	1738	1888	0	0	0	after	ARBITRARY_DISTINCT	HELDOUT_FAMILIAR		
FRAME_CROSS__AFTER_DAY__KNOWN_REPEAT__V9_SPACE__NONE__TO__ARBITRARY_KNOWN	WITHIN_CARRIER	FRAME_CROSS	AFTER_DAY	V9_SPACE	KNOWN_REPEAT	ARBITRARY_KNOWN	FRAME_CROSS__AFTER_DAY__KNOWN_REPEAT__V9_SPACE__NONE	FRAME_CROSS__AFTER_DAY__ARBITRARY_KNOWN__V9_SPACE__NONE	 day after day	 marble after day	1	2	2	1	1	-3.301983	-3.309186	-3.301983	-3.418231	1738	1888	0	0	0	after	ARBITRARY_DISTINCT	HELDOUT_FAMILIAR		
FRAME_CROSS__AFTER_DAY__KNOWN_REPEAT__V9_SPACE__NONE__TO__ARBITRARY_REPEAT	WITHIN_CARRIER	FRAME_CROSS	AFTER_DAY	V9_SPACE	KNOWN_REPEAT	ARBITRARY_REPEAT	FRAME_CROSS__AFTER_DAY__KNOWN_REPEAT__V9_SPACE__NONE	FRAME_CROSS__AFTER_DAY__ARBITRARY_REPEAT__V9_SPACE__NONE	 day after day	 marble after marble	1	2	2	1	1	-1.223705	-1.230908	-1.223705	-1.339953	1738	1888	0	0	0	after	NOVEL_REPEAT	HELDOUT_FAMILIAR		
FRAME_CROSS__AFTER_DAY__KNOWN_REPEAT__V9_SPACE__NONE__TO__ARBITRARY_DISTINCT	WITHIN_CARRIER	FRAME_CROSS	AFTER_DAY	V9_SPACE	KNOWN_REPEAT	ARBITRARY_DISTINCT	FRAME_CROSS__AFTER_DAY__KNOWN_REPEAT__V9_SPACE__NONE	FRAME_CROSS__AFTER_DAY__ARBITRARY_DISTINCT__V9_SPACE__NONE	 day after day	 marble after forest	1	2	2	1	1	-3.463596	-3.470799	-3.357789	-3.474037	1738	1888	0	0	0	after	NOVEL_DISTINCT	HELDOUT_FAMILIAR		
FRAME_CROSS__AFTER_DAY__KNOWN_REPEAT__V9_SPACE__NONE__TO__KNOWN_NO_CONNECTOR	WITHIN_CARRIER	FRAME_CROSS	AFTER_DAY	V9_SPACE	KNOWN_REPEAT	KNOWN_NO_CONNECTOR	FRAME_CROSS__AFTER_DAY__KNOWN_REPEAT__V9_SPACE__NONE	FRAME_CROSS__AFTER_DAY__KNOWN_NO_CONNECTOR__V9_SPACE__NONE	 day after day	 day day	0	2	1	1	1	-3.32375	-3.195564	-3.32375	-3.269037	1738	1888	0	0	0	after	NO_CONNECTOR	HELDOUT_FAMILIAR		
FRAME_CROSS__AFTER_DAY__KNOWN_REPEAT__V9_SPACE__NONE__TO__ARBITRARY_NO_CONNECTOR	WITHIN_CARRIER	FRAME_CROSS	AFTER_DAY	V9_SPACE	KNOWN_REPEAT	ARBITRARY_NO_CONNECTOR	FRAME_CROSS__AFTER_DAY__KNOWN_REPEAT__V9_SPACE__NONE	FRAME_CROSS__AFTER_DAY__ARBITRARY_NO_CONNECTOR__V9_SPACE__NONE	 day after day	 marble marble	0	2	1	1	1	-3.512606	-3.407309	-3.357789	-3.474037	1738	1888	0	0	0	after	NO_CONNECTOR	HELDOUT_FAMILIAR		
FRAME_CROSS__AFTER_DAY__KNOWN_REPEAT__THE_PHRASE__NONE__TO__KNOWN_RELATED	WITHIN_CARRIER	FRAME_CROSS	AFTER_DAY	THE_PHRASE	KNOWN_REPEAT	KNOWN_RELATED	FRAME_CROSS__AFTER_DAY__KNOWN_REPEAT__THE_PHRASE__NONE	FRAME_CROSS__AFTER_DAY__KNOWN_RELATED__THE_PHRASE__NONE	the phrase day after day	the phrase day after night	1	4	4	1	1	-1.417287	-1.417287	-1.417287	-1.417286	541	2073	1	0	1	after	RELATED_DISTINCT	HELDOUT_FAMILIAR		
FRAME_CROSS__AFTER_DAY__KNOWN_REPEAT__THE_PHRASE__NONE__TO__KNOWN_ARBITRARY	WITHIN_CARRIER	FRAME_CROSS	AFTER_DAY	THE_PHRASE	KNOWN_REPEAT	KNOWN_ARBITRARY	FRAME_CROSS__AFTER_DAY__KNOWN_REPEAT__THE_PHRASE__NONE	FRAME_CROSS__AFTER_DAY__KNOWN_ARBITRARY__THE_PHRASE__NONE	the phrase day after day	the phrase day after forest	1	4	4	1	1	-3.706952	-3.706952	-3.563656	-3.563655	541	2073	1	0	1	after	ARBITRARY_DISTINCT	HELDOUT_FAMILIAR		
FRAME_CROSS__AFTER_DAY__KNOWN_REPEAT__THE_PHRASE__NONE__TO__ARBITRARY_KNOWN	WITHIN_CARRIER	FRAME_CROSS	AFTER_DAY	THE_PHRASE	KNOWN_REPEAT	ARBITRARY_KNOWN	FRAME_CROSS__AFTER_DAY__KNOWN_REPEAT__THE_PHRASE__NONE	FRAME_CROSS__AFTER_DAY__ARBITRARY_KNOWN__THE_PHRASE__NONE	the phrase day after day	the phrase marble after day	1	4	4	1	1	-3.392809	-3.417327	-3.392809	-3.392808	541	2073	1	0	1	after	ARBITRARY_DISTINCT	HELDOUT_FAMILIAR		
FRAME_CROSS__AFTER_DAY__KNOWN_REPEAT__THE_PHRASE__NONE__TO__ARBITRARY_REPEAT	WITHIN_CARRIER	FRAME_CROSS	AFTER_DAY	THE_PHRASE	KNOWN_REPEAT	ARBITRARY_REPEAT	FRAME_CROSS__AFTER_DAY__KNOWN_REPEAT__THE_PHRASE__NONE	FRAME_CROSS__AFTER_DAY__ARBITRARY_REPEAT__THE_PHRASE__NONE	the phrase day after day	the phrase marble after marble	1	4	4	1	1	-2.082155	-2.106673	-2.082155	-2.082154	541	2073	1	0	1	after	NOVEL_REPEAT	HELDOUT_FAMILIAR		
FRAME_CROSS__AFTER_DAY__KNOWN_REPEAT__THE_PHRASE__NONE__TO__ARBITRARY_DISTINCT	WITHIN_CARRIER	FRAME_CROSS	AFTER_DAY	THE_PHRASE	KNOWN_REPEAT	ARBITRARY_DISTINCT	FRAME_CROSS__AFTER_DAY__KNOWN_REPEAT__THE_PHRASE__NONE	FRAME_CROSS__AFTER_DAY__ARBITRARY_DISTINCT__THE_PHRASE__NONE	the phrase day after day	the phrase marble after forest	1	4	4	1	1	-3.671345	-3.695864	-3.563656	-3.563655	541	2073	1	0	1	after	NOVEL_DISTINCT	HELDOUT_FAMILIAR		
FRAME_CROSS__AFTER_DAY__KNOWN_REPEAT__THE_PHRASE__NONE__TO__KNOWN_NO_CONNECTOR	WITHIN_CARRIER	FRAME_CROSS	AFTER_DAY	THE_PHRASE	KNOWN_REPEAT	KNOWN_NO_CONNECTOR	FRAME_CROSS__AFTER_DAY__KNOWN_REPEAT__THE_PHRASE__NONE	FRAME_CROSS__AFTER_DAY__KNOWN_NO_CONNECTOR__THE_PHRASE__NONE	the phrase day after day	the phrase day day	0	4	3	1	1	-3.499551	-3.503778	-3.499551	-3.499551	541	2073	1	0	1	after	NO_CONNECTOR	HELDOUT_FAMILIAR		
FRAME_CROSS__AFTER_DAY__KNOWN_REPEAT__THE_PHRASE__NONE__TO__ARBITRARY_NO_CONNECTOR	WITHIN_CARRIER	FRAME_CROSS	AFTER_DAY	THE_PHRASE	KNOWN_REPEAT	ARBITRARY_NO_CONNECTOR	FRAME_CROSS__AFTER_DAY__KNOWN_REPEAT__THE_PHRASE__NONE	FRAME_CROSS__AFTER_DAY__ARBITRARY_NO_CONNECTOR__THE_PHRASE__NONE	the phrase day after day	the phrase marble marble	0	4	3	1	1	-3.707207	-3.702773	-3.563656	-3.563655	541	2073	1	0	1	after	NO_CONNECTOR	HELDOUT_FAMILIAR		
FRAME_CROSS__AFTER_DAY__KNOWN_REPEAT__THEY_SAID__NONE__TO__KNOWN_RELATED	WITHIN_CARRIER	FRAME_CROSS	AFTER_DAY	THEY_SAID	KNOWN_REPEAT	KNOWN_RELATED	FRAME_CROSS__AFTER_DAY__KNOWN_REPEAT__THEY_SAID__NONE	FRAME_CROSS__AFTER_DAY__KNOWN_RELATED__THEY_SAID__NONE	they said day after day	they said day after night	1	4	4	1	1	-1.644674	-1.644674	-1.644674	-0.506236	541	541	1	1	0	after	RELATED_DISTINCT	HELDOUT_FAMILIAR		
FRAME_CROSS__AFTER_DAY__KNOWN_REPEAT__THEY_SAID__NONE__TO__KNOWN_ARBITRARY	WITHIN_CARRIER	FRAME_CROSS	AFTER_DAY	THEY_SAID	KNOWN_REPEAT	KNOWN_ARBITRARY	FRAME_CROSS__AFTER_DAY__KNOWN_REPEAT__THEY_SAID__NONE	FRAME_CROSS__AFTER_DAY__KNOWN_ARBITRARY__THEY_SAID__NONE	they said day after day	they said day after forest	1	4	4	1	1	-4.285651	-4.285651	-4.154733	-3.315046	541	1888	1	0	1	after	ARBITRARY_DISTINCT	HELDOUT_FAMILIAR		
FRAME_CROSS__AFTER_DAY__KNOWN_REPEAT__THEY_SAID__NONE__TO__ARBITRARY_KNOWN	WITHIN_CARRIER	FRAME_CROSS	AFTER_DAY	THEY_SAID	KNOWN_REPEAT	ARBITRARY_KNOWN	FRAME_CROSS__AFTER_DAY__KNOWN_REPEAT__THEY_SAID__NONE	FRAME_CROSS__AFTER_DAY__ARBITRARY_KNOWN__THEY_SAID__NONE	they said day after day	they said marble after day	1	4	4	1	1	-4.074234	-4.088604	-4.074234	-3.159395	541	1888	1	0	1	after	ARBITRARY_DISTINCT	HELDOUT_FAMILIAR		
FRAME_CROSS__AFTER_DAY__KNOWN_REPEAT__THEY_SAID__NONE__TO__ARBITRARY_REPEAT	WITHIN_CARRIER	FRAME_CROSS	AFTER_DAY	THEY_SAID	KNOWN_REPEAT	ARBITRARY_REPEAT	FRAME_CROSS__AFTER_DAY__KNOWN_REPEAT__THEY_SAID__NONE	FRAME_CROSS__AFTER_DAY__ARBITRARY_REPEAT__THEY_SAID__NONE	they said day after day	they said marble after marble	1	4	4	1	1	-1.680446	-1.694816	-1.680446	-0.765607	541	1888	1	0	1	after	NOVEL_REPEAT	HELDOUT_FAMILIAR		
FRAME_CROSS__AFTER_DAY__KNOWN_REPEAT__THEY_SAID__NONE__TO__ARBITRARY_DISTINCT	WITHIN_CARRIER	FRAME_CROSS	AFTER_DAY	THEY_SAID	KNOWN_REPEAT	ARBITRARY_DISTINCT	FRAME_CROSS__AFTER_DAY__KNOWN_REPEAT__THEY_SAID__NONE	FRAME_CROSS__AFTER_DAY__ARBITRARY_DISTINCT__THEY_SAID__NONE	they said day after day	they said marble after forest	1	4	4	1	1	-4.256593	-4.270964	-4.154733	-3.239894	541	1888	1	0	1	after	NOVEL_DISTINCT	HELDOUT_FAMILIAR		
FRAME_CROSS__AFTER_DAY__KNOWN_REPEAT__THEY_SAID__NONE__TO__KNOWN_NO_CONNECTOR	WITHIN_CARRIER	FRAME_CROSS	AFTER_DAY	THEY_SAID	KNOWN_REPEAT	KNOWN_NO_CONNECTOR	FRAME_CROSS__AFTER_DAY__KNOWN_REPEAT__THEY_SAID__NONE	FRAME_CROSS__AFTER_DAY__KNOWN_NO_CONNECTOR__THEY_SAID__NONE	they said day after day	they said day day	0	4	3	1	1	-4.205105	-4.13758	-4.154733	-3.499125	541	544	1	0	1	after	NO_CONNECTOR	HELDOUT_FAMILIAR		
FRAME_CROSS__AFTER_DAY__KNOWN_REPEAT__THEY_SAID__NONE__TO__ARBITRARY_NO_CONNECTOR	WITHIN_CARRIER	FRAME_CROSS	AFTER_DAY	THEY_SAID	KNOWN_REPEAT	ARBITRARY_NO_CONNECTOR	FRAME_CROSS__AFTER_DAY__KNOWN_REPEAT__THEY_SAID__NONE	FRAME_CROSS__AFTER_DAY__ARBITRARY_NO_CONNECTOR__THEY_SAID__NONE	they said day after day	they said marble marble	0	4	3	1	1	-4.304361	-4.239374	-4.154733	-3.239894	541	1888	1	0	1	after	NO_CONNECTOR	HELDOUT_FAMILIAR		
REPEAT_CONNECTOR__AFTER_DAY__AFTER__BARE__NONE__TO__AND	WITHIN_CARRIER	REPEAT_CONNECTOR	AFTER_DAY	BARE	AFTER	AND	REPEAT_CONNECTOR__AFTER_DAY__AFTER__BARE__NONE	REPEAT_CONNECTOR__AFTER_DAY__AND__BARE__NONE	day after day	day and day	1	2	2	1	1	0.159209	0.147354	0.159209	-1.185387	541	2659	1	0	1	after	KNOWN_REPEAT	HELDOUT_FAMILIAR		
REPEAT_CONNECTOR__AFTER_DAY__AFTER__BARE__NONE__TO__OR	WITHIN_CARRIER	REPEAT_CONNECTOR	AFTER_DAY	BARE	AFTER	OR	REPEAT_CONNECTOR__AFTER_DAY__AFTER__BARE__NONE	REPEAT_CONNECTOR__AFTER_DAY__OR__BARE__NONE	day after day	day or day	1	2	2	1	1	-0.368107	-0.390602	-0.368107	-1.337618	541	2659	1	0	1	after	KNOWN_REPEAT	HELDOUT_FAMILIAR		
REPEAT_CONNECTOR__AFTER_DAY__AFTER__BARE__NONE__TO__TO	WITHIN_CARRIER	REPEAT_CONNECTOR	AFTER_DAY	BARE	AFTER	TO	REPEAT_CONNECTOR__AFTER_DAY__AFTER__BARE__NONE	REPEAT_CONNECTOR__AFTER_DAY__TO__BARE__NONE	day after day	day to day	1	2	2	1	1	-0.013826	-0.029715	-0.013826	0.036049	541	541	1	1	0	after	KNOWN_REPEAT	HELDOUT_FAMILIAR		
REPEAT_CONNECTOR__AFTER_DAY__AFTER__BARE__NONE__TO__BY	WITHIN_CARRIER	REPEAT_CONNECTOR	AFTER_DAY	BARE	AFTER	BY	REPEAT_CONNECTOR__AFTER_DAY__AFTER__BARE__NONE	REPEAT_CONNECTOR__AFTER_DAY__BY__BARE__NONE	day after day	day by day	1	2	2	1	1	0.32653	0.360584	0.32653	0.224811	541	541	1	1	0	after	KNOWN_REPEAT	HELDOUT_FAMILIAR		
REPEAT_CONNECTOR__AFTER_DAY__AFTER__V9_SPACE__NONE__TO__AND	WITHIN_CARRIER	REPEAT_CONNECTOR	AFTER_DAY	V9_SPACE	AFTER	AND	REPEAT_CONNECTOR__AFTER_DAY__AFTER__V9_SPACE__NONE	REPEAT_CONNECTOR__AFTER_DAY__AND__V9_SPACE__NONE	 day after day	 day and day	1	2	2	1	1	-0.123862	-0.159556	-0.123862	-0.846174	1738	2659	0	0	0	after	KNOWN_REPEAT	HELDOUT_FAMILIAR		
REPEAT_CONNECTOR__AFTER_DAY__AFTER__V9_SPACE__NONE__TO__OR	WITHIN_CARRIER	REPEAT_CONNECTOR	AFTER_DAY	V9_SPACE	AFTER	OR	REPEAT_CONNECTOR__AFTER_DAY__AFTER__V9_SPACE__NONE	REPEAT_CONNECTOR__AFTER_DAY__OR__V9_SPACE__NONE	 day after day	 day or day	1	2	2	1	1	-0.484384	-0.525147	-0.484384	-1.009811	1738	2659	0	0	0	after	KNOWN_REPEAT	HELDOUT_FAMILIAR		
REPEAT_CONNECTOR__AFTER_DAY__AFTER__V9_SPACE__NONE__TO__TO	WITHIN_CARRIER	REPEAT_CONNECTOR	AFTER_DAY	V9_SPACE	AFTER	TO	REPEAT_CONNECTOR__AFTER_DAY__AFTER__V9_SPACE__NONE	REPEAT_CONNECTOR__AFTER_DAY__TO__V9_SPACE__NONE	 day after day	 day to day	1	2	2	1	1	-0.93117	-0.967616	-0.93117	-0.876456	1738	1888	0	0	0	after	KNOWN_REPEAT	HELDOUT_FAMILIAR		
REPEAT_CONNECTOR__AFTER_DAY__AFTER__V9_SPACE__NONE__TO__BY	WITHIN_CARRIER	REPEAT_CONNECTOR	AFTER_DAY	V9_SPACE	AFTER	BY	REPEAT_CONNECTOR__AFTER_DAY__AFTER__V9_SPACE__NONE	REPEAT_CONNECTOR__AFTER_DAY__BY__V9_SPACE__NONE	 day after day	 day by day	1	2	2	1	1	0.023593	0.038761	0.023593	0.078307	1738	1888	0	0	0	after	KNOWN_REPEAT	HELDOUT_FAMILIAR		
REPEAT_CONNECTOR__AFTER_DAY__AFTER__THE_PHRASE__NONE__TO__AND	WITHIN_CARRIER	REPEAT_CONNECTOR	AFTER_DAY	THE_PHRASE	AFTER	AND	REPEAT_CONNECTOR__AFTER_DAY__AFTER__THE_PHRASE__NONE	REPEAT_CONNECTOR__AFTER_DAY__AND__THE_PHRASE__NONE	the phrase day after day	the phrase day and day	1	4	4	1	1	-1.044357	-1.084888	-1.044357	-1.991223	541	2659	1	0	1	after	KNOWN_REPEAT	HELDOUT_FAMILIAR		
REPEAT_CONNECTOR__AFTER_DAY__AFTER__THE_PHRASE__NONE__TO__OR	WITHIN_CARRIER	REPEAT_CONNECTOR	AFTER_DAY	THE_PHRASE	AFTER	OR	REPEAT_CONNECTOR__AFTER_DAY__AFTER__THE_PHRASE__NONE	REPEAT_CONNECTOR__AFTER_DAY__OR__THE_PHRASE__NONE	the phrase day after day	the phrase day or day	1	4	4	1	1	-1.693118	-1.737338	-1.693118	-2.497011	541	2659	1	0	1	after	KNOWN_REPEAT	HELDOUT_FAMILIAR		
REPEAT_CONNECTOR__AFTER_DAY__AFTER__THE_PHRASE__NONE__TO__TO	WITHIN_CARRIER	REPEAT_CONNECTOR	AFTER_DAY	THE_PHRASE	AFTER	TO	REPEAT_CONNECTOR__AFTER_DAY__AFTER__THE_PHRASE__NONE	REPEAT_CONNECTOR__AFTER_DAY__TO__THE_PHRASE__NONE	the phrase day after day	the phrase day to day	1	4	4	1	1	-0.306152	-0.342392	-0.306152	-0.578675	541	2659	1	0	1	after	KNOWN_REPEAT	HELDOUT_FAMILIAR		
REPEAT_CONNECTOR__AFTER_DAY__AFTER__THE_PHRASE__NONE__TO__BY	WITHIN_CARRIER	REPEAT_CONNECTOR	AFTER_DAY	THE_PHRASE	AFTER	BY	REPEAT_CONNECTOR__AFTER_DAY__AFTER__THE_PHRASE__NONE	REPEAT_CONNECTOR__AFTER_DAY__BY__THE_PHRASE__NONE	the phrase day after day	the phrase day by day	1	4	4	1	1	-0.243114	-0.243203	-0.243114	-0.356967	541	2659	1	0	1	after	KNOWN_REPEAT	HELDOUT_FAMILIAR		
REPEAT_CONNECTOR__AFTER_DAY__AFTER__THEY_SAID__NONE__TO__AND	WITHIN_CARRIER	REPEAT_CONNECTOR	AFTER_DAY	THEY_SAID	AFTER	AND	REPEAT_CONNECTOR__AFTER_DAY__AFTER__THEY_SAID__NONE	REPEAT_CONNECTOR__AFTER_DAY__AND__THEY_SAID__NONE	they said day after day	they said day and day	1	4	4	1	1	-0.565461	-0.589679	-0.565461	-2.332011	541	2659	1	0	1	after	KNOWN_REPEAT	HELDOUT_FAMILIAR		
REPEAT_CONNECTOR__AFTER_DAY__AFTER__THEY_SAID__NONE__TO__OR	WITHIN_CARRIER	REPEAT_CONNECTOR	AFTER_DAY	THEY_SAID	AFTER	OR	REPEAT_CONNECTOR__AFTER_DAY__AFTER__THEY_SAID__NONE	REPEAT_CONNECTOR__AFTER_DAY__OR__THEY_SAID__NONE	they said day after day	they said day or day	1	4	4	1	1	-1.919968	-1.948977	-1.919968	-2.67319	541	2659	1	0	1	after	KNOWN_REPEAT	HELDOUT_FAMILIAR		
REPEAT_CONNECTOR__AFTER_DAY__AFTER__THEY_SAID__NONE__TO__TO	WITHIN_CARRIER	REPEAT_CONNECTOR	AFTER_DAY	THEY_SAID	AFTER	TO	REPEAT_CONNECTOR__AFTER_DAY__AFTER__THEY_SAID__NONE	REPEAT_CONNECTOR__AFTER_DAY__TO__THEY_SAID__NONE	they said day after day	they said day to day	1	4	4	1	1	-0.562623	-0.587735	-0.562623	-1.137647	541	2659	1	0	1	after	KNOWN_REPEAT	HELDOUT_FAMILIAR		
REPEAT_CONNECTOR__AFTER_DAY__AFTER__THEY_SAID__NONE__TO__BY	WITHIN_CARRIER	REPEAT_CONNECTOR	AFTER_DAY	THEY_SAID	AFTER	BY	REPEAT_CONNECTOR__AFTER_DAY__AFTER__THEY_SAID__NONE	REPEAT_CONNECTOR__AFTER_DAY__BY__THEY_SAID__NONE	they said day after day	they said day by day	1	4	4	1	1	-0.751609	-0.742828	-0.751609	-0.819818	541	2659	1	0	1	after	KNOWN_REPEAT	HELDOUT_FAMILIAR		
FRAME_CROSS__AFTER_MILE__KNOWN_REPEAT__BARE__NONE__TO__KNOWN_RELATED	WITHIN_CARRIER	FRAME_CROSS	AFTER_MILE	BARE	KNOWN_REPEAT	KNOWN_RELATED	FRAME_CROSS__AFTER_MILE__KNOWN_REPEAT__BARE__NONE	FRAME_CROSS__AFTER_MILE__KNOWN_RELATED__BARE__NONE	mile after mile	mile after road	1	2	2	1	1	-3.446164	-3.446164	-3.446164	-3.446164	541	1888	1	0	1	after	RELATED_DISTINCT	HELDOUT_FAMILIAR		
FRAME_CROSS__AFTER_MILE__KNOWN_REPEAT__BARE__NONE__TO__KNOWN_ARBITRARY	WITHIN_CARRIER	FRAME_CROSS	AFTER_MILE	BARE	KNOWN_REPEAT	KNOWN_ARBITRARY	FRAME_CROSS__AFTER_MILE__KNOWN_REPEAT__BARE__NONE	FRAME_CROSS__AFTER_MILE__KNOWN_ARBITRARY__BARE__NONE	mile after mile	mile after basket	1	2	2	1	1	-3.656573	-3.656572	-3.559048	-3.559048	541	1888	1	0	1	after	ARBITRARY_DISTINCT	HELDOUT_FAMILIAR		
FRAME_CROSS__AFTER_MILE__KNOWN_REPEAT__BARE__NONE__TO__ARBITRARY_KNOWN	WITHIN_CARRIER	FRAME_CROSS	AFTER_MILE	BARE	KNOWN_REPEAT	ARBITRARY_KNOWN	FRAME_CROSS__AFTER_MILE__KNOWN_REPEAT__BARE__NONE	FRAME_CROSS__AFTER_MILE__ARBITRARY_KNOWN__BARE__NONE	mile after mile	candle after mile	0	2	3	1	1	-3.650732	-3.7572	-3.559048	-3.641617	541	1888	1	0	1	after	ARBITRARY_DISTINCT	HELDOUT_FAMILIAR		
FRAME_CROSS__AFTER_MILE__KNOWN_REPEAT__BARE__NONE__TO__ARBITRARY_REPEAT	WITHIN_CARRIER	FRAME_CROSS	AFTER_MILE	BARE	KNOWN_REPEAT	ARBITRARY_REPEAT	FRAME_CROSS__AFTER_MILE__KNOWN_REPEAT__BARE__NONE	FRAME_CROSS__AFTER_MILE__ARBITRARY_REPEAT__BARE__NONE	mile after mile	candle after candle	0	2	3	1	1	-2.685889	-2.792358	-2.685889	-2.768458	541	1888	1	0	1	after	NOVEL_REPEAT	HELDOUT_FAMILIAR		
FRAME_CROSS__AFTER_MILE__KNOWN_REPEAT__BARE__NONE__TO__ARBITRARY_DISTINCT	WITHIN_CARRIER	FRAME_CROSS	AFTER_MILE	BARE	KNOWN_REPEAT	ARBITRARY_DISTINCT	FRAME_CROSS__AFTER_MILE__KNOWN_REPEAT__BARE__NONE	FRAME_CROSS__AFTER_MILE__ARBITRARY_DISTINCT__BARE__NONE	mile after mile	candle after basket	0	2	3	1	1	-2.952799	-3.059268	-2.952799	-3.035368	541	1888	1	0	1	after	NOVEL_DISTINCT	HELDOUT_FAMILIAR		
FRAME_CROSS__AFTER_MILE__KNOWN_REPEAT__BARE__NONE__TO__KNOWN_NO_CONNECTOR	WITHIN_CARRIER	FRAME_CROSS	AFTER_MILE	BARE	KNOWN_REPEAT	KNOWN_NO_CONNECTOR	FRAME_CROSS__AFTER_MILE__KNOWN_REPEAT__BARE__NONE	FRAME_CROSS__AFTER_MILE__KNOWN_NO_CONNECTOR__BARE__NONE	mile after mile	mile mile	0	2	1	1	1	-3.050073	-3.090185	-3.050073	-3.050073	541	1888	1	0	1	after	NO_CONNECTOR	HELDOUT_FAMILIAR		
FRAME_CROSS__AFTER_MILE__KNOWN_REPEAT__BARE__NONE__TO__ARBITRARY_NO_CONNECTOR	WITHIN_CARRIER	FRAME_CROSS	AFTER_MILE	BARE	KNOWN_REPEAT	ARBITRARY_NO_CONNECTOR	FRAME_CROSS__AFTER_MILE__KNOWN_REPEAT__BARE__NONE	FRAME_CROSS__AFTER_MILE__ARBITRARY_NO_CONNECTOR__BARE__NONE	mile after mile	candle candle	1	2	2	1	1	-3.675123	-3.68095	-3.559048	-3.641617	541	1888	1	0	1	after	NO_CONNECTOR	HELDOUT_FAMILIAR		
FRAME_CROSS__AFTER_MILE__KNOWN_REPEAT__V9_SPACE__NONE__TO__KNOWN_RELATED	WITHIN_CARRIER	FRAME_CROSS	AFTER_MILE	V9_SPACE	KNOWN_REPEAT	KNOWN_RELATED	FRAME_CROSS__AFTER_MILE__KNOWN_REPEAT__V9_SPACE__NONE	FRAME_CROSS__AFTER_MILE__KNOWN_RELATED__V9_SPACE__NONE	 mile after mile	 mile after road	1	2	2	1	1	-3.638426	-3.638426	-3.619536	-3.508163	541	1888	1	0	1	after	RELATED_DISTINCT	HELDOUT_FAMILIAR		
FRAME_CROSS__AFTER_MILE__KNOWN_REPEAT__V9_SPACE__NONE__TO__KNOWN_ARBITRARY	WITHIN_CARRIER	FRAME_CROSS	AFTER_MILE	V9_SPACE	KNOWN_REPEAT	KNOWN_ARBITRARY	FRAME_CROSS__AFTER_MILE__KNOWN_REPEAT__V9_SPACE__NONE	FRAME_CROSS__AFTER_MILE__KNOWN_ARBITRARY__V9_SPACE__NONE	 mile after mile	 mile after basket	1	2	2	1	1	-3.766115	-3.766115	-3.619536	-3.508163	541	1888	1	0	1	after	ARBITRARY_DISTINCT	HELDOUT_FAMILIAR		
FRAME_CROSS__AFTER_MILE__KNOWN_REPEAT__V9_SPACE__NONE__TO__ARBITRARY_KNOWN	WITHIN_CARRIER	FRAME_CROSS	AFTER_MILE	V9_SPACE	KNOWN_REPEAT	ARBITRARY_KNOWN	FRAME_CROSS__AFTER_MILE__KNOWN_REPEAT__V9_SPACE__NONE	FRAME_CROSS__AFTER_MILE__ARBITRARY_KNOWN__V9_SPACE__NONE	 mile after mile	 candle after mile	1	2	2	1	1	-3.789453	-3.871164	-3.619536	-3.676633	541	1888	1	0	1	after	ARBITRARY_DISTINCT	HELDOUT_FAMILIAR		
FRAME_CROSS__AFTER_MILE__KNOWN_REPEAT__V9_SPACE__NONE__TO__ARBITRARY_REPEAT	WITHIN_CARRIER	FRAME_CROSS	AFTER_MILE	V9_SPACE	KNOWN_REPEAT	ARBITRARY_REPEAT	FRAME_CROSS__AFTER_MILE__KNOWN_REPEAT__V9_SPACE__NONE	FRAME_CROSS__AFTER_MILE__ARBITRARY_REPEAT__V9_SPACE__NONE	 mile after mile	 candle after candle	1	2	2	1	1	-1.583245	-1.664956	-1.583245	-1.640341	541	1888	1	0	1	after	NOVEL_REPEAT	HELDOUT_FAMILIAR		
FRAME_CROSS__AFTER_MILE__KNOWN_REPEAT__V9_SPACE__NONE__TO__ARBITRARY_DISTINCT	WITHIN_CARRIER	FRAME_CROSS	AFTER_MILE	V9_SPACE	KNOWN_REPEAT	ARBITRARY_DISTINCT	FRAME_CROSS__AFTER_MILE__KNOWN_REPEAT__V9_SPACE__NONE	FRAME_CROSS__AFTER_MILE__ARBITRARY_DISTINCT__V9_SPACE__NONE	 mile after mile	 candle after basket	1	2	2	1	1	-3.530477	-3.612188	-3.530477	-3.587573	541	1888	1	0	1	after	NOVEL_DISTINCT	HELDOUT_FAMILIAR		
FRAME_CROSS__AFTER_MILE__KNOWN_REPEAT__V9_SPACE__NONE__TO__KNOWN_NO_CONNECTOR	WITHIN_CARRIER	FRAME_CROSS	AFTER_MILE	V9_SPACE	KNOWN_REPEAT	KNOWN_NO_CONNECTOR	FRAME_CROSS__AFTER_MILE__KNOWN_REPEAT__V9_SPACE__NONE	FRAME_CROSS__AFTER_MILE__KNOWN_NO_CONNECTOR__V9_SPACE__NONE	 mile after mile	 mile mile	0	2	1	1	1	-2.849512	-2.838694	-2.849512	-2.738139	541	1888	1	0	1	after	NO_CONNECTOR	HELDOUT_FAMILIAR		
FRAME_CROSS__AFTER_MILE__KNOWN_REPEAT__V9_SPACE__NONE__TO__ARBITRARY_NO_CONNECTOR	WITHIN_CARRIER	FRAME_CROSS	AFTER_MILE	V9_SPACE	KNOWN_REPEAT	ARBITRARY_NO_CONNECTOR	FRAME_CROSS__AFTER_MILE__KNOWN_REPEAT__V9_SPACE__NONE	FRAME_CROSS__AFTER_MILE__ARBITRARY_NO_CONNECTOR__V9_SPACE__NONE	 mile after mile	 candle candle	0	2	1	1	1	-3.783749	-3.802509	-3.619536	-3.676633	541	1888	1	0	1	after	NO_CONNECTOR	HELDOUT_FAMILIAR		
FRAME_CROSS__AFTER_MILE__KNOWN_REPEAT__THE_PHRASE__NONE__TO__KNOWN_RELATED	WITHIN_CARRIER	FRAME_CROSS	AFTER_MILE	THE_PHRASE	KNOWN_REPEAT	KNOWN_RELATED	FRAME_CROSS__AFTER_MILE__KNOWN_REPEAT__THE_PHRASE__NONE	FRAME_CROSS__AFTER_MILE__KNOWN_RELATED__THE_PHRASE__NONE	the phrase mile after mile	the phrase mile after road	1	4	4	1	1	-3.165208	-3.165208	-3.165208	-3.165208	541	2073	1	0	1	after	RELATED_DISTINCT	HELDOUT_FAMILIAR		
FRAME_CROSS__AFTER_MILE__KNOWN_REPEAT__THE_PHRASE__NONE__TO__KNOWN_ARBITRARY	WITHIN_CARRIER	FRAME_CROSS	AFTER_MILE	THE_PHRASE	KNOWN_REPEAT	KNOWN_ARBITRARY	FRAME_CROSS__AFTER_MILE__KNOWN_REPEAT__THE_PHRASE__NONE	FRAME_CROSS__AFTER_MILE__KNOWN_ARBITRARY__THE_PHRASE__NONE	the phrase mile after mile	the phrase mile after basket	1	4	4	1	1	-3.389001	-3.389001	-3.389001	-3.389001	541	2073	1	0	1	after	ARBITRARY_DISTINCT	HELDOUT_FAMILIAR		
FRAME_CROSS__AFTER_MILE__KNOWN_REPEAT__THE_PHRASE__NONE__TO__ARBITRARY_KNOWN	WITHIN_CARRIER	FRAME_CROSS	AFTER_MILE	THE_PHRASE	KNOWN_REPEAT	ARBITRARY_KNOWN	FRAME_CROSS__AFTER_MILE__KNOWN_REPEAT__THE_PHRASE__NONE	FRAME_CROSS__AFTER_MILE__ARBITRARY_KNOWN__THE_PHRASE__NONE	the phrase mile after mile	the phrase candle after mile	1	4	4	1	1	-3.690164	-3.745429	-3.522681	-3.522681	541	2073	1	0	1	after	ARBITRARY_DISTINCT	HELDOUT_FAMILIAR		
FRAME_CROSS__AFTER_MILE__KNOWN_REPEAT__THE_PHRASE__NONE__TO__ARBITRARY_REPEAT	WITHIN_CARRIER	FRAME_CROSS	AFTER_MILE	THE_PHRASE	KNOWN_REPEAT	ARBITRARY_REPEAT	FRAME_CROSS__AFTER_MILE__KNOWN_REPEAT__THE_PHRASE__NONE	FRAME_CROSS__AFTER_MILE__ARBITRARY_REPEAT__THE_PHRASE__NONE	the phrase mile after mile	the phrase candle after candle	1	4	4	1	1	-1.679759	-1.735023	-1.679759	-1.679759	541	2073	1	0	1	after	NOVEL_REPEAT	HELDOUT_FAMILIAR		
FRAME_CROSS__AFTER_MILE__KNOWN_REPEAT__THE_PHRASE__NONE__TO__ARBITRARY_DISTINCT	WITHIN_CARRIER	FRAME_CROSS	AFTER_MILE	THE_PHRASE	KNOWN_REPEAT	ARBITRARY_DISTINCT	FRAME_CROSS__AFTER_MILE__KNOWN_REPEAT__THE_PHRASE__NONE	FRAME_CROSS__AFTER_MILE__ARBITRARY_DISTINCT__THE_PHRASE__NONE	the phrase mile after mile	the phrase candle after basket	1	4	4	1	1	-3.277388	-3.332653	-3.277388	-3.277389	541	2073	1	0	1	after	NOVEL_DISTINCT	HELDOUT_FAMILIAR		
FRAME_CROSS__AFTER_MILE__KNOWN_REPEAT__THE_PHRASE__NONE__TO__KNOWN_NO_CONNECTOR	WITHIN_CARRIER	FRAME_CROSS	AFTER_MILE	THE_PHRASE	KNOWN_REPEAT	KNOWN_NO_CONNECTOR	FRAME_CROSS__AFTER_MILE__KNOWN_REPEAT__THE_PHRASE__NONE	FRAME_CROSS__AFTER_MILE__KNOWN_NO_CONNECTOR__THE_PHRASE__NONE	the phrase mile after mile	the phrase mile mile	0	4	3	1	1	-3.220264	-3.27822	-3.220264	-3.220265	541	2073	1	0	1	after	NO_CONNECTOR	HELDOUT_FAMILIAR		
FRAME_CROSS__AFTER_MILE__KNOWN_REPEAT__THE_PHRASE__NONE__TO__ARBITRARY_NO_CONNECTOR	WITHIN_CARRIER	FRAME_CROSS	AFTER_MILE	THE_PHRASE	KNOWN_REPEAT	ARBITRARY_NO_CONNECTOR	FRAME_CROSS__AFTER_MILE__KNOWN_REPEAT__THE_PHRASE__NONE	FRAME_CROSS__AFTER_MILE__ARBITRARY_NO_CONNECTOR__THE_PHRASE__NONE	the phrase mile after mile	the phrase candle candle	0	4	3	1	1	-3.578579	-3.610875	-3.522681	-3.522681	541	2073	1	0	1	after	NO_CONNECTOR	HELDOUT_FAMILIAR		
FRAME_CROSS__AFTER_MILE__KNOWN_REPEAT__THEY_SAID__NONE__TO__KNOWN_RELATED	WITHIN_CARRIER	FRAME_CROSS	AFTER_MILE	THEY_SAID	KNOWN_REPEAT	KNOWN_RELATED	FRAME_CROSS__AFTER_MILE__KNOWN_REPEAT__THEY_SAID__NONE	FRAME_CROSS__AFTER_MILE__KNOWN_RELATED__THEY_SAID__NONE	they said mile after mile	they said mile after road	1	4	4	1	1	-4.596331	-4.596331	-4.596331	-3.631745	541	419	1	0	1	after	RELATED_DISTINCT	HELDOUT_FAMILIAR		
FRAME_CROSS__AFTER_MILE__KNOWN_REPEAT__THEY_SAID__NONE__TO__KNOWN_ARBITRARY	WITHIN_CARRIER	FRAME_CROSS	AFTER_MILE	THEY_SAID	KNOWN_REPEAT	KNOWN_ARBITRARY	FRAME_CROSS__AFTER_MILE__KNOWN_REPEAT__THEY_SAID__NONE	FRAME_CROSS__AFTER_MILE__KNOWN_ARBITRARY__THEY_SAID__NONE	they said mile after mile	they said mile after basket	1	4	4	1	1	-4.66128	-4.66128	-4.655468	-3.690881	541	419	1	0	1	after	ARBITRARY_DISTINCT	HELDOUT_FAMILIAR		
FRAME_CROSS__AFTER_MILE__KNOWN_REPEAT__THEY_SAID__NONE__TO__ARBITRARY_KNOWN	WITHIN_CARRIER	FRAME_CROSS	AFTER_MILE	THEY_SAID	KNOWN_REPEAT	ARBITRARY_KNOWN	FRAME_CROSS__AFTER_MILE__KNOWN_REPEAT__THEY_SAID__NONE	FRAME_CROSS__AFTER_MILE__ARBITRARY_KNOWN__THEY_SAID__NONE	they said mile after mile	they said candle after mile	1	4	4	1	1	-4.823938	-4.900122	-4.655468	-3.271919	541	1888	1	0	1	after	ARBITRARY_DISTINCT	HELDOUT_FAMILIAR		
FRAME_CROSS__AFTER_MILE__KNOWN_REPEAT__THEY_SAID__NONE__TO__ARBITRARY_REPEAT	WITHIN_CARRIER	FRAME_CROSS	AFTER_MILE	THEY_SAID	KNOWN_REPEAT	ARBITRARY_REPEAT	FRAME_CROSS__AFTER_MILE__KNOWN_REPEAT__THEY_SAID__NONE	FRAME_CROSS__AFTER_MILE__ARBITRARY_REPEAT__THEY_SAID__NONE	they said mile after mile	they said candle after candle	1	4	4	1	1	-2.442911	-2.519095	-2.442911	-1.140883	541	2566	1	0	1	after	NOVEL_REPEAT	HELDOUT_FAMILIAR		
FRAME_CROSS__AFTER_MILE__KNOWN_REPEAT__THEY_SAID__NONE__TO__ARBITRARY_DISTINCT	WITHIN_CARRIER	FRAME_CROSS	AFTER_MILE	THEY_SAID	KNOWN_REPEAT	ARBITRARY_DISTINCT	FRAME_CROSS__AFTER_MILE__KNOWN_REPEAT__THEY_SAID__NONE	FRAME_CROSS__AFTER_MILE__ARBITRARY_DISTINCT__THEY_SAID__NONE	they said mile after mile	they said candle after basket	1	4	4	1	1	-4.541625	-4.617809	-4.541625	-3.158076	541	1888	1	0	1	after	NOVEL_DISTINCT	HELDOUT_FAMILIAR		
FRAME_CROSS__AFTER_MILE__KNOWN_REPEAT__THEY_SAID__NONE__TO__KNOWN_NO_CONNECTOR	WITHIN_CARRIER	FRAME_CROSS	AFTER_MILE	THEY_SAID	KNOWN_REPEAT	KNOWN_NO_CONNECTOR	FRAME_CROSS__AFTER_MILE__KNOWN_REPEAT__THEY_SAID__NONE	FRAME_CROSS__AFTER_MILE__KNOWN_NO_CONNECTOR__THEY_SAID__NONE	they said mile after mile	they said mile mile	0	4	3	1	1	-3.41898	-3.433242	-3.41898	-2.654149	541	1691	1	0	1	after	NO_CONNECTOR	HELDOUT_FAMILIAR		
FRAME_CROSS__AFTER_MILE__KNOWN_REPEAT__THEY_SAID__NONE__TO__ARBITRARY_NO_CONNECTOR	WITHIN_CARRIER	FRAME_CROSS	AFTER_MILE	THEY_SAID	KNOWN_REPEAT	ARBITRARY_NO_CONNECTOR	FRAME_CROSS__AFTER_MILE__KNOWN_REPEAT__THEY_SAID__NONE	FRAME_CROSS__AFTER_MILE__ARBITRARY_NO_CONNECTOR__THEY_SAID__NONE	they said mile after mile	they said candle candle	0	4	3	1	1	-4.761541	-4.794861	-4.655468	-3.494047	541	2566	1	0	1	after	NO_CONNECTOR	HELDOUT_FAMILIAR		
REPEAT_CONNECTOR__AFTER_MILE__AFTER__BARE__NONE__TO__AND	WITHIN_CARRIER	REPEAT_CONNECTOR	AFTER_MILE	BARE	AFTER	AND	REPEAT_CONNECTOR__AFTER_MILE__AFTER__BARE__NONE	REPEAT_CONNECTOR__AFTER_MILE__AND__BARE__NONE	mile after mile	mile and mile	1	2	2	1	1	0.509355	0.363927	0.509355	-1.372319	541	2659	1	0	1	after	KNOWN_REPEAT	HELDOUT_FAMILIAR		
REPEAT_CONNECTOR__AFTER_MILE__AFTER__BARE__NONE__TO__OR	WITHIN_CARRIER	REPEAT_CONNECTOR	AFTER_MILE	BARE	AFTER	OR	REPEAT_CONNECTOR__AFTER_MILE__AFTER__BARE__NONE	REPEAT_CONNECTOR__AFTER_MILE__OR__BARE__NONE	mile after mile	mile or mile	1	2	2	1	1	-0.248472	-0.407493	-0.248472	-1.494969	541	2659	1	0	1	after	KNOWN_REPEAT	HELDOUT_FAMILIAR		
REPEAT_CONNECTOR__AFTER_MILE__AFTER__BARE__NONE__TO__TO	WITHIN_CARRIER	REPEAT_CONNECTOR	AFTER_MILE	BARE	AFTER	TO	REPEAT_CONNECTOR__AFTER_MILE__AFTER__BARE__NONE	REPEAT_CONNECTOR__AFTER_MILE__TO__BARE__NONE	mile after mile	mile to mile	1	2	2	1	1	-0.002256	-0.147349	-0.002256	-0.694068	541	2659	1	0	1	after	KNOWN_REPEAT	HELDOUT_FAMILIAR		
REPEAT_CONNECTOR__AFTER_MILE__AFTER__BARE__NONE__TO__BY	WITHIN_CARRIER	REPEAT_CONNECTOR	AFTER_MILE	BARE	AFTER	BY	REPEAT_CONNECTOR__AFTER_MILE__AFTER__BARE__NONE	REPEAT_CONNECTOR__AFTER_MILE__BY__BARE__NONE	mile after mile	mile by mile	1	2	2	1	1	0.12856	0.135149	0.12856	-0.028547	541	541	1	1	0	after	KNOWN_REPEAT	HELDOUT_FAMILIAR		
REPEAT_CONNECTOR__AFTER_MILE__AFTER__V9_SPACE__NONE__TO__AND	WITHIN_CARRIER	REPEAT_CONNECTOR	AFTER_MILE	V9_SPACE	AFTER	AND	REPEAT_CONNECTOR__AFTER_MILE__AFTER__V9_SPACE__NONE	REPEAT_CONNECTOR__AFTER_MILE__AND__V9_SPACE__NONE	 mile after mile	 mile and mile	1	2	2	1	1	-0.15504	-0.287794	-0.15504	-0.704987	541	2659	1	0	1	after	KNOWN_REPEAT	HELDOUT_FAMILIAR		
REPEAT_CONNECTOR__AFTER_MILE__AFTER__V9_SPACE__NONE__TO__OR	WITHIN_CARRIER	REPEAT_CONNECTOR	AFTER_MILE	V9_SPACE	AFTER	OR	REPEAT_CONNECTOR__AFTER_MILE__AFTER__V9_SPACE__NONE	REPEAT_CONNECTOR__AFTER_MILE__OR__V9_SPACE__NONE	 mile after mile	 mile or mile	1	2	2	1	1	-0.698619	-0.836559	-0.698619	-1.069458	541	2659	1	0	1	after	KNOWN_REPEAT	HELDOUT_FAMILIAR		
REPEAT_CONNECTOR__AFTER_MILE__AFTER__V9_SPACE__NONE__TO__TO	WITHIN_CARRIER	REPEAT_CONNECTOR	AFTER_MILE	V9_SPACE	AFTER	TO	REPEAT_CONNECTOR__AFTER_MILE__AFTER__V9_SPACE__NONE	REPEAT_CONNECTOR__AFTER_MILE__TO__V9_SPACE__NONE	 mile after mile	 mile to mile	1	2	2	1	1	-0.216739	-0.343148	-0.216739	-0.199136	541	541	1	1	0	after	KNOWN_REPEAT	HELDOUT_FAMILIAR		
REPEAT_CONNECTOR__AFTER_MILE__AFTER__V9_SPACE__NONE__TO__BY	WITHIN_CARRIER	REPEAT_CONNECTOR	AFTER_MILE	V9_SPACE	AFTER	BY	REPEAT_CONNECTOR__AFTER_MILE__AFTER__V9_SPACE__NONE	REPEAT_CONNECTOR__AFTER_MILE__BY__V9_SPACE__NONE	 mile after mile	 mile by mile	1	2	2	1	1	0.117278	0.148563	0.117278	0.22865	541	541	1	1	0	after	KNOWN_REPEAT	HELDOUT_FAMILIAR		
REPEAT_CONNECTOR__AFTER_MILE__AFTER__THE_PHRASE__NONE__TO__AND	WITHIN_CARRIER	REPEAT_CONNECTOR	AFTER_MILE	THE_PHRASE	AFTER	AND	REPEAT_CONNECTOR__AFTER_MILE__AFTER__THE_PHRASE__NONE	REPEAT_CONNECTOR__AFTER_MILE__AND__THE_PHRASE__NONE	the phrase mile after mile	the phrase mile and mile	1	4	4	1	1	-0.798348	-0.90938	-0.798348	-1.246766	541	2659	1	0	1	after	KNOWN_REPEAT	HELDOUT_FAMILIAR		
REPEAT_CONNECTOR__AFTER_MILE__AFTER__THE_PHRASE__NONE__TO__OR	WITHIN_CARRIER	REPEAT_CONNECTOR	AFTER_MILE	THE_PHRASE	AFTER	OR	REPEAT_CONNECTOR__AFTER_MILE__AFTER__THE_PHRASE__NONE	REPEAT_CONNECTOR__AFTER_MILE__OR__THE_PHRASE__NONE	the phrase mile after mile	the phrase mile or mile	1	4	4	1	1	-1.605032	-1.722097	-1.605032	-1.792746	541	2659	1	0	1	after	KNOWN_REPEAT	HELDOUT_FAMILIAR		
REPEAT_CONNECTOR__AFTER_MILE__AFTER__THE_PHRASE__NONE__TO__TO	WITHIN_CARRIER	REPEAT_CONNECTOR	AFTER_MILE	THE_PHRASE	AFTER	TO	REPEAT_CONNECTOR__AFTER_MILE__AFTER__THE_PHRASE__NONE	REPEAT_CONNECTOR__AFTER_MILE__TO__THE_PHRASE__NONE	the phrase mile after mile	the phrase mile to mile	1	4	4	1	1	0.25794	0.159274	0.25794	-0.534009	541	2659	1	0	1	after	KNOWN_REPEAT	HELDOUT_FAMILIAR		
REPEAT_CONNECTOR__AFTER_MILE__AFTER__THE_PHRASE__NONE__TO__BY	WITHIN_CARRIER	REPEAT_CONNECTOR	AFTER_MILE	THE_PHRASE	AFTER	BY	REPEAT_CONNECTOR__AFTER_MILE__AFTER__THE_PHRASE__NONE	REPEAT_CONNECTOR__AFTER_MILE__BY__THE_PHRASE__NONE	the phrase mile after mile	the phrase mile by mile	1	4	4	1	1	0.504604	0.531045	0.504604	-0.128336	541	541	1	1	0	after	KNOWN_REPEAT	HELDOUT_FAMILIAR		
REPEAT_CONNECTOR__AFTER_MILE__AFTER__THEY_SAID__NONE__TO__AND	WITHIN_CARRIER	REPEAT_CONNECTOR	AFTER_MILE	THEY_SAID	AFTER	AND	REPEAT_CONNECTOR__AFTER_MILE__AFTER__THEY_SAID__NONE	REPEAT_CONNECTOR__AFTER_MILE__AND__THEY_SAID__NONE	they said mile after mile	they said mile and mile	1	4	4	1	1	-1.473846	-1.578006	-1.473846	-1.600905	541	2659	1	0	1	after	KNOWN_REPEAT	HELDOUT_FAMILIAR		
REPEAT_CONNECTOR__AFTER_MILE__AFTER__THEY_SAID__NONE__TO__OR	WITHIN_CARRIER	REPEAT_CONNECTOR	AFTER_MILE	THEY_SAID	AFTER	OR	REPEAT_CONNECTOR__AFTER_MILE__AFTER__THEY_SAID__NONE	REPEAT_CONNECTOR__AFTER_MILE__OR__THEY_SAID__NONE	they said mile after mile	they said mile or mile	1	4	4	1	1	-2.460843	-2.572064	-2.460843	-2.158131	541	2659	1	0	1	after	KNOWN_REPEAT	HELDOUT_FAMILIAR		
REPEAT_CONNECTOR__AFTER_MILE__AFTER__THEY_SAID__NONE__TO__TO	WITHIN_CARRIER	REPEAT_CONNECTOR	AFTER_MILE	THEY_SAID	AFTER	TO	REPEAT_CONNECTOR__AFTER_MILE__AFTER__THEY_SAID__NONE	REPEAT_CONNECTOR__AFTER_MILE__TO__THEY_SAID__NONE	they said mile after mile	they said mile to mile	1	4	4	1	1	-0.472582	-0.577795	-0.472582	-1.165223	541	2659	1	0	1	after	KNOWN_REPEAT	HELDOUT_FAMILIAR		
REPEAT_CONNECTOR__AFTER_MILE__AFTER__THEY_SAID__NONE__TO__BY	WITHIN_CARRIER	REPEAT_CONNECTOR	AFTER_MILE	THEY_SAID	AFTER	BY	REPEAT_CONNECTOR__AFTER_MILE__AFTER__THEY_SAID__NONE	REPEAT_CONNECTOR__AFTER_MILE__BY__THEY_SAID__NONE	they said mile after mile	they said mile by mile	1	4	4	1	1	-0.29594	-0.250265	-0.29594	-0.742318	541	541	1	1	0	after	KNOWN_REPEAT	HELDOUT_FAMILIAR		
FRAME_CROSS__BY_ONE__KNOWN_REPEAT__BARE__NONE__TO__KNOWN_RELATED	WITHIN_CARRIER	FRAME_CROSS	BY_ONE	BARE	KNOWN_REPEAT	KNOWN_RELATED	FRAME_CROSS__BY_ONE__KNOWN_REPEAT__BARE__NONE	FRAME_CROSS__BY_ONE__KNOWN_RELATED__BARE__NONE	one by one	one by two	1	2	2	1	1	-0.722578	-0.722577	-0.722578	-0.862753	541	541	1	1	0	by	RELATED_DISTINCT	V9_ATTESTED		
FRAME_CROSS__BY_ONE__KNOWN_REPEAT__BARE__NONE__TO__KNOWN_ARBITRARY	WITHIN_CARRIER	FRAME_CROSS	BY_ONE	BARE	KNOWN_REPEAT	KNOWN_ARBITRARY	FRAME_CROSS__BY_ONE__KNOWN_REPEAT__BARE__NONE	FRAME_CROSS__BY_ONE__KNOWN_ARBITRARY__BARE__NONE	one by one	one by ocean	1	2	2	1	1	-4.408069	-4.408069	-4.372659	-4.267746	541	1888	1	0	1	by	ARBITRARY_DISTINCT	V9_ATTESTED		
FRAME_CROSS__BY_ONE__KNOWN_REPEAT__BARE__NONE__TO__ARBITRARY_KNOWN	WITHIN_CARRIER	FRAME_CROSS	BY_ONE	BARE	KNOWN_REPEAT	ARBITRARY_KNOWN	FRAME_CROSS__BY_ONE__KNOWN_REPEAT__BARE__NONE	FRAME_CROSS__BY_ONE__ARBITRARY_KNOWN__BARE__NONE	one by one	velvet by one	0	2	3	1	1	-4.523393	-4.599266	-4.372659	-3.906174	541	1790	1	0	1	by	ARBITRARY_DISTINCT	V9_ATTESTED		
FRAME_CROSS__BY_ONE__KNOWN_REPEAT__BARE__NONE__TO__ARBITRARY_REPEAT	WITHIN_CARRIER	FRAME_CROSS	BY_ONE	BARE	KNOWN_REPEAT	ARBITRARY_REPEAT	FRAME_CROSS__BY_ONE__KNOWN_REPEAT__BARE__NONE	FRAME_CROSS__BY_ONE__ARBITRARY_REPEAT__BARE__NONE	one by one	velvet by velvet	0	2	3	1	1	-4.042661	-4.118534	-4.042661	-3.576176	541	1790	1	0	1	by	NOVEL_REPEAT	V9_ATTESTED		
FRAME_CROSS__BY_ONE__KNOWN_REPEAT__BARE__NONE__TO__ARBITRARY_DISTINCT	WITHIN_CARRIER	FRAME_CROSS	BY_ONE	BARE	KNOWN_REPEAT	ARBITRARY_DISTINCT	FRAME_CROSS__BY_ONE__KNOWN_REPEAT__BARE__NONE	FRAME_CROSS__BY_ONE__ARBITRARY_DISTINCT__BARE__NONE	one by one	velvet by ocean	0	2	3	1	1	-4.542594	-4.618467	-4.372659	-3.906174	541	1790	1	0	1	by	NOVEL_DISTINCT	V9_ATTESTED		
FRAME_CROSS__BY_ONE__KNOWN_REPEAT__BARE__NONE__TO__KNOWN_NO_CONNECTOR	WITHIN_CARRIER	FRAME_CROSS	BY_ONE	BARE	KNOWN_REPEAT	KNOWN_NO_CONNECTOR	FRAME_CROSS__BY_ONE__KNOWN_REPEAT__BARE__NONE	FRAME_CROSS__BY_ONE__KNOWN_NO_CONNECTOR__BARE__NONE	one by one	one one	0	2	1	1	1	-4.537866	-4.644751	-4.372659	-4.267746	541	1888	1	0	1	by	NO_CONNECTOR	V9_ATTESTED		
FRAME_CROSS__BY_ONE__KNOWN_REPEAT__BARE__NONE__TO__ARBITRARY_NO_CONNECTOR	WITHIN_CARRIER	FRAME_CROSS	BY_ONE	BARE	KNOWN_REPEAT	ARBITRARY_NO_CONNECTOR	FRAME_CROSS__BY_ONE__KNOWN_REPEAT__BARE__NONE	FRAME_CROSS__BY_ONE__ARBITRARY_NO_CONNECTOR__BARE__NONE	one by one	velvet velvet	1	2	2	1	1	-4.53339	-4.563984	-4.372659	-3.906174	541	1790	1	0	1	by	NO_CONNECTOR	V9_ATTESTED		
FRAME_CROSS__BY_ONE__KNOWN_REPEAT__V9_SPACE__NONE__TO__KNOWN_RELATED	WITHIN_CARRIER	FRAME_CROSS	BY_ONE	V9_SPACE	KNOWN_REPEAT	KNOWN_RELATED	FRAME_CROSS__BY_ONE__KNOWN_REPEAT__V9_SPACE__NONE	FRAME_CROSS__BY_ONE__KNOWN_RELATED__V9_SPACE__NONE	 one by one	 one by two	1	2	2	1	1	-1.280741	-1.280741	-1.280741	-1.280741	541	541	1	1	0	by	RELATED_DISTINCT	V9_ATTESTED		
FRAME_CROSS__BY_ONE__KNOWN_REPEAT__V9_SPACE__NONE__TO__KNOWN_ARBITRARY	WITHIN_CARRIER	FRAME_CROSS	BY_ONE	V9_SPACE	KNOWN_REPEAT	KNOWN_ARBITRARY	FRAME_CROSS__BY_ONE__KNOWN_REPEAT__V9_SPACE__NONE	FRAME_CROSS__BY_ONE__KNOWN_ARBITRARY__V9_SPACE__NONE	 one by one	 one by ocean	1	2	2	1	1	-4.883067	-4.883067	-4.760501	-4.760501	541	1888	1	0	1	by	ARBITRARY_DISTINCT	V9_ATTESTED		
FRAME_CROSS__BY_ONE__KNOWN_REPEAT__V9_SPACE__NONE__TO__ARBITRARY_KNOWN	WITHIN_CARRIER	FRAME_CROSS	BY_ONE	V9_SPACE	KNOWN_REPEAT	ARBITRARY_KNOWN	FRAME_CROSS__BY_ONE__KNOWN_REPEAT__V9_SPACE__NONE	FRAME_CROSS__BY_ONE__ARBITRARY_KNOWN__V9_SPACE__NONE	 one by one	 velvet by one	1	2	2	1	1	-4.928658	-5.012095	-4.760501	-4.631306	541	1888	1	0	1	by	ARBITRARY_DISTINCT	V9_ATTESTED		
FRAME_CROSS__BY_ONE__KNOWN_REPEAT__V9_SPACE__NONE__TO__ARBITRARY_REPEAT	WITHIN_CARRIER	FRAME_CROSS	BY_ONE	V9_SPACE	KNOWN_REPEAT	ARBITRARY_REPEAT	FRAME_CROSS__BY_ONE__KNOWN_REPEAT__V9_SPACE__NONE	FRAME_CROSS__BY_ONE__ARBITRARY_REPEAT__V9_SPACE__NONE	 one by one	 velvet by velvet	1	2	2	1	1	-3.467269	-3.550707	-3.467269	-3.338075	541	1888	1	0	1	by	NOVEL_REPEAT	V9_ATTESTED		
FRAME_CROSS__BY_ONE__KNOWN_REPEAT__V9_SPACE__NONE__TO__ARBITRARY_DISTINCT	WITHIN_CARRIER	FRAME_CROSS	BY_ONE	V9_SPACE	KNOWN_REPEAT	ARBITRARY_DISTINCT	FRAME_CROSS__BY_ONE__KNOWN_REPEAT__V9_SPACE__NONE	FRAME_CROSS__BY_ONE__ARBITRARY_DISTINCT__V9_SPACE__NONE	 one by one	 velvet by ocean	1	2	2	1	1	-4.925108	-5.008546	-4.760501	-4.631306	541	1888	1	0	1	by	NOVEL_DISTINCT	V9_ATTESTED		
FRAME_CROSS__BY_ONE__KNOWN_REPEAT__V9_SPACE__NONE__TO__KNOWN_NO_CONNECTOR	WITHIN_CARRIER	FRAME_CROSS	BY_ONE	V9_SPACE	KNOWN_REPEAT	KNOWN_NO_CONNECTOR	FRAME_CROSS__BY_ONE__KNOWN_REPEAT__V9_SPACE__NONE	FRAME_CROSS__BY_ONE__KNOWN_NO_CONNECTOR__V9_SPACE__NONE	 one by one	 one one	0	2	1	1	1	-4.887689	-4.936792	-4.760501	-4.760501	541	1888	1	0	1	by	NO_CONNECTOR	V9_ATTESTED		
FRAME_CROSS__BY_ONE__KNOWN_REPEAT__V9_SPACE__NONE__TO__ARBITRARY_NO_CONNECTOR	WITHIN_CARRIER	FRAME_CROSS	BY_ONE	V9_SPACE	KNOWN_REPEAT	ARBITRARY_NO_CONNECTOR	FRAME_CROSS__BY_ONE__KNOWN_REPEAT__V9_SPACE__NONE	FRAME_CROSS__BY_ONE__ARBITRARY_NO_CONNECTOR__V9_SPACE__NONE	 one by one	 velvet velvet	0	2	1	1	1	-4.929336	-4.912991	-4.760501	-4.631306	541	1888	1	0	1	by	NO_CONNECTOR	V9_ATTESTED		
FRAME_CROSS__BY_ONE__KNOWN_REPEAT__THE_PHRASE__NONE__TO__KNOWN_RELATED	WITHIN_CARRIER	FRAME_CROSS	BY_ONE	THE_PHRASE	KNOWN_REPEAT	KNOWN_RELATED	FRAME_CROSS__BY_ONE__KNOWN_REPEAT__THE_PHRASE__NONE	FRAME_CROSS__BY_ONE__KNOWN_RELATED__THE_PHRASE__NONE	the phrase one by one	the phrase one by two	1	4	4	1	1	-1.398969	-1.398969	-1.398969	-0.715634	541	541	1	1	0	by	RELATED_DISTINCT	V9_ATTESTED		
FRAME_CROSS__BY_ONE__KNOWN_REPEAT__THE_PHRASE__NONE__TO__KNOWN_ARBITRARY	WITHIN_CARRIER	FRAME_CROSS	BY_ONE	THE_PHRASE	KNOWN_REPEAT	KNOWN_ARBITRARY	FRAME_CROSS__BY_ONE__KNOWN_REPEAT__THE_PHRASE__NONE	FRAME_CROSS__BY_ONE__KNOWN_ARBITRARY__THE_PHRASE__NONE	the phrase one by one	the phrase one by ocean	1	4	4	1	1	-5.304545	-5.304545	-5.17285	-4.489515	541	2073	1	0	1	by	ARBITRARY_DISTINCT	V9_ATTESTED		
FRAME_CROSS__BY_ONE__KNOWN_REPEAT__THE_PHRASE__NONE__TO__ARBITRARY_KNOWN	WITHIN_CARRIER	FRAME_CROSS	BY_ONE	THE_PHRASE	KNOWN_REPEAT	ARBITRARY_KNOWN	FRAME_CROSS__BY_ONE__KNOWN_REPEAT__THE_PHRASE__NONE	FRAME_CROSS__BY_ONE__ARBITRARY_KNOWN__THE_PHRASE__NONE	the phrase one by one	the phrase velvet by one	1	4	4	1	1	-5.273139	-5.359033	-5.17285	-4.489515	541	2073	1	0	1	by	ARBITRARY_DISTINCT	V9_ATTESTED		
FRAME_CROSS__BY_ONE__KNOWN_REPEAT__THE_PHRASE__NONE__TO__ARBITRARY_REPEAT	WITHIN_CARRIER	FRAME_CROSS	BY_ONE	THE_PHRASE	KNOWN_REPEAT	ARBITRARY_REPEAT	FRAME_CROSS__BY_ONE__KNOWN_REPEAT__THE_PHRASE__NONE	FRAME_CROSS__BY_ONE__ARBITRARY_REPEAT__THE_PHRASE__NONE	the phrase one by one	the phrase velvet by velvet	1	4	4	1	1	-4.396054	-4.481948	-4.396054	-3.712719	541	2073	1	0	1	by	NOVEL_REPEAT	V9_ATTESTED		
FRAME_CROSS__BY_ONE__KNOWN_REPEAT__THE_PHRASE__NONE__TO__ARBITRARY_DISTINCT	WITHIN_CARRIER	FRAME_CROSS	BY_ONE	THE_PHRASE	KNOWN_REPEAT	ARBITRARY_DISTINCT	FRAME_CROSS__BY_ONE__KNOWN_REPEAT__THE_PHRASE__NONE	FRAME_CROSS__BY_ONE__ARBITRARY_DISTINCT__THE_PHRASE__NONE	the phrase one by one	the phrase velvet by ocean	1	4	4	1	1	-5.341645	-5.427539	-5.17285	-4.489515	541	2073	1	0	1	by	NOVEL_DISTINCT	V9_ATTESTED		
FRAME_CROSS__BY_ONE__KNOWN_REPEAT__THE_PHRASE__NONE__TO__KNOWN_NO_CONNECTOR	WITHIN_CARRIER	FRAME_CROSS	BY_ONE	THE_PHRASE	KNOWN_REPEAT	KNOWN_NO_CONNECTOR	FRAME_CROSS__BY_ONE__KNOWN_REPEAT__THE_PHRASE__NONE	FRAME_CROSS__BY_ONE__KNOWN_NO_CONNECTOR__THE_PHRASE__NONE	the phrase one by one	the phrase one one	0	4	3	1	1	-5.260714	-5.372703	-5.17285	-4.489515	541	2073	1	0	1	by	NO_CONNECTOR	V9_ATTESTED		
FRAME_CROSS__BY_ONE__KNOWN_REPEAT__THE_PHRASE__NONE__TO__ARBITRARY_NO_CONNECTOR	WITHIN_CARRIER	FRAME_CROSS	BY_ONE	THE_PHRASE	KNOWN_REPEAT	ARBITRARY_NO_CONNECTOR	FRAME_CROSS__BY_ONE__KNOWN_REPEAT__THE_PHRASE__NONE	FRAME_CROSS__BY_ONE__ARBITRARY_NO_CONNECTOR__THE_PHRASE__NONE	the phrase one by one	the phrase velvet velvet	0	4	3	1	1	-5.316476	-5.367831	-5.17285	-4.489515	541	2073	1	0	1	by	NO_CONNECTOR	V9_ATTESTED		
FRAME_CROSS__BY_ONE__KNOWN_REPEAT__THEY_SAID__NONE__TO__KNOWN_RELATED	WITHIN_CARRIER	FRAME_CROSS	BY_ONE	THEY_SAID	KNOWN_REPEAT	KNOWN_RELATED	FRAME_CROSS__BY_ONE__KNOWN_REPEAT__THEY_SAID__NONE	FRAME_CROSS__BY_ONE__KNOWN_RELATED__THEY_SAID__NONE	they said one by one	they said one by two	1	4	4	1	1	-1.875835	-1.875835	-1.875835	-1.89088	541	971	1	0	1	by	RELATED_DISTINCT	V9_ATTESTED		
FRAME_CROSS__BY_ONE__KNOWN_REPEAT__THEY_SAID__NONE__TO__KNOWN_ARBITRARY	WITHIN_CARRIER	FRAME_CROSS	BY_ONE	THEY_SAID	KNOWN_REPEAT	KNOWN_ARBITRARY	FRAME_CROSS__BY_ONE__KNOWN_REPEAT__THEY_SAID__NONE	FRAME_CROSS__BY_ONE__KNOWN_ARBITRARY__THEY_SAID__NONE	they said one by one	they said one by ocean	1	4	4	1	1	-4.594196	-4.594196	-4.42545	-4.022181	541	1888	1	0	1	by	ARBITRARY_DISTINCT	V9_ATTESTED		
FRAME_CROSS__BY_ONE__KNOWN_REPEAT__THEY_SAID__NONE__TO__ARBITRARY_KNOWN	WITHIN_CARRIER	FRAME_CROSS	BY_ONE	THEY_SAID	KNOWN_REPEAT	ARBITRARY_KNOWN	FRAME_CROSS__BY_ONE__KNOWN_REPEAT__THEY_SAID__NONE	FRAME_CROSS__BY_ONE__ARBITRARY_KNOWN__THEY_SAID__NONE	they said one by one	they said velvet by one	1	4	4	1	1	-4.552096	-4.60564	-4.42545	-3.762485	541	2256	1	0	1	by	ARBITRARY_DISTINCT	V9_ATTESTED		
FRAME_CROSS__BY_ONE__KNOWN_REPEAT__THEY_SAID__NONE__TO__ARBITRARY_REPEAT	WITHIN_CARRIER	FRAME_CROSS	BY_ONE	THEY_SAID	KNOWN_REPEAT	ARBITRARY_REPEAT	FRAME_CROSS__BY_ONE__KNOWN_REPEAT__THEY_SAID__NONE	FRAME_CROSS__BY_ONE__ARBITRARY_REPEAT__THEY_SAID__NONE	they said one by one	they said velvet by velvet	1	4	4	1	1	-3.255921	-3.309464	-3.255921	-2.592955	541	2256	1	0	1	by	NOVEL_REPEAT	V9_ATTESTED		
FRAME_CROSS__BY_ONE__KNOWN_REPEAT__THEY_SAID__NONE__TO__ARBITRARY_DISTINCT	WITHIN_CARRIER	FRAME_CROSS	BY_ONE	THEY_SAID	KNOWN_REPEAT	ARBITRARY_DISTINCT	FRAME_CROSS__BY_ONE__KNOWN_REPEAT__THEY_SAID__NONE	FRAME_CROSS__BY_ONE__ARBITRARY_DISTINCT__THEY_SAID__NONE	they said one by one	they said velvet by ocean	1	4	4	1	1	-4.595195	-4.648738	-4.42545	-3.762485	541	2256	1	0	1	by	NOVEL_DISTINCT	V9_ATTESTED		
FRAME_CROSS__BY_ONE__KNOWN_REPEAT__THEY_SAID__NONE__TO__KNOWN_NO_CONNECTOR	WITHIN_CARRIER	FRAME_CROSS	BY_ONE	THEY_SAID	KNOWN_REPEAT	KNOWN_NO_CONNECTOR	FRAME_CROSS__BY_ONE__KNOWN_REPEAT__THEY_SAID__NONE	FRAME_CROSS__BY_ONE__KNOWN_NO_CONNECTOR__THEY_SAID__NONE	they said one by one	they said one one	0	4	3	1	1	-4.495461	-4.550276	-4.42545	-3.762485	541	2256	1	0	1	by	NO_CONNECTOR	V9_ATTESTED		
FRAME_CROSS__BY_ONE__KNOWN_REPEAT__THEY_SAID__NONE__TO__ARBITRARY_NO_CONNECTOR	WITHIN_CARRIER	FRAME_CROSS	BY_ONE	THEY_SAID	KNOWN_REPEAT	ARBITRARY_NO_CONNECTOR	FRAME_CROSS__BY_ONE__KNOWN_REPEAT__THEY_SAID__NONE	FRAME_CROSS__BY_ONE__ARBITRARY_NO_CONNECTOR__THEY_SAID__NONE	they said one by one	they said velvet velvet	0	4	3	1	1	-4.5609	-4.527269	-4.42545	-3.762485	541	2256	1	0	1	by	NO_CONNECTOR	V9_ATTESTED		
REPEAT_CONNECTOR__BY_ONE__BY__BARE__NONE__TO__AND	WITHIN_CARRIER	REPEAT_CONNECTOR	BY_ONE	BARE	BY	AND	REPEAT_CONNECTOR__BY_ONE__BY__BARE__NONE	REPEAT_CONNECTOR__BY_ONE__AND__BARE__NONE	one by one	one and one	1	2	2	1	1	-1.723168	-1.864378	-1.723168	-2.480639	541	2292	1	0	1	by	KNOWN_REPEAT	V9_ATTESTED		
REPEAT_CONNECTOR__BY_ONE__BY__BARE__NONE__TO__OR	WITHIN_CARRIER	REPEAT_CONNECTOR	BY_ONE	BARE	BY	OR	REPEAT_CONNECTOR__BY_ONE__BY__BARE__NONE	REPEAT_CONNECTOR__BY_ONE__OR__BARE__NONE	one by one	one or one	1	2	2	1	1	-2.133522	-2.286786	-2.133522	-2.261326	541	2292	1	0	1	by	KNOWN_REPEAT	V9_ATTESTED		
REPEAT_CONNECTOR__BY_ONE__BY__BARE__NONE__TO__TO	WITHIN_CARRIER	REPEAT_CONNECTOR	BY_ONE	BARE	BY	TO	REPEAT_CONNECTOR__BY_ONE__BY__BARE__NONE	REPEAT_CONNECTOR__BY_ONE__TO__BARE__NONE	one by one	one to one	1	2	2	1	1	-1.501178	-1.632135	-1.501178	-1.396266	541	541	1	1	0	by	KNOWN_REPEAT	V9_ATTESTED		
REPEAT_CONNECTOR__BY_ONE__BY__BARE__NONE__TO__AFTER	WITHIN_CARRIER	REPEAT_CONNECTOR	BY_ONE	BARE	BY	AFTER	REPEAT_CONNECTOR__BY_ONE__BY__BARE__NONE	REPEAT_CONNECTOR__BY_ONE__AFTER__BARE__NONE	one by one	one after one	1	2	2	1	1	-1.65717	-1.754725	-1.65717	-1.552258	541	1888	1	0	1	by	KNOWN_REPEAT	V9_ATTESTED		
REPEAT_CONNECTOR__BY_ONE__BY__V9_SPACE__NONE__TO__AND	WITHIN_CARRIER	REPEAT_CONNECTOR	BY_ONE	V9_SPACE	BY	AND	REPEAT_CONNECTOR__BY_ONE__BY__V9_SPACE__NONE	REPEAT_CONNECTOR__BY_ONE__AND__V9_SPACE__NONE	 one by one	 one and one	1	2	2	1	1	-2.350347	-2.488295	-2.350347	-2.733981	541	2292	1	0	1	by	KNOWN_REPEAT	V9_ATTESTED		
REPEAT_CONNECTOR__BY_ONE__BY__V9_SPACE__NONE__TO__OR	WITHIN_CARRIER	REPEAT_CONNECTOR	BY_ONE	V9_SPACE	BY	OR	REPEAT_CONNECTOR__BY_ONE__BY__V9_SPACE__NONE	REPEAT_CONNECTOR__BY_ONE__OR__V9_SPACE__NONE	 one by one	 one or one	1	2	2	1	1	-3.486884	-3.633051	-3.486884	-3.486885	541	1888	1	0	1	by	KNOWN_REPEAT	V9_ATTESTED		
REPEAT_CONNECTOR__BY_ONE__BY__V9_SPACE__NONE__TO__TO	WITHIN_CARRIER	REPEAT_CONNECTOR	BY_ONE	V9_SPACE	BY	TO	REPEAT_CONNECTOR__BY_ONE__BY__V9_SPACE__NONE	REPEAT_CONNECTOR__BY_ONE__TO__V9_SPACE__NONE	 one by one	 one to one	1	2	2	1	1	-1.390374	-1.50759	-1.390374	-1.390375	541	1888	1	0	1	by	KNOWN_REPEAT	V9_ATTESTED		
REPEAT_CONNECTOR__BY_ONE__BY__V9_SPACE__NONE__TO__AFTER	WITHIN_CARRIER	REPEAT_CONNECTOR	BY_ONE	V9_SPACE	BY	AFTER	REPEAT_CONNECTOR__BY_ONE__BY__V9_SPACE__NONE	REPEAT_CONNECTOR__BY_ONE__AFTER__V9_SPACE__NONE	 one by one	 one after one	1	2	2	1	1	-0.31972	-0.410751	-0.31972	-0.31972	541	541	1	1	0	by	KNOWN_REPEAT	V9_ATTESTED		
REPEAT_CONNECTOR__BY_ONE__BY__THE_PHRASE__NONE__TO__AND	WITHIN_CARRIER	REPEAT_CONNECTOR	BY_ONE	THE_PHRASE	BY	AND	REPEAT_CONNECTOR__BY_ONE__BY__THE_PHRASE__NONE	REPEAT_CONNECTOR__BY_ONE__AND__THE_PHRASE__NONE	the phrase one by one	the phrase one and one	1	4	4	1	1	-2.7837	-2.890654	-2.7837	-3.075028	541	2292	1	0	1	by	KNOWN_REPEAT	V9_ATTESTED		
REPEAT_CONNECTOR__BY_ONE__BY__THE_PHRASE__NONE__TO__OR	WITHIN_CARRIER	REPEAT_CONNECTOR	BY_ONE	THE_PHRASE	BY	OR	REPEAT_CONNECTOR__BY_ONE__BY__THE_PHRASE__NONE	REPEAT_CONNECTOR__BY_ONE__OR__THE_PHRASE__NONE	the phrase one by one	the phrase one or one	1	4	4	1	1	-3.815458	-3.933659	-3.815458	-3.132123	541	2073	1	0	1	by	KNOWN_REPEAT	V9_ATTESTED		
REPEAT_CONNECTOR__BY_ONE__BY__THE_PHRASE__NONE__TO__TO	WITHIN_CARRIER	REPEAT_CONNECTOR	BY_ONE	THE_PHRASE	BY	TO	REPEAT_CONNECTOR__BY_ONE__BY__THE_PHRASE__NONE	REPEAT_CONNECTOR__BY_ONE__TO__THE_PHRASE__NONE	the phrase one by one	the phrase one to one	1	4	4	1	1	-1.921089	-2.016186	-1.921089	-1.237754	541	541	1	1	0	by	KNOWN_REPEAT	V9_ATTESTED		
REPEAT_CONNECTOR__BY_ONE__BY__THE_PHRASE__NONE__TO__AFTER	WITHIN_CARRIER	REPEAT_CONNECTOR	BY_ONE	THE_PHRASE	BY	AFTER	REPEAT_CONNECTOR__BY_ONE__BY__THE_PHRASE__NONE	REPEAT_CONNECTOR__BY_ONE__AFTER__THE_PHRASE__NONE	the phrase one by one	the phrase one after one	1	4	4	1	1	-0.915327	-0.954346	-0.915327	-0.231992	541	541	1	1	0	by	KNOWN_REPEAT	V9_ATTESTED		
REPEAT_CONNECTOR__BY_ONE__BY__THEY_SAID__NONE__TO__AND	WITHIN_CARRIER	REPEAT_CONNECTOR	BY_ONE	THEY_SAID	BY	AND	REPEAT_CONNECTOR__BY_ONE__BY__THEY_SAID__NONE	REPEAT_CONNECTOR__BY_ONE__AND__THEY_SAID__NONE	they said one by one	they said one and one	1	4	4	1	1	-1.737209	-1.799198	-1.737209	-2.643427	541	2292	1	0	1	by	KNOWN_REPEAT	V9_ATTESTED		
REPEAT_CONNECTOR__BY_ONE__BY__THEY_SAID__NONE__TO__OR	WITHIN_CARRIER	REPEAT_CONNECTOR	BY_ONE	THEY_SAID	BY	OR	REPEAT_CONNECTOR__BY_ONE__BY__THEY_SAID__NONE	REPEAT_CONNECTOR__BY_ONE__OR__THEY_SAID__NONE	they said one by one	they said one or one	1	4	4	1	1	-3.646019	-3.715513	-3.646019	-3.321647	541	2292	1	0	1	by	KNOWN_REPEAT	V9_ATTESTED		
REPEAT_CONNECTOR__BY_ONE__BY__THEY_SAID__NONE__TO__TO	WITHIN_CARRIER	REPEAT_CONNECTOR	BY_ONE	THEY_SAID	BY	TO	REPEAT_CONNECTOR__BY_ONE__BY__THEY_SAID__NONE	REPEAT_CONNECTOR__BY_ONE__TO__THEY_SAID__NONE	they said one by one	they said one to one	1	4	4	1	1	-0.747096	-0.805727	-0.747096	-0.446517	541	541	1	1	0	by	KNOWN_REPEAT	V9_ATTESTED		
REPEAT_CONNECTOR__BY_ONE__BY__THEY_SAID__NONE__TO__AFTER	WITHIN_CARRIER	REPEAT_CONNECTOR	BY_ONE	THEY_SAID	BY	AFTER	REPEAT_CONNECTOR__BY_ONE__BY__THEY_SAID__NONE	REPEAT_CONNECTOR__BY_ONE__AFTER__THEY_SAID__NONE	they said one by one	they said one after one	1	4	4	1	1	-0.237937	-0.272847	-0.237937	0.163904	541	541	1	1	0	by	KNOWN_REPEAT	V9_ATTESTED		
FRAME_CROSS__BY_ZONE__KNOWN_REPEAT__BARE__NONE__TO__KNOWN_RELATED	WITHIN_CARRIER	FRAME_CROSS	BY_ZONE	BARE	KNOWN_REPEAT	KNOWN_RELATED	FRAME_CROSS__BY_ZONE__KNOWN_REPEAT__BARE__NONE	FRAME_CROSS__BY_ZONE__KNOWN_RELATED__BARE__NONE	zone by zone	zone by region	1	2	2	1	1	-1.760207	-1.760207	-1.760207	-2.225576	541	36	1	0	1	by	RELATED_DISTINCT	V9_ATTESTED		
FRAME_CROSS__BY_ZONE__KNOWN_REPEAT__BARE__NONE__TO__KNOWN_ARBITRARY	WITHIN_CARRIER	FRAME_CROSS	BY_ZONE	BARE	KNOWN_REPEAT	KNOWN_ARBITRARY	FRAME_CROSS__BY_ZONE__KNOWN_REPEAT__BARE__NONE	FRAME_CROSS__BY_ZONE__KNOWN_ARBITRARY__BARE__NONE	zone by zone	zone by pencil	1	2	2	1	1	-3.152334	-3.152334	-2.988928	-2.988928	541	1888	1	0	1	by	ARBITRARY_DISTINCT	V9_ATTESTED		
FRAME_CROSS__BY_ZONE__KNOWN_REPEAT__BARE__NONE__TO__ARBITRARY_KNOWN	WITHIN_CARRIER	FRAME_CROSS	BY_ZONE	BARE	KNOWN_REPEAT	ARBITRARY_KNOWN	FRAME_CROSS__BY_ZONE__KNOWN_REPEAT__BARE__NONE	FRAME_CROSS__BY_ZONE__ARBITRARY_KNOWN__BARE__NONE	zone by zone	pocket by zone	1	2	2	1	1	-2.759019	-2.732185	-2.759019	-2.877782	541	1888	1	0	1	by	ARBITRARY_DISTINCT	V9_ATTESTED		
FRAME_CROSS__BY_ZONE__KNOWN_REPEAT__BARE__NONE__TO__ARBITRARY_REPEAT	WITHIN_CARRIER	FRAME_CROSS	BY_ZONE	BARE	KNOWN_REPEAT	ARBITRARY_REPEAT	FRAME_CROSS__BY_ZONE__KNOWN_REPEAT__BARE__NONE	FRAME_CROSS__BY_ZONE__ARBITRARY_REPEAT__BARE__NONE	zone by zone	pocket by pocket	1	2	2	1	1	-1.463502	-1.436667	-1.463502	-1.582264	541	1888	1	0	1	by	NOVEL_REPEAT	V9_ATTESTED		
FRAME_CROSS__BY_ZONE__KNOWN_REPEAT__BARE__NONE__TO__ARBITRARY_DISTINCT	WITHIN_CARRIER	FRAME_CROSS	BY_ZONE	BARE	KNOWN_REPEAT	ARBITRARY_DISTINCT	FRAME_CROSS__BY_ZONE__KNOWN_REPEAT__BARE__NONE	FRAME_CROSS__BY_ZONE__ARBITRARY_DISTINCT__BARE__NONE	zone by zone	pocket by pencil	1	2	2	1	1	-3.14594	-3.119105	-2.988928	-3.10769	541	1888	1	0	1	by	NOVEL_DISTINCT	V9_ATTESTED		
FRAME_CROSS__BY_ZONE__KNOWN_REPEAT__BARE__NONE__TO__KNOWN_NO_CONNECTOR	WITHIN_CARRIER	FRAME_CROSS	BY_ZONE	BARE	KNOWN_REPEAT	KNOWN_NO_CONNECTOR	FRAME_CROSS__BY_ZONE__KNOWN_REPEAT__BARE__NONE	FRAME_CROSS__BY_ZONE__KNOWN_NO_CONNECTOR__BARE__NONE	zone by zone	zone zone	0	2	1	1	1	-3.146562	-3.192552	-2.988928	-2.988928	541	1888	1	0	1	by	NO_CONNECTOR	V9_ATTESTED		
FRAME_CROSS__BY_ZONE__KNOWN_REPEAT__BARE__NONE__TO__ARBITRARY_NO_CONNECTOR	WITHIN_CARRIER	FRAME_CROSS	BY_ZONE	BARE	KNOWN_REPEAT	ARBITRARY_NO_CONNECTOR	FRAME_CROSS__BY_ZONE__KNOWN_REPEAT__BARE__NONE	FRAME_CROSS__BY_ZONE__ARBITRARY_NO_CONNECTOR__BARE__NONE	zone by zone	pocket pocket	0	2	1	1	1	-3.081228	-3.12993	-2.988928	-3.10769	541	1888	1	0	1	by	NO_CONNECTOR	V9_ATTESTED		
FRAME_CROSS__BY_ZONE__KNOWN_REPEAT__V9_SPACE__NONE__TO__KNOWN_RELATED	WITHIN_CARRIER	FRAME_CROSS	BY_ZONE	V9_SPACE	KNOWN_REPEAT	KNOWN_RELATED	FRAME_CROSS__BY_ZONE__KNOWN_REPEAT__V9_SPACE__NONE	FRAME_CROSS__BY_ZONE__KNOWN_RELATED__V9_SPACE__NONE	 zone by zone	 zone by region	1	2	2	1	1	-1.735403	-1.735403	-1.735403	-1.735403	1888	1888	0	0	0	by	RELATED_DISTINCT	V9_ATTESTED		
FRAME_CROSS__BY_ZONE__KNOWN_REPEAT__V9_SPACE__NONE__TO__KNOWN_ARBITRARY	WITHIN_CARRIER	FRAME_CROSS	BY_ZONE	V9_SPACE	KNOWN_REPEAT	KNOWN_ARBITRARY	FRAME_CROSS__BY_ZONE__KNOWN_REPEAT__V9_SPACE__NONE	FRAME_CROSS__BY_ZONE__KNOWN_ARBITRARY__V9_SPACE__NONE	 zone by zone	 zone by pencil	1	2	2	1	1	-3.556211	-3.556211	-3.405342	-3.405342	1888	1888	0	0	0	by	ARBITRARY_DISTINCT	V9_ATTESTED		
FRAME_CROSS__BY_ZONE__KNOWN_REPEAT__V9_SPACE__NONE__TO__ARBITRARY_KNOWN	WITHIN_CARRIER	FRAME_CROSS	BY_ZONE	V9_SPACE	KNOWN_REPEAT	ARBITRARY_KNOWN	FRAME_CROSS__BY_ZONE__KNOWN_REPEAT__V9_SPACE__NONE	FRAME_CROSS__BY_ZONE__ARBITRARY_KNOWN__V9_SPACE__NONE	 zone by zone	 pocket by zone	1	2	2	1	1	-3.08815	-3.087231	-3.08815	-3.144224	1888	1888	0	0	0	by	ARBITRARY_DISTINCT	V9_ATTESTED		
FRAME_CROSS__BY_ZONE__KNOWN_REPEAT__V9_SPACE__NONE__TO__ARBITRARY_REPEAT	WITHIN_CARRIER	FRAME_CROSS	BY_ZONE	V9_SPACE	KNOWN_REPEAT	ARBITRARY_REPEAT	FRAME_CROSS__BY_ZONE__KNOWN_REPEAT__V9_SPACE__NONE	FRAME_CROSS__BY_ZONE__ARBITRARY_REPEAT__V9_SPACE__NONE	 zone by zone	 pocket by pocket	1	2	2	1	1	-1.027471	-1.026552	-1.027471	-1.083545	1888	1888	0	0	0	by	NOVEL_REPEAT	V9_ATTESTED		
FRAME_CROSS__BY_ZONE__KNOWN_REPEAT__V9_SPACE__NONE__TO__ARBITRARY_DISTINCT	WITHIN_CARRIER	FRAME_CROSS	BY_ZONE	V9_SPACE	KNOWN_REPEAT	ARBITRARY_DISTINCT	FRAME_CROSS__BY_ZONE__KNOWN_REPEAT__V9_SPACE__NONE	FRAME_CROSS__BY_ZONE__ARBITRARY_DISTINCT__V9_SPACE__NONE	 zone by zone	 pocket by pencil	1	2	2	1	1	-3.57393	-3.57301	-3.405342	-3.461416	1888	1888	0	0	0	by	NOVEL_DISTINCT	V9_ATTESTED		
FRAME_CROSS__BY_ZONE__KNOWN_REPEAT__V9_SPACE__NONE__TO__KNOWN_NO_CONNECTOR	WITHIN_CARRIER	FRAME_CROSS	BY_ZONE	V9_SPACE	KNOWN_REPEAT	KNOWN_NO_CONNECTOR	FRAME_CROSS__BY_ZONE__KNOWN_REPEAT__V9_SPACE__NONE	FRAME_CROSS__BY_ZONE__KNOWN_NO_CONNECTOR__V9_SPACE__NONE	 zone by zone	 zone zone	0	2	1	1	1	-3.575172	-3.529451	-3.405342	-3.405342	1888	1888	0	0	0	by	NO_CONNECTOR	V9_ATTESTED		
FRAME_CROSS__BY_ZONE__KNOWN_REPEAT__V9_SPACE__NONE__TO__ARBITRARY_NO_CONNECTOR	WITHIN_CARRIER	FRAME_CROSS	BY_ZONE	V9_SPACE	KNOWN_REPEAT	ARBITRARY_NO_CONNECTOR	FRAME_CROSS__BY_ZONE__KNOWN_REPEAT__V9_SPACE__NONE	FRAME_CROSS__BY_ZONE__ARBITRARY_NO_CONNECTOR__V9_SPACE__NONE	 zone by zone	 pocket pocket	0	2	1	1	1	-3.515278	-3.509444	-3.405342	-3.461416	1888	1888	0	0	0	by	NO_CONNECTOR	V9_ATTESTED		
FRAME_CROSS__BY_ZONE__KNOWN_REPEAT__THE_PHRASE__NONE__TO__KNOWN_RELATED	WITHIN_CARRIER	FRAME_CROSS	BY_ZONE	THE_PHRASE	KNOWN_REPEAT	KNOWN_RELATED	FRAME_CROSS__BY_ZONE__KNOWN_REPEAT__THE_PHRASE__NONE	FRAME_CROSS__BY_ZONE__KNOWN_RELATED__THE_PHRASE__NONE	the phrase zone by zone	the phrase zone by region	1	4	4	1	1	-2.184895	-2.184895	-2.184895	-2.289995	541	36	1	0	1	by	RELATED_DISTINCT	V9_ATTESTED		
FRAME_CROSS__BY_ZONE__KNOWN_REPEAT__THE_PHRASE__NONE__TO__KNOWN_ARBITRARY	WITHIN_CARRIER	FRAME_CROSS	BY_ZONE	THE_PHRASE	KNOWN_REPEAT	KNOWN_ARBITRARY	FRAME_CROSS__BY_ZONE__KNOWN_REPEAT__THE_PHRASE__NONE	FRAME_CROSS__BY_ZONE__KNOWN_ARBITRARY__THE_PHRASE__NONE	the phrase zone by zone	the phrase zone by pencil	1	4	4	1	1	-3.372024	-3.372024	-3.234691	-3.234691	541	2073	1	0	1	by	ARBITRARY_DISTINCT	V9_ATTESTED		
FRAME_CROSS__BY_ZONE__KNOWN_REPEAT__THE_PHRASE__NONE__TO__ARBITRARY_KNOWN	WITHIN_CARRIER	FRAME_CROSS	BY_ZONE	THE_PHRASE	KNOWN_REPEAT	ARBITRARY_KNOWN	FRAME_CROSS__BY_ZONE__KNOWN_REPEAT__THE_PHRASE__NONE	FRAME_CROSS__BY_ZONE__ARBITRARY_KNOWN__THE_PHRASE__NONE	the phrase zone by zone	the phrase pocket by zone	1	4	4	1	1	-3.018795	-3.004893	-3.018795	-3.018796	541	2073	1	0	1	by	ARBITRARY_DISTINCT	V9_ATTESTED		
FRAME_CROSS__BY_ZONE__KNOWN_REPEAT__THE_PHRASE__NONE__TO__ARBITRARY_REPEAT	WITHIN_CARRIER	FRAME_CROSS	BY_ZONE	THE_PHRASE	KNOWN_REPEAT	ARBITRARY_REPEAT	FRAME_CROSS__BY_ZONE__KNOWN_REPEAT__THE_PHRASE__NONE	FRAME_CROSS__BY_ZONE__ARBITRARY_REPEAT__THE_PHRASE__NONE	the phrase zone by zone	the phrase pocket by pocket	1	4	4	1	1	-1.236269	-1.222367	-1.236269	-1.23627	541	2073	1	0	1	by	NOVEL_REPEAT	V9_ATTESTED		
FRAME_CROSS__BY_ZONE__KNOWN_REPEAT__THE_PHRASE__NONE__TO__ARBITRARY_DISTINCT	WITHIN_CARRIER	FRAME_CROSS	BY_ZONE	THE_PHRASE	KNOWN_REPEAT	ARBITRARY_DISTINCT	FRAME_CROSS__BY_ZONE__KNOWN_REPEAT__THE_PHRASE__NONE	FRAME_CROSS__BY_ZONE__ARBITRARY_DISTINCT__THE_PHRASE__NONE	the phrase zone by zone	the phrase pocket by pencil	1	4	4	1	1	-3.40455	-3.390648	-3.234691	-3.234691	541	2073	1	0	1	by	NOVEL_DISTINCT	V9_ATTESTED		
FRAME_CROSS__BY_ZONE__KNOWN_REPEAT__THE_PHRASE__NONE__TO__KNOWN_NO_CONNECTOR	WITHIN_CARRIER	FRAME_CROSS	BY_ZONE	THE_PHRASE	KNOWN_REPEAT	KNOWN_NO_CONNECTOR	FRAME_CROSS__BY_ZONE__KNOWN_REPEAT__THE_PHRASE__NONE	FRAME_CROSS__BY_ZONE__KNOWN_NO_CONNECTOR__THE_PHRASE__NONE	the phrase zone by zone	the phrase zone zone	0	4	3	1	1	-3.385768	-3.325268	-3.234691	-3.234691	541	2073	1	0	1	by	NO_CONNECTOR	V9_ATTESTED		
FRAME_CROSS__BY_ZONE__KNOWN_REPEAT__THE_PHRASE__NONE__TO__ARBITRARY_NO_CONNECTOR	WITHIN_CARRIER	FRAME_CROSS	BY_ZONE	THE_PHRASE	KNOWN_REPEAT	ARBITRARY_NO_CONNECTOR	FRAME_CROSS__BY_ZONE__KNOWN_REPEAT__THE_PHRASE__NONE	FRAME_CROSS__BY_ZONE__ARBITRARY_NO_CONNECTOR__THE_PHRASE__NONE	the phrase zone by zone	the phrase pocket pocket	0	4	3	1	1	-3.404375	-3.390062	-3.234691	-3.234691	541	2073	1	0	1	by	NO_CONNECTOR	V9_ATTESTED		
FRAME_CROSS__BY_ZONE__KNOWN_REPEAT__THEY_SAID__NONE__TO__KNOWN_RELATED	WITHIN_CARRIER	FRAME_CROSS	BY_ZONE	THEY_SAID	KNOWN_REPEAT	KNOWN_RELATED	FRAME_CROSS__BY_ZONE__KNOWN_REPEAT__THEY_SAID__NONE	FRAME_CROSS__BY_ZONE__KNOWN_RELATED__THEY_SAID__NONE	they said zone by zone	they said zone by region	1	4	4	1	1	-2.249337	-2.249337	-2.249337	-2.013842	541	36	1	0	1	by	RELATED_DISTINCT	V9_ATTESTED		
FRAME_CROSS__BY_ZONE__KNOWN_REPEAT__THEY_SAID__NONE__TO__KNOWN_ARBITRARY	WITHIN_CARRIER	FRAME_CROSS	BY_ZONE	THEY_SAID	KNOWN_REPEAT	KNOWN_ARBITRARY	FRAME_CROSS__BY_ZONE__KNOWN_REPEAT__THEY_SAID__NONE	FRAME_CROSS__BY_ZONE__KNOWN_ARBITRARY__THEY_SAID__NONE	they said zone by zone	they said zone by pencil	1	4	4	1	1	-4.070185	-4.070185	-3.915329	-3.048105	541	1888	1	0	1	by	ARBITRARY_DISTINCT	V9_ATTESTED		
FRAME_CROSS__BY_ZONE__KNOWN_REPEAT__THEY_SAID__NONE__TO__ARBITRARY_KNOWN	WITHIN_CARRIER	FRAME_CROSS	BY_ZONE	THEY_SAID	KNOWN_REPEAT	ARBITRARY_KNOWN	FRAME_CROSS__BY_ZONE__KNOWN_REPEAT__THEY_SAID__NONE	FRAME_CROSS__BY_ZONE__ARBITRARY_KNOWN__THEY_SAID__NONE	they said zone by zone	they said pocket by zone	1	4	4	1	1	-3.481942	-3.4705	-3.481942	-2.738903	541	1888	1	0	1	by	ARBITRARY_DISTINCT	V9_ATTESTED		
FRAME_CROSS__BY_ZONE__KNOWN_REPEAT__THEY_SAID__NONE__TO__ARBITRARY_REPEAT	WITHIN_CARRIER	FRAME_CROSS	BY_ZONE	THEY_SAID	KNOWN_REPEAT	ARBITRARY_REPEAT	FRAME_CROSS__BY_ZONE__KNOWN_REPEAT__THEY_SAID__NONE	FRAME_CROSS__BY_ZONE__ARBITRARY_REPEAT__THEY_SAID__NONE	they said zone by zone	they said pocket by pocket	1	4	4	1	1	-1.135472	-1.12403	-1.135472	-0.482278	541	2659	1	0	1	by	NOVEL_REPEAT	V9_ATTESTED		
FRAME_CROSS__BY_ZONE__KNOWN_REPEAT__THEY_SAID__NONE__TO__ARBITRARY_DISTINCT	WITHIN_CARRIER	FRAME_CROSS	BY_ZONE	THEY_SAID	KNOWN_REPEAT	ARBITRARY_DISTINCT	FRAME_CROSS__BY_ZONE__KNOWN_REPEAT__THEY_SAID__NONE	FRAME_CROSS__BY_ZONE__ARBITRARY_DISTINCT__THEY_SAID__NONE	they said zone by zone	they said pocket by pencil	1	4	4	1	1	-4.085261	-4.073819	-3.915329	-3.17229	541	1888	1	0	1	by	NOVEL_DISTINCT	V9_ATTESTED		
FRAME_CROSS__BY_ZONE__KNOWN_REPEAT__THEY_SAID__NONE__TO__KNOWN_NO_CONNECTOR	WITHIN_CARRIER	FRAME_CROSS	BY_ZONE	THEY_SAID	KNOWN_REPEAT	KNOWN_NO_CONNECTOR	FRAME_CROSS__BY_ZONE__KNOWN_REPEAT__THEY_SAID__NONE	FRAME_CROSS__BY_ZONE__KNOWN_NO_CONNECTOR__THEY_SAID__NONE	they said zone by zone	they said zone zone	0	4	3	1	1	-3.935058	-3.850289	-3.915329	-2.819686	541	2256	1	0	1	by	NO_CONNECTOR	V9_ATTESTED		
FRAME_CROSS__BY_ZONE__KNOWN_REPEAT__THEY_SAID__NONE__TO__ARBITRARY_NO_CONNECTOR	WITHIN_CARRIER	FRAME_CROSS	BY_ZONE	THEY_SAID	KNOWN_REPEAT	ARBITRARY_NO_CONNECTOR	FRAME_CROSS__BY_ZONE__KNOWN_REPEAT__THEY_SAID__NONE	FRAME_CROSS__BY_ZONE__ARBITRARY_NO_CONNECTOR__THEY_SAID__NONE	they said zone by zone	they said pocket pocket	0	4	3	1	1	-4.051939	-4.026286	-3.915329	-3.17229	541	1888	1	0	1	by	NO_CONNECTOR	V9_ATTESTED		
REPEAT_CONNECTOR__BY_ZONE__BY__BARE__NONE__TO__AND	WITHIN_CARRIER	REPEAT_CONNECTOR	BY_ZONE	BARE	BY	AND	REPEAT_CONNECTOR__BY_ZONE__BY__BARE__NONE	REPEAT_CONNECTOR__BY_ZONE__AND__BARE__NONE	zone by zone	zone and zone	1	2	2	1	1	-1.189276	-1.276465	-1.189276	-1.189276	541	1888	1	0	1	by	KNOWN_REPEAT	V9_ATTESTED		
REPEAT_CONNECTOR__BY_ZONE__BY__BARE__NONE__TO__OR	WITHIN_CARRIER	REPEAT_CONNECTOR	BY_ZONE	BARE	BY	OR	REPEAT_CONNECTOR__BY_ZONE__BY__BARE__NONE	REPEAT_CONNECTOR__BY_ZONE__OR__BARE__NONE	zone by zone	zone or zone	1	2	2	1	1	-1.420585	-1.51928	-1.420585	-1.420585	541	1888	1	0	1	by	KNOWN_REPEAT	V9_ATTESTED		
REPEAT_CONNECTOR__BY_ZONE__BY__BARE__NONE__TO__TO	WITHIN_CARRIER	REPEAT_CONNECTOR	BY_ZONE	BARE	BY	TO	REPEAT_CONNECTOR__BY_ZONE__BY__BARE__NONE	REPEAT_CONNECTOR__BY_ZONE__TO__BARE__NONE	zone by zone	zone to zone	1	2	2	1	1	-1.649124	-1.740069	-1.649124	-1.649124	541	1888	1	0	1	by	KNOWN_REPEAT	V9_ATTESTED		
REPEAT_CONNECTOR__BY_ZONE__BY__BARE__NONE__TO__AFTER	WITHIN_CARRIER	REPEAT_CONNECTOR	BY_ZONE	BARE	BY	AFTER	REPEAT_CONNECTOR__BY_ZONE__BY__BARE__NONE	REPEAT_CONNECTOR__BY_ZONE__AFTER__BARE__NONE	zone by zone	zone after zone	1	2	2	1	1	-0.210608	-0.260389	-0.210608	-0.210608	541	1888	1	0	1	by	KNOWN_REPEAT	V9_ATTESTED		
REPEAT_CONNECTOR__BY_ZONE__BY__V9_SPACE__NONE__TO__AND	WITHIN_CARRIER	REPEAT_CONNECTOR	BY_ZONE	V9_SPACE	BY	AND	REPEAT_CONNECTOR__BY_ZONE__BY__V9_SPACE__NONE	REPEAT_CONNECTOR__BY_ZONE__AND__V9_SPACE__NONE	 zone by zone	 zone and zone	1	2	2	1	1	-1.438217	-1.491197	-1.438217	-1.438217	1888	1888	0	0	0	by	KNOWN_REPEAT	V9_ATTESTED		
REPEAT_CONNECTOR__BY_ZONE__BY__V9_SPACE__NONE__TO__OR	WITHIN_CARRIER	REPEAT_CONNECTOR	BY_ZONE	V9_SPACE	BY	OR	REPEAT_CONNECTOR__BY_ZONE__BY__V9_SPACE__NONE	REPEAT_CONNECTOR__BY_ZONE__OR__V9_SPACE__NONE	 zone by zone	 zone or zone	1	2	2	1	1	-1.390624	-1.448038	-1.390624	-1.390624	1888	1888	0	0	0	by	KNOWN_REPEAT	V9_ATTESTED		
REPEAT_CONNECTOR__BY_ZONE__BY__V9_SPACE__NONE__TO__TO	WITHIN_CARRIER	REPEAT_CONNECTOR	BY_ZONE	V9_SPACE	BY	TO	REPEAT_CONNECTOR__BY_ZONE__BY__V9_SPACE__NONE	REPEAT_CONNECTOR__BY_ZONE__TO__V9_SPACE__NONE	 zone by zone	 zone to zone	1	2	2	1	1	-1.863743	-1.919852	-1.863743	-1.863742	1888	1888	0	0	0	by	KNOWN_REPEAT	V9_ATTESTED		
REPEAT_CONNECTOR__BY_ZONE__BY__V9_SPACE__NONE__TO__AFTER	WITHIN_CARRIER	REPEAT_CONNECTOR	BY_ZONE	V9_SPACE	BY	AFTER	REPEAT_CONNECTOR__BY_ZONE__BY__V9_SPACE__NONE	REPEAT_CONNECTOR__BY_ZONE__AFTER__V9_SPACE__NONE	 zone by zone	 zone after zone	1	2	2	1	1	-0.822775	-0.860908	-0.822775	-0.822775	1888	1888	0	0	0	by	KNOWN_REPEAT	V9_ATTESTED		
REPEAT_CONNECTOR__BY_ZONE__BY__THE_PHRASE__NONE__TO__AND	WITHIN_CARRIER	REPEAT_CONNECTOR	BY_ZONE	THE_PHRASE	BY	AND	REPEAT_CONNECTOR__BY_ZONE__BY__THE_PHRASE__NONE	REPEAT_CONNECTOR__BY_ZONE__AND__THE_PHRASE__NONE	the phrase zone by zone	the phrase zone and zone	1	4	4	1	1	-1.595759	-1.617887	-1.595759	-1.59576	541	2073	1	0	1	by	KNOWN_REPEAT	V9_ATTESTED		
REPEAT_CONNECTOR__BY_ZONE__BY__THE_PHRASE__NONE__TO__OR	WITHIN_CARRIER	REPEAT_CONNECTOR	BY_ZONE	THE_PHRASE	BY	OR	REPEAT_CONNECTOR__BY_ZONE__BY__THE_PHRASE__NONE	REPEAT_CONNECTOR__BY_ZONE__OR__THE_PHRASE__NONE	the phrase zone by zone	the phrase zone or zone	1	4	4	1	1	-1.59	-1.615502	-1.59	-1.627737	541	2659	1	0	1	by	KNOWN_REPEAT	V9_ATTESTED		
REPEAT_CONNECTOR__BY_ZONE__BY__THE_PHRASE__NONE__TO__TO	WITHIN_CARRIER	REPEAT_CONNECTOR	BY_ZONE	THE_PHRASE	BY	TO	REPEAT_CONNECTOR__BY_ZONE__BY__THE_PHRASE__NONE	REPEAT_CONNECTOR__BY_ZONE__TO__THE_PHRASE__NONE	the phrase zone by zone	the phrase zone to zone	1	4	4	1	1	-1.489162	-1.512668	-1.489162	-1.489162	541	2073	1	0	1	by	KNOWN_REPEAT	V9_ATTESTED		
REPEAT_CONNECTOR__BY_ZONE__BY__THE_PHRASE__NONE__TO__AFTER	WITHIN_CARRIER	REPEAT_CONNECTOR	BY_ZONE	THE_PHRASE	BY	AFTER	REPEAT_CONNECTOR__BY_ZONE__BY__THE_PHRASE__NONE	REPEAT_CONNECTOR__BY_ZONE__AFTER__THE_PHRASE__NONE	the phrase zone by zone	the phrase zone after zone	1	4	4	1	1	-0.895541	-0.904181	-0.895541	-0.895541	541	2073	1	0	1	by	KNOWN_REPEAT	V9_ATTESTED		
REPEAT_CONNECTOR__BY_ZONE__BY__THEY_SAID__NONE__TO__AND	WITHIN_CARRIER	REPEAT_CONNECTOR	BY_ZONE	THEY_SAID	BY	AND	REPEAT_CONNECTOR__BY_ZONE__BY__THEY_SAID__NONE	REPEAT_CONNECTOR__BY_ZONE__AND__THEY_SAID__NONE	they said zone by zone	they said zone and zone	1	4	4	1	1	-1.488918	-1.505141	-1.488918	-1.614642	541	2659	1	0	1	by	KNOWN_REPEAT	V9_ATTESTED		
REPEAT_CONNECTOR__BY_ZONE__BY__THEY_SAID__NONE__TO__OR	WITHIN_CARRIER	REPEAT_CONNECTOR	BY_ZONE	THEY_SAID	BY	OR	REPEAT_CONNECTOR__BY_ZONE__BY__THEY_SAID__NONE	REPEAT_CONNECTOR__BY_ZONE__OR__THEY_SAID__NONE	they said zone by zone	they said zone or zone	1	4	4	1	1	-2.123361	-2.15167	-2.123361	-1.901313	541	2659	1	0	1	by	KNOWN_REPEAT	V9_ATTESTED		
REPEAT_CONNECTOR__BY_ZONE__BY__THEY_SAID__NONE__TO__TO	WITHIN_CARRIER	REPEAT_CONNECTOR	BY_ZONE	THEY_SAID	BY	TO	REPEAT_CONNECTOR__BY_ZONE__BY__THEY_SAID__NONE	REPEAT_CONNECTOR__BY_ZONE__TO__THEY_SAID__NONE	they said zone by zone	they said zone to zone	1	4	4	1	1	-1.856511	-1.884622	-1.856511	-1.16239	541	2566	1	0	1	by	KNOWN_REPEAT	V9_ATTESTED		
REPEAT_CONNECTOR__BY_ZONE__BY__THEY_SAID__NONE__TO__AFTER	WITHIN_CARRIER	REPEAT_CONNECTOR	BY_ZONE	THEY_SAID	BY	AFTER	REPEAT_CONNECTOR__BY_ZONE__BY__THEY_SAID__NONE	REPEAT_CONNECTOR__BY_ZONE__AFTER__THEY_SAID__NONE	they said zone by zone	they said zone after zone	1	4	4	1	1	-0.665376	-0.685215	-0.665376	0.251641	541	541	1	1	0	by	KNOWN_REPEAT	V9_ATTESTED		
FRAME_CROSS__BY_STEP__KNOWN_REPEAT__BARE__NONE__TO__KNOWN_RELATED	WITHIN_CARRIER	FRAME_CROSS	BY_STEP	BARE	KNOWN_REPEAT	KNOWN_RELATED	FRAME_CROSS__BY_STEP__KNOWN_REPEAT__BARE__NONE	FRAME_CROSS__BY_STEP__KNOWN_RELATED__BARE__NONE	step by step	step by stride	1	2	2	1	1	-0.627823	-0.627823	-0.627823	-0.627823	541	419	1	0	1	by	RELATED_DISTINCT	HELDOUT_FAMILIAR		
FRAME_CROSS__BY_STEP__KNOWN_REPEAT__BARE__NONE__TO__KNOWN_ARBITRARY	WITHIN_CARRIER	FRAME_CROSS	BY_STEP	BARE	KNOWN_REPEAT	KNOWN_ARBITRARY	FRAME_CROSS__BY_STEP__KNOWN_REPEAT__BARE__NONE	FRAME_CROSS__BY_STEP__KNOWN_ARBITRARY__BARE__NONE	step by step	step by engine	1	2	2	1	1	-3.485892	-3.485892	-3.485892	-3.485892	541	419	1	0	1	by	ARBITRARY_DISTINCT	HELDOUT_FAMILIAR		
FRAME_CROSS__BY_STEP__KNOWN_REPEAT__BARE__NONE__TO__ARBITRARY_KNOWN	WITHIN_CARRIER	FRAME_CROSS	BY_STEP	BARE	KNOWN_REPEAT	ARBITRARY_KNOWN	FRAME_CROSS__BY_STEP__KNOWN_REPEAT__BARE__NONE	FRAME_CROSS__BY_STEP__ARBITRARY_KNOWN__BARE__NONE	step by step	lantern by step	0	2	3	1	1	-3.754078	-3.90242	-3.585034	-3.046928	541	1888	1	0	1	by	ARBITRARY_DISTINCT	HELDOUT_FAMILIAR		
FRAME_CROSS__BY_STEP__KNOWN_REPEAT__BARE__NONE__TO__ARBITRARY_REPEAT	WITHIN_CARRIER	FRAME_CROSS	BY_STEP	BARE	KNOWN_REPEAT	ARBITRARY_REPEAT	FRAME_CROSS__BY_STEP__KNOWN_REPEAT__BARE__NONE	FRAME_CROSS__BY_STEP__ARBITRARY_REPEAT__BARE__NONE	step by step	lantern by lantern	0	2	3	1	1	-3.714396	-3.862738	-3.585034	-3.046928	541	1888	1	0	1	by	NOVEL_REPEAT	HELDOUT_FAMILIAR		
FRAME_CROSS__BY_STEP__KNOWN_REPEAT__BARE__NONE__TO__ARBITRARY_DISTINCT	WITHIN_CARRIER	FRAME_CROSS	BY_STEP	BARE	KNOWN_REPEAT	ARBITRARY_DISTINCT	FRAME_CROSS__BY_STEP__KNOWN_REPEAT__BARE__NONE	FRAME_CROSS__BY_STEP__ARBITRARY_DISTINCT__BARE__NONE	step by step	lantern by engine	0	2	3	1	1	-3.700363	-3.848705	-3.585034	-3.046928	541	1888	1	0	1	by	NOVEL_DISTINCT	HELDOUT_FAMILIAR		
FRAME_CROSS__BY_STEP__KNOWN_REPEAT__BARE__NONE__TO__KNOWN_NO_CONNECTOR	WITHIN_CARRIER	FRAME_CROSS	BY_STEP	BARE	KNOWN_REPEAT	KNOWN_NO_CONNECTOR	FRAME_CROSS__BY_STEP__KNOWN_REPEAT__BARE__NONE	FRAME_CROSS__BY_STEP__KNOWN_NO_CONNECTOR__BARE__NONE	step by step	step step	0	2	1	1	1	-3.742104	-3.839946	-3.585034	-2.863986	541	1888	1	0	1	by	NO_CONNECTOR	HELDOUT_FAMILIAR		
FRAME_CROSS__BY_STEP__KNOWN_REPEAT__BARE__NONE__TO__ARBITRARY_NO_CONNECTOR	WITHIN_CARRIER	FRAME_CROSS	BY_STEP	BARE	KNOWN_REPEAT	ARBITRARY_NO_CONNECTOR	FRAME_CROSS__BY_STEP__KNOWN_REPEAT__BARE__NONE	FRAME_CROSS__BY_STEP__ARBITRARY_NO_CONNECTOR__BARE__NONE	step by step	lantern lantern	1	2	2	1	1	-3.607633	-3.708872	-3.585034	-3.046928	541	1888	1	0	1	by	NO_CONNECTOR	HELDOUT_FAMILIAR		
FRAME_CROSS__BY_STEP__KNOWN_REPEAT__V9_SPACE__NONE__TO__KNOWN_RELATED	WITHIN_CARRIER	FRAME_CROSS	BY_STEP	V9_SPACE	KNOWN_REPEAT	KNOWN_RELATED	FRAME_CROSS__BY_STEP__KNOWN_REPEAT__V9_SPACE__NONE	FRAME_CROSS__BY_STEP__KNOWN_RELATED__V9_SPACE__NONE	 step by step	 step by stride	1	2	2	1	1	-0.487867	-0.487867	-0.487867	-0.487867	419	419	0	0	0	by	RELATED_DISTINCT	HELDOUT_FAMILIAR		
FRAME_CROSS__BY_STEP__KNOWN_REPEAT__V9_SPACE__NONE__TO__KNOWN_ARBITRARY	WITHIN_CARRIER	FRAME_CROSS	BY_STEP	V9_SPACE	KNOWN_REPEAT	KNOWN_ARBITRARY	FRAME_CROSS__BY_STEP__KNOWN_REPEAT__V9_SPACE__NONE	FRAME_CROSS__BY_STEP__KNOWN_ARBITRARY__V9_SPACE__NONE	 step by step	 step by engine	1	2	2	1	1	-3.111617	-3.111617	-3.111617	-3.111617	419	419	0	0	0	by	ARBITRARY_DISTINCT	HELDOUT_FAMILIAR		
FRAME_CROSS__BY_STEP__KNOWN_REPEAT__V9_SPACE__NONE__TO__ARBITRARY_KNOWN	WITHIN_CARRIER	FRAME_CROSS	BY_STEP	V9_SPACE	KNOWN_REPEAT	ARBITRARY_KNOWN	FRAME_CROSS__BY_STEP__KNOWN_REPEAT__V9_SPACE__NONE	FRAME_CROSS__BY_STEP__ARBITRARY_KNOWN__V9_SPACE__NONE	 step by step	 lantern by step	1	2	2	1	1	-3.377079	-3.484387	-3.209619	-2.944408	419	1888	0	0	0	by	ARBITRARY_DISTINCT	HELDOUT_FAMILIAR		
FRAME_CROSS__BY_STEP__KNOWN_REPEAT__V9_SPACE__NONE__TO__ARBITRARY_REPEAT	WITHIN_CARRIER	FRAME_CROSS	BY_STEP	V9_SPACE	KNOWN_REPEAT	ARBITRARY_REPEAT	FRAME_CROSS__BY_STEP__KNOWN_REPEAT__V9_SPACE__NONE	FRAME_CROSS__BY_STEP__ARBITRARY_REPEAT__V9_SPACE__NONE	 step by step	 lantern by lantern	1	2	2	1	1	-2.514646	-2.621954	-2.514646	-2.249435	419	1888	0	0	0	by	NOVEL_REPEAT	HELDOUT_FAMILIAR		
FRAME_CROSS__BY_STEP__KNOWN_REPEAT__V9_SPACE__NONE__TO__ARBITRARY_DISTINCT	WITHIN_CARRIER	FRAME_CROSS	BY_STEP	V9_SPACE	KNOWN_REPEAT	ARBITRARY_DISTINCT	FRAME_CROSS__BY_STEP__KNOWN_REPEAT__V9_SPACE__NONE	FRAME_CROSS__BY_STEP__ARBITRARY_DISTINCT__V9_SPACE__NONE	 step by step	 lantern by engine	1	2	2	1	1	-3.031237	-3.138545	-3.031237	-2.766027	419	1888	0	0	0	by	NOVEL_DISTINCT	HELDOUT_FAMILIAR		
FRAME_CROSS__BY_STEP__KNOWN_REPEAT__V9_SPACE__NONE__TO__KNOWN_NO_CONNECTOR	WITHIN_CARRIER	FRAME_CROSS	BY_STEP	V9_SPACE	KNOWN_REPEAT	KNOWN_NO_CONNECTOR	FRAME_CROSS__BY_STEP__KNOWN_REPEAT__V9_SPACE__NONE	FRAME_CROSS__BY_STEP__KNOWN_NO_CONNECTOR__V9_SPACE__NONE	 step by step	 step step	0	2	1	1	1	-3.224763	-3.238432	-3.209619	-3.182526	419	1888	0	0	0	by	NO_CONNECTOR	HELDOUT_FAMILIAR		
FRAME_CROSS__BY_STEP__KNOWN_REPEAT__V9_SPACE__NONE__TO__ARBITRARY_NO_CONNECTOR	WITHIN_CARRIER	FRAME_CROSS	BY_STEP	V9_SPACE	KNOWN_REPEAT	ARBITRARY_NO_CONNECTOR	FRAME_CROSS__BY_STEP__KNOWN_REPEAT__V9_SPACE__NONE	FRAME_CROSS__BY_STEP__ARBITRARY_NO_CONNECTOR__V9_SPACE__NONE	 step by step	 lantern lantern	0	2	1	1	1	-3.282831	-3.329225	-3.209619	-2.944408	419	1888	0	0	0	by	NO_CONNECTOR	HELDOUT_FAMILIAR		
FRAME_CROSS__BY_STEP__KNOWN_REPEAT__THE_PHRASE__NONE__TO__KNOWN_RELATED	WITHIN_CARRIER	FRAME_CROSS	BY_STEP	THE_PHRASE	KNOWN_REPEAT	KNOWN_RELATED	FRAME_CROSS__BY_STEP__KNOWN_REPEAT__THE_PHRASE__NONE	FRAME_CROSS__BY_STEP__KNOWN_RELATED__THE_PHRASE__NONE	the phrase step by step	the phrase step by stride	1	4	4	1	1	-0.979189	-0.979188	-0.979189	-0.979189	419	419	0	0	0	by	RELATED_DISTINCT	HELDOUT_FAMILIAR		
FRAME_CROSS__BY_STEP__KNOWN_REPEAT__THE_PHRASE__NONE__TO__KNOWN_ARBITRARY	WITHIN_CARRIER	FRAME_CROSS	BY_STEP	THE_PHRASE	KNOWN_REPEAT	KNOWN_ARBITRARY	FRAME_CROSS__BY_STEP__KNOWN_REPEAT__THE_PHRASE__NONE	FRAME_CROSS__BY_STEP__KNOWN_ARBITRARY__THE_PHRASE__NONE	the phrase step by step	the phrase step by engine	1	4	4	1	1	-3.639058	-3.639057	-3.639058	-3.639058	419	419	0	0	0	by	ARBITRARY_DISTINCT	HELDOUT_FAMILIAR		
FRAME_CROSS__BY_STEP__KNOWN_REPEAT__THE_PHRASE__NONE__TO__ARBITRARY_KNOWN	WITHIN_CARRIER	FRAME_CROSS	BY_STEP	THE_PHRASE	KNOWN_REPEAT	ARBITRARY_KNOWN	FRAME_CROSS__BY_STEP__KNOWN_REPEAT__THE_PHRASE__NONE	FRAME_CROSS__BY_STEP__ARBITRARY_KNOWN__THE_PHRASE__NONE	the phrase step by step	the phrase lantern by step	1	4	4	1	1	-4.015597	-4.113174	-3.848365	-3.207672	419	2073	0	0	0	by	ARBITRARY_DISTINCT	HELDOUT_FAMILIAR		
FRAME_CROSS__BY_STEP__KNOWN_REPEAT__THE_PHRASE__NONE__TO__ARBITRARY_REPEAT	WITHIN_CARRIER	FRAME_CROSS	BY_STEP	THE_PHRASE	KNOWN_REPEAT	ARBITRARY_REPEAT	FRAME_CROSS__BY_STEP__KNOWN_REPEAT__THE_PHRASE__NONE	FRAME_CROSS__BY_STEP__ARBITRARY_REPEAT__THE_PHRASE__NONE	the phrase step by step	the phrase lantern by lantern	1	4	4	1	1	-3.186905	-3.284481	-3.186905	-2.546212	419	2073	0	0	0	by	NOVEL_REPEAT	HELDOUT_FAMILIAR		
FRAME_CROSS__BY_STEP__KNOWN_REPEAT__THE_PHRASE__NONE__TO__ARBITRARY_DISTINCT	WITHIN_CARRIER	FRAME_CROSS	BY_STEP	THE_PHRASE	KNOWN_REPEAT	ARBITRARY_DISTINCT	FRAME_CROSS__BY_STEP__KNOWN_REPEAT__THE_PHRASE__NONE	FRAME_CROSS__BY_STEP__ARBITRARY_DISTINCT__THE_PHRASE__NONE	the phrase step by step	the phrase lantern by engine	1	4	4	1	1	-3.800325	-3.897902	-3.800325	-3.159633	419	2073	0	0	0	by	NOVEL_DISTINCT	HELDOUT_FAMILIAR		
FRAME_CROSS__BY_STEP__KNOWN_REPEAT__THE_PHRASE__NONE__TO__KNOWN_NO_CONNECTOR	WITHIN_CARRIER	FRAME_CROSS	BY_STEP	THE_PHRASE	KNOWN_REPEAT	KNOWN_NO_CONNECTOR	FRAME_CROSS__BY_STEP__KNOWN_REPEAT__THE_PHRASE__NONE	FRAME_CROSS__BY_STEP__KNOWN_NO_CONNECTOR__THE_PHRASE__NONE	the phrase step by step	the phrase step step	0	4	3	1	1	-3.850139	-3.92805	-3.848365	-3.207672	419	2073	0	0	0	by	NO_CONNECTOR	HELDOUT_FAMILIAR		
FRAME_CROSS__BY_STEP__KNOWN_REPEAT__THE_PHRASE__NONE__TO__ARBITRARY_NO_CONNECTOR	WITHIN_CARRIER	FRAME_CROSS	BY_STEP	THE_PHRASE	KNOWN_REPEAT	ARBITRARY_NO_CONNECTOR	FRAME_CROSS__BY_STEP__KNOWN_REPEAT__THE_PHRASE__NONE	FRAME_CROSS__BY_STEP__ARBITRARY_NO_CONNECTOR__THE_PHRASE__NONE	the phrase step by step	the phrase lantern lantern	0	4	3	1	1	-3.985311	-4.070636	-3.848365	-3.207672	419	2073	0	0	0	by	NO_CONNECTOR	HELDOUT_FAMILIAR		
FRAME_CROSS__BY_STEP__KNOWN_REPEAT__THEY_SAID__NONE__TO__KNOWN_RELATED	WITHIN_CARRIER	FRAME_CROSS	BY_STEP	THEY_SAID	KNOWN_REPEAT	KNOWN_RELATED	FRAME_CROSS__BY_STEP__KNOWN_REPEAT__THEY_SAID__NONE	FRAME_CROSS__BY_STEP__KNOWN_RELATED__THEY_SAID__NONE	they said step by step	they said step by stride	1	4	4	1	1	-0.610957	-0.610957	-0.610957	-0.610957	419	419	0	0	0	by	RELATED_DISTINCT	HELDOUT_FAMILIAR		
FRAME_CROSS__BY_STEP__KNOWN_REPEAT__THEY_SAID__NONE__TO__KNOWN_ARBITRARY	WITHIN_CARRIER	FRAME_CROSS	BY_STEP	THEY_SAID	KNOWN_REPEAT	KNOWN_ARBITRARY	FRAME_CROSS__BY_STEP__KNOWN_REPEAT__THEY_SAID__NONE	FRAME_CROSS__BY_STEP__KNOWN_ARBITRARY__THEY_SAID__NONE	they said step by step	they said step by engine	1	4	4	1	1	-3.534706	-3.534706	-3.534706	-3.534706	419	419	0	0	0	by	ARBITRARY_DISTINCT	HELDOUT_FAMILIAR		
FRAME_CROSS__BY_STEP__KNOWN_REPEAT__THEY_SAID__NONE__TO__ARBITRARY_KNOWN	WITHIN_CARRIER	FRAME_CROSS	BY_STEP	THEY_SAID	KNOWN_REPEAT	ARBITRARY_KNOWN	FRAME_CROSS__BY_STEP__KNOWN_REPEAT__THEY_SAID__NONE	FRAME_CROSS__BY_STEP__ARBITRARY_KNOWN__THEY_SAID__NONE	they said step by step	they said lantern by step	1	4	4	1	1	-4.062195	-4.179268	-3.895151	-1.967458	419	1790	0	0	0	by	ARBITRARY_DISTINCT	HELDOUT_FAMILIAR		
FRAME_CROSS__BY_STEP__KNOWN_REPEAT__THEY_SAID__NONE__TO__ARBITRARY_REPEAT	WITHIN_CARRIER	FRAME_CROSS	BY_STEP	THEY_SAID	KNOWN_REPEAT	ARBITRARY_REPEAT	FRAME_CROSS__BY_STEP__KNOWN_REPEAT__THEY_SAID__NONE	FRAME_CROSS__BY_STEP__ARBITRARY_REPEAT__THEY_SAID__NONE	they said step by step	they said lantern by lantern	1	4	4	1	1	-2.979591	-3.096664	-2.979591	-1.01026	419	2566	0	0	0	by	NOVEL_REPEAT	HELDOUT_FAMILIAR		
FRAME_CROSS__BY_STEP__KNOWN_REPEAT__THEY_SAID__NONE__TO__ARBITRARY_DISTINCT	WITHIN_CARRIER	FRAME_CROSS	BY_STEP	THEY_SAID	KNOWN_REPEAT	ARBITRARY_DISTINCT	FRAME_CROSS__BY_STEP__KNOWN_REPEAT__THEY_SAID__NONE	FRAME_CROSS__BY_STEP__ARBITRARY_DISTINCT__THEY_SAID__NONE	they said step by step	they said lantern by engine	1	4	4	1	1	-3.692838	-3.809911	-3.692838	-1.867789	419	1129	0	0	0	by	NOVEL_DISTINCT	HELDOUT_FAMILIAR		
FRAME_CROSS__BY_STEP__KNOWN_REPEAT__THEY_SAID__NONE__TO__KNOWN_NO_CONNECTOR	WITHIN_CARRIER	FRAME_CROSS	BY_STEP	THEY_SAID	KNOWN_REPEAT	KNOWN_NO_CONNECTOR	FRAME_CROSS__BY_STEP__KNOWN_REPEAT__THEY_SAID__NONE	FRAME_CROSS__BY_STEP__KNOWN_NO_CONNECTOR__THEY_SAID__NONE	they said step by step	they said step step	0	4	3	1	1	-3.944843	-3.992136	-3.895151	-2.144824	419	281	0	0	0	by	NO_CONNECTOR	HELDOUT_FAMILIAR		
FRAME_CROSS__BY_STEP__KNOWN_REPEAT__THEY_SAID__NONE__TO__ARBITRARY_NO_CONNECTOR	WITHIN_CARRIER	FRAME_CROSS	BY_STEP	THEY_SAID	KNOWN_REPEAT	ARBITRARY_NO_CONNECTOR	FRAME_CROSS__BY_STEP__KNOWN_REPEAT__THEY_SAID__NONE	FRAME_CROSS__BY_STEP__ARBITRARY_NO_CONNECTOR__THEY_SAID__NONE	they said step by step	they said lantern lantern	0	4	3	1	1	-3.958641	-4.055542	-3.895151	-2.003666	419	2330	0	0	0	by	NO_CONNECTOR	HELDOUT_FAMILIAR		
REPEAT_CONNECTOR__BY_STEP__BY__BARE__NONE__TO__AND	WITHIN_CARRIER	REPEAT_CONNECTOR	BY_STEP	BARE	BY	AND	REPEAT_CONNECTOR__BY_STEP__BY__BARE__NONE	REPEAT_CONNECTOR__BY_STEP__AND__BARE__NONE	step by step	step and step	1	2	2	1	1	-1.133562	-1.292318	-1.133562	-1.276017	541	2659	1	0	1	by	KNOWN_REPEAT	HELDOUT_FAMILIAR		
REPEAT_CONNECTOR__BY_STEP__BY__BARE__NONE__TO__OR	WITHIN_CARRIER	REPEAT_CONNECTOR	BY_STEP	BARE	BY	OR	REPEAT_CONNECTOR__BY_STEP__BY__BARE__NONE	REPEAT_CONNECTOR__BY_STEP__OR__BARE__NONE	step by step	step or step	1	2	2	1	1	-0.685431	-0.851361	-0.685431	-1.152561	541	2659	1	0	1	by	KNOWN_REPEAT	HELDOUT_FAMILIAR		
REPEAT_CONNECTOR__BY_STEP__BY__BARE__NONE__TO__TO	WITHIN_CARRIER	REPEAT_CONNECTOR	BY_STEP	BARE	BY	TO	REPEAT_CONNECTOR__BY_STEP__BY__BARE__NONE	REPEAT_CONNECTOR__BY_STEP__TO__BARE__NONE	step by step	step to step	1	2	2	1	1	-2.215021	-2.361339	-2.215021	-1.493974	541	1888	1	0	1	by	KNOWN_REPEAT	HELDOUT_FAMILIAR		
REPEAT_CONNECTOR__BY_STEP__BY__BARE__NONE__TO__AFTER	WITHIN_CARRIER	REPEAT_CONNECTOR	BY_STEP	BARE	BY	AFTER	REPEAT_CONNECTOR__BY_STEP__BY__BARE__NONE	REPEAT_CONNECTOR__BY_STEP__AFTER__BARE__NONE	step by step	step after step	1	2	2	1	1	-0.612636	-0.651279	-0.612636	-0.130702	541	541	1	1	0	by	KNOWN_REPEAT	HELDOUT_FAMILIAR		
REPEAT_CONNECTOR__BY_STEP__BY__V9_SPACE__NONE__TO__AND	WITHIN_CARRIER	REPEAT_CONNECTOR	BY_STEP	V9_SPACE	BY	AND	REPEAT_CONNECTOR__BY_STEP__BY__V9_SPACE__NONE	REPEAT_CONNECTOR__BY_STEP__AND__V9_SPACE__NONE	 step by step	 step and step	1	2	2	1	1	-1.070525	-1.213388	-1.070525	-1.043431	419	1888	0	0	0	by	KNOWN_REPEAT	HELDOUT_FAMILIAR		
REPEAT_CONNECTOR__BY_STEP__BY__V9_SPACE__NONE__TO__OR	WITHIN_CARRIER	REPEAT_CONNECTOR	BY_STEP	V9_SPACE	BY	OR	REPEAT_CONNECTOR__BY_STEP__BY__V9_SPACE__NONE	REPEAT_CONNECTOR__BY_STEP__OR__V9_SPACE__NONE	 step by step	 step or step	1	2	2	1	1	-0.366127	-0.516752	-0.366127	-0.751373	419	2659	0	0	0	by	KNOWN_REPEAT	HELDOUT_FAMILIAR		
REPEAT_CONNECTOR__BY_STEP__BY__V9_SPACE__NONE__TO__TO	WITHIN_CARRIER	REPEAT_CONNECTOR	BY_STEP	V9_SPACE	BY	TO	REPEAT_CONNECTOR__BY_STEP__BY__V9_SPACE__NONE	REPEAT_CONNECTOR__BY_STEP__TO__V9_SPACE__NONE	 step by step	 step to step	1	2	2	1	1	-1.679364	-1.815811	-1.679364	-1.652271	419	1888	0	0	0	by	KNOWN_REPEAT	HELDOUT_FAMILIAR		
REPEAT_CONNECTOR__BY_STEP__BY__V9_SPACE__NONE__TO__AFTER	WITHIN_CARRIER	REPEAT_CONNECTOR	BY_STEP	V9_SPACE	BY	AFTER	REPEAT_CONNECTOR__BY_STEP__BY__V9_SPACE__NONE	REPEAT_CONNECTOR__BY_STEP__AFTER__V9_SPACE__NONE	 step by step	 step after step	1	2	2	1	1	-0.203538	-0.251714	-0.203538	-0.176445	419	1888	0	0	0	by	KNOWN_REPEAT	HELDOUT_FAMILIAR		
REPEAT_CONNECTOR__BY_STEP__BY__THE_PHRASE__NONE__TO__AND	WITHIN_CARRIER	REPEAT_CONNECTOR	BY_STEP	THE_PHRASE	BY	AND	REPEAT_CONNECTOR__BY_STEP__BY__THE_PHRASE__NONE	REPEAT_CONNECTOR__BY_STEP__AND__THE_PHRASE__NONE	the phrase step by step	the phrase step and step	1	4	4	1	1	-1.726254	-1.840861	-1.726254	-1.417188	419	2659	0	0	0	by	KNOWN_REPEAT	HELDOUT_FAMILIAR		
REPEAT_CONNECTOR__BY_STEP__BY__THE_PHRASE__NONE__TO__OR	WITHIN_CARRIER	REPEAT_CONNECTOR	BY_STEP	THE_PHRASE	BY	OR	REPEAT_CONNECTOR__BY_STEP__BY__THE_PHRASE__NONE	REPEAT_CONNECTOR__BY_STEP__OR__THE_PHRASE__NONE	the phrase step by step	the phrase step or step	1	4	4	1	1	-1.568366	-1.690664	-1.568366	-1.509017	419	2659	0	0	0	by	KNOWN_REPEAT	HELDOUT_FAMILIAR		
REPEAT_CONNECTOR__BY_STEP__BY__THE_PHRASE__NONE__TO__TO	WITHIN_CARRIER	REPEAT_CONNECTOR	BY_STEP	THE_PHRASE	BY	TO	REPEAT_CONNECTOR__BY_STEP__BY__THE_PHRASE__NONE	REPEAT_CONNECTOR__BY_STEP__TO__THE_PHRASE__NONE	the phrase step by step	the phrase step to step	1	4	4	1	1	-1.907316	-1.998735	-1.907316	-1.266623	419	2073	0	0	0	by	KNOWN_REPEAT	HELDOUT_FAMILIAR		
REPEAT_CONNECTOR__BY_STEP__BY__THE_PHRASE__NONE__TO__AFTER	WITHIN_CARRIER	REPEAT_CONNECTOR	BY_STEP	THE_PHRASE	BY	AFTER	REPEAT_CONNECTOR__BY_STEP__BY__THE_PHRASE__NONE	REPEAT_CONNECTOR__BY_STEP__AFTER__THE_PHRASE__NONE	the phrase step by step	the phrase step after step	1	4	4	1	1	-1.165825	-1.185693	-1.165825	-0.525132	419	2073	0	0	0	by	KNOWN_REPEAT	HELDOUT_FAMILIAR		
REPEAT_CONNECTOR__BY_STEP__BY__THEY_SAID__NONE__TO__AND	WITHIN_CARRIER	REPEAT_CONNECTOR	BY_STEP	THEY_SAID	BY	AND	REPEAT_CONNECTOR__BY_STEP__BY__THEY_SAID__NONE	REPEAT_CONNECTOR__BY_STEP__AND__THEY_SAID__NONE	they said step by step	they said step and step	1	4	4	1	1	-1.661034	-1.783058	-1.661034	-1.132182	419	2659	0	0	0	by	KNOWN_REPEAT	HELDOUT_FAMILIAR		
REPEAT_CONNECTOR__BY_STEP__BY__THEY_SAID__NONE__TO__OR	WITHIN_CARRIER	REPEAT_CONNECTOR	BY_STEP	THEY_SAID	BY	OR	REPEAT_CONNECTOR__BY_STEP__BY__THEY_SAID__NONE	REPEAT_CONNECTOR__BY_STEP__OR__THEY_SAID__NONE	they said step by step	they said step or step	1	4	4	1	1	-1.612327	-1.742887	-1.612327	-1.190029	419	2659	0	0	0	by	KNOWN_REPEAT	HELDOUT_FAMILIAR		
REPEAT_CONNECTOR__BY_STEP__BY__THEY_SAID__NONE__TO__TO	WITHIN_CARRIER	REPEAT_CONNECTOR	BY_STEP	THEY_SAID	BY	TO	REPEAT_CONNECTOR__BY_STEP__BY__THEY_SAID__NONE	REPEAT_CONNECTOR__BY_STEP__TO__THEY_SAID__NONE	they said step by step	they said step to step	1	4	4	1	1	-1.540067	-1.660991	-1.540067	-0.191759	419	2566	0	0	0	by	KNOWN_REPEAT	HELDOUT_FAMILIAR		
REPEAT_CONNECTOR__BY_STEP__BY__THEY_SAID__NONE__TO__AFTER	WITHIN_CARRIER	REPEAT_CONNECTOR	BY_STEP	THEY_SAID	BY	AFTER	REPEAT_CONNECTOR__BY_STEP__BY__THEY_SAID__NONE	REPEAT_CONNECTOR__BY_STEP__AFTER__THEY_SAID__NONE	they said step by step	they said step after step	1	4	4	1	1	-0.616409	-0.660382	-0.616409	0.6908	419	541	0	1	1	by	KNOWN_REPEAT	HELDOUT_FAMILIAR		
FRAME_CROSS__AND_ROUND__KNOWN_REPEAT__BARE__NONE__TO__KNOWN_RELATED	WITHIN_CARRIER	FRAME_CROSS	AND_ROUND	BARE	KNOWN_REPEAT	KNOWN_RELATED	FRAME_CROSS__AND_ROUND__KNOWN_REPEAT__BARE__NONE	FRAME_CROSS__AND_ROUND__KNOWN_RELATED__BARE__NONE	round and round	round and straight	1	2	2	1	1	-2.89242	-2.89242	-2.794974	-1.979081	2659	1790	0	0	0	and	RELATED_DISTINCT	V9_ATTESTED		
FRAME_CROSS__AND_ROUND__KNOWN_REPEAT__BARE__NONE__TO__KNOWN_ARBITRARY	WITHIN_CARRIER	FRAME_CROSS	AND_ROUND	BARE	KNOWN_REPEAT	KNOWN_ARBITRARY	FRAME_CROSS__AND_ROUND__KNOWN_REPEAT__BARE__NONE	FRAME_CROSS__AND_ROUND__KNOWN_ARBITRARY__BARE__NONE	round and round	round and button	1	2	2	1	1	-2.091614	-2.091614	-2.091614	-1.275721	2659	1790	0	0	0	and	ARBITRARY_DISTINCT	V9_ATTESTED		
FRAME_CROSS__AND_ROUND__KNOWN_REPEAT__BARE__NONE__TO__ARBITRARY_KNOWN	WITHIN_CARRIER	FRAME_CROSS	AND_ROUND	BARE	KNOWN_REPEAT	ARBITRARY_KNOWN	FRAME_CROSS__AND_ROUND__KNOWN_REPEAT__BARE__NONE	FRAME_CROSS__AND_ROUND__ARBITRARY_KNOWN__BARE__NONE	round and round	rabbit and round	0	2	3	1	1	-2.852824	-2.8562	-2.794974	-2.034689	2659	1888	0	0	0	and	ARBITRARY_DISTINCT	V9_ATTESTED		
FRAME_CROSS__AND_ROUND__KNOWN_REPEAT__BARE__NONE__TO__ARBITRARY_REPEAT	WITHIN_CARRIER	FRAME_CROSS	AND_ROUND	BARE	KNOWN_REPEAT	ARBITRARY_REPEAT	FRAME_CROSS__AND_ROUND__KNOWN_REPEAT__BARE__NONE	FRAME_CROSS__AND_ROUND__ARBITRARY_REPEAT__BARE__NONE	round and round	rabbit and rabbit	0	2	3	1	1	0.117319	0.113943	0.117319	0.054323	2659	2659	0	0	0	and	NOVEL_REPEAT	V9_ATTESTED		
FRAME_CROSS__AND_ROUND__KNOWN_REPEAT__BARE__NONE__TO__ARBITRARY_DISTINCT	WITHIN_CARRIER	FRAME_CROSS	AND_ROUND	BARE	KNOWN_REPEAT	ARBITRARY_DISTINCT	FRAME_CROSS__AND_ROUND__KNOWN_REPEAT__BARE__NONE	FRAME_CROSS__AND_ROUND__ARBITRARY_DISTINCT__BARE__NONE	round and round	rabbit and button	0	2	3	1	1	-1.778337	-1.781714	-1.778337	-1.018052	2659	1888	0	0	0	and	NOVEL_DISTINCT	V9_ATTESTED		
FRAME_CROSS__AND_ROUND__KNOWN_REPEAT__BARE__NONE__TO__KNOWN_NO_CONNECTOR	WITHIN_CARRIER	FRAME_CROSS	AND_ROUND	BARE	KNOWN_REPEAT	KNOWN_NO_CONNECTOR	FRAME_CROSS__AND_ROUND__KNOWN_REPEAT__BARE__NONE	FRAME_CROSS__AND_ROUND__KNOWN_NO_CONNECTOR__BARE__NONE	round and round	round round	0	2	1	1	1	-2.825603	-2.739058	-2.794974	-2.307643	2659	1691	0	0	0	and	NO_CONNECTOR	V9_ATTESTED		
FRAME_CROSS__AND_ROUND__KNOWN_REPEAT__BARE__NONE__TO__ARBITRARY_NO_CONNECTOR	WITHIN_CARRIER	FRAME_CROSS	AND_ROUND	BARE	KNOWN_REPEAT	ARBITRARY_NO_CONNECTOR	FRAME_CROSS__AND_ROUND__KNOWN_REPEAT__BARE__NONE	FRAME_CROSS__AND_ROUND__ARBITRARY_NO_CONNECTOR__BARE__NONE	round and round	rabbit rabbit	1	2	2	1	1	-2.943688	-2.850329	-2.794974	-2.034689	2659	1888	0	0	0	and	NO_CONNECTOR	V9_ATTESTED		
FRAME_CROSS__AND_ROUND__KNOWN_REPEAT__V9_SPACE__NONE__TO__KNOWN_RELATED	WITHIN_CARRIER	FRAME_CROSS	AND_ROUND	V9_SPACE	KNOWN_REPEAT	KNOWN_RELATED	FRAME_CROSS__AND_ROUND__KNOWN_REPEAT__V9_SPACE__NONE	FRAME_CROSS__AND_ROUND__KNOWN_RELATED__V9_SPACE__NONE	 round and round	 round and straight	1	2	2	1	1	-3.14639	-3.14639	-3.024189	-2.645819	2659	1790	0	0	0	and	RELATED_DISTINCT	V9_ATTESTED		
FRAME_CROSS__AND_ROUND__KNOWN_REPEAT__V9_SPACE__NONE__TO__KNOWN_ARBITRARY	WITHIN_CARRIER	FRAME_CROSS	AND_ROUND	V9_SPACE	KNOWN_REPEAT	KNOWN_ARBITRARY	FRAME_CROSS__AND_ROUND__KNOWN_REPEAT__V9_SPACE__NONE	FRAME_CROSS__AND_ROUND__KNOWN_ARBITRARY__V9_SPACE__NONE	 round and round	 round and button	1	2	2	1	1	-2.487707	-2.487707	-2.487707	-2.109337	2659	1790	0	0	0	and	ARBITRARY_DISTINCT	V9_ATTESTED		
FRAME_CROSS__AND_ROUND__KNOWN_REPEAT__V9_SPACE__NONE__TO__ARBITRARY_KNOWN	WITHIN_CARRIER	FRAME_CROSS	AND_ROUND	V9_SPACE	KNOWN_REPEAT	ARBITRARY_KNOWN	FRAME_CROSS__AND_ROUND__KNOWN_REPEAT__V9_SPACE__NONE	FRAME_CROSS__AND_ROUND__ARBITRARY_KNOWN__V9_SPACE__NONE	 round and round	 rabbit and round	1	2	2	1	1	-2.980291	-2.964613	-2.980291	-3.189146	2659	1888	0	0	0	and	ARBITRARY_DISTINCT	V9_ATTESTED		
FRAME_CROSS__AND_ROUND__KNOWN_REPEAT__V9_SPACE__NONE__TO__ARBITRARY_REPEAT	WITHIN_CARRIER	FRAME_CROSS	AND_ROUND	V9_SPACE	KNOWN_REPEAT	ARBITRARY_REPEAT	FRAME_CROSS__AND_ROUND__KNOWN_REPEAT__V9_SPACE__NONE	FRAME_CROSS__AND_ROUND__ARBITRARY_REPEAT__V9_SPACE__NONE	 round and round	 rabbit and rabbit	1	2	2	1	1	-0.468233	-0.452555	-0.468233	-0.677087	2659	1888	0	0	0	and	NOVEL_REPEAT	V9_ATTESTED		
FRAME_CROSS__AND_ROUND__KNOWN_REPEAT__V9_SPACE__NONE__TO__ARBITRARY_DISTINCT	WITHIN_CARRIER	FRAME_CROSS	AND_ROUND	V9_SPACE	KNOWN_REPEAT	ARBITRARY_DISTINCT	FRAME_CROSS__AND_ROUND__KNOWN_REPEAT__V9_SPACE__NONE	FRAME_CROSS__AND_ROUND__ARBITRARY_DISTINCT__V9_SPACE__NONE	 round and round	 rabbit and button	1	2	2	1	1	-1.939818	-1.92414	-1.939818	-2.148672	2659	1888	0	0	0	and	NOVEL_DISTINCT	V9_ATTESTED		
FRAME_CROSS__AND_ROUND__KNOWN_REPEAT__V9_SPACE__NONE__TO__KNOWN_NO_CONNECTOR	WITHIN_CARRIER	FRAME_CROSS	AND_ROUND	V9_SPACE	KNOWN_REPEAT	KNOWN_NO_CONNECTOR	FRAME_CROSS__AND_ROUND__KNOWN_REPEAT__V9_SPACE__NONE	FRAME_CROSS__AND_ROUND__KNOWN_NO_CONNECTOR__V9_SPACE__NONE	 round and round	 round round	0	2	1	1	1	-3.127246	-2.975157	-3.024189	-2.645819	2659	1790	0	0	0	and	NO_CONNECTOR	V9_ATTESTED		
FRAME_CROSS__AND_ROUND__KNOWN_REPEAT__V9_SPACE__NONE__TO__ARBITRARY_NO_CONNECTOR	WITHIN_CARRIER	FRAME_CROSS	AND_ROUND	V9_SPACE	KNOWN_REPEAT	ARBITRARY_NO_CONNECTOR	FRAME_CROSS__AND_ROUND__KNOWN_REPEAT__V9_SPACE__NONE	FRAME_CROSS__AND_ROUND__ARBITRARY_NO_CONNECTOR__V9_SPACE__NONE	 round and round	 rabbit rabbit	0	2	1	1	1	-3.193713	-3.104618	-3.024189	-3.233043	2659	1888	0	0	0	and	NO_CONNECTOR	V9_ATTESTED		
FRAME_CROSS__AND_ROUND__KNOWN_REPEAT__THE_PHRASE__NONE__TO__KNOWN_RELATED	WITHIN_CARRIER	FRAME_CROSS	AND_ROUND	THE_PHRASE	KNOWN_REPEAT	KNOWN_RELATED	FRAME_CROSS__AND_ROUND__KNOWN_REPEAT__THE_PHRASE__NONE	FRAME_CROSS__AND_ROUND__KNOWN_RELATED__THE_PHRASE__NONE	the phrase round and round	the phrase round and straight	1	4	4	1	1	-3.307832	-3.307832	-3.258673	-3.070875	2659	2073	0	0	0	and	RELATED_DISTINCT	V9_ATTESTED		
FRAME_CROSS__AND_ROUND__KNOWN_REPEAT__THE_PHRASE__NONE__TO__KNOWN_ARBITRARY	WITHIN_CARRIER	FRAME_CROSS	AND_ROUND	THE_PHRASE	KNOWN_REPEAT	KNOWN_ARBITRARY	FRAME_CROSS__AND_ROUND__KNOWN_REPEAT__THE_PHRASE__NONE	FRAME_CROSS__AND_ROUND__KNOWN_ARBITRARY__THE_PHRASE__NONE	the phrase round and round	the phrase round and button	1	4	4	1	1	-2.191012	-2.191012	-2.191012	-2.003214	2659	2073	0	0	0	and	ARBITRARY_DISTINCT	V9_ATTESTED		
FRAME_CROSS__AND_ROUND__KNOWN_REPEAT__THE_PHRASE__NONE__TO__ARBITRARY_KNOWN	WITHIN_CARRIER	FRAME_CROSS	AND_ROUND	THE_PHRASE	KNOWN_REPEAT	ARBITRARY_KNOWN	FRAME_CROSS__AND_ROUND__KNOWN_REPEAT__THE_PHRASE__NONE	FRAME_CROSS__AND_ROUND__ARBITRARY_KNOWN__THE_PHRASE__NONE	the phrase round and round	the phrase rabbit and round	1	4	4	1	1	-3.366011	-3.381027	-3.258673	-3.070875	2659	2073	0	0	0	and	ARBITRARY_DISTINCT	V9_ATTESTED		
FRAME_CROSS__AND_ROUND__KNOWN_REPEAT__THE_PHRASE__NONE__TO__ARBITRARY_REPEAT	WITHIN_CARRIER	FRAME_CROSS	AND_ROUND	THE_PHRASE	KNOWN_REPEAT	ARBITRARY_REPEAT	FRAME_CROSS__AND_ROUND__KNOWN_REPEAT__THE_PHRASE__NONE	FRAME_CROSS__AND_ROUND__ARBITRARY_REPEAT__THE_PHRASE__NONE	the phrase round and round	the phrase rabbit and rabbit	1	4	4	1	1	-1.278466	-1.293482	-1.278466	-1.090668	2659	2073	0	0	0	and	NOVEL_REPEAT	V9_ATTESTED		
FRAME_CROSS__AND_ROUND__KNOWN_REPEAT__THE_PHRASE__NONE__TO__ARBITRARY_DISTINCT	WITHIN_CARRIER	FRAME_CROSS	AND_ROUND	THE_PHRASE	KNOWN_REPEAT	ARBITRARY_DISTINCT	FRAME_CROSS__AND_ROUND__KNOWN_REPEAT__THE_PHRASE__NONE	FRAME_CROSS__AND_ROUND__ARBITRARY_DISTINCT__THE_PHRASE__NONE	the phrase round and round	the phrase rabbit and button	1	4	4	1	1	-2.191393	-2.206409	-2.191393	-2.003595	2659	2073	0	0	0	and	NOVEL_DISTINCT	V9_ATTESTED		
FRAME_CROSS__AND_ROUND__KNOWN_REPEAT__THE_PHRASE__NONE__TO__KNOWN_NO_CONNECTOR	WITHIN_CARRIER	FRAME_CROSS	AND_ROUND	THE_PHRASE	KNOWN_REPEAT	KNOWN_NO_CONNECTOR	FRAME_CROSS__AND_ROUND__KNOWN_REPEAT__THE_PHRASE__NONE	FRAME_CROSS__AND_ROUND__KNOWN_NO_CONNECTOR__THE_PHRASE__NONE	the phrase round and round	the phrase round round	0	4	3	1	1	-3.41295	-3.394923	-3.258673	-3.070875	2659	2073	0	0	0	and	NO_CONNECTOR	V9_ATTESTED		
FRAME_CROSS__AND_ROUND__KNOWN_REPEAT__THE_PHRASE__NONE__TO__ARBITRARY_NO_CONNECTOR	WITHIN_CARRIER	FRAME_CROSS	AND_ROUND	THE_PHRASE	KNOWN_REPEAT	ARBITRARY_NO_CONNECTOR	FRAME_CROSS__AND_ROUND__KNOWN_REPEAT__THE_PHRASE__NONE	FRAME_CROSS__AND_ROUND__ARBITRARY_NO_CONNECTOR__THE_PHRASE__NONE	the phrase round and round	the phrase rabbit rabbit	0	4	3	1	1	-3.427449	-3.402653	-3.258673	-3.070875	2659	2073	0	0	0	and	NO_CONNECTOR	V9_ATTESTED		
FRAME_CROSS__AND_ROUND__KNOWN_REPEAT__THEY_SAID__NONE__TO__KNOWN_RELATED	WITHIN_CARRIER	FRAME_CROSS	AND_ROUND	THEY_SAID	KNOWN_REPEAT	KNOWN_RELATED	FRAME_CROSS__AND_ROUND__KNOWN_REPEAT__THEY_SAID__NONE	FRAME_CROSS__AND_ROUND__KNOWN_RELATED__THEY_SAID__NONE	they said round and round	they said round and straight	1	4	4	1	1	-3.5971	-3.5971	-3.5971	-1.94481	2659	2659	0	0	0	and	RELATED_DISTINCT	V9_ATTESTED		
FRAME_CROSS__AND_ROUND__KNOWN_REPEAT__THEY_SAID__NONE__TO__KNOWN_ARBITRARY	WITHIN_CARRIER	FRAME_CROSS	AND_ROUND	THEY_SAID	KNOWN_REPEAT	KNOWN_ARBITRARY	FRAME_CROSS__AND_ROUND__KNOWN_REPEAT__THEY_SAID__NONE	FRAME_CROSS__AND_ROUND__KNOWN_ARBITRARY__THEY_SAID__NONE	they said round and round	they said round and button	1	4	4	1	1	-2.603237	-2.603237	-2.603237	-0.911197	2659	2256	0	0	0	and	ARBITRARY_DISTINCT	V9_ATTESTED		
FRAME_CROSS__AND_ROUND__KNOWN_REPEAT__THEY_SAID__NONE__TO__ARBITRARY_KNOWN	WITHIN_CARRIER	FRAME_CROSS	AND_ROUND	THEY_SAID	KNOWN_REPEAT	ARBITRARY_KNOWN	FRAME_CROSS__AND_ROUND__KNOWN_REPEAT__THEY_SAID__NONE	FRAME_CROSS__AND_ROUND__ARBITRARY_KNOWN__THEY_SAID__NONE	they said round and round	they said rabbit and round	1	4	4	1	1	-3.84019	-3.839817	-3.84019	-2.156074	2659	1888	0	0	0	and	ARBITRARY_DISTINCT	V9_ATTESTED		
FRAME_CROSS__AND_ROUND__KNOWN_REPEAT__THEY_SAID__NONE__TO__ARBITRARY_REPEAT	WITHIN_CARRIER	FRAME_CROSS	AND_ROUND	THEY_SAID	KNOWN_REPEAT	ARBITRARY_REPEAT	FRAME_CROSS__AND_ROUND__KNOWN_REPEAT__THEY_SAID__NONE	FRAME_CROSS__AND_ROUND__ARBITRARY_REPEAT__THEY_SAID__NONE	they said round and round	they said rabbit and rabbit	1	4	4	1	1	-1.307705	-1.307332	-1.307705	-0.876579	2659	2659	0	0	0	and	NOVEL_REPEAT	V9_ATTESTED		
FRAME_CROSS__AND_ROUND__KNOWN_REPEAT__THEY_SAID__NONE__TO__ARBITRARY_DISTINCT	WITHIN_CARRIER	FRAME_CROSS	AND_ROUND	THEY_SAID	KNOWN_REPEAT	ARBITRARY_DISTINCT	FRAME_CROSS__AND_ROUND__KNOWN_REPEAT__THEY_SAID__NONE	FRAME_CROSS__AND_ROUND__ARBITRARY_DISTINCT__THEY_SAID__NONE	they said round and round	they said rabbit and button	1	4	4	1	1	-2.636204	-2.635831	-2.636204	-0.952088	2659	1888	0	0	0	and	NOVEL_DISTINCT	V9_ATTESTED		
FRAME_CROSS__AND_ROUND__KNOWN_REPEAT__THEY_SAID__NONE__TO__KNOWN_NO_CONNECTOR	WITHIN_CARRIER	FRAME_CROSS	AND_ROUND	THEY_SAID	KNOWN_REPEAT	KNOWN_NO_CONNECTOR	FRAME_CROSS__AND_ROUND__KNOWN_REPEAT__THEY_SAID__NONE	FRAME_CROSS__AND_ROUND__KNOWN_NO_CONNECTOR__THEY_SAID__NONE	they said round and round	they said round round	0	4	3	1	1	-4.116247	-4.061175	-3.947935	-2.312386	2659	1790	0	0	0	and	NO_CONNECTOR	V9_ATTESTED		
FRAME_CROSS__AND_ROUND__KNOWN_REPEAT__THEY_SAID__NONE__TO__ARBITRARY_NO_CONNECTOR	WITHIN_CARRIER	FRAME_CROSS	AND_ROUND	THEY_SAID	KNOWN_REPEAT	ARBITRARY_NO_CONNECTOR	FRAME_CROSS__AND_ROUND__KNOWN_REPEAT__THEY_SAID__NONE	FRAME_CROSS__AND_ROUND__ARBITRARY_NO_CONNECTOR__THEY_SAID__NONE	they said round and round	they said rabbit rabbit	0	4	3	1	1	-4.117871	-4.060559	-3.947935	-2.346045	2659	1691	0	0	0	and	NO_CONNECTOR	V9_ATTESTED		
REPEAT_CONNECTOR__AND_ROUND__AND__BARE__NONE__TO__OR	WITHIN_CARRIER	REPEAT_CONNECTOR	AND_ROUND	BARE	AND	OR	REPEAT_CONNECTOR__AND_ROUND__AND__BARE__NONE	REPEAT_CONNECTOR__AND_ROUND__OR__BARE__NONE	round and round	round or round	1	2	2	1	1	-0.175441	-0.189495	-0.175441	-0.25972	2659	2659	0	0	0	and	KNOWN_REPEAT	V9_ATTESTED		
REPEAT_CONNECTOR__AND_ROUND__AND__BARE__NONE__TO__TO	WITHIN_CARRIER	REPEAT_CONNECTOR	AND_ROUND	BARE	AND	TO	REPEAT_CONNECTOR__AND_ROUND__AND__BARE__NONE	REPEAT_CONNECTOR__AND_ROUND__TO__BARE__NONE	round and round	round to round	1	2	2	1	1	0.207668	0.232544	0.207668	1.023561	2659	541	0	1	1	and	KNOWN_REPEAT	V9_ATTESTED		
REPEAT_CONNECTOR__AND_ROUND__AND__BARE__NONE__TO__BY	WITHIN_CARRIER	REPEAT_CONNECTOR	AND_ROUND	BARE	AND	BY	REPEAT_CONNECTOR__AND_ROUND__AND__BARE__NONE	REPEAT_CONNECTOR__AND_ROUND__BY__BARE__NONE	round and round	round by round	1	2	2	1	1	1.146527	1.258863	1.146527	1.462807	2659	541	0	1	1	and	KNOWN_REPEAT	V9_ATTESTED		
REPEAT_CONNECTOR__AND_ROUND__AND__BARE__NONE__TO__AFTER	WITHIN_CARRIER	REPEAT_CONNECTOR	AND_ROUND	BARE	AND	AFTER	REPEAT_CONNECTOR__AND_ROUND__AND__BARE__NONE	REPEAT_CONNECTOR__AND_ROUND__AFTER__BARE__NONE	round and round	round after round	1	2	2	1	1	0.170302	0.250078	0.170302	0.447734	2659	1738	0	0	0	and	KNOWN_REPEAT	V9_ATTESTED		
REPEAT_CONNECTOR__AND_ROUND__AND__V9_SPACE__NONE__TO__OR	WITHIN_CARRIER	REPEAT_CONNECTOR	AND_ROUND	V9_SPACE	AND	OR	REPEAT_CONNECTOR__AND_ROUND__AND__V9_SPACE__NONE	REPEAT_CONNECTOR__AND_ROUND__OR__V9_SPACE__NONE	 round and round	 round or round	1	2	2	1	1	-0.115893	-0.121943	-0.115893	-0.261407	2659	2659	0	0	0	and	KNOWN_REPEAT	V9_ATTESTED		
REPEAT_CONNECTOR__AND_ROUND__AND__V9_SPACE__NONE__TO__TO	WITHIN_CARRIER	REPEAT_CONNECTOR	AND_ROUND	V9_SPACE	AND	TO	REPEAT_CONNECTOR__AND_ROUND__AND__V9_SPACE__NONE	REPEAT_CONNECTOR__AND_ROUND__TO__V9_SPACE__NONE	 round and round	 round to round	1	2	2	1	1	0.301523	0.319833	0.301523	0.679893	2659	541	0	1	1	and	KNOWN_REPEAT	V9_ATTESTED		
REPEAT_CONNECTOR__AND_ROUND__AND__V9_SPACE__NONE__TO__BY	WITHIN_CARRIER	REPEAT_CONNECTOR	AND_ROUND	V9_SPACE	AND	BY	REPEAT_CONNECTOR__AND_ROUND__AND__V9_SPACE__NONE	REPEAT_CONNECTOR__AND_ROUND__BY__V9_SPACE__NONE	 round and round	 round by round	1	2	2	1	1	1.274085	1.350384	1.274085	1.406278	2659	541	0	1	1	and	KNOWN_REPEAT	V9_ATTESTED		
REPEAT_CONNECTOR__AND_ROUND__AND__V9_SPACE__NONE__TO__AFTER	WITHIN_CARRIER	REPEAT_CONNECTOR	AND_ROUND	V9_SPACE	AND	AFTER	REPEAT_CONNECTOR__AND_ROUND__AND__V9_SPACE__NONE	REPEAT_CONNECTOR__AND_ROUND__AFTER__V9_SPACE__NONE	 round and round	 round after round	1	2	2	1	1	0.018932	0.065545	0.018932	0.096405	2659	1738	0	0	0	and	KNOWN_REPEAT	V9_ATTESTED		
REPEAT_CONNECTOR__AND_ROUND__AND__THE_PHRASE__NONE__TO__OR	WITHIN_CARRIER	REPEAT_CONNECTOR	AND_ROUND	THE_PHRASE	AND	OR	REPEAT_CONNECTOR__AND_ROUND__AND__THE_PHRASE__NONE	REPEAT_CONNECTOR__AND_ROUND__OR__THE_PHRASE__NONE	the phrase round and round	the phrase round or round	1	4	4	1	1	-0.506667	-0.52279	-0.506667	-0.80174	2659	2659	0	0	0	and	KNOWN_REPEAT	V9_ATTESTED		
REPEAT_CONNECTOR__AND_ROUND__AND__THE_PHRASE__NONE__TO__TO	WITHIN_CARRIER	REPEAT_CONNECTOR	AND_ROUND	THE_PHRASE	AND	TO	REPEAT_CONNECTOR__AND_ROUND__AND__THE_PHRASE__NONE	REPEAT_CONNECTOR__AND_ROUND__TO__THE_PHRASE__NONE	the phrase round and round	the phrase round to round	1	4	4	1	1	0.569862	0.560145	0.569862	0.757659	2659	541	0	1	1	and	KNOWN_REPEAT	V9_ATTESTED		
REPEAT_CONNECTOR__AND_ROUND__AND__THE_PHRASE__NONE__TO__BY	WITHIN_CARRIER	REPEAT_CONNECTOR	AND_ROUND	THE_PHRASE	AND	BY	REPEAT_CONNECTOR__AND_ROUND__AND__THE_PHRASE__NONE	REPEAT_CONNECTOR__AND_ROUND__BY__THE_PHRASE__NONE	the phrase round and round	the phrase round by round	1	4	4	1	1	0.222442	0.310687	0.222442	0.41024	2659	541	0	1	1	and	KNOWN_REPEAT	V9_ATTESTED		
REPEAT_CONNECTOR__AND_ROUND__AND__THE_PHRASE__NONE__TO__AFTER	WITHIN_CARRIER	REPEAT_CONNECTOR	AND_ROUND	THE_PHRASE	AND	AFTER	REPEAT_CONNECTOR__AND_ROUND__AND__THE_PHRASE__NONE	REPEAT_CONNECTOR__AND_ROUND__AFTER__THE_PHRASE__NONE	the phrase round and round	the phrase round after round	1	4	4	1	1	-0.615952	-0.573314	-0.615952	-0.428154	2659	2073	0	0	0	and	KNOWN_REPEAT	V9_ATTESTED		
REPEAT_CONNECTOR__AND_ROUND__AND__THEY_SAID__NONE__TO__OR	WITHIN_CARRIER	REPEAT_CONNECTOR	AND_ROUND	THEY_SAID	AND	OR	REPEAT_CONNECTOR__AND_ROUND__AND__THEY_SAID__NONE	REPEAT_CONNECTOR__AND_ROUND__OR__THEY_SAID__NONE	they said round and round	they said round or round	1	4	4	1	1	-1.19955	-1.210866	-1.19955	-0.903604	2659	2659	0	0	0	and	KNOWN_REPEAT	V9_ATTESTED		
REPEAT_CONNECTOR__AND_ROUND__AND__THEY_SAID__NONE__TO__TO	WITHIN_CARRIER	REPEAT_CONNECTOR	AND_ROUND	THEY_SAID	AND	TO	REPEAT_CONNECTOR__AND_ROUND__AND__THEY_SAID__NONE	REPEAT_CONNECTOR__AND_ROUND__TO__THEY_SAID__NONE	they said round and round	they said round to round	1	4	4	1	1	0.715366	0.716779	0.715366	0.632838	2659	541	0	1	1	and	KNOWN_REPEAT	V9_ATTESTED		
REPEAT_CONNECTOR__AND_ROUND__AND__THEY_SAID__NONE__TO__BY	WITHIN_CARRIER	REPEAT_CONNECTOR	AND_ROUND	THEY_SAID	AND	BY	REPEAT_CONNECTOR__AND_ROUND__AND__THEY_SAID__NONE	REPEAT_CONNECTOR__AND_ROUND__BY__THEY_SAID__NONE	they said round and round	they said round by round	1	4	4	1	1	0.27002	0.375111	0.27002	1.462533	2659	541	0	1	1	and	KNOWN_REPEAT	V9_ATTESTED		
REPEAT_CONNECTOR__AND_ROUND__AND__THEY_SAID__NONE__TO__AFTER	WITHIN_CARRIER	REPEAT_CONNECTOR	AND_ROUND	THEY_SAID	AND	AFTER	REPEAT_CONNECTOR__AND_ROUND__AND__THEY_SAID__NONE	REPEAT_CONNECTOR__AND_ROUND__AFTER__THEY_SAID__NONE	they said round and round	they said round after round	1	4	4	1	1	-0.363898	-0.324554	-0.363898	0.305498	2659	541	0	1	1	and	KNOWN_REPEAT	V9_ATTESTED		
FRAME_CROSS__AND_AGAIN__KNOWN_REPEAT__BARE__NONE__TO__KNOWN_RELATED	WITHIN_CARRIER	FRAME_CROSS	AND_AGAIN	BARE	KNOWN_REPEAT	KNOWN_RELATED	FRAME_CROSS__AND_AGAIN__KNOWN_REPEAT__BARE__NONE	FRAME_CROSS__AND_AGAIN__KNOWN_RELATED__BARE__NONE	again and again	again and then	1	2	2	1	1	-2.869034	-2.869033	-2.869034	-2.869034	541	1888	1	0	1	and	RELATED_DISTINCT	V9_ATTESTED		
FRAME_CROSS__AND_AGAIN__KNOWN_REPEAT__BARE__NONE__TO__KNOWN_ARBITRARY	WITHIN_CARRIER	FRAME_CROSS	AND_AGAIN	BARE	KNOWN_REPEAT	KNOWN_ARBITRARY	FRAME_CROSS__AND_AGAIN__KNOWN_REPEAT__BARE__NONE	FRAME_CROSS__AND_AGAIN__KNOWN_ARBITRARY__BARE__NONE	again and again	again and violin	1	2	2	1	1	-3.480806	-3.480805	-3.341016	-3.341015	541	1888	1	0	1	and	ARBITRARY_DISTINCT	V9_ATTESTED		
FRAME_CROSS__AND_AGAIN__KNOWN_REPEAT__BARE__NONE__TO__ARBITRARY_KNOWN	WITHIN_CARRIER	FRAME_CROSS	AND_AGAIN	BARE	KNOWN_REPEAT	ARBITRARY_KNOWN	FRAME_CROSS__AND_AGAIN__KNOWN_REPEAT__BARE__NONE	FRAME_CROSS__AND_AGAIN__ARBITRARY_KNOWN__BARE__NONE	again and again	hammer and again	1	2	2	1	1	-3.24697	-3.243706	-3.24697	-3.540159	541	1888	1	0	1	and	ARBITRARY_DISTINCT	V9_ATTESTED		
FRAME_CROSS__AND_AGAIN__KNOWN_REPEAT__BARE__NONE__TO__ARBITRARY_REPEAT	WITHIN_CARRIER	FRAME_CROSS	AND_AGAIN	BARE	KNOWN_REPEAT	ARBITRARY_REPEAT	FRAME_CROSS__AND_AGAIN__KNOWN_REPEAT__BARE__NONE	FRAME_CROSS__AND_AGAIN__ARBITRARY_REPEAT__BARE__NONE	again and again	hammer and hammer	1	2	2	1	1	-0.29767	-0.294406	-0.29767	-1.327515	541	2659	1	0	1	and	NOVEL_REPEAT	V9_ATTESTED		
FRAME_CROSS__AND_AGAIN__KNOWN_REPEAT__BARE__NONE__TO__ARBITRARY_DISTINCT	WITHIN_CARRIER	FRAME_CROSS	AND_AGAIN	BARE	KNOWN_REPEAT	ARBITRARY_DISTINCT	FRAME_CROSS__AND_AGAIN__KNOWN_REPEAT__BARE__NONE	FRAME_CROSS__AND_AGAIN__ARBITRARY_DISTINCT__BARE__NONE	again and again	hammer and violin	1	2	2	1	1	-2.049822	-2.046559	-2.049822	-2.343012	541	1888	1	0	1	and	NOVEL_DISTINCT	V9_ATTESTED		
FRAME_CROSS__AND_AGAIN__KNOWN_REPEAT__BARE__NONE__TO__KNOWN_NO_CONNECTOR	WITHIN_CARRIER	FRAME_CROSS	AND_AGAIN	BARE	KNOWN_REPEAT	KNOWN_NO_CONNECTOR	FRAME_CROSS__AND_AGAIN__KNOWN_REPEAT__BARE__NONE	FRAME_CROSS__AND_AGAIN__KNOWN_NO_CONNECTOR__BARE__NONE	again and again	again again	0	2	1	1	1	-3.489946	-3.389196	-3.341016	-3.341015	541	1888	1	0	1	and	NO_CONNECTOR	V9_ATTESTED		
FRAME_CROSS__AND_AGAIN__KNOWN_REPEAT__BARE__NONE__TO__ARBITRARY_NO_CONNECTOR	WITHIN_CARRIER	FRAME_CROSS	AND_AGAIN	BARE	KNOWN_REPEAT	ARBITRARY_NO_CONNECTOR	FRAME_CROSS__AND_AGAIN__KNOWN_REPEAT__BARE__NONE	FRAME_CROSS__AND_AGAIN__ARBITRARY_NO_CONNECTOR__BARE__NONE	again and again	hammer hammer	0	2	1	1	1	-3.454173	-3.374211	-3.341016	-3.634205	541	1888	1	0	1	and	NO_CONNECTOR	V9_ATTESTED		
FRAME_CROSS__AND_AGAIN__KNOWN_REPEAT__V9_SPACE__NONE__TO__KNOWN_RELATED	WITHIN_CARRIER	FRAME_CROSS	AND_AGAIN	V9_SPACE	KNOWN_REPEAT	KNOWN_RELATED	FRAME_CROSS__AND_AGAIN__KNOWN_REPEAT__V9_SPACE__NONE	FRAME_CROSS__AND_AGAIN__KNOWN_RELATED__V9_SPACE__NONE	 again and again	 again and then	1	2	2	1	1	-3.348546	-3.348546	-3.348546	-3.348546	541	1888	1	0	1	and	RELATED_DISTINCT	V9_ATTESTED		
FRAME_CROSS__AND_AGAIN__KNOWN_REPEAT__V9_SPACE__NONE__TO__KNOWN_ARBITRARY	WITHIN_CARRIER	FRAME_CROSS	AND_AGAIN	V9_SPACE	KNOWN_REPEAT	KNOWN_ARBITRARY	FRAME_CROSS__AND_AGAIN__KNOWN_REPEAT__V9_SPACE__NONE	FRAME_CROSS__AND_AGAIN__KNOWN_ARBITRARY__V9_SPACE__NONE	 again and again	 again and violin	1	2	2	1	1	-3.782675	-3.782675	-3.613414	-3.613415	541	1888	1	0	1	and	ARBITRARY_DISTINCT	V9_ATTESTED		
FRAME_CROSS__AND_AGAIN__KNOWN_REPEAT__V9_SPACE__NONE__TO__ARBITRARY_KNOWN	WITHIN_CARRIER	FRAME_CROSS	AND_AGAIN	V9_SPACE	KNOWN_REPEAT	ARBITRARY_KNOWN	FRAME_CROSS__AND_AGAIN__KNOWN_REPEAT__V9_SPACE__NONE	FRAME_CROSS__AND_AGAIN__ARBITRARY_KNOWN__V9_SPACE__NONE	 again and again	 hammer and again	1	2	2	1	1	-3.320124	-3.322329	-3.320124	-3.727356	541	1888	1	0	1	and	ARBITRARY_DISTINCT	V9_ATTESTED		
FRAME_CROSS__AND_AGAIN__KNOWN_REPEAT__V9_SPACE__NONE__TO__ARBITRARY_REPEAT	WITHIN_CARRIER	FRAME_CROSS	AND_AGAIN	V9_SPACE	KNOWN_REPEAT	ARBITRARY_REPEAT	FRAME_CROSS__AND_AGAIN__KNOWN_REPEAT__V9_SPACE__NONE	FRAME_CROSS__AND_AGAIN__ARBITRARY_REPEAT__V9_SPACE__NONE	 again and again	 hammer and hammer	1	2	2	1	1	-0.49084	-0.493045	-0.49084	-1.21736	541	2659	1	0	1	and	NOVEL_REPEAT	V9_ATTESTED		
FRAME_CROSS__AND_AGAIN__KNOWN_REPEAT__V9_SPACE__NONE__TO__ARBITRARY_DISTINCT	WITHIN_CARRIER	FRAME_CROSS	AND_AGAIN	V9_SPACE	KNOWN_REPEAT	ARBITRARY_DISTINCT	FRAME_CROSS__AND_AGAIN__KNOWN_REPEAT__V9_SPACE__NONE	FRAME_CROSS__AND_AGAIN__ARBITRARY_DISTINCT__V9_SPACE__NONE	 again and again	 hammer and violin	1	2	2	1	1	-2.434204	-2.436409	-2.434204	-2.841435	541	1888	1	0	1	and	NOVEL_DISTINCT	V9_ATTESTED		
FRAME_CROSS__AND_AGAIN__KNOWN_REPEAT__V9_SPACE__NONE__TO__KNOWN_NO_CONNECTOR	WITHIN_CARRIER	FRAME_CROSS	AND_AGAIN	V9_SPACE	KNOWN_REPEAT	KNOWN_NO_CONNECTOR	FRAME_CROSS__AND_AGAIN__KNOWN_REPEAT__V9_SPACE__NONE	FRAME_CROSS__AND_AGAIN__KNOWN_NO_CONNECTOR__V9_SPACE__NONE	 again and again	 again again	0	2	1	1	1	-3.774817	-3.712911	-3.613414	-3.613415	541	1888	1	0	1	and	NO_CONNECTOR	V9_ATTESTED		
FRAME_CROSS__AND_AGAIN__KNOWN_REPEAT__V9_SPACE__NONE__TO__ARBITRARY_NO_CONNECTOR	WITHIN_CARRIER	FRAME_CROSS	AND_AGAIN	V9_SPACE	KNOWN_REPEAT	ARBITRARY_NO_CONNECTOR	FRAME_CROSS__AND_AGAIN__KNOWN_REPEAT__V9_SPACE__NONE	FRAME_CROSS__AND_AGAIN__ARBITRARY_NO_CONNECTOR__V9_SPACE__NONE	 again and again	 hammer hammer	0	2	1	1	1	-3.768202	-3.662423	-3.613414	-4.020645	541	1888	1	0	1	and	NO_CONNECTOR	V9_ATTESTED		
FRAME_CROSS__AND_AGAIN__KNOWN_REPEAT__THE_PHRASE__NONE__TO__KNOWN_RELATED	WITHIN_CARRIER	FRAME_CROSS	AND_AGAIN	THE_PHRASE	KNOWN_REPEAT	KNOWN_RELATED	FRAME_CROSS__AND_AGAIN__KNOWN_REPEAT__THE_PHRASE__NONE	FRAME_CROSS__AND_AGAIN__KNOWN_RELATED__THE_PHRASE__NONE	the phrase again and again	the phrase again and then	1	4	4	1	1	-3.138762	-3.138762	-3.138762	-3.138763	541	2073	1	0	1	and	RELATED_DISTINCT	V9_ATTESTED		
FRAME_CROSS__AND_AGAIN__KNOWN_REPEAT__THE_PHRASE__NONE__TO__KNOWN_ARBITRARY	WITHIN_CARRIER	FRAME_CROSS	AND_AGAIN	THE_PHRASE	KNOWN_REPEAT	KNOWN_ARBITRARY	FRAME_CROSS__AND_AGAIN__KNOWN_REPEAT__THE_PHRASE__NONE	FRAME_CROSS__AND_AGAIN__KNOWN_ARBITRARY__THE_PHRASE__NONE	the phrase again and again	the phrase again and violin	1	4	4	1	1	-3.775025	-3.775025	-3.605672	-3.605672	541	2073	1	0	1	and	ARBITRARY_DISTINCT	V9_ATTESTED		
FRAME_CROSS__AND_AGAIN__KNOWN_REPEAT__THE_PHRASE__NONE__TO__ARBITRARY_KNOWN	WITHIN_CARRIER	FRAME_CROSS	AND_AGAIN	THE_PHRASE	KNOWN_REPEAT	ARBITRARY_KNOWN	FRAME_CROSS__AND_AGAIN__KNOWN_REPEAT__THE_PHRASE__NONE	FRAME_CROSS__AND_AGAIN__ARBITRARY_KNOWN__THE_PHRASE__NONE	the phrase again and again	the phrase hammer and again	1	4	4	1	1	-3.374127	-3.372129	-3.374127	-3.374127	541	2073	1	0	1	and	ARBITRARY_DISTINCT	V9_ATTESTED		
FRAME_CROSS__AND_AGAIN__KNOWN_REPEAT__THE_PHRASE__NONE__TO__ARBITRARY_REPEAT	WITHIN_CARRIER	FRAME_CROSS	AND_AGAIN	THE_PHRASE	KNOWN_REPEAT	ARBITRARY_REPEAT	FRAME_CROSS__AND_AGAIN__KNOWN_REPEAT__THE_PHRASE__NONE	FRAME_CROSS__AND_AGAIN__ARBITRARY_REPEAT__THE_PHRASE__NONE	the phrase again and again	the phrase hammer and hammer	1	4	4	1	1	-0.851441	-0.849444	-0.851441	-1.369717	541	2659	1	0	1	and	NOVEL_REPEAT	V9_ATTESTED		
FRAME_CROSS__AND_AGAIN__KNOWN_REPEAT__THE_PHRASE__NONE__TO__ARBITRARY_DISTINCT	WITHIN_CARRIER	FRAME_CROSS	AND_AGAIN	THE_PHRASE	KNOWN_REPEAT	ARBITRARY_DISTINCT	FRAME_CROSS__AND_AGAIN__KNOWN_REPEAT__THE_PHRASE__NONE	FRAME_CROSS__AND_AGAIN__ARBITRARY_DISTINCT__THE_PHRASE__NONE	the phrase again and again	the phrase hammer and violin	1	4	4	1	1	-2.788793	-2.786796	-2.788793	-2.788794	541	2073	1	0	1	and	NOVEL_DISTINCT	V9_ATTESTED		
FRAME_CROSS__AND_AGAIN__KNOWN_REPEAT__THE_PHRASE__NONE__TO__KNOWN_NO_CONNECTOR	WITHIN_CARRIER	FRAME_CROSS	AND_AGAIN	THE_PHRASE	KNOWN_REPEAT	KNOWN_NO_CONNECTOR	FRAME_CROSS__AND_AGAIN__KNOWN_REPEAT__THE_PHRASE__NONE	FRAME_CROSS__AND_AGAIN__KNOWN_NO_CONNECTOR__THE_PHRASE__NONE	the phrase again and again	the phrase again again	0	4	3	1	1	-3.727024	-3.695962	-3.605672	-3.605672	541	2073	1	0	1	and	NO_CONNECTOR	V9_ATTESTED		
FRAME_CROSS__AND_AGAIN__KNOWN_REPEAT__THE_PHRASE__NONE__TO__ARBITRARY_NO_CONNECTOR	WITHIN_CARRIER	FRAME_CROSS	AND_AGAIN	THE_PHRASE	KNOWN_REPEAT	ARBITRARY_NO_CONNECTOR	FRAME_CROSS__AND_AGAIN__KNOWN_REPEAT__THE_PHRASE__NONE	FRAME_CROSS__AND_AGAIN__ARBITRARY_NO_CONNECTOR__THE_PHRASE__NONE	the phrase again and again	the phrase hammer hammer	0	4	3	1	1	-3.764561	-3.73489	-3.605672	-3.605672	541	2073	1	0	1	and	NO_CONNECTOR	V9_ATTESTED		
FRAME_CROSS__AND_AGAIN__KNOWN_REPEAT__THEY_SAID__NONE__TO__KNOWN_RELATED	WITHIN_CARRIER	FRAME_CROSS	AND_AGAIN	THEY_SAID	KNOWN_REPEAT	KNOWN_RELATED	FRAME_CROSS__AND_AGAIN__KNOWN_REPEAT__THEY_SAID__NONE	FRAME_CROSS__AND_AGAIN__KNOWN_RELATED__THEY_SAID__NONE	they said again and again	they said again and then	1	4	4	1	1	-3.608528	-3.608528	-3.537676	-3.434671	541	444	1	0	1	and	RELATED_DISTINCT	V9_ATTESTED		
FRAME_CROSS__AND_AGAIN__KNOWN_REPEAT__THEY_SAID__NONE__TO__KNOWN_ARBITRARY	WITHIN_CARRIER	FRAME_CROSS	AND_AGAIN	THEY_SAID	KNOWN_REPEAT	KNOWN_ARBITRARY	FRAME_CROSS__AND_AGAIN__KNOWN_REPEAT__THEY_SAID__NONE	FRAME_CROSS__AND_AGAIN__KNOWN_ARBITRARY__THEY_SAID__NONE	they said again and again	they said again and violin	1	4	4	1	1	-3.672346	-3.672345	-3.537676	-3.83675	541	1888	1	0	1	and	ARBITRARY_DISTINCT	V9_ATTESTED		
FRAME_CROSS__AND_AGAIN__KNOWN_REPEAT__THEY_SAID__NONE__TO__ARBITRARY_KNOWN	WITHIN_CARRIER	FRAME_CROSS	AND_AGAIN	THEY_SAID	KNOWN_REPEAT	ARBITRARY_KNOWN	FRAME_CROSS__AND_AGAIN__KNOWN_REPEAT__THEY_SAID__NONE	FRAME_CROSS__AND_AGAIN__ARBITRARY_KNOWN__THEY_SAID__NONE	they said again and again	they said hammer and again	1	4	4	1	1	-3.444266	-3.454121	-3.444266	-3.472933	541	1888	1	0	1	and	ARBITRARY_DISTINCT	V9_ATTESTED		
FRAME_CROSS__AND_AGAIN__KNOWN_REPEAT__THEY_SAID__NONE__TO__ARBITRARY_REPEAT	WITHIN_CARRIER	FRAME_CROSS	AND_AGAIN	THEY_SAID	KNOWN_REPEAT	ARBITRARY_REPEAT	FRAME_CROSS__AND_AGAIN__KNOWN_REPEAT__THEY_SAID__NONE	FRAME_CROSS__AND_AGAIN__ARBITRARY_REPEAT__THEY_SAID__NONE	they said again and again	they said hammer and hammer	1	4	4	1	1	-0.723458	-0.733314	-0.723458	-2.08062	541	2659	1	0	1	and	NOVEL_REPEAT	V9_ATTESTED		
FRAME_CROSS__AND_AGAIN__KNOWN_REPEAT__THEY_SAID__NONE__TO__ARBITRARY_DISTINCT	WITHIN_CARRIER	FRAME_CROSS	AND_AGAIN	THEY_SAID	KNOWN_REPEAT	ARBITRARY_DISTINCT	FRAME_CROSS__AND_AGAIN__KNOWN_REPEAT__THEY_SAID__NONE	FRAME_CROSS__AND_AGAIN__ARBITRARY_DISTINCT__THEY_SAID__NONE	they said again and again	they said hammer and violin	1	4	4	1	1	-2.621135	-2.63099	-2.621135	-2.649802	541	1888	1	0	1	and	NOVEL_DISTINCT	V9_ATTESTED		
FRAME_CROSS__AND_AGAIN__KNOWN_REPEAT__THEY_SAID__NONE__TO__KNOWN_NO_CONNECTOR	WITHIN_CARRIER	FRAME_CROSS	AND_AGAIN	THEY_SAID	KNOWN_REPEAT	KNOWN_NO_CONNECTOR	FRAME_CROSS__AND_AGAIN__KNOWN_REPEAT__THEY_SAID__NONE	FRAME_CROSS__AND_AGAIN__KNOWN_NO_CONNECTOR__THEY_SAID__NONE	they said again and again	they said again again	0	4	3	1	1	-3.703441	-3.592748	-3.537676	-3.434671	541	444	1	0	1	and	NO_CONNECTOR	V9_ATTESTED		
FRAME_CROSS__AND_AGAIN__KNOWN_REPEAT__THEY_SAID__NONE__TO__ARBITRARY_NO_CONNECTOR	WITHIN_CARRIER	FRAME_CROSS	AND_AGAIN	THEY_SAID	KNOWN_REPEAT	ARBITRARY_NO_CONNECTOR	FRAME_CROSS__AND_AGAIN__KNOWN_REPEAT__THEY_SAID__NONE	FRAME_CROSS__AND_AGAIN__ARBITRARY_NO_CONNECTOR__THEY_SAID__NONE	they said again and again	they said hammer hammer	0	4	3	1	1	-3.692795	-3.650201	-3.537676	-3.566343	541	1888	1	0	1	and	NO_CONNECTOR	V9_ATTESTED		
REPEAT_CONNECTOR__AND_AGAIN__AND__BARE__NONE__TO__OR	WITHIN_CARRIER	REPEAT_CONNECTOR	AND_AGAIN	BARE	AND	OR	REPEAT_CONNECTOR__AND_AGAIN__AND__BARE__NONE	REPEAT_CONNECTOR__AND_AGAIN__OR__BARE__NONE	again and again	again or again	1	2	2	1	1	-0.309424	-0.309504	-0.309424	-0.309423	541	541	1	1	0	and	KNOWN_REPEAT	V9_ATTESTED		
REPEAT_CONNECTOR__AND_AGAIN__AND__BARE__NONE__TO__TO	WITHIN_CARRIER	REPEAT_CONNECTOR	AND_AGAIN	BARE	AND	TO	REPEAT_CONNECTOR__AND_AGAIN__AND__BARE__NONE	REPEAT_CONNECTOR__AND_AGAIN__TO__BARE__NONE	again and again	again to again	1	2	2	1	1	-2.894779	-2.889877	-2.894779	-3.050575	541	1594	1	0	1	and	KNOWN_REPEAT	V9_ATTESTED		
REPEAT_CONNECTOR__AND_AGAIN__AND__BARE__NONE__TO__BY	WITHIN_CARRIER	REPEAT_CONNECTOR	AND_AGAIN	BARE	AND	BY	REPEAT_CONNECTOR__AND_AGAIN__AND__BARE__NONE	REPEAT_CONNECTOR__AND_AGAIN__BY__BARE__NONE	again and again	again by again	1	2	2	1	1	-2.029781	-1.957747	-2.029781	-2.029781	541	1888	1	0	1	and	KNOWN_REPEAT	V9_ATTESTED		
REPEAT_CONNECTOR__AND_AGAIN__AND__BARE__NONE__TO__AFTER	WITHIN_CARRIER	REPEAT_CONNECTOR	AND_AGAIN	BARE	AND	AFTER	REPEAT_CONNECTOR__AND_AGAIN__AND__BARE__NONE	REPEAT_CONNECTOR__AND_AGAIN__AFTER__BARE__NONE	again and again	again after again	1	2	2	1	1	-2.987386	-2.957718	-2.987386	-2.987385	541	1888	1	0	1	and	KNOWN_REPEAT	V9_ATTESTED		
REPEAT_CONNECTOR__AND_AGAIN__AND__V9_SPACE__NONE__TO__OR	WITHIN_CARRIER	REPEAT_CONNECTOR	AND_AGAIN	V9_SPACE	AND	OR	REPEAT_CONNECTOR__AND_AGAIN__AND__V9_SPACE__NONE	REPEAT_CONNECTOR__AND_AGAIN__OR__V9_SPACE__NONE	 again and again	 again or again	1	2	2	1	1	-0.27098	-0.273045	-0.27098	-0.270981	541	541	1	1	0	and	KNOWN_REPEAT	V9_ATTESTED		
REPEAT_CONNECTOR__AND_AGAIN__AND__V9_SPACE__NONE__TO__TO	WITHIN_CARRIER	REPEAT_CONNECTOR	AND_AGAIN	V9_SPACE	AND	TO	REPEAT_CONNECTOR__AND_AGAIN__AND__V9_SPACE__NONE	REPEAT_CONNECTOR__AND_AGAIN__TO__V9_SPACE__NONE	 again and again	 again to again	1	2	2	1	1	-2.47013	-2.455354	-2.47013	-2.569173	541	1594	1	0	1	and	KNOWN_REPEAT	V9_ATTESTED		
REPEAT_CONNECTOR__AND_AGAIN__AND__V9_SPACE__NONE__TO__BY	WITHIN_CARRIER	REPEAT_CONNECTOR	AND_AGAIN	V9_SPACE	AND	BY	REPEAT_CONNECTOR__AND_AGAIN__AND__V9_SPACE__NONE	REPEAT_CONNECTOR__AND_AGAIN__BY__V9_SPACE__NONE	 again and again	 again by again	1	2	2	1	1	-2.136421	-2.057302	-2.136421	-2.136422	541	1888	1	0	1	and	KNOWN_REPEAT	V9_ATTESTED		
REPEAT_CONNECTOR__AND_AGAIN__AND__V9_SPACE__NONE__TO__AFTER	WITHIN_CARRIER	REPEAT_CONNECTOR	AND_AGAIN	V9_SPACE	AND	AFTER	REPEAT_CONNECTOR__AND_AGAIN__AND__V9_SPACE__NONE	REPEAT_CONNECTOR__AND_AGAIN__AFTER__V9_SPACE__NONE	 again and again	 again after again	1	2	2	1	1	-3.314304	-3.273347	-3.314304	-3.314304	541	1888	1	0	1	and	KNOWN_REPEAT	V9_ATTESTED		
REPEAT_CONNECTOR__AND_AGAIN__AND__THE_PHRASE__NONE__TO__OR	WITHIN_CARRIER	REPEAT_CONNECTOR	AND_AGAIN	THE_PHRASE	AND	OR	REPEAT_CONNECTOR__AND_AGAIN__AND__THE_PHRASE__NONE	REPEAT_CONNECTOR__AND_AGAIN__OR__THE_PHRASE__NONE	the phrase again and again	the phrase again or again	1	4	4	1	1	-0.931755	-0.933256	-0.931755	-0.931755	541	2073	1	0	1	and	KNOWN_REPEAT	V9_ATTESTED		
REPEAT_CONNECTOR__AND_AGAIN__AND__THE_PHRASE__NONE__TO__TO	WITHIN_CARRIER	REPEAT_CONNECTOR	AND_AGAIN	THE_PHRASE	AND	TO	REPEAT_CONNECTOR__AND_AGAIN__AND__THE_PHRASE__NONE	REPEAT_CONNECTOR__AND_AGAIN__TO__THE_PHRASE__NONE	the phrase again and again	the phrase again to again	1	4	4	1	1	-2.26385	-2.264653	-2.26385	-2.26385	541	2073	1	0	1	and	KNOWN_REPEAT	V9_ATTESTED		
REPEAT_CONNECTOR__AND_AGAIN__AND__THE_PHRASE__NONE__TO__BY	WITHIN_CARRIER	REPEAT_CONNECTOR	AND_AGAIN	THE_PHRASE	AND	BY	REPEAT_CONNECTOR__AND_AGAIN__AND__THE_PHRASE__NONE	REPEAT_CONNECTOR__AND_AGAIN__BY__THE_PHRASE__NONE	the phrase again and again	the phrase again by again	1	4	4	1	1	-1.921164	-1.913767	-1.921164	-1.921165	541	2073	1	0	1	and	KNOWN_REPEAT	V9_ATTESTED		
REPEAT_CONNECTOR__AND_AGAIN__AND__THE_PHRASE__NONE__TO__AFTER	WITHIN_CARRIER	REPEAT_CONNECTOR	AND_AGAIN	THE_PHRASE	AND	AFTER	REPEAT_CONNECTOR__AND_AGAIN__AND__THE_PHRASE__NONE	REPEAT_CONNECTOR__AND_AGAIN__AFTER__THE_PHRASE__NONE	the phrase again and again	the phrase again after again	1	4	4	1	1	-2.820174	-2.807419	-2.820174	-2.820175	541	2073	1	0	1	and	KNOWN_REPEAT	V9_ATTESTED		
REPEAT_CONNECTOR__AND_AGAIN__AND__THEY_SAID__NONE__TO__OR	WITHIN_CARRIER	REPEAT_CONNECTOR	AND_AGAIN	THEY_SAID	AND	OR	REPEAT_CONNECTOR__AND_AGAIN__AND__THEY_SAID__NONE	REPEAT_CONNECTOR__AND_AGAIN__OR__THEY_SAID__NONE	they said again and again	they said again or again	1	4	4	1	1	-0.997741	-1.009074	-0.997741	-1.172952	541	2659	1	0	1	and	KNOWN_REPEAT	V9_ATTESTED		
REPEAT_CONNECTOR__AND_AGAIN__AND__THEY_SAID__NONE__TO__TO	WITHIN_CARRIER	REPEAT_CONNECTOR	AND_AGAIN	THEY_SAID	AND	TO	REPEAT_CONNECTOR__AND_AGAIN__AND__THEY_SAID__NONE	REPEAT_CONNECTOR__AND_AGAIN__TO__THEY_SAID__NONE	they said again and again	they said again to again	1	4	4	1	1	-2.619575	-2.614093	-2.619575	-3.285318	541	429	1	0	1	and	KNOWN_REPEAT	V9_ATTESTED		
REPEAT_CONNECTOR__AND_AGAIN__AND__THEY_SAID__NONE__TO__BY	WITHIN_CARRIER	REPEAT_CONNECTOR	AND_AGAIN	THEY_SAID	AND	BY	REPEAT_CONNECTOR__AND_AGAIN__AND__THEY_SAID__NONE	REPEAT_CONNECTOR__AND_AGAIN__BY__THEY_SAID__NONE	they said again and again	they said again by again	1	4	4	1	1	-2.689139	-2.671313	-2.689139	-2.587158	541	1594	1	0	1	and	KNOWN_REPEAT	V9_ATTESTED		
REPEAT_CONNECTOR__AND_AGAIN__AND__THEY_SAID__NONE__TO__AFTER	WITHIN_CARRIER	REPEAT_CONNECTOR	AND_AGAIN	THEY_SAID	AND	AFTER	REPEAT_CONNECTOR__AND_AGAIN__AND__THEY_SAID__NONE	REPEAT_CONNECTOR__AND_AGAIN__AFTER__THEY_SAID__NONE	they said again and again	they said again after again	1	4	4	1	1	-3.097297	-3.071631	-3.097297	-3.502943	541	1738	1	0	1	and	KNOWN_REPEAT	V9_ATTESTED		
FRAME_CROSS__AND_TIME__KNOWN_REPEAT__BARE__NONE__TO__KNOWN_RELATED	WITHIN_CARRIER	FRAME_CROSS	AND_TIME	BARE	KNOWN_REPEAT	KNOWN_RELATED	FRAME_CROSS__AND_TIME__KNOWN_REPEAT__BARE__NONE	FRAME_CROSS__AND_TIME__KNOWN_RELATED__BARE__NONE	time and time	time and space	1	2	2	1	1	-1.360065	-1.360065	-1.360065	-0.766435	638	1888	0	0	0	and	RELATED_DISTINCT	HELDOUT_FAMILIAR		
FRAME_CROSS__AND_TIME__KNOWN_REPEAT__BARE__NONE__TO__KNOWN_ARBITRARY	WITHIN_CARRIER	FRAME_CROSS	AND_TIME	BARE	KNOWN_REPEAT	KNOWN_ARBITRARY	FRAME_CROSS__AND_TIME__KNOWN_REPEAT__BARE__NONE	FRAME_CROSS__AND_TIME__KNOWN_ARBITRARY__BARE__NONE	time and time	time and planet	1	2	2	1	1	-2.895125	-2.895125	-2.895125	-2.301494	638	1888	0	0	0	and	ARBITRARY_DISTINCT	HELDOUT_FAMILIAR		
FRAME_CROSS__AND_TIME__KNOWN_REPEAT__BARE__NONE__TO__ARBITRARY_KNOWN	WITHIN_CARRIER	FRAME_CROSS	AND_TIME	BARE	KNOWN_REPEAT	ARBITRARY_KNOWN	FRAME_CROSS__AND_TIME__KNOWN_REPEAT__BARE__NONE	FRAME_CROSS__AND_TIME__ARBITRARY_KNOWN__BARE__NONE	time and time	mustard and time	0	2	3	1	1	-3.04151	-3.036163	-3.04151	-2.276753	638	592	0	0	0	and	ARBITRARY_DISTINCT	HELDOUT_FAMILIAR		
FRAME_CROSS__AND_TIME__KNOWN_REPEAT__BARE__NONE__TO__ARBITRARY_REPEAT	WITHIN_CARRIER	FRAME_CROSS	AND_TIME	BARE	KNOWN_REPEAT	ARBITRARY_REPEAT	FRAME_CROSS__AND_TIME__KNOWN_REPEAT__BARE__NONE	FRAME_CROSS__AND_TIME__ARBITRARY_REPEAT__BARE__NONE	time and time	mustard and mustard	0	2	3	1	1	-2.296518	-2.291172	-2.296518	-1.607297	638	2659	0	0	0	and	NOVEL_REPEAT	HELDOUT_FAMILIAR		
FRAME_CROSS__AND_TIME__KNOWN_REPEAT__BARE__NONE__TO__ARBITRARY_DISTINCT	WITHIN_CARRIER	FRAME_CROSS	AND_TIME	BARE	KNOWN_REPEAT	ARBITRARY_DISTINCT	FRAME_CROSS__AND_TIME__KNOWN_REPEAT__BARE__NONE	FRAME_CROSS__AND_TIME__ARBITRARY_DISTINCT__BARE__NONE	time and time	mustard and planet	0	2	3	1	1	-3.496705	-3.491358	-3.496705	-2.731947	638	592	0	0	0	and	NOVEL_DISTINCT	HELDOUT_FAMILIAR		
FRAME_CROSS__AND_TIME__KNOWN_REPEAT__BARE__NONE__TO__KNOWN_NO_CONNECTOR	WITHIN_CARRIER	FRAME_CROSS	AND_TIME	BARE	KNOWN_REPEAT	KNOWN_NO_CONNECTOR	FRAME_CROSS__AND_TIME__KNOWN_REPEAT__BARE__NONE	FRAME_CROSS__AND_TIME__KNOWN_NO_CONNECTOR__BARE__NONE	time and time	time time	0	2	1	1	1	-3.702051	-3.66231	-3.535792	-2.942161	638	1888	0	0	0	and	NO_CONNECTOR	HELDOUT_FAMILIAR		
FRAME_CROSS__AND_TIME__KNOWN_REPEAT__BARE__NONE__TO__ARBITRARY_NO_CONNECTOR	WITHIN_CARRIER	FRAME_CROSS	AND_TIME	BARE	KNOWN_REPEAT	ARBITRARY_NO_CONNECTOR	FRAME_CROSS__AND_TIME__KNOWN_REPEAT__BARE__NONE	FRAME_CROSS__AND_TIME__ARBITRARY_NO_CONNECTOR__BARE__NONE	time and time	mustard mustard	1	2	2	1	1	-3.655598	-3.542053	-3.535792	-2.771035	638	592	0	0	0	and	NO_CONNECTOR	HELDOUT_FAMILIAR		
FRAME_CROSS__AND_TIME__KNOWN_REPEAT__V9_SPACE__NONE__TO__KNOWN_RELATED	WITHIN_CARRIER	FRAME_CROSS	AND_TIME	V9_SPACE	KNOWN_REPEAT	KNOWN_RELATED	FRAME_CROSS__AND_TIME__KNOWN_REPEAT__V9_SPACE__NONE	FRAME_CROSS__AND_TIME__KNOWN_RELATED__V9_SPACE__NONE	 time and time	 time and space	1	2	2	1	1	-0.395369	-0.395369	-0.395369	-0.395369	1888	1888	0	0	0	and	RELATED_DISTINCT	HELDOUT_FAMILIAR		
FRAME_CROSS__AND_TIME__KNOWN_REPEAT__V9_SPACE__NONE__TO__KNOWN_ARBITRARY	WITHIN_CARRIER	FRAME_CROSS	AND_TIME	V9_SPACE	KNOWN_REPEAT	KNOWN_ARBITRARY	FRAME_CROSS__AND_TIME__KNOWN_REPEAT__V9_SPACE__NONE	FRAME_CROSS__AND_TIME__KNOWN_ARBITRARY__V9_SPACE__NONE	 time and time	 time and planet	1	2	2	1	1	-2.291698	-2.291698	-2.291698	-2.291698	1888	1888	0	0	0	and	ARBITRARY_DISTINCT	HELDOUT_FAMILIAR		
FRAME_CROSS__AND_TIME__KNOWN_REPEAT__V9_SPACE__NONE__TO__ARBITRARY_KNOWN	WITHIN_CARRIER	FRAME_CROSS	AND_TIME	V9_SPACE	KNOWN_REPEAT	ARBITRARY_KNOWN	FRAME_CROSS__AND_TIME__KNOWN_REPEAT__V9_SPACE__NONE	FRAME_CROSS__AND_TIME__ARBITRARY_KNOWN__V9_SPACE__NONE	 time and time	 mustard and time	1	2	2	1	1	-2.873769	-2.87412	-2.707487	-2.551189	1888	1888	0	0	0	and	ARBITRARY_DISTINCT	HELDOUT_FAMILIAR		
FRAME_CROSS__AND_TIME__KNOWN_REPEAT__V9_SPACE__NONE__TO__ARBITRARY_REPEAT	WITHIN_CARRIER	FRAME_CROSS	AND_TIME	V9_SPACE	KNOWN_REPEAT	ARBITRARY_REPEAT	FRAME_CROSS__AND_TIME__KNOWN_REPEAT__V9_SPACE__NONE	FRAME_CROSS__AND_TIME__ARBITRARY_REPEAT__V9_SPACE__NONE	 time and time	 mustard and mustard	1	2	2	1	1	-1.365149	-1.3655	-1.365149	-1.208851	1888	1888	0	0	0	and	NOVEL_REPEAT	HELDOUT_FAMILIAR		
FRAME_CROSS__AND_TIME__KNOWN_REPEAT__V9_SPACE__NONE__TO__ARBITRARY_DISTINCT	WITHIN_CARRIER	FRAME_CROSS	AND_TIME	V9_SPACE	KNOWN_REPEAT	ARBITRARY_DISTINCT	FRAME_CROSS__AND_TIME__KNOWN_REPEAT__V9_SPACE__NONE	FRAME_CROSS__AND_TIME__ARBITRARY_DISTINCT__V9_SPACE__NONE	 time and time	 mustard and planet	1	2	2	1	1	-2.85408	-2.854431	-2.707487	-2.551189	1888	1888	0	0	0	and	NOVEL_DISTINCT	HELDOUT_FAMILIAR		
FRAME_CROSS__AND_TIME__KNOWN_REPEAT__V9_SPACE__NONE__TO__KNOWN_NO_CONNECTOR	WITHIN_CARRIER	FRAME_CROSS	AND_TIME	V9_SPACE	KNOWN_REPEAT	KNOWN_NO_CONNECTOR	FRAME_CROSS__AND_TIME__KNOWN_REPEAT__V9_SPACE__NONE	FRAME_CROSS__AND_TIME__KNOWN_NO_CONNECTOR__V9_SPACE__NONE	 time and time	 time time	0	2	1	1	1	-2.872492	-2.805604	-2.707487	-2.707487	1888	1888	0	0	0	and	NO_CONNECTOR	HELDOUT_FAMILIAR		
FRAME_CROSS__AND_TIME__KNOWN_REPEAT__V9_SPACE__NONE__TO__ARBITRARY_NO_CONNECTOR	WITHIN_CARRIER	FRAME_CROSS	AND_TIME	V9_SPACE	KNOWN_REPEAT	ARBITRARY_NO_CONNECTOR	FRAME_CROSS__AND_TIME__KNOWN_REPEAT__V9_SPACE__NONE	FRAME_CROSS__AND_TIME__ARBITRARY_NO_CONNECTOR__V9_SPACE__NONE	 time and time	 mustard mustard	0	2	1	1	1	-2.825288	-2.712168	-2.707487	-2.551189	1888	1888	0	0	0	and	NO_CONNECTOR	HELDOUT_FAMILIAR		
FRAME_CROSS__AND_TIME__KNOWN_REPEAT__THE_PHRASE__NONE__TO__KNOWN_RELATED	WITHIN_CARRIER	FRAME_CROSS	AND_TIME	THE_PHRASE	KNOWN_REPEAT	KNOWN_RELATED	FRAME_CROSS__AND_TIME__KNOWN_REPEAT__THE_PHRASE__NONE	FRAME_CROSS__AND_TIME__KNOWN_RELATED__THE_PHRASE__NONE	the phrase time and time	the phrase time and space	1	4	4	1	1	0.108169	0.108169	0.108169	0.108169	2073	2073	0	0	0	and	RELATED_DISTINCT	HELDOUT_FAMILIAR		
FRAME_CROSS__AND_TIME__KNOWN_REPEAT__THE_PHRASE__NONE__TO__KNOWN_ARBITRARY	WITHIN_CARRIER	FRAME_CROSS	AND_TIME	THE_PHRASE	KNOWN_REPEAT	KNOWN_ARBITRARY	FRAME_CROSS__AND_TIME__KNOWN_REPEAT__THE_PHRASE__NONE	FRAME_CROSS__AND_TIME__KNOWN_ARBITRARY__THE_PHRASE__NONE	the phrase time and time	the phrase time and planet	1	4	4	1	1	-2.021086	-2.021086	-2.021086	-2.021087	2073	2073	0	0	0	and	ARBITRARY_DISTINCT	HELDOUT_FAMILIAR		
FRAME_CROSS__AND_TIME__KNOWN_REPEAT__THE_PHRASE__NONE__TO__ARBITRARY_KNOWN	WITHIN_CARRIER	FRAME_CROSS	AND_TIME	THE_PHRASE	KNOWN_REPEAT	ARBITRARY_KNOWN	FRAME_CROSS__AND_TIME__KNOWN_REPEAT__THE_PHRASE__NONE	FRAME_CROSS__AND_TIME__ARBITRARY_KNOWN__THE_PHRASE__NONE	the phrase time and time	the phrase mustard and time	1	4	4	1	1	-2.448997	-2.455106	-2.279575	-2.279575	2073	2073	0	0	0	and	ARBITRARY_DISTINCT	HELDOUT_FAMILIAR		
FRAME_CROSS__AND_TIME__KNOWN_REPEAT__THE_PHRASE__NONE__TO__ARBITRARY_REPEAT	WITHIN_CARRIER	FRAME_CROSS	AND_TIME	THE_PHRASE	KNOWN_REPEAT	ARBITRARY_REPEAT	FRAME_CROSS__AND_TIME__KNOWN_REPEAT__THE_PHRASE__NONE	FRAME_CROSS__AND_TIME__ARBITRARY_REPEAT__THE_PHRASE__NONE	the phrase time and time	the phrase mustard and mustard	1	4	4	1	1	-1.399611	-1.40572	-1.399611	-1.399611	2073	2073	0	0	0	and	NOVEL_REPEAT	HELDOUT_FAMILIAR		
FRAME_CROSS__AND_TIME__KNOWN_REPEAT__THE_PHRASE__NONE__TO__ARBITRARY_DISTINCT	WITHIN_CARRIER	FRAME_CROSS	AND_TIME	THE_PHRASE	KNOWN_REPEAT	ARBITRARY_DISTINCT	FRAME_CROSS__AND_TIME__KNOWN_REPEAT__THE_PHRASE__NONE	FRAME_CROSS__AND_TIME__ARBITRARY_DISTINCT__THE_PHRASE__NONE	the phrase time and time	the phrase mustard and planet	1	4	4	1	1	-2.433345	-2.439454	-2.279575	-2.279575	2073	2073	0	0	0	and	NOVEL_DISTINCT	HELDOUT_FAMILIAR		
FRAME_CROSS__AND_TIME__KNOWN_REPEAT__THE_PHRASE__NONE__TO__KNOWN_NO_CONNECTOR	WITHIN_CARRIER	FRAME_CROSS	AND_TIME	THE_PHRASE	KNOWN_REPEAT	KNOWN_NO_CONNECTOR	FRAME_CROSS__AND_TIME__KNOWN_REPEAT__THE_PHRASE__NONE	FRAME_CROSS__AND_TIME__KNOWN_NO_CONNECTOR__THE_PHRASE__NONE	the phrase time and time	the phrase time time	0	4	3	1	1	-2.304155	-2.240055	-2.279575	-2.279575	2073	2073	0	0	0	and	NO_CONNECTOR	HELDOUT_FAMILIAR		
FRAME_CROSS__AND_TIME__KNOWN_REPEAT__THE_PHRASE__NONE__TO__ARBITRARY_NO_CONNECTOR	WITHIN_CARRIER	FRAME_CROSS	AND_TIME	THE_PHRASE	KNOWN_REPEAT	ARBITRARY_NO_CONNECTOR	FRAME_CROSS__AND_TIME__KNOWN_REPEAT__THE_PHRASE__NONE	FRAME_CROSS__AND_TIME__ARBITRARY_NO_CONNECTOR__THE_PHRASE__NONE	the phrase time and time	the phrase mustard mustard	0	4	3	1	1	-2.424798	-2.379486	-2.279575	-2.279575	2073	2073	0	0	0	and	NO_CONNECTOR	HELDOUT_FAMILIAR		
FRAME_CROSS__AND_TIME__KNOWN_REPEAT__THEY_SAID__NONE__TO__KNOWN_RELATED	WITHIN_CARRIER	FRAME_CROSS	AND_TIME	THEY_SAID	KNOWN_REPEAT	KNOWN_RELATED	FRAME_CROSS__AND_TIME__KNOWN_REPEAT__THEY_SAID__NONE	FRAME_CROSS__AND_TIME__KNOWN_RELATED__THEY_SAID__NONE	they said time and time	they said time and space	1	4	4	1	1	0.224768	0.224767	0.224768	1.077765	2292	2659	0	0	0	and	RELATED_DISTINCT	HELDOUT_FAMILIAR		
FRAME_CROSS__AND_TIME__KNOWN_REPEAT__THEY_SAID__NONE__TO__KNOWN_ARBITRARY	WITHIN_CARRIER	FRAME_CROSS	AND_TIME	THEY_SAID	KNOWN_REPEAT	KNOWN_ARBITRARY	FRAME_CROSS__AND_TIME__KNOWN_REPEAT__THEY_SAID__NONE	FRAME_CROSS__AND_TIME__KNOWN_ARBITRARY__THEY_SAID__NONE	they said time and time	they said time and planet	1	4	4	1	1	-1.533925	-1.533925	-1.533925	-0.811951	2292	2887	0	0	0	and	ARBITRARY_DISTINCT	HELDOUT_FAMILIAR		
FRAME_CROSS__AND_TIME__KNOWN_REPEAT__THEY_SAID__NONE__TO__ARBITRARY_KNOWN	WITHIN_CARRIER	FRAME_CROSS	AND_TIME	THEY_SAID	KNOWN_REPEAT	ARBITRARY_KNOWN	FRAME_CROSS__AND_TIME__KNOWN_REPEAT__THEY_SAID__NONE	FRAME_CROSS__AND_TIME__ARBITRARY_KNOWN__THEY_SAID__NONE	they said time and time	they said mustard and time	1	4	4	1	1	-2.152222	-2.157022	-1.996921	-1.236109	2292	1888	0	0	0	and	ARBITRARY_DISTINCT	HELDOUT_FAMILIAR		
FRAME_CROSS__AND_TIME__KNOWN_REPEAT__THEY_SAID__NONE__TO__ARBITRARY_REPEAT	WITHIN_CARRIER	FRAME_CROSS	AND_TIME	THEY_SAID	KNOWN_REPEAT	ARBITRARY_REPEAT	FRAME_CROSS__AND_TIME__KNOWN_REPEAT__THEY_SAID__NONE	FRAME_CROSS__AND_TIME__ARBITRARY_REPEAT__THEY_SAID__NONE	they said time and time	they said mustard and mustard	1	4	4	1	1	-0.563634	-0.568434	-0.563634	-0.061347	2292	2659	0	0	0	and	NOVEL_REPEAT	HELDOUT_FAMILIAR		
FRAME_CROSS__AND_TIME__KNOWN_REPEAT__THEY_SAID__NONE__TO__ARBITRARY_DISTINCT	WITHIN_CARRIER	FRAME_CROSS	AND_TIME	THEY_SAID	KNOWN_REPEAT	ARBITRARY_DISTINCT	FRAME_CROSS__AND_TIME__KNOWN_REPEAT__THEY_SAID__NONE	FRAME_CROSS__AND_TIME__ARBITRARY_DISTINCT__THEY_SAID__NONE	they said time and time	they said mustard and planet	1	4	4	1	1	-2.140057	-2.144858	-1.996921	-1.256758	2292	1888	0	0	0	and	NOVEL_DISTINCT	HELDOUT_FAMILIAR		
FRAME_CROSS__AND_TIME__KNOWN_REPEAT__THEY_SAID__NONE__TO__KNOWN_NO_CONNECTOR	WITHIN_CARRIER	FRAME_CROSS	AND_TIME	THEY_SAID	KNOWN_REPEAT	KNOWN_NO_CONNECTOR	FRAME_CROSS__AND_TIME__KNOWN_REPEAT__THEY_SAID__NONE	FRAME_CROSS__AND_TIME__KNOWN_NO_CONNECTOR__THEY_SAID__NONE	they said time and time	they said time time	0	4	3	1	1	-2.155359	-2.130327	-1.996921	-1.079566	2292	1888	0	0	0	and	NO_CONNECTOR	HELDOUT_FAMILIAR		
FRAME_CROSS__AND_TIME__KNOWN_REPEAT__THEY_SAID__NONE__TO__ARBITRARY_NO_CONNECTOR	WITHIN_CARRIER	FRAME_CROSS	AND_TIME	THEY_SAID	KNOWN_REPEAT	ARBITRARY_NO_CONNECTOR	FRAME_CROSS__AND_TIME__KNOWN_REPEAT__THEY_SAID__NONE	FRAME_CROSS__AND_TIME__ARBITRARY_NO_CONNECTOR__THEY_SAID__NONE	they said time and time	they said mustard mustard	0	4	3	1	1	-2.107412	-2.048249	-1.996921	-1.126571	2292	1888	0	0	0	and	NO_CONNECTOR	HELDOUT_FAMILIAR		
REPEAT_CONNECTOR__AND_TIME__AND__BARE__NONE__TO__OR	WITHIN_CARRIER	REPEAT_CONNECTOR	AND_TIME	BARE	AND	OR	REPEAT_CONNECTOR__AND_TIME__AND__BARE__NONE	REPEAT_CONNECTOR__AND_TIME__OR__BARE__NONE	time and time	time or time	1	2	2	1	1	-0.584161	-0.595514	-0.584161	-0.690474	638	2659	0	0	0	and	KNOWN_REPEAT	HELDOUT_FAMILIAR		
REPEAT_CONNECTOR__AND_TIME__AND__BARE__NONE__TO__TO	WITHIN_CARRIER	REPEAT_CONNECTOR	AND_TIME	BARE	AND	TO	REPEAT_CONNECTOR__AND_TIME__AND__BARE__NONE	REPEAT_CONNECTOR__AND_TIME__TO__BARE__NONE	time and time	time to time	1	2	2	1	1	-1.61924	-1.624665	-1.61924	-1.025606	638	1888	0	0	0	and	KNOWN_REPEAT	HELDOUT_FAMILIAR		
REPEAT_CONNECTOR__AND_TIME__AND__BARE__NONE__TO__BY	WITHIN_CARRIER	REPEAT_CONNECTOR	AND_TIME	BARE	AND	BY	REPEAT_CONNECTOR__AND_TIME__AND__BARE__NONE	REPEAT_CONNECTOR__AND_TIME__BY__BARE__NONE	time and time	time by time	1	2	2	1	1	-1.521073	-1.468716	-1.521073	-0.927438	638	1888	0	0	0	and	KNOWN_REPEAT	HELDOUT_FAMILIAR		
REPEAT_CONNECTOR__AND_TIME__AND__BARE__NONE__TO__AFTER	WITHIN_CARRIER	REPEAT_CONNECTOR	AND_TIME	BARE	AND	AFTER	REPEAT_CONNECTOR__AND_TIME__AND__BARE__NONE	REPEAT_CONNECTOR__AND_TIME__AFTER__BARE__NONE	time and time	time after time	1	2	2	1	1	-0.816188	-0.743421	-0.816188	-0.344727	638	1738	0	0	0	and	KNOWN_REPEAT	HELDOUT_FAMILIAR		
REPEAT_CONNECTOR__AND_TIME__AND__V9_SPACE__NONE__TO__OR	WITHIN_CARRIER	REPEAT_CONNECTOR	AND_TIME	V9_SPACE	AND	OR	REPEAT_CONNECTOR__AND_TIME__AND__V9_SPACE__NONE	REPEAT_CONNECTOR__AND_TIME__OR__V9_SPACE__NONE	 time and time	 time or time	1	2	2	1	1	0.082868	0.076803	0.082868	0.082868	1888	1888	0	0	0	and	KNOWN_REPEAT	HELDOUT_FAMILIAR		
REPEAT_CONNECTOR__AND_TIME__AND__V9_SPACE__NONE__TO__TO	WITHIN_CARRIER	REPEAT_CONNECTOR	AND_TIME	V9_SPACE	AND	TO	REPEAT_CONNECTOR__AND_TIME__AND__V9_SPACE__NONE	REPEAT_CONNECTOR__AND_TIME__TO__V9_SPACE__NONE	 time and time	 time to time	1	2	2	1	1	-1.226988	-1.228626	-1.226988	-1.226988	1888	1888	0	0	0	and	KNOWN_REPEAT	HELDOUT_FAMILIAR		
REPEAT_CONNECTOR__AND_TIME__AND__V9_SPACE__NONE__TO__BY	WITHIN_CARRIER	REPEAT_CONNECTOR	AND_TIME	V9_SPACE	AND	BY	REPEAT_CONNECTOR__AND_TIME__AND__V9_SPACE__NONE	REPEAT_CONNECTOR__AND_TIME__BY__V9_SPACE__NONE	 time and time	 time by time	1	2	2	1	1	-0.472923	-0.442923	-0.472923	-0.472923	1888	1888	0	0	0	and	KNOWN_REPEAT	HELDOUT_FAMILIAR		
REPEAT_CONNECTOR__AND_TIME__AND__V9_SPACE__NONE__TO__AFTER	WITHIN_CARRIER	REPEAT_CONNECTOR	AND_TIME	V9_SPACE	AND	AFTER	REPEAT_CONNECTOR__AND_TIME__AND__V9_SPACE__NONE	REPEAT_CONNECTOR__AND_TIME__AFTER__V9_SPACE__NONE	 time and time	 time after time	1	2	2	1	1	0.474057	0.570709	0.474057	0.474057	1888	1888	0	0	0	and	KNOWN_REPEAT	HELDOUT_FAMILIAR		
REPEAT_CONNECTOR__AND_TIME__AND__THE_PHRASE__NONE__TO__OR	WITHIN_CARRIER	REPEAT_CONNECTOR	AND_TIME	THE_PHRASE	AND	OR	REPEAT_CONNECTOR__AND_TIME__AND__THE_PHRASE__NONE	REPEAT_CONNECTOR__AND_TIME__OR__THE_PHRASE__NONE	the phrase time and time	the phrase time or time	1	4	4	1	1	-0.072223	-0.081015	-0.072223	-0.530818	2073	2659	0	0	0	and	KNOWN_REPEAT	HELDOUT_FAMILIAR		
REPEAT_CONNECTOR__AND_TIME__AND__THE_PHRASE__NONE__TO__TO	WITHIN_CARRIER	REPEAT_CONNECTOR	AND_TIME	THE_PHRASE	AND	TO	REPEAT_CONNECTOR__AND_TIME__AND__THE_PHRASE__NONE	REPEAT_CONNECTOR__AND_TIME__TO__THE_PHRASE__NONE	the phrase time and time	the phrase time to time	1	4	4	1	1	-0.170639	-0.167262	-0.170639	-0.170639	2073	2073	0	0	0	and	KNOWN_REPEAT	HELDOUT_FAMILIAR		
REPEAT_CONNECTOR__AND_TIME__AND__THE_PHRASE__NONE__TO__BY	WITHIN_CARRIER	REPEAT_CONNECTOR	AND_TIME	THE_PHRASE	AND	BY	REPEAT_CONNECTOR__AND_TIME__AND__THE_PHRASE__NONE	REPEAT_CONNECTOR__AND_TIME__BY__THE_PHRASE__NONE	the phrase time and time	the phrase time by time	1	4	4	1	1	0.069433	0.100735	0.069433	0.069433	2073	2073	0	0	0	and	KNOWN_REPEAT	HELDOUT_FAMILIAR		
REPEAT_CONNECTOR__AND_TIME__AND__THE_PHRASE__NONE__TO__AFTER	WITHIN_CARRIER	REPEAT_CONNECTOR	AND_TIME	THE_PHRASE	AND	AFTER	REPEAT_CONNECTOR__AND_TIME__AND__THE_PHRASE__NONE	REPEAT_CONNECTOR__AND_TIME__AFTER__THE_PHRASE__NONE	the phrase time and time	the phrase time after time	1	4	4	1	1	1.288977	1.371942	1.288977	1.288977	2073	541	0	1	1	and	KNOWN_REPEAT	HELDOUT_FAMILIAR		
REPEAT_CONNECTOR__AND_TIME__AND__THEY_SAID__NONE__TO__OR	WITHIN_CARRIER	REPEAT_CONNECTOR	AND_TIME	THEY_SAID	AND	OR	REPEAT_CONNECTOR__AND_TIME__AND__THEY_SAID__NONE	REPEAT_CONNECTOR__AND_TIME__OR__THEY_SAID__NONE	they said time and time	they said time or time	1	4	4	1	1	-0.245869	-0.255563	-0.245869	-0.289249	2292	2659	0	0	0	and	KNOWN_REPEAT	HELDOUT_FAMILIAR		
REPEAT_CONNECTOR__AND_TIME__AND__THEY_SAID__NONE__TO__TO	WITHIN_CARRIER	REPEAT_CONNECTOR	AND_TIME	THEY_SAID	AND	TO	REPEAT_CONNECTOR__AND_TIME__AND__THEY_SAID__NONE	REPEAT_CONNECTOR__AND_TIME__TO__THEY_SAID__NONE	they said time and time	they said time to time	1	4	4	1	1	-0.039063	-0.045834	-0.039063	0.878293	2292	1888	0	0	0	and	KNOWN_REPEAT	HELDOUT_FAMILIAR		
REPEAT_CONNECTOR__AND_TIME__AND__THEY_SAID__NONE__TO__BY	WITHIN_CARRIER	REPEAT_CONNECTOR	AND_TIME	THEY_SAID	AND	BY	REPEAT_CONNECTOR__AND_TIME__AND__THEY_SAID__NONE	REPEAT_CONNECTOR__AND_TIME__BY__THEY_SAID__NONE	they said time and time	they said time by time	1	4	4	1	1	-0.157803	-0.157349	-0.157803	0.564259	2292	971	0	0	0	and	KNOWN_REPEAT	HELDOUT_FAMILIAR		
REPEAT_CONNECTOR__AND_TIME__AND__THEY_SAID__NONE__TO__AFTER	WITHIN_CARRIER	REPEAT_CONNECTOR	AND_TIME	THEY_SAID	AND	AFTER	REPEAT_CONNECTOR__AND_TIME__AND__THEY_SAID__NONE	REPEAT_CONNECTOR__AND_TIME__AFTER__THEY_SAID__NONE	they said time and time	they said time after time	1	4	4	1	1	2.176648	2.239516	2.176648	2.304163	2292	541	0	1	1	and	KNOWN_REPEAT	HELDOUT_FAMILIAR		
FRAME_CROSS__TO_HAND__KNOWN_REPEAT__BARE__NONE__TO__KNOWN_RELATED	WITHIN_CARRIER	FRAME_CROSS	TO_HAND	BARE	KNOWN_REPEAT	KNOWN_RELATED	FRAME_CROSS__TO_HAND__KNOWN_REPEAT__BARE__NONE	FRAME_CROSS__TO_HAND__KNOWN_RELATED__BARE__NONE	hand to hand	hand to foot	1	2	2	1	1	-1.745098	-1.745098	-1.745098	-1.3611	541	1888	1	0	1	to	RELATED_DISTINCT	V9_ATTESTED		
FRAME_CROSS__TO_HAND__KNOWN_REPEAT__BARE__NONE__TO__KNOWN_ARBITRARY	WITHIN_CARRIER	FRAME_CROSS	TO_HAND	BARE	KNOWN_REPEAT	KNOWN_ARBITRARY	FRAME_CROSS__TO_HAND__KNOWN_REPEAT__BARE__NONE	FRAME_CROSS__TO_HAND__KNOWN_ARBITRARY__BARE__NONE	hand to hand	hand to ribbon	1	2	2	1	1	-3.873754	-3.873754	-3.722914	-3.338916	541	1888	1	0	1	to	ARBITRARY_DISTINCT	V9_ATTESTED		
FRAME_CROSS__TO_HAND__KNOWN_REPEAT__BARE__NONE__TO__ARBITRARY_KNOWN	WITHIN_CARRIER	FRAME_CROSS	TO_HAND	BARE	KNOWN_REPEAT	ARBITRARY_KNOWN	FRAME_CROSS__TO_HAND__KNOWN_REPEAT__BARE__NONE	FRAME_CROSS__TO_HAND__ARBITRARY_KNOWN__BARE__NONE	hand to hand	teacup to hand	0	2	4	1	1	-3.87239	-3.90744	-3.722914	-3.622175	541	1557	1	0	1	to	ARBITRARY_DISTINCT	V9_ATTESTED		
FRAME_CROSS__TO_HAND__KNOWN_REPEAT__BARE__NONE__TO__ARBITRARY_REPEAT	WITHIN_CARRIER	FRAME_CROSS	TO_HAND	BARE	KNOWN_REPEAT	ARBITRARY_REPEAT	FRAME_CROSS__TO_HAND__KNOWN_REPEAT__BARE__NONE	FRAME_CROSS__TO_HAND__ARBITRARY_REPEAT__BARE__NONE	hand to hand	teacup to teacup	0	2	4	1	3	-3.724386	-3.759436	-3.722914	-3.622175	541	1557	1	0	1	to	NOVEL_REPEAT	V9_ATTESTED		
FRAME_CROSS__TO_HAND__KNOWN_REPEAT__BARE__NONE__TO__ARBITRARY_DISTINCT	WITHIN_CARRIER	FRAME_CROSS	TO_HAND	BARE	KNOWN_REPEAT	ARBITRARY_DISTINCT	FRAME_CROSS__TO_HAND__KNOWN_REPEAT__BARE__NONE	FRAME_CROSS__TO_HAND__ARBITRARY_DISTINCT__BARE__NONE	hand to hand	teacup to ribbon	0	2	4	1	1	-3.886661	-3.921712	-3.722914	-3.622175	541	1557	1	0	1	to	NOVEL_DISTINCT	V9_ATTESTED		
FRAME_CROSS__TO_HAND__KNOWN_REPEAT__BARE__NONE__TO__KNOWN_NO_CONNECTOR	WITHIN_CARRIER	FRAME_CROSS	TO_HAND	BARE	KNOWN_REPEAT	KNOWN_NO_CONNECTOR	FRAME_CROSS__TO_HAND__KNOWN_REPEAT__BARE__NONE	FRAME_CROSS__TO_HAND__KNOWN_NO_CONNECTOR__BARE__NONE	hand to hand	hand hand	0	2	1	1	1	-3.883219	-3.894227	-3.722914	-3.338916	541	1888	1	0	1	to	NO_CONNECTOR	V9_ATTESTED		
FRAME_CROSS__TO_HAND__KNOWN_REPEAT__BARE__NONE__TO__ARBITRARY_NO_CONNECTOR	WITHIN_CARRIER	FRAME_CROSS	TO_HAND	BARE	KNOWN_REPEAT	ARBITRARY_NO_CONNECTOR	FRAME_CROSS__TO_HAND__KNOWN_REPEAT__BARE__NONE	FRAME_CROSS__TO_HAND__ARBITRARY_NO_CONNECTOR__BARE__NONE	hand to hand	teacup teacup	0	2	3	1	3	-3.88565	-3.771084	-3.722914	-3.622175	541	1557	1	0	1	to	NO_CONNECTOR	V9_ATTESTED		
FRAME_CROSS__TO_HAND__KNOWN_REPEAT__V9_SPACE__NONE__TO__KNOWN_RELATED	WITHIN_CARRIER	FRAME_CROSS	TO_HAND	V9_SPACE	KNOWN_REPEAT	KNOWN_RELATED	FRAME_CROSS__TO_HAND__KNOWN_REPEAT__V9_SPACE__NONE	FRAME_CROSS__TO_HAND__KNOWN_RELATED__V9_SPACE__NONE	 hand to hand	 hand to foot	1	2	2	1	1	-2.630122	-2.630122	-2.630122	-2.222662	541	1888	1	0	1	to	RELATED_DISTINCT	V9_ATTESTED		
FRAME_CROSS__TO_HAND__KNOWN_REPEAT__V9_SPACE__NONE__TO__KNOWN_ARBITRARY	WITHIN_CARRIER	FRAME_CROSS	TO_HAND	V9_SPACE	KNOWN_REPEAT	KNOWN_ARBITRARY	FRAME_CROSS__TO_HAND__KNOWN_REPEAT__V9_SPACE__NONE	FRAME_CROSS__TO_HAND__KNOWN_ARBITRARY__V9_SPACE__NONE	 hand to hand	 hand to ribbon	1	2	2	1	1	-4.625036	-4.625037	-4.466479	-4.059019	541	1888	1	0	1	to	ARBITRARY_DISTINCT	V9_ATTESTED		
FRAME_CROSS__TO_HAND__KNOWN_REPEAT__V9_SPACE__NONE__TO__ARBITRARY_KNOWN	WITHIN_CARRIER	FRAME_CROSS	TO_HAND	V9_SPACE	KNOWN_REPEAT	ARBITRARY_KNOWN	FRAME_CROSS__TO_HAND__KNOWN_REPEAT__V9_SPACE__NONE	FRAME_CROSS__TO_HAND__ARBITRARY_KNOWN__V9_SPACE__NONE	 hand to hand	 teacup to hand	0	2	4	1	1	-4.600859	-4.637963	-4.466479	-4.317062	541	1888	1	0	1	to	ARBITRARY_DISTINCT	V9_ATTESTED		
FRAME_CROSS__TO_HAND__KNOWN_REPEAT__V9_SPACE__NONE__TO__ARBITRARY_REPEAT	WITHIN_CARRIER	FRAME_CROSS	TO_HAND	V9_SPACE	KNOWN_REPEAT	ARBITRARY_REPEAT	FRAME_CROSS__TO_HAND__KNOWN_REPEAT__V9_SPACE__NONE	FRAME_CROSS__TO_HAND__ARBITRARY_REPEAT__V9_SPACE__NONE	 hand to hand	 teacup to teacup	0	2	4	1	3	-4.503998	-4.541103	-4.466479	-4.317062	541	1888	1	0	1	to	NOVEL_REPEAT	V9_ATTESTED		
FRAME_CROSS__TO_HAND__KNOWN_REPEAT__V9_SPACE__NONE__TO__ARBITRARY_DISTINCT	WITHIN_CARRIER	FRAME_CROSS	TO_HAND	V9_SPACE	KNOWN_REPEAT	ARBITRARY_DISTINCT	FRAME_CROSS__TO_HAND__KNOWN_REPEAT__V9_SPACE__NONE	FRAME_CROSS__TO_HAND__ARBITRARY_DISTINCT__V9_SPACE__NONE	 hand to hand	 teacup to ribbon	0	2	4	1	1	-4.628228	-4.665333	-4.466479	-4.317062	541	1888	1	0	1	to	NOVEL_DISTINCT	V9_ATTESTED		
FRAME_CROSS__TO_HAND__KNOWN_REPEAT__V9_SPACE__NONE__TO__KNOWN_NO_CONNECTOR	WITHIN_CARRIER	FRAME_CROSS	TO_HAND	V9_SPACE	KNOWN_REPEAT	KNOWN_NO_CONNECTOR	FRAME_CROSS__TO_HAND__KNOWN_REPEAT__V9_SPACE__NONE	FRAME_CROSS__TO_HAND__KNOWN_NO_CONNECTOR__V9_SPACE__NONE	 hand to hand	 hand hand	0	2	1	1	1	-4.054624	-4.035813	-4.054624	-3.647164	541	1888	1	0	1	to	NO_CONNECTOR	V9_ATTESTED		
FRAME_CROSS__TO_HAND__KNOWN_REPEAT__V9_SPACE__NONE__TO__ARBITRARY_NO_CONNECTOR	WITHIN_CARRIER	FRAME_CROSS	TO_HAND	V9_SPACE	KNOWN_REPEAT	ARBITRARY_NO_CONNECTOR	FRAME_CROSS__TO_HAND__KNOWN_REPEAT__V9_SPACE__NONE	FRAME_CROSS__TO_HAND__ARBITRARY_NO_CONNECTOR__V9_SPACE__NONE	 hand to hand	 teacup teacup	0	2	3	1	3	-4.607843	-4.503619	-4.466479	-4.512676	541	881	1	0	1	to	NO_CONNECTOR	V9_ATTESTED		
FRAME_CROSS__TO_HAND__KNOWN_REPEAT__THE_PHRASE__NONE__TO__KNOWN_RELATED	WITHIN_CARRIER	FRAME_CROSS	TO_HAND	THE_PHRASE	KNOWN_REPEAT	KNOWN_RELATED	FRAME_CROSS__TO_HAND__KNOWN_REPEAT__THE_PHRASE__NONE	FRAME_CROSS__TO_HAND__KNOWN_RELATED__THE_PHRASE__NONE	the phrase hand to hand	the phrase hand to foot	1	4	4	1	1	-2.835189	-2.835189	-2.835189	-2.104064	541	2073	1	0	1	to	RELATED_DISTINCT	V9_ATTESTED		
FRAME_CROSS__TO_HAND__KNOWN_REPEAT__THE_PHRASE__NONE__TO__KNOWN_ARBITRARY	WITHIN_CARRIER	FRAME_CROSS	TO_HAND	THE_PHRASE	KNOWN_REPEAT	KNOWN_ARBITRARY	FRAME_CROSS__TO_HAND__KNOWN_REPEAT__THE_PHRASE__NONE	FRAME_CROSS__TO_HAND__KNOWN_ARBITRARY__THE_PHRASE__NONE	the phrase hand to hand	the phrase hand to ribbon	1	4	4	1	1	-4.583978	-4.583978	-4.457116	-3.725991	541	2073	1	0	1	to	ARBITRARY_DISTINCT	V9_ATTESTED		
FRAME_CROSS__TO_HAND__KNOWN_REPEAT__THE_PHRASE__NONE__TO__ARBITRARY_KNOWN	WITHIN_CARRIER	FRAME_CROSS	TO_HAND	THE_PHRASE	KNOWN_REPEAT	ARBITRARY_KNOWN	FRAME_CROSS__TO_HAND__KNOWN_REPEAT__THE_PHRASE__NONE	FRAME_CROSS__TO_HAND__ARBITRARY_KNOWN__THE_PHRASE__NONE	the phrase hand to hand	the phrase teacup to hand	0	4	6	1	1	-4.609635	-4.645537	-4.457116	-3.807342	541	1557	1	0	1	to	ARBITRARY_DISTINCT	V9_ATTESTED		
FRAME_CROSS__TO_HAND__KNOWN_REPEAT__THE_PHRASE__NONE__TO__ARBITRARY_REPEAT	WITHIN_CARRIER	FRAME_CROSS	TO_HAND	THE_PHRASE	KNOWN_REPEAT	ARBITRARY_REPEAT	FRAME_CROSS__TO_HAND__KNOWN_REPEAT__THE_PHRASE__NONE	FRAME_CROSS__TO_HAND__ARBITRARY_REPEAT__THE_PHRASE__NONE	the phrase hand to hand	the phrase teacup to teacup	0	4	6	1	3	-4.272544	-4.308446	-4.272544	-3.62277	541	1557	1	0	1	to	NOVEL_REPEAT	V9_ATTESTED		
FRAME_CROSS__TO_HAND__KNOWN_REPEAT__THE_PHRASE__NONE__TO__ARBITRARY_DISTINCT	WITHIN_CARRIER	FRAME_CROSS	TO_HAND	THE_PHRASE	KNOWN_REPEAT	ARBITRARY_DISTINCT	FRAME_CROSS__TO_HAND__KNOWN_REPEAT__THE_PHRASE__NONE	FRAME_CROSS__TO_HAND__ARBITRARY_DISTINCT__THE_PHRASE__NONE	the phrase hand to hand	the phrase teacup to ribbon	0	4	6	1	1	-4.619313	-4.655215	-4.457116	-3.807342	541	1557	1	0	1	to	NOVEL_DISTINCT	V9_ATTESTED		
FRAME_CROSS__TO_HAND__KNOWN_REPEAT__THE_PHRASE__NONE__TO__KNOWN_NO_CONNECTOR	WITHIN_CARRIER	FRAME_CROSS	TO_HAND	THE_PHRASE	KNOWN_REPEAT	KNOWN_NO_CONNECTOR	FRAME_CROSS__TO_HAND__KNOWN_REPEAT__THE_PHRASE__NONE	FRAME_CROSS__TO_HAND__KNOWN_NO_CONNECTOR__THE_PHRASE__NONE	the phrase hand to hand	the phrase hand hand	0	4	3	1	1	-3.715006	-3.716523	-3.715006	-2.983881	541	2073	1	0	1	to	NO_CONNECTOR	V9_ATTESTED		
FRAME_CROSS__TO_HAND__KNOWN_REPEAT__THE_PHRASE__NONE__TO__ARBITRARY_NO_CONNECTOR	WITHIN_CARRIER	FRAME_CROSS	TO_HAND	THE_PHRASE	KNOWN_REPEAT	ARBITRARY_NO_CONNECTOR	FRAME_CROSS__TO_HAND__KNOWN_REPEAT__THE_PHRASE__NONE	FRAME_CROSS__TO_HAND__ARBITRARY_NO_CONNECTOR__THE_PHRASE__NONE	the phrase hand to hand	the phrase teacup teacup	0	4	5	1	3	-4.496128	-4.399369	-4.457116	-4.00678	541	881	1	0	1	to	NO_CONNECTOR	V9_ATTESTED		
FRAME_CROSS__TO_HAND__KNOWN_REPEAT__THEY_SAID__NONE__TO__KNOWN_RELATED	WITHIN_CARRIER	FRAME_CROSS	TO_HAND	THEY_SAID	KNOWN_REPEAT	KNOWN_RELATED	FRAME_CROSS__TO_HAND__KNOWN_REPEAT__THEY_SAID__NONE	FRAME_CROSS__TO_HAND__KNOWN_RELATED__THEY_SAID__NONE	they said hand to hand	they said hand to foot	1	4	4	1	1	-3.173615	-3.173616	-3.173615	-1.813457	541	419	1	0	1	to	RELATED_DISTINCT	V9_ATTESTED		
FRAME_CROSS__TO_HAND__KNOWN_REPEAT__THEY_SAID__NONE__TO__KNOWN_ARBITRARY	WITHIN_CARRIER	FRAME_CROSS	TO_HAND	THEY_SAID	KNOWN_REPEAT	KNOWN_ARBITRARY	FRAME_CROSS__TO_HAND__KNOWN_REPEAT__THEY_SAID__NONE	FRAME_CROSS__TO_HAND__KNOWN_ARBITRARY__THEY_SAID__NONE	they said hand to hand	they said hand to ribbon	1	4	4	1	1	-4.667157	-4.667158	-4.506829	-3.146671	541	419	1	0	1	to	ARBITRARY_DISTINCT	V9_ATTESTED		
FRAME_CROSS__TO_HAND__KNOWN_REPEAT__THEY_SAID__NONE__TO__ARBITRARY_KNOWN	WITHIN_CARRIER	FRAME_CROSS	TO_HAND	THEY_SAID	KNOWN_REPEAT	ARBITRARY_KNOWN	FRAME_CROSS__TO_HAND__KNOWN_REPEAT__THEY_SAID__NONE	FRAME_CROSS__TO_HAND__ARBITRARY_KNOWN__THEY_SAID__NONE	they said hand to hand	they said teacup to hand	0	4	6	1	1	-4.622833	-4.659461	-4.506829	-3.897953	541	1557	1	0	1	to	ARBITRARY_DISTINCT	V9_ATTESTED		
FRAME_CROSS__TO_HAND__KNOWN_REPEAT__THEY_SAID__NONE__TO__ARBITRARY_REPEAT	WITHIN_CARRIER	FRAME_CROSS	TO_HAND	THEY_SAID	KNOWN_REPEAT	ARBITRARY_REPEAT	FRAME_CROSS__TO_HAND__KNOWN_REPEAT__THEY_SAID__NONE	FRAME_CROSS__TO_HAND__ARBITRARY_REPEAT__THEY_SAID__NONE	they said hand to hand	they said teacup to teacup	0	4	6	1	3	-4.311398	-4.348026	-4.311398	-3.702521	541	1557	1	0	1	to	NOVEL_REPEAT	V9_ATTESTED		
FRAME_CROSS__TO_HAND__KNOWN_REPEAT__THEY_SAID__NONE__TO__ARBITRARY_DISTINCT	WITHIN_CARRIER	FRAME_CROSS	TO_HAND	THEY_SAID	KNOWN_REPEAT	ARBITRARY_DISTINCT	FRAME_CROSS__TO_HAND__KNOWN_REPEAT__THEY_SAID__NONE	FRAME_CROSS__TO_HAND__ARBITRARY_DISTINCT__THEY_SAID__NONE	they said hand to hand	they said teacup to ribbon	0	4	6	1	1	-4.653647	-4.690275	-4.506829	-3.897953	541	1557	1	0	1	to	NOVEL_DISTINCT	V9_ATTESTED		
FRAME_CROSS__TO_HAND__KNOWN_REPEAT__THEY_SAID__NONE__TO__KNOWN_NO_CONNECTOR	WITHIN_CARRIER	FRAME_CROSS	TO_HAND	THEY_SAID	KNOWN_REPEAT	KNOWN_NO_CONNECTOR	FRAME_CROSS__TO_HAND__KNOWN_REPEAT__THEY_SAID__NONE	FRAME_CROSS__TO_HAND__KNOWN_NO_CONNECTOR__THEY_SAID__NONE	they said hand to hand	they said hand hand	0	4	3	1	1	-4.09031	-4.089734	-4.09031	-2.600877	541	1691	1	0	1	to	NO_CONNECTOR	V9_ATTESTED		
FRAME_CROSS__TO_HAND__KNOWN_REPEAT__THEY_SAID__NONE__TO__ARBITRARY_NO_CONNECTOR	WITHIN_CARRIER	FRAME_CROSS	TO_HAND	THEY_SAID	KNOWN_REPEAT	ARBITRARY_NO_CONNECTOR	FRAME_CROSS__TO_HAND__KNOWN_REPEAT__THEY_SAID__NONE	FRAME_CROSS__TO_HAND__ARBITRARY_NO_CONNECTOR__THEY_SAID__NONE	they said hand to hand	they said teacup teacup	0	4	5	1	3	-4.648271	-4.551486	-4.506829	-3.897953	541	1557	1	0	1	to	NO_CONNECTOR	V9_ATTESTED		
REPEAT_CONNECTOR__TO_HAND__TO__BARE__NONE__TO__AND	WITHIN_CARRIER	REPEAT_CONNECTOR	TO_HAND	BARE	TO	AND	REPEAT_CONNECTOR__TO_HAND__TO__BARE__NONE	REPEAT_CONNECTOR__TO_HAND__AND__BARE__NONE	hand to hand	hand and hand	1	2	2	1	1	-0.709121	-0.727108	-0.709121	-1.494645	541	2659	1	0	1	to	KNOWN_REPEAT	V9_ATTESTED		
REPEAT_CONNECTOR__TO_HAND__TO__BARE__NONE__TO__OR	WITHIN_CARRIER	REPEAT_CONNECTOR	TO_HAND	BARE	TO	OR	REPEAT_CONNECTOR__TO_HAND__TO__BARE__NONE	REPEAT_CONNECTOR__TO_HAND__OR__BARE__NONE	hand to hand	hand or hand	1	2	2	1	1	-1.141279	-1.175296	-1.141279	-1.692933	541	2659	1	0	1	to	KNOWN_REPEAT	V9_ATTESTED		
REPEAT_CONNECTOR__TO_HAND__TO__BARE__NONE__TO__BY	WITHIN_CARRIER	REPEAT_CONNECTOR	TO_HAND	BARE	TO	BY	REPEAT_CONNECTOR__TO_HAND__TO__BARE__NONE	REPEAT_CONNECTOR__TO_HAND__BY__BARE__NONE	hand to hand	hand by hand	1	2	2	1	1	-0.445612	-0.356837	-0.445612	-0.122155	541	541	1	1	0	to	KNOWN_REPEAT	V9_ATTESTED		
REPEAT_CONNECTOR__TO_HAND__TO__BARE__NONE__TO__AFTER	WITHIN_CARRIER	REPEAT_CONNECTOR	TO_HAND	BARE	TO	AFTER	REPEAT_CONNECTOR__TO_HAND__TO__BARE__NONE	REPEAT_CONNECTOR__TO_HAND__AFTER__BARE__NONE	hand to hand	hand after hand	1	2	2	1	1	-0.996823	-0.955095	-0.996823	-0.791546	541	1738	1	0	1	to	KNOWN_REPEAT	V9_ATTESTED		
REPEAT_CONNECTOR__TO_HAND__TO__V9_SPACE__NONE__TO__AND	WITHIN_CARRIER	REPEAT_CONNECTOR	TO_HAND	V9_SPACE	TO	AND	REPEAT_CONNECTOR__TO_HAND__TO__V9_SPACE__NONE	REPEAT_CONNECTOR__TO_HAND__AND__V9_SPACE__NONE	 hand to hand	 hand and hand	1	2	2	1	1	-1.383554	-1.414857	-1.383554	-1.693271	541	2659	1	0	1	to	KNOWN_REPEAT	V9_ATTESTED		
REPEAT_CONNECTOR__TO_HAND__TO__V9_SPACE__NONE__TO__OR	WITHIN_CARRIER	REPEAT_CONNECTOR	TO_HAND	V9_SPACE	TO	OR	REPEAT_CONNECTOR__TO_HAND__TO__V9_SPACE__NONE	REPEAT_CONNECTOR__TO_HAND__OR__V9_SPACE__NONE	 hand to hand	 hand or hand	1	2	2	1	1	-1.964998	-2.003712	-1.964998	-2.078735	541	2659	1	0	1	to	KNOWN_REPEAT	V9_ATTESTED		
REPEAT_CONNECTOR__TO_HAND__TO__V9_SPACE__NONE__TO__BY	WITHIN_CARRIER	REPEAT_CONNECTOR	TO_HAND	V9_SPACE	TO	BY	REPEAT_CONNECTOR__TO_HAND__TO__V9_SPACE__NONE	REPEAT_CONNECTOR__TO_HAND__BY__V9_SPACE__NONE	 hand to hand	 hand by hand	1	2	2	1	1	-0.939221	-0.871031	-0.939221	-0.531761	541	541	1	1	0	to	KNOWN_REPEAT	V9_ATTESTED		
REPEAT_CONNECTOR__TO_HAND__TO__V9_SPACE__NONE__TO__AFTER	WITHIN_CARRIER	REPEAT_CONNECTOR	TO_HAND	V9_SPACE	TO	AFTER	REPEAT_CONNECTOR__TO_HAND__TO__V9_SPACE__NONE	REPEAT_CONNECTOR__TO_HAND__AFTER__V9_SPACE__NONE	 hand to hand	 hand after hand	1	2	2	1	1	-1.417128	-1.41801	-1.417128	-1.009668	541	1888	1	0	1	to	KNOWN_REPEAT	V9_ATTESTED		
REPEAT_CONNECTOR__TO_HAND__TO__THE_PHRASE__NONE__TO__AND	WITHIN_CARRIER	REPEAT_CONNECTOR	TO_HAND	THE_PHRASE	TO	AND	REPEAT_CONNECTOR__TO_HAND__TO__THE_PHRASE__NONE	REPEAT_CONNECTOR__TO_HAND__AND__THE_PHRASE__NONE	the phrase hand to hand	the phrase hand and hand	1	4	4	1	1	-1.575035	-1.6064	-1.575035	-1.68907	541	2659	1	0	1	to	KNOWN_REPEAT	V9_ATTESTED		
REPEAT_CONNECTOR__TO_HAND__TO__THE_PHRASE__NONE__TO__OR	WITHIN_CARRIER	REPEAT_CONNECTOR	TO_HAND	THE_PHRASE	TO	OR	REPEAT_CONNECTOR__TO_HAND__TO__THE_PHRASE__NONE	REPEAT_CONNECTOR__TO_HAND__OR__THE_PHRASE__NONE	the phrase hand to hand	the phrase hand or hand	1	4	4	1	1	-2.336904	-2.374281	-2.336904	-2.293399	541	2659	1	0	1	to	KNOWN_REPEAT	V9_ATTESTED		
REPEAT_CONNECTOR__TO_HAND__TO__THE_PHRASE__NONE__TO__BY	WITHIN_CARRIER	REPEAT_CONNECTOR	TO_HAND	THE_PHRASE	TO	BY	REPEAT_CONNECTOR__TO_HAND__TO__THE_PHRASE__NONE	REPEAT_CONNECTOR__TO_HAND__BY__THE_PHRASE__NONE	the phrase hand to hand	the phrase hand by hand	1	4	4	1	1	-1.262947	-1.215007	-1.262947	-0.531815	541	2073	1	0	1	to	KNOWN_REPEAT	V9_ATTESTED		
REPEAT_CONNECTOR__TO_HAND__TO__THE_PHRASE__NONE__TO__AFTER	WITHIN_CARRIER	REPEAT_CONNECTOR	TO_HAND	THE_PHRASE	TO	AFTER	REPEAT_CONNECTOR__TO_HAND__TO__THE_PHRASE__NONE	REPEAT_CONNECTOR__TO_HAND__AFTER__THE_PHRASE__NONE	the phrase hand to hand	the phrase hand after hand	1	4	4	1	1	-1.642942	-1.6448	-1.642942	-0.91181	541	2073	1	0	1	to	KNOWN_REPEAT	V9_ATTESTED		
REPEAT_CONNECTOR__TO_HAND__TO__THEY_SAID__NONE__TO__AND	WITHIN_CARRIER	REPEAT_CONNECTOR	TO_HAND	THEY_SAID	TO	AND	REPEAT_CONNECTOR__TO_HAND__TO__THEY_SAID__NONE	REPEAT_CONNECTOR__TO_HAND__AND__THEY_SAID__NONE	they said hand to hand	they said hand and hand	1	4	4	1	1	-1.299569	-1.326541	-1.299569	-1.668384	541	2659	1	0	1	to	KNOWN_REPEAT	V9_ATTESTED		
REPEAT_CONNECTOR__TO_HAND__TO__THEY_SAID__NONE__TO__OR	WITHIN_CARRIER	REPEAT_CONNECTOR	TO_HAND	THEY_SAID	TO	OR	REPEAT_CONNECTOR__TO_HAND__TO__THEY_SAID__NONE	REPEAT_CONNECTOR__TO_HAND__OR__THEY_SAID__NONE	they said hand to hand	they said hand or hand	1	4	4	1	1	-2.461346	-2.497414	-2.461346	-2.34517	541	2659	1	0	1	to	KNOWN_REPEAT	V9_ATTESTED		
REPEAT_CONNECTOR__TO_HAND__TO__THEY_SAID__NONE__TO__BY	WITHIN_CARRIER	REPEAT_CONNECTOR	TO_HAND	THEY_SAID	TO	BY	REPEAT_CONNECTOR__TO_HAND__TO__THEY_SAID__NONE	REPEAT_CONNECTOR__TO_HAND__BY__THEY_SAID__NONE	they said hand to hand	they said hand by hand	1	4	4	1	1	-1.183119	-1.155459	-1.183119	-0.23204	541	541	1	1	0	to	KNOWN_REPEAT	V9_ATTESTED		
REPEAT_CONNECTOR__TO_HAND__TO__THEY_SAID__NONE__TO__AFTER	WITHIN_CARRIER	REPEAT_CONNECTOR	TO_HAND	THEY_SAID	TO	AFTER	REPEAT_CONNECTOR__TO_HAND__TO__THEY_SAID__NONE	REPEAT_CONNECTOR__TO_HAND__AFTER__THEY_SAID__NONE	they said hand to hand	they said hand after hand	1	4	4	1	1	-1.060241	-1.081707	-1.060241	-0.501482	541	541	1	1	0	to	KNOWN_REPEAT	V9_ATTESTED		
FRAME_CROSS__TO_FACE__KNOWN_REPEAT__BARE__NONE__TO__KNOWN_RELATED	WITHIN_CARRIER	FRAME_CROSS	TO_FACE	BARE	KNOWN_REPEAT	KNOWN_RELATED	FRAME_CROSS__TO_FACE__KNOWN_REPEAT__BARE__NONE	FRAME_CROSS__TO_FACE__KNOWN_RELATED__BARE__NONE	face to face	face to back	1	2	2	1	1	-1.720448	-1.720448	-1.720448	-1.567797	541	1888	1	0	1	to	RELATED_DISTINCT	HELDOUT_FAMILIAR		
FRAME_CROSS__TO_FACE__KNOWN_REPEAT__BARE__NONE__TO__KNOWN_ARBITRARY	WITHIN_CARRIER	FRAME_CROSS	TO_FACE	BARE	KNOWN_REPEAT	KNOWN_ARBITRARY	FRAME_CROSS__TO_FACE__KNOWN_REPEAT__BARE__NONE	FRAME_CROSS__TO_FACE__KNOWN_ARBITRARY__BARE__NONE	face to face	face to chimney	0	2	2	1	2	-2.629601	-2.629601	-2.56913	-2.566042	541	1888	1	0	1	to	ARBITRARY_DISTINCT	HELDOUT_FAMILIAR		
FRAME_CROSS__TO_FACE__KNOWN_REPEAT__BARE__NONE__TO__ARBITRARY_KNOWN	WITHIN_CARRIER	FRAME_CROSS	TO_FACE	BARE	KNOWN_REPEAT	ARBITRARY_KNOWN	FRAME_CROSS__TO_FACE__KNOWN_REPEAT__BARE__NONE	FRAME_CROSS__TO_FACE__ARBITRARY_KNOWN__BARE__NONE	face to face	anchor to face	0	2	3	1	1	-2.656656	-2.755664	-2.56913	-2.856366	541	1888	1	0	1	to	ARBITRARY_DISTINCT	HELDOUT_FAMILIAR		
FRAME_CROSS__TO_FACE__KNOWN_REPEAT__BARE__NONE__TO__ARBITRARY_REPEAT	WITHIN_CARRIER	FRAME_CROSS	TO_FACE	BARE	KNOWN_REPEAT	ARBITRARY_REPEAT	FRAME_CROSS__TO_FACE__KNOWN_REPEAT__BARE__NONE	FRAME_CROSS__TO_FACE__ARBITRARY_REPEAT__BARE__NONE	face to face	anchor to anchor	0	2	3	1	1	-2.737187	-2.836195	-2.56913	-2.856366	541	1888	1	0	1	to	NOVEL_REPEAT	HELDOUT_FAMILIAR		
FRAME_CROSS__TO_FACE__KNOWN_REPEAT__BARE__NONE__TO__ARBITRARY_DISTINCT	WITHIN_CARRIER	FRAME_CROSS	TO_FACE	BARE	KNOWN_REPEAT	ARBITRARY_DISTINCT	FRAME_CROSS__TO_FACE__KNOWN_REPEAT__BARE__NONE	FRAME_CROSS__TO_FACE__ARBITRARY_DISTINCT__BARE__NONE	face to face	anchor to chimney	0	2	3	1	2	-2.58645	-2.685458	-2.56913	-2.856366	541	1888	1	0	1	to	NOVEL_DISTINCT	HELDOUT_FAMILIAR		
FRAME_CROSS__TO_FACE__KNOWN_REPEAT__BARE__NONE__TO__KNOWN_NO_CONNECTOR	WITHIN_CARRIER	FRAME_CROSS	TO_FACE	BARE	KNOWN_REPEAT	KNOWN_NO_CONNECTOR	FRAME_CROSS__TO_FACE__KNOWN_REPEAT__BARE__NONE	FRAME_CROSS__TO_FACE__KNOWN_NO_CONNECTOR__BARE__NONE	face to face	face face	0	2	1	1	1	-2.702759	-2.725025	-2.56913	-2.416479	541	1888	1	0	1	to	NO_CONNECTOR	HELDOUT_FAMILIAR		
FRAME_CROSS__TO_FACE__KNOWN_REPEAT__BARE__NONE__TO__ARBITRARY_NO_CONNECTOR	WITHIN_CARRIER	FRAME_CROSS	TO_FACE	BARE	KNOWN_REPEAT	ARBITRARY_NO_CONNECTOR	FRAME_CROSS__TO_FACE__KNOWN_REPEAT__BARE__NONE	FRAME_CROSS__TO_FACE__ARBITRARY_NO_CONNECTOR__BARE__NONE	face to face	anchor anchor	1	2	2	1	1	-2.651878	-2.679582	-2.56913	-2.856366	541	1888	1	0	1	to	NO_CONNECTOR	HELDOUT_FAMILIAR		
FRAME_CROSS__TO_FACE__KNOWN_REPEAT__V9_SPACE__NONE__TO__KNOWN_RELATED	WITHIN_CARRIER	FRAME_CROSS	TO_FACE	V9_SPACE	KNOWN_REPEAT	KNOWN_RELATED	FRAME_CROSS__TO_FACE__KNOWN_REPEAT__V9_SPACE__NONE	FRAME_CROSS__TO_FACE__KNOWN_RELATED__V9_SPACE__NONE	 face to face	 face to back	1	2	2	1	1	-1.008164	-1.008164	-1.008164	-0.399609	3026	1888	0	0	0	to	RELATED_DISTINCT	HELDOUT_FAMILIAR		
FRAME_CROSS__TO_FACE__KNOWN_REPEAT__V9_SPACE__NONE__TO__KNOWN_ARBITRARY	WITHIN_CARRIER	FRAME_CROSS	TO_FACE	V9_SPACE	KNOWN_REPEAT	KNOWN_ARBITRARY	FRAME_CROSS__TO_FACE__KNOWN_REPEAT__V9_SPACE__NONE	FRAME_CROSS__TO_FACE__KNOWN_ARBITRARY__V9_SPACE__NONE	 face to face	 face to chimney	0	2	2	1	2	-2.454889	-2.454889	-2.342026	-1.772425	3026	1888	0	0	0	to	ARBITRARY_DISTINCT	HELDOUT_FAMILIAR		
FRAME_CROSS__TO_FACE__KNOWN_REPEAT__V9_SPACE__NONE__TO__ARBITRARY_KNOWN	WITHIN_CARRIER	FRAME_CROSS	TO_FACE	V9_SPACE	KNOWN_REPEAT	ARBITRARY_KNOWN	FRAME_CROSS__TO_FACE__KNOWN_REPEAT__V9_SPACE__NONE	FRAME_CROSS__TO_FACE__ARBITRARY_KNOWN__V9_SPACE__NONE	 face to face	 anchor to face	1	2	2	1	1	-2.429234	-2.496783	-2.342026	-2.575136	3026	1888	0	0	0	to	ARBITRARY_DISTINCT	HELDOUT_FAMILIAR		
FRAME_CROSS__TO_FACE__KNOWN_REPEAT__V9_SPACE__NONE__TO__ARBITRARY_REPEAT	WITHIN_CARRIER	FRAME_CROSS	TO_FACE	V9_SPACE	KNOWN_REPEAT	ARBITRARY_REPEAT	FRAME_CROSS__TO_FACE__KNOWN_REPEAT__V9_SPACE__NONE	FRAME_CROSS__TO_FACE__ARBITRARY_REPEAT__V9_SPACE__NONE	 face to face	 anchor to anchor	1	2	2	1	1	-1.518173	-1.585722	-1.518173	-1.751283	3026	1888	0	0	0	to	NOVEL_REPEAT	HELDOUT_FAMILIAR		
FRAME_CROSS__TO_FACE__KNOWN_REPEAT__V9_SPACE__NONE__TO__ARBITRARY_DISTINCT	WITHIN_CARRIER	FRAME_CROSS	TO_FACE	V9_SPACE	KNOWN_REPEAT	ARBITRARY_DISTINCT	FRAME_CROSS__TO_FACE__KNOWN_REPEAT__V9_SPACE__NONE	FRAME_CROSS__TO_FACE__ARBITRARY_DISTINCT__V9_SPACE__NONE	 face to face	 anchor to chimney	0	2	2	1	2	-2.453057	-2.520605	-2.342026	-2.575136	3026	1888	0	0	0	to	NOVEL_DISTINCT	HELDOUT_FAMILIAR		
FRAME_CROSS__TO_FACE__KNOWN_REPEAT__V9_SPACE__NONE__TO__KNOWN_NO_CONNECTOR	WITHIN_CARRIER	FRAME_CROSS	TO_FACE	V9_SPACE	KNOWN_REPEAT	KNOWN_NO_CONNECTOR	FRAME_CROSS__TO_FACE__KNOWN_REPEAT__V9_SPACE__NONE	FRAME_CROSS__TO_FACE__KNOWN_NO_CONNECTOR__V9_SPACE__NONE	 face to face	 face face	0	2	1	1	1	-2.090089	-2.080162	-2.090089	-2.144801	3026	1691	0	0	0	to	NO_CONNECTOR	HELDOUT_FAMILIAR		
FRAME_CROSS__TO_FACE__KNOWN_REPEAT__V9_SPACE__NONE__TO__ARBITRARY_NO_CONNECTOR	WITHIN_CARRIER	FRAME_CROSS	TO_FACE	V9_SPACE	KNOWN_REPEAT	ARBITRARY_NO_CONNECTOR	FRAME_CROSS__TO_FACE__KNOWN_REPEAT__V9_SPACE__NONE	FRAME_CROSS__TO_FACE__ARBITRARY_NO_CONNECTOR__V9_SPACE__NONE	 face to face	 anchor anchor	0	2	1	1	1	-2.463749	-2.458924	-2.342026	-2.575136	3026	1888	0	0	0	to	NO_CONNECTOR	HELDOUT_FAMILIAR		
FRAME_CROSS__TO_FACE__KNOWN_REPEAT__THE_PHRASE__NONE__TO__KNOWN_RELATED	WITHIN_CARRIER	FRAME_CROSS	TO_FACE	THE_PHRASE	KNOWN_REPEAT	KNOWN_RELATED	FRAME_CROSS__TO_FACE__KNOWN_REPEAT__THE_PHRASE__NONE	FRAME_CROSS__TO_FACE__KNOWN_RELATED__THE_PHRASE__NONE	the phrase face to face	the phrase face to back	1	4	4	1	1	-1.768564	-1.768564	-1.768564	-1.768564	2073	2073	0	0	0	to	RELATED_DISTINCT	HELDOUT_FAMILIAR		
FRAME_CROSS__TO_FACE__KNOWN_REPEAT__THE_PHRASE__NONE__TO__KNOWN_ARBITRARY	WITHIN_CARRIER	FRAME_CROSS	TO_FACE	THE_PHRASE	KNOWN_REPEAT	KNOWN_ARBITRARY	FRAME_CROSS__TO_FACE__KNOWN_REPEAT__THE_PHRASE__NONE	FRAME_CROSS__TO_FACE__KNOWN_ARBITRARY__THE_PHRASE__NONE	the phrase face to face	the phrase face to chimney	0	4	4	1	2	-2.779198	-2.779197	-2.736479	-2.736479	2073	2073	0	0	0	to	ARBITRARY_DISTINCT	HELDOUT_FAMILIAR		
FRAME_CROSS__TO_FACE__KNOWN_REPEAT__THE_PHRASE__NONE__TO__ARBITRARY_KNOWN	WITHIN_CARRIER	FRAME_CROSS	TO_FACE	THE_PHRASE	KNOWN_REPEAT	ARBITRARY_KNOWN	FRAME_CROSS__TO_FACE__KNOWN_REPEAT__THE_PHRASE__NONE	FRAME_CROSS__TO_FACE__ARBITRARY_KNOWN__THE_PHRASE__NONE	the phrase face to face	the phrase anchor to face	1	4	4	1	1	-2.885921	-3.009224	-2.736479	-2.736479	2073	2073	0	0	0	to	ARBITRARY_DISTINCT	HELDOUT_FAMILIAR		
FRAME_CROSS__TO_FACE__KNOWN_REPEAT__THE_PHRASE__NONE__TO__ARBITRARY_REPEAT	WITHIN_CARRIER	FRAME_CROSS	TO_FACE	THE_PHRASE	KNOWN_REPEAT	ARBITRARY_REPEAT	FRAME_CROSS__TO_FACE__KNOWN_REPEAT__THE_PHRASE__NONE	FRAME_CROSS__TO_FACE__ARBITRARY_REPEAT__THE_PHRASE__NONE	the phrase face to face	the phrase anchor to anchor	1	4	4	1	1	-1.822879	-1.946182	-1.822879	-1.822879	2073	2073	0	0	0	to	NOVEL_REPEAT	HELDOUT_FAMILIAR		
FRAME_CROSS__TO_FACE__KNOWN_REPEAT__THE_PHRASE__NONE__TO__ARBITRARY_DISTINCT	WITHIN_CARRIER	FRAME_CROSS	TO_FACE	THE_PHRASE	KNOWN_REPEAT	ARBITRARY_DISTINCT	FRAME_CROSS__TO_FACE__KNOWN_REPEAT__THE_PHRASE__NONE	FRAME_CROSS__TO_FACE__ARBITRARY_DISTINCT__THE_PHRASE__NONE	the phrase face to face	the phrase anchor to chimney	0	4	4	1	2	-2.797334	-2.920637	-2.736479	-2.736479	2073	2073	0	0	0	to	NOVEL_DISTINCT	HELDOUT_FAMILIAR		
FRAME_CROSS__TO_FACE__KNOWN_REPEAT__THE_PHRASE__NONE__TO__KNOWN_NO_CONNECTOR	WITHIN_CARRIER	FRAME_CROSS	TO_FACE	THE_PHRASE	KNOWN_REPEAT	KNOWN_NO_CONNECTOR	FRAME_CROSS__TO_FACE__KNOWN_REPEAT__THE_PHRASE__NONE	FRAME_CROSS__TO_FACE__KNOWN_NO_CONNECTOR__THE_PHRASE__NONE	the phrase face to face	the phrase face face	0	4	3	1	1	-2.558148	-2.650393	-2.558148	-2.558148	2073	2073	0	0	0	to	NO_CONNECTOR	HELDOUT_FAMILIAR		
FRAME_CROSS__TO_FACE__KNOWN_REPEAT__THE_PHRASE__NONE__TO__ARBITRARY_NO_CONNECTOR	WITHIN_CARRIER	FRAME_CROSS	TO_FACE	THE_PHRASE	KNOWN_REPEAT	ARBITRARY_NO_CONNECTOR	FRAME_CROSS__TO_FACE__KNOWN_REPEAT__THE_PHRASE__NONE	FRAME_CROSS__TO_FACE__ARBITRARY_NO_CONNECTOR__THE_PHRASE__NONE	the phrase face to face	the phrase anchor anchor	0	4	3	1	1	-2.901019	-2.996527	-2.736479	-2.736479	2073	2073	0	0	0	to	NO_CONNECTOR	HELDOUT_FAMILIAR		
FRAME_CROSS__TO_FACE__KNOWN_REPEAT__THEY_SAID__NONE__TO__KNOWN_RELATED	WITHIN_CARRIER	FRAME_CROSS	TO_FACE	THEY_SAID	KNOWN_REPEAT	KNOWN_RELATED	FRAME_CROSS__TO_FACE__KNOWN_REPEAT__THEY_SAID__NONE	FRAME_CROSS__TO_FACE__KNOWN_RELATED__THEY_SAID__NONE	they said face to face	they said face to back	1	4	4	1	1	-0.567199	-0.5672	-0.567199	-0.567199	419	419	0	0	0	to	RELATED_DISTINCT	HELDOUT_FAMILIAR		
FRAME_CROSS__TO_FACE__KNOWN_REPEAT__THEY_SAID__NONE__TO__KNOWN_ARBITRARY	WITHIN_CARRIER	FRAME_CROSS	TO_FACE	THEY_SAID	KNOWN_REPEAT	KNOWN_ARBITRARY	FRAME_CROSS__TO_FACE__KNOWN_REPEAT__THEY_SAID__NONE	FRAME_CROSS__TO_FACE__KNOWN_ARBITRARY__THEY_SAID__NONE	they said face to face	they said face to chimney	0	4	4	1	2	-1.922448	-1.922448	-1.808684	-1.808684	419	419	0	0	0	to	ARBITRARY_DISTINCT	HELDOUT_FAMILIAR		
FRAME_CROSS__TO_FACE__KNOWN_REPEAT__THEY_SAID__NONE__TO__ARBITRARY_KNOWN	WITHIN_CARRIER	FRAME_CROSS	TO_FACE	THEY_SAID	KNOWN_REPEAT	ARBITRARY_KNOWN	FRAME_CROSS__TO_FACE__KNOWN_REPEAT__THEY_SAID__NONE	FRAME_CROSS__TO_FACE__ARBITRARY_KNOWN__THEY_SAID__NONE	they said face to face	they said anchor to face	1	4	4	1	1	-1.934367	-1.946811	-1.808684	-1.073517	419	1888	0	0	0	to	ARBITRARY_DISTINCT	HELDOUT_FAMILIAR		
FRAME_CROSS__TO_FACE__KNOWN_REPEAT__THEY_SAID__NONE__TO__ARBITRARY_REPEAT	WITHIN_CARRIER	FRAME_CROSS	TO_FACE	THEY_SAID	KNOWN_REPEAT	ARBITRARY_REPEAT	FRAME_CROSS__TO_FACE__KNOWN_REPEAT__THEY_SAID__NONE	FRAME_CROSS__TO_FACE__ARBITRARY_REPEAT__THEY_SAID__NONE	they said face to face	they said anchor to anchor	1	4	4	1	1	-0.422676	-0.43512	-0.422676	0.223864	419	2566	0	0	0	to	NOVEL_REPEAT	HELDOUT_FAMILIAR		
FRAME_CROSS__TO_FACE__KNOWN_REPEAT__THEY_SAID__NONE__TO__ARBITRARY_DISTINCT	WITHIN_CARRIER	FRAME_CROSS	TO_FACE	THEY_SAID	KNOWN_REPEAT	ARBITRARY_DISTINCT	FRAME_CROSS__TO_FACE__KNOWN_REPEAT__THEY_SAID__NONE	FRAME_CROSS__TO_FACE__ARBITRARY_DISTINCT__THEY_SAID__NONE	they said face to face	they said anchor to chimney	0	4	4	1	2	-1.81043	-1.822874	-1.808684	-1.073517	419	1888	0	0	0	to	NOVEL_DISTINCT	HELDOUT_FAMILIAR		
FRAME_CROSS__TO_FACE__KNOWN_REPEAT__THEY_SAID__NONE__TO__KNOWN_NO_CONNECTOR	WITHIN_CARRIER	FRAME_CROSS	TO_FACE	THEY_SAID	KNOWN_REPEAT	KNOWN_NO_CONNECTOR	FRAME_CROSS__TO_FACE__KNOWN_REPEAT__THEY_SAID__NONE	FRAME_CROSS__TO_FACE__KNOWN_NO_CONNECTOR__THEY_SAID__NONE	they said face to face	they said face face	0	4	3	1	1	-1.921183	-1.92741	-1.808684	-0.889535	419	2256	0	0	0	to	NO_CONNECTOR	HELDOUT_FAMILIAR		
FRAME_CROSS__TO_FACE__KNOWN_REPEAT__THEY_SAID__NONE__TO__ARBITRARY_NO_CONNECTOR	WITHIN_CARRIER	FRAME_CROSS	TO_FACE	THEY_SAID	KNOWN_REPEAT	ARBITRARY_NO_CONNECTOR	FRAME_CROSS__TO_FACE__KNOWN_REPEAT__THEY_SAID__NONE	FRAME_CROSS__TO_FACE__ARBITRARY_NO_CONNECTOR__THEY_SAID__NONE	they said face to face	they said anchor anchor	0	4	3	1	1	-1.921621	-1.912871	-1.808684	-1.073517	419	1888	0	0	0	to	NO_CONNECTOR	HELDOUT_FAMILIAR		
REPEAT_CONNECTOR__TO_FACE__TO__BARE__NONE__TO__AND	WITHIN_CARRIER	REPEAT_CONNECTOR	TO_FACE	BARE	TO	AND	REPEAT_CONNECTOR__TO_FACE__TO__BARE__NONE	REPEAT_CONNECTOR__TO_FACE__AND__BARE__NONE	face to face	face and face	1	2	2	1	1	-0.282172	-0.366582	-0.282172	-1.03285	541	2659	1	0	1	to	KNOWN_REPEAT	HELDOUT_FAMILIAR		
REPEAT_CONNECTOR__TO_FACE__TO__BARE__NONE__TO__OR	WITHIN_CARRIER	REPEAT_CONNECTOR	TO_FACE	BARE	TO	OR	REPEAT_CONNECTOR__TO_FACE__TO__BARE__NONE	REPEAT_CONNECTOR__TO_FACE__OR__BARE__NONE	face to face	face or face	1	2	2	1	1	0.236221	0.129954	0.236221	-0.813355	541	2659	1	0	1	to	KNOWN_REPEAT	HELDOUT_FAMILIAR		
REPEAT_CONNECTOR__TO_FACE__TO__BARE__NONE__TO__BY	WITHIN_CARRIER	REPEAT_CONNECTOR	TO_FACE	BARE	TO	BY	REPEAT_CONNECTOR__TO_FACE__TO__BARE__NONE	REPEAT_CONNECTOR__TO_FACE__BY__BARE__NONE	face to face	face by face	1	2	2	1	1	0.248466	0.271671	0.248466	-0.196156	541	1691	1	0	1	to	KNOWN_REPEAT	HELDOUT_FAMILIAR		
REPEAT_CONNECTOR__TO_FACE__TO__BARE__NONE__TO__AFTER	WITHIN_CARRIER	REPEAT_CONNECTOR	TO_FACE	BARE	TO	AFTER	REPEAT_CONNECTOR__TO_FACE__TO__BARE__NONE	REPEAT_CONNECTOR__TO_FACE__AFTER__BARE__NONE	face to face	face after face	1	2	2	1	1	-0.498476	-0.510965	-0.498476	-0.489273	541	1738	1	0	1	to	KNOWN_REPEAT	HELDOUT_FAMILIAR		
REPEAT_CONNECTOR__TO_FACE__TO__V9_SPACE__NONE__TO__AND	WITHIN_CARRIER	REPEAT_CONNECTOR	TO_FACE	V9_SPACE	TO	AND	REPEAT_CONNECTOR__TO_FACE__TO__V9_SPACE__NONE	REPEAT_CONNECTOR__TO_FACE__AND__V9_SPACE__NONE	 face to face	 face and face	1	2	2	1	1	0.07356	0.028645	0.07356	0.036605	3026	2659	0	0	0	to	KNOWN_REPEAT	HELDOUT_FAMILIAR		
REPEAT_CONNECTOR__TO_FACE__TO__V9_SPACE__NONE__TO__OR	WITHIN_CARRIER	REPEAT_CONNECTOR	TO_FACE	V9_SPACE	TO	OR	REPEAT_CONNECTOR__TO_FACE__TO__V9_SPACE__NONE	REPEAT_CONNECTOR__TO_FACE__OR__V9_SPACE__NONE	 face to face	 face or face	1	2	2	1	1	0.262157	0.191518	0.262157	-0.082547	3026	2659	0	0	0	to	KNOWN_REPEAT	HELDOUT_FAMILIAR		
REPEAT_CONNECTOR__TO_FACE__TO__V9_SPACE__NONE__TO__BY	WITHIN_CARRIER	REPEAT_CONNECTOR	TO_FACE	V9_SPACE	TO	BY	REPEAT_CONNECTOR__TO_FACE__TO__V9_SPACE__NONE	REPEAT_CONNECTOR__TO_FACE__BY__V9_SPACE__NONE	 face to face	 face by face	1	2	2	1	1	0.122611	0.143946	0.122611	0.611312	3026	1691	0	0	0	to	KNOWN_REPEAT	HELDOUT_FAMILIAR		
REPEAT_CONNECTOR__TO_FACE__TO__V9_SPACE__NONE__TO__AFTER	WITHIN_CARRIER	REPEAT_CONNECTOR	TO_FACE	V9_SPACE	TO	AFTER	REPEAT_CONNECTOR__TO_FACE__TO__V9_SPACE__NONE	REPEAT_CONNECTOR__TO_FACE__AFTER__V9_SPACE__NONE	 face to face	 face after face	1	2	2	1	1	0.610072	0.615104	0.610072	0.882504	3026	541	0	1	1	to	KNOWN_REPEAT	HELDOUT_FAMILIAR		
REPEAT_CONNECTOR__TO_FACE__TO__THE_PHRASE__NONE__TO__AND	WITHIN_CARRIER	REPEAT_CONNECTOR	TO_FACE	THE_PHRASE	TO	AND	REPEAT_CONNECTOR__TO_FACE__TO__THE_PHRASE__NONE	REPEAT_CONNECTOR__TO_FACE__AND__THE_PHRASE__NONE	the phrase face to face	the phrase face and face	1	4	4	1	1	-0.751975	-0.877317	-0.751975	-0.751975	2073	2073	0	0	0	to	KNOWN_REPEAT	HELDOUT_FAMILIAR		
REPEAT_CONNECTOR__TO_FACE__TO__THE_PHRASE__NONE__TO__OR	WITHIN_CARRIER	REPEAT_CONNECTOR	TO_FACE	THE_PHRASE	TO	OR	REPEAT_CONNECTOR__TO_FACE__TO__THE_PHRASE__NONE	REPEAT_CONNECTOR__TO_FACE__OR__THE_PHRASE__NONE	the phrase face to face	the phrase face or face	1	4	4	1	1	-0.77827	-0.91327	-0.77827	-0.971581	2073	2659	0	0	0	to	KNOWN_REPEAT	HELDOUT_FAMILIAR		
REPEAT_CONNECTOR__TO_FACE__TO__THE_PHRASE__NONE__TO__BY	WITHIN_CARRIER	REPEAT_CONNECTOR	TO_FACE	THE_PHRASE	TO	BY	REPEAT_CONNECTOR__TO_FACE__TO__THE_PHRASE__NONE	REPEAT_CONNECTOR__TO_FACE__BY__THE_PHRASE__NONE	the phrase face to face	the phrase face by face	1	4	4	1	1	4.1e-05	-0.03617	4.1e-05	4.1e-05	2073	2073	0	0	0	to	KNOWN_REPEAT	HELDOUT_FAMILIAR		
REPEAT_CONNECTOR__TO_FACE__TO__THE_PHRASE__NONE__TO__AFTER	WITHIN_CARRIER	REPEAT_CONNECTOR	TO_FACE	THE_PHRASE	TO	AFTER	REPEAT_CONNECTOR__TO_FACE__TO__THE_PHRASE__NONE	REPEAT_CONNECTOR__TO_FACE__AFTER__THE_PHRASE__NONE	the phrase face to face	the phrase face after face	1	4	4	1	1	0.038645	-0.02305	0.038645	0.038645	2073	2073	0	0	0	to	KNOWN_REPEAT	HELDOUT_FAMILIAR		
REPEAT_CONNECTOR__TO_FACE__TO__THEY_SAID__NONE__TO__AND	WITHIN_CARRIER	REPEAT_CONNECTOR	TO_FACE	THEY_SAID	TO	AND	REPEAT_CONNECTOR__TO_FACE__TO__THEY_SAID__NONE	REPEAT_CONNECTOR__TO_FACE__AND__THEY_SAID__NONE	they said face to face	they said face and face	1	4	4	1	1	0.235092	0.216957	0.235092	0.094317	419	2659	0	0	0	to	KNOWN_REPEAT	HELDOUT_FAMILIAR		
REPEAT_CONNECTOR__TO_FACE__TO__THEY_SAID__NONE__TO__OR	WITHIN_CARRIER	REPEAT_CONNECTOR	TO_FACE	THEY_SAID	TO	OR	REPEAT_CONNECTOR__TO_FACE__TO__THEY_SAID__NONE	REPEAT_CONNECTOR__TO_FACE__OR__THEY_SAID__NONE	they said face to face	they said face or face	1	4	4	1	1	-0.320587	-0.347968	-0.320587	-0.491894	419	2659	0	0	0	to	KNOWN_REPEAT	HELDOUT_FAMILIAR		
REPEAT_CONNECTOR__TO_FACE__TO__THEY_SAID__NONE__TO__BY	WITHIN_CARRIER	REPEAT_CONNECTOR	TO_FACE	THEY_SAID	TO	BY	REPEAT_CONNECTOR__TO_FACE__TO__THEY_SAID__NONE	REPEAT_CONNECTOR__TO_FACE__BY__THEY_SAID__NONE	they said face to face	they said face by face	1	4	4	1	1	0.580743	0.604589	0.580743	1.057539	419	2371	0	0	0	to	KNOWN_REPEAT	HELDOUT_FAMILIAR		
REPEAT_CONNECTOR__TO_FACE__TO__THEY_SAID__NONE__TO__AFTER	WITHIN_CARRIER	REPEAT_CONNECTOR	TO_FACE	THEY_SAID	TO	AFTER	REPEAT_CONNECTOR__TO_FACE__TO__THEY_SAID__NONE	REPEAT_CONNECTOR__TO_FACE__AFTER__THEY_SAID__NONE	they said face to face	they said face after face	1	4	4	1	1	0.969955	0.963363	0.969955	1.379671	419	1738	0	0	0	to	KNOWN_REPEAT	HELDOUT_FAMILIAR		
FRAME_CROSS__TO_SHOULDER__KNOWN_REPEAT__BARE__NONE__TO__KNOWN_RELATED	WITHIN_CARRIER	FRAME_CROSS	TO_SHOULDER	BARE	KNOWN_REPEAT	KNOWN_RELATED	FRAME_CROSS__TO_SHOULDER__KNOWN_REPEAT__BARE__NONE	FRAME_CROSS__TO_SHOULDER__KNOWN_RELATED__BARE__NONE	shoulder to shoulder	shoulder to knee	1	3	3	1	1	-1.4931	-1.493099	-1.4931	-0.899023	541	1790	1	0	1	to	RELATED_DISTINCT	HELDOUT_FAMILIAR		
FRAME_CROSS__TO_SHOULDER__KNOWN_REPEAT__BARE__NONE__TO__KNOWN_ARBITRARY	WITHIN_CARRIER	FRAME_CROSS	TO_SHOULDER	BARE	KNOWN_REPEAT	KNOWN_ARBITRARY	FRAME_CROSS__TO_SHOULDER__KNOWN_REPEAT__BARE__NONE	FRAME_CROSS__TO_SHOULDER__KNOWN_ARBITRARY__BARE__NONE	shoulder to shoulder	shoulder to garden	1	3	3	1	1	-3.511133	-3.511132	-3.511133	-2.917056	541	1790	1	0	1	to	ARBITRARY_DISTINCT	HELDOUT_FAMILIAR		
FRAME_CROSS__TO_SHOULDER__KNOWN_REPEAT__BARE__NONE__TO__ARBITRARY_KNOWN	WITHIN_CARRIER	FRAME_CROSS	TO_SHOULDER	BARE	KNOWN_REPEAT	ARBITRARY_KNOWN	FRAME_CROSS__TO_SHOULDER__KNOWN_REPEAT__BARE__NONE	FRAME_CROSS__TO_SHOULDER__ARBITRARY_KNOWN__BARE__NONE	shoulder to shoulder	copper to shoulder	1	3	3	1	1	-3.655805	-3.640858	-3.536075	-3.126381	541	1790	1	0	1	to	ARBITRARY_DISTINCT	HELDOUT_FAMILIAR		
FRAME_CROSS__TO_SHOULDER__KNOWN_REPEAT__BARE__NONE__TO__ARBITRARY_REPEAT	WITHIN_CARRIER	FRAME_CROSS	TO_SHOULDER	BARE	KNOWN_REPEAT	ARBITRARY_REPEAT	FRAME_CROSS__TO_SHOULDER__KNOWN_REPEAT__BARE__NONE	FRAME_CROSS__TO_SHOULDER__ARBITRARY_REPEAT__BARE__NONE	shoulder to shoulder	copper to copper	1	3	3	1	1	-3.089497	-3.074551	-3.089497	-2.59219	541	1888	1	0	1	to	NOVEL_REPEAT	HELDOUT_FAMILIAR		
FRAME_CROSS__TO_SHOULDER__KNOWN_REPEAT__BARE__NONE__TO__ARBITRARY_DISTINCT	WITHIN_CARRIER	FRAME_CROSS	TO_SHOULDER	BARE	KNOWN_REPEAT	ARBITRARY_DISTINCT	FRAME_CROSS__TO_SHOULDER__KNOWN_REPEAT__BARE__NONE	FRAME_CROSS__TO_SHOULDER__ARBITRARY_DISTINCT__BARE__NONE	shoulder to shoulder	copper to garden	1	3	3	1	1	-3.68175	-3.666803	-3.536075	-3.038768	541	1888	1	0	1	to	NOVEL_DISTINCT	HELDOUT_FAMILIAR		
FRAME_CROSS__TO_SHOULDER__KNOWN_REPEAT__BARE__NONE__TO__KNOWN_NO_CONNECTOR	WITHIN_CARRIER	FRAME_CROSS	TO_SHOULDER	BARE	KNOWN_REPEAT	KNOWN_NO_CONNECTOR	FRAME_CROSS__TO_SHOULDER__KNOWN_REPEAT__BARE__NONE	FRAME_CROSS__TO_SHOULDER__KNOWN_NO_CONNECTOR__BARE__NONE	shoulder to shoulder	shoulder shoulder	0	3	2	1	1	-3.652226	-3.516365	-3.536075	-2.941998	541	1790	1	0	1	to	NO_CONNECTOR	HELDOUT_FAMILIAR		
FRAME_CROSS__TO_SHOULDER__KNOWN_REPEAT__BARE__NONE__TO__ARBITRARY_NO_CONNECTOR	WITHIN_CARRIER	FRAME_CROSS	TO_SHOULDER	BARE	KNOWN_REPEAT	ARBITRARY_NO_CONNECTOR	FRAME_CROSS__TO_SHOULDER__KNOWN_REPEAT__BARE__NONE	FRAME_CROSS__TO_SHOULDER__ARBITRARY_NO_CONNECTOR__BARE__NONE	shoulder to shoulder	copper copper	0	3	2	1	1	-3.635737	-3.495751	-3.536075	-3.038768	541	1888	1	0	1	to	NO_CONNECTOR	HELDOUT_FAMILIAR		
FRAME_CROSS__TO_SHOULDER__KNOWN_REPEAT__V9_SPACE__NONE__TO__KNOWN_RELATED	WITHIN_CARRIER	FRAME_CROSS	TO_SHOULDER	V9_SPACE	KNOWN_REPEAT	KNOWN_RELATED	FRAME_CROSS__TO_SHOULDER__KNOWN_REPEAT__V9_SPACE__NONE	FRAME_CROSS__TO_SHOULDER__KNOWN_RELATED__V9_SPACE__NONE	 shoulder to shoulder	 shoulder to knee	1	2	2	1	1	-1.745557	-1.745557	-1.745557	-1.745558	541	1790	1	0	1	to	RELATED_DISTINCT	HELDOUT_FAMILIAR		
FRAME_CROSS__TO_SHOULDER__KNOWN_REPEAT__V9_SPACE__NONE__TO__KNOWN_ARBITRARY	WITHIN_CARRIER	FRAME_CROSS	TO_SHOULDER	V9_SPACE	KNOWN_REPEAT	KNOWN_ARBITRARY	FRAME_CROSS__TO_SHOULDER__KNOWN_REPEAT__V9_SPACE__NONE	FRAME_CROSS__TO_SHOULDER__KNOWN_ARBITRARY__V9_SPACE__NONE	 shoulder to shoulder	 shoulder to garden	1	2	2	1	1	-4.042735	-4.042735	-4.042735	-4.042736	541	1790	1	0	1	to	ARBITRARY_DISTINCT	HELDOUT_FAMILIAR		
FRAME_CROSS__TO_SHOULDER__KNOWN_REPEAT__V9_SPACE__NONE__TO__ARBITRARY_KNOWN	WITHIN_CARRIER	FRAME_CROSS	TO_SHOULDER	V9_SPACE	KNOWN_REPEAT	ARBITRARY_KNOWN	FRAME_CROSS__TO_SHOULDER__KNOWN_REPEAT__V9_SPACE__NONE	FRAME_CROSS__TO_SHOULDER__ARBITRARY_KNOWN__V9_SPACE__NONE	 shoulder to shoulder	 copper to shoulder	1	2	2	1	1	-4.12603	-4.113306	-4.079857	-3.920472	541	1888	1	0	1	to	ARBITRARY_DISTINCT	HELDOUT_FAMILIAR		
FRAME_CROSS__TO_SHOULDER__KNOWN_REPEAT__V9_SPACE__NONE__TO__ARBITRARY_REPEAT	WITHIN_CARRIER	FRAME_CROSS	TO_SHOULDER	V9_SPACE	KNOWN_REPEAT	ARBITRARY_REPEAT	FRAME_CROSS__TO_SHOULDER__KNOWN_REPEAT__V9_SPACE__NONE	FRAME_CROSS__TO_SHOULDER__ARBITRARY_REPEAT__V9_SPACE__NONE	 shoulder to shoulder	 copper to copper	1	2	2	1	1	-2.224122	-2.211399	-2.224122	-2.064738	541	1888	1	0	1	to	NOVEL_REPEAT	HELDOUT_FAMILIAR		
FRAME_CROSS__TO_SHOULDER__KNOWN_REPEAT__V9_SPACE__NONE__TO__ARBITRARY_DISTINCT	WITHIN_CARRIER	FRAME_CROSS	TO_SHOULDER	V9_SPACE	KNOWN_REPEAT	ARBITRARY_DISTINCT	FRAME_CROSS__TO_SHOULDER__KNOWN_REPEAT__V9_SPACE__NONE	FRAME_CROSS__TO_SHOULDER__ARBITRARY_DISTINCT__V9_SPACE__NONE	 shoulder to shoulder	 copper to garden	1	2	2	1	1	-4.248995	-4.236271	-4.079857	-3.920472	541	1888	1	0	1	to	NOVEL_DISTINCT	HELDOUT_FAMILIAR		
FRAME_CROSS__TO_SHOULDER__KNOWN_REPEAT__V9_SPACE__NONE__TO__KNOWN_NO_CONNECTOR	WITHIN_CARRIER	FRAME_CROSS	TO_SHOULDER	V9_SPACE	KNOWN_REPEAT	KNOWN_NO_CONNECTOR	FRAME_CROSS__TO_SHOULDER__KNOWN_REPEAT__V9_SPACE__NONE	FRAME_CROSS__TO_SHOULDER__KNOWN_NO_CONNECTOR__V9_SPACE__NONE	 shoulder to shoulder	 shoulder shoulder	0	2	1	1	1	-4.247862	-4.098189	-4.079857	-4.079857	541	1790	1	0	1	to	NO_CONNECTOR	HELDOUT_FAMILIAR		
FRAME_CROSS__TO_SHOULDER__KNOWN_REPEAT__V9_SPACE__NONE__TO__ARBITRARY_NO_CONNECTOR	WITHIN_CARRIER	FRAME_CROSS	TO_SHOULDER	V9_SPACE	KNOWN_REPEAT	ARBITRARY_NO_CONNECTOR	FRAME_CROSS__TO_SHOULDER__KNOWN_REPEAT__V9_SPACE__NONE	FRAME_CROSS__TO_SHOULDER__ARBITRARY_NO_CONNECTOR__V9_SPACE__NONE	 shoulder to shoulder	 copper copper	0	2	1	1	1	-4.236171	-4.127829	-4.079857	-3.920472	541	1888	1	0	1	to	NO_CONNECTOR	HELDOUT_FAMILIAR		
FRAME_CROSS__TO_SHOULDER__KNOWN_REPEAT__THE_PHRASE__NONE__TO__KNOWN_RELATED	WITHIN_CARRIER	FRAME_CROSS	TO_SHOULDER	THE_PHRASE	KNOWN_REPEAT	KNOWN_RELATED	FRAME_CROSS__TO_SHOULDER__KNOWN_REPEAT__THE_PHRASE__NONE	FRAME_CROSS__TO_SHOULDER__KNOWN_RELATED__THE_PHRASE__NONE	the phrase shoulder to shoulder	the phrase shoulder to knee	1	4	4	1	1	-2.058546	-2.058545	-2.058546	-1.535106	541	2073	1	0	1	to	RELATED_DISTINCT	HELDOUT_FAMILIAR		
FRAME_CROSS__TO_SHOULDER__KNOWN_REPEAT__THE_PHRASE__NONE__TO__KNOWN_ARBITRARY	WITHIN_CARRIER	FRAME_CROSS	TO_SHOULDER	THE_PHRASE	KNOWN_REPEAT	KNOWN_ARBITRARY	FRAME_CROSS__TO_SHOULDER__KNOWN_REPEAT__THE_PHRASE__NONE	FRAME_CROSS__TO_SHOULDER__KNOWN_ARBITRARY__THE_PHRASE__NONE	the phrase shoulder to shoulder	the phrase shoulder to garden	1	4	4	1	1	-4.104088	-4.104088	-4.104088	-3.580648	541	2073	1	0	1	to	ARBITRARY_DISTINCT	HELDOUT_FAMILIAR		
FRAME_CROSS__TO_SHOULDER__KNOWN_REPEAT__THE_PHRASE__NONE__TO__ARBITRARY_KNOWN	WITHIN_CARRIER	FRAME_CROSS	TO_SHOULDER	THE_PHRASE	KNOWN_REPEAT	ARBITRARY_KNOWN	FRAME_CROSS__TO_SHOULDER__KNOWN_REPEAT__THE_PHRASE__NONE	FRAME_CROSS__TO_SHOULDER__ARBITRARY_KNOWN__THE_PHRASE__NONE	the phrase shoulder to shoulder	the phrase copper to shoulder	1	4	4	1	1	-4.277615	-4.294255	-4.277615	-3.754175	541	2073	1	0	1	to	ARBITRARY_DISTINCT	HELDOUT_FAMILIAR		
FRAME_CROSS__TO_SHOULDER__KNOWN_REPEAT__THE_PHRASE__NONE__TO__ARBITRARY_REPEAT	WITHIN_CARRIER	FRAME_CROSS	TO_SHOULDER	THE_PHRASE	KNOWN_REPEAT	ARBITRARY_REPEAT	FRAME_CROSS__TO_SHOULDER__KNOWN_REPEAT__THE_PHRASE__NONE	FRAME_CROSS__TO_SHOULDER__ARBITRARY_REPEAT__THE_PHRASE__NONE	the phrase shoulder to shoulder	the phrase copper to copper	1	4	4	1	1	-2.504281	-2.520921	-2.504281	-1.980841	541	2073	1	0	1	to	NOVEL_REPEAT	HELDOUT_FAMILIAR		
FRAME_CROSS__TO_SHOULDER__KNOWN_REPEAT__THE_PHRASE__NONE__TO__ARBITRARY_DISTINCT	WITHIN_CARRIER	FRAME_CROSS	TO_SHOULDER	THE_PHRASE	KNOWN_REPEAT	ARBITRARY_DISTINCT	FRAME_CROSS__TO_SHOULDER__KNOWN_REPEAT__THE_PHRASE__NONE	FRAME_CROSS__TO_SHOULDER__ARBITRARY_DISTINCT__THE_PHRASE__NONE	the phrase shoulder to shoulder	the phrase copper to garden	1	4	4	1	1	-4.447679	-4.464319	-4.283345	-3.759905	541	2073	1	0	1	to	NOVEL_DISTINCT	HELDOUT_FAMILIAR		
FRAME_CROSS__TO_SHOULDER__KNOWN_REPEAT__THE_PHRASE__NONE__TO__KNOWN_NO_CONNECTOR	WITHIN_CARRIER	FRAME_CROSS	TO_SHOULDER	THE_PHRASE	KNOWN_REPEAT	KNOWN_NO_CONNECTOR	FRAME_CROSS__TO_SHOULDER__KNOWN_REPEAT__THE_PHRASE__NONE	FRAME_CROSS__TO_SHOULDER__KNOWN_NO_CONNECTOR__THE_PHRASE__NONE	the phrase shoulder to shoulder	the phrase shoulder shoulder	0	4	3	1	1	-4.451394	-4.381497	-4.283345	-3.759905	541	2073	1	0	1	to	NO_CONNECTOR	HELDOUT_FAMILIAR		
FRAME_CROSS__TO_SHOULDER__KNOWN_REPEAT__THE_PHRASE__NONE__TO__ARBITRARY_NO_CONNECTOR	WITHIN_CARRIER	FRAME_CROSS	TO_SHOULDER	THE_PHRASE	KNOWN_REPEAT	ARBITRARY_NO_CONNECTOR	FRAME_CROSS__TO_SHOULDER__KNOWN_REPEAT__THE_PHRASE__NONE	FRAME_CROSS__TO_SHOULDER__ARBITRARY_NO_CONNECTOR__THE_PHRASE__NONE	the phrase shoulder to shoulder	the phrase copper copper	0	4	3	1	1	-4.451826	-4.430514	-4.283345	-3.759905	541	2073	1	0	1	to	NO_CONNECTOR	HELDOUT_FAMILIAR		
FRAME_CROSS__TO_SHOULDER__KNOWN_REPEAT__THEY_SAID__NONE__TO__KNOWN_RELATED	WITHIN_CARRIER	FRAME_CROSS	TO_SHOULDER	THEY_SAID	KNOWN_REPEAT	KNOWN_RELATED	FRAME_CROSS__TO_SHOULDER__KNOWN_REPEAT__THEY_SAID__NONE	FRAME_CROSS__TO_SHOULDER__KNOWN_RELATED__THEY_SAID__NONE	they said shoulder to shoulder	they said shoulder to knee	1	4	4	1	1	-2.73035	-2.730349	-2.73035	-1.934058	541	419	1	0	1	to	RELATED_DISTINCT	HELDOUT_FAMILIAR		
FRAME_CROSS__TO_SHOULDER__KNOWN_REPEAT__THEY_SAID__NONE__TO__KNOWN_ARBITRARY	WITHIN_CARRIER	FRAME_CROSS	TO_SHOULDER	THEY_SAID	KNOWN_REPEAT	KNOWN_ARBITRARY	FRAME_CROSS__TO_SHOULDER__KNOWN_REPEAT__THEY_SAID__NONE	FRAME_CROSS__TO_SHOULDER__KNOWN_ARBITRARY__THEY_SAID__NONE	they said shoulder to shoulder	they said shoulder to garden	1	4	4	1	1	-4.769672	-4.769672	-4.702537	-3.906246	541	419	1	0	1	to	ARBITRARY_DISTINCT	HELDOUT_FAMILIAR		
FRAME_CROSS__TO_SHOULDER__KNOWN_REPEAT__THEY_SAID__NONE__TO__ARBITRARY_KNOWN	WITHIN_CARRIER	FRAME_CROSS	TO_SHOULDER	THEY_SAID	KNOWN_REPEAT	ARBITRARY_KNOWN	FRAME_CROSS__TO_SHOULDER__KNOWN_REPEAT__THEY_SAID__NONE	FRAME_CROSS__TO_SHOULDER__ARBITRARY_KNOWN__THEY_SAID__NONE	they said shoulder to shoulder	they said copper to shoulder	1	4	4	1	1	-4.85174	-4.85158	-4.702537	-3.233511	541	1790	1	0	1	to	ARBITRARY_DISTINCT	HELDOUT_FAMILIAR		
FRAME_CROSS__TO_SHOULDER__KNOWN_REPEAT__THEY_SAID__NONE__TO__ARBITRARY_REPEAT	WITHIN_CARRIER	FRAME_CROSS	TO_SHOULDER	THEY_SAID	KNOWN_REPEAT	ARBITRARY_REPEAT	FRAME_CROSS__TO_SHOULDER__KNOWN_REPEAT__THEY_SAID__NONE	FRAME_CROSS__TO_SHOULDER__ARBITRARY_REPEAT__THEY_SAID__NONE	they said shoulder to shoulder	they said copper to copper	1	4	4	1	1	-2.844849	-2.844689	-2.844849	-1.518691	541	2566	1	0	1	to	NOVEL_REPEAT	HELDOUT_FAMILIAR		
FRAME_CROSS__TO_SHOULDER__KNOWN_REPEAT__THEY_SAID__NONE__TO__ARBITRARY_DISTINCT	WITHIN_CARRIER	FRAME_CROSS	TO_SHOULDER	THEY_SAID	KNOWN_REPEAT	ARBITRARY_DISTINCT	FRAME_CROSS__TO_SHOULDER__KNOWN_REPEAT__THEY_SAID__NONE	FRAME_CROSS__TO_SHOULDER__ARBITRARY_DISTINCT__THEY_SAID__NONE	they said shoulder to shoulder	they said copper to garden	1	4	4	1	1	-4.863037	-4.862877	-4.702537	-2.999135	541	1790	1	0	1	to	NOVEL_DISTINCT	HELDOUT_FAMILIAR		
FRAME_CROSS__TO_SHOULDER__KNOWN_REPEAT__THEY_SAID__NONE__TO__KNOWN_NO_CONNECTOR	WITHIN_CARRIER	FRAME_CROSS	TO_SHOULDER	THEY_SAID	KNOWN_REPEAT	KNOWN_NO_CONNECTOR	FRAME_CROSS__TO_SHOULDER__KNOWN_REPEAT__THEY_SAID__NONE	FRAME_CROSS__TO_SHOULDER__KNOWN_NO_CONNECTOR__THEY_SAID__NONE	they said shoulder to shoulder	they said shoulder shoulder	0	4	3	1	1	-4.87236	-4.79594	-4.702537	-3.261656	541	1790	1	0	1	to	NO_CONNECTOR	HELDOUT_FAMILIAR		
FRAME_CROSS__TO_SHOULDER__KNOWN_REPEAT__THEY_SAID__NONE__TO__ARBITRARY_NO_CONNECTOR	WITHIN_CARRIER	FRAME_CROSS	TO_SHOULDER	THEY_SAID	KNOWN_REPEAT	ARBITRARY_NO_CONNECTOR	FRAME_CROSS__TO_SHOULDER__KNOWN_REPEAT__THEY_SAID__NONE	FRAME_CROSS__TO_SHOULDER__ARBITRARY_NO_CONNECTOR__THEY_SAID__NONE	they said shoulder to shoulder	they said copper copper	0	4	3	1	1	-4.849782	-4.785897	-4.702537	-2.919701	541	2566	1	0	1	to	NO_CONNECTOR	HELDOUT_FAMILIAR		
REPEAT_CONNECTOR__TO_SHOULDER__TO__BARE__NONE__TO__AND	WITHIN_CARRIER	REPEAT_CONNECTOR	TO_SHOULDER	BARE	TO	AND	REPEAT_CONNECTOR__TO_SHOULDER__TO__BARE__NONE	REPEAT_CONNECTOR__TO_SHOULDER__AND__BARE__NONE	shoulder to shoulder	shoulder and shoulder	1	3	3	1	1	-0.823656	-0.813927	-0.823656	-1.359868	541	2659	1	0	1	to	KNOWN_REPEAT	HELDOUT_FAMILIAR		
REPEAT_CONNECTOR__TO_SHOULDER__TO__BARE__NONE__TO__OR	WITHIN_CARRIER	REPEAT_CONNECTOR	TO_SHOULDER	BARE	TO	OR	REPEAT_CONNECTOR__TO_SHOULDER__TO__BARE__NONE	REPEAT_CONNECTOR__TO_SHOULDER__OR__BARE__NONE	shoulder to shoulder	shoulder or shoulder	1	3	3	1	1	-0.745627	-0.747498	-0.745627	-1.24268	541	2659	1	0	1	to	KNOWN_REPEAT	HELDOUT_FAMILIAR		
REPEAT_CONNECTOR__TO_SHOULDER__TO__BARE__NONE__TO__BY	WITHIN_CARRIER	REPEAT_CONNECTOR	TO_SHOULDER	BARE	TO	BY	REPEAT_CONNECTOR__TO_SHOULDER__TO__BARE__NONE	REPEAT_CONNECTOR__TO_SHOULDER__BY__BARE__NONE	shoulder to shoulder	shoulder by shoulder	1	3	3	1	1	-0.732113	-0.694945	-0.732113	-0.138037	541	1790	1	0	1	to	KNOWN_REPEAT	HELDOUT_FAMILIAR		
REPEAT_CONNECTOR__TO_SHOULDER__TO__BARE__NONE__TO__AFTER	WITHIN_CARRIER	REPEAT_CONNECTOR	TO_SHOULDER	BARE	TO	AFTER	REPEAT_CONNECTOR__TO_SHOULDER__TO__BARE__NONE	REPEAT_CONNECTOR__TO_SHOULDER__AFTER__BARE__NONE	shoulder to shoulder	shoulder after shoulder	1	3	3	1	1	-2.117566	-2.090365	-2.117566	-1.523489	541	1790	1	0	1	to	KNOWN_REPEAT	HELDOUT_FAMILIAR		
REPEAT_CONNECTOR__TO_SHOULDER__TO__V9_SPACE__NONE__TO__AND	WITHIN_CARRIER	REPEAT_CONNECTOR	TO_SHOULDER	V9_SPACE	TO	AND	REPEAT_CONNECTOR__TO_SHOULDER__TO__V9_SPACE__NONE	REPEAT_CONNECTOR__TO_SHOULDER__AND__V9_SPACE__NONE	 shoulder to shoulder	 shoulder and shoulder	1	2	2	1	1	-0.663134	-0.639599	-0.663134	-1.448135	541	2659	1	0	1	to	KNOWN_REPEAT	HELDOUT_FAMILIAR		
REPEAT_CONNECTOR__TO_SHOULDER__TO__V9_SPACE__NONE__TO__OR	WITHIN_CARRIER	REPEAT_CONNECTOR	TO_SHOULDER	V9_SPACE	TO	OR	REPEAT_CONNECTOR__TO_SHOULDER__TO__V9_SPACE__NONE	REPEAT_CONNECTOR__TO_SHOULDER__OR__V9_SPACE__NONE	 shoulder to shoulder	 shoulder or shoulder	1	2	2	1	1	-1.286823	-1.296119	-1.286823	-1.735536	541	2659	1	0	1	to	KNOWN_REPEAT	HELDOUT_FAMILIAR		
REPEAT_CONNECTOR__TO_SHOULDER__TO__V9_SPACE__NONE__TO__BY	WITHIN_CARRIER	REPEAT_CONNECTOR	TO_SHOULDER	V9_SPACE	TO	BY	REPEAT_CONNECTOR__TO_SHOULDER__TO__V9_SPACE__NONE	REPEAT_CONNECTOR__TO_SHOULDER__BY__V9_SPACE__NONE	 shoulder to shoulder	 shoulder by shoulder	1	2	2	1	1	-0.135669	-0.03503	-0.135669	-0.13567	541	541	1	1	0	to	KNOWN_REPEAT	HELDOUT_FAMILIAR		
REPEAT_CONNECTOR__TO_SHOULDER__TO__V9_SPACE__NONE__TO__AFTER	WITHIN_CARRIER	REPEAT_CONNECTOR	TO_SHOULDER	V9_SPACE	TO	AFTER	REPEAT_CONNECTOR__TO_SHOULDER__TO__V9_SPACE__NONE	REPEAT_CONNECTOR__TO_SHOULDER__AFTER__V9_SPACE__NONE	 shoulder to shoulder	 shoulder after shoulder	1	2	2	1	1	-1.34803	-1.306681	-1.34803	-1.348031	541	1790	1	0	1	to	KNOWN_REPEAT	HELDOUT_FAMILIAR		
REPEAT_CONNECTOR__TO_SHOULDER__TO__THE_PHRASE__NONE__TO__AND	WITHIN_CARRIER	REPEAT_CONNECTOR	TO_SHOULDER	THE_PHRASE	TO	AND	REPEAT_CONNECTOR__TO_SHOULDER__TO__THE_PHRASE__NONE	REPEAT_CONNECTOR__TO_SHOULDER__AND__THE_PHRASE__NONE	the phrase shoulder to shoulder	the phrase shoulder and shoulder	1	4	4	1	1	-1.221315	-1.230027	-1.221315	-1.725908	541	2659	1	0	1	to	KNOWN_REPEAT	HELDOUT_FAMILIAR		
REPEAT_CONNECTOR__TO_SHOULDER__TO__THE_PHRASE__NONE__TO__OR	WITHIN_CARRIER	REPEAT_CONNECTOR	TO_SHOULDER	THE_PHRASE	TO	OR	REPEAT_CONNECTOR__TO_SHOULDER__TO__THE_PHRASE__NONE	REPEAT_CONNECTOR__TO_SHOULDER__OR__THE_PHRASE__NONE	the phrase shoulder to shoulder	the phrase shoulder or shoulder	1	4	4	1	1	-1.858806	-1.881349	-1.858806	-2.068618	541	2659	1	0	1	to	KNOWN_REPEAT	HELDOUT_FAMILIAR		
REPEAT_CONNECTOR__TO_SHOULDER__TO__THE_PHRASE__NONE__TO__BY	WITHIN_CARRIER	REPEAT_CONNECTOR	TO_SHOULDER	THE_PHRASE	TO	BY	REPEAT_CONNECTOR__TO_SHOULDER__TO__THE_PHRASE__NONE	REPEAT_CONNECTOR__TO_SHOULDER__BY__THE_PHRASE__NONE	the phrase shoulder to shoulder	the phrase shoulder by shoulder	1	4	4	1	1	-0.761932	-0.702343	-0.761932	-0.238492	541	541	1	1	0	to	KNOWN_REPEAT	HELDOUT_FAMILIAR		
REPEAT_CONNECTOR__TO_SHOULDER__TO__THE_PHRASE__NONE__TO__AFTER	WITHIN_CARRIER	REPEAT_CONNECTOR	TO_SHOULDER	THE_PHRASE	TO	AFTER	REPEAT_CONNECTOR__TO_SHOULDER__TO__THE_PHRASE__NONE	REPEAT_CONNECTOR__TO_SHOULDER__AFTER__THE_PHRASE__NONE	the phrase shoulder to shoulder	the phrase shoulder after shoulder	1	4	4	1	1	-1.669235	-1.648313	-1.669235	-1.145795	541	2073	1	0	1	to	KNOWN_REPEAT	HELDOUT_FAMILIAR		
REPEAT_CONNECTOR__TO_SHOULDER__TO__THEY_SAID__NONE__TO__AND	WITHIN_CARRIER	REPEAT_CONNECTOR	TO_SHOULDER	THEY_SAID	TO	AND	REPEAT_CONNECTOR__TO_SHOULDER__TO__THEY_SAID__NONE	REPEAT_CONNECTOR__TO_SHOULDER__AND__THEY_SAID__NONE	they said shoulder to shoulder	they said shoulder and shoulder	1	4	4	1	1	-1.110301	-1.099904	-1.110301	-1.82405	541	2659	1	0	1	to	KNOWN_REPEAT	HELDOUT_FAMILIAR		
REPEAT_CONNECTOR__TO_SHOULDER__TO__THEY_SAID__NONE__TO__OR	WITHIN_CARRIER	REPEAT_CONNECTOR	TO_SHOULDER	THEY_SAID	TO	OR	REPEAT_CONNECTOR__TO_SHOULDER__TO__THEY_SAID__NONE	REPEAT_CONNECTOR__TO_SHOULDER__OR__THEY_SAID__NONE	they said shoulder to shoulder	they said shoulder or shoulder	1	4	4	1	1	-1.993978	-1.998503	-1.993978	-2.147367	541	2659	1	0	1	to	KNOWN_REPEAT	HELDOUT_FAMILIAR		
REPEAT_CONNECTOR__TO_SHOULDER__TO__THEY_SAID__NONE__TO__BY	WITHIN_CARRIER	REPEAT_CONNECTOR	TO_SHOULDER	THEY_SAID	TO	BY	REPEAT_CONNECTOR__TO_SHOULDER__TO__THEY_SAID__NONE	REPEAT_CONNECTOR__TO_SHOULDER__BY__THEY_SAID__NONE	they said shoulder to shoulder	they said shoulder by shoulder	1	4	4	1	1	-0.670812	-0.639448	-0.670812	0.038235	541	541	1	1	0	to	KNOWN_REPEAT	HELDOUT_FAMILIAR		
REPEAT_CONNECTOR__TO_SHOULDER__TO__THEY_SAID__NONE__TO__AFTER	WITHIN_CARRIER	REPEAT_CONNECTOR	TO_SHOULDER	THEY_SAID	TO	AFTER	REPEAT_CONNECTOR__TO_SHOULDER__TO__THEY_SAID__NONE	REPEAT_CONNECTOR__TO_SHOULDER__AFTER__THEY_SAID__NONE	they said shoulder to shoulder	they said shoulder after shoulder	1	4	4	1	1	-1.489709	-1.475817	-1.489709	-0.202202	541	541	1	1	0	to	KNOWN_REPEAT	HELDOUT_FAMILIAR		
PRONOMINAL_RECURRENCE__PRONOMINAL__ONE_AFTER_ANOTHER__BARE__NONE__TO__ONE_AFTER_THE_OTHER	WITHIN_CARRIER	PRONOMINAL_RECURRENCE	PRONOMINAL	BARE	ONE_AFTER_ANOTHER	ONE_AFTER_THE_OTHER	PRONOMINAL_RECURRENCE__PRONOMINAL__ONE_AFTER_ANOTHER__BARE__NONE	PRONOMINAL_RECURRENCE__PRONOMINAL__ONE_AFTER_THE_OTHER__BARE__NONE	one after another	one after the other	0	2	3	1	1	-1.033968	-0.92786	-1.033968	-0.385107	541	541	1	1	0	after	PRONOMINAL_RECURRENCE	V9_ATTESTED		
PRONOMINAL_RECURRENCE__PRONOMINAL__ONE_AFTER_ANOTHER__BARE__NONE__TO__ONE_AFTER_ONE	WITHIN_CARRIER	PRONOMINAL_RECURRENCE	PRONOMINAL	BARE	ONE_AFTER_ANOTHER	ONE_AFTER_ONE	PRONOMINAL_RECURRENCE__PRONOMINAL__ONE_AFTER_ANOTHER__BARE__NONE	PRONOMINAL_RECURRENCE__PRONOMINAL__ONE_AFTER_ONE__BARE__NONE	one after another	one after one	1	2	2	1	1	-1.892489	-1.892489	-1.892489	-1.243627	541	1888	1	0	1	after	PRONOMINAL_RECURRENCE	CONTROL		
PRONOMINAL_RECURRENCE__PRONOMINAL__ONE_AFTER_ANOTHER__BARE__NONE__TO__ONE_AND_ANOTHER	WITHIN_CARRIER	PRONOMINAL_RECURRENCE	PRONOMINAL	BARE	ONE_AFTER_ANOTHER	ONE_AND_ANOTHER	PRONOMINAL_RECURRENCE__PRONOMINAL__ONE_AFTER_ANOTHER__BARE__NONE	PRONOMINAL_RECURRENCE__PRONOMINAL__ONE_AND_ANOTHER__BARE__NONE	one after another	one and another	1	2	2	1	1	-1.667864	-1.711518	-1.667864	-1.019002	541	541	1	1	0	after	PRONOMINAL_RECURRENCE	CONTROL		
PRONOMINAL_RECURRENCE__PRONOMINAL__ONE_AFTER_ANOTHER__BARE__NONE__TO__ONE_ANOTHER	WITHIN_CARRIER	PRONOMINAL_RECURRENCE	PRONOMINAL	BARE	ONE_AFTER_ANOTHER	ONE_ANOTHER	PRONOMINAL_RECURRENCE__PRONOMINAL__ONE_AFTER_ANOTHER__BARE__NONE	PRONOMINAL_RECURRENCE__PRONOMINAL__ONE_ANOTHER__BARE__NONE	one after another	one another	0	2	1	1	1	-4.56837	-4.5777	-4.56837	-3.919508	541	1888	1	0	1	after	PRONOMINAL_RECURRENCE	CONTROL		
PRONOMINAL_RECURRENCE__PRONOMINAL__ONE_AFTER_ANOTHER__BARE__NONE__TO__GRAVEL_AFTER_ANOTHER	WITHIN_CARRIER	PRONOMINAL_RECURRENCE	PRONOMINAL	BARE	ONE_AFTER_ANOTHER	GRAVEL_AFTER_ANOTHER	PRONOMINAL_RECURRENCE__PRONOMINAL__ONE_AFTER_ANOTHER__BARE__NONE	PRONOMINAL_RECURRENCE__PRONOMINAL__GRAVEL_AFTER_ANOTHER__BARE__NONE	one after another	gravel after another	0	2	3	1	1	-4.517566	-4.534475	-4.517566	-3.966267	541	1888	1	0	1	after	PRONOMINAL_RECURRENCE	CONTROL		
PRONOMINAL_RECURRENCE__PRONOMINAL__ONE_AFTER_ANOTHER__V9_SPACE__NONE__TO__ONE_AFTER_THE_OTHER	WITHIN_CARRIER	PRONOMINAL_RECURRENCE	PRONOMINAL	V9_SPACE	ONE_AFTER_ANOTHER	ONE_AFTER_THE_OTHER	PRONOMINAL_RECURRENCE__PRONOMINAL__ONE_AFTER_ANOTHER__V9_SPACE__NONE	PRONOMINAL_RECURRENCE__PRONOMINAL__ONE_AFTER_THE_OTHER__V9_SPACE__NONE	 one after another	 one after the other	0	2	3	1	1	0.143895	0.193532	0.143895	0.143896	541	541	1	1	0	after	PRONOMINAL_RECURRENCE	V9_ATTESTED		
PRONOMINAL_RECURRENCE__PRONOMINAL__ONE_AFTER_ANOTHER__V9_SPACE__NONE__TO__ONE_AFTER_ONE	WITHIN_CARRIER	PRONOMINAL_RECURRENCE	PRONOMINAL	V9_SPACE	ONE_AFTER_ANOTHER	ONE_AFTER_ONE	PRONOMINAL_RECURRENCE__PRONOMINAL__ONE_AFTER_ANOTHER__V9_SPACE__NONE	PRONOMINAL_RECURRENCE__PRONOMINAL__ONE_AFTER_ONE__V9_SPACE__NONE	 one after another	 one after one	1	2	2	1	1	0.639779	0.639779	0.639779	0.639779	541	541	1	1	0	after	PRONOMINAL_RECURRENCE	CONTROL		
PRONOMINAL_RECURRENCE__PRONOMINAL__ONE_AFTER_ANOTHER__V9_SPACE__NONE__TO__ONE_AND_ANOTHER	WITHIN_CARRIER	PRONOMINAL_RECURRENCE	PRONOMINAL	V9_SPACE	ONE_AFTER_ANOTHER	ONE_AND_ANOTHER	PRONOMINAL_RECURRENCE__PRONOMINAL__ONE_AFTER_ANOTHER__V9_SPACE__NONE	PRONOMINAL_RECURRENCE__PRONOMINAL__ONE_AND_ANOTHER__V9_SPACE__NONE	 one after another	 one and another	1	2	2	1	1	-1.64278	-1.689696	-1.64278	-1.642779	541	1888	1	0	1	after	PRONOMINAL_RECURRENCE	CONTROL		
PRONOMINAL_RECURRENCE__PRONOMINAL__ONE_AFTER_ANOTHER__V9_SPACE__NONE__TO__ONE_ANOTHER	WITHIN_CARRIER	PRONOMINAL_RECURRENCE	PRONOMINAL	V9_SPACE	ONE_AFTER_ANOTHER	ONE_ANOTHER	PRONOMINAL_RECURRENCE__PRONOMINAL__ONE_AFTER_ANOTHER__V9_SPACE__NONE	PRONOMINAL_RECURRENCE__PRONOMINAL__ONE_ANOTHER__V9_SPACE__NONE	 one after another	 one another	0	2	1	1	1	-3.829196	-3.787267	-3.801007	-3.801008	541	1888	1	0	1	after	PRONOMINAL_RECURRENCE	CONTROL		
PRONOMINAL_RECURRENCE__PRONOMINAL__ONE_AFTER_ANOTHER__V9_SPACE__NONE__TO__GRAVEL_AFTER_ANOTHER	WITHIN_CARRIER	PRONOMINAL_RECURRENCE	PRONOMINAL	V9_SPACE	ONE_AFTER_ANOTHER	GRAVEL_AFTER_ANOTHER	PRONOMINAL_RECURRENCE__PRONOMINAL__ONE_AFTER_ANOTHER__V9_SPACE__NONE	PRONOMINAL_RECURRENCE__PRONOMINAL__GRAVEL_AFTER_ANOTHER__V9_SPACE__NONE	 one after another	 gravel after another	1	2	2	1	1	-3.803413	-3.824878	-3.801007	-3.739682	541	1888	1	0	1	after	PRONOMINAL_RECURRENCE	CONTROL		
PRONOMINAL_RECURRENCE__PRONOMINAL__ONE_AFTER_ANOTHER__THE_PHRASE__NONE__TO__ONE_AFTER_THE_OTHER	WITHIN_CARRIER	PRONOMINAL_RECURRENCE	PRONOMINAL	THE_PHRASE	ONE_AFTER_ANOTHER	ONE_AFTER_THE_OTHER	PRONOMINAL_RECURRENCE__PRONOMINAL__ONE_AFTER_ANOTHER__THE_PHRASE__NONE	PRONOMINAL_RECURRENCE__PRONOMINAL__ONE_AFTER_THE_OTHER__THE_PHRASE__NONE	the phrase one after another	the phrase one after the other	0	4	5	1	1	-0.096172	-0.109319	-0.096172	-0.096172	541	541	1	1	0	after	PRONOMINAL_RECURRENCE	V9_ATTESTED		
PRONOMINAL_RECURRENCE__PRONOMINAL__ONE_AFTER_ANOTHER__THE_PHRASE__NONE__TO__ONE_AFTER_ONE	WITHIN_CARRIER	PRONOMINAL_RECURRENCE	PRONOMINAL	THE_PHRASE	ONE_AFTER_ANOTHER	ONE_AFTER_ONE	PRONOMINAL_RECURRENCE__PRONOMINAL__ONE_AFTER_ANOTHER__THE_PHRASE__NONE	PRONOMINAL_RECURRENCE__PRONOMINAL__ONE_AFTER_ONE__THE_PHRASE__NONE	the phrase one after another	the phrase one after one	1	4	4	1	1	0.405019	0.405019	0.405019	0.405019	541	541	1	1	0	after	PRONOMINAL_RECURRENCE	CONTROL		
PRONOMINAL_RECURRENCE__PRONOMINAL__ONE_AFTER_ANOTHER__THE_PHRASE__NONE__TO__ONE_AND_ANOTHER	WITHIN_CARRIER	PRONOMINAL_RECURRENCE	PRONOMINAL	THE_PHRASE	ONE_AFTER_ANOTHER	ONE_AND_ANOTHER	PRONOMINAL_RECURRENCE__PRONOMINAL__ONE_AFTER_ANOTHER__THE_PHRASE__NONE	PRONOMINAL_RECURRENCE__PRONOMINAL__ONE_AND_ANOTHER__THE_PHRASE__NONE	the phrase one after another	the phrase one and another	1	4	4	1	1	-1.399805	-1.467739	-1.399805	-1.399805	541	2073	1	0	1	after	PRONOMINAL_RECURRENCE	CONTROL		
PRONOMINAL_RECURRENCE__PRONOMINAL__ONE_AFTER_ANOTHER__THE_PHRASE__NONE__TO__ONE_ANOTHER	WITHIN_CARRIER	PRONOMINAL_RECURRENCE	PRONOMINAL	THE_PHRASE	ONE_AFTER_ANOTHER	ONE_ANOTHER	PRONOMINAL_RECURRENCE__PRONOMINAL__ONE_AFTER_ANOTHER__THE_PHRASE__NONE	PRONOMINAL_RECURRENCE__PRONOMINAL__ONE_ANOTHER__THE_PHRASE__NONE	the phrase one after another	the phrase one another	0	4	3	1	1	-4.014681	-4.087651	-3.852502	-3.852502	541	2073	1	0	1	after	PRONOMINAL_RECURRENCE	CONTROL		
PRONOMINAL_RECURRENCE__PRONOMINAL__ONE_AFTER_ANOTHER__THE_PHRASE__NONE__TO__GRAVEL_AFTER_ANOTHER	WITHIN_CARRIER	PRONOMINAL_RECURRENCE	PRONOMINAL	THE_PHRASE	ONE_AFTER_ANOTHER	GRAVEL_AFTER_ANOTHER	PRONOMINAL_RECURRENCE__PRONOMINAL__ONE_AFTER_ANOTHER__THE_PHRASE__NONE	PRONOMINAL_RECURRENCE__PRONOMINAL__GRAVEL_AFTER_ANOTHER__THE_PHRASE__NONE	the phrase one after another	the phrase gravel after another	1	4	4	1	1	-3.750529	-3.815736	-3.750529	-3.750529	541	2073	1	0	1	after	PRONOMINAL_RECURRENCE	CONTROL		
PRONOMINAL_RECURRENCE__PRONOMINAL__ONE_AFTER_ANOTHER__THEY_SAID__NONE__TO__ONE_AFTER_THE_OTHER	WITHIN_CARRIER	PRONOMINAL_RECURRENCE	PRONOMINAL	THEY_SAID	ONE_AFTER_ANOTHER	ONE_AFTER_THE_OTHER	PRONOMINAL_RECURRENCE__PRONOMINAL__ONE_AFTER_ANOTHER__THEY_SAID__NONE	PRONOMINAL_RECURRENCE__PRONOMINAL__ONE_AFTER_THE_OTHER__THEY_SAID__NONE	they said one after another	they said one after the other	0	4	5	1	1	-0.359688	-0.245928	-0.359688	-0.111227	541	541	1	1	0	after	PRONOMINAL_RECURRENCE	V9_ATTESTED		
PRONOMINAL_RECURRENCE__PRONOMINAL__ONE_AFTER_ANOTHER__THEY_SAID__NONE__TO__ONE_AFTER_ONE	WITHIN_CARRIER	PRONOMINAL_RECURRENCE	PRONOMINAL	THEY_SAID	ONE_AFTER_ANOTHER	ONE_AFTER_ONE	PRONOMINAL_RECURRENCE__PRONOMINAL__ONE_AFTER_ANOTHER__THEY_SAID__NONE	PRONOMINAL_RECURRENCE__PRONOMINAL__ONE_AFTER_ONE__THEY_SAID__NONE	they said one after another	they said one after one	1	4	4	1	1	0.195109	0.195109	0.195109	0.276766	541	541	1	1	0	after	PRONOMINAL_RECURRENCE	CONTROL		
PRONOMINAL_RECURRENCE__PRONOMINAL__ONE_AFTER_ANOTHER__THEY_SAID__NONE__TO__ONE_AND_ANOTHER	WITHIN_CARRIER	PRONOMINAL_RECURRENCE	PRONOMINAL	THEY_SAID	ONE_AFTER_ANOTHER	ONE_AND_ANOTHER	PRONOMINAL_RECURRENCE__PRONOMINAL__ONE_AFTER_ANOTHER__THEY_SAID__NONE	PRONOMINAL_RECURRENCE__PRONOMINAL__ONE_AND_ANOTHER__THEY_SAID__NONE	they said one after another	they said one and another	1	4	4	1	1	-1.488283	-1.515362	-1.488283	-1.282355	541	541	1	1	0	after	PRONOMINAL_RECURRENCE	CONTROL		
PRONOMINAL_RECURRENCE__PRONOMINAL__ONE_AFTER_ANOTHER__THEY_SAID__NONE__TO__ONE_ANOTHER	WITHIN_CARRIER	PRONOMINAL_RECURRENCE	PRONOMINAL	THEY_SAID	ONE_AFTER_ANOTHER	ONE_ANOTHER	PRONOMINAL_RECURRENCE__PRONOMINAL__ONE_AFTER_ANOTHER__THEY_SAID__NONE	PRONOMINAL_RECURRENCE__PRONOMINAL__ONE_ANOTHER__THEY_SAID__NONE	they said one after another	they said one another	0	4	3	1	1	-4.160978	-4.180884	-3.992404	-3.669734	541	2807	1	0	1	after	PRONOMINAL_RECURRENCE	CONTROL		
PRONOMINAL_RECURRENCE__PRONOMINAL__ONE_AFTER_ANOTHER__THEY_SAID__NONE__TO__GRAVEL_AFTER_ANOTHER	WITHIN_CARRIER	PRONOMINAL_RECURRENCE	PRONOMINAL	THEY_SAID	ONE_AFTER_ANOTHER	GRAVEL_AFTER_ANOTHER	PRONOMINAL_RECURRENCE__PRONOMINAL__ONE_AFTER_ANOTHER__THEY_SAID__NONE	PRONOMINAL_RECURRENCE__PRONOMINAL__GRAVEL_AFTER_ANOTHER__THEY_SAID__NONE	they said one after another	they said gravel after another	1	4	4	1	1	-4.086926	-4.113667	-3.992404	-3.649623	541	2256	1	0	1	after	PRONOMINAL_RECURRENCE	CONTROL		
FRAME_CROSS__AFTER_WAVE__KNOWN_REPEAT__BARE__NONE__TO__V9_SPACE	CARRIER_VS_BARE	FRAME_CROSS	AFTER_WAVE	V9_SPACE	BARE	V9_SPACE	FRAME_CROSS__AFTER_WAVE__KNOWN_REPEAT__BARE__NONE	FRAME_CROSS__AFTER_WAVE__KNOWN_REPEAT__V9_SPACE__NONE	wave after wave	 wave after wave	0	2	2	1	1	0.177503	0.167614	0.177503	-0.207697	1888	1888	0	0	0	after	KNOWN_REPEAT	V9_ATTESTED	1	1
FRAME_CROSS__AFTER_WAVE__KNOWN_REPEAT__BARE__NONE__TO__THE_PHRASE	CARRIER_VS_BARE	FRAME_CROSS	AFTER_WAVE	THE_PHRASE	BARE	THE_PHRASE	FRAME_CROSS__AFTER_WAVE__KNOWN_REPEAT__BARE__NONE	FRAME_CROSS__AFTER_WAVE__KNOWN_REPEAT__THE_PHRASE__NONE	wave after wave	the phrase wave after wave	0	2	4	1	1	-0.263315	-0.276951	-0.263315	-0.265017	1888	2073	0	0	0	after	KNOWN_REPEAT	V9_ATTESTED	1	1
FRAME_CROSS__AFTER_WAVE__KNOWN_REPEAT__BARE__NONE__TO__THEY_SAID	CARRIER_VS_BARE	FRAME_CROSS	AFTER_WAVE	THEY_SAID	BARE	THEY_SAID	FRAME_CROSS__AFTER_WAVE__KNOWN_REPEAT__BARE__NONE	FRAME_CROSS__AFTER_WAVE__KNOWN_REPEAT__THEY_SAID__NONE	wave after wave	they said wave after wave	0	2	4	1	1	0.484118	0.453103	0.484118	0.91781	1888	541	0	1	1	after	KNOWN_REPEAT	V9_ATTESTED	1	1
FRAME_CROSS__AFTER_WAVE__KNOWN_RELATED__BARE__NONE__TO__V9_SPACE	CARRIER_VS_BARE	FRAME_CROSS	AFTER_WAVE	V9_SPACE	BARE	V9_SPACE	FRAME_CROSS__AFTER_WAVE__KNOWN_RELATED__BARE__NONE	FRAME_CROSS__AFTER_WAVE__KNOWN_RELATED__V9_SPACE__NONE	wave after tide	 wave after tide	0	2	2	1	1	-0.452051	-0.461939	-0.452051	-0.837251	1888	1888	0	0	0	after	RELATED_DISTINCT	V9_ATTESTED	1	1
FRAME_CROSS__AFTER_WAVE__KNOWN_RELATED__BARE__NONE__TO__THE_PHRASE	CARRIER_VS_BARE	FRAME_CROSS	AFTER_WAVE	THE_PHRASE	BARE	THE_PHRASE	FRAME_CROSS__AFTER_WAVE__KNOWN_RELATED__BARE__NONE	FRAME_CROSS__AFTER_WAVE__KNOWN_RELATED__THE_PHRASE__NONE	wave after tide	the phrase wave after tide	0	2	4	1	1	-0.079231	-0.092866	-0.079231	-0.080933	1888	2073	0	0	0	after	RELATED_DISTINCT	V9_ATTESTED	1	1
FRAME_CROSS__AFTER_WAVE__KNOWN_RELATED__BARE__NONE__TO__THEY_SAID	CARRIER_VS_BARE	FRAME_CROSS	AFTER_WAVE	THEY_SAID	BARE	THEY_SAID	FRAME_CROSS__AFTER_WAVE__KNOWN_RELATED__BARE__NONE	FRAME_CROSS__AFTER_WAVE__KNOWN_RELATED__THEY_SAID__NONE	wave after tide	they said wave after tide	0	2	4	1	1	0.363192	0.332179	0.363192	0.796885	1888	419	0	0	0	after	RELATED_DISTINCT	V9_ATTESTED	1	1
FRAME_CROSS__AFTER_WAVE__KNOWN_ARBITRARY__BARE__NONE__TO__V9_SPACE	CARRIER_VS_BARE	FRAME_CROSS	AFTER_WAVE	V9_SPACE	BARE	V9_SPACE	FRAME_CROSS__AFTER_WAVE__KNOWN_ARBITRARY__BARE__NONE	FRAME_CROSS__AFTER_WAVE__KNOWN_ARBITRARY__V9_SPACE__NONE	wave after window	 wave after window	0	2	2	1	1	-0.654157	-0.664047	-0.654157	-1.039357	1888	1888	0	0	0	after	ARBITRARY_DISTINCT	V9_ATTESTED	1	1
FRAME_CROSS__AFTER_WAVE__KNOWN_ARBITRARY__BARE__NONE__TO__THE_PHRASE	CARRIER_VS_BARE	FRAME_CROSS	AFTER_WAVE	THE_PHRASE	BARE	THE_PHRASE	FRAME_CROSS__AFTER_WAVE__KNOWN_ARBITRARY__BARE__NONE	FRAME_CROSS__AFTER_WAVE__KNOWN_ARBITRARY__THE_PHRASE__NONE	wave after window	the phrase wave after window	0	2	4	1	1	-0.386581	-0.400217	-0.386581	-0.388283	1888	2073	0	0	0	after	ARBITRARY_DISTINCT	V9_ATTESTED	1	1
FRAME_CROSS__AFTER_WAVE__KNOWN_ARBITRARY__BARE__NONE__TO__THEY_SAID	CARRIER_VS_BARE	FRAME_CROSS	AFTER_WAVE	THEY_SAID	BARE	THEY_SAID	FRAME_CROSS__AFTER_WAVE__KNOWN_ARBITRARY__BARE__NONE	FRAME_CROSS__AFTER_WAVE__KNOWN_ARBITRARY__THEY_SAID__NONE	wave after window	they said wave after window	0	2	4	1	1	-0.610882	-0.641897	-0.610882	-0.177189	1888	419	0	0	0	after	ARBITRARY_DISTINCT	V9_ATTESTED	1	1
FRAME_CROSS__AFTER_WAVE__ARBITRARY_KNOWN__BARE__NONE__TO__V9_SPACE	CARRIER_VS_BARE	FRAME_CROSS	AFTER_WAVE	V9_SPACE	BARE	V9_SPACE	FRAME_CROSS__AFTER_WAVE__ARBITRARY_KNOWN__BARE__NONE	FRAME_CROSS__AFTER_WAVE__ARBITRARY_KNOWN__V9_SPACE__NONE	gravel after wave	 gravel after wave	0	3	2	1	1	-0.033594	-0.042182	0.0	-0.439581	1888	1888	0	0	0	after	ARBITRARY_DISTINCT	V9_ATTESTED	1	1
FRAME_CROSS__AFTER_WAVE__ARBITRARY_KNOWN__BARE__NONE__TO__THE_PHRASE	CARRIER_VS_BARE	FRAME_CROSS	AFTER_WAVE	THE_PHRASE	BARE	THE_PHRASE	FRAME_CROSS__AFTER_WAVE__ARBITRARY_KNOWN__BARE__NONE	FRAME_CROSS__AFTER_WAVE__ARBITRARY_KNOWN__THE_PHRASE__NONE	gravel after wave	the phrase gravel after wave	0	3	4	1	1	-0.034112	-0.062791	0.0	-0.290375	1888	2073	0	0	0	after	ARBITRARY_DISTINCT	V9_ATTESTED	1	1
FRAME_CROSS__AFTER_WAVE__ARBITRARY_KNOWN__BARE__NONE__TO__THEY_SAID	CARRIER_VS_BARE	FRAME_CROSS	AFTER_WAVE	THEY_SAID	BARE	THEY_SAID	FRAME_CROSS__AFTER_WAVE__ARBITRARY_KNOWN__BARE__NONE	FRAME_CROSS__AFTER_WAVE__ARBITRARY_KNOWN__THEY_SAID__NONE	gravel after wave	they said gravel after wave	0	3	4	1	1	-0.03751	-0.072821	0.0	0.581903	1888	2256	0	0	0	after	ARBITRARY_DISTINCT	V9_ATTESTED	1	1
FRAME_CROSS__AFTER_WAVE__ARBITRARY_REPEAT__BARE__NONE__TO__V9_SPACE	CARRIER_VS_BARE	FRAME_CROSS	AFTER_WAVE	V9_SPACE	BARE	V9_SPACE	FRAME_CROSS__AFTER_WAVE__ARBITRARY_REPEAT__BARE__NONE	FRAME_CROSS__AFTER_WAVE__ARBITRARY_REPEAT__V9_SPACE__NONE	gravel after gravel	 gravel after gravel	0	3	2	1	1	0.679993	0.671405	0.679993	0.240412	1888	1888	0	0	0	after	NOVEL_REPEAT	V9_ATTESTED	1	1
FRAME_CROSS__AFTER_WAVE__ARBITRARY_REPEAT__BARE__NONE__TO__THE_PHRASE	CARRIER_VS_BARE	FRAME_CROSS	AFTER_WAVE	THE_PHRASE	BARE	THE_PHRASE	FRAME_CROSS__AFTER_WAVE__ARBITRARY_REPEAT__BARE__NONE	FRAME_CROSS__AFTER_WAVE__ARBITRARY_REPEAT__THE_PHRASE__NONE	gravel after gravel	the phrase gravel after gravel	0	3	4	1	1	0.613732	0.585053	0.613732	0.323357	1888	2073	0	0	0	after	NOVEL_REPEAT	V9_ATTESTED	1	1
FRAME_CROSS__AFTER_WAVE__ARBITRARY_REPEAT__BARE__NONE__TO__THEY_SAID	CARRIER_VS_BARE	FRAME_CROSS	AFTER_WAVE	THEY_SAID	BARE	THEY_SAID	FRAME_CROSS__AFTER_WAVE__ARBITRARY_REPEAT__BARE__NONE	FRAME_CROSS__AFTER_WAVE__ARBITRARY_REPEAT__THEY_SAID__NONE	gravel after gravel	they said gravel after gravel	0	3	4	1	1	0.930018	0.894707	0.930018	1.408613	1888	2566	0	0	0	after	NOVEL_REPEAT	V9_ATTESTED	1	1
FRAME_CROSS__AFTER_WAVE__ARBITRARY_DISTINCT__BARE__NONE__TO__V9_SPACE	CARRIER_VS_BARE	FRAME_CROSS	AFTER_WAVE	V9_SPACE	BARE	V9_SPACE	FRAME_CROSS__AFTER_WAVE__ARBITRARY_DISTINCT__BARE__NONE	FRAME_CROSS__AFTER_WAVE__ARBITRARY_DISTINCT__V9_SPACE__NONE	gravel after window	 gravel after window	0	3	2	1	1	-0.21848	-0.227067	-0.21848	-0.65806	1888	1888	0	0	0	after	NOVEL_DISTINCT	V9_ATTESTED	1	1
FRAME_CROSS__AFTER_WAVE__ARBITRARY_DISTINCT__BARE__NONE__TO__THE_PHRASE	CARRIER_VS_BARE	FRAME_CROSS	AFTER_WAVE	THE_PHRASE	BARE	THE_PHRASE	FRAME_CROSS__AFTER_WAVE__ARBITRARY_DISTINCT__BARE__NONE	FRAME_CROSS__AFTER_WAVE__ARBITRARY_DISTINCT__THE_PHRASE__NONE	gravel after window	the phrase gravel after window	0	3	4	1	1	0.074845	0.046167	0.074845	-0.215529	1888	2073	0	0	0	after	NOVEL_DISTINCT	V9_ATTESTED	1	1
FRAME_CROSS__AFTER_WAVE__ARBITRARY_DISTINCT__BARE__NONE__TO__THEY_SAID	CARRIER_VS_BARE	FRAME_CROSS	AFTER_WAVE	THEY_SAID	BARE	THEY_SAID	FRAME_CROSS__AFTER_WAVE__ARBITRARY_DISTINCT__BARE__NONE	FRAME_CROSS__AFTER_WAVE__ARBITRARY_DISTINCT__THEY_SAID__NONE	gravel after window	they said gravel after window	0	3	4	1	1	-0.288547	-0.323857	-0.288547	0.059596	1888	1790	0	0	0	after	NOVEL_DISTINCT	V9_ATTESTED	1	1
FRAME_CROSS__AFTER_WAVE__KNOWN_NO_CONNECTOR__BARE__NONE__TO__V9_SPACE	CARRIER_VS_BARE	FRAME_CROSS	AFTER_WAVE	V9_SPACE	BARE	V9_SPACE	FRAME_CROSS__AFTER_WAVE__KNOWN_NO_CONNECTOR__BARE__NONE	FRAME_CROSS__AFTER_WAVE__KNOWN_NO_CONNECTOR__V9_SPACE__NONE	wave wave	 wave wave	0	1	1	1	1	0.114112	0.141922	0.0	-0.3852	1888	1888	0	0	0	after	NO_CONNECTOR	V9_ATTESTED	1	1
FRAME_CROSS__AFTER_WAVE__KNOWN_NO_CONNECTOR__BARE__NONE__TO__THE_PHRASE	CARRIER_VS_BARE	FRAME_CROSS	AFTER_WAVE	THE_PHRASE	BARE	THE_PHRASE	FRAME_CROSS__AFTER_WAVE__KNOWN_NO_CONNECTOR__BARE__NONE	FRAME_CROSS__AFTER_WAVE__KNOWN_NO_CONNECTOR__THE_PHRASE__NONE	wave wave	the phrase wave wave	0	1	3	1	1	0.023035	-0.067447	0.0	-0.001702	1888	2073	0	0	0	after	NO_CONNECTOR	V9_ATTESTED	1	1
FRAME_CROSS__AFTER_WAVE__KNOWN_NO_CONNECTOR__BARE__NONE__TO__THEY_SAID	CARRIER_VS_BARE	FRAME_CROSS	AFTER_WAVE	THEY_SAID	BARE	THEY_SAID	FRAME_CROSS__AFTER_WAVE__KNOWN_NO_CONNECTOR__BARE__NONE	FRAME_CROSS__AFTER_WAVE__KNOWN_NO_CONNECTOR__THEY_SAID__NONE	wave wave	they said wave wave	0	1	3	1	1	0.117557	0.103876	0.0	0.870576	1888	2256	0	0	0	after	NO_CONNECTOR	V9_ATTESTED	1	1
FRAME_CROSS__AFTER_WAVE__ARBITRARY_NO_CONNECTOR__BARE__NONE__TO__V9_SPACE	CARRIER_VS_BARE	FRAME_CROSS	AFTER_WAVE	V9_SPACE	BARE	V9_SPACE	FRAME_CROSS__AFTER_WAVE__ARBITRARY_NO_CONNECTOR__BARE__NONE	FRAME_CROSS__AFTER_WAVE__ARBITRARY_NO_CONNECTOR__V9_SPACE__NONE	gravel gravel	 gravel gravel	0	2	1	1	1	-0.072285	-0.005246	0.0	-0.439581	1888	1888	0	0	0	after	NO_CONNECTOR	V9_ATTESTED	1	1
FRAME_CROSS__AFTER_WAVE__ARBITRARY_NO_CONNECTOR__BARE__NONE__TO__THE_PHRASE	CARRIER_VS_BARE	FRAME_CROSS	AFTER_WAVE	THE_PHRASE	BARE	THE_PHRASE	FRAME_CROSS__AFTER_WAVE__ARBITRARY_NO_CONNECTOR__BARE__NONE	FRAME_CROSS__AFTER_WAVE__ARBITRARY_NO_CONNECTOR__THE_PHRASE__NONE	gravel gravel	the phrase gravel gravel	0	2	3	1	1	-0.0261	-0.066822	0.0	-0.290375	1888	2073	0	0	0	after	NO_CONNECTOR	V9_ATTESTED	1	1
FRAME_CROSS__AFTER_WAVE__ARBITRARY_NO_CONNECTOR__BARE__NONE__TO__THEY_SAID	CARRIER_VS_BARE	FRAME_CROSS	AFTER_WAVE	THEY_SAID	BARE	THEY_SAID	FRAME_CROSS__AFTER_WAVE__ARBITRARY_NO_CONNECTOR__BARE__NONE	FRAME_CROSS__AFTER_WAVE__ARBITRARY_NO_CONNECTOR__THEY_SAID__NONE	gravel gravel	they said gravel gravel	0	2	3	1	1	-0.002468	-0.035853	0.0	0.581903	1888	2256	0	0	0	after	NO_CONNECTOR	V9_ATTESTED	1	1
REPEAT_CONNECTOR__AFTER_WAVE__AND__BARE__NONE__TO__V9_SPACE	CARRIER_VS_BARE	REPEAT_CONNECTOR	AFTER_WAVE	V9_SPACE	BARE	V9_SPACE	REPEAT_CONNECTOR__AFTER_WAVE__AND__BARE__NONE	REPEAT_CONNECTOR__AFTER_WAVE__AND__V9_SPACE__NONE	wave and wave	 wave and wave	0	2	2	1	1	-0.487097	-0.491979	-0.487097	-0.094715	2659	1888	0	0	0	after	KNOWN_REPEAT	V9_ATTESTED	1	1
REPEAT_CONNECTOR__AFTER_WAVE__AND__BARE__NONE__TO__THE_PHRASE	CARRIER_VS_BARE	REPEAT_CONNECTOR	AFTER_WAVE	THE_PHRASE	BARE	THE_PHRASE	REPEAT_CONNECTOR__AFTER_WAVE__AND__BARE__NONE	REPEAT_CONNECTOR__AFTER_WAVE__AND__THE_PHRASE__NONE	wave and wave	the phrase wave and wave	0	2	4	1	1	-0.702618	-0.709714	-0.702618	-0.141856	2659	2659	0	0	0	after	KNOWN_REPEAT	V9_ATTESTED	1	1
REPEAT_CONNECTOR__AFTER_WAVE__AND__BARE__NONE__TO__THEY_SAID	CARRIER_VS_BARE	REPEAT_CONNECTOR	AFTER_WAVE	THEY_SAID	BARE	THEY_SAID	REPEAT_CONNECTOR__AFTER_WAVE__AND__BARE__NONE	REPEAT_CONNECTOR__AFTER_WAVE__AND__THEY_SAID__NONE	wave and wave	they said wave and wave	0	2	4	1	1	-0.791	-0.799696	-0.791	-0.300778	2659	2659	0	0	0	after	KNOWN_REPEAT	V9_ATTESTED	1	1
REPEAT_CONNECTOR__AFTER_WAVE__OR__BARE__NONE__TO__V9_SPACE	CARRIER_VS_BARE	REPEAT_CONNECTOR	AFTER_WAVE	V9_SPACE	BARE	V9_SPACE	REPEAT_CONNECTOR__AFTER_WAVE__OR__BARE__NONE	REPEAT_CONNECTOR__AFTER_WAVE__OR__V9_SPACE__NONE	wave or wave	 wave or wave	0	2	2	1	1	-0.226653	-0.22838	-0.226653	-0.115352	2659	2659	0	0	0	after	KNOWN_REPEAT	V9_ATTESTED	1	1
REPEAT_CONNECTOR__AFTER_WAVE__OR__BARE__NONE__TO__THE_PHRASE	CARRIER_VS_BARE	REPEAT_CONNECTOR	AFTER_WAVE	THE_PHRASE	BARE	THE_PHRASE	REPEAT_CONNECTOR__AFTER_WAVE__OR__BARE__NONE	REPEAT_CONNECTOR__AFTER_WAVE__OR__THE_PHRASE__NONE	wave or wave	the phrase wave or wave	0	2	4	1	1	-0.652392	-0.654647	-0.652392	-0.357594	2659	2659	0	0	0	after	KNOWN_REPEAT	V9_ATTESTED	1	1
REPEAT_CONNECTOR__AFTER_WAVE__OR__BARE__NONE__TO__THEY_SAID	CARRIER_VS_BARE	REPEAT_CONNECTOR	AFTER_WAVE	THEY_SAID	BARE	THEY_SAID	REPEAT_CONNECTOR__AFTER_WAVE__OR__BARE__NONE	REPEAT_CONNECTOR__AFTER_WAVE__OR__THEY_SAID__NONE	wave or wave	they said wave or wave	0	2	4	1	1	-0.82802	-0.831482	-0.82802	-0.492917	2659	2659	0	0	0	after	KNOWN_REPEAT	V9_ATTESTED	1	1
REPEAT_CONNECTOR__AFTER_WAVE__TO__BARE__NONE__TO__V9_SPACE	CARRIER_VS_BARE	REPEAT_CONNECTOR	AFTER_WAVE	V9_SPACE	BARE	V9_SPACE	REPEAT_CONNECTOR__AFTER_WAVE__TO__BARE__NONE	REPEAT_CONNECTOR__AFTER_WAVE__TO__V9_SPACE__NONE	wave to wave	 wave to wave	0	2	2	1	1	1.23089	1.222634	1.23089	0.84569	1888	1888	0	0	0	after	KNOWN_REPEAT	V9_ATTESTED	1	1
REPEAT_CONNECTOR__AFTER_WAVE__TO__BARE__NONE__TO__THE_PHRASE	CARRIER_VS_BARE	REPEAT_CONNECTOR	AFTER_WAVE	THE_PHRASE	BARE	THE_PHRASE	REPEAT_CONNECTOR__AFTER_WAVE__TO__BARE__NONE	REPEAT_CONNECTOR__AFTER_WAVE__TO__THE_PHRASE__NONE	wave to wave	the phrase wave to wave	0	2	4	1	1	1.052098	1.048156	1.052098	1.050395	1888	2073	0	0	0	after	KNOWN_REPEAT	V9_ATTESTED	1	1
REPEAT_CONNECTOR__AFTER_WAVE__TO__BARE__NONE__TO__THEY_SAID	CARRIER_VS_BARE	REPEAT_CONNECTOR	AFTER_WAVE	THEY_SAID	BARE	THEY_SAID	REPEAT_CONNECTOR__AFTER_WAVE__TO__BARE__NONE	REPEAT_CONNECTOR__AFTER_WAVE__TO__THEY_SAID__NONE	wave to wave	they said wave to wave	0	2	4	1	1	1.053476	1.035652	1.053476	1.825055	1888	2659	0	0	0	after	KNOWN_REPEAT	V9_ATTESTED	1	1
REPEAT_CONNECTOR__AFTER_WAVE__BY__BARE__NONE__TO__V9_SPACE	CARRIER_VS_BARE	REPEAT_CONNECTOR	AFTER_WAVE	V9_SPACE	BARE	V9_SPACE	REPEAT_CONNECTOR__AFTER_WAVE__BY__BARE__NONE	REPEAT_CONNECTOR__AFTER_WAVE__BY__V9_SPACE__NONE	wave by wave	 wave by wave	0	2	2	1	1	0.315166	0.264266	0.315166	-0.070034	1888	1888	0	0	0	after	KNOWN_REPEAT	V9_ATTESTED	1	1
REPEAT_CONNECTOR__AFTER_WAVE__BY__BARE__NONE__TO__THE_PHRASE	CARRIER_VS_BARE	REPEAT_CONNECTOR	AFTER_WAVE	THE_PHRASE	BARE	THE_PHRASE	REPEAT_CONNECTOR__AFTER_WAVE__BY__BARE__NONE	REPEAT_CONNECTOR__AFTER_WAVE__BY__THE_PHRASE__NONE	wave by wave	the phrase wave by wave	0	2	4	1	1	0.274777	0.225644	0.274777	0.273074	1888	2073	0	0	0	after	KNOWN_REPEAT	V9_ATTESTED	1	1
REPEAT_CONNECTOR__AFTER_WAVE__BY__BARE__NONE__TO__THEY_SAID	CARRIER_VS_BARE	REPEAT_CONNECTOR	AFTER_WAVE	THEY_SAID	BARE	THEY_SAID	REPEAT_CONNECTOR__AFTER_WAVE__BY__BARE__NONE	REPEAT_CONNECTOR__AFTER_WAVE__BY__THEY_SAID__NONE	wave by wave	they said wave by wave	0	2	4	1	1	0.651122	0.581404	0.651122	0.844011	1888	541	0	1	1	after	KNOWN_REPEAT	V9_ATTESTED	1	1
REPEAT_CONNECTOR__AFTER_WAVE__AFTER__BARE__NONE__TO__V9_SPACE	CARRIER_VS_BARE	REPEAT_CONNECTOR	AFTER_WAVE	V9_SPACE	BARE	V9_SPACE	REPEAT_CONNECTOR__AFTER_WAVE__AFTER__BARE__NONE	REPEAT_CONNECTOR__AFTER_WAVE__AFTER__V9_SPACE__NONE	wave after wave	 wave after wave	0	2	2	1	1	0.177503	0.167614	0.177503	-0.207697	1888	1888	0	0	0	after	KNOWN_REPEAT	V9_ATTESTED	1	1
REPEAT_CONNECTOR__AFTER_WAVE__AFTER__BARE__NONE__TO__THE_PHRASE	CARRIER_VS_BARE	REPEAT_CONNECTOR	AFTER_WAVE	THE_PHRASE	BARE	THE_PHRASE	REPEAT_CONNECTOR__AFTER_WAVE__AFTER__BARE__NONE	REPEAT_CONNECTOR__AFTER_WAVE__AFTER__THE_PHRASE__NONE	wave after wave	the phrase wave after wave	0	2	4	1	1	-0.263315	-0.276951	-0.263315	-0.265017	1888	2073	0	0	0	after	KNOWN_REPEAT	V9_ATTESTED	1	1
REPEAT_CONNECTOR__AFTER_WAVE__AFTER__BARE__NONE__TO__THEY_SAID	CARRIER_VS_BARE	REPEAT_CONNECTOR	AFTER_WAVE	THEY_SAID	BARE	THEY_SAID	REPEAT_CONNECTOR__AFTER_WAVE__AFTER__BARE__NONE	REPEAT_CONNECTOR__AFTER_WAVE__AFTER__THEY_SAID__NONE	wave after wave	they said wave after wave	0	2	4	1	1	0.484118	0.453103	0.484118	0.91781	1888	541	0	1	1	after	KNOWN_REPEAT	V9_ATTESTED	1	1
FRAME_CROSS__AFTER_DAY__KNOWN_REPEAT__BARE__NONE__TO__V9_SPACE	CARRIER_VS_BARE	FRAME_CROSS	AFTER_DAY	V9_SPACE	BARE	V9_SPACE	FRAME_CROSS__AFTER_DAY__KNOWN_REPEAT__BARE__NONE	FRAME_CROSS__AFTER_DAY__KNOWN_REPEAT__V9_SPACE__NONE	day after day	 day after day	0	2	2	1	1	0.095605	0.111813	0.095605	-0.318452	541	1738	1	0	1	after	KNOWN_REPEAT	HELDOUT_FAMILIAR	1	1
FRAME_CROSS__AFTER_DAY__KNOWN_REPEAT__BARE__NONE__TO__THE_PHRASE	CARRIER_VS_BARE	FRAME_CROSS	AFTER_DAY	THE_PHRASE	BARE	THE_PHRASE	FRAME_CROSS__AFTER_DAY__KNOWN_REPEAT__BARE__NONE	FRAME_CROSS__AFTER_DAY__KNOWN_REPEAT__THE_PHRASE__NONE	day after day	the phrase day after day	0	2	4	1	1	0.301472	0.321102	0.301472	0.1933	541	541	1	1	0	after	KNOWN_REPEAT	HELDOUT_FAMILIAR	1	1
FRAME_CROSS__AFTER_DAY__KNOWN_REPEAT__BARE__NONE__TO__THEY_SAID	CARRIER_VS_BARE	FRAME_CROSS	AFTER_DAY	THEY_SAID	BARE	THEY_SAID	FRAME_CROSS__AFTER_DAY__KNOWN_REPEAT__BARE__NONE	FRAME_CROSS__AFTER_DAY__KNOWN_REPEAT__THEY_SAID__NONE	day after day	they said day after day	0	2	4	1	1	0.892549	0.896224	0.892549	0.518218	541	541	1	1	0	after	KNOWN_REPEAT	HELDOUT_FAMILIAR	1	1
FRAME_CROSS__AFTER_DAY__KNOWN_RELATED__BARE__NONE__TO__V9_SPACE	CARRIER_VS_BARE	FRAME_CROSS	AFTER_DAY	V9_SPACE	BARE	V9_SPACE	FRAME_CROSS__AFTER_DAY__KNOWN_RELATED__BARE__NONE	FRAME_CROSS__AFTER_DAY__KNOWN_RELATED__V9_SPACE__NONE	day after night	 day after night	0	2	2	1	1	-0.155237	-0.139029	-0.155237	-0.923392	1888	1888	0	0	0	after	RELATED_DISTINCT	HELDOUT_FAMILIAR	1	1
FRAME_CROSS__AFTER_DAY__KNOWN_RELATED__BARE__NONE__TO__THE_PHRASE	CARRIER_VS_BARE	FRAME_CROSS	AFTER_DAY	THE_PHRASE	BARE	THE_PHRASE	FRAME_CROSS__AFTER_DAY__KNOWN_RELATED__BARE__NONE	FRAME_CROSS__AFTER_DAY__KNOWN_RELATED__THE_PHRASE__NONE	day after night	the phrase day after night	0	2	4	1	1	0.150487	0.170117	0.150487	-0.366496	1888	2073	0	0	0	after	RELATED_DISTINCT	HELDOUT_FAMILIAR	1	1
FRAME_CROSS__AFTER_DAY__KNOWN_RELATED__BARE__NONE__TO__THEY_SAID	CARRIER_VS_BARE	FRAME_CROSS	AFTER_DAY	THEY_SAID	BARE	THEY_SAID	FRAME_CROSS__AFTER_DAY__KNOWN_RELATED__BARE__NONE	FRAME_CROSS__AFTER_DAY__KNOWN_RELATED__THEY_SAID__NONE	day after night	they said day after night	0	2	4	1	1	0.514177	0.517852	0.514177	0.869472	1888	541	0	1	1	after	RELATED_DISTINCT	HELDOUT_FAMILIAR	1	1
FRAME_CROSS__AFTER_DAY__KNOWN_ARBITRARY__BARE__NONE__TO__V9_SPACE	CARRIER_VS_BARE	FRAME_CROSS	AFTER_DAY	V9_SPACE	BARE	V9_SPACE	FRAME_CROSS__AFTER_DAY__KNOWN_ARBITRARY__BARE__NONE	FRAME_CROSS__AFTER_DAY__KNOWN_ARBITRARY__V9_SPACE__NONE	day after forest	 day after forest	0	2	2	1	1	0.013585	0.029792	0.0	-0.768156	1888	1888	0	0	0	after	ARBITRARY_DISTINCT	HELDOUT_FAMILIAR	1	1
FRAME_CROSS__AFTER_DAY__KNOWN_ARBITRARY__BARE__NONE__TO__THE_PHRASE	CARRIER_VS_BARE	FRAME_CROSS	AFTER_DAY	THE_PHRASE	BARE	THE_PHRASE	FRAME_CROSS__AFTER_DAY__KNOWN_ARBITRARY__BARE__NONE	FRAME_CROSS__AFTER_DAY__KNOWN_ARBITRARY__THE_PHRASE__NONE	day after forest	the phrase day after forest	0	2	4	1	1	-0.004525	0.015104	0.0	-0.516984	1888	2073	0	0	0	after	ARBITRARY_DISTINCT	HELDOUT_FAMILIAR	1	1
FRAME_CROSS__AFTER_DAY__KNOWN_ARBITRARY__BARE__NONE__TO__THEY_SAID	CARRIER_VS_BARE	FRAME_CROSS	AFTER_DAY	THEY_SAID	BARE	THEY_SAID	FRAME_CROSS__AFTER_DAY__KNOWN_ARBITRARY__BARE__NONE	FRAME_CROSS__AFTER_DAY__KNOWN_ARBITRARY__THEY_SAID__NONE	day after forest	they said day after forest	0	2	4	1	1	0.007853	0.011527	0.0	0.056543	1888	1888	0	0	0	after	ARBITRARY_DISTINCT	HELDOUT_FAMILIAR	1	1
FRAME_CROSS__AFTER_DAY__ARBITRARY_KNOWN__BARE__NONE__TO__V9_SPACE	CARRIER_VS_BARE	FRAME_CROSS	AFTER_DAY	V9_SPACE	BARE	V9_SPACE	FRAME_CROSS__AFTER_DAY__ARBITRARY_KNOWN__BARE__NONE	FRAME_CROSS__AFTER_DAY__ARBITRARY_KNOWN__V9_SPACE__NONE	marble after day	 marble after day	0	3	2	1	1	0.023756	-0.06634	0.023756	-0.713088	1790	1888	0	0	0	after	ARBITRARY_DISTINCT	HELDOUT_FAMILIAR	1	1
FRAME_CROSS__AFTER_DAY__ARBITRARY_KNOWN__BARE__NONE__TO__THE_PHRASE	CARRIER_VS_BARE	FRAME_CROSS	AFTER_DAY	THE_PHRASE	BARE	THE_PHRASE	FRAME_CROSS__AFTER_DAY__ARBITRARY_KNOWN__BARE__NONE	FRAME_CROSS__AFTER_DAY__ARBITRARY_KNOWN__THE_PHRASE__NONE	marble after day	the phrase marble after day	0	3	4	1	1	0.138797	0.034808	0.138797	-0.175913	1790	2073	0	0	0	after	ARBITRARY_DISTINCT	HELDOUT_FAMILIAR	1	1
FRAME_CROSS__AFTER_DAY__ARBITRARY_KNOWN__BARE__NONE__TO__THEY_SAID	CARRIER_VS_BARE	FRAME_CROSS	AFTER_DAY	THEY_SAID	BARE	THEY_SAID	FRAME_CROSS__AFTER_DAY__ARBITRARY_KNOWN__BARE__NONE	FRAME_CROSS__AFTER_DAY__ARBITRARY_KNOWN__THEY_SAID__NONE	marble after day	they said marble after day	0	3	4	1	1	0.048449	-0.061347	0.048449	0.382418	1790	1888	0	0	0	after	ARBITRARY_DISTINCT	HELDOUT_FAMILIAR	1	1
FRAME_CROSS__AFTER_DAY__ARBITRARY_REPEAT__BARE__NONE__TO__V9_SPACE	CARRIER_VS_BARE	FRAME_CROSS	AFTER_DAY	V9_SPACE	BARE	V9_SPACE	FRAME_CROSS__AFTER_DAY__ARBITRARY_REPEAT__BARE__NONE	FRAME_CROSS__AFTER_DAY__ARBITRARY_REPEAT__V9_SPACE__NONE	marble after marble	 marble after marble	0	3	2	1	1	1.357877	1.267781	1.357877	0.621033	1790	1888	0	0	0	after	NOVEL_REPEAT	HELDOUT_FAMILIAR	1	1
FRAME_CROSS__AFTER_DAY__ARBITRARY_REPEAT__BARE__NONE__TO__THE_PHRASE	CARRIER_VS_BARE	FRAME_CROSS	AFTER_DAY	THE_PHRASE	BARE	THE_PHRASE	FRAME_CROSS__AFTER_DAY__ARBITRARY_REPEAT__BARE__NONE	FRAME_CROSS__AFTER_DAY__ARBITRARY_REPEAT__THE_PHRASE__NONE	marble after marble	the phrase marble after marble	0	3	4	1	1	0.705294	0.601305	0.705294	0.390584	1790	2073	0	0	0	after	NOVEL_REPEAT	HELDOUT_FAMILIAR	1	1
FRAME_CROSS__AFTER_DAY__ARBITRARY_REPEAT__BARE__NONE__TO__THEY_SAID	CARRIER_VS_BARE	FRAME_CROSS	AFTER_DAY	THEY_SAID	BARE	THEY_SAID	FRAME_CROSS__AFTER_DAY__ARBITRARY_REPEAT__BARE__NONE	FRAME_CROSS__AFTER_DAY__ARBITRARY_REPEAT__THEY_SAID__NONE	marble after marble	they said marble after marble	0	3	4	1	1	1.69808	1.588284	1.69808	2.032049	1790	1888	0	0	0	after	NOVEL_REPEAT	HELDOUT_FAMILIAR	1	1
FRAME_CROSS__AFTER_DAY__ARBITRARY_DISTINCT__BARE__NONE__TO__V9_SPACE	CARRIER_VS_BARE	FRAME_CROSS	AFTER_DAY	V9_SPACE	BARE	V9_SPACE	FRAME_CROSS__AFTER_DAY__ARBITRARY_DISTINCT__BARE__NONE	FRAME_CROSS__AFTER_DAY__ARBITRARY_DISTINCT__V9_SPACE__NONE	marble after forest	 marble after forest	0	3	2	1	1	0.048334	-0.041762	0.0	-0.736844	1790	1888	0	0	0	after	NOVEL_DISTINCT	HELDOUT_FAMILIAR	1	1
FRAME_CROSS__AFTER_DAY__ARBITRARY_DISTINCT__BARE__NONE__TO__THE_PHRASE	CARRIER_VS_BARE	FRAME_CROSS	AFTER_DAY	THE_PHRASE	BARE	THE_PHRASE	FRAME_CROSS__AFTER_DAY__ARBITRARY_DISTINCT__BARE__NONE	FRAME_CROSS__AFTER_DAY__ARBITRARY_DISTINCT__THE_PHRASE__NONE	marble after forest	the phrase marble after forest	0	3	4	1	1	0.046452	-0.057538	0.0	-0.31471	1790	2073	0	0	0	after	NOVEL_DISTINCT	HELDOUT_FAMILIAR	1	1
FRAME_CROSS__AFTER_DAY__ARBITRARY_DISTINCT__BARE__NONE__TO__THEY_SAID	CARRIER_VS_BARE	FRAME_CROSS	AFTER_DAY	THEY_SAID	BARE	THEY_SAID	FRAME_CROSS__AFTER_DAY__ARBITRARY_DISTINCT__BARE__NONE	FRAME_CROSS__AFTER_DAY__ARBITRARY_DISTINCT__THEY_SAID__NONE	marble after forest	they said marble after forest	0	3	4	1	1	0.052281	-0.057516	0.0	0.333969	1790	1888	0	0	0	after	NOVEL_DISTINCT	HELDOUT_FAMILIAR	1	1
FRAME_CROSS__AFTER_DAY__KNOWN_NO_CONNECTOR__BARE__NONE__TO__V9_SPACE	CARRIER_VS_BARE	FRAME_CROSS	AFTER_DAY	V9_SPACE	BARE	V9_SPACE	FRAME_CROSS__AFTER_DAY__KNOWN_NO_CONNECTOR__BARE__NONE	FRAME_CROSS__AFTER_DAY__KNOWN_NO_CONNECTOR__V9_SPACE__NONE	day day	 day day	0	1	1	1	1	0.146489	0.212561	0.034039	-0.734118	1888	1888	0	0	0	after	NO_CONNECTOR	HELDOUT_FAMILIAR	1	1
FRAME_CROSS__AFTER_DAY__KNOWN_NO_CONNECTOR__BARE__NONE__TO__THE_PHRASE	CARRIER_VS_BARE	FRAME_CROSS	AFTER_DAY	THE_PHRASE	BARE	THE_PHRASE	FRAME_CROSS__AFTER_DAY__KNOWN_NO_CONNECTOR__BARE__NONE	FRAME_CROSS__AFTER_DAY__KNOWN_NO_CONNECTOR__THE_PHRASE__NONE	day day	the phrase day day	0	1	3	1	1	0.176555	0.113636	0.064105	-0.45288	1888	2073	0	0	0	after	NO_CONNECTOR	HELDOUT_FAMILIAR	1	1
FRAME_CROSS__AFTER_DAY__KNOWN_NO_CONNECTOR__BARE__NONE__TO__THEY_SAID	CARRIER_VS_BARE	FRAME_CROSS	AFTER_DAY	THEY_SAID	BARE	THEY_SAID	FRAME_CROSS__AFTER_DAY__KNOWN_NO_CONNECTOR__BARE__NONE	FRAME_CROSS__AFTER_DAY__KNOWN_NO_CONNECTOR__THEY_SAID__NONE	day day	they said day day	0	1	3	1	1	0.062078	0.054956	0.0	-0.127536	1888	544	0	0	0	after	NO_CONNECTOR	HELDOUT_FAMILIAR	1	1
FRAME_CROSS__AFTER_DAY__ARBITRARY_NO_CONNECTOR__BARE__NONE__TO__V9_SPACE	CARRIER_VS_BARE	FRAME_CROSS	AFTER_DAY	V9_SPACE	BARE	V9_SPACE	FRAME_CROSS__AFTER_DAY__ARBITRARY_NO_CONNECTOR__BARE__NONE	FRAME_CROSS__AFTER_DAY__ARBITRARY_NO_CONNECTOR__V9_SPACE__NONE	marble marble	 marble marble	0	2	1	1	1	-0.00926	0.031996	0.0	-0.736844	1790	1888	0	0	0	after	NO_CONNECTOR	HELDOUT_FAMILIAR	1	1
FRAME_CROSS__AFTER_DAY__ARBITRARY_NO_CONNECTOR__BARE__NONE__TO__THE_PHRASE	CARRIER_VS_BARE	FRAME_CROSS	AFTER_DAY	THE_PHRASE	BARE	THE_PHRASE	FRAME_CROSS__AFTER_DAY__ARBITRARY_NO_CONNECTOR__BARE__NONE	FRAME_CROSS__AFTER_DAY__ARBITRARY_NO_CONNECTOR__THE_PHRASE__NONE	marble marble	the phrase marble marble	0	2	3	1	1	0.002006	-0.054179	0.0	-0.31471	1790	2073	0	0	0	after	NO_CONNECTOR	HELDOUT_FAMILIAR	1	1
FRAME_CROSS__AFTER_DAY__ARBITRARY_NO_CONNECTOR__BARE__NONE__TO__THEY_SAID	CARRIER_VS_BARE	FRAME_CROSS	AFTER_DAY	THEY_SAID	BARE	THEY_SAID	FRAME_CROSS__AFTER_DAY__ARBITRARY_NO_CONNECTOR__BARE__NONE	FRAME_CROSS__AFTER_DAY__ARBITRARY_NO_CONNECTOR__THEY_SAID__NONE	marble marble	they said marble marble	0	2	3	1	1	-0.004071	-0.015658	0.0	0.333969	1790	1888	0	0	0	after	NO_CONNECTOR	HELDOUT_FAMILIAR	1	1
REPEAT_CONNECTOR__AFTER_DAY__AND__BARE__NONE__TO__V9_SPACE	CARRIER_VS_BARE	REPEAT_CONNECTOR	AFTER_DAY	V9_SPACE	BARE	V9_SPACE	REPEAT_CONNECTOR__AFTER_DAY__AND__BARE__NONE	REPEAT_CONNECTOR__AFTER_DAY__AND__V9_SPACE__NONE	day and day	 day and day	0	2	2	1	1	-0.187466	-0.195097	-0.187466	0.020761	2659	2659	0	0	0	after	KNOWN_REPEAT	HELDOUT_FAMILIAR	1	1
REPEAT_CONNECTOR__AFTER_DAY__AND__BARE__NONE__TO__THE_PHRASE	CARRIER_VS_BARE	REPEAT_CONNECTOR	AFTER_DAY	THE_PHRASE	BARE	THE_PHRASE	REPEAT_CONNECTOR__AFTER_DAY__AND__BARE__NONE	REPEAT_CONNECTOR__AFTER_DAY__AND__THE_PHRASE__NONE	day and day	the phrase day and day	0	2	4	1	1	-0.902094	-0.91114	-0.902094	-0.612536	2659	2659	0	0	0	after	KNOWN_REPEAT	HELDOUT_FAMILIAR	1	1
REPEAT_CONNECTOR__AFTER_DAY__AND__BARE__NONE__TO__THEY_SAID	CARRIER_VS_BARE	REPEAT_CONNECTOR	AFTER_DAY	THEY_SAID	BARE	THEY_SAID	REPEAT_CONNECTOR__AFTER_DAY__AND__BARE__NONE	REPEAT_CONNECTOR__AFTER_DAY__AND__THEY_SAID__NONE	day and day	they said day and day	0	2	4	1	1	0.167879	0.159191	0.167879	-0.628406	2659	2659	0	0	0	after	KNOWN_REPEAT	HELDOUT_FAMILIAR	1	1
REPEAT_CONNECTOR__AFTER_DAY__OR__BARE__NONE__TO__V9_SPACE	CARRIER_VS_BARE	REPEAT_CONNECTOR	AFTER_DAY	V9_SPACE	BARE	V9_SPACE	REPEAT_CONNECTOR__AFTER_DAY__OR__BARE__NONE	REPEAT_CONNECTOR__AFTER_DAY__OR__V9_SPACE__NONE	day or day	 day or day	0	2	2	1	1	-0.020672	-0.022732	-0.020672	0.009355	2659	2659	0	0	0	after	KNOWN_REPEAT	HELDOUT_FAMILIAR	1	1
REPEAT_CONNECTOR__AFTER_DAY__OR__BARE__NONE__TO__THE_PHRASE	CARRIER_VS_BARE	REPEAT_CONNECTOR	AFTER_DAY	THE_PHRASE	BARE	THE_PHRASE	REPEAT_CONNECTOR__AFTER_DAY__OR__BARE__NONE	REPEAT_CONNECTOR__AFTER_DAY__OR__THE_PHRASE__NONE	day or day	the phrase day or day	0	2	4	1	1	-1.023539	-1.025634	-1.023539	-0.966093	2659	2659	0	0	0	after	KNOWN_REPEAT	HELDOUT_FAMILIAR	1	1
REPEAT_CONNECTOR__AFTER_DAY__OR__BARE__NONE__TO__THEY_SAID	CARRIER_VS_BARE	REPEAT_CONNECTOR	AFTER_DAY	THEY_SAID	BARE	THEY_SAID	REPEAT_CONNECTOR__AFTER_DAY__OR__BARE__NONE	REPEAT_CONNECTOR__AFTER_DAY__OR__THEY_SAID__NONE	day or day	they said day or day	0	2	4	1	1	-0.659312	-0.662151	-0.659312	-0.817354	2659	2659	0	0	0	after	KNOWN_REPEAT	HELDOUT_FAMILIAR	1	1
REPEAT_CONNECTOR__AFTER_DAY__TO__BARE__NONE__TO__V9_SPACE	CARRIER_VS_BARE	REPEAT_CONNECTOR	AFTER_DAY	V9_SPACE	BARE	V9_SPACE	REPEAT_CONNECTOR__AFTER_DAY__TO__BARE__NONE	REPEAT_CONNECTOR__AFTER_DAY__TO__V9_SPACE__NONE	day to day	 day to day	0	2	2	1	1	-0.821739	-0.826088	-0.821739	-1.230957	541	1888	1	0	1	after	KNOWN_REPEAT	HELDOUT_FAMILIAR	1	1
REPEAT_CONNECTOR__AFTER_DAY__TO__BARE__NONE__TO__THE_PHRASE	CARRIER_VS_BARE	REPEAT_CONNECTOR	AFTER_DAY	THE_PHRASE	BARE	THE_PHRASE	REPEAT_CONNECTOR__AFTER_DAY__TO__BARE__NONE	REPEAT_CONNECTOR__AFTER_DAY__TO__THE_PHRASE__NONE	day to day	the phrase day to day	0	2	4	1	1	0.009146	0.008425	0.009146	-0.421424	541	2659	1	0	1	after	KNOWN_REPEAT	HELDOUT_FAMILIAR	1	1
REPEAT_CONNECTOR__AFTER_DAY__TO__BARE__NONE__TO__THEY_SAID	CARRIER_VS_BARE	REPEAT_CONNECTOR	AFTER_DAY	THEY_SAID	BARE	THEY_SAID	REPEAT_CONNECTOR__AFTER_DAY__TO__BARE__NONE	REPEAT_CONNECTOR__AFTER_DAY__TO__THEY_SAID__NONE	day to day	they said day to day	0	2	4	1	1	0.343752	0.338204	0.343752	-0.655478	541	2659	1	0	1	after	KNOWN_REPEAT	HELDOUT_FAMILIAR	1	1
REPEAT_CONNECTOR__AFTER_DAY__BY__BARE__NONE__TO__V9_SPACE	CARRIER_VS_BARE	REPEAT_CONNECTOR	AFTER_DAY	V9_SPACE	BARE	V9_SPACE	REPEAT_CONNECTOR__AFTER_DAY__BY__BARE__NONE	REPEAT_CONNECTOR__AFTER_DAY__BY__V9_SPACE__NONE	day by day	 day by day	0	2	2	1	1	-0.207332	-0.21001	-0.207332	-0.464956	541	1888	1	0	1	after	KNOWN_REPEAT	HELDOUT_FAMILIAR	1	1
REPEAT_CONNECTOR__AFTER_DAY__BY__BARE__NONE__TO__THE_PHRASE	CARRIER_VS_BARE	REPEAT_CONNECTOR	AFTER_DAY	THE_PHRASE	BARE	THE_PHRASE	REPEAT_CONNECTOR__AFTER_DAY__BY__BARE__NONE	REPEAT_CONNECTOR__AFTER_DAY__BY__THE_PHRASE__NONE	day by day	the phrase day by day	0	2	4	1	1	-0.268172	-0.282685	-0.268172	-0.388478	541	2659	1	0	1	after	KNOWN_REPEAT	HELDOUT_FAMILIAR	1	1
REPEAT_CONNECTOR__AFTER_DAY__BY__BARE__NONE__TO__THEY_SAID	CARRIER_VS_BARE	REPEAT_CONNECTOR	AFTER_DAY	THEY_SAID	BARE	THEY_SAID	REPEAT_CONNECTOR__AFTER_DAY__BY__BARE__NONE	REPEAT_CONNECTOR__AFTER_DAY__BY__THEY_SAID__NONE	day by day	they said day by day	0	2	4	1	1	-0.18559	-0.207188	-0.18559	-0.526411	541	2659	1	0	1	after	KNOWN_REPEAT	HELDOUT_FAMILIAR	1	1
REPEAT_CONNECTOR__AFTER_DAY__AFTER__BARE__NONE__TO__V9_SPACE	CARRIER_VS_BARE	REPEAT_CONNECTOR	AFTER_DAY	V9_SPACE	BARE	V9_SPACE	REPEAT_CONNECTOR__AFTER_DAY__AFTER__BARE__NONE	REPEAT_CONNECTOR__AFTER_DAY__AFTER__V9_SPACE__NONE	day after day	 day after day	0	2	2	1	1	0.095605	0.111813	0.095605	-0.318452	541	1738	1	0	1	after	KNOWN_REPEAT	HELDOUT_FAMILIAR	1	1
REPEAT_CONNECTOR__AFTER_DAY__AFTER__BARE__NONE__TO__THE_PHRASE	CARRIER_VS_BARE	REPEAT_CONNECTOR	AFTER_DAY	THE_PHRASE	BARE	THE_PHRASE	REPEAT_CONNECTOR__AFTER_DAY__AFTER__BARE__NONE	REPEAT_CONNECTOR__AFTER_DAY__AFTER__THE_PHRASE__NONE	day after day	the phrase day after day	0	2	4	1	1	0.301472	0.321102	0.301472	0.1933	541	541	1	1	0	after	KNOWN_REPEAT	HELDOUT_FAMILIAR	1	1
REPEAT_CONNECTOR__AFTER_DAY__AFTER__BARE__NONE__TO__THEY_SAID	CARRIER_VS_BARE	REPEAT_CONNECTOR	AFTER_DAY	THEY_SAID	BARE	THEY_SAID	REPEAT_CONNECTOR__AFTER_DAY__AFTER__BARE__NONE	REPEAT_CONNECTOR__AFTER_DAY__AFTER__THEY_SAID__NONE	day after day	they said day after day	0	2	4	1	1	0.892549	0.896224	0.892549	0.518218	541	541	1	1	0	after	KNOWN_REPEAT	HELDOUT_FAMILIAR	1	1
FRAME_CROSS__AFTER_MILE__KNOWN_REPEAT__BARE__NONE__TO__V9_SPACE	CARRIER_VS_BARE	FRAME_CROSS	AFTER_MILE	V9_SPACE	BARE	V9_SPACE	FRAME_CROSS__AFTER_MILE__KNOWN_REPEAT__BARE__NONE	FRAME_CROSS__AFTER_MILE__KNOWN_REPEAT__V9_SPACE__NONE	mile after mile	 mile after mile	0	2	2	1	1	0.060488	0.038749	0.060488	-0.314216	541	541	1	1	0	after	KNOWN_REPEAT	HELDOUT_FAMILIAR	1	1
FRAME_CROSS__AFTER_MILE__KNOWN_REPEAT__BARE__NONE__TO__THE_PHRASE	CARRIER_VS_BARE	FRAME_CROSS	AFTER_MILE	THE_PHRASE	BARE	THE_PHRASE	FRAME_CROSS__AFTER_MILE__KNOWN_REPEAT__BARE__NONE	FRAME_CROSS__AFTER_MILE__KNOWN_REPEAT__THE_PHRASE__NONE	mile after mile	the phrase mile after mile	0	2	4	1	1	-0.036367	-0.079039	-0.036367	-0.323174	541	541	1	1	0	after	KNOWN_REPEAT	HELDOUT_FAMILIAR	1	1
FRAME_CROSS__AFTER_MILE__KNOWN_REPEAT__BARE__NONE__TO__THEY_SAID	CARRIER_VS_BARE	FRAME_CROSS	AFTER_MILE	THEY_SAID	BARE	THEY_SAID	FRAME_CROSS__AFTER_MILE__KNOWN_REPEAT__BARE__NONE	FRAME_CROSS__AFTER_MILE__KNOWN_REPEAT__THEY_SAID__NONE	mile after mile	they said mile after mile	0	2	4	1	1	1.09642	1.047687	1.09642	0.214693	541	541	1	1	0	after	KNOWN_REPEAT	HELDOUT_FAMILIAR	1	1
FRAME_CROSS__AFTER_MILE__KNOWN_RELATED__BARE__NONE__TO__V9_SPACE	CARRIER_VS_BARE	FRAME_CROSS	AFTER_MILE	V9_SPACE	BARE	V9_SPACE	FRAME_CROSS__AFTER_MILE__KNOWN_RELATED__BARE__NONE	FRAME_CROSS__AFTER_MILE__KNOWN_RELATED__V9_SPACE__NONE	mile after road	 mile after road	0	2	2	1	1	-0.131774	-0.153513	-0.112884	-0.376215	1888	1888	0	0	0	after	RELATED_DISTINCT	HELDOUT_FAMILIAR	1	1
FRAME_CROSS__AFTER_MILE__KNOWN_RELATED__BARE__NONE__TO__THE_PHRASE	CARRIER_VS_BARE	FRAME_CROSS	AFTER_MILE	THE_PHRASE	BARE	THE_PHRASE	FRAME_CROSS__AFTER_MILE__KNOWN_RELATED__BARE__NONE	FRAME_CROSS__AFTER_MILE__KNOWN_RELATED__THE_PHRASE__NONE	mile after road	the phrase mile after road	0	2	4	1	1	0.244589	0.201917	0.244589	-0.042218	1888	2073	0	0	0	after	RELATED_DISTINCT	HELDOUT_FAMILIAR	1	1
FRAME_CROSS__AFTER_MILE__KNOWN_RELATED__BARE__NONE__TO__THEY_SAID	CARRIER_VS_BARE	FRAME_CROSS	AFTER_MILE	THEY_SAID	BARE	THEY_SAID	FRAME_CROSS__AFTER_MILE__KNOWN_RELATED__BARE__NONE	FRAME_CROSS__AFTER_MILE__KNOWN_RELATED__THEY_SAID__NONE	mile after road	they said mile after road	0	2	4	1	1	-0.053747	-0.10248	-0.053747	0.029112	1888	419	0	0	0	after	RELATED_DISTINCT	HELDOUT_FAMILIAR	1	1
FRAME_CROSS__AFTER_MILE__KNOWN_ARBITRARY__BARE__NONE__TO__V9_SPACE	CARRIER_VS_BARE	FRAME_CROSS	AFTER_MILE	V9_SPACE	BARE	V9_SPACE	FRAME_CROSS__AFTER_MILE__KNOWN_ARBITRARY__BARE__NONE	FRAME_CROSS__AFTER_MILE__KNOWN_ARBITRARY__V9_SPACE__NONE	mile after basket	 mile after basket	0	2	2	1	1	-0.049054	-0.070794	0.0	-0.263331	1888	1888	0	0	0	after	ARBITRARY_DISTINCT	HELDOUT_FAMILIAR	1	1
FRAME_CROSS__AFTER_MILE__KNOWN_ARBITRARY__BARE__NONE__TO__THE_PHRASE	CARRIER_VS_BARE	FRAME_CROSS	AFTER_MILE	THE_PHRASE	BARE	THE_PHRASE	FRAME_CROSS__AFTER_MILE__KNOWN_ARBITRARY__BARE__NONE	FRAME_CROSS__AFTER_MILE__KNOWN_ARBITRARY__THE_PHRASE__NONE	mile after basket	the phrase mile after basket	0	2	4	1	1	0.231205	0.188532	0.13368	-0.153127	1888	2073	0	0	0	after	ARBITRARY_DISTINCT	HELDOUT_FAMILIAR	1	1
FRAME_CROSS__AFTER_MILE__KNOWN_ARBITRARY__BARE__NONE__TO__THEY_SAID	CARRIER_VS_BARE	FRAME_CROSS	AFTER_MILE	THEY_SAID	BARE	THEY_SAID	FRAME_CROSS__AFTER_MILE__KNOWN_ARBITRARY__BARE__NONE	FRAME_CROSS__AFTER_MILE__KNOWN_ARBITRARY__THEY_SAID__NONE	mile after basket	they said mile after basket	0	2	4	1	1	0.091713	0.042979	0.0	0.08286	1888	419	0	0	0	after	ARBITRARY_DISTINCT	HELDOUT_FAMILIAR	1	1
FRAME_CROSS__AFTER_MILE__ARBITRARY_KNOWN__BARE__NONE__TO__V9_SPACE	CARRIER_VS_BARE	FRAME_CROSS	AFTER_MILE	V9_SPACE	BARE	V9_SPACE	FRAME_CROSS__AFTER_MILE__ARBITRARY_KNOWN__BARE__NONE	FRAME_CROSS__AFTER_MILE__ARBITRARY_KNOWN__V9_SPACE__NONE	candle after mile	 candle after mile	0	3	2	1	1	-0.078233	-0.075215	0.0	-0.349232	1888	1888	0	0	0	after	ARBITRARY_DISTINCT	HELDOUT_FAMILIAR	1	1
FRAME_CROSS__AFTER_MILE__ARBITRARY_KNOWN__BARE__NONE__TO__THE_PHRASE	CARRIER_VS_BARE	FRAME_CROSS	AFTER_MILE	THE_PHRASE	BARE	THE_PHRASE	FRAME_CROSS__AFTER_MILE__ARBITRARY_KNOWN__BARE__NONE	FRAME_CROSS__AFTER_MILE__ARBITRARY_KNOWN__THE_PHRASE__NONE	candle after mile	the phrase candle after mile	0	3	4	1	1	-0.075799	-0.067268	0.0	-0.204238	1888	2073	0	0	0	after	ARBITRARY_DISTINCT	HELDOUT_FAMILIAR	1	1
FRAME_CROSS__AFTER_MILE__ARBITRARY_KNOWN__BARE__NONE__TO__THEY_SAID	CARRIER_VS_BARE	FRAME_CROSS	AFTER_MILE	THEY_SAID	BARE	THEY_SAID	FRAME_CROSS__AFTER_MILE__ARBITRARY_KNOWN__BARE__NONE	FRAME_CROSS__AFTER_MILE__ARBITRARY_KNOWN__THEY_SAID__NONE	candle after mile	they said candle after mile	0	3	4	1	1	-0.076786	-0.095235	0.0	0.584391	1888	1888	0	0	0	after	ARBITRARY_DISTINCT	HELDOUT_FAMILIAR	1	1
FRAME_CROSS__AFTER_MILE__ARBITRARY_REPEAT__BARE__NONE__TO__V9_SPACE	CARRIER_VS_BARE	FRAME_CROSS	AFTER_MILE	V9_SPACE	BARE	V9_SPACE	FRAME_CROSS__AFTER_MILE__ARBITRARY_REPEAT__BARE__NONE	FRAME_CROSS__AFTER_MILE__ARBITRARY_REPEAT__V9_SPACE__NONE	candle after candle	 candle after candle	0	3	2	1	1	1.163132	1.166151	1.163132	0.813901	1888	1888	0	0	0	after	NOVEL_REPEAT	HELDOUT_FAMILIAR	1	1
FRAME_CROSS__AFTER_MILE__ARBITRARY_REPEAT__BARE__NONE__TO__THE_PHRASE	CARRIER_VS_BARE	FRAME_CROSS	AFTER_MILE	THE_PHRASE	BARE	THE_PHRASE	FRAME_CROSS__AFTER_MILE__ARBITRARY_REPEAT__BARE__NONE	FRAME_CROSS__AFTER_MILE__ARBITRARY_REPEAT__THE_PHRASE__NONE	candle after candle	the phrase candle after candle	0	3	4	1	1	0.969763	0.978296	0.969763	0.765525	1888	2073	0	0	0	after	NOVEL_REPEAT	HELDOUT_FAMILIAR	1	1
FRAME_CROSS__AFTER_MILE__ARBITRARY_REPEAT__BARE__NONE__TO__THEY_SAID	CARRIER_VS_BARE	FRAME_CROSS	AFTER_MILE	THEY_SAID	BARE	THEY_SAID	FRAME_CROSS__AFTER_MILE__ARBITRARY_REPEAT__BARE__NONE	FRAME_CROSS__AFTER_MILE__ARBITRARY_REPEAT__THEY_SAID__NONE	candle after candle	they said candle after candle	0	3	4	1	1	1.339398	1.32095	1.339398	1.842268	1888	2566	0	0	0	after	NOVEL_REPEAT	HELDOUT_FAMILIAR	1	1
FRAME_CROSS__AFTER_MILE__ARBITRARY_DISTINCT__BARE__NONE__TO__V9_SPACE	CARRIER_VS_BARE	FRAME_CROSS	AFTER_MILE	V9_SPACE	BARE	V9_SPACE	FRAME_CROSS__AFTER_MILE__ARBITRARY_DISTINCT__BARE__NONE	FRAME_CROSS__AFTER_MILE__ARBITRARY_DISTINCT__V9_SPACE__NONE	candle after basket	 candle after basket	0	3	2	1	1	-0.51719	-0.514171	-0.51719	-0.866421	1888	1888	0	0	0	after	NOVEL_DISTINCT	HELDOUT_FAMILIAR	1	1
FRAME_CROSS__AFTER_MILE__ARBITRARY_DISTINCT__BARE__NONE__TO__THE_PHRASE	CARRIER_VS_BARE	FRAME_CROSS	AFTER_MILE	THE_PHRASE	BARE	THE_PHRASE	FRAME_CROSS__AFTER_MILE__ARBITRARY_DISTINCT__BARE__NONE	FRAME_CROSS__AFTER_MILE__ARBITRARY_DISTINCT__THE_PHRASE__NONE	candle after basket	the phrase candle after basket	0	3	4	1	1	-0.360956	-0.352424	-0.360956	-0.565195	1888	2073	0	0	0	after	NOVEL_DISTINCT	HELDOUT_FAMILIAR	1	1
FRAME_CROSS__AFTER_MILE__ARBITRARY_DISTINCT__BARE__NONE__TO__THEY_SAID	CARRIER_VS_BARE	FRAME_CROSS	AFTER_MILE	THEY_SAID	BARE	THEY_SAID	FRAME_CROSS__AFTER_MILE__ARBITRARY_DISTINCT__BARE__NONE	FRAME_CROSS__AFTER_MILE__ARBITRARY_DISTINCT__THEY_SAID__NONE	candle after basket	they said candle after basket	0	3	4	1	1	-0.492406	-0.510854	-0.492406	0.091985	1888	1888	0	0	0	after	NOVEL_DISTINCT	HELDOUT_FAMILIAR	1	1
FRAME_CROSS__AFTER_MILE__KNOWN_NO_CONNECTOR__BARE__NONE__TO__V9_SPACE	CARRIER_VS_BARE	FRAME_CROSS	AFTER_MILE	V9_SPACE	BARE	V9_SPACE	FRAME_CROSS__AFTER_MILE__KNOWN_NO_CONNECTOR__BARE__NONE	FRAME_CROSS__AFTER_MILE__KNOWN_NO_CONNECTOR__V9_SPACE__NONE	mile mile	 mile mile	0	1	1	1	1	0.261049	0.29024	0.261049	-0.002282	1888	1888	0	0	0	after	NO_CONNECTOR	HELDOUT_FAMILIAR	1	1
FRAME_CROSS__AFTER_MILE__KNOWN_NO_CONNECTOR__BARE__NONE__TO__THE_PHRASE	CARRIER_VS_BARE	FRAME_CROSS	AFTER_MILE	THE_PHRASE	BARE	THE_PHRASE	FRAME_CROSS__AFTER_MILE__KNOWN_NO_CONNECTOR__BARE__NONE	FRAME_CROSS__AFTER_MILE__KNOWN_NO_CONNECTOR__THE_PHRASE__NONE	mile mile	the phrase mile mile	0	1	3	1	1	-0.206558	-0.267074	-0.206558	-0.493366	1888	2073	0	0	0	after	NO_CONNECTOR	HELDOUT_FAMILIAR	1	1
FRAME_CROSS__AFTER_MILE__KNOWN_NO_CONNECTOR__BARE__NONE__TO__THEY_SAID	CARRIER_VS_BARE	FRAME_CROSS	AFTER_MILE	THEY_SAID	BARE	THEY_SAID	FRAME_CROSS__AFTER_MILE__KNOWN_NO_CONNECTOR__BARE__NONE	FRAME_CROSS__AFTER_MILE__KNOWN_NO_CONNECTOR__THEY_SAID__NONE	mile mile	they said mile mile	0	1	3	1	1	0.727513	0.70463	0.727513	0.610617	1888	1691	0	0	0	after	NO_CONNECTOR	HELDOUT_FAMILIAR	1	1
FRAME_CROSS__AFTER_MILE__ARBITRARY_NO_CONNECTOR__BARE__NONE__TO__V9_SPACE	CARRIER_VS_BARE	FRAME_CROSS	AFTER_MILE	V9_SPACE	BARE	V9_SPACE	FRAME_CROSS__AFTER_MILE__ARBITRARY_NO_CONNECTOR__BARE__NONE	FRAME_CROSS__AFTER_MILE__ARBITRARY_NO_CONNECTOR__V9_SPACE__NONE	candle candle	 candle candle	0	2	1	1	1	-0.048138	-0.08281	0.0	-0.349232	1888	1888	0	0	0	after	NO_CONNECTOR	HELDOUT_FAMILIAR	1	1
FRAME_CROSS__AFTER_MILE__ARBITRARY_NO_CONNECTOR__BARE__NONE__TO__THE_PHRASE	CARRIER_VS_BARE	FRAME_CROSS	AFTER_MILE	THE_PHRASE	BARE	THE_PHRASE	FRAME_CROSS__AFTER_MILE__ARBITRARY_NO_CONNECTOR__BARE__NONE	FRAME_CROSS__AFTER_MILE__ARBITRARY_NO_CONNECTOR__THE_PHRASE__NONE	candle candle	the phrase candle candle	0	2	3	1	1	0.060177	-0.008964	0.0	-0.204238	1888	2073	0	0	0	after	NO_CONNECTOR	HELDOUT_FAMILIAR	1	1
FRAME_CROSS__AFTER_MILE__ARBITRARY_NO_CONNECTOR__BARE__NONE__TO__THEY_SAID	CARRIER_VS_BARE	FRAME_CROSS	AFTER_MILE	THEY_SAID	BARE	THEY_SAID	FRAME_CROSS__AFTER_MILE__ARBITRARY_NO_CONNECTOR__BARE__NONE	FRAME_CROSS__AFTER_MILE__ARBITRARY_NO_CONNECTOR__THEY_SAID__NONE	candle candle	they said candle candle	0	2	3	1	1	0.010002	-0.066224	0.0	0.362263	1888	2566	0	0	0	after	NO_CONNECTOR	HELDOUT_FAMILIAR	1	1
REPEAT_CONNECTOR__AFTER_MILE__AND__BARE__NONE__TO__V9_SPACE	CARRIER_VS_BARE	REPEAT_CONNECTOR	AFTER_MILE	V9_SPACE	BARE	V9_SPACE	REPEAT_CONNECTOR__AFTER_MILE__AND__BARE__NONE	REPEAT_CONNECTOR__AFTER_MILE__AND__V9_SPACE__NONE	mile and mile	 mile and mile	0	2	2	1	1	-0.603907	-0.612972	-0.603907	0.353116	2659	2659	0	0	0	after	KNOWN_REPEAT	HELDOUT_FAMILIAR	1	1
REPEAT_CONNECTOR__AFTER_MILE__AND__BARE__NONE__TO__THE_PHRASE	CARRIER_VS_BARE	REPEAT_CONNECTOR	AFTER_MILE	THE_PHRASE	BARE	THE_PHRASE	REPEAT_CONNECTOR__AFTER_MILE__AND__BARE__NONE	REPEAT_CONNECTOR__AFTER_MILE__AND__THE_PHRASE__NONE	mile and mile	the phrase mile and mile	0	2	4	1	1	-1.34407	-1.352346	-1.34407	-0.197621	2659	2659	0	0	0	after	KNOWN_REPEAT	HELDOUT_FAMILIAR	1	1
REPEAT_CONNECTOR__AFTER_MILE__AND__BARE__NONE__TO__THEY_SAID	CARRIER_VS_BARE	REPEAT_CONNECTOR	AFTER_MILE	THEY_SAID	BARE	THEY_SAID	REPEAT_CONNECTOR__AFTER_MILE__AND__BARE__NONE	REPEAT_CONNECTOR__AFTER_MILE__AND__THEY_SAID__NONE	mile and mile	they said mile and mile	0	2	4	1	1	-0.886781	-0.894246	-0.886781	-0.013893	2659	2659	0	0	0	after	KNOWN_REPEAT	HELDOUT_FAMILIAR	1	1
REPEAT_CONNECTOR__AFTER_MILE__OR__BARE__NONE__TO__V9_SPACE	CARRIER_VS_BARE	REPEAT_CONNECTOR	AFTER_MILE	V9_SPACE	BARE	V9_SPACE	REPEAT_CONNECTOR__AFTER_MILE__OR__BARE__NONE	REPEAT_CONNECTOR__AFTER_MILE__OR__V9_SPACE__NONE	mile or mile	 mile or mile	0	2	2	1	1	-0.389659	-0.390317	-0.389659	0.111295	2659	2659	0	0	0	after	KNOWN_REPEAT	HELDOUT_FAMILIAR	1	1
REPEAT_CONNECTOR__AFTER_MILE__OR__BARE__NONE__TO__THE_PHRASE	CARRIER_VS_BARE	REPEAT_CONNECTOR	AFTER_MILE	THE_PHRASE	BARE	THE_PHRASE	REPEAT_CONNECTOR__AFTER_MILE__OR__BARE__NONE	REPEAT_CONNECTOR__AFTER_MILE__OR__THE_PHRASE__NONE	mile or mile	the phrase mile or mile	0	2	4	1	1	-1.392927	-1.393643	-1.392927	-0.620951	2659	2659	0	0	0	after	KNOWN_REPEAT	HELDOUT_FAMILIAR	1	1
REPEAT_CONNECTOR__AFTER_MILE__OR__BARE__NONE__TO__THEY_SAID	CARRIER_VS_BARE	REPEAT_CONNECTOR	AFTER_MILE	THEY_SAID	BARE	THEY_SAID	REPEAT_CONNECTOR__AFTER_MILE__OR__BARE__NONE	REPEAT_CONNECTOR__AFTER_MILE__OR__THEY_SAID__NONE	mile or mile	they said mile or mile	0	2	4	1	1	-1.115951	-1.116884	-1.115951	-0.448469	2659	2659	0	0	0	after	KNOWN_REPEAT	HELDOUT_FAMILIAR	1	1
REPEAT_CONNECTOR__AFTER_MILE__TO__BARE__NONE__TO__V9_SPACE	CARRIER_VS_BARE	REPEAT_CONNECTOR	AFTER_MILE	V9_SPACE	BARE	V9_SPACE	REPEAT_CONNECTOR__AFTER_MILE__TO__BARE__NONE	REPEAT_CONNECTOR__AFTER_MILE__TO__V9_SPACE__NONE	mile to mile	 mile to mile	0	2	2	1	1	-0.153995	-0.15705	-0.153995	0.180716	2659	541	0	1	1	after	KNOWN_REPEAT	HELDOUT_FAMILIAR	1	1
REPEAT_CONNECTOR__AFTER_MILE__TO__BARE__NONE__TO__THE_PHRASE	CARRIER_VS_BARE	REPEAT_CONNECTOR	AFTER_MILE	THE_PHRASE	BARE	THE_PHRASE	REPEAT_CONNECTOR__AFTER_MILE__TO__BARE__NONE	REPEAT_CONNECTOR__AFTER_MILE__TO__THE_PHRASE__NONE	mile to mile	the phrase mile to mile	0	2	4	1	1	0.223829	0.227584	0.223829	-0.163115	2659	2659	0	0	0	after	KNOWN_REPEAT	HELDOUT_FAMILIAR	1	1
REPEAT_CONNECTOR__AFTER_MILE__TO__BARE__NONE__TO__THEY_SAID	CARRIER_VS_BARE	REPEAT_CONNECTOR	AFTER_MILE	THEY_SAID	BARE	THEY_SAID	REPEAT_CONNECTOR__AFTER_MILE__TO__BARE__NONE	REPEAT_CONNECTOR__AFTER_MILE__TO__THEY_SAID__NONE	mile to mile	they said mile to mile	0	2	4	1	1	0.626094	0.617241	0.626094	-0.256462	2659	2659	0	0	0	after	KNOWN_REPEAT	HELDOUT_FAMILIAR	1	1
REPEAT_CONNECTOR__AFTER_MILE__BY__BARE__NONE__TO__V9_SPACE	CARRIER_VS_BARE	REPEAT_CONNECTOR	AFTER_MILE	V9_SPACE	BARE	V9_SPACE	REPEAT_CONNECTOR__AFTER_MILE__BY__BARE__NONE	REPEAT_CONNECTOR__AFTER_MILE__BY__V9_SPACE__NONE	mile by mile	 mile by mile	0	2	2	1	1	0.049206	0.052163	0.049206	-0.057019	541	541	1	1	0	after	KNOWN_REPEAT	HELDOUT_FAMILIAR	1	1
REPEAT_CONNECTOR__AFTER_MILE__BY__BARE__NONE__TO__THE_PHRASE	CARRIER_VS_BARE	REPEAT_CONNECTOR	AFTER_MILE	THE_PHRASE	BARE	THE_PHRASE	REPEAT_CONNECTOR__AFTER_MILE__BY__BARE__NONE	REPEAT_CONNECTOR__AFTER_MILE__BY__THE_PHRASE__NONE	mile by mile	the phrase mile by mile	0	2	4	1	1	0.339677	0.316857	0.339677	-0.422963	541	541	1	1	0	after	KNOWN_REPEAT	HELDOUT_FAMILIAR	1	1
REPEAT_CONNECTOR__AFTER_MILE__BY__BARE__NONE__TO__THEY_SAID	CARRIER_VS_BARE	REPEAT_CONNECTOR	AFTER_MILE	THEY_SAID	BARE	THEY_SAID	REPEAT_CONNECTOR__AFTER_MILE__BY__BARE__NONE	REPEAT_CONNECTOR__AFTER_MILE__BY__THEY_SAID__NONE	mile by mile	they said mile by mile	0	2	4	1	1	0.67192	0.662273	0.67192	-0.499078	541	541	1	1	0	after	KNOWN_REPEAT	HELDOUT_FAMILIAR	1	1
REPEAT_CONNECTOR__AFTER_MILE__AFTER__BARE__NONE__TO__V9_SPACE	CARRIER_VS_BARE	REPEAT_CONNECTOR	AFTER_MILE	V9_SPACE	BARE	V9_SPACE	REPEAT_CONNECTOR__AFTER_MILE__AFTER__BARE__NONE	REPEAT_CONNECTOR__AFTER_MILE__AFTER__V9_SPACE__NONE	mile after mile	 mile after mile	0	2	2	1	1	0.060488	0.038749	0.060488	-0.314216	541	541	1	1	0	after	KNOWN_REPEAT	HELDOUT_FAMILIAR	1	1
REPEAT_CONNECTOR__AFTER_MILE__AFTER__BARE__NONE__TO__THE_PHRASE	CARRIER_VS_BARE	REPEAT_CONNECTOR	AFTER_MILE	THE_PHRASE	BARE	THE_PHRASE	REPEAT_CONNECTOR__AFTER_MILE__AFTER__BARE__NONE	REPEAT_CONNECTOR__AFTER_MILE__AFTER__THE_PHRASE__NONE	mile after mile	the phrase mile after mile	0	2	4	1	1	-0.036367	-0.079039	-0.036367	-0.323174	541	541	1	1	0	after	KNOWN_REPEAT	HELDOUT_FAMILIAR	1	1
REPEAT_CONNECTOR__AFTER_MILE__AFTER__BARE__NONE__TO__THEY_SAID	CARRIER_VS_BARE	REPEAT_CONNECTOR	AFTER_MILE	THEY_SAID	BARE	THEY_SAID	REPEAT_CONNECTOR__AFTER_MILE__AFTER__BARE__NONE	REPEAT_CONNECTOR__AFTER_MILE__AFTER__THEY_SAID__NONE	mile after mile	they said mile after mile	0	2	4	1	1	1.09642	1.047687	1.09642	0.214693	541	541	1	1	0	after	KNOWN_REPEAT	HELDOUT_FAMILIAR	1	1
FRAME_CROSS__BY_ONE__KNOWN_REPEAT__BARE__NONE__TO__V9_SPACE	CARRIER_VS_BARE	FRAME_CROSS	BY_ONE	V9_SPACE	BARE	V9_SPACE	FRAME_CROSS__BY_ONE__KNOWN_REPEAT__BARE__NONE	FRAME_CROSS__BY_ONE__KNOWN_REPEAT__V9_SPACE__NONE	one by one	 one by one	0	2	2	1	1	0.387842	0.377287	0.387842	-0.105712	541	541	1	1	0	by	KNOWN_REPEAT	V9_ATTESTED	1	1
FRAME_CROSS__BY_ONE__KNOWN_REPEAT__BARE__NONE__TO__THE_PHRASE	CARRIER_VS_BARE	FRAME_CROSS	BY_ONE	THE_PHRASE	BARE	THE_PHRASE	FRAME_CROSS__BY_ONE__KNOWN_REPEAT__BARE__NONE	FRAME_CROSS__BY_ONE__KNOWN_REPEAT__THE_PHRASE__NONE	one by one	the phrase one by one	0	2	4	1	1	0.800191	0.761276	0.800191	-0.166167	541	541	1	1	0	by	KNOWN_REPEAT	V9_ATTESTED	1	1
FRAME_CROSS__BY_ONE__KNOWN_REPEAT__BARE__NONE__TO__THEY_SAID	CARRIER_VS_BARE	FRAME_CROSS	BY_ONE	THEY_SAID	BARE	THEY_SAID	FRAME_CROSS__BY_ONE__KNOWN_REPEAT__BARE__NONE	FRAME_CROSS__BY_ONE__KNOWN_REPEAT__THEY_SAID__NONE	one by one	they said one by one	0	2	4	1	1	0.052791	-0.035332	0.052791	-0.020919	541	541	1	1	0	by	KNOWN_REPEAT	V9_ATTESTED	1	1
FRAME_CROSS__BY_ONE__KNOWN_RELATED__BARE__NONE__TO__V9_SPACE	CARRIER_VS_BARE	FRAME_CROSS	BY_ONE	V9_SPACE	BARE	V9_SPACE	FRAME_CROSS__BY_ONE__KNOWN_RELATED__BARE__NONE	FRAME_CROSS__BY_ONE__KNOWN_RELATED__V9_SPACE__NONE	one by two	 one by two	0	2	2	1	1	-0.170321	-0.180877	-0.170321	-0.5237	541	541	1	1	0	by	RELATED_DISTINCT	V9_ATTESTED	1	1
FRAME_CROSS__BY_ONE__KNOWN_RELATED__BARE__NONE__TO__THE_PHRASE	CARRIER_VS_BARE	FRAME_CROSS	BY_ONE	THE_PHRASE	BARE	THE_PHRASE	FRAME_CROSS__BY_ONE__KNOWN_RELATED__BARE__NONE	FRAME_CROSS__BY_ONE__KNOWN_RELATED__THE_PHRASE__NONE	one by two	the phrase one by two	0	2	4	1	1	0.1238	0.084884	0.1238	-0.019048	541	541	1	1	0	by	RELATED_DISTINCT	V9_ATTESTED	1	1
FRAME_CROSS__BY_ONE__KNOWN_RELATED__BARE__NONE__TO__THEY_SAID	CARRIER_VS_BARE	FRAME_CROSS	BY_ONE	THEY_SAID	BARE	THEY_SAID	FRAME_CROSS__BY_ONE__KNOWN_RELATED__BARE__NONE	FRAME_CROSS__BY_ONE__KNOWN_RELATED__THEY_SAID__NONE	one by two	they said one by two	0	2	4	1	1	-1.100466	-1.18859	-1.100466	-1.049046	541	971	1	0	1	by	RELATED_DISTINCT	V9_ATTESTED	1	1
FRAME_CROSS__BY_ONE__KNOWN_ARBITRARY__BARE__NONE__TO__V9_SPACE	CARRIER_VS_BARE	FRAME_CROSS	BY_ONE	V9_SPACE	BARE	V9_SPACE	FRAME_CROSS__BY_ONE__KNOWN_ARBITRARY__BARE__NONE	FRAME_CROSS__BY_ONE__KNOWN_ARBITRARY__V9_SPACE__NONE	one by ocean	 one by ocean	0	2	2	1	1	-0.087156	-0.097711	0.0	-0.598467	1888	1888	0	0	0	by	ARBITRARY_DISTINCT	V9_ATTESTED	1	1
FRAME_CROSS__BY_ONE__KNOWN_ARBITRARY__BARE__NONE__TO__THE_PHRASE	CARRIER_VS_BARE	FRAME_CROSS	BY_ONE	THE_PHRASE	BARE	THE_PHRASE	FRAME_CROSS__BY_ONE__KNOWN_ARBITRARY__BARE__NONE	FRAME_CROSS__BY_ONE__KNOWN_ARBITRARY__THE_PHRASE__NONE	one by ocean	the phrase one by ocean	0	2	4	1	1	-0.096285	-0.1352	0.0	-0.387936	1888	2073	0	0	0	by	ARBITRARY_DISTINCT	V9_ATTESTED	1	1
FRAME_CROSS__BY_ONE__KNOWN_ARBITRARY__BARE__NONE__TO__THEY_SAID	CARRIER_VS_BARE	FRAME_CROSS	BY_ONE	THEY_SAID	BARE	THEY_SAID	FRAME_CROSS__BY_ONE__KNOWN_ARBITRARY__BARE__NONE	FRAME_CROSS__BY_ONE__KNOWN_ARBITRARY__THEY_SAID__NONE	one by ocean	they said one by ocean	0	2	4	1	1	-0.133336	-0.221459	0.0	0.224646	1888	1888	0	0	0	by	ARBITRARY_DISTINCT	V9_ATTESTED	1	1
FRAME_CROSS__BY_ONE__ARBITRARY_KNOWN__BARE__NONE__TO__V9_SPACE	CARRIER_VS_BARE	FRAME_CROSS	BY_ONE	V9_SPACE	BARE	V9_SPACE	FRAME_CROSS__BY_ONE__ARBITRARY_KNOWN__BARE__NONE	FRAME_CROSS__BY_ONE__ARBITRARY_KNOWN__V9_SPACE__NONE	velvet by one	 velvet by one	0	3	2	1	1	-0.017423	-0.035542	0.0	-0.830844	1790	1888	0	0	0	by	ARBITRARY_DISTINCT	V9_ATTESTED	1	1
FRAME_CROSS__BY_ONE__ARBITRARY_KNOWN__BARE__NONE__TO__THE_PHRASE	CARRIER_VS_BARE	FRAME_CROSS	BY_ONE	THE_PHRASE	BARE	THE_PHRASE	FRAME_CROSS__BY_ONE__ARBITRARY_KNOWN__BARE__NONE	FRAME_CROSS__BY_ONE__ARBITRARY_KNOWN__THE_PHRASE__NONE	velvet by one	the phrase velvet by one	0	3	4	1	1	0.050445	0.001509	0.0	-0.749508	1790	2073	0	0	0	by	ARBITRARY_DISTINCT	V9_ATTESTED	1	1
FRAME_CROSS__BY_ONE__ARBITRARY_KNOWN__BARE__NONE__TO__THEY_SAID	CARRIER_VS_BARE	FRAME_CROSS	BY_ONE	THEY_SAID	BARE	THEY_SAID	FRAME_CROSS__BY_ONE__ARBITRARY_KNOWN__BARE__NONE	FRAME_CROSS__BY_ONE__ARBITRARY_KNOWN__THEY_SAID__NONE	velvet by one	they said velvet by one	0	3	4	1	1	0.024088	-0.041706	0.0	0.12277	1790	2256	0	0	0	by	ARBITRARY_DISTINCT	V9_ATTESTED	1	1
FRAME_CROSS__BY_ONE__ARBITRARY_REPEAT__BARE__NONE__TO__V9_SPACE	CARRIER_VS_BARE	FRAME_CROSS	BY_ONE	V9_SPACE	BARE	V9_SPACE	FRAME_CROSS__BY_ONE__ARBITRARY_REPEAT__BARE__NONE	FRAME_CROSS__BY_ONE__ARBITRARY_REPEAT__V9_SPACE__NONE	velvet by velvet	 velvet by velvet	0	3	2	1	1	0.963234	0.945114	0.963234	0.132389	1790	1888	0	0	0	by	NOVEL_REPEAT	V9_ATTESTED	1	1
FRAME_CROSS__BY_ONE__ARBITRARY_REPEAT__BARE__NONE__TO__THE_PHRASE	CARRIER_VS_BARE	FRAME_CROSS	BY_ONE	THE_PHRASE	BARE	THE_PHRASE	FRAME_CROSS__BY_ONE__ARBITRARY_REPEAT__BARE__NONE	FRAME_CROSS__BY_ONE__ARBITRARY_REPEAT__THE_PHRASE__NONE	velvet by velvet	the phrase velvet by velvet	0	3	4	1	1	0.446798	0.397862	0.446798	-0.30271	1790	2073	0	0	0	by	NOVEL_REPEAT	V9_ATTESTED	1	1
FRAME_CROSS__BY_ONE__ARBITRARY_REPEAT__BARE__NONE__TO__THEY_SAID	CARRIER_VS_BARE	FRAME_CROSS	BY_ONE	THEY_SAID	BARE	THEY_SAID	FRAME_CROSS__BY_ONE__ARBITRARY_REPEAT__BARE__NONE	FRAME_CROSS__BY_ONE__ARBITRARY_REPEAT__THEY_SAID__NONE	velvet by velvet	they said velvet by velvet	0	3	4	1	1	0.839531	0.773738	0.839531	0.962302	1790	2256	0	0	0	by	NOVEL_REPEAT	V9_ATTESTED	1	1
FRAME_CROSS__BY_ONE__ARBITRARY_DISTINCT__BARE__NONE__TO__V9_SPACE	CARRIER_VS_BARE	FRAME_CROSS	BY_ONE	V9_SPACE	BARE	V9_SPACE	FRAME_CROSS__BY_ONE__ARBITRARY_DISTINCT__BARE__NONE	FRAME_CROSS__BY_ONE__ARBITRARY_DISTINCT__V9_SPACE__NONE	velvet by ocean	 velvet by ocean	0	3	2	1	1	0.005328	-0.012792	0.0	-0.830844	1790	1888	0	0	0	by	NOVEL_DISTINCT	V9_ATTESTED	1	1
FRAME_CROSS__BY_ONE__ARBITRARY_DISTINCT__BARE__NONE__TO__THE_PHRASE	CARRIER_VS_BARE	FRAME_CROSS	BY_ONE	THE_PHRASE	BARE	THE_PHRASE	FRAME_CROSS__BY_ONE__ARBITRARY_DISTINCT__BARE__NONE	FRAME_CROSS__BY_ONE__ARBITRARY_DISTINCT__THE_PHRASE__NONE	velvet by ocean	the phrase velvet by ocean	0	3	4	1	1	0.00114	-0.047796	0.0	-0.749508	1790	2073	0	0	0	by	NOVEL_DISTINCT	V9_ATTESTED	1	1
FRAME_CROSS__BY_ONE__ARBITRARY_DISTINCT__BARE__NONE__TO__THEY_SAID	CARRIER_VS_BARE	FRAME_CROSS	BY_ONE	THEY_SAID	BARE	THEY_SAID	FRAME_CROSS__BY_ONE__ARBITRARY_DISTINCT__BARE__NONE	FRAME_CROSS__BY_ONE__ARBITRARY_DISTINCT__THEY_SAID__NONE	velvet by ocean	they said velvet by ocean	0	3	4	1	1	0.00019	-0.065603	0.0	0.12277	1790	2256	0	0	0	by	NOVEL_DISTINCT	V9_ATTESTED	1	1
FRAME_CROSS__BY_ONE__KNOWN_NO_CONNECTOR__BARE__NONE__TO__V9_SPACE	CARRIER_VS_BARE	FRAME_CROSS	BY_ONE	V9_SPACE	BARE	V9_SPACE	FRAME_CROSS__BY_ONE__KNOWN_NO_CONNECTOR__BARE__NONE	FRAME_CROSS__BY_ONE__KNOWN_NO_CONNECTOR__V9_SPACE__NONE	one one	 one one	0	1	1	1	1	0.038019	0.085246	0.0	-0.598467	1888	1888	0	0	0	by	NO_CONNECTOR	V9_ATTESTED	1	1
FRAME_CROSS__BY_ONE__KNOWN_NO_CONNECTOR__BARE__NONE__TO__THE_PHRASE	CARRIER_VS_BARE	FRAME_CROSS	BY_ONE	THE_PHRASE	BARE	THE_PHRASE	FRAME_CROSS__BY_ONE__KNOWN_NO_CONNECTOR__BARE__NONE	FRAME_CROSS__BY_ONE__KNOWN_NO_CONNECTOR__THE_PHRASE__NONE	one one	the phrase one one	0	1	3	1	1	0.077343	0.033324	0.0	-0.387936	1888	2073	0	0	0	by	NO_CONNECTOR	V9_ATTESTED	1	1
FRAME_CROSS__BY_ONE__KNOWN_NO_CONNECTOR__BARE__NONE__TO__THEY_SAID	CARRIER_VS_BARE	FRAME_CROSS	BY_ONE	THEY_SAID	BARE	THEY_SAID	FRAME_CROSS__BY_ONE__KNOWN_NO_CONNECTOR__BARE__NONE	FRAME_CROSS__BY_ONE__KNOWN_NO_CONNECTOR__THEY_SAID__NONE	one one	they said one one	0	1	3	1	1	0.095196	0.059143	0.0	0.484342	1888	2256	0	0	0	by	NO_CONNECTOR	V9_ATTESTED	1	1
FRAME_CROSS__BY_ONE__ARBITRARY_NO_CONNECTOR__BARE__NONE__TO__V9_SPACE	CARRIER_VS_BARE	FRAME_CROSS	BY_ONE	V9_SPACE	BARE	V9_SPACE	FRAME_CROSS__BY_ONE__ARBITRARY_NO_CONNECTOR__BARE__NONE	FRAME_CROSS__BY_ONE__ARBITRARY_NO_CONNECTOR__V9_SPACE__NONE	velvet velvet	 velvet velvet	0	2	1	1	1	-0.008104	0.02828	0.0	-0.830844	1790	1888	0	0	0	by	NO_CONNECTOR	V9_ATTESTED	1	1
FRAME_CROSS__BY_ONE__ARBITRARY_NO_CONNECTOR__BARE__NONE__TO__THE_PHRASE	CARRIER_VS_BARE	FRAME_CROSS	BY_ONE	THE_PHRASE	BARE	THE_PHRASE	FRAME_CROSS__BY_ONE__ARBITRARY_NO_CONNECTOR__BARE__NONE	FRAME_CROSS__BY_ONE__ARBITRARY_NO_CONNECTOR__THE_PHRASE__NONE	velvet velvet	the phrase velvet velvet	0	2	3	1	1	0.017105	-0.042571	0.0	-0.749508	1790	2073	0	0	0	by	NO_CONNECTOR	V9_ATTESTED	1	1
FRAME_CROSS__BY_ONE__ARBITRARY_NO_CONNECTOR__BARE__NONE__TO__THEY_SAID	CARRIER_VS_BARE	FRAME_CROSS	BY_ONE	THEY_SAID	BARE	THEY_SAID	FRAME_CROSS__BY_ONE__ARBITRARY_NO_CONNECTOR__BARE__NONE	FRAME_CROSS__BY_ONE__ARBITRARY_NO_CONNECTOR__THEY_SAID__NONE	velvet velvet	they said velvet velvet	0	2	3	1	1	0.025281	0.001383	0.0	0.12277	1790	2256	0	0	0	by	NO_CONNECTOR	V9_ATTESTED	1	1
REPEAT_CONNECTOR__BY_ONE__AND__BARE__NONE__TO__V9_SPACE	CARRIER_VS_BARE	REPEAT_CONNECTOR	BY_ONE	V9_SPACE	BARE	V9_SPACE	REPEAT_CONNECTOR__BY_ONE__AND__BARE__NONE	REPEAT_CONNECTOR__BY_ONE__AND__V9_SPACE__NONE	one and one	 one and one	0	2	2	1	1	-0.239337	-0.24663	-0.239337	-0.359054	2292	2292	0	0	0	by	KNOWN_REPEAT	V9_ATTESTED	1	1
REPEAT_CONNECTOR__BY_ONE__AND__BARE__NONE__TO__THE_PHRASE	CARRIER_VS_BARE	REPEAT_CONNECTOR	BY_ONE	THE_PHRASE	BARE	THE_PHRASE	REPEAT_CONNECTOR__BY_ONE__AND__BARE__NONE	REPEAT_CONNECTOR__BY_ONE__AND__THE_PHRASE__NONE	one and one	the phrase one and one	0	2	4	1	1	-0.260341	-0.265	-0.260341	-0.760556	2292	2292	0	0	0	by	KNOWN_REPEAT	V9_ATTESTED	1	1
REPEAT_CONNECTOR__BY_ONE__AND__BARE__NONE__TO__THEY_SAID	CARRIER_VS_BARE	REPEAT_CONNECTOR	BY_ONE	THEY_SAID	BARE	THEY_SAID	REPEAT_CONNECTOR__BY_ONE__AND__BARE__NONE	REPEAT_CONNECTOR__BY_ONE__AND__THEY_SAID__NONE	one and one	they said one and one	0	2	4	1	1	0.03875	0.029848	0.03875	-0.183707	2292	2292	0	0	0	by	KNOWN_REPEAT	V9_ATTESTED	1	1
REPEAT_CONNECTOR__BY_ONE__OR__BARE__NONE__TO__V9_SPACE	CARRIER_VS_BARE	REPEAT_CONNECTOR	BY_ONE	V9_SPACE	BARE	V9_SPACE	REPEAT_CONNECTOR__BY_ONE__OR__BARE__NONE	REPEAT_CONNECTOR__BY_ONE__OR__V9_SPACE__NONE	one or one	 one or one	0	2	2	1	1	-0.96552	-0.968978	-0.96552	-1.331271	2292	1888	0	0	0	by	KNOWN_REPEAT	V9_ATTESTED	1	1
REPEAT_CONNECTOR__BY_ONE__OR__BARE__NONE__TO__THE_PHRASE	CARRIER_VS_BARE	REPEAT_CONNECTOR	BY_ONE	THE_PHRASE	BARE	THE_PHRASE	REPEAT_CONNECTOR__BY_ONE__OR__BARE__NONE	REPEAT_CONNECTOR__BY_ONE__OR__THE_PHRASE__NONE	one or one	the phrase one or one	0	2	4	1	1	-0.881745	-0.885597	-0.881745	-1.036964	2292	2073	0	0	0	by	KNOWN_REPEAT	V9_ATTESTED	1	1
REPEAT_CONNECTOR__BY_ONE__OR__BARE__NONE__TO__THEY_SAID	CARRIER_VS_BARE	REPEAT_CONNECTOR	BY_ONE	THEY_SAID	BARE	THEY_SAID	REPEAT_CONNECTOR__BY_ONE__OR__BARE__NONE	REPEAT_CONNECTOR__BY_ONE__OR__THEY_SAID__NONE	one or one	they said one or one	0	2	4	1	1	-1.459706	-1.464059	-1.459706	-1.08124	2292	2292	0	0	0	by	KNOWN_REPEAT	V9_ATTESTED	1	1
REPEAT_CONNECTOR__BY_ONE__TO__BARE__NONE__TO__V9_SPACE	CARRIER_VS_BARE	REPEAT_CONNECTOR	BY_ONE	V9_SPACE	BARE	V9_SPACE	REPEAT_CONNECTOR__BY_ONE__TO__BARE__NONE	REPEAT_CONNECTOR__BY_ONE__TO__V9_SPACE__NONE	one to one	 one to one	0	2	2	1	1	0.498646	0.501832	0.498646	-0.099821	541	1888	1	0	1	by	KNOWN_REPEAT	V9_ATTESTED	1	1
REPEAT_CONNECTOR__BY_ONE__TO__BARE__NONE__TO__THE_PHRASE	CARRIER_VS_BARE	REPEAT_CONNECTOR	BY_ONE	THE_PHRASE	BARE	THE_PHRASE	REPEAT_CONNECTOR__BY_ONE__TO__BARE__NONE	REPEAT_CONNECTOR__BY_ONE__TO__THE_PHRASE__NONE	one to one	the phrase one to one	0	2	4	1	1	0.38028	0.377225	0.38028	-0.007655	541	541	1	1	0	by	KNOWN_REPEAT	V9_ATTESTED	1	1
REPEAT_CONNECTOR__BY_ONE__TO__BARE__NONE__TO__THEY_SAID	CARRIER_VS_BARE	REPEAT_CONNECTOR	BY_ONE	THEY_SAID	BARE	THEY_SAID	REPEAT_CONNECTOR__BY_ONE__TO__BARE__NONE	REPEAT_CONNECTOR__BY_ONE__TO__THEY_SAID__NONE	one to one	they said one to one	0	2	4	1	1	0.806873	0.791076	0.806873	0.92883	541	541	1	1	0	by	KNOWN_REPEAT	V9_ATTESTED	1	1
REPEAT_CONNECTOR__BY_ONE__BY__BARE__NONE__TO__V9_SPACE	CARRIER_VS_BARE	REPEAT_CONNECTOR	BY_ONE	V9_SPACE	BARE	V9_SPACE	REPEAT_CONNECTOR__BY_ONE__BY__BARE__NONE	REPEAT_CONNECTOR__BY_ONE__BY__V9_SPACE__NONE	one by one	 one by one	0	2	2	1	1	0.387842	0.377287	0.387842	-0.105712	541	541	1	1	0	by	KNOWN_REPEAT	V9_ATTESTED	1	1
REPEAT_CONNECTOR__BY_ONE__BY__BARE__NONE__TO__THE_PHRASE	CARRIER_VS_BARE	REPEAT_CONNECTOR	BY_ONE	THE_PHRASE	BARE	THE_PHRASE	REPEAT_CONNECTOR__BY_ONE__BY__BARE__NONE	REPEAT_CONNECTOR__BY_ONE__BY__THE_PHRASE__NONE	one by one	the phrase one by one	0	2	4	1	1	0.800191	0.761276	0.800191	-0.166167	541	541	1	1	0	by	KNOWN_REPEAT	V9_ATTESTED	1	1
REPEAT_CONNECTOR__BY_ONE__BY__BARE__NONE__TO__THEY_SAID	CARRIER_VS_BARE	REPEAT_CONNECTOR	BY_ONE	THEY_SAID	BARE	THEY_SAID	REPEAT_CONNECTOR__BY_ONE__BY__BARE__NONE	REPEAT_CONNECTOR__BY_ONE__BY__THEY_SAID__NONE	one by one	they said one by one	0	2	4	1	1	0.052791	-0.035332	0.052791	-0.020919	541	541	1	1	0	by	KNOWN_REPEAT	V9_ATTESTED	1	1
REPEAT_CONNECTOR__BY_ONE__AFTER__BARE__NONE__TO__V9_SPACE	CARRIER_VS_BARE	REPEAT_CONNECTOR	BY_ONE	V9_SPACE	BARE	V9_SPACE	REPEAT_CONNECTOR__BY_ONE__AFTER__BARE__NONE	REPEAT_CONNECTOR__BY_ONE__AFTER__V9_SPACE__NONE	one after one	 one after one	0	2	2	1	1	1.725292	1.721261	1.725292	1.126826	1888	541	0	1	1	by	KNOWN_REPEAT	V9_ATTESTED	1	1
REPEAT_CONNECTOR__BY_ONE__AFTER__BARE__NONE__TO__THE_PHRASE	CARRIER_VS_BARE	REPEAT_CONNECTOR	BY_ONE	THE_PHRASE	BARE	THE_PHRASE	REPEAT_CONNECTOR__BY_ONE__AFTER__BARE__NONE	REPEAT_CONNECTOR__BY_ONE__AFTER__THE_PHRASE__NONE	one after one	the phrase one after one	0	2	4	1	1	1.542034	1.561655	1.542034	1.154099	1888	541	0	1	1	by	KNOWN_REPEAT	V9_ATTESTED	1	1
REPEAT_CONNECTOR__BY_ONE__AFTER__BARE__NONE__TO__THEY_SAID	CARRIER_VS_BARE	REPEAT_CONNECTOR	BY_ONE	THEY_SAID	BARE	THEY_SAID	REPEAT_CONNECTOR__BY_ONE__AFTER__BARE__NONE	REPEAT_CONNECTOR__BY_ONE__AFTER__THEY_SAID__NONE	one after one	they said one after one	0	2	4	1	1	1.472024	1.446546	1.472024	1.695243	1888	541	0	1	1	by	KNOWN_REPEAT	V9_ATTESTED	1	1
FRAME_CROSS__BY_ZONE__KNOWN_REPEAT__BARE__NONE__TO__V9_SPACE	CARRIER_VS_BARE	FRAME_CROSS	BY_ZONE	V9_SPACE	BARE	V9_SPACE	FRAME_CROSS__BY_ZONE__KNOWN_REPEAT__BARE__NONE	FRAME_CROSS__BY_ZONE__KNOWN_REPEAT__V9_SPACE__NONE	zone by zone	 zone by zone	0	2	2	1	1	0.416414	0.372612	0.416414	-0.089459	541	1888	1	0	1	by	KNOWN_REPEAT	V9_ATTESTED	1	1
FRAME_CROSS__BY_ZONE__KNOWN_REPEAT__BARE__NONE__TO__THE_PHRASE	CARRIER_VS_BARE	FRAME_CROSS	BY_ZONE	THE_PHRASE	BARE	THE_PHRASE	FRAME_CROSS__BY_ZONE__KNOWN_REPEAT__BARE__NONE	FRAME_CROSS__BY_ZONE__KNOWN_REPEAT__THE_PHRASE__NONE	zone by zone	the phrase zone by zone	0	2	4	1	1	0.245763	0.169475	0.245763	-0.076001	541	541	1	1	0	by	KNOWN_REPEAT	V9_ATTESTED	1	1
FRAME_CROSS__BY_ZONE__KNOWN_REPEAT__BARE__NONE__TO__THEY_SAID	CARRIER_VS_BARE	FRAME_CROSS	BY_ZONE	THEY_SAID	BARE	THEY_SAID	FRAME_CROSS__BY_ZONE__KNOWN_REPEAT__BARE__NONE	FRAME_CROSS__BY_ZONE__KNOWN_REPEAT__THEY_SAID__NONE	zone by zone	they said zone by zone	0	2	4	1	1	0.926401	0.852712	0.926401	0.381272	541	541	1	1	0	by	KNOWN_REPEAT	V9_ATTESTED	1	1
FRAME_CROSS__BY_ZONE__KNOWN_RELATED__BARE__NONE__TO__V9_SPACE	CARRIER_VS_BARE	FRAME_CROSS	BY_ZONE	V9_SPACE	BARE	V9_SPACE	FRAME_CROSS__BY_ZONE__KNOWN_RELATED__BARE__NONE	FRAME_CROSS__BY_ZONE__KNOWN_RELATED__V9_SPACE__NONE	zone by region	 zone by region	0	2	2	1	1	0.441218	0.397416	0.441218	0.400714	36	1888	0	0	0	by	RELATED_DISTINCT	V9_ATTESTED	1	1
FRAME_CROSS__BY_ZONE__KNOWN_RELATED__BARE__NONE__TO__THE_PHRASE	CARRIER_VS_BARE	FRAME_CROSS	BY_ZONE	THE_PHRASE	BARE	THE_PHRASE	FRAME_CROSS__BY_ZONE__KNOWN_RELATED__BARE__NONE	FRAME_CROSS__BY_ZONE__KNOWN_RELATED__THE_PHRASE__NONE	zone by region	the phrase zone by region	0	2	4	1	1	-0.178925	-0.255213	-0.178925	-0.14042	36	36	0	0	0	by	RELATED_DISTINCT	V9_ATTESTED	1	1
FRAME_CROSS__BY_ZONE__KNOWN_RELATED__BARE__NONE__TO__THEY_SAID	CARRIER_VS_BARE	FRAME_CROSS	BY_ZONE	THEY_SAID	BARE	THEY_SAID	FRAME_CROSS__BY_ZONE__KNOWN_RELATED__BARE__NONE	FRAME_CROSS__BY_ZONE__KNOWN_RELATED__THEY_SAID__NONE	zone by region	they said zone by region	0	2	4	1	1	0.437271	0.363582	0.437271	0.593006	36	36	0	0	0	by	RELATED_DISTINCT	V9_ATTESTED	1	1
FRAME_CROSS__BY_ZONE__KNOWN_ARBITRARY__BARE__NONE__TO__V9_SPACE	CARRIER_VS_BARE	FRAME_CROSS	BY_ZONE	V9_SPACE	BARE	V9_SPACE	FRAME_CROSS__BY_ZONE__KNOWN_ARBITRARY__BARE__NONE	FRAME_CROSS__BY_ZONE__KNOWN_ARBITRARY__V9_SPACE__NONE	zone by pencil	 zone by pencil	0	2	2	1	1	0.012537	-0.031265	0.0	-0.505873	1888	1888	0	0	0	by	ARBITRARY_DISTINCT	V9_ATTESTED	1	1
FRAME_CROSS__BY_ZONE__KNOWN_ARBITRARY__BARE__NONE__TO__THE_PHRASE	CARRIER_VS_BARE	FRAME_CROSS	BY_ZONE	THE_PHRASE	BARE	THE_PHRASE	FRAME_CROSS__BY_ZONE__KNOWN_ARBITRARY__BARE__NONE	FRAME_CROSS__BY_ZONE__KNOWN_ARBITRARY__THE_PHRASE__NONE	zone by pencil	the phrase zone by pencil	0	2	4	1	1	0.026073	-0.050215	0.0	-0.321764	1888	2073	0	0	0	by	ARBITRARY_DISTINCT	V9_ATTESTED	1	1
FRAME_CROSS__BY_ZONE__KNOWN_ARBITRARY__BARE__NONE__TO__THEY_SAID	CARRIER_VS_BARE	FRAME_CROSS	BY_ZONE	THEY_SAID	BARE	THEY_SAID	FRAME_CROSS__BY_ZONE__KNOWN_ARBITRARY__BARE__NONE	FRAME_CROSS__BY_ZONE__KNOWN_ARBITRARY__THEY_SAID__NONE	zone by pencil	they said zone by pencil	0	2	4	1	1	0.00855	-0.065139	0.0	0.322095	1888	1888	0	0	0	by	ARBITRARY_DISTINCT	V9_ATTESTED	1	1
FRAME_CROSS__BY_ZONE__ARBITRARY_KNOWN__BARE__NONE__TO__V9_SPACE	CARRIER_VS_BARE	FRAME_CROSS	BY_ZONE	V9_SPACE	BARE	V9_SPACE	FRAME_CROSS__BY_ZONE__ARBITRARY_KNOWN__BARE__NONE	FRAME_CROSS__BY_ZONE__ARBITRARY_KNOWN__V9_SPACE__NONE	pocket by zone	 pocket by zone	0	2	2	1	1	0.087283	0.017566	0.087283	-0.355901	1888	1888	0	0	0	by	ARBITRARY_DISTINCT	V9_ATTESTED	1	1
FRAME_CROSS__BY_ZONE__ARBITRARY_KNOWN__BARE__NONE__TO__THE_PHRASE	CARRIER_VS_BARE	FRAME_CROSS	BY_ZONE	THE_PHRASE	BARE	THE_PHRASE	FRAME_CROSS__BY_ZONE__ARBITRARY_KNOWN__BARE__NONE	FRAME_CROSS__BY_ZONE__ARBITRARY_KNOWN__THE_PHRASE__NONE	pocket by zone	the phrase pocket by zone	0	2	4	1	1	-0.014013	-0.103233	-0.014013	-0.217015	1888	2073	0	0	0	by	ARBITRARY_DISTINCT	V9_ATTESTED	1	1
FRAME_CROSS__BY_ZONE__ARBITRARY_KNOWN__BARE__NONE__TO__THEY_SAID	CARRIER_VS_BARE	FRAME_CROSS	BY_ZONE	THEY_SAID	BARE	THEY_SAID	FRAME_CROSS__BY_ZONE__ARBITRARY_KNOWN__BARE__NONE	FRAME_CROSS__BY_ZONE__ARBITRARY_KNOWN__THEY_SAID__NONE	pocket by zone	they said pocket by zone	0	2	4	1	1	0.203478	0.114397	0.203478	0.520151	1888	1888	0	0	0	by	ARBITRARY_DISTINCT	V9_ATTESTED	1	1
FRAME_CROSS__BY_ZONE__ARBITRARY_REPEAT__BARE__NONE__TO__V9_SPACE	CARRIER_VS_BARE	FRAME_CROSS	BY_ZONE	V9_SPACE	BARE	V9_SPACE	FRAME_CROSS__BY_ZONE__ARBITRARY_REPEAT__BARE__NONE	FRAME_CROSS__BY_ZONE__ARBITRARY_REPEAT__V9_SPACE__NONE	pocket by pocket	 pocket by pocket	0	2	2	1	1	0.852445	0.782727	0.852445	0.40926	1888	1888	0	0	0	by	NOVEL_REPEAT	V9_ATTESTED	1	1
FRAME_CROSS__BY_ZONE__ARBITRARY_REPEAT__BARE__NONE__TO__THE_PHRASE	CARRIER_VS_BARE	FRAME_CROSS	BY_ZONE	THE_PHRASE	BARE	THE_PHRASE	FRAME_CROSS__BY_ZONE__ARBITRARY_REPEAT__BARE__NONE	FRAME_CROSS__BY_ZONE__ARBITRARY_REPEAT__THE_PHRASE__NONE	pocket by pocket	the phrase pocket by pocket	0	2	4	1	1	0.472996	0.383775	0.472996	0.269993	1888	2073	0	0	0	by	NOVEL_REPEAT	V9_ATTESTED	1	1
FRAME_CROSS__BY_ZONE__ARBITRARY_REPEAT__BARE__NONE__TO__THEY_SAID	CARRIER_VS_BARE	FRAME_CROSS	BY_ZONE	THEY_SAID	BARE	THEY_SAID	FRAME_CROSS__BY_ZONE__ARBITRARY_REPEAT__BARE__NONE	FRAME_CROSS__BY_ZONE__ARBITRARY_REPEAT__THEY_SAID__NONE	pocket by pocket	they said pocket by pocket	0	2	4	1	1	1.254431	1.165349	1.254431	1.481258	1888	2659	0	0	0	by	NOVEL_REPEAT	V9_ATTESTED	1	1
FRAME_CROSS__BY_ZONE__ARBITRARY_DISTINCT__BARE__NONE__TO__V9_SPACE	CARRIER_VS_BARE	FRAME_CROSS	BY_ZONE	V9_SPACE	BARE	V9_SPACE	FRAME_CROSS__BY_ZONE__ARBITRARY_DISTINCT__BARE__NONE	FRAME_CROSS__BY_ZONE__ARBITRARY_DISTINCT__V9_SPACE__NONE	pocket by pencil	 pocket by pencil	0	2	2	1	1	-0.011576	-0.081293	0.0	-0.443185	1888	1888	0	0	0	by	NOVEL_DISTINCT	V9_ATTESTED	1	1
FRAME_CROSS__BY_ZONE__ARBITRARY_DISTINCT__BARE__NONE__TO__THE_PHRASE	CARRIER_VS_BARE	FRAME_CROSS	BY_ZONE	THE_PHRASE	BARE	THE_PHRASE	FRAME_CROSS__BY_ZONE__ARBITRARY_DISTINCT__BARE__NONE	FRAME_CROSS__BY_ZONE__ARBITRARY_DISTINCT__THE_PHRASE__NONE	pocket by pencil	the phrase pocket by pencil	0	2	4	1	1	-0.012847	-0.102068	0.0	-0.203002	1888	2073	0	0	0	by	NOVEL_DISTINCT	V9_ATTESTED	1	1
FRAME_CROSS__BY_ZONE__ARBITRARY_DISTINCT__BARE__NONE__TO__THEY_SAID	CARRIER_VS_BARE	FRAME_CROSS	BY_ZONE	THEY_SAID	BARE	THEY_SAID	FRAME_CROSS__BY_ZONE__ARBITRARY_DISTINCT__BARE__NONE	FRAME_CROSS__BY_ZONE__ARBITRARY_DISTINCT__THEY_SAID__NONE	pocket by pencil	they said pocket by pencil	0	2	4	1	1	-0.01292	-0.102002	0.0	0.316672	1888	1888	0	0	0	by	NOVEL_DISTINCT	V9_ATTESTED	1	1
FRAME_CROSS__BY_ZONE__KNOWN_NO_CONNECTOR__BARE__NONE__TO__V9_SPACE	CARRIER_VS_BARE	FRAME_CROSS	BY_ZONE	V9_SPACE	BARE	V9_SPACE	FRAME_CROSS__BY_ZONE__KNOWN_NO_CONNECTOR__BARE__NONE	FRAME_CROSS__BY_ZONE__KNOWN_NO_CONNECTOR__V9_SPACE__NONE	zone zone	 zone zone	0	1	1	1	1	-0.012196	0.035713	0.0	-0.505873	1888	1888	0	0	0	by	NO_CONNECTOR	V9_ATTESTED	1	1
FRAME_CROSS__BY_ZONE__KNOWN_NO_CONNECTOR__BARE__NONE__TO__THE_PHRASE	CARRIER_VS_BARE	FRAME_CROSS	BY_ZONE	THE_PHRASE	BARE	THE_PHRASE	FRAME_CROSS__BY_ZONE__KNOWN_NO_CONNECTOR__BARE__NONE	FRAME_CROSS__BY_ZONE__KNOWN_NO_CONNECTOR__THE_PHRASE__NONE	zone zone	the phrase zone zone	0	1	3	1	1	0.006557	0.036759	0.0	-0.321764	1888	2073	0	0	0	by	NO_CONNECTOR	V9_ATTESTED	1	1
FRAME_CROSS__BY_ZONE__KNOWN_NO_CONNECTOR__BARE__NONE__TO__THEY_SAID	CARRIER_VS_BARE	FRAME_CROSS	BY_ZONE	THEY_SAID	BARE	THEY_SAID	FRAME_CROSS__BY_ZONE__KNOWN_NO_CONNECTOR__BARE__NONE	FRAME_CROSS__BY_ZONE__KNOWN_NO_CONNECTOR__THEY_SAID__NONE	zone zone	they said zone zone	0	1	3	1	1	0.137905	0.194975	0.0	0.550514	1888	2256	0	0	0	by	NO_CONNECTOR	V9_ATTESTED	1	1
FRAME_CROSS__BY_ZONE__ARBITRARY_NO_CONNECTOR__BARE__NONE__TO__V9_SPACE	CARRIER_VS_BARE	FRAME_CROSS	BY_ZONE	V9_SPACE	BARE	V9_SPACE	FRAME_CROSS__BY_ZONE__ARBITRARY_NO_CONNECTOR__BARE__NONE	FRAME_CROSS__BY_ZONE__ARBITRARY_NO_CONNECTOR__V9_SPACE__NONE	pocket pocket	 pocket pocket	0	1	1	1	1	-0.017636	-0.006902	0.0	-0.443185	1888	1888	0	0	0	by	NO_CONNECTOR	V9_ATTESTED	1	1
FRAME_CROSS__BY_ZONE__ARBITRARY_NO_CONNECTOR__BARE__NONE__TO__THE_PHRASE	CARRIER_VS_BARE	FRAME_CROSS	BY_ZONE	THE_PHRASE	BARE	THE_PHRASE	FRAME_CROSS__BY_ZONE__ARBITRARY_NO_CONNECTOR__BARE__NONE	FRAME_CROSS__BY_ZONE__ARBITRARY_NO_CONNECTOR__THE_PHRASE__NONE	pocket pocket	the phrase pocket pocket	0	1	3	1	1	-0.077384	-0.090657	0.0	-0.203002	1888	2073	0	0	0	by	NO_CONNECTOR	V9_ATTESTED	1	1
FRAME_CROSS__BY_ZONE__ARBITRARY_NO_CONNECTOR__BARE__NONE__TO__THEY_SAID	CARRIER_VS_BARE	FRAME_CROSS	BY_ZONE	THEY_SAID	BARE	THEY_SAID	FRAME_CROSS__BY_ZONE__ARBITRARY_NO_CONNECTOR__BARE__NONE	FRAME_CROSS__BY_ZONE__ARBITRARY_NO_CONNECTOR__THEY_SAID__NONE	pocket pocket	they said pocket pocket	0	1	3	1	1	-0.04431	-0.043644	0.0	0.316672	1888	1888	0	0	0	by	NO_CONNECTOR	V9_ATTESTED	1	1
REPEAT_CONNECTOR__BY_ZONE__AND__BARE__NONE__TO__V9_SPACE	CARRIER_VS_BARE	REPEAT_CONNECTOR	BY_ZONE	V9_SPACE	BARE	V9_SPACE	REPEAT_CONNECTOR__BY_ZONE__AND__BARE__NONE	REPEAT_CONNECTOR__BY_ZONE__AND__V9_SPACE__NONE	zone and zone	 zone and zone	0	2	2	1	1	0.167473	0.15788	0.167473	-0.3384	1888	1888	0	0	0	by	KNOWN_REPEAT	V9_ATTESTED	1	1
REPEAT_CONNECTOR__BY_ZONE__AND__BARE__NONE__TO__THE_PHRASE	CARRIER_VS_BARE	REPEAT_CONNECTOR	BY_ZONE	THE_PHRASE	BARE	THE_PHRASE	REPEAT_CONNECTOR__BY_ZONE__AND__BARE__NONE	REPEAT_CONNECTOR__BY_ZONE__AND__THE_PHRASE__NONE	zone and zone	the phrase zone and zone	0	2	4	1	1	-0.16072	-0.171947	-0.16072	-0.482485	1888	2073	0	0	0	by	KNOWN_REPEAT	V9_ATTESTED	1	1
REPEAT_CONNECTOR__BY_ZONE__AND__BARE__NONE__TO__THEY_SAID	CARRIER_VS_BARE	REPEAT_CONNECTOR	BY_ZONE	THEY_SAID	BARE	THEY_SAID	REPEAT_CONNECTOR__BY_ZONE__AND__BARE__NONE	REPEAT_CONNECTOR__BY_ZONE__AND__THEY_SAID__NONE	zone and zone	they said zone and zone	0	2	4	1	1	0.626759	0.624036	0.626759	-0.044094	1888	2659	0	0	0	by	KNOWN_REPEAT	V9_ATTESTED	1	1
REPEAT_CONNECTOR__BY_ZONE__OR__BARE__NONE__TO__V9_SPACE	CARRIER_VS_BARE	REPEAT_CONNECTOR	BY_ZONE	V9_SPACE	BARE	V9_SPACE	REPEAT_CONNECTOR__BY_ZONE__OR__BARE__NONE	REPEAT_CONNECTOR__BY_ZONE__OR__V9_SPACE__NONE	zone or zone	 zone or zone	0	2	2	1	1	0.446375	0.443854	0.446375	-0.059498	1888	1888	0	0	0	by	KNOWN_REPEAT	V9_ATTESTED	1	1
REPEAT_CONNECTOR__BY_ZONE__OR__BARE__NONE__TO__THE_PHRASE	CARRIER_VS_BARE	REPEAT_CONNECTOR	BY_ZONE	THE_PHRASE	BARE	THE_PHRASE	REPEAT_CONNECTOR__BY_ZONE__OR__BARE__NONE	REPEAT_CONNECTOR__BY_ZONE__OR__THE_PHRASE__NONE	zone or zone	the phrase zone or zone	0	2	4	1	1	0.076348	0.073253	0.076348	-0.283153	1888	2659	0	0	0	by	KNOWN_REPEAT	V9_ATTESTED	1	1
REPEAT_CONNECTOR__BY_ZONE__OR__BARE__NONE__TO__THEY_SAID	CARRIER_VS_BARE	REPEAT_CONNECTOR	BY_ZONE	THEY_SAID	BARE	THEY_SAID	REPEAT_CONNECTOR__BY_ZONE__OR__BARE__NONE	REPEAT_CONNECTOR__BY_ZONE__OR__THEY_SAID__NONE	zone or zone	they said zone or zone	0	2	4	1	1	0.223625	0.220322	0.223625	-0.099456	1888	2659	0	0	0	by	KNOWN_REPEAT	V9_ATTESTED	1	1
REPEAT_CONNECTOR__BY_ZONE__TO__BARE__NONE__TO__V9_SPACE	CARRIER_VS_BARE	REPEAT_CONNECTOR	BY_ZONE	V9_SPACE	BARE	V9_SPACE	REPEAT_CONNECTOR__BY_ZONE__TO__BARE__NONE	REPEAT_CONNECTOR__BY_ZONE__TO__V9_SPACE__NONE	zone to zone	 zone to zone	0	2	2	1	1	0.201795	0.192829	0.201795	-0.304077	1888	1888	0	0	0	by	KNOWN_REPEAT	V9_ATTESTED	1	1
REPEAT_CONNECTOR__BY_ZONE__TO__BARE__NONE__TO__THE_PHRASE	CARRIER_VS_BARE	REPEAT_CONNECTOR	BY_ZONE	THE_PHRASE	BARE	THE_PHRASE	REPEAT_CONNECTOR__BY_ZONE__TO__BARE__NONE	REPEAT_CONNECTOR__BY_ZONE__TO__THE_PHRASE__NONE	zone to zone	the phrase zone to zone	0	2	4	1	1	0.405725	0.396876	0.405725	0.083961	1888	2073	0	0	0	by	KNOWN_REPEAT	V9_ATTESTED	1	1
REPEAT_CONNECTOR__BY_ZONE__TO__BARE__NONE__TO__THEY_SAID	CARRIER_VS_BARE	REPEAT_CONNECTOR	BY_ZONE	THEY_SAID	BARE	THEY_SAID	REPEAT_CONNECTOR__BY_ZONE__TO__BARE__NONE	REPEAT_CONNECTOR__BY_ZONE__TO__THEY_SAID__NONE	zone to zone	they said zone to zone	0	2	4	1	1	0.719014	0.708159	0.719014	0.868006	1888	2566	0	0	0	by	KNOWN_REPEAT	V9_ATTESTED	1	1
REPEAT_CONNECTOR__BY_ZONE__BY__BARE__NONE__TO__V9_SPACE	CARRIER_VS_BARE	REPEAT_CONNECTOR	BY_ZONE	V9_SPACE	BARE	V9_SPACE	REPEAT_CONNECTOR__BY_ZONE__BY__BARE__NONE	REPEAT_CONNECTOR__BY_ZONE__BY__V9_SPACE__NONE	zone by zone	 zone by zone	0	2	2	1	1	0.416414	0.372612	0.416414	-0.089459	541	1888	1	0	1	by	KNOWN_REPEAT	V9_ATTESTED	1	1
REPEAT_CONNECTOR__BY_ZONE__BY__BARE__NONE__TO__THE_PHRASE	CARRIER_VS_BARE	REPEAT_CONNECTOR	BY_ZONE	THE_PHRASE	BARE	THE_PHRASE	REPEAT_CONNECTOR__BY_ZONE__BY__BARE__NONE	REPEAT_CONNECTOR__BY_ZONE__BY__THE_PHRASE__NONE	zone by zone	the phrase zone by zone	0	2	4	1	1	0.245763	0.169475	0.245763	-0.076001	541	541	1	1	0	by	KNOWN_REPEAT	V9_ATTESTED	1	1
REPEAT_CONNECTOR__BY_ZONE__BY__BARE__NONE__TO__THEY_SAID	CARRIER_VS_BARE	REPEAT_CONNECTOR	BY_ZONE	THEY_SAID	BARE	THEY_SAID	REPEAT_CONNECTOR__BY_ZONE__BY__BARE__NONE	REPEAT_CONNECTOR__BY_ZONE__BY__THEY_SAID__NONE	zone by zone	they said zone by zone	0	2	4	1	1	0.926401	0.852712	0.926401	0.381272	541	541	1	1	0	by	KNOWN_REPEAT	V9_ATTESTED	1	1
REPEAT_CONNECTOR__BY_ZONE__AFTER__BARE__NONE__TO__V9_SPACE	CARRIER_VS_BARE	REPEAT_CONNECTOR	BY_ZONE	V9_SPACE	BARE	V9_SPACE	REPEAT_CONNECTOR__BY_ZONE__AFTER__BARE__NONE	REPEAT_CONNECTOR__BY_ZONE__AFTER__V9_SPACE__NONE	zone after zone	 zone after zone	0	2	2	1	1	-0.195753	-0.227907	-0.195753	-0.701626	1888	1888	0	0	0	by	KNOWN_REPEAT	V9_ATTESTED	1	1
REPEAT_CONNECTOR__BY_ZONE__AFTER__BARE__NONE__TO__THE_PHRASE	CARRIER_VS_BARE	REPEAT_CONNECTOR	BY_ZONE	THE_PHRASE	BARE	THE_PHRASE	REPEAT_CONNECTOR__BY_ZONE__AFTER__BARE__NONE	REPEAT_CONNECTOR__BY_ZONE__AFTER__THE_PHRASE__NONE	zone after zone	the phrase zone after zone	0	2	4	1	1	-0.43917	-0.474317	-0.43917	-0.760934	1888	2073	0	0	0	by	KNOWN_REPEAT	V9_ATTESTED	1	1
REPEAT_CONNECTOR__BY_ZONE__AFTER__BARE__NONE__TO__THEY_SAID	CARRIER_VS_BARE	REPEAT_CONNECTOR	BY_ZONE	THEY_SAID	BARE	THEY_SAID	REPEAT_CONNECTOR__BY_ZONE__AFTER__BARE__NONE	REPEAT_CONNECTOR__BY_ZONE__AFTER__THEY_SAID__NONE	zone after zone	they said zone after zone	0	2	4	1	1	0.471633	0.427886	0.471633	0.843521	1888	541	0	1	1	by	KNOWN_REPEAT	V9_ATTESTED	1	1
FRAME_CROSS__BY_STEP__KNOWN_REPEAT__BARE__NONE__TO__V9_SPACE	CARRIER_VS_BARE	FRAME_CROSS	BY_STEP	V9_SPACE	BARE	V9_SPACE	FRAME_CROSS__BY_STEP__KNOWN_REPEAT__BARE__NONE	FRAME_CROSS__BY_STEP__KNOWN_REPEAT__V9_SPACE__NONE	step by step	 step by step	0	2	2	1	1	-0.375415	-0.390543	-0.375415	-0.393729	541	419	1	0	1	by	KNOWN_REPEAT	HELDOUT_FAMILIAR	1	1
FRAME_CROSS__BY_STEP__KNOWN_REPEAT__BARE__NONE__TO__THE_PHRASE	CARRIER_VS_BARE	FRAME_CROSS	BY_STEP	THE_PHRASE	BARE	THE_PHRASE	FRAME_CROSS__BY_STEP__KNOWN_REPEAT__BARE__NONE	FRAME_CROSS__BY_STEP__KNOWN_REPEAT__THE_PHRASE__NONE	step by step	the phrase step by step	0	2	4	1	1	0.263331	0.218046	0.263331	-0.224346	541	419	1	0	1	by	KNOWN_REPEAT	HELDOUT_FAMILIAR	1	1
FRAME_CROSS__BY_STEP__KNOWN_REPEAT__BARE__NONE__TO__THEY_SAID	CARRIER_VS_BARE	FRAME_CROSS	BY_STEP	THEY_SAID	BARE	THEY_SAID	FRAME_CROSS__BY_STEP__KNOWN_REPEAT__BARE__NONE	FRAME_CROSS__BY_STEP__KNOWN_REPEAT__THEY_SAID__NONE	step by step	they said step by step	0	2	4	1	1	0.310117	0.272112	0.310117	-0.678084	541	419	1	0	1	by	KNOWN_REPEAT	HELDOUT_FAMILIAR	1	1
FRAME_CROSS__BY_STEP__KNOWN_RELATED__BARE__NONE__TO__V9_SPACE	CARRIER_VS_BARE	FRAME_CROSS	BY_STEP	V9_SPACE	BARE	V9_SPACE	FRAME_CROSS__BY_STEP__KNOWN_RELATED__BARE__NONE	FRAME_CROSS__BY_STEP__KNOWN_RELATED__V9_SPACE__NONE	step by stride	 step by stride	0	2	2	1	1	-0.235459	-0.250587	-0.235459	-0.253773	419	419	0	0	0	by	RELATED_DISTINCT	HELDOUT_FAMILIAR	1	1
FRAME_CROSS__BY_STEP__KNOWN_RELATED__BARE__NONE__TO__THE_PHRASE	CARRIER_VS_BARE	FRAME_CROSS	BY_STEP	THE_PHRASE	BARE	THE_PHRASE	FRAME_CROSS__BY_STEP__KNOWN_RELATED__BARE__NONE	FRAME_CROSS__BY_STEP__KNOWN_RELATED__THE_PHRASE__NONE	step by stride	the phrase step by stride	0	2	4	1	1	-0.088035	-0.133319	-0.088035	-0.575712	419	419	0	0	0	by	RELATED_DISTINCT	HELDOUT_FAMILIAR	1	1
FRAME_CROSS__BY_STEP__KNOWN_RELATED__BARE__NONE__TO__THEY_SAID	CARRIER_VS_BARE	FRAME_CROSS	BY_STEP	THEY_SAID	BARE	THEY_SAID	FRAME_CROSS__BY_STEP__KNOWN_RELATED__BARE__NONE	FRAME_CROSS__BY_STEP__KNOWN_RELATED__THEY_SAID__NONE	step by stride	they said step by stride	0	2	4	1	1	0.326983	0.288978	0.326983	-0.661218	419	419	0	0	0	by	RELATED_DISTINCT	HELDOUT_FAMILIAR	1	1
FRAME_CROSS__BY_STEP__KNOWN_ARBITRARY__BARE__NONE__TO__V9_SPACE	CARRIER_VS_BARE	FRAME_CROSS	BY_STEP	V9_SPACE	BARE	V9_SPACE	FRAME_CROSS__BY_STEP__KNOWN_ARBITRARY__BARE__NONE	FRAME_CROSS__BY_STEP__KNOWN_ARBITRARY__V9_SPACE__NONE	step by engine	 step by engine	0	2	2	1	1	-0.00114	-0.016268	-0.00114	-0.019454	419	419	0	0	0	by	ARBITRARY_DISTINCT	HELDOUT_FAMILIAR	1	1
FRAME_CROSS__BY_STEP__KNOWN_ARBITRARY__BARE__NONE__TO__THE_PHRASE	CARRIER_VS_BARE	FRAME_CROSS	BY_STEP	THE_PHRASE	BARE	THE_PHRASE	FRAME_CROSS__BY_STEP__KNOWN_ARBITRARY__BARE__NONE	FRAME_CROSS__BY_STEP__KNOWN_ARBITRARY__THE_PHRASE__NONE	step by engine	the phrase step by engine	0	2	4	1	1	0.110165	0.064881	0.110165	-0.377512	419	419	0	0	0	by	ARBITRARY_DISTINCT	HELDOUT_FAMILIAR	1	1
FRAME_CROSS__BY_STEP__KNOWN_ARBITRARY__BARE__NONE__TO__THEY_SAID	CARRIER_VS_BARE	FRAME_CROSS	BY_STEP	THEY_SAID	BARE	THEY_SAID	FRAME_CROSS__BY_STEP__KNOWN_ARBITRARY__BARE__NONE	FRAME_CROSS__BY_STEP__KNOWN_ARBITRARY__THEY_SAID__NONE	step by engine	they said step by engine	0	2	4	1	1	0.261303	0.223298	0.261303	-0.726898	419	419	0	0	0	by	ARBITRARY_DISTINCT	HELDOUT_FAMILIAR	1	1
FRAME_CROSS__BY_STEP__ARBITRARY_KNOWN__BARE__NONE__TO__V9_SPACE	CARRIER_VS_BARE	FRAME_CROSS	BY_STEP	V9_SPACE	BARE	V9_SPACE	FRAME_CROSS__BY_STEP__ARBITRARY_KNOWN__BARE__NONE	FRAME_CROSS__BY_STEP__ARBITRARY_KNOWN__V9_SPACE__NONE	lantern by step	 lantern by step	0	3	2	1	1	0.001584	0.02749	0.0	-0.291209	1888	1888	0	0	0	by	ARBITRARY_DISTINCT	HELDOUT_FAMILIAR	1	1
FRAME_CROSS__BY_STEP__ARBITRARY_KNOWN__BARE__NONE__TO__THE_PHRASE	CARRIER_VS_BARE	FRAME_CROSS	BY_STEP	THE_PHRASE	BARE	THE_PHRASE	FRAME_CROSS__BY_STEP__ARBITRARY_KNOWN__BARE__NONE	FRAME_CROSS__BY_STEP__ARBITRARY_KNOWN__THE_PHRASE__NONE	lantern by step	the phrase lantern by step	0	3	4	1	1	0.001812	0.007292	0.0	-0.38509	1888	2073	0	0	0	by	ARBITRARY_DISTINCT	HELDOUT_FAMILIAR	1	1
FRAME_CROSS__BY_STEP__ARBITRARY_KNOWN__BARE__NONE__TO__THEY_SAID	CARRIER_VS_BARE	FRAME_CROSS	BY_STEP	THEY_SAID	BARE	THEY_SAID	FRAME_CROSS__BY_STEP__ARBITRARY_KNOWN__BARE__NONE	FRAME_CROSS__BY_STEP__ARBITRARY_KNOWN__THEY_SAID__NONE	lantern by step	they said lantern by step	0	3	4	1	1	0.002	-0.004736	0.0	0.401386	1888	1790	0	0	0	by	ARBITRARY_DISTINCT	HELDOUT_FAMILIAR	1	1
FRAME_CROSS__BY_STEP__ARBITRARY_REPEAT__BARE__NONE__TO__V9_SPACE	CARRIER_VS_BARE	FRAME_CROSS	BY_STEP	V9_SPACE	BARE	V9_SPACE	FRAME_CROSS__BY_STEP__ARBITRARY_REPEAT__BARE__NONE	FRAME_CROSS__BY_STEP__ARBITRARY_REPEAT__V9_SPACE__NONE	lantern by lantern	 lantern by lantern	0	3	2	1	1	0.824335	0.850241	0.694973	0.403764	1888	1888	0	0	0	by	NOVEL_REPEAT	HELDOUT_FAMILIAR	1	1
FRAME_CROSS__BY_STEP__ARBITRARY_REPEAT__BARE__NONE__TO__THE_PHRASE	CARRIER_VS_BARE	FRAME_CROSS	BY_STEP	THE_PHRASE	BARE	THE_PHRASE	FRAME_CROSS__BY_STEP__ARBITRARY_REPEAT__BARE__NONE	FRAME_CROSS__BY_STEP__ARBITRARY_REPEAT__THE_PHRASE__NONE	lantern by lantern	the phrase lantern by lantern	0	3	4	1	1	0.790822	0.796303	0.66146	0.27637	1888	2073	0	0	0	by	NOVEL_REPEAT	HELDOUT_FAMILIAR	1	1
FRAME_CROSS__BY_STEP__ARBITRARY_REPEAT__BARE__NONE__TO__THEY_SAID	CARRIER_VS_BARE	FRAME_CROSS	BY_STEP	THEY_SAID	BARE	THEY_SAID	FRAME_CROSS__BY_STEP__ARBITRARY_REPEAT__BARE__NONE	FRAME_CROSS__BY_STEP__ARBITRARY_REPEAT__THEY_SAID__NONE	lantern by lantern	they said lantern by lantern	0	3	4	1	1	1.044922	1.038186	0.91556	1.358584	1888	2566	0	0	0	by	NOVEL_REPEAT	HELDOUT_FAMILIAR	1	1
FRAME_CROSS__BY_STEP__ARBITRARY_DISTINCT__BARE__NONE__TO__V9_SPACE	CARRIER_VS_BARE	FRAME_CROSS	BY_STEP	V9_SPACE	BARE	V9_SPACE	FRAME_CROSS__BY_STEP__ARBITRARY_DISTINCT__BARE__NONE	FRAME_CROSS__BY_STEP__ARBITRARY_DISTINCT__V9_SPACE__NONE	lantern by engine	 lantern by engine	0	3	2	1	1	0.293711	0.319617	0.178382	-0.112828	1888	1888	0	0	0	by	NOVEL_DISTINCT	HELDOUT_FAMILIAR	1	1
FRAME_CROSS__BY_STEP__ARBITRARY_DISTINCT__BARE__NONE__TO__THE_PHRASE	CARRIER_VS_BARE	FRAME_CROSS	BY_STEP	THE_PHRASE	BARE	THE_PHRASE	FRAME_CROSS__BY_STEP__ARBITRARY_DISTINCT__BARE__NONE	FRAME_CROSS__BY_STEP__ARBITRARY_DISTINCT__THE_PHRASE__NONE	lantern by engine	the phrase lantern by engine	0	3	4	1	1	0.163369	0.168849	0.04804	-0.337051	1888	2073	0	0	0	by	NOVEL_DISTINCT	HELDOUT_FAMILIAR	1	1
FRAME_CROSS__BY_STEP__ARBITRARY_DISTINCT__BARE__NONE__TO__THEY_SAID	CARRIER_VS_BARE	FRAME_CROSS	BY_STEP	THEY_SAID	BARE	THEY_SAID	FRAME_CROSS__BY_STEP__ARBITRARY_DISTINCT__BARE__NONE	FRAME_CROSS__BY_STEP__ARBITRARY_DISTINCT__THEY_SAID__NONE	lantern by engine	they said lantern by engine	0	3	4	1	1	0.317642	0.310906	0.202313	0.501055	1888	1129	0	0	0	by	NOVEL_DISTINCT	HELDOUT_FAMILIAR	1	1
FRAME_CROSS__BY_STEP__KNOWN_NO_CONNECTOR__BARE__NONE__TO__V9_SPACE	CARRIER_VS_BARE	FRAME_CROSS	BY_STEP	V9_SPACE	BARE	V9_SPACE	FRAME_CROSS__BY_STEP__KNOWN_NO_CONNECTOR__BARE__NONE	FRAME_CROSS__BY_STEP__KNOWN_NO_CONNECTOR__V9_SPACE__NONE	step step	 step step	0	1	1	1	1	0.141926	0.210971	0.0	-0.712269	1888	1888	0	0	0	by	NO_CONNECTOR	HELDOUT_FAMILIAR	1	1
FRAME_CROSS__BY_STEP__KNOWN_NO_CONNECTOR__BARE__NONE__TO__THE_PHRASE	CARRIER_VS_BARE	FRAME_CROSS	BY_STEP	THE_PHRASE	BARE	THE_PHRASE	FRAME_CROSS__BY_STEP__KNOWN_NO_CONNECTOR__BARE__NONE	FRAME_CROSS__BY_STEP__KNOWN_NO_CONNECTOR__THE_PHRASE__NONE	step step	the phrase step step	0	1	3	1	1	0.155296	0.129942	0.0	-0.568032	1888	2073	0	0	0	by	NO_CONNECTOR	HELDOUT_FAMILIAR	1	1
FRAME_CROSS__BY_STEP__KNOWN_NO_CONNECTOR__BARE__NONE__TO__THEY_SAID	CARRIER_VS_BARE	FRAME_CROSS	BY_STEP	THEY_SAID	BARE	THEY_SAID	FRAME_CROSS__BY_STEP__KNOWN_NO_CONNECTOR__BARE__NONE	FRAME_CROSS__BY_STEP__KNOWN_NO_CONNECTOR__THEY_SAID__NONE	step step	they said step step	0	1	3	1	1	0.107378	0.119922	0.0	0.041078	1888	281	0	0	0	by	NO_CONNECTOR	HELDOUT_FAMILIAR	1	1
FRAME_CROSS__BY_STEP__ARBITRARY_NO_CONNECTOR__BARE__NONE__TO__V9_SPACE	CARRIER_VS_BARE	FRAME_CROSS	BY_STEP	V9_SPACE	BARE	V9_SPACE	FRAME_CROSS__BY_STEP__ARBITRARY_NO_CONNECTOR__BARE__NONE	FRAME_CROSS__BY_STEP__ARBITRARY_NO_CONNECTOR__V9_SPACE__NONE	lantern lantern	 lantern lantern	0	2	1	1	1	-0.050613	-0.010896	0.0	-0.291209	1888	1888	0	0	0	by	NO_CONNECTOR	HELDOUT_FAMILIAR	1	1
FRAME_CROSS__BY_STEP__ARBITRARY_NO_CONNECTOR__BARE__NONE__TO__THE_PHRASE	CARRIER_VS_BARE	FRAME_CROSS	BY_STEP	THE_PHRASE	BARE	THE_PHRASE	FRAME_CROSS__BY_STEP__ARBITRARY_NO_CONNECTOR__BARE__NONE	FRAME_CROSS__BY_STEP__ARBITRARY_NO_CONNECTOR__THE_PHRASE__NONE	lantern lantern	the phrase lantern lantern	0	2	3	1	1	-0.114347	-0.143718	0.0	-0.38509	1888	2073	0	0	0	by	NO_CONNECTOR	HELDOUT_FAMILIAR	1	1
FRAME_CROSS__BY_STEP__ARBITRARY_NO_CONNECTOR__BARE__NONE__TO__THEY_SAID	CARRIER_VS_BARE	FRAME_CROSS	BY_STEP	THEY_SAID	BARE	THEY_SAID	FRAME_CROSS__BY_STEP__ARBITRARY_NO_CONNECTOR__BARE__NONE	FRAME_CROSS__BY_STEP__ARBITRARY_NO_CONNECTOR__THEY_SAID__NONE	lantern lantern	they said lantern lantern	0	2	3	1	1	-0.040891	-0.074558	0.0	0.365178	1888	2330	0	0	0	by	NO_CONNECTOR	HELDOUT_FAMILIAR	1	1
REPEAT_CONNECTOR__BY_STEP__AND__BARE__NONE__TO__V9_SPACE	CARRIER_VS_BARE	REPEAT_CONNECTOR	BY_STEP	V9_SPACE	BARE	V9_SPACE	REPEAT_CONNECTOR__BY_STEP__AND__BARE__NONE	REPEAT_CONNECTOR__BY_STEP__AND__V9_SPACE__NONE	step and step	 step and step	0	2	2	1	1	-0.312378	-0.311613	-0.312378	-0.161143	2659	1888	0	0	0	by	KNOWN_REPEAT	HELDOUT_FAMILIAR	1	1
REPEAT_CONNECTOR__BY_STEP__AND__BARE__NONE__TO__THE_PHRASE	CARRIER_VS_BARE	REPEAT_CONNECTOR	BY_STEP	THE_PHRASE	BARE	THE_PHRASE	REPEAT_CONNECTOR__BY_STEP__AND__BARE__NONE	REPEAT_CONNECTOR__BY_STEP__AND__THE_PHRASE__NONE	step and step	the phrase step and step	0	2	4	1	1	-0.329361	-0.330497	-0.329361	-0.365517	2659	2659	0	0	0	by	KNOWN_REPEAT	HELDOUT_FAMILIAR	1	1
REPEAT_CONNECTOR__BY_STEP__AND__BARE__NONE__TO__THEY_SAID	CARRIER_VS_BARE	REPEAT_CONNECTOR	BY_STEP	THEY_SAID	BARE	THEY_SAID	REPEAT_CONNECTOR__BY_STEP__AND__BARE__NONE	REPEAT_CONNECTOR__BY_STEP__AND__THEY_SAID__NONE	step and step	they said step and step	0	2	4	1	1	-0.217355	-0.218628	-0.217355	-0.534249	2659	2659	0	0	0	by	KNOWN_REPEAT	HELDOUT_FAMILIAR	1	1
REPEAT_CONNECTOR__BY_STEP__OR__BARE__NONE__TO__V9_SPACE	CARRIER_VS_BARE	REPEAT_CONNECTOR	BY_STEP	V9_SPACE	BARE	V9_SPACE	REPEAT_CONNECTOR__BY_STEP__OR__BARE__NONE	REPEAT_CONNECTOR__BY_STEP__OR__V9_SPACE__NONE	step or step	 step or step	0	2	2	1	1	-0.056111	-0.055934	-0.056111	0.007459	2659	2659	0	0	0	by	KNOWN_REPEAT	HELDOUT_FAMILIAR	1	1
REPEAT_CONNECTOR__BY_STEP__OR__BARE__NONE__TO__THE_PHRASE	CARRIER_VS_BARE	REPEAT_CONNECTOR	BY_STEP	THE_PHRASE	BARE	THE_PHRASE	REPEAT_CONNECTOR__BY_STEP__OR__BARE__NONE	REPEAT_CONNECTOR__BY_STEP__OR__THE_PHRASE__NONE	step or step	the phrase step or step	0	2	4	1	1	-0.619604	-0.621257	-0.619604	-0.580802	2659	2659	0	0	0	by	KNOWN_REPEAT	HELDOUT_FAMILIAR	1	1
REPEAT_CONNECTOR__BY_STEP__OR__BARE__NONE__TO__THEY_SAID	CARRIER_VS_BARE	REPEAT_CONNECTOR	BY_STEP	THEY_SAID	BARE	THEY_SAID	REPEAT_CONNECTOR__BY_STEP__OR__BARE__NONE	REPEAT_CONNECTOR__BY_STEP__OR__THEY_SAID__NONE	step or step	they said step or step	0	2	4	1	1	-0.616779	-0.619414	-0.616779	-0.715552	2659	2659	0	0	0	by	KNOWN_REPEAT	HELDOUT_FAMILIAR	1	1
REPEAT_CONNECTOR__BY_STEP__TO__BARE__NONE__TO__V9_SPACE	CARRIER_VS_BARE	REPEAT_CONNECTOR	BY_STEP	V9_SPACE	BARE	V9_SPACE	REPEAT_CONNECTOR__BY_STEP__TO__BARE__NONE	REPEAT_CONNECTOR__BY_STEP__TO__V9_SPACE__NONE	step to step	 step to step	0	2	2	1	1	0.160242	0.154985	0.160242	-0.552026	1888	1888	0	0	0	by	KNOWN_REPEAT	HELDOUT_FAMILIAR	1	1
REPEAT_CONNECTOR__BY_STEP__TO__BARE__NONE__TO__THE_PHRASE	CARRIER_VS_BARE	REPEAT_CONNECTOR	BY_STEP	THE_PHRASE	BARE	THE_PHRASE	REPEAT_CONNECTOR__BY_STEP__TO__BARE__NONE	REPEAT_CONNECTOR__BY_STEP__TO__THE_PHRASE__NONE	step to step	the phrase step to step	0	2	4	1	1	0.571036	0.58065	0.571036	0.003005	1888	2073	0	0	0	by	KNOWN_REPEAT	HELDOUT_FAMILIAR	1	1
REPEAT_CONNECTOR__BY_STEP__TO__BARE__NONE__TO__THEY_SAID	CARRIER_VS_BARE	REPEAT_CONNECTOR	BY_STEP	THEY_SAID	BARE	THEY_SAID	REPEAT_CONNECTOR__BY_STEP__TO__BARE__NONE	REPEAT_CONNECTOR__BY_STEP__TO__THEY_SAID__NONE	step to step	they said step to step	0	2	4	1	1	0.985071	0.97246	0.985071	0.624131	1888	2566	0	0	0	by	KNOWN_REPEAT	HELDOUT_FAMILIAR	1	1
REPEAT_CONNECTOR__BY_STEP__BY__BARE__NONE__TO__V9_SPACE	CARRIER_VS_BARE	REPEAT_CONNECTOR	BY_STEP	V9_SPACE	BARE	V9_SPACE	REPEAT_CONNECTOR__BY_STEP__BY__BARE__NONE	REPEAT_CONNECTOR__BY_STEP__BY__V9_SPACE__NONE	step by step	 step by step	0	2	2	1	1	-0.375415	-0.390543	-0.375415	-0.393729	541	419	1	0	1	by	KNOWN_REPEAT	HELDOUT_FAMILIAR	1	1
REPEAT_CONNECTOR__BY_STEP__BY__BARE__NONE__TO__THE_PHRASE	CARRIER_VS_BARE	REPEAT_CONNECTOR	BY_STEP	THE_PHRASE	BARE	THE_PHRASE	REPEAT_CONNECTOR__BY_STEP__BY__BARE__NONE	REPEAT_CONNECTOR__BY_STEP__BY__THE_PHRASE__NONE	step by step	the phrase step by step	0	2	4	1	1	0.263331	0.218046	0.263331	-0.224346	541	419	1	0	1	by	KNOWN_REPEAT	HELDOUT_FAMILIAR	1	1
REPEAT_CONNECTOR__BY_STEP__BY__BARE__NONE__TO__THEY_SAID	CARRIER_VS_BARE	REPEAT_CONNECTOR	BY_STEP	THEY_SAID	BARE	THEY_SAID	REPEAT_CONNECTOR__BY_STEP__BY__BARE__NONE	REPEAT_CONNECTOR__BY_STEP__BY__THEY_SAID__NONE	step by step	they said step by step	0	2	4	1	1	0.310117	0.272112	0.310117	-0.678084	541	419	1	0	1	by	KNOWN_REPEAT	HELDOUT_FAMILIAR	1	1
REPEAT_CONNECTOR__BY_STEP__AFTER__BARE__NONE__TO__V9_SPACE	CARRIER_VS_BARE	REPEAT_CONNECTOR	BY_STEP	V9_SPACE	BARE	V9_SPACE	REPEAT_CONNECTOR__BY_STEP__AFTER__BARE__NONE	REPEAT_CONNECTOR__BY_STEP__AFTER__V9_SPACE__NONE	step after step	 step after step	0	2	2	1	1	0.033683	0.009022	0.033683	-0.439472	541	1888	1	0	1	by	KNOWN_REPEAT	HELDOUT_FAMILIAR	1	1
REPEAT_CONNECTOR__BY_STEP__AFTER__BARE__NONE__TO__THE_PHRASE	CARRIER_VS_BARE	REPEAT_CONNECTOR	BY_STEP	THE_PHRASE	BARE	THE_PHRASE	REPEAT_CONNECTOR__BY_STEP__AFTER__BARE__NONE	REPEAT_CONNECTOR__BY_STEP__AFTER__THE_PHRASE__NONE	step after step	the phrase step after step	0	2	4	1	1	-0.289858	-0.316368	-0.289858	-0.618776	541	2073	1	0	1	by	KNOWN_REPEAT	HELDOUT_FAMILIAR	1	1
REPEAT_CONNECTOR__BY_STEP__AFTER__BARE__NONE__TO__THEY_SAID	CARRIER_VS_BARE	REPEAT_CONNECTOR	BY_STEP	THEY_SAID	BARE	THEY_SAID	REPEAT_CONNECTOR__BY_STEP__AFTER__BARE__NONE	REPEAT_CONNECTOR__BY_STEP__AFTER__THEY_SAID__NONE	step after step	they said step after step	0	2	4	1	1	0.306344	0.263009	0.306344	0.143418	541	541	1	1	0	by	KNOWN_REPEAT	HELDOUT_FAMILIAR	1	1
FRAME_CROSS__AND_ROUND__KNOWN_REPEAT__BARE__NONE__TO__V9_SPACE	CARRIER_VS_BARE	FRAME_CROSS	AND_ROUND	V9_SPACE	BARE	V9_SPACE	FRAME_CROSS__AND_ROUND__KNOWN_REPEAT__BARE__NONE	FRAME_CROSS__AND_ROUND__KNOWN_REPEAT__V9_SPACE__NONE	round and round	 round and round	0	2	2	1	1	0.229215	0.219789	0.229215	0.26787	2659	2659	0	0	0	and	KNOWN_REPEAT	V9_ATTESTED	1	1
FRAME_CROSS__AND_ROUND__KNOWN_REPEAT__BARE__NONE__TO__THE_PHRASE	CARRIER_VS_BARE	FRAME_CROSS	AND_ROUND	THE_PHRASE	BARE	THE_PHRASE	FRAME_CROSS__AND_ROUND__KNOWN_REPEAT__BARE__NONE	FRAME_CROSS__AND_ROUND__KNOWN_REPEAT__THE_PHRASE__NONE	round and round	the phrase round and round	0	2	4	1	1	0.463699	0.464522	0.463699	0.416913	2659	2659	0	0	0	and	KNOWN_REPEAT	V9_ATTESTED	1	1
FRAME_CROSS__AND_ROUND__KNOWN_REPEAT__BARE__NONE__TO__THEY_SAID	CARRIER_VS_BARE	FRAME_CROSS	AND_ROUND	THEY_SAID	BARE	THEY_SAID	FRAME_CROSS__AND_ROUND__KNOWN_REPEAT__BARE__NONE	FRAME_CROSS__AND_ROUND__KNOWN_REPEAT__THEY_SAID__NONE	round and round	they said round and round	0	2	4	1	1	1.152961	1.146116	1.152961	0.474211	2659	2659	0	0	0	and	KNOWN_REPEAT	V9_ATTESTED	1	1
FRAME_CROSS__AND_ROUND__KNOWN_RELATED__BARE__NONE__TO__V9_SPACE	CARRIER_VS_BARE	FRAME_CROSS	AND_ROUND	V9_SPACE	BARE	V9_SPACE	FRAME_CROSS__AND_ROUND__KNOWN_RELATED__BARE__NONE	FRAME_CROSS__AND_ROUND__KNOWN_RELATED__V9_SPACE__NONE	round and straight	 round and straight	0	2	2	1	1	-0.024755	-0.034181	0.0	-0.398868	1790	1790	0	0	0	and	RELATED_DISTINCT	V9_ATTESTED	1	1
FRAME_CROSS__AND_ROUND__KNOWN_RELATED__BARE__NONE__TO__THE_PHRASE	CARRIER_VS_BARE	FRAME_CROSS	AND_ROUND	THE_PHRASE	BARE	THE_PHRASE	FRAME_CROSS__AND_ROUND__KNOWN_RELATED__BARE__NONE	FRAME_CROSS__AND_ROUND__KNOWN_RELATED__THE_PHRASE__NONE	round and straight	the phrase round and straight	0	2	4	1	1	0.048287	0.04911	0.0	-0.674881	1790	2073	0	0	0	and	RELATED_DISTINCT	V9_ATTESTED	1	1
FRAME_CROSS__AND_ROUND__KNOWN_RELATED__BARE__NONE__TO__THEY_SAID	CARRIER_VS_BARE	FRAME_CROSS	AND_ROUND	THEY_SAID	BARE	THEY_SAID	FRAME_CROSS__AND_ROUND__KNOWN_RELATED__BARE__NONE	FRAME_CROSS__AND_ROUND__KNOWN_RELATED__THEY_SAID__NONE	round and straight	they said round and straight	0	2	4	1	1	0.448281	0.441436	0.350835	0.508482	1790	2659	0	0	0	and	RELATED_DISTINCT	V9_ATTESTED	1	1
FRAME_CROSS__AND_ROUND__KNOWN_ARBITRARY__BARE__NONE__TO__V9_SPACE	CARRIER_VS_BARE	FRAME_CROSS	AND_ROUND	V9_SPACE	BARE	V9_SPACE	FRAME_CROSS__AND_ROUND__KNOWN_ARBITRARY__BARE__NONE	FRAME_CROSS__AND_ROUND__KNOWN_ARBITRARY__V9_SPACE__NONE	round and button	 round and button	0	2	2	1	1	-0.166878	-0.176304	-0.166878	-0.565746	1790	1790	0	0	0	and	ARBITRARY_DISTINCT	V9_ATTESTED	1	1
FRAME_CROSS__AND_ROUND__KNOWN_ARBITRARY__BARE__NONE__TO__THE_PHRASE	CARRIER_VS_BARE	FRAME_CROSS	AND_ROUND	THE_PHRASE	BARE	THE_PHRASE	FRAME_CROSS__AND_ROUND__KNOWN_ARBITRARY__BARE__NONE	FRAME_CROSS__AND_ROUND__KNOWN_ARBITRARY__THE_PHRASE__NONE	round and button	the phrase round and button	0	2	4	1	1	0.364301	0.365124	0.364301	-0.31058	1790	2073	0	0	0	and	ARBITRARY_DISTINCT	V9_ATTESTED	1	1
FRAME_CROSS__AND_ROUND__KNOWN_ARBITRARY__BARE__NONE__TO__THEY_SAID	CARRIER_VS_BARE	FRAME_CROSS	AND_ROUND	THEY_SAID	BARE	THEY_SAID	FRAME_CROSS__AND_ROUND__KNOWN_ARBITRARY__BARE__NONE	FRAME_CROSS__AND_ROUND__KNOWN_ARBITRARY__THEY_SAID__NONE	round and button	they said round and button	0	2	4	1	1	0.641338	0.634493	0.641338	0.838735	1790	2256	0	0	0	and	ARBITRARY_DISTINCT	V9_ATTESTED	1	1
FRAME_CROSS__AND_ROUND__ARBITRARY_KNOWN__BARE__NONE__TO__V9_SPACE	CARRIER_VS_BARE	FRAME_CROSS	AND_ROUND	V9_SPACE	BARE	V9_SPACE	FRAME_CROSS__AND_ROUND__ARBITRARY_KNOWN__BARE__NONE	FRAME_CROSS__AND_ROUND__ARBITRARY_KNOWN__V9_SPACE__NONE	rabbit and round	 rabbit and round	0	3	2	1	1	0.101748	0.111376	0.043898	-0.886587	1888	1888	0	0	0	and	ARBITRARY_DISTINCT	V9_ATTESTED	1	1
FRAME_CROSS__AND_ROUND__ARBITRARY_KNOWN__BARE__NONE__TO__THE_PHRASE	CARRIER_VS_BARE	FRAME_CROSS	AND_ROUND	THE_PHRASE	BARE	THE_PHRASE	FRAME_CROSS__AND_ROUND__ARBITRARY_KNOWN__BARE__NONE	FRAME_CROSS__AND_ROUND__ARBITRARY_KNOWN__THE_PHRASE__NONE	rabbit and round	the phrase rabbit and round	0	3	4	1	1	-0.049488	-0.060305	0.0	-0.619273	1888	2073	0	0	0	and	ARBITRARY_DISTINCT	V9_ATTESTED	1	1
FRAME_CROSS__AND_ROUND__ARBITRARY_KNOWN__BARE__NONE__TO__THEY_SAID	CARRIER_VS_BARE	FRAME_CROSS	AND_ROUND	THEY_SAID	BARE	THEY_SAID	FRAME_CROSS__AND_ROUND__ARBITRARY_KNOWN__BARE__NONE	FRAME_CROSS__AND_ROUND__ARBITRARY_KNOWN__THEY_SAID__NONE	rabbit and round	they said rabbit and round	0	3	4	1	1	0.165595	0.162499	0.107745	0.352826	1888	1888	0	0	0	and	ARBITRARY_DISTINCT	V9_ATTESTED	1	1
FRAME_CROSS__AND_ROUND__ARBITRARY_REPEAT__BARE__NONE__TO__V9_SPACE	CARRIER_VS_BARE	FRAME_CROSS	AND_ROUND	V9_SPACE	BARE	V9_SPACE	FRAME_CROSS__AND_ROUND__ARBITRARY_REPEAT__BARE__NONE	FRAME_CROSS__AND_ROUND__ARBITRARY_REPEAT__V9_SPACE__NONE	rabbit and rabbit	 rabbit and rabbit	0	3	2	1	1	-0.356337	-0.346709	-0.356337	-0.46354	2659	1888	0	0	0	and	NOVEL_REPEAT	V9_ATTESTED	1	1
FRAME_CROSS__AND_ROUND__ARBITRARY_REPEAT__BARE__NONE__TO__THE_PHRASE	CARRIER_VS_BARE	FRAME_CROSS	AND_ROUND	THE_PHRASE	BARE	THE_PHRASE	FRAME_CROSS__AND_ROUND__ARBITRARY_REPEAT__BARE__NONE	FRAME_CROSS__AND_ROUND__ARBITRARY_REPEAT__THE_PHRASE__NONE	rabbit and rabbit	the phrase rabbit and rabbit	0	3	4	1	1	-0.932086	-0.942903	-0.932086	-0.728078	2659	2073	0	0	0	and	NOVEL_REPEAT	V9_ATTESTED	1	1
FRAME_CROSS__AND_ROUND__ARBITRARY_REPEAT__BARE__NONE__TO__THEY_SAID	CARRIER_VS_BARE	FRAME_CROSS	AND_ROUND	THEY_SAID	BARE	THEY_SAID	FRAME_CROSS__AND_ROUND__ARBITRARY_REPEAT__BARE__NONE	FRAME_CROSS__AND_ROUND__ARBITRARY_REPEAT__THEY_SAID__NONE	rabbit and rabbit	they said rabbit and rabbit	0	3	4	1	1	-0.272063	-0.275159	-0.272063	-0.456691	2659	2659	0	0	0	and	NOVEL_REPEAT	V9_ATTESTED	1	1
FRAME_CROSS__AND_ROUND__ARBITRARY_DISTINCT__BARE__NONE__TO__V9_SPACE	CARRIER_VS_BARE	FRAME_CROSS	AND_ROUND	V9_SPACE	BARE	V9_SPACE	FRAME_CROSS__AND_ROUND__ARBITRARY_DISTINCT__BARE__NONE	FRAME_CROSS__AND_ROUND__ARBITRARY_DISTINCT__V9_SPACE__NONE	rabbit and button	 rabbit and button	0	3	2	1	1	0.067734	0.077363	0.067734	-0.86275	1888	1888	0	0	0	and	NOVEL_DISTINCT	V9_ATTESTED	1	1
FRAME_CROSS__AND_ROUND__ARBITRARY_DISTINCT__BARE__NONE__TO__THE_PHRASE	CARRIER_VS_BARE	FRAME_CROSS	AND_ROUND	THE_PHRASE	BARE	THE_PHRASE	FRAME_CROSS__AND_ROUND__ARBITRARY_DISTINCT__BARE__NONE	FRAME_CROSS__AND_ROUND__ARBITRARY_DISTINCT__THE_PHRASE__NONE	rabbit and button	the phrase rabbit and button	0	3	4	1	1	0.050643	0.039827	0.050643	-0.56863	1888	2073	0	0	0	and	NOVEL_DISTINCT	V9_ATTESTED	1	1
FRAME_CROSS__AND_ROUND__ARBITRARY_DISTINCT__BARE__NONE__TO__THEY_SAID	CARRIER_VS_BARE	FRAME_CROSS	AND_ROUND	THEY_SAID	BARE	THEY_SAID	FRAME_CROSS__AND_ROUND__ARBITRARY_DISTINCT__BARE__NONE	FRAME_CROSS__AND_ROUND__ARBITRARY_DISTINCT__THEY_SAID__NONE	rabbit and button	they said rabbit and button	0	3	4	1	1	0.295094	0.291999	0.295094	0.540175	1888	1888	0	0	0	and	NOVEL_DISTINCT	V9_ATTESTED	1	1
FRAME_CROSS__AND_ROUND__KNOWN_NO_CONNECTOR__BARE__NONE__TO__V9_SPACE	CARRIER_VS_BARE	FRAME_CROSS	AND_ROUND	V9_SPACE	BARE	V9_SPACE	FRAME_CROSS__AND_ROUND__KNOWN_NO_CONNECTOR__BARE__NONE	FRAME_CROSS__AND_ROUND__KNOWN_NO_CONNECTOR__V9_SPACE__NONE	round round	 round round	0	1	1	1	1	-0.072428	-0.01631	0.0	-0.070306	1691	1790	0	0	0	and	NO_CONNECTOR	V9_ATTESTED	1	1
FRAME_CROSS__AND_ROUND__KNOWN_NO_CONNECTOR__BARE__NONE__TO__THE_PHRASE	CARRIER_VS_BARE	FRAME_CROSS	AND_ROUND	THE_PHRASE	BARE	THE_PHRASE	FRAME_CROSS__AND_ROUND__KNOWN_NO_CONNECTOR__BARE__NONE	FRAME_CROSS__AND_ROUND__KNOWN_NO_CONNECTOR__THE_PHRASE__NONE	round round	the phrase round round	0	1	3	1	1	-0.123648	-0.191343	0.0	-0.346319	1691	2073	0	0	0	and	NO_CONNECTOR	V9_ATTESTED	1	1
FRAME_CROSS__AND_ROUND__KNOWN_NO_CONNECTOR__BARE__NONE__TO__THEY_SAID	CARRIER_VS_BARE	FRAME_CROSS	AND_ROUND	THEY_SAID	BARE	THEY_SAID	FRAME_CROSS__AND_ROUND__KNOWN_NO_CONNECTOR__BARE__NONE	FRAME_CROSS__AND_ROUND__KNOWN_NO_CONNECTOR__THEY_SAID__NONE	round round	they said round round	0	1	3	1	1	-0.137683	-0.176001	0.0	0.469468	1691	1790	0	0	0	and	NO_CONNECTOR	V9_ATTESTED	1	1
FRAME_CROSS__AND_ROUND__ARBITRARY_NO_CONNECTOR__BARE__NONE__TO__V9_SPACE	CARRIER_VS_BARE	FRAME_CROSS	AND_ROUND	V9_SPACE	BARE	V9_SPACE	FRAME_CROSS__AND_ROUND__ARBITRARY_NO_CONNECTOR__BARE__NONE	FRAME_CROSS__AND_ROUND__ARBITRARY_NO_CONNECTOR__V9_SPACE__NONE	rabbit rabbit	 rabbit rabbit	0	2	1	1	1	-0.02081	-0.0345	0.0	-0.930484	1888	1888	0	0	0	and	NO_CONNECTOR	V9_ATTESTED	1	1
FRAME_CROSS__AND_ROUND__ARBITRARY_NO_CONNECTOR__BARE__NONE__TO__THE_PHRASE	CARRIER_VS_BARE	FRAME_CROSS	AND_ROUND	THE_PHRASE	BARE	THE_PHRASE	FRAME_CROSS__AND_ROUND__ARBITRARY_NO_CONNECTOR__BARE__NONE	FRAME_CROSS__AND_ROUND__ARBITRARY_NO_CONNECTOR__THE_PHRASE__NONE	rabbit rabbit	the phrase rabbit rabbit	0	2	3	1	1	-0.020062	-0.087802	0.0	-0.619273	1888	2073	0	0	0	and	NO_CONNECTOR	V9_ATTESTED	1	1
FRAME_CROSS__AND_ROUND__ARBITRARY_NO_CONNECTOR__BARE__NONE__TO__THEY_SAID	CARRIER_VS_BARE	FRAME_CROSS	AND_ROUND	THEY_SAID	BARE	THEY_SAID	FRAME_CROSS__AND_ROUND__ARBITRARY_NO_CONNECTOR__BARE__NONE	FRAME_CROSS__AND_ROUND__ARBITRARY_NO_CONNECTOR__THEY_SAID__NONE	rabbit rabbit	they said rabbit rabbit	0	2	3	1	1	-0.021222	-0.064114	0.0	0.162855	1888	1691	0	0	0	and	NO_CONNECTOR	V9_ATTESTED	1	1
REPEAT_CONNECTOR__AND_ROUND__AND__BARE__NONE__TO__V9_SPACE	CARRIER_VS_BARE	REPEAT_CONNECTOR	AND_ROUND	V9_SPACE	BARE	V9_SPACE	REPEAT_CONNECTOR__AND_ROUND__AND__BARE__NONE	REPEAT_CONNECTOR__AND_ROUND__AND__V9_SPACE__NONE	round and round	 round and round	0	2	2	1	1	0.229215	0.219789	0.229215	0.26787	2659	2659	0	0	0	and	KNOWN_REPEAT	V9_ATTESTED	1	1
REPEAT_CONNECTOR__AND_ROUND__AND__BARE__NONE__TO__THE_PHRASE	CARRIER_VS_BARE	REPEAT_CONNECTOR	AND_ROUND	THE_PHRASE	BARE	THE_PHRASE	REPEAT_CONNECTOR__AND_ROUND__AND__BARE__NONE	REPEAT_CONNECTOR__AND_ROUND__AND__THE_PHRASE__NONE	round and round	the phrase round and round	0	2	4	1	1	0.463699	0.464522	0.463699	0.416913	2659	2659	0	0	0	and	KNOWN_REPEAT	V9_ATTESTED	1	1
REPEAT_CONNECTOR__AND_ROUND__AND__BARE__NONE__TO__THEY_SAID	CARRIER_VS_BARE	REPEAT_CONNECTOR	AND_ROUND	THEY_SAID	BARE	THEY_SAID	REPEAT_CONNECTOR__AND_ROUND__AND__BARE__NONE	REPEAT_CONNECTOR__AND_ROUND__AND__THEY_SAID__NONE	round and round	they said round and round	0	2	4	1	1	1.152961	1.146116	1.152961	0.474211	2659	2659	0	0	0	and	KNOWN_REPEAT	V9_ATTESTED	1	1
REPEAT_CONNECTOR__AND_ROUND__OR__BARE__NONE__TO__V9_SPACE	CARRIER_VS_BARE	REPEAT_CONNECTOR	AND_ROUND	V9_SPACE	BARE	V9_SPACE	REPEAT_CONNECTOR__AND_ROUND__OR__BARE__NONE	REPEAT_CONNECTOR__AND_ROUND__OR__V9_SPACE__NONE	round or round	 round or round	0	2	2	1	1	0.288763	0.287341	0.288763	0.266183	2659	2659	0	0	0	and	KNOWN_REPEAT	V9_ATTESTED	1	1
REPEAT_CONNECTOR__AND_ROUND__OR__BARE__NONE__TO__THE_PHRASE	CARRIER_VS_BARE	REPEAT_CONNECTOR	AND_ROUND	THE_PHRASE	BARE	THE_PHRASE	REPEAT_CONNECTOR__AND_ROUND__OR__BARE__NONE	REPEAT_CONNECTOR__AND_ROUND__OR__THE_PHRASE__NONE	round or round	the phrase round or round	0	2	4	1	1	0.132473	0.131227	0.132473	-0.125107	2659	2659	0	0	0	and	KNOWN_REPEAT	V9_ATTESTED	1	1
REPEAT_CONNECTOR__AND_ROUND__OR__BARE__NONE__TO__THEY_SAID	CARRIER_VS_BARE	REPEAT_CONNECTOR	AND_ROUND	THEY_SAID	BARE	THEY_SAID	REPEAT_CONNECTOR__AND_ROUND__OR__BARE__NONE	REPEAT_CONNECTOR__AND_ROUND__OR__THEY_SAID__NONE	round or round	they said round or round	0	2	4	1	1	0.128852	0.124745	0.128852	-0.169673	2659	2659	0	0	0	and	KNOWN_REPEAT	V9_ATTESTED	1	1
REPEAT_CONNECTOR__AND_ROUND__TO__BARE__NONE__TO__V9_SPACE	CARRIER_VS_BARE	REPEAT_CONNECTOR	AND_ROUND	V9_SPACE	BARE	V9_SPACE	REPEAT_CONNECTOR__AND_ROUND__TO__BARE__NONE	REPEAT_CONNECTOR__AND_ROUND__TO__V9_SPACE__NONE	round to round	 round to round	0	2	2	1	1	0.32307	0.307078	0.32307	-0.075798	541	541	1	1	0	and	KNOWN_REPEAT	V9_ATTESTED	1	1
REPEAT_CONNECTOR__AND_ROUND__TO__BARE__NONE__TO__THE_PHRASE	CARRIER_VS_BARE	REPEAT_CONNECTOR	AND_ROUND	THE_PHRASE	BARE	THE_PHRASE	REPEAT_CONNECTOR__AND_ROUND__TO__BARE__NONE	REPEAT_CONNECTOR__AND_ROUND__TO__THE_PHRASE__NONE	round to round	the phrase round to round	0	2	4	1	1	0.825893	0.792123	0.825893	0.151011	541	541	1	1	0	and	KNOWN_REPEAT	V9_ATTESTED	1	1
REPEAT_CONNECTOR__AND_ROUND__TO__BARE__NONE__TO__THEY_SAID	CARRIER_VS_BARE	REPEAT_CONNECTOR	AND_ROUND	THEY_SAID	BARE	THEY_SAID	REPEAT_CONNECTOR__AND_ROUND__TO__BARE__NONE	REPEAT_CONNECTOR__AND_ROUND__TO__THEY_SAID__NONE	round to round	they said round to round	0	2	4	1	1	1.660659	1.630351	1.660659	0.083488	541	541	1	1	0	and	KNOWN_REPEAT	V9_ATTESTED	1	1
REPEAT_CONNECTOR__AND_ROUND__BY__BARE__NONE__TO__V9_SPACE	CARRIER_VS_BARE	REPEAT_CONNECTOR	AND_ROUND	V9_SPACE	BARE	V9_SPACE	REPEAT_CONNECTOR__AND_ROUND__BY__BARE__NONE	REPEAT_CONNECTOR__AND_ROUND__BY__V9_SPACE__NONE	round by round	 round by round	0	2	2	1	1	0.356773	0.31131	0.356773	0.211341	541	541	1	1	0	and	KNOWN_REPEAT	V9_ATTESTED	1	1
REPEAT_CONNECTOR__AND_ROUND__BY__BARE__NONE__TO__THE_PHRASE	CARRIER_VS_BARE	REPEAT_CONNECTOR	AND_ROUND	THE_PHRASE	BARE	THE_PHRASE	REPEAT_CONNECTOR__AND_ROUND__BY__BARE__NONE	REPEAT_CONNECTOR__AND_ROUND__BY__THE_PHRASE__NONE	round by round	the phrase round by round	0	2	4	1	1	-0.460386	-0.483654	-0.460386	-0.635654	541	541	1	1	0	and	KNOWN_REPEAT	V9_ATTESTED	1	1
REPEAT_CONNECTOR__AND_ROUND__BY__BARE__NONE__TO__THEY_SAID	CARRIER_VS_BARE	REPEAT_CONNECTOR	AND_ROUND	THEY_SAID	BARE	THEY_SAID	REPEAT_CONNECTOR__AND_ROUND__BY__BARE__NONE	REPEAT_CONNECTOR__AND_ROUND__BY__THEY_SAID__NONE	round by round	they said round by round	0	2	4	1	1	0.276454	0.262364	0.276454	0.473937	541	541	1	1	0	and	KNOWN_REPEAT	V9_ATTESTED	1	1
REPEAT_CONNECTOR__AND_ROUND__AFTER__BARE__NONE__TO__V9_SPACE	CARRIER_VS_BARE	REPEAT_CONNECTOR	AND_ROUND	V9_SPACE	BARE	V9_SPACE	REPEAT_CONNECTOR__AND_ROUND__AFTER__BARE__NONE	REPEAT_CONNECTOR__AND_ROUND__AFTER__V9_SPACE__NONE	round after round	 round after round	0	2	2	1	1	0.077845	0.035256	0.077845	-0.083459	1738	1738	0	0	0	and	KNOWN_REPEAT	V9_ATTESTED	1	1
REPEAT_CONNECTOR__AND_ROUND__AFTER__BARE__NONE__TO__THE_PHRASE	CARRIER_VS_BARE	REPEAT_CONNECTOR	AND_ROUND	THE_PHRASE	BARE	THE_PHRASE	REPEAT_CONNECTOR__AND_ROUND__AFTER__BARE__NONE	REPEAT_CONNECTOR__AND_ROUND__AFTER__THE_PHRASE__NONE	round after round	the phrase round after round	0	2	4	1	1	-0.322555	-0.35887	-0.322555	-0.458975	1738	2073	0	0	0	and	KNOWN_REPEAT	V9_ATTESTED	1	1
REPEAT_CONNECTOR__AND_ROUND__AFTER__BARE__NONE__TO__THEY_SAID	CARRIER_VS_BARE	REPEAT_CONNECTOR	AND_ROUND	THEY_SAID	BARE	THEY_SAID	REPEAT_CONNECTOR__AND_ROUND__AFTER__BARE__NONE	REPEAT_CONNECTOR__AND_ROUND__AFTER__THEY_SAID__NONE	round after round	they said round after round	0	2	4	1	1	0.618761	0.571484	0.618761	0.331975	1738	541	0	1	1	and	KNOWN_REPEAT	V9_ATTESTED	1	1
FRAME_CROSS__AND_AGAIN__KNOWN_REPEAT__BARE__NONE__TO__V9_SPACE	CARRIER_VS_BARE	FRAME_CROSS	AND_AGAIN	V9_SPACE	BARE	V9_SPACE	FRAME_CROSS__AND_AGAIN__KNOWN_REPEAT__BARE__NONE	FRAME_CROSS__AND_AGAIN__KNOWN_REPEAT__V9_SPACE__NONE	again and again	 again and again	0	2	2	1	1	0.272398	0.274657	0.272398	0.050075	541	541	1	1	0	and	KNOWN_REPEAT	V9_ATTESTED	1	1
FRAME_CROSS__AND_AGAIN__KNOWN_REPEAT__BARE__NONE__TO__THE_PHRASE	CARRIER_VS_BARE	FRAME_CROSS	AND_AGAIN	THE_PHRASE	BARE	THE_PHRASE	FRAME_CROSS__AND_AGAIN__KNOWN_REPEAT__BARE__NONE	FRAME_CROSS__AND_AGAIN__KNOWN_REPEAT__THE_PHRASE__NONE	again and again	the phrase again and again	0	2	4	1	1	0.264656	0.26373	0.264656	-0.02719	541	541	1	1	0	and	KNOWN_REPEAT	V9_ATTESTED	1	1
FRAME_CROSS__AND_AGAIN__KNOWN_REPEAT__BARE__NONE__TO__THEY_SAID	CARRIER_VS_BARE	FRAME_CROSS	AND_AGAIN	THEY_SAID	BARE	THEY_SAID	FRAME_CROSS__AND_AGAIN__KNOWN_REPEAT__BARE__NONE	FRAME_CROSS__AND_AGAIN__KNOWN_REPEAT__THEY_SAID__NONE	again and again	they said again and again	0	2	4	1	1	0.19666	0.205558	0.19666	0.640066	541	541	1	1	0	and	KNOWN_REPEAT	V9_ATTESTED	1	1
FRAME_CROSS__AND_AGAIN__KNOWN_RELATED__BARE__NONE__TO__V9_SPACE	CARRIER_VS_BARE	FRAME_CROSS	AND_AGAIN	V9_SPACE	BARE	V9_SPACE	FRAME_CROSS__AND_AGAIN__KNOWN_RELATED__BARE__NONE	FRAME_CROSS__AND_AGAIN__KNOWN_RELATED__V9_SPACE__NONE	again and then	 again and then	0	2	2	1	1	-0.207114	-0.204856	-0.207114	-0.429437	1888	1888	0	0	0	and	RELATED_DISTINCT	V9_ATTESTED	1	1
FRAME_CROSS__AND_AGAIN__KNOWN_RELATED__BARE__NONE__TO__THE_PHRASE	CARRIER_VS_BARE	FRAME_CROSS	AND_AGAIN	THE_PHRASE	BARE	THE_PHRASE	FRAME_CROSS__AND_AGAIN__KNOWN_RELATED__BARE__NONE	FRAME_CROSS__AND_AGAIN__KNOWN_RELATED__THE_PHRASE__NONE	again and then	the phrase again and then	0	2	4	1	1	-0.005072	-0.005999	-0.005072	-0.296919	1888	2073	0	0	0	and	RELATED_DISTINCT	V9_ATTESTED	1	1
FRAME_CROSS__AND_AGAIN__KNOWN_RELATED__BARE__NONE__TO__THEY_SAID	CARRIER_VS_BARE	FRAME_CROSS	AND_AGAIN	THEY_SAID	BARE	THEY_SAID	FRAME_CROSS__AND_AGAIN__KNOWN_RELATED__BARE__NONE	FRAME_CROSS__AND_AGAIN__KNOWN_RELATED__THEY_SAID__NONE	again and then	they said again and then	0	2	4	1	1	-0.542834	-0.533937	-0.471982	0.074429	1888	444	0	0	0	and	RELATED_DISTINCT	V9_ATTESTED	1	1
FRAME_CROSS__AND_AGAIN__KNOWN_ARBITRARY__BARE__NONE__TO__V9_SPACE	CARRIER_VS_BARE	FRAME_CROSS	AND_AGAIN	V9_SPACE	BARE	V9_SPACE	FRAME_CROSS__AND_AGAIN__KNOWN_ARBITRARY__BARE__NONE	FRAME_CROSS__AND_AGAIN__KNOWN_ARBITRARY__V9_SPACE__NONE	again and violin	 again and violin	0	2	2	1	1	-0.029471	-0.027213	0.0	-0.222325	1888	1888	0	0	0	and	ARBITRARY_DISTINCT	V9_ATTESTED	1	1
FRAME_CROSS__AND_AGAIN__KNOWN_ARBITRARY__BARE__NONE__TO__THE_PHRASE	CARRIER_VS_BARE	FRAME_CROSS	AND_AGAIN	THE_PHRASE	BARE	THE_PHRASE	FRAME_CROSS__AND_AGAIN__KNOWN_ARBITRARY__BARE__NONE	FRAME_CROSS__AND_AGAIN__KNOWN_ARBITRARY__THE_PHRASE__NONE	again and violin	the phrase again and violin	0	2	4	1	1	-0.029563	-0.03049	0.0	-0.291847	1888	2073	0	0	0	and	ARBITRARY_DISTINCT	V9_ATTESTED	1	1
FRAME_CROSS__AND_AGAIN__KNOWN_ARBITRARY__BARE__NONE__TO__THEY_SAID	CARRIER_VS_BARE	FRAME_CROSS	AND_AGAIN	THEY_SAID	BARE	THEY_SAID	FRAME_CROSS__AND_AGAIN__KNOWN_ARBITRARY__BARE__NONE	FRAME_CROSS__AND_AGAIN__KNOWN_ARBITRARY__THEY_SAID__NONE	again and violin	they said again and violin	0	2	4	1	1	0.00512	0.014018	0.0	0.144331	1888	1888	0	0	0	and	ARBITRARY_DISTINCT	V9_ATTESTED	1	1
FRAME_CROSS__AND_AGAIN__ARBITRARY_KNOWN__BARE__NONE__TO__V9_SPACE	CARRIER_VS_BARE	FRAME_CROSS	AND_AGAIN	V9_SPACE	BARE	V9_SPACE	FRAME_CROSS__AND_AGAIN__ARBITRARY_KNOWN__BARE__NONE	FRAME_CROSS__AND_AGAIN__ARBITRARY_KNOWN__V9_SPACE__NONE	hammer and again	 hammer and again	0	2	2	1	1	0.199244	0.196034	0.199244	-0.137122	1888	1888	0	0	0	and	ARBITRARY_DISTINCT	V9_ATTESTED	1	1
FRAME_CROSS__AND_AGAIN__ARBITRARY_KNOWN__BARE__NONE__TO__THE_PHRASE	CARRIER_VS_BARE	FRAME_CROSS	AND_AGAIN	THE_PHRASE	BARE	THE_PHRASE	FRAME_CROSS__AND_AGAIN__ARBITRARY_KNOWN__BARE__NONE	FRAME_CROSS__AND_AGAIN__ARBITRARY_KNOWN__THE_PHRASE__NONE	hammer and again	the phrase hammer and again	0	2	4	1	1	0.137499	0.135307	0.137499	0.138842	1888	2073	0	0	0	and	ARBITRARY_DISTINCT	V9_ATTESTED	1	1
FRAME_CROSS__AND_AGAIN__ARBITRARY_KNOWN__BARE__NONE__TO__THEY_SAID	CARRIER_VS_BARE	FRAME_CROSS	AND_AGAIN	THEY_SAID	BARE	THEY_SAID	FRAME_CROSS__AND_AGAIN__ARBITRARY_KNOWN__BARE__NONE	FRAME_CROSS__AND_AGAIN__ARBITRARY_KNOWN__THEY_SAID__NONE	hammer and again	they said hammer and again	0	2	4	1	1	-0.000636	-0.004857	-0.000636	0.707292	1888	1888	0	0	0	and	ARBITRARY_DISTINCT	V9_ATTESTED	1	1
FRAME_CROSS__AND_AGAIN__ARBITRARY_REPEAT__BARE__NONE__TO__V9_SPACE	CARRIER_VS_BARE	FRAME_CROSS	AND_AGAIN	V9_SPACE	BARE	V9_SPACE	FRAME_CROSS__AND_AGAIN__ARBITRARY_REPEAT__BARE__NONE	FRAME_CROSS__AND_AGAIN__ARBITRARY_REPEAT__V9_SPACE__NONE	hammer and hammer	 hammer and hammer	0	2	2	1	1	0.079228	0.076018	0.079228	0.16023	2659	2659	0	0	0	and	NOVEL_REPEAT	V9_ATTESTED	1	1
FRAME_CROSS__AND_AGAIN__ARBITRARY_REPEAT__BARE__NONE__TO__THE_PHRASE	CARRIER_VS_BARE	FRAME_CROSS	AND_AGAIN	THE_PHRASE	BARE	THE_PHRASE	FRAME_CROSS__AND_AGAIN__ARBITRARY_REPEAT__BARE__NONE	FRAME_CROSS__AND_AGAIN__ARBITRARY_REPEAT__THE_PHRASE__NONE	hammer and hammer	the phrase hammer and hammer	0	2	4	1	1	-0.289115	-0.291308	-0.289115	-0.069392	2659	2659	0	0	0	and	NOVEL_REPEAT	V9_ATTESTED	1	1
FRAME_CROSS__AND_AGAIN__ARBITRARY_REPEAT__BARE__NONE__TO__THEY_SAID	CARRIER_VS_BARE	FRAME_CROSS	AND_AGAIN	THEY_SAID	BARE	THEY_SAID	FRAME_CROSS__AND_AGAIN__ARBITRARY_REPEAT__BARE__NONE	FRAME_CROSS__AND_AGAIN__ARBITRARY_REPEAT__THEY_SAID__NONE	hammer and hammer	they said hammer and hammer	0	2	4	1	1	-0.229128	-0.23335	-0.229128	-0.113039	2659	2659	0	0	0	and	NOVEL_REPEAT	V9_ATTESTED	1	1
FRAME_CROSS__AND_AGAIN__ARBITRARY_DISTINCT__BARE__NONE__TO__V9_SPACE	CARRIER_VS_BARE	FRAME_CROSS	AND_AGAIN	V9_SPACE	BARE	V9_SPACE	FRAME_CROSS__AND_AGAIN__ARBITRARY_DISTINCT__BARE__NONE	FRAME_CROSS__AND_AGAIN__ARBITRARY_DISTINCT__V9_SPACE__NONE	hammer and violin	 hammer and violin	0	2	2	1	1	-0.111984	-0.115193	-0.111984	-0.448348	1888	1888	0	0	0	and	NOVEL_DISTINCT	V9_ATTESTED	1	1
FRAME_CROSS__AND_AGAIN__ARBITRARY_DISTINCT__BARE__NONE__TO__THE_PHRASE	CARRIER_VS_BARE	FRAME_CROSS	AND_AGAIN	THE_PHRASE	BARE	THE_PHRASE	FRAME_CROSS__AND_AGAIN__ARBITRARY_DISTINCT__BARE__NONE	FRAME_CROSS__AND_AGAIN__ARBITRARY_DISTINCT__THE_PHRASE__NONE	hammer and violin	the phrase hammer and violin	0	2	4	1	1	-0.474315	-0.476507	-0.474315	-0.472972	1888	2073	0	0	0	and	NOVEL_DISTINCT	V9_ATTESTED	1	1
FRAME_CROSS__AND_AGAIN__ARBITRARY_DISTINCT__BARE__NONE__TO__THEY_SAID	CARRIER_VS_BARE	FRAME_CROSS	AND_AGAIN	THEY_SAID	BARE	THEY_SAID	FRAME_CROSS__AND_AGAIN__ARBITRARY_DISTINCT__BARE__NONE	FRAME_CROSS__AND_AGAIN__ARBITRARY_DISTINCT__THEY_SAID__NONE	hammer and violin	they said hammer and violin	0	2	4	1	1	-0.374653	-0.378873	-0.374653	0.333276	1888	1888	0	0	0	and	NOVEL_DISTINCT	V9_ATTESTED	1	1
FRAME_CROSS__AND_AGAIN__KNOWN_NO_CONNECTOR__BARE__NONE__TO__V9_SPACE	CARRIER_VS_BARE	FRAME_CROSS	AND_AGAIN	V9_SPACE	BARE	V9_SPACE	FRAME_CROSS__AND_AGAIN__KNOWN_NO_CONNECTOR__BARE__NONE	FRAME_CROSS__AND_AGAIN__KNOWN_NO_CONNECTOR__V9_SPACE__NONE	again again	 again again	0	1	1	1	1	-0.012473	-0.049058	0.0	-0.222325	1888	1888	0	0	0	and	NO_CONNECTOR	V9_ATTESTED	1	1
FRAME_CROSS__AND_AGAIN__KNOWN_NO_CONNECTOR__BARE__NONE__TO__THE_PHRASE	CARRIER_VS_BARE	FRAME_CROSS	AND_AGAIN	THE_PHRASE	BARE	THE_PHRASE	FRAME_CROSS__AND_AGAIN__KNOWN_NO_CONNECTOR__BARE__NONE	FRAME_CROSS__AND_AGAIN__KNOWN_NO_CONNECTOR__THE_PHRASE__NONE	again again	the phrase again again	0	1	3	1	1	0.027578	-0.043036	0.0	-0.291847	1888	2073	0	0	0	and	NO_CONNECTOR	V9_ATTESTED	1	1
FRAME_CROSS__AND_AGAIN__KNOWN_NO_CONNECTOR__BARE__NONE__TO__THEY_SAID	CARRIER_VS_BARE	FRAME_CROSS	AND_AGAIN	THEY_SAID	BARE	THEY_SAID	FRAME_CROSS__AND_AGAIN__KNOWN_NO_CONNECTOR__BARE__NONE	FRAME_CROSS__AND_AGAIN__KNOWN_NO_CONNECTOR__THEY_SAID__NONE	again again	they said again again	0	1	3	1	1	-0.016835	0.002006	0.0	0.54641	1888	444	0	0	0	and	NO_CONNECTOR	V9_ATTESTED	1	1
FRAME_CROSS__AND_AGAIN__ARBITRARY_NO_CONNECTOR__BARE__NONE__TO__V9_SPACE	CARRIER_VS_BARE	FRAME_CROSS	AND_AGAIN	V9_SPACE	BARE	V9_SPACE	FRAME_CROSS__AND_AGAIN__ARBITRARY_NO_CONNECTOR__BARE__NONE	FRAME_CROSS__AND_AGAIN__ARBITRARY_NO_CONNECTOR__V9_SPACE__NONE	hammer hammer	 hammer hammer	0	1	1	1	1	-0.041631	-0.013555	0.0	-0.336365	1888	1888	0	0	0	and	NO_CONNECTOR	V9_ATTESTED	1	1
FRAME_CROSS__AND_AGAIN__ARBITRARY_NO_CONNECTOR__BARE__NONE__TO__THE_PHRASE	CARRIER_VS_BARE	FRAME_CROSS	AND_AGAIN	THE_PHRASE	BARE	THE_PHRASE	FRAME_CROSS__AND_AGAIN__ARBITRARY_NO_CONNECTOR__BARE__NONE	FRAME_CROSS__AND_AGAIN__ARBITRARY_NO_CONNECTOR__THE_PHRASE__NONE	hammer hammer	the phrase hammer hammer	0	1	3	1	1	-0.045732	-0.096949	0.0	0.001343	1888	2073	0	0	0	and	NO_CONNECTOR	V9_ATTESTED	1	1
FRAME_CROSS__AND_AGAIN__ARBITRARY_NO_CONNECTOR__BARE__NONE__TO__THEY_SAID	CARRIER_VS_BARE	FRAME_CROSS	AND_AGAIN	THEY_SAID	BARE	THEY_SAID	FRAME_CROSS__AND_AGAIN__ARBITRARY_NO_CONNECTOR__BARE__NONE	FRAME_CROSS__AND_AGAIN__ARBITRARY_NO_CONNECTOR__THEY_SAID__NONE	hammer hammer	they said hammer hammer	0	1	3	1	1	-0.041962	-0.070432	0.0	0.707928	1888	1888	0	0	0	and	NO_CONNECTOR	V9_ATTESTED	1	1
REPEAT_CONNECTOR__AND_AGAIN__AND__BARE__NONE__TO__V9_SPACE	CARRIER_VS_BARE	REPEAT_CONNECTOR	AND_AGAIN	V9_SPACE	BARE	V9_SPACE	REPEAT_CONNECTOR__AND_AGAIN__AND__BARE__NONE	REPEAT_CONNECTOR__AND_AGAIN__AND__V9_SPACE__NONE	again and again	 again and again	0	2	2	1	1	0.272398	0.274657	0.272398	0.050075	541	541	1	1	0	and	KNOWN_REPEAT	V9_ATTESTED	1	1
REPEAT_CONNECTOR__AND_AGAIN__AND__BARE__NONE__TO__THE_PHRASE	CARRIER_VS_BARE	REPEAT_CONNECTOR	AND_AGAIN	THE_PHRASE	BARE	THE_PHRASE	REPEAT_CONNECTOR__AND_AGAIN__AND__BARE__NONE	REPEAT_CONNECTOR__AND_AGAIN__AND__THE_PHRASE__NONE	again and again	the phrase again and again	0	2	4	1	1	0.264656	0.26373	0.264656	-0.02719	541	541	1	1	0	and	KNOWN_REPEAT	V9_ATTESTED	1	1
REPEAT_CONNECTOR__AND_AGAIN__AND__BARE__NONE__TO__THEY_SAID	CARRIER_VS_BARE	REPEAT_CONNECTOR	AND_AGAIN	THEY_SAID	BARE	THEY_SAID	REPEAT_CONNECTOR__AND_AGAIN__AND__BARE__NONE	REPEAT_CONNECTOR__AND_AGAIN__AND__THEY_SAID__NONE	again and again	they said again and again	0	2	4	1	1	0.19666	0.205558	0.19666	0.640066	541	541	1	1	0	and	KNOWN_REPEAT	V9_ATTESTED	1	1
REPEAT_CONNECTOR__AND_AGAIN__OR__BARE__NONE__TO__V9_SPACE	CARRIER_VS_BARE	REPEAT_CONNECTOR	AND_AGAIN	V9_SPACE	BARE	V9_SPACE	REPEAT_CONNECTOR__AND_AGAIN__OR__BARE__NONE	REPEAT_CONNECTOR__AND_AGAIN__OR__V9_SPACE__NONE	again or again	 again or again	0	2	2	1	1	0.310842	0.311116	0.310842	0.088517	541	541	1	1	0	and	KNOWN_REPEAT	V9_ATTESTED	1	1
REPEAT_CONNECTOR__AND_AGAIN__OR__BARE__NONE__TO__THE_PHRASE	CARRIER_VS_BARE	REPEAT_CONNECTOR	AND_AGAIN	THE_PHRASE	BARE	THE_PHRASE	REPEAT_CONNECTOR__AND_AGAIN__OR__BARE__NONE	REPEAT_CONNECTOR__AND_AGAIN__OR__THE_PHRASE__NONE	again or again	the phrase again or again	0	2	4	1	1	-0.357675	-0.360022	-0.357675	-0.649522	541	2073	1	0	1	and	KNOWN_REPEAT	V9_ATTESTED	1	1
REPEAT_CONNECTOR__AND_AGAIN__OR__BARE__NONE__TO__THEY_SAID	CARRIER_VS_BARE	REPEAT_CONNECTOR	AND_AGAIN	THEY_SAID	BARE	THEY_SAID	REPEAT_CONNECTOR__AND_AGAIN__OR__BARE__NONE	REPEAT_CONNECTOR__AND_AGAIN__OR__THEY_SAID__NONE	again or again	they said again or again	0	2	4	1	1	-0.491657	-0.494012	-0.491657	-0.223463	541	2659	1	0	1	and	KNOWN_REPEAT	V9_ATTESTED	1	1
REPEAT_CONNECTOR__AND_AGAIN__TO__BARE__NONE__TO__V9_SPACE	CARRIER_VS_BARE	REPEAT_CONNECTOR	AND_AGAIN	V9_SPACE	BARE	V9_SPACE	REPEAT_CONNECTOR__AND_AGAIN__TO__BARE__NONE	REPEAT_CONNECTOR__AND_AGAIN__TO__V9_SPACE__NONE	again to again	 again to again	0	2	2	1	1	0.697047	0.70918	0.697047	0.531477	1594	1594	0	0	0	and	KNOWN_REPEAT	V9_ATTESTED	1	1
REPEAT_CONNECTOR__AND_AGAIN__TO__BARE__NONE__TO__THE_PHRASE	CARRIER_VS_BARE	REPEAT_CONNECTOR	AND_AGAIN	THE_PHRASE	BARE	THE_PHRASE	REPEAT_CONNECTOR__AND_AGAIN__TO__BARE__NONE	REPEAT_CONNECTOR__AND_AGAIN__TO__THE_PHRASE__NONE	again to again	the phrase again to again	0	2	4	1	1	0.895585	0.888954	0.895585	0.759535	1594	2073	0	0	0	and	KNOWN_REPEAT	V9_ATTESTED	1	1
REPEAT_CONNECTOR__AND_AGAIN__TO__BARE__NONE__TO__THEY_SAID	CARRIER_VS_BARE	REPEAT_CONNECTOR	AND_AGAIN	THEY_SAID	BARE	THEY_SAID	REPEAT_CONNECTOR__AND_AGAIN__TO__BARE__NONE	REPEAT_CONNECTOR__AND_AGAIN__TO__THEY_SAID__NONE	again to again	they said again to again	0	2	4	1	1	0.471864	0.481342	0.471864	0.405323	1594	429	0	0	0	and	KNOWN_REPEAT	V9_ATTESTED	1	1
REPEAT_CONNECTOR__AND_AGAIN__BY__BARE__NONE__TO__V9_SPACE	CARRIER_VS_BARE	REPEAT_CONNECTOR	AND_AGAIN	V9_SPACE	BARE	V9_SPACE	REPEAT_CONNECTOR__AND_AGAIN__BY__BARE__NONE	REPEAT_CONNECTOR__AND_AGAIN__BY__V9_SPACE__NONE	again by again	 again by again	0	2	2	1	1	0.165758	0.175102	0.165758	-0.056566	1888	1888	0	0	0	and	KNOWN_REPEAT	V9_ATTESTED	1	1
REPEAT_CONNECTOR__AND_AGAIN__BY__BARE__NONE__TO__THE_PHRASE	CARRIER_VS_BARE	REPEAT_CONNECTOR	AND_AGAIN	THE_PHRASE	BARE	THE_PHRASE	REPEAT_CONNECTOR__AND_AGAIN__BY__BARE__NONE	REPEAT_CONNECTOR__AND_AGAIN__BY__THE_PHRASE__NONE	again by again	the phrase again by again	0	2	4	1	1	0.373273	0.30771	0.373273	0.081426	1888	2073	0	0	0	and	KNOWN_REPEAT	V9_ATTESTED	1	1
REPEAT_CONNECTOR__AND_AGAIN__BY__BARE__NONE__TO__THEY_SAID	CARRIER_VS_BARE	REPEAT_CONNECTOR	AND_AGAIN	THEY_SAID	BARE	THEY_SAID	REPEAT_CONNECTOR__AND_AGAIN__BY__BARE__NONE	REPEAT_CONNECTOR__AND_AGAIN__BY__THEY_SAID__NONE	again by again	they said again by again	0	2	4	1	1	-0.462698	-0.508008	-0.462698	0.082689	1888	1594	0	0	0	and	KNOWN_REPEAT	V9_ATTESTED	1	1
REPEAT_CONNECTOR__AND_AGAIN__AFTER__BARE__NONE__TO__V9_SPACE	CARRIER_VS_BARE	REPEAT_CONNECTOR	AND_AGAIN	V9_SPACE	BARE	V9_SPACE	REPEAT_CONNECTOR__AND_AGAIN__AFTER__BARE__NONE	REPEAT_CONNECTOR__AND_AGAIN__AFTER__V9_SPACE__NONE	again after again	 again after again	0	2	2	1	1	-0.05452	-0.040972	-0.05452	-0.276844	1888	1888	0	0	0	and	KNOWN_REPEAT	V9_ATTESTED	1	1
REPEAT_CONNECTOR__AND_AGAIN__AFTER__BARE__NONE__TO__THE_PHRASE	CARRIER_VS_BARE	REPEAT_CONNECTOR	AND_AGAIN	THE_PHRASE	BARE	THE_PHRASE	REPEAT_CONNECTOR__AND_AGAIN__AFTER__BARE__NONE	REPEAT_CONNECTOR__AND_AGAIN__AFTER__THE_PHRASE__NONE	again after again	the phrase again after again	0	2	4	1	1	0.431868	0.414029	0.431868	0.14002	1888	2073	0	0	0	and	KNOWN_REPEAT	V9_ATTESTED	1	1
REPEAT_CONNECTOR__AND_AGAIN__AFTER__BARE__NONE__TO__THEY_SAID	CARRIER_VS_BARE	REPEAT_CONNECTOR	AND_AGAIN	THEY_SAID	BARE	THEY_SAID	REPEAT_CONNECTOR__AND_AGAIN__AFTER__BARE__NONE	REPEAT_CONNECTOR__AND_AGAIN__AFTER__THEY_SAID__NONE	again after again	they said again after again	0	2	4	1	1	0.086749	0.091645	0.086749	0.124508	1888	1738	0	0	0	and	KNOWN_REPEAT	V9_ATTESTED	1	1
FRAME_CROSS__AND_TIME__KNOWN_REPEAT__BARE__NONE__TO__V9_SPACE	CARRIER_VS_BARE	FRAME_CROSS	AND_TIME	V9_SPACE	BARE	V9_SPACE	FRAME_CROSS__AND_TIME__KNOWN_REPEAT__BARE__NONE	FRAME_CROSS__AND_TIME__KNOWN_REPEAT__V9_SPACE__NONE	time and time	 time and time	0	2	2	1	1	-0.828305	-0.834796	-0.828305	-0.873219	638	1888	0	0	0	and	KNOWN_REPEAT	HELDOUT_FAMILIAR	1	1
FRAME_CROSS__AND_TIME__KNOWN_REPEAT__BARE__NONE__TO__THE_PHRASE	CARRIER_VS_BARE	FRAME_CROSS	AND_TIME	THE_PHRASE	BARE	THE_PHRASE	FRAME_CROSS__AND_TIME__KNOWN_REPEAT__BARE__NONE	FRAME_CROSS__AND_TIME__KNOWN_REPEAT__THE_PHRASE__NONE	time and time	the phrase time and time	0	2	4	1	1	-1.256217	-1.260042	-1.256217	-0.953032	638	2073	0	0	0	and	KNOWN_REPEAT	HELDOUT_FAMILIAR	1	1
FRAME_CROSS__AND_TIME__KNOWN_REPEAT__BARE__NONE__TO__THEY_SAID	CARRIER_VS_BARE	FRAME_CROSS	AND_TIME	THEY_SAID	BARE	THEY_SAID	FRAME_CROSS__AND_TIME__KNOWN_REPEAT__BARE__NONE	FRAME_CROSS__AND_TIME__KNOWN_REPEAT__THEY_SAID__NONE	time and time	they said time and time	0	2	4	1	1	-1.538871	-1.543232	-1.538871	-1.327234	638	2292	0	0	0	and	KNOWN_REPEAT	HELDOUT_FAMILIAR	1	1
FRAME_CROSS__AND_TIME__KNOWN_RELATED__BARE__NONE__TO__V9_SPACE	CARRIER_VS_BARE	FRAME_CROSS	AND_TIME	V9_SPACE	BARE	V9_SPACE	FRAME_CROSS__AND_TIME__KNOWN_RELATED__BARE__NONE	FRAME_CROSS__AND_TIME__KNOWN_RELATED__V9_SPACE__NONE	time and space	 time and space	0	2	2	1	1	0.136391	0.1299	0.136391	-0.502153	1888	1888	0	0	0	and	RELATED_DISTINCT	HELDOUT_FAMILIAR	1	1
FRAME_CROSS__AND_TIME__KNOWN_RELATED__BARE__NONE__TO__THE_PHRASE	CARRIER_VS_BARE	FRAME_CROSS	AND_TIME	THE_PHRASE	BARE	THE_PHRASE	FRAME_CROSS__AND_TIME__KNOWN_RELATED__BARE__NONE	FRAME_CROSS__AND_TIME__KNOWN_RELATED__THE_PHRASE__NONE	time and space	the phrase time and space	0	2	4	1	1	0.212017	0.208192	0.212017	-0.078428	1888	2073	0	0	0	and	RELATED_DISTINCT	HELDOUT_FAMILIAR	1	1
FRAME_CROSS__AND_TIME__KNOWN_RELATED__BARE__NONE__TO__THEY_SAID	CARRIER_VS_BARE	FRAME_CROSS	AND_TIME	THEY_SAID	BARE	THEY_SAID	FRAME_CROSS__AND_TIME__KNOWN_RELATED__BARE__NONE	FRAME_CROSS__AND_TIME__KNOWN_RELATED__THEY_SAID__NONE	time and space	they said time and space	0	2	4	1	1	0.045962	0.0416	0.045962	0.516966	1888	2659	0	0	0	and	RELATED_DISTINCT	HELDOUT_FAMILIAR	1	1
FRAME_CROSS__AND_TIME__KNOWN_ARBITRARY__BARE__NONE__TO__V9_SPACE	CARRIER_VS_BARE	FRAME_CROSS	AND_TIME	V9_SPACE	BARE	V9_SPACE	FRAME_CROSS__AND_TIME__KNOWN_ARBITRARY__BARE__NONE	FRAME_CROSS__AND_TIME__KNOWN_ARBITRARY__V9_SPACE__NONE	time and planet	 time and planet	0	2	2	1	1	-0.224878	-0.231369	-0.224878	-0.863423	1888	1888	0	0	0	and	ARBITRARY_DISTINCT	HELDOUT_FAMILIAR	1	1
FRAME_CROSS__AND_TIME__KNOWN_ARBITRARY__BARE__NONE__TO__THE_PHRASE	CARRIER_VS_BARE	FRAME_CROSS	AND_TIME	THE_PHRASE	BARE	THE_PHRASE	FRAME_CROSS__AND_TIME__KNOWN_ARBITRARY__BARE__NONE	FRAME_CROSS__AND_TIME__KNOWN_ARBITRARY__THE_PHRASE__NONE	time and planet	the phrase time and planet	0	2	4	1	1	-0.382178	-0.386003	-0.382178	-0.672625	1888	2073	0	0	0	and	ARBITRARY_DISTINCT	HELDOUT_FAMILIAR	1	1
FRAME_CROSS__AND_TIME__KNOWN_ARBITRARY__BARE__NONE__TO__THEY_SAID	CARRIER_VS_BARE	FRAME_CROSS	AND_TIME	THEY_SAID	BARE	THEY_SAID	FRAME_CROSS__AND_TIME__KNOWN_ARBITRARY__BARE__NONE	FRAME_CROSS__AND_TIME__KNOWN_ARBITRARY__THEY_SAID__NONE	time and planet	they said time and planet	0	2	4	1	1	-0.177671	-0.182032	-0.177671	0.162309	1888	2887	0	0	0	and	ARBITRARY_DISTINCT	HELDOUT_FAMILIAR	1	1
FRAME_CROSS__AND_TIME__ARBITRARY_KNOWN__BARE__NONE__TO__V9_SPACE	CARRIER_VS_BARE	FRAME_CROSS	AND_TIME	V9_SPACE	BARE	V9_SPACE	FRAME_CROSS__AND_TIME__ARBITRARY_KNOWN__BARE__NONE	FRAME_CROSS__AND_TIME__ARBITRARY_KNOWN__V9_SPACE__NONE	mustard and time	 mustard and time	0	3	2	1	1	-0.660564	-0.672753	-0.494282	-1.147655	592	1888	0	0	0	and	ARBITRARY_DISTINCT	HELDOUT_FAMILIAR	1	1
FRAME_CROSS__AND_TIME__ARBITRARY_KNOWN__BARE__NONE__TO__THE_PHRASE	CARRIER_VS_BARE	FRAME_CROSS	AND_TIME	THE_PHRASE	BARE	THE_PHRASE	FRAME_CROSS__AND_TIME__ARBITRARY_KNOWN__BARE__NONE	FRAME_CROSS__AND_TIME__ARBITRARY_KNOWN__THE_PHRASE__NONE	mustard and time	the phrase mustard and time	0	3	4	1	1	-0.663704	-0.678985	-0.494282	-0.955854	592	2073	0	0	0	and	ARBITRARY_DISTINCT	HELDOUT_FAMILIAR	1	1
FRAME_CROSS__AND_TIME__ARBITRARY_KNOWN__BARE__NONE__TO__THEY_SAID	CARRIER_VS_BARE	FRAME_CROSS	AND_TIME	THEY_SAID	BARE	THEY_SAID	FRAME_CROSS__AND_TIME__ARBITRARY_KNOWN__BARE__NONE	FRAME_CROSS__AND_TIME__ARBITRARY_KNOWN__THEY_SAID__NONE	mustard and time	they said mustard and time	0	3	4	1	1	-0.649583	-0.664091	-0.494282	-0.28659	592	1888	0	0	0	and	ARBITRARY_DISTINCT	HELDOUT_FAMILIAR	1	1
FRAME_CROSS__AND_TIME__ARBITRARY_REPEAT__BARE__NONE__TO__V9_SPACE	CARRIER_VS_BARE	FRAME_CROSS	AND_TIME	V9_SPACE	BARE	V9_SPACE	FRAME_CROSS__AND_TIME__ARBITRARY_REPEAT__BARE__NONE	FRAME_CROSS__AND_TIME__ARBITRARY_REPEAT__V9_SPACE__NONE	mustard and mustard	 mustard and mustard	0	3	2	1	1	0.103064	0.090876	0.103064	-0.474773	2659	1888	0	0	0	and	NOVEL_REPEAT	HELDOUT_FAMILIAR	1	1
FRAME_CROSS__AND_TIME__ARBITRARY_REPEAT__BARE__NONE__TO__THE_PHRASE	CARRIER_VS_BARE	FRAME_CROSS	AND_TIME	THE_PHRASE	BARE	THE_PHRASE	FRAME_CROSS__AND_TIME__ARBITRARY_REPEAT__BARE__NONE	FRAME_CROSS__AND_TIME__ARBITRARY_REPEAT__THE_PHRASE__NONE	mustard and mustard	the phrase mustard and mustard	0	3	4	1	1	-0.35931	-0.37459	-0.35931	-0.745346	2659	2073	0	0	0	and	NOVEL_REPEAT	HELDOUT_FAMILIAR	1	1
FRAME_CROSS__AND_TIME__ARBITRARY_REPEAT__BARE__NONE__TO__THEY_SAID	CARRIER_VS_BARE	FRAME_CROSS	AND_TIME	THEY_SAID	BARE	THEY_SAID	FRAME_CROSS__AND_TIME__ARBITRARY_REPEAT__BARE__NONE	FRAME_CROSS__AND_TIME__ARBITRARY_REPEAT__THEY_SAID__NONE	mustard and mustard	they said mustard and mustard	0	3	4	1	1	0.194013	0.179506	0.194013	0.218716	2659	2659	0	0	0	and	NOVEL_REPEAT	HELDOUT_FAMILIAR	1	1
FRAME_CROSS__AND_TIME__ARBITRARY_DISTINCT__BARE__NONE__TO__V9_SPACE	CARRIER_VS_BARE	FRAME_CROSS	AND_TIME	V9_SPACE	BARE	V9_SPACE	FRAME_CROSS__AND_TIME__ARBITRARY_DISTINCT__BARE__NONE	FRAME_CROSS__AND_TIME__ARBITRARY_DISTINCT__V9_SPACE__NONE	mustard and planet	 mustard and planet	0	3	2	1	1	-0.18568	-0.197869	-0.039087	-0.692461	592	1888	0	0	0	and	NOVEL_DISTINCT	HELDOUT_FAMILIAR	1	1
FRAME_CROSS__AND_TIME__ARBITRARY_DISTINCT__BARE__NONE__TO__THE_PHRASE	CARRIER_VS_BARE	FRAME_CROSS	AND_TIME	THE_PHRASE	BARE	THE_PHRASE	FRAME_CROSS__AND_TIME__ARBITRARY_DISTINCT__BARE__NONE	FRAME_CROSS__AND_TIME__ARBITRARY_DISTINCT__THE_PHRASE__NONE	mustard and planet	the phrase mustard and planet	0	3	4	1	1	-0.192857	-0.208138	-0.039087	-0.50066	592	2073	0	0	0	and	NOVEL_DISTINCT	HELDOUT_FAMILIAR	1	1
FRAME_CROSS__AND_TIME__ARBITRARY_DISTINCT__BARE__NONE__TO__THEY_SAID	CARRIER_VS_BARE	FRAME_CROSS	AND_TIME	THEY_SAID	BARE	THEY_SAID	FRAME_CROSS__AND_TIME__ARBITRARY_DISTINCT__BARE__NONE	FRAME_CROSS__AND_TIME__ARBITRARY_DISTINCT__THEY_SAID__NONE	mustard and planet	they said mustard and planet	0	3	4	1	1	-0.182223	-0.196732	-0.039087	0.147955	592	1888	0	0	0	and	NOVEL_DISTINCT	HELDOUT_FAMILIAR	1	1
FRAME_CROSS__AND_TIME__KNOWN_NO_CONNECTOR__BARE__NONE__TO__V9_SPACE	CARRIER_VS_BARE	FRAME_CROSS	AND_TIME	V9_SPACE	BARE	V9_SPACE	FRAME_CROSS__AND_TIME__KNOWN_NO_CONNECTOR__BARE__NONE	FRAME_CROSS__AND_TIME__KNOWN_NO_CONNECTOR__V9_SPACE__NONE	time time	 time time	0	1	1	1	1	0.001254	0.02191	0.0	-0.638545	1888	1888	0	0	0	and	NO_CONNECTOR	HELDOUT_FAMILIAR	1	1
FRAME_CROSS__AND_TIME__KNOWN_NO_CONNECTOR__BARE__NONE__TO__THE_PHRASE	CARRIER_VS_BARE	FRAME_CROSS	AND_TIME	THE_PHRASE	BARE	THE_PHRASE	FRAME_CROSS__AND_TIME__KNOWN_NO_CONNECTOR__BARE__NONE	FRAME_CROSS__AND_TIME__KNOWN_NO_CONNECTOR__THE_PHRASE__NONE	time time	the phrase time time	0	1	3	1	1	0.141679	0.162213	0.0	-0.290446	1888	2073	0	0	0	and	NO_CONNECTOR	HELDOUT_FAMILIAR	1	1
FRAME_CROSS__AND_TIME__KNOWN_NO_CONNECTOR__BARE__NONE__TO__THEY_SAID	CARRIER_VS_BARE	FRAME_CROSS	AND_TIME	THEY_SAID	BARE	THEY_SAID	FRAME_CROSS__AND_TIME__KNOWN_NO_CONNECTOR__BARE__NONE	FRAME_CROSS__AND_TIME__KNOWN_NO_CONNECTOR__THEY_SAID__NONE	time time	they said time time	0	1	3	1	1	0.007821	-0.011249	0.0	0.535361	1888	1888	0	0	0	and	NO_CONNECTOR	HELDOUT_FAMILIAR	1	1
FRAME_CROSS__AND_TIME__ARBITRARY_NO_CONNECTOR__BARE__NONE__TO__V9_SPACE	CARRIER_VS_BARE	FRAME_CROSS	AND_TIME	V9_SPACE	BARE	V9_SPACE	FRAME_CROSS__AND_TIME__ARBITRARY_NO_CONNECTOR__BARE__NONE	FRAME_CROSS__AND_TIME__ARBITRARY_NO_CONNECTOR__V9_SPACE__NONE	mustard mustard	 mustard mustard	0	2	1	1	1	0.002005	-0.004911	0.0	-0.653373	592	1888	0	0	0	and	NO_CONNECTOR	HELDOUT_FAMILIAR	1	1
FRAME_CROSS__AND_TIME__ARBITRARY_NO_CONNECTOR__BARE__NONE__TO__THE_PHRASE	CARRIER_VS_BARE	FRAME_CROSS	AND_TIME	THE_PHRASE	BARE	THE_PHRASE	FRAME_CROSS__AND_TIME__ARBITRARY_NO_CONNECTOR__BARE__NONE	FRAME_CROSS__AND_TIME__ARBITRARY_NO_CONNECTOR__THE_PHRASE__NONE	mustard mustard	the phrase mustard mustard	0	2	3	1	1	-0.025417	-0.097475	0.0	-0.461572	592	2073	0	0	0	and	NO_CONNECTOR	HELDOUT_FAMILIAR	1	1
FRAME_CROSS__AND_TIME__ARBITRARY_NO_CONNECTOR__BARE__NONE__TO__THEY_SAID	CARRIER_VS_BARE	FRAME_CROSS	AND_TIME	THEY_SAID	BARE	THEY_SAID	FRAME_CROSS__AND_TIME__ARBITRARY_NO_CONNECTOR__BARE__NONE	FRAME_CROSS__AND_TIME__ARBITRARY_NO_CONNECTOR__THEY_SAID__NONE	mustard mustard	they said mustard mustard	0	2	3	1	1	0.009315	-0.049428	0.0	0.31723	592	1888	0	0	0	and	NO_CONNECTOR	HELDOUT_FAMILIAR	1	1
REPEAT_CONNECTOR__AND_TIME__AND__BARE__NONE__TO__V9_SPACE	CARRIER_VS_BARE	REPEAT_CONNECTOR	AND_TIME	V9_SPACE	BARE	V9_SPACE	REPEAT_CONNECTOR__AND_TIME__AND__BARE__NONE	REPEAT_CONNECTOR__AND_TIME__AND__V9_SPACE__NONE	time and time	 time and time	0	2	2	1	1	-0.828307	-0.834798	-0.828307	-0.873221	638	1888	0	0	0	and	KNOWN_REPEAT	HELDOUT_FAMILIAR	1	1
REPEAT_CONNECTOR__AND_TIME__AND__BARE__NONE__TO__THE_PHRASE	CARRIER_VS_BARE	REPEAT_CONNECTOR	AND_TIME	THE_PHRASE	BARE	THE_PHRASE	REPEAT_CONNECTOR__AND_TIME__AND__BARE__NONE	REPEAT_CONNECTOR__AND_TIME__AND__THE_PHRASE__NONE	time and time	the phrase time and time	0	2	4	1	1	-1.256217	-1.260042	-1.256217	-0.953029	638	2073	0	0	0	and	KNOWN_REPEAT	HELDOUT_FAMILIAR	1	1
REPEAT_CONNECTOR__AND_TIME__AND__BARE__NONE__TO__THEY_SAID	CARRIER_VS_BARE	REPEAT_CONNECTOR	AND_TIME	THEY_SAID	BARE	THEY_SAID	REPEAT_CONNECTOR__AND_TIME__AND__BARE__NONE	REPEAT_CONNECTOR__AND_TIME__AND__THEY_SAID__NONE	time and time	they said time and time	0	2	4	1	1	-1.53887	-1.543232	-1.53887	-1.327231	638	2292	0	0	0	and	KNOWN_REPEAT	HELDOUT_FAMILIAR	1	1
REPEAT_CONNECTOR__AND_TIME__OR__BARE__NONE__TO__V9_SPACE	CARRIER_VS_BARE	REPEAT_CONNECTOR	AND_TIME	V9_SPACE	BARE	V9_SPACE	REPEAT_CONNECTOR__AND_TIME__OR__BARE__NONE	REPEAT_CONNECTOR__AND_TIME__OR__V9_SPACE__NONE	time or time	 time or time	0	2	2	1	1	-0.161278	-0.162481	-0.161278	-0.099879	2659	1888	0	0	0	and	KNOWN_REPEAT	HELDOUT_FAMILIAR	1	1
REPEAT_CONNECTOR__AND_TIME__OR__BARE__NONE__TO__THE_PHRASE	CARRIER_VS_BARE	REPEAT_CONNECTOR	AND_TIME	THE_PHRASE	BARE	THE_PHRASE	REPEAT_CONNECTOR__AND_TIME__OR__BARE__NONE	REPEAT_CONNECTOR__AND_TIME__OR__THE_PHRASE__NONE	time or time	the phrase time or time	0	2	4	1	1	-0.744279	-0.745543	-0.744279	-0.793373	2659	2659	0	0	0	and	KNOWN_REPEAT	HELDOUT_FAMILIAR	1	1
REPEAT_CONNECTOR__AND_TIME__OR__BARE__NONE__TO__THEY_SAID	CARRIER_VS_BARE	REPEAT_CONNECTOR	AND_TIME	THEY_SAID	BARE	THEY_SAID	REPEAT_CONNECTOR__AND_TIME__OR__BARE__NONE	REPEAT_CONNECTOR__AND_TIME__OR__THEY_SAID__NONE	time or time	they said time or time	0	2	4	1	1	-1.200578	-1.203281	-1.200578	-0.926006	2659	2659	0	0	0	and	KNOWN_REPEAT	HELDOUT_FAMILIAR	1	1
REPEAT_CONNECTOR__AND_TIME__TO__BARE__NONE__TO__V9_SPACE	CARRIER_VS_BARE	REPEAT_CONNECTOR	AND_TIME	V9_SPACE	BARE	V9_SPACE	REPEAT_CONNECTOR__AND_TIME__TO__BARE__NONE	REPEAT_CONNECTOR__AND_TIME__TO__V9_SPACE__NONE	time to time	 time to time	0	2	2	1	1	-0.436055	-0.438759	-0.436055	-1.074603	1888	1888	0	0	0	and	KNOWN_REPEAT	HELDOUT_FAMILIAR	1	1
REPEAT_CONNECTOR__AND_TIME__TO__BARE__NONE__TO__THE_PHRASE	CARRIER_VS_BARE	REPEAT_CONNECTOR	AND_TIME	THE_PHRASE	BARE	THE_PHRASE	REPEAT_CONNECTOR__AND_TIME__TO__BARE__NONE	REPEAT_CONNECTOR__AND_TIME__TO__THE_PHRASE__NONE	time to time	the phrase time to time	0	2	4	1	1	0.192384	0.197361	0.192384	-0.098062	1888	2073	0	0	0	and	KNOWN_REPEAT	HELDOUT_FAMILIAR	1	1
REPEAT_CONNECTOR__AND_TIME__TO__BARE__NONE__TO__THEY_SAID	CARRIER_VS_BARE	REPEAT_CONNECTOR	AND_TIME	THEY_SAID	BARE	THEY_SAID	REPEAT_CONNECTOR__AND_TIME__TO__BARE__NONE	REPEAT_CONNECTOR__AND_TIME__TO__THEY_SAID__NONE	time to time	they said time to time	0	2	4	1	1	0.041307	0.035599	0.041307	0.576668	1888	1888	0	0	0	and	KNOWN_REPEAT	HELDOUT_FAMILIAR	1	1
REPEAT_CONNECTOR__AND_TIME__BY__BARE__NONE__TO__V9_SPACE	CARRIER_VS_BARE	REPEAT_CONNECTOR	AND_TIME	V9_SPACE	BARE	V9_SPACE	REPEAT_CONNECTOR__AND_TIME__BY__BARE__NONE	REPEAT_CONNECTOR__AND_TIME__BY__V9_SPACE__NONE	time by time	 time by time	0	2	2	1	1	0.219843	0.190995	0.219843	-0.418706	1888	1888	0	0	0	and	KNOWN_REPEAT	HELDOUT_FAMILIAR	1	1
REPEAT_CONNECTOR__AND_TIME__BY__BARE__NONE__TO__THE_PHRASE	CARRIER_VS_BARE	REPEAT_CONNECTOR	AND_TIME	THE_PHRASE	BARE	THE_PHRASE	REPEAT_CONNECTOR__AND_TIME__BY__BARE__NONE	REPEAT_CONNECTOR__AND_TIME__BY__THE_PHRASE__NONE	time by time	the phrase time by time	0	2	4	1	1	0.334289	0.309409	0.334289	0.043842	1888	2073	0	0	0	and	KNOWN_REPEAT	HELDOUT_FAMILIAR	1	1
REPEAT_CONNECTOR__AND_TIME__BY__BARE__NONE__TO__THEY_SAID	CARRIER_VS_BARE	REPEAT_CONNECTOR	AND_TIME	THEY_SAID	BARE	THEY_SAID	REPEAT_CONNECTOR__AND_TIME__BY__BARE__NONE	REPEAT_CONNECTOR__AND_TIME__BY__THEY_SAID__NONE	time by time	they said time by time	0	2	4	1	1	-0.1756	-0.231865	-0.1756	0.164466	1888	971	0	0	0	and	KNOWN_REPEAT	HELDOUT_FAMILIAR	1	1
REPEAT_CONNECTOR__AND_TIME__AFTER__BARE__NONE__TO__V9_SPACE	CARRIER_VS_BARE	REPEAT_CONNECTOR	AND_TIME	V9_SPACE	BARE	V9_SPACE	REPEAT_CONNECTOR__AND_TIME__AFTER__BARE__NONE	REPEAT_CONNECTOR__AND_TIME__AFTER__V9_SPACE__NONE	time after time	 time after time	0	2	2	1	1	0.461938	0.479332	0.461938	-0.054437	1738	1888	0	0	0	and	KNOWN_REPEAT	HELDOUT_FAMILIAR	1	1
REPEAT_CONNECTOR__AND_TIME__AFTER__BARE__NONE__TO__THE_PHRASE	CARRIER_VS_BARE	REPEAT_CONNECTOR	AND_TIME	THE_PHRASE	BARE	THE_PHRASE	REPEAT_CONNECTOR__AND_TIME__AFTER__BARE__NONE	REPEAT_CONNECTOR__AND_TIME__AFTER__THE_PHRASE__NONE	time after time	the phrase time after time	0	2	4	1	1	0.848948	0.855321	0.848948	0.680675	1738	541	0	1	1	and	KNOWN_REPEAT	HELDOUT_FAMILIAR	1	1
REPEAT_CONNECTOR__AND_TIME__AFTER__BARE__NONE__TO__THEY_SAID	CARRIER_VS_BARE	REPEAT_CONNECTOR	AND_TIME	THEY_SAID	BARE	THEY_SAID	REPEAT_CONNECTOR__AND_TIME__AFTER__BARE__NONE	REPEAT_CONNECTOR__AND_TIME__AFTER__THEY_SAID__NONE	time after time	they said time after time	0	2	4	1	1	1.453966	1.439705	1.453966	1.321659	1738	541	0	1	1	and	KNOWN_REPEAT	HELDOUT_FAMILIAR	1	1
FRAME_CROSS__TO_HAND__KNOWN_REPEAT__BARE__NONE__TO__V9_SPACE	CARRIER_VS_BARE	FRAME_CROSS	TO_HAND	V9_SPACE	BARE	V9_SPACE	FRAME_CROSS__TO_HAND__KNOWN_REPEAT__BARE__NONE	FRAME_CROSS__TO_HAND__KNOWN_REPEAT__V9_SPACE__NONE	hand to hand	 hand to hand	0	2	2	1	1	0.743565	0.746641	0.743565	0.350716	541	541	1	1	0	to	KNOWN_REPEAT	V9_ATTESTED	1	1
FRAME_CROSS__TO_HAND__KNOWN_REPEAT__BARE__NONE__TO__THE_PHRASE	CARRIER_VS_BARE	FRAME_CROSS	TO_HAND	THE_PHRASE	BARE	THE_PHRASE	FRAME_CROSS__TO_HAND__KNOWN_REPEAT__BARE__NONE	FRAME_CROSS__TO_HAND__KNOWN_REPEAT__THE_PHRASE__NONE	hand to hand	the phrase hand to hand	0	2	4	1	1	0.734202	0.731502	0.734202	0.029558	541	541	1	1	0	to	KNOWN_REPEAT	V9_ATTESTED	1	1
FRAME_CROSS__TO_HAND__KNOWN_REPEAT__BARE__NONE__TO__THEY_SAID	CARRIER_VS_BARE	FRAME_CROSS	TO_HAND	THEY_SAID	BARE	THEY_SAID	FRAME_CROSS__TO_HAND__KNOWN_REPEAT__BARE__NONE	FRAME_CROSS__TO_HAND__KNOWN_REPEAT__THEY_SAID__NONE	hand to hand	they said hand to hand	0	2	4	1	1	0.783915	0.778807	0.783915	0.106275	541	541	1	1	0	to	KNOWN_REPEAT	V9_ATTESTED	1	1
FRAME_CROSS__TO_HAND__KNOWN_RELATED__BARE__NONE__TO__V9_SPACE	CARRIER_VS_BARE	FRAME_CROSS	TO_HAND	V9_SPACE	BARE	V9_SPACE	FRAME_CROSS__TO_HAND__KNOWN_RELATED__BARE__NONE	FRAME_CROSS__TO_HAND__KNOWN_RELATED__V9_SPACE__NONE	hand to foot	 hand to foot	0	2	2	1	1	-0.141459	-0.138383	-0.141459	-0.510846	1888	1888	0	0	0	to	RELATED_DISTINCT	V9_ATTESTED	1	1
FRAME_CROSS__TO_HAND__KNOWN_RELATED__BARE__NONE__TO__THE_PHRASE	CARRIER_VS_BARE	FRAME_CROSS	TO_HAND	THE_PHRASE	BARE	THE_PHRASE	FRAME_CROSS__TO_HAND__KNOWN_RELATED__BARE__NONE	FRAME_CROSS__TO_HAND__KNOWN_RELATED__THE_PHRASE__NONE	hand to foot	the phrase hand to foot	0	2	4	1	1	-0.355889	-0.358589	-0.355889	-0.713406	1888	2073	0	0	0	to	RELATED_DISTINCT	V9_ATTESTED	1	1
FRAME_CROSS__TO_HAND__KNOWN_RELATED__BARE__NONE__TO__THEY_SAID	CARRIER_VS_BARE	FRAME_CROSS	TO_HAND	THEY_SAID	BARE	THEY_SAID	FRAME_CROSS__TO_HAND__KNOWN_RELATED__BARE__NONE	FRAME_CROSS__TO_HAND__KNOWN_RELATED__THEY_SAID__NONE	hand to foot	they said hand to foot	0	2	4	1	1	-0.644602	-0.649711	-0.644602	-0.346082	1888	419	0	0	0	to	RELATED_DISTINCT	V9_ATTESTED	1	1
FRAME_CROSS__TO_HAND__KNOWN_ARBITRARY__BARE__NONE__TO__V9_SPACE	CARRIER_VS_BARE	FRAME_CROSS	TO_HAND	V9_SPACE	BARE	V9_SPACE	FRAME_CROSS__TO_HAND__KNOWN_ARBITRARY__BARE__NONE	FRAME_CROSS__TO_HAND__KNOWN_ARBITRARY__V9_SPACE__NONE	hand to ribbon	 hand to ribbon	0	2	2	1	1	-0.007717	-0.004642	0.0	-0.369387	1888	1888	0	0	0	to	ARBITRARY_DISTINCT	V9_ATTESTED	1	1
FRAME_CROSS__TO_HAND__KNOWN_ARBITRARY__BARE__NONE__TO__THE_PHRASE	CARRIER_VS_BARE	FRAME_CROSS	TO_HAND	THE_PHRASE	BARE	THE_PHRASE	FRAME_CROSS__TO_HAND__KNOWN_ARBITRARY__BARE__NONE	FRAME_CROSS__TO_HAND__KNOWN_ARBITRARY__THE_PHRASE__NONE	hand to ribbon	the phrase hand to ribbon	0	2	4	1	1	0.023978	0.021278	0.0	-0.357517	1888	2073	0	0	0	to	ARBITRARY_DISTINCT	V9_ATTESTED	1	1
FRAME_CROSS__TO_HAND__KNOWN_ARBITRARY__BARE__NONE__TO__THEY_SAID	CARRIER_VS_BARE	FRAME_CROSS	TO_HAND	THEY_SAID	BARE	THEY_SAID	FRAME_CROSS__TO_HAND__KNOWN_ARBITRARY__BARE__NONE	FRAME_CROSS__TO_HAND__KNOWN_ARBITRARY__THEY_SAID__NONE	hand to ribbon	they said hand to ribbon	0	2	4	1	1	-0.009488	-0.014597	0.0	0.29852	1888	419	0	0	0	to	ARBITRARY_DISTINCT	V9_ATTESTED	1	1
FRAME_CROSS__TO_HAND__ARBITRARY_KNOWN__BARE__NONE__TO__V9_SPACE	CARRIER_VS_BARE	FRAME_CROSS	TO_HAND	V9_SPACE	BARE	V9_SPACE	FRAME_CROSS__TO_HAND__ARBITRARY_KNOWN__BARE__NONE	FRAME_CROSS__TO_HAND__ARBITRARY_KNOWN__V9_SPACE__NONE	teacup to hand	 teacup to hand	0	4	4	1	1	0.015096	0.016118	0.0	-0.344171	1557	1888	0	0	0	to	ARBITRARY_DISTINCT	V9_ATTESTED	1	1
FRAME_CROSS__TO_HAND__ARBITRARY_KNOWN__BARE__NONE__TO__THE_PHRASE	CARRIER_VS_BARE	FRAME_CROSS	TO_HAND	THE_PHRASE	BARE	THE_PHRASE	FRAME_CROSS__TO_HAND__ARBITRARY_KNOWN__BARE__NONE	FRAME_CROSS__TO_HAND__ARBITRARY_KNOWN__THE_PHRASE__NONE	teacup to hand	the phrase teacup to hand	0	4	6	1	1	-0.003043	-0.006595	0.0	-0.155609	1557	1557	0	0	0	to	ARBITRARY_DISTINCT	V9_ATTESTED	1	1
FRAME_CROSS__TO_HAND__ARBITRARY_KNOWN__BARE__NONE__TO__THEY_SAID	CARRIER_VS_BARE	FRAME_CROSS	TO_HAND	THEY_SAID	BARE	THEY_SAID	FRAME_CROSS__TO_HAND__ARBITRARY_KNOWN__BARE__NONE	FRAME_CROSS__TO_HAND__ARBITRARY_KNOWN__THEY_SAID__NONE	teacup to hand	they said teacup to hand	0	4	6	1	1	0.033472	0.026786	0.0	-0.169503	1557	1557	0	0	0	to	ARBITRARY_DISTINCT	V9_ATTESTED	1	1
FRAME_CROSS__TO_HAND__ARBITRARY_REPEAT__BARE__NONE__TO__V9_SPACE	CARRIER_VS_BARE	FRAME_CROSS	TO_HAND	V9_SPACE	BARE	V9_SPACE	FRAME_CROSS__TO_HAND__ARBITRARY_REPEAT__BARE__NONE	FRAME_CROSS__TO_HAND__ARBITRARY_REPEAT__V9_SPACE__NONE	teacup to teacup	 teacup to teacup	0	4	4	3	3	-0.036047	-0.035026	0.0	-0.344171	1557	1888	0	0	0	to	NOVEL_REPEAT	V9_ATTESTED	1	1
FRAME_CROSS__TO_HAND__ARBITRARY_REPEAT__BARE__NONE__TO__THE_PHRASE	CARRIER_VS_BARE	FRAME_CROSS	TO_HAND	THE_PHRASE	BARE	THE_PHRASE	FRAME_CROSS__TO_HAND__ARBITRARY_REPEAT__BARE__NONE	FRAME_CROSS__TO_HAND__ARBITRARY_REPEAT__THE_PHRASE__NONE	teacup to teacup	the phrase teacup to teacup	0	4	6	3	3	0.186044	0.182492	0.184572	0.028963	1557	1557	0	0	0	to	NOVEL_REPEAT	V9_ATTESTED	1	1
FRAME_CROSS__TO_HAND__ARBITRARY_REPEAT__BARE__NONE__TO__THEY_SAID	CARRIER_VS_BARE	FRAME_CROSS	TO_HAND	THEY_SAID	BARE	THEY_SAID	FRAME_CROSS__TO_HAND__ARBITRARY_REPEAT__BARE__NONE	FRAME_CROSS__TO_HAND__ARBITRARY_REPEAT__THEY_SAID__NONE	teacup to teacup	they said teacup to teacup	0	4	6	3	3	0.196903	0.190217	0.195431	0.025929	1557	1557	0	0	0	to	NOVEL_REPEAT	V9_ATTESTED	1	1
FRAME_CROSS__TO_HAND__ARBITRARY_DISTINCT__BARE__NONE__TO__V9_SPACE	CARRIER_VS_BARE	FRAME_CROSS	TO_HAND	V9_SPACE	BARE	V9_SPACE	FRAME_CROSS__TO_HAND__ARBITRARY_DISTINCT__BARE__NONE	FRAME_CROSS__TO_HAND__ARBITRARY_DISTINCT__V9_SPACE__NONE	teacup to ribbon	 teacup to ribbon	0	4	4	1	1	0.001998	0.00302	0.0	-0.344171	1557	1888	0	0	0	to	NOVEL_DISTINCT	V9_ATTESTED	1	1
FRAME_CROSS__TO_HAND__ARBITRARY_DISTINCT__BARE__NONE__TO__THE_PHRASE	CARRIER_VS_BARE	FRAME_CROSS	TO_HAND	THE_PHRASE	BARE	THE_PHRASE	FRAME_CROSS__TO_HAND__ARBITRARY_DISTINCT__BARE__NONE	FRAME_CROSS__TO_HAND__ARBITRARY_DISTINCT__THE_PHRASE__NONE	teacup to ribbon	the phrase teacup to ribbon	0	4	6	1	1	0.00155	-0.002001	0.0	-0.155609	1557	1557	0	0	0	to	NOVEL_DISTINCT	V9_ATTESTED	1	1
FRAME_CROSS__TO_HAND__ARBITRARY_DISTINCT__BARE__NONE__TO__THEY_SAID	CARRIER_VS_BARE	FRAME_CROSS	TO_HAND	THEY_SAID	BARE	THEY_SAID	FRAME_CROSS__TO_HAND__ARBITRARY_DISTINCT__BARE__NONE	FRAME_CROSS__TO_HAND__ARBITRARY_DISTINCT__THEY_SAID__NONE	teacup to ribbon	they said teacup to ribbon	0	4	6	1	1	0.016929	0.010244	0.0	-0.169503	1557	1557	0	0	0	to	NOVEL_DISTINCT	V9_ATTESTED	1	1
FRAME_CROSS__TO_HAND__KNOWN_NO_CONNECTOR__BARE__NONE__TO__V9_SPACE	CARRIER_VS_BARE	FRAME_CROSS	TO_HAND	V9_SPACE	BARE	V9_SPACE	FRAME_CROSS__TO_HAND__KNOWN_NO_CONNECTOR__BARE__NONE	FRAME_CROSS__TO_HAND__KNOWN_NO_CONNECTOR__V9_SPACE__NONE	hand hand	 hand hand	0	1	1	1	1	0.57216	0.605055	0.411855	0.042468	1888	1888	0	0	0	to	NO_CONNECTOR	V9_ATTESTED	1	1
FRAME_CROSS__TO_HAND__KNOWN_NO_CONNECTOR__BARE__NONE__TO__THE_PHRASE	CARRIER_VS_BARE	FRAME_CROSS	TO_HAND	THE_PHRASE	BARE	THE_PHRASE	FRAME_CROSS__TO_HAND__KNOWN_NO_CONNECTOR__BARE__NONE	FRAME_CROSS__TO_HAND__KNOWN_NO_CONNECTOR__THE_PHRASE__NONE	hand hand	the phrase hand hand	0	1	3	1	1	0.902415	0.909206	0.74211	0.384593	1888	2073	0	0	0	to	NO_CONNECTOR	V9_ATTESTED	1	1
FRAME_CROSS__TO_HAND__KNOWN_NO_CONNECTOR__BARE__NONE__TO__THEY_SAID	CARRIER_VS_BARE	FRAME_CROSS	TO_HAND	THEY_SAID	BARE	THEY_SAID	FRAME_CROSS__TO_HAND__KNOWN_NO_CONNECTOR__BARE__NONE	FRAME_CROSS__TO_HAND__KNOWN_NO_CONNECTOR__THEY_SAID__NONE	hand hand	they said hand hand	0	1	3	1	1	0.576824	0.5833	0.416519	0.844314	1888	1691	0	0	0	to	NO_CONNECTOR	V9_ATTESTED	1	1
FRAME_CROSS__TO_HAND__ARBITRARY_NO_CONNECTOR__BARE__NONE__TO__V9_SPACE	CARRIER_VS_BARE	FRAME_CROSS	TO_HAND	V9_SPACE	BARE	V9_SPACE	FRAME_CROSS__TO_HAND__ARBITRARY_NO_CONNECTOR__BARE__NONE	FRAME_CROSS__TO_HAND__ARBITRARY_NO_CONNECTOR__V9_SPACE__NONE	teacup teacup	 teacup teacup	0	3	3	3	3	0.021372	0.014106	0.0	-0.539785	1557	881	0	0	0	to	NO_CONNECTOR	V9_ATTESTED	1	1
FRAME_CROSS__TO_HAND__ARBITRARY_NO_CONNECTOR__BARE__NONE__TO__THE_PHRASE	CARRIER_VS_BARE	FRAME_CROSS	TO_HAND	THE_PHRASE	BARE	THE_PHRASE	FRAME_CROSS__TO_HAND__ARBITRARY_NO_CONNECTOR__BARE__NONE	FRAME_CROSS__TO_HAND__ARBITRARY_NO_CONNECTOR__THE_PHRASE__NONE	teacup teacup	the phrase teacup teacup	0	3	5	3	3	0.123724	0.103217	0.0	-0.355047	1557	881	0	0	0	to	NO_CONNECTOR	V9_ATTESTED	1	1
FRAME_CROSS__TO_HAND__ARBITRARY_NO_CONNECTOR__BARE__NONE__TO__THEY_SAID	CARRIER_VS_BARE	FRAME_CROSS	TO_HAND	THEY_SAID	BARE	THEY_SAID	FRAME_CROSS__TO_HAND__ARBITRARY_NO_CONNECTOR__BARE__NONE	FRAME_CROSS__TO_HAND__ARBITRARY_NO_CONNECTOR__THEY_SAID__NONE	teacup teacup	they said teacup teacup	0	3	5	3	3	0.021294	-0.001595	0.0	-0.169503	1557	1557	0	0	0	to	NO_CONNECTOR	V9_ATTESTED	1	1
REPEAT_CONNECTOR__TO_HAND__AND__BARE__NONE__TO__V9_SPACE	CARRIER_VS_BARE	REPEAT_CONNECTOR	TO_HAND	V9_SPACE	BARE	V9_SPACE	REPEAT_CONNECTOR__TO_HAND__AND__BARE__NONE	REPEAT_CONNECTOR__TO_HAND__AND__V9_SPACE__NONE	hand and hand	 hand and hand	0	2	2	1	1	0.069132	0.058892	0.069132	0.15209	2659	2659	0	0	0	to	KNOWN_REPEAT	V9_ATTESTED	1	1
REPEAT_CONNECTOR__TO_HAND__AND__BARE__NONE__TO__THE_PHRASE	CARRIER_VS_BARE	REPEAT_CONNECTOR	TO_HAND	THE_PHRASE	BARE	THE_PHRASE	REPEAT_CONNECTOR__TO_HAND__AND__BARE__NONE	REPEAT_CONNECTOR__TO_HAND__AND__THE_PHRASE__NONE	hand and hand	the phrase hand and hand	0	2	4	1	1	-0.131703	-0.147781	-0.131703	-0.164864	2659	2659	0	0	0	to	KNOWN_REPEAT	V9_ATTESTED	1	1
REPEAT_CONNECTOR__TO_HAND__AND__BARE__NONE__TO__THEY_SAID	CARRIER_VS_BARE	REPEAT_CONNECTOR	TO_HAND	THEY_SAID	BARE	THEY_SAID	REPEAT_CONNECTOR__TO_HAND__AND__BARE__NONE	REPEAT_CONNECTOR__TO_HAND__AND__THEY_SAID__NONE	hand and hand	they said hand and hand	0	2	4	1	1	0.193469	0.179375	0.193469	-0.067461	2659	2659	0	0	0	to	KNOWN_REPEAT	V9_ATTESTED	1	1
REPEAT_CONNECTOR__TO_HAND__OR__BARE__NONE__TO__V9_SPACE	CARRIER_VS_BARE	REPEAT_CONNECTOR	TO_HAND	V9_SPACE	BARE	V9_SPACE	REPEAT_CONNECTOR__TO_HAND__OR__BARE__NONE	REPEAT_CONNECTOR__TO_HAND__OR__V9_SPACE__NONE	hand or hand	 hand or hand	0	2	2	1	1	-0.080154	-0.081775	-0.080154	-0.035086	2659	2659	0	0	0	to	KNOWN_REPEAT	V9_ATTESTED	1	1
REPEAT_CONNECTOR__TO_HAND__OR__BARE__NONE__TO__THE_PHRASE	CARRIER_VS_BARE	REPEAT_CONNECTOR	TO_HAND	THE_PHRASE	BARE	THE_PHRASE	REPEAT_CONNECTOR__TO_HAND__OR__BARE__NONE	REPEAT_CONNECTOR__TO_HAND__OR__THE_PHRASE__NONE	hand or hand	the phrase hand or hand	0	2	4	1	1	-0.461414	-0.467474	-0.461414	-0.570905	2659	2659	0	0	0	to	KNOWN_REPEAT	V9_ATTESTED	1	1
REPEAT_CONNECTOR__TO_HAND__OR__BARE__NONE__TO__THEY_SAID	CARRIER_VS_BARE	REPEAT_CONNECTOR	TO_HAND	THEY_SAID	BARE	THEY_SAID	REPEAT_CONNECTOR__TO_HAND__OR__BARE__NONE	REPEAT_CONNECTOR__TO_HAND__OR__THEY_SAID__NONE	hand or hand	they said hand or hand	0	2	4	1	1	-0.53615	-0.54331	-0.53615	-0.545959	2659	2659	0	0	0	to	KNOWN_REPEAT	V9_ATTESTED	1	1
REPEAT_CONNECTOR__TO_HAND__TO__BARE__NONE__TO__V9_SPACE	CARRIER_VS_BARE	REPEAT_CONNECTOR	TO_HAND	V9_SPACE	BARE	V9_SPACE	REPEAT_CONNECTOR__TO_HAND__TO__BARE__NONE	REPEAT_CONNECTOR__TO_HAND__TO__V9_SPACE__NONE	hand to hand	 hand to hand	0	2	2	1	1	0.743565	0.746641	0.743565	0.350716	541	541	1	1	0	to	KNOWN_REPEAT	V9_ATTESTED	1	1
REPEAT_CONNECTOR__TO_HAND__TO__BARE__NONE__TO__THE_PHRASE	CARRIER_VS_BARE	REPEAT_CONNECTOR	TO_HAND	THE_PHRASE	BARE	THE_PHRASE	REPEAT_CONNECTOR__TO_HAND__TO__BARE__NONE	REPEAT_CONNECTOR__TO_HAND__TO__THE_PHRASE__NONE	hand to hand	the phrase hand to hand	0	2	4	1	1	0.734211	0.731511	0.734211	0.029561	541	541	1	1	0	to	KNOWN_REPEAT	V9_ATTESTED	1	1
REPEAT_CONNECTOR__TO_HAND__TO__BARE__NONE__TO__THEY_SAID	CARRIER_VS_BARE	REPEAT_CONNECTOR	TO_HAND	THEY_SAID	BARE	THEY_SAID	REPEAT_CONNECTOR__TO_HAND__TO__BARE__NONE	REPEAT_CONNECTOR__TO_HAND__TO__THEY_SAID__NONE	hand to hand	they said hand to hand	0	2	4	1	1	0.783917	0.778808	0.783917	0.106278	541	541	1	1	0	to	KNOWN_REPEAT	V9_ATTESTED	1	1
REPEAT_CONNECTOR__TO_HAND__BY__BARE__NONE__TO__V9_SPACE	CARRIER_VS_BARE	REPEAT_CONNECTOR	TO_HAND	V9_SPACE	BARE	V9_SPACE	REPEAT_CONNECTOR__TO_HAND__BY__BARE__NONE	REPEAT_CONNECTOR__TO_HAND__BY__V9_SPACE__NONE	hand by hand	 hand by hand	0	2	2	1	1	0.249956	0.232447	0.249956	-0.05889	541	541	1	1	0	to	KNOWN_REPEAT	V9_ATTESTED	1	1
REPEAT_CONNECTOR__TO_HAND__BY__BARE__NONE__TO__THE_PHRASE	CARRIER_VS_BARE	REPEAT_CONNECTOR	TO_HAND	THE_PHRASE	BARE	THE_PHRASE	REPEAT_CONNECTOR__TO_HAND__BY__BARE__NONE	REPEAT_CONNECTOR__TO_HAND__BY__THE_PHRASE__NONE	hand by hand	the phrase hand by hand	0	2	4	1	1	-0.083124	-0.126659	-0.083124	-0.380099	541	2073	1	0	1	to	KNOWN_REPEAT	V9_ATTESTED	1	1
REPEAT_CONNECTOR__TO_HAND__BY__BARE__NONE__TO__THEY_SAID	CARRIER_VS_BARE	REPEAT_CONNECTOR	TO_HAND	THEY_SAID	BARE	THEY_SAID	REPEAT_CONNECTOR__TO_HAND__BY__BARE__NONE	REPEAT_CONNECTOR__TO_HAND__BY__THEY_SAID__NONE	hand by hand	they said hand by hand	0	2	4	1	1	0.04641	-0.019814	0.04641	-0.003607	541	541	1	1	0	to	KNOWN_REPEAT	V9_ATTESTED	1	1
REPEAT_CONNECTOR__TO_HAND__AFTER__BARE__NONE__TO__V9_SPACE	CARRIER_VS_BARE	REPEAT_CONNECTOR	TO_HAND	V9_SPACE	BARE	V9_SPACE	REPEAT_CONNECTOR__TO_HAND__AFTER__BARE__NONE	REPEAT_CONNECTOR__TO_HAND__AFTER__V9_SPACE__NONE	hand after hand	 hand after hand	0	2	2	1	1	0.32326	0.283726	0.32326	0.132594	1738	1888	0	0	0	to	KNOWN_REPEAT	V9_ATTESTED	1	1
REPEAT_CONNECTOR__TO_HAND__AFTER__BARE__NONE__TO__THE_PHRASE	CARRIER_VS_BARE	REPEAT_CONNECTOR	TO_HAND	THE_PHRASE	BARE	THE_PHRASE	REPEAT_CONNECTOR__TO_HAND__AFTER__BARE__NONE	REPEAT_CONNECTOR__TO_HAND__AFTER__THE_PHRASE__NONE	hand after hand	the phrase hand after hand	0	2	4	1	1	0.088092	0.041806	0.088092	-0.090703	1738	2073	0	0	0	to	KNOWN_REPEAT	V9_ATTESTED	1	1
REPEAT_CONNECTOR__TO_HAND__AFTER__BARE__NONE__TO__THEY_SAID	CARRIER_VS_BARE	REPEAT_CONNECTOR	TO_HAND	THEY_SAID	BARE	THEY_SAID	REPEAT_CONNECTOR__TO_HAND__AFTER__BARE__NONE	REPEAT_CONNECTOR__TO_HAND__AFTER__THEY_SAID__NONE	hand after hand	they said hand after hand	0	2	4	1	1	0.720499	0.652196	0.720499	0.396342	1738	541	0	1	1	to	KNOWN_REPEAT	V9_ATTESTED	1	1
FRAME_CROSS__TO_FACE__KNOWN_REPEAT__BARE__NONE__TO__V9_SPACE	CARRIER_VS_BARE	FRAME_CROSS	TO_FACE	V9_SPACE	BARE	V9_SPACE	FRAME_CROSS__TO_FACE__KNOWN_REPEAT__BARE__NONE	FRAME_CROSS__TO_FACE__KNOWN_REPEAT__V9_SPACE__NONE	face to face	 face to face	0	2	2	1	1	-0.227104	-0.265459	-0.227104	-0.904107	541	3026	1	0	1	to	KNOWN_REPEAT	HELDOUT_FAMILIAR	1	1
FRAME_CROSS__TO_FACE__KNOWN_REPEAT__BARE__NONE__TO__THE_PHRASE	CARRIER_VS_BARE	FRAME_CROSS	TO_FACE	THE_PHRASE	BARE	THE_PHRASE	FRAME_CROSS__TO_FACE__KNOWN_REPEAT__BARE__NONE	FRAME_CROSS__TO_FACE__KNOWN_REPEAT__THE_PHRASE__NONE	face to face	the phrase face to face	0	2	4	1	1	0.167349	0.185334	0.167349	-0.528052	541	2073	1	0	1	to	KNOWN_REPEAT	HELDOUT_FAMILIAR	1	1
FRAME_CROSS__TO_FACE__KNOWN_REPEAT__BARE__NONE__TO__THEY_SAID	CARRIER_VS_BARE	FRAME_CROSS	TO_FACE	THEY_SAID	BARE	THEY_SAID	FRAME_CROSS__TO_FACE__KNOWN_REPEAT__BARE__NONE	FRAME_CROSS__TO_FACE__KNOWN_REPEAT__THEY_SAID__NONE	face to face	they said face to face	0	2	4	1	1	-0.760446	-0.850971	-0.760446	-1.50272	541	419	1	0	1	to	KNOWN_REPEAT	HELDOUT_FAMILIAR	1	1
FRAME_CROSS__TO_FACE__KNOWN_RELATED__BARE__NONE__TO__V9_SPACE	CARRIER_VS_BARE	FRAME_CROSS	TO_FACE	V9_SPACE	BARE	V9_SPACE	FRAME_CROSS__TO_FACE__KNOWN_RELATED__BARE__NONE	FRAME_CROSS__TO_FACE__KNOWN_RELATED__V9_SPACE__NONE	face to back	 face to back	0	2	2	1	1	0.48518	0.446825	0.48518	0.264081	1888	1888	0	0	0	to	RELATED_DISTINCT	HELDOUT_FAMILIAR	1	1
FRAME_CROSS__TO_FACE__KNOWN_RELATED__BARE__NONE__TO__THE_PHRASE	CARRIER_VS_BARE	FRAME_CROSS	TO_FACE	THE_PHRASE	BARE	THE_PHRASE	FRAME_CROSS__TO_FACE__KNOWN_RELATED__BARE__NONE	FRAME_CROSS__TO_FACE__KNOWN_RELATED__THE_PHRASE__NONE	face to back	the phrase face to back	0	2	4	1	1	0.119233	0.137218	0.119233	-0.728819	1888	2073	0	0	0	to	RELATED_DISTINCT	HELDOUT_FAMILIAR	1	1
FRAME_CROSS__TO_FACE__KNOWN_RELATED__BARE__NONE__TO__THEY_SAID	CARRIER_VS_BARE	FRAME_CROSS	TO_FACE	THEY_SAID	BARE	THEY_SAID	FRAME_CROSS__TO_FACE__KNOWN_RELATED__BARE__NONE	FRAME_CROSS__TO_FACE__KNOWN_RELATED__THEY_SAID__NONE	face to back	they said face to back	0	2	4	1	1	0.392803	0.302277	0.392803	-0.502122	1888	419	0	0	0	to	RELATED_DISTINCT	HELDOUT_FAMILIAR	1	1
FRAME_CROSS__TO_FACE__KNOWN_ARBITRARY__BARE__NONE__TO__V9_SPACE	CARRIER_VS_BARE	FRAME_CROSS	TO_FACE	V9_SPACE	BARE	V9_SPACE	FRAME_CROSS__TO_FACE__KNOWN_ARBITRARY__BARE__NONE	FRAME_CROSS__TO_FACE__KNOWN_ARBITRARY__V9_SPACE__NONE	face to chimney	 face to chimney	0	2	2	2	2	-0.052392	-0.090747	0.0	-0.11049	1888	1888	0	0	0	to	ARBITRARY_DISTINCT	HELDOUT_FAMILIAR	1	1
FRAME_CROSS__TO_FACE__KNOWN_ARBITRARY__BARE__NONE__TO__THE_PHRASE	CARRIER_VS_BARE	FRAME_CROSS	TO_FACE	THE_PHRASE	BARE	THE_PHRASE	FRAME_CROSS__TO_FACE__KNOWN_ARBITRARY__BARE__NONE	FRAME_CROSS__TO_FACE__KNOWN_ARBITRARY__THE_PHRASE__NONE	face to chimney	the phrase face to chimney	0	2	4	2	2	0.017752	0.035738	0.0	-0.698489	1888	2073	0	0	0	to	ARBITRARY_DISTINCT	HELDOUT_FAMILIAR	1	1
FRAME_CROSS__TO_FACE__KNOWN_ARBITRARY__BARE__NONE__TO__THEY_SAID	CARRIER_VS_BARE	FRAME_CROSS	TO_FACE	THEY_SAID	BARE	THEY_SAID	FRAME_CROSS__TO_FACE__KNOWN_ARBITRARY__BARE__NONE	FRAME_CROSS__TO_FACE__KNOWN_ARBITRARY__THEY_SAID__NONE	face to chimney	they said face to chimney	0	2	4	2	2	-0.053293	-0.143818	0.0	-0.745362	1888	419	0	0	0	to	ARBITRARY_DISTINCT	HELDOUT_FAMILIAR	1	1
FRAME_CROSS__TO_FACE__ARBITRARY_KNOWN__BARE__NONE__TO__V9_SPACE	CARRIER_VS_BARE	FRAME_CROSS	TO_FACE	V9_SPACE	BARE	V9_SPACE	FRAME_CROSS__TO_FACE__ARBITRARY_KNOWN__BARE__NONE	FRAME_CROSS__TO_FACE__ARBITRARY_KNOWN__V9_SPACE__NONE	anchor to face	 anchor to face	0	3	2	1	1	0.000318	-0.006578	0.0	-0.622877	1888	1888	0	0	0	to	ARBITRARY_DISTINCT	HELDOUT_FAMILIAR	1	1
FRAME_CROSS__TO_FACE__ARBITRARY_KNOWN__BARE__NONE__TO__THE_PHRASE	CARRIER_VS_BARE	FRAME_CROSS	TO_FACE	THE_PHRASE	BARE	THE_PHRASE	FRAME_CROSS__TO_FACE__ARBITRARY_KNOWN__BARE__NONE	FRAME_CROSS__TO_FACE__ARBITRARY_KNOWN__THE_PHRASE__NONE	anchor to face	the phrase anchor to face	0	3	4	1	1	-0.061916	-0.068226	0.0	-0.408165	1888	2073	0	0	0	to	ARBITRARY_DISTINCT	HELDOUT_FAMILIAR	1	1
FRAME_CROSS__TO_FACE__ARBITRARY_KNOWN__BARE__NONE__TO__THEY_SAID	CARRIER_VS_BARE	FRAME_CROSS	TO_FACE	THEY_SAID	BARE	THEY_SAID	FRAME_CROSS__TO_FACE__ARBITRARY_KNOWN__BARE__NONE	FRAME_CROSS__TO_FACE__ARBITRARY_KNOWN__THEY_SAID__NONE	anchor to face	they said anchor to face	0	3	4	1	1	-0.038157	-0.042118	0.0	0.280129	1888	1888	0	0	0	to	ARBITRARY_DISTINCT	HELDOUT_FAMILIAR	1	1
FRAME_CROSS__TO_FACE__ARBITRARY_REPEAT__BARE__NONE__TO__V9_SPACE	CARRIER_VS_BARE	FRAME_CROSS	TO_FACE	V9_SPACE	BARE	V9_SPACE	FRAME_CROSS__TO_FACE__ARBITRARY_REPEAT__BARE__NONE	FRAME_CROSS__TO_FACE__ARBITRARY_REPEAT__V9_SPACE__NONE	anchor to anchor	 anchor to anchor	0	3	2	1	1	0.99191	0.985014	0.823853	0.200976	1888	1888	0	0	0	to	NOVEL_REPEAT	HELDOUT_FAMILIAR	1	1
FRAME_CROSS__TO_FACE__ARBITRARY_REPEAT__BARE__NONE__TO__THE_PHRASE	CARRIER_VS_BARE	FRAME_CROSS	TO_FACE	THE_PHRASE	BARE	THE_PHRASE	FRAME_CROSS__TO_FACE__ARBITRARY_REPEAT__BARE__NONE	FRAME_CROSS__TO_FACE__ARBITRARY_REPEAT__THE_PHRASE__NONE	anchor to anchor	the phrase anchor to anchor	0	3	4	1	1	1.081657	1.075347	0.9136	0.505435	1888	2073	0	0	0	to	NOVEL_REPEAT	HELDOUT_FAMILIAR	1	1
FRAME_CROSS__TO_FACE__ARBITRARY_REPEAT__BARE__NONE__TO__THEY_SAID	CARRIER_VS_BARE	FRAME_CROSS	TO_FACE	THEY_SAID	BARE	THEY_SAID	FRAME_CROSS__TO_FACE__ARBITRARY_REPEAT__BARE__NONE	FRAME_CROSS__TO_FACE__ARBITRARY_REPEAT__THEY_SAID__NONE	anchor to anchor	they said anchor to anchor	0	3	4	1	1	1.554065	1.550104	1.386008	1.57751	1888	2566	0	0	0	to	NOVEL_REPEAT	HELDOUT_FAMILIAR	1	1
FRAME_CROSS__TO_FACE__ARBITRARY_DISTINCT__BARE__NONE__TO__V9_SPACE	CARRIER_VS_BARE	FRAME_CROSS	TO_FACE	V9_SPACE	BARE	V9_SPACE	FRAME_CROSS__TO_FACE__ARBITRARY_DISTINCT__BARE__NONE	FRAME_CROSS__TO_FACE__ARBITRARY_DISTINCT__V9_SPACE__NONE	anchor to chimney	 anchor to chimney	0	3	2	2	2	-0.093711	-0.100606	0.0	-0.622877	1888	1888	0	0	0	to	NOVEL_DISTINCT	HELDOUT_FAMILIAR	1	1
FRAME_CROSS__TO_FACE__ARBITRARY_DISTINCT__BARE__NONE__TO__THE_PHRASE	CARRIER_VS_BARE	FRAME_CROSS	TO_FACE	THE_PHRASE	BARE	THE_PHRASE	FRAME_CROSS__TO_FACE__ARBITRARY_DISTINCT__BARE__NONE	FRAME_CROSS__TO_FACE__ARBITRARY_DISTINCT__THE_PHRASE__NONE	anchor to chimney	the phrase anchor to chimney	0	3	4	2	2	-0.043535	-0.049845	0.0	-0.408165	1888	2073	0	0	0	to	NOVEL_DISTINCT	HELDOUT_FAMILIAR	1	1
FRAME_CROSS__TO_FACE__ARBITRARY_DISTINCT__BARE__NONE__TO__THEY_SAID	CARRIER_VS_BARE	FRAME_CROSS	TO_FACE	THEY_SAID	BARE	THEY_SAID	FRAME_CROSS__TO_FACE__ARBITRARY_DISTINCT__BARE__NONE	FRAME_CROSS__TO_FACE__ARBITRARY_DISTINCT__THEY_SAID__NONE	anchor to chimney	they said anchor to chimney	0	3	4	2	2	0.015574	0.011613	0.0	0.280129	1888	1888	0	0	0	to	NOVEL_DISTINCT	HELDOUT_FAMILIAR	1	1
FRAME_CROSS__TO_FACE__KNOWN_NO_CONNECTOR__BARE__NONE__TO__V9_SPACE	CARRIER_VS_BARE	FRAME_CROSS	TO_FACE	V9_SPACE	BARE	V9_SPACE	FRAME_CROSS__TO_FACE__KNOWN_NO_CONNECTOR__BARE__NONE	FRAME_CROSS__TO_FACE__KNOWN_NO_CONNECTOR__V9_SPACE__NONE	face face	 face face	0	1	1	1	1	0.385566	0.379404	0.251937	-0.632429	1888	1691	0	0	0	to	NO_CONNECTOR	HELDOUT_FAMILIAR	1	1
FRAME_CROSS__TO_FACE__KNOWN_NO_CONNECTOR__BARE__NONE__TO__THE_PHRASE	CARRIER_VS_BARE	FRAME_CROSS	TO_FACE	THE_PHRASE	BARE	THE_PHRASE	FRAME_CROSS__TO_FACE__KNOWN_NO_CONNECTOR__BARE__NONE	FRAME_CROSS__TO_FACE__KNOWN_NO_CONNECTOR__THE_PHRASE__NONE	face face	the phrase face face	0	1	3	1	1	0.31196	0.259966	0.178331	-0.669721	1888	2073	0	0	0	to	NO_CONNECTOR	HELDOUT_FAMILIAR	1	1
FRAME_CROSS__TO_FACE__KNOWN_NO_CONNECTOR__BARE__NONE__TO__THEY_SAID	CARRIER_VS_BARE	FRAME_CROSS	TO_FACE	THEY_SAID	BARE	THEY_SAID	FRAME_CROSS__TO_FACE__KNOWN_NO_CONNECTOR__BARE__NONE	FRAME_CROSS__TO_FACE__KNOWN_NO_CONNECTOR__THEY_SAID__NONE	face face	they said face face	0	1	3	1	1	0.02113	-0.053356	0.0	0.024224	1888	2256	0	0	0	to	NO_CONNECTOR	HELDOUT_FAMILIAR	1	1
FRAME_CROSS__TO_FACE__ARBITRARY_NO_CONNECTOR__BARE__NONE__TO__V9_SPACE	CARRIER_VS_BARE	FRAME_CROSS	TO_FACE	V9_SPACE	BARE	V9_SPACE	FRAME_CROSS__TO_FACE__ARBITRARY_NO_CONNECTOR__BARE__NONE	FRAME_CROSS__TO_FACE__ARBITRARY_NO_CONNECTOR__V9_SPACE__NONE	anchor anchor	 anchor anchor	0	2	1	1	1	-0.038975	-0.044801	0.0	-0.622877	1888	1888	0	0	0	to	NO_CONNECTOR	HELDOUT_FAMILIAR	1	1
FRAME_CROSS__TO_FACE__ARBITRARY_NO_CONNECTOR__BARE__NONE__TO__THE_PHRASE	CARRIER_VS_BARE	FRAME_CROSS	TO_FACE	THE_PHRASE	BARE	THE_PHRASE	FRAME_CROSS__TO_FACE__ARBITRARY_NO_CONNECTOR__BARE__NONE	FRAME_CROSS__TO_FACE__ARBITRARY_NO_CONNECTOR__THE_PHRASE__NONE	anchor anchor	the phrase anchor anchor	0	2	3	1	1	-0.081792	-0.131611	0.0	-0.408165	1888	2073	0	0	0	to	NO_CONNECTOR	HELDOUT_FAMILIAR	1	1
FRAME_CROSS__TO_FACE__ARBITRARY_NO_CONNECTOR__BARE__NONE__TO__THEY_SAID	CARRIER_VS_BARE	FRAME_CROSS	TO_FACE	THEY_SAID	BARE	THEY_SAID	FRAME_CROSS__TO_FACE__ARBITRARY_NO_CONNECTOR__BARE__NONE	FRAME_CROSS__TO_FACE__ARBITRARY_NO_CONNECTOR__THEY_SAID__NONE	anchor anchor	they said anchor anchor	0	2	3	1	1	-0.030189	-0.08426	0.0	0.280129	1888	1888	0	0	0	to	NO_CONNECTOR	HELDOUT_FAMILIAR	1	1
REPEAT_CONNECTOR__TO_FACE__AND__BARE__NONE__TO__V9_SPACE	CARRIER_VS_BARE	REPEAT_CONNECTOR	TO_FACE	V9_SPACE	BARE	V9_SPACE	REPEAT_CONNECTOR__TO_FACE__AND__BARE__NONE	REPEAT_CONNECTOR__TO_FACE__AND__V9_SPACE__NONE	face and face	 face and face	0	2	2	1	1	0.128628	0.129768	0.128628	0.165348	2659	2659	0	0	0	to	KNOWN_REPEAT	HELDOUT_FAMILIAR	1	1
REPEAT_CONNECTOR__TO_FACE__AND__BARE__NONE__TO__THE_PHRASE	CARRIER_VS_BARE	REPEAT_CONNECTOR	TO_FACE	THE_PHRASE	BARE	THE_PHRASE	REPEAT_CONNECTOR__TO_FACE__AND__BARE__NONE	REPEAT_CONNECTOR__TO_FACE__AND__THE_PHRASE__NONE	face and face	the phrase face and face	0	2	4	1	1	-0.302454	-0.325401	-0.302454	-0.247177	2659	2073	0	0	0	to	KNOWN_REPEAT	HELDOUT_FAMILIAR	1	1
REPEAT_CONNECTOR__TO_FACE__AND__BARE__NONE__TO__THEY_SAID	CARRIER_VS_BARE	REPEAT_CONNECTOR	TO_FACE	THEY_SAID	BARE	THEY_SAID	REPEAT_CONNECTOR__TO_FACE__AND__BARE__NONE	REPEAT_CONNECTOR__TO_FACE__AND__THEY_SAID__NONE	face and face	they said face and face	0	2	4	1	1	-0.243182	-0.267432	-0.243182	-0.375553	2659	2659	0	0	0	to	KNOWN_REPEAT	HELDOUT_FAMILIAR	1	1
REPEAT_CONNECTOR__TO_FACE__OR__BARE__NONE__TO__V9_SPACE	CARRIER_VS_BARE	REPEAT_CONNECTOR	TO_FACE	V9_SPACE	BARE	V9_SPACE	REPEAT_CONNECTOR__TO_FACE__OR__BARE__NONE	REPEAT_CONNECTOR__TO_FACE__OR__V9_SPACE__NONE	face or face	 face or face	0	2	2	1	1	-0.201168	-0.203895	-0.201168	-0.173299	2659	2659	0	0	0	to	KNOWN_REPEAT	HELDOUT_FAMILIAR	1	1
REPEAT_CONNECTOR__TO_FACE__OR__BARE__NONE__TO__THE_PHRASE	CARRIER_VS_BARE	REPEAT_CONNECTOR	TO_FACE	THE_PHRASE	BARE	THE_PHRASE	REPEAT_CONNECTOR__TO_FACE__OR__BARE__NONE	REPEAT_CONNECTOR__TO_FACE__OR__THE_PHRASE__NONE	face or face	the phrase face or face	0	2	4	1	1	-0.847142	-0.85789	-0.847142	-0.686278	2659	2659	0	0	0	to	KNOWN_REPEAT	HELDOUT_FAMILIAR	1	1
REPEAT_CONNECTOR__TO_FACE__OR__BARE__NONE__TO__THEY_SAID	CARRIER_VS_BARE	REPEAT_CONNECTOR	TO_FACE	THEY_SAID	BARE	THEY_SAID	REPEAT_CONNECTOR__TO_FACE__OR__BARE__NONE	REPEAT_CONNECTOR__TO_FACE__OR__THEY_SAID__NONE	face or face	they said face or face	0	2	4	1	1	-1.317254	-1.328893	-1.317254	-1.181259	2659	2659	0	0	0	to	KNOWN_REPEAT	HELDOUT_FAMILIAR	1	1
REPEAT_CONNECTOR__TO_FACE__TO__BARE__NONE__TO__V9_SPACE	CARRIER_VS_BARE	REPEAT_CONNECTOR	TO_FACE	V9_SPACE	BARE	V9_SPACE	REPEAT_CONNECTOR__TO_FACE__TO__BARE__NONE	REPEAT_CONNECTOR__TO_FACE__TO__V9_SPACE__NONE	face to face	 face to face	0	2	2	1	1	-0.227104	-0.265459	-0.227104	-0.904107	541	3026	1	0	1	to	KNOWN_REPEAT	HELDOUT_FAMILIAR	1	1
REPEAT_CONNECTOR__TO_FACE__TO__BARE__NONE__TO__THE_PHRASE	CARRIER_VS_BARE	REPEAT_CONNECTOR	TO_FACE	THE_PHRASE	BARE	THE_PHRASE	REPEAT_CONNECTOR__TO_FACE__TO__BARE__NONE	REPEAT_CONNECTOR__TO_FACE__TO__THE_PHRASE__NONE	face to face	the phrase face to face	0	2	4	1	1	0.167349	0.185334	0.167349	-0.528052	541	2073	1	0	1	to	KNOWN_REPEAT	HELDOUT_FAMILIAR	1	1
REPEAT_CONNECTOR__TO_FACE__TO__BARE__NONE__TO__THEY_SAID	CARRIER_VS_BARE	REPEAT_CONNECTOR	TO_FACE	THEY_SAID	BARE	THEY_SAID	REPEAT_CONNECTOR__TO_FACE__TO__BARE__NONE	REPEAT_CONNECTOR__TO_FACE__TO__THEY_SAID__NONE	face to face	they said face to face	0	2	4	1	1	-0.760446	-0.850971	-0.760446	-1.50272	541	419	1	0	1	to	KNOWN_REPEAT	HELDOUT_FAMILIAR	1	1
REPEAT_CONNECTOR__TO_FACE__BY__BARE__NONE__TO__V9_SPACE	CARRIER_VS_BARE	REPEAT_CONNECTOR	TO_FACE	V9_SPACE	BARE	V9_SPACE	REPEAT_CONNECTOR__TO_FACE__BY__BARE__NONE	REPEAT_CONNECTOR__TO_FACE__BY__V9_SPACE__NONE	face by face	 face by face	0	2	2	1	1	-0.352959	-0.393184	-0.352959	-0.096639	1691	1691	0	0	0	to	KNOWN_REPEAT	HELDOUT_FAMILIAR	1	1
REPEAT_CONNECTOR__TO_FACE__BY__BARE__NONE__TO__THE_PHRASE	CARRIER_VS_BARE	REPEAT_CONNECTOR	TO_FACE	THE_PHRASE	BARE	THE_PHRASE	REPEAT_CONNECTOR__TO_FACE__BY__BARE__NONE	REPEAT_CONNECTOR__TO_FACE__BY__THE_PHRASE__NONE	face by face	the phrase face by face	0	2	4	1	1	-0.081076	-0.122507	-0.081076	-0.331855	1691	2073	0	0	0	to	KNOWN_REPEAT	HELDOUT_FAMILIAR	1	1
REPEAT_CONNECTOR__TO_FACE__BY__BARE__NONE__TO__THEY_SAID	CARRIER_VS_BARE	REPEAT_CONNECTOR	TO_FACE	THEY_SAID	BARE	THEY_SAID	REPEAT_CONNECTOR__TO_FACE__BY__BARE__NONE	REPEAT_CONNECTOR__TO_FACE__BY__THEY_SAID__NONE	face by face	they said face by face	0	2	4	1	1	-0.428169	-0.518053	-0.428169	-0.249025	1691	2371	0	0	0	to	KNOWN_REPEAT	HELDOUT_FAMILIAR	1	1
REPEAT_CONNECTOR__TO_FACE__AFTER__BARE__NONE__TO__V9_SPACE	CARRIER_VS_BARE	REPEAT_CONNECTOR	TO_FACE	V9_SPACE	BARE	V9_SPACE	REPEAT_CONNECTOR__TO_FACE__AFTER__BARE__NONE	REPEAT_CONNECTOR__TO_FACE__AFTER__V9_SPACE__NONE	face after face	 face after face	0	2	2	1	1	0.881444	0.86061	0.881444	0.46767	1738	541	0	1	1	to	KNOWN_REPEAT	HELDOUT_FAMILIAR	1	1
REPEAT_CONNECTOR__TO_FACE__AFTER__BARE__NONE__TO__THE_PHRASE	CARRIER_VS_BARE	REPEAT_CONNECTOR	TO_FACE	THE_PHRASE	BARE	THE_PHRASE	REPEAT_CONNECTOR__TO_FACE__AFTER__BARE__NONE	REPEAT_CONNECTOR__TO_FACE__AFTER__THE_PHRASE__NONE	face after face	the phrase face after face	0	2	4	1	1	0.70447	0.673249	0.70447	-0.000134	1738	2073	0	0	0	to	KNOWN_REPEAT	HELDOUT_FAMILIAR	1	1
REPEAT_CONNECTOR__TO_FACE__AFTER__BARE__NONE__TO__THEY_SAID	CARRIER_VS_BARE	REPEAT_CONNECTOR	TO_FACE	THEY_SAID	BARE	THEY_SAID	REPEAT_CONNECTOR__TO_FACE__AFTER__BARE__NONE	REPEAT_CONNECTOR__TO_FACE__AFTER__THEY_SAID__NONE	face after face	they said face after face	0	2	4	1	1	0.707985	0.623357	0.707985	0.366224	1738	1738	0	0	0	to	KNOWN_REPEAT	HELDOUT_FAMILIAR	1	1
FRAME_CROSS__TO_SHOULDER__KNOWN_REPEAT__BARE__NONE__TO__V9_SPACE	CARRIER_VS_BARE	FRAME_CROSS	TO_SHOULDER	V9_SPACE	BARE	V9_SPACE	FRAME_CROSS__TO_SHOULDER__KNOWN_REPEAT__BARE__NONE	FRAME_CROSS__TO_SHOULDER__KNOWN_REPEAT__V9_SPACE__NONE	shoulder to shoulder	 shoulder to shoulder	0	3	2	1	1	0.543782	0.553399	0.543782	0.386514	541	541	1	1	0	to	KNOWN_REPEAT	HELDOUT_FAMILIAR	1	1
FRAME_CROSS__TO_SHOULDER__KNOWN_REPEAT__BARE__NONE__TO__THE_PHRASE	CARRIER_VS_BARE	FRAME_CROSS	TO_SHOULDER	THE_PHRASE	BARE	THE_PHRASE	FRAME_CROSS__TO_SHOULDER__KNOWN_REPEAT__BARE__NONE	FRAME_CROSS__TO_SHOULDER__KNOWN_REPEAT__THE_PHRASE__NONE	shoulder to shoulder	the phrase shoulder to shoulder	0	3	4	1	1	0.74727	0.768122	0.74727	0.445275	541	541	1	1	0	to	KNOWN_REPEAT	HELDOUT_FAMILIAR	1	1
FRAME_CROSS__TO_SHOULDER__KNOWN_REPEAT__BARE__NONE__TO__THEY_SAID	CARRIER_VS_BARE	FRAME_CROSS	TO_SHOULDER	THEY_SAID	BARE	THEY_SAID	FRAME_CROSS__TO_SHOULDER__KNOWN_REPEAT__BARE__NONE	FRAME_CROSS__TO_SHOULDER__KNOWN_REPEAT__THEY_SAID__NONE	shoulder to shoulder	they said shoulder to shoulder	0	3	4	1	1	1.166462	1.168656	1.166462	0.359671	541	541	1	1	0	to	KNOWN_REPEAT	HELDOUT_FAMILIAR	1	1
FRAME_CROSS__TO_SHOULDER__KNOWN_RELATED__BARE__NONE__TO__V9_SPACE	CARRIER_VS_BARE	FRAME_CROSS	TO_SHOULDER	V9_SPACE	BARE	V9_SPACE	FRAME_CROSS__TO_SHOULDER__KNOWN_RELATED__BARE__NONE	FRAME_CROSS__TO_SHOULDER__KNOWN_RELATED__V9_SPACE__NONE	shoulder to knee	 shoulder to knee	0	3	2	1	1	0.291325	0.300941	0.291325	-0.460021	1790	1790	0	0	0	to	RELATED_DISTINCT	HELDOUT_FAMILIAR	1	1
FRAME_CROSS__TO_SHOULDER__KNOWN_RELATED__BARE__NONE__TO__THE_PHRASE	CARRIER_VS_BARE	FRAME_CROSS	TO_SHOULDER	THE_PHRASE	BARE	THE_PHRASE	FRAME_CROSS__TO_SHOULDER__KNOWN_RELATED__BARE__NONE	FRAME_CROSS__TO_SHOULDER__KNOWN_RELATED__THE_PHRASE__NONE	shoulder to knee	the phrase shoulder to knee	0	3	4	1	1	0.181824	0.202676	0.181824	-0.190808	1790	2073	0	0	0	to	RELATED_DISTINCT	HELDOUT_FAMILIAR	1	1
FRAME_CROSS__TO_SHOULDER__KNOWN_RELATED__BARE__NONE__TO__THEY_SAID	CARRIER_VS_BARE	FRAME_CROSS	TO_SHOULDER	THEY_SAID	BARE	THEY_SAID	FRAME_CROSS__TO_SHOULDER__KNOWN_RELATED__BARE__NONE	FRAME_CROSS__TO_SHOULDER__KNOWN_RELATED__THEY_SAID__NONE	shoulder to knee	they said shoulder to knee	0	3	4	1	1	-0.070788	-0.068594	-0.070788	-0.675364	1790	419	0	0	0	to	RELATED_DISTINCT	HELDOUT_FAMILIAR	1	1
FRAME_CROSS__TO_SHOULDER__KNOWN_ARBITRARY__BARE__NONE__TO__V9_SPACE	CARRIER_VS_BARE	FRAME_CROSS	TO_SHOULDER	V9_SPACE	BARE	V9_SPACE	FRAME_CROSS__TO_SHOULDER__KNOWN_ARBITRARY__BARE__NONE	FRAME_CROSS__TO_SHOULDER__KNOWN_ARBITRARY__V9_SPACE__NONE	shoulder to garden	 shoulder to garden	0	3	2	1	1	0.01218	0.021796	0.01218	-0.739166	1790	1790	0	0	0	to	ARBITRARY_DISTINCT	HELDOUT_FAMILIAR	1	1
FRAME_CROSS__TO_SHOULDER__KNOWN_ARBITRARY__BARE__NONE__TO__THE_PHRASE	CARRIER_VS_BARE	FRAME_CROSS	TO_SHOULDER	THE_PHRASE	BARE	THE_PHRASE	FRAME_CROSS__TO_SHOULDER__KNOWN_ARBITRARY__BARE__NONE	FRAME_CROSS__TO_SHOULDER__KNOWN_ARBITRARY__THE_PHRASE__NONE	shoulder to garden	the phrase shoulder to garden	0	3	4	1	1	0.154315	0.175166	0.154315	-0.218317	1790	2073	0	0	0	to	ARBITRARY_DISTINCT	HELDOUT_FAMILIAR	1	1
FRAME_CROSS__TO_SHOULDER__KNOWN_ARBITRARY__BARE__NONE__TO__THEY_SAID	CARRIER_VS_BARE	FRAME_CROSS	TO_SHOULDER	THEY_SAID	BARE	THEY_SAID	FRAME_CROSS__TO_SHOULDER__KNOWN_ARBITRARY__BARE__NONE	FRAME_CROSS__TO_SHOULDER__KNOWN_ARBITRARY__THEY_SAID__NONE	shoulder to garden	they said shoulder to garden	0	3	4	1	1	-0.092077	-0.089884	-0.024942	-0.629519	1790	419	0	0	0	to	ARBITRARY_DISTINCT	HELDOUT_FAMILIAR	1	1
FRAME_CROSS__TO_SHOULDER__ARBITRARY_KNOWN__BARE__NONE__TO__V9_SPACE	CARRIER_VS_BARE	FRAME_CROSS	TO_SHOULDER	V9_SPACE	BARE	V9_SPACE	FRAME_CROSS__TO_SHOULDER__ARBITRARY_KNOWN__BARE__NONE	FRAME_CROSS__TO_SHOULDER__ARBITRARY_KNOWN__V9_SPACE__NONE	copper to shoulder	 copper to shoulder	0	3	2	1	1	0.073557	0.080951	0.0	-0.407577	1790	1888	0	0	0	to	ARBITRARY_DISTINCT	HELDOUT_FAMILIAR	1	1
FRAME_CROSS__TO_SHOULDER__ARBITRARY_KNOWN__BARE__NONE__TO__THE_PHRASE	CARRIER_VS_BARE	FRAME_CROSS	TO_SHOULDER	THE_PHRASE	BARE	THE_PHRASE	FRAME_CROSS__TO_SHOULDER__ARBITRARY_KNOWN__BARE__NONE	FRAME_CROSS__TO_SHOULDER__ARBITRARY_KNOWN__THE_PHRASE__NONE	copper to shoulder	the phrase copper to shoulder	0	3	4	1	1	0.12546	0.114725	0.00573	-0.182519	1790	2073	0	0	0	to	ARBITRARY_DISTINCT	HELDOUT_FAMILIAR	1	1
FRAME_CROSS__TO_SHOULDER__ARBITRARY_KNOWN__BARE__NONE__TO__THEY_SAID	CARRIER_VS_BARE	FRAME_CROSS	TO_SHOULDER	THEY_SAID	BARE	THEY_SAID	FRAME_CROSS__TO_SHOULDER__ARBITRARY_KNOWN__BARE__NONE	FRAME_CROSS__TO_SHOULDER__ARBITRARY_KNOWN__THEY_SAID__NONE	copper to shoulder	they said copper to shoulder	0	3	4	1	1	-0.029473	-0.042066	0.0	0.252541	1790	1790	0	0	0	to	ARBITRARY_DISTINCT	HELDOUT_FAMILIAR	1	1
FRAME_CROSS__TO_SHOULDER__ARBITRARY_REPEAT__BARE__NONE__TO__V9_SPACE	CARRIER_VS_BARE	FRAME_CROSS	TO_SHOULDER	V9_SPACE	BARE	V9_SPACE	FRAME_CROSS__TO_SHOULDER__ARBITRARY_REPEAT__BARE__NONE	FRAME_CROSS__TO_SHOULDER__ARBITRARY_REPEAT__V9_SPACE__NONE	copper to copper	 copper to copper	0	3	2	1	1	1.409157	1.416551	1.409157	0.913966	1888	1888	0	0	0	to	NOVEL_REPEAT	HELDOUT_FAMILIAR	1	1
FRAME_CROSS__TO_SHOULDER__ARBITRARY_REPEAT__BARE__NONE__TO__THE_PHRASE	CARRIER_VS_BARE	FRAME_CROSS	TO_SHOULDER	THE_PHRASE	BARE	THE_PHRASE	FRAME_CROSS__TO_SHOULDER__ARBITRARY_REPEAT__BARE__NONE	FRAME_CROSS__TO_SHOULDER__ARBITRARY_REPEAT__THE_PHRASE__NONE	copper to copper	the phrase copper to copper	0	3	4	1	1	1.332486	1.321752	1.332486	1.056624	1888	2073	0	0	0	to	NOVEL_REPEAT	HELDOUT_FAMILIAR	1	1
FRAME_CROSS__TO_SHOULDER__ARBITRARY_REPEAT__BARE__NONE__TO__THEY_SAID	CARRIER_VS_BARE	FRAME_CROSS	TO_SHOULDER	THEY_SAID	BARE	THEY_SAID	FRAME_CROSS__TO_SHOULDER__ARBITRARY_REPEAT__BARE__NONE	FRAME_CROSS__TO_SHOULDER__ARBITRARY_REPEAT__THEY_SAID__NONE	copper to copper	they said copper to copper	0	3	4	1	1	1.41111	1.398518	1.41111	1.43317	1888	2566	0	0	0	to	NOVEL_REPEAT	HELDOUT_FAMILIAR	1	1
FRAME_CROSS__TO_SHOULDER__ARBITRARY_DISTINCT__BARE__NONE__TO__V9_SPACE	CARRIER_VS_BARE	FRAME_CROSS	TO_SHOULDER	V9_SPACE	BARE	V9_SPACE	FRAME_CROSS__TO_SHOULDER__ARBITRARY_DISTINCT__BARE__NONE	FRAME_CROSS__TO_SHOULDER__ARBITRARY_DISTINCT__V9_SPACE__NONE	copper to garden	 copper to garden	0	3	2	1	1	-0.023463	-0.016069	0.0	-0.49519	1888	1888	0	0	0	to	NOVEL_DISTINCT	HELDOUT_FAMILIAR	1	1
FRAME_CROSS__TO_SHOULDER__ARBITRARY_DISTINCT__BARE__NONE__TO__THE_PHRASE	CARRIER_VS_BARE	FRAME_CROSS	TO_SHOULDER	THE_PHRASE	BARE	THE_PHRASE	FRAME_CROSS__TO_SHOULDER__ARBITRARY_DISTINCT__BARE__NONE	FRAME_CROSS__TO_SHOULDER__ARBITRARY_DISTINCT__THE_PHRASE__NONE	copper to garden	the phrase copper to garden	0	3	4	1	1	-0.018659	-0.029394	0.0	-0.275862	1888	2073	0	0	0	to	NOVEL_DISTINCT	HELDOUT_FAMILIAR	1	1
FRAME_CROSS__TO_SHOULDER__ARBITRARY_DISTINCT__BARE__NONE__TO__THEY_SAID	CARRIER_VS_BARE	FRAME_CROSS	TO_SHOULDER	THEY_SAID	BARE	THEY_SAID	FRAME_CROSS__TO_SHOULDER__ARBITRARY_DISTINCT__BARE__NONE	FRAME_CROSS__TO_SHOULDER__ARBITRARY_DISTINCT__THEY_SAID__NONE	copper to garden	they said copper to garden	0	3	4	1	1	-0.014825	-0.027418	0.0	0.399304	1888	1790	0	0	0	to	NOVEL_DISTINCT	HELDOUT_FAMILIAR	1	1
FRAME_CROSS__TO_SHOULDER__KNOWN_NO_CONNECTOR__BARE__NONE__TO__V9_SPACE	CARRIER_VS_BARE	FRAME_CROSS	TO_SHOULDER	V9_SPACE	BARE	V9_SPACE	FRAME_CROSS__TO_SHOULDER__KNOWN_NO_CONNECTOR__BARE__NONE	FRAME_CROSS__TO_SHOULDER__KNOWN_NO_CONNECTOR__V9_SPACE__NONE	shoulder shoulder	 shoulder shoulder	0	2	1	1	1	-0.051854	-0.028425	0.0	-0.751345	1790	1790	0	0	0	to	NO_CONNECTOR	HELDOUT_FAMILIAR	1	1
FRAME_CROSS__TO_SHOULDER__KNOWN_NO_CONNECTOR__BARE__NONE__TO__THE_PHRASE	CARRIER_VS_BARE	FRAME_CROSS	TO_SHOULDER	THE_PHRASE	BARE	THE_PHRASE	FRAME_CROSS__TO_SHOULDER__KNOWN_NO_CONNECTOR__BARE__NONE	FRAME_CROSS__TO_SHOULDER__KNOWN_NO_CONNECTOR__THE_PHRASE__NONE	shoulder shoulder	the phrase shoulder shoulder	0	2	3	1	1	-0.051898	-0.09701	0.0	-0.372632	1790	2073	0	0	0	to	NO_CONNECTOR	HELDOUT_FAMILIAR	1	1
FRAME_CROSS__TO_SHOULDER__KNOWN_NO_CONNECTOR__BARE__NONE__TO__THEY_SAID	CARRIER_VS_BARE	FRAME_CROSS	TO_SHOULDER	THEY_SAID	BARE	THEY_SAID	FRAME_CROSS__TO_SHOULDER__KNOWN_NO_CONNECTOR__BARE__NONE	FRAME_CROSS__TO_SHOULDER__KNOWN_NO_CONNECTOR__THEY_SAID__NONE	shoulder shoulder	they said shoulder shoulder	0	2	3	1	1	-0.053672	-0.110919	0.0	0.040013	1790	1790	0	0	0	to	NO_CONNECTOR	HELDOUT_FAMILIAR	1	1
FRAME_CROSS__TO_SHOULDER__ARBITRARY_NO_CONNECTOR__BARE__NONE__TO__V9_SPACE	CARRIER_VS_BARE	FRAME_CROSS	TO_SHOULDER	V9_SPACE	BARE	V9_SPACE	FRAME_CROSS__TO_SHOULDER__ARBITRARY_NO_CONNECTOR__BARE__NONE	FRAME_CROSS__TO_SHOULDER__ARBITRARY_NO_CONNECTOR__V9_SPACE__NONE	copper copper	 copper copper	0	2	1	1	1	-0.056652	-0.078679	0.0	-0.49519	1888	1888	0	0	0	to	NO_CONNECTOR	HELDOUT_FAMILIAR	1	1
FRAME_CROSS__TO_SHOULDER__ARBITRARY_NO_CONNECTOR__BARE__NONE__TO__THE_PHRASE	CARRIER_VS_BARE	FRAME_CROSS	TO_SHOULDER	THE_PHRASE	BARE	THE_PHRASE	FRAME_CROSS__TO_SHOULDER__ARBITRARY_NO_CONNECTOR__BARE__NONE	FRAME_CROSS__TO_SHOULDER__ARBITRARY_NO_CONNECTOR__THE_PHRASE__NONE	copper copper	the phrase copper copper	0	2	3	1	1	-0.068819	-0.166641	0.0	-0.275862	1888	2073	0	0	0	to	NO_CONNECTOR	HELDOUT_FAMILIAR	1	1
FRAME_CROSS__TO_SHOULDER__ARBITRARY_NO_CONNECTOR__BARE__NONE__TO__THEY_SAID	CARRIER_VS_BARE	FRAME_CROSS	TO_SHOULDER	THEY_SAID	BARE	THEY_SAID	FRAME_CROSS__TO_SHOULDER__ARBITRARY_NO_CONNECTOR__BARE__NONE	FRAME_CROSS__TO_SHOULDER__ARBITRARY_NO_CONNECTOR__THEY_SAID__NONE	copper copper	they said copper copper	0	2	3	1	1	-0.047583	-0.12149	0.0	0.478738	1888	2566	0	0	0	to	NO_CONNECTOR	HELDOUT_FAMILIAR	1	1
REPEAT_CONNECTOR__TO_SHOULDER__AND__BARE__NONE__TO__V9_SPACE	CARRIER_VS_BARE	REPEAT_CONNECTOR	TO_SHOULDER	V9_SPACE	BARE	V9_SPACE	REPEAT_CONNECTOR__TO_SHOULDER__AND__BARE__NONE	REPEAT_CONNECTOR__TO_SHOULDER__AND__V9_SPACE__NONE	shoulder and shoulder	 shoulder and shoulder	0	3	2	1	1	0.704304	0.727727	0.704304	0.298247	2659	2659	0	0	0	to	KNOWN_REPEAT	HELDOUT_FAMILIAR	1	1
REPEAT_CONNECTOR__TO_SHOULDER__AND__BARE__NONE__TO__THE_PHRASE	CARRIER_VS_BARE	REPEAT_CONNECTOR	TO_SHOULDER	THE_PHRASE	BARE	THE_PHRASE	REPEAT_CONNECTOR__TO_SHOULDER__AND__BARE__NONE	REPEAT_CONNECTOR__TO_SHOULDER__AND__THE_PHRASE__NONE	shoulder and shoulder	the phrase shoulder and shoulder	0	3	4	1	1	0.349611	0.352022	0.349611	0.079235	2659	2659	0	0	0	to	KNOWN_REPEAT	HELDOUT_FAMILIAR	1	1
REPEAT_CONNECTOR__TO_SHOULDER__AND__BARE__NONE__TO__THEY_SAID	CARRIER_VS_BARE	REPEAT_CONNECTOR	TO_SHOULDER	THEY_SAID	BARE	THEY_SAID	REPEAT_CONNECTOR__TO_SHOULDER__AND__BARE__NONE	REPEAT_CONNECTOR__TO_SHOULDER__AND__THEY_SAID__NONE	shoulder and shoulder	they said shoulder and shoulder	0	3	4	1	1	0.879817	0.882679	0.879817	-0.104511	2659	2659	0	0	0	to	KNOWN_REPEAT	HELDOUT_FAMILIAR	1	1
REPEAT_CONNECTOR__TO_SHOULDER__OR__BARE__NONE__TO__V9_SPACE	CARRIER_VS_BARE	REPEAT_CONNECTOR	TO_SHOULDER	V9_SPACE	BARE	V9_SPACE	REPEAT_CONNECTOR__TO_SHOULDER__OR__BARE__NONE	REPEAT_CONNECTOR__TO_SHOULDER__OR__V9_SPACE__NONE	shoulder or shoulder	 shoulder or shoulder	0	3	2	1	1	0.002586	0.004778	0.002586	-0.106342	2659	2659	0	0	0	to	KNOWN_REPEAT	HELDOUT_FAMILIAR	1	1
REPEAT_CONNECTOR__TO_SHOULDER__OR__BARE__NONE__TO__THE_PHRASE	CARRIER_VS_BARE	REPEAT_CONNECTOR	TO_SHOULDER	THE_PHRASE	BARE	THE_PHRASE	REPEAT_CONNECTOR__TO_SHOULDER__OR__BARE__NONE	REPEAT_CONNECTOR__TO_SHOULDER__OR__THE_PHRASE__NONE	shoulder or shoulder	the phrase shoulder or shoulder	0	3	4	1	1	-0.365909	-0.365729	-0.365909	-0.380663	2659	2659	0	0	0	to	KNOWN_REPEAT	HELDOUT_FAMILIAR	1	1
REPEAT_CONNECTOR__TO_SHOULDER__OR__BARE__NONE__TO__THEY_SAID	CARRIER_VS_BARE	REPEAT_CONNECTOR	TO_SHOULDER	THEY_SAID	BARE	THEY_SAID	REPEAT_CONNECTOR__TO_SHOULDER__OR__BARE__NONE	REPEAT_CONNECTOR__TO_SHOULDER__OR__THEY_SAID__NONE	shoulder or shoulder	they said shoulder or shoulder	0	3	4	1	1	-0.081889	-0.082349	-0.081889	-0.545016	2659	2659	0	0	0	to	KNOWN_REPEAT	HELDOUT_FAMILIAR	1	1
REPEAT_CONNECTOR__TO_SHOULDER__TO__BARE__NONE__TO__V9_SPACE	CARRIER_VS_BARE	REPEAT_CONNECTOR	TO_SHOULDER	V9_SPACE	BARE	V9_SPACE	REPEAT_CONNECTOR__TO_SHOULDER__TO__BARE__NONE	REPEAT_CONNECTOR__TO_SHOULDER__TO__V9_SPACE__NONE	shoulder to shoulder	 shoulder to shoulder	0	3	2	1	1	0.543782	0.553399	0.543782	0.386514	541	541	1	1	0	to	KNOWN_REPEAT	HELDOUT_FAMILIAR	1	1
REPEAT_CONNECTOR__TO_SHOULDER__TO__BARE__NONE__TO__THE_PHRASE	CARRIER_VS_BARE	REPEAT_CONNECTOR	TO_SHOULDER	THE_PHRASE	BARE	THE_PHRASE	REPEAT_CONNECTOR__TO_SHOULDER__TO__BARE__NONE	REPEAT_CONNECTOR__TO_SHOULDER__TO__THE_PHRASE__NONE	shoulder to shoulder	the phrase shoulder to shoulder	0	3	4	1	1	0.74727	0.768122	0.74727	0.445275	541	541	1	1	0	to	KNOWN_REPEAT	HELDOUT_FAMILIAR	1	1
REPEAT_CONNECTOR__TO_SHOULDER__TO__BARE__NONE__TO__THEY_SAID	CARRIER_VS_BARE	REPEAT_CONNECTOR	TO_SHOULDER	THEY_SAID	BARE	THEY_SAID	REPEAT_CONNECTOR__TO_SHOULDER__TO__BARE__NONE	REPEAT_CONNECTOR__TO_SHOULDER__TO__THEY_SAID__NONE	shoulder to shoulder	they said shoulder to shoulder	0	3	4	1	1	1.166462	1.168656	1.166462	0.359671	541	541	1	1	0	to	KNOWN_REPEAT	HELDOUT_FAMILIAR	1	1
REPEAT_CONNECTOR__TO_SHOULDER__BY__BARE__NONE__TO__V9_SPACE	CARRIER_VS_BARE	REPEAT_CONNECTOR	TO_SHOULDER	V9_SPACE	BARE	V9_SPACE	REPEAT_CONNECTOR__TO_SHOULDER__BY__BARE__NONE	REPEAT_CONNECTOR__TO_SHOULDER__BY__V9_SPACE__NONE	shoulder by shoulder	 shoulder by shoulder	0	3	2	1	1	1.140226	1.213314	1.140226	0.388881	1790	541	0	1	1	to	KNOWN_REPEAT	HELDOUT_FAMILIAR	1	1
REPEAT_CONNECTOR__TO_SHOULDER__BY__BARE__NONE__TO__THE_PHRASE	CARRIER_VS_BARE	REPEAT_CONNECTOR	TO_SHOULDER	THE_PHRASE	BARE	THE_PHRASE	REPEAT_CONNECTOR__TO_SHOULDER__BY__BARE__NONE	REPEAT_CONNECTOR__TO_SHOULDER__BY__THE_PHRASE__NONE	shoulder by shoulder	the phrase shoulder by shoulder	0	3	4	1	1	0.717451	0.760724	0.717451	0.34482	1790	541	0	1	1	to	KNOWN_REPEAT	HELDOUT_FAMILIAR	1	1
REPEAT_CONNECTOR__TO_SHOULDER__BY__BARE__NONE__TO__THEY_SAID	CARRIER_VS_BARE	REPEAT_CONNECTOR	TO_SHOULDER	THEY_SAID	BARE	THEY_SAID	REPEAT_CONNECTOR__TO_SHOULDER__BY__BARE__NONE	REPEAT_CONNECTOR__TO_SHOULDER__BY__THEY_SAID__NONE	shoulder by shoulder	they said shoulder by shoulder	0	3	4	1	1	1.227763	1.224153	1.227763	0.535943	1790	541	0	1	1	to	KNOWN_REPEAT	HELDOUT_FAMILIAR	1	1
REPEAT_CONNECTOR__TO_SHOULDER__AFTER__BARE__NONE__TO__V9_SPACE	CARRIER_VS_BARE	REPEAT_CONNECTOR	TO_SHOULDER	V9_SPACE	BARE	V9_SPACE	REPEAT_CONNECTOR__TO_SHOULDER__AFTER__BARE__NONE	REPEAT_CONNECTOR__TO_SHOULDER__AFTER__V9_SPACE__NONE	shoulder after shoulder	 shoulder after shoulder	0	3	2	1	1	1.313318	1.337083	1.313318	0.561972	1790	1790	0	0	0	to	KNOWN_REPEAT	HELDOUT_FAMILIAR	1	1
REPEAT_CONNECTOR__TO_SHOULDER__AFTER__BARE__NONE__TO__THE_PHRASE	CARRIER_VS_BARE	REPEAT_CONNECTOR	TO_SHOULDER	THE_PHRASE	BARE	THE_PHRASE	REPEAT_CONNECTOR__TO_SHOULDER__AFTER__BARE__NONE	REPEAT_CONNECTOR__TO_SHOULDER__AFTER__THE_PHRASE__NONE	shoulder after shoulder	the phrase shoulder after shoulder	0	3	4	1	1	1.195601	1.210174	1.195601	0.822969	1790	2073	0	0	0	to	KNOWN_REPEAT	HELDOUT_FAMILIAR	1	1
REPEAT_CONNECTOR__TO_SHOULDER__AFTER__BARE__NONE__TO__THEY_SAID	CARRIER_VS_BARE	REPEAT_CONNECTOR	TO_SHOULDER	THEY_SAID	BARE	THEY_SAID	REPEAT_CONNECTOR__TO_SHOULDER__AFTER__BARE__NONE	REPEAT_CONNECTOR__TO_SHOULDER__AFTER__THEY_SAID__NONE	shoulder after shoulder	they said shoulder after shoulder	0	3	4	1	1	1.794319	1.783204	1.794319	1.680958	1790	541	0	1	1	to	KNOWN_REPEAT	HELDOUT_FAMILIAR	1	1
PRONOMINAL_RECURRENCE__PRONOMINAL__ONE_AFTER_ANOTHER__BARE__NONE__TO__V9_SPACE	CARRIER_VS_BARE	PRONOMINAL_RECURRENCE	PRONOMINAL	V9_SPACE	BARE	V9_SPACE	PRONOMINAL_RECURRENCE__PRONOMINAL__ONE_AFTER_ANOTHER__BARE__NONE	PRONOMINAL_RECURRENCE__PRONOMINAL__ONE_AFTER_ANOTHER__V9_SPACE__NONE	one after another	 one after another	0	2	2	1	1	-0.806966	-0.810997	-0.806966	-0.756571	541	541	1	1	0	after	PRONOMINAL_RECURRENCE	V9_ATTESTED	1	1
PRONOMINAL_RECURRENCE__PRONOMINAL__ONE_AFTER_ANOTHER__BARE__NONE__TO__THE_PHRASE	CARRIER_VS_BARE	PRONOMINAL_RECURRENCE	PRONOMINAL	THE_PHRASE	BARE	THE_PHRASE	PRONOMINAL_RECURRENCE__PRONOMINAL__ONE_AFTER_ANOTHER__BARE__NONE	PRONOMINAL_RECURRENCE__PRONOMINAL__ONE_AFTER_ANOTHER__THE_PHRASE__NONE	one after another	the phrase one after another	0	2	4	1	1	-0.755471	-0.735851	-0.755471	-0.494542	541	541	1	1	0	after	PRONOMINAL_RECURRENCE	V9_ATTESTED	1	1
PRONOMINAL_RECURRENCE__PRONOMINAL__ONE_AFTER_ANOTHER__BARE__NONE__TO__THEY_SAID	CARRIER_VS_BARE	PRONOMINAL_RECURRENCE	PRONOMINAL	THEY_SAID	BARE	THEY_SAID	PRONOMINAL_RECURRENCE__PRONOMINAL__ONE_AFTER_ANOTHER__BARE__NONE	PRONOMINAL_RECURRENCE__PRONOMINAL__ONE_AFTER_ANOTHER__THEY_SAID__NONE	one after another	they said one after another	0	2	4	1	1	-0.615569	-0.641047	-0.615569	0.174854	541	541	1	1	0	after	PRONOMINAL_RECURRENCE	V9_ATTESTED	1	1
PRONOMINAL_RECURRENCE__PRONOMINAL__ONE_AFTER_THE_OTHER__BARE__NONE__TO__V9_SPACE	CARRIER_VS_BARE	PRONOMINAL_RECURRENCE	PRONOMINAL	V9_SPACE	BARE	V9_SPACE	PRONOMINAL_RECURRENCE__PRONOMINAL__ONE_AFTER_THE_OTHER__BARE__NONE	PRONOMINAL_RECURRENCE__PRONOMINAL__ONE_AFTER_THE_OTHER__V9_SPACE__NONE	one after the other	 one after the other	0	3	3	1	1	0.370897	0.310395	0.370897	-0.227568	541	541	1	1	0	after	PRONOMINAL_RECURRENCE	V9_ATTESTED	1	1
PRONOMINAL_RECURRENCE__PRONOMINAL__ONE_AFTER_THE_OTHER__BARE__NONE__TO__THE_PHRASE	CARRIER_VS_BARE	PRONOMINAL_RECURRENCE	PRONOMINAL	THE_PHRASE	BARE	THE_PHRASE	PRONOMINAL_RECURRENCE__PRONOMINAL__ONE_AFTER_THE_OTHER__BARE__NONE	PRONOMINAL_RECURRENCE__PRONOMINAL__ONE_AFTER_THE_OTHER__THE_PHRASE__NONE	one after the other	the phrase one after the other	0	3	5	1	1	0.182325	0.08269	0.182325	-0.205607	541	541	1	1	0	after	PRONOMINAL_RECURRENCE	V9_ATTESTED	1	1
PRONOMINAL_RECURRENCE__PRONOMINAL__ONE_AFTER_THE_OTHER__BARE__NONE__TO__THEY_SAID	CARRIER_VS_BARE	PRONOMINAL_RECURRENCE	PRONOMINAL	THEY_SAID	BARE	THEY_SAID	PRONOMINAL_RECURRENCE__PRONOMINAL__ONE_AFTER_THE_OTHER__BARE__NONE	PRONOMINAL_RECURRENCE__PRONOMINAL__ONE_AFTER_THE_OTHER__THEY_SAID__NONE	one after the other	they said one after the other	0	3	5	1	1	0.058711	0.040885	0.058711	0.448734	541	541	1	1	0	after	PRONOMINAL_RECURRENCE	V9_ATTESTED	1	1
PRONOMINAL_RECURRENCE__PRONOMINAL__ONE_AFTER_ONE__BARE__NONE__TO__V9_SPACE	CARRIER_VS_BARE	PRONOMINAL_RECURRENCE	PRONOMINAL	V9_SPACE	BARE	V9_SPACE	PRONOMINAL_RECURRENCE__PRONOMINAL__ONE_AFTER_ONE__BARE__NONE	PRONOMINAL_RECURRENCE__PRONOMINAL__ONE_AFTER_ONE__V9_SPACE__NONE	one after one	 one after one	0	2	2	1	1	1.725302	1.721271	1.725302	1.126835	1888	541	0	1	1	after	PRONOMINAL_RECURRENCE	CONTROL	1	1
PRONOMINAL_RECURRENCE__PRONOMINAL__ONE_AFTER_ONE__BARE__NONE__TO__THE_PHRASE	CARRIER_VS_BARE	PRONOMINAL_RECURRENCE	PRONOMINAL	THE_PHRASE	BARE	THE_PHRASE	PRONOMINAL_RECURRENCE__PRONOMINAL__ONE_AFTER_ONE__BARE__NONE	PRONOMINAL_RECURRENCE__PRONOMINAL__ONE_AFTER_ONE__THE_PHRASE__NONE	one after one	the phrase one after one	0	2	4	1	1	1.542037	1.561657	1.542037	1.154104	1888	541	0	1	1	after	PRONOMINAL_RECURRENCE	CONTROL	1	1
PRONOMINAL_RECURRENCE__PRONOMINAL__ONE_AFTER_ONE__BARE__NONE__TO__THEY_SAID	CARRIER_VS_BARE	PRONOMINAL_RECURRENCE	PRONOMINAL	THEY_SAID	BARE	THEY_SAID	PRONOMINAL_RECURRENCE__PRONOMINAL__ONE_AFTER_ONE__BARE__NONE	PRONOMINAL_RECURRENCE__PRONOMINAL__ONE_AFTER_ONE__THEY_SAID__NONE	one after one	they said one after one	0	2	4	1	1	1.472029	1.446551	1.472029	1.695247	1888	541	0	1	1	after	PRONOMINAL_RECURRENCE	CONTROL	1	1
PRONOMINAL_RECURRENCE__PRONOMINAL__ONE_AND_ANOTHER__BARE__NONE__TO__V9_SPACE	CARRIER_VS_BARE	PRONOMINAL_RECURRENCE	PRONOMINAL	V9_SPACE	BARE	V9_SPACE	PRONOMINAL_RECURRENCE__PRONOMINAL__ONE_AND_ANOTHER__BARE__NONE	PRONOMINAL_RECURRENCE__PRONOMINAL__ONE_AND_ANOTHER__V9_SPACE__NONE	one and another	 one and another	0	2	2	1	1	-0.781882	-0.789175	-0.781882	-1.380348	541	1888	1	0	1	after	PRONOMINAL_RECURRENCE	CONTROL	1	1
PRONOMINAL_RECURRENCE__PRONOMINAL__ONE_AND_ANOTHER__BARE__NONE__TO__THE_PHRASE	CARRIER_VS_BARE	PRONOMINAL_RECURRENCE	PRONOMINAL	THE_PHRASE	BARE	THE_PHRASE	PRONOMINAL_RECURRENCE__PRONOMINAL__ONE_AND_ANOTHER__BARE__NONE	PRONOMINAL_RECURRENCE__PRONOMINAL__ONE_AND_ANOTHER__THE_PHRASE__NONE	one and another	the phrase one and another	0	2	4	1	1	-0.487412	-0.492072	-0.487412	-0.875345	541	2073	1	0	1	after	PRONOMINAL_RECURRENCE	CONTROL	1	1
PRONOMINAL_RECURRENCE__PRONOMINAL__ONE_AND_ANOTHER__BARE__NONE__TO__THEY_SAID	CARRIER_VS_BARE	PRONOMINAL_RECURRENCE	PRONOMINAL	THEY_SAID	BARE	THEY_SAID	PRONOMINAL_RECURRENCE__PRONOMINAL__ONE_AND_ANOTHER__BARE__NONE	PRONOMINAL_RECURRENCE__PRONOMINAL__ONE_AND_ANOTHER__THEY_SAID__NONE	one and another	they said one and another	0	2	4	1	1	-0.435988	-0.444891	-0.435988	-0.088499	541	541	1	1	0	after	PRONOMINAL_RECURRENCE	CONTROL	1	1
PRONOMINAL_RECURRENCE__PRONOMINAL__ONE_ANOTHER__BARE__NONE__TO__V9_SPACE	CARRIER_VS_BARE	PRONOMINAL_RECURRENCE	PRONOMINAL	V9_SPACE	BARE	V9_SPACE	PRONOMINAL_RECURRENCE__PRONOMINAL__ONE_ANOTHER__BARE__NONE	PRONOMINAL_RECURRENCE__PRONOMINAL__ONE_ANOTHER__V9_SPACE__NONE	one another	 one another	0	1	1	1	1	-0.067792	-0.020564	-0.039603	-0.638071	1888	1888	0	0	0	after	PRONOMINAL_RECURRENCE	CONTROL	1	1
PRONOMINAL_RECURRENCE__PRONOMINAL__ONE_ANOTHER__BARE__NONE__TO__THE_PHRASE	CARRIER_VS_BARE	PRONOMINAL_RECURRENCE	PRONOMINAL	THE_PHRASE	BARE	THE_PHRASE	PRONOMINAL_RECURRENCE__PRONOMINAL__ONE_ANOTHER__BARE__NONE	PRONOMINAL_RECURRENCE__PRONOMINAL__ONE_ANOTHER__THE_PHRASE__NONE	one another	the phrase one another	0	1	3	1	1	-0.201782	-0.245802	-0.039603	-0.427536	1888	2073	0	0	0	after	PRONOMINAL_RECURRENCE	CONTROL	1	1
PRONOMINAL_RECURRENCE__PRONOMINAL__ONE_ANOTHER__BARE__NONE__TO__THEY_SAID	CARRIER_VS_BARE	PRONOMINAL_RECURRENCE	PRONOMINAL	THEY_SAID	BARE	THEY_SAID	PRONOMINAL_RECURRENCE__PRONOMINAL__ONE_ANOTHER__BARE__NONE	PRONOMINAL_RECURRENCE__PRONOMINAL__ONE_ANOTHER__THEY_SAID__NONE	one another	they said one another	0	1	3	1	1	-0.208177	-0.244231	-0.039603	0.424628	1888	2807	0	0	0	after	PRONOMINAL_RECURRENCE	CONTROL	1	1
PRONOMINAL_RECURRENCE__PRONOMINAL__GRAVEL_AFTER_ANOTHER__BARE__NONE__TO__V9_SPACE	CARRIER_VS_BARE	PRONOMINAL_RECURRENCE	PRONOMINAL	V9_SPACE	BARE	V9_SPACE	PRONOMINAL_RECURRENCE__PRONOMINAL__GRAVEL_AFTER_ANOTHER__BARE__NONE	PRONOMINAL_RECURRENCE__PRONOMINAL__GRAVEL_AFTER_ANOTHER__V9_SPACE__NONE	gravel after another	 gravel after another	0	3	2	1	1	-0.092813	-0.1014	-0.090407	-0.529986	1888	1888	0	0	0	after	PRONOMINAL_RECURRENCE	CONTROL	1	1
PRONOMINAL_RECURRENCE__PRONOMINAL__GRAVEL_AFTER_ANOTHER__BARE__NONE__TO__THE_PHRASE	CARRIER_VS_BARE	PRONOMINAL_RECURRENCE	PRONOMINAL	THE_PHRASE	BARE	THE_PHRASE	PRONOMINAL_RECURRENCE__PRONOMINAL__GRAVEL_AFTER_ANOTHER__BARE__NONE	PRONOMINAL_RECURRENCE__PRONOMINAL__GRAVEL_AFTER_ANOTHER__THE_PHRASE__NONE	gravel after another	the phrase gravel after another	0	3	4	1	1	0.011566	-0.017112	0.011566	-0.278804	1888	2073	0	0	0	after	PRONOMINAL_RECURRENCE	CONTROL	1	1
PRONOMINAL_RECURRENCE__PRONOMINAL__GRAVEL_AFTER_ANOTHER__BARE__NONE__TO__THEY_SAID	CARRIER_VS_BARE	PRONOMINAL_RECURRENCE	PRONOMINAL	THEY_SAID	BARE	THEY_SAID	PRONOMINAL_RECURRENCE__PRONOMINAL__GRAVEL_AFTER_ANOTHER__BARE__NONE	PRONOMINAL_RECURRENCE__PRONOMINAL__GRAVEL_AFTER_ANOTHER__THEY_SAID__NONE	gravel after another	they said gravel after another	0	3	4	1	1	-0.184929	-0.220239	-0.090407	0.491498	1888	2256	0	0	0	after	PRONOMINAL_RECURRENCE	CONTROL	1	1
