# generated_utc	2026-08-14T18:12:44+00:00
# script	probe_v9.py
# python	3.11.15
# torch	2.9.0+cu128
# transformers	4.57.1
# device	cuda:0
# gpu	NVIDIA GeForce RTX 5060 Laptop GPU
# revision	607a30d783dfa663caf39e06633721c8d4cfcd7e
# layer	5
# tf32_matmul	False
# tf32_cudnn	False
# theta_sha256	113687a222f8cf98039222c27b39aaf716493e5e8c1db94ea4e6544e0814088c
# n_rows	3160
target_neuron_left	target_neuron_right	route_id_left	route_id_right	certificate_left	certificate_right	exact_match	unigram_multiset_jaccard	bigram_jaccard	longest_common_contiguous_tokens	left_fraction_in_lcc	right_fraction_in_lcc
541	541	J5-541-001	J5-541-002	Right and left	 here and there	0	0.2	0.0	1	0.333333	0.333333
541	541	J5-541-001	J5-541-003	Right and left	 right and left	0	0.5	0.333333	2	0.666667	0.666667
541	541	J5-541-001	J5-541-004	Right and left	You and I	0	0.2	0.0	1	0.333333	0.333333
541	541	J5-541-001	J5-541-005	Right and left	 now and then	0	0.2	0.0	1	0.333333	0.333333
541	541	J5-541-001	J5-541-006	Right and left	 here and there	0	0.2	0.0	1	0.333333	0.333333
541	541	J5-541-001	J5-541-007	Right and left	 one by one	0	0.0	0.0	0	0.0	0.0
541	541	J5-541-001	J5-541-008	Right and left	, zone by zone	0	0.0	0.0	0	0.0	0.0
541	541	J5-541-001	J5-541-009	Right and left	Wave after wave	0	0.0	0.0	0	0.0	0.0
541	541	J5-541-001	J5-541-010	Right and left	 by and by	0	0.2	0.0	1	0.333333	0.333333
541	541	J5-541-001	J5-541-011	Right and left	 light, we rolled over from each other, this way and that	0	0.066667	0.0	1	0.333333	0.076923
541	541	J5-541-001	J5-541-012	Right and left	 now and then	0	0.2	0.0	1	0.333333	0.333333
541	541	J5-541-001	J5-541-013	Right and left	 right to left	0	0.2	0.0	1	0.333333	0.333333
541	541	J5-541-001	J5-541-014	Right and left	 seldom or never	0	0.0	0.0	0	0.0	0.0
541	541	J5-541-001	J5-541-015	Right and left	 one by one	0	0.0	0.0	0	0.0	0.0
541	541	J5-541-001	J5-541-016	Right and left	, both large and small	0	0.142857	0.0	1	0.333333	0.2
541	541	J5-541-001	J5-541-017	Right and left	 right and left	0	0.5	0.333333	2	0.666667	0.666667
541	541	J5-541-001	J5-541-018	Right and left	 top to bottom	0	0.0	0.0	0	0.0	0.0
541	541	J5-541-001	J5-541-019	Right and left	 old and new	0	0.2	0.0	1	0.333333	0.333333
541	541	J5-541-001	J5-541-020	Right and left	 direct and indirect	0	0.2	0.0	1	0.333333	0.333333
541	541	J5-541-001	J5-541-021	Right and left	 hand to hand	0	0.0	0.0	0	0.0	0.0
541	541	J5-541-001	J5-541-022	Right and left	 this or that	0	0.0	0.0	0	0.0	0.0
541	541	J5-541-001	J5-541-023	Right and left	 now and then	0	0.2	0.0	1	0.333333	0.333333
541	541	J5-541-001	J5-541-024	Right and left	 up and down	0	0.2	0.0	1	0.333333	0.333333
541	541	J5-541-001	J5-541-025	Right and left	 hair braided and coiled round and round	0	0.090909	0.0	1	0.333333	0.111111
541	541	J5-541-001	J5-541-026	Right and left	 now and then	0	0.2	0.0	1	0.333333	0.333333
541	541	J5-541-001	J5-541-027	Right and left	 up and down	0	0.2	0.0	1	0.333333	0.333333
541	541	J5-541-001	J5-541-028	Right and left	 right and left	0	0.5	0.333333	2	0.666667	0.666667
541	541	J5-541-001	J5-541-029	Right and left	 now and then	0	0.2	0.0	1	0.333333	0.333333
541	541	J5-541-001	J5-541-030	Right and left	 served us night after night	0	0.0	0.0	0	0.0	0.0
541	541	J5-541-001	J5-541-031	Right and left	 whenever and wherever	0	0.2	0.0	1	0.333333	0.333333
541	541	J5-541-001	J5-541-032	Right and left	, day after day	0	0.0	0.0	0	0.0	0.0
541	541	J5-541-001	J5-541-033	Right and left	 up and down	0	0.2	0.0	1	0.333333	0.333333
541	541	J5-541-001	J5-541-034	Right and left	 now and then	0	0.2	0.0	1	0.333333	0.333333
541	541	J5-541-001	J5-541-035	Right and left	 up and down	0	0.2	0.0	1	0.333333	0.333333
541	541	J5-541-001	J5-541-036	Right and left	 up and down	0	0.2	0.0	1	0.333333	0.333333
541	541	J5-541-001	J5-541-037	Right and left	 old and new	0	0.2	0.0	1	0.333333	0.333333
541	541	J5-541-001	J5-541-038	Right and left	 here and there	0	0.2	0.0	1	0.333333	0.333333
541	541	J5-541-001	J5-541-039	Right and left	 Daggoo, straining forwards and backwards	0	0.1	0.0	1	0.333333	0.125
541	541	J5-541-001	J5-541-040	Right and left	 from first to last	0	0.0	0.0	0	0.0	0.0
541	541	J5-541-001	J5-541-041	Right and left	 now and then	0	0.2	0.0	1	0.333333	0.333333
541	541	J5-541-001	J5-541-042	Right and left	 up and down	0	0.2	0.0	1	0.333333	0.333333
541	541	J5-541-001	J5-541-043	Right and left	 here and there	0	0.2	0.0	1	0.333333	0.333333
541	541	J5-541-001	J5-541-044	Right and left	By and by	0	0.2	0.0	1	0.333333	0.333333
541	541	J5-541-001	J5-541-045	Right and left	 now and then	0	0.2	0.0	1	0.333333	0.333333
541	541	J5-541-001	J5-541-046	Right and left	 better or for worse	0	0.0	0.0	0	0.0	0.0
541	541	J5-541-001	J5-541-047	Right and left	 and thus round and round	0	0.142857	0.0	1	0.333333	0.2
541	541	J5-541-001	J5-541-048	Right and left	Human or animal	0	0.0	0.0	0	0.0	0.0
541	541	J5-541-001	J5-541-049	Right and left	 up and down	0	0.2	0.0	1	0.333333	0.333333
541	541	J5-541-001	J5-541-050	Right and left	 now and then	0	0.2	0.0	1	0.333333	0.333333
541	541	J5-541-001	J5-541-051	Right and left	 one after the other	0	0.0	0.0	0	0.0	0.0
541	541	J5-541-001	J5-541-052	Right and left	 here and there	0	0.2	0.0	1	0.333333	0.333333
541	541	J5-541-001	J5-541-053	Right and left	 shoulder to shoulder	0	0.0	0.0	0	0.0	0.0
541	541	J5-541-001	J5-541-054	Right and left	now and then	0	0.2	0.0	1	0.333333	0.333333
541	541	J5-541-001	J5-541-055	Right and left	 now and then	0	0.2	0.0	1	0.333333	0.333333
541	541	J5-541-001	J5-541-056	Right and left	 up and down	0	0.2	0.0	1	0.333333	0.333333
541	541	J5-541-001	J5-541-057	Right and left	 male and female	0	0.2	0.0	1	0.333333	0.333333
541	541	J5-541-001	J5-541-058	Right and left	 here and there	0	0.2	0.0	1	0.333333	0.333333
541	541	J5-541-001	J5-541-059	Right and left	Now and then	0	0.2	0.0	1	0.333333	0.333333
541	541	J5-541-001	J5-541-060	Right and left	 up and down	0	0.2	0.0	1	0.333333	0.333333
541	541	J5-541-001	J5-541-061	Right and left	 here and there	0	0.2	0.0	1	0.333333	0.333333
541	541	J5-541-001	J5-541-062	Right and left	 here and there	0	0.2	0.0	1	0.333333	0.333333
541	541	J5-541-001	J5-541-063	Right and left	 east and west	0	0.2	0.0	1	0.333333	0.333333
541	541	J5-541-001	J5-541-064	Right and left	 each and every	0	0.2	0.0	1	0.333333	0.333333
541	541	J5-541-001	J5-541-065	Right and left	, you can open and shut	0	0.125	0.0	1	0.333333	0.166667
541	541	J5-541-001	J5-541-066	Right and left	 again and again	0	0.2	0.0	1	0.333333	0.333333
541	541	J5-541-001	J5-541-067	Right and left	 true or false	0	0.0	0.0	0	0.0	0.0
541	541	J5-541-001	J5-541-068	Right and left	 East and West	0	0.2	0.0	1	0.333333	0.333333
541	541	J5-541-001	J5-541-069	Right and left	 one by one	0	0.0	0.0	0	0.0	0.0
541	541	J5-541-001	J5-541-070	Right and left	 one after the other	0	0.0	0.0	0	0.0	0.0
541	541	J5-541-001	J5-541-071	Right and left	, go round and round	0	0.142857	0.0	1	0.333333	0.2
541	541	J5-541-001	J5-541-072	Right and left	 One after another	0	0.0	0.0	0	0.0	0.0
541	541	J5-541-001	J5-541-073	Right and left	 water there, wheeling round and round	0	0.1	0.0	1	0.333333	0.125
541	541	J5-541-001	J5-541-074	Right and left	 in and out	0	0.2	0.0	1	0.333333	0.333333
541	541	J5-541-001	J5-541-075	Right and left	 up and down	0	0.2	0.0	1	0.333333	0.333333
541	541	J5-541-001	J5-541-076	Right and left	y Dick swam swiftly round and round	0	0.1	0.0	1	0.333333	0.125
541	541	J5-541-001	J5-541-077	Right and left	 this or that	0	0.0	0.0	0	0.0	0.0
541	541	J5-541-001	J5-541-078	Right and left	 up and down	0	0.2	0.0	1	0.333333	0.333333
541	541	J5-541-001	J5-541-079	Right and left	One after the other	0	0.0	0.0	0	0.0	0.0
541	541	J5-541-001	J5-541-080	Right and left	 side to side	0	0.0	0.0	0	0.0	0.0
541	541	J5-541-002	J5-541-003	 here and there	 right and left	0	0.2	0.0	1	0.333333	0.333333
541	541	J5-541-002	J5-541-004	 here and there	You and I	0	0.2	0.0	1	0.333333	0.333333
541	541	J5-541-002	J5-541-005	 here and there	 now and then	0	0.2	0.0	1	0.333333	0.333333
541	541	J5-541-002	J5-541-006	 here and there	 here and there	1	1.0	1.0	3	1.0	1.0
541	541	J5-541-002	J5-541-007	 here and there	 one by one	0	0.0	0.0	0	0.0	0.0
541	541	J5-541-002	J5-541-008	 here and there	, zone by zone	0	0.0	0.0	0	0.0	0.0
541	541	J5-541-002	J5-541-009	 here and there	Wave after wave	0	0.0	0.0	0	0.0	0.0
541	541	J5-541-002	J5-541-010	 here and there	 by and by	0	0.2	0.0	1	0.333333	0.333333
541	541	J5-541-002	J5-541-011	 here and there	 light, we rolled over from each other, this way and that	0	0.066667	0.0	1	0.333333	0.076923
541	541	J5-541-002	J5-541-012	 here and there	 now and then	0	0.2	0.0	1	0.333333	0.333333
541	541	J5-541-002	J5-541-013	 here and there	 right to left	0	0.0	0.0	0	0.0	0.0
541	541	J5-541-002	J5-541-014	 here and there	 seldom or never	0	0.0	0.0	0	0.0	0.0
541	541	J5-541-002	J5-541-015	 here and there	 one by one	0	0.0	0.0	0	0.0	0.0
541	541	J5-541-002	J5-541-016	 here and there	, both large and small	0	0.142857	0.0	1	0.333333	0.2
541	541	J5-541-002	J5-541-017	 here and there	 right and left	0	0.2	0.0	1	0.333333	0.333333
541	541	J5-541-002	J5-541-018	 here and there	 top to bottom	0	0.0	0.0	0	0.0	0.0
541	541	J5-541-002	J5-541-019	 here and there	 old and new	0	0.2	0.0	1	0.333333	0.333333
541	541	J5-541-002	J5-541-020	 here and there	 direct and indirect	0	0.2	0.0	1	0.333333	0.333333
541	541	J5-541-002	J5-541-021	 here and there	 hand to hand	0	0.0	0.0	0	0.0	0.0
541	541	J5-541-002	J5-541-022	 here and there	 this or that	0	0.0	0.0	0	0.0	0.0
541	541	J5-541-002	J5-541-023	 here and there	 now and then	0	0.2	0.0	1	0.333333	0.333333
541	541	J5-541-002	J5-541-024	 here and there	 up and down	0	0.2	0.0	1	0.333333	0.333333
541	541	J5-541-002	J5-541-025	 here and there	 hair braided and coiled round and round	0	0.090909	0.0	1	0.333333	0.111111
541	541	J5-541-002	J5-541-026	 here and there	 now and then	0	0.2	0.0	1	0.333333	0.333333
541	541	J5-541-002	J5-541-027	 here and there	 up and down	0	0.2	0.0	1	0.333333	0.333333
541	541	J5-541-002	J5-541-028	 here and there	 right and left	0	0.2	0.0	1	0.333333	0.333333
541	541	J5-541-002	J5-541-029	 here and there	 now and then	0	0.2	0.0	1	0.333333	0.333333
541	541	J5-541-002	J5-541-030	 here and there	 served us night after night	0	0.0	0.0	0	0.0	0.0
541	541	J5-541-002	J5-541-031	 here and there	 whenever and wherever	0	0.2	0.0	1	0.333333	0.333333
541	541	J5-541-002	J5-541-032	 here and there	, day after day	0	0.0	0.0	0	0.0	0.0
541	541	J5-541-002	J5-541-033	 here and there	 up and down	0	0.2	0.0	1	0.333333	0.333333
541	541	J5-541-002	J5-541-034	 here and there	 now and then	0	0.2	0.0	1	0.333333	0.333333
541	541	J5-541-002	J5-541-035	 here and there	 up and down	0	0.2	0.0	1	0.333333	0.333333
541	541	J5-541-002	J5-541-036	 here and there	 up and down	0	0.2	0.0	1	0.333333	0.333333
541	541	J5-541-002	J5-541-037	 here and there	 old and new	0	0.2	0.0	1	0.333333	0.333333
541	541	J5-541-002	J5-541-038	 here and there	 here and there	1	1.0	1.0	3	1.0	1.0
541	541	J5-541-002	J5-541-039	 here and there	 Daggoo, straining forwards and backwards	0	0.1	0.0	1	0.333333	0.125
541	541	J5-541-002	J5-541-040	 here and there	 from first to last	0	0.0	0.0	0	0.0	0.0
541	541	J5-541-002	J5-541-041	 here and there	 now and then	0	0.2	0.0	1	0.333333	0.333333
541	541	J5-541-002	J5-541-042	 here and there	 up and down	0	0.2	0.0	1	0.333333	0.333333
541	541	J5-541-002	J5-541-043	 here and there	 here and there	1	1.0	1.0	3	1.0	1.0
541	541	J5-541-002	J5-541-044	 here and there	By and by	0	0.2	0.0	1	0.333333	0.333333
541	541	J5-541-002	J5-541-045	 here and there	 now and then	0	0.2	0.0	1	0.333333	0.333333
541	541	J5-541-002	J5-541-046	 here and there	 better or for worse	0	0.0	0.0	0	0.0	0.0
541	541	J5-541-002	J5-541-047	 here and there	 and thus round and round	0	0.142857	0.0	1	0.333333	0.2
541	541	J5-541-002	J5-541-048	 here and there	Human or animal	0	0.0	0.0	0	0.0	0.0
541	541	J5-541-002	J5-541-049	 here and there	 up and down	0	0.2	0.0	1	0.333333	0.333333
541	541	J5-541-002	J5-541-050	 here and there	 now and then	0	0.2	0.0	1	0.333333	0.333333
541	541	J5-541-002	J5-541-051	 here and there	 one after the other	0	0.0	0.0	0	0.0	0.0
541	541	J5-541-002	J5-541-052	 here and there	 here and there	1	1.0	1.0	3	1.0	1.0
541	541	J5-541-002	J5-541-053	 here and there	 shoulder to shoulder	0	0.0	0.0	0	0.0	0.0
541	541	J5-541-002	J5-541-054	 here and there	now and then	0	0.2	0.0	1	0.333333	0.333333
541	541	J5-541-002	J5-541-055	 here and there	 now and then	0	0.2	0.0	1	0.333333	0.333333
541	541	J5-541-002	J5-541-056	 here and there	 up and down	0	0.2	0.0	1	0.333333	0.333333
541	541	J5-541-002	J5-541-057	 here and there	 male and female	0	0.2	0.0	1	0.333333	0.333333
541	541	J5-541-002	J5-541-058	 here and there	 here and there	1	1.0	1.0	3	1.0	1.0
541	541	J5-541-002	J5-541-059	 here and there	Now and then	0	0.2	0.0	1	0.333333	0.333333
541	541	J5-541-002	J5-541-060	 here and there	 up and down	0	0.2	0.0	1	0.333333	0.333333
541	541	J5-541-002	J5-541-061	 here and there	 here and there	1	1.0	1.0	3	1.0	1.0
541	541	J5-541-002	J5-541-062	 here and there	 here and there	1	1.0	1.0	3	1.0	1.0
541	541	J5-541-002	J5-541-063	 here and there	 east and west	0	0.2	0.0	1	0.333333	0.333333
541	541	J5-541-002	J5-541-064	 here and there	 each and every	0	0.2	0.0	1	0.333333	0.333333
541	541	J5-541-002	J5-541-065	 here and there	, you can open and shut	0	0.125	0.0	1	0.333333	0.166667
541	541	J5-541-002	J5-541-066	 here and there	 again and again	0	0.2	0.0	1	0.333333	0.333333
541	541	J5-541-002	J5-541-067	 here and there	 true or false	0	0.0	0.0	0	0.0	0.0
541	541	J5-541-002	J5-541-068	 here and there	 East and West	0	0.2	0.0	1	0.333333	0.333333
541	541	J5-541-002	J5-541-069	 here and there	 one by one	0	0.0	0.0	0	0.0	0.0
541	541	J5-541-002	J5-541-070	 here and there	 one after the other	0	0.0	0.0	0	0.0	0.0
541	541	J5-541-002	J5-541-071	 here and there	, go round and round	0	0.142857	0.0	1	0.333333	0.2
541	541	J5-541-002	J5-541-072	 here and there	 One after another	0	0.0	0.0	0	0.0	0.0
541	541	J5-541-002	J5-541-073	 here and there	 water there, wheeling round and round	0	0.222222	0.0	1	0.333333	0.125
541	541	J5-541-002	J5-541-074	 here and there	 in and out	0	0.2	0.0	1	0.333333	0.333333
541	541	J5-541-002	J5-541-075	 here and there	 up and down	0	0.2	0.0	1	0.333333	0.333333
541	541	J5-541-002	J5-541-076	 here and there	y Dick swam swiftly round and round	0	0.1	0.0	1	0.333333	0.125
541	541	J5-541-002	J5-541-077	 here and there	 this or that	0	0.0	0.0	0	0.0	0.0
541	541	J5-541-002	J5-541-078	 here and there	 up and down	0	0.2	0.0	1	0.333333	0.333333
541	541	J5-541-002	J5-541-079	 here and there	One after the other	0	0.0	0.0	0	0.0	0.0
541	541	J5-541-002	J5-541-080	 here and there	 side to side	0	0.0	0.0	0	0.0	0.0
541	541	J5-541-003	J5-541-004	 right and left	You and I	0	0.2	0.0	1	0.333333	0.333333
541	541	J5-541-003	J5-541-005	 right and left	 now and then	0	0.2	0.0	1	0.333333	0.333333
541	541	J5-541-003	J5-541-006	 right and left	 here and there	0	0.2	0.0	1	0.333333	0.333333
541	541	J5-541-003	J5-541-007	 right and left	 one by one	0	0.0	0.0	0	0.0	0.0
541	541	J5-541-003	J5-541-008	 right and left	, zone by zone	0	0.0	0.0	0	0.0	0.0
541	541	J5-541-003	J5-541-009	 right and left	Wave after wave	0	0.0	0.0	0	0.0	0.0
541	541	J5-541-003	J5-541-010	 right and left	 by and by	0	0.2	0.0	1	0.333333	0.333333
541	541	J5-541-003	J5-541-011	 right and left	 light, we rolled over from each other, this way and that	0	0.066667	0.0	1	0.333333	0.076923
541	541	J5-541-003	J5-541-012	 right and left	 now and then	0	0.2	0.0	1	0.333333	0.333333
541	541	J5-541-003	J5-541-013	 right and left	 right to left	0	0.5	0.0	1	0.333333	0.333333
541	541	J5-541-003	J5-541-014	 right and left	 seldom or never	0	0.0	0.0	0	0.0	0.0
541	541	J5-541-003	J5-541-015	 right and left	 one by one	0	0.0	0.0	0	0.0	0.0
541	541	J5-541-003	J5-541-016	 right and left	, both large and small	0	0.142857	0.0	1	0.333333	0.2
541	541	J5-541-003	J5-541-017	 right and left	 right and left	1	1.0	1.0	3	1.0	1.0
541	541	J5-541-003	J5-541-018	 right and left	 top to bottom	0	0.0	0.0	0	0.0	0.0
541	541	J5-541-003	J5-541-019	 right and left	 old and new	0	0.2	0.0	1	0.333333	0.333333
541	541	J5-541-003	J5-541-020	 right and left	 direct and indirect	0	0.2	0.0	1	0.333333	0.333333
541	541	J5-541-003	J5-541-021	 right and left	 hand to hand	0	0.0	0.0	0	0.0	0.0
541	541	J5-541-003	J5-541-022	 right and left	 this or that	0	0.0	0.0	0	0.0	0.0
541	541	J5-541-003	J5-541-023	 right and left	 now and then	0	0.2	0.0	1	0.333333	0.333333
541	541	J5-541-003	J5-541-024	 right and left	 up and down	0	0.2	0.0	1	0.333333	0.333333
541	541	J5-541-003	J5-541-025	 right and left	 hair braided and coiled round and round	0	0.090909	0.0	1	0.333333	0.111111
541	541	J5-541-003	J5-541-026	 right and left	 now and then	0	0.2	0.0	1	0.333333	0.333333
541	541	J5-541-003	J5-541-027	 right and left	 up and down	0	0.2	0.0	1	0.333333	0.333333
541	541	J5-541-003	J5-541-028	 right and left	 right and left	1	1.0	1.0	3	1.0	1.0
541	541	J5-541-003	J5-541-029	 right and left	 now and then	0	0.2	0.0	1	0.333333	0.333333
541	541	J5-541-003	J5-541-030	 right and left	 served us night after night	0	0.0	0.0	0	0.0	0.0
541	541	J5-541-003	J5-541-031	 right and left	 whenever and wherever	0	0.2	0.0	1	0.333333	0.333333
541	541	J5-541-003	J5-541-032	 right and left	, day after day	0	0.0	0.0	0	0.0	0.0
541	541	J5-541-003	J5-541-033	 right and left	 up and down	0	0.2	0.0	1	0.333333	0.333333
541	541	J5-541-003	J5-541-034	 right and left	 now and then	0	0.2	0.0	1	0.333333	0.333333
541	541	J5-541-003	J5-541-035	 right and left	 up and down	0	0.2	0.0	1	0.333333	0.333333
541	541	J5-541-003	J5-541-036	 right and left	 up and down	0	0.2	0.0	1	0.333333	0.333333
541	541	J5-541-003	J5-541-037	 right and left	 old and new	0	0.2	0.0	1	0.333333	0.333333
541	541	J5-541-003	J5-541-038	 right and left	 here and there	0	0.2	0.0	1	0.333333	0.333333
541	541	J5-541-003	J5-541-039	 right and left	 Daggoo, straining forwards and backwards	0	0.1	0.0	1	0.333333	0.125
541	541	J5-541-003	J5-541-040	 right and left	 from first to last	0	0.0	0.0	0	0.0	0.0
541	541	J5-541-003	J5-541-041	 right and left	 now and then	0	0.2	0.0	1	0.333333	0.333333
541	541	J5-541-003	J5-541-042	 right and left	 up and down	0	0.2	0.0	1	0.333333	0.333333
541	541	J5-541-003	J5-541-043	 right and left	 here and there	0	0.2	0.0	1	0.333333	0.333333
541	541	J5-541-003	J5-541-044	 right and left	By and by	0	0.2	0.0	1	0.333333	0.333333
541	541	J5-541-003	J5-541-045	 right and left	 now and then	0	0.2	0.0	1	0.333333	0.333333
541	541	J5-541-003	J5-541-046	 right and left	 better or for worse	0	0.0	0.0	0	0.0	0.0
541	541	J5-541-003	J5-541-047	 right and left	 and thus round and round	0	0.142857	0.0	1	0.333333	0.2
541	541	J5-541-003	J5-541-048	 right and left	Human or animal	0	0.0	0.0	0	0.0	0.0
541	541	J5-541-003	J5-541-049	 right and left	 up and down	0	0.2	0.0	1	0.333333	0.333333
541	541	J5-541-003	J5-541-050	 right and left	 now and then	0	0.2	0.0	1	0.333333	0.333333
541	541	J5-541-003	J5-541-051	 right and left	 one after the other	0	0.0	0.0	0	0.0	0.0
541	541	J5-541-003	J5-541-052	 right and left	 here and there	0	0.2	0.0	1	0.333333	0.333333
541	541	J5-541-003	J5-541-053	 right and left	 shoulder to shoulder	0	0.0	0.0	0	0.0	0.0
541	541	J5-541-003	J5-541-054	 right and left	now and then	0	0.2	0.0	1	0.333333	0.333333
541	541	J5-541-003	J5-541-055	 right and left	 now and then	0	0.2	0.0	1	0.333333	0.333333
541	541	J5-541-003	J5-541-056	 right and left	 up and down	0	0.2	0.0	1	0.333333	0.333333
541	541	J5-541-003	J5-541-057	 right and left	 male and female	0	0.2	0.0	1	0.333333	0.333333
541	541	J5-541-003	J5-541-058	 right and left	 here and there	0	0.2	0.0	1	0.333333	0.333333
541	541	J5-541-003	J5-541-059	 right and left	Now and then	0	0.2	0.0	1	0.333333	0.333333
541	541	J5-541-003	J5-541-060	 right and left	 up and down	0	0.2	0.0	1	0.333333	0.333333
541	541	J5-541-003	J5-541-061	 right and left	 here and there	0	0.2	0.0	1	0.333333	0.333333
541	541	J5-541-003	J5-541-062	 right and left	 here and there	0	0.2	0.0	1	0.333333	0.333333
541	541	J5-541-003	J5-541-063	 right and left	 east and west	0	0.2	0.0	1	0.333333	0.333333
541	541	J5-541-003	J5-541-064	 right and left	 each and every	0	0.2	0.0	1	0.333333	0.333333
541	541	J5-541-003	J5-541-065	 right and left	, you can open and shut	0	0.125	0.0	1	0.333333	0.166667
541	541	J5-541-003	J5-541-066	 right and left	 again and again	0	0.2	0.0	1	0.333333	0.333333
541	541	J5-541-003	J5-541-067	 right and left	 true or false	0	0.0	0.0	0	0.0	0.0
541	541	J5-541-003	J5-541-068	 right and left	 East and West	0	0.2	0.0	1	0.333333	0.333333
541	541	J5-541-003	J5-541-069	 right and left	 one by one	0	0.0	0.0	0	0.0	0.0
541	541	J5-541-003	J5-541-070	 right and left	 one after the other	0	0.0	0.0	0	0.0	0.0
541	541	J5-541-003	J5-541-071	 right and left	, go round and round	0	0.142857	0.0	1	0.333333	0.2
541	541	J5-541-003	J5-541-072	 right and left	 One after another	0	0.0	0.0	0	0.0	0.0
541	541	J5-541-003	J5-541-073	 right and left	 water there, wheeling round and round	0	0.1	0.0	1	0.333333	0.125
541	541	J5-541-003	J5-541-074	 right and left	 in and out	0	0.2	0.0	1	0.333333	0.333333
541	541	J5-541-003	J5-541-075	 right and left	 up and down	0	0.2	0.0	1	0.333333	0.333333
541	541	J5-541-003	J5-541-076	 right and left	y Dick swam swiftly round and round	0	0.1	0.0	1	0.333333	0.125
541	541	J5-541-003	J5-541-077	 right and left	 this or that	0	0.0	0.0	0	0.0	0.0
541	541	J5-541-003	J5-541-078	 right and left	 up and down	0	0.2	0.0	1	0.333333	0.333333
541	541	J5-541-003	J5-541-079	 right and left	One after the other	0	0.0	0.0	0	0.0	0.0
541	541	J5-541-003	J5-541-080	 right and left	 side to side	0	0.0	0.0	0	0.0	0.0
541	541	J5-541-004	J5-541-005	You and I	 now and then	0	0.2	0.0	1	0.333333	0.333333
541	541	J5-541-004	J5-541-006	You and I	 here and there	0	0.2	0.0	1	0.333333	0.333333
541	541	J5-541-004	J5-541-007	You and I	 one by one	0	0.0	0.0	0	0.0	0.0
541	541	J5-541-004	J5-541-008	You and I	, zone by zone	0	0.0	0.0	0	0.0	0.0
541	541	J5-541-004	J5-541-009	You and I	Wave after wave	0	0.0	0.0	0	0.0	0.0
541	541	J5-541-004	J5-541-010	You and I	 by and by	0	0.2	0.0	1	0.333333	0.333333
541	541	J5-541-004	J5-541-011	You and I	 light, we rolled over from each other, this way and that	0	0.066667	0.0	1	0.333333	0.076923
541	541	J5-541-004	J5-541-012	You and I	 now and then	0	0.2	0.0	1	0.333333	0.333333
541	541	J5-541-004	J5-541-013	You and I	 right to left	0	0.0	0.0	0	0.0	0.0
541	541	J5-541-004	J5-541-014	You and I	 seldom or never	0	0.0	0.0	0	0.0	0.0
541	541	J5-541-004	J5-541-015	You and I	 one by one	0	0.0	0.0	0	0.0	0.0
541	541	J5-541-004	J5-541-016	You and I	, both large and small	0	0.142857	0.0	1	0.333333	0.2
541	541	J5-541-004	J5-541-017	You and I	 right and left	0	0.2	0.0	1	0.333333	0.333333
541	541	J5-541-004	J5-541-018	You and I	 top to bottom	0	0.0	0.0	0	0.0	0.0
541	541	J5-541-004	J5-541-019	You and I	 old and new	0	0.2	0.0	1	0.333333	0.333333
541	541	J5-541-004	J5-541-020	You and I	 direct and indirect	0	0.2	0.0	1	0.333333	0.333333
541	541	J5-541-004	J5-541-021	You and I	 hand to hand	0	0.0	0.0	0	0.0	0.0
541	541	J5-541-004	J5-541-022	You and I	 this or that	0	0.0	0.0	0	0.0	0.0
541	541	J5-541-004	J5-541-023	You and I	 now and then	0	0.2	0.0	1	0.333333	0.333333
541	541	J5-541-004	J5-541-024	You and I	 up and down	0	0.2	0.0	1	0.333333	0.333333
541	541	J5-541-004	J5-541-025	You and I	 hair braided and coiled round and round	0	0.090909	0.0	1	0.333333	0.111111
541	541	J5-541-004	J5-541-026	You and I	 now and then	0	0.2	0.0	1	0.333333	0.333333
541	541	J5-541-004	J5-541-027	You and I	 up and down	0	0.2	0.0	1	0.333333	0.333333
541	541	J5-541-004	J5-541-028	You and I	 right and left	0	0.2	0.0	1	0.333333	0.333333
541	541	J5-541-004	J5-541-029	You and I	 now and then	0	0.2	0.0	1	0.333333	0.333333
541	541	J5-541-004	J5-541-030	You and I	 served us night after night	0	0.0	0.0	0	0.0	0.0
541	541	J5-541-004	J5-541-031	You and I	 whenever and wherever	0	0.2	0.0	1	0.333333	0.333333
541	541	J5-541-004	J5-541-032	You and I	, day after day	0	0.0	0.0	0	0.0	0.0
541	541	J5-541-004	J5-541-033	You and I	 up and down	0	0.2	0.0	1	0.333333	0.333333
541	541	J5-541-004	J5-541-034	You and I	 now and then	0	0.2	0.0	1	0.333333	0.333333
541	541	J5-541-004	J5-541-035	You and I	 up and down	0	0.2	0.0	1	0.333333	0.333333
541	541	J5-541-004	J5-541-036	You and I	 up and down	0	0.2	0.0	1	0.333333	0.333333
541	541	J5-541-004	J5-541-037	You and I	 old and new	0	0.2	0.0	1	0.333333	0.333333
541	541	J5-541-004	J5-541-038	You and I	 here and there	0	0.2	0.0	1	0.333333	0.333333
541	541	J5-541-004	J5-541-039	You and I	 Daggoo, straining forwards and backwards	0	0.1	0.0	1	0.333333	0.125
541	541	J5-541-004	J5-541-040	You and I	 from first to last	0	0.0	0.0	0	0.0	0.0
541	541	J5-541-004	J5-541-041	You and I	 now and then	0	0.2	0.0	1	0.333333	0.333333
541	541	J5-541-004	J5-541-042	You and I	 up and down	0	0.2	0.0	1	0.333333	0.333333
541	541	J5-541-004	J5-541-043	You and I	 here and there	0	0.2	0.0	1	0.333333	0.333333
541	541	J5-541-004	J5-541-044	You and I	By and by	0	0.2	0.0	1	0.333333	0.333333
541	541	J5-541-004	J5-541-045	You and I	 now and then	0	0.2	0.0	1	0.333333	0.333333
541	541	J5-541-004	J5-541-046	You and I	 better or for worse	0	0.0	0.0	0	0.0	0.0
541	541	J5-541-004	J5-541-047	You and I	 and thus round and round	0	0.142857	0.0	1	0.333333	0.2
541	541	J5-541-004	J5-541-048	You and I	Human or animal	0	0.0	0.0	0	0.0	0.0
541	541	J5-541-004	J5-541-049	You and I	 up and down	0	0.2	0.0	1	0.333333	0.333333
541	541	J5-541-004	J5-541-050	You and I	 now and then	0	0.2	0.0	1	0.333333	0.333333
541	541	J5-541-004	J5-541-051	You and I	 one after the other	0	0.0	0.0	0	0.0	0.0
541	541	J5-541-004	J5-541-052	You and I	 here and there	0	0.2	0.0	1	0.333333	0.333333
541	541	J5-541-004	J5-541-053	You and I	 shoulder to shoulder	0	0.0	0.0	0	0.0	0.0
541	541	J5-541-004	J5-541-054	You and I	now and then	0	0.2	0.0	1	0.333333	0.333333
541	541	J5-541-004	J5-541-055	You and I	 now and then	0	0.2	0.0	1	0.333333	0.333333
541	541	J5-541-004	J5-541-056	You and I	 up and down	0	0.2	0.0	1	0.333333	0.333333
541	541	J5-541-004	J5-541-057	You and I	 male and female	0	0.2	0.0	1	0.333333	0.333333
541	541	J5-541-004	J5-541-058	You and I	 here and there	0	0.2	0.0	1	0.333333	0.333333
541	541	J5-541-004	J5-541-059	You and I	Now and then	0	0.2	0.0	1	0.333333	0.333333
541	541	J5-541-004	J5-541-060	You and I	 up and down	0	0.2	0.0	1	0.333333	0.333333
541	541	J5-541-004	J5-541-061	You and I	 here and there	0	0.2	0.0	1	0.333333	0.333333
541	541	J5-541-004	J5-541-062	You and I	 here and there	0	0.2	0.0	1	0.333333	0.333333
541	541	J5-541-004	J5-541-063	You and I	 east and west	0	0.2	0.0	1	0.333333	0.333333
541	541	J5-541-004	J5-541-064	You and I	 each and every	0	0.2	0.0	1	0.333333	0.333333
541	541	J5-541-004	J5-541-065	You and I	, you can open and shut	0	0.125	0.0	1	0.333333	0.166667
541	541	J5-541-004	J5-541-066	You and I	 again and again	0	0.2	0.0	1	0.333333	0.333333
541	541	J5-541-004	J5-541-067	You and I	 true or false	0	0.0	0.0	0	0.0	0.0
541	541	J5-541-004	J5-541-068	You and I	 East and West	0	0.2	0.0	1	0.333333	0.333333
541	541	J5-541-004	J5-541-069	You and I	 one by one	0	0.0	0.0	0	0.0	0.0
541	541	J5-541-004	J5-541-070	You and I	 one after the other	0	0.0	0.0	0	0.0	0.0
541	541	J5-541-004	J5-541-071	You and I	, go round and round	0	0.142857	0.0	1	0.333333	0.2
541	541	J5-541-004	J5-541-072	You and I	 One after another	0	0.0	0.0	0	0.0	0.0
541	541	J5-541-004	J5-541-073	You and I	 water there, wheeling round and round	0	0.1	0.0	1	0.333333	0.125
541	541	J5-541-004	J5-541-074	You and I	 in and out	0	0.2	0.0	1	0.333333	0.333333
541	541	J5-541-004	J5-541-075	You and I	 up and down	0	0.2	0.0	1	0.333333	0.333333
541	541	J5-541-004	J5-541-076	You and I	y Dick swam swiftly round and round	0	0.1	0.0	1	0.333333	0.125
541	541	J5-541-004	J5-541-077	You and I	 this or that	0	0.0	0.0	0	0.0	0.0
541	541	J5-541-004	J5-541-078	You and I	 up and down	0	0.2	0.0	1	0.333333	0.333333
541	541	J5-541-004	J5-541-079	You and I	One after the other	0	0.0	0.0	0	0.0	0.0
541	541	J5-541-004	J5-541-080	You and I	 side to side	0	0.0	0.0	0	0.0	0.0
541	541	J5-541-005	J5-541-006	 now and then	 here and there	0	0.2	0.0	1	0.333333	0.333333
541	541	J5-541-005	J5-541-007	 now and then	 one by one	0	0.0	0.0	0	0.0	0.0
541	541	J5-541-005	J5-541-008	 now and then	, zone by zone	0	0.0	0.0	0	0.0	0.0
541	541	J5-541-005	J5-541-009	 now and then	Wave after wave	0	0.0	0.0	0	0.0	0.0
541	541	J5-541-005	J5-541-010	 now and then	 by and by	0	0.2	0.0	1	0.333333	0.333333
541	541	J5-541-005	J5-541-011	 now and then	 light, we rolled over from each other, this way and that	0	0.066667	0.0	1	0.333333	0.076923
541	541	J5-541-005	J5-541-012	 now and then	 now and then	1	1.0	1.0	3	1.0	1.0
541	541	J5-541-005	J5-541-013	 now and then	 right to left	0	0.0	0.0	0	0.0	0.0
541	541	J5-541-005	J5-541-014	 now and then	 seldom or never	0	0.0	0.0	0	0.0	0.0
541	541	J5-541-005	J5-541-015	 now and then	 one by one	0	0.0	0.0	0	0.0	0.0
541	541	J5-541-005	J5-541-016	 now and then	, both large and small	0	0.142857	0.0	1	0.333333	0.2
541	541	J5-541-005	J5-541-017	 now and then	 right and left	0	0.2	0.0	1	0.333333	0.333333
541	541	J5-541-005	J5-541-018	 now and then	 top to bottom	0	0.0	0.0	0	0.0	0.0
541	541	J5-541-005	J5-541-019	 now and then	 old and new	0	0.2	0.0	1	0.333333	0.333333
541	541	J5-541-005	J5-541-020	 now and then	 direct and indirect	0	0.2	0.0	1	0.333333	0.333333
541	541	J5-541-005	J5-541-021	 now and then	 hand to hand	0	0.0	0.0	0	0.0	0.0
541	541	J5-541-005	J5-541-022	 now and then	 this or that	0	0.0	0.0	0	0.0	0.0
541	541	J5-541-005	J5-541-023	 now and then	 now and then	1	1.0	1.0	3	1.0	1.0
541	541	J5-541-005	J5-541-024	 now and then	 up and down	0	0.2	0.0	1	0.333333	0.333333
541	541	J5-541-005	J5-541-025	 now and then	 hair braided and coiled round and round	0	0.090909	0.0	1	0.333333	0.111111
541	541	J5-541-005	J5-541-026	 now and then	 now and then	1	1.0	1.0	3	1.0	1.0
541	541	J5-541-005	J5-541-027	 now and then	 up and down	0	0.2	0.0	1	0.333333	0.333333
541	541	J5-541-005	J5-541-028	 now and then	 right and left	0	0.2	0.0	1	0.333333	0.333333
541	541	J5-541-005	J5-541-029	 now and then	 now and then	1	1.0	1.0	3	1.0	1.0
541	541	J5-541-005	J5-541-030	 now and then	 served us night after night	0	0.0	0.0	0	0.0	0.0
541	541	J5-541-005	J5-541-031	 now and then	 whenever and wherever	0	0.2	0.0	1	0.333333	0.333333
541	541	J5-541-005	J5-541-032	 now and then	, day after day	0	0.0	0.0	0	0.0	0.0
541	541	J5-541-005	J5-541-033	 now and then	 up and down	0	0.2	0.0	1	0.333333	0.333333
541	541	J5-541-005	J5-541-034	 now and then	 now and then	1	1.0	1.0	3	1.0	1.0
541	541	J5-541-005	J5-541-035	 now and then	 up and down	0	0.2	0.0	1	0.333333	0.333333
541	541	J5-541-005	J5-541-036	 now and then	 up and down	0	0.2	0.0	1	0.333333	0.333333
541	541	J5-541-005	J5-541-037	 now and then	 old and new	0	0.2	0.0	1	0.333333	0.333333
541	541	J5-541-005	J5-541-038	 now and then	 here and there	0	0.2	0.0	1	0.333333	0.333333
541	541	J5-541-005	J5-541-039	 now and then	 Daggoo, straining forwards and backwards	0	0.1	0.0	1	0.333333	0.125
541	541	J5-541-005	J5-541-040	 now and then	 from first to last	0	0.0	0.0	0	0.0	0.0
541	541	J5-541-005	J5-541-041	 now and then	 now and then	1	1.0	1.0	3	1.0	1.0
541	541	J5-541-005	J5-541-042	 now and then	 up and down	0	0.2	0.0	1	0.333333	0.333333
541	541	J5-541-005	J5-541-043	 now and then	 here and there	0	0.2	0.0	1	0.333333	0.333333
541	541	J5-541-005	J5-541-044	 now and then	By and by	0	0.2	0.0	1	0.333333	0.333333
541	541	J5-541-005	J5-541-045	 now and then	 now and then	1	1.0	1.0	3	1.0	1.0
541	541	J5-541-005	J5-541-046	 now and then	 better or for worse	0	0.0	0.0	0	0.0	0.0
541	541	J5-541-005	J5-541-047	 now and then	 and thus round and round	0	0.142857	0.0	1	0.333333	0.2
541	541	J5-541-005	J5-541-048	 now and then	Human or animal	0	0.0	0.0	0	0.0	0.0
541	541	J5-541-005	J5-541-049	 now and then	 up and down	0	0.2	0.0	1	0.333333	0.333333
541	541	J5-541-005	J5-541-050	 now and then	 now and then	1	1.0	1.0	3	1.0	1.0
541	541	J5-541-005	J5-541-051	 now and then	 one after the other	0	0.0	0.0	0	0.0	0.0
541	541	J5-541-005	J5-541-052	 now and then	 here and there	0	0.2	0.0	1	0.333333	0.333333
541	541	J5-541-005	J5-541-053	 now and then	 shoulder to shoulder	0	0.0	0.0	0	0.0	0.0
541	541	J5-541-005	J5-541-054	 now and then	now and then	0	0.5	0.333333	2	0.666667	0.666667
541	541	J5-541-005	J5-541-055	 now and then	 now and then	1	1.0	1.0	3	1.0	1.0
541	541	J5-541-005	J5-541-056	 now and then	 up and down	0	0.2	0.0	1	0.333333	0.333333
541	541	J5-541-005	J5-541-057	 now and then	 male and female	0	0.2	0.0	1	0.333333	0.333333
541	541	J5-541-005	J5-541-058	 now and then	 here and there	0	0.2	0.0	1	0.333333	0.333333
541	541	J5-541-005	J5-541-059	 now and then	Now and then	0	0.5	0.333333	2	0.666667	0.666667
541	541	J5-541-005	J5-541-060	 now and then	 up and down	0	0.2	0.0	1	0.333333	0.333333
541	541	J5-541-005	J5-541-061	 now and then	 here and there	0	0.2	0.0	1	0.333333	0.333333
541	541	J5-541-005	J5-541-062	 now and then	 here and there	0	0.2	0.0	1	0.333333	0.333333
541	541	J5-541-005	J5-541-063	 now and then	 east and west	0	0.2	0.0	1	0.333333	0.333333
541	541	J5-541-005	J5-541-064	 now and then	 each and every	0	0.2	0.0	1	0.333333	0.333333
541	541	J5-541-005	J5-541-065	 now and then	, you can open and shut	0	0.125	0.0	1	0.333333	0.166667
541	541	J5-541-005	J5-541-066	 now and then	 again and again	0	0.2	0.0	1	0.333333	0.333333
541	541	J5-541-005	J5-541-067	 now and then	 true or false	0	0.0	0.0	0	0.0	0.0
541	541	J5-541-005	J5-541-068	 now and then	 East and West	0	0.2	0.0	1	0.333333	0.333333
541	541	J5-541-005	J5-541-069	 now and then	 one by one	0	0.0	0.0	0	0.0	0.0
541	541	J5-541-005	J5-541-070	 now and then	 one after the other	0	0.0	0.0	0	0.0	0.0
541	541	J5-541-005	J5-541-071	 now and then	, go round and round	0	0.142857	0.0	1	0.333333	0.2
541	541	J5-541-005	J5-541-072	 now and then	 One after another	0	0.0	0.0	0	0.0	0.0
541	541	J5-541-005	J5-541-073	 now and then	 water there, wheeling round and round	0	0.1	0.0	1	0.333333	0.125
541	541	J5-541-005	J5-541-074	 now and then	 in and out	0	0.2	0.0	1	0.333333	0.333333
541	541	J5-541-005	J5-541-075	 now and then	 up and down	0	0.2	0.0	1	0.333333	0.333333
541	541	J5-541-005	J5-541-076	 now and then	y Dick swam swiftly round and round	0	0.1	0.0	1	0.333333	0.125
541	541	J5-541-005	J5-541-077	 now and then	 this or that	0	0.0	0.0	0	0.0	0.0
541	541	J5-541-005	J5-541-078	 now and then	 up and down	0	0.2	0.0	1	0.333333	0.333333
541	541	J5-541-005	J5-541-079	 now and then	One after the other	0	0.0	0.0	0	0.0	0.0
541	541	J5-541-005	J5-541-080	 now and then	 side to side	0	0.0	0.0	0	0.0	0.0
541	541	J5-541-006	J5-541-007	 here and there	 one by one	0	0.0	0.0	0	0.0	0.0
541	541	J5-541-006	J5-541-008	 here and there	, zone by zone	0	0.0	0.0	0	0.0	0.0
541	541	J5-541-006	J5-541-009	 here and there	Wave after wave	0	0.0	0.0	0	0.0	0.0
541	541	J5-541-006	J5-541-010	 here and there	 by and by	0	0.2	0.0	1	0.333333	0.333333
541	541	J5-541-006	J5-541-011	 here and there	 light, we rolled over from each other, this way and that	0	0.066667	0.0	1	0.333333	0.076923
541	541	J5-541-006	J5-541-012	 here and there	 now and then	0	0.2	0.0	1	0.333333	0.333333
541	541	J5-541-006	J5-541-013	 here and there	 right to left	0	0.0	0.0	0	0.0	0.0
541	541	J5-541-006	J5-541-014	 here and there	 seldom or never	0	0.0	0.0	0	0.0	0.0
541	541	J5-541-006	J5-541-015	 here and there	 one by one	0	0.0	0.0	0	0.0	0.0
541	541	J5-541-006	J5-541-016	 here and there	, both large and small	0	0.142857	0.0	1	0.333333	0.2
541	541	J5-541-006	J5-541-017	 here and there	 right and left	0	0.2	0.0	1	0.333333	0.333333
541	541	J5-541-006	J5-541-018	 here and there	 top to bottom	0	0.0	0.0	0	0.0	0.0
541	541	J5-541-006	J5-541-019	 here and there	 old and new	0	0.2	0.0	1	0.333333	0.333333
541	541	J5-541-006	J5-541-020	 here and there	 direct and indirect	0	0.2	0.0	1	0.333333	0.333333
541	541	J5-541-006	J5-541-021	 here and there	 hand to hand	0	0.0	0.0	0	0.0	0.0
541	541	J5-541-006	J5-541-022	 here and there	 this or that	0	0.0	0.0	0	0.0	0.0
541	541	J5-541-006	J5-541-023	 here and there	 now and then	0	0.2	0.0	1	0.333333	0.333333
541	541	J5-541-006	J5-541-024	 here and there	 up and down	0	0.2	0.0	1	0.333333	0.333333
541	541	J5-541-006	J5-541-025	 here and there	 hair braided and coiled round and round	0	0.090909	0.0	1	0.333333	0.111111
541	541	J5-541-006	J5-541-026	 here and there	 now and then	0	0.2	0.0	1	0.333333	0.333333
541	541	J5-541-006	J5-541-027	 here and there	 up and down	0	0.2	0.0	1	0.333333	0.333333
541	541	J5-541-006	J5-541-028	 here and there	 right and left	0	0.2	0.0	1	0.333333	0.333333
541	541	J5-541-006	J5-541-029	 here and there	 now and then	0	0.2	0.0	1	0.333333	0.333333
541	541	J5-541-006	J5-541-030	 here and there	 served us night after night	0	0.0	0.0	0	0.0	0.0
541	541	J5-541-006	J5-541-031	 here and there	 whenever and wherever	0	0.2	0.0	1	0.333333	0.333333
541	541	J5-541-006	J5-541-032	 here and there	, day after day	0	0.0	0.0	0	0.0	0.0
541	541	J5-541-006	J5-541-033	 here and there	 up and down	0	0.2	0.0	1	0.333333	0.333333
541	541	J5-541-006	J5-541-034	 here and there	 now and then	0	0.2	0.0	1	0.333333	0.333333
541	541	J5-541-006	J5-541-035	 here and there	 up and down	0	0.2	0.0	1	0.333333	0.333333
541	541	J5-541-006	J5-541-036	 here and there	 up and down	0	0.2	0.0	1	0.333333	0.333333
541	541	J5-541-006	J5-541-037	 here and there	 old and new	0	0.2	0.0	1	0.333333	0.333333
541	541	J5-541-006	J5-541-038	 here and there	 here and there	1	1.0	1.0	3	1.0	1.0
541	541	J5-541-006	J5-541-039	 here and there	 Daggoo, straining forwards and backwards	0	0.1	0.0	1	0.333333	0.125
541	541	J5-541-006	J5-541-040	 here and there	 from first to last	0	0.0	0.0	0	0.0	0.0
541	541	J5-541-006	J5-541-041	 here and there	 now and then	0	0.2	0.0	1	0.333333	0.333333
541	541	J5-541-006	J5-541-042	 here and there	 up and down	0	0.2	0.0	1	0.333333	0.333333
541	541	J5-541-006	J5-541-043	 here and there	 here and there	1	1.0	1.0	3	1.0	1.0
541	541	J5-541-006	J5-541-044	 here and there	By and by	0	0.2	0.0	1	0.333333	0.333333
541	541	J5-541-006	J5-541-045	 here and there	 now and then	0	0.2	0.0	1	0.333333	0.333333
541	541	J5-541-006	J5-541-046	 here and there	 better or for worse	0	0.0	0.0	0	0.0	0.0
541	541	J5-541-006	J5-541-047	 here and there	 and thus round and round	0	0.142857	0.0	1	0.333333	0.2
541	541	J5-541-006	J5-541-048	 here and there	Human or animal	0	0.0	0.0	0	0.0	0.0
541	541	J5-541-006	J5-541-049	 here and there	 up and down	0	0.2	0.0	1	0.333333	0.333333
541	541	J5-541-006	J5-541-050	 here and there	 now and then	0	0.2	0.0	1	0.333333	0.333333
541	541	J5-541-006	J5-541-051	 here and there	 one after the other	0	0.0	0.0	0	0.0	0.0
541	541	J5-541-006	J5-541-052	 here and there	 here and there	1	1.0	1.0	3	1.0	1.0
541	541	J5-541-006	J5-541-053	 here and there	 shoulder to shoulder	0	0.0	0.0	0	0.0	0.0
541	541	J5-541-006	J5-541-054	 here and there	now and then	0	0.2	0.0	1	0.333333	0.333333
541	541	J5-541-006	J5-541-055	 here and there	 now and then	0	0.2	0.0	1	0.333333	0.333333
541	541	J5-541-006	J5-541-056	 here and there	 up and down	0	0.2	0.0	1	0.333333	0.333333
541	541	J5-541-006	J5-541-057	 here and there	 male and female	0	0.2	0.0	1	0.333333	0.333333
541	541	J5-541-006	J5-541-058	 here and there	 here and there	1	1.0	1.0	3	1.0	1.0
541	541	J5-541-006	J5-541-059	 here and there	Now and then	0	0.2	0.0	1	0.333333	0.333333
541	541	J5-541-006	J5-541-060	 here and there	 up and down	0	0.2	0.0	1	0.333333	0.333333
541	541	J5-541-006	J5-541-061	 here and there	 here and there	1	1.0	1.0	3	1.0	1.0
541	541	J5-541-006	J5-541-062	 here and there	 here and there	1	1.0	1.0	3	1.0	1.0
541	541	J5-541-006	J5-541-063	 here and there	 east and west	0	0.2	0.0	1	0.333333	0.333333
541	541	J5-541-006	J5-541-064	 here and there	 each and every	0	0.2	0.0	1	0.333333	0.333333
541	541	J5-541-006	J5-541-065	 here and there	, you can open and shut	0	0.125	0.0	1	0.333333	0.166667
541	541	J5-541-006	J5-541-066	 here and there	 again and again	0	0.2	0.0	1	0.333333	0.333333
541	541	J5-541-006	J5-541-067	 here and there	 true or false	0	0.0	0.0	0	0.0	0.0
541	541	J5-541-006	J5-541-068	 here and there	 East and West	0	0.2	0.0	1	0.333333	0.333333
541	541	J5-541-006	J5-541-069	 here and there	 one by one	0	0.0	0.0	0	0.0	0.0
541	541	J5-541-006	J5-541-070	 here and there	 one after the other	0	0.0	0.0	0	0.0	0.0
541	541	J5-541-006	J5-541-071	 here and there	, go round and round	0	0.142857	0.0	1	0.333333	0.2
541	541	J5-541-006	J5-541-072	 here and there	 One after another	0	0.0	0.0	0	0.0	0.0
541	541	J5-541-006	J5-541-073	 here and there	 water there, wheeling round and round	0	0.222222	0.0	1	0.333333	0.125
541	541	J5-541-006	J5-541-074	 here and there	 in and out	0	0.2	0.0	1	0.333333	0.333333
541	541	J5-541-006	J5-541-075	 here and there	 up and down	0	0.2	0.0	1	0.333333	0.333333
541	541	J5-541-006	J5-541-076	 here and there	y Dick swam swiftly round and round	0	0.1	0.0	1	0.333333	0.125
541	541	J5-541-006	J5-541-077	 here and there	 this or that	0	0.0	0.0	0	0.0	0.0
541	541	J5-541-006	J5-541-078	 here and there	 up and down	0	0.2	0.0	1	0.333333	0.333333
541	541	J5-541-006	J5-541-079	 here and there	One after the other	0	0.0	0.0	0	0.0	0.0
541	541	J5-541-006	J5-541-080	 here and there	 side to side	0	0.0	0.0	0	0.0	0.0
541	541	J5-541-007	J5-541-008	 one by one	, zone by zone	0	0.166667	0.0	1	0.333333	0.25
541	541	J5-541-007	J5-541-009	 one by one	Wave after wave	0	0.0	0.0	0	0.0	0.0
541	541	J5-541-007	J5-541-010	 one by one	 by and by	0	0.2	0.0	1	0.333333	0.333333
541	541	J5-541-007	J5-541-011	 one by one	 light, we rolled over from each other, this way and that	0	0.0	0.0	0	0.0	0.0
541	541	J5-541-007	J5-541-012	 one by one	 now and then	0	0.0	0.0	0	0.0	0.0
541	541	J5-541-007	J5-541-013	 one by one	 right to left	0	0.0	0.0	0	0.0	0.0
541	541	J5-541-007	J5-541-014	 one by one	 seldom or never	0	0.0	0.0	0	0.0	0.0
541	541	J5-541-007	J5-541-015	 one by one	 one by one	1	1.0	1.0	3	1.0	1.0
541	541	J5-541-007	J5-541-016	 one by one	, both large and small	0	0.0	0.0	0	0.0	0.0
541	541	J5-541-007	J5-541-017	 one by one	 right and left	0	0.0	0.0	0	0.0	0.0
541	541	J5-541-007	J5-541-018	 one by one	 top to bottom	0	0.0	0.0	0	0.0	0.0
541	541	J5-541-007	J5-541-019	 one by one	 old and new	0	0.0	0.0	0	0.0	0.0
541	541	J5-541-007	J5-541-020	 one by one	 direct and indirect	0	0.0	0.0	0	0.0	0.0
541	541	J5-541-007	J5-541-021	 one by one	 hand to hand	0	0.0	0.0	0	0.0	0.0
541	541	J5-541-007	J5-541-022	 one by one	 this or that	0	0.0	0.0	0	0.0	0.0
541	541	J5-541-007	J5-541-023	 one by one	 now and then	0	0.0	0.0	0	0.0	0.0
541	541	J5-541-007	J5-541-024	 one by one	 up and down	0	0.0	0.0	0	0.0	0.0
541	541	J5-541-007	J5-541-025	 one by one	 hair braided and coiled round and round	0	0.0	0.0	0	0.0	0.0
541	541	J5-541-007	J5-541-026	 one by one	 now and then	0	0.0	0.0	0	0.0	0.0
541	541	J5-541-007	J5-541-027	 one by one	 up and down	0	0.0	0.0	0	0.0	0.0
541	541	J5-541-007	J5-541-028	 one by one	 right and left	0	0.0	0.0	0	0.0	0.0
541	541	J5-541-007	J5-541-029	 one by one	 now and then	0	0.0	0.0	0	0.0	0.0
541	541	J5-541-007	J5-541-030	 one by one	 served us night after night	0	0.0	0.0	0	0.0	0.0
541	541	J5-541-007	J5-541-031	 one by one	 whenever and wherever	0	0.0	0.0	0	0.0	0.0
541	541	J5-541-007	J5-541-032	 one by one	, day after day	0	0.0	0.0	0	0.0	0.0
541	541	J5-541-007	J5-541-033	 one by one	 up and down	0	0.0	0.0	0	0.0	0.0
541	541	J5-541-007	J5-541-034	 one by one	 now and then	0	0.0	0.0	0	0.0	0.0
541	541	J5-541-007	J5-541-035	 one by one	 up and down	0	0.0	0.0	0	0.0	0.0
541	541	J5-541-007	J5-541-036	 one by one	 up and down	0	0.0	0.0	0	0.0	0.0
541	541	J5-541-007	J5-541-037	 one by one	 old and new	0	0.0	0.0	0	0.0	0.0
541	541	J5-541-007	J5-541-038	 one by one	 here and there	0	0.0	0.0	0	0.0	0.0
541	541	J5-541-007	J5-541-039	 one by one	 Daggoo, straining forwards and backwards	0	0.0	0.0	0	0.0	0.0
541	541	J5-541-007	J5-541-040	 one by one	 from first to last	0	0.0	0.0	0	0.0	0.0
541	541	J5-541-007	J5-541-041	 one by one	 now and then	0	0.0	0.0	0	0.0	0.0
541	541	J5-541-007	J5-541-042	 one by one	 up and down	0	0.0	0.0	0	0.0	0.0
541	541	J5-541-007	J5-541-043	 one by one	 here and there	0	0.0	0.0	0	0.0	0.0
541	541	J5-541-007	J5-541-044	 one by one	By and by	0	0.2	0.0	1	0.333333	0.333333
541	541	J5-541-007	J5-541-045	 one by one	 now and then	0	0.0	0.0	0	0.0	0.0
541	541	J5-541-007	J5-541-046	 one by one	 better or for worse	0	0.0	0.0	0	0.0	0.0
541	541	J5-541-007	J5-541-047	 one by one	 and thus round and round	0	0.0	0.0	0	0.0	0.0
541	541	J5-541-007	J5-541-048	 one by one	Human or animal	0	0.0	0.0	0	0.0	0.0
541	541	J5-541-007	J5-541-049	 one by one	 up and down	0	0.0	0.0	0	0.0	0.0
541	541	J5-541-007	J5-541-050	 one by one	 now and then	0	0.0	0.0	0	0.0	0.0
541	541	J5-541-007	J5-541-051	 one by one	 one after the other	0	0.166667	0.0	1	0.333333	0.25
541	541	J5-541-007	J5-541-052	 one by one	 here and there	0	0.0	0.0	0	0.0	0.0
541	541	J5-541-007	J5-541-053	 one by one	 shoulder to shoulder	0	0.0	0.0	0	0.0	0.0
541	541	J5-541-007	J5-541-054	 one by one	now and then	0	0.0	0.0	0	0.0	0.0
541	541	J5-541-007	J5-541-055	 one by one	 now and then	0	0.0	0.0	0	0.0	0.0
541	541	J5-541-007	J5-541-056	 one by one	 up and down	0	0.0	0.0	0	0.0	0.0
541	541	J5-541-007	J5-541-057	 one by one	 male and female	0	0.0	0.0	0	0.0	0.0
541	541	J5-541-007	J5-541-058	 one by one	 here and there	0	0.0	0.0	0	0.0	0.0
541	541	J5-541-007	J5-541-059	 one by one	Now and then	0	0.0	0.0	0	0.0	0.0
541	541	J5-541-007	J5-541-060	 one by one	 up and down	0	0.0	0.0	0	0.0	0.0
541	541	J5-541-007	J5-541-061	 one by one	 here and there	0	0.0	0.0	0	0.0	0.0
541	541	J5-541-007	J5-541-062	 one by one	 here and there	0	0.0	0.0	0	0.0	0.0
541	541	J5-541-007	J5-541-063	 one by one	 east and west	0	0.0	0.0	0	0.0	0.0
541	541	J5-541-007	J5-541-064	 one by one	 each and every	0	0.0	0.0	0	0.0	0.0
541	541	J5-541-007	J5-541-065	 one by one	, you can open and shut	0	0.0	0.0	0	0.0	0.0
541	541	J5-541-007	J5-541-066	 one by one	 again and again	0	0.0	0.0	0	0.0	0.0
541	541	J5-541-007	J5-541-067	 one by one	 true or false	0	0.0	0.0	0	0.0	0.0
541	541	J5-541-007	J5-541-068	 one by one	 East and West	0	0.0	0.0	0	0.0	0.0
541	541	J5-541-007	J5-541-069	 one by one	 one by one	1	1.0	1.0	3	1.0	1.0
541	541	J5-541-007	J5-541-070	 one by one	 one after the other	0	0.166667	0.0	1	0.333333	0.25
541	541	J5-541-007	J5-541-071	 one by one	, go round and round	0	0.0	0.0	0	0.0	0.0
541	541	J5-541-007	J5-541-072	 one by one	 One after another	0	0.0	0.0	0	0.0	0.0
541	541	J5-541-007	J5-541-073	 one by one	 water there, wheeling round and round	0	0.0	0.0	0	0.0	0.0
541	541	J5-541-007	J5-541-074	 one by one	 in and out	0	0.0	0.0	0	0.0	0.0
541	541	J5-541-007	J5-541-075	 one by one	 up and down	0	0.0	0.0	0	0.0	0.0
541	541	J5-541-007	J5-541-076	 one by one	y Dick swam swiftly round and round	0	0.0	0.0	0	0.0	0.0
541	541	J5-541-007	J5-541-077	 one by one	 this or that	0	0.0	0.0	0	0.0	0.0
541	541	J5-541-007	J5-541-078	 one by one	 up and down	0	0.0	0.0	0	0.0	0.0
541	541	J5-541-007	J5-541-079	 one by one	One after the other	0	0.0	0.0	0	0.0	0.0
541	541	J5-541-007	J5-541-080	 one by one	 side to side	0	0.0	0.0	0	0.0	0.0
541	541	J5-541-008	J5-541-009	, zone by zone	Wave after wave	0	0.0	0.0	0	0.0	0.0
541	541	J5-541-008	J5-541-010	, zone by zone	 by and by	0	0.166667	0.0	1	0.25	0.333333
541	541	J5-541-008	J5-541-011	, zone by zone	 light, we rolled over from each other, this way and that	0	0.0625	0.0	1	0.25	0.076923
541	541	J5-541-008	J5-541-012	, zone by zone	 now and then	0	0.0	0.0	0	0.0	0.0
541	541	J5-541-008	J5-541-013	, zone by zone	 right to left	0	0.0	0.0	0	0.0	0.0
541	541	J5-541-008	J5-541-014	, zone by zone	 seldom or never	0	0.0	0.0	0	0.0	0.0
541	541	J5-541-008	J5-541-015	, zone by zone	 one by one	0	0.166667	0.0	1	0.25	0.333333
541	541	J5-541-008	J5-541-016	, zone by zone	, both large and small	0	0.125	0.0	1	0.25	0.2
541	541	J5-541-008	J5-541-017	, zone by zone	 right and left	0	0.0	0.0	0	0.0	0.0
541	541	J5-541-008	J5-541-018	, zone by zone	 top to bottom	0	0.0	0.0	0	0.0	0.0
541	541	J5-541-008	J5-541-019	, zone by zone	 old and new	0	0.0	0.0	0	0.0	0.0
541	541	J5-541-008	J5-541-020	, zone by zone	 direct and indirect	0	0.0	0.0	0	0.0	0.0
541	541	J5-541-008	J5-541-021	, zone by zone	 hand to hand	0	0.0	0.0	0	0.0	0.0
541	541	J5-541-008	J5-541-022	, zone by zone	 this or that	0	0.0	0.0	0	0.0	0.0
541	541	J5-541-008	J5-541-023	, zone by zone	 now and then	0	0.0	0.0	0	0.0	0.0
541	541	J5-541-008	J5-541-024	, zone by zone	 up and down	0	0.0	0.0	0	0.0	0.0
541	541	J5-541-008	J5-541-025	, zone by zone	 hair braided and coiled round and round	0	0.0	0.0	0	0.0	0.0
541	541	J5-541-008	J5-541-026	, zone by zone	 now and then	0	0.0	0.0	0	0.0	0.0
541	541	J5-541-008	J5-541-027	, zone by zone	 up and down	0	0.0	0.0	0	0.0	0.0
541	541	J5-541-008	J5-541-028	, zone by zone	 right and left	0	0.0	0.0	0	0.0	0.0
541	541	J5-541-008	J5-541-029	, zone by zone	 now and then	0	0.0	0.0	0	0.0	0.0
541	541	J5-541-008	J5-541-030	, zone by zone	 served us night after night	0	0.0	0.0	0	0.0	0.0
541	541	J5-541-008	J5-541-031	, zone by zone	 whenever and wherever	0	0.0	0.0	0	0.0	0.0
541	541	J5-541-008	J5-541-032	, zone by zone	, day after day	0	0.142857	0.0	1	0.25	0.25
541	541	J5-541-008	J5-541-033	, zone by zone	 up and down	0	0.0	0.0	0	0.0	0.0
541	541	J5-541-008	J5-541-034	, zone by zone	 now and then	0	0.0	0.0	0	0.0	0.0
541	541	J5-541-008	J5-541-035	, zone by zone	 up and down	0	0.0	0.0	0	0.0	0.0
541	541	J5-541-008	J5-541-036	, zone by zone	 up and down	0	0.0	0.0	0	0.0	0.0
541	541	J5-541-008	J5-541-037	, zone by zone	 old and new	0	0.0	0.0	0	0.0	0.0
541	541	J5-541-008	J5-541-038	, zone by zone	 here and there	0	0.0	0.0	0	0.0	0.0
541	541	J5-541-008	J5-541-039	, zone by zone	 Daggoo, straining forwards and backwards	0	0.090909	0.0	1	0.25	0.125
541	541	J5-541-008	J5-541-040	, zone by zone	 from first to last	0	0.0	0.0	0	0.0	0.0
541	541	J5-541-008	J5-541-041	, zone by zone	 now and then	0	0.0	0.0	0	0.0	0.0
541	541	J5-541-008	J5-541-042	, zone by zone	 up and down	0	0.0	0.0	0	0.0	0.0
541	541	J5-541-008	J5-541-043	, zone by zone	 here and there	0	0.0	0.0	0	0.0	0.0
541	541	J5-541-008	J5-541-044	, zone by zone	By and by	0	0.166667	0.0	1	0.25	0.333333
541	541	J5-541-008	J5-541-045	, zone by zone	 now and then	0	0.0	0.0	0	0.0	0.0
541	541	J5-541-008	J5-541-046	, zone by zone	 better or for worse	0	0.0	0.0	0	0.0	0.0
541	541	J5-541-008	J5-541-047	, zone by zone	 and thus round and round	0	0.0	0.0	0	0.0	0.0
541	541	J5-541-008	J5-541-048	, zone by zone	Human or animal	0	0.0	0.0	0	0.0	0.0
541	541	J5-541-008	J5-541-049	, zone by zone	 up and down	0	0.0	0.0	0	0.0	0.0
541	541	J5-541-008	J5-541-050	, zone by zone	 now and then	0	0.0	0.0	0	0.0	0.0
541	541	J5-541-008	J5-541-051	, zone by zone	 one after the other	0	0.0	0.0	0	0.0	0.0
541	541	J5-541-008	J5-541-052	, zone by zone	 here and there	0	0.0	0.0	0	0.0	0.0
541	541	J5-541-008	J5-541-053	, zone by zone	 shoulder to shoulder	0	0.0	0.0	0	0.0	0.0
541	541	J5-541-008	J5-541-054	, zone by zone	now and then	0	0.0	0.0	0	0.0	0.0
541	541	J5-541-008	J5-541-055	, zone by zone	 now and then	0	0.0	0.0	0	0.0	0.0
541	541	J5-541-008	J5-541-056	, zone by zone	 up and down	0	0.0	0.0	0	0.0	0.0
541	541	J5-541-008	J5-541-057	, zone by zone	 male and female	0	0.0	0.0	0	0.0	0.0
541	541	J5-541-008	J5-541-058	, zone by zone	 here and there	0	0.0	0.0	0	0.0	0.0
541	541	J5-541-008	J5-541-059	, zone by zone	Now and then	0	0.0	0.0	0	0.0	0.0
541	541	J5-541-008	J5-541-060	, zone by zone	 up and down	0	0.0	0.0	0	0.0	0.0
541	541	J5-541-008	J5-541-061	, zone by zone	 here and there	0	0.0	0.0	0	0.0	0.0
541	541	J5-541-008	J5-541-062	, zone by zone	 here and there	0	0.0	0.0	0	0.0	0.0
541	541	J5-541-008	J5-541-063	, zone by zone	 east and west	0	0.0	0.0	0	0.0	0.0
541	541	J5-541-008	J5-541-064	, zone by zone	 each and every	0	0.0	0.0	0	0.0	0.0
541	541	J5-541-008	J5-541-065	, zone by zone	, you can open and shut	0	0.111111	0.0	1	0.25	0.166667
541	541	J5-541-008	J5-541-066	, zone by zone	 again and again	0	0.0	0.0	0	0.0	0.0
541	541	J5-541-008	J5-541-067	, zone by zone	 true or false	0	0.0	0.0	0	0.0	0.0
541	541	J5-541-008	J5-541-068	, zone by zone	 East and West	0	0.0	0.0	0	0.0	0.0
541	541	J5-541-008	J5-541-069	, zone by zone	 one by one	0	0.166667	0.0	1	0.25	0.333333
541	541	J5-541-008	J5-541-070	, zone by zone	 one after the other	0	0.0	0.0	0	0.0	0.0
541	541	J5-541-008	J5-541-071	, zone by zone	, go round and round	0	0.125	0.0	1	0.25	0.2
541	541	J5-541-008	J5-541-072	, zone by zone	 One after another	0	0.0	0.0	0	0.0	0.0
541	541	J5-541-008	J5-541-073	, zone by zone	 water there, wheeling round and round	0	0.090909	0.0	1	0.25	0.125
541	541	J5-541-008	J5-541-074	, zone by zone	 in and out	0	0.0	0.0	0	0.0	0.0
541	541	J5-541-008	J5-541-075	, zone by zone	 up and down	0	0.0	0.0	0	0.0	0.0
541	541	J5-541-008	J5-541-076	, zone by zone	y Dick swam swiftly round and round	0	0.0	0.0	0	0.0	0.0
541	541	J5-541-008	J5-541-077	, zone by zone	 this or that	0	0.0	0.0	0	0.0	0.0
541	541	J5-541-008	J5-541-078	, zone by zone	 up and down	0	0.0	0.0	0	0.0	0.0
541	541	J5-541-008	J5-541-079	, zone by zone	One after the other	0	0.0	0.0	0	0.0	0.0
541	541	J5-541-008	J5-541-080	, zone by zone	 side to side	0	0.0	0.0	0	0.0	0.0
541	541	J5-541-009	J5-541-010	Wave after wave	 by and by	0	0.0	0.0	0	0.0	0.0
541	541	J5-541-009	J5-541-011	Wave after wave	 light, we rolled over from each other, this way and that	0	0.0	0.0	0	0.0	0.0
541	541	J5-541-009	J5-541-012	Wave after wave	 now and then	0	0.0	0.0	0	0.0	0.0
541	541	J5-541-009	J5-541-013	Wave after wave	 right to left	0	0.0	0.0	0	0.0	0.0
541	541	J5-541-009	J5-541-014	Wave after wave	 seldom or never	0	0.0	0.0	0	0.0	0.0
541	541	J5-541-009	J5-541-015	Wave after wave	 one by one	0	0.0	0.0	0	0.0	0.0
541	541	J5-541-009	J5-541-016	Wave after wave	, both large and small	0	0.0	0.0	0	0.0	0.0
541	541	J5-541-009	J5-541-017	Wave after wave	 right and left	0	0.0	0.0	0	0.0	0.0
541	541	J5-541-009	J5-541-018	Wave after wave	 top to bottom	0	0.0	0.0	0	0.0	0.0
541	541	J5-541-009	J5-541-019	Wave after wave	 old and new	0	0.0	0.0	0	0.0	0.0
541	541	J5-541-009	J5-541-020	Wave after wave	 direct and indirect	0	0.0	0.0	0	0.0	0.0
541	541	J5-541-009	J5-541-021	Wave after wave	 hand to hand	0	0.0	0.0	0	0.0	0.0
541	541	J5-541-009	J5-541-022	Wave after wave	 this or that	0	0.0	0.0	0	0.0	0.0
541	541	J5-541-009	J5-541-023	Wave after wave	 now and then	0	0.0	0.0	0	0.0	0.0
541	541	J5-541-009	J5-541-024	Wave after wave	 up and down	0	0.0	0.0	0	0.0	0.0
541	541	J5-541-009	J5-541-025	Wave after wave	 hair braided and coiled round and round	0	0.0	0.0	0	0.0	0.0
541	541	J5-541-009	J5-541-026	Wave after wave	 now and then	0	0.0	0.0	0	0.0	0.0
541	541	J5-541-009	J5-541-027	Wave after wave	 up and down	0	0.0	0.0	0	0.0	0.0
541	541	J5-541-009	J5-541-028	Wave after wave	 right and left	0	0.0	0.0	0	0.0	0.0
541	541	J5-541-009	J5-541-029	Wave after wave	 now and then	0	0.0	0.0	0	0.0	0.0
541	541	J5-541-009	J5-541-030	Wave after wave	 served us night after night	0	0.142857	0.0	1	0.333333	0.2
541	541	J5-541-009	J5-541-031	Wave after wave	 whenever and wherever	0	0.0	0.0	0	0.0	0.0
541	541	J5-541-009	J5-541-032	Wave after wave	, day after day	0	0.166667	0.0	1	0.333333	0.25
541	541	J5-541-009	J5-541-033	Wave after wave	 up and down	0	0.0	0.0	0	0.0	0.0
541	541	J5-541-009	J5-541-034	Wave after wave	 now and then	0	0.0	0.0	0	0.0	0.0
541	541	J5-541-009	J5-541-035	Wave after wave	 up and down	0	0.0	0.0	0	0.0	0.0
541	541	J5-541-009	J5-541-036	Wave after wave	 up and down	0	0.0	0.0	0	0.0	0.0
541	541	J5-541-009	J5-541-037	Wave after wave	 old and new	0	0.0	0.0	0	0.0	0.0
541	541	J5-541-009	J5-541-038	Wave after wave	 here and there	0	0.0	0.0	0	0.0	0.0
541	541	J5-541-009	J5-541-039	Wave after wave	 Daggoo, straining forwards and backwards	0	0.0	0.0	0	0.0	0.0
541	541	J5-541-009	J5-541-040	Wave after wave	 from first to last	0	0.0	0.0	0	0.0	0.0
541	541	J5-541-009	J5-541-041	Wave after wave	 now and then	0	0.0	0.0	0	0.0	0.0
541	541	J5-541-009	J5-541-042	Wave after wave	 up and down	0	0.0	0.0	0	0.0	0.0
541	541	J5-541-009	J5-541-043	Wave after wave	 here and there	0	0.0	0.0	0	0.0	0.0
541	541	J5-541-009	J5-541-044	Wave after wave	By and by	0	0.0	0.0	0	0.0	0.0
541	541	J5-541-009	J5-541-045	Wave after wave	 now and then	0	0.0	0.0	0	0.0	0.0
541	541	J5-541-009	J5-541-046	Wave after wave	 better or for worse	0	0.0	0.0	0	0.0	0.0
541	541	J5-541-009	J5-541-047	Wave after wave	 and thus round and round	0	0.0	0.0	0	0.0	0.0
541	541	J5-541-009	J5-541-048	Wave after wave	Human or animal	0	0.0	0.0	0	0.0	0.0
541	541	J5-541-009	J5-541-049	Wave after wave	 up and down	0	0.0	0.0	0	0.0	0.0
541	541	J5-541-009	J5-541-050	Wave after wave	 now and then	0	0.0	0.0	0	0.0	0.0
541	541	J5-541-009	J5-541-051	Wave after wave	 one after the other	0	0.166667	0.0	1	0.333333	0.25
541	541	J5-541-009	J5-541-052	Wave after wave	 here and there	0	0.0	0.0	0	0.0	0.0
541	541	J5-541-009	J5-541-053	Wave after wave	 shoulder to shoulder	0	0.0	0.0	0	0.0	0.0
541	541	J5-541-009	J5-541-054	Wave after wave	now and then	0	0.0	0.0	0	0.0	0.0
541	541	J5-541-009	J5-541-055	Wave after wave	 now and then	0	0.0	0.0	0	0.0	0.0
541	541	J5-541-009	J5-541-056	Wave after wave	 up and down	0	0.0	0.0	0	0.0	0.0
541	541	J5-541-009	J5-541-057	Wave after wave	 male and female	0	0.0	0.0	0	0.0	0.0
541	541	J5-541-009	J5-541-058	Wave after wave	 here and there	0	0.0	0.0	0	0.0	0.0
541	541	J5-541-009	J5-541-059	Wave after wave	Now and then	0	0.0	0.0	0	0.0	0.0
541	541	J5-541-009	J5-541-060	Wave after wave	 up and down	0	0.0	0.0	0	0.0	0.0
541	541	J5-541-009	J5-541-061	Wave after wave	 here and there	0	0.0	0.0	0	0.0	0.0
541	541	J5-541-009	J5-541-062	Wave after wave	 here and there	0	0.0	0.0	0	0.0	0.0
541	541	J5-541-009	J5-541-063	Wave after wave	 east and west	0	0.0	0.0	0	0.0	0.0
541	541	J5-541-009	J5-541-064	Wave after wave	 each and every	0	0.0	0.0	0	0.0	0.0
541	541	J5-541-009	J5-541-065	Wave after wave	, you can open and shut	0	0.0	0.0	0	0.0	0.0
541	541	J5-541-009	J5-541-066	Wave after wave	 again and again	0	0.0	0.0	0	0.0	0.0
541	541	J5-541-009	J5-541-067	Wave after wave	 true or false	0	0.0	0.0	0	0.0	0.0
541	541	J5-541-009	J5-541-068	Wave after wave	 East and West	0	0.0	0.0	0	0.0	0.0
541	541	J5-541-009	J5-541-069	Wave after wave	 one by one	0	0.0	0.0	0	0.0	0.0
541	541	J5-541-009	J5-541-070	Wave after wave	 one after the other	0	0.166667	0.0	1	0.333333	0.25
541	541	J5-541-009	J5-541-071	Wave after wave	, go round and round	0	0.0	0.0	0	0.0	0.0
541	541	J5-541-009	J5-541-072	Wave after wave	 One after another	0	0.2	0.0	1	0.333333	0.333333
541	541	J5-541-009	J5-541-073	Wave after wave	 water there, wheeling round and round	0	0.0	0.0	0	0.0	0.0
541	541	J5-541-009	J5-541-074	Wave after wave	 in and out	0	0.0	0.0	0	0.0	0.0
541	541	J5-541-009	J5-541-075	Wave after wave	 up and down	0	0.0	0.0	0	0.0	0.0
541	541	J5-541-009	J5-541-076	Wave after wave	y Dick swam swiftly round and round	0	0.0	0.0	0	0.0	0.0
541	541	J5-541-009	J5-541-077	Wave after wave	 this or that	0	0.0	0.0	0	0.0	0.0
541	541	J5-541-009	J5-541-078	Wave after wave	 up and down	0	0.0	0.0	0	0.0	0.0
541	541	J5-541-009	J5-541-079	Wave after wave	One after the other	0	0.166667	0.0	1	0.333333	0.25
541	541	J5-541-009	J5-541-080	Wave after wave	 side to side	0	0.0	0.0	0	0.0	0.0
541	541	J5-541-010	J5-541-011	 by and by	 light, we rolled over from each other, this way and that	0	0.066667	0.0	1	0.333333	0.076923
541	541	J5-541-010	J5-541-012	 by and by	 now and then	0	0.2	0.0	1	0.333333	0.333333
541	541	J5-541-010	J5-541-013	 by and by	 right to left	0	0.0	0.0	0	0.0	0.0
541	541	J5-541-010	J5-541-014	 by and by	 seldom or never	0	0.0	0.0	0	0.0	0.0
541	541	J5-541-010	J5-541-015	 by and by	 one by one	0	0.2	0.0	1	0.333333	0.333333
541	541	J5-541-010	J5-541-016	 by and by	, both large and small	0	0.142857	0.0	1	0.333333	0.2
541	541	J5-541-010	J5-541-017	 by and by	 right and left	0	0.2	0.0	1	0.333333	0.333333
541	541	J5-541-010	J5-541-018	 by and by	 top to bottom	0	0.0	0.0	0	0.0	0.0
541	541	J5-541-010	J5-541-019	 by and by	 old and new	0	0.2	0.0	1	0.333333	0.333333
541	541	J5-541-010	J5-541-020	 by and by	 direct and indirect	0	0.2	0.0	1	0.333333	0.333333
541	541	J5-541-010	J5-541-021	 by and by	 hand to hand	0	0.0	0.0	0	0.0	0.0
541	541	J5-541-010	J5-541-022	 by and by	 this or that	0	0.0	0.0	0	0.0	0.0
541	541	J5-541-010	J5-541-023	 by and by	 now and then	0	0.2	0.0	1	0.333333	0.333333
541	541	J5-541-010	J5-541-024	 by and by	 up and down	0	0.2	0.0	1	0.333333	0.333333
541	541	J5-541-010	J5-541-025	 by and by	 hair braided and coiled round and round	0	0.090909	0.0	1	0.333333	0.111111
541	541	J5-541-010	J5-541-026	 by and by	 now and then	0	0.2	0.0	1	0.333333	0.333333
541	541	J5-541-010	J5-541-027	 by and by	 up and down	0	0.2	0.0	1	0.333333	0.333333
541	541	J5-541-010	J5-541-028	 by and by	 right and left	0	0.2	0.0	1	0.333333	0.333333
541	541	J5-541-010	J5-541-029	 by and by	 now and then	0	0.2	0.0	1	0.333333	0.333333
541	541	J5-541-010	J5-541-030	 by and by	 served us night after night	0	0.0	0.0	0	0.0	0.0
541	541	J5-541-010	J5-541-031	 by and by	 whenever and wherever	0	0.2	0.0	1	0.333333	0.333333
541	541	J5-541-010	J5-541-032	 by and by	, day after day	0	0.0	0.0	0	0.0	0.0
541	541	J5-541-010	J5-541-033	 by and by	 up and down	0	0.2	0.0	1	0.333333	0.333333
541	541	J5-541-010	J5-541-034	 by and by	 now and then	0	0.2	0.0	1	0.333333	0.333333
541	541	J5-541-010	J5-541-035	 by and by	 up and down	0	0.2	0.0	1	0.333333	0.333333
541	541	J5-541-010	J5-541-036	 by and by	 up and down	0	0.2	0.0	1	0.333333	0.333333
541	541	J5-541-010	J5-541-037	 by and by	 old and new	0	0.2	0.0	1	0.333333	0.333333
541	541	J5-541-010	J5-541-038	 by and by	 here and there	0	0.2	0.0	1	0.333333	0.333333
541	541	J5-541-010	J5-541-039	 by and by	 Daggoo, straining forwards and backwards	0	0.1	0.0	1	0.333333	0.125
541	541	J5-541-010	J5-541-040	 by and by	 from first to last	0	0.0	0.0	0	0.0	0.0
541	541	J5-541-010	J5-541-041	 by and by	 now and then	0	0.2	0.0	1	0.333333	0.333333
541	541	J5-541-010	J5-541-042	 by and by	 up and down	0	0.2	0.0	1	0.333333	0.333333
541	541	J5-541-010	J5-541-043	 by and by	 here and there	0	0.2	0.0	1	0.333333	0.333333
541	541	J5-541-010	J5-541-044	 by and by	By and by	0	0.5	0.333333	2	0.666667	0.666667
541	541	J5-541-010	J5-541-045	 by and by	 now and then	0	0.2	0.0	1	0.333333	0.333333
541	541	J5-541-010	J5-541-046	 by and by	 better or for worse	0	0.0	0.0	0	0.0	0.0
541	541	J5-541-010	J5-541-047	 by and by	 and thus round and round	0	0.142857	0.0	1	0.333333	0.2
541	541	J5-541-010	J5-541-048	 by and by	Human or animal	0	0.0	0.0	0	0.0	0.0
541	541	J5-541-010	J5-541-049	 by and by	 up and down	0	0.2	0.0	1	0.333333	0.333333
541	541	J5-541-010	J5-541-050	 by and by	 now and then	0	0.2	0.0	1	0.333333	0.333333
541	541	J5-541-010	J5-541-051	 by and by	 one after the other	0	0.0	0.0	0	0.0	0.0
541	541	J5-541-010	J5-541-052	 by and by	 here and there	0	0.2	0.0	1	0.333333	0.333333
541	541	J5-541-010	J5-541-053	 by and by	 shoulder to shoulder	0	0.0	0.0	0	0.0	0.0
541	541	J5-541-010	J5-541-054	 by and by	now and then	0	0.2	0.0	1	0.333333	0.333333
541	541	J5-541-010	J5-541-055	 by and by	 now and then	0	0.2	0.0	1	0.333333	0.333333
541	541	J5-541-010	J5-541-056	 by and by	 up and down	0	0.2	0.0	1	0.333333	0.333333
541	541	J5-541-010	J5-541-057	 by and by	 male and female	0	0.2	0.0	1	0.333333	0.333333
541	541	J5-541-010	J5-541-058	 by and by	 here and there	0	0.2	0.0	1	0.333333	0.333333
541	541	J5-541-010	J5-541-059	 by and by	Now and then	0	0.2	0.0	1	0.333333	0.333333
541	541	J5-541-010	J5-541-060	 by and by	 up and down	0	0.2	0.0	1	0.333333	0.333333
541	541	J5-541-010	J5-541-061	 by and by	 here and there	0	0.2	0.0	1	0.333333	0.333333
541	541	J5-541-010	J5-541-062	 by and by	 here and there	0	0.2	0.0	1	0.333333	0.333333
541	541	J5-541-010	J5-541-063	 by and by	 east and west	0	0.2	0.0	1	0.333333	0.333333
541	541	J5-541-010	J5-541-064	 by and by	 each and every	0	0.2	0.0	1	0.333333	0.333333
541	541	J5-541-010	J5-541-065	 by and by	, you can open and shut	0	0.125	0.0	1	0.333333	0.166667
541	541	J5-541-010	J5-541-066	 by and by	 again and again	0	0.2	0.0	1	0.333333	0.333333
541	541	J5-541-010	J5-541-067	 by and by	 true or false	0	0.0	0.0	0	0.0	0.0
541	541	J5-541-010	J5-541-068	 by and by	 East and West	0	0.2	0.0	1	0.333333	0.333333
541	541	J5-541-010	J5-541-069	 by and by	 one by one	0	0.2	0.0	1	0.333333	0.333333
541	541	J5-541-010	J5-541-070	 by and by	 one after the other	0	0.0	0.0	0	0.0	0.0
541	541	J5-541-010	J5-541-071	 by and by	, go round and round	0	0.142857	0.0	1	0.333333	0.2
541	541	J5-541-010	J5-541-072	 by and by	 One after another	0	0.0	0.0	0	0.0	0.0
541	541	J5-541-010	J5-541-073	 by and by	 water there, wheeling round and round	0	0.1	0.0	1	0.333333	0.125
541	541	J5-541-010	J5-541-074	 by and by	 in and out	0	0.2	0.0	1	0.333333	0.333333
541	541	J5-541-010	J5-541-075	 by and by	 up and down	0	0.2	0.0	1	0.333333	0.333333
541	541	J5-541-010	J5-541-076	 by and by	y Dick swam swiftly round and round	0	0.1	0.0	1	0.333333	0.125
541	541	J5-541-010	J5-541-077	 by and by	 this or that	0	0.0	0.0	0	0.0	0.0
541	541	J5-541-010	J5-541-078	 by and by	 up and down	0	0.2	0.0	1	0.333333	0.333333
541	541	J5-541-010	J5-541-079	 by and by	One after the other	0	0.0	0.0	0	0.0	0.0
541	541	J5-541-010	J5-541-080	 by and by	 side to side	0	0.0	0.0	0	0.0	0.0
541	541	J5-541-011	J5-541-012	 light, we rolled over from each other, this way and that	 now and then	0	0.066667	0.0	1	0.076923	0.333333
541	541	J5-541-011	J5-541-013	 light, we rolled over from each other, this way and that	 right to left	0	0.0	0.0	0	0.0	0.0
541	541	J5-541-011	J5-541-014	 light, we rolled over from each other, this way and that	 seldom or never	0	0.0	0.0	0	0.0	0.0
541	541	J5-541-011	J5-541-015	 light, we rolled over from each other, this way and that	 one by one	0	0.0	0.0	0	0.0	0.0
541	541	J5-541-011	J5-541-016	 light, we rolled over from each other, this way and that	, both large and small	0	0.125	0.0	1	0.076923	0.2
541	541	J5-541-011	J5-541-017	 light, we rolled over from each other, this way and that	 right and left	0	0.066667	0.0	1	0.076923	0.333333
541	541	J5-541-011	J5-541-018	 light, we rolled over from each other, this way and that	 top to bottom	0	0.0	0.0	0	0.0	0.0
541	541	J5-541-011	J5-541-019	 light, we rolled over from each other, this way and that	 old and new	0	0.066667	0.0	1	0.076923	0.333333
541	541	J5-541-011	J5-541-020	 light, we rolled over from each other, this way and that	 direct and indirect	0	0.066667	0.0	1	0.076923	0.333333
541	541	J5-541-011	J5-541-021	 light, we rolled over from each other, this way and that	 hand to hand	0	0.0	0.0	0	0.0	0.0
541	541	J5-541-011	J5-541-022	 light, we rolled over from each other, this way and that	 this or that	0	0.142857	0.0	1	0.076923	0.333333
541	541	J5-541-011	J5-541-023	 light, we rolled over from each other, this way and that	 now and then	0	0.066667	0.0	1	0.076923	0.333333
541	541	J5-541-011	J5-541-024	 light, we rolled over from each other, this way and that	 up and down	0	0.066667	0.0	1	0.076923	0.333333
541	541	J5-541-011	J5-541-025	 light, we rolled over from each other, this way and that	 hair braided and coiled round and round	0	0.047619	0.0	1	0.076923	0.111111
541	541	J5-541-011	J5-541-026	 light, we rolled over from each other, this way and that	 now and then	0	0.066667	0.0	1	0.076923	0.333333
541	541	J5-541-011	J5-541-027	 light, we rolled over from each other, this way and that	 up and down	0	0.066667	0.0	1	0.076923	0.333333
541	541	J5-541-011	J5-541-028	 light, we rolled over from each other, this way and that	 right and left	0	0.066667	0.0	1	0.076923	0.333333
541	541	J5-541-011	J5-541-029	 light, we rolled over from each other, this way and that	 now and then	0	0.066667	0.0	1	0.076923	0.333333
541	541	J5-541-011	J5-541-030	 light, we rolled over from each other, this way and that	 served us night after night	0	0.0	0.0	0	0.0	0.0
541	541	J5-541-011	J5-541-031	 light, we rolled over from each other, this way and that	 whenever and wherever	0	0.066667	0.0	1	0.076923	0.333333
541	541	J5-541-011	J5-541-032	 light, we rolled over from each other, this way and that	, day after day	0	0.0625	0.0	1	0.076923	0.25
541	541	J5-541-011	J5-541-033	 light, we rolled over from each other, this way and that	 up and down	0	0.066667	0.0	1	0.076923	0.333333
541	541	J5-541-011	J5-541-034	 light, we rolled over from each other, this way and that	 now and then	0	0.066667	0.0	1	0.076923	0.333333
541	541	J5-541-011	J5-541-035	 light, we rolled over from each other, this way and that	 up and down	0	0.066667	0.0	1	0.076923	0.333333
541	541	J5-541-011	J5-541-036	 light, we rolled over from each other, this way and that	 up and down	0	0.066667	0.0	1	0.076923	0.333333
541	541	J5-541-011	J5-541-037	 light, we rolled over from each other, this way and that	 old and new	0	0.066667	0.0	1	0.076923	0.333333
541	541	J5-541-011	J5-541-038	 light, we rolled over from each other, this way and that	 here and there	0	0.066667	0.0	1	0.076923	0.333333
541	541	J5-541-011	J5-541-039	 light, we rolled over from each other, this way and that	 Daggoo, straining forwards and backwards	0	0.105263	0.0	1	0.076923	0.125
541	541	J5-541-011	J5-541-040	 light, we rolled over from each other, this way and that	 from first to last	0	0.0625	0.0	1	0.076923	0.25
541	541	J5-541-011	J5-541-041	 light, we rolled over from each other, this way and that	 now and then	0	0.066667	0.0	1	0.076923	0.333333
541	541	J5-541-011	J5-541-042	 light, we rolled over from each other, this way and that	 up and down	0	0.066667	0.0	1	0.076923	0.333333
541	541	J5-541-011	J5-541-043	 light, we rolled over from each other, this way and that	 here and there	0	0.066667	0.0	1	0.076923	0.333333
541	541	J5-541-011	J5-541-044	 light, we rolled over from each other, this way and that	By and by	0	0.066667	0.0	1	0.076923	0.333333
541	541	J5-541-011	J5-541-045	 light, we rolled over from each other, this way and that	 now and then	0	0.066667	0.0	1	0.076923	0.333333
541	541	J5-541-011	J5-541-046	 light, we rolled over from each other, this way and that	 better or for worse	0	0.0	0.0	0	0.0	0.0
541	541	J5-541-011	J5-541-047	 light, we rolled over from each other, this way and that	 and thus round and round	0	0.058824	0.0	1	0.076923	0.2
541	541	J5-541-011	J5-541-048	 light, we rolled over from each other, this way and that	Human or animal	0	0.0	0.0	0	0.0	0.0
541	541	J5-541-011	J5-541-049	 light, we rolled over from each other, this way and that	 up and down	0	0.066667	0.0	1	0.076923	0.333333
541	541	J5-541-011	J5-541-050	 light, we rolled over from each other, this way and that	 now and then	0	0.066667	0.0	1	0.076923	0.333333
541	541	J5-541-011	J5-541-051	 light, we rolled over from each other, this way and that	 one after the other	0	0.0625	0.0	1	0.076923	0.25
541	541	J5-541-011	J5-541-052	 light, we rolled over from each other, this way and that	 here and there	0	0.066667	0.0	1	0.076923	0.333333
541	541	J5-541-011	J5-541-053	 light, we rolled over from each other, this way and that	 shoulder to shoulder	0	0.0	0.0	0	0.0	0.0
541	541	J5-541-011	J5-541-054	 light, we rolled over from each other, this way and that	now and then	0	0.066667	0.0	1	0.076923	0.333333
541	541	J5-541-011	J5-541-055	 light, we rolled over from each other, this way and that	 now and then	0	0.066667	0.0	1	0.076923	0.333333
541	541	J5-541-011	J5-541-056	 light, we rolled over from each other, this way and that	 up and down	0	0.066667	0.0	1	0.076923	0.333333
541	541	J5-541-011	J5-541-057	 light, we rolled over from each other, this way and that	 male and female	0	0.066667	0.0	1	0.076923	0.333333
541	541	J5-541-011	J5-541-058	 light, we rolled over from each other, this way and that	 here and there	0	0.066667	0.0	1	0.076923	0.333333
541	541	J5-541-011	J5-541-059	 light, we rolled over from each other, this way and that	Now and then	0	0.066667	0.0	1	0.076923	0.333333
541	541	J5-541-011	J5-541-060	 light, we rolled over from each other, this way and that	 up and down	0	0.066667	0.0	1	0.076923	0.333333
541	541	J5-541-011	J5-541-061	 light, we rolled over from each other, this way and that	 here and there	0	0.066667	0.0	1	0.076923	0.333333
541	541	J5-541-011	J5-541-062	 light, we rolled over from each other, this way and that	 here and there	0	0.066667	0.0	1	0.076923	0.333333
541	541	J5-541-011	J5-541-063	 light, we rolled over from each other, this way and that	 east and west	0	0.066667	0.0	1	0.076923	0.333333
541	541	J5-541-011	J5-541-064	 light, we rolled over from each other, this way and that	 each and every	0	0.142857	0.0	1	0.076923	0.333333
541	541	J5-541-011	J5-541-065	 light, we rolled over from each other, this way and that	, you can open and shut	0	0.117647	0.0	1	0.076923	0.166667
541	541	J5-541-011	J5-541-066	 light, we rolled over from each other, this way and that	 again and again	0	0.066667	0.0	1	0.076923	0.333333
541	541	J5-541-011	J5-541-067	 light, we rolled over from each other, this way and that	 true or false	0	0.0	0.0	0	0.0	0.0
541	541	J5-541-011	J5-541-068	 light, we rolled over from each other, this way and that	 East and West	0	0.066667	0.0	1	0.076923	0.333333
541	541	J5-541-011	J5-541-069	 light, we rolled over from each other, this way and that	 one by one	0	0.0	0.0	0	0.0	0.0
541	541	J5-541-011	J5-541-070	 light, we rolled over from each other, this way and that	 one after the other	0	0.0625	0.0	1	0.076923	0.25
541	541	J5-541-011	J5-541-071	 light, we rolled over from each other, this way and that	, go round and round	0	0.125	0.0	1	0.076923	0.2
541	541	J5-541-011	J5-541-072	 light, we rolled over from each other, this way and that	 One after another	0	0.0	0.0	0	0.0	0.0
541	541	J5-541-011	J5-541-073	 light, we rolled over from each other, this way and that	 water there, wheeling round and round	0	0.105263	0.0	1	0.076923	0.125
541	541	J5-541-011	J5-541-074	 light, we rolled over from each other, this way and that	 in and out	0	0.066667	0.0	1	0.076923	0.333333
541	541	J5-541-011	J5-541-075	 light, we rolled over from each other, this way and that	 up and down	0	0.066667	0.0	1	0.076923	0.333333
541	541	J5-541-011	J5-541-076	 light, we rolled over from each other, this way and that	y Dick swam swiftly round and round	0	0.05	0.0	1	0.076923	0.125
541	541	J5-541-011	J5-541-077	 light, we rolled over from each other, this way and that	 this or that	0	0.142857	0.0	1	0.076923	0.333333
541	541	J5-541-011	J5-541-078	 light, we rolled over from each other, this way and that	 up and down	0	0.066667	0.0	1	0.076923	0.333333
541	541	J5-541-011	J5-541-079	 light, we rolled over from each other, this way and that	One after the other	0	0.0625	0.0	1	0.076923	0.25
541	541	J5-541-011	J5-541-080	 light, we rolled over from each other, this way and that	 side to side	0	0.0	0.0	0	0.0	0.0
541	541	J5-541-012	J5-541-013	 now and then	 right to left	0	0.0	0.0	0	0.0	0.0
541	541	J5-541-012	J5-541-014	 now and then	 seldom or never	0	0.0	0.0	0	0.0	0.0
541	541	J5-541-012	J5-541-015	 now and then	 one by one	0	0.0	0.0	0	0.0	0.0
541	541	J5-541-012	J5-541-016	 now and then	, both large and small	0	0.142857	0.0	1	0.333333	0.2
541	541	J5-541-012	J5-541-017	 now and then	 right and left	0	0.2	0.0	1	0.333333	0.333333
541	541	J5-541-012	J5-541-018	 now and then	 top to bottom	0	0.0	0.0	0	0.0	0.0
541	541	J5-541-012	J5-541-019	 now and then	 old and new	0	0.2	0.0	1	0.333333	0.333333
541	541	J5-541-012	J5-541-020	 now and then	 direct and indirect	0	0.2	0.0	1	0.333333	0.333333
541	541	J5-541-012	J5-541-021	 now and then	 hand to hand	0	0.0	0.0	0	0.0	0.0
541	541	J5-541-012	J5-541-022	 now and then	 this or that	0	0.0	0.0	0	0.0	0.0
541	541	J5-541-012	J5-541-023	 now and then	 now and then	1	1.0	1.0	3	1.0	1.0
541	541	J5-541-012	J5-541-024	 now and then	 up and down	0	0.2	0.0	1	0.333333	0.333333
541	541	J5-541-012	J5-541-025	 now and then	 hair braided and coiled round and round	0	0.090909	0.0	1	0.333333	0.111111
541	541	J5-541-012	J5-541-026	 now and then	 now and then	1	1.0	1.0	3	1.0	1.0
541	541	J5-541-012	J5-541-027	 now and then	 up and down	0	0.2	0.0	1	0.333333	0.333333
541	541	J5-541-012	J5-541-028	 now and then	 right and left	0	0.2	0.0	1	0.333333	0.333333
541	541	J5-541-012	J5-541-029	 now and then	 now and then	1	1.0	1.0	3	1.0	1.0
541	541	J5-541-012	J5-541-030	 now and then	 served us night after night	0	0.0	0.0	0	0.0	0.0
541	541	J5-541-012	J5-541-031	 now and then	 whenever and wherever	0	0.2	0.0	1	0.333333	0.333333
541	541	J5-541-012	J5-541-032	 now and then	, day after day	0	0.0	0.0	0	0.0	0.0
541	541	J5-541-012	J5-541-033	 now and then	 up and down	0	0.2	0.0	1	0.333333	0.333333
541	541	J5-541-012	J5-541-034	 now and then	 now and then	1	1.0	1.0	3	1.0	1.0
541	541	J5-541-012	J5-541-035	 now and then	 up and down	0	0.2	0.0	1	0.333333	0.333333
541	541	J5-541-012	J5-541-036	 now and then	 up and down	0	0.2	0.0	1	0.333333	0.333333
541	541	J5-541-012	J5-541-037	 now and then	 old and new	0	0.2	0.0	1	0.333333	0.333333
541	541	J5-541-012	J5-541-038	 now and then	 here and there	0	0.2	0.0	1	0.333333	0.333333
541	541	J5-541-012	J5-541-039	 now and then	 Daggoo, straining forwards and backwards	0	0.1	0.0	1	0.333333	0.125
541	541	J5-541-012	J5-541-040	 now and then	 from first to last	0	0.0	0.0	0	0.0	0.0
541	541	J5-541-012	J5-541-041	 now and then	 now and then	1	1.0	1.0	3	1.0	1.0
541	541	J5-541-012	J5-541-042	 now and then	 up and down	0	0.2	0.0	1	0.333333	0.333333
541	541	J5-541-012	J5-541-043	 now and then	 here and there	0	0.2	0.0	1	0.333333	0.333333
541	541	J5-541-012	J5-541-044	 now and then	By and by	0	0.2	0.0	1	0.333333	0.333333
541	541	J5-541-012	J5-541-045	 now and then	 now and then	1	1.0	1.0	3	1.0	1.0
541	541	J5-541-012	J5-541-046	 now and then	 better or for worse	0	0.0	0.0	0	0.0	0.0
541	541	J5-541-012	J5-541-047	 now and then	 and thus round and round	0	0.142857	0.0	1	0.333333	0.2
541	541	J5-541-012	J5-541-048	 now and then	Human or animal	0	0.0	0.0	0	0.0	0.0
541	541	J5-541-012	J5-541-049	 now and then	 up and down	0	0.2	0.0	1	0.333333	0.333333
541	541	J5-541-012	J5-541-050	 now and then	 now and then	1	1.0	1.0	3	1.0	1.0
541	541	J5-541-012	J5-541-051	 now and then	 one after the other	0	0.0	0.0	0	0.0	0.0
541	541	J5-541-012	J5-541-052	 now and then	 here and there	0	0.2	0.0	1	0.333333	0.333333
541	541	J5-541-012	J5-541-053	 now and then	 shoulder to shoulder	0	0.0	0.0	0	0.0	0.0
541	541	J5-541-012	J5-541-054	 now and then	now and then	0	0.5	0.333333	2	0.666667	0.666667
541	541	J5-541-012	J5-541-055	 now and then	 now and then	1	1.0	1.0	3	1.0	1.0
541	541	J5-541-012	J5-541-056	 now and then	 up and down	0	0.2	0.0	1	0.333333	0.333333
541	541	J5-541-012	J5-541-057	 now and then	 male and female	0	0.2	0.0	1	0.333333	0.333333
541	541	J5-541-012	J5-541-058	 now and then	 here and there	0	0.2	0.0	1	0.333333	0.333333
541	541	J5-541-012	J5-541-059	 now and then	Now and then	0	0.5	0.333333	2	0.666667	0.666667
541	541	J5-541-012	J5-541-060	 now and then	 up and down	0	0.2	0.0	1	0.333333	0.333333
541	541	J5-541-012	J5-541-061	 now and then	 here and there	0	0.2	0.0	1	0.333333	0.333333
541	541	J5-541-012	J5-541-062	 now and then	 here and there	0	0.2	0.0	1	0.333333	0.333333
541	541	J5-541-012	J5-541-063	 now and then	 east and west	0	0.2	0.0	1	0.333333	0.333333
541	541	J5-541-012	J5-541-064	 now and then	 each and every	0	0.2	0.0	1	0.333333	0.333333
541	541	J5-541-012	J5-541-065	 now and then	, you can open and shut	0	0.125	0.0	1	0.333333	0.166667
541	541	J5-541-012	J5-541-066	 now and then	 again and again	0	0.2	0.0	1	0.333333	0.333333
541	541	J5-541-012	J5-541-067	 now and then	 true or false	0	0.0	0.0	0	0.0	0.0
541	541	J5-541-012	J5-541-068	 now and then	 East and West	0	0.2	0.0	1	0.333333	0.333333
541	541	J5-541-012	J5-541-069	 now and then	 one by one	0	0.0	0.0	0	0.0	0.0
541	541	J5-541-012	J5-541-070	 now and then	 one after the other	0	0.0	0.0	0	0.0	0.0
541	541	J5-541-012	J5-541-071	 now and then	, go round and round	0	0.142857	0.0	1	0.333333	0.2
541	541	J5-541-012	J5-541-072	 now and then	 One after another	0	0.0	0.0	0	0.0	0.0
541	541	J5-541-012	J5-541-073	 now and then	 water there, wheeling round and round	0	0.1	0.0	1	0.333333	0.125
541	541	J5-541-012	J5-541-074	 now and then	 in and out	0	0.2	0.0	1	0.333333	0.333333
541	541	J5-541-012	J5-541-075	 now and then	 up and down	0	0.2	0.0	1	0.333333	0.333333
541	541	J5-541-012	J5-541-076	 now and then	y Dick swam swiftly round and round	0	0.1	0.0	1	0.333333	0.125
541	541	J5-541-012	J5-541-077	 now and then	 this or that	0	0.0	0.0	0	0.0	0.0
541	541	J5-541-012	J5-541-078	 now and then	 up and down	0	0.2	0.0	1	0.333333	0.333333
541	541	J5-541-012	J5-541-079	 now and then	One after the other	0	0.0	0.0	0	0.0	0.0
541	541	J5-541-012	J5-541-080	 now and then	 side to side	0	0.0	0.0	0	0.0	0.0
541	541	J5-541-013	J5-541-014	 right to left	 seldom or never	0	0.0	0.0	0	0.0	0.0
541	541	J5-541-013	J5-541-015	 right to left	 one by one	0	0.0	0.0	0	0.0	0.0
541	541	J5-541-013	J5-541-016	 right to left	, both large and small	0	0.0	0.0	0	0.0	0.0
541	541	J5-541-013	J5-541-017	 right to left	 right and left	0	0.5	0.0	1	0.333333	0.333333
541	541	J5-541-013	J5-541-018	 right to left	 top to bottom	0	0.2	0.0	1	0.333333	0.333333
541	541	J5-541-013	J5-541-019	 right to left	 old and new	0	0.0	0.0	0	0.0	0.0
541	541	J5-541-013	J5-541-020	 right to left	 direct and indirect	0	0.0	0.0	0	0.0	0.0
541	541	J5-541-013	J5-541-021	 right to left	 hand to hand	0	0.2	0.0	1	0.333333	0.333333
541	541	J5-541-013	J5-541-022	 right to left	 this or that	0	0.0	0.0	0	0.0	0.0
541	541	J5-541-013	J5-541-023	 right to left	 now and then	0	0.0	0.0	0	0.0	0.0
541	541	J5-541-013	J5-541-024	 right to left	 up and down	0	0.0	0.0	0	0.0	0.0
541	541	J5-541-013	J5-541-025	 right to left	 hair braided and coiled round and round	0	0.0	0.0	0	0.0	0.0
541	541	J5-541-013	J5-541-026	 right to left	 now and then	0	0.0	0.0	0	0.0	0.0
541	541	J5-541-013	J5-541-027	 right to left	 up and down	0	0.0	0.0	0	0.0	0.0
541	541	J5-541-013	J5-541-028	 right to left	 right and left	0	0.5	0.0	1	0.333333	0.333333
541	541	J5-541-013	J5-541-029	 right to left	 now and then	0	0.0	0.0	0	0.0	0.0
541	541	J5-541-013	J5-541-030	 right to left	 served us night after night	0	0.0	0.0	0	0.0	0.0
541	541	J5-541-013	J5-541-031	 right to left	 whenever and wherever	0	0.0	0.0	0	0.0	0.0
541	541	J5-541-013	J5-541-032	 right to left	, day after day	0	0.0	0.0	0	0.0	0.0
541	541	J5-541-013	J5-541-033	 right to left	 up and down	0	0.0	0.0	0	0.0	0.0
541	541	J5-541-013	J5-541-034	 right to left	 now and then	0	0.0	0.0	0	0.0	0.0
541	541	J5-541-013	J5-541-035	 right to left	 up and down	0	0.0	0.0	0	0.0	0.0
541	541	J5-541-013	J5-541-036	 right to left	 up and down	0	0.0	0.0	0	0.0	0.0
541	541	J5-541-013	J5-541-037	 right to left	 old and new	0	0.0	0.0	0	0.0	0.0
541	541	J5-541-013	J5-541-038	 right to left	 here and there	0	0.0	0.0	0	0.0	0.0
541	541	J5-541-013	J5-541-039	 right to left	 Daggoo, straining forwards and backwards	0	0.0	0.0	0	0.0	0.0
541	541	J5-541-013	J5-541-040	 right to left	 from first to last	0	0.166667	0.0	1	0.333333	0.25
541	541	J5-541-013	J5-541-041	 right to left	 now and then	0	0.0	0.0	0	0.0	0.0
541	541	J5-541-013	J5-541-042	 right to left	 up and down	0	0.0	0.0	0	0.0	0.0
541	541	J5-541-013	J5-541-043	 right to left	 here and there	0	0.0	0.0	0	0.0	0.0
541	541	J5-541-013	J5-541-044	 right to left	By and by	0	0.0	0.0	0	0.0	0.0
541	541	J5-541-013	J5-541-045	 right to left	 now and then	0	0.0	0.0	0	0.0	0.0
541	541	J5-541-013	J5-541-046	 right to left	 better or for worse	0	0.0	0.0	0	0.0	0.0
541	541	J5-541-013	J5-541-047	 right to left	 and thus round and round	0	0.0	0.0	0	0.0	0.0
541	541	J5-541-013	J5-541-048	 right to left	Human or animal	0	0.0	0.0	0	0.0	0.0
541	541	J5-541-013	J5-541-049	 right to left	 up and down	0	0.0	0.0	0	0.0	0.0
541	541	J5-541-013	J5-541-050	 right to left	 now and then	0	0.0	0.0	0	0.0	0.0
541	541	J5-541-013	J5-541-051	 right to left	 one after the other	0	0.0	0.0	0	0.0	0.0
541	541	J5-541-013	J5-541-052	 right to left	 here and there	0	0.0	0.0	0	0.0	0.0
541	541	J5-541-013	J5-541-053	 right to left	 shoulder to shoulder	0	0.2	0.0	1	0.333333	0.333333
541	541	J5-541-013	J5-541-054	 right to left	now and then	0	0.0	0.0	0	0.0	0.0
541	541	J5-541-013	J5-541-055	 right to left	 now and then	0	0.0	0.0	0	0.0	0.0
541	541	J5-541-013	J5-541-056	 right to left	 up and down	0	0.0	0.0	0	0.0	0.0
541	541	J5-541-013	J5-541-057	 right to left	 male and female	0	0.0	0.0	0	0.0	0.0
541	541	J5-541-013	J5-541-058	 right to left	 here and there	0	0.0	0.0	0	0.0	0.0
541	541	J5-541-013	J5-541-059	 right to left	Now and then	0	0.0	0.0	0	0.0	0.0
541	541	J5-541-013	J5-541-060	 right to left	 up and down	0	0.0	0.0	0	0.0	0.0
541	541	J5-541-013	J5-541-061	 right to left	 here and there	0	0.0	0.0	0	0.0	0.0
541	541	J5-541-013	J5-541-062	 right to left	 here and there	0	0.0	0.0	0	0.0	0.0
541	541	J5-541-013	J5-541-063	 right to left	 east and west	0	0.0	0.0	0	0.0	0.0
541	541	J5-541-013	J5-541-064	 right to left	 each and every	0	0.0	0.0	0	0.0	0.0
541	541	J5-541-013	J5-541-065	 right to left	, you can open and shut	0	0.0	0.0	0	0.0	0.0
541	541	J5-541-013	J5-541-066	 right to left	 again and again	0	0.0	0.0	0	0.0	0.0
541	541	J5-541-013	J5-541-067	 right to left	 true or false	0	0.0	0.0	0	0.0	0.0
541	541	J5-541-013	J5-541-068	 right to left	 East and West	0	0.0	0.0	0	0.0	0.0
541	541	J5-541-013	J5-541-069	 right to left	 one by one	0	0.0	0.0	0	0.0	0.0
541	541	J5-541-013	J5-541-070	 right to left	 one after the other	0	0.0	0.0	0	0.0	0.0
541	541	J5-541-013	J5-541-071	 right to left	, go round and round	0	0.0	0.0	0	0.0	0.0
541	541	J5-541-013	J5-541-072	 right to left	 One after another	0	0.0	0.0	0	0.0	0.0
541	541	J5-541-013	J5-541-073	 right to left	 water there, wheeling round and round	0	0.0	0.0	0	0.0	0.0
541	541	J5-541-013	J5-541-074	 right to left	 in and out	0	0.0	0.0	0	0.0	0.0
541	541	J5-541-013	J5-541-075	 right to left	 up and down	0	0.0	0.0	0	0.0	0.0
541	541	J5-541-013	J5-541-076	 right to left	y Dick swam swiftly round and round	0	0.0	0.0	0	0.0	0.0
541	541	J5-541-013	J5-541-077	 right to left	 this or that	0	0.0	0.0	0	0.0	0.0
541	541	J5-541-013	J5-541-078	 right to left	 up and down	0	0.0	0.0	0	0.0	0.0
541	541	J5-541-013	J5-541-079	 right to left	One after the other	0	0.0	0.0	0	0.0	0.0
541	541	J5-541-013	J5-541-080	 right to left	 side to side	0	0.2	0.0	1	0.333333	0.333333
541	541	J5-541-014	J5-541-015	 seldom or never	 one by one	0	0.0	0.0	0	0.0	0.0
541	541	J5-541-014	J5-541-016	 seldom or never	, both large and small	0	0.0	0.0	0	0.0	0.0
541	541	J5-541-014	J5-541-017	 seldom or never	 right and left	0	0.0	0.0	0	0.0	0.0
541	541	J5-541-014	J5-541-018	 seldom or never	 top to bottom	0	0.0	0.0	0	0.0	0.0
541	541	J5-541-014	J5-541-019	 seldom or never	 old and new	0	0.0	0.0	0	0.0	0.0
541	541	J5-541-014	J5-541-020	 seldom or never	 direct and indirect	0	0.0	0.0	0	0.0	0.0
541	541	J5-541-014	J5-541-021	 seldom or never	 hand to hand	0	0.0	0.0	0	0.0	0.0
541	541	J5-541-014	J5-541-022	 seldom or never	 this or that	0	0.2	0.0	1	0.333333	0.333333
541	541	J5-541-014	J5-541-023	 seldom or never	 now and then	0	0.0	0.0	0	0.0	0.0
541	541	J5-541-014	J5-541-024	 seldom or never	 up and down	0	0.0	0.0	0	0.0	0.0
541	541	J5-541-014	J5-541-025	 seldom or never	 hair braided and coiled round and round	0	0.0	0.0	0	0.0	0.0
541	541	J5-541-014	J5-541-026	 seldom or never	 now and then	0	0.0	0.0	0	0.0	0.0
541	541	J5-541-014	J5-541-027	 seldom or never	 up and down	0	0.0	0.0	0	0.0	0.0
541	541	J5-541-014	J5-541-028	 seldom or never	 right and left	0	0.0	0.0	0	0.0	0.0
541	541	J5-541-014	J5-541-029	 seldom or never	 now and then	0	0.0	0.0	0	0.0	0.0
541	541	J5-541-014	J5-541-030	 seldom or never	 served us night after night	0	0.0	0.0	0	0.0	0.0
541	541	J5-541-014	J5-541-031	 seldom or never	 whenever and wherever	0	0.0	0.0	0	0.0	0.0
541	541	J5-541-014	J5-541-032	 seldom or never	, day after day	0	0.0	0.0	0	0.0	0.0
541	541	J5-541-014	J5-541-033	 seldom or never	 up and down	0	0.0	0.0	0	0.0	0.0
541	541	J5-541-014	J5-541-034	 seldom or never	 now and then	0	0.0	0.0	0	0.0	0.0
541	541	J5-541-014	J5-541-035	 seldom or never	 up and down	0	0.0	0.0	0	0.0	0.0
541	541	J5-541-014	J5-541-036	 seldom or never	 up and down	0	0.0	0.0	0	0.0	0.0
541	541	J5-541-014	J5-541-037	 seldom or never	 old and new	0	0.0	0.0	0	0.0	0.0
541	541	J5-541-014	J5-541-038	 seldom or never	 here and there	0	0.0	0.0	0	0.0	0.0
541	541	J5-541-014	J5-541-039	 seldom or never	 Daggoo, straining forwards and backwards	0	0.0	0.0	0	0.0	0.0
541	541	J5-541-014	J5-541-040	 seldom or never	 from first to last	0	0.0	0.0	0	0.0	0.0
541	541	J5-541-014	J5-541-041	 seldom or never	 now and then	0	0.0	0.0	0	0.0	0.0
541	541	J5-541-014	J5-541-042	 seldom or never	 up and down	0	0.0	0.0	0	0.0	0.0
541	541	J5-541-014	J5-541-043	 seldom or never	 here and there	0	0.0	0.0	0	0.0	0.0
541	541	J5-541-014	J5-541-044	 seldom or never	By and by	0	0.0	0.0	0	0.0	0.0
541	541	J5-541-014	J5-541-045	 seldom or never	 now and then	0	0.0	0.0	0	0.0	0.0
541	541	J5-541-014	J5-541-046	 seldom or never	 better or for worse	0	0.166667	0.0	1	0.333333	0.25
541	541	J5-541-014	J5-541-047	 seldom or never	 and thus round and round	0	0.0	0.0	0	0.0	0.0
541	541	J5-541-014	J5-541-048	 seldom or never	Human or animal	0	0.2	0.0	1	0.333333	0.333333
541	541	J5-541-014	J5-541-049	 seldom or never	 up and down	0	0.0	0.0	0	0.0	0.0
541	541	J5-541-014	J5-541-050	 seldom or never	 now and then	0	0.0	0.0	0	0.0	0.0
541	541	J5-541-014	J5-541-051	 seldom or never	 one after the other	0	0.0	0.0	0	0.0	0.0
541	541	J5-541-014	J5-541-052	 seldom or never	 here and there	0	0.0	0.0	0	0.0	0.0
541	541	J5-541-014	J5-541-053	 seldom or never	 shoulder to shoulder	0	0.0	0.0	0	0.0	0.0
541	541	J5-541-014	J5-541-054	 seldom or never	now and then	0	0.0	0.0	0	0.0	0.0
541	541	J5-541-014	J5-541-055	 seldom or never	 now and then	0	0.0	0.0	0	0.0	0.0
541	541	J5-541-014	J5-541-056	 seldom or never	 up and down	0	0.0	0.0	0	0.0	0.0
541	541	J5-541-014	J5-541-057	 seldom or never	 male and female	0	0.0	0.0	0	0.0	0.0
541	541	J5-541-014	J5-541-058	 seldom or never	 here and there	0	0.0	0.0	0	0.0	0.0
541	541	J5-541-014	J5-541-059	 seldom or never	Now and then	0	0.0	0.0	0	0.0	0.0
541	541	J5-541-014	J5-541-060	 seldom or never	 up and down	0	0.0	0.0	0	0.0	0.0
541	541	J5-541-014	J5-541-061	 seldom or never	 here and there	0	0.0	0.0	0	0.0	0.0
541	541	J5-541-014	J5-541-062	 seldom or never	 here and there	0	0.0	0.0	0	0.0	0.0
541	541	J5-541-014	J5-541-063	 seldom or never	 east and west	0	0.0	0.0	0	0.0	0.0
541	541	J5-541-014	J5-541-064	 seldom or never	 each and every	0	0.0	0.0	0	0.0	0.0
541	541	J5-541-014	J5-541-065	 seldom or never	, you can open and shut	0	0.0	0.0	0	0.0	0.0
541	541	J5-541-014	J5-541-066	 seldom or never	 again and again	0	0.0	0.0	0	0.0	0.0
541	541	J5-541-014	J5-541-067	 seldom or never	 true or false	0	0.2	0.0	1	0.333333	0.333333
541	541	J5-541-014	J5-541-068	 seldom or never	 East and West	0	0.0	0.0	0	0.0	0.0
541	541	J5-541-014	J5-541-069	 seldom or never	 one by one	0	0.0	0.0	0	0.0	0.0
541	541	J5-541-014	J5-541-070	 seldom or never	 one after the other	0	0.0	0.0	0	0.0	0.0
541	541	J5-541-014	J5-541-071	 seldom or never	, go round and round	0	0.0	0.0	0	0.0	0.0
541	541	J5-541-014	J5-541-072	 seldom or never	 One after another	0	0.0	0.0	0	0.0	0.0
541	541	J5-541-014	J5-541-073	 seldom or never	 water there, wheeling round and round	0	0.0	0.0	0	0.0	0.0
541	541	J5-541-014	J5-541-074	 seldom or never	 in and out	0	0.0	0.0	0	0.0	0.0
541	541	J5-541-014	J5-541-075	 seldom or never	 up and down	0	0.0	0.0	0	0.0	0.0
541	541	J5-541-014	J5-541-076	 seldom or never	y Dick swam swiftly round and round	0	0.0	0.0	0	0.0	0.0
541	541	J5-541-014	J5-541-077	 seldom or never	 this or that	0	0.2	0.0	1	0.333333	0.333333
541	541	J5-541-014	J5-541-078	 seldom or never	 up and down	0	0.0	0.0	0	0.0	0.0
541	541	J5-541-014	J5-541-079	 seldom or never	One after the other	0	0.0	0.0	0	0.0	0.0
541	541	J5-541-014	J5-541-080	 seldom or never	 side to side	0	0.0	0.0	0	0.0	0.0
541	541	J5-541-015	J5-541-016	 one by one	, both large and small	0	0.0	0.0	0	0.0	0.0
541	541	J5-541-015	J5-541-017	 one by one	 right and left	0	0.0	0.0	0	0.0	0.0
541	541	J5-541-015	J5-541-018	 one by one	 top to bottom	0	0.0	0.0	0	0.0	0.0
541	541	J5-541-015	J5-541-019	 one by one	 old and new	0	0.0	0.0	0	0.0	0.0
541	541	J5-541-015	J5-541-020	 one by one	 direct and indirect	0	0.0	0.0	0	0.0	0.0
541	541	J5-541-015	J5-541-021	 one by one	 hand to hand	0	0.0	0.0	0	0.0	0.0
541	541	J5-541-015	J5-541-022	 one by one	 this or that	0	0.0	0.0	0	0.0	0.0
541	541	J5-541-015	J5-541-023	 one by one	 now and then	0	0.0	0.0	0	0.0	0.0
541	541	J5-541-015	J5-541-024	 one by one	 up and down	0	0.0	0.0	0	0.0	0.0
541	541	J5-541-015	J5-541-025	 one by one	 hair braided and coiled round and round	0	0.0	0.0	0	0.0	0.0
541	541	J5-541-015	J5-541-026	 one by one	 now and then	0	0.0	0.0	0	0.0	0.0
541	541	J5-541-015	J5-541-027	 one by one	 up and down	0	0.0	0.0	0	0.0	0.0
541	541	J5-541-015	J5-541-028	 one by one	 right and left	0	0.0	0.0	0	0.0	0.0
541	541	J5-541-015	J5-541-029	 one by one	 now and then	0	0.0	0.0	0	0.0	0.0
541	541	J5-541-015	J5-541-030	 one by one	 served us night after night	0	0.0	0.0	0	0.0	0.0
541	541	J5-541-015	J5-541-031	 one by one	 whenever and wherever	0	0.0	0.0	0	0.0	0.0
541	541	J5-541-015	J5-541-032	 one by one	, day after day	0	0.0	0.0	0	0.0	0.0
541	541	J5-541-015	J5-541-033	 one by one	 up and down	0	0.0	0.0	0	0.0	0.0
541	541	J5-541-015	J5-541-034	 one by one	 now and then	0	0.0	0.0	0	0.0	0.0
541	541	J5-541-015	J5-541-035	 one by one	 up and down	0	0.0	0.0	0	0.0	0.0
541	541	J5-541-015	J5-541-036	 one by one	 up and down	0	0.0	0.0	0	0.0	0.0
541	541	J5-541-015	J5-541-037	 one by one	 old and new	0	0.0	0.0	0	0.0	0.0
541	541	J5-541-015	J5-541-038	 one by one	 here and there	0	0.0	0.0	0	0.0	0.0
541	541	J5-541-015	J5-541-039	 one by one	 Daggoo, straining forwards and backwards	0	0.0	0.0	0	0.0	0.0
541	541	J5-541-015	J5-541-040	 one by one	 from first to last	0	0.0	0.0	0	0.0	0.0
541	541	J5-541-015	J5-541-041	 one by one	 now and then	0	0.0	0.0	0	0.0	0.0
541	541	J5-541-015	J5-541-042	 one by one	 up and down	0	0.0	0.0	0	0.0	0.0
541	541	J5-541-015	J5-541-043	 one by one	 here and there	0	0.0	0.0	0	0.0	0.0
541	541	J5-541-015	J5-541-044	 one by one	By and by	0	0.2	0.0	1	0.333333	0.333333
541	541	J5-541-015	J5-541-045	 one by one	 now and then	0	0.0	0.0	0	0.0	0.0
541	541	J5-541-015	J5-541-046	 one by one	 better or for worse	0	0.0	0.0	0	0.0	0.0
541	541	J5-541-015	J5-541-047	 one by one	 and thus round and round	0	0.0	0.0	0	0.0	0.0
541	541	J5-541-015	J5-541-048	 one by one	Human or animal	0	0.0	0.0	0	0.0	0.0
541	541	J5-541-015	J5-541-049	 one by one	 up and down	0	0.0	0.0	0	0.0	0.0
541	541	J5-541-015	J5-541-050	 one by one	 now and then	0	0.0	0.0	0	0.0	0.0
541	541	J5-541-015	J5-541-051	 one by one	 one after the other	0	0.166667	0.0	1	0.333333	0.25
541	541	J5-541-015	J5-541-052	 one by one	 here and there	0	0.0	0.0	0	0.0	0.0
541	541	J5-541-015	J5-541-053	 one by one	 shoulder to shoulder	0	0.0	0.0	0	0.0	0.0
541	541	J5-541-015	J5-541-054	 one by one	now and then	0	0.0	0.0	0	0.0	0.0
541	541	J5-541-015	J5-541-055	 one by one	 now and then	0	0.0	0.0	0	0.0	0.0
541	541	J5-541-015	J5-541-056	 one by one	 up and down	0	0.0	0.0	0	0.0	0.0
541	541	J5-541-015	J5-541-057	 one by one	 male and female	0	0.0	0.0	0	0.0	0.0
541	541	J5-541-015	J5-541-058	 one by one	 here and there	0	0.0	0.0	0	0.0	0.0
541	541	J5-541-015	J5-541-059	 one by one	Now and then	0	0.0	0.0	0	0.0	0.0
541	541	J5-541-015	J5-541-060	 one by one	 up and down	0	0.0	0.0	0	0.0	0.0
541	541	J5-541-015	J5-541-061	 one by one	 here and there	0	0.0	0.0	0	0.0	0.0
541	541	J5-541-015	J5-541-062	 one by one	 here and there	0	0.0	0.0	0	0.0	0.0
541	541	J5-541-015	J5-541-063	 one by one	 east and west	0	0.0	0.0	0	0.0	0.0
541	541	J5-541-015	J5-541-064	 one by one	 each and every	0	0.0	0.0	0	0.0	0.0
541	541	J5-541-015	J5-541-065	 one by one	, you can open and shut	0	0.0	0.0	0	0.0	0.0
541	541	J5-541-015	J5-541-066	 one by one	 again and again	0	0.0	0.0	0	0.0	0.0
541	541	J5-541-015	J5-541-067	 one by one	 true or false	0	0.0	0.0	0	0.0	0.0
541	541	J5-541-015	J5-541-068	 one by one	 East and West	0	0.0	0.0	0	0.0	0.0
541	541	J5-541-015	J5-541-069	 one by one	 one by one	1	1.0	1.0	3	1.0	1.0
541	541	J5-541-015	J5-541-070	 one by one	 one after the other	0	0.166667	0.0	1	0.333333	0.25
541	541	J5-541-015	J5-541-071	 one by one	, go round and round	0	0.0	0.0	0	0.0	0.0
541	541	J5-541-015	J5-541-072	 one by one	 One after another	0	0.0	0.0	0	0.0	0.0
541	541	J5-541-015	J5-541-073	 one by one	 water there, wheeling round and round	0	0.0	0.0	0	0.0	0.0
541	541	J5-541-015	J5-541-074	 one by one	 in and out	0	0.0	0.0	0	0.0	0.0
541	541	J5-541-015	J5-541-075	 one by one	 up and down	0	0.0	0.0	0	0.0	0.0
541	541	J5-541-015	J5-541-076	 one by one	y Dick swam swiftly round and round	0	0.0	0.0	0	0.0	0.0
541	541	J5-541-015	J5-541-077	 one by one	 this or that	0	0.0	0.0	0	0.0	0.0
541	541	J5-541-015	J5-541-078	 one by one	 up and down	0	0.0	0.0	0	0.0	0.0
541	541	J5-541-015	J5-541-079	 one by one	One after the other	0	0.0	0.0	0	0.0	0.0
541	541	J5-541-015	J5-541-080	 one by one	 side to side	0	0.0	0.0	0	0.0	0.0
541	541	J5-541-016	J5-541-017	, both large and small	 right and left	0	0.142857	0.0	1	0.2	0.333333
541	541	J5-541-016	J5-541-018	, both large and small	 top to bottom	0	0.0	0.0	0	0.0	0.0
541	541	J5-541-016	J5-541-019	, both large and small	 old and new	0	0.142857	0.0	1	0.2	0.333333
541	541	J5-541-016	J5-541-020	, both large and small	 direct and indirect	0	0.142857	0.0	1	0.2	0.333333
541	541	J5-541-016	J5-541-021	, both large and small	 hand to hand	0	0.0	0.0	0	0.0	0.0
541	541	J5-541-016	J5-541-022	, both large and small	 this or that	0	0.0	0.0	0	0.0	0.0
541	541	J5-541-016	J5-541-023	, both large and small	 now and then	0	0.142857	0.0	1	0.2	0.333333
541	541	J5-541-016	J5-541-024	, both large and small	 up and down	0	0.142857	0.0	1	0.2	0.333333
541	541	J5-541-016	J5-541-025	, both large and small	 hair braided and coiled round and round	0	0.076923	0.0	1	0.2	0.111111
541	541	J5-541-016	J5-541-026	, both large and small	 now and then	0	0.142857	0.0	1	0.2	0.333333
541	541	J5-541-016	J5-541-027	, both large and small	 up and down	0	0.142857	0.0	1	0.2	0.333333
541	541	J5-541-016	J5-541-028	, both large and small	 right and left	0	0.142857	0.0	1	0.2	0.333333
541	541	J5-541-016	J5-541-029	, both large and small	 now and then	0	0.142857	0.0	1	0.2	0.333333
541	541	J5-541-016	J5-541-030	, both large and small	 served us night after night	0	0.0	0.0	0	0.0	0.0
541	541	J5-541-016	J5-541-031	, both large and small	 whenever and wherever	0	0.142857	0.0	1	0.2	0.333333
541	541	J5-541-016	J5-541-032	, both large and small	, day after day	0	0.125	0.0	1	0.2	0.25
541	541	J5-541-016	J5-541-033	, both large and small	 up and down	0	0.142857	0.0	1	0.2	0.333333
541	541	J5-541-016	J5-541-034	, both large and small	 now and then	0	0.142857	0.0	1	0.2	0.333333
541	541	J5-541-016	J5-541-035	, both large and small	 up and down	0	0.142857	0.0	1	0.2	0.333333
541	541	J5-541-016	J5-541-036	, both large and small	 up and down	0	0.142857	0.0	1	0.2	0.333333
541	541	J5-541-016	J5-541-037	, both large and small	 old and new	0	0.142857	0.0	1	0.2	0.333333
541	541	J5-541-016	J5-541-038	, both large and small	 here and there	0	0.142857	0.0	1	0.2	0.333333
541	541	J5-541-016	J5-541-039	, both large and small	 Daggoo, straining forwards and backwards	0	0.181818	0.0	1	0.2	0.125
541	541	J5-541-016	J5-541-040	, both large and small	 from first to last	0	0.0	0.0	0	0.0	0.0
541	541	J5-541-016	J5-541-041	, both large and small	 now and then	0	0.142857	0.0	1	0.2	0.333333
541	541	J5-541-016	J5-541-042	, both large and small	 up and down	0	0.142857	0.0	1	0.2	0.333333
541	541	J5-541-016	J5-541-043	, both large and small	 here and there	0	0.142857	0.0	1	0.2	0.333333
541	541	J5-541-016	J5-541-044	, both large and small	By and by	0	0.142857	0.0	1	0.2	0.333333
541	541	J5-541-016	J5-541-045	, both large and small	 now and then	0	0.142857	0.0	1	0.2	0.333333
541	541	J5-541-016	J5-541-046	, both large and small	 better or for worse	0	0.0	0.0	0	0.0	0.0
541	541	J5-541-016	J5-541-047	, both large and small	 and thus round and round	0	0.111111	0.0	1	0.2	0.2
541	541	J5-541-016	J5-541-048	, both large and small	Human or animal	0	0.0	0.0	0	0.0	0.0
541	541	J5-541-016	J5-541-049	, both large and small	 up and down	0	0.142857	0.0	1	0.2	0.333333
541	541	J5-541-016	J5-541-050	, both large and small	 now and then	0	0.142857	0.0	1	0.2	0.333333
541	541	J5-541-016	J5-541-051	, both large and small	 one after the other	0	0.0	0.0	0	0.0	0.0
541	541	J5-541-016	J5-541-052	, both large and small	 here and there	0	0.142857	0.0	1	0.2	0.333333
541	541	J5-541-016	J5-541-053	, both large and small	 shoulder to shoulder	0	0.0	0.0	0	0.0	0.0
541	541	J5-541-016	J5-541-054	, both large and small	now and then	0	0.142857	0.0	1	0.2	0.333333
541	541	J5-541-016	J5-541-055	, both large and small	 now and then	0	0.142857	0.0	1	0.2	0.333333
541	541	J5-541-016	J5-541-056	, both large and small	 up and down	0	0.142857	0.0	1	0.2	0.333333
541	541	J5-541-016	J5-541-057	, both large and small	 male and female	0	0.142857	0.0	1	0.2	0.333333
541	541	J5-541-016	J5-541-058	, both large and small	 here and there	0	0.142857	0.0	1	0.2	0.333333
541	541	J5-541-016	J5-541-059	, both large and small	Now and then	0	0.142857	0.0	1	0.2	0.333333
541	541	J5-541-016	J5-541-060	, both large and small	 up and down	0	0.142857	0.0	1	0.2	0.333333
541	541	J5-541-016	J5-541-061	, both large and small	 here and there	0	0.142857	0.0	1	0.2	0.333333
541	541	J5-541-016	J5-541-062	, both large and small	 here and there	0	0.142857	0.0	1	0.2	0.333333
541	541	J5-541-016	J5-541-063	, both large and small	 east and west	0	0.142857	0.0	1	0.2	0.333333
541	541	J5-541-016	J5-541-064	, both large and small	 each and every	0	0.142857	0.0	1	0.2	0.333333
541	541	J5-541-016	J5-541-065	, both large and small	, you can open and shut	0	0.222222	0.0	1	0.2	0.166667
541	541	J5-541-016	J5-541-066	, both large and small	 again and again	0	0.142857	0.0	1	0.2	0.333333
541	541	J5-541-016	J5-541-067	, both large and small	 true or false	0	0.0	0.0	0	0.0	0.0
541	541	J5-541-016	J5-541-068	, both large and small	 East and West	0	0.142857	0.0	1	0.2	0.333333
541	541	J5-541-016	J5-541-069	, both large and small	 one by one	0	0.0	0.0	0	0.0	0.0
541	541	J5-541-016	J5-541-070	, both large and small	 one after the other	0	0.0	0.0	0	0.0	0.0
541	541	J5-541-016	J5-541-071	, both large and small	, go round and round	0	0.25	0.0	1	0.2	0.2
541	541	J5-541-016	J5-541-072	, both large and small	 One after another	0	0.0	0.0	0	0.0	0.0
541	541	J5-541-016	J5-541-073	, both large and small	 water there, wheeling round and round	0	0.181818	0.0	1	0.2	0.125
541	541	J5-541-016	J5-541-074	, both large and small	 in and out	0	0.142857	0.0	1	0.2	0.333333
541	541	J5-541-016	J5-541-075	, both large and small	 up and down	0	0.142857	0.0	1	0.2	0.333333
541	541	J5-541-016	J5-541-076	, both large and small	y Dick swam swiftly round and round	0	0.083333	0.0	1	0.2	0.125
541	541	J5-541-016	J5-541-077	, both large and small	 this or that	0	0.0	0.0	0	0.0	0.0
541	541	J5-541-016	J5-541-078	, both large and small	 up and down	0	0.142857	0.0	1	0.2	0.333333
541	541	J5-541-016	J5-541-079	, both large and small	One after the other	0	0.0	0.0	0	0.0	0.0
541	541	J5-541-016	J5-541-080	, both large and small	 side to side	0	0.0	0.0	0	0.0	0.0
541	541	J5-541-017	J5-541-018	 right and left	 top to bottom	0	0.0	0.0	0	0.0	0.0
541	541	J5-541-017	J5-541-019	 right and left	 old and new	0	0.2	0.0	1	0.333333	0.333333
541	541	J5-541-017	J5-541-020	 right and left	 direct and indirect	0	0.2	0.0	1	0.333333	0.333333
541	541	J5-541-017	J5-541-021	 right and left	 hand to hand	0	0.0	0.0	0	0.0	0.0
541	541	J5-541-017	J5-541-022	 right and left	 this or that	0	0.0	0.0	0	0.0	0.0
541	541	J5-541-017	J5-541-023	 right and left	 now and then	0	0.2	0.0	1	0.333333	0.333333
541	541	J5-541-017	J5-541-024	 right and left	 up and down	0	0.2	0.0	1	0.333333	0.333333
541	541	J5-541-017	J5-541-025	 right and left	 hair braided and coiled round and round	0	0.090909	0.0	1	0.333333	0.111111
541	541	J5-541-017	J5-541-026	 right and left	 now and then	0	0.2	0.0	1	0.333333	0.333333
541	541	J5-541-017	J5-541-027	 right and left	 up and down	0	0.2	0.0	1	0.333333	0.333333
541	541	J5-541-017	J5-541-028	 right and left	 right and left	1	1.0	1.0	3	1.0	1.0
541	541	J5-541-017	J5-541-029	 right and left	 now and then	0	0.2	0.0	1	0.333333	0.333333
541	541	J5-541-017	J5-541-030	 right and left	 served us night after night	0	0.0	0.0	0	0.0	0.0
541	541	J5-541-017	J5-541-031	 right and left	 whenever and wherever	0	0.2	0.0	1	0.333333	0.333333
541	541	J5-541-017	J5-541-032	 right and left	, day after day	0	0.0	0.0	0	0.0	0.0
541	541	J5-541-017	J5-541-033	 right and left	 up and down	0	0.2	0.0	1	0.333333	0.333333
541	541	J5-541-017	J5-541-034	 right and left	 now and then	0	0.2	0.0	1	0.333333	0.333333
541	541	J5-541-017	J5-541-035	 right and left	 up and down	0	0.2	0.0	1	0.333333	0.333333
541	541	J5-541-017	J5-541-036	 right and left	 up and down	0	0.2	0.0	1	0.333333	0.333333
541	541	J5-541-017	J5-541-037	 right and left	 old and new	0	0.2	0.0	1	0.333333	0.333333
541	541	J5-541-017	J5-541-038	 right and left	 here and there	0	0.2	0.0	1	0.333333	0.333333
541	541	J5-541-017	J5-541-039	 right and left	 Daggoo, straining forwards and backwards	0	0.1	0.0	1	0.333333	0.125
541	541	J5-541-017	J5-541-040	 right and left	 from first to last	0	0.0	0.0	0	0.0	0.0
541	541	J5-541-017	J5-541-041	 right and left	 now and then	0	0.2	0.0	1	0.333333	0.333333
541	541	J5-541-017	J5-541-042	 right and left	 up and down	0	0.2	0.0	1	0.333333	0.333333
541	541	J5-541-017	J5-541-043	 right and left	 here and there	0	0.2	0.0	1	0.333333	0.333333
541	541	J5-541-017	J5-541-044	 right and left	By and by	0	0.2	0.0	1	0.333333	0.333333
541	541	J5-541-017	J5-541-045	 right and left	 now and then	0	0.2	0.0	1	0.333333	0.333333
541	541	J5-541-017	J5-541-046	 right and left	 better or for worse	0	0.0	0.0	0	0.0	0.0
541	541	J5-541-017	J5-541-047	 right and left	 and thus round and round	0	0.142857	0.0	1	0.333333	0.2
541	541	J5-541-017	J5-541-048	 right and left	Human or animal	0	0.0	0.0	0	0.0	0.0
541	541	J5-541-017	J5-541-049	 right and left	 up and down	0	0.2	0.0	1	0.333333	0.333333
541	541	J5-541-017	J5-541-050	 right and left	 now and then	0	0.2	0.0	1	0.333333	0.333333
541	541	J5-541-017	J5-541-051	 right and left	 one after the other	0	0.0	0.0	0	0.0	0.0
541	541	J5-541-017	J5-541-052	 right and left	 here and there	0	0.2	0.0	1	0.333333	0.333333
541	541	J5-541-017	J5-541-053	 right and left	 shoulder to shoulder	0	0.0	0.0	0	0.0	0.0
541	541	J5-541-017	J5-541-054	 right and left	now and then	0	0.2	0.0	1	0.333333	0.333333
541	541	J5-541-017	J5-541-055	 right and left	 now and then	0	0.2	0.0	1	0.333333	0.333333
541	541	J5-541-017	J5-541-056	 right and left	 up and down	0	0.2	0.0	1	0.333333	0.333333
541	541	J5-541-017	J5-541-057	 right and left	 male and female	0	0.2	0.0	1	0.333333	0.333333
541	541	J5-541-017	J5-541-058	 right and left	 here and there	0	0.2	0.0	1	0.333333	0.333333
541	541	J5-541-017	J5-541-059	 right and left	Now and then	0	0.2	0.0	1	0.333333	0.333333
541	541	J5-541-017	J5-541-060	 right and left	 up and down	0	0.2	0.0	1	0.333333	0.333333
541	541	J5-541-017	J5-541-061	 right and left	 here and there	0	0.2	0.0	1	0.333333	0.333333
541	541	J5-541-017	J5-541-062	 right and left	 here and there	0	0.2	0.0	1	0.333333	0.333333
541	541	J5-541-017	J5-541-063	 right and left	 east and west	0	0.2	0.0	1	0.333333	0.333333
541	541	J5-541-017	J5-541-064	 right and left	 each and every	0	0.2	0.0	1	0.333333	0.333333
541	541	J5-541-017	J5-541-065	 right and left	, you can open and shut	0	0.125	0.0	1	0.333333	0.166667
541	541	J5-541-017	J5-541-066	 right and left	 again and again	0	0.2	0.0	1	0.333333	0.333333
541	541	J5-541-017	J5-541-067	 right and left	 true or false	0	0.0	0.0	0	0.0	0.0
541	541	J5-541-017	J5-541-068	 right and left	 East and West	0	0.2	0.0	1	0.333333	0.333333
541	541	J5-541-017	J5-541-069	 right and left	 one by one	0	0.0	0.0	0	0.0	0.0
541	541	J5-541-017	J5-541-070	 right and left	 one after the other	0	0.0	0.0	0	0.0	0.0
541	541	J5-541-017	J5-541-071	 right and left	, go round and round	0	0.142857	0.0	1	0.333333	0.2
541	541	J5-541-017	J5-541-072	 right and left	 One after another	0	0.0	0.0	0	0.0	0.0
541	541	J5-541-017	J5-541-073	 right and left	 water there, wheeling round and round	0	0.1	0.0	1	0.333333	0.125
541	541	J5-541-017	J5-541-074	 right and left	 in and out	0	0.2	0.0	1	0.333333	0.333333
541	541	J5-541-017	J5-541-075	 right and left	 up and down	0	0.2	0.0	1	0.333333	0.333333
541	541	J5-541-017	J5-541-076	 right and left	y Dick swam swiftly round and round	0	0.1	0.0	1	0.333333	0.125
541	541	J5-541-017	J5-541-077	 right and left	 this or that	0	0.0	0.0	0	0.0	0.0
541	541	J5-541-017	J5-541-078	 right and left	 up and down	0	0.2	0.0	1	0.333333	0.333333
541	541	J5-541-017	J5-541-079	 right and left	One after the other	0	0.0	0.0	0	0.0	0.0
541	541	J5-541-017	J5-541-080	 right and left	 side to side	0	0.0	0.0	0	0.0	0.0
541	541	J5-541-018	J5-541-019	 top to bottom	 old and new	0	0.0	0.0	0	0.0	0.0
541	541	J5-541-018	J5-541-020	 top to bottom	 direct and indirect	0	0.0	0.0	0	0.0	0.0
541	541	J5-541-018	J5-541-021	 top to bottom	 hand to hand	0	0.2	0.0	1	0.333333	0.333333
541	541	J5-541-018	J5-541-022	 top to bottom	 this or that	0	0.0	0.0	0	0.0	0.0
541	541	J5-541-018	J5-541-023	 top to bottom	 now and then	0	0.0	0.0	0	0.0	0.0
541	541	J5-541-018	J5-541-024	 top to bottom	 up and down	0	0.0	0.0	0	0.0	0.0
541	541	J5-541-018	J5-541-025	 top to bottom	 hair braided and coiled round and round	0	0.0	0.0	0	0.0	0.0
541	541	J5-541-018	J5-541-026	 top to bottom	 now and then	0	0.0	0.0	0	0.0	0.0
541	541	J5-541-018	J5-541-027	 top to bottom	 up and down	0	0.0	0.0	0	0.0	0.0
541	541	J5-541-018	J5-541-028	 top to bottom	 right and left	0	0.0	0.0	0	0.0	0.0
541	541	J5-541-018	J5-541-029	 top to bottom	 now and then	0	0.0	0.0	0	0.0	0.0
541	541	J5-541-018	J5-541-030	 top to bottom	 served us night after night	0	0.0	0.0	0	0.0	0.0
541	541	J5-541-018	J5-541-031	 top to bottom	 whenever and wherever	0	0.0	0.0	0	0.0	0.0
541	541	J5-541-018	J5-541-032	 top to bottom	, day after day	0	0.0	0.0	0	0.0	0.0
541	541	J5-541-018	J5-541-033	 top to bottom	 up and down	0	0.0	0.0	0	0.0	0.0
541	541	J5-541-018	J5-541-034	 top to bottom	 now and then	0	0.0	0.0	0	0.0	0.0
541	541	J5-541-018	J5-541-035	 top to bottom	 up and down	0	0.0	0.0	0	0.0	0.0
541	541	J5-541-018	J5-541-036	 top to bottom	 up and down	0	0.0	0.0	0	0.0	0.0
541	541	J5-541-018	J5-541-037	 top to bottom	 old and new	0	0.0	0.0	0	0.0	0.0
541	541	J5-541-018	J5-541-038	 top to bottom	 here and there	0	0.0	0.0	0	0.0	0.0
541	541	J5-541-018	J5-541-039	 top to bottom	 Daggoo, straining forwards and backwards	0	0.0	0.0	0	0.0	0.0
541	541	J5-541-018	J5-541-040	 top to bottom	 from first to last	0	0.166667	0.0	1	0.333333	0.25
541	541	J5-541-018	J5-541-041	 top to bottom	 now and then	0	0.0	0.0	0	0.0	0.0
541	541	J5-541-018	J5-541-042	 top to bottom	 up and down	0	0.0	0.0	0	0.0	0.0
541	541	J5-541-018	J5-541-043	 top to bottom	 here and there	0	0.0	0.0	0	0.0	0.0
541	541	J5-541-018	J5-541-044	 top to bottom	By and by	0	0.0	0.0	0	0.0	0.0
541	541	J5-541-018	J5-541-045	 top to bottom	 now and then	0	0.0	0.0	0	0.0	0.0
541	541	J5-541-018	J5-541-046	 top to bottom	 better or for worse	0	0.0	0.0	0	0.0	0.0
541	541	J5-541-018	J5-541-047	 top to bottom	 and thus round and round	0	0.0	0.0	0	0.0	0.0
541	541	J5-541-018	J5-541-048	 top to bottom	Human or animal	0	0.0	0.0	0	0.0	0.0
541	541	J5-541-018	J5-541-049	 top to bottom	 up and down	0	0.0	0.0	0	0.0	0.0
541	541	J5-541-018	J5-541-050	 top to bottom	 now and then	0	0.0	0.0	0	0.0	0.0
541	541	J5-541-018	J5-541-051	 top to bottom	 one after the other	0	0.0	0.0	0	0.0	0.0
541	541	J5-541-018	J5-541-052	 top to bottom	 here and there	0	0.0	0.0	0	0.0	0.0
541	541	J5-541-018	J5-541-053	 top to bottom	 shoulder to shoulder	0	0.2	0.0	1	0.333333	0.333333
541	541	J5-541-018	J5-541-054	 top to bottom	now and then	0	0.0	0.0	0	0.0	0.0
541	541	J5-541-018	J5-541-055	 top to bottom	 now and then	0	0.0	0.0	0	0.0	0.0
541	541	J5-541-018	J5-541-056	 top to bottom	 up and down	0	0.0	0.0	0	0.0	0.0
541	541	J5-541-018	J5-541-057	 top to bottom	 male and female	0	0.0	0.0	0	0.0	0.0
541	541	J5-541-018	J5-541-058	 top to bottom	 here and there	0	0.0	0.0	0	0.0	0.0
541	541	J5-541-018	J5-541-059	 top to bottom	Now and then	0	0.0	0.0	0	0.0	0.0
541	541	J5-541-018	J5-541-060	 top to bottom	 up and down	0	0.0	0.0	0	0.0	0.0
541	541	J5-541-018	J5-541-061	 top to bottom	 here and there	0	0.0	0.0	0	0.0	0.0
541	541	J5-541-018	J5-541-062	 top to bottom	 here and there	0	0.0	0.0	0	0.0	0.0
541	541	J5-541-018	J5-541-063	 top to bottom	 east and west	0	0.0	0.0	0	0.0	0.0
541	541	J5-541-018	J5-541-064	 top to bottom	 each and every	0	0.0	0.0	0	0.0	0.0
541	541	J5-541-018	J5-541-065	 top to bottom	, you can open and shut	0	0.0	0.0	0	0.0	0.0
541	541	J5-541-018	J5-541-066	 top to bottom	 again and again	0	0.0	0.0	0	0.0	0.0
541	541	J5-541-018	J5-541-067	 top to bottom	 true or false	0	0.0	0.0	0	0.0	0.0
541	541	J5-541-018	J5-541-068	 top to bottom	 East and West	0	0.0	0.0	0	0.0	0.0
541	541	J5-541-018	J5-541-069	 top to bottom	 one by one	0	0.0	0.0	0	0.0	0.0
541	541	J5-541-018	J5-541-070	 top to bottom	 one after the other	0	0.0	0.0	0	0.0	0.0
541	541	J5-541-018	J5-541-071	 top to bottom	, go round and round	0	0.0	0.0	0	0.0	0.0
541	541	J5-541-018	J5-541-072	 top to bottom	 One after another	0	0.0	0.0	0	0.0	0.0
541	541	J5-541-018	J5-541-073	 top to bottom	 water there, wheeling round and round	0	0.0	0.0	0	0.0	0.0
541	541	J5-541-018	J5-541-074	 top to bottom	 in and out	0	0.0	0.0	0	0.0	0.0
541	541	J5-541-018	J5-541-075	 top to bottom	 up and down	0	0.0	0.0	0	0.0	0.0
541	541	J5-541-018	J5-541-076	 top to bottom	y Dick swam swiftly round and round	0	0.0	0.0	0	0.0	0.0
541	541	J5-541-018	J5-541-077	 top to bottom	 this or that	0	0.0	0.0	0	0.0	0.0
541	541	J5-541-018	J5-541-078	 top to bottom	 up and down	0	0.0	0.0	0	0.0	0.0
541	541	J5-541-018	J5-541-079	 top to bottom	One after the other	0	0.0	0.0	0	0.0	0.0
541	541	J5-541-018	J5-541-080	 top to bottom	 side to side	0	0.2	0.0	1	0.333333	0.333333
541	541	J5-541-019	J5-541-020	 old and new	 direct and indirect	0	0.2	0.0	1	0.333333	0.333333
541	541	J5-541-019	J5-541-021	 old and new	 hand to hand	0	0.0	0.0	0	0.0	0.0
541	541	J5-541-019	J5-541-022	 old and new	 this or that	0	0.0	0.0	0	0.0	0.0
541	541	J5-541-019	J5-541-023	 old and new	 now and then	0	0.2	0.0	1	0.333333	0.333333
541	541	J5-541-019	J5-541-024	 old and new	 up and down	0	0.2	0.0	1	0.333333	0.333333
541	541	J5-541-019	J5-541-025	 old and new	 hair braided and coiled round and round	0	0.090909	0.0	1	0.333333	0.111111
541	541	J5-541-019	J5-541-026	 old and new	 now and then	0	0.2	0.0	1	0.333333	0.333333
541	541	J5-541-019	J5-541-027	 old and new	 up and down	0	0.2	0.0	1	0.333333	0.333333
541	541	J5-541-019	J5-541-028	 old and new	 right and left	0	0.2	0.0	1	0.333333	0.333333
541	541	J5-541-019	J5-541-029	 old and new	 now and then	0	0.2	0.0	1	0.333333	0.333333
541	541	J5-541-019	J5-541-030	 old and new	 served us night after night	0	0.0	0.0	0	0.0	0.0
541	541	J5-541-019	J5-541-031	 old and new	 whenever and wherever	0	0.2	0.0	1	0.333333	0.333333
541	541	J5-541-019	J5-541-032	 old and new	, day after day	0	0.0	0.0	0	0.0	0.0
541	541	J5-541-019	J5-541-033	 old and new	 up and down	0	0.2	0.0	1	0.333333	0.333333
541	541	J5-541-019	J5-541-034	 old and new	 now and then	0	0.2	0.0	1	0.333333	0.333333
541	541	J5-541-019	J5-541-035	 old and new	 up and down	0	0.2	0.0	1	0.333333	0.333333
541	541	J5-541-019	J5-541-036	 old and new	 up and down	0	0.2	0.0	1	0.333333	0.333333
541	541	J5-541-019	J5-541-037	 old and new	 old and new	1	1.0	1.0	3	1.0	1.0
541	541	J5-541-019	J5-541-038	 old and new	 here and there	0	0.2	0.0	1	0.333333	0.333333
541	541	J5-541-019	J5-541-039	 old and new	 Daggoo, straining forwards and backwards	0	0.1	0.0	1	0.333333	0.125
541	541	J5-541-019	J5-541-040	 old and new	 from first to last	0	0.0	0.0	0	0.0	0.0
541	541	J5-541-019	J5-541-041	 old and new	 now and then	0	0.2	0.0	1	0.333333	0.333333
541	541	J5-541-019	J5-541-042	 old and new	 up and down	0	0.2	0.0	1	0.333333	0.333333
541	541	J5-541-019	J5-541-043	 old and new	 here and there	0	0.2	0.0	1	0.333333	0.333333
541	541	J5-541-019	J5-541-044	 old and new	By and by	0	0.2	0.0	1	0.333333	0.333333
541	541	J5-541-019	J5-541-045	 old and new	 now and then	0	0.2	0.0	1	0.333333	0.333333
541	541	J5-541-019	J5-541-046	 old and new	 better or for worse	0	0.0	0.0	0	0.0	0.0
541	541	J5-541-019	J5-541-047	 old and new	 and thus round and round	0	0.142857	0.0	1	0.333333	0.2
541	541	J5-541-019	J5-541-048	 old and new	Human or animal	0	0.0	0.0	0	0.0	0.0
541	541	J5-541-019	J5-541-049	 old and new	 up and down	0	0.2	0.0	1	0.333333	0.333333
541	541	J5-541-019	J5-541-050	 old and new	 now and then	0	0.2	0.0	1	0.333333	0.333333
541	541	J5-541-019	J5-541-051	 old and new	 one after the other	0	0.0	0.0	0	0.0	0.0
541	541	J5-541-019	J5-541-052	 old and new	 here and there	0	0.2	0.0	1	0.333333	0.333333
541	541	J5-541-019	J5-541-053	 old and new	 shoulder to shoulder	0	0.0	0.0	0	0.0	0.0
541	541	J5-541-019	J5-541-054	 old and new	now and then	0	0.2	0.0	1	0.333333	0.333333
541	541	J5-541-019	J5-541-055	 old and new	 now and then	0	0.2	0.0	1	0.333333	0.333333
541	541	J5-541-019	J5-541-056	 old and new	 up and down	0	0.2	0.0	1	0.333333	0.333333
541	541	J5-541-019	J5-541-057	 old and new	 male and female	0	0.2	0.0	1	0.333333	0.333333
541	541	J5-541-019	J5-541-058	 old and new	 here and there	0	0.2	0.0	1	0.333333	0.333333
541	541	J5-541-019	J5-541-059	 old and new	Now and then	0	0.2	0.0	1	0.333333	0.333333
541	541	J5-541-019	J5-541-060	 old and new	 up and down	0	0.2	0.0	1	0.333333	0.333333
541	541	J5-541-019	J5-541-061	 old and new	 here and there	0	0.2	0.0	1	0.333333	0.333333
541	541	J5-541-019	J5-541-062	 old and new	 here and there	0	0.2	0.0	1	0.333333	0.333333
541	541	J5-541-019	J5-541-063	 old and new	 east and west	0	0.2	0.0	1	0.333333	0.333333
541	541	J5-541-019	J5-541-064	 old and new	 each and every	0	0.2	0.0	1	0.333333	0.333333
541	541	J5-541-019	J5-541-065	 old and new	, you can open and shut	0	0.125	0.0	1	0.333333	0.166667
541	541	J5-541-019	J5-541-066	 old and new	 again and again	0	0.2	0.0	1	0.333333	0.333333
541	541	J5-541-019	J5-541-067	 old and new	 true or false	0	0.0	0.0	0	0.0	0.0
541	541	J5-541-019	J5-541-068	 old and new	 East and West	0	0.2	0.0	1	0.333333	0.333333
541	541	J5-541-019	J5-541-069	 old and new	 one by one	0	0.0	0.0	0	0.0	0.0
541	541	J5-541-019	J5-541-070	 old and new	 one after the other	0	0.0	0.0	0	0.0	0.0
541	541	J5-541-019	J5-541-071	 old and new	, go round and round	0	0.142857	0.0	1	0.333333	0.2
541	541	J5-541-019	J5-541-072	 old and new	 One after another	0	0.0	0.0	0	0.0	0.0
541	541	J5-541-019	J5-541-073	 old and new	 water there, wheeling round and round	0	0.1	0.0	1	0.333333	0.125
541	541	J5-541-019	J5-541-074	 old and new	 in and out	0	0.2	0.0	1	0.333333	0.333333
541	541	J5-541-019	J5-541-075	 old and new	 up and down	0	0.2	0.0	1	0.333333	0.333333
541	541	J5-541-019	J5-541-076	 old and new	y Dick swam swiftly round and round	0	0.1	0.0	1	0.333333	0.125
541	541	J5-541-019	J5-541-077	 old and new	 this or that	0	0.0	0.0	0	0.0	0.0
541	541	J5-541-019	J5-541-078	 old and new	 up and down	0	0.2	0.0	1	0.333333	0.333333
541	541	J5-541-019	J5-541-079	 old and new	One after the other	0	0.0	0.0	0	0.0	0.0
541	541	J5-541-019	J5-541-080	 old and new	 side to side	0	0.0	0.0	0	0.0	0.0
541	541	J5-541-020	J5-541-021	 direct and indirect	 hand to hand	0	0.0	0.0	0	0.0	0.0
541	541	J5-541-020	J5-541-022	 direct and indirect	 this or that	0	0.0	0.0	0	0.0	0.0
541	541	J5-541-020	J5-541-023	 direct and indirect	 now and then	0	0.2	0.0	1	0.333333	0.333333
541	541	J5-541-020	J5-541-024	 direct and indirect	 up and down	0	0.2	0.0	1	0.333333	0.333333
541	541	J5-541-020	J5-541-025	 direct and indirect	 hair braided and coiled round and round	0	0.090909	0.0	1	0.333333	0.111111
541	541	J5-541-020	J5-541-026	 direct and indirect	 now and then	0	0.2	0.0	1	0.333333	0.333333
541	541	J5-541-020	J5-541-027	 direct and indirect	 up and down	0	0.2	0.0	1	0.333333	0.333333
541	541	J5-541-020	J5-541-028	 direct and indirect	 right and left	0	0.2	0.0	1	0.333333	0.333333
541	541	J5-541-020	J5-541-029	 direct and indirect	 now and then	0	0.2	0.0	1	0.333333	0.333333
541	541	J5-541-020	J5-541-030	 direct and indirect	 served us night after night	0	0.0	0.0	0	0.0	0.0
541	541	J5-541-020	J5-541-031	 direct and indirect	 whenever and wherever	0	0.2	0.0	1	0.333333	0.333333
541	541	J5-541-020	J5-541-032	 direct and indirect	, day after day	0	0.0	0.0	0	0.0	0.0
541	541	J5-541-020	J5-541-033	 direct and indirect	 up and down	0	0.2	0.0	1	0.333333	0.333333
541	541	J5-541-020	J5-541-034	 direct and indirect	 now and then	0	0.2	0.0	1	0.333333	0.333333
541	541	J5-541-020	J5-541-035	 direct and indirect	 up and down	0	0.2	0.0	1	0.333333	0.333333
541	541	J5-541-020	J5-541-036	 direct and indirect	 up and down	0	0.2	0.0	1	0.333333	0.333333
541	541	J5-541-020	J5-541-037	 direct and indirect	 old and new	0	0.2	0.0	1	0.333333	0.333333
541	541	J5-541-020	J5-541-038	 direct and indirect	 here and there	0	0.2	0.0	1	0.333333	0.333333
541	541	J5-541-020	J5-541-039	 direct and indirect	 Daggoo, straining forwards and backwards	0	0.1	0.0	1	0.333333	0.125
541	541	J5-541-020	J5-541-040	 direct and indirect	 from first to last	0	0.0	0.0	0	0.0	0.0
541	541	J5-541-020	J5-541-041	 direct and indirect	 now and then	0	0.2	0.0	1	0.333333	0.333333
541	541	J5-541-020	J5-541-042	 direct and indirect	 up and down	0	0.2	0.0	1	0.333333	0.333333
541	541	J5-541-020	J5-541-043	 direct and indirect	 here and there	0	0.2	0.0	1	0.333333	0.333333
541	541	J5-541-020	J5-541-044	 direct and indirect	By and by	0	0.2	0.0	1	0.333333	0.333333
541	541	J5-541-020	J5-541-045	 direct and indirect	 now and then	0	0.2	0.0	1	0.333333	0.333333
541	541	J5-541-020	J5-541-046	 direct and indirect	 better or for worse	0	0.0	0.0	0	0.0	0.0
541	541	J5-541-020	J5-541-047	 direct and indirect	 and thus round and round	0	0.142857	0.0	1	0.333333	0.2
541	541	J5-541-020	J5-541-048	 direct and indirect	Human or animal	0	0.0	0.0	0	0.0	0.0
541	541	J5-541-020	J5-541-049	 direct and indirect	 up and down	0	0.2	0.0	1	0.333333	0.333333
541	541	J5-541-020	J5-541-050	 direct and indirect	 now and then	0	0.2	0.0	1	0.333333	0.333333
541	541	J5-541-020	J5-541-051	 direct and indirect	 one after the other	0	0.0	0.0	0	0.0	0.0
541	541	J5-541-020	J5-541-052	 direct and indirect	 here and there	0	0.2	0.0	1	0.333333	0.333333
541	541	J5-541-020	J5-541-053	 direct and indirect	 shoulder to shoulder	0	0.0	0.0	0	0.0	0.0
541	541	J5-541-020	J5-541-054	 direct and indirect	now and then	0	0.2	0.0	1	0.333333	0.333333
541	541	J5-541-020	J5-541-055	 direct and indirect	 now and then	0	0.2	0.0	1	0.333333	0.333333
541	541	J5-541-020	J5-541-056	 direct and indirect	 up and down	0	0.2	0.0	1	0.333333	0.333333
541	541	J5-541-020	J5-541-057	 direct and indirect	 male and female	0	0.2	0.0	1	0.333333	0.333333
541	541	J5-541-020	J5-541-058	 direct and indirect	 here and there	0	0.2	0.0	1	0.333333	0.333333
541	541	J5-541-020	J5-541-059	 direct and indirect	Now and then	0	0.2	0.0	1	0.333333	0.333333
541	541	J5-541-020	J5-541-060	 direct and indirect	 up and down	0	0.2	0.0	1	0.333333	0.333333
541	541	J5-541-020	J5-541-061	 direct and indirect	 here and there	0	0.2	0.0	1	0.333333	0.333333
541	541	J5-541-020	J5-541-062	 direct and indirect	 here and there	0	0.2	0.0	1	0.333333	0.333333
541	541	J5-541-020	J5-541-063	 direct and indirect	 east and west	0	0.2	0.0	1	0.333333	0.333333
541	541	J5-541-020	J5-541-064	 direct and indirect	 each and every	0	0.2	0.0	1	0.333333	0.333333
541	541	J5-541-020	J5-541-065	 direct and indirect	, you can open and shut	0	0.125	0.0	1	0.333333	0.166667
541	541	J5-541-020	J5-541-066	 direct and indirect	 again and again	0	0.2	0.0	1	0.333333	0.333333
541	541	J5-541-020	J5-541-067	 direct and indirect	 true or false	0	0.0	0.0	0	0.0	0.0
541	541	J5-541-020	J5-541-068	 direct and indirect	 East and West	0	0.2	0.0	1	0.333333	0.333333
541	541	J5-541-020	J5-541-069	 direct and indirect	 one by one	0	0.0	0.0	0	0.0	0.0
541	541	J5-541-020	J5-541-070	 direct and indirect	 one after the other	0	0.0	0.0	0	0.0	0.0
541	541	J5-541-020	J5-541-071	 direct and indirect	, go round and round	0	0.142857	0.0	1	0.333333	0.2
541	541	J5-541-020	J5-541-072	 direct and indirect	 One after another	0	0.0	0.0	0	0.0	0.0
541	541	J5-541-020	J5-541-073	 direct and indirect	 water there, wheeling round and round	0	0.1	0.0	1	0.333333	0.125
541	541	J5-541-020	J5-541-074	 direct and indirect	 in and out	0	0.2	0.0	1	0.333333	0.333333
541	541	J5-541-020	J5-541-075	 direct and indirect	 up and down	0	0.2	0.0	1	0.333333	0.333333
541	541	J5-541-020	J5-541-076	 direct and indirect	y Dick swam swiftly round and round	0	0.1	0.0	1	0.333333	0.125
541	541	J5-541-020	J5-541-077	 direct and indirect	 this or that	0	0.0	0.0	0	0.0	0.0
541	541	J5-541-020	J5-541-078	 direct and indirect	 up and down	0	0.2	0.0	1	0.333333	0.333333
541	541	J5-541-020	J5-541-079	 direct and indirect	One after the other	0	0.0	0.0	0	0.0	0.0
541	541	J5-541-020	J5-541-080	 direct and indirect	 side to side	0	0.0	0.0	0	0.0	0.0
541	541	J5-541-021	J5-541-022	 hand to hand	 this or that	0	0.0	0.0	0	0.0	0.0
541	541	J5-541-021	J5-541-023	 hand to hand	 now and then	0	0.0	0.0	0	0.0	0.0
541	541	J5-541-021	J5-541-024	 hand to hand	 up and down	0	0.0	0.0	0	0.0	0.0
541	541	J5-541-021	J5-541-025	 hand to hand	 hair braided and coiled round and round	0	0.0	0.0	0	0.0	0.0
541	541	J5-541-021	J5-541-026	 hand to hand	 now and then	0	0.0	0.0	0	0.0	0.0
541	541	J5-541-021	J5-541-027	 hand to hand	 up and down	0	0.0	0.0	0	0.0	0.0
541	541	J5-541-021	J5-541-028	 hand to hand	 right and left	0	0.0	0.0	0	0.0	0.0
541	541	J5-541-021	J5-541-029	 hand to hand	 now and then	0	0.0	0.0	0	0.0	0.0
541	541	J5-541-021	J5-541-030	 hand to hand	 served us night after night	0	0.0	0.0	0	0.0	0.0
541	541	J5-541-021	J5-541-031	 hand to hand	 whenever and wherever	0	0.0	0.0	0	0.0	0.0
541	541	J5-541-021	J5-541-032	 hand to hand	, day after day	0	0.0	0.0	0	0.0	0.0
541	541	J5-541-021	J5-541-033	 hand to hand	 up and down	0	0.0	0.0	0	0.0	0.0
541	541	J5-541-021	J5-541-034	 hand to hand	 now and then	0	0.0	0.0	0	0.0	0.0
541	541	J5-541-021	J5-541-035	 hand to hand	 up and down	0	0.0	0.0	0	0.0	0.0
541	541	J5-541-021	J5-541-036	 hand to hand	 up and down	0	0.0	0.0	0	0.0	0.0
541	541	J5-541-021	J5-541-037	 hand to hand	 old and new	0	0.0	0.0	0	0.0	0.0
541	541	J5-541-021	J5-541-038	 hand to hand	 here and there	0	0.0	0.0	0	0.0	0.0
541	541	J5-541-021	J5-541-039	 hand to hand	 Daggoo, straining forwards and backwards	0	0.0	0.0	0	0.0	0.0
541	541	J5-541-021	J5-541-040	 hand to hand	 from first to last	0	0.166667	0.0	1	0.333333	0.25
541	541	J5-541-021	J5-541-041	 hand to hand	 now and then	0	0.0	0.0	0	0.0	0.0
541	541	J5-541-021	J5-541-042	 hand to hand	 up and down	0	0.0	0.0	0	0.0	0.0
541	541	J5-541-021	J5-541-043	 hand to hand	 here and there	0	0.0	0.0	0	0.0	0.0
541	541	J5-541-021	J5-541-044	 hand to hand	By and by	0	0.0	0.0	0	0.0	0.0
541	541	J5-541-021	J5-541-045	 hand to hand	 now and then	0	0.0	0.0	0	0.0	0.0
541	541	J5-541-021	J5-541-046	 hand to hand	 better or for worse	0	0.0	0.0	0	0.0	0.0
541	541	J5-541-021	J5-541-047	 hand to hand	 and thus round and round	0	0.0	0.0	0	0.0	0.0
541	541	J5-541-021	J5-541-048	 hand to hand	Human or animal	0	0.0	0.0	0	0.0	0.0
541	541	J5-541-021	J5-541-049	 hand to hand	 up and down	0	0.0	0.0	0	0.0	0.0
541	541	J5-541-021	J5-541-050	 hand to hand	 now and then	0	0.0	0.0	0	0.0	0.0
541	541	J5-541-021	J5-541-051	 hand to hand	 one after the other	0	0.0	0.0	0	0.0	0.0
541	541	J5-541-021	J5-541-052	 hand to hand	 here and there	0	0.0	0.0	0	0.0	0.0
541	541	J5-541-021	J5-541-053	 hand to hand	 shoulder to shoulder	0	0.2	0.0	1	0.333333	0.333333
541	541	J5-541-021	J5-541-054	 hand to hand	now and then	0	0.0	0.0	0	0.0	0.0
541	541	J5-541-021	J5-541-055	 hand to hand	 now and then	0	0.0	0.0	0	0.0	0.0
541	541	J5-541-021	J5-541-056	 hand to hand	 up and down	0	0.0	0.0	0	0.0	0.0
541	541	J5-541-021	J5-541-057	 hand to hand	 male and female	0	0.0	0.0	0	0.0	0.0
541	541	J5-541-021	J5-541-058	 hand to hand	 here and there	0	0.0	0.0	0	0.0	0.0
541	541	J5-541-021	J5-541-059	 hand to hand	Now and then	0	0.0	0.0	0	0.0	0.0
541	541	J5-541-021	J5-541-060	 hand to hand	 up and down	0	0.0	0.0	0	0.0	0.0
541	541	J5-541-021	J5-541-061	 hand to hand	 here and there	0	0.0	0.0	0	0.0	0.0
541	541	J5-541-021	J5-541-062	 hand to hand	 here and there	0	0.0	0.0	0	0.0	0.0
541	541	J5-541-021	J5-541-063	 hand to hand	 east and west	0	0.0	0.0	0	0.0	0.0
541	541	J5-541-021	J5-541-064	 hand to hand	 each and every	0	0.0	0.0	0	0.0	0.0
541	541	J5-541-021	J5-541-065	 hand to hand	, you can open and shut	0	0.0	0.0	0	0.0	0.0
541	541	J5-541-021	J5-541-066	 hand to hand	 again and again	0	0.0	0.0	0	0.0	0.0
541	541	J5-541-021	J5-541-067	 hand to hand	 true or false	0	0.0	0.0	0	0.0	0.0
541	541	J5-541-021	J5-541-068	 hand to hand	 East and West	0	0.0	0.0	0	0.0	0.0
541	541	J5-541-021	J5-541-069	 hand to hand	 one by one	0	0.0	0.0	0	0.0	0.0
541	541	J5-541-021	J5-541-070	 hand to hand	 one after the other	0	0.0	0.0	0	0.0	0.0
541	541	J5-541-021	J5-541-071	 hand to hand	, go round and round	0	0.0	0.0	0	0.0	0.0
541	541	J5-541-021	J5-541-072	 hand to hand	 One after another	0	0.0	0.0	0	0.0	0.0
541	541	J5-541-021	J5-541-073	 hand to hand	 water there, wheeling round and round	0	0.0	0.0	0	0.0	0.0
541	541	J5-541-021	J5-541-074	 hand to hand	 in and out	0	0.0	0.0	0	0.0	0.0
541	541	J5-541-021	J5-541-075	 hand to hand	 up and down	0	0.0	0.0	0	0.0	0.0
541	541	J5-541-021	J5-541-076	 hand to hand	y Dick swam swiftly round and round	0	0.0	0.0	0	0.0	0.0
541	541	J5-541-021	J5-541-077	 hand to hand	 this or that	0	0.0	0.0	0	0.0	0.0
541	541	J5-541-021	J5-541-078	 hand to hand	 up and down	0	0.0	0.0	0	0.0	0.0
541	541	J5-541-021	J5-541-079	 hand to hand	One after the other	0	0.0	0.0	0	0.0	0.0
541	541	J5-541-021	J5-541-080	 hand to hand	 side to side	0	0.2	0.0	1	0.333333	0.333333
541	541	J5-541-022	J5-541-023	 this or that	 now and then	0	0.0	0.0	0	0.0	0.0
541	541	J5-541-022	J5-541-024	 this or that	 up and down	0	0.0	0.0	0	0.0	0.0
541	541	J5-541-022	J5-541-025	 this or that	 hair braided and coiled round and round	0	0.0	0.0	0	0.0	0.0
541	541	J5-541-022	J5-541-026	 this or that	 now and then	0	0.0	0.0	0	0.0	0.0
541	541	J5-541-022	J5-541-027	 this or that	 up and down	0	0.0	0.0	0	0.0	0.0
541	541	J5-541-022	J5-541-028	 this or that	 right and left	0	0.0	0.0	0	0.0	0.0
541	541	J5-541-022	J5-541-029	 this or that	 now and then	0	0.0	0.0	0	0.0	0.0
541	541	J5-541-022	J5-541-030	 this or that	 served us night after night	0	0.0	0.0	0	0.0	0.0
541	541	J5-541-022	J5-541-031	 this or that	 whenever and wherever	0	0.0	0.0	0	0.0	0.0
541	541	J5-541-022	J5-541-032	 this or that	, day after day	0	0.0	0.0	0	0.0	0.0
541	541	J5-541-022	J5-541-033	 this or that	 up and down	0	0.0	0.0	0	0.0	0.0
541	541	J5-541-022	J5-541-034	 this or that	 now and then	0	0.0	0.0	0	0.0	0.0
541	541	J5-541-022	J5-541-035	 this or that	 up and down	0	0.0	0.0	0	0.0	0.0
541	541	J5-541-022	J5-541-036	 this or that	 up and down	0	0.0	0.0	0	0.0	0.0
541	541	J5-541-022	J5-541-037	 this or that	 old and new	0	0.0	0.0	0	0.0	0.0
541	541	J5-541-022	J5-541-038	 this or that	 here and there	0	0.0	0.0	0	0.0	0.0
541	541	J5-541-022	J5-541-039	 this or that	 Daggoo, straining forwards and backwards	0	0.0	0.0	0	0.0	0.0
541	541	J5-541-022	J5-541-040	 this or that	 from first to last	0	0.0	0.0	0	0.0	0.0
541	541	J5-541-022	J5-541-041	 this or that	 now and then	0	0.0	0.0	0	0.0	0.0
541	541	J5-541-022	J5-541-042	 this or that	 up and down	0	0.0	0.0	0	0.0	0.0
541	541	J5-541-022	J5-541-043	 this or that	 here and there	0	0.0	0.0	0	0.0	0.0
541	541	J5-541-022	J5-541-044	 this or that	By and by	0	0.0	0.0	0	0.0	0.0
541	541	J5-541-022	J5-541-045	 this or that	 now and then	0	0.0	0.0	0	0.0	0.0
541	541	J5-541-022	J5-541-046	 this or that	 better or for worse	0	0.166667	0.0	1	0.333333	0.25
541	541	J5-541-022	J5-541-047	 this or that	 and thus round and round	0	0.0	0.0	0	0.0	0.0
541	541	J5-541-022	J5-541-048	 this or that	Human or animal	0	0.2	0.0	1	0.333333	0.333333
541	541	J5-541-022	J5-541-049	 this or that	 up and down	0	0.0	0.0	0	0.0	0.0
541	541	J5-541-022	J5-541-050	 this or that	 now and then	0	0.0	0.0	0	0.0	0.0
541	541	J5-541-022	J5-541-051	 this or that	 one after the other	0	0.0	0.0	0	0.0	0.0
541	541	J5-541-022	J5-541-052	 this or that	 here and there	0	0.0	0.0	0	0.0	0.0
541	541	J5-541-022	J5-541-053	 this or that	 shoulder to shoulder	0	0.0	0.0	0	0.0	0.0
541	541	J5-541-022	J5-541-054	 this or that	now and then	0	0.0	0.0	0	0.0	0.0
541	541	J5-541-022	J5-541-055	 this or that	 now and then	0	0.0	0.0	0	0.0	0.0
541	541	J5-541-022	J5-541-056	 this or that	 up and down	0	0.0	0.0	0	0.0	0.0
541	541	J5-541-022	J5-541-057	 this or that	 male and female	0	0.0	0.0	0	0.0	0.0
541	541	J5-541-022	J5-541-058	 this or that	 here and there	0	0.0	0.0	0	0.0	0.0
541	541	J5-541-022	J5-541-059	 this or that	Now and then	0	0.0	0.0	0	0.0	0.0
541	541	J5-541-022	J5-541-060	 this or that	 up and down	0	0.0	0.0	0	0.0	0.0
541	541	J5-541-022	J5-541-061	 this or that	 here and there	0	0.0	0.0	0	0.0	0.0
541	541	J5-541-022	J5-541-062	 this or that	 here and there	0	0.0	0.0	0	0.0	0.0
541	541	J5-541-022	J5-541-063	 this or that	 east and west	0	0.0	0.0	0	0.0	0.0
541	541	J5-541-022	J5-541-064	 this or that	 each and every	0	0.0	0.0	0	0.0	0.0
541	541	J5-541-022	J5-541-065	 this or that	, you can open and shut	0	0.0	0.0	0	0.0	0.0
541	541	J5-541-022	J5-541-066	 this or that	 again and again	0	0.0	0.0	0	0.0	0.0
541	541	J5-541-022	J5-541-067	 this or that	 true or false	0	0.2	0.0	1	0.333333	0.333333
541	541	J5-541-022	J5-541-068	 this or that	 East and West	0	0.0	0.0	0	0.0	0.0
541	541	J5-541-022	J5-541-069	 this or that	 one by one	0	0.0	0.0	0	0.0	0.0
541	541	J5-541-022	J5-541-070	 this or that	 one after the other	0	0.0	0.0	0	0.0	0.0
541	541	J5-541-022	J5-541-071	 this or that	, go round and round	0	0.0	0.0	0	0.0	0.0
541	541	J5-541-022	J5-541-072	 this or that	 One after another	0	0.0	0.0	0	0.0	0.0
541	541	J5-541-022	J5-541-073	 this or that	 water there, wheeling round and round	0	0.0	0.0	0	0.0	0.0
541	541	J5-541-022	J5-541-074	 this or that	 in and out	0	0.0	0.0	0	0.0	0.0
541	541	J5-541-022	J5-541-075	 this or that	 up and down	0	0.0	0.0	0	0.0	0.0
541	541	J5-541-022	J5-541-076	 this or that	y Dick swam swiftly round and round	0	0.0	0.0	0	0.0	0.0
541	541	J5-541-022	J5-541-077	 this or that	 this or that	1	1.0	1.0	3	1.0	1.0
541	541	J5-541-022	J5-541-078	 this or that	 up and down	0	0.0	0.0	0	0.0	0.0
541	541	J5-541-022	J5-541-079	 this or that	One after the other	0	0.0	0.0	0	0.0	0.0
541	541	J5-541-022	J5-541-080	 this or that	 side to side	0	0.0	0.0	0	0.0	0.0
541	541	J5-541-023	J5-541-024	 now and then	 up and down	0	0.2	0.0	1	0.333333	0.333333
541	541	J5-541-023	J5-541-025	 now and then	 hair braided and coiled round and round	0	0.090909	0.0	1	0.333333	0.111111
541	541	J5-541-023	J5-541-026	 now and then	 now and then	1	1.0	1.0	3	1.0	1.0
541	541	J5-541-023	J5-541-027	 now and then	 up and down	0	0.2	0.0	1	0.333333	0.333333
541	541	J5-541-023	J5-541-028	 now and then	 right and left	0	0.2	0.0	1	0.333333	0.333333
541	541	J5-541-023	J5-541-029	 now and then	 now and then	1	1.0	1.0	3	1.0	1.0
541	541	J5-541-023	J5-541-030	 now and then	 served us night after night	0	0.0	0.0	0	0.0	0.0
541	541	J5-541-023	J5-541-031	 now and then	 whenever and wherever	0	0.2	0.0	1	0.333333	0.333333
541	541	J5-541-023	J5-541-032	 now and then	, day after day	0	0.0	0.0	0	0.0	0.0
541	541	J5-541-023	J5-541-033	 now and then	 up and down	0	0.2	0.0	1	0.333333	0.333333
541	541	J5-541-023	J5-541-034	 now and then	 now and then	1	1.0	1.0	3	1.0	1.0
541	541	J5-541-023	J5-541-035	 now and then	 up and down	0	0.2	0.0	1	0.333333	0.333333
541	541	J5-541-023	J5-541-036	 now and then	 up and down	0	0.2	0.0	1	0.333333	0.333333
541	541	J5-541-023	J5-541-037	 now and then	 old and new	0	0.2	0.0	1	0.333333	0.333333
541	541	J5-541-023	J5-541-038	 now and then	 here and there	0	0.2	0.0	1	0.333333	0.333333
541	541	J5-541-023	J5-541-039	 now and then	 Daggoo, straining forwards and backwards	0	0.1	0.0	1	0.333333	0.125
541	541	J5-541-023	J5-541-040	 now and then	 from first to last	0	0.0	0.0	0	0.0	0.0
541	541	J5-541-023	J5-541-041	 now and then	 now and then	1	1.0	1.0	3	1.0	1.0
541	541	J5-541-023	J5-541-042	 now and then	 up and down	0	0.2	0.0	1	0.333333	0.333333
541	541	J5-541-023	J5-541-043	 now and then	 here and there	0	0.2	0.0	1	0.333333	0.333333
541	541	J5-541-023	J5-541-044	 now and then	By and by	0	0.2	0.0	1	0.333333	0.333333
541	541	J5-541-023	J5-541-045	 now and then	 now and then	1	1.0	1.0	3	1.0	1.0
541	541	J5-541-023	J5-541-046	 now and then	 better or for worse	0	0.0	0.0	0	0.0	0.0
541	541	J5-541-023	J5-541-047	 now and then	 and thus round and round	0	0.142857	0.0	1	0.333333	0.2
541	541	J5-541-023	J5-541-048	 now and then	Human or animal	0	0.0	0.0	0	0.0	0.0
541	541	J5-541-023	J5-541-049	 now and then	 up and down	0	0.2	0.0	1	0.333333	0.333333
541	541	J5-541-023	J5-541-050	 now and then	 now and then	1	1.0	1.0	3	1.0	1.0
541	541	J5-541-023	J5-541-051	 now and then	 one after the other	0	0.0	0.0	0	0.0	0.0
541	541	J5-541-023	J5-541-052	 now and then	 here and there	0	0.2	0.0	1	0.333333	0.333333
541	541	J5-541-023	J5-541-053	 now and then	 shoulder to shoulder	0	0.0	0.0	0	0.0	0.0
541	541	J5-541-023	J5-541-054	 now and then	now and then	0	0.5	0.333333	2	0.666667	0.666667
541	541	J5-541-023	J5-541-055	 now and then	 now and then	1	1.0	1.0	3	1.0	1.0
541	541	J5-541-023	J5-541-056	 now and then	 up and down	0	0.2	0.0	1	0.333333	0.333333
541	541	J5-541-023	J5-541-057	 now and then	 male and female	0	0.2	0.0	1	0.333333	0.333333
541	541	J5-541-023	J5-541-058	 now and then	 here and there	0	0.2	0.0	1	0.333333	0.333333
541	541	J5-541-023	J5-541-059	 now and then	Now and then	0	0.5	0.333333	2	0.666667	0.666667
541	541	J5-541-023	J5-541-060	 now and then	 up and down	0	0.2	0.0	1	0.333333	0.333333
541	541	J5-541-023	J5-541-061	 now and then	 here and there	0	0.2	0.0	1	0.333333	0.333333
541	541	J5-541-023	J5-541-062	 now and then	 here and there	0	0.2	0.0	1	0.333333	0.333333
541	541	J5-541-023	J5-541-063	 now and then	 east and west	0	0.2	0.0	1	0.333333	0.333333
541	541	J5-541-023	J5-541-064	 now and then	 each and every	0	0.2	0.0	1	0.333333	0.333333
541	541	J5-541-023	J5-541-065	 now and then	, you can open and shut	0	0.125	0.0	1	0.333333	0.166667
541	541	J5-541-023	J5-541-066	 now and then	 again and again	0	0.2	0.0	1	0.333333	0.333333
541	541	J5-541-023	J5-541-067	 now and then	 true or false	0	0.0	0.0	0	0.0	0.0
541	541	J5-541-023	J5-541-068	 now and then	 East and West	0	0.2	0.0	1	0.333333	0.333333
541	541	J5-541-023	J5-541-069	 now and then	 one by one	0	0.0	0.0	0	0.0	0.0
541	541	J5-541-023	J5-541-070	 now and then	 one after the other	0	0.0	0.0	0	0.0	0.0
541	541	J5-541-023	J5-541-071	 now and then	, go round and round	0	0.142857	0.0	1	0.333333	0.2
541	541	J5-541-023	J5-541-072	 now and then	 One after another	0	0.0	0.0	0	0.0	0.0
541	541	J5-541-023	J5-541-073	 now and then	 water there, wheeling round and round	0	0.1	0.0	1	0.333333	0.125
541	541	J5-541-023	J5-541-074	 now and then	 in and out	0	0.2	0.0	1	0.333333	0.333333
541	541	J5-541-023	J5-541-075	 now and then	 up and down	0	0.2	0.0	1	0.333333	0.333333
541	541	J5-541-023	J5-541-076	 now and then	y Dick swam swiftly round and round	0	0.1	0.0	1	0.333333	0.125
541	541	J5-541-023	J5-541-077	 now and then	 this or that	0	0.0	0.0	0	0.0	0.0
541	541	J5-541-023	J5-541-078	 now and then	 up and down	0	0.2	0.0	1	0.333333	0.333333
541	541	J5-541-023	J5-541-079	 now and then	One after the other	0	0.0	0.0	0	0.0	0.0
541	541	J5-541-023	J5-541-080	 now and then	 side to side	0	0.0	0.0	0	0.0	0.0
541	541	J5-541-024	J5-541-025	 up and down	 hair braided and coiled round and round	0	0.090909	0.0	1	0.333333	0.111111
541	541	J5-541-024	J5-541-026	 up and down	 now and then	0	0.2	0.0	1	0.333333	0.333333
541	541	J5-541-024	J5-541-027	 up and down	 up and down	1	1.0	1.0	3	1.0	1.0
541	541	J5-541-024	J5-541-028	 up and down	 right and left	0	0.2	0.0	1	0.333333	0.333333
541	541	J5-541-024	J5-541-029	 up and down	 now and then	0	0.2	0.0	1	0.333333	0.333333
541	541	J5-541-024	J5-541-030	 up and down	 served us night after night	0	0.0	0.0	0	0.0	0.0
541	541	J5-541-024	J5-541-031	 up and down	 whenever and wherever	0	0.2	0.0	1	0.333333	0.333333
541	541	J5-541-024	J5-541-032	 up and down	, day after day	0	0.0	0.0	0	0.0	0.0
541	541	J5-541-024	J5-541-033	 up and down	 up and down	1	1.0	1.0	3	1.0	1.0
541	541	J5-541-024	J5-541-034	 up and down	 now and then	0	0.2	0.0	1	0.333333	0.333333
541	541	J5-541-024	J5-541-035	 up and down	 up and down	1	1.0	1.0	3	1.0	1.0
541	541	J5-541-024	J5-541-036	 up and down	 up and down	1	1.0	1.0	3	1.0	1.0
541	541	J5-541-024	J5-541-037	 up and down	 old and new	0	0.2	0.0	1	0.333333	0.333333
541	541	J5-541-024	J5-541-038	 up and down	 here and there	0	0.2	0.0	1	0.333333	0.333333
541	541	J5-541-024	J5-541-039	 up and down	 Daggoo, straining forwards and backwards	0	0.1	0.0	1	0.333333	0.125
541	541	J5-541-024	J5-541-040	 up and down	 from first to last	0	0.0	0.0	0	0.0	0.0
541	541	J5-541-024	J5-541-041	 up and down	 now and then	0	0.2	0.0	1	0.333333	0.333333
541	541	J5-541-024	J5-541-042	 up and down	 up and down	1	1.0	1.0	3	1.0	1.0
541	541	J5-541-024	J5-541-043	 up and down	 here and there	0	0.2	0.0	1	0.333333	0.333333
541	541	J5-541-024	J5-541-044	 up and down	By and by	0	0.2	0.0	1	0.333333	0.333333
541	541	J5-541-024	J5-541-045	 up and down	 now and then	0	0.2	0.0	1	0.333333	0.333333
541	541	J5-541-024	J5-541-046	 up and down	 better or for worse	0	0.0	0.0	0	0.0	0.0
541	541	J5-541-024	J5-541-047	 up and down	 and thus round and round	0	0.142857	0.0	1	0.333333	0.2
541	541	J5-541-024	J5-541-048	 up and down	Human or animal	0	0.0	0.0	0	0.0	0.0
541	541	J5-541-024	J5-541-049	 up and down	 up and down	1	1.0	1.0	3	1.0	1.0
541	541	J5-541-024	J5-541-050	 up and down	 now and then	0	0.2	0.0	1	0.333333	0.333333
541	541	J5-541-024	J5-541-051	 up and down	 one after the other	0	0.0	0.0	0	0.0	0.0
541	541	J5-541-024	J5-541-052	 up and down	 here and there	0	0.2	0.0	1	0.333333	0.333333
541	541	J5-541-024	J5-541-053	 up and down	 shoulder to shoulder	0	0.0	0.0	0	0.0	0.0
541	541	J5-541-024	J5-541-054	 up and down	now and then	0	0.2	0.0	1	0.333333	0.333333
541	541	J5-541-024	J5-541-055	 up and down	 now and then	0	0.2	0.0	1	0.333333	0.333333
541	541	J5-541-024	J5-541-056	 up and down	 up and down	1	1.0	1.0	3	1.0	1.0
541	541	J5-541-024	J5-541-057	 up and down	 male and female	0	0.2	0.0	1	0.333333	0.333333
541	541	J5-541-024	J5-541-058	 up and down	 here and there	0	0.2	0.0	1	0.333333	0.333333
541	541	J5-541-024	J5-541-059	 up and down	Now and then	0	0.2	0.0	1	0.333333	0.333333
541	541	J5-541-024	J5-541-060	 up and down	 up and down	1	1.0	1.0	3	1.0	1.0
541	541	J5-541-024	J5-541-061	 up and down	 here and there	0	0.2	0.0	1	0.333333	0.333333
541	541	J5-541-024	J5-541-062	 up and down	 here and there	0	0.2	0.0	1	0.333333	0.333333
541	541	J5-541-024	J5-541-063	 up and down	 east and west	0	0.2	0.0	1	0.333333	0.333333
541	541	J5-541-024	J5-541-064	 up and down	 each and every	0	0.2	0.0	1	0.333333	0.333333
541	541	J5-541-024	J5-541-065	 up and down	, you can open and shut	0	0.125	0.0	1	0.333333	0.166667
541	541	J5-541-024	J5-541-066	 up and down	 again and again	0	0.2	0.0	1	0.333333	0.333333
541	541	J5-541-024	J5-541-067	 up and down	 true or false	0	0.0	0.0	0	0.0	0.0
541	541	J5-541-024	J5-541-068	 up and down	 East and West	0	0.2	0.0	1	0.333333	0.333333
541	541	J5-541-024	J5-541-069	 up and down	 one by one	0	0.0	0.0	0	0.0	0.0
541	541	J5-541-024	J5-541-070	 up and down	 one after the other	0	0.0	0.0	0	0.0	0.0
541	541	J5-541-024	J5-541-071	 up and down	, go round and round	0	0.142857	0.0	1	0.333333	0.2
541	541	J5-541-024	J5-541-072	 up and down	 One after another	0	0.0	0.0	0	0.0	0.0
541	541	J5-541-024	J5-541-073	 up and down	 water there, wheeling round and round	0	0.1	0.0	1	0.333333	0.125
541	541	J5-541-024	J5-541-074	 up and down	 in and out	0	0.2	0.0	1	0.333333	0.333333
541	541	J5-541-024	J5-541-075	 up and down	 up and down	1	1.0	1.0	3	1.0	1.0
541	541	J5-541-024	J5-541-076	 up and down	y Dick swam swiftly round and round	0	0.1	0.0	1	0.333333	0.125
541	541	J5-541-024	J5-541-077	 up and down	 this or that	0	0.0	0.0	0	0.0	0.0
541	541	J5-541-024	J5-541-078	 up and down	 up and down	1	1.0	1.0	3	1.0	1.0
541	541	J5-541-024	J5-541-079	 up and down	One after the other	0	0.0	0.0	0	0.0	0.0
541	541	J5-541-024	J5-541-080	 up and down	 side to side	0	0.0	0.0	0	0.0	0.0
541	541	J5-541-025	J5-541-026	 hair braided and coiled round and round	 now and then	0	0.090909	0.0	1	0.111111	0.333333
541	541	J5-541-025	J5-541-027	 hair braided and coiled round and round	 up and down	0	0.090909	0.0	1	0.111111	0.333333
541	541	J5-541-025	J5-541-028	 hair braided and coiled round and round	 right and left	0	0.090909	0.0	1	0.111111	0.333333
541	541	J5-541-025	J5-541-029	 hair braided and coiled round and round	 now and then	0	0.090909	0.0	1	0.111111	0.333333
541	541	J5-541-025	J5-541-030	 hair braided and coiled round and round	 served us night after night	0	0.0	0.0	0	0.0	0.0
541	541	J5-541-025	J5-541-031	 hair braided and coiled round and round	 whenever and wherever	0	0.090909	0.0	1	0.111111	0.333333
541	541	J5-541-025	J5-541-032	 hair braided and coiled round and round	, day after day	0	0.0	0.0	0	0.0	0.0
541	541	J5-541-025	J5-541-033	 hair braided and coiled round and round	 up and down	0	0.090909	0.0	1	0.111111	0.333333
541	541	J5-541-025	J5-541-034	 hair braided and coiled round and round	 now and then	0	0.090909	0.0	1	0.111111	0.333333
541	541	J5-541-025	J5-541-035	 hair braided and coiled round and round	 up and down	0	0.090909	0.0	1	0.111111	0.333333
541	541	J5-541-025	J5-541-036	 hair braided and coiled round and round	 up and down	0	0.090909	0.0	1	0.111111	0.333333
541	541	J5-541-025	J5-541-037	 hair braided and coiled round and round	 old and new	0	0.090909	0.0	1	0.111111	0.333333
541	541	J5-541-025	J5-541-038	 hair braided and coiled round and round	 here and there	0	0.090909	0.0	1	0.111111	0.333333
541	541	J5-541-025	J5-541-039	 hair braided and coiled round and round	 Daggoo, straining forwards and backwards	0	0.0625	0.0	1	0.111111	0.125
541	541	J5-541-025	J5-541-040	 hair braided and coiled round and round	 from first to last	0	0.0	0.0	0	0.0	0.0
541	541	J5-541-025	J5-541-041	 hair braided and coiled round and round	 now and then	0	0.090909	0.0	1	0.111111	0.333333
541	541	J5-541-025	J5-541-042	 hair braided and coiled round and round	 up and down	0	0.090909	0.0	1	0.111111	0.333333
541	541	J5-541-025	J5-541-043	 hair braided and coiled round and round	 here and there	0	0.090909	0.0	1	0.111111	0.333333
541	541	J5-541-025	J5-541-044	 hair braided and coiled round and round	By and by	0	0.090909	0.0	1	0.111111	0.333333
541	541	J5-541-025	J5-541-045	 hair braided and coiled round and round	 now and then	0	0.090909	0.0	1	0.111111	0.333333
541	541	J5-541-025	J5-541-046	 hair braided and coiled round and round	 better or for worse	0	0.0	0.0	0	0.0	0.0
541	541	J5-541-025	J5-541-047	 hair braided and coiled round and round	 and thus round and round	0	0.4	0.2	3	0.333333	0.6
541	541	J5-541-025	J5-541-048	 hair braided and coiled round and round	Human or animal	0	0.0	0.0	0	0.0	0.0
541	541	J5-541-025	J5-541-049	 hair braided and coiled round and round	 up and down	0	0.090909	0.0	1	0.111111	0.333333
541	541	J5-541-025	J5-541-050	 hair braided and coiled round and round	 now and then	0	0.090909	0.0	1	0.111111	0.333333
541	541	J5-541-025	J5-541-051	 hair braided and coiled round and round	 one after the other	0	0.0	0.0	0	0.0	0.0
541	541	J5-541-025	J5-541-052	 hair braided and coiled round and round	 here and there	0	0.090909	0.0	1	0.111111	0.333333
541	541	J5-541-025	J5-541-053	 hair braided and coiled round and round	 shoulder to shoulder	0	0.0	0.0	0	0.0	0.0
541	541	J5-541-025	J5-541-054	 hair braided and coiled round and round	now and then	0	0.090909	0.0	1	0.111111	0.333333
541	541	J5-541-025	J5-541-055	 hair braided and coiled round and round	 now and then	0	0.090909	0.0	1	0.111111	0.333333
541	541	J5-541-025	J5-541-056	 hair braided and coiled round and round	 up and down	0	0.090909	0.0	1	0.111111	0.333333
541	541	J5-541-025	J5-541-057	 hair braided and coiled round and round	 male and female	0	0.090909	0.0	1	0.111111	0.333333
541	541	J5-541-025	J5-541-058	 hair braided and coiled round and round	 here and there	0	0.090909	0.0	1	0.111111	0.333333
541	541	J5-541-025	J5-541-059	 hair braided and coiled round and round	Now and then	0	0.090909	0.0	1	0.111111	0.333333
541	541	J5-541-025	J5-541-060	 hair braided and coiled round and round	 up and down	0	0.090909	0.0	1	0.111111	0.333333
541	541	J5-541-025	J5-541-061	 hair braided and coiled round and round	 here and there	0	0.090909	0.0	1	0.111111	0.333333
541	541	J5-541-025	J5-541-062	 hair braided and coiled round and round	 here and there	0	0.090909	0.0	1	0.111111	0.333333
541	541	J5-541-025	J5-541-063	 hair braided and coiled round and round	 east and west	0	0.090909	0.0	1	0.111111	0.333333
541	541	J5-541-025	J5-541-064	 hair braided and coiled round and round	 each and every	0	0.090909	0.0	1	0.111111	0.333333
541	541	J5-541-025	J5-541-065	 hair braided and coiled round and round	, you can open and shut	0	0.071429	0.0	1	0.111111	0.166667
541	541	J5-541-025	J5-541-066	 hair braided and coiled round and round	 again and again	0	0.090909	0.0	1	0.111111	0.333333
541	541	J5-541-025	J5-541-067	 hair braided and coiled round and round	 true or false	0	0.0	0.0	0	0.0	0.0
541	541	J5-541-025	J5-541-068	 hair braided and coiled round and round	 East and West	0	0.090909	0.0	1	0.111111	0.333333
541	541	J5-541-025	J5-541-069	 hair braided and coiled round and round	 one by one	0	0.0	0.0	0	0.0	0.0
541	541	J5-541-025	J5-541-070	 hair braided and coiled round and round	 one after the other	0	0.0	0.0	0	0.0	0.0
541	541	J5-541-025	J5-541-071	 hair braided and coiled round and round	, go round and round	0	0.272727	0.2	3	0.333333	0.6
541	541	J5-541-025	J5-541-072	 hair braided and coiled round and round	 One after another	0	0.0	0.0	0	0.0	0.0
541	541	J5-541-025	J5-541-073	 hair braided and coiled round and round	 water there, wheeling round and round	0	0.214286	0.153846	3	0.333333	0.375
541	541	J5-541-025	J5-541-074	 hair braided and coiled round and round	 in and out	0	0.090909	0.0	1	0.111111	0.333333
541	541	J5-541-025	J5-541-075	 hair braided and coiled round and round	 up and down	0	0.090909	0.0	1	0.111111	0.333333
541	541	J5-541-025	J5-541-076	 hair braided and coiled round and round	y Dick swam swiftly round and round	0	0.214286	0.153846	3	0.333333	0.375
541	541	J5-541-025	J5-541-077	 hair braided and coiled round and round	 this or that	0	0.0	0.0	0	0.0	0.0
541	541	J5-541-025	J5-541-078	 hair braided and coiled round and round	 up and down	0	0.090909	0.0	1	0.111111	0.333333
541	541	J5-541-025	J5-541-079	 hair braided and coiled round and round	One after the other	0	0.0	0.0	0	0.0	0.0
541	541	J5-541-025	J5-541-080	 hair braided and coiled round and round	 side to side	0	0.0	0.0	0	0.0	0.0
541	541	J5-541-026	J5-541-027	 now and then	 up and down	0	0.2	0.0	1	0.333333	0.333333
541	541	J5-541-026	J5-541-028	 now and then	 right and left	0	0.2	0.0	1	0.333333	0.333333
541	541	J5-541-026	J5-541-029	 now and then	 now and then	1	1.0	1.0	3	1.0	1.0
541	541	J5-541-026	J5-541-030	 now and then	 served us night after night	0	0.0	0.0	0	0.0	0.0
541	541	J5-541-026	J5-541-031	 now and then	 whenever and wherever	0	0.2	0.0	1	0.333333	0.333333
541	541	J5-541-026	J5-541-032	 now and then	, day after day	0	0.0	0.0	0	0.0	0.0
541	541	J5-541-026	J5-541-033	 now and then	 up and down	0	0.2	0.0	1	0.333333	0.333333
541	541	J5-541-026	J5-541-034	 now and then	 now and then	1	1.0	1.0	3	1.0	1.0
541	541	J5-541-026	J5-541-035	 now and then	 up and down	0	0.2	0.0	1	0.333333	0.333333
541	541	J5-541-026	J5-541-036	 now and then	 up and down	0	0.2	0.0	1	0.333333	0.333333
541	541	J5-541-026	J5-541-037	 now and then	 old and new	0	0.2	0.0	1	0.333333	0.333333
541	541	J5-541-026	J5-541-038	 now and then	 here and there	0	0.2	0.0	1	0.333333	0.333333
541	541	J5-541-026	J5-541-039	 now and then	 Daggoo, straining forwards and backwards	0	0.1	0.0	1	0.333333	0.125
541	541	J5-541-026	J5-541-040	 now and then	 from first to last	0	0.0	0.0	0	0.0	0.0
541	541	J5-541-026	J5-541-041	 now and then	 now and then	1	1.0	1.0	3	1.0	1.0
541	541	J5-541-026	J5-541-042	 now and then	 up and down	0	0.2	0.0	1	0.333333	0.333333
541	541	J5-541-026	J5-541-043	 now and then	 here and there	0	0.2	0.0	1	0.333333	0.333333
541	541	J5-541-026	J5-541-044	 now and then	By and by	0	0.2	0.0	1	0.333333	0.333333
541	541	J5-541-026	J5-541-045	 now and then	 now and then	1	1.0	1.0	3	1.0	1.0
541	541	J5-541-026	J5-541-046	 now and then	 better or for worse	0	0.0	0.0	0	0.0	0.0
541	541	J5-541-026	J5-541-047	 now and then	 and thus round and round	0	0.142857	0.0	1	0.333333	0.2
541	541	J5-541-026	J5-541-048	 now and then	Human or animal	0	0.0	0.0	0	0.0	0.0
541	541	J5-541-026	J5-541-049	 now and then	 up and down	0	0.2	0.0	1	0.333333	0.333333
541	541	J5-541-026	J5-541-050	 now and then	 now and then	1	1.0	1.0	3	1.0	1.0
541	541	J5-541-026	J5-541-051	 now and then	 one after the other	0	0.0	0.0	0	0.0	0.0
541	541	J5-541-026	J5-541-052	 now and then	 here and there	0	0.2	0.0	1	0.333333	0.333333
541	541	J5-541-026	J5-541-053	 now and then	 shoulder to shoulder	0	0.0	0.0	0	0.0	0.0
541	541	J5-541-026	J5-541-054	 now and then	now and then	0	0.5	0.333333	2	0.666667	0.666667
541	541	J5-541-026	J5-541-055	 now and then	 now and then	1	1.0	1.0	3	1.0	1.0
541	541	J5-541-026	J5-541-056	 now and then	 up and down	0	0.2	0.0	1	0.333333	0.333333
541	541	J5-541-026	J5-541-057	 now and then	 male and female	0	0.2	0.0	1	0.333333	0.333333
541	541	J5-541-026	J5-541-058	 now and then	 here and there	0	0.2	0.0	1	0.333333	0.333333
541	541	J5-541-026	J5-541-059	 now and then	Now and then	0	0.5	0.333333	2	0.666667	0.666667
541	541	J5-541-026	J5-541-060	 now and then	 up and down	0	0.2	0.0	1	0.333333	0.333333
541	541	J5-541-026	J5-541-061	 now and then	 here and there	0	0.2	0.0	1	0.333333	0.333333
541	541	J5-541-026	J5-541-062	 now and then	 here and there	0	0.2	0.0	1	0.333333	0.333333
541	541	J5-541-026	J5-541-063	 now and then	 east and west	0	0.2	0.0	1	0.333333	0.333333
541	541	J5-541-026	J5-541-064	 now and then	 each and every	0	0.2	0.0	1	0.333333	0.333333
541	541	J5-541-026	J5-541-065	 now and then	, you can open and shut	0	0.125	0.0	1	0.333333	0.166667
541	541	J5-541-026	J5-541-066	 now and then	 again and again	0	0.2	0.0	1	0.333333	0.333333
541	541	J5-541-026	J5-541-067	 now and then	 true or false	0	0.0	0.0	0	0.0	0.0
541	541	J5-541-026	J5-541-068	 now and then	 East and West	0	0.2	0.0	1	0.333333	0.333333
541	541	J5-541-026	J5-541-069	 now and then	 one by one	0	0.0	0.0	0	0.0	0.0
541	541	J5-541-026	J5-541-070	 now and then	 one after the other	0	0.0	0.0	0	0.0	0.0
541	541	J5-541-026	J5-541-071	 now and then	, go round and round	0	0.142857	0.0	1	0.333333	0.2
541	541	J5-541-026	J5-541-072	 now and then	 One after another	0	0.0	0.0	0	0.0	0.0
541	541	J5-541-026	J5-541-073	 now and then	 water there, wheeling round and round	0	0.1	0.0	1	0.333333	0.125
541	541	J5-541-026	J5-541-074	 now and then	 in and out	0	0.2	0.0	1	0.333333	0.333333
541	541	J5-541-026	J5-541-075	 now and then	 up and down	0	0.2	0.0	1	0.333333	0.333333
541	541	J5-541-026	J5-541-076	 now and then	y Dick swam swiftly round and round	0	0.1	0.0	1	0.333333	0.125
541	541	J5-541-026	J5-541-077	 now and then	 this or that	0	0.0	0.0	0	0.0	0.0
541	541	J5-541-026	J5-541-078	 now and then	 up and down	0	0.2	0.0	1	0.333333	0.333333
541	541	J5-541-026	J5-541-079	 now and then	One after the other	0	0.0	0.0	0	0.0	0.0
541	541	J5-541-026	J5-541-080	 now and then	 side to side	0	0.0	0.0	0	0.0	0.0
541	541	J5-541-027	J5-541-028	 up and down	 right and left	0	0.2	0.0	1	0.333333	0.333333
541	541	J5-541-027	J5-541-029	 up and down	 now and then	0	0.2	0.0	1	0.333333	0.333333
541	541	J5-541-027	J5-541-030	 up and down	 served us night after night	0	0.0	0.0	0	0.0	0.0
541	541	J5-541-027	J5-541-031	 up and down	 whenever and wherever	0	0.2	0.0	1	0.333333	0.333333
541	541	J5-541-027	J5-541-032	 up and down	, day after day	0	0.0	0.0	0	0.0	0.0
541	541	J5-541-027	J5-541-033	 up and down	 up and down	1	1.0	1.0	3	1.0	1.0
541	541	J5-541-027	J5-541-034	 up and down	 now and then	0	0.2	0.0	1	0.333333	0.333333
541	541	J5-541-027	J5-541-035	 up and down	 up and down	1	1.0	1.0	3	1.0	1.0
541	541	J5-541-027	J5-541-036	 up and down	 up and down	1	1.0	1.0	3	1.0	1.0
541	541	J5-541-027	J5-541-037	 up and down	 old and new	0	0.2	0.0	1	0.333333	0.333333
541	541	J5-541-027	J5-541-038	 up and down	 here and there	0	0.2	0.0	1	0.333333	0.333333
541	541	J5-541-027	J5-541-039	 up and down	 Daggoo, straining forwards and backwards	0	0.1	0.0	1	0.333333	0.125
541	541	J5-541-027	J5-541-040	 up and down	 from first to last	0	0.0	0.0	0	0.0	0.0
541	541	J5-541-027	J5-541-041	 up and down	 now and then	0	0.2	0.0	1	0.333333	0.333333
541	541	J5-541-027	J5-541-042	 up and down	 up and down	1	1.0	1.0	3	1.0	1.0
541	541	J5-541-027	J5-541-043	 up and down	 here and there	0	0.2	0.0	1	0.333333	0.333333
541	541	J5-541-027	J5-541-044	 up and down	By and by	0	0.2	0.0	1	0.333333	0.333333
541	541	J5-541-027	J5-541-045	 up and down	 now and then	0	0.2	0.0	1	0.333333	0.333333
541	541	J5-541-027	J5-541-046	 up and down	 better or for worse	0	0.0	0.0	0	0.0	0.0
541	541	J5-541-027	J5-541-047	 up and down	 and thus round and round	0	0.142857	0.0	1	0.333333	0.2
541	541	J5-541-027	J5-541-048	 up and down	Human or animal	0	0.0	0.0	0	0.0	0.0
541	541	J5-541-027	J5-541-049	 up and down	 up and down	1	1.0	1.0	3	1.0	1.0
541	541	J5-541-027	J5-541-050	 up and down	 now and then	0	0.2	0.0	1	0.333333	0.333333
541	541	J5-541-027	J5-541-051	 up and down	 one after the other	0	0.0	0.0	0	0.0	0.0
541	541	J5-541-027	J5-541-052	 up and down	 here and there	0	0.2	0.0	1	0.333333	0.333333
541	541	J5-541-027	J5-541-053	 up and down	 shoulder to shoulder	0	0.0	0.0	0	0.0	0.0
541	541	J5-541-027	J5-541-054	 up and down	now and then	0	0.2	0.0	1	0.333333	0.333333
541	541	J5-541-027	J5-541-055	 up and down	 now and then	0	0.2	0.0	1	0.333333	0.333333
541	541	J5-541-027	J5-541-056	 up and down	 up and down	1	1.0	1.0	3	1.0	1.0
541	541	J5-541-027	J5-541-057	 up and down	 male and female	0	0.2	0.0	1	0.333333	0.333333
541	541	J5-541-027	J5-541-058	 up and down	 here and there	0	0.2	0.0	1	0.333333	0.333333
541	541	J5-541-027	J5-541-059	 up and down	Now and then	0	0.2	0.0	1	0.333333	0.333333
541	541	J5-541-027	J5-541-060	 up and down	 up and down	1	1.0	1.0	3	1.0	1.0
541	541	J5-541-027	J5-541-061	 up and down	 here and there	0	0.2	0.0	1	0.333333	0.333333
541	541	J5-541-027	J5-541-062	 up and down	 here and there	0	0.2	0.0	1	0.333333	0.333333
541	541	J5-541-027	J5-541-063	 up and down	 east and west	0	0.2	0.0	1	0.333333	0.333333
541	541	J5-541-027	J5-541-064	 up and down	 each and every	0	0.2	0.0	1	0.333333	0.333333
541	541	J5-541-027	J5-541-065	 up and down	, you can open and shut	0	0.125	0.0	1	0.333333	0.166667
541	541	J5-541-027	J5-541-066	 up and down	 again and again	0	0.2	0.0	1	0.333333	0.333333
541	541	J5-541-027	J5-541-067	 up and down	 true or false	0	0.0	0.0	0	0.0	0.0
541	541	J5-541-027	J5-541-068	 up and down	 East and West	0	0.2	0.0	1	0.333333	0.333333
541	541	J5-541-027	J5-541-069	 up and down	 one by one	0	0.0	0.0	0	0.0	0.0
541	541	J5-541-027	J5-541-070	 up and down	 one after the other	0	0.0	0.0	0	0.0	0.0
541	541	J5-541-027	J5-541-071	 up and down	, go round and round	0	0.142857	0.0	1	0.333333	0.2
541	541	J5-541-027	J5-541-072	 up and down	 One after another	0	0.0	0.0	0	0.0	0.0
541	541	J5-541-027	J5-541-073	 up and down	 water there, wheeling round and round	0	0.1	0.0	1	0.333333	0.125
541	541	J5-541-027	J5-541-074	 up and down	 in and out	0	0.2	0.0	1	0.333333	0.333333
541	541	J5-541-027	J5-541-075	 up and down	 up and down	1	1.0	1.0	3	1.0	1.0
541	541	J5-541-027	J5-541-076	 up and down	y Dick swam swiftly round and round	0	0.1	0.0	1	0.333333	0.125
541	541	J5-541-027	J5-541-077	 up and down	 this or that	0	0.0	0.0	0	0.0	0.0
541	541	J5-541-027	J5-541-078	 up and down	 up and down	1	1.0	1.0	3	1.0	1.0
541	541	J5-541-027	J5-541-079	 up and down	One after the other	0	0.0	0.0	0	0.0	0.0
541	541	J5-541-027	J5-541-080	 up and down	 side to side	0	0.0	0.0	0	0.0	0.0
541	541	J5-541-028	J5-541-029	 right and left	 now and then	0	0.2	0.0	1	0.333333	0.333333
541	541	J5-541-028	J5-541-030	 right and left	 served us night after night	0	0.0	0.0	0	0.0	0.0
541	541	J5-541-028	J5-541-031	 right and left	 whenever and wherever	0	0.2	0.0	1	0.333333	0.333333
541	541	J5-541-028	J5-541-032	 right and left	, day after day	0	0.0	0.0	0	0.0	0.0
541	541	J5-541-028	J5-541-033	 right and left	 up and down	0	0.2	0.0	1	0.333333	0.333333
541	541	J5-541-028	J5-541-034	 right and left	 now and then	0	0.2	0.0	1	0.333333	0.333333
541	541	J5-541-028	J5-541-035	 right and left	 up and down	0	0.2	0.0	1	0.333333	0.333333
541	541	J5-541-028	J5-541-036	 right and left	 up and down	0	0.2	0.0	1	0.333333	0.333333
541	541	J5-541-028	J5-541-037	 right and left	 old and new	0	0.2	0.0	1	0.333333	0.333333
541	541	J5-541-028	J5-541-038	 right and left	 here and there	0	0.2	0.0	1	0.333333	0.333333
541	541	J5-541-028	J5-541-039	 right and left	 Daggoo, straining forwards and backwards	0	0.1	0.0	1	0.333333	0.125
541	541	J5-541-028	J5-541-040	 right and left	 from first to last	0	0.0	0.0	0	0.0	0.0
541	541	J5-541-028	J5-541-041	 right and left	 now and then	0	0.2	0.0	1	0.333333	0.333333
541	541	J5-541-028	J5-541-042	 right and left	 up and down	0	0.2	0.0	1	0.333333	0.333333
541	541	J5-541-028	J5-541-043	 right and left	 here and there	0	0.2	0.0	1	0.333333	0.333333
541	541	J5-541-028	J5-541-044	 right and left	By and by	0	0.2	0.0	1	0.333333	0.333333
541	541	J5-541-028	J5-541-045	 right and left	 now and then	0	0.2	0.0	1	0.333333	0.333333
541	541	J5-541-028	J5-541-046	 right and left	 better or for worse	0	0.0	0.0	0	0.0	0.0
541	541	J5-541-028	J5-541-047	 right and left	 and thus round and round	0	0.142857	0.0	1	0.333333	0.2
541	541	J5-541-028	J5-541-048	 right and left	Human or animal	0	0.0	0.0	0	0.0	0.0
541	541	J5-541-028	J5-541-049	 right and left	 up and down	0	0.2	0.0	1	0.333333	0.333333
541	541	J5-541-028	J5-541-050	 right and left	 now and then	0	0.2	0.0	1	0.333333	0.333333
541	541	J5-541-028	J5-541-051	 right and left	 one after the other	0	0.0	0.0	0	0.0	0.0
541	541	J5-541-028	J5-541-052	 right and left	 here and there	0	0.2	0.0	1	0.333333	0.333333
541	541	J5-541-028	J5-541-053	 right and left	 shoulder to shoulder	0	0.0	0.0	0	0.0	0.0
541	541	J5-541-028	J5-541-054	 right and left	now and then	0	0.2	0.0	1	0.333333	0.333333
541	541	J5-541-028	J5-541-055	 right and left	 now and then	0	0.2	0.0	1	0.333333	0.333333
541	541	J5-541-028	J5-541-056	 right and left	 up and down	0	0.2	0.0	1	0.333333	0.333333
541	541	J5-541-028	J5-541-057	 right and left	 male and female	0	0.2	0.0	1	0.333333	0.333333
541	541	J5-541-028	J5-541-058	 right and left	 here and there	0	0.2	0.0	1	0.333333	0.333333
541	541	J5-541-028	J5-541-059	 right and left	Now and then	0	0.2	0.0	1	0.333333	0.333333
541	541	J5-541-028	J5-541-060	 right and left	 up and down	0	0.2	0.0	1	0.333333	0.333333
541	541	J5-541-028	J5-541-061	 right and left	 here and there	0	0.2	0.0	1	0.333333	0.333333
541	541	J5-541-028	J5-541-062	 right and left	 here and there	0	0.2	0.0	1	0.333333	0.333333
541	541	J5-541-028	J5-541-063	 right and left	 east and west	0	0.2	0.0	1	0.333333	0.333333
541	541	J5-541-028	J5-541-064	 right and left	 each and every	0	0.2	0.0	1	0.333333	0.333333
541	541	J5-541-028	J5-541-065	 right and left	, you can open and shut	0	0.125	0.0	1	0.333333	0.166667
541	541	J5-541-028	J5-541-066	 right and left	 again and again	0	0.2	0.0	1	0.333333	0.333333
541	541	J5-541-028	J5-541-067	 right and left	 true or false	0	0.0	0.0	0	0.0	0.0
541	541	J5-541-028	J5-541-068	 right and left	 East and West	0	0.2	0.0	1	0.333333	0.333333
541	541	J5-541-028	J5-541-069	 right and left	 one by one	0	0.0	0.0	0	0.0	0.0
541	541	J5-541-028	J5-541-070	 right and left	 one after the other	0	0.0	0.0	0	0.0	0.0
541	541	J5-541-028	J5-541-071	 right and left	, go round and round	0	0.142857	0.0	1	0.333333	0.2
541	541	J5-541-028	J5-541-072	 right and left	 One after another	0	0.0	0.0	0	0.0	0.0
541	541	J5-541-028	J5-541-073	 right and left	 water there, wheeling round and round	0	0.1	0.0	1	0.333333	0.125
541	541	J5-541-028	J5-541-074	 right and left	 in and out	0	0.2	0.0	1	0.333333	0.333333
541	541	J5-541-028	J5-541-075	 right and left	 up and down	0	0.2	0.0	1	0.333333	0.333333
541	541	J5-541-028	J5-541-076	 right and left	y Dick swam swiftly round and round	0	0.1	0.0	1	0.333333	0.125
541	541	J5-541-028	J5-541-077	 right and left	 this or that	0	0.0	0.0	0	0.0	0.0
541	541	J5-541-028	J5-541-078	 right and left	 up and down	0	0.2	0.0	1	0.333333	0.333333
541	541	J5-541-028	J5-541-079	 right and left	One after the other	0	0.0	0.0	0	0.0	0.0
541	541	J5-541-028	J5-541-080	 right and left	 side to side	0	0.0	0.0	0	0.0	0.0
541	541	J5-541-029	J5-541-030	 now and then	 served us night after night	0	0.0	0.0	0	0.0	0.0
541	541	J5-541-029	J5-541-031	 now and then	 whenever and wherever	0	0.2	0.0	1	0.333333	0.333333
541	541	J5-541-029	J5-541-032	 now and then	, day after day	0	0.0	0.0	0	0.0	0.0
541	541	J5-541-029	J5-541-033	 now and then	 up and down	0	0.2	0.0	1	0.333333	0.333333
541	541	J5-541-029	J5-541-034	 now and then	 now and then	1	1.0	1.0	3	1.0	1.0
541	541	J5-541-029	J5-541-035	 now and then	 up and down	0	0.2	0.0	1	0.333333	0.333333
541	541	J5-541-029	J5-541-036	 now and then	 up and down	0	0.2	0.0	1	0.333333	0.333333
541	541	J5-541-029	J5-541-037	 now and then	 old and new	0	0.2	0.0	1	0.333333	0.333333
541	541	J5-541-029	J5-541-038	 now and then	 here and there	0	0.2	0.0	1	0.333333	0.333333
541	541	J5-541-029	J5-541-039	 now and then	 Daggoo, straining forwards and backwards	0	0.1	0.0	1	0.333333	0.125
541	541	J5-541-029	J5-541-040	 now and then	 from first to last	0	0.0	0.0	0	0.0	0.0
541	541	J5-541-029	J5-541-041	 now and then	 now and then	1	1.0	1.0	3	1.0	1.0
541	541	J5-541-029	J5-541-042	 now and then	 up and down	0	0.2	0.0	1	0.333333	0.333333
541	541	J5-541-029	J5-541-043	 now and then	 here and there	0	0.2	0.0	1	0.333333	0.333333
541	541	J5-541-029	J5-541-044	 now and then	By and by	0	0.2	0.0	1	0.333333	0.333333
541	541	J5-541-029	J5-541-045	 now and then	 now and then	1	1.0	1.0	3	1.0	1.0
541	541	J5-541-029	J5-541-046	 now and then	 better or for worse	0	0.0	0.0	0	0.0	0.0
541	541	J5-541-029	J5-541-047	 now and then	 and thus round and round	0	0.142857	0.0	1	0.333333	0.2
541	541	J5-541-029	J5-541-048	 now and then	Human or animal	0	0.0	0.0	0	0.0	0.0
541	541	J5-541-029	J5-541-049	 now and then	 up and down	0	0.2	0.0	1	0.333333	0.333333
541	541	J5-541-029	J5-541-050	 now and then	 now and then	1	1.0	1.0	3	1.0	1.0
541	541	J5-541-029	J5-541-051	 now and then	 one after the other	0	0.0	0.0	0	0.0	0.0
541	541	J5-541-029	J5-541-052	 now and then	 here and there	0	0.2	0.0	1	0.333333	0.333333
541	541	J5-541-029	J5-541-053	 now and then	 shoulder to shoulder	0	0.0	0.0	0	0.0	0.0
541	541	J5-541-029	J5-541-054	 now and then	now and then	0	0.5	0.333333	2	0.666667	0.666667
541	541	J5-541-029	J5-541-055	 now and then	 now and then	1	1.0	1.0	3	1.0	1.0
541	541	J5-541-029	J5-541-056	 now and then	 up and down	0	0.2	0.0	1	0.333333	0.333333
541	541	J5-541-029	J5-541-057	 now and then	 male and female	0	0.2	0.0	1	0.333333	0.333333
541	541	J5-541-029	J5-541-058	 now and then	 here and there	0	0.2	0.0	1	0.333333	0.333333
541	541	J5-541-029	J5-541-059	 now and then	Now and then	0	0.5	0.333333	2	0.666667	0.666667
541	541	J5-541-029	J5-541-060	 now and then	 up and down	0	0.2	0.0	1	0.333333	0.333333
541	541	J5-541-029	J5-541-061	 now and then	 here and there	0	0.2	0.0	1	0.333333	0.333333
541	541	J5-541-029	J5-541-062	 now and then	 here and there	0	0.2	0.0	1	0.333333	0.333333
541	541	J5-541-029	J5-541-063	 now and then	 east and west	0	0.2	0.0	1	0.333333	0.333333
541	541	J5-541-029	J5-541-064	 now and then	 each and every	0	0.2	0.0	1	0.333333	0.333333
541	541	J5-541-029	J5-541-065	 now and then	, you can open and shut	0	0.125	0.0	1	0.333333	0.166667
541	541	J5-541-029	J5-541-066	 now and then	 again and again	0	0.2	0.0	1	0.333333	0.333333
541	541	J5-541-029	J5-541-067	 now and then	 true or false	0	0.0	0.0	0	0.0	0.0
541	541	J5-541-029	J5-541-068	 now and then	 East and West	0	0.2	0.0	1	0.333333	0.333333
541	541	J5-541-029	J5-541-069	 now and then	 one by one	0	0.0	0.0	0	0.0	0.0
541	541	J5-541-029	J5-541-070	 now and then	 one after the other	0	0.0	0.0	0	0.0	0.0
541	541	J5-541-029	J5-541-071	 now and then	, go round and round	0	0.142857	0.0	1	0.333333	0.2
541	541	J5-541-029	J5-541-072	 now and then	 One after another	0	0.0	0.0	0	0.0	0.0
541	541	J5-541-029	J5-541-073	 now and then	 water there, wheeling round and round	0	0.1	0.0	1	0.333333	0.125
541	541	J5-541-029	J5-541-074	 now and then	 in and out	0	0.2	0.0	1	0.333333	0.333333
541	541	J5-541-029	J5-541-075	 now and then	 up and down	0	0.2	0.0	1	0.333333	0.333333
541	541	J5-541-029	J5-541-076	 now and then	y Dick swam swiftly round and round	0	0.1	0.0	1	0.333333	0.125
541	541	J5-541-029	J5-541-077	 now and then	 this or that	0	0.0	0.0	0	0.0	0.0
541	541	J5-541-029	J5-541-078	 now and then	 up and down	0	0.2	0.0	1	0.333333	0.333333
541	541	J5-541-029	J5-541-079	 now and then	One after the other	0	0.0	0.0	0	0.0	0.0
541	541	J5-541-029	J5-541-080	 now and then	 side to side	0	0.0	0.0	0	0.0	0.0
541	541	J5-541-030	J5-541-031	 served us night after night	 whenever and wherever	0	0.0	0.0	0	0.0	0.0
541	541	J5-541-030	J5-541-032	 served us night after night	, day after day	0	0.125	0.0	1	0.2	0.25
541	541	J5-541-030	J5-541-033	 served us night after night	 up and down	0	0.0	0.0	0	0.0	0.0
541	541	J5-541-030	J5-541-034	 served us night after night	 now and then	0	0.0	0.0	0	0.0	0.0
541	541	J5-541-030	J5-541-035	 served us night after night	 up and down	0	0.0	0.0	0	0.0	0.0
541	541	J5-541-030	J5-541-036	 served us night after night	 up and down	0	0.0	0.0	0	0.0	0.0
541	541	J5-541-030	J5-541-037	 served us night after night	 old and new	0	0.0	0.0	0	0.0	0.0
541	541	J5-541-030	J5-541-038	 served us night after night	 here and there	0	0.0	0.0	0	0.0	0.0
541	541	J5-541-030	J5-541-039	 served us night after night	 Daggoo, straining forwards and backwards	0	0.0	0.0	0	0.0	0.0
541	541	J5-541-030	J5-541-040	 served us night after night	 from first to last	0	0.0	0.0	0	0.0	0.0
541	541	J5-541-030	J5-541-041	 served us night after night	 now and then	0	0.0	0.0	0	0.0	0.0
541	541	J5-541-030	J5-541-042	 served us night after night	 up and down	0	0.0	0.0	0	0.0	0.0
541	541	J5-541-030	J5-541-043	 served us night after night	 here and there	0	0.0	0.0	0	0.0	0.0
541	541	J5-541-030	J5-541-044	 served us night after night	By and by	0	0.0	0.0	0	0.0	0.0
541	541	J5-541-030	J5-541-045	 served us night after night	 now and then	0	0.0	0.0	0	0.0	0.0
541	541	J5-541-030	J5-541-046	 served us night after night	 better or for worse	0	0.0	0.0	0	0.0	0.0
541	541	J5-541-030	J5-541-047	 served us night after night	 and thus round and round	0	0.0	0.0	0	0.0	0.0
541	541	J5-541-030	J5-541-048	 served us night after night	Human or animal	0	0.0	0.0	0	0.0	0.0
541	541	J5-541-030	J5-541-049	 served us night after night	 up and down	0	0.0	0.0	0	0.0	0.0
541	541	J5-541-030	J5-541-050	 served us night after night	 now and then	0	0.0	0.0	0	0.0	0.0
541	541	J5-541-030	J5-541-051	 served us night after night	 one after the other	0	0.125	0.0	1	0.2	0.25
541	541	J5-541-030	J5-541-052	 served us night after night	 here and there	0	0.0	0.0	0	0.0	0.0
541	541	J5-541-030	J5-541-053	 served us night after night	 shoulder to shoulder	0	0.0	0.0	0	0.0	0.0
541	541	J5-541-030	J5-541-054	 served us night after night	now and then	0	0.0	0.0	0	0.0	0.0
541	541	J5-541-030	J5-541-055	 served us night after night	 now and then	0	0.0	0.0	0	0.0	0.0
541	541	J5-541-030	J5-541-056	 served us night after night	 up and down	0	0.0	0.0	0	0.0	0.0
541	541	J5-541-030	J5-541-057	 served us night after night	 male and female	0	0.0	0.0	0	0.0	0.0
541	541	J5-541-030	J5-541-058	 served us night after night	 here and there	0	0.0	0.0	0	0.0	0.0
541	541	J5-541-030	J5-541-059	 served us night after night	Now and then	0	0.0	0.0	0	0.0	0.0
541	541	J5-541-030	J5-541-060	 served us night after night	 up and down	0	0.0	0.0	0	0.0	0.0
541	541	J5-541-030	J5-541-061	 served us night after night	 here and there	0	0.0	0.0	0	0.0	0.0
541	541	J5-541-030	J5-541-062	 served us night after night	 here and there	0	0.0	0.0	0	0.0	0.0
541	541	J5-541-030	J5-541-063	 served us night after night	 east and west	0	0.0	0.0	0	0.0	0.0
541	541	J5-541-030	J5-541-064	 served us night after night	 each and every	0	0.0	0.0	0	0.0	0.0
541	541	J5-541-030	J5-541-065	 served us night after night	, you can open and shut	0	0.0	0.0	0	0.0	0.0
541	541	J5-541-030	J5-541-066	 served us night after night	 again and again	0	0.0	0.0	0	0.0	0.0
541	541	J5-541-030	J5-541-067	 served us night after night	 true or false	0	0.0	0.0	0	0.0	0.0
541	541	J5-541-030	J5-541-068	 served us night after night	 East and West	0	0.0	0.0	0	0.0	0.0
541	541	J5-541-030	J5-541-069	 served us night after night	 one by one	0	0.0	0.0	0	0.0	0.0
541	541	J5-541-030	J5-541-070	 served us night after night	 one after the other	0	0.125	0.0	1	0.2	0.25
541	541	J5-541-030	J5-541-071	 served us night after night	, go round and round	0	0.0	0.0	0	0.0	0.0
541	541	J5-541-030	J5-541-072	 served us night after night	 One after another	0	0.142857	0.0	1	0.2	0.333333
541	541	J5-541-030	J5-541-073	 served us night after night	 water there, wheeling round and round	0	0.0	0.0	0	0.0	0.0
541	541	J5-541-030	J5-541-074	 served us night after night	 in and out	0	0.0	0.0	0	0.0	0.0
541	541	J5-541-030	J5-541-075	 served us night after night	 up and down	0	0.0	0.0	0	0.0	0.0
541	541	J5-541-030	J5-541-076	 served us night after night	y Dick swam swiftly round and round	0	0.0	0.0	0	0.0	0.0
541	541	J5-541-030	J5-541-077	 served us night after night	 this or that	0	0.0	0.0	0	0.0	0.0
541	541	J5-541-030	J5-541-078	 served us night after night	 up and down	0	0.0	0.0	0	0.0	0.0
541	541	J5-541-030	J5-541-079	 served us night after night	One after the other	0	0.125	0.0	1	0.2	0.25
541	541	J5-541-030	J5-541-080	 served us night after night	 side to side	0	0.0	0.0	0	0.0	0.0
541	541	J5-541-031	J5-541-032	 whenever and wherever	, day after day	0	0.0	0.0	0	0.0	0.0
541	541	J5-541-031	J5-541-033	 whenever and wherever	 up and down	0	0.2	0.0	1	0.333333	0.333333
541	541	J5-541-031	J5-541-034	 whenever and wherever	 now and then	0	0.2	0.0	1	0.333333	0.333333
541	541	J5-541-031	J5-541-035	 whenever and wherever	 up and down	0	0.2	0.0	1	0.333333	0.333333
541	541	J5-541-031	J5-541-036	 whenever and wherever	 up and down	0	0.2	0.0	1	0.333333	0.333333
541	541	J5-541-031	J5-541-037	 whenever and wherever	 old and new	0	0.2	0.0	1	0.333333	0.333333
541	541	J5-541-031	J5-541-038	 whenever and wherever	 here and there	0	0.2	0.0	1	0.333333	0.333333
541	541	J5-541-031	J5-541-039	 whenever and wherever	 Daggoo, straining forwards and backwards	0	0.1	0.0	1	0.333333	0.125
541	541	J5-541-031	J5-541-040	 whenever and wherever	 from first to last	0	0.0	0.0	0	0.0	0.0
541	541	J5-541-031	J5-541-041	 whenever and wherever	 now and then	0	0.2	0.0	1	0.333333	0.333333
541	541	J5-541-031	J5-541-042	 whenever and wherever	 up and down	0	0.2	0.0	1	0.333333	0.333333
541	541	J5-541-031	J5-541-043	 whenever and wherever	 here and there	0	0.2	0.0	1	0.333333	0.333333
541	541	J5-541-031	J5-541-044	 whenever and wherever	By and by	0	0.2	0.0	1	0.333333	0.333333
541	541	J5-541-031	J5-541-045	 whenever and wherever	 now and then	0	0.2	0.0	1	0.333333	0.333333
541	541	J5-541-031	J5-541-046	 whenever and wherever	 better or for worse	0	0.0	0.0	0	0.0	0.0
541	541	J5-541-031	J5-541-047	 whenever and wherever	 and thus round and round	0	0.142857	0.0	1	0.333333	0.2
541	541	J5-541-031	J5-541-048	 whenever and wherever	Human or animal	0	0.0	0.0	0	0.0	0.0
541	541	J5-541-031	J5-541-049	 whenever and wherever	 up and down	0	0.2	0.0	1	0.333333	0.333333
541	541	J5-541-031	J5-541-050	 whenever and wherever	 now and then	0	0.2	0.0	1	0.333333	0.333333
541	541	J5-541-031	J5-541-051	 whenever and wherever	 one after the other	0	0.0	0.0	0	0.0	0.0
541	541	J5-541-031	J5-541-052	 whenever and wherever	 here and there	0	0.2	0.0	1	0.333333	0.333333
541	541	J5-541-031	J5-541-053	 whenever and wherever	 shoulder to shoulder	0	0.0	0.0	0	0.0	0.0
541	541	J5-541-031	J5-541-054	 whenever and wherever	now and then	0	0.2	0.0	1	0.333333	0.333333
541	541	J5-541-031	J5-541-055	 whenever and wherever	 now and then	0	0.2	0.0	1	0.333333	0.333333
541	541	J5-541-031	J5-541-056	 whenever and wherever	 up and down	0	0.2	0.0	1	0.333333	0.333333
541	541	J5-541-031	J5-541-057	 whenever and wherever	 male and female	0	0.2	0.0	1	0.333333	0.333333
541	541	J5-541-031	J5-541-058	 whenever and wherever	 here and there	0	0.2	0.0	1	0.333333	0.333333
541	541	J5-541-031	J5-541-059	 whenever and wherever	Now and then	0	0.2	0.0	1	0.333333	0.333333
541	541	J5-541-031	J5-541-060	 whenever and wherever	 up and down	0	0.2	0.0	1	0.333333	0.333333
541	541	J5-541-031	J5-541-061	 whenever and wherever	 here and there	0	0.2	0.0	1	0.333333	0.333333
541	541	J5-541-031	J5-541-062	 whenever and wherever	 here and there	0	0.2	0.0	1	0.333333	0.333333
541	541	J5-541-031	J5-541-063	 whenever and wherever	 east and west	0	0.2	0.0	1	0.333333	0.333333
541	541	J5-541-031	J5-541-064	 whenever and wherever	 each and every	0	0.2	0.0	1	0.333333	0.333333
541	541	J5-541-031	J5-541-065	 whenever and wherever	, you can open and shut	0	0.125	0.0	1	0.333333	0.166667
541	541	J5-541-031	J5-541-066	 whenever and wherever	 again and again	0	0.2	0.0	1	0.333333	0.333333
541	541	J5-541-031	J5-541-067	 whenever and wherever	 true or false	0	0.0	0.0	0	0.0	0.0
541	541	J5-541-031	J5-541-068	 whenever and wherever	 East and West	0	0.2	0.0	1	0.333333	0.333333
541	541	J5-541-031	J5-541-069	 whenever and wherever	 one by one	0	0.0	0.0	0	0.0	0.0
541	541	J5-541-031	J5-541-070	 whenever and wherever	 one after the other	0	0.0	0.0	0	0.0	0.0
541	541	J5-541-031	J5-541-071	 whenever and wherever	, go round and round	0	0.142857	0.0	1	0.333333	0.2
541	541	J5-541-031	J5-541-072	 whenever and wherever	 One after another	0	0.0	0.0	0	0.0	0.0
541	541	J5-541-031	J5-541-073	 whenever and wherever	 water there, wheeling round and round	0	0.1	0.0	1	0.333333	0.125
541	541	J5-541-031	J5-541-074	 whenever and wherever	 in and out	0	0.2	0.0	1	0.333333	0.333333
541	541	J5-541-031	J5-541-075	 whenever and wherever	 up and down	0	0.2	0.0	1	0.333333	0.333333
541	541	J5-541-031	J5-541-076	 whenever and wherever	y Dick swam swiftly round and round	0	0.1	0.0	1	0.333333	0.125
541	541	J5-541-031	J5-541-077	 whenever and wherever	 this or that	0	0.0	0.0	0	0.0	0.0
541	541	J5-541-031	J5-541-078	 whenever and wherever	 up and down	0	0.2	0.0	1	0.333333	0.333333
541	541	J5-541-031	J5-541-079	 whenever and wherever	One after the other	0	0.0	0.0	0	0.0	0.0
541	541	J5-541-031	J5-541-080	 whenever and wherever	 side to side	0	0.0	0.0	0	0.0	0.0
541	541	J5-541-032	J5-541-033	, day after day	 up and down	0	0.0	0.0	0	0.0	0.0
541	541	J5-541-032	J5-541-034	, day after day	 now and then	0	0.0	0.0	0	0.0	0.0
541	541	J5-541-032	J5-541-035	, day after day	 up and down	0	0.0	0.0	0	0.0	0.0
541	541	J5-541-032	J5-541-036	, day after day	 up and down	0	0.0	0.0	0	0.0	0.0
541	541	J5-541-032	J5-541-037	, day after day	 old and new	0	0.0	0.0	0	0.0	0.0
541	541	J5-541-032	J5-541-038	, day after day	 here and there	0	0.0	0.0	0	0.0	0.0
541	541	J5-541-032	J5-541-039	, day after day	 Daggoo, straining forwards and backwards	0	0.090909	0.0	1	0.25	0.125
541	541	J5-541-032	J5-541-040	, day after day	 from first to last	0	0.0	0.0	0	0.0	0.0
541	541	J5-541-032	J5-541-041	, day after day	 now and then	0	0.0	0.0	0	0.0	0.0
541	541	J5-541-032	J5-541-042	, day after day	 up and down	0	0.0	0.0	0	0.0	0.0
541	541	J5-541-032	J5-541-043	, day after day	 here and there	0	0.0	0.0	0	0.0	0.0
541	541	J5-541-032	J5-541-044	, day after day	By and by	0	0.0	0.0	0	0.0	0.0
541	541	J5-541-032	J5-541-045	, day after day	 now and then	0	0.0	0.0	0	0.0	0.0
541	541	J5-541-032	J5-541-046	, day after day	 better or for worse	0	0.0	0.0	0	0.0	0.0
541	541	J5-541-032	J5-541-047	, day after day	 and thus round and round	0	0.0	0.0	0	0.0	0.0
541	541	J5-541-032	J5-541-048	, day after day	Human or animal	0	0.0	0.0	0	0.0	0.0
541	541	J5-541-032	J5-541-049	, day after day	 up and down	0	0.0	0.0	0	0.0	0.0
541	541	J5-541-032	J5-541-050	, day after day	 now and then	0	0.0	0.0	0	0.0	0.0
541	541	J5-541-032	J5-541-051	, day after day	 one after the other	0	0.142857	0.0	1	0.25	0.25
541	541	J5-541-032	J5-541-052	, day after day	 here and there	0	0.0	0.0	0	0.0	0.0
541	541	J5-541-032	J5-541-053	, day after day	 shoulder to shoulder	0	0.0	0.0	0	0.0	0.0
541	541	J5-541-032	J5-541-054	, day after day	now and then	0	0.0	0.0	0	0.0	0.0
541	541	J5-541-032	J5-541-055	, day after day	 now and then	0	0.0	0.0	0	0.0	0.0
541	541	J5-541-032	J5-541-056	, day after day	 up and down	0	0.0	0.0	0	0.0	0.0
541	541	J5-541-032	J5-541-057	, day after day	 male and female	0	0.0	0.0	0	0.0	0.0
541	541	J5-541-032	J5-541-058	, day after day	 here and there	0	0.0	0.0	0	0.0	0.0
541	541	J5-541-032	J5-541-059	, day after day	Now and then	0	0.0	0.0	0	0.0	0.0
541	541	J5-541-032	J5-541-060	, day after day	 up and down	0	0.0	0.0	0	0.0	0.0
541	541	J5-541-032	J5-541-061	, day after day	 here and there	0	0.0	0.0	0	0.0	0.0
541	541	J5-541-032	J5-541-062	, day after day	 here and there	0	0.0	0.0	0	0.0	0.0
541	541	J5-541-032	J5-541-063	, day after day	 east and west	0	0.0	0.0	0	0.0	0.0
541	541	J5-541-032	J5-541-064	, day after day	 each and every	0	0.0	0.0	0	0.0	0.0
541	541	J5-541-032	J5-541-065	, day after day	, you can open and shut	0	0.111111	0.0	1	0.25	0.166667
541	541	J5-541-032	J5-541-066	, day after day	 again and again	0	0.0	0.0	0	0.0	0.0
541	541	J5-541-032	J5-541-067	, day after day	 true or false	0	0.0	0.0	0	0.0	0.0
541	541	J5-541-032	J5-541-068	, day after day	 East and West	0	0.0	0.0	0	0.0	0.0
541	541	J5-541-032	J5-541-069	, day after day	 one by one	0	0.0	0.0	0	0.0	0.0
541	541	J5-541-032	J5-541-070	, day after day	 one after the other	0	0.142857	0.0	1	0.25	0.25
541	541	J5-541-032	J5-541-071	, day after day	, go round and round	0	0.125	0.0	1	0.25	0.2
541	541	J5-541-032	J5-541-072	, day after day	 One after another	0	0.166667	0.0	1	0.25	0.333333
541	541	J5-541-032	J5-541-073	, day after day	 water there, wheeling round and round	0	0.090909	0.0	1	0.25	0.125
541	541	J5-541-032	J5-541-074	, day after day	 in and out	0	0.0	0.0	0	0.0	0.0
541	541	J5-541-032	J5-541-075	, day after day	 up and down	0	0.0	0.0	0	0.0	0.0
541	541	J5-541-032	J5-541-076	, day after day	y Dick swam swiftly round and round	0	0.0	0.0	0	0.0	0.0
541	541	J5-541-032	J5-541-077	, day after day	 this or that	0	0.0	0.0	0	0.0	0.0
541	541	J5-541-032	J5-541-078	, day after day	 up and down	0	0.0	0.0	0	0.0	0.0
541	541	J5-541-032	J5-541-079	, day after day	One after the other	0	0.142857	0.0	1	0.25	0.25
541	541	J5-541-032	J5-541-080	, day after day	 side to side	0	0.0	0.0	0	0.0	0.0
541	541	J5-541-033	J5-541-034	 up and down	 now and then	0	0.2	0.0	1	0.333333	0.333333
541	541	J5-541-033	J5-541-035	 up and down	 up and down	1	1.0	1.0	3	1.0	1.0
541	541	J5-541-033	J5-541-036	 up and down	 up and down	1	1.0	1.0	3	1.0	1.0
541	541	J5-541-033	J5-541-037	 up and down	 old and new	0	0.2	0.0	1	0.333333	0.333333
541	541	J5-541-033	J5-541-038	 up and down	 here and there	0	0.2	0.0	1	0.333333	0.333333
541	541	J5-541-033	J5-541-039	 up and down	 Daggoo, straining forwards and backwards	0	0.1	0.0	1	0.333333	0.125
541	541	J5-541-033	J5-541-040	 up and down	 from first to last	0	0.0	0.0	0	0.0	0.0
541	541	J5-541-033	J5-541-041	 up and down	 now and then	0	0.2	0.0	1	0.333333	0.333333
541	541	J5-541-033	J5-541-042	 up and down	 up and down	1	1.0	1.0	3	1.0	1.0
541	541	J5-541-033	J5-541-043	 up and down	 here and there	0	0.2	0.0	1	0.333333	0.333333
541	541	J5-541-033	J5-541-044	 up and down	By and by	0	0.2	0.0	1	0.333333	0.333333
541	541	J5-541-033	J5-541-045	 up and down	 now and then	0	0.2	0.0	1	0.333333	0.333333
541	541	J5-541-033	J5-541-046	 up and down	 better or for worse	0	0.0	0.0	0	0.0	0.0
541	541	J5-541-033	J5-541-047	 up and down	 and thus round and round	0	0.142857	0.0	1	0.333333	0.2
541	541	J5-541-033	J5-541-048	 up and down	Human or animal	0	0.0	0.0	0	0.0	0.0
541	541	J5-541-033	J5-541-049	 up and down	 up and down	1	1.0	1.0	3	1.0	1.0
541	541	J5-541-033	J5-541-050	 up and down	 now and then	0	0.2	0.0	1	0.333333	0.333333
541	541	J5-541-033	J5-541-051	 up and down	 one after the other	0	0.0	0.0	0	0.0	0.0
541	541	J5-541-033	J5-541-052	 up and down	 here and there	0	0.2	0.0	1	0.333333	0.333333
541	541	J5-541-033	J5-541-053	 up and down	 shoulder to shoulder	0	0.0	0.0	0	0.0	0.0
541	541	J5-541-033	J5-541-054	 up and down	now and then	0	0.2	0.0	1	0.333333	0.333333
541	541	J5-541-033	J5-541-055	 up and down	 now and then	0	0.2	0.0	1	0.333333	0.333333
541	541	J5-541-033	J5-541-056	 up and down	 up and down	1	1.0	1.0	3	1.0	1.0
541	541	J5-541-033	J5-541-057	 up and down	 male and female	0	0.2	0.0	1	0.333333	0.333333
541	541	J5-541-033	J5-541-058	 up and down	 here and there	0	0.2	0.0	1	0.333333	0.333333
541	541	J5-541-033	J5-541-059	 up and down	Now and then	0	0.2	0.0	1	0.333333	0.333333
541	541	J5-541-033	J5-541-060	 up and down	 up and down	1	1.0	1.0	3	1.0	1.0
541	541	J5-541-033	J5-541-061	 up and down	 here and there	0	0.2	0.0	1	0.333333	0.333333
541	541	J5-541-033	J5-541-062	 up and down	 here and there	0	0.2	0.0	1	0.333333	0.333333
541	541	J5-541-033	J5-541-063	 up and down	 east and west	0	0.2	0.0	1	0.333333	0.333333
541	541	J5-541-033	J5-541-064	 up and down	 each and every	0	0.2	0.0	1	0.333333	0.333333
541	541	J5-541-033	J5-541-065	 up and down	, you can open and shut	0	0.125	0.0	1	0.333333	0.166667
541	541	J5-541-033	J5-541-066	 up and down	 again and again	0	0.2	0.0	1	0.333333	0.333333
541	541	J5-541-033	J5-541-067	 up and down	 true or false	0	0.0	0.0	0	0.0	0.0
541	541	J5-541-033	J5-541-068	 up and down	 East and West	0	0.2	0.0	1	0.333333	0.333333
541	541	J5-541-033	J5-541-069	 up and down	 one by one	0	0.0	0.0	0	0.0	0.0
541	541	J5-541-033	J5-541-070	 up and down	 one after the other	0	0.0	0.0	0	0.0	0.0
541	541	J5-541-033	J5-541-071	 up and down	, go round and round	0	0.142857	0.0	1	0.333333	0.2
541	541	J5-541-033	J5-541-072	 up and down	 One after another	0	0.0	0.0	0	0.0	0.0
541	541	J5-541-033	J5-541-073	 up and down	 water there, wheeling round and round	0	0.1	0.0	1	0.333333	0.125
541	541	J5-541-033	J5-541-074	 up and down	 in and out	0	0.2	0.0	1	0.333333	0.333333
541	541	J5-541-033	J5-541-075	 up and down	 up and down	1	1.0	1.0	3	1.0	1.0
541	541	J5-541-033	J5-541-076	 up and down	y Dick swam swiftly round and round	0	0.1	0.0	1	0.333333	0.125
541	541	J5-541-033	J5-541-077	 up and down	 this or that	0	0.0	0.0	0	0.0	0.0
541	541	J5-541-033	J5-541-078	 up and down	 up and down	1	1.0	1.0	3	1.0	1.0
541	541	J5-541-033	J5-541-079	 up and down	One after the other	0	0.0	0.0	0	0.0	0.0
541	541	J5-541-033	J5-541-080	 up and down	 side to side	0	0.0	0.0	0	0.0	0.0
541	541	J5-541-034	J5-541-035	 now and then	 up and down	0	0.2	0.0	1	0.333333	0.333333
541	541	J5-541-034	J5-541-036	 now and then	 up and down	0	0.2	0.0	1	0.333333	0.333333
541	541	J5-541-034	J5-541-037	 now and then	 old and new	0	0.2	0.0	1	0.333333	0.333333
541	541	J5-541-034	J5-541-038	 now and then	 here and there	0	0.2	0.0	1	0.333333	0.333333
541	541	J5-541-034	J5-541-039	 now and then	 Daggoo, straining forwards and backwards	0	0.1	0.0	1	0.333333	0.125
541	541	J5-541-034	J5-541-040	 now and then	 from first to last	0	0.0	0.0	0	0.0	0.0
541	541	J5-541-034	J5-541-041	 now and then	 now and then	1	1.0	1.0	3	1.0	1.0
541	541	J5-541-034	J5-541-042	 now and then	 up and down	0	0.2	0.0	1	0.333333	0.333333
541	541	J5-541-034	J5-541-043	 now and then	 here and there	0	0.2	0.0	1	0.333333	0.333333
541	541	J5-541-034	J5-541-044	 now and then	By and by	0	0.2	0.0	1	0.333333	0.333333
541	541	J5-541-034	J5-541-045	 now and then	 now and then	1	1.0	1.0	3	1.0	1.0
541	541	J5-541-034	J5-541-046	 now and then	 better or for worse	0	0.0	0.0	0	0.0	0.0
541	541	J5-541-034	J5-541-047	 now and then	 and thus round and round	0	0.142857	0.0	1	0.333333	0.2
541	541	J5-541-034	J5-541-048	 now and then	Human or animal	0	0.0	0.0	0	0.0	0.0
541	541	J5-541-034	J5-541-049	 now and then	 up and down	0	0.2	0.0	1	0.333333	0.333333
541	541	J5-541-034	J5-541-050	 now and then	 now and then	1	1.0	1.0	3	1.0	1.0
541	541	J5-541-034	J5-541-051	 now and then	 one after the other	0	0.0	0.0	0	0.0	0.0
541	541	J5-541-034	J5-541-052	 now and then	 here and there	0	0.2	0.0	1	0.333333	0.333333
541	541	J5-541-034	J5-541-053	 now and then	 shoulder to shoulder	0	0.0	0.0	0	0.0	0.0
541	541	J5-541-034	J5-541-054	 now and then	now and then	0	0.5	0.333333	2	0.666667	0.666667
541	541	J5-541-034	J5-541-055	 now and then	 now and then	1	1.0	1.0	3	1.0	1.0
541	541	J5-541-034	J5-541-056	 now and then	 up and down	0	0.2	0.0	1	0.333333	0.333333
541	541	J5-541-034	J5-541-057	 now and then	 male and female	0	0.2	0.0	1	0.333333	0.333333
541	541	J5-541-034	J5-541-058	 now and then	 here and there	0	0.2	0.0	1	0.333333	0.333333
541	541	J5-541-034	J5-541-059	 now and then	Now and then	0	0.5	0.333333	2	0.666667	0.666667
541	541	J5-541-034	J5-541-060	 now and then	 up and down	0	0.2	0.0	1	0.333333	0.333333
541	541	J5-541-034	J5-541-061	 now and then	 here and there	0	0.2	0.0	1	0.333333	0.333333
541	541	J5-541-034	J5-541-062	 now and then	 here and there	0	0.2	0.0	1	0.333333	0.333333
541	541	J5-541-034	J5-541-063	 now and then	 east and west	0	0.2	0.0	1	0.333333	0.333333
541	541	J5-541-034	J5-541-064	 now and then	 each and every	0	0.2	0.0	1	0.333333	0.333333
541	541	J5-541-034	J5-541-065	 now and then	, you can open and shut	0	0.125	0.0	1	0.333333	0.166667
541	541	J5-541-034	J5-541-066	 now and then	 again and again	0	0.2	0.0	1	0.333333	0.333333
541	541	J5-541-034	J5-541-067	 now and then	 true or false	0	0.0	0.0	0	0.0	0.0
541	541	J5-541-034	J5-541-068	 now and then	 East and West	0	0.2	0.0	1	0.333333	0.333333
541	541	J5-541-034	J5-541-069	 now and then	 one by one	0	0.0	0.0	0	0.0	0.0
541	541	J5-541-034	J5-541-070	 now and then	 one after the other	0	0.0	0.0	0	0.0	0.0
541	541	J5-541-034	J5-541-071	 now and then	, go round and round	0	0.142857	0.0	1	0.333333	0.2
541	541	J5-541-034	J5-541-072	 now and then	 One after another	0	0.0	0.0	0	0.0	0.0
541	541	J5-541-034	J5-541-073	 now and then	 water there, wheeling round and round	0	0.1	0.0	1	0.333333	0.125
541	541	J5-541-034	J5-541-074	 now and then	 in and out	0	0.2	0.0	1	0.333333	0.333333
541	541	J5-541-034	J5-541-075	 now and then	 up and down	0	0.2	0.0	1	0.333333	0.333333
541	541	J5-541-034	J5-541-076	 now and then	y Dick swam swiftly round and round	0	0.1	0.0	1	0.333333	0.125
541	541	J5-541-034	J5-541-077	 now and then	 this or that	0	0.0	0.0	0	0.0	0.0
541	541	J5-541-034	J5-541-078	 now and then	 up and down	0	0.2	0.0	1	0.333333	0.333333
541	541	J5-541-034	J5-541-079	 now and then	One after the other	0	0.0	0.0	0	0.0	0.0
541	541	J5-541-034	J5-541-080	 now and then	 side to side	0	0.0	0.0	0	0.0	0.0
541	541	J5-541-035	J5-541-036	 up and down	 up and down	1	1.0	1.0	3	1.0	1.0
541	541	J5-541-035	J5-541-037	 up and down	 old and new	0	0.2	0.0	1	0.333333	0.333333
541	541	J5-541-035	J5-541-038	 up and down	 here and there	0	0.2	0.0	1	0.333333	0.333333
541	541	J5-541-035	J5-541-039	 up and down	 Daggoo, straining forwards and backwards	0	0.1	0.0	1	0.333333	0.125
541	541	J5-541-035	J5-541-040	 up and down	 from first to last	0	0.0	0.0	0	0.0	0.0
541	541	J5-541-035	J5-541-041	 up and down	 now and then	0	0.2	0.0	1	0.333333	0.333333
541	541	J5-541-035	J5-541-042	 up and down	 up and down	1	1.0	1.0	3	1.0	1.0
541	541	J5-541-035	J5-541-043	 up and down	 here and there	0	0.2	0.0	1	0.333333	0.333333
541	541	J5-541-035	J5-541-044	 up and down	By and by	0	0.2	0.0	1	0.333333	0.333333
541	541	J5-541-035	J5-541-045	 up and down	 now and then	0	0.2	0.0	1	0.333333	0.333333
541	541	J5-541-035	J5-541-046	 up and down	 better or for worse	0	0.0	0.0	0	0.0	0.0
541	541	J5-541-035	J5-541-047	 up and down	 and thus round and round	0	0.142857	0.0	1	0.333333	0.2
541	541	J5-541-035	J5-541-048	 up and down	Human or animal	0	0.0	0.0	0	0.0	0.0
541	541	J5-541-035	J5-541-049	 up and down	 up and down	1	1.0	1.0	3	1.0	1.0
541	541	J5-541-035	J5-541-050	 up and down	 now and then	0	0.2	0.0	1	0.333333	0.333333
541	541	J5-541-035	J5-541-051	 up and down	 one after the other	0	0.0	0.0	0	0.0	0.0
541	541	J5-541-035	J5-541-052	 up and down	 here and there	0	0.2	0.0	1	0.333333	0.333333
541	541	J5-541-035	J5-541-053	 up and down	 shoulder to shoulder	0	0.0	0.0	0	0.0	0.0
541	541	J5-541-035	J5-541-054	 up and down	now and then	0	0.2	0.0	1	0.333333	0.333333
541	541	J5-541-035	J5-541-055	 up and down	 now and then	0	0.2	0.0	1	0.333333	0.333333
541	541	J5-541-035	J5-541-056	 up and down	 up and down	1	1.0	1.0	3	1.0	1.0
541	541	J5-541-035	J5-541-057	 up and down	 male and female	0	0.2	0.0	1	0.333333	0.333333
541	541	J5-541-035	J5-541-058	 up and down	 here and there	0	0.2	0.0	1	0.333333	0.333333
541	541	J5-541-035	J5-541-059	 up and down	Now and then	0	0.2	0.0	1	0.333333	0.333333
541	541	J5-541-035	J5-541-060	 up and down	 up and down	1	1.0	1.0	3	1.0	1.0
541	541	J5-541-035	J5-541-061	 up and down	 here and there	0	0.2	0.0	1	0.333333	0.333333
541	541	J5-541-035	J5-541-062	 up and down	 here and there	0	0.2	0.0	1	0.333333	0.333333
541	541	J5-541-035	J5-541-063	 up and down	 east and west	0	0.2	0.0	1	0.333333	0.333333
541	541	J5-541-035	J5-541-064	 up and down	 each and every	0	0.2	0.0	1	0.333333	0.333333
541	541	J5-541-035	J5-541-065	 up and down	, you can open and shut	0	0.125	0.0	1	0.333333	0.166667
541	541	J5-541-035	J5-541-066	 up and down	 again and again	0	0.2	0.0	1	0.333333	0.333333
541	541	J5-541-035	J5-541-067	 up and down	 true or false	0	0.0	0.0	0	0.0	0.0
541	541	J5-541-035	J5-541-068	 up and down	 East and West	0	0.2	0.0	1	0.333333	0.333333
541	541	J5-541-035	J5-541-069	 up and down	 one by one	0	0.0	0.0	0	0.0	0.0
541	541	J5-541-035	J5-541-070	 up and down	 one after the other	0	0.0	0.0	0	0.0	0.0
541	541	J5-541-035	J5-541-071	 up and down	, go round and round	0	0.142857	0.0	1	0.333333	0.2
541	541	J5-541-035	J5-541-072	 up and down	 One after another	0	0.0	0.0	0	0.0	0.0
541	541	J5-541-035	J5-541-073	 up and down	 water there, wheeling round and round	0	0.1	0.0	1	0.333333	0.125
541	541	J5-541-035	J5-541-074	 up and down	 in and out	0	0.2	0.0	1	0.333333	0.333333
541	541	J5-541-035	J5-541-075	 up and down	 up and down	1	1.0	1.0	3	1.0	1.0
541	541	J5-541-035	J5-541-076	 up and down	y Dick swam swiftly round and round	0	0.1	0.0	1	0.333333	0.125
541	541	J5-541-035	J5-541-077	 up and down	 this or that	0	0.0	0.0	0	0.0	0.0
541	541	J5-541-035	J5-541-078	 up and down	 up and down	1	1.0	1.0	3	1.0	1.0
541	541	J5-541-035	J5-541-079	 up and down	One after the other	0	0.0	0.0	0	0.0	0.0
541	541	J5-541-035	J5-541-080	 up and down	 side to side	0	0.0	0.0	0	0.0	0.0
541	541	J5-541-036	J5-541-037	 up and down	 old and new	0	0.2	0.0	1	0.333333	0.333333
541	541	J5-541-036	J5-541-038	 up and down	 here and there	0	0.2	0.0	1	0.333333	0.333333
541	541	J5-541-036	J5-541-039	 up and down	 Daggoo, straining forwards and backwards	0	0.1	0.0	1	0.333333	0.125
541	541	J5-541-036	J5-541-040	 up and down	 from first to last	0	0.0	0.0	0	0.0	0.0
541	541	J5-541-036	J5-541-041	 up and down	 now and then	0	0.2	0.0	1	0.333333	0.333333
541	541	J5-541-036	J5-541-042	 up and down	 up and down	1	1.0	1.0	3	1.0	1.0
541	541	J5-541-036	J5-541-043	 up and down	 here and there	0	0.2	0.0	1	0.333333	0.333333
541	541	J5-541-036	J5-541-044	 up and down	By and by	0	0.2	0.0	1	0.333333	0.333333
541	541	J5-541-036	J5-541-045	 up and down	 now and then	0	0.2	0.0	1	0.333333	0.333333
541	541	J5-541-036	J5-541-046	 up and down	 better or for worse	0	0.0	0.0	0	0.0	0.0
541	541	J5-541-036	J5-541-047	 up and down	 and thus round and round	0	0.142857	0.0	1	0.333333	0.2
541	541	J5-541-036	J5-541-048	 up and down	Human or animal	0	0.0	0.0	0	0.0	0.0
541	541	J5-541-036	J5-541-049	 up and down	 up and down	1	1.0	1.0	3	1.0	1.0
541	541	J5-541-036	J5-541-050	 up and down	 now and then	0	0.2	0.0	1	0.333333	0.333333
541	541	J5-541-036	J5-541-051	 up and down	 one after the other	0	0.0	0.0	0	0.0	0.0
541	541	J5-541-036	J5-541-052	 up and down	 here and there	0	0.2	0.0	1	0.333333	0.333333
541	541	J5-541-036	J5-541-053	 up and down	 shoulder to shoulder	0	0.0	0.0	0	0.0	0.0
541	541	J5-541-036	J5-541-054	 up and down	now and then	0	0.2	0.0	1	0.333333	0.333333
541	541	J5-541-036	J5-541-055	 up and down	 now and then	0	0.2	0.0	1	0.333333	0.333333
541	541	J5-541-036	J5-541-056	 up and down	 up and down	1	1.0	1.0	3	1.0	1.0
541	541	J5-541-036	J5-541-057	 up and down	 male and female	0	0.2	0.0	1	0.333333	0.333333
541	541	J5-541-036	J5-541-058	 up and down	 here and there	0	0.2	0.0	1	0.333333	0.333333
541	541	J5-541-036	J5-541-059	 up and down	Now and then	0	0.2	0.0	1	0.333333	0.333333
541	541	J5-541-036	J5-541-060	 up and down	 up and down	1	1.0	1.0	3	1.0	1.0
541	541	J5-541-036	J5-541-061	 up and down	 here and there	0	0.2	0.0	1	0.333333	0.333333
541	541	J5-541-036	J5-541-062	 up and down	 here and there	0	0.2	0.0	1	0.333333	0.333333
541	541	J5-541-036	J5-541-063	 up and down	 east and west	0	0.2	0.0	1	0.333333	0.333333
541	541	J5-541-036	J5-541-064	 up and down	 each and every	0	0.2	0.0	1	0.333333	0.333333
541	541	J5-541-036	J5-541-065	 up and down	, you can open and shut	0	0.125	0.0	1	0.333333	0.166667
541	541	J5-541-036	J5-541-066	 up and down	 again and again	0	0.2	0.0	1	0.333333	0.333333
541	541	J5-541-036	J5-541-067	 up and down	 true or false	0	0.0	0.0	0	0.0	0.0
541	541	J5-541-036	J5-541-068	 up and down	 East and West	0	0.2	0.0	1	0.333333	0.333333
541	541	J5-541-036	J5-541-069	 up and down	 one by one	0	0.0	0.0	0	0.0	0.0
541	541	J5-541-036	J5-541-070	 up and down	 one after the other	0	0.0	0.0	0	0.0	0.0
541	541	J5-541-036	J5-541-071	 up and down	, go round and round	0	0.142857	0.0	1	0.333333	0.2
541	541	J5-541-036	J5-541-072	 up and down	 One after another	0	0.0	0.0	0	0.0	0.0
541	541	J5-541-036	J5-541-073	 up and down	 water there, wheeling round and round	0	0.1	0.0	1	0.333333	0.125
541	541	J5-541-036	J5-541-074	 up and down	 in and out	0	0.2	0.0	1	0.333333	0.333333
541	541	J5-541-036	J5-541-075	 up and down	 up and down	1	1.0	1.0	3	1.0	1.0
541	541	J5-541-036	J5-541-076	 up and down	y Dick swam swiftly round and round	0	0.1	0.0	1	0.333333	0.125
541	541	J5-541-036	J5-541-077	 up and down	 this or that	0	0.0	0.0	0	0.0	0.0
541	541	J5-541-036	J5-541-078	 up and down	 up and down	1	1.0	1.0	3	1.0	1.0
541	541	J5-541-036	J5-541-079	 up and down	One after the other	0	0.0	0.0	0	0.0	0.0
541	541	J5-541-036	J5-541-080	 up and down	 side to side	0	0.0	0.0	0	0.0	0.0
541	541	J5-541-037	J5-541-038	 old and new	 here and there	0	0.2	0.0	1	0.333333	0.333333
541	541	J5-541-037	J5-541-039	 old and new	 Daggoo, straining forwards and backwards	0	0.1	0.0	1	0.333333	0.125
541	541	J5-541-037	J5-541-040	 old and new	 from first to last	0	0.0	0.0	0	0.0	0.0
541	541	J5-541-037	J5-541-041	 old and new	 now and then	0	0.2	0.0	1	0.333333	0.333333
541	541	J5-541-037	J5-541-042	 old and new	 up and down	0	0.2	0.0	1	0.333333	0.333333
541	541	J5-541-037	J5-541-043	 old and new	 here and there	0	0.2	0.0	1	0.333333	0.333333
541	541	J5-541-037	J5-541-044	 old and new	By and by	0	0.2	0.0	1	0.333333	0.333333
541	541	J5-541-037	J5-541-045	 old and new	 now and then	0	0.2	0.0	1	0.333333	0.333333
541	541	J5-541-037	J5-541-046	 old and new	 better or for worse	0	0.0	0.0	0	0.0	0.0
541	541	J5-541-037	J5-541-047	 old and new	 and thus round and round	0	0.142857	0.0	1	0.333333	0.2
541	541	J5-541-037	J5-541-048	 old and new	Human or animal	0	0.0	0.0	0	0.0	0.0
541	541	J5-541-037	J5-541-049	 old and new	 up and down	0	0.2	0.0	1	0.333333	0.333333
541	541	J5-541-037	J5-541-050	 old and new	 now and then	0	0.2	0.0	1	0.333333	0.333333
541	541	J5-541-037	J5-541-051	 old and new	 one after the other	0	0.0	0.0	0	0.0	0.0
541	541	J5-541-037	J5-541-052	 old and new	 here and there	0	0.2	0.0	1	0.333333	0.333333
541	541	J5-541-037	J5-541-053	 old and new	 shoulder to shoulder	0	0.0	0.0	0	0.0	0.0
541	541	J5-541-037	J5-541-054	 old and new	now and then	0	0.2	0.0	1	0.333333	0.333333
541	541	J5-541-037	J5-541-055	 old and new	 now and then	0	0.2	0.0	1	0.333333	0.333333
541	541	J5-541-037	J5-541-056	 old and new	 up and down	0	0.2	0.0	1	0.333333	0.333333
541	541	J5-541-037	J5-541-057	 old and new	 male and female	0	0.2	0.0	1	0.333333	0.333333
541	541	J5-541-037	J5-541-058	 old and new	 here and there	0	0.2	0.0	1	0.333333	0.333333
541	541	J5-541-037	J5-541-059	 old and new	Now and then	0	0.2	0.0	1	0.333333	0.333333
541	541	J5-541-037	J5-541-060	 old and new	 up and down	0	0.2	0.0	1	0.333333	0.333333
541	541	J5-541-037	J5-541-061	 old and new	 here and there	0	0.2	0.0	1	0.333333	0.333333
541	541	J5-541-037	J5-541-062	 old and new	 here and there	0	0.2	0.0	1	0.333333	0.333333
541	541	J5-541-037	J5-541-063	 old and new	 east and west	0	0.2	0.0	1	0.333333	0.333333
541	541	J5-541-037	J5-541-064	 old and new	 each and every	0	0.2	0.0	1	0.333333	0.333333
541	541	J5-541-037	J5-541-065	 old and new	, you can open and shut	0	0.125	0.0	1	0.333333	0.166667
541	541	J5-541-037	J5-541-066	 old and new	 again and again	0	0.2	0.0	1	0.333333	0.333333
541	541	J5-541-037	J5-541-067	 old and new	 true or false	0	0.0	0.0	0	0.0	0.0
541	541	J5-541-037	J5-541-068	 old and new	 East and West	0	0.2	0.0	1	0.333333	0.333333
541	541	J5-541-037	J5-541-069	 old and new	 one by one	0	0.0	0.0	0	0.0	0.0
541	541	J5-541-037	J5-541-070	 old and new	 one after the other	0	0.0	0.0	0	0.0	0.0
541	541	J5-541-037	J5-541-071	 old and new	, go round and round	0	0.142857	0.0	1	0.333333	0.2
541	541	J5-541-037	J5-541-072	 old and new	 One after another	0	0.0	0.0	0	0.0	0.0
541	541	J5-541-037	J5-541-073	 old and new	 water there, wheeling round and round	0	0.1	0.0	1	0.333333	0.125
541	541	J5-541-037	J5-541-074	 old and new	 in and out	0	0.2	0.0	1	0.333333	0.333333
541	541	J5-541-037	J5-541-075	 old and new	 up and down	0	0.2	0.0	1	0.333333	0.333333
541	541	J5-541-037	J5-541-076	 old and new	y Dick swam swiftly round and round	0	0.1	0.0	1	0.333333	0.125
541	541	J5-541-037	J5-541-077	 old and new	 this or that	0	0.0	0.0	0	0.0	0.0
541	541	J5-541-037	J5-541-078	 old and new	 up and down	0	0.2	0.0	1	0.333333	0.333333
541	541	J5-541-037	J5-541-079	 old and new	One after the other	0	0.0	0.0	0	0.0	0.0
541	541	J5-541-037	J5-541-080	 old and new	 side to side	0	0.0	0.0	0	0.0	0.0
541	541	J5-541-038	J5-541-039	 here and there	 Daggoo, straining forwards and backwards	0	0.1	0.0	1	0.333333	0.125
541	541	J5-541-038	J5-541-040	 here and there	 from first to last	0	0.0	0.0	0	0.0	0.0
541	541	J5-541-038	J5-541-041	 here and there	 now and then	0	0.2	0.0	1	0.333333	0.333333
541	541	J5-541-038	J5-541-042	 here and there	 up and down	0	0.2	0.0	1	0.333333	0.333333
541	541	J5-541-038	J5-541-043	 here and there	 here and there	1	1.0	1.0	3	1.0	1.0
541	541	J5-541-038	J5-541-044	 here and there	By and by	0	0.2	0.0	1	0.333333	0.333333
541	541	J5-541-038	J5-541-045	 here and there	 now and then	0	0.2	0.0	1	0.333333	0.333333
541	541	J5-541-038	J5-541-046	 here and there	 better or for worse	0	0.0	0.0	0	0.0	0.0
541	541	J5-541-038	J5-541-047	 here and there	 and thus round and round	0	0.142857	0.0	1	0.333333	0.2
541	541	J5-541-038	J5-541-048	 here and there	Human or animal	0	0.0	0.0	0	0.0	0.0
541	541	J5-541-038	J5-541-049	 here and there	 up and down	0	0.2	0.0	1	0.333333	0.333333
541	541	J5-541-038	J5-541-050	 here and there	 now and then	0	0.2	0.0	1	0.333333	0.333333
541	541	J5-541-038	J5-541-051	 here and there	 one after the other	0	0.0	0.0	0	0.0	0.0
541	541	J5-541-038	J5-541-052	 here and there	 here and there	1	1.0	1.0	3	1.0	1.0
541	541	J5-541-038	J5-541-053	 here and there	 shoulder to shoulder	0	0.0	0.0	0	0.0	0.0
541	541	J5-541-038	J5-541-054	 here and there	now and then	0	0.2	0.0	1	0.333333	0.333333
541	541	J5-541-038	J5-541-055	 here and there	 now and then	0	0.2	0.0	1	0.333333	0.333333
541	541	J5-541-038	J5-541-056	 here and there	 up and down	0	0.2	0.0	1	0.333333	0.333333
541	541	J5-541-038	J5-541-057	 here and there	 male and female	0	0.2	0.0	1	0.333333	0.333333
541	541	J5-541-038	J5-541-058	 here and there	 here and there	1	1.0	1.0	3	1.0	1.0
541	541	J5-541-038	J5-541-059	 here and there	Now and then	0	0.2	0.0	1	0.333333	0.333333
541	541	J5-541-038	J5-541-060	 here and there	 up and down	0	0.2	0.0	1	0.333333	0.333333
541	541	J5-541-038	J5-541-061	 here and there	 here and there	1	1.0	1.0	3	1.0	1.0
541	541	J5-541-038	J5-541-062	 here and there	 here and there	1	1.0	1.0	3	1.0	1.0
541	541	J5-541-038	J5-541-063	 here and there	 east and west	0	0.2	0.0	1	0.333333	0.333333
541	541	J5-541-038	J5-541-064	 here and there	 each and every	0	0.2	0.0	1	0.333333	0.333333
541	541	J5-541-038	J5-541-065	 here and there	, you can open and shut	0	0.125	0.0	1	0.333333	0.166667
541	541	J5-541-038	J5-541-066	 here and there	 again and again	0	0.2	0.0	1	0.333333	0.333333
541	541	J5-541-038	J5-541-067	 here and there	 true or false	0	0.0	0.0	0	0.0	0.0
541	541	J5-541-038	J5-541-068	 here and there	 East and West	0	0.2	0.0	1	0.333333	0.333333
541	541	J5-541-038	J5-541-069	 here and there	 one by one	0	0.0	0.0	0	0.0	0.0
541	541	J5-541-038	J5-541-070	 here and there	 one after the other	0	0.0	0.0	0	0.0	0.0
541	541	J5-541-038	J5-541-071	 here and there	, go round and round	0	0.142857	0.0	1	0.333333	0.2
541	541	J5-541-038	J5-541-072	 here and there	 One after another	0	0.0	0.0	0	0.0	0.0
541	541	J5-541-038	J5-541-073	 here and there	 water there, wheeling round and round	0	0.222222	0.0	1	0.333333	0.125
541	541	J5-541-038	J5-541-074	 here and there	 in and out	0	0.2	0.0	1	0.333333	0.333333
541	541	J5-541-038	J5-541-075	 here and there	 up and down	0	0.2	0.0	1	0.333333	0.333333
541	541	J5-541-038	J5-541-076	 here and there	y Dick swam swiftly round and round	0	0.1	0.0	1	0.333333	0.125
541	541	J5-541-038	J5-541-077	 here and there	 this or that	0	0.0	0.0	0	0.0	0.0
541	541	J5-541-038	J5-541-078	 here and there	 up and down	0	0.2	0.0	1	0.333333	0.333333
541	541	J5-541-038	J5-541-079	 here and there	One after the other	0	0.0	0.0	0	0.0	0.0
541	541	J5-541-038	J5-541-080	 here and there	 side to side	0	0.0	0.0	0	0.0	0.0
541	541	J5-541-039	J5-541-040	 Daggoo, straining forwards and backwards	 from first to last	0	0.0	0.0	0	0.0	0.0
541	541	J5-541-039	J5-541-041	 Daggoo, straining forwards and backwards	 now and then	0	0.1	0.0	1	0.125	0.333333
541	541	J5-541-039	J5-541-042	 Daggoo, straining forwards and backwards	 up and down	0	0.1	0.0	1	0.125	0.333333
541	541	J5-541-039	J5-541-043	 Daggoo, straining forwards and backwards	 here and there	0	0.1	0.0	1	0.125	0.333333
541	541	J5-541-039	J5-541-044	 Daggoo, straining forwards and backwards	By and by	0	0.1	0.0	1	0.125	0.333333
541	541	J5-541-039	J5-541-045	 Daggoo, straining forwards and backwards	 now and then	0	0.1	0.0	1	0.125	0.333333
541	541	J5-541-039	J5-541-046	 Daggoo, straining forwards and backwards	 better or for worse	0	0.0	0.0	0	0.0	0.0
541	541	J5-541-039	J5-541-047	 Daggoo, straining forwards and backwards	 and thus round and round	0	0.083333	0.0	1	0.125	0.2
541	541	J5-541-039	J5-541-048	 Daggoo, straining forwards and backwards	Human or animal	0	0.0	0.0	0	0.0	0.0
541	541	J5-541-039	J5-541-049	 Daggoo, straining forwards and backwards	 up and down	0	0.1	0.0	1	0.125	0.333333
541	541	J5-541-039	J5-541-050	 Daggoo, straining forwards and backwards	 now and then	0	0.1	0.0	1	0.125	0.333333
541	541	J5-541-039	J5-541-051	 Daggoo, straining forwards and backwards	 one after the other	0	0.0	0.0	0	0.0	0.0
541	541	J5-541-039	J5-541-052	 Daggoo, straining forwards and backwards	 here and there	0	0.1	0.0	1	0.125	0.333333
541	541	J5-541-039	J5-541-053	 Daggoo, straining forwards and backwards	 shoulder to shoulder	0	0.0	0.0	0	0.0	0.0
541	541	J5-541-039	J5-541-054	 Daggoo, straining forwards and backwards	now and then	0	0.1	0.0	1	0.125	0.333333
541	541	J5-541-039	J5-541-055	 Daggoo, straining forwards and backwards	 now and then	0	0.1	0.0	1	0.125	0.333333
541	541	J5-541-039	J5-541-056	 Daggoo, straining forwards and backwards	 up and down	0	0.1	0.0	1	0.125	0.333333
541	541	J5-541-039	J5-541-057	 Daggoo, straining forwards and backwards	 male and female	0	0.1	0.0	1	0.125	0.333333
541	541	J5-541-039	J5-541-058	 Daggoo, straining forwards and backwards	 here and there	0	0.1	0.0	1	0.125	0.333333
541	541	J5-541-039	J5-541-059	 Daggoo, straining forwards and backwards	Now and then	0	0.1	0.0	1	0.125	0.333333
541	541	J5-541-039	J5-541-060	 Daggoo, straining forwards and backwards	 up and down	0	0.1	0.0	1	0.125	0.333333
541	541	J5-541-039	J5-541-061	 Daggoo, straining forwards and backwards	 here and there	0	0.1	0.0	1	0.125	0.333333
541	541	J5-541-039	J5-541-062	 Daggoo, straining forwards and backwards	 here and there	0	0.1	0.0	1	0.125	0.333333
541	541	J5-541-039	J5-541-063	 Daggoo, straining forwards and backwards	 east and west	0	0.1	0.0	1	0.125	0.333333
541	541	J5-541-039	J5-541-064	 Daggoo, straining forwards and backwards	 each and every	0	0.1	0.0	1	0.125	0.333333
541	541	J5-541-039	J5-541-065	 Daggoo, straining forwards and backwards	, you can open and shut	0	0.166667	0.0	1	0.125	0.166667
541	541	J5-541-039	J5-541-066	 Daggoo, straining forwards and backwards	 again and again	0	0.1	0.0	1	0.125	0.333333
541	541	J5-541-039	J5-541-067	 Daggoo, straining forwards and backwards	 true or false	0	0.0	0.0	0	0.0	0.0
541	541	J5-541-039	J5-541-068	 Daggoo, straining forwards and backwards	 East and West	0	0.1	0.0	1	0.125	0.333333
541	541	J5-541-039	J5-541-069	 Daggoo, straining forwards and backwards	 one by one	0	0.0	0.0	0	0.0	0.0
541	541	J5-541-039	J5-541-070	 Daggoo, straining forwards and backwards	 one after the other	0	0.0	0.0	0	0.0	0.0
541	541	J5-541-039	J5-541-071	 Daggoo, straining forwards and backwards	, go round and round	0	0.181818	0.0	1	0.125	0.2
541	541	J5-541-039	J5-541-072	 Daggoo, straining forwards and backwards	 One after another	0	0.0	0.0	0	0.0	0.0
541	541	J5-541-039	J5-541-073	 Daggoo, straining forwards and backwards	 water there, wheeling round and round	0	0.142857	0.0	1	0.125	0.125
541	541	J5-541-039	J5-541-074	 Daggoo, straining forwards and backwards	 in and out	0	0.1	0.0	1	0.125	0.333333
541	541	J5-541-039	J5-541-075	 Daggoo, straining forwards and backwards	 up and down	0	0.1	0.0	1	0.125	0.333333
541	541	J5-541-039	J5-541-076	 Daggoo, straining forwards and backwards	y Dick swam swiftly round and round	0	0.066667	0.0	1	0.125	0.125
541	541	J5-541-039	J5-541-077	 Daggoo, straining forwards and backwards	 this or that	0	0.0	0.0	0	0.0	0.0
541	541	J5-541-039	J5-541-078	 Daggoo, straining forwards and backwards	 up and down	0	0.1	0.0	1	0.125	0.333333
541	541	J5-541-039	J5-541-079	 Daggoo, straining forwards and backwards	One after the other	0	0.0	0.0	0	0.0	0.0
541	541	J5-541-039	J5-541-080	 Daggoo, straining forwards and backwards	 side to side	0	0.0	0.0	0	0.0	0.0
541	541	J5-541-040	J5-541-041	 from first to last	 now and then	0	0.0	0.0	0	0.0	0.0
541	541	J5-541-040	J5-541-042	 from first to last	 up and down	0	0.0	0.0	0	0.0	0.0
541	541	J5-541-040	J5-541-043	 from first to last	 here and there	0	0.0	0.0	0	0.0	0.0
541	541	J5-541-040	J5-541-044	 from first to last	By and by	0	0.0	0.0	0	0.0	0.0
541	541	J5-541-040	J5-541-045	 from first to last	 now and then	0	0.0	0.0	0	0.0	0.0
541	541	J5-541-040	J5-541-046	 from first to last	 better or for worse	0	0.0	0.0	0	0.0	0.0
541	541	J5-541-040	J5-541-047	 from first to last	 and thus round and round	0	0.0	0.0	0	0.0	0.0
541	541	J5-541-040	J5-541-048	 from first to last	Human or animal	0	0.0	0.0	0	0.0	0.0
541	541	J5-541-040	J5-541-049	 from first to last	 up and down	0	0.0	0.0	0	0.0	0.0
541	541	J5-541-040	J5-541-050	 from first to last	 now and then	0	0.0	0.0	0	0.0	0.0
541	541	J5-541-040	J5-541-051	 from first to last	 one after the other	0	0.0	0.0	0	0.0	0.0
541	541	J5-541-040	J5-541-052	 from first to last	 here and there	0	0.0	0.0	0	0.0	0.0
541	541	J5-541-040	J5-541-053	 from first to last	 shoulder to shoulder	0	0.166667	0.0	1	0.25	0.333333
541	541	J5-541-040	J5-541-054	 from first to last	now and then	0	0.0	0.0	0	0.0	0.0
541	541	J5-541-040	J5-541-055	 from first to last	 now and then	0	0.0	0.0	0	0.0	0.0
541	541	J5-541-040	J5-541-056	 from first to last	 up and down	0	0.0	0.0	0	0.0	0.0
541	541	J5-541-040	J5-541-057	 from first to last	 male and female	0	0.0	0.0	0	0.0	0.0
541	541	J5-541-040	J5-541-058	 from first to last	 here and there	0	0.0	0.0	0	0.0	0.0
541	541	J5-541-040	J5-541-059	 from first to last	Now and then	0	0.0	0.0	0	0.0	0.0
541	541	J5-541-040	J5-541-060	 from first to last	 up and down	0	0.0	0.0	0	0.0	0.0
541	541	J5-541-040	J5-541-061	 from first to last	 here and there	0	0.0	0.0	0	0.0	0.0
541	541	J5-541-040	J5-541-062	 from first to last	 here and there	0	0.0	0.0	0	0.0	0.0
541	541	J5-541-040	J5-541-063	 from first to last	 east and west	0	0.0	0.0	0	0.0	0.0
541	541	J5-541-040	J5-541-064	 from first to last	 each and every	0	0.0	0.0	0	0.0	0.0
541	541	J5-541-040	J5-541-065	 from first to last	, you can open and shut	0	0.0	0.0	0	0.0	0.0
541	541	J5-541-040	J5-541-066	 from first to last	 again and again	0	0.0	0.0	0	0.0	0.0
541	541	J5-541-040	J5-541-067	 from first to last	 true or false	0	0.0	0.0	0	0.0	0.0
541	541	J5-541-040	J5-541-068	 from first to last	 East and West	0	0.0	0.0	0	0.0	0.0
541	541	J5-541-040	J5-541-069	 from first to last	 one by one	0	0.0	0.0	0	0.0	0.0
541	541	J5-541-040	J5-541-070	 from first to last	 one after the other	0	0.0	0.0	0	0.0	0.0
541	541	J5-541-040	J5-541-071	 from first to last	, go round and round	0	0.0	0.0	0	0.0	0.0
541	541	J5-541-040	J5-541-072	 from first to last	 One after another	0	0.0	0.0	0	0.0	0.0
541	541	J5-541-040	J5-541-073	 from first to last	 water there, wheeling round and round	0	0.0	0.0	0	0.0	0.0
541	541	J5-541-040	J5-541-074	 from first to last	 in and out	0	0.0	0.0	0	0.0	0.0
541	541	J5-541-040	J5-541-075	 from first to last	 up and down	0	0.0	0.0	0	0.0	0.0
541	541	J5-541-040	J5-541-076	 from first to last	y Dick swam swiftly round and round	0	0.0	0.0	0	0.0	0.0
541	541	J5-541-040	J5-541-077	 from first to last	 this or that	0	0.0	0.0	0	0.0	0.0
541	541	J5-541-040	J5-541-078	 from first to last	 up and down	0	0.0	0.0	0	0.0	0.0
541	541	J5-541-040	J5-541-079	 from first to last	One after the other	0	0.0	0.0	0	0.0	0.0
541	541	J5-541-040	J5-541-080	 from first to last	 side to side	0	0.166667	0.0	1	0.25	0.333333
541	541	J5-541-041	J5-541-042	 now and then	 up and down	0	0.2	0.0	1	0.333333	0.333333
541	541	J5-541-041	J5-541-043	 now and then	 here and there	0	0.2	0.0	1	0.333333	0.333333
541	541	J5-541-041	J5-541-044	 now and then	By and by	0	0.2	0.0	1	0.333333	0.333333
541	541	J5-541-041	J5-541-045	 now and then	 now and then	1	1.0	1.0	3	1.0	1.0
541	541	J5-541-041	J5-541-046	 now and then	 better or for worse	0	0.0	0.0	0	0.0	0.0
541	541	J5-541-041	J5-541-047	 now and then	 and thus round and round	0	0.142857	0.0	1	0.333333	0.2
541	541	J5-541-041	J5-541-048	 now and then	Human or animal	0	0.0	0.0	0	0.0	0.0
541	541	J5-541-041	J5-541-049	 now and then	 up and down	0	0.2	0.0	1	0.333333	0.333333
541	541	J5-541-041	J5-541-050	 now and then	 now and then	1	1.0	1.0	3	1.0	1.0
541	541	J5-541-041	J5-541-051	 now and then	 one after the other	0	0.0	0.0	0	0.0	0.0
541	541	J5-541-041	J5-541-052	 now and then	 here and there	0	0.2	0.0	1	0.333333	0.333333
541	541	J5-541-041	J5-541-053	 now and then	 shoulder to shoulder	0	0.0	0.0	0	0.0	0.0
541	541	J5-541-041	J5-541-054	 now and then	now and then	0	0.5	0.333333	2	0.666667	0.666667
541	541	J5-541-041	J5-541-055	 now and then	 now and then	1	1.0	1.0	3	1.0	1.0
541	541	J5-541-041	J5-541-056	 now and then	 up and down	0	0.2	0.0	1	0.333333	0.333333
541	541	J5-541-041	J5-541-057	 now and then	 male and female	0	0.2	0.0	1	0.333333	0.333333
541	541	J5-541-041	J5-541-058	 now and then	 here and there	0	0.2	0.0	1	0.333333	0.333333
541	541	J5-541-041	J5-541-059	 now and then	Now and then	0	0.5	0.333333	2	0.666667	0.666667
541	541	J5-541-041	J5-541-060	 now and then	 up and down	0	0.2	0.0	1	0.333333	0.333333
541	541	J5-541-041	J5-541-061	 now and then	 here and there	0	0.2	0.0	1	0.333333	0.333333
541	541	J5-541-041	J5-541-062	 now and then	 here and there	0	0.2	0.0	1	0.333333	0.333333
541	541	J5-541-041	J5-541-063	 now and then	 east and west	0	0.2	0.0	1	0.333333	0.333333
541	541	J5-541-041	J5-541-064	 now and then	 each and every	0	0.2	0.0	1	0.333333	0.333333
541	541	J5-541-041	J5-541-065	 now and then	, you can open and shut	0	0.125	0.0	1	0.333333	0.166667
541	541	J5-541-041	J5-541-066	 now and then	 again and again	0	0.2	0.0	1	0.333333	0.333333
541	541	J5-541-041	J5-541-067	 now and then	 true or false	0	0.0	0.0	0	0.0	0.0
541	541	J5-541-041	J5-541-068	 now and then	 East and West	0	0.2	0.0	1	0.333333	0.333333
541	541	J5-541-041	J5-541-069	 now and then	 one by one	0	0.0	0.0	0	0.0	0.0
541	541	J5-541-041	J5-541-070	 now and then	 one after the other	0	0.0	0.0	0	0.0	0.0
541	541	J5-541-041	J5-541-071	 now and then	, go round and round	0	0.142857	0.0	1	0.333333	0.2
541	541	J5-541-041	J5-541-072	 now and then	 One after another	0	0.0	0.0	0	0.0	0.0
541	541	J5-541-041	J5-541-073	 now and then	 water there, wheeling round and round	0	0.1	0.0	1	0.333333	0.125
541	541	J5-541-041	J5-541-074	 now and then	 in and out	0	0.2	0.0	1	0.333333	0.333333
541	541	J5-541-041	J5-541-075	 now and then	 up and down	0	0.2	0.0	1	0.333333	0.333333
541	541	J5-541-041	J5-541-076	 now and then	y Dick swam swiftly round and round	0	0.1	0.0	1	0.333333	0.125
541	541	J5-541-041	J5-541-077	 now and then	 this or that	0	0.0	0.0	0	0.0	0.0
541	541	J5-541-041	J5-541-078	 now and then	 up and down	0	0.2	0.0	1	0.333333	0.333333
541	541	J5-541-041	J5-541-079	 now and then	One after the other	0	0.0	0.0	0	0.0	0.0
541	541	J5-541-041	J5-541-080	 now and then	 side to side	0	0.0	0.0	0	0.0	0.0
541	541	J5-541-042	J5-541-043	 up and down	 here and there	0	0.2	0.0	1	0.333333	0.333333
541	541	J5-541-042	J5-541-044	 up and down	By and by	0	0.2	0.0	1	0.333333	0.333333
541	541	J5-541-042	J5-541-045	 up and down	 now and then	0	0.2	0.0	1	0.333333	0.333333
541	541	J5-541-042	J5-541-046	 up and down	 better or for worse	0	0.0	0.0	0	0.0	0.0
541	541	J5-541-042	J5-541-047	 up and down	 and thus round and round	0	0.142857	0.0	1	0.333333	0.2
541	541	J5-541-042	J5-541-048	 up and down	Human or animal	0	0.0	0.0	0	0.0	0.0
541	541	J5-541-042	J5-541-049	 up and down	 up and down	1	1.0	1.0	3	1.0	1.0
541	541	J5-541-042	J5-541-050	 up and down	 now and then	0	0.2	0.0	1	0.333333	0.333333
541	541	J5-541-042	J5-541-051	 up and down	 one after the other	0	0.0	0.0	0	0.0	0.0
541	541	J5-541-042	J5-541-052	 up and down	 here and there	0	0.2	0.0	1	0.333333	0.333333
541	541	J5-541-042	J5-541-053	 up and down	 shoulder to shoulder	0	0.0	0.0	0	0.0	0.0
541	541	J5-541-042	J5-541-054	 up and down	now and then	0	0.2	0.0	1	0.333333	0.333333
541	541	J5-541-042	J5-541-055	 up and down	 now and then	0	0.2	0.0	1	0.333333	0.333333
541	541	J5-541-042	J5-541-056	 up and down	 up and down	1	1.0	1.0	3	1.0	1.0
541	541	J5-541-042	J5-541-057	 up and down	 male and female	0	0.2	0.0	1	0.333333	0.333333
541	541	J5-541-042	J5-541-058	 up and down	 here and there	0	0.2	0.0	1	0.333333	0.333333
541	541	J5-541-042	J5-541-059	 up and down	Now and then	0	0.2	0.0	1	0.333333	0.333333
541	541	J5-541-042	J5-541-060	 up and down	 up and down	1	1.0	1.0	3	1.0	1.0
541	541	J5-541-042	J5-541-061	 up and down	 here and there	0	0.2	0.0	1	0.333333	0.333333
541	541	J5-541-042	J5-541-062	 up and down	 here and there	0	0.2	0.0	1	0.333333	0.333333
541	541	J5-541-042	J5-541-063	 up and down	 east and west	0	0.2	0.0	1	0.333333	0.333333
541	541	J5-541-042	J5-541-064	 up and down	 each and every	0	0.2	0.0	1	0.333333	0.333333
541	541	J5-541-042	J5-541-065	 up and down	, you can open and shut	0	0.125	0.0	1	0.333333	0.166667
541	541	J5-541-042	J5-541-066	 up and down	 again and again	0	0.2	0.0	1	0.333333	0.333333
541	541	J5-541-042	J5-541-067	 up and down	 true or false	0	0.0	0.0	0	0.0	0.0
541	541	J5-541-042	J5-541-068	 up and down	 East and West	0	0.2	0.0	1	0.333333	0.333333
541	541	J5-541-042	J5-541-069	 up and down	 one by one	0	0.0	0.0	0	0.0	0.0
541	541	J5-541-042	J5-541-070	 up and down	 one after the other	0	0.0	0.0	0	0.0	0.0
541	541	J5-541-042	J5-541-071	 up and down	, go round and round	0	0.142857	0.0	1	0.333333	0.2
541	541	J5-541-042	J5-541-072	 up and down	 One after another	0	0.0	0.0	0	0.0	0.0
541	541	J5-541-042	J5-541-073	 up and down	 water there, wheeling round and round	0	0.1	0.0	1	0.333333	0.125
541	541	J5-541-042	J5-541-074	 up and down	 in and out	0	0.2	0.0	1	0.333333	0.333333
541	541	J5-541-042	J5-541-075	 up and down	 up and down	1	1.0	1.0	3	1.0	1.0
541	541	J5-541-042	J5-541-076	 up and down	y Dick swam swiftly round and round	0	0.1	0.0	1	0.333333	0.125
541	541	J5-541-042	J5-541-077	 up and down	 this or that	0	0.0	0.0	0	0.0	0.0
541	541	J5-541-042	J5-541-078	 up and down	 up and down	1	1.0	1.0	3	1.0	1.0
541	541	J5-541-042	J5-541-079	 up and down	One after the other	0	0.0	0.0	0	0.0	0.0
541	541	J5-541-042	J5-541-080	 up and down	 side to side	0	0.0	0.0	0	0.0	0.0
541	541	J5-541-043	J5-541-044	 here and there	By and by	0	0.2	0.0	1	0.333333	0.333333
541	541	J5-541-043	J5-541-045	 here and there	 now and then	0	0.2	0.0	1	0.333333	0.333333
541	541	J5-541-043	J5-541-046	 here and there	 better or for worse	0	0.0	0.0	0	0.0	0.0
541	541	J5-541-043	J5-541-047	 here and there	 and thus round and round	0	0.142857	0.0	1	0.333333	0.2
541	541	J5-541-043	J5-541-048	 here and there	Human or animal	0	0.0	0.0	0	0.0	0.0
541	541	J5-541-043	J5-541-049	 here and there	 up and down	0	0.2	0.0	1	0.333333	0.333333
541	541	J5-541-043	J5-541-050	 here and there	 now and then	0	0.2	0.0	1	0.333333	0.333333
541	541	J5-541-043	J5-541-051	 here and there	 one after the other	0	0.0	0.0	0	0.0	0.0
541	541	J5-541-043	J5-541-052	 here and there	 here and there	1	1.0	1.0	3	1.0	1.0
541	541	J5-541-043	J5-541-053	 here and there	 shoulder to shoulder	0	0.0	0.0	0	0.0	0.0
541	541	J5-541-043	J5-541-054	 here and there	now and then	0	0.2	0.0	1	0.333333	0.333333
541	541	J5-541-043	J5-541-055	 here and there	 now and then	0	0.2	0.0	1	0.333333	0.333333
541	541	J5-541-043	J5-541-056	 here and there	 up and down	0	0.2	0.0	1	0.333333	0.333333
541	541	J5-541-043	J5-541-057	 here and there	 male and female	0	0.2	0.0	1	0.333333	0.333333
541	541	J5-541-043	J5-541-058	 here and there	 here and there	1	1.0	1.0	3	1.0	1.0
541	541	J5-541-043	J5-541-059	 here and there	Now and then	0	0.2	0.0	1	0.333333	0.333333
541	541	J5-541-043	J5-541-060	 here and there	 up and down	0	0.2	0.0	1	0.333333	0.333333
541	541	J5-541-043	J5-541-061	 here and there	 here and there	1	1.0	1.0	3	1.0	1.0
541	541	J5-541-043	J5-541-062	 here and there	 here and there	1	1.0	1.0	3	1.0	1.0
541	541	J5-541-043	J5-541-063	 here and there	 east and west	0	0.2	0.0	1	0.333333	0.333333
541	541	J5-541-043	J5-541-064	 here and there	 each and every	0	0.2	0.0	1	0.333333	0.333333
541	541	J5-541-043	J5-541-065	 here and there	, you can open and shut	0	0.125	0.0	1	0.333333	0.166667
541	541	J5-541-043	J5-541-066	 here and there	 again and again	0	0.2	0.0	1	0.333333	0.333333
541	541	J5-541-043	J5-541-067	 here and there	 true or false	0	0.0	0.0	0	0.0	0.0
541	541	J5-541-043	J5-541-068	 here and there	 East and West	0	0.2	0.0	1	0.333333	0.333333
541	541	J5-541-043	J5-541-069	 here and there	 one by one	0	0.0	0.0	0	0.0	0.0
541	541	J5-541-043	J5-541-070	 here and there	 one after the other	0	0.0	0.0	0	0.0	0.0
541	541	J5-541-043	J5-541-071	 here and there	, go round and round	0	0.142857	0.0	1	0.333333	0.2
541	541	J5-541-043	J5-541-072	 here and there	 One after another	0	0.0	0.0	0	0.0	0.0
541	541	J5-541-043	J5-541-073	 here and there	 water there, wheeling round and round	0	0.222222	0.0	1	0.333333	0.125
541	541	J5-541-043	J5-541-074	 here and there	 in and out	0	0.2	0.0	1	0.333333	0.333333
541	541	J5-541-043	J5-541-075	 here and there	 up and down	0	0.2	0.0	1	0.333333	0.333333
541	541	J5-541-043	J5-541-076	 here and there	y Dick swam swiftly round and round	0	0.1	0.0	1	0.333333	0.125
541	541	J5-541-043	J5-541-077	 here and there	 this or that	0	0.0	0.0	0	0.0	0.0
541	541	J5-541-043	J5-541-078	 here and there	 up and down	0	0.2	0.0	1	0.333333	0.333333
541	541	J5-541-043	J5-541-079	 here and there	One after the other	0	0.0	0.0	0	0.0	0.0
541	541	J5-541-043	J5-541-080	 here and there	 side to side	0	0.0	0.0	0	0.0	0.0
541	541	J5-541-044	J5-541-045	By and by	 now and then	0	0.2	0.0	1	0.333333	0.333333
541	541	J5-541-044	J5-541-046	By and by	 better or for worse	0	0.0	0.0	0	0.0	0.0
541	541	J5-541-044	J5-541-047	By and by	 and thus round and round	0	0.142857	0.0	1	0.333333	0.2
541	541	J5-541-044	J5-541-048	By and by	Human or animal	0	0.0	0.0	0	0.0	0.0
541	541	J5-541-044	J5-541-049	By and by	 up and down	0	0.2	0.0	1	0.333333	0.333333
541	541	J5-541-044	J5-541-050	By and by	 now and then	0	0.2	0.0	1	0.333333	0.333333
541	541	J5-541-044	J5-541-051	By and by	 one after the other	0	0.0	0.0	0	0.0	0.0
541	541	J5-541-044	J5-541-052	By and by	 here and there	0	0.2	0.0	1	0.333333	0.333333
541	541	J5-541-044	J5-541-053	By and by	 shoulder to shoulder	0	0.0	0.0	0	0.0	0.0
541	541	J5-541-044	J5-541-054	By and by	now and then	0	0.2	0.0	1	0.333333	0.333333
541	541	J5-541-044	J5-541-055	By and by	 now and then	0	0.2	0.0	1	0.333333	0.333333
541	541	J5-541-044	J5-541-056	By and by	 up and down	0	0.2	0.0	1	0.333333	0.333333
541	541	J5-541-044	J5-541-057	By and by	 male and female	0	0.2	0.0	1	0.333333	0.333333
541	541	J5-541-044	J5-541-058	By and by	 here and there	0	0.2	0.0	1	0.333333	0.333333
541	541	J5-541-044	J5-541-059	By and by	Now and then	0	0.2	0.0	1	0.333333	0.333333
541	541	J5-541-044	J5-541-060	By and by	 up and down	0	0.2	0.0	1	0.333333	0.333333
541	541	J5-541-044	J5-541-061	By and by	 here and there	0	0.2	0.0	1	0.333333	0.333333
541	541	J5-541-044	J5-541-062	By and by	 here and there	0	0.2	0.0	1	0.333333	0.333333
541	541	J5-541-044	J5-541-063	By and by	 east and west	0	0.2	0.0	1	0.333333	0.333333
541	541	J5-541-044	J5-541-064	By and by	 each and every	0	0.2	0.0	1	0.333333	0.333333
541	541	J5-541-044	J5-541-065	By and by	, you can open and shut	0	0.125	0.0	1	0.333333	0.166667
541	541	J5-541-044	J5-541-066	By and by	 again and again	0	0.2	0.0	1	0.333333	0.333333
541	541	J5-541-044	J5-541-067	By and by	 true or false	0	0.0	0.0	0	0.0	0.0
541	541	J5-541-044	J5-541-068	By and by	 East and West	0	0.2	0.0	1	0.333333	0.333333
541	541	J5-541-044	J5-541-069	By and by	 one by one	0	0.2	0.0	1	0.333333	0.333333
541	541	J5-541-044	J5-541-070	By and by	 one after the other	0	0.0	0.0	0	0.0	0.0
541	541	J5-541-044	J5-541-071	By and by	, go round and round	0	0.142857	0.0	1	0.333333	0.2
541	541	J5-541-044	J5-541-072	By and by	 One after another	0	0.0	0.0	0	0.0	0.0
541	541	J5-541-044	J5-541-073	By and by	 water there, wheeling round and round	0	0.1	0.0	1	0.333333	0.125
541	541	J5-541-044	J5-541-074	By and by	 in and out	0	0.2	0.0	1	0.333333	0.333333
541	541	J5-541-044	J5-541-075	By and by	 up and down	0	0.2	0.0	1	0.333333	0.333333
541	541	J5-541-044	J5-541-076	By and by	y Dick swam swiftly round and round	0	0.1	0.0	1	0.333333	0.125
541	541	J5-541-044	J5-541-077	By and by	 this or that	0	0.0	0.0	0	0.0	0.0
541	541	J5-541-044	J5-541-078	By and by	 up and down	0	0.2	0.0	1	0.333333	0.333333
541	541	J5-541-044	J5-541-079	By and by	One after the other	0	0.0	0.0	0	0.0	0.0
541	541	J5-541-044	J5-541-080	By and by	 side to side	0	0.0	0.0	0	0.0	0.0
541	541	J5-541-045	J5-541-046	 now and then	 better or for worse	0	0.0	0.0	0	0.0	0.0
541	541	J5-541-045	J5-541-047	 now and then	 and thus round and round	0	0.142857	0.0	1	0.333333	0.2
541	541	J5-541-045	J5-541-048	 now and then	Human or animal	0	0.0	0.0	0	0.0	0.0
541	541	J5-541-045	J5-541-049	 now and then	 up and down	0	0.2	0.0	1	0.333333	0.333333
541	541	J5-541-045	J5-541-050	 now and then	 now and then	1	1.0	1.0	3	1.0	1.0
541	541	J5-541-045	J5-541-051	 now and then	 one after the other	0	0.0	0.0	0	0.0	0.0
541	541	J5-541-045	J5-541-052	 now and then	 here and there	0	0.2	0.0	1	0.333333	0.333333
541	541	J5-541-045	J5-541-053	 now and then	 shoulder to shoulder	0	0.0	0.0	0	0.0	0.0
541	541	J5-541-045	J5-541-054	 now and then	now and then	0	0.5	0.333333	2	0.666667	0.666667
541	541	J5-541-045	J5-541-055	 now and then	 now and then	1	1.0	1.0	3	1.0	1.0
541	541	J5-541-045	J5-541-056	 now and then	 up and down	0	0.2	0.0	1	0.333333	0.333333
541	541	J5-541-045	J5-541-057	 now and then	 male and female	0	0.2	0.0	1	0.333333	0.333333
541	541	J5-541-045	J5-541-058	 now and then	 here and there	0	0.2	0.0	1	0.333333	0.333333
541	541	J5-541-045	J5-541-059	 now and then	Now and then	0	0.5	0.333333	2	0.666667	0.666667
541	541	J5-541-045	J5-541-060	 now and then	 up and down	0	0.2	0.0	1	0.333333	0.333333
541	541	J5-541-045	J5-541-061	 now and then	 here and there	0	0.2	0.0	1	0.333333	0.333333
541	541	J5-541-045	J5-541-062	 now and then	 here and there	0	0.2	0.0	1	0.333333	0.333333
541	541	J5-541-045	J5-541-063	 now and then	 east and west	0	0.2	0.0	1	0.333333	0.333333
541	541	J5-541-045	J5-541-064	 now and then	 each and every	0	0.2	0.0	1	0.333333	0.333333
541	541	J5-541-045	J5-541-065	 now and then	, you can open and shut	0	0.125	0.0	1	0.333333	0.166667
541	541	J5-541-045	J5-541-066	 now and then	 again and again	0	0.2	0.0	1	0.333333	0.333333
541	541	J5-541-045	J5-541-067	 now and then	 true or false	0	0.0	0.0	0	0.0	0.0
541	541	J5-541-045	J5-541-068	 now and then	 East and West	0	0.2	0.0	1	0.333333	0.333333
541	541	J5-541-045	J5-541-069	 now and then	 one by one	0	0.0	0.0	0	0.0	0.0
541	541	J5-541-045	J5-541-070	 now and then	 one after the other	0	0.0	0.0	0	0.0	0.0
541	541	J5-541-045	J5-541-071	 now and then	, go round and round	0	0.142857	0.0	1	0.333333	0.2
541	541	J5-541-045	J5-541-072	 now and then	 One after another	0	0.0	0.0	0	0.0	0.0
541	541	J5-541-045	J5-541-073	 now and then	 water there, wheeling round and round	0	0.1	0.0	1	0.333333	0.125
541	541	J5-541-045	J5-541-074	 now and then	 in and out	0	0.2	0.0	1	0.333333	0.333333
541	541	J5-541-045	J5-541-075	 now and then	 up and down	0	0.2	0.0	1	0.333333	0.333333
541	541	J5-541-045	J5-541-076	 now and then	y Dick swam swiftly round and round	0	0.1	0.0	1	0.333333	0.125
541	541	J5-541-045	J5-541-077	 now and then	 this or that	0	0.0	0.0	0	0.0	0.0
541	541	J5-541-045	J5-541-078	 now and then	 up and down	0	0.2	0.0	1	0.333333	0.333333
541	541	J5-541-045	J5-541-079	 now and then	One after the other	0	0.0	0.0	0	0.0	0.0
541	541	J5-541-045	J5-541-080	 now and then	 side to side	0	0.0	0.0	0	0.0	0.0
541	541	J5-541-046	J5-541-047	 better or for worse	 and thus round and round	0	0.0	0.0	0	0.0	0.0
541	541	J5-541-046	J5-541-048	 better or for worse	Human or animal	0	0.166667	0.0	1	0.25	0.333333
541	541	J5-541-046	J5-541-049	 better or for worse	 up and down	0	0.0	0.0	0	0.0	0.0
541	541	J5-541-046	J5-541-050	 better or for worse	 now and then	0	0.0	0.0	0	0.0	0.0
541	541	J5-541-046	J5-541-051	 better or for worse	 one after the other	0	0.0	0.0	0	0.0	0.0
541	541	J5-541-046	J5-541-052	 better or for worse	 here and there	0	0.0	0.0	0	0.0	0.0
541	541	J5-541-046	J5-541-053	 better or for worse	 shoulder to shoulder	0	0.0	0.0	0	0.0	0.0
541	541	J5-541-046	J5-541-054	 better or for worse	now and then	0	0.0	0.0	0	0.0	0.0
541	541	J5-541-046	J5-541-055	 better or for worse	 now and then	0	0.0	0.0	0	0.0	0.0
541	541	J5-541-046	J5-541-056	 better or for worse	 up and down	0	0.0	0.0	0	0.0	0.0
541	541	J5-541-046	J5-541-057	 better or for worse	 male and female	0	0.0	0.0	0	0.0	0.0
541	541	J5-541-046	J5-541-058	 better or for worse	 here and there	0	0.0	0.0	0	0.0	0.0
541	541	J5-541-046	J5-541-059	 better or for worse	Now and then	0	0.0	0.0	0	0.0	0.0
541	541	J5-541-046	J5-541-060	 better or for worse	 up and down	0	0.0	0.0	0	0.0	0.0
541	541	J5-541-046	J5-541-061	 better or for worse	 here and there	0	0.0	0.0	0	0.0	0.0
541	541	J5-541-046	J5-541-062	 better or for worse	 here and there	0	0.0	0.0	0	0.0	0.0
541	541	J5-541-046	J5-541-063	 better or for worse	 east and west	0	0.0	0.0	0	0.0	0.0
541	541	J5-541-046	J5-541-064	 better or for worse	 each and every	0	0.0	0.0	0	0.0	0.0
541	541	J5-541-046	J5-541-065	 better or for worse	, you can open and shut	0	0.0	0.0	0	0.0	0.0
541	541	J5-541-046	J5-541-066	 better or for worse	 again and again	0	0.0	0.0	0	0.0	0.0
541	541	J5-541-046	J5-541-067	 better or for worse	 true or false	0	0.166667	0.0	1	0.25	0.333333
541	541	J5-541-046	J5-541-068	 better or for worse	 East and West	0	0.0	0.0	0	0.0	0.0
541	541	J5-541-046	J5-541-069	 better or for worse	 one by one	0	0.0	0.0	0	0.0	0.0
541	541	J5-541-046	J5-541-070	 better or for worse	 one after the other	0	0.0	0.0	0	0.0	0.0
541	541	J5-541-046	J5-541-071	 better or for worse	, go round and round	0	0.0	0.0	0	0.0	0.0
541	541	J5-541-046	J5-541-072	 better or for worse	 One after another	0	0.0	0.0	0	0.0	0.0
541	541	J5-541-046	J5-541-073	 better or for worse	 water there, wheeling round and round	0	0.0	0.0	0	0.0	0.0
541	541	J5-541-046	J5-541-074	 better or for worse	 in and out	0	0.0	0.0	0	0.0	0.0
541	541	J5-541-046	J5-541-075	 better or for worse	 up and down	0	0.0	0.0	0	0.0	0.0
541	541	J5-541-046	J5-541-076	 better or for worse	y Dick swam swiftly round and round	0	0.0	0.0	0	0.0	0.0
541	541	J5-541-046	J5-541-077	 better or for worse	 this or that	0	0.166667	0.0	1	0.25	0.333333
541	541	J5-541-046	J5-541-078	 better or for worse	 up and down	0	0.0	0.0	0	0.0	0.0
541	541	J5-541-046	J5-541-079	 better or for worse	One after the other	0	0.0	0.0	0	0.0	0.0
541	541	J5-541-046	J5-541-080	 better or for worse	 side to side	0	0.0	0.0	0	0.0	0.0
541	541	J5-541-047	J5-541-048	 and thus round and round	Human or animal	0	0.0	0.0	0	0.0	0.0
541	541	J5-541-047	J5-541-049	 and thus round and round	 up and down	0	0.142857	0.0	1	0.2	0.333333
541	541	J5-541-047	J5-541-050	 and thus round and round	 now and then	0	0.142857	0.0	1	0.2	0.333333
541	541	J5-541-047	J5-541-051	 and thus round and round	 one after the other	0	0.0	0.0	0	0.0	0.0
541	541	J5-541-047	J5-541-052	 and thus round and round	 here and there	0	0.142857	0.0	1	0.2	0.333333
541	541	J5-541-047	J5-541-053	 and thus round and round	 shoulder to shoulder	0	0.0	0.0	0	0.0	0.0
541	541	J5-541-047	J5-541-054	 and thus round and round	now and then	0	0.142857	0.0	1	0.2	0.333333
541	541	J5-541-047	J5-541-055	 and thus round and round	 now and then	0	0.142857	0.0	1	0.2	0.333333
541	541	J5-541-047	J5-541-056	 and thus round and round	 up and down	0	0.142857	0.0	1	0.2	0.333333
541	541	J5-541-047	J5-541-057	 and thus round and round	 male and female	0	0.142857	0.0	1	0.2	0.333333
541	541	J5-541-047	J5-541-058	 and thus round and round	 here and there	0	0.142857	0.0	1	0.2	0.333333
541	541	J5-541-047	J5-541-059	 and thus round and round	Now and then	0	0.142857	0.0	1	0.2	0.333333
541	541	J5-541-047	J5-541-060	 and thus round and round	 up and down	0	0.142857	0.0	1	0.2	0.333333
541	541	J5-541-047	J5-541-061	 and thus round and round	 here and there	0	0.142857	0.0	1	0.2	0.333333
541	541	J5-541-047	J5-541-062	 and thus round and round	 here and there	0	0.142857	0.0	1	0.2	0.333333
541	541	J5-541-047	J5-541-063	 and thus round and round	 east and west	0	0.142857	0.0	1	0.2	0.333333
541	541	J5-541-047	J5-541-064	 and thus round and round	 each and every	0	0.142857	0.0	1	0.2	0.333333
541	541	J5-541-047	J5-541-065	 and thus round and round	, you can open and shut	0	0.1	0.0	1	0.2	0.166667
541	541	J5-541-047	J5-541-066	 and thus round and round	 again and again	0	0.142857	0.0	1	0.2	0.333333
541	541	J5-541-047	J5-541-067	 and thus round and round	 true or false	0	0.0	0.0	0	0.0	0.0
541	541	J5-541-047	J5-541-068	 and thus round and round	 East and West	0	0.142857	0.0	1	0.2	0.333333
541	541	J5-541-047	J5-541-069	 and thus round and round	 one by one	0	0.0	0.0	0	0.0	0.0
541	541	J5-541-047	J5-541-070	 and thus round and round	 one after the other	0	0.0	0.0	0	0.0	0.0
541	541	J5-541-047	J5-541-071	 and thus round and round	, go round and round	0	0.428571	0.333333	3	0.6	0.6
541	541	J5-541-047	J5-541-072	 and thus round and round	 One after another	0	0.0	0.0	0	0.0	0.0
541	541	J5-541-047	J5-541-073	 and thus round and round	 water there, wheeling round and round	0	0.3	0.222222	3	0.6	0.375
541	541	J5-541-047	J5-541-074	 and thus round and round	 in and out	0	0.142857	0.0	1	0.2	0.333333
541	541	J5-541-047	J5-541-075	 and thus round and round	 up and down	0	0.142857	0.0	1	0.2	0.333333
541	541	J5-541-047	J5-541-076	 and thus round and round	y Dick swam swiftly round and round	0	0.3	0.222222	3	0.6	0.375
541	541	J5-541-047	J5-541-077	 and thus round and round	 this or that	0	0.0	0.0	0	0.0	0.0
541	541	J5-541-047	J5-541-078	 and thus round and round	 up and down	0	0.142857	0.0	1	0.2	0.333333
541	541	J5-541-047	J5-541-079	 and thus round and round	One after the other	0	0.0	0.0	0	0.0	0.0
541	541	J5-541-047	J5-541-080	 and thus round and round	 side to side	0	0.0	0.0	0	0.0	0.0
541	541	J5-541-048	J5-541-049	Human or animal	 up and down	0	0.0	0.0	0	0.0	0.0
541	541	J5-541-048	J5-541-050	Human or animal	 now and then	0	0.0	0.0	0	0.0	0.0
541	541	J5-541-048	J5-541-051	Human or animal	 one after the other	0	0.0	0.0	0	0.0	0.0
541	541	J5-541-048	J5-541-052	Human or animal	 here and there	0	0.0	0.0	0	0.0	0.0
541	541	J5-541-048	J5-541-053	Human or animal	 shoulder to shoulder	0	0.0	0.0	0	0.0	0.0
541	541	J5-541-048	J5-541-054	Human or animal	now and then	0	0.0	0.0	0	0.0	0.0
541	541	J5-541-048	J5-541-055	Human or animal	 now and then	0	0.0	0.0	0	0.0	0.0
541	541	J5-541-048	J5-541-056	Human or animal	 up and down	0	0.0	0.0	0	0.0	0.0
541	541	J5-541-048	J5-541-057	Human or animal	 male and female	0	0.0	0.0	0	0.0	0.0
541	541	J5-541-048	J5-541-058	Human or animal	 here and there	0	0.0	0.0	0	0.0	0.0
541	541	J5-541-048	J5-541-059	Human or animal	Now and then	0	0.0	0.0	0	0.0	0.0
541	541	J5-541-048	J5-541-060	Human or animal	 up and down	0	0.0	0.0	0	0.0	0.0
541	541	J5-541-048	J5-541-061	Human or animal	 here and there	0	0.0	0.0	0	0.0	0.0
541	541	J5-541-048	J5-541-062	Human or animal	 here and there	0	0.0	0.0	0	0.0	0.0
541	541	J5-541-048	J5-541-063	Human or animal	 east and west	0	0.0	0.0	0	0.0	0.0
541	541	J5-541-048	J5-541-064	Human or animal	 each and every	0	0.0	0.0	0	0.0	0.0
541	541	J5-541-048	J5-541-065	Human or animal	, you can open and shut	0	0.0	0.0	0	0.0	0.0
541	541	J5-541-048	J5-541-066	Human or animal	 again and again	0	0.0	0.0	0	0.0	0.0
541	541	J5-541-048	J5-541-067	Human or animal	 true or false	0	0.2	0.0	1	0.333333	0.333333
541	541	J5-541-048	J5-541-068	Human or animal	 East and West	0	0.0	0.0	0	0.0	0.0
541	541	J5-541-048	J5-541-069	Human or animal	 one by one	0	0.0	0.0	0	0.0	0.0
541	541	J5-541-048	J5-541-070	Human or animal	 one after the other	0	0.0	0.0	0	0.0	0.0
541	541	J5-541-048	J5-541-071	Human or animal	, go round and round	0	0.0	0.0	0	0.0	0.0
541	541	J5-541-048	J5-541-072	Human or animal	 One after another	0	0.0	0.0	0	0.0	0.0
541	541	J5-541-048	J5-541-073	Human or animal	 water there, wheeling round and round	0	0.0	0.0	0	0.0	0.0
541	541	J5-541-048	J5-541-074	Human or animal	 in and out	0	0.0	0.0	0	0.0	0.0
541	541	J5-541-048	J5-541-075	Human or animal	 up and down	0	0.0	0.0	0	0.0	0.0
541	541	J5-541-048	J5-541-076	Human or animal	y Dick swam swiftly round and round	0	0.0	0.0	0	0.0	0.0
541	541	J5-541-048	J5-541-077	Human or animal	 this or that	0	0.2	0.0	1	0.333333	0.333333
541	541	J5-541-048	J5-541-078	Human or animal	 up and down	0	0.0	0.0	0	0.0	0.0
541	541	J5-541-048	J5-541-079	Human or animal	One after the other	0	0.0	0.0	0	0.0	0.0
541	541	J5-541-048	J5-541-080	Human or animal	 side to side	0	0.0	0.0	0	0.0	0.0
541	541	J5-541-049	J5-541-050	 up and down	 now and then	0	0.2	0.0	1	0.333333	0.333333
541	541	J5-541-049	J5-541-051	 up and down	 one after the other	0	0.0	0.0	0	0.0	0.0
541	541	J5-541-049	J5-541-052	 up and down	 here and there	0	0.2	0.0	1	0.333333	0.333333
541	541	J5-541-049	J5-541-053	 up and down	 shoulder to shoulder	0	0.0	0.0	0	0.0	0.0
541	541	J5-541-049	J5-541-054	 up and down	now and then	0	0.2	0.0	1	0.333333	0.333333
541	541	J5-541-049	J5-541-055	 up and down	 now and then	0	0.2	0.0	1	0.333333	0.333333
541	541	J5-541-049	J5-541-056	 up and down	 up and down	1	1.0	1.0	3	1.0	1.0
541	541	J5-541-049	J5-541-057	 up and down	 male and female	0	0.2	0.0	1	0.333333	0.333333
541	541	J5-541-049	J5-541-058	 up and down	 here and there	0	0.2	0.0	1	0.333333	0.333333
541	541	J5-541-049	J5-541-059	 up and down	Now and then	0	0.2	0.0	1	0.333333	0.333333
541	541	J5-541-049	J5-541-060	 up and down	 up and down	1	1.0	1.0	3	1.0	1.0
541	541	J5-541-049	J5-541-061	 up and down	 here and there	0	0.2	0.0	1	0.333333	0.333333
541	541	J5-541-049	J5-541-062	 up and down	 here and there	0	0.2	0.0	1	0.333333	0.333333
541	541	J5-541-049	J5-541-063	 up and down	 east and west	0	0.2	0.0	1	0.333333	0.333333
541	541	J5-541-049	J5-541-064	 up and down	 each and every	0	0.2	0.0	1	0.333333	0.333333
541	541	J5-541-049	J5-541-065	 up and down	, you can open and shut	0	0.125	0.0	1	0.333333	0.166667
541	541	J5-541-049	J5-541-066	 up and down	 again and again	0	0.2	0.0	1	0.333333	0.333333
541	541	J5-541-049	J5-541-067	 up and down	 true or false	0	0.0	0.0	0	0.0	0.0
541	541	J5-541-049	J5-541-068	 up and down	 East and West	0	0.2	0.0	1	0.333333	0.333333
541	541	J5-541-049	J5-541-069	 up and down	 one by one	0	0.0	0.0	0	0.0	0.0
541	541	J5-541-049	J5-541-070	 up and down	 one after the other	0	0.0	0.0	0	0.0	0.0
541	541	J5-541-049	J5-541-071	 up and down	, go round and round	0	0.142857	0.0	1	0.333333	0.2
541	541	J5-541-049	J5-541-072	 up and down	 One after another	0	0.0	0.0	0	0.0	0.0
541	541	J5-541-049	J5-541-073	 up and down	 water there, wheeling round and round	0	0.1	0.0	1	0.333333	0.125
541	541	J5-541-049	J5-541-074	 up and down	 in and out	0	0.2	0.0	1	0.333333	0.333333
541	541	J5-541-049	J5-541-075	 up and down	 up and down	1	1.0	1.0	3	1.0	1.0
541	541	J5-541-049	J5-541-076	 up and down	y Dick swam swiftly round and round	0	0.1	0.0	1	0.333333	0.125
541	541	J5-541-049	J5-541-077	 up and down	 this or that	0	0.0	0.0	0	0.0	0.0
541	541	J5-541-049	J5-541-078	 up and down	 up and down	1	1.0	1.0	3	1.0	1.0
541	541	J5-541-049	J5-541-079	 up and down	One after the other	0	0.0	0.0	0	0.0	0.0
541	541	J5-541-049	J5-541-080	 up and down	 side to side	0	0.0	0.0	0	0.0	0.0
541	541	J5-541-050	J5-541-051	 now and then	 one after the other	0	0.0	0.0	0	0.0	0.0
541	541	J5-541-050	J5-541-052	 now and then	 here and there	0	0.2	0.0	1	0.333333	0.333333
541	541	J5-541-050	J5-541-053	 now and then	 shoulder to shoulder	0	0.0	0.0	0	0.0	0.0
541	541	J5-541-050	J5-541-054	 now and then	now and then	0	0.5	0.333333	2	0.666667	0.666667
541	541	J5-541-050	J5-541-055	 now and then	 now and then	1	1.0	1.0	3	1.0	1.0
541	541	J5-541-050	J5-541-056	 now and then	 up and down	0	0.2	0.0	1	0.333333	0.333333
541	541	J5-541-050	J5-541-057	 now and then	 male and female	0	0.2	0.0	1	0.333333	0.333333
541	541	J5-541-050	J5-541-058	 now and then	 here and there	0	0.2	0.0	1	0.333333	0.333333
541	541	J5-541-050	J5-541-059	 now and then	Now and then	0	0.5	0.333333	2	0.666667	0.666667
541	541	J5-541-050	J5-541-060	 now and then	 up and down	0	0.2	0.0	1	0.333333	0.333333
541	541	J5-541-050	J5-541-061	 now and then	 here and there	0	0.2	0.0	1	0.333333	0.333333
541	541	J5-541-050	J5-541-062	 now and then	 here and there	0	0.2	0.0	1	0.333333	0.333333
541	541	J5-541-050	J5-541-063	 now and then	 east and west	0	0.2	0.0	1	0.333333	0.333333
541	541	J5-541-050	J5-541-064	 now and then	 each and every	0	0.2	0.0	1	0.333333	0.333333
541	541	J5-541-050	J5-541-065	 now and then	, you can open and shut	0	0.125	0.0	1	0.333333	0.166667
541	541	J5-541-050	J5-541-066	 now and then	 again and again	0	0.2	0.0	1	0.333333	0.333333
541	541	J5-541-050	J5-541-067	 now and then	 true or false	0	0.0	0.0	0	0.0	0.0
541	541	J5-541-050	J5-541-068	 now and then	 East and West	0	0.2	0.0	1	0.333333	0.333333
541	541	J5-541-050	J5-541-069	 now and then	 one by one	0	0.0	0.0	0	0.0	0.0
541	541	J5-541-050	J5-541-070	 now and then	 one after the other	0	0.0	0.0	0	0.0	0.0
541	541	J5-541-050	J5-541-071	 now and then	, go round and round	0	0.142857	0.0	1	0.333333	0.2
541	541	J5-541-050	J5-541-072	 now and then	 One after another	0	0.0	0.0	0	0.0	0.0
541	541	J5-541-050	J5-541-073	 now and then	 water there, wheeling round and round	0	0.1	0.0	1	0.333333	0.125
541	541	J5-541-050	J5-541-074	 now and then	 in and out	0	0.2	0.0	1	0.333333	0.333333
541	541	J5-541-050	J5-541-075	 now and then	 up and down	0	0.2	0.0	1	0.333333	0.333333
541	541	J5-541-050	J5-541-076	 now and then	y Dick swam swiftly round and round	0	0.1	0.0	1	0.333333	0.125
541	541	J5-541-050	J5-541-077	 now and then	 this or that	0	0.0	0.0	0	0.0	0.0
541	541	J5-541-050	J5-541-078	 now and then	 up and down	0	0.2	0.0	1	0.333333	0.333333
541	541	J5-541-050	J5-541-079	 now and then	One after the other	0	0.0	0.0	0	0.0	0.0
541	541	J5-541-050	J5-541-080	 now and then	 side to side	0	0.0	0.0	0	0.0	0.0
541	541	J5-541-051	J5-541-052	 one after the other	 here and there	0	0.0	0.0	0	0.0	0.0
541	541	J5-541-051	J5-541-053	 one after the other	 shoulder to shoulder	0	0.0	0.0	0	0.0	0.0
541	541	J5-541-051	J5-541-054	 one after the other	now and then	0	0.0	0.0	0	0.0	0.0
541	541	J5-541-051	J5-541-055	 one after the other	 now and then	0	0.0	0.0	0	0.0	0.0
541	541	J5-541-051	J5-541-056	 one after the other	 up and down	0	0.0	0.0	0	0.0	0.0
541	541	J5-541-051	J5-541-057	 one after the other	 male and female	0	0.0	0.0	0	0.0	0.0
541	541	J5-541-051	J5-541-058	 one after the other	 here and there	0	0.0	0.0	0	0.0	0.0
541	541	J5-541-051	J5-541-059	 one after the other	Now and then	0	0.0	0.0	0	0.0	0.0
541	541	J5-541-051	J5-541-060	 one after the other	 up and down	0	0.0	0.0	0	0.0	0.0
541	541	J5-541-051	J5-541-061	 one after the other	 here and there	0	0.0	0.0	0	0.0	0.0
541	541	J5-541-051	J5-541-062	 one after the other	 here and there	0	0.0	0.0	0	0.0	0.0
541	541	J5-541-051	J5-541-063	 one after the other	 east and west	0	0.0	0.0	0	0.0	0.0
541	541	J5-541-051	J5-541-064	 one after the other	 each and every	0	0.0	0.0	0	0.0	0.0
541	541	J5-541-051	J5-541-065	 one after the other	, you can open and shut	0	0.0	0.0	0	0.0	0.0
541	541	J5-541-051	J5-541-066	 one after the other	 again and again	0	0.0	0.0	0	0.0	0.0
541	541	J5-541-051	J5-541-067	 one after the other	 true or false	0	0.0	0.0	0	0.0	0.0
541	541	J5-541-051	J5-541-068	 one after the other	 East and West	0	0.0	0.0	0	0.0	0.0
541	541	J5-541-051	J5-541-069	 one after the other	 one by one	0	0.166667	0.0	1	0.25	0.333333
541	541	J5-541-051	J5-541-070	 one after the other	 one after the other	1	1.0	1.0	4	1.0	1.0
541	541	J5-541-051	J5-541-071	 one after the other	, go round and round	0	0.0	0.0	0	0.0	0.0
541	541	J5-541-051	J5-541-072	 one after the other	 One after another	0	0.166667	0.0	1	0.25	0.333333
541	541	J5-541-051	J5-541-073	 one after the other	 water there, wheeling round and round	0	0.0	0.0	0	0.0	0.0
541	541	J5-541-051	J5-541-074	 one after the other	 in and out	0	0.0	0.0	0	0.0	0.0
541	541	J5-541-051	J5-541-075	 one after the other	 up and down	0	0.0	0.0	0	0.0	0.0
541	541	J5-541-051	J5-541-076	 one after the other	y Dick swam swiftly round and round	0	0.0	0.0	0	0.0	0.0
541	541	J5-541-051	J5-541-077	 one after the other	 this or that	0	0.0	0.0	0	0.0	0.0
541	541	J5-541-051	J5-541-078	 one after the other	 up and down	0	0.0	0.0	0	0.0	0.0
541	541	J5-541-051	J5-541-079	 one after the other	One after the other	0	0.6	0.5	3	0.75	0.75
541	541	J5-541-051	J5-541-080	 one after the other	 side to side	0	0.0	0.0	0	0.0	0.0
541	541	J5-541-052	J5-541-053	 here and there	 shoulder to shoulder	0	0.0	0.0	0	0.0	0.0
541	541	J5-541-052	J5-541-054	 here and there	now and then	0	0.2	0.0	1	0.333333	0.333333
541	541	J5-541-052	J5-541-055	 here and there	 now and then	0	0.2	0.0	1	0.333333	0.333333
541	541	J5-541-052	J5-541-056	 here and there	 up and down	0	0.2	0.0	1	0.333333	0.333333
541	541	J5-541-052	J5-541-057	 here and there	 male and female	0	0.2	0.0	1	0.333333	0.333333
541	541	J5-541-052	J5-541-058	 here and there	 here and there	1	1.0	1.0	3	1.0	1.0
541	541	J5-541-052	J5-541-059	 here and there	Now and then	0	0.2	0.0	1	0.333333	0.333333
541	541	J5-541-052	J5-541-060	 here and there	 up and down	0	0.2	0.0	1	0.333333	0.333333
541	541	J5-541-052	J5-541-061	 here and there	 here and there	1	1.0	1.0	3	1.0	1.0
541	541	J5-541-052	J5-541-062	 here and there	 here and there	1	1.0	1.0	3	1.0	1.0
541	541	J5-541-052	J5-541-063	 here and there	 east and west	0	0.2	0.0	1	0.333333	0.333333
541	541	J5-541-052	J5-541-064	 here and there	 each and every	0	0.2	0.0	1	0.333333	0.333333
541	541	J5-541-052	J5-541-065	 here and there	, you can open and shut	0	0.125	0.0	1	0.333333	0.166667
541	541	J5-541-052	J5-541-066	 here and there	 again and again	0	0.2	0.0	1	0.333333	0.333333
541	541	J5-541-052	J5-541-067	 here and there	 true or false	0	0.0	0.0	0	0.0	0.0
541	541	J5-541-052	J5-541-068	 here and there	 East and West	0	0.2	0.0	1	0.333333	0.333333
541	541	J5-541-052	J5-541-069	 here and there	 one by one	0	0.0	0.0	0	0.0	0.0
541	541	J5-541-052	J5-541-070	 here and there	 one after the other	0	0.0	0.0	0	0.0	0.0
541	541	J5-541-052	J5-541-071	 here and there	, go round and round	0	0.142857	0.0	1	0.333333	0.2
541	541	J5-541-052	J5-541-072	 here and there	 One after another	0	0.0	0.0	0	0.0	0.0
541	541	J5-541-052	J5-541-073	 here and there	 water there, wheeling round and round	0	0.222222	0.0	1	0.333333	0.125
541	541	J5-541-052	J5-541-074	 here and there	 in and out	0	0.2	0.0	1	0.333333	0.333333
541	541	J5-541-052	J5-541-075	 here and there	 up and down	0	0.2	0.0	1	0.333333	0.333333
541	541	J5-541-052	J5-541-076	 here and there	y Dick swam swiftly round and round	0	0.1	0.0	1	0.333333	0.125
541	541	J5-541-052	J5-541-077	 here and there	 this or that	0	0.0	0.0	0	0.0	0.0
541	541	J5-541-052	J5-541-078	 here and there	 up and down	0	0.2	0.0	1	0.333333	0.333333
541	541	J5-541-052	J5-541-079	 here and there	One after the other	0	0.0	0.0	0	0.0	0.0
541	541	J5-541-052	J5-541-080	 here and there	 side to side	0	0.0	0.0	0	0.0	0.0
541	541	J5-541-053	J5-541-054	 shoulder to shoulder	now and then	0	0.0	0.0	0	0.0	0.0
541	541	J5-541-053	J5-541-055	 shoulder to shoulder	 now and then	0	0.0	0.0	0	0.0	0.0
541	541	J5-541-053	J5-541-056	 shoulder to shoulder	 up and down	0	0.0	0.0	0	0.0	0.0
541	541	J5-541-053	J5-541-057	 shoulder to shoulder	 male and female	0	0.0	0.0	0	0.0	0.0
541	541	J5-541-053	J5-541-058	 shoulder to shoulder	 here and there	0	0.0	0.0	0	0.0	0.0
541	541	J5-541-053	J5-541-059	 shoulder to shoulder	Now and then	0	0.0	0.0	0	0.0	0.0
541	541	J5-541-053	J5-541-060	 shoulder to shoulder	 up and down	0	0.0	0.0	0	0.0	0.0
541	541	J5-541-053	J5-541-061	 shoulder to shoulder	 here and there	0	0.0	0.0	0	0.0	0.0
541	541	J5-541-053	J5-541-062	 shoulder to shoulder	 here and there	0	0.0	0.0	0	0.0	0.0
541	541	J5-541-053	J5-541-063	 shoulder to shoulder	 east and west	0	0.0	0.0	0	0.0	0.0
541	541	J5-541-053	J5-541-064	 shoulder to shoulder	 each and every	0	0.0	0.0	0	0.0	0.0
541	541	J5-541-053	J5-541-065	 shoulder to shoulder	, you can open and shut	0	0.0	0.0	0	0.0	0.0
541	541	J5-541-053	J5-541-066	 shoulder to shoulder	 again and again	0	0.0	0.0	0	0.0	0.0
541	541	J5-541-053	J5-541-067	 shoulder to shoulder	 true or false	0	0.0	0.0	0	0.0	0.0
541	541	J5-541-053	J5-541-068	 shoulder to shoulder	 East and West	0	0.0	0.0	0	0.0	0.0
541	541	J5-541-053	J5-541-069	 shoulder to shoulder	 one by one	0	0.0	0.0	0	0.0	0.0
541	541	J5-541-053	J5-541-070	 shoulder to shoulder	 one after the other	0	0.0	0.0	0	0.0	0.0
541	541	J5-541-053	J5-541-071	 shoulder to shoulder	, go round and round	0	0.0	0.0	0	0.0	0.0
541	541	J5-541-053	J5-541-072	 shoulder to shoulder	 One after another	0	0.0	0.0	0	0.0	0.0
541	541	J5-541-053	J5-541-073	 shoulder to shoulder	 water there, wheeling round and round	0	0.0	0.0	0	0.0	0.0
541	541	J5-541-053	J5-541-074	 shoulder to shoulder	 in and out	0	0.0	0.0	0	0.0	0.0
541	541	J5-541-053	J5-541-075	 shoulder to shoulder	 up and down	0	0.0	0.0	0	0.0	0.0
541	541	J5-541-053	J5-541-076	 shoulder to shoulder	y Dick swam swiftly round and round	0	0.0	0.0	0	0.0	0.0
541	541	J5-541-053	J5-541-077	 shoulder to shoulder	 this or that	0	0.0	0.0	0	0.0	0.0
541	541	J5-541-053	J5-541-078	 shoulder to shoulder	 up and down	0	0.0	0.0	0	0.0	0.0
541	541	J5-541-053	J5-541-079	 shoulder to shoulder	One after the other	0	0.0	0.0	0	0.0	0.0
541	541	J5-541-053	J5-541-080	 shoulder to shoulder	 side to side	0	0.2	0.0	1	0.333333	0.333333
541	541	J5-541-054	J5-541-055	now and then	 now and then	0	0.5	0.333333	2	0.666667	0.666667
541	541	J5-541-054	J5-541-056	now and then	 up and down	0	0.2	0.0	1	0.333333	0.333333
541	541	J5-541-054	J5-541-057	now and then	 male and female	0	0.2	0.0	1	0.333333	0.333333
541	541	J5-541-054	J5-541-058	now and then	 here and there	0	0.2	0.0	1	0.333333	0.333333
541	541	J5-541-054	J5-541-059	now and then	Now and then	0	0.5	0.333333	2	0.666667	0.666667
541	541	J5-541-054	J5-541-060	now and then	 up and down	0	0.2	0.0	1	0.333333	0.333333
541	541	J5-541-054	J5-541-061	now and then	 here and there	0	0.2	0.0	1	0.333333	0.333333
541	541	J5-541-054	J5-541-062	now and then	 here and there	0	0.2	0.0	1	0.333333	0.333333
541	541	J5-541-054	J5-541-063	now and then	 east and west	0	0.2	0.0	1	0.333333	0.333333
541	541	J5-541-054	J5-541-064	now and then	 each and every	0	0.2	0.0	1	0.333333	0.333333
541	541	J5-541-054	J5-541-065	now and then	, you can open and shut	0	0.125	0.0	1	0.333333	0.166667
541	541	J5-541-054	J5-541-066	now and then	 again and again	0	0.2	0.0	1	0.333333	0.333333
541	541	J5-541-054	J5-541-067	now and then	 true or false	0	0.0	0.0	0	0.0	0.0
541	541	J5-541-054	J5-541-068	now and then	 East and West	0	0.2	0.0	1	0.333333	0.333333
541	541	J5-541-054	J5-541-069	now and then	 one by one	0	0.0	0.0	0	0.0	0.0
541	541	J5-541-054	J5-541-070	now and then	 one after the other	0	0.0	0.0	0	0.0	0.0
541	541	J5-541-054	J5-541-071	now and then	, go round and round	0	0.142857	0.0	1	0.333333	0.2
541	541	J5-541-054	J5-541-072	now and then	 One after another	0	0.0	0.0	0	0.0	0.0
541	541	J5-541-054	J5-541-073	now and then	 water there, wheeling round and round	0	0.1	0.0	1	0.333333	0.125
541	541	J5-541-054	J5-541-074	now and then	 in and out	0	0.2	0.0	1	0.333333	0.333333
541	541	J5-541-054	J5-541-075	now and then	 up and down	0	0.2	0.0	1	0.333333	0.333333
541	541	J5-541-054	J5-541-076	now and then	y Dick swam swiftly round and round	0	0.1	0.0	1	0.333333	0.125
541	541	J5-541-054	J5-541-077	now and then	 this or that	0	0.0	0.0	0	0.0	0.0
541	541	J5-541-054	J5-541-078	now and then	 up and down	0	0.2	0.0	1	0.333333	0.333333
541	541	J5-541-054	J5-541-079	now and then	One after the other	0	0.0	0.0	0	0.0	0.0
541	541	J5-541-054	J5-541-080	now and then	 side to side	0	0.0	0.0	0	0.0	0.0
541	541	J5-541-055	J5-541-056	 now and then	 up and down	0	0.2	0.0	1	0.333333	0.333333
541	541	J5-541-055	J5-541-057	 now and then	 male and female	0	0.2	0.0	1	0.333333	0.333333
541	541	J5-541-055	J5-541-058	 now and then	 here and there	0	0.2	0.0	1	0.333333	0.333333
541	541	J5-541-055	J5-541-059	 now and then	Now and then	0	0.5	0.333333	2	0.666667	0.666667
541	541	J5-541-055	J5-541-060	 now and then	 up and down	0	0.2	0.0	1	0.333333	0.333333
541	541	J5-541-055	J5-541-061	 now and then	 here and there	0	0.2	0.0	1	0.333333	0.333333
541	541	J5-541-055	J5-541-062	 now and then	 here and there	0	0.2	0.0	1	0.333333	0.333333
541	541	J5-541-055	J5-541-063	 now and then	 east and west	0	0.2	0.0	1	0.333333	0.333333
541	541	J5-541-055	J5-541-064	 now and then	 each and every	0	0.2	0.0	1	0.333333	0.333333
541	541	J5-541-055	J5-541-065	 now and then	, you can open and shut	0	0.125	0.0	1	0.333333	0.166667
541	541	J5-541-055	J5-541-066	 now and then	 again and again	0	0.2	0.0	1	0.333333	0.333333
541	541	J5-541-055	J5-541-067	 now and then	 true or false	0	0.0	0.0	0	0.0	0.0
541	541	J5-541-055	J5-541-068	 now and then	 East and West	0	0.2	0.0	1	0.333333	0.333333
541	541	J5-541-055	J5-541-069	 now and then	 one by one	0	0.0	0.0	0	0.0	0.0
541	541	J5-541-055	J5-541-070	 now and then	 one after the other	0	0.0	0.0	0	0.0	0.0
541	541	J5-541-055	J5-541-071	 now and then	, go round and round	0	0.142857	0.0	1	0.333333	0.2
541	541	J5-541-055	J5-541-072	 now and then	 One after another	0	0.0	0.0	0	0.0	0.0
541	541	J5-541-055	J5-541-073	 now and then	 water there, wheeling round and round	0	0.1	0.0	1	0.333333	0.125
541	541	J5-541-055	J5-541-074	 now and then	 in and out	0	0.2	0.0	1	0.333333	0.333333
541	541	J5-541-055	J5-541-075	 now and then	 up and down	0	0.2	0.0	1	0.333333	0.333333
541	541	J5-541-055	J5-541-076	 now and then	y Dick swam swiftly round and round	0	0.1	0.0	1	0.333333	0.125
541	541	J5-541-055	J5-541-077	 now and then	 this or that	0	0.0	0.0	0	0.0	0.0
541	541	J5-541-055	J5-541-078	 now and then	 up and down	0	0.2	0.0	1	0.333333	0.333333
541	541	J5-541-055	J5-541-079	 now and then	One after the other	0	0.0	0.0	0	0.0	0.0
541	541	J5-541-055	J5-541-080	 now and then	 side to side	0	0.0	0.0	0	0.0	0.0
541	541	J5-541-056	J5-541-057	 up and down	 male and female	0	0.2	0.0	1	0.333333	0.333333
541	541	J5-541-056	J5-541-058	 up and down	 here and there	0	0.2	0.0	1	0.333333	0.333333
541	541	J5-541-056	J5-541-059	 up and down	Now and then	0	0.2	0.0	1	0.333333	0.333333
541	541	J5-541-056	J5-541-060	 up and down	 up and down	1	1.0	1.0	3	1.0	1.0
541	541	J5-541-056	J5-541-061	 up and down	 here and there	0	0.2	0.0	1	0.333333	0.333333
541	541	J5-541-056	J5-541-062	 up and down	 here and there	0	0.2	0.0	1	0.333333	0.333333
541	541	J5-541-056	J5-541-063	 up and down	 east and west	0	0.2	0.0	1	0.333333	0.333333
541	541	J5-541-056	J5-541-064	 up and down	 each and every	0	0.2	0.0	1	0.333333	0.333333
541	541	J5-541-056	J5-541-065	 up and down	, you can open and shut	0	0.125	0.0	1	0.333333	0.166667
541	541	J5-541-056	J5-541-066	 up and down	 again and again	0	0.2	0.0	1	0.333333	0.333333
541	541	J5-541-056	J5-541-067	 up and down	 true or false	0	0.0	0.0	0	0.0	0.0
541	541	J5-541-056	J5-541-068	 up and down	 East and West	0	0.2	0.0	1	0.333333	0.333333
541	541	J5-541-056	J5-541-069	 up and down	 one by one	0	0.0	0.0	0	0.0	0.0
541	541	J5-541-056	J5-541-070	 up and down	 one after the other	0	0.0	0.0	0	0.0	0.0
541	541	J5-541-056	J5-541-071	 up and down	, go round and round	0	0.142857	0.0	1	0.333333	0.2
541	541	J5-541-056	J5-541-072	 up and down	 One after another	0	0.0	0.0	0	0.0	0.0
541	541	J5-541-056	J5-541-073	 up and down	 water there, wheeling round and round	0	0.1	0.0	1	0.333333	0.125
541	541	J5-541-056	J5-541-074	 up and down	 in and out	0	0.2	0.0	1	0.333333	0.333333
541	541	J5-541-056	J5-541-075	 up and down	 up and down	1	1.0	1.0	3	1.0	1.0
541	541	J5-541-056	J5-541-076	 up and down	y Dick swam swiftly round and round	0	0.1	0.0	1	0.333333	0.125
541	541	J5-541-056	J5-541-077	 up and down	 this or that	0	0.0	0.0	0	0.0	0.0
541	541	J5-541-056	J5-541-078	 up and down	 up and down	1	1.0	1.0	3	1.0	1.0
541	541	J5-541-056	J5-541-079	 up and down	One after the other	0	0.0	0.0	0	0.0	0.0
541	541	J5-541-056	J5-541-080	 up and down	 side to side	0	0.0	0.0	0	0.0	0.0
541	541	J5-541-057	J5-541-058	 male and female	 here and there	0	0.2	0.0	1	0.333333	0.333333
541	541	J5-541-057	J5-541-059	 male and female	Now and then	0	0.2	0.0	1	0.333333	0.333333
541	541	J5-541-057	J5-541-060	 male and female	 up and down	0	0.2	0.0	1	0.333333	0.333333
541	541	J5-541-057	J5-541-061	 male and female	 here and there	0	0.2	0.0	1	0.333333	0.333333
541	541	J5-541-057	J5-541-062	 male and female	 here and there	0	0.2	0.0	1	0.333333	0.333333
541	541	J5-541-057	J5-541-063	 male and female	 east and west	0	0.2	0.0	1	0.333333	0.333333
541	541	J5-541-057	J5-541-064	 male and female	 each and every	0	0.2	0.0	1	0.333333	0.333333
541	541	J5-541-057	J5-541-065	 male and female	, you can open and shut	0	0.125	0.0	1	0.333333	0.166667
541	541	J5-541-057	J5-541-066	 male and female	 again and again	0	0.2	0.0	1	0.333333	0.333333
541	541	J5-541-057	J5-541-067	 male and female	 true or false	0	0.0	0.0	0	0.0	0.0
541	541	J5-541-057	J5-541-068	 male and female	 East and West	0	0.2	0.0	1	0.333333	0.333333
541	541	J5-541-057	J5-541-069	 male and female	 one by one	0	0.0	0.0	0	0.0	0.0
541	541	J5-541-057	J5-541-070	 male and female	 one after the other	0	0.0	0.0	0	0.0	0.0
541	541	J5-541-057	J5-541-071	 male and female	, go round and round	0	0.142857	0.0	1	0.333333	0.2
541	541	J5-541-057	J5-541-072	 male and female	 One after another	0	0.0	0.0	0	0.0	0.0
541	541	J5-541-057	J5-541-073	 male and female	 water there, wheeling round and round	0	0.1	0.0	1	0.333333	0.125
541	541	J5-541-057	J5-541-074	 male and female	 in and out	0	0.2	0.0	1	0.333333	0.333333
541	541	J5-541-057	J5-541-075	 male and female	 up and down	0	0.2	0.0	1	0.333333	0.333333
541	541	J5-541-057	J5-541-076	 male and female	y Dick swam swiftly round and round	0	0.1	0.0	1	0.333333	0.125
541	541	J5-541-057	J5-541-077	 male and female	 this or that	0	0.0	0.0	0	0.0	0.0
541	541	J5-541-057	J5-541-078	 male and female	 up and down	0	0.2	0.0	1	0.333333	0.333333
541	541	J5-541-057	J5-541-079	 male and female	One after the other	0	0.0	0.0	0	0.0	0.0
541	541	J5-541-057	J5-541-080	 male and female	 side to side	0	0.0	0.0	0	0.0	0.0
541	541	J5-541-058	J5-541-059	 here and there	Now and then	0	0.2	0.0	1	0.333333	0.333333
541	541	J5-541-058	J5-541-060	 here and there	 up and down	0	0.2	0.0	1	0.333333	0.333333
541	541	J5-541-058	J5-541-061	 here and there	 here and there	1	1.0	1.0	3	1.0	1.0
541	541	J5-541-058	J5-541-062	 here and there	 here and there	1	1.0	1.0	3	1.0	1.0
541	541	J5-541-058	J5-541-063	 here and there	 east and west	0	0.2	0.0	1	0.333333	0.333333
541	541	J5-541-058	J5-541-064	 here and there	 each and every	0	0.2	0.0	1	0.333333	0.333333
541	541	J5-541-058	J5-541-065	 here and there	, you can open and shut	0	0.125	0.0	1	0.333333	0.166667
541	541	J5-541-058	J5-541-066	 here and there	 again and again	0	0.2	0.0	1	0.333333	0.333333
541	541	J5-541-058	J5-541-067	 here and there	 true or false	0	0.0	0.0	0	0.0	0.0
541	541	J5-541-058	J5-541-068	 here and there	 East and West	0	0.2	0.0	1	0.333333	0.333333
541	541	J5-541-058	J5-541-069	 here and there	 one by one	0	0.0	0.0	0	0.0	0.0
541	541	J5-541-058	J5-541-070	 here and there	 one after the other	0	0.0	0.0	0	0.0	0.0
541	541	J5-541-058	J5-541-071	 here and there	, go round and round	0	0.142857	0.0	1	0.333333	0.2
541	541	J5-541-058	J5-541-072	 here and there	 One after another	0	0.0	0.0	0	0.0	0.0
541	541	J5-541-058	J5-541-073	 here and there	 water there, wheeling round and round	0	0.222222	0.0	1	0.333333	0.125
541	541	J5-541-058	J5-541-074	 here and there	 in and out	0	0.2	0.0	1	0.333333	0.333333
541	541	J5-541-058	J5-541-075	 here and there	 up and down	0	0.2	0.0	1	0.333333	0.333333
541	541	J5-541-058	J5-541-076	 here and there	y Dick swam swiftly round and round	0	0.1	0.0	1	0.333333	0.125
541	541	J5-541-058	J5-541-077	 here and there	 this or that	0	0.0	0.0	0	0.0	0.0
541	541	J5-541-058	J5-541-078	 here and there	 up and down	0	0.2	0.0	1	0.333333	0.333333
541	541	J5-541-058	J5-541-079	 here and there	One after the other	0	0.0	0.0	0	0.0	0.0
541	541	J5-541-058	J5-541-080	 here and there	 side to side	0	0.0	0.0	0	0.0	0.0
541	541	J5-541-059	J5-541-060	Now and then	 up and down	0	0.2	0.0	1	0.333333	0.333333
541	541	J5-541-059	J5-541-061	Now and then	 here and there	0	0.2	0.0	1	0.333333	0.333333
541	541	J5-541-059	J5-541-062	Now and then	 here and there	0	0.2	0.0	1	0.333333	0.333333
541	541	J5-541-059	J5-541-063	Now and then	 east and west	0	0.2	0.0	1	0.333333	0.333333
541	541	J5-541-059	J5-541-064	Now and then	 each and every	0	0.2	0.0	1	0.333333	0.333333
541	541	J5-541-059	J5-541-065	Now and then	, you can open and shut	0	0.125	0.0	1	0.333333	0.166667
541	541	J5-541-059	J5-541-066	Now and then	 again and again	0	0.2	0.0	1	0.333333	0.333333
541	541	J5-541-059	J5-541-067	Now and then	 true or false	0	0.0	0.0	0	0.0	0.0
541	541	J5-541-059	J5-541-068	Now and then	 East and West	0	0.2	0.0	1	0.333333	0.333333
541	541	J5-541-059	J5-541-069	Now and then	 one by one	0	0.0	0.0	0	0.0	0.0
541	541	J5-541-059	J5-541-070	Now and then	 one after the other	0	0.0	0.0	0	0.0	0.0
541	541	J5-541-059	J5-541-071	Now and then	, go round and round	0	0.142857	0.0	1	0.333333	0.2
541	541	J5-541-059	J5-541-072	Now and then	 One after another	0	0.0	0.0	0	0.0	0.0
541	541	J5-541-059	J5-541-073	Now and then	 water there, wheeling round and round	0	0.1	0.0	1	0.333333	0.125
541	541	J5-541-059	J5-541-074	Now and then	 in and out	0	0.2	0.0	1	0.333333	0.333333
541	541	J5-541-059	J5-541-075	Now and then	 up and down	0	0.2	0.0	1	0.333333	0.333333
541	541	J5-541-059	J5-541-076	Now and then	y Dick swam swiftly round and round	0	0.1	0.0	1	0.333333	0.125
541	541	J5-541-059	J5-541-077	Now and then	 this or that	0	0.0	0.0	0	0.0	0.0
541	541	J5-541-059	J5-541-078	Now and then	 up and down	0	0.2	0.0	1	0.333333	0.333333
541	541	J5-541-059	J5-541-079	Now and then	One after the other	0	0.0	0.0	0	0.0	0.0
541	541	J5-541-059	J5-541-080	Now and then	 side to side	0	0.0	0.0	0	0.0	0.0
541	541	J5-541-060	J5-541-061	 up and down	 here and there	0	0.2	0.0	1	0.333333	0.333333
541	541	J5-541-060	J5-541-062	 up and down	 here and there	0	0.2	0.0	1	0.333333	0.333333
541	541	J5-541-060	J5-541-063	 up and down	 east and west	0	0.2	0.0	1	0.333333	0.333333
541	541	J5-541-060	J5-541-064	 up and down	 each and every	0	0.2	0.0	1	0.333333	0.333333
541	541	J5-541-060	J5-541-065	 up and down	, you can open and shut	0	0.125	0.0	1	0.333333	0.166667
541	541	J5-541-060	J5-541-066	 up and down	 again and again	0	0.2	0.0	1	0.333333	0.333333
541	541	J5-541-060	J5-541-067	 up and down	 true or false	0	0.0	0.0	0	0.0	0.0
541	541	J5-541-060	J5-541-068	 up and down	 East and West	0	0.2	0.0	1	0.333333	0.333333
541	541	J5-541-060	J5-541-069	 up and down	 one by one	0	0.0	0.0	0	0.0	0.0
541	541	J5-541-060	J5-541-070	 up and down	 one after the other	0	0.0	0.0	0	0.0	0.0
541	541	J5-541-060	J5-541-071	 up and down	, go round and round	0	0.142857	0.0	1	0.333333	0.2
541	541	J5-541-060	J5-541-072	 up and down	 One after another	0	0.0	0.0	0	0.0	0.0
541	541	J5-541-060	J5-541-073	 up and down	 water there, wheeling round and round	0	0.1	0.0	1	0.333333	0.125
541	541	J5-541-060	J5-541-074	 up and down	 in and out	0	0.2	0.0	1	0.333333	0.333333
541	541	J5-541-060	J5-541-075	 up and down	 up and down	1	1.0	1.0	3	1.0	1.0
541	541	J5-541-060	J5-541-076	 up and down	y Dick swam swiftly round and round	0	0.1	0.0	1	0.333333	0.125
541	541	J5-541-060	J5-541-077	 up and down	 this or that	0	0.0	0.0	0	0.0	0.0
541	541	J5-541-060	J5-541-078	 up and down	 up and down	1	1.0	1.0	3	1.0	1.0
541	541	J5-541-060	J5-541-079	 up and down	One after the other	0	0.0	0.0	0	0.0	0.0
541	541	J5-541-060	J5-541-080	 up and down	 side to side	0	0.0	0.0	0	0.0	0.0
541	541	J5-541-061	J5-541-062	 here and there	 here and there	1	1.0	1.0	3	1.0	1.0
541	541	J5-541-061	J5-541-063	 here and there	 east and west	0	0.2	0.0	1	0.333333	0.333333
541	541	J5-541-061	J5-541-064	 here and there	 each and every	0	0.2	0.0	1	0.333333	0.333333
541	541	J5-541-061	J5-541-065	 here and there	, you can open and shut	0	0.125	0.0	1	0.333333	0.166667
541	541	J5-541-061	J5-541-066	 here and there	 again and again	0	0.2	0.0	1	0.333333	0.333333
541	541	J5-541-061	J5-541-067	 here and there	 true or false	0	0.0	0.0	0	0.0	0.0
541	541	J5-541-061	J5-541-068	 here and there	 East and West	0	0.2	0.0	1	0.333333	0.333333
541	541	J5-541-061	J5-541-069	 here and there	 one by one	0	0.0	0.0	0	0.0	0.0
541	541	J5-541-061	J5-541-070	 here and there	 one after the other	0	0.0	0.0	0	0.0	0.0
541	541	J5-541-061	J5-541-071	 here and there	, go round and round	0	0.142857	0.0	1	0.333333	0.2
541	541	J5-541-061	J5-541-072	 here and there	 One after another	0	0.0	0.0	0	0.0	0.0
541	541	J5-541-061	J5-541-073	 here and there	 water there, wheeling round and round	0	0.222222	0.0	1	0.333333	0.125
541	541	J5-541-061	J5-541-074	 here and there	 in and out	0	0.2	0.0	1	0.333333	0.333333
541	541	J5-541-061	J5-541-075	 here and there	 up and down	0	0.2	0.0	1	0.333333	0.333333
541	541	J5-541-061	J5-541-076	 here and there	y Dick swam swiftly round and round	0	0.1	0.0	1	0.333333	0.125
541	541	J5-541-061	J5-541-077	 here and there	 this or that	0	0.0	0.0	0	0.0	0.0
541	541	J5-541-061	J5-541-078	 here and there	 up and down	0	0.2	0.0	1	0.333333	0.333333
541	541	J5-541-061	J5-541-079	 here and there	One after the other	0	0.0	0.0	0	0.0	0.0
541	541	J5-541-061	J5-541-080	 here and there	 side to side	0	0.0	0.0	0	0.0	0.0
541	541	J5-541-062	J5-541-063	 here and there	 east and west	0	0.2	0.0	1	0.333333	0.333333
541	541	J5-541-062	J5-541-064	 here and there	 each and every	0	0.2	0.0	1	0.333333	0.333333
541	541	J5-541-062	J5-541-065	 here and there	, you can open and shut	0	0.125	0.0	1	0.333333	0.166667
541	541	J5-541-062	J5-541-066	 here and there	 again and again	0	0.2	0.0	1	0.333333	0.333333
541	541	J5-541-062	J5-541-067	 here and there	 true or false	0	0.0	0.0	0	0.0	0.0
541	541	J5-541-062	J5-541-068	 here and there	 East and West	0	0.2	0.0	1	0.333333	0.333333
541	541	J5-541-062	J5-541-069	 here and there	 one by one	0	0.0	0.0	0	0.0	0.0
541	541	J5-541-062	J5-541-070	 here and there	 one after the other	0	0.0	0.0	0	0.0	0.0
541	541	J5-541-062	J5-541-071	 here and there	, go round and round	0	0.142857	0.0	1	0.333333	0.2
541	541	J5-541-062	J5-541-072	 here and there	 One after another	0	0.0	0.0	0	0.0	0.0
541	541	J5-541-062	J5-541-073	 here and there	 water there, wheeling round and round	0	0.222222	0.0	1	0.333333	0.125
541	541	J5-541-062	J5-541-074	 here and there	 in and out	0	0.2	0.0	1	0.333333	0.333333
541	541	J5-541-062	J5-541-075	 here and there	 up and down	0	0.2	0.0	1	0.333333	0.333333
541	541	J5-541-062	J5-541-076	 here and there	y Dick swam swiftly round and round	0	0.1	0.0	1	0.333333	0.125
541	541	J5-541-062	J5-541-077	 here and there	 this or that	0	0.0	0.0	0	0.0	0.0
541	541	J5-541-062	J5-541-078	 here and there	 up and down	0	0.2	0.0	1	0.333333	0.333333
541	541	J5-541-062	J5-541-079	 here and there	One after the other	0	0.0	0.0	0	0.0	0.0
541	541	J5-541-062	J5-541-080	 here and there	 side to side	0	0.0	0.0	0	0.0	0.0
541	541	J5-541-063	J5-541-064	 east and west	 each and every	0	0.2	0.0	1	0.333333	0.333333
541	541	J5-541-063	J5-541-065	 east and west	, you can open and shut	0	0.125	0.0	1	0.333333	0.166667
541	541	J5-541-063	J5-541-066	 east and west	 again and again	0	0.2	0.0	1	0.333333	0.333333
541	541	J5-541-063	J5-541-067	 east and west	 true or false	0	0.0	0.0	0	0.0	0.0
541	541	J5-541-063	J5-541-068	 east and west	 East and West	0	0.2	0.0	1	0.333333	0.333333
541	541	J5-541-063	J5-541-069	 east and west	 one by one	0	0.0	0.0	0	0.0	0.0
541	541	J5-541-063	J5-541-070	 east and west	 one after the other	0	0.0	0.0	0	0.0	0.0
541	541	J5-541-063	J5-541-071	 east and west	, go round and round	0	0.142857	0.0	1	0.333333	0.2
541	541	J5-541-063	J5-541-072	 east and west	 One after another	0	0.0	0.0	0	0.0	0.0
541	541	J5-541-063	J5-541-073	 east and west	 water there, wheeling round and round	0	0.1	0.0	1	0.333333	0.125
541	541	J5-541-063	J5-541-074	 east and west	 in and out	0	0.2	0.0	1	0.333333	0.333333
541	541	J5-541-063	J5-541-075	 east and west	 up and down	0	0.2	0.0	1	0.333333	0.333333
541	541	J5-541-063	J5-541-076	 east and west	y Dick swam swiftly round and round	0	0.1	0.0	1	0.333333	0.125
541	541	J5-541-063	J5-541-077	 east and west	 this or that	0	0.0	0.0	0	0.0	0.0
541	541	J5-541-063	J5-541-078	 east and west	 up and down	0	0.2	0.0	1	0.333333	0.333333
541	541	J5-541-063	J5-541-079	 east and west	One after the other	0	0.0	0.0	0	0.0	0.0
541	541	J5-541-063	J5-541-080	 east and west	 side to side	0	0.0	0.0	0	0.0	0.0
541	541	J5-541-064	J5-541-065	 each and every	, you can open and shut	0	0.125	0.0	1	0.333333	0.166667
541	541	J5-541-064	J5-541-066	 each and every	 again and again	0	0.2	0.0	1	0.333333	0.333333
541	541	J5-541-064	J5-541-067	 each and every	 true or false	0	0.0	0.0	0	0.0	0.0
541	541	J5-541-064	J5-541-068	 each and every	 East and West	0	0.2	0.0	1	0.333333	0.333333
541	541	J5-541-064	J5-541-069	 each and every	 one by one	0	0.0	0.0	0	0.0	0.0
541	541	J5-541-064	J5-541-070	 each and every	 one after the other	0	0.0	0.0	0	0.0	0.0
541	541	J5-541-064	J5-541-071	 each and every	, go round and round	0	0.142857	0.0	1	0.333333	0.2
541	541	J5-541-064	J5-541-072	 each and every	 One after another	0	0.0	0.0	0	0.0	0.0
541	541	J5-541-064	J5-541-073	 each and every	 water there, wheeling round and round	0	0.1	0.0	1	0.333333	0.125
541	541	J5-541-064	J5-541-074	 each and every	 in and out	0	0.2	0.0	1	0.333333	0.333333
541	541	J5-541-064	J5-541-075	 each and every	 up and down	0	0.2	0.0	1	0.333333	0.333333
541	541	J5-541-064	J5-541-076	 each and every	y Dick swam swiftly round and round	0	0.1	0.0	1	0.333333	0.125
541	541	J5-541-064	J5-541-077	 each and every	 this or that	0	0.0	0.0	0	0.0	0.0
541	541	J5-541-064	J5-541-078	 each and every	 up and down	0	0.2	0.0	1	0.333333	0.333333
541	541	J5-541-064	J5-541-079	 each and every	One after the other	0	0.0	0.0	0	0.0	0.0
541	541	J5-541-064	J5-541-080	 each and every	 side to side	0	0.0	0.0	0	0.0	0.0
541	541	J5-541-065	J5-541-066	, you can open and shut	 again and again	0	0.125	0.0	1	0.166667	0.333333
541	541	J5-541-065	J5-541-067	, you can open and shut	 true or false	0	0.0	0.0	0	0.0	0.0
541	541	J5-541-065	J5-541-068	, you can open and shut	 East and West	0	0.125	0.0	1	0.166667	0.333333
541	541	J5-541-065	J5-541-069	, you can open and shut	 one by one	0	0.0	0.0	0	0.0	0.0
541	541	J5-541-065	J5-541-070	, you can open and shut	 one after the other	0	0.0	0.0	0	0.0	0.0
541	541	J5-541-065	J5-541-071	, you can open and shut	, go round and round	0	0.222222	0.0	1	0.166667	0.2
541	541	J5-541-065	J5-541-072	, you can open and shut	 One after another	0	0.0	0.0	0	0.0	0.0
541	541	J5-541-065	J5-541-073	, you can open and shut	 water there, wheeling round and round	0	0.166667	0.0	1	0.166667	0.125
541	541	J5-541-065	J5-541-074	, you can open and shut	 in and out	0	0.125	0.0	1	0.166667	0.333333
541	541	J5-541-065	J5-541-075	, you can open and shut	 up and down	0	0.125	0.0	1	0.166667	0.333333
541	541	J5-541-065	J5-541-076	, you can open and shut	y Dick swam swiftly round and round	0	0.076923	0.0	1	0.166667	0.125
541	541	J5-541-065	J5-541-077	, you can open and shut	 this or that	0	0.0	0.0	0	0.0	0.0
541	541	J5-541-065	J5-541-078	, you can open and shut	 up and down	0	0.125	0.0	1	0.166667	0.333333
541	541	J5-541-065	J5-541-079	, you can open and shut	One after the other	0	0.0	0.0	0	0.0	0.0
541	541	J5-541-065	J5-541-080	, you can open and shut	 side to side	0	0.0	0.0	0	0.0	0.0
541	541	J5-541-066	J5-541-067	 again and again	 true or false	0	0.0	0.0	0	0.0	0.0
541	541	J5-541-066	J5-541-068	 again and again	 East and West	0	0.2	0.0	1	0.333333	0.333333
541	541	J5-541-066	J5-541-069	 again and again	 one by one	0	0.0	0.0	0	0.0	0.0
541	541	J5-541-066	J5-541-070	 again and again	 one after the other	0	0.0	0.0	0	0.0	0.0
541	541	J5-541-066	J5-541-071	 again and again	, go round and round	0	0.142857	0.0	1	0.333333	0.2
541	541	J5-541-066	J5-541-072	 again and again	 One after another	0	0.0	0.0	0	0.0	0.0
541	541	J5-541-066	J5-541-073	 again and again	 water there, wheeling round and round	0	0.1	0.0	1	0.333333	0.125
541	541	J5-541-066	J5-541-074	 again and again	 in and out	0	0.2	0.0	1	0.333333	0.333333
541	541	J5-541-066	J5-541-075	 again and again	 up and down	0	0.2	0.0	1	0.333333	0.333333
541	541	J5-541-066	J5-541-076	 again and again	y Dick swam swiftly round and round	0	0.1	0.0	1	0.333333	0.125
541	541	J5-541-066	J5-541-077	 again and again	 this or that	0	0.0	0.0	0	0.0	0.0
541	541	J5-541-066	J5-541-078	 again and again	 up and down	0	0.2	0.0	1	0.333333	0.333333
541	541	J5-541-066	J5-541-079	 again and again	One after the other	0	0.0	0.0	0	0.0	0.0
541	541	J5-541-066	J5-541-080	 again and again	 side to side	0	0.0	0.0	0	0.0	0.0
541	541	J5-541-067	J5-541-068	 true or false	 East and West	0	0.0	0.0	0	0.0	0.0
541	541	J5-541-067	J5-541-069	 true or false	 one by one	0	0.0	0.0	0	0.0	0.0
541	541	J5-541-067	J5-541-070	 true or false	 one after the other	0	0.0	0.0	0	0.0	0.0
541	541	J5-541-067	J5-541-071	 true or false	, go round and round	0	0.0	0.0	0	0.0	0.0
541	541	J5-541-067	J5-541-072	 true or false	 One after another	0	0.0	0.0	0	0.0	0.0
541	541	J5-541-067	J5-541-073	 true or false	 water there, wheeling round and round	0	0.0	0.0	0	0.0	0.0
541	541	J5-541-067	J5-541-074	 true or false	 in and out	0	0.0	0.0	0	0.0	0.0
541	541	J5-541-067	J5-541-075	 true or false	 up and down	0	0.0	0.0	0	0.0	0.0
541	541	J5-541-067	J5-541-076	 true or false	y Dick swam swiftly round and round	0	0.0	0.0	0	0.0	0.0
541	541	J5-541-067	J5-541-077	 true or false	 this or that	0	0.2	0.0	1	0.333333	0.333333
541	541	J5-541-067	J5-541-078	 true or false	 up and down	0	0.0	0.0	0	0.0	0.0
541	541	J5-541-067	J5-541-079	 true or false	One after the other	0	0.0	0.0	0	0.0	0.0
541	541	J5-541-067	J5-541-080	 true or false	 side to side	0	0.0	0.0	0	0.0	0.0
541	541	J5-541-068	J5-541-069	 East and West	 one by one	0	0.0	0.0	0	0.0	0.0
541	541	J5-541-068	J5-541-070	 East and West	 one after the other	0	0.0	0.0	0	0.0	0.0
541	541	J5-541-068	J5-541-071	 East and West	, go round and round	0	0.142857	0.0	1	0.333333	0.2
541	541	J5-541-068	J5-541-072	 East and West	 One after another	0	0.0	0.0	0	0.0	0.0
541	541	J5-541-068	J5-541-073	 East and West	 water there, wheeling round and round	0	0.1	0.0	1	0.333333	0.125
541	541	J5-541-068	J5-541-074	 East and West	 in and out	0	0.2	0.0	1	0.333333	0.333333
541	541	J5-541-068	J5-541-075	 East and West	 up and down	0	0.2	0.0	1	0.333333	0.333333
541	541	J5-541-068	J5-541-076	 East and West	y Dick swam swiftly round and round	0	0.1	0.0	1	0.333333	0.125
541	541	J5-541-068	J5-541-077	 East and West	 this or that	0	0.0	0.0	0	0.0	0.0
541	541	J5-541-068	J5-541-078	 East and West	 up and down	0	0.2	0.0	1	0.333333	0.333333
541	541	J5-541-068	J5-541-079	 East and West	One after the other	0	0.0	0.0	0	0.0	0.0
541	541	J5-541-068	J5-541-080	 East and West	 side to side	0	0.0	0.0	0	0.0	0.0
541	541	J5-541-069	J5-541-070	 one by one	 one after the other	0	0.166667	0.0	1	0.333333	0.25
541	541	J5-541-069	J5-541-071	 one by one	, go round and round	0	0.0	0.0	0	0.0	0.0
541	541	J5-541-069	J5-541-072	 one by one	 One after another	0	0.0	0.0	0	0.0	0.0
541	541	J5-541-069	J5-541-073	 one by one	 water there, wheeling round and round	0	0.0	0.0	0	0.0	0.0
541	541	J5-541-069	J5-541-074	 one by one	 in and out	0	0.0	0.0	0	0.0	0.0
541	541	J5-541-069	J5-541-075	 one by one	 up and down	0	0.0	0.0	0	0.0	0.0
541	541	J5-541-069	J5-541-076	 one by one	y Dick swam swiftly round and round	0	0.0	0.0	0	0.0	0.0
541	541	J5-541-069	J5-541-077	 one by one	 this or that	0	0.0	0.0	0	0.0	0.0
541	541	J5-541-069	J5-541-078	 one by one	 up and down	0	0.0	0.0	0	0.0	0.0
541	541	J5-541-069	J5-541-079	 one by one	One after the other	0	0.0	0.0	0	0.0	0.0
541	541	J5-541-069	J5-541-080	 one by one	 side to side	0	0.0	0.0	0	0.0	0.0
541	541	J5-541-070	J5-541-071	 one after the other	, go round and round	0	0.0	0.0	0	0.0	0.0
541	541	J5-541-070	J5-541-072	 one after the other	 One after another	0	0.166667	0.0	1	0.25	0.333333
541	541	J5-541-070	J5-541-073	 one after the other	 water there, wheeling round and round	0	0.0	0.0	0	0.0	0.0
541	541	J5-541-070	J5-541-074	 one after the other	 in and out	0	0.0	0.0	0	0.0	0.0
541	541	J5-541-070	J5-541-075	 one after the other	 up and down	0	0.0	0.0	0	0.0	0.0
541	541	J5-541-070	J5-541-076	 one after the other	y Dick swam swiftly round and round	0	0.0	0.0	0	0.0	0.0
541	541	J5-541-070	J5-541-077	 one after the other	 this or that	0	0.0	0.0	0	0.0	0.0
541	541	J5-541-070	J5-541-078	 one after the other	 up and down	0	0.0	0.0	0	0.0	0.0
541	541	J5-541-070	J5-541-079	 one after the other	One after the other	0	0.6	0.5	3	0.75	0.75
541	541	J5-541-070	J5-541-080	 one after the other	 side to side	0	0.0	0.0	0	0.0	0.0
541	541	J5-541-071	J5-541-072	, go round and round	 One after another	0	0.0	0.0	0	0.0	0.0
541	541	J5-541-071	J5-541-073	, go round and round	 water there, wheeling round and round	0	0.444444	0.222222	3	0.6	0.375
541	541	J5-541-071	J5-541-074	, go round and round	 in and out	0	0.142857	0.0	1	0.2	0.333333
541	541	J5-541-071	J5-541-075	, go round and round	 up and down	0	0.142857	0.0	1	0.2	0.333333
541	541	J5-541-071	J5-541-076	, go round and round	y Dick swam swiftly round and round	0	0.3	0.222222	3	0.6	0.375
541	541	J5-541-071	J5-541-077	, go round and round	 this or that	0	0.0	0.0	0	0.0	0.0
541	541	J5-541-071	J5-541-078	, go round and round	 up and down	0	0.142857	0.0	1	0.2	0.333333
541	541	J5-541-071	J5-541-079	, go round and round	One after the other	0	0.0	0.0	0	0.0	0.0
541	541	J5-541-071	J5-541-080	, go round and round	 side to side	0	0.0	0.0	0	0.0	0.0
541	541	J5-541-072	J5-541-073	 One after another	 water there, wheeling round and round	0	0.0	0.0	0	0.0	0.0
541	541	J5-541-072	J5-541-074	 One after another	 in and out	0	0.0	0.0	0	0.0	0.0
541	541	J5-541-072	J5-541-075	 One after another	 up and down	0	0.0	0.0	0	0.0	0.0
541	541	J5-541-072	J5-541-076	 One after another	y Dick swam swiftly round and round	0	0.0	0.0	0	0.0	0.0
541	541	J5-541-072	J5-541-077	 One after another	 this or that	0	0.0	0.0	0	0.0	0.0
541	541	J5-541-072	J5-541-078	 One after another	 up and down	0	0.0	0.0	0	0.0	0.0
541	541	J5-541-072	J5-541-079	 One after another	One after the other	0	0.166667	0.0	1	0.333333	0.25
541	541	J5-541-072	J5-541-080	 One after another	 side to side	0	0.0	0.0	0	0.0	0.0
541	541	J5-541-073	J5-541-074	 water there, wheeling round and round	 in and out	0	0.1	0.0	1	0.125	0.333333
541	541	J5-541-073	J5-541-075	 water there, wheeling round and round	 up and down	0	0.1	0.0	1	0.125	0.333333
541	541	J5-541-073	J5-541-076	 water there, wheeling round and round	y Dick swam swiftly round and round	0	0.230769	0.166667	3	0.375	0.375
541	541	J5-541-073	J5-541-077	 water there, wheeling round and round	 this or that	0	0.0	0.0	0	0.0	0.0
541	541	J5-541-073	J5-541-078	 water there, wheeling round and round	 up and down	0	0.1	0.0	1	0.125	0.333333
541	541	J5-541-073	J5-541-079	 water there, wheeling round and round	One after the other	0	0.0	0.0	0	0.0	0.0
541	541	J5-541-073	J5-541-080	 water there, wheeling round and round	 side to side	0	0.0	0.0	0	0.0	0.0
541	541	J5-541-074	J5-541-075	 in and out	 up and down	0	0.2	0.0	1	0.333333	0.333333
541	541	J5-541-074	J5-541-076	 in and out	y Dick swam swiftly round and round	0	0.1	0.0	1	0.333333	0.125
541	541	J5-541-074	J5-541-077	 in and out	 this or that	0	0.0	0.0	0	0.0	0.0
541	541	J5-541-074	J5-541-078	 in and out	 up and down	0	0.2	0.0	1	0.333333	0.333333
541	541	J5-541-074	J5-541-079	 in and out	One after the other	0	0.0	0.0	0	0.0	0.0
541	541	J5-541-074	J5-541-080	 in and out	 side to side	0	0.0	0.0	0	0.0	0.0
541	541	J5-541-075	J5-541-076	 up and down	y Dick swam swiftly round and round	0	0.1	0.0	1	0.333333	0.125
541	541	J5-541-075	J5-541-077	 up and down	 this or that	0	0.0	0.0	0	0.0	0.0
541	541	J5-541-075	J5-541-078	 up and down	 up and down	1	1.0	1.0	3	1.0	1.0
541	541	J5-541-075	J5-541-079	 up and down	One after the other	0	0.0	0.0	0	0.0	0.0
541	541	J5-541-075	J5-541-080	 up and down	 side to side	0	0.0	0.0	0	0.0	0.0
541	541	J5-541-076	J5-541-077	y Dick swam swiftly round and round	 this or that	0	0.0	0.0	0	0.0	0.0
541	541	J5-541-076	J5-541-078	y Dick swam swiftly round and round	 up and down	0	0.1	0.0	1	0.125	0.333333
541	541	J5-541-076	J5-541-079	y Dick swam swiftly round and round	One after the other	0	0.0	0.0	0	0.0	0.0
541	541	J5-541-076	J5-541-080	y Dick swam swiftly round and round	 side to side	0	0.0	0.0	0	0.0	0.0
541	541	J5-541-077	J5-541-078	 this or that	 up and down	0	0.0	0.0	0	0.0	0.0
541	541	J5-541-077	J5-541-079	 this or that	One after the other	0	0.0	0.0	0	0.0	0.0
541	541	J5-541-077	J5-541-080	 this or that	 side to side	0	0.0	0.0	0	0.0	0.0
541	541	J5-541-078	J5-541-079	 up and down	One after the other	0	0.0	0.0	0	0.0	0.0
541	541	J5-541-078	J5-541-080	 up and down	 side to side	0	0.0	0.0	0	0.0	0.0
541	541	J5-541-079	J5-541-080	One after the other	 side to side	0	0.0	0.0	0	0.0	0.0
