# generated_utc	2026-08-15T00:50:25+00:00
# script	probe_v13.py
# python	3.11.15
# torch	2.9.0+cu128
# transformers	4.57.1
# device	cuda:0
# gpu	NVIDIA GeForce RTX 5060 Laptop GPU
# revision	607a30d783dfa663caf39e06633721c8d4cfcd7e
# layer	5
# tf32_matmul	False
# tf32_cudnn	False
# theta_sha256	113687a222f8cf98039222c27b39aaf716493e5e8c1db94ea4e6544e0814088c
# n_rows	960
prompt_id	prompt	treatment	neurons	add_value	intervention_mode	step	active	generated_token_id	generated_token	intervention_originals	intervention_sets
1	The desert sun is beating down, the air is	CLEAN	[]	0.0	ONE_STEP	1	0	6546	 thick	[]	[]
1	The desert sun is beating down, the air is	CLEAN	[]	0.0	ONE_STEP	2	0	351	 with	[]	[]
1	The desert sun is beating down, the air is	CLEAN	[]	0.0	ONE_STEP	3	0	15114	 clouds	[]	[]
1	The desert sun is beating down, the air is	CLEAN	[]	0.0	ONE_STEP	4	0	11	,	[]	[]
1	The desert sun is beating down, the air is	CLEAN	[]	0.0	ONE_STEP	5	0	290	 and	[]	[]
1	The desert sun is beating down, the air is	CLEAN	[]	0.0	ONE_STEP	6	0	262	 the	[]	[]
1	The desert sun is beating down, the air is	CLEAN	[]	0.0	ONE_STEP	7	0	4252	 sun	[]	[]
1	The desert sun is beating down, the air is	CLEAN	[]	0.0	ONE_STEP	8	0	318	 is	[]	[]
1	The desert sun is beating down, the air is	CLEAN	[]	0.0	ONE_STEP	9	0	22751	 shining	[]	[]
1	The desert sun is beating down, the air is	CLEAN	[]	0.0	ONE_STEP	10	0	13	.	[]	[]
1	The desert sun is beating down, the air is	CLEAN	[]	0.0	ONE_STEP	11	0	198	\n	[]	[]
1	The desert sun is beating down, the air is	CLEAN	[]	0.0	ONE_STEP	12	0	198	\n	[]	[]
1	The desert sun is beating down, the air is	CLEAN	[]	0.0	ONE_STEP	13	0	464	The	[]	[]
1	The desert sun is beating down, the air is	CLEAN	[]	0.0	ONE_STEP	14	0	4252	 sun	[]	[]
1	The desert sun is beating down, the air is	CLEAN	[]	0.0	ONE_STEP	15	0	318	 is	[]	[]
1	The desert sun is beating down, the air is	N38_ONE_STEP_NATURAL	[38]	2.870398759841919	ONE_STEP	1	1	6546	 thick	[0.5287503004074097]	[3.399148941040039]
1	The desert sun is beating down, the air is	N38_ONE_STEP_NATURAL	[38]	2.870398759841919	ONE_STEP	2	0	351	 with	[1.078299880027771]	[1.078299880027771]
1	The desert sun is beating down, the air is	N38_ONE_STEP_NATURAL	[38]	2.870398759841919	ONE_STEP	3	0	15114	 clouds	[0.315690279006958]	[0.315690279006958]
1	The desert sun is beating down, the air is	N38_ONE_STEP_NATURAL	[38]	2.870398759841919	ONE_STEP	4	0	11	,	[0.8653786778450012]	[0.8653786778450012]
1	The desert sun is beating down, the air is	N38_ONE_STEP_NATURAL	[38]	2.870398759841919	ONE_STEP	5	0	290	 and	[1.325562596321106]	[1.325562596321106]
1	The desert sun is beating down, the air is	N38_ONE_STEP_NATURAL	[38]	2.870398759841919	ONE_STEP	6	0	262	 the	[1.1294296979904175]	[1.1294296979904175]
1	The desert sun is beating down, the air is	N38_ONE_STEP_NATURAL	[38]	2.870398759841919	ONE_STEP	7	0	4252	 sun	[1.261089563369751]	[1.261089563369751]
1	The desert sun is beating down, the air is	N38_ONE_STEP_NATURAL	[38]	2.870398759841919	ONE_STEP	8	0	318	 is	[0.5961237549781799]	[0.5961237549781799]
1	The desert sun is beating down, the air is	N38_ONE_STEP_NATURAL	[38]	2.870398759841919	ONE_STEP	9	0	22751	 shining	[0.19685202836990356]	[0.19685202836990356]
1	The desert sun is beating down, the air is	N38_ONE_STEP_NATURAL	[38]	2.870398759841919	ONE_STEP	10	0	13	.	[0.8772673010826111]	[0.8772673010826111]
1	The desert sun is beating down, the air is	N38_ONE_STEP_NATURAL	[38]	2.870398759841919	ONE_STEP	11	0	198	\n	[1.5590707063674927]	[1.5590707063674927]
1	The desert sun is beating down, the air is	N38_ONE_STEP_NATURAL	[38]	2.870398759841919	ONE_STEP	12	0	198	\n	[1.4252837896347046]	[1.4252837896347046]
1	The desert sun is beating down, the air is	N38_ONE_STEP_NATURAL	[38]	2.870398759841919	ONE_STEP	13	0	464	The	[1.089438796043396]	[1.089438796043396]
1	The desert sun is beating down, the air is	N38_ONE_STEP_NATURAL	[38]	2.870398759841919	ONE_STEP	14	0	4252	 sun	[0.6919150352478027]	[0.6919150352478027]
1	The desert sun is beating down, the air is	N38_ONE_STEP_NATURAL	[38]	2.870398759841919	ONE_STEP	15	0	318	 is	[0.5185132026672363]	[0.5185132026672363]
1	The desert sun is beating down, the air is	N38_SUSTAINED_NATURAL	[38]	2.870398759841919	SUSTAINED	1	1	6546	 thick	[0.5287503004074097]	[3.399148941040039]
1	The desert sun is beating down, the air is	N38_SUSTAINED_NATURAL	[38]	2.870398759841919	SUSTAINED	2	1	351	 with	[1.078299880027771]	[3.9486985206604004]
1	The desert sun is beating down, the air is	N38_SUSTAINED_NATURAL	[38]	2.870398759841919	SUSTAINED	3	1	262	 the	[0.315690279006958]	[3.186089038848877]
1	The desert sun is beating down, the air is	N38_SUSTAINED_NATURAL	[38]	2.870398759841919	SUSTAINED	4	1	21212	 scent	[0.9181821942329407]	[3.788580894470215]
1	The desert sun is beating down, the air is	N38_SUSTAINED_NATURAL	[38]	2.870398759841919	SUSTAINED	5	1	286	 of	[2.1591694355010986]	[5.029568195343018]
1	The desert sun is beating down, the air is	N38_SUSTAINED_NATURAL	[38]	2.870398759841919	SUSTAINED	6	1	262	 the	[1.930185317993164]	[4.800583839416504]
1	The desert sun is beating down, the air is	N38_SUSTAINED_NATURAL	[38]	2.870398759841919	SUSTAINED	7	1	10326	 desert	[1.743613362312317]	[4.614012241363525]
1	The desert sun is beating down, the air is	N38_SUSTAINED_NATURAL	[38]	2.870398759841919	SUSTAINED	8	1	13	.	[0.6886191368103027]	[3.5590178966522217]
1	The desert sun is beating down, the air is	N38_SUSTAINED_NATURAL	[38]	2.870398759841919	SUSTAINED	9	1	383	 The	[2.0572633743286133]	[4.927661895751953]
1	The desert sun is beating down, the air is	N38_SUSTAINED_NATURAL	[38]	2.870398759841919	SUSTAINED	10	1	4252	 sun	[1.1789162158966064]	[4.049314975738525]
1	The desert sun is beating down, the air is	N38_SUSTAINED_NATURAL	[38]	2.870398759841919	SUSTAINED	11	1	318	 is	[1.1145789623260498]	[3.9849777221679688]
1	The desert sun is beating down, the air is	N38_SUSTAINED_NATURAL	[38]	2.870398759841919	SUSTAINED	12	1	22751	 shining	[0.6459351181983948]	[3.516333818435669]
1	The desert sun is beating down, the air is	N38_SUSTAINED_NATURAL	[38]	2.870398759841919	SUSTAINED	13	1	11	,	[1.317161202430725]	[4.187560081481934]
1	The desert sun is beating down, the air is	N38_SUSTAINED_NATURAL	[38]	2.870398759841919	SUSTAINED	14	1	262	 the	[1.0199320316314697]	[3.8903307914733887]
1	The desert sun is beating down, the air is	N38_SUSTAINED_NATURAL	[38]	2.870398759841919	SUSTAINED	15	1	1633	 air	[0.7456534504890442]	[3.6160521507263184]
1	The desert sun is beating down, the air is	TEAM_ONE_STEP_N38_CALIBRATED	[38, 1103, 2094]	2.870398759841919	ONE_STEP	1	1	6546	 thick	[0.5287503004074097, 0.1416431963443756, -0.1421850472688675]	[3.399148941040039, 3.0120420455932617, 2.7282137870788574]
1	The desert sun is beating down, the air is	TEAM_ONE_STEP_N38_CALIBRATED	[38, 1103, 2094]	2.870398759841919	ONE_STEP	2	0	351	 with	[1.078299880027771, -0.04850905388593674, 2.151346206665039]	[1.078299880027771, -0.04850905388593674, 2.151346206665039]
1	The desert sun is beating down, the air is	TEAM_ONE_STEP_N38_CALIBRATED	[38, 1103, 2094]	2.870398759841919	ONE_STEP	3	0	15114	 clouds	[0.315690279006958, -0.020266752690076828, 0.22018863260746002]	[0.315690279006958, -0.020266752690076828, 0.22018863260746002]
1	The desert sun is beating down, the air is	TEAM_ONE_STEP_N38_CALIBRATED	[38, 1103, 2094]	2.870398759841919	ONE_STEP	4	0	11	,	[0.8653786778450012, -0.16971568763256073, -0.12070873379707336]	[0.8653786778450012, -0.16971568763256073, -0.12070873379707336]
1	The desert sun is beating down, the air is	TEAM_ONE_STEP_N38_CALIBRATED	[38, 1103, 2094]	2.870398759841919	ONE_STEP	5	0	290	 and	[1.325562596321106, -0.08076301962137222, -0.15739090740680695]	[1.325562596321106, -0.08076301962137222, -0.15739090740680695]
1	The desert sun is beating down, the air is	TEAM_ONE_STEP_N38_CALIBRATED	[38, 1103, 2094]	2.870398759841919	ONE_STEP	6	0	262	 the	[1.1294296979904175, -0.14368562400341034, -0.13601510226726532]	[1.1294296979904175, -0.14368562400341034, -0.13601510226726532]
1	The desert sun is beating down, the air is	TEAM_ONE_STEP_N38_CALIBRATED	[38, 1103, 2094]	2.870398759841919	ONE_STEP	7	0	4252	 sun	[1.261089563369751, -0.11399627476930618, -0.1572217345237732]	[1.261089563369751, -0.11399627476930618, -0.1572217345237732]
1	The desert sun is beating down, the air is	TEAM_ONE_STEP_N38_CALIBRATED	[38, 1103, 2094]	2.870398759841919	ONE_STEP	8	0	318	 is	[0.5961237549781799, 0.38568535447120667, -0.021798118948936462]	[0.5961237549781799, 0.38568535447120667, -0.021798118948936462]
1	The desert sun is beating down, the air is	TEAM_ONE_STEP_N38_CALIBRATED	[38, 1103, 2094]	2.870398759841919	ONE_STEP	9	0	22751	 shining	[0.19685202836990356, 0.1326397806406021, -0.12034877389669418]	[0.19685202836990356, 0.1326397806406021, -0.12034877389669418]
1	The desert sun is beating down, the air is	TEAM_ONE_STEP_N38_CALIBRATED	[38, 1103, 2094]	2.870398759841919	ONE_STEP	10	0	13	.	[0.8772673010826111, -0.14107847213745117, 0.4194430410861969]	[0.8772673010826111, -0.14107847213745117, 0.4194430410861969]
1	The desert sun is beating down, the air is	TEAM_ONE_STEP_N38_CALIBRATED	[38, 1103, 2094]	2.870398759841919	ONE_STEP	11	0	198	\n	[1.5590707063674927, -0.06514189392328262, -0.10492462664842606]	[1.5590707063674927, -0.06514189392328262, -0.10492462664842606]
1	The desert sun is beating down, the air is	TEAM_ONE_STEP_N38_CALIBRATED	[38, 1103, 2094]	2.870398759841919	ONE_STEP	12	0	198	\n	[1.4252837896347046, -0.15406790375709534, 0.09276231378316879]	[1.4252837896347046, -0.15406790375709534, 0.09276231378316879]
1	The desert sun is beating down, the air is	TEAM_ONE_STEP_N38_CALIBRATED	[38, 1103, 2094]	2.870398759841919	ONE_STEP	13	0	464	The	[1.089438796043396, -0.11122537404298782, -0.15588189661502838]	[1.089438796043396, -0.11122537404298782, -0.15588189661502838]
1	The desert sun is beating down, the air is	TEAM_ONE_STEP_N38_CALIBRATED	[38, 1103, 2094]	2.870398759841919	ONE_STEP	14	0	4252	 sun	[0.6919150352478027, -0.15974509716033936, -0.1448291540145874]	[0.6919150352478027, -0.15974509716033936, -0.1448291540145874]
1	The desert sun is beating down, the air is	TEAM_ONE_STEP_N38_CALIBRATED	[38, 1103, 2094]	2.870398759841919	ONE_STEP	15	0	318	 is	[0.5185132026672363, 0.5455021858215332, -0.014865001663565636]	[0.5185132026672363, 0.5455021858215332, -0.014865001663565636]
1	The desert sun is beating down, the air is	TEAM_SUSTAINED_N38_CALIBRATED	[38, 1103, 2094]	2.870398759841919	SUSTAINED	1	1	6546	 thick	[0.5287503004074097, 0.1416431963443756, -0.1421850472688675]	[3.399148941040039, 3.0120420455932617, 2.7282137870788574]
1	The desert sun is beating down, the air is	TEAM_SUSTAINED_N38_CALIBRATED	[38, 1103, 2094]	2.870398759841919	SUSTAINED	2	1	351	 with	[1.078299880027771, -0.04850905388593674, 2.151346206665039]	[3.9486985206604004, 2.821889638900757, 5.021744728088379]
1	The desert sun is beating down, the air is	TEAM_SUSTAINED_N38_CALIBRATED	[38, 1103, 2094]	2.870398759841919	SUSTAINED	3	1	262	 the	[0.315690279006958, -0.020266752690076828, 0.22018863260746002]	[3.186089038848877, 2.8501319885253906, 3.0905873775482178]
1	The desert sun is beating down, the air is	TEAM_SUSTAINED_N38_CALIBRATED	[38, 1103, 2094]	2.870398759841919	SUSTAINED	4	1	21212	 scent	[0.9181821942329407, -0.07779489457607269, -0.16926944255828857]	[3.788580894470215, 2.7926039695739746, 2.70112943649292]
1	The desert sun is beating down, the air is	TEAM_SUSTAINED_N38_CALIBRATED	[38, 1103, 2094]	2.870398759841919	SUSTAINED	5	1	286	 of	[2.1591694355010986, -0.0904647707939148, -0.1514289677143097]	[5.029568195343018, 2.7799339294433594, 2.7189698219299316]
1	The desert sun is beating down, the air is	TEAM_SUSTAINED_N38_CALIBRATED	[38, 1103, 2094]	2.870398759841919	SUSTAINED	6	1	262	 the	[1.930185317993164, -0.12790828943252563, -0.16955597698688507]	[4.800583839416504, 2.742490530014038, 2.70084285736084]
1	The desert sun is beating down, the air is	TEAM_SUSTAINED_N38_CALIBRATED	[38, 1103, 2094]	2.870398759841919	SUSTAINED	7	1	10326	 desert	[1.743613362312317, -0.13658979535102844, -0.1688046157360077]	[4.614012241363525, 2.733808994293213, 2.701594114303589]
1	The desert sun is beating down, the air is	TEAM_SUSTAINED_N38_CALIBRATED	[38, 1103, 2094]	2.870398759841919	SUSTAINED	8	1	13	.	[0.6886191368103027, -0.11886836588382721, -0.051626741886138916]	[3.5590178966522217, 2.751530408859253, 2.818772077560425]
1	The desert sun is beating down, the air is	TEAM_SUSTAINED_N38_CALIBRATED	[38, 1103, 2094]	2.870398759841919	SUSTAINED	9	1	383	 The	[2.0572633743286133, -0.07943323999643326, -0.12101761996746063]	[4.927661895751953, 2.7909655570983887, 2.7493810653686523]
1	The desert sun is beating down, the air is	TEAM_SUSTAINED_N38_CALIBRATED	[38, 1103, 2094]	2.870398759841919	SUSTAINED	10	1	4252	 sun	[1.1789162158966064, -0.16954636573791504, -0.1691461056470871]	[4.049314975738525, 2.700852394104004, 2.7012526988983154]
1	The desert sun is beating down, the air is	TEAM_SUSTAINED_N38_CALIBRATED	[38, 1103, 2094]	2.870398759841919	SUSTAINED	11	1	318	 is	[1.1145789623260498, 0.46862170100212097, -0.023627137765288353]	[3.9849777221679688, 3.3390204906463623, 2.846771717071533]
1	The desert sun is beating down, the air is	TEAM_SUSTAINED_N38_CALIBRATED	[38, 1103, 2094]	2.870398759841919	SUSTAINED	12	1	22751	 shining	[0.6459351181983948, 0.20263968408107758, -0.11240526288747787]	[3.516333818435669, 3.073038339614868, 2.757993459701538]
1	The desert sun is beating down, the air is	TEAM_SUSTAINED_N38_CALIBRATED	[38, 1103, 2094]	2.870398759841919	SUSTAINED	13	1	11	,	[1.317161202430725, -0.16236990690231323, 0.5571898221969604]	[4.187560081481934, 2.708028793334961, 3.42758846282959]
1	The desert sun is beating down, the air is	TEAM_SUSTAINED_N38_CALIBRATED	[38, 1103, 2094]	2.870398759841919	SUSTAINED	14	1	290	 and	[1.0199320316314697, -0.12467645108699799, -0.15853413939476013]	[3.8903307914733887, 2.7457222938537598, 2.711864709854126]
1	The desert sun is beating down, the air is	TEAM_SUSTAINED_N38_CALIBRATED	[38, 1103, 2094]	2.870398759841919	SUSTAINED	15	1	262	 the	[1.0247828960418701, -0.16999168694019318, -0.12710408866405487]	[3.895181655883789, 2.700407028198242, 2.7432947158813477]
1	The desert sun is beating down, the air is	N38_SUSTAINED_LEGACY_PLUS10	[38]	10.0	SUSTAINED	1	1	6546	 thick	[0.5287503004074097]	[10.5287504196167]
1	The desert sun is beating down, the air is	N38_SUSTAINED_LEGACY_PLUS10	[38]	10.0	SUSTAINED	2	1	351	 with	[1.078299880027771]	[11.078299522399902]
1	The desert sun is beating down, the air is	N38_SUSTAINED_LEGACY_PLUS10	[38]	10.0	SUSTAINED	3	1	262	 the	[0.315690279006958]	[10.315690040588379]
1	The desert sun is beating down, the air is	N38_SUSTAINED_LEGACY_PLUS10	[38]	10.0	SUSTAINED	4	1	21212	 scent	[0.9181821942329407]	[10.918182373046875]
1	The desert sun is beating down, the air is	N38_SUSTAINED_LEGACY_PLUS10	[38]	10.0	SUSTAINED	5	1	286	 of	[2.1591694355010986]	[12.15916919708252]
1	The desert sun is beating down, the air is	N38_SUSTAINED_LEGACY_PLUS10	[38]	10.0	SUSTAINED	6	1	262	 the	[1.930185317993164]	[11.930185317993164]
1	The desert sun is beating down, the air is	N38_SUSTAINED_LEGACY_PLUS10	[38]	10.0	SUSTAINED	7	1	10326	 desert	[1.743613362312317]	[11.743613243103027]
1	The desert sun is beating down, the air is	N38_SUSTAINED_LEGACY_PLUS10	[38]	10.0	SUSTAINED	8	1	13	.	[0.6886191368103027]	[10.688619613647461]
1	The desert sun is beating down, the air is	N38_SUSTAINED_LEGACY_PLUS10	[38]	10.0	SUSTAINED	9	1	383	 The	[2.0572633743286133]	[12.057263374328613]
1	The desert sun is beating down, the air is	N38_SUSTAINED_LEGACY_PLUS10	[38]	10.0	SUSTAINED	10	1	4252	 sun	[1.1789162158966064]	[11.178915977478027]
1	The desert sun is beating down, the air is	N38_SUSTAINED_LEGACY_PLUS10	[38]	10.0	SUSTAINED	11	1	318	 is	[1.1145789623260498]	[11.114579200744629]
1	The desert sun is beating down, the air is	N38_SUSTAINED_LEGACY_PLUS10	[38]	10.0	SUSTAINED	12	1	22751	 shining	[0.6459351181983948]	[10.64593505859375]
1	The desert sun is beating down, the air is	N38_SUSTAINED_LEGACY_PLUS10	[38]	10.0	SUSTAINED	13	1	319	 on	[1.317161202430725]	[11.317161560058594]
1	The desert sun is beating down, the air is	N38_SUSTAINED_LEGACY_PLUS10	[38]	10.0	SUSTAINED	14	1	262	 the	[0.8832910060882568]	[10.883291244506836]
1	The desert sun is beating down, the air is	N38_SUSTAINED_LEGACY_PLUS10	[38]	10.0	SUSTAINED	15	1	10326	 desert	[1.0758702754974365]	[11.075870513916016]
1	The desert sun is beating down, the air is	TEAM_SUSTAINED_LEGACY_PLUS10	[38, 1103, 2094]	10.0	SUSTAINED	1	1	4692	 cold	[0.5287503004074097, 0.1416431963443756, -0.1421850472688675]	[10.5287504196167, 10.141643524169922, 9.85781478881836]
1	The desert sun is beating down, the air is	TEAM_SUSTAINED_LEGACY_PLUS10	[38, 1103, 2094]	10.0	SUSTAINED	2	1	11	,	[1.9401346445083618, -0.15370692312717438, 1.873921275138855]	[11.94013500213623, 9.846293449401855, 11.873921394348145]
1	The desert sun is beating down, the air is	TEAM_SUSTAINED_LEGACY_PLUS10	[38, 1103, 2094]	10.0	SUSTAINED	3	1	290	 and	[1.4702013731002808, -0.07632870227098465, -0.04107728600502014]	[11.47020149230957, 9.92367172241211, 9.958922386169434]
1	The desert sun is beating down, the air is	TEAM_SUSTAINED_LEGACY_PLUS10	[38, 1103, 2094]	10.0	SUSTAINED	4	1	262	 the	[1.6319384574890137, -0.16597411036491394, -0.07199125736951828]	[11.631938934326172, 9.834026336669922, 9.928009033203125]
1	The desert sun is beating down, the air is	TEAM_SUSTAINED_LEGACY_PLUS10	[38, 1103, 2094]	10.0	SUSTAINED	5	1	4252	 sun	[1.3472462892532349, -0.1458202749490738, -0.1557117998600006]	[11.347246170043945, 9.854179382324219, 9.844287872314453]
1	The desert sun is beating down, the air is	TEAM_SUSTAINED_LEGACY_PLUS10	[38, 1103, 2094]	10.0	SUSTAINED	6	1	318	 is	[0.6154310703277588, 0.5566620230674744, -0.03088129125535488]	[10.61543083190918, 10.556661605834961, 9.96911907196045]
1	The desert sun is beating down, the air is	TEAM_SUSTAINED_LEGACY_PLUS10	[38, 1103, 2094]	10.0	SUSTAINED	7	1	22751	 shining	[0.038808826357126236, 0.17480707168579102, -0.12180318683385849]	[10.038808822631836, 10.174806594848633, 9.878196716308594]
1	The desert sun is beating down, the air is	TEAM_SUSTAINED_LEGACY_PLUS10	[38, 1103, 2094]	10.0	SUSTAINED	8	1	13	.	[0.8732959628105164, -0.1410326063632965, 0.34763962030410767]	[10.873295783996582, 9.858967781066895, 10.347640037536621]
1	The desert sun is beating down, the air is	TEAM_SUSTAINED_LEGACY_PLUS10	[38, 1103, 2094]	10.0	SUSTAINED	9	1	198	\n	[1.5173449516296387, -0.07257691770792007, -0.1305786520242691]	[11.517345428466797, 9.927423477172852, 9.869421005249023]
1	The desert sun is beating down, the air is	TEAM_SUSTAINED_LEGACY_PLUS10	[38, 1103, 2094]	10.0	SUSTAINED	10	1	198	\n	[1.4368916749954224, -0.15745802223682404, 0.060817986726760864]	[11.436891555786133, 9.842541694641113, 10.06081771850586]
1	The desert sun is beating down, the air is	TEAM_SUSTAINED_LEGACY_PLUS10	[38, 1103, 2094]	10.0	SUSTAINED	11	1	464	The	[1.1706067323684692, -0.11662892252206802, -0.1506626456975937]	[11.17060661315918, 9.883371353149414, 9.849337577819824]
1	The desert sun is beating down, the air is	TEAM_SUSTAINED_LEGACY_PLUS10	[38, 1103, 2094]	10.0	SUSTAINED	12	1	4252	 sun	[0.7168570756912231, -0.16463884711265564, -0.14486375451087952]	[10.716856956481934, 9.83536148071289, 9.855135917663574]
1	The desert sun is beating down, the air is	TEAM_SUSTAINED_LEGACY_PLUS10	[38, 1103, 2094]	10.0	SUSTAINED	13	1	318	 is	[0.547122061252594, 0.7110224366188049, -0.01775871030986309]	[10.54712200164795, 10.71102237701416, 9.9822416305542]
1	The desert sun is beating down, the air is	TEAM_SUSTAINED_LEGACY_PLUS10	[38, 1103, 2094]	10.0	SUSTAINED	14	1	22751	 shining	[0.37643250823020935, 0.5174342393875122, -0.08896098285913467]	[10.376432418823242, 10.517434120178223, 9.911039352416992]
1	The desert sun is beating down, the air is	TEAM_SUSTAINED_LEGACY_PLUS10	[38, 1103, 2094]	10.0	SUSTAINED	15	1	13	.	[1.116152286529541, -0.16960124671459198, 0.08744250237941742]	[11.116151809692383, 9.830398559570312, 10.087442398071289]
1	The desert sun is beating down, the air is	N38_SUSTAINED_NEG_NATURAL	[38]	-2.870398759841919	SUSTAINED	1	1	6546	 thick	[0.5287503004074097]	[-2.341648578643799]
1	The desert sun is beating down, the air is	N38_SUSTAINED_NEG_NATURAL	[38]	-2.870398759841919	SUSTAINED	2	1	351	 with	[1.078299880027771]	[-1.792098879814148]
1	The desert sun is beating down, the air is	N38_SUSTAINED_NEG_NATURAL	[38]	-2.870398759841919	SUSTAINED	3	1	15114	 clouds	[0.315690279006958]	[-2.554708480834961]
1	The desert sun is beating down, the air is	N38_SUSTAINED_NEG_NATURAL	[38]	-2.870398759841919	SUSTAINED	4	1	11	,	[0.8653786778450012]	[-2.0050201416015625]
1	The desert sun is beating down, the air is	N38_SUSTAINED_NEG_NATURAL	[38]	-2.870398759841919	SUSTAINED	5	1	290	 and	[1.325562596321106]	[-1.544836163520813]
1	The desert sun is beating down, the air is	N38_SUSTAINED_NEG_NATURAL	[38]	-2.870398759841919	SUSTAINED	6	1	262	 the	[1.1294296979904175]	[-1.7409690618515015]
1	The desert sun is beating down, the air is	N38_SUSTAINED_NEG_NATURAL	[38]	-2.870398759841919	SUSTAINED	7	1	4252	 sun	[1.261089563369751]	[-1.609309196472168]
1	The desert sun is beating down, the air is	N38_SUSTAINED_NEG_NATURAL	[38]	-2.870398759841919	SUSTAINED	8	1	318	 is	[0.5961237549781799]	[-2.274275064468384]
1	The desert sun is beating down, the air is	N38_SUSTAINED_NEG_NATURAL	[38]	-2.870398759841919	SUSTAINED	9	1	22751	 shining	[0.19685202836990356]	[-2.67354679107666]
1	The desert sun is beating down, the air is	N38_SUSTAINED_NEG_NATURAL	[38]	-2.870398759841919	SUSTAINED	10	1	13	.	[0.8772673010826111]	[-1.993131399154663]
1	The desert sun is beating down, the air is	N38_SUSTAINED_NEG_NATURAL	[38]	-2.870398759841919	SUSTAINED	11	1	198	\n	[1.5590707063674927]	[-1.3113280534744263]
1	The desert sun is beating down, the air is	N38_SUSTAINED_NEG_NATURAL	[38]	-2.870398759841919	SUSTAINED	12	1	198	\n	[1.4252837896347046]	[-1.4451149702072144]
1	The desert sun is beating down, the air is	N38_SUSTAINED_NEG_NATURAL	[38]	-2.870398759841919	SUSTAINED	13	1	464	The	[1.089438796043396]	[-1.780959963798523]
1	The desert sun is beating down, the air is	N38_SUSTAINED_NEG_NATURAL	[38]	-2.870398759841919	SUSTAINED	14	1	4252	 sun	[0.6919150352478027]	[-2.178483724594116]
1	The desert sun is beating down, the air is	N38_SUSTAINED_NEG_NATURAL	[38]	-2.870398759841919	SUSTAINED	15	1	318	 is	[0.5185132026672363]	[-2.3518855571746826]
2	The summer sun is fiery, the season is	CLEAN	[]	0.0	ONE_STEP	1	0	5814	 warm	[]	[]
2	The summer sun is fiery, the season is	CLEAN	[]	0.0	ONE_STEP	2	0	11	,	[]	[]
2	The summer sun is fiery, the season is	CLEAN	[]	0.0	ONE_STEP	3	0	290	 and	[]	[]
2	The summer sun is fiery, the season is	CLEAN	[]	0.0	ONE_STEP	4	0	262	 the	[]	[]
2	The summer sun is fiery, the season is	CLEAN	[]	0.0	ONE_STEP	5	0	4252	 sun	[]	[]
2	The summer sun is fiery, the season is	CLEAN	[]	0.0	ONE_STEP	6	0	318	 is	[]	[]
2	The summer sun is fiery, the season is	CLEAN	[]	0.0	ONE_STEP	7	0	22751	 shining	[]	[]
2	The summer sun is fiery, the season is	CLEAN	[]	0.0	ONE_STEP	8	0	13	.	[]	[]
2	The summer sun is fiery, the season is	CLEAN	[]	0.0	ONE_STEP	9	0	198	\n	[]	[]
2	The summer sun is fiery, the season is	CLEAN	[]	0.0	ONE_STEP	10	0	198	\n	[]	[]
2	The summer sun is fiery, the season is	CLEAN	[]	0.0	ONE_STEP	11	0	1537	But	[]	[]
2	The summer sun is fiery, the season is	CLEAN	[]	0.0	ONE_STEP	12	0	644	 what	[]	[]
2	The summer sun is fiery, the season is	CLEAN	[]	0.0	ONE_STEP	13	0	611	 if	[]	[]
2	The summer sun is fiery, the season is	CLEAN	[]	0.0	ONE_STEP	14	0	345	 you	[]	[]
2	The summer sun is fiery, the season is	CLEAN	[]	0.0	ONE_STEP	15	0	821	're	[]	[]
2	The summer sun is fiery, the season is	N38_ONE_STEP_NATURAL	[38]	2.870398759841919	ONE_STEP	1	1	5814	 warm	[0.2422841191291809]	[3.112682819366455]
2	The summer sun is fiery, the season is	N38_ONE_STEP_NATURAL	[38]	2.870398759841919	ONE_STEP	2	0	11	,	[0.9739428162574768]	[0.9739428162574768]
2	The summer sun is fiery, the season is	N38_ONE_STEP_NATURAL	[38]	2.870398759841919	ONE_STEP	3	0	290	 and	[1.2484393119812012]	[1.2484393119812012]
2	The summer sun is fiery, the season is	N38_ONE_STEP_NATURAL	[38]	2.870398759841919	ONE_STEP	4	0	262	 the	[1.5795142650604248]	[1.5795142650604248]
2	The summer sun is fiery, the season is	N38_ONE_STEP_NATURAL	[38]	2.870398759841919	ONE_STEP	5	0	4252	 sun	[1.269000768661499]	[1.269000768661499]
2	The summer sun is fiery, the season is	N38_ONE_STEP_NATURAL	[38]	2.870398759841919	ONE_STEP	6	0	318	 is	[0.6009577512741089]	[0.6009577512741089]
2	The summer sun is fiery, the season is	N38_ONE_STEP_NATURAL	[38]	2.870398759841919	ONE_STEP	7	0	22751	 shining	[0.08209364116191864]	[0.08209364116191864]
2	The summer sun is fiery, the season is	N38_ONE_STEP_NATURAL	[38]	2.870398759841919	ONE_STEP	8	0	13	.	[0.9572967886924744]	[0.9572967886924744]
2	The summer sun is fiery, the season is	N38_ONE_STEP_NATURAL	[38]	2.870398759841919	ONE_STEP	9	0	198	\n	[1.3990288972854614]	[1.3990288972854614]
2	The summer sun is fiery, the season is	N38_ONE_STEP_NATURAL	[38]	2.870398759841919	ONE_STEP	10	0	198	\n	[1.3053967952728271]	[1.3053967952728271]
2	The summer sun is fiery, the season is	N38_ONE_STEP_NATURAL	[38]	2.870398759841919	ONE_STEP	11	0	1537	But	[1.0212053060531616]	[1.0212053060531616]
2	The summer sun is fiery, the season is	N38_ONE_STEP_NATURAL	[38]	2.870398759841919	ONE_STEP	12	0	644	 what	[0.26768359541893005]	[0.26768359541893005]
2	The summer sun is fiery, the season is	N38_ONE_STEP_NATURAL	[38]	2.870398759841919	ONE_STEP	13	0	611	 if	[-0.1467103660106659]	[-0.1467103660106659]
2	The summer sun is fiery, the season is	N38_ONE_STEP_NATURAL	[38]	2.870398759841919	ONE_STEP	14	0	345	 you	[-0.11027617007493973]	[-0.11027617007493973]
2	The summer sun is fiery, the season is	N38_ONE_STEP_NATURAL	[38]	2.870398759841919	ONE_STEP	15	0	821	're	[-0.15059766173362732]	[-0.15059766173362732]
2	The summer sun is fiery, the season is	N38_SUSTAINED_NATURAL	[38]	2.870398759841919	SUSTAINED	1	1	5814	 warm	[0.2422841191291809]	[3.112682819366455]
2	The summer sun is fiery, the season is	N38_SUSTAINED_NATURAL	[38]	2.870398759841919	SUSTAINED	2	1	11	,	[0.9739428162574768]	[3.844341516494751]
2	The summer sun is fiery, the season is	N38_SUSTAINED_NATURAL	[38]	2.870398759841919	SUSTAINED	3	1	290	 and	[1.2484393119812012]	[4.118838310241699]
2	The summer sun is fiery, the season is	N38_SUSTAINED_NATURAL	[38]	2.870398759841919	SUSTAINED	4	1	262	 the	[1.5795142650604248]	[4.449913024902344]
2	The summer sun is fiery, the season is	N38_SUSTAINED_NATURAL	[38]	2.870398759841919	SUSTAINED	5	1	4252	 sun	[1.269000768661499]	[4.139399528503418]
2	The summer sun is fiery, the season is	N38_SUSTAINED_NATURAL	[38]	2.870398759841919	SUSTAINED	6	1	318	 is	[0.6009577512741089]	[3.4713563919067383]
2	The summer sun is fiery, the season is	N38_SUSTAINED_NATURAL	[38]	2.870398759841919	SUSTAINED	7	1	22751	 shining	[0.08209364116191864]	[2.9524924755096436]
2	The summer sun is fiery, the season is	N38_SUSTAINED_NATURAL	[38]	2.870398759841919	SUSTAINED	8	1	13	.	[0.9572967886924744]	[3.827695608139038]
2	The summer sun is fiery, the season is	N38_SUSTAINED_NATURAL	[38]	2.870398759841919	SUSTAINED	9	1	198	\n	[1.3990288972854614]	[4.26942777633667]
2	The summer sun is fiery, the season is	N38_SUSTAINED_NATURAL	[38]	2.870398759841919	SUSTAINED	10	1	198	\n	[1.3053967952728271]	[4.175795555114746]
2	The summer sun is fiery, the season is	N38_SUSTAINED_NATURAL	[38]	2.870398759841919	SUSTAINED	11	1	1537	But	[1.0212053060531616]	[3.891603946685791]
2	The summer sun is fiery, the season is	N38_SUSTAINED_NATURAL	[38]	2.870398759841919	SUSTAINED	12	1	262	 the	[0.26768359541893005]	[3.138082265853882]
2	The summer sun is fiery, the season is	N38_SUSTAINED_NATURAL	[38]	2.870398759841919	SUSTAINED	13	1	4252	 sun	[0.47355973720550537]	[3.3439583778381348]
2	The summer sun is fiery, the season is	N38_SUSTAINED_NATURAL	[38]	2.870398759841919	SUSTAINED	14	1	318	 is	[0.5198067426681519]	[3.3902053833007812]
2	The summer sun is fiery, the season is	N38_SUSTAINED_NATURAL	[38]	2.870398759841919	SUSTAINED	15	1	407	 not	[0.43830162286758423]	[3.3087003231048584]
2	The summer sun is fiery, the season is	TEAM_ONE_STEP_N38_CALIBRATED	[38, 1103, 2094]	2.870398759841919	ONE_STEP	1	1	4692	 cold	[0.2422841191291809, -0.01524394191801548, -0.11689141392707825]	[3.112682819366455, 2.8551547527313232, 2.753507375717163]
2	The summer sun is fiery, the season is	TEAM_ONE_STEP_N38_CALIBRATED	[38, 1103, 2094]	2.870398759841919	ONE_STEP	2	0	11	,	[1.3417799472808838, -0.1653067022562027, 1.439854383468628]	[1.3417799472808838, -0.1653067022562027, 1.439854383468628]
2	The summer sun is fiery, the season is	TEAM_ONE_STEP_N38_CALIBRATED	[38, 1103, 2094]	2.870398759841919	ONE_STEP	3	0	290	 and	[1.2223562002182007, -0.07385703176259995, -0.1366279423236847]	[1.2223562002182007, -0.07385703176259995, -0.1366279423236847]
2	The summer sun is fiery, the season is	TEAM_ONE_STEP_N38_CALIBRATED	[38, 1103, 2094]	2.870398759841919	ONE_STEP	4	0	262	 the	[1.4729793071746826, -0.167811319231987, -0.14806225895881653]	[1.4729793071746826, -0.167811319231987, -0.14806225895881653]
2	The summer sun is fiery, the season is	TEAM_ONE_STEP_N38_CALIBRATED	[38, 1103, 2094]	2.870398759841919	ONE_STEP	5	0	2344	 wind	[1.1569820642471313, -0.15345439314842224, -0.16920749843120575]	[1.1569820642471313, -0.15345439314842224, -0.16920749843120575]
2	The summer sun is fiery, the season is	TEAM_ONE_STEP_N38_CALIBRATED	[38, 1103, 2094]	2.870398759841919	ONE_STEP	6	0	318	 is	[1.423366665840149, -0.030259160324931145, -0.07018528878688812]	[1.423366665840149, -0.030259160324931145, -0.07018528878688812]
2	The summer sun is fiery, the season is	TEAM_ONE_STEP_N38_CALIBRATED	[38, 1103, 2094]	2.870398759841919	ONE_STEP	7	0	19280	 blowing	[0.23222960531711578, 0.06448493897914886, -0.14495302736759186]	[0.23222960531711578, 0.06448493897914886, -0.14495302736759186]
2	The summer sun is fiery, the season is	TEAM_ONE_STEP_N38_CALIBRATED	[38, 1103, 2094]	2.870398759841919	ONE_STEP	8	0	13	.	[1.4172821044921875, -0.1648104339838028, 0.05067475885152817]	[1.4172821044921875, -0.1648104339838028, 0.05067475885152817]
2	The summer sun is fiery, the season is	TEAM_ONE_STEP_N38_CALIBRATED	[38, 1103, 2094]	2.870398759841919	ONE_STEP	9	0	198	\n	[1.4432482719421387, -0.06310360133647919, -0.1546502262353897]	[1.4432482719421387, -0.06310360133647919, -0.1546502262353897]
2	The summer sun is fiery, the season is	TEAM_ONE_STEP_N38_CALIBRATED	[38, 1103, 2094]	2.870398759841919	ONE_STEP	10	0	198	\n	[1.2579187154769897, -0.13780812919139862, -0.08012794703245163]	[1.2579187154769897, -0.13780812919139862, -0.08012794703245163]
2	The summer sun is fiery, the season is	TEAM_ONE_STEP_N38_CALIBRATED	[38, 1103, 2094]	2.870398759841919	ONE_STEP	11	0	1537	But	[0.992745578289032, -0.1049816682934761, -0.11217605322599411]	[0.992745578289032, -0.1049816682934761, -0.11217605322599411]
2	The summer sun is fiery, the season is	TEAM_ONE_STEP_N38_CALIBRATED	[38, 1103, 2094]	2.870398759841919	ONE_STEP	12	0	262	 the	[0.19701436161994934, -0.1479482650756836, -0.12173016369342804]	[0.19701436161994934, -0.1479482650756836, -0.12173016369342804]
2	The summer sun is fiery, the season is	TEAM_ONE_STEP_N38_CALIBRATED	[38, 1103, 2094]	2.870398759841919	ONE_STEP	13	0	4252	 sun	[0.4282025992870331, -0.16930454969406128, -0.14881166815757751]	[0.4282025992870331, -0.16930454969406128, -0.14881166815757751]
2	The summer sun is fiery, the season is	TEAM_ONE_STEP_N38_CALIBRATED	[38, 1103, 2094]	2.870398759841919	ONE_STEP	14	0	318	 is	[0.6476890444755554, 0.7370758652687073, -0.008749245665967464]	[0.6476890444755554, 0.7370758652687073, -0.008749245665967464]
2	The summer sun is fiery, the season is	TEAM_ONE_STEP_N38_CALIBRATED	[38, 1103, 2094]	2.870398759841919	ONE_STEP	15	0	407	 not	[0.556004524230957, 0.30421262979507446, -0.07668627798557281]	[0.556004524230957, 0.30421262979507446, -0.07668627798557281]
2	The summer sun is fiery, the season is	TEAM_SUSTAINED_N38_CALIBRATED	[38, 1103, 2094]	2.870398759841919	SUSTAINED	1	1	4692	 cold	[0.2422841191291809, -0.01524394191801548, -0.11689141392707825]	[3.112682819366455, 2.8551547527313232, 2.753507375717163]
2	The summer sun is fiery, the season is	TEAM_SUSTAINED_N38_CALIBRATED	[38, 1103, 2094]	2.870398759841919	SUSTAINED	2	1	11	,	[1.3417799472808838, -0.1653067022562027, 1.439854383468628]	[4.212178707122803, 2.705091953277588, 4.310253143310547]
2	The summer sun is fiery, the season is	TEAM_SUSTAINED_N38_CALIBRATED	[38, 1103, 2094]	2.870398759841919	SUSTAINED	3	1	290	 and	[1.2223562002182007, -0.07385703176259995, -0.1366279423236847]	[4.09275484085083, 2.796541690826416, 2.7337708473205566]
2	The summer sun is fiery, the season is	TEAM_SUSTAINED_N38_CALIBRATED	[38, 1103, 2094]	2.870398759841919	SUSTAINED	4	1	262	 the	[1.4729793071746826, -0.167811319231987, -0.14806225895881653]	[4.343378067016602, 2.702587366104126, 2.722336530685425]
2	The summer sun is fiery, the season is	TEAM_SUSTAINED_N38_CALIBRATED	[38, 1103, 2094]	2.870398759841919	SUSTAINED	5	1	2344	 wind	[1.1569820642471313, -0.15345439314842224, -0.16920749843120575]	[4.02738094329834, 2.716944456100464, 2.7011911869049072]
2	The summer sun is fiery, the season is	TEAM_SUSTAINED_N38_CALIBRATED	[38, 1103, 2094]	2.870398759841919	SUSTAINED	6	1	318	 is	[1.423366665840149, -0.030259160324931145, -0.07018528878688812]	[4.293765544891357, 2.840139627456665, 2.800213575363159]
2	The summer sun is fiery, the season is	TEAM_SUSTAINED_N38_CALIBRATED	[38, 1103, 2094]	2.870398759841919	SUSTAINED	7	1	19280	 blowing	[0.23222960531711578, 0.06448493897914886, -0.14495302736759186]	[3.102628469467163, 2.9348835945129395, 2.7254457473754883]
2	The summer sun is fiery, the season is	TEAM_SUSTAINED_N38_CALIBRATED	[38, 1103, 2094]	2.870398759841919	SUSTAINED	8	1	13	.	[1.4172821044921875, -0.1648104339838028, 0.05067475885152817]	[4.287680625915527, 2.7055883407592773, 2.9210734367370605]
2	The summer sun is fiery, the season is	TEAM_SUSTAINED_N38_CALIBRATED	[38, 1103, 2094]	2.870398759841919	SUSTAINED	9	1	198	\n	[1.4432482719421387, -0.06310360133647919, -0.1546502262353897]	[4.313647270202637, 2.807295083999634, 2.7157485485076904]
2	The summer sun is fiery, the season is	TEAM_SUSTAINED_N38_CALIBRATED	[38, 1103, 2094]	2.870398759841919	SUSTAINED	10	1	198	\n	[1.2579187154769897, -0.13780812919139862, -0.08012794703245163]	[4.128317356109619, 2.732590675354004, 2.7902708053588867]
2	The summer sun is fiery, the season is	TEAM_SUSTAINED_N38_CALIBRATED	[38, 1103, 2094]	2.870398759841919	SUSTAINED	11	1	464	The	[0.992745578289032, -0.1049816682934761, -0.11217605322599411]	[3.8631443977355957, 2.7654170989990234, 2.758222818374634]
2	The summer sun is fiery, the season is	TEAM_SUSTAINED_N38_CALIBRATED	[38, 1103, 2094]	2.870398759841919	SUSTAINED	12	1	4252	 sun	[0.6700195670127869, -0.16959014534950256, -0.12950614094734192]	[3.5404183864593506, 2.700808525085449, 2.7408926486968994]
2	The summer sun is fiery, the season is	TEAM_SUSTAINED_N38_CALIBRATED	[38, 1103, 2094]	2.870398759841919	SUSTAINED	13	1	318	 is	[0.6874772906303406, 0.7576467990875244, -0.00662933150306344]	[3.5578761100769043, 3.6280455589294434, 2.86376953125]
2	The summer sun is fiery, the season is	TEAM_SUSTAINED_N38_CALIBRATED	[38, 1103, 2094]	2.870398759841919	SUSTAINED	14	1	22751	 shining	[0.5361238121986389, 0.3370688557624817, -0.08040554821491241]	[3.406522512435913, 3.207467555999756, 2.7899932861328125]
2	The summer sun is fiery, the season is	TEAM_SUSTAINED_N38_CALIBRATED	[38, 1103, 2094]	2.870398759841919	SUSTAINED	15	1	11	,	[1.242079734802246, -0.16678102314472198, 0.33120888471603394]	[4.112478256225586, 2.703617811203003, 3.2016077041625977]
2	The summer sun is fiery, the season is	N38_SUSTAINED_LEGACY_PLUS10	[38]	10.0	SUSTAINED	1	1	4692	 cold	[0.2422841191291809]	[10.242283821105957]
2	The summer sun is fiery, the season is	N38_SUSTAINED_LEGACY_PLUS10	[38]	10.0	SUSTAINED	2	1	11	,	[1.3417799472808838]	[11.341779708862305]
2	The summer sun is fiery, the season is	N38_SUSTAINED_LEGACY_PLUS10	[38]	10.0	SUSTAINED	3	1	290	 and	[1.2223562002182007]	[11.222355842590332]
2	The summer sun is fiery, the season is	N38_SUSTAINED_LEGACY_PLUS10	[38]	10.0	SUSTAINED	4	1	262	 the	[1.4729793071746826]	[11.472979545593262]
2	The summer sun is fiery, the season is	N38_SUSTAINED_LEGACY_PLUS10	[38]	10.0	SUSTAINED	5	1	2344	 wind	[1.1569820642471313]	[11.156982421875]
2	The summer sun is fiery, the season is	N38_SUSTAINED_LEGACY_PLUS10	[38]	10.0	SUSTAINED	6	1	318	 is	[1.423366665840149]	[11.42336654663086]
2	The summer sun is fiery, the season is	N38_SUSTAINED_LEGACY_PLUS10	[38]	10.0	SUSTAINED	7	1	19280	 blowing	[0.23222960531711578]	[10.232229232788086]
2	The summer sun is fiery, the season is	N38_SUSTAINED_LEGACY_PLUS10	[38]	10.0	SUSTAINED	8	1	13	.	[1.4172821044921875]	[11.417282104492188]
2	The summer sun is fiery, the season is	N38_SUSTAINED_LEGACY_PLUS10	[38]	10.0	SUSTAINED	9	1	198	\n	[1.4432482719421387]	[11.443248748779297]
2	The summer sun is fiery, the season is	N38_SUSTAINED_LEGACY_PLUS10	[38]	10.0	SUSTAINED	10	1	198	\n	[1.2579187154769897]	[11.257918357849121]
2	The summer sun is fiery, the season is	N38_SUSTAINED_LEGACY_PLUS10	[38]	10.0	SUSTAINED	11	1	464	The	[0.992745578289032]	[10.992745399475098]
2	The summer sun is fiery, the season is	N38_SUSTAINED_LEGACY_PLUS10	[38]	10.0	SUSTAINED	12	1	4252	 sun	[0.6700195670127869]	[10.670019149780273]
2	The summer sun is fiery, the season is	N38_SUSTAINED_LEGACY_PLUS10	[38]	10.0	SUSTAINED	13	1	318	 is	[0.6874772906303406]	[10.687477111816406]
2	The summer sun is fiery, the season is	N38_SUSTAINED_LEGACY_PLUS10	[38]	10.0	SUSTAINED	14	1	22751	 shining	[0.5361238121986389]	[10.536124229431152]
2	The summer sun is fiery, the season is	N38_SUSTAINED_LEGACY_PLUS10	[38]	10.0	SUSTAINED	15	1	319	 on	[1.242079734802246]	[11.242079734802246]
2	The summer sun is fiery, the season is	TEAM_SUSTAINED_LEGACY_PLUS10	[38, 1103, 2094]	10.0	SUSTAINED	1	1	4692	 cold	[0.2422841191291809, -0.01524394191801548, -0.11689141392707825]	[10.242283821105957, 9.984756469726562, 9.883108139038086]
2	The summer sun is fiery, the season is	TEAM_SUSTAINED_LEGACY_PLUS10	[38, 1103, 2094]	10.0	SUSTAINED	2	1	11	,	[1.3417799472808838, -0.1653067022562027, 1.439854383468628]	[11.341779708862305, 9.83469295501709, 11.439854621887207]
2	The summer sun is fiery, the season is	TEAM_SUSTAINED_LEGACY_PLUS10	[38, 1103, 2094]	10.0	SUSTAINED	3	1	290	 and	[1.2223562002182007, -0.07385703176259995, -0.1366279423236847]	[11.222355842590332, 9.926142692565918, 9.863371849060059]
2	The summer sun is fiery, the season is	TEAM_SUSTAINED_LEGACY_PLUS10	[38, 1103, 2094]	10.0	SUSTAINED	4	1	262	 the	[1.4729793071746826, -0.167811319231987, -0.14806225895881653]	[11.472979545593262, 9.832188606262207, 9.851937294006348]
2	The summer sun is fiery, the season is	TEAM_SUSTAINED_LEGACY_PLUS10	[38, 1103, 2094]	10.0	SUSTAINED	5	1	4252	 sun	[1.1569820642471313, -0.15345439314842224, -0.16920749843120575]	[11.156982421875, 9.846545219421387, 9.830792427062988]
2	The summer sun is fiery, the season is	TEAM_SUSTAINED_LEGACY_PLUS10	[38, 1103, 2094]	10.0	SUSTAINED	6	1	318	 is	[0.4584348499774933, 0.7456808686256409, -0.01744544878602028]	[10.45843505859375, 10.745680809020996, 9.98255443572998]
2	The summer sun is fiery, the season is	TEAM_SUSTAINED_LEGACY_PLUS10	[38, 1103, 2094]	10.0	SUSTAINED	7	1	22751	 shining	[0.04962736740708351, 0.11982152611017227, -0.10716579854488373]	[10.049627304077148, 10.119821548461914, 9.892834663391113]
2	The summer sun is fiery, the season is	TEAM_SUSTAINED_LEGACY_PLUS10	[38, 1103, 2094]	10.0	SUSTAINED	8	1	13	.	[0.916573703289032, -0.145338773727417, 0.3780551850795746]	[10.916573524475098, 9.854660987854004, 10.378055572509766]
2	The summer sun is fiery, the season is	TEAM_SUSTAINED_LEGACY_PLUS10	[38, 1103, 2094]	10.0	SUSTAINED	9	1	198	\n	[1.2799537181854248, -0.06717975437641144, -0.15897773206233978]	[11.279953956604004, 9.932820320129395, 9.841022491455078]
2	The summer sun is fiery, the season is	TEAM_SUSTAINED_LEGACY_PLUS10	[38, 1103, 2094]	10.0	SUSTAINED	10	1	198	\n	[1.1982190608978271, -0.14379586279392242, -0.07935743778944016]	[11.198219299316406, 9.85620403289795, 9.920642852783203]
2	The summer sun is fiery, the season is	TEAM_SUSTAINED_LEGACY_PLUS10	[38, 1103, 2094]	10.0	SUSTAINED	11	1	464	The	[0.9540091156959534, -0.10795028507709503, -0.11035727709531784]	[10.954009056091309, 9.892049789428711, 9.889642715454102]
2	The summer sun is fiery, the season is	TEAM_SUSTAINED_LEGACY_PLUS10	[38, 1103, 2094]	10.0	SUSTAINED	12	1	4252	 sun	[0.6197286248207092, -0.16978222131729126, -0.13276781141757965]	[10.619729042053223, 9.830217361450195, 9.867232322692871]
2	The summer sun is fiery, the season is	TEAM_SUSTAINED_LEGACY_PLUS10	[38, 1103, 2094]	10.0	SUSTAINED	13	1	318	 is	[0.5162531733512878, 0.8162685632705688, -0.009310854598879814]	[10.516253471374512, 10.816268920898438, 9.990689277648926]
2	The summer sun is fiery, the season is	TEAM_SUSTAINED_LEGACY_PLUS10	[38, 1103, 2094]	10.0	SUSTAINED	14	1	22751	 shining	[0.33164000511169434, 0.39133673906326294, -0.07194945216178894]	[10.331640243530273, 10.391336441040039, 9.928050994873047]
2	The summer sun is fiery, the season is	TEAM_SUSTAINED_LEGACY_PLUS10	[38, 1103, 2094]	10.0	SUSTAINED	15	1	319	 on	[1.1480116844177246, -0.16982747614383698, 0.08086791634559631]	[11.148012161254883, 9.830172538757324, 10.080867767333984]
2	The summer sun is fiery, the season is	N38_SUSTAINED_NEG_NATURAL	[38]	-2.870398759841919	SUSTAINED	1	1	5814	 warm	[0.2422841191291809]	[-2.628114700317383]
2	The summer sun is fiery, the season is	N38_SUSTAINED_NEG_NATURAL	[38]	-2.870398759841919	SUSTAINED	2	1	11	,	[0.9739428162574768]	[-1.896456003189087]
2	The summer sun is fiery, the season is	N38_SUSTAINED_NEG_NATURAL	[38]	-2.870398759841919	SUSTAINED	3	1	290	 and	[1.2484393119812012]	[-1.6219594478607178]
2	The summer sun is fiery, the season is	N38_SUSTAINED_NEG_NATURAL	[38]	-2.870398759841919	SUSTAINED	4	1	262	 the	[1.5795142650604248]	[-1.2908844947814941]
2	The summer sun is fiery, the season is	N38_SUSTAINED_NEG_NATURAL	[38]	-2.870398759841919	SUSTAINED	5	1	4252	 sun	[1.269000768661499]	[-1.60139799118042]
2	The summer sun is fiery, the season is	N38_SUSTAINED_NEG_NATURAL	[38]	-2.870398759841919	SUSTAINED	6	1	318	 is	[0.6009577512741089]	[-2.2694411277770996]
2	The summer sun is fiery, the season is	N38_SUSTAINED_NEG_NATURAL	[38]	-2.870398759841919	SUSTAINED	7	1	22751	 shining	[0.08209364116191864]	[-2.7883050441741943]
2	The summer sun is fiery, the season is	N38_SUSTAINED_NEG_NATURAL	[38]	-2.870398759841919	SUSTAINED	8	1	13	.	[0.9572967886924744]	[-1.9131019115447998]
2	The summer sun is fiery, the season is	N38_SUSTAINED_NEG_NATURAL	[38]	-2.870398759841919	SUSTAINED	9	1	198	\n	[1.3990288972854614]	[-1.4713698625564575]
2	The summer sun is fiery, the season is	N38_SUSTAINED_NEG_NATURAL	[38]	-2.870398759841919	SUSTAINED	10	1	198	\n	[1.3053967952728271]	[-1.5650019645690918]
2	The summer sun is fiery, the season is	N38_SUSTAINED_NEG_NATURAL	[38]	-2.870398759841919	SUSTAINED	11	1	1537	But	[1.0212053060531616]	[-1.8491934537887573]
2	The summer sun is fiery, the season is	N38_SUSTAINED_NEG_NATURAL	[38]	-2.870398759841919	SUSTAINED	12	1	644	 what	[0.26768359541893005]	[-2.602715253829956]
2	The summer sun is fiery, the season is	N38_SUSTAINED_NEG_NATURAL	[38]	-2.870398759841919	SUSTAINED	13	1	611	 if	[-0.1467103660106659]	[-3.0171091556549072]
2	The summer sun is fiery, the season is	N38_SUSTAINED_NEG_NATURAL	[38]	-2.870398759841919	SUSTAINED	14	1	345	 you	[-0.11027617007493973]	[-2.980674982070923]
2	The summer sun is fiery, the season is	N38_SUSTAINED_NEG_NATURAL	[38]	-2.870398759841919	SUSTAINED	15	1	821	're	[-0.15059766173362732]	[-3.020996332168579]
3	The fire in the hearth is roaring, the air is	CLEAN	[]	0.0	ONE_STEP	1	0	6546	 thick	[]	[]
3	The fire in the hearth is roaring, the air is	CLEAN	[]	0.0	ONE_STEP	2	0	351	 with	[]	[]
3	The fire in the hearth is roaring, the air is	CLEAN	[]	0.0	ONE_STEP	3	0	7523	 smoke	[]	[]
3	The fire in the hearth is roaring, the air is	CLEAN	[]	0.0	ONE_STEP	4	0	11	,	[]	[]
3	The fire in the hearth is roaring, the air is	CLEAN	[]	0.0	ONE_STEP	5	0	290	 and	[]	[]
3	The fire in the hearth is roaring, the air is	CLEAN	[]	0.0	ONE_STEP	6	0	262	 the	[]	[]
3	The fire in the hearth is roaring, the air is	CLEAN	[]	0.0	ONE_STEP	7	0	2344	 wind	[]	[]
3	The fire in the hearth is roaring, the air is	CLEAN	[]	0.0	ONE_STEP	8	0	318	 is	[]	[]
3	The fire in the hearth is roaring, the air is	CLEAN	[]	0.0	ONE_STEP	9	0	19280	 blowing	[]	[]
3	The fire in the hearth is roaring, the air is	CLEAN	[]	0.0	ONE_STEP	10	0	13	.	[]	[]
3	The fire in the hearth is roaring, the air is	CLEAN	[]	0.0	ONE_STEP	11	0	383	 The	[]	[]
3	The fire in the hearth is roaring, the air is	CLEAN	[]	0.0	ONE_STEP	12	0	2046	 fire	[]	[]
3	The fire in the hearth is roaring, the air is	CLEAN	[]	0.0	ONE_STEP	13	0	318	 is	[]	[]
3	The fire in the hearth is roaring, the air is	CLEAN	[]	0.0	ONE_STEP	14	0	9482	 burning	[]	[]
3	The fire in the hearth is roaring, the air is	CLEAN	[]	0.0	ONE_STEP	15	0	11	,	[]	[]
3	The fire in the hearth is roaring, the air is	N38_ONE_STEP_NATURAL	[38]	2.870398759841919	ONE_STEP	1	1	6546	 thick	[0.42762234807014465]	[3.298021078109741]
3	The fire in the hearth is roaring, the air is	N38_ONE_STEP_NATURAL	[38]	2.870398759841919	ONE_STEP	2	0	351	 with	[0.9381269812583923]	[0.9381269812583923]
3	The fire in the hearth is roaring, the air is	N38_ONE_STEP_NATURAL	[38]	2.870398759841919	ONE_STEP	3	0	7523	 smoke	[0.1559341549873352]	[0.1559341549873352]
3	The fire in the hearth is roaring, the air is	N38_ONE_STEP_NATURAL	[38]	2.870398759841919	ONE_STEP	4	0	11	,	[0.7688018083572388]	[0.7688018083572388]
3	The fire in the hearth is roaring, the air is	N38_ONE_STEP_NATURAL	[38]	2.870398759841919	ONE_STEP	5	0	290	 and	[1.3503836393356323]	[1.3503836393356323]
3	The fire in the hearth is roaring, the air is	N38_ONE_STEP_NATURAL	[38]	2.870398759841919	ONE_STEP	6	0	262	 the	[1.1222145557403564]	[1.1222145557403564]
3	The fire in the hearth is roaring, the air is	N38_ONE_STEP_NATURAL	[38]	2.870398759841919	ONE_STEP	7	0	2344	 wind	[1.1385815143585205]	[1.1385815143585205]
3	The fire in the hearth is roaring, the air is	N38_ONE_STEP_NATURAL	[38]	2.870398759841919	ONE_STEP	8	0	318	 is	[1.5697624683380127]	[1.5697624683380127]
3	The fire in the hearth is roaring, the air is	N38_ONE_STEP_NATURAL	[38]	2.870398759841919	ONE_STEP	9	0	19280	 blowing	[0.3834325969219208]	[0.3834325969219208]
3	The fire in the hearth is roaring, the air is	N38_ONE_STEP_NATURAL	[38]	2.870398759841919	ONE_STEP	10	0	13	.	[1.3615165948867798]	[1.3615165948867798]
3	The fire in the hearth is roaring, the air is	N38_ONE_STEP_NATURAL	[38]	2.870398759841919	ONE_STEP	11	0	383	 The	[1.4268994331359863]	[1.4268994331359863]
3	The fire in the hearth is roaring, the air is	N38_ONE_STEP_NATURAL	[38]	2.870398759841919	ONE_STEP	12	0	2046	 fire	[0.7024889588356018]	[0.7024889588356018]
3	The fire in the hearth is roaring, the air is	N38_ONE_STEP_NATURAL	[38]	2.870398759841919	ONE_STEP	13	0	318	 is	[0.2437952756881714]	[0.2437952756881714]
3	The fire in the hearth is roaring, the air is	N38_ONE_STEP_NATURAL	[38]	2.870398759841919	ONE_STEP	14	0	9482	 burning	[0.3104182779788971]	[0.3104182779788971]
3	The fire in the hearth is roaring, the air is	N38_ONE_STEP_NATURAL	[38]	2.870398759841919	ONE_STEP	15	0	11	,	[0.6669561862945557]	[0.6669561862945557]
3	The fire in the hearth is roaring, the air is	N38_SUSTAINED_NATURAL	[38]	2.870398759841919	SUSTAINED	1	1	6546	 thick	[0.42762234807014465]	[3.298021078109741]
3	The fire in the hearth is roaring, the air is	N38_SUSTAINED_NATURAL	[38]	2.870398759841919	SUSTAINED	2	1	351	 with	[0.9381269812583923]	[3.808525800704956]
3	The fire in the hearth is roaring, the air is	N38_SUSTAINED_NATURAL	[38]	2.870398759841919	SUSTAINED	3	1	7523	 smoke	[0.1559341549873352]	[3.0263328552246094]
3	The fire in the hearth is roaring, the air is	N38_SUSTAINED_NATURAL	[38]	2.870398759841919	SUSTAINED	4	1	11	,	[0.7688018083572388]	[3.6392006874084473]
3	The fire in the hearth is roaring, the air is	N38_SUSTAINED_NATURAL	[38]	2.870398759841919	SUSTAINED	5	1	290	 and	[1.3503836393356323]	[4.220782279968262]
3	The fire in the hearth is roaring, the air is	N38_SUSTAINED_NATURAL	[38]	2.870398759841919	SUSTAINED	6	1	262	 the	[1.1222145557403564]	[3.9926133155822754]
3	The fire in the hearth is roaring, the air is	N38_SUSTAINED_NATURAL	[38]	2.870398759841919	SUSTAINED	7	1	2344	 wind	[1.1385815143585205]	[4.0089802742004395]
3	The fire in the hearth is roaring, the air is	N38_SUSTAINED_NATURAL	[38]	2.870398759841919	SUSTAINED	8	1	318	 is	[1.5697624683380127]	[4.440161228179932]
3	The fire in the hearth is roaring, the air is	N38_SUSTAINED_NATURAL	[38]	2.870398759841919	SUSTAINED	9	1	19280	 blowing	[0.3834325969219208]	[3.253831386566162]
3	The fire in the hearth is roaring, the air is	N38_SUSTAINED_NATURAL	[38]	2.870398759841919	SUSTAINED	10	1	13	.	[1.3615165948867798]	[4.231915473937988]
3	The fire in the hearth is roaring, the air is	N38_SUSTAINED_NATURAL	[38]	2.870398759841919	SUSTAINED	11	1	383	 The	[1.4268994331359863]	[4.297298431396484]
3	The fire in the hearth is roaring, the air is	N38_SUSTAINED_NATURAL	[38]	2.870398759841919	SUSTAINED	12	1	2344	 wind	[0.7024889588356018]	[3.572887659072876]
3	The fire in the hearth is roaring, the air is	N38_SUSTAINED_NATURAL	[38]	2.870398759841919	SUSTAINED	13	1	318	 is	[0.8903974890708923]	[3.760796308517456]
3	The fire in the hearth is roaring, the air is	N38_SUSTAINED_NATURAL	[38]	2.870398759841919	SUSTAINED	14	1	19280	 blowing	[0.3896121084690094]	[3.2600109577178955]
3	The fire in the hearth is roaring, the air is	N38_SUSTAINED_NATURAL	[38]	2.870398759841919	SUSTAINED	15	1	11	,	[1.050380825996399]	[3.9207797050476074]
3	The fire in the hearth is roaring, the air is	TEAM_ONE_STEP_N38_CALIBRATED	[38, 1103, 2094]	2.870398759841919	ONE_STEP	1	1	6546	 thick	[0.42762234807014465, -0.01793878711760044, -0.1288682520389557]	[3.298021078109741, 2.8524599075317383, 2.741530418395996]
3	The fire in the hearth is roaring, the air is	TEAM_ONE_STEP_N38_CALIBRATED	[38, 1103, 2094]	2.870398759841919	ONE_STEP	2	0	351	 with	[0.9381269812583923, -0.036915089935064316, 2.016164541244507]	[0.9381269812583923, -0.036915089935064316, 2.016164541244507]
3	The fire in the hearth is roaring, the air is	TEAM_ONE_STEP_N38_CALIBRATED	[38, 1103, 2094]	2.870398759841919	ONE_STEP	3	0	7523	 smoke	[0.1559341549873352, -0.012848208658397198, 0.2895013391971588]	[0.1559341549873352, -0.012848208658397198, 0.2895013391971588]
3	The fire in the hearth is roaring, the air is	TEAM_ONE_STEP_N38_CALIBRATED	[38, 1103, 2094]	2.870398759841919	ONE_STEP	4	0	11	,	[0.7688018083572388, -0.119275763630867, -0.15509073436260223]	[0.7688018083572388, -0.119275763630867, -0.15509073436260223]
3	The fire in the hearth is roaring, the air is	TEAM_ONE_STEP_N38_CALIBRATED	[38, 1103, 2094]	2.870398759841919	ONE_STEP	5	0	290	 and	[1.3503836393356323, -0.047868482768535614, -0.14856761693954468]	[1.3503836393356323, -0.047868482768535614, -0.14856761693954468]
3	The fire in the hearth is roaring, the air is	TEAM_ONE_STEP_N38_CALIBRATED	[38, 1103, 2094]	2.870398759841919	ONE_STEP	6	0	262	 the	[1.1222145557403564, -0.11683830618858337, -0.1591637134552002]	[1.1222145557403564, -0.11683830618858337, -0.1591637134552002]
3	The fire in the hearth is roaring, the air is	TEAM_ONE_STEP_N38_CALIBRATED	[38, 1103, 2094]	2.870398759841919	ONE_STEP	7	0	2344	 wind	[1.1385815143585205, -0.10889293253421783, -0.16384081542491913]	[1.1385815143585205, -0.10889293253421783, -0.16384081542491913]
3	The fire in the hearth is roaring, the air is	TEAM_ONE_STEP_N38_CALIBRATED	[38, 1103, 2094]	2.870398759841919	ONE_STEP	8	0	318	 is	[1.5697624683380127, -0.12514729797840118, -0.07569600641727448]	[1.5697624683380127, -0.12514729797840118, -0.07569600641727448]
3	The fire in the hearth is roaring, the air is	TEAM_ONE_STEP_N38_CALIBRATED	[38, 1103, 2094]	2.870398759841919	ONE_STEP	9	0	19280	 blowing	[0.3834325969219208, 0.05522432178258896, -0.1422571837902069]	[0.3834325969219208, 0.05522432178258896, -0.1422571837902069]
3	The fire in the hearth is roaring, the air is	TEAM_ONE_STEP_N38_CALIBRATED	[38, 1103, 2094]	2.870398759841919	ONE_STEP	10	0	13	.	[1.3615165948867798, -0.13412822782993317, 0.09822908043861389]	[1.3615165948867798, -0.13412822782993317, 0.09822908043861389]
3	The fire in the hearth is roaring, the air is	TEAM_ONE_STEP_N38_CALIBRATED	[38, 1103, 2094]	2.870398759841919	ONE_STEP	11	0	383	 The	[1.4268994331359863, -0.040712542831897736, -0.07923350483179092]	[1.4268994331359863, -0.040712542831897736, -0.07923350483179092]
3	The fire in the hearth is roaring, the air is	TEAM_ONE_STEP_N38_CALIBRATED	[38, 1103, 2094]	2.870398759841919	ONE_STEP	12	0	2046	 fire	[0.7024889588356018, -0.16275937855243683, -0.1691369265317917]	[0.7024889588356018, -0.16275937855243683, -0.1691369265317917]
3	The fire in the hearth is roaring, the air is	TEAM_ONE_STEP_N38_CALIBRATED	[38, 1103, 2094]	2.870398759841919	ONE_STEP	13	0	318	 is	[0.2437952756881714, -0.16663582623004913, -0.026824496686458588]	[0.2437952756881714, -0.16663582623004913, -0.026824496686458588]
3	The fire in the hearth is roaring, the air is	TEAM_ONE_STEP_N38_CALIBRATED	[38, 1103, 2094]	2.870398759841919	ONE_STEP	14	0	9482	 burning	[0.3104182779788971, 0.35542717576026917, -0.07759828120470047]	[0.3104182779788971, 0.35542717576026917, -0.07759828120470047]
3	The fire in the hearth is roaring, the air is	TEAM_ONE_STEP_N38_CALIBRATED	[38, 1103, 2094]	2.870398759841919	ONE_STEP	15	0	11	,	[0.6669561862945557, -0.17002134025096893, 0.12716837227344513]	[0.6669561862945557, -0.17002134025096893, 0.12716837227344513]
3	The fire in the hearth is roaring, the air is	TEAM_SUSTAINED_N38_CALIBRATED	[38, 1103, 2094]	2.870398759841919	SUSTAINED	1	1	6546	 thick	[0.42762234807014465, -0.01793878711760044, -0.1288682520389557]	[3.298021078109741, 2.8524599075317383, 2.741530418395996]
3	The fire in the hearth is roaring, the air is	TEAM_SUSTAINED_N38_CALIBRATED	[38, 1103, 2094]	2.870398759841919	SUSTAINED	2	1	351	 with	[0.9381269812583923, -0.036915089935064316, 2.016164541244507]	[3.808525800704956, 2.8334836959838867, 4.886563301086426]
3	The fire in the hearth is roaring, the air is	TEAM_SUSTAINED_N38_CALIBRATED	[38, 1103, 2094]	2.870398759841919	SUSTAINED	3	1	7523	 smoke	[0.1559341549873352, -0.012848208658397198, 0.2895013391971588]	[3.0263328552246094, 2.857550621032715, 3.159900188446045]
3	The fire in the hearth is roaring, the air is	TEAM_SUSTAINED_N38_CALIBRATED	[38, 1103, 2094]	2.870398759841919	SUSTAINED	4	1	11	,	[0.7688018083572388, -0.119275763630867, -0.15509073436260223]	[3.6392006874084473, 2.7511229515075684, 2.7153079509735107]
3	The fire in the hearth is roaring, the air is	TEAM_SUSTAINED_N38_CALIBRATED	[38, 1103, 2094]	2.870398759841919	SUSTAINED	5	1	290	 and	[1.3503836393356323, -0.047868482768535614, -0.14856761693954468]	[4.220782279968262, 2.8225302696228027, 2.7218310832977295]
3	The fire in the hearth is roaring, the air is	TEAM_SUSTAINED_N38_CALIBRATED	[38, 1103, 2094]	2.870398759841919	SUSTAINED	6	1	262	 the	[1.1222145557403564, -0.11683830618858337, -0.1591637134552002]	[3.9926133155822754, 2.7535605430603027, 2.7112350463867188]
3	The fire in the hearth is roaring, the air is	TEAM_SUSTAINED_N38_CALIBRATED	[38, 1103, 2094]	2.870398759841919	SUSTAINED	7	1	2344	 wind	[1.1385815143585205, -0.10889293253421783, -0.16384081542491913]	[4.0089802742004395, 2.7615058422088623, 2.7065579891204834]
3	The fire in the hearth is roaring, the air is	TEAM_SUSTAINED_N38_CALIBRATED	[38, 1103, 2094]	2.870398759841919	SUSTAINED	8	1	318	 is	[1.5697624683380127, -0.12514729797840118, -0.07569600641727448]	[4.440161228179932, 2.745251417160034, 2.7947027683258057]
3	The fire in the hearth is roaring, the air is	TEAM_SUSTAINED_N38_CALIBRATED	[38, 1103, 2094]	2.870398759841919	SUSTAINED	9	1	19280	 blowing	[0.3834325969219208, 0.05522432178258896, -0.1422571837902069]	[3.253831386566162, 2.9256231784820557, 2.7281415462493896]
3	The fire in the hearth is roaring, the air is	TEAM_SUSTAINED_N38_CALIBRATED	[38, 1103, 2094]	2.870398759841919	SUSTAINED	10	1	13	.	[1.3615165948867798, -0.13412822782993317, 0.09822908043861389]	[4.231915473937988, 2.7362704277038574, 2.9686279296875]
3	The fire in the hearth is roaring, the air is	TEAM_SUSTAINED_N38_CALIBRATED	[38, 1103, 2094]	2.870398759841919	SUSTAINED	11	1	198	\n	[1.4268994331359863, -0.040712542831897736, -0.07923350483179092]	[4.297298431396484, 2.829686164855957, 2.791165351867676]
3	The fire in the hearth is roaring, the air is	TEAM_SUSTAINED_N38_CALIBRATED	[38, 1103, 2094]	2.870398759841919	SUSTAINED	12	1	198	\n	[1.3014426231384277, -0.11824056506156921, 0.16991999745368958]	[4.171841621398926, 2.7521581649780273, 3.040318727493286]
3	The fire in the hearth is roaring, the air is	TEAM_SUSTAINED_N38_CALIBRATED	[38, 1103, 2094]	2.870398759841919	SUSTAINED	13	1	464	The	[0.8867422938346863, -0.07252819091081619, -0.16600248217582703]	[3.75714111328125, 2.797870635986328, 2.7043962478637695]
3	The fire in the hearth is roaring, the air is	TEAM_SUSTAINED_N38_CALIBRATED	[38, 1103, 2094]	2.870398759841919	SUSTAINED	14	1	2046	 fire	[0.6183330416679382, -0.16460582613945007, -0.1548849195241928]	[3.488731861114502, 2.7057929039001465, 2.7155139446258545]
3	The fire in the hearth is roaring, the air is	TEAM_SUSTAINED_N38_CALIBRATED	[38, 1103, 2094]	2.870398759841919	SUSTAINED	15	1	318	 is	[0.21489624679088593, -0.16872720420360565, -0.026633869856595993]	[3.0852949619293213, 2.701671600341797, 2.8437647819519043]
3	The fire in the hearth is roaring, the air is	N38_SUSTAINED_LEGACY_PLUS10	[38]	10.0	SUSTAINED	1	1	6546	 thick	[0.42762234807014465]	[10.42762279510498]
3	The fire in the hearth is roaring, the air is	N38_SUSTAINED_LEGACY_PLUS10	[38]	10.0	SUSTAINED	2	1	351	 with	[0.9381269812583923]	[10.938126564025879]
3	The fire in the hearth is roaring, the air is	N38_SUSTAINED_LEGACY_PLUS10	[38]	10.0	SUSTAINED	3	1	7523	 smoke	[0.1559341549873352]	[10.15593433380127]
3	The fire in the hearth is roaring, the air is	N38_SUSTAINED_LEGACY_PLUS10	[38]	10.0	SUSTAINED	4	1	11	,	[0.7688018083572388]	[10.76880168914795]
3	The fire in the hearth is roaring, the air is	N38_SUSTAINED_LEGACY_PLUS10	[38]	10.0	SUSTAINED	5	1	290	 and	[1.3503836393356323]	[11.350383758544922]
3	The fire in the hearth is roaring, the air is	N38_SUSTAINED_LEGACY_PLUS10	[38]	10.0	SUSTAINED	6	1	262	 the	[1.1222145557403564]	[11.122214317321777]
3	The fire in the hearth is roaring, the air is	N38_SUSTAINED_LEGACY_PLUS10	[38]	10.0	SUSTAINED	7	1	2344	 wind	[1.1385815143585205]	[11.138581275939941]
3	The fire in the hearth is roaring, the air is	N38_SUSTAINED_LEGACY_PLUS10	[38]	10.0	SUSTAINED	8	1	318	 is	[1.5697624683380127]	[11.569762229919434]
3	The fire in the hearth is roaring, the air is	N38_SUSTAINED_LEGACY_PLUS10	[38]	10.0	SUSTAINED	9	1	19280	 blowing	[0.3834325969219208]	[10.383432388305664]
3	The fire in the hearth is roaring, the air is	N38_SUSTAINED_LEGACY_PLUS10	[38]	10.0	SUSTAINED	10	1	13	.	[1.3615165948867798]	[11.361516952514648]
3	The fire in the hearth is roaring, the air is	N38_SUSTAINED_LEGACY_PLUS10	[38]	10.0	SUSTAINED	11	1	198	\n	[1.4268994331359863]	[11.426898956298828]
3	The fire in the hearth is roaring, the air is	N38_SUSTAINED_LEGACY_PLUS10	[38]	10.0	SUSTAINED	12	1	198	\n	[1.3014426231384277]	[11.301443099975586]
3	The fire in the hearth is roaring, the air is	N38_SUSTAINED_LEGACY_PLUS10	[38]	10.0	SUSTAINED	13	1	464	The	[0.8867422938346863]	[10.88674259185791]
3	The fire in the hearth is roaring, the air is	N38_SUSTAINED_LEGACY_PLUS10	[38]	10.0	SUSTAINED	14	1	2128	 sound	[0.6183330416679382]	[10.618332862854004]
3	The fire in the hearth is roaring, the air is	N38_SUSTAINED_LEGACY_PLUS10	[38]	10.0	SUSTAINED	15	1	286	 of	[1.4448480606079102]	[11.44484806060791]
3	The fire in the hearth is roaring, the air is	TEAM_SUSTAINED_LEGACY_PLUS10	[38, 1103, 2094]	10.0	SUSTAINED	1	1	6546	 thick	[0.42762234807014465, -0.01793878711760044, -0.1288682520389557]	[10.42762279510498, 9.982061386108398, 9.871131896972656]
3	The fire in the hearth is roaring, the air is	TEAM_SUSTAINED_LEGACY_PLUS10	[38, 1103, 2094]	10.0	SUSTAINED	2	1	351	 with	[0.9381269812583923, -0.036915089935064316, 2.016164541244507]	[10.938126564025879, 9.963085174560547, 12.016164779663086]
3	The fire in the hearth is roaring, the air is	TEAM_SUSTAINED_LEGACY_PLUS10	[38, 1103, 2094]	10.0	SUSTAINED	3	1	7523	 smoke	[0.1559341549873352, -0.012848208658397198, 0.2895013391971588]	[10.15593433380127, 9.987152099609375, 10.289501190185547]
3	The fire in the hearth is roaring, the air is	TEAM_SUSTAINED_LEGACY_PLUS10	[38, 1103, 2094]	10.0	SUSTAINED	4	1	11	,	[0.7688018083572388, -0.119275763630867, -0.15509073436260223]	[10.76880168914795, 9.88072395324707, 9.84490966796875]
3	The fire in the hearth is roaring, the air is	TEAM_SUSTAINED_LEGACY_PLUS10	[38, 1103, 2094]	10.0	SUSTAINED	5	1	290	 and	[1.3503836393356323, -0.047868482768535614, -0.14856761693954468]	[11.350383758544922, 9.952131271362305, 9.851432800292969]
3	The fire in the hearth is roaring, the air is	TEAM_SUSTAINED_LEGACY_PLUS10	[38, 1103, 2094]	10.0	SUSTAINED	6	1	262	 the	[1.1222145557403564, -0.11683830618858337, -0.1591637134552002]	[11.122214317321777, 9.883161544799805, 9.840836524963379]
3	The fire in the hearth is roaring, the air is	TEAM_SUSTAINED_LEGACY_PLUS10	[38, 1103, 2094]	10.0	SUSTAINED	7	1	2128	 sound	[1.1385815143585205, -0.10889293253421783, -0.16384081542491913]	[11.138581275939941, 9.891106605529785, 9.836158752441406]
3	The fire in the hearth is roaring, the air is	TEAM_SUSTAINED_LEGACY_PLUS10	[38, 1103, 2094]	10.0	SUSTAINED	8	1	286	 of	[1.5657802820205688, -0.12435618788003922, -0.045013025403022766]	[11.565780639648438, 9.875643730163574, 9.954986572265625]
3	The fire in the hearth is roaring, the air is	TEAM_SUSTAINED_LEGACY_PLUS10	[38, 1103, 2094]	10.0	SUSTAINED	9	1	262	 the	[2.0485286712646484, -0.12354189157485962, -0.09899608790874481]	[12.048528671264648, 9.876458168029785, 9.90100383758545]
3	The fire in the hearth is roaring, the air is	TEAM_SUSTAINED_LEGACY_PLUS10	[38, 1103, 2094]	10.0	SUSTAINED	10	1	2344	 wind	[1.814194679260254, -0.14135126769542694, -0.1674024611711502]	[11.814194679260254, 9.858648300170898, 9.832597732543945]
3	The fire in the hearth is roaring, the air is	TEAM_SUSTAINED_LEGACY_PLUS10	[38, 1103, 2094]	10.0	SUSTAINED	11	1	318	 is	[1.7418299913406372, -0.1603318601846695, -0.07892042398452759]	[11.741829872131348, 9.839668273925781, 9.921079635620117]
3	The fire in the hearth is roaring, the air is	TEAM_SUSTAINED_LEGACY_PLUS10	[38, 1103, 2094]	10.0	SUSTAINED	12	1	4334	 heavy	[0.37977924942970276, -0.16970962285995483, -0.12479909509420395]	[10.379778861999512, 9.830290794372559, 9.875201225280762]
3	The fire in the hearth is roaring, the air is	TEAM_SUSTAINED_LEGACY_PLUS10	[38, 1103, 2094]	10.0	SUSTAINED	13	1	13	.	[1.403927206993103, -0.015724457800388336, 1.804370403289795]	[11.403926849365234, 9.984275817871094, 11.804370880126953]
3	The fire in the hearth is roaring, the air is	TEAM_SUSTAINED_LEGACY_PLUS10	[38, 1103, 2094]	10.0	SUSTAINED	14	1	198	\n	[1.4086854457855225, -0.02032572776079178, -0.07566460222005844]	[11.408685684204102, 9.979674339294434, 9.924335479736328]
3	The fire in the hearth is roaring, the air is	TEAM_SUSTAINED_LEGACY_PLUS10	[38, 1103, 2094]	10.0	SUSTAINED	15	1	198	\n	[1.2925758361816406, -0.11921805143356323, 0.16583383083343506]	[11.29257583618164, 9.880782127380371, 10.165833473205566]
3	The fire in the hearth is roaring, the air is	N38_SUSTAINED_NEG_NATURAL	[38]	-2.870398759841919	SUSTAINED	1	1	5901	 filled	[0.42762234807014465]	[-2.4427764415740967]
3	The fire in the hearth is roaring, the air is	N38_SUSTAINED_NEG_NATURAL	[38]	-2.870398759841919	SUSTAINED	2	1	351	 with	[0.4291476011276245]	[-2.441251277923584]
3	The fire in the hearth is roaring, the air is	N38_SUSTAINED_NEG_NATURAL	[38]	-2.870398759841919	SUSTAINED	3	1	7523	 smoke	[-0.09995053708553314]	[-2.9703493118286133]
3	The fire in the hearth is roaring, the air is	N38_SUSTAINED_NEG_NATURAL	[38]	-2.870398759841919	SUSTAINED	4	1	11	,	[0.47337350249290466]	[-2.3970253467559814]
3	The fire in the hearth is roaring, the air is	N38_SUSTAINED_NEG_NATURAL	[38]	-2.870398759841919	SUSTAINED	5	1	290	 and	[1.032679796218872]	[-1.8377189636230469]
3	The fire in the hearth is roaring, the air is	N38_SUSTAINED_NEG_NATURAL	[38]	-2.870398759841919	SUSTAINED	6	1	262	 the	[0.9261072278022766]	[-1.944291591644287]
3	The fire in the hearth is roaring, the air is	N38_SUSTAINED_NEG_NATURAL	[38]	-2.870398759841919	SUSTAINED	7	1	2128	 sound	[1.1200556755065918]	[-1.7503430843353271]
3	The fire in the hearth is roaring, the air is	N38_SUSTAINED_NEG_NATURAL	[38]	-2.870398759841919	SUSTAINED	8	1	286	 of	[1.4887720346450806]	[-1.3816267251968384]
3	The fire in the hearth is roaring, the air is	N38_SUSTAINED_NEG_NATURAL	[38]	-2.870398759841919	SUSTAINED	9	1	262	 the	[2.0264270305633545]	[-0.8439717292785645]
3	The fire in the hearth is roaring, the air is	N38_SUSTAINED_NEG_NATURAL	[38]	-2.870398759841919	SUSTAINED	10	1	2046	 fire	[1.824033260345459]	[-1.04636549949646]
3	The fire in the hearth is roaring, the air is	N38_SUSTAINED_NEG_NATURAL	[38]	-2.870398759841919	SUSTAINED	11	1	318	 is	[0.7994780540466309]	[-2.070920705795288]
3	The fire in the hearth is roaring, the air is	N38_SUSTAINED_NEG_NATURAL	[38]	-2.870398759841919	SUSTAINED	12	1	2982	 heard	[0.1480841189622879]	[-2.7223145961761475]
3	The fire in the hearth is roaring, the air is	N38_SUSTAINED_NEG_NATURAL	[38]	-2.870398759841919	SUSTAINED	13	1	422	 from	[0.624508261680603]	[-2.2458906173706055]
3	The fire in the hearth is roaring, the air is	N38_SUSTAINED_NEG_NATURAL	[38]	-2.870398759841919	SUSTAINED	14	1	477	 all	[0.2756696939468384]	[-2.594728946685791]
3	The fire in the hearth is roaring, the air is	N38_SUSTAINED_NEG_NATURAL	[38]	-2.870398759841919	SUSTAINED	15	1	11678	 directions	[-0.15268121659755707]	[-3.0230798721313477]
4	The fever was raging, and her skin felt	CLEAN	[]	0.0	ONE_STEP	1	0	588	 like	[]	[]
4	The fever was raging, and her skin felt	CLEAN	[]	0.0	ONE_STEP	2	0	340	 it	[]	[]
4	The fever was raging, and her skin felt	CLEAN	[]	0.0	ONE_STEP	3	0	373	 was	[]	[]
4	The fever was raging, and her skin felt	CLEAN	[]	0.0	ONE_STEP	4	0	1016	 going	[]	[]
4	The fever was raging, and her skin felt	CLEAN	[]	0.0	ONE_STEP	5	0	284	 to	[]	[]
4	The fever was raging, and her skin felt	CLEAN	[]	0.0	ONE_STEP	6	0	11173	 burst	[]	[]
4	The fever was raging, and her skin felt	CLEAN	[]	0.0	ONE_STEP	7	0	13	.	[]	[]
4	The fever was raging, and her skin felt	CLEAN	[]	0.0	ONE_STEP	8	0	198	\n	[]	[]
4	The fever was raging, and her skin felt	CLEAN	[]	0.0	ONE_STEP	9	0	198	\n	[]	[]
4	The fever was raging, and her skin felt	CLEAN	[]	0.0	ONE_STEP	10	0	1	"	[]	[]
4	The fever was raging, and her skin felt	CLEAN	[]	0.0	ONE_STEP	11	0	40	I	[]	[]
4	The fever was raging, and her skin felt	CLEAN	[]	0.0	ONE_STEP	12	0	1101	'm	[]	[]
4	The fever was raging, and her skin felt	CLEAN	[]	0.0	ONE_STEP	13	0	7926	 sorry	[]	[]
4	The fever was raging, and her skin felt	CLEAN	[]	0.0	ONE_STEP	14	0	11	,	[]	[]
4	The fever was raging, and her skin felt	CLEAN	[]	0.0	ONE_STEP	15	0	314	 I	[]	[]
4	The fever was raging, and her skin felt	N38_ONE_STEP_NATURAL	[38]	2.870398759841919	ONE_STEP	1	1	588	 like	[0.5361459255218506]	[3.4065446853637695]
4	The fever was raging, and her skin felt	N38_ONE_STEP_NATURAL	[38]	2.870398759841919	ONE_STEP	2	0	340	 it	[0.9922648072242737]	[0.9922648072242737]
4	The fever was raging, and her skin felt	N38_ONE_STEP_NATURAL	[38]	2.870398759841919	ONE_STEP	3	0	373	 was	[-0.011687485501170158]	[-0.011687485501170158]
4	The fever was raging, and her skin felt	N38_ONE_STEP_NATURAL	[38]	2.870398759841919	ONE_STEP	4	0	1016	 going	[-0.10238401591777802]	[-0.10238401591777802]
4	The fever was raging, and her skin felt	N38_ONE_STEP_NATURAL	[38]	2.870398759841919	ONE_STEP	5	0	284	 to	[0.05259823054075241]	[0.05259823054075241]
4	The fever was raging, and her skin felt	N38_ONE_STEP_NATURAL	[38]	2.870398759841919	ONE_STEP	6	0	11173	 burst	[-0.16416782140731812]	[-0.16416782140731812]
4	The fever was raging, and her skin felt	N38_ONE_STEP_NATURAL	[38]	2.870398759841919	ONE_STEP	7	0	13	.	[0.025383982807397842]	[0.025383982807397842]
4	The fever was raging, and her skin felt	N38_ONE_STEP_NATURAL	[38]	2.870398759841919	ONE_STEP	8	0	198	\n	[0.6275918483734131]	[0.6275918483734131]
4	The fever was raging, and her skin felt	N38_ONE_STEP_NATURAL	[38]	2.870398759841919	ONE_STEP	9	0	198	\n	[1.1146612167358398]	[1.1146612167358398]
4	The fever was raging, and her skin felt	N38_ONE_STEP_NATURAL	[38]	2.870398759841919	ONE_STEP	10	0	1	"	[0.7201465964317322]	[0.7201465964317322]
4	The fever was raging, and her skin felt	N38_ONE_STEP_NATURAL	[38]	2.870398759841919	ONE_STEP	11	0	40	I	[-0.01590682938694954]	[-0.01590682938694954]
4	The fever was raging, and her skin felt	N38_ONE_STEP_NATURAL	[38]	2.870398759841919	ONE_STEP	12	0	1101	'm	[-0.14943858981132507]	[-0.14943858981132507]
4	The fever was raging, and her skin felt	N38_ONE_STEP_NATURAL	[38]	2.870398759841919	ONE_STEP	13	0	7926	 sorry	[-0.15405847132205963]	[-0.15405847132205963]
4	The fever was raging, and her skin felt	N38_ONE_STEP_NATURAL	[38]	2.870398759841919	ONE_STEP	14	0	11	,	[-0.0976797565817833]	[-0.0976797565817833]
4	The fever was raging, and her skin felt	N38_ONE_STEP_NATURAL	[38]	2.870398759841919	ONE_STEP	15	0	314	 I	[-0.16843408346176147]	[-0.16843408346176147]
4	The fever was raging, and her skin felt	N38_SUSTAINED_NATURAL	[38]	2.870398759841919	SUSTAINED	1	1	588	 like	[0.5361459255218506]	[3.4065446853637695]
4	The fever was raging, and her skin felt	N38_SUSTAINED_NATURAL	[38]	2.870398759841919	SUSTAINED	2	1	340	 it	[0.9922648072242737]	[3.862663507461548]
4	The fever was raging, and her skin felt	N38_SUSTAINED_NATURAL	[38]	2.870398759841919	SUSTAINED	3	1	373	 was	[-0.011687485501170158]	[2.8587112426757812]
4	The fever was raging, and her skin felt	N38_SUSTAINED_NATURAL	[38]	2.870398759841919	SUSTAINED	4	1	1016	 going	[-0.10238401591777802]	[2.768014669418335]
4	The fever was raging, and her skin felt	N38_SUSTAINED_NATURAL	[38]	2.870398759841919	SUSTAINED	5	1	284	 to	[0.05259823054075241]	[2.922996997833252]
4	The fever was raging, and her skin felt	N38_SUSTAINED_NATURAL	[38]	2.870398759841919	SUSTAINED	6	1	11173	 burst	[-0.16416782140731812]	[2.706230878829956]
4	The fever was raging, and her skin felt	N38_SUSTAINED_NATURAL	[38]	2.870398759841919	SUSTAINED	7	1	13	.	[0.025383982807397842]	[2.895782709121704]
4	The fever was raging, and her skin felt	N38_SUSTAINED_NATURAL	[38]	2.870398759841919	SUSTAINED	8	1	198	\n	[0.6275918483734131]	[3.497990608215332]
4	The fever was raging, and her skin felt	N38_SUSTAINED_NATURAL	[38]	2.870398759841919	SUSTAINED	9	1	198	\n	[1.1146612167358398]	[3.985059976577759]
4	The fever was raging, and her skin felt	N38_SUSTAINED_NATURAL	[38]	2.870398759841919	SUSTAINED	10	1	1	"	[0.7201465964317322]	[3.590545415878296]
4	The fever was raging, and her skin felt	N38_SUSTAINED_NATURAL	[38]	2.870398759841919	SUSTAINED	11	1	40	I	[-0.01590682938694954]	[2.854491949081421]
4	The fever was raging, and her skin felt	N38_SUSTAINED_NATURAL	[38]	2.870398759841919	SUSTAINED	12	1	1101	'm	[-0.14943858981132507]	[2.7209601402282715]
4	The fever was raging, and her skin felt	N38_SUSTAINED_NATURAL	[38]	2.870398759841919	SUSTAINED	13	1	1016	 going	[-0.15405847132205963]	[2.7163403034210205]
4	The fever was raging, and her skin felt	N38_SUSTAINED_NATURAL	[38]	2.870398759841919	SUSTAINED	14	1	284	 to	[-0.14519648253917694]	[2.7252023220062256]
4	The fever was raging, and her skin felt	N38_SUSTAINED_NATURAL	[38]	2.870398759841919	SUSTAINED	15	1	4656	 die	[-0.04985508695244789]	[2.8205437660217285]
4	The fever was raging, and her skin felt	TEAM_ONE_STEP_N38_CALIBRATED	[38, 1103, 2094]	2.870398759841919	ONE_STEP	1	1	588	 like	[0.5361459255218506, -0.13775086402893066, -0.16971448063850403]	[3.4065446853637695, 2.7326478958129883, 2.7006843090057373]
4	The fever was raging, and her skin felt	TEAM_ONE_STEP_N38_CALIBRATED	[38, 1103, 2094]	2.870398759841919	ONE_STEP	2	0	340	 it	[0.9922648072242737, -0.07464639097452164, -0.15900251269340515]	[0.9922648072242737, -0.07464639097452164, -0.15900251269340515]
4	The fever was raging, and her skin felt	TEAM_ONE_STEP_N38_CALIBRATED	[38, 1103, 2094]	2.870398759841919	ONE_STEP	3	0	373	 was	[-0.011687485501170158, 0.8707046508789062, -0.1417032778263092]	[-0.011687485501170158, 0.8707046508789062, -0.1417032778263092]
4	The fever was raging, and her skin felt	TEAM_ONE_STEP_N38_CALIBRATED	[38, 1103, 2094]	2.870398759841919	ONE_STEP	4	0	1016	 going	[-0.10238401591777802, 0.4207433760166168, -0.14645400643348694]	[-0.10238401591777802, 0.4207433760166168, -0.14645400643348694]
4	The fever was raging, and her skin felt	TEAM_ONE_STEP_N38_CALIBRATED	[38, 1103, 2094]	2.870398759841919	ONE_STEP	5	0	284	 to	[0.05259823054075241, -0.09463629126548767, -0.10436807572841644]	[0.05259823054075241, -0.09463629126548767, -0.10436807572841644]
4	The fever was raging, and her skin felt	TEAM_ONE_STEP_N38_CALIBRATED	[38, 1103, 2094]	2.870398759841919	ONE_STEP	6	0	11173	 burst	[-0.16416782140731812, 0.17090560495853424, -0.12239320576190948]	[-0.16416782140731812, 0.17090560495853424, -0.12239320576190948]
4	The fever was raging, and her skin felt	TEAM_ONE_STEP_N38_CALIBRATED	[38, 1103, 2094]	2.870398759841919	ONE_STEP	7	0	13	.	[0.025383982807397842, -0.07512214779853821, -0.01185433380305767]	[0.025383982807397842, -0.07512214779853821, -0.01185433380305767]
4	The fever was raging, and her skin felt	TEAM_ONE_STEP_N38_CALIBRATED	[38, 1103, 2094]	2.870398759841919	ONE_STEP	8	0	198	\n	[0.6275918483734131, -0.028785672038793564, -0.07573289424180984]	[0.6275918483734131, -0.028785672038793564, -0.07573289424180984]
4	The fever was raging, and her skin felt	TEAM_ONE_STEP_N38_CALIBRATED	[38, 1103, 2094]	2.870398759841919	ONE_STEP	9	0	198	\n	[1.1146612167358398, -0.1331906020641327, 0.17352446913719177]	[1.1146612167358398, -0.1331906020641327, 0.17352446913719177]
4	The fever was raging, and her skin felt	TEAM_ONE_STEP_N38_CALIBRATED	[38, 1103, 2094]	2.870398759841919	ONE_STEP	10	0	1	"	[0.7201465964317322, -0.10250084847211838, -0.16897015273571014]	[0.7201465964317322, -0.10250084847211838, -0.16897015273571014]
4	The fever was raging, and her skin felt	TEAM_ONE_STEP_N38_CALIBRATED	[38, 1103, 2094]	2.870398759841919	ONE_STEP	11	0	40	I	[-0.01590682938694954, -0.11054684966802597, -0.1293342113494873]	[-0.01590682938694954, -0.11054684966802597, -0.1293342113494873]
4	The fever was raging, and her skin felt	TEAM_ONE_STEP_N38_CALIBRATED	[38, 1103, 2094]	2.870398759841919	ONE_STEP	12	0	1101	'm	[-0.14943858981132507, 0.07693520188331604, -0.025375980883836746]	[-0.14943858981132507, 0.07693520188331604, -0.025375980883836746]
4	The fever was raging, and her skin felt	TEAM_ONE_STEP_N38_CALIBRATED	[38, 1103, 2094]	2.870398759841919	ONE_STEP	13	0	7926	 sorry	[-0.15405847132205963, -0.12753580510616302, -0.07333682477474213]	[-0.15405847132205963, -0.12753580510616302, -0.07333682477474213]
4	The fever was raging, and her skin felt	TEAM_ONE_STEP_N38_CALIBRATED	[38, 1103, 2094]	2.870398759841919	ONE_STEP	14	0	11	,	[-0.0976797565817833, -0.1440449208021164, -0.006417139898985624]	[-0.0976797565817833, -0.1440449208021164, -0.006417139898985624]
4	The fever was raging, and her skin felt	TEAM_ONE_STEP_N38_CALIBRATED	[38, 1103, 2094]	2.870398759841919	ONE_STEP	15	0	314	 I	[-0.16843408346176147, -0.1418570727109909, -0.16370943188667297]	[-0.16843408346176147, -0.1418570727109909, -0.16370943188667297]
4	The fever was raging, and her skin felt	TEAM_SUSTAINED_N38_CALIBRATED	[38, 1103, 2094]	2.870398759841919	SUSTAINED	1	1	588	 like	[0.5361459255218506, -0.13775086402893066, -0.16971448063850403]	[3.4065446853637695, 2.7326478958129883, 2.7006843090057373]
4	The fever was raging, and her skin felt	TEAM_SUSTAINED_N38_CALIBRATED	[38, 1103, 2094]	2.870398759841919	SUSTAINED	2	1	340	 it	[0.9922648072242737, -0.07464639097452164, -0.15900251269340515]	[3.862663507461548, 2.7957522869110107, 2.7113962173461914]
4	The fever was raging, and her skin felt	TEAM_SUSTAINED_N38_CALIBRATED	[38, 1103, 2094]	2.870398759841919	SUSTAINED	3	1	373	 was	[-0.011687485501170158, 0.8707046508789062, -0.1417032778263092]	[2.8587112426757812, 3.741103410720825, 2.7286953926086426]
4	The fever was raging, and her skin felt	TEAM_SUSTAINED_N38_CALIBRATED	[38, 1103, 2094]	2.870398759841919	SUSTAINED	4	1	1016	 going	[-0.10238401591777802, 0.4207433760166168, -0.14645400643348694]	[2.768014669418335, 3.291142225265503, 2.723944664001465]
4	The fever was raging, and her skin felt	TEAM_SUSTAINED_N38_CALIBRATED	[38, 1103, 2094]	2.870398759841919	SUSTAINED	5	1	284	 to	[0.05259823054075241, -0.09463629126548767, -0.10436807572841644]	[2.922996997833252, 2.7757625579833984, 2.766030788421631]
4	The fever was raging, and her skin felt	TEAM_SUSTAINED_N38_CALIBRATED	[38, 1103, 2094]	2.870398759841919	SUSTAINED	6	1	11173	 burst	[-0.16416782140731812, 0.17090560495853424, -0.12239320576190948]	[2.706230878829956, 3.041304349899292, 2.7480056285858154]
4	The fever was raging, and her skin felt	TEAM_SUSTAINED_N38_CALIBRATED	[38, 1103, 2094]	2.870398759841919	SUSTAINED	7	1	13	.	[0.025383982807397842, -0.07512214779853821, -0.01185433380305767]	[2.895782709121704, 2.795276641845703, 2.85854434967041]
4	The fever was raging, and her skin felt	TEAM_SUSTAINED_N38_CALIBRATED	[38, 1103, 2094]	2.870398759841919	SUSTAINED	8	1	198	\n	[0.6275918483734131, -0.028785672038793564, -0.07573289424180984]	[3.497990608215332, 2.8416130542755127, 2.794665813446045]
4	The fever was raging, and her skin felt	TEAM_SUSTAINED_N38_CALIBRATED	[38, 1103, 2094]	2.870398759841919	SUSTAINED	9	1	198	\n	[1.1146612167358398, -0.1331906020641327, 0.17352446913719177]	[3.985059976577759, 2.737208127975464, 3.0439231395721436]
4	The fever was raging, and her skin felt	TEAM_SUSTAINED_N38_CALIBRATED	[38, 1103, 2094]	2.870398759841919	SUSTAINED	10	1	1	"	[0.7201465964317322, -0.10250084847211838, -0.16897015273571014]	[3.590545415878296, 2.767897844314575, 2.7014286518096924]
4	The fever was raging, and her skin felt	TEAM_SUSTAINED_N38_CALIBRATED	[38, 1103, 2094]	2.870398759841919	SUSTAINED	11	1	40	I	[-0.01590682938694954, -0.11054684966802597, -0.1293342113494873]	[2.854491949081421, 2.7598519325256348, 2.7410645484924316]
4	The fever was raging, and her skin felt	TEAM_SUSTAINED_N38_CALIBRATED	[38, 1103, 2094]	2.870398759841919	SUSTAINED	12	1	1101	'm	[-0.14943858981132507, 0.07693520188331604, -0.025375980883836746]	[2.7209601402282715, 2.947334051132202, 2.845022678375244]
4	The fever was raging, and her skin felt	TEAM_SUSTAINED_N38_CALIBRATED	[38, 1103, 2094]	2.870398759841919	SUSTAINED	13	1	7926	 sorry	[-0.15405847132205963, -0.12753580510616302, -0.07333682477474213]	[2.7163403034210205, 2.7428629398345947, 2.7970619201660156]
4	The fever was raging, and her skin felt	TEAM_SUSTAINED_N38_CALIBRATED	[38, 1103, 2094]	2.870398759841919	SUSTAINED	14	1	11	,	[-0.0976797565817833, -0.1440449208021164, -0.006417139898985624]	[2.772718906402588, 2.726353883743286, 2.8639817237854004]
4	The fever was raging, and her skin felt	TEAM_SUSTAINED_N38_CALIBRATED	[38, 1103, 2094]	2.870398759841919	SUSTAINED	15	1	314	 I	[-0.16843408346176147, -0.1418570727109909, -0.16370943188667297]	[2.7019646167755127, 2.728541612625122, 2.7066893577575684]
4	The fever was raging, and her skin felt	N38_SUSTAINED_LEGACY_PLUS10	[38]	10.0	SUSTAINED	1	1	588	 like	[0.5361459255218506]	[10.53614616394043]
4	The fever was raging, and her skin felt	N38_SUSTAINED_LEGACY_PLUS10	[38]	10.0	SUSTAINED	2	1	340	 it	[0.9922648072242737]	[10.992264747619629]
4	The fever was raging, and her skin felt	N38_SUSTAINED_LEGACY_PLUS10	[38]	10.0	SUSTAINED	3	1	373	 was	[-0.011687485501170158]	[9.988312721252441]
4	The fever was raging, and her skin felt	N38_SUSTAINED_LEGACY_PLUS10	[38]	10.0	SUSTAINED	4	1	1016	 going	[-0.10238401591777802]	[9.897616386413574]
4	The fever was raging, and her skin felt	N38_SUSTAINED_LEGACY_PLUS10	[38]	10.0	SUSTAINED	5	1	284	 to	[0.05259823054075241]	[10.052597999572754]
4	The fever was raging, and her skin felt	N38_SUSTAINED_LEGACY_PLUS10	[38]	10.0	SUSTAINED	6	1	11173	 burst	[-0.16416782140731812]	[9.835832595825195]
4	The fever was raging, and her skin felt	N38_SUSTAINED_LEGACY_PLUS10	[38]	10.0	SUSTAINED	7	1	13	.	[0.025383982807397842]	[10.025383949279785]
4	The fever was raging, and her skin felt	N38_SUSTAINED_LEGACY_PLUS10	[38]	10.0	SUSTAINED	8	1	198	\n	[0.6275918483734131]	[10.627592086791992]
4	The fever was raging, and her skin felt	N38_SUSTAINED_LEGACY_PLUS10	[38]	10.0	SUSTAINED	9	1	198	\n	[1.1146612167358398]	[11.11466121673584]
4	The fever was raging, and her skin felt	N38_SUSTAINED_LEGACY_PLUS10	[38]	10.0	SUSTAINED	10	1	1	"	[0.7201465964317322]	[10.720146179199219]
4	The fever was raging, and her skin felt	N38_SUSTAINED_LEGACY_PLUS10	[38]	10.0	SUSTAINED	11	1	40	I	[-0.01590682938694954]	[9.984092712402344]
4	The fever was raging, and her skin felt	N38_SUSTAINED_LEGACY_PLUS10	[38]	10.0	SUSTAINED	12	1	1101	'm	[-0.14943858981132507]	[9.850561141967773]
4	The fever was raging, and her skin felt	N38_SUSTAINED_LEGACY_PLUS10	[38]	10.0	SUSTAINED	13	1	407	 not	[-0.15405847132205963]	[9.845941543579102]
4	The fever was raging, and her skin felt	N38_SUSTAINED_LEGACY_PLUS10	[38]	10.0	SUSTAINED	14	1	1016	 going	[-0.16992074251174927]	[9.830079078674316]
4	The fever was raging, and her skin felt	N38_SUSTAINED_LEGACY_PLUS10	[38]	10.0	SUSTAINED	15	1	284	 to	[-0.16960130631923676]	[9.830398559570312]
4	The fever was raging, and her skin felt	TEAM_SUSTAINED_LEGACY_PLUS10	[38, 1103, 2094]	10.0	SUSTAINED	1	1	588	 like	[0.5361459255218506, -0.13775086402893066, -0.16971448063850403]	[10.53614616394043, 9.862249374389648, 9.83028507232666]
4	The fever was raging, and her skin felt	TEAM_SUSTAINED_LEGACY_PLUS10	[38, 1103, 2094]	10.0	SUSTAINED	2	1	340	 it	[0.9922648072242737, -0.07464639097452164, -0.15900251269340515]	[10.992264747619629, 9.92535400390625, 9.840997695922852]
4	The fever was raging, and her skin felt	TEAM_SUSTAINED_LEGACY_PLUS10	[38, 1103, 2094]	10.0	SUSTAINED	3	1	373	 was	[-0.011687485501170158, 0.8707046508789062, -0.1417032778263092]	[9.988312721252441, 10.870704650878906, 9.858296394348145]
4	The fever was raging, and her skin felt	TEAM_SUSTAINED_LEGACY_PLUS10	[38, 1103, 2094]	10.0	SUSTAINED	4	1	1016	 going	[-0.10238401591777802, 0.4207433760166168, -0.14645400643348694]	[9.897616386413574, 10.420742988586426, 9.853546142578125]
4	The fever was raging, and her skin felt	TEAM_SUSTAINED_LEGACY_PLUS10	[38, 1103, 2094]	10.0	SUSTAINED	5	1	284	 to	[0.05259823054075241, -0.09463629126548767, -0.10436807572841644]	[10.052597999572754, 9.905364036560059, 9.895631790161133]
4	The fever was raging, and her skin felt	TEAM_SUSTAINED_LEGACY_PLUS10	[38, 1103, 2094]	10.0	SUSTAINED	6	1	4245	 burn	[-0.16416782140731812, 0.17090560495853424, -0.12239320576190948]	[9.835832595825195, 10.170906066894531, 9.877606391906738]
4	The fever was raging, and her skin felt	TEAM_SUSTAINED_LEGACY_PLUS10	[38, 1103, 2094]	10.0	SUSTAINED	7	1	503	 out	[0.08205518871545792, -0.0783444344997406, -0.14883928000926971]	[10.08205509185791, 9.921655654907227, 9.851161003112793]
4	The fever was raging, and her skin felt	TEAM_SUSTAINED_LEGACY_PLUS10	[38, 1103, 2094]	10.0	SUSTAINED	8	1	13	.	[-0.08573972433805466, -0.08431249111890793, 0.0866294726729393]	[9.914259910583496, 9.915687561035156, 10.086629867553711]
4	The fever was raging, and her skin felt	TEAM_SUSTAINED_LEGACY_PLUS10	[38, 1103, 2094]	10.0	SUSTAINED	9	1	198	\n	[0.5751681327819824, -0.03643205389380455, -0.01327434740960598]	[10.57516860961914, 9.963567733764648, 9.986725807189941]
4	The fever was raging, and her skin felt	TEAM_SUSTAINED_LEGACY_PLUS10	[38, 1103, 2094]	10.0	SUSTAINED	10	1	198	\n	[1.0798919200897217, -0.1298380196094513, 0.1966131627559662]	[11.0798921585083, 9.870162010192871, 10.196613311767578]
4	The fever was raging, and her skin felt	TEAM_SUSTAINED_LEGACY_PLUS10	[38, 1103, 2094]	10.0	SUSTAINED	11	1	1	"	[0.6974625587463379, -0.09441628307104111, -0.168964684009552]	[10.69746208190918, 9.905583381652832, 9.831035614013672]
4	The fever was raging, and her skin felt	TEAM_SUSTAINED_LEGACY_PLUS10	[38, 1103, 2094]	10.0	SUSTAINED	12	1	40	I	[0.010361878201365471, -0.10131768882274628, -0.1379106491804123]	[10.010361671447754, 9.898682594299316, 9.862089157104492]
4	The fever was raging, and her skin felt	TEAM_SUSTAINED_LEGACY_PLUS10	[38, 1103, 2094]	10.0	SUSTAINED	13	1	1101	'm	[-0.13995656371116638, 0.02612018771469593, -0.028415989130735397]	[9.8600435256958, 10.02612018585205, 9.97158432006836]
4	The fever was raging, and her skin felt	TEAM_SUSTAINED_LEGACY_PLUS10	[38, 1103, 2094]	10.0	SUSTAINED	14	1	407	 not	[-0.15057332813739777, -0.13901352882385254, -0.07454831153154373]	[9.84942626953125, 9.860986709594727, 9.925451278686523]
4	The fever was raging, and her skin felt	TEAM_SUSTAINED_LEGACY_PLUS10	[38, 1103, 2094]	10.0	SUSTAINED	15	1	1016	 going	[-0.17001241445541382, -0.09711500257253647, -0.048108503222465515]	[9.829987525939941, 9.902885437011719, 9.951891899108887]
4	The fever was raging, and her skin felt	N38_SUSTAINED_NEG_NATURAL	[38]	-2.870398759841919	SUSTAINED	1	1	588	 like	[0.5361459255218506]	[-2.3342528343200684]
4	The fever was raging, and her skin felt	N38_SUSTAINED_NEG_NATURAL	[38]	-2.870398759841919	SUSTAINED	2	1	340	 it	[0.9922648072242737]	[-1.87813401222229]
4	The fever was raging, and her skin felt	N38_SUSTAINED_NEG_NATURAL	[38]	-2.870398759841919	SUSTAINED	3	1	373	 was	[-0.011687485501170158]	[-2.8820862770080566]
4	The fever was raging, and her skin felt	N38_SUSTAINED_NEG_NATURAL	[38]	-2.870398759841919	SUSTAINED	4	1	1016	 going	[-0.10238401591777802]	[-2.972782850265503]
4	The fever was raging, and her skin felt	N38_SUSTAINED_NEG_NATURAL	[38]	-2.870398759841919	SUSTAINED	5	1	284	 to	[0.05259823054075241]	[-2.817800521850586]
4	The fever was raging, and her skin felt	N38_SUSTAINED_NEG_NATURAL	[38]	-2.870398759841919	SUSTAINED	6	1	11173	 burst	[-0.16416782140731812]	[-3.034566640853882]
4	The fever was raging, and her skin felt	N38_SUSTAINED_NEG_NATURAL	[38]	-2.870398759841919	SUSTAINED	7	1	13	.	[0.025383982807397842]	[-2.845014810562134]
4	The fever was raging, and her skin felt	N38_SUSTAINED_NEG_NATURAL	[38]	-2.870398759841919	SUSTAINED	8	1	198	\n	[0.6275918483734131]	[-2.242806911468506]
4	The fever was raging, and her skin felt	N38_SUSTAINED_NEG_NATURAL	[38]	-2.870398759841919	SUSTAINED	9	1	198	\n	[1.1146612167358398]	[-1.755737543106079]
4	The fever was raging, and her skin felt	N38_SUSTAINED_NEG_NATURAL	[38]	-2.870398759841919	SUSTAINED	10	1	1	"	[0.7201465964317322]	[-2.150252103805542]
4	The fever was raging, and her skin felt	N38_SUSTAINED_NEG_NATURAL	[38]	-2.870398759841919	SUSTAINED	11	1	40	I	[-0.01590682938694954]	[-2.886305570602417]
4	The fever was raging, and her skin felt	N38_SUSTAINED_NEG_NATURAL	[38]	-2.870398759841919	SUSTAINED	12	1	1101	'm	[-0.14943858981132507]	[-3.0198373794555664]
4	The fever was raging, and her skin felt	N38_SUSTAINED_NEG_NATURAL	[38]	-2.870398759841919	SUSTAINED	13	1	7926	 sorry	[-0.15405847132205963]	[-3.0244572162628174]
4	The fever was raging, and her skin felt	N38_SUSTAINED_NEG_NATURAL	[38]	-2.870398759841919	SUSTAINED	14	1	11	,	[-0.0976797565817833]	[-2.96807861328125]
4	The fever was raging, and her skin felt	N38_SUSTAINED_NEG_NATURAL	[38]	-2.870398759841919	SUSTAINED	15	1	314	 I	[-0.16843408346176147]	[-3.038832902908325]
5	It was cold	CLEAN	[]	0.0	ONE_STEP	1	0	290	 and	[]	[]
5	It was cold	CLEAN	[]	0.0	ONE_STEP	2	0	2344	 wind	[]	[]
5	It was cold	CLEAN	[]	0.0	ONE_STEP	3	0	88	y	[]	[]
5	It was cold	CLEAN	[]	0.0	ONE_STEP	4	0	287	 in	[]	[]
5	It was cold	CLEAN	[]	0.0	ONE_STEP	5	0	262	 the	[]	[]
5	It was cold	CLEAN	[]	0.0	ONE_STEP	6	0	3504	 middle	[]	[]
5	It was cold	CLEAN	[]	0.0	ONE_STEP	7	0	286	 of	[]	[]
5	It was cold	CLEAN	[]	0.0	ONE_STEP	8	0	262	 the	[]	[]
5	It was cold	CLEAN	[]	0.0	ONE_STEP	9	0	1755	 night	[]	[]
5	It was cold	CLEAN	[]	0.0	ONE_STEP	10	0	13	.	[]	[]
5	It was cold	CLEAN	[]	0.0	ONE_STEP	11	0	383	 The	[]	[]
5	It was cold	CLEAN	[]	0.0	ONE_STEP	12	0	4252	 sun	[]	[]
5	It was cold	CLEAN	[]	0.0	ONE_STEP	13	0	373	 was	[]	[]
5	It was cold	CLEAN	[]	0.0	ONE_STEP	14	0	22751	 shining	[]	[]
5	It was cold	CLEAN	[]	0.0	ONE_STEP	15	0	832	 through	[]	[]
5	It was cold	N38_ONE_STEP_NATURAL	[38]	2.870398759841919	ONE_STEP	1	1	290	 and	[3.4337058067321777]	[6.304104804992676]
5	It was cold	N38_ONE_STEP_NATURAL	[38]	2.870398759841919	ONE_STEP	2	0	2344	 wind	[2.317063570022583]	[2.317063570022583]
5	It was cold	N38_ONE_STEP_NATURAL	[38]	2.870398759841919	ONE_STEP	3	0	88	y	[2.3104114532470703]	[2.3104114532470703]
5	It was cold	N38_ONE_STEP_NATURAL	[38]	2.870398759841919	ONE_STEP	4	0	287	 in	[1.3257287740707397]	[1.3257287740707397]
5	It was cold	N38_ONE_STEP_NATURAL	[38]	2.870398759841919	ONE_STEP	5	0	262	 the	[1.7664591073989868]	[1.7664591073989868]
5	It was cold	N38_ONE_STEP_NATURAL	[38]	2.870398759841919	ONE_STEP	6	0	3504	 middle	[1.3573497533798218]	[1.3573497533798218]
5	It was cold	N38_ONE_STEP_NATURAL	[38]	2.870398759841919	ONE_STEP	7	0	286	 of	[0.35652342438697815]	[0.35652342438697815]
5	It was cold	N38_ONE_STEP_NATURAL	[38]	2.870398759841919	ONE_STEP	8	0	262	 the	[0.8262766003608704]	[0.8262766003608704]
5	It was cold	N38_ONE_STEP_NATURAL	[38]	2.870398759841919	ONE_STEP	9	0	1755	 night	[0.7808764576911926]	[0.7808764576911926]
5	It was cold	N38_ONE_STEP_NATURAL	[38]	2.870398759841919	ONE_STEP	10	0	13	.	[2.2971763610839844]	[2.2971763610839844]
5	It was cold	N38_ONE_STEP_NATURAL	[38]	2.870398759841919	ONE_STEP	11	0	383	 The	[2.2062792778015137]	[2.2062792778015137]
5	It was cold	N38_ONE_STEP_NATURAL	[38]	2.870398759841919	ONE_STEP	12	0	4252	 sun	[1.1659504175186157]	[1.1659504175186157]
5	It was cold	N38_ONE_STEP_NATURAL	[38]	2.870398759841919	ONE_STEP	13	0	373	 was	[1.4620693922042847]	[1.4620693922042847]
5	It was cold	N38_ONE_STEP_NATURAL	[38]	2.870398759841919	ONE_STEP	14	0	22751	 shining	[1.6554232835769653]	[1.6554232835769653]
5	It was cold	N38_ONE_STEP_NATURAL	[38]	2.870398759841919	ONE_STEP	15	0	832	 through	[1.6592717170715332]	[1.6592717170715332]
5	It was cold	N38_SUSTAINED_NATURAL	[38]	2.870398759841919	SUSTAINED	1	1	290	 and	[3.4337058067321777]	[6.304104804992676]
5	It was cold	N38_SUSTAINED_NATURAL	[38]	2.870398759841919	SUSTAINED	2	1	2344	 wind	[2.317063570022583]	[5.187462329864502]
5	It was cold	N38_SUSTAINED_NATURAL	[38]	2.870398759841919	SUSTAINED	3	1	88	y	[2.3104114532470703]	[5.18080997467041]
5	It was cold	N38_SUSTAINED_NATURAL	[38]	2.870398759841919	SUSTAINED	4	1	287	 in	[1.3257287740707397]	[4.196127414703369]
5	It was cold	N38_SUSTAINED_NATURAL	[38]	2.870398759841919	SUSTAINED	5	1	262	 the	[1.7664591073989868]	[4.636857986450195]
5	It was cold	N38_SUSTAINED_NATURAL	[38]	2.870398759841919	SUSTAINED	6	1	3504	 middle	[1.3573497533798218]	[4.227748394012451]
5	It was cold	N38_SUSTAINED_NATURAL	[38]	2.870398759841919	SUSTAINED	7	1	286	 of	[0.35652342438697815]	[3.2269222736358643]
5	It was cold	N38_SUSTAINED_NATURAL	[38]	2.870398759841919	SUSTAINED	8	1	262	 the	[0.8262766003608704]	[3.6966753005981445]
5	It was cold	N38_SUSTAINED_NATURAL	[38]	2.870398759841919	SUSTAINED	9	1	1755	 night	[0.7808764576911926]	[3.651275157928467]
5	It was cold	N38_SUSTAINED_NATURAL	[38]	2.870398759841919	SUSTAINED	10	1	13	.	[2.2971763610839844]	[5.167574882507324]
5	It was cold	N38_SUSTAINED_NATURAL	[38]	2.870398759841919	SUSTAINED	11	1	198	\n	[2.2062792778015137]	[5.076678276062012]
5	It was cold	N38_SUSTAINED_NATURAL	[38]	2.870398759841919	SUSTAINED	12	1	198	\n	[1.9135279655456543]	[4.783926963806152]
5	It was cold	N38_SUSTAINED_NATURAL	[38]	2.870398759841919	SUSTAINED	13	1	464	The	[1.5922764539718628]	[4.462675094604492]
5	It was cold	N38_SUSTAINED_NATURAL	[38]	2.870398759841919	SUSTAINED	14	1	582	 man	[1.1646828651428223]	[4.03508186340332]
5	It was cold	N38_SUSTAINED_NATURAL	[38]	2.870398759841919	SUSTAINED	15	1	508	 who	[0.23010356724262238]	[3.1005022525787354]
5	It was cold	TEAM_ONE_STEP_N38_CALIBRATED	[38, 1103, 2094]	2.870398759841919	ONE_STEP	1	1	290	 and	[3.4337058067321777, -0.16959980130195618, 1.5682159662246704]	[6.304104804992676, 2.700798988342285, 4.438614845275879]
5	It was cold	TEAM_ONE_STEP_N38_CALIBRATED	[38, 1103, 2094]	2.870398759841919	ONE_STEP	2	0	2344	 wind	[2.317063570022583, -0.1471620500087738, 0.5831289887428284]	[2.317063570022583, -0.1471620500087738, 0.5831289887428284]
5	It was cold	TEAM_ONE_STEP_N38_CALIBRATED	[38, 1103, 2094]	2.870398759841919	ONE_STEP	3	0	88	y	[2.3104114532470703, -0.1269368678331375, -0.0032731229439377785]	[2.3104114532470703, -0.1269368678331375, -0.0032731229439377785]
5	It was cold	TEAM_ONE_STEP_N38_CALIBRATED	[38, 1103, 2094]	2.870398759841919	ONE_STEP	4	0	287	 in	[1.3257287740707397, -0.1564096063375473, 2.465242385864258]	[1.3257287740707397, -0.1564096063375473, 2.465242385864258]
5	It was cold	TEAM_ONE_STEP_N38_CALIBRATED	[38, 1103, 2094]	2.870398759841919	ONE_STEP	5	0	262	 the	[1.7664591073989868, -0.056924477219581604, -0.16003818809986115]	[1.7664591073989868, -0.056924477219581604, -0.16003818809986115]
5	It was cold	TEAM_ONE_STEP_N38_CALIBRATED	[38, 1103, 2094]	2.870398759841919	ONE_STEP	6	0	3504	 middle	[1.3573497533798218, -0.1421978920698166, -0.1691122204065323]	[1.3573497533798218, -0.1421978920698166, -0.1691122204065323]
5	It was cold	TEAM_ONE_STEP_N38_CALIBRATED	[38, 1103, 2094]	2.870398759841919	ONE_STEP	7	0	286	 of	[0.35652342438697815, -0.07383950799703598, -0.15409116446971893]	[0.35652342438697815, -0.07383950799703598, -0.15409116446971893]
5	It was cold	TEAM_ONE_STEP_N38_CALIBRATED	[38, 1103, 2094]	2.870398759841919	ONE_STEP	8	0	262	 the	[0.8262766003608704, -0.08852607011795044, -0.0854472890496254]	[0.8262766003608704, -0.08852607011795044, -0.0854472890496254]
5	It was cold	TEAM_ONE_STEP_N38_CALIBRATED	[38, 1103, 2094]	2.870398759841919	ONE_STEP	9	0	1755	 night	[0.7808764576911926, -0.07790336012840271, -0.16987758874893188]	[0.7808764576911926, -0.07790336012840271, -0.16987758874893188]
5	It was cold	TEAM_ONE_STEP_N38_CALIBRATED	[38, 1103, 2094]	2.870398759841919	ONE_STEP	10	0	13	.	[2.2971763610839844, -0.1045701801776886, 0.007173171732574701]	[2.2971763610839844, -0.1045701801776886, 0.007173171732574701]
5	It was cold	TEAM_ONE_STEP_N38_CALIBRATED	[38, 1103, 2094]	2.870398759841919	ONE_STEP	11	0	383	 The	[2.2062792778015137, -0.050556257367134094, -0.07726006209850311]	[2.2062792778015137, -0.050556257367134094, -0.07726006209850311]
5	It was cold	TEAM_ONE_STEP_N38_CALIBRATED	[38, 1103, 2094]	2.870398759841919	ONE_STEP	12	0	4252	 sun	[1.1659504175186157, -0.13698241114616394, -0.13749848306179047]	[1.1659504175186157, -0.13698241114616394, -0.13749848306179047]
5	It was cold	TEAM_ONE_STEP_N38_CALIBRATED	[38, 1103, 2094]	2.870398759841919	ONE_STEP	13	0	373	 was	[1.4620693922042847, 0.48168978095054626, -0.02778768539428711]	[1.4620693922042847, 0.48168978095054626, -0.02778768539428711]
5	It was cold	TEAM_ONE_STEP_N38_CALIBRATED	[38, 1103, 2094]	2.870398759841919	ONE_STEP	14	0	22751	 shining	[1.6554232835769653, 0.25273463129997253, -0.16801244020462036]	[1.6554232835769653, 0.25273463129997253, -0.16801244020462036]
5	It was cold	TEAM_ONE_STEP_N38_CALIBRATED	[38, 1103, 2094]	2.870398759841919	ONE_STEP	15	0	832	 through	[1.6592717170715332, -0.16962072253227234, 0.5995724201202393]	[1.6592717170715332, -0.16962072253227234, 0.5995724201202393]
5	It was cold	TEAM_SUSTAINED_N38_CALIBRATED	[38, 1103, 2094]	2.870398759841919	SUSTAINED	1	1	290	 and	[3.4337058067321777, -0.16959980130195618, 1.5682159662246704]	[6.304104804992676, 2.700798988342285, 4.438614845275879]
5	It was cold	TEAM_SUSTAINED_N38_CALIBRATED	[38, 1103, 2094]	2.870398759841919	SUSTAINED	2	1	2344	 wind	[2.317063570022583, -0.1471620500087738, 0.5831289887428284]	[5.187462329864502, 2.7232367992401123, 3.4535276889801025]
5	It was cold	TEAM_SUSTAINED_N38_CALIBRATED	[38, 1103, 2094]	2.870398759841919	SUSTAINED	3	1	88	y	[2.3104114532470703, -0.1269368678331375, -0.0032731229439377785]	[5.18080997467041, 2.743461847305298, 2.8671257495880127]
5	It was cold	TEAM_SUSTAINED_N38_CALIBRATED	[38, 1103, 2094]	2.870398759841919	SUSTAINED	4	1	2354	 outside	[1.3257287740707397, -0.1564096063375473, 2.465242385864258]	[4.196127414703369, 2.7139892578125, 5.335640907287598]
5	It was cold	TEAM_SUSTAINED_N38_CALIBRATED	[38, 1103, 2094]	2.870398759841919	SUSTAINED	5	1	11	,	[2.6100311279296875, -0.09955687820911407, -0.06903877854347229]	[5.480429649353027, 2.7708418369293213, 2.8013598918914795]
5	It was cold	TEAM_SUSTAINED_N38_CALIBRATED	[38, 1103, 2094]	2.870398759841919	SUSTAINED	6	1	290	 and	[1.9007282257080078, -0.10431600362062454, -0.1698029786348343]	[4.771126747131348, 2.766082763671875, 2.7005958557128906]
5	It was cold	TEAM_SUSTAINED_N38_CALIBRATED	[38, 1103, 2094]	2.870398759841919	SUSTAINED	7	1	314	 I	[1.6551618576049805, -0.15614217519760132, -0.08427661657333374]	[4.52556037902832, 2.714256525039673, 2.7861220836639404]
5	It was cold	TEAM_SUSTAINED_N38_CALIBRATED	[38, 1103, 2094]	2.870398759841919	SUSTAINED	8	1	373	 was	[0.3379797339439392, -0.10067330300807953, -0.09682115167379379]	[3.208378553390503, 2.7697255611419678, 2.7735776901245117]
5	It was cold	TEAM_SUSTAINED_N38_CALIBRATED	[38, 1103, 2094]	2.870398759841919	SUSTAINED	9	1	5586	 sitting	[0.18584848940372467, -0.17004060745239258, -0.1678362935781479]	[3.0562472343444824, 2.7003581523895264, 2.7025625705718994]
5	It was cold	TEAM_SUSTAINED_N38_CALIBRATED	[38, 1103, 2094]	2.870398759841919	SUSTAINED	10	1	319	 on	[0.02378472499549389, -0.011318066157400608, -0.14872890710830688]	[2.894183397293091, 2.8590807914733887, 2.721669912338257]
5	It was cold	TEAM_SUSTAINED_N38_CALIBRATED	[38, 1103, 2094]	2.870398759841919	SUSTAINED	11	1	262	 the	[-0.1495038866996765, -0.043191734701395035, 0.1801145374774933]	[2.7208948135375977, 2.827207088470459, 3.05051326751709]
5	It was cold	TEAM_SUSTAINED_N38_CALIBRATED	[38, 1103, 2094]	2.870398759841919	SUSTAINED	12	1	5743	 edge	[-0.12576524913311005, -0.16927997767925262, -0.16335323452949524]	[2.744633436203003, 2.7011187076568604, 2.707045555114746]
5	It was cold	TEAM_SUSTAINED_N38_CALIBRATED	[38, 1103, 2094]	2.870398759841919	SUSTAINED	13	1	286	 of	[-0.050160374492406845, -0.13931892812252045, -0.165935218334198]	[2.8202383518218994, 2.7310798168182373, 2.704463481903076]
5	It was cold	TEAM_SUSTAINED_N38_CALIBRATED	[38, 1103, 2094]	2.870398759841919	SUSTAINED	14	1	262	 the	[0.574465274810791, -0.07745550572872162, -0.12212514132261276]	[3.44486403465271, 2.792943239212036, 2.7482736110687256]
5	It was cold	TEAM_SUSTAINED_N38_CALIBRATED	[38, 1103, 2094]	2.870398759841919	SUSTAINED	15	1	8701	 grass	[0.589624285697937, -0.12244796007871628, -0.1444472074508667]	[3.4600229263305664, 2.747950792312622, 2.725951671600342]
5	It was cold	N38_SUSTAINED_LEGACY_PLUS10	[38]	10.0	SUSTAINED	1	1	2354	 outside	[3.4337058067321777]	[13.433706283569336]
5	It was cold	N38_SUSTAINED_LEGACY_PLUS10	[38]	10.0	SUSTAINED	2	1	11	,	[3.209653377532959]	[13.209653854370117]
5	It was cold	N38_SUSTAINED_LEGACY_PLUS10	[38]	10.0	SUSTAINED	3	1	290	 and	[2.471747398376465]	[12.471747398376465]
5	It was cold	N38_SUSTAINED_LEGACY_PLUS10	[38]	10.0	SUSTAINED	4	1	262	 the	[2.150270700454712]	[12.150270462036133]
5	It was cold	N38_SUSTAINED_LEGACY_PLUS10	[38]	10.0	SUSTAINED	5	1	2344	 wind	[1.482396125793457]	[11.482396125793457]
5	It was cold	N38_SUSTAINED_LEGACY_PLUS10	[38]	10.0	SUSTAINED	6	1	373	 was	[2.4313440322875977]	[12.431344032287598]
5	It was cold	N38_SUSTAINED_LEGACY_PLUS10	[38]	10.0	SUSTAINED	7	1	19280	 blowing	[1.314876675605774]	[11.314876556396484]
5	It was cold	N38_SUSTAINED_LEGACY_PLUS10	[38]	10.0	SUSTAINED	8	1	13	.	[1.7380218505859375]	[11.738021850585938]
5	It was cold	N38_SUSTAINED_LEGACY_PLUS10	[38]	10.0	SUSTAINED	9	1	198	\n	[1.8625375032424927]	[11.862537384033203]
5	It was cold	N38_SUSTAINED_LEGACY_PLUS10	[38]	10.0	SUSTAINED	10	1	198	\n	[1.7254306077957153]	[11.725430488586426]
5	It was cold	N38_SUSTAINED_LEGACY_PLUS10	[38]	10.0	SUSTAINED	11	1	464	The	[1.405038595199585]	[11.405038833618164]
5	It was cold	N38_SUSTAINED_LEGACY_PLUS10	[38]	10.0	SUSTAINED	12	1	2344	 wind	[0.9105184078216553]	[10.910518646240234]
5	It was cold	N38_SUSTAINED_LEGACY_PLUS10	[38]	10.0	SUSTAINED	13	1	373	 was	[1.467590570449829]	[11.46759033203125]
5	It was cold	N38_SUSTAINED_LEGACY_PLUS10	[38]	10.0	SUSTAINED	14	1	19280	 blowing	[1.2877534627914429]	[11.287753105163574]
5	It was cold	N38_SUSTAINED_LEGACY_PLUS10	[38]	10.0	SUSTAINED	15	1	287	 in	[1.5771894454956055]	[11.577189445495605]
5	It was cold	TEAM_SUSTAINED_LEGACY_PLUS10	[38, 1103, 2094]	10.0	SUSTAINED	1	1	2354	 outside	[3.4337058067321777, -0.16959980130195618, 1.5682159662246704]	[13.433706283569336, 9.830400466918945, 11.568216323852539]
5	It was cold	TEAM_SUSTAINED_LEGACY_PLUS10	[38, 1103, 2094]	10.0	SUSTAINED	2	1	11	,	[3.209653377532959, -0.11988624185323715, -0.08057721704244614]	[13.209653854370117, 9.88011360168457, 9.91942310333252]
5	It was cold	TEAM_SUSTAINED_LEGACY_PLUS10	[38, 1103, 2094]	10.0	SUSTAINED	3	1	290	 and	[2.471747398376465, -0.14324302971363068, -0.14117158949375153]	[12.471747398376465, 9.856757164001465, 9.8588285446167]
5	It was cold	TEAM_SUSTAINED_LEGACY_PLUS10	[38, 1103, 2094]	10.0	SUSTAINED	4	1	262	 the	[2.150270700454712, -0.16530083119869232, -0.007411208935081959]	[12.150270462036133, 9.834699630737305, 9.992588996887207]
5	It was cold	TEAM_SUSTAINED_LEGACY_PLUS10	[38, 1103, 2094]	10.0	SUSTAINED	5	1	2344	 wind	[1.482396125793457, -0.1684107631444931, -0.03956549987196922]	[11.482396125793457, 9.831589698791504, 9.960434913635254]
5	It was cold	TEAM_SUSTAINED_LEGACY_PLUS10	[38, 1103, 2094]	10.0	SUSTAINED	6	1	373	 was	[2.4313440322875977, 0.044286590069532394, -0.11142358928918839]	[12.431344032287598, 10.044286727905273, 9.88857650756836]
5	It was cold	TEAM_SUSTAINED_LEGACY_PLUS10	[38, 1103, 2094]	10.0	SUSTAINED	7	1	19280	 blowing	[1.314876675605774, 0.275566428899765, -0.16935190558433533]	[11.314876556396484, 10.275566101074219, 9.830648422241211]
5	It was cold	TEAM_SUSTAINED_LEGACY_PLUS10	[38, 1103, 2094]	10.0	SUSTAINED	8	1	13	.	[1.7380218505859375, -0.1698775440454483, 0.135217547416687]	[11.738021850585938, 9.830121994018555, 10.135217666625977]
5	It was cold	TEAM_SUSTAINED_LEGACY_PLUS10	[38, 1103, 2094]	10.0	SUSTAINED	9	1	198	\n	[1.8625375032424927, -0.07813660055398941, 0.01447793934494257]	[11.862537384033203, 9.921863555908203, 10.014477729797363]
5	It was cold	TEAM_SUSTAINED_LEGACY_PLUS10	[38, 1103, 2094]	10.0	SUSTAINED	10	1	198	\n	[1.7254306077957153, -0.13954538106918335, 0.24904049932956696]	[11.725430488586426, 9.860454559326172, 10.249040603637695]
5	It was cold	TEAM_SUSTAINED_LEGACY_PLUS10	[38, 1103, 2094]	10.0	SUSTAINED	11	1	464	The	[1.405038595199585, -0.12395850569009781, -0.16831006109714508]	[11.405038833618164, 9.876041412353516, 9.831689834594727]
5	It was cold	TEAM_SUSTAINED_LEGACY_PLUS10	[38, 1103, 2094]	10.0	SUSTAINED	12	1	2344	 wind	[0.9105184078216553, -0.14025680720806122, -0.16991685330867767]	[10.910518646240234, 9.859743118286133, 9.830082893371582]
5	It was cold	TEAM_SUSTAINED_LEGACY_PLUS10	[38, 1103, 2094]	10.0	SUSTAINED	13	1	373	 was	[1.467590570449829, 0.09034479409456253, -0.048712894320487976]	[11.46759033203125, 10.090344429016113, 9.951287269592285]
5	It was cold	TEAM_SUSTAINED_LEGACY_PLUS10	[38, 1103, 2094]	10.0	SUSTAINED	14	1	19280	 blowing	[1.2877534627914429, 0.8773940801620483, -0.13794755935668945]	[11.287753105163574, 10.87739372253418, 9.862052917480469]
5	It was cold	TEAM_SUSTAINED_LEGACY_PLUS10	[38, 1103, 2094]	10.0	SUSTAINED	15	1	11	,	[1.5771894454956055, -0.16344653069972992, -0.005536476615816355]	[11.577189445495605, 9.836553573608398, 9.994463920593262]
5	It was cold	N38_SUSTAINED_NEG_NATURAL	[38]	-2.870398759841919	SUSTAINED	1	1	290	 and	[3.4337058067321777]	[0.5633070468902588]
5	It was cold	N38_SUSTAINED_NEG_NATURAL	[38]	-2.870398759841919	SUSTAINED	2	1	2344	 wind	[2.317063570022583]	[-0.5533351898193359]
5	It was cold	N38_SUSTAINED_NEG_NATURAL	[38]	-2.870398759841919	SUSTAINED	3	1	88	y	[2.3104114532470703]	[-0.5599873065948486]
5	It was cold	N38_SUSTAINED_NEG_NATURAL	[38]	-2.870398759841919	SUSTAINED	4	1	287	 in	[1.3257287740707397]	[-1.5446699857711792]
5	It was cold	N38_SUSTAINED_NEG_NATURAL	[38]	-2.870398759841919	SUSTAINED	5	1	262	 the	[1.7664591073989868]	[-1.1039396524429321]
5	It was cold	N38_SUSTAINED_NEG_NATURAL	[38]	-2.870398759841919	SUSTAINED	6	1	1748	 city	[1.3573497533798218]	[-1.5130490064620972]
5	It was cold	N38_SUSTAINED_NEG_NATURAL	[38]	-2.870398759841919	SUSTAINED	7	1	7372	 centre	[0.8834519982337952]	[-1.9869468212127686]
5	It was cold	N38_SUSTAINED_NEG_NATURAL	[38]	-2.870398759841919	SUSTAINED	8	1	11	,	[-0.16287940740585327]	[-3.033278226852417]
5	It was cold	N38_SUSTAINED_NEG_NATURAL	[38]	-2.870398759841919	SUSTAINED	9	1	475	 but	[1.0913478136062622]	[-1.7790509462356567]
5	It was cold	N38_SUSTAINED_NEG_NATURAL	[38]	-2.870398759841919	SUSTAINED	10	1	262	 the	[0.1779213696718216]	[-2.6924774646759033]
5	It was cold	N38_SUSTAINED_NEG_NATURAL	[38]	-2.870398759841919	SUSTAINED	11	1	4252	 sun	[0.2529332935810089]	[-2.6174654960632324]
5	It was cold	N38_SUSTAINED_NEG_NATURAL	[38]	-2.870398759841919	SUSTAINED	12	1	373	 was	[1.364667296409607]	[-1.505731463432312]
5	It was cold	N38_SUSTAINED_NEG_NATURAL	[38]	-2.870398759841919	SUSTAINED	13	1	22751	 shining	[1.4702386856079102]	[-1.4001600742340088]
5	It was cold	N38_SUSTAINED_NEG_NATURAL	[38]	-2.870398759841919	SUSTAINED	14	1	35254	 brightly	[1.360890507698059]	[-1.5095082521438599]
5	It was cold	N38_SUSTAINED_NEG_NATURAL	[38]	-2.870398759841919	SUSTAINED	15	1	287	 in	[1.1033321619033813]	[-1.7670665979385376]
6	It was frigid	CLEAN	[]	0.0	ONE_STEP	1	0	11	,	[]	[]
6	It was frigid	CLEAN	[]	0.0	ONE_STEP	2	0	290	 and	[]	[]
6	It was frigid	CLEAN	[]	0.0	ONE_STEP	3	0	262	 the	[]	[]
6	It was frigid	CLEAN	[]	0.0	ONE_STEP	4	0	2344	 wind	[]	[]
6	It was frigid	CLEAN	[]	0.0	ONE_STEP	5	0	373	 was	[]	[]
6	It was frigid	CLEAN	[]	0.0	ONE_STEP	6	0	19280	 blowing	[]	[]
6	It was frigid	CLEAN	[]	0.0	ONE_STEP	7	0	13	.	[]	[]
6	It was frigid	CLEAN	[]	0.0	ONE_STEP	8	0	198	\n	[]	[]
6	It was frigid	CLEAN	[]	0.0	ONE_STEP	9	0	198	\n	[]	[]
6	It was frigid	CLEAN	[]	0.0	ONE_STEP	10	0	1	"	[]	[]
6	It was frigid	CLEAN	[]	0.0	ONE_STEP	11	0	40	I	[]	[]
6	It was frigid	CLEAN	[]	0.0	ONE_STEP	12	0	1101	'm	[]	[]
6	It was frigid	CLEAN	[]	0.0	ONE_STEP	13	0	1016	 going	[]	[]
6	It was frigid	CLEAN	[]	0.0	ONE_STEP	14	0	284	 to	[]	[]
6	It was frigid	CLEAN	[]	0.0	ONE_STEP	15	0	467	 go	[]	[]
6	It was frigid	N38_ONE_STEP_NATURAL	[38]	2.870398759841919	ONE_STEP	1	1	11	,	[2.641007661819458]	[5.511406421661377]
6	It was frigid	N38_ONE_STEP_NATURAL	[38]	2.870398759841919	ONE_STEP	2	0	290	 and	[2.285079002380371]	[2.285079002380371]
6	It was frigid	N38_ONE_STEP_NATURAL	[38]	2.870398759841919	ONE_STEP	3	0	262	 the	[1.946506142616272]	[1.946506142616272]
6	It was frigid	N38_ONE_STEP_NATURAL	[38]	2.870398759841919	ONE_STEP	4	0	2344	 wind	[1.1619092226028442]	[1.1619092226028442]
6	It was frigid	N38_ONE_STEP_NATURAL	[38]	2.870398759841919	ONE_STEP	5	0	373	 was	[2.3559279441833496]	[2.3559279441833496]
6	It was frigid	N38_ONE_STEP_NATURAL	[38]	2.870398759841919	ONE_STEP	6	0	19280	 blowing	[1.0985907316207886]	[1.0985907316207886]
6	It was frigid	N38_ONE_STEP_NATURAL	[38]	2.870398759841919	ONE_STEP	7	0	13	.	[1.6092798709869385]	[1.6092798709869385]
6	It was frigid	N38_ONE_STEP_NATURAL	[38]	2.870398759841919	ONE_STEP	8	0	198	\n	[1.580086588859558]	[1.580086588859558]
6	It was frigid	N38_ONE_STEP_NATURAL	[38]	2.870398759841919	ONE_STEP	9	0	198	\n	[1.4808018207550049]	[1.4808018207550049]
6	It was frigid	N38_ONE_STEP_NATURAL	[38]	2.870398759841919	ONE_STEP	10	0	1	"	[1.2228624820709229]	[1.2228624820709229]
6	It was frigid	N38_ONE_STEP_NATURAL	[38]	2.870398759841919	ONE_STEP	11	0	40	I	[0.5328100323677063]	[0.5328100323677063]
6	It was frigid	N38_ONE_STEP_NATURAL	[38]	2.870398759841919	ONE_STEP	12	0	1101	'm	[-0.05038145184516907]	[-0.05038145184516907]
6	It was frigid	N38_ONE_STEP_NATURAL	[38]	2.870398759841919	ONE_STEP	13	0	1016	 going	[-0.08712053298950195]	[-0.08712053298950195]
6	It was frigid	N38_ONE_STEP_NATURAL	[38]	2.870398759841919	ONE_STEP	14	0	284	 to	[-0.12256387621164322]	[-0.12256387621164322]
6	It was frigid	N38_ONE_STEP_NATURAL	[38]	2.870398759841919	ONE_STEP	15	0	467	 go	[-0.05725772678852081]	[-0.05725772678852081]
6	It was frigid	N38_SUSTAINED_NATURAL	[38]	2.870398759841919	SUSTAINED	1	1	11	,	[2.641007661819458]	[5.511406421661377]
6	It was frigid	N38_SUSTAINED_NATURAL	[38]	2.870398759841919	SUSTAINED	2	1	290	 and	[2.285079002380371]	[5.155477523803711]
6	It was frigid	N38_SUSTAINED_NATURAL	[38]	2.870398759841919	SUSTAINED	3	1	262	 the	[1.946506142616272]	[4.8169050216674805]
6	It was frigid	N38_SUSTAINED_NATURAL	[38]	2.870398759841919	SUSTAINED	4	1	2344	 wind	[1.1619092226028442]	[4.032308101654053]
6	It was frigid	N38_SUSTAINED_NATURAL	[38]	2.870398759841919	SUSTAINED	5	1	373	 was	[2.3559279441833496]	[5.226326942443848]
6	It was frigid	N38_SUSTAINED_NATURAL	[38]	2.870398759841919	SUSTAINED	6	1	19280	 blowing	[1.0985907316207886]	[3.968989372253418]
6	It was frigid	N38_SUSTAINED_NATURAL	[38]	2.870398759841919	SUSTAINED	7	1	13	.	[1.6092798709869385]	[4.479678630828857]
6	It was frigid	N38_SUSTAINED_NATURAL	[38]	2.870398759841919	SUSTAINED	8	1	198	\n	[1.580086588859558]	[4.4504852294921875]
6	It was frigid	N38_SUSTAINED_NATURAL	[38]	2.870398759841919	SUSTAINED	9	1	198	\n	[1.4808018207550049]	[4.351200580596924]
6	It was frigid	N38_SUSTAINED_NATURAL	[38]	2.870398759841919	SUSTAINED	10	1	1	"	[1.2228624820709229]	[4.093261241912842]
6	It was frigid	N38_SUSTAINED_NATURAL	[38]	2.870398759841919	SUSTAINED	11	1	40	I	[0.5328100323677063]	[3.4032087326049805]
6	It was frigid	N38_SUSTAINED_NATURAL	[38]	2.870398759841919	SUSTAINED	12	1	1101	'm	[-0.05038145184516907]	[2.8200173377990723]
6	It was frigid	N38_SUSTAINED_NATURAL	[38]	2.870398759841919	SUSTAINED	13	1	1016	 going	[-0.08712053298950195]	[2.783278226852417]
6	It was frigid	N38_SUSTAINED_NATURAL	[38]	2.870398759841919	SUSTAINED	14	1	284	 to	[-0.12256387621164322]	[2.7478349208831787]
6	It was frigid	N38_SUSTAINED_NATURAL	[38]	2.870398759841919	SUSTAINED	15	1	467	 go	[-0.05725772678852081]	[2.813141107559204]
6	It was frigid	TEAM_ONE_STEP_N38_CALIBRATED	[38, 1103, 2094]	2.870398759841919	ONE_STEP	1	1	11	,	[2.641007661819458, -0.16897210478782654, 2.8925082683563232]	[5.511406421661377, 2.7014267444610596, 5.762907028198242]
6	It was frigid	TEAM_ONE_STEP_N38_CALIBRATED	[38, 1103, 2094]	2.870398759841919	ONE_STEP	2	0	290	 and	[2.285079002380371, -0.1637381911277771, -0.1298772692680359]	[2.285079002380371, -0.1637381911277771, -0.1298772692680359]
6	It was frigid	TEAM_ONE_STEP_N38_CALIBRATED	[38, 1103, 2094]	2.870398759841919	ONE_STEP	3	0	262	 the	[1.946506142616272, -0.16828559339046478, -0.08154173195362091]	[1.946506142616272, -0.16828559339046478, -0.08154173195362091]
6	It was frigid	TEAM_ONE_STEP_N38_CALIBRATED	[38, 1103, 2094]	2.870398759841919	ONE_STEP	4	0	2344	 wind	[1.1619092226028442, -0.15714503824710846, -0.10565586388111115]	[1.1619092226028442, -0.15714503824710846, -0.10565586388111115]
6	It was frigid	TEAM_ONE_STEP_N38_CALIBRATED	[38, 1103, 2094]	2.870398759841919	ONE_STEP	5	0	373	 was	[2.3559279441833496, 0.1355293095111847, -0.1146080419421196]	[2.3559279441833496, 0.1355293095111847, -0.1146080419421196]
6	It was frigid	TEAM_ONE_STEP_N38_CALIBRATED	[38, 1103, 2094]	2.870398759841919	ONE_STEP	6	0	19280	 blowing	[1.0985907316207886, 0.2752209007740021, -0.16831234097480774]	[1.0985907316207886, 0.2752209007740021, -0.16831234097480774]
6	It was frigid	TEAM_ONE_STEP_N38_CALIBRATED	[38, 1103, 2094]	2.870398759841919	ONE_STEP	7	0	13	.	[1.6092798709869385, -0.1699306219816208, 0.10698985308408737]	[1.6092798709869385, -0.1699306219816208, 0.10698985308408737]
6	It was frigid	TEAM_ONE_STEP_N38_CALIBRATED	[38, 1103, 2094]	2.870398759841919	ONE_STEP	8	0	198	\n	[1.580086588859558, -0.09257546067237854, -0.10783156007528305]	[1.580086588859558, -0.09257546067237854, -0.10783156007528305]
6	It was frigid	TEAM_ONE_STEP_N38_CALIBRATED	[38, 1103, 2094]	2.870398759841919	ONE_STEP	9	0	198	\n	[1.4808018207550049, -0.14784082770347595, 0.0760224238038063]	[1.4808018207550049, -0.14784082770347595, 0.0760224238038063]
6	It was frigid	TEAM_ONE_STEP_N38_CALIBRATED	[38, 1103, 2094]	2.870398759841919	ONE_STEP	10	0	1	"	[1.2228624820709229, -0.13638591766357422, -0.16225524246692657]	[1.2228624820709229, -0.13638591766357422, -0.16225524246692657]
6	It was frigid	TEAM_ONE_STEP_N38_CALIBRATED	[38, 1103, 2094]	2.870398759841919	ONE_STEP	11	0	40	I	[0.5328100323677063, -0.11812009662389755, -0.14211156964302063]	[0.5328100323677063, -0.11812009662389755, -0.14211156964302063]
6	It was frigid	TEAM_ONE_STEP_N38_CALIBRATED	[38, 1103, 2094]	2.870398759841919	ONE_STEP	12	0	1101	'm	[-0.05038145184516907, 0.022823549807071686, -0.028433457016944885]	[-0.05038145184516907, 0.022823549807071686, -0.028433457016944885]
6	It was frigid	TEAM_ONE_STEP_N38_CALIBRATED	[38, 1103, 2094]	2.870398759841919	ONE_STEP	13	0	1016	 going	[-0.08712053298950195, -0.15244348347187042, -0.06671634316444397]	[-0.08712053298950195, -0.15244348347187042, -0.06671634316444397]
6	It was frigid	TEAM_ONE_STEP_N38_CALIBRATED	[38, 1103, 2094]	2.870398759841919	ONE_STEP	14	0	284	 to	[-0.12256387621164322, -0.16157914698123932, -0.03986208140850067]	[-0.12256387621164322, -0.16157914698123932, -0.03986208140850067]
6	It was frigid	TEAM_ONE_STEP_N38_CALIBRATED	[38, 1103, 2094]	2.870398759841919	ONE_STEP	15	0	467	 go	[-0.05725772678852081, -0.16987624764442444, -0.02369247004389763]	[-0.05725772678852081, -0.16987624764442444, -0.02369247004389763]
6	It was frigid	TEAM_SUSTAINED_N38_CALIBRATED	[38, 1103, 2094]	2.870398759841919	SUSTAINED	1	1	11	,	[2.641007661819458, -0.16897210478782654, 2.8925082683563232]	[5.511406421661377, 2.7014267444610596, 5.762907028198242]
6	It was frigid	TEAM_SUSTAINED_N38_CALIBRATED	[38, 1103, 2094]	2.870398759841919	SUSTAINED	2	1	290	 and	[2.285079002380371, -0.1637381911277771, -0.1298772692680359]	[5.155477523803711, 2.706660509109497, 2.7405214309692383]
6	It was frigid	TEAM_SUSTAINED_N38_CALIBRATED	[38, 1103, 2094]	2.870398759841919	SUSTAINED	3	1	262	 the	[1.946506142616272, -0.16828559339046478, -0.08154173195362091]	[4.8169050216674805, 2.702113151550293, 2.7888569831848145]
6	It was frigid	TEAM_SUSTAINED_N38_CALIBRATED	[38, 1103, 2094]	2.870398759841919	SUSTAINED	4	1	2344	 wind	[1.1619092226028442, -0.15714503824710846, -0.10565586388111115]	[4.032308101654053, 2.7132537364959717, 2.764742851257324]
6	It was frigid	TEAM_SUSTAINED_N38_CALIBRATED	[38, 1103, 2094]	2.870398759841919	SUSTAINED	5	1	373	 was	[2.3559279441833496, 0.1355293095111847, -0.1146080419421196]	[5.226326942443848, 3.0059280395507812, 2.7557907104492188]
6	It was frigid	TEAM_SUSTAINED_N38_CALIBRATED	[38, 1103, 2094]	2.870398759841919	SUSTAINED	6	1	19280	 blowing	[1.0985907316207886, 0.2752209007740021, -0.16831234097480774]	[3.968989372253418, 3.1456196308135986, 2.7020864486694336]
6	It was frigid	TEAM_SUSTAINED_N38_CALIBRATED	[38, 1103, 2094]	2.870398759841919	SUSTAINED	7	1	13	.	[1.6092798709869385, -0.1699306219816208, 0.10698985308408737]	[4.479678630828857, 2.700468063354492, 2.977388620376587]
6	It was frigid	TEAM_SUSTAINED_N38_CALIBRATED	[38, 1103, 2094]	2.870398759841919	SUSTAINED	8	1	198	\n	[1.580086588859558, -0.09257546067237854, -0.10783156007528305]	[4.4504852294921875, 2.7778232097625732, 2.7625672817230225]
6	It was frigid	TEAM_SUSTAINED_N38_CALIBRATED	[38, 1103, 2094]	2.870398759841919	SUSTAINED	9	1	198	\n	[1.4808018207550049, -0.14784082770347595, 0.0760224238038063]	[4.351200580596924, 2.72255802154541, 2.9464211463928223]
6	It was frigid	TEAM_SUSTAINED_N38_CALIBRATED	[38, 1103, 2094]	2.870398759841919	SUSTAINED	10	1	464	The	[1.2228624820709229, -0.13638591766357422, -0.16225524246692657]	[4.093261241912842, 2.7340128421783447, 2.708143472671509]
6	It was frigid	TEAM_SUSTAINED_N38_CALIBRATED	[38, 1103, 2094]	2.870398759841919	SUSTAINED	11	1	2344	 wind	[0.8542557954788208, -0.15517888963222504, -0.1679949015378952]	[3.7246546745300293, 2.7152199745178223, 2.7024037837982178]
6	It was frigid	TEAM_SUSTAINED_N38_CALIBRATED	[38, 1103, 2094]	2.870398759841919	SUSTAINED	12	1	373	 was	[1.452903151512146, 0.12490803003311157, -0.043343234807252884]	[4.323301792144775, 2.9953067302703857, 2.8270554542541504]
6	It was frigid	TEAM_SUSTAINED_N38_CALIBRATED	[38, 1103, 2094]	2.870398759841919	SUSTAINED	13	1	19280	 blowing	[1.1690419912338257, 0.8463008999824524, -0.11971601098775864]	[4.039440631866455, 3.7166996002197266, 2.750682830810547]
6	It was frigid	TEAM_SUSTAINED_N38_CALIBRATED	[38, 1103, 2094]	2.870398759841919	SUSTAINED	14	1	13	.	[1.497189998626709, -0.16496708989143372, -0.05151211470365524]	[4.367588996887207, 2.7054316997528076, 2.8188867568969727]
6	It was frigid	TEAM_SUSTAINED_N38_CALIBRATED	[38, 1103, 2094]	2.870398759841919	SUSTAINED	15	1	198	\n	[0.7251538634300232, -0.08454222977161407, -0.16467802226543427]	[3.595552682876587, 2.7858564853668213, 2.7057206630706787]
6	It was frigid	N38_SUSTAINED_LEGACY_PLUS10	[38]	10.0	SUSTAINED	1	1	11	,	[2.641007661819458]	[12.641007423400879]
6	It was frigid	N38_SUSTAINED_LEGACY_PLUS10	[38]	10.0	SUSTAINED	2	1	290	 and	[2.285079002380371]	[12.285079002380371]
6	It was frigid	N38_SUSTAINED_LEGACY_PLUS10	[38]	10.0	SUSTAINED	3	1	262	 the	[1.946506142616272]	[11.94650650024414]
6	It was frigid	N38_SUSTAINED_LEGACY_PLUS10	[38]	10.0	SUSTAINED	4	1	2344	 wind	[1.1619092226028442]	[11.161909103393555]
6	It was frigid	N38_SUSTAINED_LEGACY_PLUS10	[38]	10.0	SUSTAINED	5	1	373	 was	[2.3559279441833496]	[12.355928421020508]
6	It was frigid	N38_SUSTAINED_LEGACY_PLUS10	[38]	10.0	SUSTAINED	6	1	19280	 blowing	[1.0985907316207886]	[11.098590850830078]
6	It was frigid	N38_SUSTAINED_LEGACY_PLUS10	[38]	10.0	SUSTAINED	7	1	13	.	[1.6092798709869385]	[11.60927963256836]
6	It was frigid	N38_SUSTAINED_LEGACY_PLUS10	[38]	10.0	SUSTAINED	8	1	198	\n	[1.580086588859558]	[11.580086708068848]
6	It was frigid	N38_SUSTAINED_LEGACY_PLUS10	[38]	10.0	SUSTAINED	9	1	198	\n	[1.4808018207550049]	[11.480801582336426]
6	It was frigid	N38_SUSTAINED_LEGACY_PLUS10	[38]	10.0	SUSTAINED	10	1	464	The	[1.2228624820709229]	[11.222862243652344]
6	It was frigid	N38_SUSTAINED_LEGACY_PLUS10	[38]	10.0	SUSTAINED	11	1	2344	 wind	[0.8542557954788208]	[10.854255676269531]
6	It was frigid	N38_SUSTAINED_LEGACY_PLUS10	[38]	10.0	SUSTAINED	12	1	373	 was	[1.452903151512146]	[11.452902793884277]
6	It was frigid	N38_SUSTAINED_LEGACY_PLUS10	[38]	10.0	SUSTAINED	13	1	19280	 blowing	[1.1690419912338257]	[11.169041633605957]
6	It was frigid	N38_SUSTAINED_LEGACY_PLUS10	[38]	10.0	SUSTAINED	14	1	13	.	[1.497189998626709]	[11.497190475463867]
6	It was frigid	N38_SUSTAINED_LEGACY_PLUS10	[38]	10.0	SUSTAINED	15	1	198	\n	[0.7251538634300232]	[10.725153923034668]
6	It was frigid	TEAM_SUSTAINED_LEGACY_PLUS10	[38, 1103, 2094]	10.0	SUSTAINED	1	1	11	,	[2.641007661819458, -0.16897210478782654, 2.8925082683563232]	[12.641007423400879, 9.83102798461914, 12.892508506774902]
6	It was frigid	TEAM_SUSTAINED_LEGACY_PLUS10	[38, 1103, 2094]	10.0	SUSTAINED	2	1	290	 and	[2.285079002380371, -0.1637381911277771, -0.1298772692680359]	[12.285079002380371, 9.836261749267578, 9.870122909545898]
6	It was frigid	TEAM_SUSTAINED_LEGACY_PLUS10	[38, 1103, 2094]	10.0	SUSTAINED	3	1	262	 the	[1.946506142616272, -0.16828559339046478, -0.08154173195362091]	[11.94650650024414, 9.831714630126953, 9.918457984924316]
6	It was frigid	TEAM_SUSTAINED_LEGACY_PLUS10	[38, 1103, 2094]	10.0	SUSTAINED	4	1	2344	 wind	[1.1619092226028442, -0.15714503824710846, -0.10565586388111115]	[11.161909103393555, 9.842854499816895, 9.894344329833984]
6	It was frigid	TEAM_SUSTAINED_LEGACY_PLUS10	[38, 1103, 2094]	10.0	SUSTAINED	5	1	373	 was	[2.3559279441833496, 0.1355293095111847, -0.1146080419421196]	[12.355928421020508, 10.135529518127441, 9.885392189025879]
6	It was frigid	TEAM_SUSTAINED_LEGACY_PLUS10	[38, 1103, 2094]	10.0	SUSTAINED	6	1	19280	 blowing	[1.0985907316207886, 0.2752209007740021, -0.16831234097480774]	[11.098590850830078, 10.27522087097168, 9.831687927246094]
6	It was frigid	TEAM_SUSTAINED_LEGACY_PLUS10	[38, 1103, 2094]	10.0	SUSTAINED	7	1	13	.	[1.6092798709869385, -0.1699306219816208, 0.10698985308408737]	[11.60927963256836, 9.830069541931152, 10.106989860534668]
6	It was frigid	TEAM_SUSTAINED_LEGACY_PLUS10	[38, 1103, 2094]	10.0	SUSTAINED	8	1	198	\n	[1.580086588859558, -0.09257546067237854, -0.10783156007528305]	[11.580086708068848, 9.907424926757812, 9.892168045043945]
6	It was frigid	TEAM_SUSTAINED_LEGACY_PLUS10	[38, 1103, 2094]	10.0	SUSTAINED	9	1	198	\n	[1.4808018207550049, -0.14784082770347595, 0.0760224238038063]	[11.480801582336426, 9.85215950012207, 10.076022148132324]
6	It was frigid	TEAM_SUSTAINED_LEGACY_PLUS10	[38, 1103, 2094]	10.0	SUSTAINED	10	1	464	The	[1.2228624820709229, -0.13638591766357422, -0.16225524246692657]	[11.222862243652344, 9.863614082336426, 9.83774471282959]
6	It was frigid	TEAM_SUSTAINED_LEGACY_PLUS10	[38, 1103, 2094]	10.0	SUSTAINED	11	1	2344	 wind	[0.8542557954788208, -0.15517888963222504, -0.1679949015378952]	[10.854255676269531, 9.844820976257324, 9.832005500793457]
6	It was frigid	TEAM_SUSTAINED_LEGACY_PLUS10	[38, 1103, 2094]	10.0	SUSTAINED	12	1	373	 was	[1.452903151512146, 0.12490803003311157, -0.043343234807252884]	[11.452902793884277, 10.124908447265625, 9.956656455993652]
6	It was frigid	TEAM_SUSTAINED_LEGACY_PLUS10	[38, 1103, 2094]	10.0	SUSTAINED	13	1	19280	 blowing	[1.1690419912338257, 0.8463008999824524, -0.11971601098775864]	[11.169041633605957, 10.846301078796387, 9.880284309387207]
6	It was frigid	TEAM_SUSTAINED_LEGACY_PLUS10	[38, 1103, 2094]	10.0	SUSTAINED	14	1	13	.	[1.497189998626709, -0.16496708989143372, -0.05151211470365524]	[11.497190475463867, 9.83503246307373, 9.948488235473633]
6	It was frigid	TEAM_SUSTAINED_LEGACY_PLUS10	[38, 1103, 2094]	10.0	SUSTAINED	15	1	198	\n	[0.7251538634300232, -0.08454222977161407, -0.16467802226543427]	[10.725153923034668, 9.915457725524902, 9.835322380065918]
6	It was frigid	N38_SUSTAINED_NEG_NATURAL	[38]	-2.870398759841919	SUSTAINED	1	1	11	,	[2.641007661819458]	[-0.22939109802246094]
6	It was frigid	N38_SUSTAINED_NEG_NATURAL	[38]	-2.870398759841919	SUSTAINED	2	1	290	 and	[2.285079002380371]	[-0.5853197574615479]
6	It was frigid	N38_SUSTAINED_NEG_NATURAL	[38]	-2.870398759841919	SUSTAINED	3	1	262	 the	[1.946506142616272]	[-0.923892617225647]
6	It was frigid	N38_SUSTAINED_NEG_NATURAL	[38]	-2.870398759841919	SUSTAINED	4	1	2344	 wind	[1.1619092226028442]	[-1.7084895372390747]
6	It was frigid	N38_SUSTAINED_NEG_NATURAL	[38]	-2.870398759841919	SUSTAINED	5	1	373	 was	[2.3559279441833496]	[-0.5144708156585693]
6	It was frigid	N38_SUSTAINED_NEG_NATURAL	[38]	-2.870398759841919	SUSTAINED	6	1	19280	 blowing	[1.0985907316207886]	[-1.7718080282211304]
6	It was frigid	N38_SUSTAINED_NEG_NATURAL	[38]	-2.870398759841919	SUSTAINED	7	1	13	.	[1.6092798709869385]	[-1.2611188888549805]
6	It was frigid	N38_SUSTAINED_NEG_NATURAL	[38]	-2.870398759841919	SUSTAINED	8	1	198	\n	[1.580086588859558]	[-1.2903121709823608]
6	It was frigid	N38_SUSTAINED_NEG_NATURAL	[38]	-2.870398759841919	SUSTAINED	9	1	198	\n	[1.4808018207550049]	[-1.389596939086914]
6	It was frigid	N38_SUSTAINED_NEG_NATURAL	[38]	-2.870398759841919	SUSTAINED	10	1	1	"	[1.2228624820709229]	[-1.647536277770996]
6	It was frigid	N38_SUSTAINED_NEG_NATURAL	[38]	-2.870398759841919	SUSTAINED	11	1	40	I	[0.5328100323677063]	[-2.3375887870788574]
6	It was frigid	N38_SUSTAINED_NEG_NATURAL	[38]	-2.870398759841919	SUSTAINED	12	1	1101	'm	[-0.05038145184516907]	[-2.9207801818847656]
6	It was frigid	N38_SUSTAINED_NEG_NATURAL	[38]	-2.870398759841919	SUSTAINED	13	1	7926	 sorry	[-0.08712053298950195]	[-2.957519292831421]
6	It was frigid	N38_SUSTAINED_NEG_NATURAL	[38]	-2.870398759841919	SUSTAINED	14	1	11	,	[-0.1105940118432045]	[-2.9809927940368652]
6	It was frigid	N38_SUSTAINED_NEG_NATURAL	[38]	-2.870398759841919	SUSTAINED	15	1	314	 I	[-0.1515214741230011]	[-3.0219202041625977]
7	He reached out for something and it felt	CLEAN	[]	0.0	ONE_STEP	1	0	588	 like	[]	[]
7	He reached out for something and it felt	CLEAN	[]	0.0	ONE_STEP	2	0	257	 a	[]	[]
7	He reached out for something and it felt	CLEAN	[]	0.0	ONE_STEP	3	0	16225	 hug	[]	[]
7	He reached out for something and it felt	CLEAN	[]	0.0	ONE_STEP	4	0	13	.	[]	[]
7	He reached out for something and it felt	CLEAN	[]	0.0	ONE_STEP	5	0	198	\n	[]	[]
7	He reached out for something and it felt	CLEAN	[]	0.0	ONE_STEP	6	0	198	\n	[]	[]
7	He reached out for something and it felt	CLEAN	[]	0.0	ONE_STEP	7	0	1	"	[]	[]
7	He reached out for something and it felt	CLEAN	[]	0.0	ONE_STEP	8	0	40	I	[]	[]
7	He reached out for something and it felt	CLEAN	[]	0.0	ONE_STEP	9	0	1101	'm	[]	[]
7	He reached out for something and it felt	CLEAN	[]	0.0	ONE_STEP	10	0	7926	 sorry	[]	[]
7	He reached out for something and it felt	CLEAN	[]	0.0	ONE_STEP	11	0	11	,	[]	[]
7	He reached out for something and it felt	CLEAN	[]	0.0	ONE_STEP	12	0	314	 I	[]	[]
7	He reached out for something and it felt	CLEAN	[]	0.0	ONE_STEP	13	0	1101	'm	[]	[]
7	He reached out for something and it felt	CLEAN	[]	0.0	ONE_STEP	14	0	7926	 sorry	[]	[]
7	He reached out for something and it felt	CLEAN	[]	0.0	ONE_STEP	15	0	553	,"	[]	[]
7	He reached out for something and it felt	N38_ONE_STEP_NATURAL	[38]	2.870398759841919	ONE_STEP	1	1	588	 like	[2.0701608657836914]	[4.940559387207031]
7	He reached out for something and it felt	N38_ONE_STEP_NATURAL	[38]	2.870398759841919	ONE_STEP	2	0	257	 a	[1.510908842086792]	[1.510908842086792]
7	He reached out for something and it felt	N38_ONE_STEP_NATURAL	[38]	2.870398759841919	ONE_STEP	3	0	16225	 hug	[0.8927655816078186]	[0.8927655816078186]
7	He reached out for something and it felt	N38_ONE_STEP_NATURAL	[38]	2.870398759841919	ONE_STEP	4	0	13	.	[-0.006721836514770985]	[-0.006721836514770985]
7	He reached out for something and it felt	N38_ONE_STEP_NATURAL	[38]	2.870398759841919	ONE_STEP	5	0	198	\n	[0.5901069641113281]	[0.5901069641113281]
7	He reached out for something and it felt	N38_ONE_STEP_NATURAL	[38]	2.870398759841919	ONE_STEP	6	0	198	\n	[0.7401338815689087]	[0.7401338815689087]
7	He reached out for something and it felt	N38_ONE_STEP_NATURAL	[38]	2.870398759841919	ONE_STEP	7	0	1	"	[0.3241179585456848]	[0.3241179585456848]
7	He reached out for something and it felt	N38_ONE_STEP_NATURAL	[38]	2.870398759841919	ONE_STEP	8	0	40	I	[-0.05965251103043556]	[-0.05965251103043556]
7	He reached out for something and it felt	N38_ONE_STEP_NATURAL	[38]	2.870398759841919	ONE_STEP	9	0	1101	'm	[-0.16988319158554077]	[-0.16988319158554077]
7	He reached out for something and it felt	N38_ONE_STEP_NATURAL	[38]	2.870398759841919	ONE_STEP	10	0	7926	 sorry	[-0.1692086160182953]	[-0.1692086160182953]
7	He reached out for something and it felt	N38_ONE_STEP_NATURAL	[38]	2.870398759841919	ONE_STEP	11	0	11	,	[-0.07912880927324295]	[-0.07912880927324295]
7	He reached out for something and it felt	N38_ONE_STEP_NATURAL	[38]	2.870398759841919	ONE_STEP	12	0	314	 I	[-0.16989769041538239]	[-0.16989769041538239]
7	He reached out for something and it felt	N38_ONE_STEP_NATURAL	[38]	2.870398759841919	ONE_STEP	13	0	1101	'm	[-0.13117240369319916]	[-0.13117240369319916]
7	He reached out for something and it felt	N38_ONE_STEP_NATURAL	[38]	2.870398759841919	ONE_STEP	14	0	7926	 sorry	[-0.12614090740680695]	[-0.12614090740680695]
7	He reached out for something and it felt	N38_ONE_STEP_NATURAL	[38]	2.870398759841919	ONE_STEP	15	0	553	,"	[-0.11499077826738358]	[-0.11499077826738358]
7	He reached out for something and it felt	N38_SUSTAINED_NATURAL	[38]	2.870398759841919	SUSTAINED	1	1	588	 like	[2.0701608657836914]	[4.940559387207031]
7	He reached out for something and it felt	N38_SUSTAINED_NATURAL	[38]	2.870398759841919	SUSTAINED	2	1	257	 a	[1.510908842086792]	[4.381307601928711]
7	He reached out for something and it felt	N38_SUSTAINED_NATURAL	[38]	2.870398759841919	SUSTAINED	3	1	16225	 hug	[0.8927655816078186]	[3.7631642818450928]
7	He reached out for something and it felt	N38_SUSTAINED_NATURAL	[38]	2.870398759841919	SUSTAINED	4	1	13	.	[-0.006721836514770985]	[2.8636770248413086]
7	He reached out for something and it felt	N38_SUSTAINED_NATURAL	[38]	2.870398759841919	SUSTAINED	5	1	198	\n	[0.5901069641113281]	[3.460505723953247]
7	He reached out for something and it felt	N38_SUSTAINED_NATURAL	[38]	2.870398759841919	SUSTAINED	6	1	198	\n	[0.7401338815689087]	[3.610532760620117]
7	He reached out for something and it felt	N38_SUSTAINED_NATURAL	[38]	2.870398759841919	SUSTAINED	7	1	1	"	[0.3241179585456848]	[3.194516658782959]
7	He reached out for something and it felt	N38_SUSTAINED_NATURAL	[38]	2.870398759841919	SUSTAINED	8	1	40	I	[-0.05965251103043556]	[2.810746192932129]
7	He reached out for something and it felt	N38_SUSTAINED_NATURAL	[38]	2.870398759841919	SUSTAINED	9	1	1101	'm	[-0.16988319158554077]	[2.7005155086517334]
7	He reached out for something and it felt	N38_SUSTAINED_NATURAL	[38]	2.870398759841919	SUSTAINED	10	1	7926	 sorry	[-0.1692086160182953]	[2.701190233230591]
7	He reached out for something and it felt	N38_SUSTAINED_NATURAL	[38]	2.870398759841919	SUSTAINED	11	1	553	,"	[-0.07912880927324295]	[2.7912700176239014]
7	He reached out for something and it felt	N38_SUSTAINED_NATURAL	[38]	2.870398759841919	SUSTAINED	12	1	339	 he	[0.12144865095615387]	[2.991847515106201]
7	He reached out for something and it felt	N38_SUSTAINED_NATURAL	[38]	2.870398759841919	SUSTAINED	13	1	531	 said	[0.5000718235969543]	[3.3704705238342285]
7	He reached out for something and it felt	N38_SUSTAINED_NATURAL	[38]	2.870398759841919	SUSTAINED	14	1	13	.	[0.37212279438972473]	[3.2425215244293213]
7	He reached out for something and it felt	N38_SUSTAINED_NATURAL	[38]	2.870398759841919	SUSTAINED	15	1	366	 "	[0.08996311575174332]	[2.960361957550049]
7	He reached out for something and it felt	TEAM_ONE_STEP_N38_CALIBRATED	[38, 1103, 2094]	2.870398759841919	ONE_STEP	1	1	588	 like	[2.0701608657836914, -0.061346594244241714, -0.1664884090423584]	[4.940559387207031, 2.8090522289276123, 2.7039103507995605]
7	He reached out for something and it felt	TEAM_ONE_STEP_N38_CALIBRATED	[38, 1103, 2094]	2.870398759841919	ONE_STEP	2	0	257	 a	[1.510908842086792, -0.09081576764583588, -0.13433577120304108]	[1.510908842086792, -0.09081576764583588, -0.13433577120304108]
7	He reached out for something and it felt	TEAM_ONE_STEP_N38_CALIBRATED	[38, 1103, 2094]	2.870398759841919	ONE_STEP	3	0	16225	 hug	[0.8927655816078186, -0.12330727279186249, 0.2796962857246399]	[0.8927655816078186, -0.12330727279186249, 0.2796962857246399]
7	He reached out for something and it felt	TEAM_ONE_STEP_N38_CALIBRATED	[38, 1103, 2094]	2.870398759841919	ONE_STEP	4	0	13	.	[-0.006721836514770985, -0.08578866720199585, -0.1474291831254959]	[-0.006721836514770985, -0.08578866720199585, -0.1474291831254959]
7	He reached out for something and it felt	TEAM_ONE_STEP_N38_CALIBRATED	[38, 1103, 2094]	2.870398759841919	ONE_STEP	5	0	198	\n	[0.5901069641113281, -0.06521325558423996, 0.06479949504137039]	[0.5901069641113281, -0.06521325558423996, 0.06479949504137039]
7	He reached out for something and it felt	TEAM_ONE_STEP_N38_CALIBRATED	[38, 1103, 2094]	2.870398759841919	ONE_STEP	6	0	198	\n	[0.7401338815689087, -0.16111278533935547, 0.3097134232521057]	[0.7401338815689087, -0.16111278533935547, 0.3097134232521057]
7	He reached out for something and it felt	TEAM_ONE_STEP_N38_CALIBRATED	[38, 1103, 2094]	2.870398759841919	ONE_STEP	7	0	1	"	[0.3241179585456848, -0.11620026081800461, -0.16720640659332275]	[0.3241179585456848, -0.11620026081800461, -0.16720640659332275]
7	He reached out for something and it felt	TEAM_ONE_STEP_N38_CALIBRATED	[38, 1103, 2094]	2.870398759841919	ONE_STEP	8	0	40	I	[-0.05965251103043556, -0.1139235720038414, -0.16939929127693176]	[-0.05965251103043556, -0.1139235720038414, -0.16939929127693176]
7	He reached out for something and it felt	TEAM_ONE_STEP_N38_CALIBRATED	[38, 1103, 2094]	2.870398759841919	ONE_STEP	9	0	1101	'm	[-0.16988319158554077, -0.0011754591250792146, -0.04334510117769241]	[-0.16988319158554077, -0.0011754591250792146, -0.04334510117769241]
7	He reached out for something and it felt	TEAM_ONE_STEP_N38_CALIBRATED	[38, 1103, 2094]	2.870398759841919	ONE_STEP	10	0	7926	 sorry	[-0.1692086160182953, -0.14966222643852234, -0.10771950334310532]	[-0.1692086160182953, -0.14966222643852234, -0.10771950334310532]
7	He reached out for something and it felt	TEAM_ONE_STEP_N38_CALIBRATED	[38, 1103, 2094]	2.870398759841919	ONE_STEP	11	0	11	,	[-0.07912880927324295, -0.1495915949344635, 0.06445857137441635]	[-0.07912880927324295, -0.1495915949344635, 0.06445857137441635]
7	He reached out for something and it felt	TEAM_ONE_STEP_N38_CALIBRATED	[38, 1103, 2094]	2.870398759841919	ONE_STEP	12	0	314	 I	[-0.16989769041538239, -0.13030387461185455, -0.15607208013534546]	[-0.16989769041538239, -0.13030387461185455, -0.15607208013534546]
7	He reached out for something and it felt	TEAM_ONE_STEP_N38_CALIBRATED	[38, 1103, 2094]	2.870398759841919	ONE_STEP	13	0	1101	'm	[-0.13117240369319916, 0.47162896394729614, -0.050405144691467285]	[-0.13117240369319916, 0.47162896394729614, -0.050405144691467285]
7	He reached out for something and it felt	TEAM_ONE_STEP_N38_CALIBRATED	[38, 1103, 2094]	2.870398759841919	ONE_STEP	14	0	7926	 sorry	[-0.12614090740680695, -0.10894115269184113, -0.12431159615516663]	[-0.12614090740680695, -0.10894115269184113, -0.12431159615516663]
7	He reached out for something and it felt	TEAM_ONE_STEP_N38_CALIBRATED	[38, 1103, 2094]	2.870398759841919	ONE_STEP	15	0	553	,"	[-0.11499077826738358, -0.08629930764436722, 0.34513533115386963]	[-0.11499077826738358, -0.08629930764436722, 0.34513533115386963]
7	He reached out for something and it felt	TEAM_SUSTAINED_N38_CALIBRATED	[38, 1103, 2094]	2.870398759841919	SUSTAINED	1	1	588	 like	[2.0701608657836914, -0.061346594244241714, -0.1664884090423584]	[4.940559387207031, 2.8090522289276123, 2.7039103507995605]
7	He reached out for something and it felt	TEAM_SUSTAINED_N38_CALIBRATED	[38, 1103, 2094]	2.870398759841919	SUSTAINED	2	1	257	 a	[1.510908842086792, -0.09081576764583588, -0.13433577120304108]	[4.381307601928711, 2.779582977294922, 2.736063003540039]
7	He reached out for something and it felt	TEAM_SUSTAINED_N38_CALIBRATED	[38, 1103, 2094]	2.870398759841919	SUSTAINED	3	1	23905	 slap	[0.8927655816078186, -0.12330727279186249, 0.2796962857246399]	[3.7631642818450928, 2.74709153175354, 3.150094985961914]
7	He reached out for something and it felt	TEAM_SUSTAINED_N38_CALIBRATED	[38, 1103, 2094]	2.870398759841919	SUSTAINED	4	1	287	 in	[1.0089600086212158, -0.10223618149757385, -0.16027584671974182]	[3.8793587684631348, 2.768162488937378, 2.71012282371521]
7	He reached out for something and it felt	TEAM_SUSTAINED_N38_CALIBRATED	[38, 1103, 2094]	2.870398759841919	SUSTAINED	5	1	262	 the	[0.581346333026886, -0.05992419272661209, -0.1528869867324829]	[3.45174503326416, 2.8104746341705322, 2.7175116539001465]
7	He reached out for something and it felt	TEAM_SUSTAINED_N38_CALIBRATED	[38, 1103, 2094]	2.870398759841919	SUSTAINED	6	1	1986	 face	[0.795070469379425, -0.11255604028701782, -0.0914282277226448]	[3.665469169616699, 2.757842779159546, 2.77897047996521]
7	He reached out for something and it felt	TEAM_SUSTAINED_N38_CALIBRATED	[38, 1103, 2094]	2.870398759841919	SUSTAINED	7	1	13	.	[-0.1545756608247757, -0.026268605142831802, -0.06945208460092545]	[2.715823173522949, 2.844130039215088, 2.8009467124938965]
7	He reached out for something and it felt	TEAM_SUSTAINED_N38_CALIBRATED	[38, 1103, 2094]	2.870398759841919	SUSTAINED	8	1	198	\n	[0.42623573541641235, -0.04702409356832504, -0.07143376767635345]	[3.2966344356536865, 2.8233747482299805, 2.7989649772644043]
7	He reached out for something and it felt	TEAM_SUSTAINED_N38_CALIBRATED	[38, 1103, 2094]	2.870398759841919	SUSTAINED	9	1	198	\n	[0.614442765712738, -0.14836189150810242, 0.22991782426834106]	[3.4848415851593018, 2.722036838531494, 3.1003165245056152]
7	He reached out for something and it felt	TEAM_SUSTAINED_N38_CALIBRATED	[38, 1103, 2094]	2.870398759841919	SUSTAINED	10	1	1	"	[0.2802906632423401, -0.09958746284246445, -0.16914860904216766]	[3.1506893634796143, 2.7708113193511963, 2.7012500762939453]
7	He reached out for something and it felt	TEAM_SUSTAINED_N38_CALIBRATED	[38, 1103, 2094]	2.870398759841919	SUSTAINED	11	1	40	I	[-0.06970744580030441, -0.11618622392416, -0.16203294694423676]	[2.8006913661956787, 2.7542126178741455, 2.7083659172058105]
7	He reached out for something and it felt	TEAM_SUSTAINED_N38_CALIBRATED	[38, 1103, 2094]	2.870398759841919	SUSTAINED	12	1	1101	'm	[-0.16911189258098602, 0.007722204085439444, -0.03450308367609978]	[2.701286792755127, 2.8781208992004395, 2.8358957767486572]
7	He reached out for something and it felt	TEAM_SUSTAINED_N38_CALIBRATED	[38, 1103, 2094]	2.870398759841919	SUSTAINED	13	1	7926	 sorry	[-0.1687963604927063, -0.1405446082353592, -0.09327558428049088]	[2.7016024589538574, 2.729854106903076, 2.777123212814331]
7	He reached out for something and it felt	TEAM_SUSTAINED_N38_CALIBRATED	[38, 1103, 2094]	2.870398759841919	SUSTAINED	14	1	11	,	[-0.0675191581249237, -0.14521805942058563, 0.03946333006024361]	[2.802879571914673, 2.7251806259155273, 2.9098620414733887]
7	He reached out for something and it felt	TEAM_SUSTAINED_N38_CALIBRATED	[38, 1103, 2094]	2.870398759841919	SUSTAINED	15	1	475	 but	[-0.16921855509281158, -0.13556848466396332, -0.16093392670154572]	[2.7011802196502686, 2.734830379486084, 2.7094647884368896]
7	He reached out for something and it felt	N38_SUSTAINED_LEGACY_PLUS10	[38]	10.0	SUSTAINED	1	1	588	 like	[2.0701608657836914]	[12.070160865783691]
7	He reached out for something and it felt	N38_SUSTAINED_LEGACY_PLUS10	[38]	10.0	SUSTAINED	2	1	257	 a	[1.510908842086792]	[11.510909080505371]
7	He reached out for something and it felt	N38_SUSTAINED_LEGACY_PLUS10	[38]	10.0	SUSTAINED	3	1	922	 good	[0.8927655816078186]	[10.892765998840332]
7	He reached out for something and it felt	N38_SUSTAINED_LEGACY_PLUS10	[38]	10.0	SUSTAINED	4	1	2126	 idea	[0.24978959560394287]	[10.249789237976074]
7	He reached out for something and it felt	N38_SUSTAINED_LEGACY_PLUS10	[38]	10.0	SUSTAINED	5	1	13	.	[-0.11500296741724014]	[9.884997367858887]
7	He reached out for something and it felt	N38_SUSTAINED_LEGACY_PLUS10	[38]	10.0	SUSTAINED	6	1	198	\n	[0.10198156535625458]	[10.101981163024902]
7	He reached out for something and it felt	N38_SUSTAINED_LEGACY_PLUS10	[38]	10.0	SUSTAINED	7	1	198	\n	[0.6200643181800842]	[10.620064735412598]
7	He reached out for something and it felt	N38_SUSTAINED_LEGACY_PLUS10	[38]	10.0	SUSTAINED	8	1	1	"	[0.27018600702285767]	[10.270186424255371]
7	He reached out for something and it felt	N38_SUSTAINED_LEGACY_PLUS10	[38]	10.0	SUSTAINED	9	1	40	I	[-0.08919361233711243]	[9.910806655883789]
7	He reached out for something and it felt	N38_SUSTAINED_LEGACY_PLUS10	[38]	10.0	SUSTAINED	10	1	1101	'm	[-0.16535073518753052]	[9.834649085998535]
7	He reached out for something and it felt	N38_SUSTAINED_LEGACY_PLUS10	[38]	10.0	SUSTAINED	11	1	407	 not	[-0.16487158834934235]	[9.835128784179688]
7	He reached out for something and it felt	N38_SUSTAINED_LEGACY_PLUS10	[38]	10.0	SUSTAINED	12	1	1016	 going	[-0.15823255479335785]	[9.841767311096191]
7	He reached out for something and it felt	N38_SUSTAINED_LEGACY_PLUS10	[38]	10.0	SUSTAINED	13	1	284	 to	[-0.14160625636577606]	[9.858393669128418]
7	He reached out for something and it felt	N38_SUSTAINED_LEGACY_PLUS10	[38]	10.0	SUSTAINED	14	1	1560	 tell	[-0.032785918563604355]	[9.96721363067627]
7	He reached out for something and it felt	N38_SUSTAINED_LEGACY_PLUS10	[38]	10.0	SUSTAINED	15	1	345	 you	[-0.12786395847797394]	[9.872136116027832]
7	He reached out for something and it felt	TEAM_SUSTAINED_LEGACY_PLUS10	[38, 1103, 2094]	10.0	SUSTAINED	1	1	588	 like	[2.0701608657836914, -0.061346594244241714, -0.1664884090423584]	[12.070160865783691, 9.938652992248535, 9.833511352539062]
7	He reached out for something and it felt	TEAM_SUSTAINED_LEGACY_PLUS10	[38, 1103, 2094]	10.0	SUSTAINED	2	1	339	 he	[1.510908842086792, -0.09081576764583588, -0.13433577120304108]	[11.510909080505371, 9.909184455871582, 9.8656644821167]
7	He reached out for something and it felt	TEAM_SUSTAINED_LEGACY_PLUS10	[38, 1103, 2094]	10.0	SUSTAINED	3	1	373	 was	[0.2790085971355438, 0.09155425429344177, -0.16079427301883698]	[10.279008865356445, 10.091554641723633, 9.839205741882324]
7	He reached out for something and it felt	TEAM_SUSTAINED_LEGACY_PLUS10	[38, 1103, 2094]	10.0	SUSTAINED	4	1	2111	 trying	[-0.033951327204704285, 0.04474087804555893, -0.17001289129257202]	[9.966048240661621, 10.044740676879883, 9.829987525939941]
7	He reached out for something and it felt	TEAM_SUSTAINED_LEGACY_PLUS10	[38, 1103, 2094]	10.0	SUSTAINED	5	1	284	 to	[-0.1361469328403473, -0.16209380328655243, 0.034345224499702454]	[9.863853454589844, 9.837905883789062, 10.034345626831055]
7	He reached out for something and it felt	TEAM_SUSTAINED_LEGACY_PLUS10	[38, 1103, 2094]	10.0	SUSTAINED	6	1	651	 get	[-0.16467082500457764, -0.09580880403518677, -0.024394087493419647]	[9.835329055786133, 9.904191017150879, 9.975605964660645]
7	He reached out for something and it felt	TEAM_SUSTAINED_LEGACY_PLUS10	[38, 1103, 2094]	10.0	SUSTAINED	7	1	1497	 away	[-0.13696251809597015, -0.05858897417783737, 0.06736868619918823]	[9.863037109375, 9.941411018371582, 10.067368507385254]
7	He reached out for something and it felt	TEAM_SUSTAINED_LEGACY_PLUS10	[38, 1103, 2094]	10.0	SUSTAINED	8	1	13	.	[-0.15091247856616974, -0.032134607434272766, -0.17001719772815704]	[9.849087715148926, 9.967864990234375, 9.82998275756836]
7	He reached out for something and it felt	TEAM_SUSTAINED_LEGACY_PLUS10	[38, 1103, 2094]	10.0	SUSTAINED	9	1	198	\n	[0.5637800097465515, -0.08154512196779251, 0.14581933617591858]	[10.563779830932617, 9.918455123901367, 10.145819664001465]
7	He reached out for something and it felt	TEAM_SUSTAINED_LEGACY_PLUS10	[38, 1103, 2094]	10.0	SUSTAINED	10	1	198	\n	[0.5724474787712097, -0.15234847366809845, 0.5539464354515076]	[10.572447776794434, 9.847651481628418, 10.553946495056152]
7	He reached out for something and it felt	TEAM_SUSTAINED_LEGACY_PLUS10	[38, 1103, 2094]	10.0	SUSTAINED	11	1	1	"	[0.19382670521736145, -0.09020064771175385, -0.14235693216323853]	[10.193826675415039, 9.909799575805664, 9.857643127441406]
7	He reached out for something and it felt	TEAM_SUSTAINED_LEGACY_PLUS10	[38, 1103, 2094]	10.0	SUSTAINED	12	1	40	I	[-0.12548193335533142, -0.09648013859987259, -0.1688615083694458]	[9.874518394470215, 9.903519630432129, 9.831138610839844]
7	He reached out for something and it felt	TEAM_SUSTAINED_LEGACY_PLUS10	[38, 1103, 2094]	10.0	SUSTAINED	13	1	1101	'm	[-0.16884152591228485, -0.008094382472336292, -0.04531528800725937]	[9.831158638000488, 9.991905212402344, 9.954684257507324]
7	He reached out for something and it felt	TEAM_SUSTAINED_LEGACY_PLUS10	[38, 1103, 2094]	10.0	SUSTAINED	14	1	407	 not	[-0.16621999442577362, -0.1336788684129715, -0.10909520834684372]	[9.833780288696289, 9.866321563720703, 9.890904426574707]
7	He reached out for something and it felt	TEAM_SUSTAINED_LEGACY_PLUS10	[38, 1103, 2094]	10.0	SUSTAINED	15	1	1016	 going	[-0.15403449535369873, -0.08697198331356049, -0.06257127225399017]	[9.845965385437012, 9.9130277633667, 9.93742847442627]
7	He reached out for something and it felt	N38_SUSTAINED_NEG_NATURAL	[38]	-2.870398759841919	SUSTAINED	1	1	588	 like	[2.0701608657836914]	[-0.8002378940582275]
7	He reached out for something and it felt	N38_SUSTAINED_NEG_NATURAL	[38]	-2.870398759841919	SUSTAINED	2	1	257	 a	[1.510908842086792]	[-1.359489917755127]
7	He reached out for something and it felt	N38_SUSTAINED_NEG_NATURAL	[38]	-2.870398759841919	SUSTAINED	3	1	16225	 hug	[0.8927655816078186]	[-1.9776332378387451]
7	He reached out for something and it felt	N38_SUSTAINED_NEG_NATURAL	[38]	-2.870398759841919	SUSTAINED	4	1	13	.	[-0.006721836514770985]	[-2.8771204948425293]
7	He reached out for something and it felt	N38_SUSTAINED_NEG_NATURAL	[38]	-2.870398759841919	SUSTAINED	5	1	198	\n	[0.5901069641113281]	[-2.280291795730591]
7	He reached out for something and it felt	N38_SUSTAINED_NEG_NATURAL	[38]	-2.870398759841919	SUSTAINED	6	1	198	\n	[0.7401338815689087]	[-2.1302647590637207]
7	He reached out for something and it felt	N38_SUSTAINED_NEG_NATURAL	[38]	-2.870398759841919	SUSTAINED	7	1	1	"	[0.3241179585456848]	[-2.546280860900879]
7	He reached out for something and it felt	N38_SUSTAINED_NEG_NATURAL	[38]	-2.870398759841919	SUSTAINED	8	1	40	I	[-0.05965251103043556]	[-2.930051326751709]
7	He reached out for something and it felt	N38_SUSTAINED_NEG_NATURAL	[38]	-2.870398759841919	SUSTAINED	9	1	1101	'm	[-0.16988319158554077]	[-3.0402820110321045]
7	He reached out for something and it felt	N38_SUSTAINED_NEG_NATURAL	[38]	-2.870398759841919	SUSTAINED	10	1	7926	 sorry	[-0.1692086160182953]	[-3.039607286453247]
7	He reached out for something and it felt	N38_SUSTAINED_NEG_NATURAL	[38]	-2.870398759841919	SUSTAINED	11	1	11	,	[-0.07912880927324295]	[-2.9495275020599365]
7	He reached out for something and it felt	N38_SUSTAINED_NEG_NATURAL	[38]	-2.870398759841919	SUSTAINED	12	1	475	 but	[-0.16989769041538239]	[-3.0402965545654297]
7	He reached out for something and it felt	N38_SUSTAINED_NEG_NATURAL	[38]	-2.870398759841919	SUSTAINED	13	1	314	 I	[-0.053899407386779785]	[-2.9242982864379883]
7	He reached out for something and it felt	N38_SUSTAINED_NEG_NATURAL	[38]	-2.870398759841919	SUSTAINED	14	1	1101	'm	[-0.13816925883293152]	[-3.008568048477173]
7	He reached out for something and it felt	N38_SUSTAINED_NEG_NATURAL	[38]	-2.870398759841919	SUSTAINED	15	1	407	 not	[-0.14324556291103363]	[-3.013644218444824]
8	The first line of the novel is	CLEAN	[]	0.0	ONE_STEP	1	0	257	 a	[]	[]
8	The first line of the novel is	CLEAN	[]	0.0	ONE_STEP	2	0	1621	 story	[]	[]
8	The first line of the novel is	CLEAN	[]	0.0	ONE_STEP	3	0	546	 about	[]	[]
8	The first line of the novel is	CLEAN	[]	0.0	ONE_STEP	4	0	257	 a	[]	[]
8	The first line of the novel is	CLEAN	[]	0.0	ONE_STEP	5	0	1862	 young	[]	[]
8	The first line of the novel is	CLEAN	[]	0.0	ONE_STEP	6	0	2576	 girl	[]	[]
8	The first line of the novel is	CLEAN	[]	0.0	ONE_STEP	7	0	508	 who	[]	[]
8	The first line of the novel is	CLEAN	[]	0.0	ONE_STEP	8	0	318	 is	[]	[]
8	The first line of the novel is	CLEAN	[]	0.0	ONE_STEP	9	0	4137	 forced	[]	[]
8	The first line of the novel is	CLEAN	[]	0.0	ONE_STEP	10	0	284	 to	[]	[]
8	The first line of the novel is	CLEAN	[]	0.0	ONE_STEP	11	0	2107	 live	[]	[]
8	The first line of the novel is	CLEAN	[]	0.0	ONE_STEP	12	0	351	 with	[]	[]
8	The first line of the novel is	CLEAN	[]	0.0	ONE_STEP	13	0	607	 her	[]	[]
8	The first line of the novel is	CLEAN	[]	0.0	ONE_STEP	14	0	3397	 parents	[]	[]
8	The first line of the novel is	CLEAN	[]	0.0	ONE_STEP	15	0	287	 in	[]	[]
8	The first line of the novel is	N38_ONE_STEP_NATURAL	[38]	2.870398759841919	ONE_STEP	1	1	257	 a	[0.08992389589548111]	[2.960322618484497]
8	The first line of the novel is	N38_ONE_STEP_NATURAL	[38]	2.870398759841919	ONE_STEP	2	0	1621	 story	[0.10502766817808151]	[0.10502766817808151]
8	The first line of the novel is	N38_ONE_STEP_NATURAL	[38]	2.870398759841919	ONE_STEP	3	0	546	 about	[-0.15080244839191437]	[-0.15080244839191437]
8	The first line of the novel is	N38_ONE_STEP_NATURAL	[38]	2.870398759841919	ONE_STEP	4	0	257	 a	[-0.16768145561218262]	[-0.16768145561218262]
8	The first line of the novel is	N38_ONE_STEP_NATURAL	[38]	2.870398759841919	ONE_STEP	5	0	1862	 young	[-0.1464284360408783]	[-0.1464284360408783]
8	The first line of the novel is	N38_ONE_STEP_NATURAL	[38]	2.870398759841919	ONE_STEP	6	0	2576	 girl	[-0.1591929793357849]	[-0.1591929793357849]
8	The first line of the novel is	N38_ONE_STEP_NATURAL	[38]	2.870398759841919	ONE_STEP	7	0	508	 who	[0.013695898465812206]	[0.013695898465812206]
8	The first line of the novel is	N38_ONE_STEP_NATURAL	[38]	2.870398759841919	ONE_STEP	8	0	318	 is	[-0.0012319027446210384]	[-0.0012319027446210384]
8	The first line of the novel is	N38_ONE_STEP_NATURAL	[38]	2.870398759841919	ONE_STEP	9	0	4137	 forced	[-0.16983439028263092]	[-0.16983439028263092]
8	The first line of the novel is	N38_ONE_STEP_NATURAL	[38]	2.870398759841919	ONE_STEP	10	0	284	 to	[-0.1058255136013031]	[-0.1058255136013031]
8	The first line of the novel is	N38_ONE_STEP_NATURAL	[38]	2.870398759841919	ONE_STEP	11	0	2107	 live	[-0.11218776553869247]	[-0.11218776553869247]
8	The first line of the novel is	N38_ONE_STEP_NATURAL	[38]	2.870398759841919	ONE_STEP	12	0	351	 with	[-0.048722200095653534]	[-0.048722200095653534]
8	The first line of the novel is	N38_ONE_STEP_NATURAL	[38]	2.870398759841919	ONE_STEP	13	0	607	 her	[-0.004348860587924719]	[-0.004348860587924719]
8	The first line of the novel is	N38_ONE_STEP_NATURAL	[38]	2.870398759841919	ONE_STEP	14	0	3397	 parents	[-0.1467089205980301]	[-0.1467089205980301]
8	The first line of the novel is	N38_ONE_STEP_NATURAL	[38]	2.870398759841919	ONE_STEP	15	0	287	 in	[-0.16954870522022247]	[-0.16954870522022247]
8	The first line of the novel is	N38_SUSTAINED_NATURAL	[38]	2.870398759841919	SUSTAINED	1	1	257	 a	[0.08992389589548111]	[2.960322618484497]
8	The first line of the novel is	N38_SUSTAINED_NATURAL	[38]	2.870398759841919	SUSTAINED	2	1	1621	 story	[0.10502766817808151]	[2.975426435470581]
8	The first line of the novel is	N38_SUSTAINED_NATURAL	[38]	2.870398759841919	SUSTAINED	3	1	546	 about	[-0.15080244839191437]	[2.7195963859558105]
8	The first line of the novel is	N38_SUSTAINED_NATURAL	[38]	2.870398759841919	SUSTAINED	4	1	257	 a	[-0.16768145561218262]	[2.7027173042297363]
8	The first line of the novel is	N38_SUSTAINED_NATURAL	[38]	2.870398759841919	SUSTAINED	5	1	1862	 young	[-0.1464284360408783]	[2.723970413208008]
8	The first line of the novel is	N38_SUSTAINED_NATURAL	[38]	2.870398759841919	SUSTAINED	6	1	2576	 girl	[-0.1591929793357849]	[2.7112057209014893]
8	The first line of the novel is	N38_SUSTAINED_NATURAL	[38]	2.870398759841919	SUSTAINED	7	1	508	 who	[0.013695898465812206]	[2.884094715118408]
8	The first line of the novel is	N38_SUSTAINED_NATURAL	[38]	2.870398759841919	SUSTAINED	8	1	318	 is	[-0.0012319027446210384]	[2.869166851043701]
8	The first line of the novel is	N38_SUSTAINED_NATURAL	[38]	2.870398759841919	SUSTAINED	9	1	257	 a	[-0.16983439028263092]	[2.700564384460449]
8	The first line of the novel is	N38_SUSTAINED_NATURAL	[38]	2.870398759841919	SUSTAINED	10	1	2888	 member	[-0.15666645765304565]	[2.7137322425842285]
8	The first line of the novel is	N38_SUSTAINED_NATURAL	[38]	2.870398759841919	SUSTAINED	11	1	286	 of	[-0.051482170820236206]	[2.8189165592193604]
8	The first line of the novel is	N38_SUSTAINED_NATURAL	[38]	2.870398759841919	SUSTAINED	12	1	257	 a	[-0.11600648611783981]	[2.754392385482788]
8	The first line of the novel is	N38_SUSTAINED_NATURAL	[38]	2.870398759841919	SUSTAINED	13	1	1448	 group	[-0.12704148888587952]	[2.7433571815490723]
8	The first line of the novel is	N38_SUSTAINED_NATURAL	[38]	2.870398759841919	SUSTAINED	14	1	286	 of	[-0.044810667634010315]	[2.8255879878997803]
8	The first line of the novel is	N38_SUSTAINED_NATURAL	[38]	2.870398759841919	SUSTAINED	15	1	661	 people	[-0.09994032979011536]	[2.770458459854126]
8	The first line of the novel is	TEAM_ONE_STEP_N38_CALIBRATED	[38, 1103, 2094]	2.870398759841919	ONE_STEP	1	1	257	 a	[0.08992389589548111, -0.08812706172466278, -0.0789766013622284]	[2.960322618484497, 2.78227162361145, 2.791422128677368]
8	The first line of the novel is	TEAM_ONE_STEP_N38_CALIBRATED	[38, 1103, 2094]	2.870398759841919	ONE_STEP	2	0	1621	 story	[0.10502766817808151, -0.10682878643274307, -0.16857588291168213]	[0.10502766817808151, -0.10682878643274307, -0.16857588291168213]
8	The first line of the novel is	TEAM_ONE_STEP_N38_CALIBRATED	[38, 1103, 2094]	2.870398759841919	ONE_STEP	3	0	546	 about	[-0.15080244839191437, -0.16928553581237793, -0.0729556530714035]	[-0.15080244839191437, -0.16928553581237793, -0.0729556530714035]
8	The first line of the novel is	TEAM_ONE_STEP_N38_CALIBRATED	[38, 1103, 2094]	2.870398759841919	ONE_STEP	4	0	257	 a	[-0.16768145561218262, -0.0759642943739891, -0.13665767014026642]	[-0.16768145561218262, -0.0759642943739891, -0.13665767014026642]
8	The first line of the novel is	TEAM_ONE_STEP_N38_CALIBRATED	[38, 1103, 2094]	2.870398759841919	ONE_STEP	5	0	1862	 young	[-0.1464284360408783, -0.15485145151615143, -0.0238204263150692]	[-0.1464284360408783, -0.15485145151615143, -0.0238204263150692]
8	The first line of the novel is	TEAM_ONE_STEP_N38_CALIBRATED	[38, 1103, 2094]	2.870398759841919	ONE_STEP	6	0	2576	 girl	[-0.1591929793357849, -0.16842184960842133, 0.1914469301700592]	[-0.1591929793357849, -0.16842184960842133, 0.1914469301700592]
8	The first line of the novel is	TEAM_ONE_STEP_N38_CALIBRATED	[38, 1103, 2094]	2.870398759841919	ONE_STEP	7	0	508	 who	[0.013695898465812206, -0.16856694221496582, -0.05202910304069519]	[0.013695898465812206, -0.16856694221496582, -0.05202910304069519]
8	The first line of the novel is	TEAM_ONE_STEP_N38_CALIBRATED	[38, 1103, 2094]	2.870398759841919	ONE_STEP	8	0	318	 is	[-0.0012319027446210384, -0.13508281111717224, -0.12437999248504639]	[-0.0012319027446210384, -0.13508281111717224, -0.12437999248504639]
8	The first line of the novel is	TEAM_ONE_STEP_N38_CALIBRATED	[38, 1103, 2094]	2.870398759841919	ONE_STEP	9	0	4137	 forced	[-0.16983439028263092, -0.16971886157989502, -0.16991287469863892]	[-0.16983439028263092, -0.16971886157989502, -0.16991287469863892]
8	The first line of the novel is	TEAM_ONE_STEP_N38_CALIBRATED	[38, 1103, 2094]	2.870398759841919	ONE_STEP	10	0	284	 to	[-0.1058255136013031, -0.15994295477867126, 0.3170531094074249]	[-0.1058255136013031, -0.15994295477867126, 0.3170531094074249]
8	The first line of the novel is	TEAM_ONE_STEP_N38_CALIBRATED	[38, 1103, 2094]	2.870398759841919	ONE_STEP	11	0	2107	 live	[-0.11218776553869247, -0.10414259135723114, -0.16177502274513245]	[-0.11218776553869247, -0.10414259135723114, -0.16177502274513245]
8	The first line of the novel is	TEAM_ONE_STEP_N38_CALIBRATED	[38, 1103, 2094]	2.870398759841919	ONE_STEP	12	0	351	 with	[-0.048722200095653534, -0.0787932351231575, -0.04793480038642883]	[-0.048722200095653534, -0.0787932351231575, -0.04793480038642883]
8	The first line of the novel is	TEAM_ONE_STEP_N38_CALIBRATED	[38, 1103, 2094]	2.870398759841919	ONE_STEP	13	0	607	 her	[-0.004348860587924719, -0.02732987515628338, -0.14347121119499207]	[-0.004348860587924719, -0.02732987515628338, -0.14347121119499207]
8	The first line of the novel is	TEAM_ONE_STEP_N38_CALIBRATED	[38, 1103, 2094]	2.870398759841919	ONE_STEP	14	0	3397	 parents	[-0.1467089205980301, -0.1421099752187729, -0.15405255556106567]	[-0.1467089205980301, -0.1421099752187729, -0.15405255556106567]
8	The first line of the novel is	TEAM_ONE_STEP_N38_CALIBRATED	[38, 1103, 2094]	2.870398759841919	ONE_STEP	15	0	287	 in	[-0.16954870522022247, -0.12515072524547577, -0.03485481068491936]	[-0.16954870522022247, -0.12515072524547577, -0.03485481068491936]
8	The first line of the novel is	TEAM_SUSTAINED_N38_CALIBRATED	[38, 1103, 2094]	2.870398759841919	SUSTAINED	1	1	257	 a	[0.08992389589548111, -0.08812706172466278, -0.0789766013622284]	[2.960322618484497, 2.78227162361145, 2.791422128677368]
8	The first line of the novel is	TEAM_SUSTAINED_N38_CALIBRATED	[38, 1103, 2094]	2.870398759841919	SUSTAINED	2	1	1621	 story	[0.10502766817808151, -0.10682878643274307, -0.16857588291168213]	[2.975426435470581, 2.7635700702667236, 2.7018227577209473]
8	The first line of the novel is	TEAM_SUSTAINED_N38_CALIBRATED	[38, 1103, 2094]	2.870398759841919	SUSTAINED	3	1	286	 of	[-0.15080244839191437, -0.16928553581237793, -0.0729556530714035]	[2.7195963859558105, 2.701113224029541, 2.797443151473999]
8	The first line of the novel is	TEAM_SUSTAINED_N38_CALIBRATED	[38, 1103, 2094]	2.870398759841919	SUSTAINED	4	1	257	 a	[-0.14714471995830536, -0.09844230860471725, -0.16811628639698029]	[2.7232539653778076, 2.771956443786621, 2.702282428741455]
8	The first line of the novel is	TEAM_SUSTAINED_N38_CALIBRATED	[38, 1103, 2094]	2.870398759841919	SUSTAINED	5	1	1862	 young	[-0.13441389799118042, -0.16825805604457855, -0.04398326203227043]	[2.7359848022460938, 2.7021408081054688, 2.826415538787842]
8	The first line of the novel is	TEAM_SUSTAINED_N38_CALIBRATED	[38, 1103, 2094]	2.870398759841919	SUSTAINED	6	1	2576	 girl	[-0.1407853215932846, -0.15457871556282043, 0.19149050116539001]	[2.7296135425567627, 2.715820074081421, 3.061889171600342]
8	The first line of the novel is	TEAM_SUSTAINED_N38_CALIBRATED	[38, 1103, 2094]	2.870398759841919	SUSTAINED	7	1	508	 who	[0.07072039693593979, -0.15818622708320618, -0.05756887421011925]	[2.9411191940307617, 2.712212562561035, 2.8128299713134766]
8	The first line of the novel is	TEAM_SUSTAINED_N38_CALIBRATED	[38, 1103, 2094]	2.870398759841919	SUSTAINED	8	1	318	 is	[0.05477193370461464, -0.1423008143901825, -0.13612616062164307]	[2.925170660018921, 2.728097915649414, 2.7342724800109863]
8	The first line of the novel is	TEAM_SUSTAINED_N38_CALIBRATED	[38, 1103, 2094]	2.870398759841919	SUSTAINED	9	1	4137	 forced	[-0.16773158311843872, -0.169542595744133, -0.16736790537834167]	[2.702667236328125, 2.7008562088012695, 2.703030824661255]
8	The first line of the novel is	TEAM_SUSTAINED_N38_CALIBRATED	[38, 1103, 2094]	2.870398759841919	SUSTAINED	10	1	284	 to	[-0.11305718123912811, -0.16168439388275146, 0.3514486253261566]	[2.7573416233062744, 2.708714485168457, 3.2218472957611084]
8	The first line of the novel is	TEAM_SUSTAINED_N38_CALIBRATED	[38, 1103, 2094]	2.870398759841919	SUSTAINED	11	1	3853	 choose	[-0.11547502130270004, -0.10340936481952667, -0.16661417484283447]	[2.7549238204956055, 2.7669894695281982, 2.703784465789795]
8	The first line of the novel is	TEAM_SUSTAINED_N38_CALIBRATED	[38, 1103, 2094]	2.870398759841919	SUSTAINED	12	1	1022	 between	[-0.16345827281475067, -0.12447699159383774, -0.15873464941978455]	[2.7069404125213623, 2.7459218502044678, 2.7116641998291016]
8	The first line of the novel is	TEAM_SUSTAINED_N38_CALIBRATED	[38, 1103, 2094]	2.870398759841919	SUSTAINED	13	1	607	 her	[-0.08967985957860947, -0.10992828011512756, -0.14470550417900085]	[2.7807188034057617, 2.760470390319824, 2.7256932258605957]
8	The first line of the novel is	TEAM_SUSTAINED_N38_CALIBRATED	[38, 1103, 2094]	2.870398759841919	SUSTAINED	14	1	1204	 life	[-0.1549151986837387, -0.01938658207654953, -0.15539032220840454]	[2.7154836654663086, 2.8510122299194336, 2.715008497238159]
8	The first line of the novel is	TEAM_SUSTAINED_N38_CALIBRATED	[38, 1103, 2094]	2.870398759841919	SUSTAINED	15	1	290	 and	[-0.09843502938747406, 0.08694590628147125, -0.03109101578593254]	[2.7719638347625732, 2.9573447704315186, 2.8393077850341797]
8	The first line of the novel is	N38_SUSTAINED_LEGACY_PLUS10	[38]	10.0	SUSTAINED	1	1	257	 a	[0.08992389589548111]	[10.089923858642578]
8	The first line of the novel is	N38_SUSTAINED_LEGACY_PLUS10	[38]	10.0	SUSTAINED	2	1	2829	 simple	[0.10502766817808151]	[10.105027198791504]
8	The first line of the novel is	N38_SUSTAINED_LEGACY_PLUS10	[38]	10.0	SUSTAINED	3	1	530	 one	[0.12014984339475632]	[10.120149612426758]
8	The first line of the novel is	N38_SUSTAINED_LEGACY_PLUS10	[38]	10.0	SUSTAINED	4	1	25	:	[-0.16605786979198456]	[9.833942413330078]
8	The first line of the novel is	N38_SUSTAINED_LEGACY_PLUS10	[38]	10.0	SUSTAINED	5	1	366	 "	[-0.15776751935482025]	[9.842232704162598]
8	The first line of the novel is	N38_SUSTAINED_LEGACY_PLUS10	[38]	10.0	SUSTAINED	6	1	40	I	[-0.0867745503783226]	[9.913225173950195]
8	The first line of the novel is	N38_SUSTAINED_LEGACY_PLUS10	[38]	10.0	SUSTAINED	7	1	1101	'm	[0.17165999114513397]	[10.171660423278809]
8	The first line of the novel is	N38_SUSTAINED_LEGACY_PLUS10	[38]	10.0	SUSTAINED	8	1	257	 a	[0.2094450145959854]	[10.209444999694824]
8	The first line of the novel is	N38_SUSTAINED_LEGACY_PLUS10	[38]	10.0	SUSTAINED	9	1	1862	 young	[-0.07886402308940887]	[9.921135902404785]
8	The first line of the novel is	N38_SUSTAINED_LEGACY_PLUS10	[38]	10.0	SUSTAINED	10	1	582	 man	[-0.13925515115261078]	[9.86074447631836]
8	The first line of the novel is	N38_SUSTAINED_LEGACY_PLUS10	[38]	10.0	SUSTAINED	11	1	11	,	[-0.059406887739896774]	[9.940592765808105]
8	The first line of the novel is	N38_SUSTAINED_LEGACY_PLUS10	[38]	10.0	SUSTAINED	12	1	290	 and	[0.24593651294708252]	[10.245936393737793]
8	The first line of the novel is	N38_SUSTAINED_LEGACY_PLUS10	[38]	10.0	SUSTAINED	13	1	314	 I	[0.38782376050949097]	[10.387824058532715]
8	The first line of the novel is	N38_SUSTAINED_LEGACY_PLUS10	[38]	10.0	SUSTAINED	14	1	1101	'm	[-0.11118421703577042]	[9.888815879821777]
8	The first line of the novel is	N38_SUSTAINED_LEGACY_PLUS10	[38]	10.0	SUSTAINED	15	1	407	 not	[-0.14784587919712067]	[9.852153778076172]
8	The first line of the novel is	TEAM_SUSTAINED_LEGACY_PLUS10	[38, 1103, 2094]	10.0	SUSTAINED	1	1	257	 a	[0.08992389589548111, -0.08812706172466278, -0.0789766013622284]	[10.089923858642578, 9.911872863769531, 9.92102336883545]
8	The first line of the novel is	TEAM_SUSTAINED_LEGACY_PLUS10	[38, 1103, 2094]	10.0	SUSTAINED	2	1	2829	 simple	[0.10502766817808151, -0.10682878643274307, -0.16857588291168213]	[10.105027198791504, 9.893171310424805, 9.83142375946045]
8	The first line of the novel is	TEAM_SUSTAINED_LEGACY_PLUS10	[38, 1103, 2094]	10.0	SUSTAINED	3	1	530	 one	[0.12014984339475632, -0.07503597438335419, 1.300063967704773]	[10.120149612426758, 9.92496395111084, 11.300064086914062]
8	The first line of the novel is	TEAM_SUSTAINED_LEGACY_PLUS10	[38, 1103, 2094]	10.0	SUSTAINED	4	1	25	:	[-0.16605786979198456, -0.08555122464895248, -0.03759936988353729]	[9.833942413330078, 9.914448738098145, 9.962400436401367]
8	The first line of the novel is	TEAM_SUSTAINED_LEGACY_PLUS10	[38, 1103, 2094]	10.0	SUSTAINED	5	1	366	 "	[-0.15776751935482025, -0.055845707654953, -0.15739567577838898]	[9.842232704162598, 9.944154739379883, 9.842604637145996]
8	The first line of the novel is	TEAM_SUSTAINED_LEGACY_PLUS10	[38, 1103, 2094]	10.0	SUSTAINED	6	1	40	I	[-0.0867745503783226, -0.03791584447026253, -0.12098702043294907]	[9.913225173950195, 9.96208381652832, 9.879013061523438]
8	The first line of the novel is	TEAM_SUSTAINED_LEGACY_PLUS10	[38, 1103, 2094]	10.0	SUSTAINED	7	1	716	 am	[0.17165999114513397, 0.028111062943935394, -0.022673632949590683]	[10.171660423278809, 10.028111457824707, 9.977326393127441]
8	The first line of the novel is	TEAM_SUSTAINED_LEGACY_PLUS10	[38, 1103, 2094]	10.0	SUSTAINED	8	1	257	 a	[0.20824258029460907, -0.090568907558918, -0.06651352345943451]	[10.208242416381836, 9.909431457519531, 9.933486938476562]
8	The first line of the novel is	TEAM_SUSTAINED_LEGACY_PLUS10	[38, 1103, 2094]	10.0	SUSTAINED	9	1	1862	 young	[-0.09530403465032578, -0.08220118284225464, -0.07889610528945923]	[9.904695510864258, 9.91779899597168, 9.921103477478027]
8	The first line of the novel is	TEAM_SUSTAINED_LEGACY_PLUS10	[38, 1103, 2094]	10.0	SUSTAINED	10	1	582	 man	[-0.12904667854309082, -0.07020021975040436, 0.64644855260849]	[9.870953559875488, 9.929800033569336, 10.646448135375977]
8	The first line of the novel is	TEAM_SUSTAINED_LEGACY_PLUS10	[38, 1103, 2094]	10.0	SUSTAINED	11	1	11	,	[-0.06873636692762375, -0.10964622348546982, -0.11187675595283508]	[9.93126392364502, 9.89035415649414, 9.888123512268066]
8	The first line of the novel is	TEAM_SUSTAINED_LEGACY_PLUS10	[38, 1103, 2094]	10.0	SUSTAINED	12	1	290	 and	[0.2602088451385498, -0.06529519706964493, -0.16832281649112701]	[10.260209083557129, 9.934704780578613, 9.831677436828613]
8	The first line of the novel is	TEAM_SUSTAINED_LEGACY_PLUS10	[38, 1103, 2094]	10.0	SUSTAINED	13	1	314	 I	[0.41300269961357117, -0.1638576090335846, -0.14353908598423004]	[10.413002967834473, 9.836142539978027, 9.856460571289062]
8	The first line of the novel is	TEAM_SUSTAINED_LEGACY_PLUS10	[38, 1103, 2094]	10.0	SUSTAINED	14	1	716	 am	[-0.09599843621253967, -0.1425982564687729, -0.09691641479730606]	[9.904001235961914, 9.857401847839355, 9.903083801269531]
8	The first line of the novel is	TEAM_SUSTAINED_LEGACY_PLUS10	[38, 1103, 2094]	10.0	SUSTAINED	15	1	407	 not	[-0.16946059465408325, -0.15977977216243744, -0.15819710493087769]	[9.83053970336914, 9.84022045135498, 9.841802597045898]
8	The first line of the novel is	N38_SUSTAINED_NEG_NATURAL	[38]	-2.870398759841919	SUSTAINED	1	1	257	 a	[0.08992389589548111]	[-2.780474901199341]
8	The first line of the novel is	N38_SUSTAINED_NEG_NATURAL	[38]	-2.870398759841919	SUSTAINED	2	1	1621	 story	[0.10502766817808151]	[-2.765371084213257]
8	The first line of the novel is	N38_SUSTAINED_NEG_NATURAL	[38]	-2.870398759841919	SUSTAINED	3	1	546	 about	[-0.15080244839191437]	[-3.0212011337280273]
8	The first line of the novel is	N38_SUSTAINED_NEG_NATURAL	[38]	-2.870398759841919	SUSTAINED	4	1	257	 a	[-0.16768145561218262]	[-3.0380802154541016]
8	The first line of the novel is	N38_SUSTAINED_NEG_NATURAL	[38]	-2.870398759841919	SUSTAINED	5	1	1862	 young	[-0.1464284360408783]	[-3.01682710647583]
8	The first line of the novel is	N38_SUSTAINED_NEG_NATURAL	[38]	-2.870398759841919	SUSTAINED	6	1	2576	 girl	[-0.1591929793357849]	[-3.0295917987823486]
8	The first line of the novel is	N38_SUSTAINED_NEG_NATURAL	[38]	-2.870398759841919	SUSTAINED	7	1	508	 who	[0.013695898465812206]	[-2.8567028045654297]
8	The first line of the novel is	N38_SUSTAINED_NEG_NATURAL	[38]	-2.870398759841919	SUSTAINED	8	1	318	 is	[-0.0012319027446210384]	[-2.8716306686401367]
8	The first line of the novel is	N38_SUSTAINED_NEG_NATURAL	[38]	-2.870398759841919	SUSTAINED	9	1	4137	 forced	[-0.16983439028263092]	[-3.0402331352233887]
8	The first line of the novel is	N38_SUSTAINED_NEG_NATURAL	[38]	-2.870398759841919	SUSTAINED	10	1	284	 to	[-0.1058255136013031]	[-2.976224184036255]
8	The first line of the novel is	N38_SUSTAINED_NEG_NATURAL	[38]	-2.870398759841919	SUSTAINED	11	1	12479	 marry	[-0.11218776553869247]	[-2.982586622238159]
8	The first line of the novel is	N38_SUSTAINED_NEG_NATURAL	[38]	-2.870398759841919	SUSTAINED	12	1	257	 a	[-0.06533513218164444]	[-2.9357337951660156]
8	The first line of the novel is	N38_SUSTAINED_NEG_NATURAL	[38]	-2.870398759841919	SUSTAINED	13	1	582	 man	[-0.10466735064983368]	[-2.9750661849975586]
8	The first line of the novel is	N38_SUSTAINED_NEG_NATURAL	[38]	-2.870398759841919	SUSTAINED	14	1	508	 who	[-0.15490947663784027]	[-3.025308132171631]
8	The first line of the novel is	N38_SUSTAINED_NEG_NATURAL	[38]	-2.870398759841919	SUSTAINED	15	1	318	 is	[-0.14407695829868317]	[-3.0144758224487305]
