# generated_utc	2026-08-14T15:34:58+00:00
# script	probe_v6.py
# python	3.11.15
# torch	2.9.0+cu128
# transformers	4.57.1
# device	cuda:0
# gpu	NVIDIA GeForce RTX 5060 Laptop GPU
# revision	607a30d783dfa663caf39e06633721c8d4cfcd7e
# layer	5
# tf32_matmul	False
# tf32_cudnn	False
# theta_sha256	113687a222f8cf98039222c27b39aaf716493e5e8c1db94ea4e6544e0814088c
# n_rows	1623
string	bos	rho	n_tok	dest	delta	t_star	runner_up	peak_val	tokens	token_ids	peak_20	peakpos_20	peak_38	peakpos_38	peak_281	peakpos_281	peak_464	peakpos_464	peak_1430	peakpos_1430	peak_1790	peakpos_1790	peak_1888	peakpos_1888	peak_2094	peakpos_2094	peak_2256	peakpos_2256	prefix	prefix_dest	prefix_delta	prefix_agrees	seed_name	seed_string	target_dest	branch	rng_seed	evaluation_index	source_string	source_token_ids	intended_token_ids	realised_token_ids	intended_n_tok	realised_n_tok	intended_edit_distance	realised_edit_distance	roundtrip_stable	intervention_agrees	edit_position
at Mackinaw	1	R	4	20	0.322105	3	1430	3.081347	["at", " Mack", "in", "aw"]	[265, 16640, 259, 707]	3.081347	3	0.11632	0	0.175272	2	-0.003387	4	2.759242	3	2.250798	1	2.295273	2	0.239423	0	2.36087	0	at Mackin	20	0.322105	1	mackinaw_20	at Mackinaw	20	SEED	NA	0	at Mackinaw	[265, 16640, 259, 707]	[265, 16640, 259, 707]	[265, 16640, 259, 707]	4	4	0	0	1	1	NA
it was Mackinaw	1	R	5	20	0.253071	4	1430	3.134665	["it", " was", " Mack", "in", "aw"]	[270, 373, 16640, 259, 707]	3.134665	4	0.664959	2	0.169025	1	0.163932	1	2.881595	4	2.132133	4	2.662537	1	0.239423	0	2.36087	0	it was Mackin	20	0.253071	1	mackinaw_20	at Mackinaw	20	A_CARRIER	NA	1	at Mackinaw	[265, 16640, 259, 707]	[270, 373, 16640, 259, 707]	[270, 373, 16640, 259, 707]	5	5	2	2	1	1	NA
it is Mackinaw	1	R	5	20	0.346351	4	1888	3.115188	["it", " is", " Mack", "in", "aw"]	[270, 318, 16640, 259, 707]	3.115188	4	0.11632	0	0.169025	1	0.376973	2	2.75564	4	2.235741	4	2.768837	3	0.239423	0	2.36087	0	it is Mackin	20	0.346351	1	mackinaw_20	at Mackinaw	20	A_CARRIER	NA	2	at Mackinaw	[265, 16640, 259, 707]	[270, 318, 16640, 259, 707]	[270, 318, 16640, 259, 707]	5	5	2	2	1	1	NA
it felt Mackinaw	1	R	5	20	0.281214	4	1430	3.062205	["it", " felt", " Mack", "in", "aw"]	[270, 2936, 16640, 259, 707]	3.062205	4	2.053698	2	0.350019	2	0.163932	1	2.780991	4	2.016331	1	2.662537	1	0.239423	0	2.36087	0	it felt Mackin	20	0.281214	1	mackinaw_20	at Mackinaw	20	A_CARRIER	NA	3	at Mackinaw	[265, 16640, 259, 707]	[270, 2936, 16640, 259, 707]	[270, 2936, 16640, 259, 707]	5	5	2	2	1	1	NA
it seemed Mackinaw	1	R	5	20	0.39619	4	1430	3.136997	["it", " seemed", " Mack", "in", "aw"]	[270, 3947, 16640, 259, 707]	3.136997	4	1.447609	2	0.181208	2	0.163932	1	2.740807	4	2.016331	1	2.662537	1	0.239423	0	2.36087	0	it seemed Mackin	20	0.39619	1	mackinaw_20	at Mackinaw	20	A_CARRIER	NA	4	at Mackinaw	[265, 16640, 259, 707]	[270, 3947, 16640, 259, 707]	[270, 3947, 16640, 259, 707]	5	5	2	2	1	1	NA
this was Mackinaw	1	R	5	20	0.271438	4	1430	3.090024	["this", " was", " Mack", "in", "aw"]	[5661, 373, 16640, 259, 707]	3.090024	4	0.11632	0	0.365055	1	0.825628	1	2.818586	4	2.167258	4	2.611214	3	0.239423	0	2.36087	0	this was Mackin	20	0.271438	1	mackinaw_20	at Mackinaw	20	A_CARRIER	NA	5	at Mackinaw	[265, 16640, 259, 707]	[5661, 373, 16640, 259, 707]	[5661, 373, 16640, 259, 707]	5	5	2	2	1	1	NA
that was Mackinaw	1	R	5	20	0.236437	4	1430	3.091458	["that", " was", " Mack", "in", "aw"]	[5562, 373, 16640, 259, 707]	3.091458	4	0.11632	0	-0.000821	0	0.378389	1	2.855021	4	2.143235	1	2.431978	1	0.239423	0	2.36087	0	that was Mackin	20	0.236437	1	mackinaw_20	at Mackinaw	20	A_CARRIER	NA	6	at Mackinaw	[265, 16640, 259, 707]	[5562, 373, 16640, 259, 707]	[5562, 373, 16640, 259, 707]	5	5	2	2	1	1	NA
everything was Mackinaw	1	R	5	20	0.261162	4	1430	3.039054	["everything", " was", " Mack", "in", "aw"]	[37814, 373, 16640, 259, 707]	3.039054	4	0.671892	2	0.507138	1	-0.001162	5	2.777892	4	2.620756	1	2.609196	3	0.239423	0	2.36087	0	everything was Mackin	20	0.261162	1	mackinaw_20	at Mackinaw	20	A_CARRIER	NA	7	at Mackinaw	[265, 16640, 259, 707]	[37814, 373, 16640, 259, 707]	[37814, 373, 16640, 259, 707]	5	5	2	2	1	1	NA
nothing was Mackinaw	1	R	5	20	0.302742	4	1613	3.082702	["nothing", " was", " Mack", "in", "aw"]	[22366, 373, 16640, 259, 707]	3.082702	4	0.573002	2	0.006462	1	0.021808	1	2.731168	4	2.174716	4	2.697892	3	0.239423	0	2.36087	0	nothing was Mackin	20	0.302742	1	mackinaw_20	at Mackinaw	20	A_CARRIER	NA	8	at Mackinaw	[265, 16640, 259, 707]	[22366, 373, 16640, 259, 707]	[22366, 373, 16640, 259, 707]	5	5	2	2	1	1	NA
the air was Mackinaw	1	R	6	2073	0.377238	2	20	3.571815	["the", " air", " was", " Mack", "in", "aw"]	[1169, 1633, 373, 16640, 259, 707]	3.194577	5	1.204248	3	0.510449	2	0.516699	1	2.826279	5	2.74375	1	2.628915	4	0.239423	0	2.36087	0	the air	2073	0.828063	1	mackinaw_20	at Mackinaw	20	A_CARRIER	NA	9	at Mackinaw	[265, 16640, 259, 707]	[1169, 1633, 373, 16640, 259, 707]	[1169, 1633, 373, 16640, 259, 707]	6	6	3	3	1	1	NA
the water was Mackinaw	1	R	6	20	0.476561	5	1790	3.220311	["the", " water", " was", " Mack", "in", "aw"]	[1169, 1660, 373, 16640, 259, 707]	3.220311	5	0.445256	3	0.163982	1	0.516699	1	2.703972	5	2.74375	1	2.662838	2	0.239423	0	2.36087	0	the water was Mackin	20	0.476561	1	mackinaw_20	at Mackinaw	20	A_CARRIER	NA	10	at Mackinaw	[265, 16640, 259, 707]	[1169, 1660, 373, 16640, 259, 707]	[1169, 1660, 373, 16640, 259, 707]	6	6	3	3	1	1	NA
the night was Mackinaw	1	R	6	2073	0.880466	2	20	4.029419	["the", " night", " was", " Mack", "in", "aw"]	[1169, 1755, 373, 16640, 259, 707]	3.148953	5	1.436771	3	0.305442	2	0.516699	1	2.760182	5	2.74375	1	2.623779	1	0.239423	0	2.36087	0	the night	2073	1.285669	1	mackinaw_20	at Mackinaw	20	A_CARRIER	NA	11	at Mackinaw	[265, 16640, 259, 707]	[1169, 1755, 373, 16640, 259, 707]	[1169, 1755, 373, 16640, 259, 707]	6	6	3	3	1	1	NA
the room was Mackinaw	1	R	6	2073	0.290809	2	20	3.423939	["the", " room", " was", " Mack", "in", "aw"]	[1169, 2119, 373, 16640, 259, 707]	3.13313	5	0.354092	3	0.209243	2	0.516699	1	2.739437	5	2.74375	1	2.623779	1	0.239423	0	2.36087	0	the room	2073	0.680188	1	mackinaw_20	at Mackinaw	20	A_CARRIER	NA	12	at Mackinaw	[265, 16640, 259, 707]	[1169, 2119, 373, 16640, 259, 707]	[1169, 2119, 373, 16640, 259, 707]	6	6	3	3	1	1	NA
the world was Mackinaw	1	R	6	20	0.003286	5	2073	3.202997	["the", " world", " was", " Mack", "in", "aw"]	[1169, 995, 373, 16640, 259, 707]	3.202997	5	0.634403	3	0.163982	1	0.516699	1	2.762663	5	2.74375	1	2.623779	1	0.239423	0	2.36087	0	the world was Mackin	20	0.003286	1	mackinaw_20	at Mackinaw	20	A_CARRIER	NA	13	at Mackinaw	[265, 16640, 259, 707]	[1169, 995, 373, 16640, 259, 707]	[1169, 995, 373, 16640, 259, 707]	6	6	3	3	1	1	NA
the sea was Mackinaw	1	R	6	2073	0.101783	2	20	3.280318	["the", " sea", " was", " Mack", "in", "aw"]	[1169, 5417, 373, 16640, 259, 707]	3.178535	5	0.857935	3	0.36	2	0.516699	1	2.804974	5	2.74375	1	2.623779	1	0.239423	0	2.36087	0	the sea	2073	0.536567	1	mackinaw_20	at Mackinaw	20	A_CARRIER	NA	14	at Mackinaw	[265, 16640, 259, 707]	[1169, 5417, 373, 16640, 259, 707]	[1169, 5417, 373, 16640, 259, 707]	6	6	3	3	1	1	NA
the wind was Mackinaw	1	R	6	2073	0.229989	2	20	3.403693	["the", " wind", " was", " Mack", "in", "aw"]	[1169, 2344, 373, 16640, 259, 707]	3.173704	5	1.412117	3	0.341206	2	0.516699	1	2.802994	5	2.74375	1	2.623779	1	0.239423	0	2.36087	0	the wind	2073	0.659942	1	mackinaw_20	at Mackinaw	20	A_CARRIER	NA	15	at Mackinaw	[265, 16640, 259, 707]	[1169, 2344, 373, 16640, 259, 707]	[1169, 2344, 373, 16640, 259, 707]	6	6	3	3	1	1	NA
the ground was Mackinaw	1	R	6	20	0.121276	5	2073	3.205331	["the", " ground", " was", " Mack", "in", "aw"]	[1169, 2323, 373, 16640, 259, 707]	3.205331	5	0.416079	3	0.163982	1	0.516699	1	2.825585	5	2.74375	1	2.623779	1	0.239423	0	2.36087	0	the ground was Mackin	20	0.121276	1	mackinaw_20	at Mackinaw	20	A_CARRIER	NA	16	at Mackinaw	[265, 16640, 259, 707]	[1169, 2323, 373, 16640, 259, 707]	[1169, 2323, 373, 16640, 259, 707]	6	6	3	3	1	1	NA
the ship was Mackinaw	1	R	6	20	0.355585	5	2073	3.241662	["the", " ship", " was", " Mack", "in", "aw"]	[1169, 4074, 373, 16640, 259, 707]	3.241662	5	0.470127	2	0.163982	1	0.516699	1	2.739161	5	2.74375	1	2.623779	1	0.239423	0	2.36087	0	the ship was Mackin	20	0.355585	1	mackinaw_20	at Mackinaw	20	A_CARRIER	NA	17	at Mackinaw	[265, 16640, 259, 707]	[1169, 4074, 373, 16640, 259, 707]	[1169, 4074, 373, 16640, 259, 707]	6	6	3	3	1	1	NA
the morning was Mackinaw	1	R	6	2073	0.097455	2	20	3.286096	["the", " morning", " was", " Mack", "in", "aw"]	[1169, 3329, 373, 16640, 259, 707]	3.18864	5	1.445675	3	0.221437	2	0.516699	1	2.763612	5	2.74375	1	2.623779	1	0.239423	0	2.36087	0	the morning	2073	0.542346	1	mackinaw_20	at Mackinaw	20	A_CARRIER	NA	18	at Mackinaw	[265, 16640, 259, 707]	[1169, 3329, 373, 16640, 259, 707]	[1169, 3329, 373, 16640, 259, 707]	6	6	3	3	1	1	NA
the evening was Mackinaw	1	R	6	2073	0.492882	2	20	3.653273	["the", " evening", " was", " Mack", "in", "aw"]	[1169, 6180, 373, 16640, 259, 707]	3.160391	5	1.021129	3	0.163982	1	0.516699	1	2.775612	5	2.74375	1	2.623779	1	0.239423	0	2.36087	0	the evening	2073	0.909522	1	mackinaw_20	at Mackinaw	20	A_CARRIER	NA	19	at Mackinaw	[265, 16640, 259, 707]	[1169, 6180, 373, 16640, 259, 707]	[1169, 6180, 373, 16640, 259, 707]	6	6	3	3	1	1	NA
the weather was Mackinaw	1	R	6	20	0.410071	5	1430	3.197637	["the", " weather", " was", " Mack", "in", "aw"]	[1169, 6193, 373, 16640, 259, 707]	3.197637	5	0.518682	3	0.163982	1	0.516699	1	2.787566	5	2.74375	1	2.623779	1	0.239423	0	2.36087	0	the weather was Mackin	20	0.410071	1	mackinaw_20	at Mackinaw	20	A_CARRIER	NA	20	at Mackinaw	[265, 16640, 259, 707]	[1169, 6193, 373, 16640, 259, 707]	[1169, 6193, 373, 16640, 259, 707]	6	6	3	3	1	1	NA
I was Mackinaw	1	R	5	20	0.026217	4	1888	3.176754	["I", " was", " Mack", "in", "aw"]	[40, 373, 16640, 259, 707]	3.176754	4	0.20383	2	-0.000821	0	-0.002003	5	2.757656	4	2.223125	4	3.150538	1	0.239423	0	2.36087	0	I was Mackin	20	0.026217	1	mackinaw_20	at Mackinaw	20	A_CARRIER	NA	21	at Mackinaw	[265, 16640, 259, 707]	[40, 373, 16640, 259, 707]	[40, 373, 16640, 259, 707]	5	5	2	2	1	1	NA
he was Mackinaw	1	R	5	20	0.280919	4	1790	3.170769	["he", " was", " Mack", "in", "aw"]	[258, 373, 16640, 259, 707]	3.170769	4	0.11632	0	0.023	1	0.21489	1	2.717849	4	2.88985	1	2.646625	3	0.239423	0	2.36087	0	he was Mackin	20	0.280919	1	mackinaw_20	at Mackinaw	20	A_CARRIER	NA	22	at Mackinaw	[265, 16640, 259, 707]	[258, 373, 16640, 259, 707]	[258, 373, 16640, 259, 707]	5	5	2	2	1	1	NA
she was Mackinaw	1	R	5	20	0.112791	4	1790	3.134669	["she", " was", " Mack", "in", "aw"]	[7091, 373, 16640, 259, 707]	3.134669	4	0.121085	2	0.00472	1	0.041438	1	2.736366	4	3.021878	1	2.595277	3	0.239423	0	2.36087	0	she was Mackin	20	0.112791	1	mackinaw_20	at Mackinaw	20	A_CARRIER	NA	23	at Mackinaw	[265, 16640, 259, 707]	[7091, 373, 16640, 259, 707]	[7091, 373, 16640, 259, 707]	5	5	2	2	1	1	NA
we were Mackinaw	1	R	5	20	0.367441	4	1790	3.18635	["we", " were", " Mack", "in", "aw"]	[732, 547, 16640, 259, 707]	3.18635	4	0.11632	0	0.322376	1	0.252283	1	2.697587	4	2.818908	1	2.737019	3	0.239423	0	2.36087	0	we were Mackin	20	0.367441	1	mackinaw_20	at Mackinaw	20	A_CARRIER	NA	24	at Mackinaw	[265, 16640, 259, 707]	[732, 547, 16640, 259, 707]	[732, 547, 16640, 259, 707]	5	5	2	2	1	1	NA
they were Mackinaw	1	R	5	20	0.397712	4	1430	3.150191	["they", " were", " Mack", "in", "aw"]	[9930, 547, 16640, 259, 707]	3.150191	4	0.419835	2	-0.000821	0	0.274664	1	2.752478	4	2.307492	1	2.522609	3	0.239423	0	2.36087	0	they were Mackin	20	0.397712	1	mackinaw_20	at Mackinaw	20	A_CARRIER	NA	25	at Mackinaw	[265, 16640, 259, 707]	[9930, 547, 16640, 259, 707]	[9930, 547, 16640, 259, 707]	5	5	2	2	1	1	NA
you were Mackinaw	1	R	5	20	0.313047	4	1888	3.127239	["you", " were", " Mack", "in", "aw"]	[5832, 547, 16640, 259, 707]	3.127239	4	0.198649	2	-0.000821	0	0.38756	1	2.608447	4	2.369429	1	2.814192	3	0.239423	0	2.36087	0	you were Mackin	20	0.313047	1	mackinaw_20	at Mackinaw	20	A_CARRIER	NA	26	at Mackinaw	[265, 16640, 259, 707]	[5832, 547, 16640, 259, 707]	[5832, 547, 16640, 259, 707]	5	5	2	2	1	1	NA
there was Mackinaw	1	R	5	20	0.192229	4	2154	3.13948	["there", " was", " Mack", "in", "aw"]	[8117, 373, 16640, 259, 707]	3.13948	4	0.210958	2	0.350647	1	0.510006	1	2.715919	4	2.315805	1	2.521642	1	0.239423	0	2.36087	0	there was Mackin	20	0.192229	1	mackinaw_20	at Mackinaw	20	A_CARRIER	NA	27	at Mackinaw	[265, 16640, 259, 707]	[8117, 373, 16640, 259, 707]	[8117, 373, 16640, 259, 707]	5	5	2	2	1	1	NA
outside it was Mackinaw	1	R	6	20	0.295918	5	1430	3.118504	["outside", " it", " was", " Mack", "in", "aw"]	[43435, 340, 373, 16640, 259, 707]	3.118504	5	0.11632	0	0.059505	2	0.261618	1	2.822585	5	2.621802	2	2.739268	1	0.239423	0	2.36087	0	outside it was Mackin	20	0.295918	1	mackinaw_20	at Mackinaw	20	A_CARRIER	NA	28	at Mackinaw	[265, 16640, 259, 707]	[43435, 340, 373, 16640, 259, 707]	[43435, 340, 373, 16640, 259, 707]	6	6	3	3	1	1	NA
inside it was Mackinaw	1	R	6	20	0.314578	5	1430	3.142713	["inside", " it", " was", " Mack", "in", "aw"]	[48787, 340, 373, 16640, 259, 707]	3.142713	5	0.362575	3	0.282752	1	-0.00135	6	2.828135	5	2.23388	2	2.49193	4	0.239423	0	2.36087	0	inside it was Mackin	20	0.314578	1	mackinaw_20	at Mackinaw	20	A_CARRIER	NA	29	at Mackinaw	[265, 16640, 259, 707]	[48787, 340, 373, 16640, 259, 707]	[48787, 340, 373, 16640, 259, 707]	6	6	3	3	1	1	NA
yesterday was Mackinaw	1	R	6	20	0.399689	5	1430	3.15642	["yes", "terday", " was", " Mack", "in", "aw"]	[8505, 6432, 373, 16640, 259, 707]	3.15642	5	0.342236	3	0.930278	2	0.15047	1	2.756732	5	2.190437	4	2.60624	4	0.239423	0	2.36087	0	yesterday was Mackin	20	0.399689	1	mackinaw_20	at Mackinaw	20	A_CARRIER	NA	30	at Mackinaw	[265, 16640, 259, 707]	[8505, 6432, 373, 16640, 259, 707]	[8505, 6432, 373, 16640, 259, 707]	6	6	3	3	1	1	NA
today was Mackinaw	1	R	5	20	0.370918	4	1430	3.121006	["today", " was", " Mack", "in", "aw"]	[40838, 373, 16640, 259, 707]	3.121006	4	0.373545	2	-0.000821	0	0.267785	1	2.750088	4	2.168135	4	2.7457	1	0.239423	0	2.36087	0	today was Mackin	20	0.370918	1	mackinaw_20	at Mackinaw	20	A_CARRIER	NA	31	at Mackinaw	[265, 16640, 259, 707]	[40838, 373, 16640, 259, 707]	[40838, 373, 16640, 259, 707]	5	5	2	2	1	1	NA
winter was Mackinaw	1	R	5	20	0.362566	4	1430	3.138933	["winter", " was", " Mack", "in", "aw"]	[40078, 373, 16640, 259, 707]	3.138933	4	1.197966	2	0.914288	1	-0.002401	5	2.776367	4	2.279725	3	2.757597	1	0.239423	0	2.36087	0	winter was Mackin	20	0.362566	1	mackinaw_20	at Mackinaw	20	A_CARRIER	NA	32	at Mackinaw	[265, 16640, 259, 707]	[40078, 373, 16640, 259, 707]	[40078, 373, 16640, 259, 707]	5	5	2	2	1	1	NA
at Mackinaw	1	R	4	20	0.322105	3	1430	3.081347	["at", " Mack", "in", "aw"]	[265, 16640, 259, 707]	3.081347	3	0.11632	0	0.175272	2	-0.003387	4	2.759242	3	2.250798	1	2.295273	2	0.239423	0	2.36087	0	at Mackin	20	0.322105	1	mackinaw_20	at Mackinaw	20	A_CARRIER	NA	33	at Mackinaw	[265, 16640, 259, 707]	[265, 16640, 259, 707]	[265, 16640, 259, 707]	4	4	0	0	1	1	NA
the Mackinaw	1	R	4	20	0.420926	3	1430	3.327903	["the", " Mack", "in", "aw"]	[1169, 16640, 259, 707]	3.327903	3	0.11632	0	0.163982	1	0.516699	1	2.906977	3	2.74375	1	2.623779	1	0.239423	0	2.36087	0	the Mackin	20	0.420926	1	mackinaw_20	at Mackinaw	20	A_CARRIER	NA	34	at Mackinaw	[265, 16640, 259, 707]	[1169, 16640, 259, 707]	[1169, 16640, 259, 707]	4	4	1	1	1	1	NA
on Mackinaw	1	R	4	20	0.314856	3	1430	3.184914	["on", " Mack", "in", "aw"]	[261, 16640, 259, 707]	3.184914	3	0.11632	0	-0.000821	0	0.161203	1	2.870058	3	2.627052	1	2.759684	1	0.239423	0	2.36087	0	on Mackin	20	0.314856	1	mackinaw_20	at Mackinaw	20	A_CARRIER	NA	35	at Mackinaw	[265, 16640, 259, 707]	[261, 16640, 259, 707]	[261, 16640, 259, 707]	4	4	1	1	1	1	NA
near Mackinaw	1	R	4	20	0.176795	3	1435	3.219081	["near", " Mack", "in", "aw"]	[40093, 16640, 259, 707]	3.219081	3	0.11632	0	-0.000821	0	-0.002635	4	2.885636	3	2.559089	1	2.814235	1	0.239423	0	2.36087	0	near Mackin	20	0.176795	1	mackinaw_20	at Mackinaw	20	A_CARRIER	NA	36	at Mackinaw	[265, 16640, 259, 707]	[40093, 16640, 259, 707]	[40093, 16640, 259, 707]	4	4	1	1	1	1	NA
was Mackinaw	1	R	4	20	0.448778	3	1430	3.130963	["was", " Mack", "in", "aw"]	[9776, 16640, 259, 707]	3.130963	3	0.11632	0	-0.000821	0	0.390047	1	2.682185	3	2.2462	2	2.417966	2	0.239423	0	2.36087	0	was Mackin	20	0.448778	1	mackinaw_20	at Mackinaw	20	A_CARRIER	NA	37	at Mackinaw	[265, 16640, 259, 707]	[9776, 16640, 259, 707]	[9776, 16640, 259, 707]	4	4	1	1	1	1	NA
from Mackinaw	1	R	4	20	0.283355	3	1430	3.153087	["from", " Mack", "in", "aw"]	[6738, 16640, 259, 707]	3.153087	3	0.11632	0	0.007183	2	0.001336	1	2.869732	3	2.081371	2	2.659812	2	0.239423	0	2.36087	0	from Mackin	20	0.283355	1	mackinaw_20	at Mackinaw	20	A_CARRIER	NA	38	at Mackinaw	[265, 16640, 259, 707]	[6738, 16640, 259, 707]	[6738, 16640, 259, 707]	4	4	1	1	1	1	NA
of Mackinaw	1	R	4	20	0.237423	3	1430	3.141515	["of", " Mack", "in", "aw"]	[1659, 16640, 259, 707]	3.141515	3	0.11632	0	-0.000821	0	-0.001957	4	2.904092	3	2.268032	1	2.532599	2	0.239423	0	2.36087	0	of Mackin	20	0.237423	1	mackinaw_20	at Mackinaw	20	A_CARRIER	NA	39	at Mackinaw	[265, 16640, 259, 707]	[1659, 16640, 259, 707]	[1659, 16640, 259, 707]	4	4	1	1	1	1	NA
to Mackinaw	1	R	4	20	0.311138	3	1888	3.25851	["to", " Mack", "in", "aw"]	[1462, 16640, 259, 707]	3.25851	3	0.11632	0	-0.000821	0	0.226257	1	2.870695	3	2.84726	2	2.947373	2	0.239423	0	2.36087	0	to Mackin	20	0.311138	1	mackinaw_20	at Mackinaw	20	A_CARRIER	NA	40	at Mackinaw	[265, 16640, 259, 707]	[1462, 16640, 259, 707]	[1462, 16640, 259, 707]	4	4	1	1	1	1	NA
in Mackinaw	1	R	4	1888	0.004595	1	20	2.852342	["in", " Mack", "in", "aw"]	[259, 16640, 259, 707]	2.847747	3	0.11632	0	-0.000821	0	-0.002552	4	2.723705	3	2.831098	1	2.852342	1	0.239423	0	2.36087	0	in	1888	0.021243	1	mackinaw_20	at Mackinaw	20	A_CARRIER	NA	41	at Mackinaw	[265, 16640, 259, 707]	[259, 16640, 259, 707]	[259, 16640, 259, 707]	4	4	1	1	1	1	NA
by Mackinaw	1	R	4	1430	0.165464	3	20	3.027961	["by", " Mack", "in", "aw"]	[1525, 16640, 259, 707]	2.862497	3	0.11632	0	-0.000821	0	-0.003737	4	3.027961	3	2.122502	4	2.545091	1	0.239423	0	2.36087	0	by Mackin	1430	0.165464	1	mackinaw_20	at Mackinaw	20	A_CARRIER	NA	42	at Mackinaw	[265, 16640, 259, 707]	[1525, 16640, 259, 707]	[1525, 16640, 259, 707]	4	4	1	1	1	1	NA
for Mackinaw	1	R	4	20	0.358976	3	1430	3.200149	["for", " Mack", "in", "aw"]	[1640, 16640, 259, 707]	3.200149	3	0.11632	0	-0.000821	0	0.317036	1	2.841173	3	2.644286	1	2.693016	2	0.239423	0	2.36087	0	for Mackin	20	0.358976	1	mackinaw_20	at Mackinaw	20	A_CARRIER	NA	43	at Mackinaw	[265, 16640, 259, 707]	[1640, 16640, 259, 707]	[1640, 16640, 259, 707]	4	4	1	1	1	1	NA
with Mackinaw	1	R	4	20	0.312816	3	1430	3.131236	["with", " Mack", "in", "aw"]	[4480, 16640, 259, 707]	3.131236	3	0.11632	0	-0.000821	0	-0.001334	4	2.81842	3	2.367123	2	2.675417	1	0.239423	0	2.36087	0	with Mackin	20	0.312816	1	mackinaw_20	at Mackinaw	20	A_CARRIER	NA	44	at Mackinaw	[265, 16640, 259, 707]	[4480, 16640, 259, 707]	[4480, 16640, 259, 707]	4	4	1	1	1	1	NA
into Mackinaw	1	R	4	20	0.449737	3	1430	3.254886	["into", " Mack", "in", "aw"]	[20424, 16640, 259, 707]	3.254886	3	0.11632	0	-0.000821	0	-0.002697	4	2.805149	3	2.570503	1	2.345481	2	0.239423	0	2.36087	0	into Mackin	20	0.449737	1	mackinaw_20	at Mackinaw	20	A_CARRIER	NA	45	at Mackinaw	[265, 16640, 259, 707]	[20424, 16640, 259, 707]	[20424, 16640, 259, 707]	4	4	1	1	1	1	NA
upon Mackinaw	1	R	4	20	0.201931	3	1430	3.019981	["upon", " Mack", "in", "aw"]	[27287, 16640, 259, 707]	3.019981	3	0.11632	0	-0.000821	0	0.350638	1	2.818049	3	2.417125	2	2.456439	2	0.239423	0	2.36087	0	upon Mackin	20	0.201931	1	mackinaw_20	at Mackinaw	20	A_CARRIER	NA	46	at Mackinaw	[265, 16640, 259, 707]	[27287, 16640, 259, 707]	[27287, 16640, 259, 707]	4	4	1	1	1	1	NA
beyond Mackinaw	1	R	5	20	0.466251	4	1430	3.311081	["be", "yond", " Mack", "in", "aw"]	[1350, 3243, 16640, 259, 707]	3.311081	4	0.11632	0	0.071117	2	-0.003883	5	2.844829	4	2.782547	1	2.609819	3	0.239423	0	2.36087	0	beyond Mackin	20	0.466251	1	mackinaw_20	at Mackinaw	20	A_CARRIER	NA	47	at Mackinaw	[265, 16640, 259, 707]	[1350, 3243, 16640, 259, 707]	[1350, 3243, 16640, 259, 707]	5	5	2	2	1	1	NA
island Mackinaw	1	R	5	20	0.506593	4	1430	3.112057	["is", "land", " Mack", "in", "aw"]	[271, 1044, 16640, 259, 707]	3.112057	4	0.11632	0	0.530096	2	0.292498	1	2.605463	4	2.253468	4	2.464651	1	0.239423	0	2.36087	0	island Mackin	20	0.506593	1	mackinaw_20	at Mackinaw	20	A_CARRIER	NA	48	at Mackinaw	[265, 16640, 259, 707]	[271, 1044, 16640, 259, 707]	[271, 1044, 16640, 259, 707]	5	5	2	2	1	1	NA
fort Mackinaw	1	R	4	1888	0.288031	1	20	3.453658	["fort", " Mack", "in", "aw"]	[3319, 16640, 259, 707]	3.165627	3	0.11632	0	0.906222	1	0.135534	1	2.730695	3	2.825202	1	3.453658	1	0.239423	0	2.36087	0	fort	1888	0.628456	1	mackinaw_20	at Mackinaw	20	A_CARRIER	NA	49	at Mackinaw	[265, 16640, 259, 707]	[3319, 16640, 259, 707]	[3319, 16640, 259, 707]	4	4	1	1	1	1	NA
lake Mackinaw	1	R	4	20	0.183836	3	1888	3.167009	["lake", " Mack", "in", "aw"]	[27180, 16640, 259, 707]	3.167009	3	0.11632	0	0.610221	1	-0.00155	4	2.643855	3	2.844363	1	2.983172	1	0.239423	0	2.36087	0	lake Mackin	20	0.183836	1	mackinaw_20	at Mackinaw	20	A_CARRIER	NA	50	at Mackinaw	[265, 16640, 259, 707]	[27180, 16640, 259, 707]	[27180, 16640, 259, 707]	4	4	1	1	1	1	NA
north Mackinaw	1	R	4	20	0.394163	3	1430	3.517595	["north", " Mack", "in", "aw"]	[43588, 16640, 259, 707]	3.517595	3	0.11632	0	1.283415	1	-0.001729	4	3.123432	3	2.346838	1	2.747657	1	0.239423	0	2.36087	0	north Mackin	20	0.394163	1	mackinaw_20	at Mackinaw	20	A_CARRIER	NA	51	at Mackinaw	[265, 16640, 259, 707]	[43588, 16640, 259, 707]	[43588, 16640, 259, 707]	4	4	1	1	1	1	NA
old Mackinaw	1	R	4	20	0.186298	3	1430	3.139143	["old", " Mack", "in", "aw"]	[727, 16640, 259, 707]	3.139143	3	0.11632	0	0.032734	1	0.242975	1	2.952845	3	2.151179	3	2.853751	1	0.239423	0	2.36087	0	old Mackin	20	0.186298	1	mackinaw_20	at Mackinaw	20	A_CARRIER	NA	52	at Mackinaw	[265, 16640, 259, 707]	[727, 16640, 259, 707]	[727, 16640, 259, 707]	4	4	1	1	1	1	NA
great Mackinaw	1	R	4	20	0.405946	3	1888	3.284484	["great", " Mack", "in", "aw"]	[18223, 16640, 259, 707]	3.284484	3	0.11632	0	0.210619	1	0.054712	1	2.868926	3	2.364815	2	2.878538	1	0.239423	0	2.36087	0	great Mackin	20	0.405946	1	mackinaw_20	at Mackinaw	20	A_CARRIER	NA	53	at Mackinaw	[265, 16640, 259, 707]	[18223, 16640, 259, 707]	[18223, 16640, 259, 707]	4	4	1	1	1	1	NA
we Mackinaw	1	R	4	20	0.307169	3	1790	3.126078	["we", " Mack", "in", "aw"]	[732, 16640, 259, 707]	3.126078	3	0.11632	0	0.322376	1	0.252283	1	2.569201	3	2.818908	1	2.63473	2	0.239423	0	2.36087	0	we Mackin	20	0.307169	1	mackinaw_20	at Mackinaw	20	A_CARRIER	NA	54	at Mackinaw	[265, 16640, 259, 707]	[732, 16640, 259, 707]	[732, 16640, 259, 707]	4	4	1	1	1	1	NA
he Mackinaw	1	R	4	20	0.152557	3	1790	3.042407	["he", " Mack", "in", "aw"]	[258, 16640, 259, 707]	3.042407	3	0.11632	0	0.023	1	0.21489	1	2.530852	3	2.88985	1	2.532879	2	0.239423	0	2.36087	0	he Mackin	20	0.152557	1	mackinaw_20	at Mackinaw	20	A_CARRIER	NA	55	at Mackinaw	[265, 16640, 259, 707]	[258, 16640, 259, 707]	[258, 16640, 259, 707]	4	4	1	1	1	1	NA
she Mackinaw	1	R	4	1790	0.041509	1	20	3.021878	["she", " Mack", "in", "aw"]	[7091, 16640, 259, 707]	2.980369	3	0.11632	0	0.00472	1	0.041438	1	2.500366	3	3.021878	1	2.526946	1	0.239423	0	2.36087	0	she	1790	0.494933	1	mackinaw_20	at Mackinaw	20	A_CARRIER	NA	56	at Mackinaw	[265, 16640, 259, 707]	[7091, 16640, 259, 707]	[7091, 16640, 259, 707]	4	4	1	1	1	1	NA
they Mackinaw	1	R	4	20	0.428208	3	1430	3.059291	["they", " Mack", "in", "aw"]	[9930, 16640, 259, 707]	3.059291	3	0.11632	0	-0.000821	0	0.274664	1	2.631083	3	2.371218	2	2.476812	2	0.239423	0	2.36087	0	they Mackin	20	0.428208	1	mackinaw_20	at Mackinaw	20	A_CARRIER	NA	57	at Mackinaw	[265, 16640, 259, 707]	[9930, 16640, 259, 707]	[9930, 16640, 259, 707]	4	4	1	1	1	1	NA
I Mackinaw	1	R	4	20	0.016532	3	1888	3.16707	["I", " Mack", "in", "aw"]	[40, 16640, 259, 707]	3.16707	3	0.11632	0	-0.000821	0	0.52131	2	2.675997	3	2.316808	3	3.150538	1	0.239423	0	2.36087	0	I Mackin	20	0.016532	1	mackinaw_20	at Mackinaw	20	A_CARRIER	NA	58	at Mackinaw	[265, 16640, 259, 707]	[40, 16640, 259, 707]	[40, 16640, 259, 707]	4	4	1	1	1	1	NA
you Mackinaw	1	R	4	20	0.204184	3	1888	3.013168	["you", " Mack", "in", "aw"]	[5832, 16640, 259, 707]	3.013168	3	0.11632	0	-0.000821	0	0.38756	1	2.481586	3	2.381735	3	2.808984	2	0.239423	0	2.36087	0	you Mackin	20	0.204184	1	mackinaw_20	at Mackinaw	20	A_CARRIER	NA	59	at Mackinaw	[265, 16640, 259, 707]	[5832, 16640, 259, 707]	[5832, 16640, 259, 707]	4	4	1	1	1	1	NA
past Mackinaw	1	R	4	20	0.403231	3	1430	3.29504	["past", " Mack", "in", "aw"]	[30119, 16640, 259, 707]	3.29504	3	0.11632	0	-0.000821	0	-0.002661	4	2.891809	3	2.574501	2	2.886931	1	0.239423	0	2.36087	0	past Mackin	20	0.403231	1	mackinaw_20	at Mackinaw	20	A_CARRIER	NA	60	at Mackinaw	[265, 16640, 259, 707]	[30119, 16640, 259, 707]	[30119, 16640, 259, 707]	4	4	1	1	1	1	NA
at Mackinaw	1	R	4	20	0.322105	3	1430	3.081347	["at", " Mack", "in", "aw"]	[265, 16640, 259, 707]	3.081347	3	0.11632	0	0.175272	2	-0.003387	4	2.759242	3	2.250798	1	2.295273	2	0.239423	0	2.36087	0	at Mackin	20	0.322105	1	mackinaw_20	at Mackinaw	20	B_GATE	NA	1	at Mackinaw	[265, 16640, 259, 707]	[265, 16640, 259, 707]	[265, 16640, 259, 707]	4	4	0	0	1	1	NA
at Nantucket	1	R	4	858	0.116226	2	942	2.703563	["at", " N", "ant", "ucket"]	[265, 399, 415, 38811]	-0.00705	0	0.11632	0	0.661437	2	-0.033355	0	-0.046728	3	2.250798	1	2.265475	2	0.239423	0	2.36087	0	at N	858	0.336805	1	mackinaw_20	at Mackinaw	20	B_GATE	NA	2	at Mackinaw	[265, 16640, 259, 707]	[265, 399, 415, 38811]	[265, 399, 415, 38811]	4	4	3	3	1	1	NA
at Iceland	1	R	2	2256	0.110071	0	1790	2.36087	["at", " Iceland"]	[265, 17333]	-0.00705	0	0.11632	0	0.095039	2	-0.033355	0	-0.122657	0	2.250798	1	2.242619	2	0.239423	0	2.36087	0				bos_footprint	mackinaw_20	at Mackinaw	20	B_GATE	NA	3	at Mackinaw	[265, 16640, 259, 707]	[265, 17333]	[265, 17333]	2	2	3	3	1	1	NA
at Greenland	1	R	2	1888	0.223001	2	2256	2.583871	["at", " Greenland"]	[265, 30155]	-0.00705	0	0.11632	0	0.294463	2	-0.033355	0	-0.122657	0	2.250798	1	2.583871	2	0.239423	0	2.36087	0	at Greenland	1888	0.223001	1	mackinaw_20	at Mackinaw	20	B_GATE	NA	4	at Mackinaw	[265, 16640, 259, 707]	[265, 30155]	[265, 30155]	2	2	3	3	1	1	NA
at Labrador	1	R	2	1888	0.064945	2	2256	2.425815	["at", " Labrador"]	[265, 45246]	-0.00705	0	0.11632	0	0.073377	2	-0.033355	0	-0.122657	0	2.250798	1	2.425815	2	0.239423	0	2.36087	0	at Labrador	1888	0.064945	1	mackinaw_20	at Mackinaw	20	B_GATE	NA	5	at Mackinaw	[265, 16640, 259, 707]	[265, 45246]	[265, 45246]	2	2	3	3	1	1	NA
at Patagonia	1	R	4	1956	0.183192	3	2256	2.544062	["at", " Pat", "agon", "ia"]	[265, 3208, 1840, 544]	0.442853	3	0.11632	0	0.117794	2	-0.002344	3	-0.057712	2	2.250798	1	2.128479	1	0.239423	0	2.36087	0	at Patagon	1956	0.183192	1	mackinaw_20	at Mackinaw	20	B_GATE	NA	6	at Mackinaw	[265, 16640, 259, 707]	[265, 3208, 1840, 544]	[265, 3208, 1840, 544]	4	4	3	3	1	1	NA
at Zanzibar	1	R	5	1888	0.114269	2	1790	2.660555	["at", " Z", "anz", "ib", "ar"]	[265, 1168, 35410, 571, 283]	0.908258	4	0.11632	0	0.061237	1	-0.000536	4	0.151485	4	2.546286	4	2.660555	2	0.239423	0	2.36087	0	at Z	1888	0.299685	1	mackinaw_20	at Mackinaw	20	B_GATE	NA	7	at Mackinaw	[265, 16640, 259, 707]	[265, 1168, 35410, 571, 283]	[265, 1168, 35410, 571, 283]	5	5	4	4	1	1	NA
at harbour	1	R	2	1888	0.030465	2	1790	2.519243	["at", " harbour"]	[265, 39720]	-0.00705	0	0.11632	0	1.835143	2	-0.033355	0	-0.122657	0	2.488778	2	2.519243	2	0.239423	0	2.36087	0	at harbour	1888	0.030465	1	mackinaw_20	at Mackinaw	20	B_GATE	NA	8	at Mackinaw	[265, 16640, 259, 707]	[265, 39720]	[265, 39720]	2	2	3	3	1	1	NA
at anchor	1	R	2	2256	0.110071	0	1790	2.36087	["at", " anchor"]	[265, 18021]	-0.00705	0	0.11632	0	1.565228	2	-0.033355	0	-0.058918	2	2.250798	1	2.128479	1	0.239423	0	2.36087	0				bos_footprint	mackinaw_20	at Mackinaw	20	B_GATE	NA	9	at Mackinaw	[265, 16640, 259, 707]	[265, 18021]	[265, 18021]	2	2	3	3	1	1	NA
at rigging	1	R	2	2256	0.093037	0	1888	2.36087	["at", " rigging"]	[265, 48784]	-0.00705	0	0.11632	0	1.071041	2	-0.033355	0	-0.047499	2	2.250798	1	2.267833	2	0.239423	0	2.36087	0				bos_footprint	mackinaw_20	at Mackinaw	20	B_GATE	NA	10	at Mackinaw	[265, 16640, 259, 707]	[265, 48784]	[265, 48784]	2	2	3	3	1	1	NA
at fathom	1	R	3	1970	0.000606	2	2874	2.868954	["at", " f", "athom"]	[265, 277, 32910]	-0.00705	0	0.11632	0	2.4156	2	-0.033355	0	-0.093923	2	2.44429	3	2.584098	3	0.239423	0	2.36087	0	at f	1970	0.000606	1	mackinaw_20	at Mackinaw	20	B_GATE	NA	11	at Mackinaw	[265, 16640, 259, 707]	[265, 277, 32910]	[265, 277, 32910]	3	3	3	3	1	1	NA
at leeward	1	R	4	2044	0.571843	3	1870	3.444853	["at", " le", "ew", "ard"]	[265, 443, 413, 446]	-0.00705	0	0.11632	0	1.904965	4	-0.031194	4	-0.040178	2	2.608959	4	2.128479	1	0.239423	0	2.36087	0	at leew	2044	0.571843	1	mackinaw_20	at Mackinaw	20	B_GATE	NA	12	at Mackinaw	[265, 16640, 259, 707]	[265, 443, 413, 446]	[265, 443, 413, 446]	4	4	3	3	1	1	NA
at starboard	1	R	3	1888	0.115516	2	281	2.661423	["at", " star", "board"]	[265, 3491, 3526]	-0.00705	0	0.11632	0	2.545907	2	-0.000354	3	-0.029681	2	2.40803	2	2.661423	2	0.239423	0	2.36087	0	at star	1888	0.115515	1	mackinaw_20	at Mackinaw	20	B_GATE	NA	13	at Mackinaw	[265, 16640, 259, 707]	[265, 3491, 3526]	[265, 3491, 3526]	3	3	3	3	1	1	NA
at binnacle	1	R	3	2874	0.21085	2	1790	3.117989	["at", " b", "innacle"]	[265, 275, 37087]	-0.004558	2	0.11632	0	2.595359	3	-0.033355	0	-0.050569	3	2.907138	3	2.341017	2	0.239423	0	2.36087	0	at b	2874	0.750139	1	mackinaw_20	at Mackinaw	20	B_GATE	NA	14	at Mackinaw	[265, 16640, 259, 707]	[265, 275, 37087]	[265, 275, 37087]	3	3	3	3	1	1	NA
at scrimshaw	1	R	3	281	0.018266	3	1790	3.068661	["at", " scrim", "shaw"]	[265, 32157, 32832]	0.281239	3	0.11632	0	3.068661	3	-0.033355	0	-0.054068	3	3.050395	3	2.421295	2	0.239423	0	2.36087	0	at scrimshaw	281	0.018266	1	mackinaw_20	at Mackinaw	20	B_GATE	NA	15	at Mackinaw	[265, 16640, 259, 707]	[265, 32157, 32832]	[265, 32157, 32832]	3	3	3	3	1	1	NA
at whale	1	R	2	2256	0.079786	0	1888	2.36087	["at", " whale"]	[265, 22206]	-0.00705	0	0.11632	0	0.913538	2	-0.033355	0	-0.122657	0	2.250798	1	2.281084	2	0.239423	0	2.36087	0				bos_footprint	mackinaw_20	at Mackinaw	20	B_GATE	NA	16	at Mackinaw	[265, 16640, 259, 707]	[265, 22206]	[265, 22206]	2	2	3	3	1	1	NA
at porpoise	1	R	4	1790	0.447321	3	2256	2.808191	["at", " por", "po", "ise"]	[265, 16964, 7501, 786]	-0.00705	0	0.11632	0	1.405534	4	-0.000461	3	-0.028783	4	2.808191	3	2.358228	2	0.239423	0	2.36087	0	at porpo	1790	0.447321	1	mackinaw_20	at Mackinaw	20	B_GATE	NA	17	at Mackinaw	[265, 16640, 259, 707]	[265, 16964, 7501, 786]	[265, 16964, 7501, 786]	4	4	3	3	1	1	NA
at kraken	1	R	4	1790	0.167673	4	1888	2.638391	["at", " k", "ra", "ken"]	[265, 479, 430, 3464]	-0.00705	0	0.11632	0	2.415315	2	-0.018272	4	1.432525	3	2.638391	4	2.470718	2	0.239423	0	2.36087	0	at kraken	1790	0.167673	1	mackinaw_20	at Mackinaw	20	B_GATE	NA	18	at Mackinaw	[265, 16640, 259, 707]	[265, 479, 430, 3464]	[265, 479, 430, 3464]	4	4	3	3	1	1	NA
at albatross	1	R	4	1787	0.316322	3	1790	3.008992	["at", " al", "bat", "ross"]	[265, 435, 8664, 1214]	-0.00705	0	0.11632	0	2.061871	2	-0.000943	4	-0.051982	2	2.692671	3	2.128479	1	0.239423	0	2.36087	0	at albat	1787	0.316322	1	mackinaw_20	at Mackinaw	20	B_GATE	NA	19	at Mackinaw	[265, 16640, 259, 707]	[265, 435, 8664, 1214]	[265, 435, 8664, 1214]	4	4	3	3	1	1	NA
at petrel	1	R	3	2256	0.018538	0	1888	2.36087	["at", " pet", "rel"]	[265, 4273, 2411]	-0.00705	0	0.11632	0	1.989145	2	-0.001958	3	-0.122657	0	2.250798	1	2.342332	2	0.239423	0	2.36087	0				bos_footprint	mackinaw_20	at Mackinaw	20	B_GATE	NA	20	at Mackinaw	[265, 16640, 259, 707]	[265, 4273, 2411]	[265, 4273, 2411]	3	3	3	3	1	1	NA
at cormorant	1	R	5	1790	0.16828	3	2874	2.82919	["at", " c", "orm", "or", "ant"]	[265, 269, 579, 273, 415]	-0.00705	0	0.11632	0	2.543417	2	-0.01985	4	-0.030064	5	2.82919	3	2.406865	5	0.239423	0	2.36087	0	at corm	1790	0.16828	1	mackinaw_20	at Mackinaw	20	B_GATE	NA	21	at Mackinaw	[265, 16640, 259, 707]	[265, 269, 579, 273, 415]	[265, 269, 579, 273, 415]	5	5	4	4	1	1	NA
at tavern	1	R	2	1888	0.037415	2	2256	2.398284	["at", " tavern"]	[265, 42488]	-0.00705	0	0.11632	0	0.970199	2	0.143889	2	-0.122657	0	2.250798	1	2.398284	2	0.239423	0	2.36087	0	at tavern	1888	0.037415	1	mackinaw_20	at Mackinaw	20	B_GATE	NA	22	at Mackinaw	[265, 16640, 259, 707]	[265, 42488]	[265, 42488]	2	2	3	3	1	1	NA
at chowder	1	R	3	281	0.063373	2	1790	2.691023	["at", " ch", "owder"]	[265, 442, 34656]	-0.00705	0	0.11632	0	2.691023	2	-0.033355	0	0.137888	3	2.62765	3	2.297047	2	0.239423	0	2.36087	0	at ch	281	0.256334	1	mackinaw_20	at Mackinaw	20	B_GATE	NA	23	at Mackinaw	[265, 16640, 259, 707]	[265, 442, 34656]	[265, 442, 34656]	3	3	3	3	1	1	NA
at ledger	1	R	2	1888	0.190472	2	1790	2.649747	["at", " ledger"]	[265, 37208]	-0.00705	0	0.11632	0	1.460037	2	0.002919	2	-0.046825	2	2.459275	2	2.649747	2	0.239423	0	2.36087	0	at ledger	1888	0.190472	1	mackinaw_20	at Mackinaw	20	B_GATE	NA	24	at Mackinaw	[265, 16640, 259, 707]	[265, 37208]	[265, 37208]	2	2	3	3	1	1	NA
at pulpit	1	R	3	1888	0.216034	2	2256	2.576904	["at", " pul", "pit"]	[265, 17472, 15544]	-0.00705	0	0.11632	0	1.813372	2	0.014622	2	-0.087354	2	2.250798	1	2.576904	2	0.239423	0	2.36087	0	at pul	1888	0.216035	1	mackinaw_20	at Mackinaw	20	B_GATE	NA	25	at Mackinaw	[265, 16640, 259, 707]	[265, 17472, 15544]	[265, 17472, 15544]	3	3	3	3	1	1	NA
at sermon	1	R	2	1888	0.309588	2	2256	2.670458	["at", " sermon"]	[265, 39362]	-0.00705	0	0.11632	0	1.432745	2	-0.033355	0	-0.122657	0	2.250798	1	2.670458	2	0.239423	0	2.36087	0	at sermon	1888	0.309588	1	mackinaw_20	at Mackinaw	20	B_GATE	NA	26	at Mackinaw	[265, 16640, 259, 707]	[265, 39362]	[265, 39362]	2	2	3	3	1	1	NA
at parson	1	R	3	281	0.097398	2	2874	2.481236	["at", " p", "arson"]	[265, 279, 12613]	-0.00705	0	0.11632	0	2.481236	2	-0.033355	0	-0.049276	2	2.257427	3	2.128479	1	0.239423	0	2.36087	0	at p	281	0.097398	1	mackinaw_20	at Mackinaw	20	B_GATE	NA	27	at Mackinaw	[265, 16640, 259, 707]	[265, 279, 12613]	[265, 279, 12613]	3	3	3	3	1	1	NA
at compass	1	R	2	1888	0.198832	2	2256	2.559702	["at", " compass"]	[265, 31855]	-0.00705	0	0.11632	0	1.818644	2	-0.033355	0	-0.105277	2	2.322845	2	2.559702	2	0.239423	0	2.36087	0	at compass	1888	0.198832	1	mackinaw_20	at Mackinaw	20	B_GATE	NA	28	at Mackinaw	[265, 16640, 259, 707]	[265, 31855]	[265, 31855]	2	2	3	3	1	1	NA
at quadrant	1	R	3	750	0.425726	3	1790	3.062566	["at", " quad", "rant"]	[265, 15094, 5250]	-0.00705	0	0.11632	0	1.343203	2	-0.018734	3	-0.001064	3	2.63684	3	2.502862	2	0.239423	0	2.36087	0	at quadrant	750	0.425726	1	mackinaw_20	at Mackinaw	20	B_GATE	NA	29	at Mackinaw	[265, 16640, 259, 707]	[265, 15094, 5250]	[265, 15094, 5250]	3	3	3	3	1	1	NA
at sextant	1	R	4	25	0.286966	3	2364	2.682035	["at", " se", "xt", "ant"]	[265, 384, 742, 415]	-0.00705	0	0.11632	0	2.314292	2	-0.01183	4	0.342826	3	2.250798	1	2.128479	1	0.239423	0	2.36087	0	at sext	25	0.321165	1	mackinaw_20	at Mackinaw	20	B_GATE	NA	30	at Mackinaw	[265, 16640, 259, 707]	[265, 384, 742, 415]	[265, 384, 742, 415]	4	4	3	3	1	1	NA
at chronometer	1	R	3	1888	0.522209	2	2256	2.883079	["at", " chron", "ometer"]	[265, 16199, 15635]	-0.00705	0	0.11632	0	1.438819	2	-0.033355	0	-0.101714	2	2.250798	1	2.883079	2	0.239423	0	2.36087	0	at chron	1888	0.52221	1	mackinaw_20	at Mackinaw	20	B_GATE	NA	31	at Mackinaw	[265, 16640, 259, 707]	[265, 16199, 15635]	[265, 16199, 15635]	3	3	3	3	1	1	NA
at lantern	1	R	2	1888	0.105213	2	2256	2.466083	["at", " lantern"]	[265, 41207]	-0.00705	0	0.11632	0	1.301073	2	-0.033355	0	-0.119429	2	2.250798	1	2.466083	2	0.239423	0	2.36087	0	at lantern	1888	0.105213	1	mackinaw_20	at Mackinaw	20	B_GATE	NA	32	at Mackinaw	[265, 16640, 259, 707]	[265, 41207]	[265, 41207]	2	2	3	3	1	1	NA
at robin	1	R	3	281	1.049644	3	2256	3.410514	["at", " rob", "in"]	[265, 3857, 259]	-0.00705	0	0.11632	0	3.410514	3	-0.033355	0	-0.030447	2	2.250798	1	2.183645	2	0.239423	0	2.36087	0	at robin	281	1.049644	1	mackinaw_20	at Mackinaw	20	B_GATE	NA	33	at Mackinaw	[265, 16640, 259, 707]	[265, 3857, 259]	[265, 3857, 259]	3	3	2	2	1	1	NA
at cabin	1	R	2	1888	0.011854	2	2256	2.372724	["at", " cabin"]	[265, 9351]	-0.00705	0	0.11632	0	1.059412	2	-0.033355	0	-0.100764	2	2.250798	1	2.372724	2	0.239423	0	2.36087	0	at cabin	1888	0.011854	1	mackinaw_20	at Mackinaw	20	B_GATE	NA	34	at Mackinaw	[265, 16640, 259, 707]	[265, 9351]	[265, 9351]	2	2	3	3	1	1	NA
at napkin	1	R	3	1888	0.302028	2	2256	2.662898	["at", " nap", "kin"]	[265, 25422, 5116]	-0.00705	0	0.11632	0	1.439004	2	-0.033355	0	-0.122657	0	2.250798	1	2.662898	2	0.239423	0	2.36087	0	at nap	1888	0.302028	1	mackinaw_20	at Mackinaw	20	B_GATE	NA	35	at Mackinaw	[265, 16640, 259, 707]	[265, 25422, 5116]	[265, 25422, 5116]	3	3	3	3	1	1	NA
at coffin	1	R	2	1888	0.249644	2	2256	2.610514	["at", " coffin"]	[265, 30834]	-0.00705	0	0.11632	0	0.520872	2	0.076932	2	-0.08705	2	2.273228	2	2.610514	2	0.239423	0	2.36087	0	at coffin	1888	0.249644	1	mackinaw_20	at Mackinaw	20	B_GATE	NA	36	at Mackinaw	[265, 16640, 259, 707]	[265, 30834]	[265, 30834]	2	2	3	3	1	1	NA
at muffin	1	R	3	2256	0.057283	0	1790	2.36087	["at", " muff", "in"]	[265, 27563, 259]	-0.00705	0	0.11632	0	1.745749	2	-0.033355	0	-0.092017	3	2.303587	2	2.186524	2	0.239423	0	2.36087	0				bos_footprint	mackinaw_20	at Mackinaw	20	B_GATE	NA	37	at Mackinaw	[265, 16640, 259, 707]	[265, 27563, 259]	[265, 27563, 259]	3	3	2	2	1	1	NA
at goblin	1	R	2	1790	0.008677	2	1888	2.640662	["at", " goblin"]	[265, 44625]	-0.00705	0	0.11632	0	1.859228	2	-0.033355	0	-0.119479	2	2.640662	2	2.631986	2	0.239423	0	2.36087	0	at goblin	1790	0.008677	1	mackinaw_20	at Mackinaw	20	B_GATE	NA	38	at Mackinaw	[265, 16640, 259, 707]	[265, 44625]	[265, 44625]	2	2	3	3	1	1	NA
at basin	1	R	2	1790	0.019525	2	2256	2.380395	["at", " basin"]	[265, 34164]	-0.00705	0	0.11632	0	1.729853	2	-0.033355	0	-0.085045	2	2.380395	2	2.206854	2	0.239423	0	2.36087	0	at basin	1790	0.019525	1	mackinaw_20	at Mackinaw	20	B_GATE	NA	39	at Mackinaw	[265, 16640, 259, 707]	[265, 34164]	[265, 34164]	2	2	3	3	1	1	NA
at margin	1	R	2	2256	0.110071	0	1790	2.36087	["at", " margin"]	[265, 10330]	-0.00705	0	0.11632	0	1.17075	2	-0.033355	0	-0.006899	2	2.250798	1	2.128479	1	0.239423	0	2.36087	0				bos_footprint	mackinaw_20	at Mackinaw	20	B_GATE	NA	40	at Mackinaw	[265, 16640, 259, 707]	[265, 10330]	[265, 10330]	2	2	3	3	1	1	NA
at Franklin	1	R	2	2256	0.110071	0	1790	2.36087	["at", " Franklin"]	[265, 14021]	-0.00705	0	0.11632	0	0.061237	1	-0.033355	0	-0.062886	2	2.250798	1	2.128479	1	0.239423	0	2.36087	0				bos_footprint	mackinaw_20	at Mackinaw	20	B_GATE	NA	41	at Mackinaw	[265, 16640, 259, 707]	[265, 14021]	[265, 14021]	2	2	3	3	1	1	NA
at Dublin	1	R	2	2256	0.008197	0	1888	2.36087	["at", " Dublin"]	[265, 18220]	0.110274	2	0.11632	0	0.061237	1	-0.033355	0	-0.034496	2	2.250798	1	2.352673	2	0.239423	0	2.36087	0				bos_footprint	mackinaw_20	at Mackinaw	20	B_GATE	NA	42	at Mackinaw	[265, 16640, 259, 707]	[265, 18220]	[265, 18220]	2	2	3	3	1	1	NA
at Berlin	1	R	2	1888	0.064267	2	2256	2.425137	["at", " Berlin"]	[265, 11307]	-0.00705	0	0.11632	0	0.359702	2	-0.033355	0	-0.060029	2	2.250798	1	2.425137	2	0.239423	0	2.36087	0	at Berlin	1888	0.064267	1	mackinaw_20	at Mackinaw	20	B_GATE	NA	43	at Mackinaw	[265, 16640, 259, 707]	[265, 11307]	[265, 11307]	2	2	3	3	1	1	NA
at Austin	1	R	2	2256	0.110071	0	1790	2.36087	["at", " Austin"]	[265, 9533]	-0.00705	0	0.11632	0	0.13407	2	-0.033355	0	-0.022311	2	2.250798	1	2.128479	1	0.239423	0	2.36087	0				bos_footprint	mackinaw_20	at Mackinaw	20	B_GATE	NA	44	at Mackinaw	[265, 16640, 259, 707]	[265, 9533]	[265, 9533]	2	2	3	3	1	1	NA
at Merlin	1	R	2	1888	0.299031	2	2256	2.659901	["at", " Merlin"]	[265, 32918]	-0.00705	0	0.11632	0	0.10155	2	-0.033355	0	-0.078588	2	2.250798	1	2.659901	2	0.239423	0	2.36087	0	at Merlin	1888	0.299031	1	mackinaw_20	at Mackinaw	20	B_GATE	NA	45	at Mackinaw	[265, 16640, 259, 707]	[265, 32918]	[265, 32918]	2	2	3	3	1	1	NA
at Latin	1	R	2	2256	0.110071	0	1790	2.36087	["at", " Latin"]	[265, 9133]	0.655286	2	0.11632	0	0.061237	1	-0.033355	0	-0.042259	2	2.250798	1	2.128479	1	0.239423	0	2.36087	0				bos_footprint	mackinaw_20	at Mackinaw	20	B_GATE	NA	46	at Mackinaw	[265, 16640, 259, 707]	[265, 9133]	[265, 9133]	2	2	3	3	1	1	NA
at thunder	1	R	2	1888	0.241186	2	2256	2.602056	["at", " thunder"]	[265, 18355]	-0.00705	0	0.11632	0	1.820026	2	-0.033355	0	-0.122657	0	2.322733	2	2.602056	2	0.239423	0	2.36087	0	at thunder	1888	0.241186	1	mackinaw_20	at Mackinaw	20	B_GATE	NA	47	at Mackinaw	[265, 16640, 259, 707]	[265, 18355]	[265, 18355]	2	2	3	3	1	1	NA
at marrow	1	R	2	1790	0.334749	2	2256	2.695619	["at", " marrow"]	[265, 44173]	-0.00705	0	0.11632	0	1.076683	2	0.380921	2	-0.081465	2	2.695619	2	2.13954	2	0.239423	0	2.36087	0	at marrow	1790	0.334749	1	mackinaw_20	at Mackinaw	20	B_GATE	NA	48	at Mackinaw	[265, 16640, 259, 707]	[265, 44173]	[265, 44173]	2	2	3	3	1	1	NA
at gospel	1	R	2	1888	0.191751	2	1790	2.618474	["at", " gospel"]	[265, 21443]	-0.00705	0	0.11632	0	2.164936	2	-0.033355	0	-0.078509	2	2.426723	2	2.618474	2	0.239423	0	2.36087	0	at gospel	1888	0.191751	1	mackinaw_20	at Mackinaw	20	B_GATE	NA	49	at Mackinaw	[265, 16640, 259, 707]	[265, 21443]	[265, 21443]	2	2	3	3	1	1	NA
at iron	1	R	2	1888	0.078055	2	2256	2.438925	["at", " iron"]	[265, 6953]	-0.00705	0	0.11632	0	1.929294	2	-0.023636	2	-0.037587	2	2.250798	1	2.438925	2	0.239423	0	2.36087	0	at iron	1888	0.078055	1	mackinaw_20	at Mackinaw	20	B_GATE	NA	50	at Mackinaw	[265, 16640, 259, 707]	[265, 6953]	[265, 6953]	2	2	3	3	1	1	NA
at canvas	1	R	2	1888	0.397439	2	2256	2.758309	["at", " canvas"]	[265, 21978]	-0.00705	0	0.11632	0	1.756548	2	-0.033355	0	-0.035851	2	2.250798	1	2.758309	2	0.239423	0	2.36087	0	at canvas	1888	0.397439	1	mackinaw_20	at Mackinaw	20	B_GATE	NA	51	at Mackinaw	[265, 16640, 259, 707]	[265, 21978]	[265, 21978]	2	2	3	3	1	1	NA
at tallow	1	R	3	1790	0.130982	3	1888	2.652355	["at", " tall", "ow"]	[265, 7331, 322]	-0.00705	0	0.11632	0	1.181903	3	-0.001777	3	-0.033272	2	2.652355	3	2.521373	2	0.239423	0	2.36087	0	at tallow	1790	0.130982	1	mackinaw_20	at Mackinaw	20	B_GATE	NA	52	at Mackinaw	[265, 16640, 259, 707]	[265, 7331, 322]	[265, 7331, 322]	3	3	3	3	1	1	NA
at cold	1	R	2	2256	0.110071	0	1790	2.36087	["at", " cold"]	[265, 4692]	-0.00705	0	0.11632	0	0.732158	2	-0.033355	0	-0.045625	2	2.250798	1	2.128479	1	0.239423	0	2.36087	0				bos_footprint	mackinaw_20	at Mackinaw	20	B_GATE	NA	53	at Mackinaw	[265, 16640, 259, 707]	[265, 4692]	[265, 4692]	2	2	3	3	1	1	NA
at colder	1	R	2	2256	0.110071	0	1790	2.36087	["at", " colder"]	[265, 38427]	-0.00705	0	0.11632	0	0.250275	2	-0.033355	0	-0.047451	2	2.250798	1	2.128479	1	0.409166	2	2.36087	0				bos_footprint	mackinaw_20	at Mackinaw	20	B_GATE	NA	54	at Mackinaw	[265, 16640, 259, 707]	[265, 38427]	[265, 38427]	2	2	3	3	1	1	NA
at coldest	1	R	3	2256	0.110071	0	1790	2.36087	["at", " cold", "est"]	[265, 4692, 395]	-0.00705	0	0.251152	3	0.732158	2	-0.033355	0	-0.045625	2	2.250798	1	2.128479	1	0.523375	3	2.36087	0				bos_footprint	mackinaw_20	at Mackinaw	20	B_GATE	NA	55	at Mackinaw	[265, 16640, 259, 707]	[265, 4692, 395]	[265, 4692, 395]	3	3	3	3	1	1	NA
at cool	1	R	2	2256	0.100461	0	1790	2.36087	["at", " cool"]	[265, 3608]	-0.00705	0	0.11632	0	1.308915	2	-0.033355	0	-0.07299	2	2.260409	2	2.128479	1	0.239423	0	2.36087	0				bos_footprint	mackinaw_20	at Mackinaw	20	B_GATE	NA	56	at Mackinaw	[265, 16640, 259, 707]	[265, 3608]	[265, 3608]	2	2	3	3	1	1	NA
at cooler	1	R	2	2256	0.110071	0	1790	2.36087	["at", " cooler"]	[265, 19346]	-0.00705	0	0.11632	0	0.693051	2	-0.033355	0	-0.054963	2	2.250798	1	2.128479	1	0.239423	0	2.36087	0				bos_footprint	mackinaw_20	at Mackinaw	20	B_GATE	NA	57	at Mackinaw	[265, 16640, 259, 707]	[265, 19346]	[265, 19346]	2	2	3	3	1	1	NA
at coolest	1	R	2	1790	0.105662	2	2256	2.466532	["at", " coolest"]	[265, 38889]	-0.00705	0	0.11632	0	1.01052	2	-0.026245	2	-0.036962	2	2.466532	2	2.128479	1	0.239423	0	2.36087	0	at coolest	1790	0.105662	1	mackinaw_20	at Mackinaw	20	B_GATE	NA	58	at Mackinaw	[265, 16640, 259, 707]	[265, 38889]	[265, 38889]	2	2	3	3	1	1	NA
at frigid	1	R	3	2256	0.003009	0	1888	2.36087	["at", " frig", "id"]	[265, 36780, 312]	-0.00705	0	0.274886	3	1.542569	2	-0.033355	0	-0.071243	3	2.31673	2	2.357861	2	2.075148	3	2.36087	0				bos_footprint	mackinaw_20	at Mackinaw	20	B_GATE	NA	59	at Mackinaw	[265, 16640, 259, 707]	[265, 36780, 312]	[265, 36780, 312]	3	3	3	3	1	1	NA
at freezing	1	R	2	2256	0.110071	0	1790	2.36087	["at", " freezing"]	[265, 20884]	-0.00705	0	0.11632	0	0.342476	2	-0.033355	0	-0.077385	2	2.250798	1	2.128479	1	0.239423	0	2.36087	0				bos_footprint	mackinaw_20	at Mackinaw	20	B_GATE	NA	60	at Mackinaw	[265, 16640, 259, 707]	[265, 20884]	[265, 20884]	2	2	3	3	1	1	NA
at Mackin	1	R	3	20	0.322105	3	1430	3.081347	["at", " Mack", "in"]	[265, 16640, 259]	3.081347	3	0.11632	0	0.175272	2	-0.033355	0	2.759242	3	2.250798	1	2.295273	2	0.239423	0	2.36087	0	at Mackin	20	0.322105	1	mackinaw_20	at Mackinaw	20	E_CONTINUATION	NA	1	at Mackinaw	[265, 16640, 259, 707]	[265, 16640, 259]	[265, 16640, 259]	3	3	1	1	1	1	NA
at Mackin.	1	R	4	1821	0.172003	4	20	3.25335	["at", " Mack", "in", "."]	[265, 16640, 259, 13]	3.081347	3	0.11632	0	0.618331	4	-0.026454	4	2.759242	3	2.250798	1	2.295273	2	0.239423	0	2.36087	0	at Mackin.	1821	0.172003	1	mackinaw_20	at Mackinaw	20	E_CONTINUATION	NA	2	at Mackinaw	[265, 16640, 259, 707]	[265, 16640, 259, 13]	[265, 16640, 259, 13]	4	4	1	1	1	1	NA
at Mackin,	1	R	4	20	0.322105	3	1430	3.081347	["at", " Mack", "in", ","]	[265, 16640, 259, 11]	3.081347	3	0.11632	0	0.175272	2	-0.023039	4	2.759242	3	2.250798	1	2.295273	2	0.239423	0	2.36087	0	at Mackin	20	0.322105	1	mackinaw_20	at Mackinaw	20	E_CONTINUATION	NA	3	at Mackinaw	[265, 16640, 259, 707]	[265, 16640, 259, 11]	[265, 16640, 259, 11]	4	4	1	1	1	1	NA
at Mackin!	1	R	4	20	0.322105	3	1430	3.081347	["at", " Mack", "in", "!"]	[265, 16640, 259, 0]	3.081347	3	0.11632	0	0.310013	4	-0.007191	4	2.759242	3	2.250798	1	2.295273	2	0.239423	0	2.36087	0	at Mackin	20	0.322105	1	mackinaw_20	at Mackinaw	20	E_CONTINUATION	NA	4	at Mackinaw	[265, 16640, 259, 707]	[265, 16640, 259, 0]	[265, 16640, 259, 0]	4	4	1	1	1	1	NA
at Mackin?	1	R	4	20	0.322105	3	1430	3.081347	["at", " Mack", "in", "?"]	[265, 16640, 259, 30]	3.081347	3	0.11632	0	0.175272	2	-0.032893	4	2.759242	3	2.250798	1	2.295273	2	0.239423	0	2.36087	0	at Mackin	20	0.322105	1	mackinaw_20	at Mackinaw	20	E_CONTINUATION	NA	5	at Mackinaw	[265, 16640, 259, 707]	[265, 16640, 259, 30]	[265, 16640, 259, 30]	4	4	1	1	1	1	NA
at Mackin;	1	R	4	20	0.322105	3	1430	3.081347	["at", " Mack", "in", ";"]	[265, 16640, 259, 26]	3.081347	3	0.11632	0	0.175272	2	-0.030737	4	2.759242	3	2.250798	1	2.295273	2	0.239423	0	2.36087	0	at Mackin	20	0.322105	1	mackinaw_20	at Mackinaw	20	E_CONTINUATION	NA	6	at Mackinaw	[265, 16640, 259, 707]	[265, 16640, 259, 26]	[265, 16640, 259, 26]	4	4	1	1	1	1	NA
at Mackin:	1	R	4	20	0.322105	3	1430	3.081347	["at", " Mack", "in", ":"]	[265, 16640, 259, 25]	3.081347	3	0.11632	0	0.175272	2	-0.033355	0	2.759242	3	2.250798	1	2.295273	2	0.239423	0	2.36087	0	at Mackin	20	0.322105	1	mackinaw_20	at Mackinaw	20	E_CONTINUATION	NA	7	at Mackinaw	[265, 16640, 259, 707]	[265, 16640, 259, 25]	[265, 16640, 259, 25]	4	4	1	1	1	1	NA
at Mackin...	1	R	4	20	0.322105	3	1430	3.081347	["at", " Mack", "in", "..."]	[265, 16640, 259, 986]	3.081347	3	0.11632	0	0.175272	2	-0.02846	4	2.759242	3	2.250798	1	2.295273	2	0.239423	0	2.36087	0	at Mackin	20	0.322105	1	mackinaw_20	at Mackinaw	20	E_CONTINUATION	NA	8	at Mackinaw	[265, 16640, 259, 707]	[265, 16640, 259, 986]	[265, 16640, 259, 986]	4	4	1	1	1	1	NA
at Mackiner	1	R	3	1790	0.22156	3	2256	2.582429	["at", " Mack", "iner"]	[265, 16640, 7274]	-0.00705	0	0.11632	0	0.175272	2	-0.033355	0	0.970216	3	2.582429	3	2.295273	2	0.239423	0	2.36087	0	at Mackiner	1790	0.22156	1	mackinaw_20	at Mackinaw	20	E_CONTINUATION	NA	9	at Mackinaw	[265, 16640, 259, 707]	[265, 16640, 7274]	[265, 16640, 7274]	3	3	2	2	1	1	NA
at Mackinest	1	R	4	2594	0.015171	4	20	3.096518	["at", " Mack", "in", "est"]	[265, 16640, 259, 395]	3.081347	3	0.11632	0	0.175272	2	-0.003038	4	2.759242	3	2.250798	1	2.295273	2	0.239423	0	2.36087	0	at Mackinest	2594	0.015171	1	mackinaw_20	at Mackinaw	20	E_CONTINUATION	NA	10	at Mackinaw	[265, 16640, 259, 707]	[265, 16640, 259, 395]	[265, 16640, 259, 395]	4	4	1	1	1	1	NA
at Mackins	1	R	3	1430	0.062886	3	13	2.483739	["at", " Mack", "ins"]	[265, 16640, 1040]	2.082643	3	0.11632	0	0.175272	2	-0.033355	0	2.483739	3	2.250798	1	2.295273	2	0.239423	0	2.36087	0	at Mackins	1430	0.062886	1	mackinaw_20	at Mackinaw	20	E_CONTINUATION	NA	11	at Mackinaw	[265, 16640, 259, 707]	[265, 16640, 1040]	[265, 16640, 1040]	3	3	2	2	1	1	NA
at Mackined	1	R	3	1790	0.479817	3	13	2.856952	["at", " Mack", "ined"]	[265, 16640, 1389]	0.811232	3	0.11632	0	0.175272	2	-0.033355	0	2.056915	3	2.856952	3	2.295273	2	0.239423	0	2.36087	0	at Mackined	1790	0.479817	1	mackinaw_20	at Mackinaw	20	E_CONTINUATION	NA	12	at Mackinaw	[265, 16640, 259, 707]	[265, 16640, 1389]	[265, 16640, 1389]	3	3	2	2	1	1	NA
at Mackining	1	R	3	1790	0.718793	3	2256	3.079663	["at", " Mack", "ining"]	[265, 16640, 3191]	1.060505	3	0.11632	0	0.175272	2	-0.033355	0	2.309283	3	3.079663	3	2.295273	2	0.239423	0	2.36087	0	at Mackining	1790	0.718793	1	mackinaw_20	at Mackinaw	20	E_CONTINUATION	NA	13	at Mackinaw	[265, 16640, 259, 707]	[265, 16640, 3191]	[265, 16640, 3191]	3	3	2	2	1	1	NA
at Mackinly	1	R	4	20	0.322105	3	1430	3.081347	["at", " Mack", "in", "ly"]	[265, 16640, 259, 306]	3.081347	3	0.11632	0	0.175272	2	-0.033355	0	2.759242	3	2.250798	1	2.295273	2	0.239423	0	2.36087	0	at Mackin	20	0.322105	1	mackinaw_20	at Mackinaw	20	E_CONTINUATION	NA	14	at Mackinaw	[265, 16640, 259, 707]	[265, 16640, 259, 306]	[265, 16640, 259, 306]	4	4	1	1	1	1	NA
at Mackinness	1	R	3	1790	0.370072	3	2256	2.730942	["at", " Mack", "inness"]	[265, 16640, 32990]	-0.00705	0	0.11632	0	0.28824	3	-0.033355	0	-0.061178	2	2.730942	3	2.295273	2	0.239423	0	2.36087	0	at Mackinness	1790	0.370072	1	mackinaw_20	at Mackinaw	20	E_CONTINUATION	NA	15	at Mackinaw	[265, 16640, 259, 707]	[265, 16640, 32990]	[265, 16640, 32990]	3	3	2	2	1	1	NA
at Mackinish	1	R	4	20	0.322105	3	1430	3.081347	["at", " Mack", "in", "ish"]	[265, 16640, 259, 680]	3.081347	3	0.11632	0	0.175272	2	-0.000709	4	2.759242	3	2.651592	4	2.295273	2	0.239423	0	2.36087	0	at Mackin	20	0.322105	1	mackinaw_20	at Mackinaw	20	E_CONTINUATION	NA	16	at Mackinaw	[265, 16640, 259, 707]	[265, 16640, 259, 680]	[265, 16640, 259, 680]	4	4	1	1	1	1	NA
at Mackinward	1	R	4	20	0.322105	3	1430	3.081347	["at", " Mack", "in", "ward"]	[265, 16640, 259, 904]	3.081347	3	0.11632	0	0.175272	2	-0.010333	4	2.759242	3	2.360381	4	2.295273	2	0.239423	0	2.36087	0	at Mackin	20	0.322105	1	mackinaw_20	at Mackinaw	20	E_CONTINUATION	NA	17	at Mackinaw	[265, 16640, 259, 707]	[265, 16640, 259, 904]	[265, 16640, 259, 904]	4	4	1	1	1	1	NA
at Mackinwards	1	R	4	20	0.322105	3	1430	3.081347	["at", " Mack", "in", "wards"]	[265, 16640, 259, 2017]	3.081347	3	0.11632	0	0.175272	2	-0.032197	4	2.759242	3	2.250798	1	2.295273	2	0.239423	0	2.36087	0	at Mackin	20	0.322105	1	mackinaw_20	at Mackinaw	20	E_CONTINUATION	NA	18	at Mackinaw	[265, 16640, 259, 707]	[265, 16640, 259, 2017]	[265, 16640, 259, 2017]	4	4	1	1	1	1	NA
at Mackin water	1	R	4	20	0.322105	3	1430	3.081347	["at", " Mack", "in", " water"]	[265, 16640, 259, 1660]	3.081347	3	0.11632	0	0.916881	4	-0.033355	0	2.759242	3	2.250798	1	2.4824	4	0.239423	0	2.36087	0	at Mackin	20	0.322105	1	mackinaw_20	at Mackinaw	20	E_CONTINUATION	NA	19	at Mackinaw	[265, 16640, 259, 707]	[265, 16640, 259, 1660]	[265, 16640, 259, 1660]	4	4	1	1	1	1	NA
at Mackin air	1	R	4	20	0.322105	3	1430	3.081347	["at", " Mack", "in", " air"]	[265, 16640, 259, 1633]	3.081347	3	0.11632	0	1.518974	4	-0.033355	0	2.759242	3	2.250798	1	2.295273	2	0.239423	0	2.36087	0	at Mackin	20	0.322105	1	mackinaw_20	at Mackinaw	20	E_CONTINUATION	NA	20	at Mackinaw	[265, 16640, 259, 707]	[265, 16640, 259, 1633]	[265, 16640, 259, 1633]	4	4	1	1	1	1	NA
at Mackin weather	1	R	4	20	0.322105	3	1430	3.081347	["at", " Mack", "in", " weather"]	[265, 16640, 259, 6193]	3.081347	3	0.11632	0	0.837466	4	-0.033355	0	2.759242	3	2.250798	1	2.551598	4	0.239423	0	2.36087	0	at Mackin	20	0.322105	1	mackinaw_20	at Mackinaw	20	E_CONTINUATION	NA	21	at Mackinaw	[265, 16640, 259, 707]	[265, 16640, 259, 6193]	[265, 16640, 259, 6193]	4	4	1	1	1	1	NA
at Mackin night	1	R	4	20	0.322105	3	1430	3.081347	["at", " Mack", "in", " night"]	[265, 16640, 259, 1755]	3.081347	3	0.11632	0	1.108932	4	-0.033355	0	2.759242	3	2.250798	1	2.359023	4	0.239423	0	2.36087	0	at Mackin	20	0.322105	1	mackinaw_20	at Mackinaw	20	E_CONTINUATION	NA	22	at Mackinaw	[265, 16640, 259, 707]	[265, 16640, 259, 1755]	[265, 16640, 259, 1755]	4	4	1	1	1	1	NA
at Mackin morning	1	R	4	20	0.322105	3	1430	3.081347	["at", " Mack", "in", " morning"]	[265, 16640, 259, 3329]	3.081347	3	0.528659	4	0.677394	4	-0.033355	0	2.759242	3	2.250798	1	2.309585	4	0.239423	0	2.36087	0	at Mackin	20	0.322105	1	mackinaw_20	at Mackinaw	20	E_CONTINUATION	NA	23	at Mackinaw	[265, 16640, 259, 707]	[265, 16640, 259, 3329]	[265, 16640, 259, 3329]	4	4	1	1	1	1	NA
at Mackin again	1	R	4	20	0.322105	3	1430	3.081347	["at", " Mack", "in", " again"]	[265, 16640, 259, 757]	3.081347	3	0.11632	0	0.175272	2	-0.033355	0	2.759242	3	2.250798	1	2.295273	2	0.239423	0	2.36087	0	at Mackin	20	0.322105	1	mackinaw_20	at Mackinaw	20	E_CONTINUATION	NA	24	at Mackinaw	[265, 16640, 259, 707]	[265, 16640, 259, 757]	[265, 16640, 259, 757]	4	4	1	1	1	1	NA
at Mackin now	1	R	4	20	0.322105	3	1430	3.081347	["at", " Mack", "in", " now"]	[265, 16640, 259, 783]	3.081347	3	0.11632	0	0.307531	4	-0.033355	0	2.759242	3	2.250798	1	2.295273	2	0.239423	0	2.36087	0	at Mackin	20	0.322105	1	mackinaw_20	at Mackinaw	20	E_CONTINUATION	NA	25	at Mackinaw	[265, 16640, 259, 707]	[265, 16640, 259, 783]	[265, 16640, 259, 783]	4	4	1	1	1	1	NA
at Mackin then	1	R	4	20	0.322105	3	1430	3.081347	["at", " Mack", "in", " then"]	[265, 16640, 259, 788]	3.081347	3	0.11632	0	0.212242	4	0.053434	4	2.759242	3	2.250798	1	2.295273	2	0.239423	0	2.36087	0	at Mackin	20	0.322105	1	mackinaw_20	at Mackinaw	20	E_CONTINUATION	NA	26	at Mackinaw	[265, 16640, 259, 707]	[265, 16640, 259, 788]	[265, 16640, 259, 788]	4	4	1	1	1	1	NA
at Mackin today	1	R	4	20	0.322105	3	1430	3.081347	["at", " Mack", "in", " today"]	[265, 16640, 259, 1909]	3.081347	3	0.11632	0	0.205684	4	-0.033355	0	2.759242	3	2.250798	1	2.295273	2	0.239423	0	2.36087	0	at Mackin	20	0.322105	1	mackinaw_20	at Mackinaw	20	E_CONTINUATION	NA	27	at Mackinaw	[265, 16640, 259, 707]	[265, 16640, 259, 1909]	[265, 16640, 259, 1909]	4	4	1	1	1	1	NA
at Mackin yesterday	1	R	4	20	0.322105	3	1430	3.081347	["at", " Mack", "in", " yesterday"]	[265, 16640, 259, 7415]	3.081347	3	0.11632	0	0.258423	4	-0.033355	0	2.759242	3	2.250798	1	2.295273	2	0.239423	0	2.36087	0	at Mackin	20	0.322105	1	mackinaw_20	at Mackinaw	20	E_CONTINUATION	NA	28	at Mackinaw	[265, 16640, 259, 707]	[265, 16640, 259, 7415]	[265, 16640, 259, 7415]	4	4	1	1	1	1	NA
at Mackin outside	1	R	4	20	0.322105	3	1430	3.081347	["at", " Mack", "in", " outside"]	[265, 16640, 259, 2354]	3.081347	3	0.11632	0	0.205316	4	-0.033355	0	2.759242	3	2.250798	1	2.295273	2	0.239423	0	2.36087	0	at Mackin	20	0.322105	1	mackinaw_20	at Mackinaw	20	E_CONTINUATION	NA	29	at Mackinaw	[265, 16640, 259, 707]	[265, 16640, 259, 2354]	[265, 16640, 259, 2354]	4	4	1	1	1	1	NA
at Mackin inside	1	R	4	20	0.322105	3	1430	3.081347	["at", " Mack", "in", " inside"]	[265, 16640, 259, 2641]	3.081347	3	0.11632	0	0.274198	4	-0.033355	0	2.759242	3	2.250798	1	2.295273	2	0.239423	0	2.36087	0	at Mackin	20	0.322105	1	mackinaw_20	at Mackinaw	20	E_CONTINUATION	NA	30	at Mackinaw	[265, 16640, 259, 707]	[265, 16640, 259, 2641]	[265, 16640, 259, 2641]	4	4	1	1	1	1	NA
at Mackin here	1	R	4	20	0.322105	3	1430	3.081347	["at", " Mack", "in", " here"]	[265, 16640, 259, 994]	3.081347	3	0.11632	0	0.387024	4	-0.033355	0	2.759242	3	2.250798	1	2.295273	2	0.239423	0	2.36087	0	at Mackin	20	0.322105	1	mackinaw_20	at Mackinaw	20	E_CONTINUATION	NA	31	at Mackinaw	[265, 16640, 259, 707]	[265, 16640, 259, 994]	[265, 16640, 259, 994]	4	4	1	1	1	1	NA
at Mackin there	1	R	4	20	0.322105	3	1430	3.081347	["at", " Mack", "in", " there"]	[265, 16640, 259, 612]	3.081347	3	0.11632	0	0.386277	4	-0.033355	0	2.759242	3	2.250798	1	2.295273	2	0.239423	0	2.36087	0	at Mackin	20	0.322105	1	mackinaw_20	at Mackinaw	20	E_CONTINUATION	NA	32	at Mackinaw	[265, 16640, 259, 707]	[265, 16640, 259, 612]	[265, 16640, 259, 612]	4	4	1	1	1	1	NA
at Mackin nearby	1	R	4	20	0.322105	3	1430	3.081347	["at", " Mack", "in", " nearby"]	[265, 16640, 259, 6716]	3.081347	3	0.11632	0	0.175272	2	-0.033355	0	2.759242	3	2.282974	4	2.295273	2	0.239423	0	2.36087	0	at Mackin	20	0.322105	1	mackinaw_20	at Mackinaw	20	E_CONTINUATION	NA	33	at Mackinaw	[265, 16640, 259, 707]	[265, 16640, 259, 6716]	[265, 16640, 259, 6716]	4	4	1	1	1	1	NA
at Mackin below	1	R	4	20	0.322105	3	1430	3.081347	["at", " Mack", "in", " below"]	[265, 16640, 259, 2174]	3.081347	3	0.11632	0	0.175272	2	-0.033355	0	2.759242	3	2.250798	1	2.295273	2	0.239423	0	2.36087	0	at Mackin	20	0.322105	1	mackinaw_20	at Mackinaw	20	E_CONTINUATION	NA	34	at Mackinaw	[265, 16640, 259, 707]	[265, 16640, 259, 2174]	[265, 16640, 259, 2174]	4	4	1	1	1	1	NA
at Mackin above	1	R	4	20	0.322105	3	1430	3.081347	["at", " Mack", "in", " above"]	[265, 16640, 259, 2029]	3.081347	3	0.11632	0	0.175272	2	-0.033355	0	2.759242	3	2.250798	1	2.295273	2	0.239423	0	2.36087	0	at Mackin	20	0.322105	1	mackinaw_20	at Mackinaw	20	E_CONTINUATION	NA	35	at Mackinaw	[265, 16640, 259, 707]	[265, 16640, 259, 2029]	[265, 16640, 259, 2029]	4	4	1	1	1	1	NA
at Mackin ahead	1	R	4	20	0.322105	3	1430	3.081347	["at", " Mack", "in", " ahead"]	[265, 16640, 259, 4058]	3.081347	3	0.11632	0	0.175272	2	-0.033355	0	2.759242	3	2.250798	1	2.295273	2	0.239423	0	2.36087	0	at Mackin	20	0.322105	1	mackinaw_20	at Mackinaw	20	E_CONTINUATION	NA	36	at Mackinaw	[265, 16640, 259, 707]	[265, 16640, 259, 4058]	[265, 16640, 259, 4058]	4	4	1	1	1	1	NA
at Mackin behind	1	R	4	20	0.322105	3	1430	3.081347	["at", " Mack", "in", " behind"]	[265, 16640, 259, 2157]	3.081347	3	0.11632	0	0.175272	2	-0.033355	0	2.759242	3	2.250798	1	2.295273	2	0.239423	0	2.36087	0	at Mackin	20	0.322105	1	mackinaw_20	at Mackinaw	20	E_CONTINUATION	NA	37	at Mackinaw	[265, 16640, 259, 707]	[265, 16640, 259, 2157]	[265, 16640, 259, 2157]	4	4	1	1	1	1	NA
at Mackin at sea	1	R	5	20	0.322105	3	1430	3.081347	["at", " Mack", "in", " at", " sea"]	[265, 16640, 259, 379, 5417]	3.081347	3	0.11632	0	0.784381	5	-0.033355	0	2.759242	3	2.250798	1	2.295273	2	0.239423	0	2.36087	0	at Mackin	20	0.322105	1	mackinaw_20	at Mackinaw	20	E_CONTINUATION	NA	38	at Mackinaw	[265, 16640, 259, 707]	[265, 16640, 259, 379, 5417]	[265, 16640, 259, 379, 5417]	5	5	2	2	1	1	NA
at Mackin in winter	1	R	5	20	0.322105	3	1430	3.081347	["at", " Mack", "in", " in", " winter"]	[265, 16640, 259, 287, 7374]	3.081347	3	0.530461	5	0.175272	2	-0.033355	0	2.759242	3	2.250798	1	2.310178	4	0.239423	0	2.36087	0	at Mackin	20	0.322105	1	mackinaw_20	at Mackinaw	20	E_CONTINUATION	NA	39	at Mackinaw	[265, 16640, 259, 707]	[265, 16640, 259, 287, 7374]	[265, 16640, 259, 287, 7374]	5	5	2	2	1	1	NA
at Mackin for hours	1	R	5	20	0.322105	3	1430	3.081347	["at", " Mack", "in", " for", " hours"]	[265, 16640, 259, 329, 2250]	3.081347	3	0.11632	0	0.175272	2	-0.025685	5	2.759242	3	2.250798	1	2.295273	2	0.239423	0	2.36087	0	at Mackin	20	0.322105	1	mackinaw_20	at Mackinaw	20	E_CONTINUATION	NA	40	at Mackinaw	[265, 16640, 259, 707]	[265, 16640, 259, 329, 2250]	[265, 16640, 259, 329, 2250]	5	5	2	2	1	1	NA
at Mackin all day	1	R	5	20	0.253694	3	1581	3.081347	["at", " Mack", "in", " all", " day"]	[265, 16640, 259, 477, 1110]	3.081347	3	0.11632	0	0.27905	4	-0.033355	0	2.759242	3	2.250798	1	2.295273	2	0.239423	0	2.36087	0	at Mackin	20	0.322105	1	mackinaw_20	at Mackinaw	20	E_CONTINUATION	NA	41	at Mackinaw	[265, 16640, 259, 707]	[265, 16640, 259, 477, 1110]	[265, 16640, 259, 477, 1110]	5	5	2	2	1	1	NA
at Mackin all night	1	R	5	1581	0.110761	5	20	3.192108	["at", " Mack", "in", " all", " night"]	[265, 16640, 259, 477, 1755]	3.081347	3	0.11632	0	0.27905	4	-0.029674	5	2.759242	3	2.250798	1	2.295273	2	0.239423	0	2.36087	0	at Mackin all night	1581	0.110761	1	mackinaw_20	at Mackinaw	20	E_CONTINUATION	NA	42	at Mackinaw	[265, 16640, 259, 707]	[265, 16640, 259, 477, 1755]	[265, 16640, 259, 477, 1755]	5	5	2	2	1	1	NA
at Mackin and dark	1	R	5	2331	0.101758	5	20	3.183105	["at", " Mack", "in", " and", " dark"]	[265, 16640, 259, 290, 3223]	3.081347	3	0.11632	0	1.128075	5	-0.033355	0	2.759242	3	2.273882	5	2.295273	2	0.239423	0	2.36087	0	at Mackin and dark	2331	0.101758	1	mackinaw_20	at Mackinaw	20	E_CONTINUATION	NA	43	at Mackinaw	[265, 16640, 259, 707]	[265, 16640, 259, 290, 3223]	[265, 16640, 259, 290, 3223]	5	5	2	2	1	1	NA
at Mackin and still	1	R	5	20	0.322105	3	1430	3.081347	["at", " Mack", "in", " and", " still"]	[265, 16640, 259, 290, 991]	3.081347	3	0.11632	0	0.175272	2	-0.033355	0	2.759242	3	2.250798	1	2.295273	2	0.239423	0	2.36087	0	at Mackin	20	0.322105	1	mackinaw_20	at Mackinaw	20	E_CONTINUATION	NA	44	at Mackinaw	[265, 16640, 259, 707]	[265, 16640, 259, 290, 991]	[265, 16640, 259, 290, 991]	5	5	2	2	1	1	NA
at Mackin and silent	1	R	5	20	0.322105	3	1430	3.081347	["at", " Mack", "in", " and", " silent"]	[265, 16640, 259, 290, 10574]	3.081347	3	0.11632	0	0.388858	5	-0.033355	0	2.759242	3	2.250798	1	2.295273	2	0.239423	0	2.36087	0	at Mackin	20	0.322105	1	mackinaw_20	at Mackinaw	20	E_CONTINUATION	NA	45	at Mackinaw	[265, 16640, 259, 707]	[265, 16640, 259, 290, 10574]	[265, 16640, 259, 290, 10574]	5	5	2	2	1	1	NA
at Mackin and empty	1	R	5	20	0.322105	3	1430	3.081347	["at", " Mack", "in", " and", " empty"]	[265, 16640, 259, 290, 6565]	3.081347	3	0.11632	0	0.175272	2	-0.033355	0	2.759242	3	2.250798	1	2.295273	2	0.489028	5	2.36087	0	at Mackin	20	0.322105	1	mackinaw_20	at Mackinaw	20	E_CONTINUATION	NA	46	at Mackinaw	[265, 16640, 259, 707]	[265, 16640, 259, 290, 6565]	[265, 16640, 259, 290, 6565]	5	5	2	2	1	1	NA
at Mackin and clear	1	R	5	20	0.322105	3	1430	3.081347	["at", " Mack", "in", " and", " clear"]	[265, 16640, 259, 290, 1598]	3.081347	3	0.11632	0	0.734129	5	-0.033355	0	2.759242	3	2.250798	1	2.65298	5	0.553476	5	2.36087	0	at Mackin	20	0.322105	1	mackinaw_20	at Mackinaw	20	E_CONTINUATION	NA	47	at Mackinaw	[265, 16640, 259, 707]	[265, 16640, 259, 290, 1598]	[265, 16640, 259, 290, 1598]	5	5	2	2	1	1	NA
at Mackin and bright	1	R	5	20	0.318882	3	1888	3.081347	["at", " Mack", "in", " and", " bright"]	[265, 16640, 259, 290, 6016]	3.081347	3	0.11632	0	0.175272	2	-0.033355	0	2.759242	3	2.548144	5	2.762465	5	1.025301	5	2.36087	0	at Mackin	20	0.322105	1	mackinaw_20	at Mackinaw	20	E_CONTINUATION	NA	48	at Mackinaw	[265, 16640, 259, 707]	[265, 16640, 259, 290, 6016]	[265, 16640, 259, 290, 6016]	5	5	2	2	1	1	NA
at Mackin and warm	1	R	5	20	0.322105	3	1430	3.081347	["at", " Mack", "in", " and", " warm"]	[265, 16640, 259, 290, 5814]	3.081347	3	0.11632	0	0.319473	5	-0.033355	0	2.759242	3	2.250798	1	2.295273	2	1.488524	5	2.36087	0	at Mackin	20	0.322105	1	mackinaw_20	at Mackinaw	20	E_CONTINUATION	NA	49	at Mackinaw	[265, 16640, 259, 707]	[265, 16640, 259, 290, 5814]	[265, 16640, 259, 290, 5814]	5	5	2	2	1	1	NA
at Mackin but calm	1	R	5	20	0.322105	3	1430	3.081347	["at", " Mack", "in", " but", " calm"]	[265, 16640, 259, 475, 9480]	3.081347	3	0.11632	0	0.358834	4	-0.033355	0	2.759242	3	2.250798	1	2.295273	2	1.535785	5	2.36087	0	at Mackin	20	0.322105	1	mackinaw_20	at Mackinaw	20	E_CONTINUATION	NA	50	at Mackinaw	[265, 16640, 259, 707]	[265, 16640, 259, 475, 9480]	[265, 16640, 259, 475, 9480]	5	5	2	2	1	1	NA
at Mackin but changing	1	R	5	20	0.322105	3	1430	3.081347	["at", " Mack", "in", " but", " changing"]	[265, 16640, 259, 475, 5609]	3.081347	3	0.11632	0	0.358834	4	-0.033355	0	2.759242	3	2.250798	1	2.295273	2	0.239423	0	2.36087	0	at Mackin	20	0.322105	1	mackinaw_20	at Mackinaw	20	E_CONTINUATION	NA	51	at Mackinaw	[265, 16640, 259, 707]	[265, 16640, 259, 475, 5609]	[265, 16640, 259, 475, 5609]	5	5	2	2	1	1	NA
at Mackin before dawn	1	R	5	20	0.322105	3	1430	3.081347	["at", " Mack", "in", " before", " dawn"]	[265, 16640, 259, 878, 17577]	3.081347	3	0.582917	5	0.175272	2	-0.033355	0	2.759242	3	2.250798	1	2.295273	2	0.239423	0	2.36087	0	at Mackin	20	0.322105	1	mackinaw_20	at Mackinaw	20	E_CONTINUATION	NA	52	at Mackinaw	[265, 16640, 259, 707]	[265, 16640, 259, 878, 17577]	[265, 16640, 259, 878, 17577]	5	5	2	2	1	1	NA
at Mackin after sunset	1	R	5	20	0.322105	3	1430	3.081347	["at", " Mack", "in", " after", " sunset"]	[265, 16640, 259, 706, 26428]	3.081347	3	0.11632	0	0.175272	2	-0.033355	0	2.759242	3	2.250798	1	2.295273	2	0.239423	0	2.36087	0	at Mackin	20	0.322105	1	mackinaw_20	at Mackinaw	20	E_CONTINUATION	NA	53	at Mackinaw	[265, 16640, 259, 707]	[265, 16640, 259, 706, 26428]	[265, 16640, 259, 706, 26428]	5	5	2	2	1	1	NA
at Mackin near shore	1	R	5	20	0.322105	3	1430	3.081347	["at", " Mack", "in", " near", " shore"]	[265, 16640, 259, 1474, 15191]	3.081347	3	0.11632	0	0.175272	2	-0.033355	0	2.759242	3	2.250798	1	2.295273	2	0.239423	0	2.36087	0	at Mackin	20	0.322105	1	mackinaw_20	at Mackinaw	20	E_CONTINUATION	NA	54	at Mackinaw	[265, 16640, 259, 707]	[265, 16640, 259, 1474, 15191]	[265, 16640, 259, 1474, 15191]	5	5	2	2	1	1	NA
at Mackin offshore	1	R	4	20	0.322105	3	1430	3.081347	["at", " Mack", "in", " offshore"]	[265, 16640, 259, 18479]	3.081347	3	0.11632	0	0.175272	2	-0.033355	0	2.759242	3	2.250798	1	2.295273	2	0.239423	0	2.36087	0	at Mackin	20	0.322105	1	mackinaw_20	at Mackinaw	20	E_CONTINUATION	NA	55	at Mackinaw	[265, 16640, 259, 707]	[265, 16640, 259, 18479]	[265, 16640, 259, 18479]	4	4	1	1	1	1	NA
at Mackin aboard	1	R	4	20	0.322105	3	1430	3.081347	["at", " Mack", "in", " aboard"]	[265, 16640, 259, 15500]	3.081347	3	0.11632	0	0.175272	2	-0.033355	0	2.759242	3	2.250798	1	2.295273	2	0.239423	0	2.36087	0	at Mackin	20	0.322105	1	mackinaw_20	at Mackinaw	20	E_CONTINUATION	NA	56	at Mackinaw	[265, 16640, 259, 707]	[265, 16640, 259, 15500]	[265, 16640, 259, 15500]	4	4	1	1	1	1	NA
at Mackin within	1	R	4	20	0.322105	3	1430	3.081347	["at", " Mack", "in", " within"]	[265, 16640, 259, 1626]	3.081347	3	0.11632	0	0.175272	2	-0.033355	0	2.759242	3	2.250798	1	2.295273	2	0.239423	0	2.36087	0	at Mackin	20	0.322105	1	mackinaw_20	at Mackinaw	20	E_CONTINUATION	NA	57	at Mackinaw	[265, 16640, 259, 707]	[265, 16640, 259, 1626]	[265, 16640, 259, 1626]	4	4	1	1	1	1	NA
at Mackin without	1	R	4	20	0.322105	3	1430	3.081347	["at", " Mack", "in", " without"]	[265, 16640, 259, 1231]	3.081347	3	0.11632	0	0.175272	2	-0.016919	4	2.759242	3	2.250798	1	2.295273	2	0.239423	0	2.36087	0	at Mackin	20	0.322105	1	mackinaw_20	at Mackinaw	20	E_CONTINUATION	NA	58	at Mackinaw	[265, 16640, 259, 707]	[265, 16640, 259, 1231]	[265, 16640, 259, 1231]	4	4	1	1	1	1	NA
at Mackin beneath us	1	R	5	20	0.322105	3	1430	3.081347	["at", " Mack", "in", " beneath", " us"]	[265, 16640, 259, 11061, 514]	3.081347	3	0.11632	0	0.400746	5	-0.033355	0	2.759242	3	2.250798	1	2.295273	2	0.239423	0	2.36087	0	at Mackin	20	0.322105	1	mackinaw_20	at Mackinaw	20	E_CONTINUATION	NA	59	at Mackinaw	[265, 16640, 259, 707]	[265, 16640, 259, 11061, 514]	[265, 16640, 259, 11061, 514]	5	5	2	2	1	1	NA
at Mackin around us	1	R	5	20	0.322105	3	1430	3.081347	["at", " Mack", "in", " around", " us"]	[265, 16640, 259, 1088, 514]	3.081347	3	0.489211	4	0.175272	2	-0.033355	0	2.759242	3	2.250798	1	2.295273	2	0.239423	0	2.36087	0	at Mackin	20	0.322105	1	mackinaw_20	at Mackinaw	20	E_CONTINUATION	NA	60	at Mackinaw	[265, 16640, 259, 707]	[265, 16640, 259, 1088, 514]	[265, 16640, 259, 1088, 514]	5	5	2	2	1	1	NA
at Artistsinaw	1	R	4	1898	0.490777	4	1888	2.876004	["at", " Artists", "in", "aw"]	[265, 37599, 259, 707]	-0.00705	0	0.11632	0	0.474564	4	-0.000133	3	0.633777	3	2.250798	1	2.385227	2	0.239423	0	2.36087	0	at Artistsinaw	1898	0.490777	1	mackinaw_20	at Mackinaw	20	C_LOCAL	0	1	at Mackinaw	[265, 16640, 259, 707]	[265, 37599, 259, 707]	[265, 37599, 259, 707]	4	4	1	1	1	1	1
 Dennis Mackinaw	1	R	4	1888	0.465838	1	20	3.062109	[" Dennis", " Mack", "in", "aw"]	[16902, 16640, 259, 707]	2.59627	3	0.11632	0	-0.000821	0	0.558351	1	2.339061	3	2.305036	3	3.062109	1	0.239423	0	2.36087	0	 Dennis	1888	0.701238	1	mackinaw_20	at Mackinaw	20	C_LOCAL	0	2	at Mackinaw	[265, 16640, 259, 707]	[16902, 16640, 259, 707]	[16902, 16640, 259, 707]	4	4	1	1	1	1	0
 Veteran Mackinaw	1	R	4	20	0.059724	3	1888	3.224573	[" Veteran", " Mack", "in", "aw"]	[32733, 16640, 259, 707]	3.224573	3	0.11632	0	-0.000821	0	1.409008	1	2.850615	3	2.403769	1	3.164848	1	0.239423	0	2.36087	0	 Veteran Mackin	20	0.059724	1	mackinaw_20	at Mackinaw	20	C_LOCAL	0	3	at Mackinaw	[265, 16640, 259, 707]	[32733, 16640, 259, 707]	[32733, 16640, 259, 707]	4	4	1	1	1	1	0
at MackinMedium	1	R	4	20	0.322105	3	1430	3.081347	["at", " Mack", "in", "Medium"]	[265, 16640, 259, 31205]	3.081347	3	0.11632	0	0.175272	2	-0.001055	4	2.759242	3	2.250798	1	2.295273	2	0.239423	0	2.36087	0	at Mackin	20	0.322105	1	mackinaw_20	at Mackinaw	20	C_LOCAL	0	4	at Mackinaw	[265, 16640, 259, 707]	[265, 16640, 259, 31205]	[265, 16640, 259, 31205]	4	4	1	1	1	1	3
at Mackin Fel	1	R	4	20	0.322105	3	1430	3.081347	["at", " Mack", "in", " Fel"]	[265, 16640, 259, 13937]	3.081347	3	0.11632	0	0.175272	2	-0.033355	0	2.759242	3	2.250798	1	2.295273	2	0.239423	0	2.36087	0	at Mackin	20	0.322105	1	mackinaw_20	at Mackinaw	20	C_LOCAL	0	5	at Mackinaw	[265, 16640, 259, 707]	[265, 16640, 259, 13937]	[265, 16640, 259, 13937]	4	4	1	1	1	1	3
fitting Mackinaw	1	R	4	20	0.352033	3	1888	3.248797	["fitting", " Mack", "in", "aw"]	[32232, 16640, 259, 707]	3.248797	3	0.11632	0	0.251219	1	0.359865	1	2.889395	3	2.546276	2	2.896764	2	0.239423	0	2.36087	0	fitting Mackin	20	0.352033	1	mackinaw_20	at Mackinaw	20	C_LOCAL	0	6	at Mackinaw	[265, 16640, 259, 707]	[32232, 16640, 259, 707]	[32232, 16640, 259, 707]	4	4	1	1	1	1	0
 Glory Mackinaw	1	R	4	1888	0.460407	1	1790	3.527963	[" Glory", " Mack", "in", "aw"]	[25778, 16640, 259, 707]	2.718491	3	0.11632	0	-0.000821	0	1.006044	1	2.265645	3	3.067556	1	3.527963	1	0.239423	0	2.36087	0	 Glory	1888	0.460407	1	mackinaw_20	at Mackinaw	20	C_LOCAL	0	7	at Mackinaw	[265, 16640, 259, 707]	[25778, 16640, 259, 707]	[25778, 16640, 259, 707]	4	4	1	1	1	1	0
at Mackin persuasive	1	R	4	20	0.302619	3	1888	3.081347	["at", " Mack", "in", " persuasive"]	[265, 16640, 259, 40116]	3.081347	3	0.11632	0	0.175272	2	-0.033355	0	2.759242	3	2.675189	4	2.778728	4	1.056385	4	2.36087	0	at Mackin	20	0.322105	1	mackinaw_20	at Mackinaw	20	C_LOCAL	0	8	at Mackinaw	[265, 16640, 259, 707]	[265, 16640, 259, 40116]	[265, 16640, 259, 40116]	4	4	1	1	1	1	3
 subdiv Mackinaw	1	R	4	1888	0.261552	1	1790	3.627761	[" subdiv", " Mack", "in", "aw"]	[45944, 16640, 259, 707]	3.188059	3	0.11632	0	-0.000821	0	1.273824	1	2.707661	3	3.366209	1	3.627761	1	0.239423	0	2.36087	0	 subdiv	1888	0.261551	1	mackinaw_20	at Mackinaw	20	C_LOCAL	0	9	at Mackinaw	[265, 16640, 259, 707]	[45944, 16640, 259, 707]	[45944, 16640, 259, 707]	4	4	1	1	1	1	0
at Mackin garlic	1	R	4	20	0.322105	3	1430	3.081347	["at", " Mack", "in", " garlic"]	[265, 16640, 259, 17644]	3.081347	3	0.11632	0	0.175272	2	-0.033355	0	2.759242	3	2.250798	1	2.295273	2	0.239423	0	2.36087	0	at Mackin	20	0.322105	1	mackinaw_20	at Mackinaw	20	C_LOCAL	0	10	at Mackinaw	[265, 16640, 259, 707]	[265, 16640, 259, 17644]	[265, 16640, 259, 17644]	4	4	1	1	1	1	3
at freewayinaw	1	R	4	281	0.448957	4	1898	2.829251	["at", " freeway", "in", "aw"]	[265, 39042, 259, 707]	-0.00705	0	0.11632	0	2.829251	4	-0.002301	3	-0.089636	2	2.317866	3	2.306362	2	0.239423	0	2.36087	0	at freewayinaw	281	0.448957	1	mackinaw_20	at Mackinaw	20	C_LOCAL	0	11	at Mackinaw	[265, 16640, 259, 707]	[265, 39042, 259, 707]	[265, 39042, 259, 707]	4	4	1	1	1	1	1
 honored Mackinaw	1	R	4	1888	0.131246	1	20	3.23971	[" honored", " Mack", "in", "aw"]	[21014, 16640, 259, 707]	3.108464	3	0.11632	0	-0.000821	0	2.748975	1	2.879666	3	2.386766	2	3.23971	1	0.239423	0	2.36087	0	 honored	1888	0.490735	1	mackinaw_20	at Mackinaw	20	C_LOCAL	0	12	at Mackinaw	[265, 16640, 259, 707]	[21014, 16640, 259, 707]	[21014, 16640, 259, 707]	4	4	1	1	1	1	0
 American Mackinaw	1	R	4	1888	0.025455	1	20	3.327934	[" American", " Mack", "in", "aw"]	[1605, 16640, 259, 707]	3.30248	3	0.11632	0	-0.000821	0	2.176352	1	2.791996	3	2.175462	2	3.327934	1	0.239423	0	2.36087	0	 American	1888	0.967064	1	mackinaw_20	at Mackinaw	20	C_LOCAL	0	13	at Mackinaw	[265, 16640, 259, 707]	[1605, 16640, 259, 707]	[1605, 16640, 259, 707]	4	4	1	1	1	1	0
 Profit Mackinaw	1	R	4	20	0.013966	3	1888	3.123286	[" Profit", " Mack", "in", "aw"]	[42886, 16640, 259, 707]	3.123286	3	0.11632	0	-0.000821	0	1.118319	1	2.541327	3	2.431122	3	3.10932	1	0.239423	0	2.36087	0	 Profit Mackin	20	0.013966	1	mackinaw_20	at Mackinaw	20	C_LOCAL	0	14	at Mackinaw	[265, 16640, 259, 707]	[42886, 16640, 259, 707]	[42886, 16640, 259, 707]	4	4	1	1	1	1	0
 exhibited Mackinaw	1	R	4	1888	0.290982	1	20	3.541272	[" exhibited", " Mack", "in", "aw"]	[25212, 16640, 259, 707]	3.25029	3	0.11632	0	-0.000821	0	2.472221	1	2.795271	3	3.089079	1	3.541272	1	0.239423	0	2.36087	0	 exhibited	1888	0.452192	1	mackinaw_20	at Mackinaw	20	C_LOCAL	0	15	at Mackinaw	[265, 16640, 259, 707]	[25212, 16640, 259, 707]	[25212, 16640, 259, 707]	4	4	1	1	1	1	0
at suckinginaw	1	R	4	281	0.259707	4	1790	2.634497	["at", " sucking", "in", "aw"]	[265, 27904, 259, 707]	0.687092	3	0.11632	0	2.634497	4	-0.00061	3	-0.086179	3	2.37479	4	2.162939	2	0.239423	0	2.36087	0	at suckinginaw	281	0.259707	1	mackinaw_20	at Mackinaw	20	C_LOCAL	0	16	at Mackinaw	[265, 16640, 259, 707]	[265, 27904, 259, 707]	[265, 27904, 259, 707]	4	4	1	1	1	1	1
packed Mackinaw	1	R	4	20	0.053409	3	1888	3.169033	["packed", " Mack", "in", "aw"]	[34860, 16640, 259, 707]	3.169033	3	0.11632	0	0.105074	1	0.61239	1	2.896941	3	2.235864	2	3.115624	1	0.469384	1	2.36087	0	packed Mackin	20	0.053409	1	mackinaw_20	at Mackinaw	20	C_LOCAL	0	17	at Mackinaw	[265, 16640, 259, 707]	[34860, 16640, 259, 707]	[34860, 16640, 259, 707]	4	4	1	1	1	1	0
at Fishinginaw	1	R	4	1790	0.230588	3	1888	2.592303	["at", " Fishing", "in", "aw"]	[265, 28944, 259, 707]	-0.00705	0	0.11632	0	0.418334	4	-0.000203	3	-0.118055	3	2.592303	3	2.361714	2	0.239423	0	2.36087	0	at Fishingin	1790	0.230588	1	mackinaw_20	at Mackinaw	20	C_LOCAL	0	18	at Mackinaw	[265, 16640, 259, 707]	[265, 28944, 259, 707]	[265, 28944, 259, 707]	4	4	1	1	1	1	1
at Mackin narcotics	1	R	4	20	0.322105	3	1430	3.081347	["at", " Mack", "in", " narcotics"]	[265, 16640, 259, 36524]	3.081347	3	0.11632	0	0.175272	2	-0.033355	0	2.759242	3	2.250798	1	2.301455	4	0.239423	0	2.36087	0	at Mackin	20	0.322105	1	mackinaw_20	at Mackinaw	20	C_LOCAL	0	19	at Mackinaw	[265, 16640, 259, 707]	[265, 16640, 259, 36524]	[265, 16640, 259, 36524]	4	4	1	1	1	1	3
at Hezbollahinaw	1	R	4	1790	0.048764	3	1898	2.667855	["at", " Hezbollah", "in", "aw"]	[265, 22871, 259, 707]	-0.00705	0	0.11632	0	0.307211	4	-0.001899	4	-0.122657	0	2.667855	3	2.537516	2	0.239423	0	2.36087	0	at Hezbollahin	1790	0.130338	1	mackinaw_20	at Mackinaw	20	C_LOCAL	0	20	at Mackinaw	[265, 16640, 259, 707]	[265, 22871, 259, 707]	[265, 22871, 259, 707]	4	4	1	1	1	1	1
at2500inaw	1	R	4	2256	0.057753	0	2828	2.36087	["at", "2500", "in", "aw"]	[265, 44688, 259, 707]	-0.00705	0	0.11632	0	1.306208	4	-0.000252	2	-0.030067	3	2.250798	1	2.128479	1	0.239423	0	2.36087	0				bos_footprint	mackinaw_20	at Mackinaw	20	C_LOCAL	0	21	at Mackinaw	[265, 16640, 259, 707]	[265, 44688, 259, 707]	[265, 44688, 259, 707]	4	4	1	1	1	1	1
atathloninaw	1	R	4	1898	0.122804	4	281	2.910589	["at", "athlon", "in", "aw"]	[265, 50236, 259, 707]	-0.00705	0	0.11632	0	2.787784	4	-0.002019	3	-0.112093	3	2.250798	1	2.128479	1	0.239423	0	2.36087	0	atathloninaw	1898	0.122804	1	mackinaw_20	at Mackinaw	20	C_LOCAL	0	22	at Mackinaw	[265, 16640, 259, 707]	[265, 50236, 259, 707]	[265, 50236, 259, 707]	4	4	1	1	1	1	1
at Mackiniolet	1	R	4	20	0.322105	3	1430	3.081347	["at", " Mack", "in", "iolet"]	[265, 16640, 259, 19194]	3.081347	3	0.11632	0	0.175272	2	-0.003129	4	2.759242	3	2.370822	4	2.295273	2	0.239423	0	2.36087	0	at Mackin	20	0.322105	1	mackinaw_20	at Mackinaw	20	C_LOCAL	0	23	at Mackinaw	[265, 16640, 259, 707]	[265, 16640, 259, 19194]	[265, 16640, 259, 19194]	4	4	1	1	1	1	3
 expands Mackinaw	1	R	4	20	0.527649	3	1430	3.311696	[" expands", " Mack", "in", "aw"]	[27513, 16640, 259, 707]	3.311696	3	0.11632	0	-0.000821	0	0.894323	1	2.784047	3	2.591122	1	2.73896	1	0.239423	0	2.36087	0	 expands Mackin	20	0.527649	1	mackinaw_20	at Mackinaw	20	C_LOCAL	0	24	at Mackinaw	[265, 16640, 259, 707]	[27513, 16640, 259, 707]	[27513, 16640, 259, 707]	4	4	1	1	1	1	0
java Mackinaw	1	R	4	1888	0.203415	1	20	3.271562	["java", " Mack", "in", "aw"]	[12355, 16640, 259, 707]	3.068147	3	0.11632	0	0.55678	1	0.383319	2	2.635148	3	2.432142	2	3.271562	1	0.239423	0	2.36087	0	java	1888	0.910692	1	mackinaw_20	at Mackinaw	20	C_LOCAL	0	25	at Mackinaw	[265, 16640, 259, 707]	[12355, 16640, 259, 707]	[12355, 16640, 259, 707]	4	4	1	1	1	1	0
at MackRegaw	1	R	4	2256	0.065597	0	1888	2.36087	["at", " Mack", "Reg", "aw"]	[265, 16640, 8081, 707]	0.153603	4	0.11632	0	0.231597	3	-0.002552	3	0.249953	3	2.250798	1	2.295273	2	0.239423	0	2.36087	0				bos_footprint	mackinaw_20	at Mackinaw	20	C_LOCAL	0	26	at Mackinaw	[265, 16640, 259, 707]	[265, 16640, 8081, 707]	[265, 16640, 8081, 707]	4	4	1	1	1	1	2
at Mackmatteraw	1	R	4	1790	0.094617	3	2256	2.455487	["at", " Mack", "matter", "aw"]	[265, 16640, 47635, 707]	-0.00705	0	0.11632	0	0.175272	2	-0.00053	4	0.020045	3	2.455487	3	2.295273	2	0.239423	0	2.36087	0	at Mackmatter	1790	0.094617	1	mackinaw_20	at Mackinaw	20	C_LOCAL	0	27	at Mackinaw	[265, 16640, 259, 707]	[265, 16640, 47635, 707]	[265, 16640, 47635, 707]	4	4	1	1	1	1	2
at Mackin mildly	1	R	4	20	0.322105	3	1430	3.081347	["at", " Mack", "in", " mildly"]	[265, 16640, 259, 33544]	3.081347	3	0.11632	0	0.175272	2	-0.033355	0	2.759242	3	2.271032	4	2.295273	2	0.418549	4	2.36087	0	at Mackin	20	0.322105	1	mackinaw_20	at Mackinaw	20	C_LOCAL	0	28	at Mackinaw	[265, 16640, 259, 707]	[265, 16640, 259, 33544]	[265, 16640, 259, 33544]	4	4	1	1	1	1	3
at Mack Nayaw	1	R	4	2256	0.022972	0	1790	2.36087	["at", " Mack", " Nay", "aw"]	[265, 16640, 38808, 707]	-0.00705	0	0.11632	0	0.175272	2	-0.00086	4	0.204906	3	2.337898	4	2.295273	2	0.239423	0	2.36087	0				bos_footprint	mackinaw_20	at Mackinaw	20	C_LOCAL	0	29	at Mackinaw	[265, 16640, 259, 707]	[265, 16640, 38808, 707]	[265, 16640, 38808, 707]	4	4	1	1	1	1	2
at Mackin amplifier	1	R	4	20	0.322105	3	1430	3.081347	["at", " Mack", "in", " amplifier"]	[265, 16640, 259, 33382]	3.081347	3	0.11632	0	0.275431	4	-0.033355	0	2.759242	3	2.250798	1	2.617042	4	0.239423	0	2.36087	0	at Mackin	20	0.322105	1	mackinaw_20	at Mackinaw	20	C_LOCAL	0	30	at Mackinaw	[265, 16640, 259, 707]	[265, 16640, 259, 33382]	[265, 16640, 259, 33382]	4	4	1	1	1	1	3
at Mackin Victim	1	R	4	20	0.322105	3	1430	3.081347	["at", " Mack", "in", " Victim"]	[265, 16640, 259, 38901]	3.081347	3	0.11632	0	0.175272	2	-0.033355	0	2.759242	3	2.250798	1	2.295273	2	0.239423	0	2.36087	0	at Mackin	20	0.322105	1	mackinaw_20	at Mackinaw	20	C_LOCAL	0	31	at Mackinaw	[265, 16640, 259, 707]	[265, 16640, 259, 38901]	[265, 16640, 259, 38901]	4	4	1	1	1	1	3
ESPN Mackinaw	1	R	4	20	0.084107	3	1888	3.344337	["ESPN", " Mack", "in", "aw"]	[31730, 16640, 259, 707]	3.344337	3	0.11632	0	-0.000821	0	-0.001117	4	2.762557	3	2.291936	2	3.26023	1	0.239423	0	2.36087	0	ESPN Mackin	20	0.084107	1	mackinaw_20	at Mackinaw	20	C_LOCAL	0	32	at Mackinaw	[265, 16640, 259, 707]	[31730, 16640, 259, 707]	[31730, 16640, 259, 707]	4	4	1	1	1	1	0
at Mackin Gent	1	R	4	20	0.322105	3	1430	3.081347	["at", " Mack", "in", " Gent"]	[265, 16640, 259, 27391]	3.081347	3	0.11632	0	0.175272	2	-0.033355	0	2.759242	3	2.250798	1	2.295273	2	0.239423	0	2.36087	0	at Mackin	20	0.322105	1	mackinaw_20	at Mackinaw	20	C_LOCAL	0	33	at Mackinaw	[265, 16640, 259, 707]	[265, 16640, 259, 27391]	[265, 16640, 259, 27391]	4	4	1	1	1	1	3
at usableinaw	1	R	4	1898	0.004071	4	1790	2.600347	["at", " usable", "in", "aw"]	[265, 24284, 259, 707]	0.121501	2	0.11632	0	2.404904	4	-2.6e-05	3	-0.121176	2	2.596276	2	2.128479	1	0.239423	0	2.36087	0	at usableinaw	1898	0.004071	1	mackinaw_20	at Mackinaw	20	C_LOCAL	0	34	at Mackinaw	[265, 16640, 259, 707]	[265, 24284, 259, 707]	[265, 24284, 259, 707]	4	4	1	1	1	1	1
at Mackusteraw	1	R	4	1790	0.432059	3	2256	2.792929	["at", " Mack", "uster", "aw"]	[265, 16640, 5819, 707]	-0.00705	0	0.11632	0	0.175272	2	-0.001012	4	0.602779	3	2.792929	3	2.295273	2	0.239423	0	2.36087	0	at Mackuster	1790	0.432059	1	mackinaw_20	at Mackinaw	20	C_LOCAL	0	35	at Mackinaw	[265, 16640, 259, 707]	[265, 16640, 5819, 707]	[265, 16640, 5819, 707]	4	4	1	1	1	1	2
at MackinSnap	1	R	4	20	0.322105	3	1430	3.081347	["at", " Mack", "in", "Snap"]	[265, 16640, 259, 43826]	3.081347	3	0.11632	0	0.175272	2	-0.000818	4	2.759242	3	2.353104	4	2.295273	2	0.239423	0	2.36087	0	at Mackin	20	0.322105	1	mackinaw_20	at Mackinaw	20	C_LOCAL	0	36	at Mackinaw	[265, 16640, 259, 707]	[265, 16640, 259, 43826]	[265, 16640, 259, 43826]	4	4	1	1	1	1	3
 astron Mackinaw	1	R	4	1888	1.218626	1	20	4.404995	[" astron", " Mack", "in", "aw"]	[10894, 16640, 259, 707]	3.186369	3	0.11632	0	0.410846	1	1.530604	1	2.509526	3	2.96506	1	4.404995	1	0.239423	0	2.36087	0	 astron	1888	1.439936	1	mackinaw_20	at Mackinaw	20	C_LOCAL	0	37	at Mackinaw	[265, 16640, 259, 707]	[10894, 16640, 259, 707]	[10894, 16640, 259, 707]	4	4	1	1	1	1	0
at Mackin Blind	1	R	4	20	0.322105	3	1430	3.081347	["at", " Mack", "in", " Blind"]	[265, 16640, 259, 24507]	3.081347	3	0.11632	0	0.175272	2	-0.033355	0	2.759242	3	2.250798	1	2.295273	2	0.239423	0	2.36087	0	at Mackin	20	0.322105	1	mackinaw_20	at Mackinaw	20	C_LOCAL	0	38	at Mackinaw	[265, 16640, 259, 707]	[265, 16640, 259, 24507]	[265, 16640, 259, 24507]	4	4	1	1	1	1	3
at Mackinruns	1	R	4	20	0.322105	3	1430	3.081347	["at", " Mack", "in", "runs"]	[265, 16640, 259, 48381]	3.081347	3	0.11632	0	0.413691	4	-0.002353	4	2.759242	3	2.250798	1	2.295273	2	0.239423	0	2.36087	0	at Mackin	20	0.322105	1	mackinaw_20	at Mackinaw	20	C_LOCAL	0	39	at Mackinaw	[265, 16640, 259, 707]	[265, 16640, 259, 48381]	[265, 16640, 259, 48381]	4	4	1	1	1	1	3
justice Mackinaw	1	R	4	20	0.075368	3	1888	3.008406	["justice", " Mack", "in", "aw"]	[31012, 16640, 259, 707]	3.008406	3	0.11632	0	0.220899	1	-0.002288	4	2.603077	3	2.542679	1	2.933038	1	0.239423	0	2.36087	0	justice Mackin	20	0.075368	1	mackinaw_20	at Mackinaw	20	C_LOCAL	0	40	at Mackinaw	[265, 16640, 259, 707]	[31012, 16640, 259, 707]	[31012, 16640, 259, 707]	4	4	1	1	1	1	0
 lengths Mackinaw	1	R	4	20	0.273623	3	1888	3.07505	[" lengths", " Mack", "in", "aw"]	[20428, 16640, 259, 707]	3.07505	3	0.11632	0	-0.000821	0	1.946464	1	2.525931	3	2.55579	1	2.801426	1	0.239423	0	2.36087	0	 lengths Mackin	20	0.273623	1	mackinaw_20	at Mackinaw	20	C_LOCAL	0	41	at Mackinaw	[265, 16640, 259, 707]	[20428, 16640, 259, 707]	[20428, 16640, 259, 707]	4	4	1	1	1	1	0
at Mackinaughlin	1	R	4	20	0.322105	3	1430	3.081347	["at", " Mack", "in", "aughlin"]	[265, 16640, 259, 42730]	3.081347	3	0.11632	0	0.330414	4	-0.033355	0	2.759242	3	2.250798	1	2.295273	2	0.239423	0	2.36087	0	at Mackin	20	0.322105	1	mackinaw_20	at Mackinaw	20	C_LOCAL	0	42	at Mackinaw	[265, 16640, 259, 707]	[265, 16640, 259, 42730]	[265, 16640, 259, 42730]	4	4	1	1	1	1	3
atuesinaw	1	R	4	1898	0.657152	4	1790	3.119969	["at", "ues", "in", "aw"]	[265, 947, 259, 707]	0.160643	3	0.11632	0	2.295852	4	-0.001149	2	0.632234	3	2.462817	2	2.128479	1	0.239423	0	2.36087	0	atuesinaw	1898	0.657152	1	mackinaw_20	at Mackinaw	20	C_LOCAL	0	43	at Mackinaw	[265, 16640, 259, 707]	[265, 947, 259, 707]	[265, 947, 259, 707]	4	4	1	1	1	1	1
at laboratoriesinaw	1	R	4	281	0.591036	4	812	3.233212	["at", " laboratories", "in", "aw"]	[265, 35650, 259, 707]	-0.00705	0	0.11632	0	3.233212	4	-0.00213	3	-0.005559	3	2.250798	1	2.128479	1	0.239423	0	2.36087	0	at laboratoriesinaw	281	0.591036	1	mackinaw_20	at Mackinaw	20	C_LOCAL	0	44	at Mackinaw	[265, 16640, 259, 707]	[265, 35650, 259, 707]	[265, 35650, 259, 707]	4	4	1	1	1	1	1
atpooninaw	1	R	4	1790	0.239963	2	1898	2.770743	["at", "poon", "in", "aw"]	[265, 26743, 259, 707]	0.063033	3	0.11632	0	2.376576	4	-0.001701	3	-0.122657	0	2.770743	2	2.128479	1	0.239423	0	2.36087	0	atpoon	1790	0.409874	1	mackinaw_20	at Mackinaw	20	C_LOCAL	0	45	at Mackinaw	[265, 16640, 259, 707]	[265, 26743, 259, 707]	[265, 26743, 259, 707]	4	4	1	1	1	1	1
at Mack)}aw	1	R	4	1790	0.699267	4	1888	3.227277	["at", " Mack", ")}", "aw"]	[265, 16640, 38165, 707]	-0.00705	0	0.11632	0	0.175272	2	-0.033355	0	-0.061178	2	3.227277	4	2.528009	4	0.239423	0	2.36087	0	at Mack)}aw	1790	0.699267	1	mackinaw_20	at Mackinaw	20	C_LOCAL	0	46	at Mackinaw	[265, 16640, 259, 707]	[265, 16640, 38165, 707]	[265, 16640, 38165, 707]	4	4	1	1	1	1	2
at Mack overflowaw	1	R	4	1790	0.581091	4	2256	2.941961	["at", " Mack", " overflow", "aw"]	[265, 16640, 30343, 707]	-0.00705	0	0.11632	0	0.175272	2	-0.005815	4	0.142747	4	2.941961	4	2.295273	2	0.239423	0	2.36087	0	at Mack overflowaw	1790	0.581091	1	mackinaw_20	at Mackinaw	20	C_LOCAL	0	47	at Mackinaw	[265, 16640, 259, 707]	[265, 16640, 30343, 707]	[265, 16640, 30343, 707]	4	4	1	1	1	1	2
at MackLocatedaw	1	R	4	1790	0.042728	4	2256	2.403598	["at", " Mack", "Located", "aw"]	[265, 16640, 43525, 707]	-0.00705	0	0.11632	0	0.175272	2	-8e-05	4	0.455495	4	2.403598	4	2.295273	2	0.239423	0	2.36087	0	at MackLocatedaw	1790	0.042728	1	mackinaw_20	at Mackinaw	20	C_LOCAL	0	48	at Mackinaw	[265, 16640, 259, 707]	[265, 16640, 43525, 707]	[265, 16640, 43525, 707]	4	4	1	1	1	1	2
 Goal Mackinaw	1	R	4	20	0.064701	3	1888	3.091855	[" Goal", " Mack", "in", "aw"]	[25376, 16640, 259, 707]	3.091855	3	0.11632	0	-0.000821	0	1.621122	1	2.554541	3	2.218431	3	3.027153	1	0.239423	0	2.36087	0	 Goal Mackin	20	0.064701	1	mackinaw_20	at Mackinaw	20	C_LOCAL	0	49	at Mackinaw	[265, 16640, 259, 707]	[25376, 16640, 259, 707]	[25376, 16640, 259, 707]	4	4	1	1	1	1	0
at Courierinaw	1	R	4	1898	0.409618	4	978	2.775257	["at", " Courier", "in", "aw"]	[265, 34268, 259, 707]	-0.00705	0	0.11632	0	0.736033	4	-0.000604	3	-0.066202	3	2.250798	1	2.292775	2	0.239423	0	2.36087	0	at Courierinaw	1898	0.409618	1	mackinaw_20	at Mackinaw	20	C_LOCAL	0	50	at Mackinaw	[265, 16640, 259, 707]	[265, 34268, 259, 707]	[265, 34268, 259, 707]	4	4	1	1	1	1	1
at RAFinaw	1	R	4	1790	0.432755	3	1888	2.863708	["at", " RAF", "in", "aw"]	[265, 28168, 259, 707]	0.734588	3	0.11632	0	0.448423	4	-0.003607	3	-0.117674	2	2.863708	3	2.430954	2	0.239423	0	2.36087	0	at RAFin	1790	0.432755	1	mackinaw_20	at Mackinaw	20	C_LOCAL	0	51	at Mackinaw	[265, 16640, 259, 707]	[265, 28168, 259, 707]	[265, 28168, 259, 707]	4	4	1	1	1	1	1
 Caucus Mackinaw	1	R	4	1888	0.899216	1	20	4.00295	[" Caucus", " Mack", "in", "aw"]	[31787, 16640, 259, 707]	3.103733	3	0.11632	0	-0.000821	0	1.893231	1	2.743875	3	2.57285	1	4.00295	1	0.239423	0	2.36087	0	 Caucus	1888	1.4301	1	mackinaw_20	at Mackinaw	20	C_LOCAL	0	52	at Mackinaw	[265, 16640, 259, 707]	[31787, 16640, 259, 707]	[31787, 16640, 259, 707]	4	4	1	1	1	1	0
at Mackcoordaw	1	R	4	1790	0.080034	3	2256	2.440904	["at", " Mack", "coord", "aw"]	[265, 16640, 37652, 707]	-0.00705	0	0.11632	0	0.175272	2	-0.002046	4	0.615541	3	2.440904	3	2.295273	2	0.239423	0	2.36087	0	at Mackcoord	1790	0.080034	1	mackinaw_20	at Mackinaw	20	C_LOCAL	0	53	at Mackinaw	[265, 16640, 259, 707]	[265, 16640, 37652, 707]	[265, 16640, 37652, 707]	4	4	1	1	1	1	2
at overlayinaw	1	R	4	281	0.102234	4	1898	3.028517	["at", " overlay", "in", "aw"]	[265, 33345, 259, 707]	0.053897	3	0.11632	0	3.028517	4	-0.001577	3	-0.066094	2	2.372558	2	2.496033	2	0.239423	0	2.36087	0	at overlayinaw	281	0.102234	1	mackinaw_20	at Mackinaw	20	C_LOCAL	0	54	at Mackinaw	[265, 16640, 259, 707]	[265, 33345, 259, 707]	[265, 33345, 259, 707]	4	4	1	1	1	1	1
at Mackinrax	1	R	4	20	0.322105	3	1430	3.081347	["at", " Mack", "in", "rax"]	[265, 16640, 259, 32040]	3.081347	3	0.11632	0	0.175272	2	-0.000533	4	2.759242	3	2.250798	1	2.295273	2	0.239423	0	2.36087	0	at Mackin	20	0.322105	1	mackinaw_20	at Mackinaw	20	C_LOCAL	0	55	at Mackinaw	[265, 16640, 259, 707]	[265, 16640, 259, 32040]	[265, 16640, 259, 32040]	4	4	1	1	1	1	3
at Mackritisaw	1	R	4	1790	0.343981	3	2256	2.704851	["at", " Mack", "ritis", "aw"]	[265, 16640, 27398, 707]	-0.00705	0	0.11632	0	0.175272	2	-0.001433	4	1.198241	4	2.704851	3	2.295273	2	0.239423	0	2.36087	0	at Mackritis	1790	0.343981	1	mackinaw_20	at Mackinaw	20	C_LOCAL	0	56	at Mackinaw	[265, 16640, 259, 707]	[265, 16640, 27398, 707]	[265, 16640, 27398, 707]	4	4	1	1	1	1	2
at Mackaw	1	R	4	1790	0.268907	3	1888	3.401292	["at", " Mack", "\u000e", "aw"]	[265, 16640, 202, 707]	-0.00705	0	0.11632	0	0.175272	2	-0.0039	4	-0.061178	2	3.401292	3	3.132385	3	0.239423	0	2.36087	0	at Mack	1790	0.268907	1	mackinaw_20	at Mackinaw	20	C_LOCAL	0	57	at Mackinaw	[265, 16640, 259, 707]	[265, 16640, 202, 707]	[265, 16640, 202, 707]	4	4	1	1	1	1	2
at Mack Metaaw	1	R	4	1790	0.068878	4	1151	2.49157	["at", " Mack", " Meta", "aw"]	[265, 16640, 30277, 707]	-0.00705	0	0.11632	0	0.175272	2	-0.001726	4	0.278136	3	2.49157	4	2.295273	2	0.239423	0	2.36087	0	at Mack Metaaw	1790	0.068878	1	mackinaw_20	at Mackinaw	20	C_LOCAL	0	58	at Mackinaw	[265, 16640, 259, 707]	[265, 16640, 30277, 707]	[265, 16640, 30277, 707]	4	4	1	1	1	1	2
anking Mackinaw	1	R	4	20	0.329583	3	1430	3.232943	["anking", " Mack", "in", "aw"]	[15230, 16640, 259, 707]	3.232943	3	0.11632	0	1.028653	1	-0.001005	4	2.90336	3	2.864373	1	2.601538	1	0.239423	0	2.36087	0	anking Mackin	20	0.329583	1	mackinaw_20	at Mackinaw	20	C_LOCAL	0	59	at Mackinaw	[265, 16640, 259, 707]	[15230, 16640, 259, 707]	[15230, 16640, 259, 707]	4	4	1	1	1	1	0
at ancientinaw	1	R	4	1898	0.07823	4	281	3.059669	["at", " ancient", "in", "aw"]	[265, 6156, 259, 707]	-0.00705	0	0.11632	0	2.98144	4	-0.00012	3	-0.042283	2	2.465002	3	2.327934	3	0.239423	0	2.36087	0	at ancientinaw	1898	0.07823	1	mackinaw_20	at Mackinaw	20	C_LOCAL	0	60	at Mackinaw	[265, 16640, 259, 707]	[265, 6156, 259, 707]	[265, 6156, 259, 707]	4	4	1	1	1	1	1
 choose walkinglevel Fallout	1	R	4	464	0.399282	1	1888	3.177628	[" choose", " walking", "level", " Fallout"]	[3853, 6155, 5715, 23886]	-0.00705	0	0.11632	0	1.525147	3	3.177628	1	-0.067686	4	2.317758	1	2.778347	4	0.239423	0	2.36087	0	 choose	464	0.581066	1	mackinaw_20	at Mackinaw	20	D_RANDOM_TOKEN	0	1	at Mackinaw	[265, 16640, 259, 707]	[3853, 6155, 5715, 23886]	[3853, 6155, 5715, 23886]	4	4	4	4	1	1	NA
 meth TBA Vend Bom	1	R	4	1888	0.104296	1	1790	3.142193	[" meth", " TBA", " Vend", " Bom"]	[11248, 48591, 44220, 20403]	-0.00705	0	0.11632	0	-0.000821	0	1.184906	1	-0.058563	2	3.037897	4	3.142193	1	0.239423	0	2.36087	0	 meth	1888	0.781324	1	mackinaw_20	at Mackinaw	20	D_RANDOM_TOKEN	0	2	at Mackinaw	[265, 16640, 259, 707]	[11248, 48591, 44220, 20403]	[11248, 48591, 44220, 20403]	4	4	4	4	1	1	NA
 evolutionary restroom taxpayers Rolls	1	R	4	1888	0.832279	1	1790	3.584945	[" evolutionary", " restroom", " taxpayers", " Rolls"]	[16673, 40018, 14086, 40074]	-0.00705	0	0.11632	0	-0.000821	0	1.602588	1	-0.057786	2	2.752666	1	3.584945	1	0.239423	0	2.36087	0	 evolutionary	1888	0.83228	1	mackinaw_20	at Mackinaw	20	D_RANDOM_TOKEN	0	3	at Mackinaw	[265, 16640, 259, 707]	[16673, 40018, 14086, 40074]	[16673, 40018, 14086, 40074]	4	4	4	4	1	1	NA
roll Ghostsacea actors	1	R	4	1665	0.003522	1	1888	2.449895	["roll", " Ghosts", "acea", " actors"]	[2487, 38389, 44977, 10544]	-0.00652	4	0.11632	0	0.150808	1	-0.01725	3	0.157343	3	2.374195	3	2.446373	1	0.239423	0	2.36087	0	roll	1665	0.003522	1	mackinaw_20	at Mackinaw	20	D_RANDOM_TOKEN	0	4	at Mackinaw	[265, 16640, 259, 707]	[2487, 38389, 44977, 10544]	[2487, 38389, 44977, 10544]	4	4	4	4	1	1	NA
Reader Minecraftussen ping	1	R	4	1790	0.351529	3	666	2.98527	["Reader", " Minecraft", "ussen", " ping"]	[33634, 24609, 35951, 29400]	-0.00705	0	0.11632	0	0.32309	4	-0.00531	3	-0.101624	4	2.98527	3	2.590382	1	0.239423	0	2.36087	0	Reader Minecraftussen	1790	0.351529	1	mackinaw_20	at Mackinaw	20	D_RANDOM_TOKEN	0	5	at Mackinaw	[265, 16640, 259, 707]	[33634, 24609, 35951, 29400]	[33634, 24609, 35951, 29400]	4	4	4	4	1	1	NA
 hemisphere orcheicro success	1	R	4	1888	0.483583	1	1790	3.734245	[" hemisphere", " orche", "icro", " success"]	[33169, 17771, 2500, 1943]	-0.00705	0	0.11632	0	0.224617	1	1.114924	1	-0.011107	4	3.250662	4	3.734245	1	0.239423	0	2.36087	0	 hemisphere	1888	0.575626	1	mackinaw_20	at Mackinaw	20	D_RANDOM_TOKEN	0	6	at Mackinaw	[265, 16640, 259, 707]	[33169, 17771, 2500, 1943]	[33169, 17771, 2500, 1943]	4	4	4	4	1	1	NA
iren Norton lou DIY	1	R	4	1888	0.430257	1	1790	3.221147	["iren", " Norton", " lou", " DIY"]	[24080, 30722, 21081, 25134]	-0.00705	0	0.1855	3	0.646196	3	-0.033355	0	-0.027327	4	2.79089	1	3.221147	1	0.239423	0	2.36087	0	iren	1888	0.430256	1	mackinaw_20	at Mackinaw	20	D_RANDOM_TOKEN	0	7	at Mackinaw	[265, 16640, 259, 707]	[24080, 30722, 21081, 25134]	[24080, 30722, 21081, 25134]	4	4	4	4	1	1	NA
 adulthood Directive executed Signs	1	R	4	1888	0.475175	1	1790	3.515869	[" adulthood", " Directive", " executed", " Signs"]	[28003, 34736, 10945, 37027]	-0.00705	0	0.11632	0	0.333137	1	2.455944	1	-0.057195	3	3.040694	1	3.515869	1	0.239423	0	2.36087	0	 adulthood	1888	0.475175	1	mackinaw_20	at Mackinaw	20	D_RANDOM_TOKEN	0	8	at Mackinaw	[265, 16640, 259, 707]	[28003, 34736, 10945, 37027]	[28003, 34736, 10945, 37027]	4	4	4	4	1	1	NA
ilst Remote burned convin	1	R	4	1790	0.116914	1	1371	2.848062	["ilst", " Remote", " burned", " convin"]	[11750, 21520, 11544, 9120]	-0.00705	0	0.11632	0	0.51767	4	-0.033355	0	-0.020545	4	2.848062	1	2.395016	1	0.239423	0	2.36087	0	ilst	1790	0.116912	1	mackinaw_20	at Mackinaw	20	D_RANDOM_TOKEN	0	9	at Mackinaw	[265, 16640, 259, 707]	[11750, 21520, 11544, 9120]	[11750, 21520, 11544, 9120]	4	4	4	4	1	1	NA
CtLoc anticipate8000	1	R	4	1888	1.203693	1	2256	3.564563	["Ct", "Loc", " anticipate", "8000"]	[33707, 33711, 23794, 33942]	-0.00705	0	0.11632	0	0.01669	4	-0.000881	4	-0.035303	2	2.183363	4	3.564563	1	0.239423	0	2.36087	0	Ct	1888	1.203693	1	mackinaw_20	at Mackinaw	20	D_RANDOM_TOKEN	0	10	at Mackinaw	[265, 16640, 259, 707]	[33707, 33711, 23794, 33942]	[33707, 33711, 23794, 33942]	4	4	4	4	1	1	NA
 LONG federation Scar Crowd	1	R	4	1888	0.220204	1	858	3.040029	[" LONG", " federation", " Scar", " Crowd"]	[44533, 36986, 12089, 29452]	-0.00705	0	0.11632	0	-0.000821	0	1.567822	1	-0.04165	2	2.479886	4	3.040029	1	0.239423	0	2.36087	0	 LONG	1888	0.220204	1	mackinaw_20	at Mackinaw	20	D_RANDOM_TOKEN	0	11	at Mackinaw	[265, 16640, 259, 707]	[44533, 36986, 12089, 29452]	[44533, 36986, 12089, 29452]	4	4	4	4	1	1	NA
 Banner PAGE exitedDiv	1	R	4	1888	0.491764	1	1790	3.85567	[" Banner", " PAGE", " exited", "Div"]	[27414, 48488, 34710, 24095]	-0.00705	0	0.11632	0	-0.000821	0	1.46488	1	-0.052285	3	3.363906	1	3.85567	1	0.239423	0	2.36087	0	 Banner	1888	0.491763	1	mackinaw_20	at Mackinaw	20	D_RANDOM_TOKEN	0	12	at Mackinaw	[265, 16640, 259, 707]	[27414, 48488, 34710, 24095]	[27414, 48488, 34710, 24095]	4	4	4	4	1	1	NA
ْ Hutch798Skill	1	R	4	1888	0.453377	1	1790	3.163689	["ْ", " Hutch", "798", "Skill"]	[48763, 30492, 43240, 35040]	-0.000421	2	0.11632	0	-0.000821	0	0.10722	2	-0.056062	2	2.710312	1	3.163689	1	0.239423	0	2.36087	0	ْ	1888	0.453377	1	mackinaw_20	at Mackinaw	20	D_RANDOM_TOKEN	0	13	at Mackinaw	[265, 16640, 259, 707]	[48763, 30492, 43240, 35040]	[48763, 30492, 43240, 35040]	4	4	4	4	1	1	NA
 hatedlimit Foster Orioles	1	R	4	464	0.322644	1	1888	3.187979	[" hated", "limit", " Foster", " Orioles"]	[16563, 32374, 18489, 32907]	0.046999	1	0.119931	1	1.51592	2	3.187979	1	0.2593	2	2.757659	1	2.865335	4	0.239423	0	2.36087	0	 hated	464	0.424839	1	mackinaw_20	at Mackinaw	20	D_RANDOM_TOKEN	0	14	at Mackinaw	[265, 16640, 259, 707]	[16563, 32374, 18489, 32907]	[16563, 32374, 18489, 32907]	4	4	4	4	1	1	NA
 Denis fractured tomat fared	1	R	4	1888	0.118871	1	1790	2.744789	[" Denis", " fractured", " tomat", " fared"]	[33089, 34051, 23414, 43688]	-0.00705	0	0.11632	0	-0.000821	0	1.0941	1	-0.026406	3	2.625918	4	2.744789	1	0.239423	0	2.36087	0	 Denis	1888	0.383919	1	mackinaw_20	at Mackinaw	20	D_RANDOM_TOKEN	0	15	at Mackinaw	[265, 16640, 259, 707]	[33089, 34051, 23414, 43688]	[33089, 34051, 23414, 43688]	4	4	4	4	1	1	NA
hesda baggage amino persecuted	1	R	4	1888	0.715754	1	1790	3.228089	["hesda", " baggage", " amino", " persecuted"]	[30049, 30466, 23206, 37501]	-0.00705	0	0.11632	0	-0.000821	0	-0.033355	0	-0.059436	4	2.512335	2	3.228089	1	0.239423	0	2.36087	0	hesda	1888	0.867219	1	mackinaw_20	at Mackinaw	20	D_RANDOM_TOKEN	0	16	at Mackinaw	[265, 16640, 259, 707]	[30049, 30466, 23206, 37501]	[30049, 30466, 23206, 37501]	4	4	4	4	1	1	NA
 Iro epoch Spurmort	1	R	4	1888	0.59421	1	1790	3.632269	[" Iro", " epoch", " Spur", "mort"]	[47927, 36835, 47788, 30171]	-0.00705	0	0.11632	0	-0.000821	0	1.679029	1	-0.122657	0	3.038059	3	3.632269	1	0.239423	0	2.36087	0	 Iro	1888	1.271399	1	mackinaw_20	at Mackinaw	20	D_RANDOM_TOKEN	0	17	at Mackinaw	[265, 16640, 259, 707]	[47927, 36835, 47788, 30171]	[47927, 36835, 47788, 30171]	4	4	4	4	1	1	NA
 complementary Tackle frustrated 1900	1	R	4	1888	0.238122	1	464	3.274732	[" complementary", " Tackle", " frustrated", " 1900"]	[32150, 43502, 14718, 21489]	-0.00705	0	0.11632	0	0.195618	1	3.03661	1	-0.039675	4	3.008687	1	3.274732	1	0.293109	3	2.36087	0	 complementary	1888	0.238121	1	mackinaw_20	at Mackinaw	20	D_RANDOM_TOKEN	0	18	at Mackinaw	[265, 16640, 259, 707]	[32150, 43502, 14718, 21489]	[32150, 43502, 14718, 21489]	4	4	4	4	1	1	NA
Generic BY Chronic compatibility	1	R	4	1888	0.201337	1	1790	2.942221	["Generic", " BY", " Chronic", " compatibility"]	[46189, 11050, 40700, 17764]	-0.00705	0	0.11632	0	-0.000821	0	0.084866	3	-0.040278	2	2.740885	3	2.942221	1	0.239423	0	2.36087	0	Generic	1888	0.581351	1	mackinaw_20	at Mackinaw	20	D_RANDOM_TOKEN	0	19	at Mackinaw	[265, 16640, 259, 707]	[46189, 11050, 40700, 17764]	[46189, 11050, 40700, 17764]	4	4	4	4	1	1	NA
fuck Latino DD COURT	1	R	4	2467	0.055018	3	858	2.706456	["fuck", " Latino", " DD", " COURT"]	[31699, 20496, 20084, 46627]	-0.004944	4	0.11632	0	0.042231	1	-0.016101	1	-0.016368	4	2.510013	1	2.526647	1	0.239423	0	2.36087	0	fuck Latino DD	2467	0.179809	1	mackinaw_20	at Mackinaw	20	D_RANDOM_TOKEN	0	20	at Mackinaw	[265, 16640, 259, 707]	[31699, 20496, 20084, 46627]	[31699, 20496, 20084, 46627]	4	4	4	4	1	1	NA
erala ascent#$#$flation	1	R	4	1888	0.565156	1	1790	3.365202	["erala", " ascent", "#$#$", "flation"]	[33314, 37137, 34206, 33521]	-0.00705	0	0.11632	0	0.045294	1	-0.031059	3	-0.046072	1	2.800047	3	3.365202	1	0.239423	0	2.36087	0	erala	1888	1.004333	1	mackinaw_20	at Mackinaw	20	D_RANDOM_TOKEN	0	21	at Mackinaw	[265, 16640, 259, 707]	[33314, 37137, 34206, 33521]	[33314, 37137, 34206, 33521]	4	4	4	4	1	1	NA
oliath unsuccessfully aroused Patriot	1	R	4	1888	0.593406	1	1594	3.472051	["oliath", " unsuccessfully", " aroused", " Patriot"]	[43009, 40665, 38832, 26888]	-0.00705	0	0.11632	0	0.280497	1	-0.033355	0	-0.037765	2	2.682942	1	3.472051	1	0.239423	0	2.36087	0	oliath	1888	0.789109	1	mackinaw_20	at Mackinaw	20	D_RANDOM_TOKEN	0	22	at Mackinaw	[265, 16640, 259, 707]	[43009, 40665, 38832, 26888]	[43009, 40665, 38832, 26888]	4	4	4	4	1	1	NA
roe‎ Mississippi ICC	1	R	4	1888	0.225161	1	886	2.836883	["roe", "‎", " Mississippi", " ICC"]	[20646, 48261, 13797, 32300]	-0.00705	0	0.11632	0	0.969158	1	-0.000252	2	-0.017826	3	2.561405	1	2.836883	1	0.239423	0	2.36087	0	roe	1888	0.275479	1	mackinaw_20	at Mackinaw	20	D_RANDOM_TOKEN	0	23	at Mackinaw	[265, 16640, 259, 707]	[20646, 48261, 13797, 32300]	[20646, 48261, 13797, 32300]	4	4	4	4	1	1	NA
 Aeg confession millionaire Clover	1	R	4	1888	0.621817	1	1790	3.300004	[" Aeg", " confession", " millionaire", " Clover"]	[33821, 24250, 45172, 41154]	-0.00705	0	0.11632	0	-0.000821	0	0.564147	1	-0.033809	4	2.678187	1	3.300004	1	0.239423	0	2.36087	0	 Aeg	1888	0.621817	1	mackinaw_20	at Mackinaw	20	D_RANDOM_TOKEN	0	24	at Mackinaw	[265, 16640, 259, 707]	[33821, 24250, 45172, 41154]	[33821, 24250, 45172, 41154]	4	4	4	4	1	1	NA
 fuckovan Niñooll	1	R	4	1790	0.196649	1	281	2.705237	[" fuck", "ovan", " Niño", "oll"]	[5089, 22590, 47931, 692]	-0.00705	0	0.11632	0	2.508589	2	2.206028	1	-0.050584	2	2.705237	1	2.366263	3	0.239423	0	2.36087	0	 fuck	1790	0.339455	1	mackinaw_20	at Mackinaw	20	D_RANDOM_TOKEN	0	25	at Mackinaw	[265, 16640, 259, 707]	[5089, 22590, 47931, 692]	[5089, 22590, 47931, 692]	4	4	4	4	1	1	NA
okemonarieograpiverse	1	R	4	1888	0.537619	1	2256	2.898489	["okemon", "arie", "ograp", "iverse"]	[12717, 49173, 7113, 3997]	-0.00705	0	0.11632	0	1.048649	2	-0.008105	4	-0.092682	3	1.997991	1	2.898489	1	0.239423	0	2.36087	0	okemon	1888	0.537619	1	mackinaw_20	at Mackinaw	20	D_RANDOM_TOKEN	0	26	at Mackinaw	[265, 16640, 259, 707]	[12717, 49173, 7113, 3997]	[12717, 49173, 7113, 3997]	4	4	4	4	1	1	NA
Drugendi plans certification	1	R	4	1888	0.049393	1	1790	3.036424	["Drug", "endi", " plans", " certification"]	[37943, 43109, 3352, 18094]	0.028225	1	0.11632	0	-0.000821	0	-0.001804	2	0.053563	1	2.987031	2	3.036424	1	0.239423	0	2.36087	0	Drug	1888	0.675554	1	mackinaw_20	at Mackinaw	20	D_RANDOM_TOKEN	0	27	at Mackinaw	[265, 16640, 259, 707]	[37943, 43109, 3352, 18094]	[37943, 43109, 3352, 18094]	4	4	4	4	1	1	NA
 Dent stressed DISTRICTYour	1	R	4	1888	1.274423	1	1790	4.162794	[" Dent", " stressed", " DISTRICT", "Your"]	[39078, 15033, 45057, 7120]	-0.00705	0	0.11632	0	-0.000821	0	1.072311	1	-0.059296	3	2.888371	1	4.162794	1	0.239423	0	2.36087	0	 Dent	1888	1.274424	1	mackinaw_20	at Mackinaw	20	D_RANDOM_TOKEN	0	28	at Mackinaw	[265, 16640, 259, 707]	[39078, 15033, 45057, 7120]	[39078, 15033, 45057, 7120]	4	4	4	4	1	1	NA
523 keyboardszer hardest	1	R	4	1888	0.704034	1	1790	3.163052	["523", " keyboards", "zer", " hardest"]	[49803, 34512, 9107, 17612]	-0.00705	0	0.11632	0	0.38643	3	-0.00234	3	0.887878	3	2.459019	3	3.163052	1	0.239423	0	2.36087	0	523	1888	0.802182	1	mackinaw_20	at Mackinaw	20	D_RANDOM_TOKEN	0	29	at Mackinaw	[265, 16640, 259, 707]	[49803, 34512, 9107, 17612]	[49803, 34512, 9107, 17612]	4	4	4	4	1	1	NA
 subsidies creep spread Pyr	1	R	4	1888	0.581188	1	1790	3.310504	[" subsidies", " creep", " spread", " Pyr"]	[16230, 13972, 4104, 27958]	-0.00705	0	0.11632	0	-0.000821	0	1.659113	1	0.013416	1	2.729316	1	3.310504	1	0.239423	0	2.36087	0	 subsidies	1888	0.581187	1	mackinaw_20	at Mackinaw	20	D_RANDOM_TOKEN	0	30	at Mackinaw	[265, 16640, 259, 707]	[16230, 13972, 4104, 27958]	[16230, 13972, 4104, 27958]	4	4	4	4	1	1	NA
inionMurmedia lately	1	R	4	1888	0.681181	1	1898	3.217088	["inion", "Mur", "media", " lately"]	[23971, 23830, 11431, 16537]	-0.00705	0	0.11632	0	0.49418	2	-0.000879	2	-0.013441	4	2.405561	1	3.217088	1	0.239423	0	2.36087	0	inion	1888	0.811527	1	mackinaw_20	at Mackinaw	20	D_RANDOM_TOKEN	0	31	at Mackinaw	[265, 16640, 259, 707]	[23971, 23830, 11431, 16537]	[23971, 23830, 11431, 16537]	4	4	4	4	1	1	NA
 Corker 25 appearance decent	1	R	4	1888	0.693646	1	1790	3.230897	[" Corker", " 25", " appearance", " decent"]	[44421, 1679, 5585, 7709]	-0.001531	2	0.11632	0	-0.000821	0	0.519789	1	-0.039055	3	2.537251	1	3.230897	1	0.748085	4	2.36087	0	 Corker	1888	0.693645	1	mackinaw_20	at Mackinaw	20	D_RANDOM_TOKEN	0	32	at Mackinaw	[265, 16640, 259, 707]	[44421, 1679, 5585, 7709]	[44421, 1679, 5585, 7709]	4	4	4	4	1	1	NA
 traditional doing photanism	1	R	4	1888	0.886743	1	1790	3.581941	[" traditional", " doing", " phot", "anism"]	[4569, 1804, 2825, 48162]	-0.00705	0	0.11632	0	-0.000821	0	2.1236	1	-0.038116	2	2.695199	4	3.581941	1	0.239423	0	2.36087	0	 traditional	1888	1.185145	1	mackinaw_20	at Mackinaw	20	D_RANDOM_TOKEN	0	33	at Mackinaw	[265, 16640, 259, 707]	[4569, 1804, 2825, 48162]	[4569, 1804, 2825, 48162]	4	4	4	4	1	1	NA
 affemer2002 Dallas	1	R	4	1888	0.36361	1	1790	3.345432	[" aff", "emer", "2002", " Dallas"]	[1527, 24677, 16942, 8533]	-0.00705	0	0.11632	0	1.504471	3	2.015324	1	-0.008176	3	2.981822	1	3.345432	1	0.239423	0	2.36087	0	 aff	1888	0.363611	1	mackinaw_20	at Mackinaw	20	D_RANDOM_TOKEN	0	34	at Mackinaw	[265, 16640, 259, 707]	[1527, 24677, 16942, 8533]	[1527, 24677, 16942, 8533]	4	4	4	4	1	1	NA
 Evil downgrade interactions Kelley	1	R	4	1888	0.479095	1	1790	3.113115	[" Evil", " downgrade", " interactions", " Kelley"]	[10461, 48514, 12213, 34560]	-0.00705	0	0.11632	0	-0.000821	0	1.244264	1	-0.085781	4	2.63402	1	3.113115	1	0.239423	0	2.36087	0	 Evil	1888	0.479094	1	mackinaw_20	at Mackinaw	20	D_RANDOM_TOKEN	0	35	at Mackinaw	[265, 16640, 259, 707]	[10461, 48514, 12213, 34560]	[10461, 48514, 12213, 34560]	4	4	4	4	1	1	NA
 dope s 141 favoured	1	R	4	1888	0.780264	1	2874	4.163965	[" dope", " s", " 141", " favoured"]	[45654, 264, 25500, 38931]	-0.00705	0	0.11632	0	0.974512	2	1.566713	1	0.100198	3	3.016065	1	4.163965	1	0.239423	0	2.36087	0	 dope	1888	1.147901	1	mackinaw_20	at Mackinaw	20	D_RANDOM_TOKEN	0	36	at Mackinaw	[265, 16640, 259, 707]	[45654, 264, 25500, 38931]	[45654, 264, 25500, 38931]	4	4	4	4	1	1	NA
 road Making encouraged shows	1	R	4	1888	0.652882	1	1790	3.328762	[" road", " Making", " encouraged", " shows"]	[2975, 16427, 10085, 2523]	-0.00705	0	0.11632	0	0.096449	1	1.140446	1	-0.040052	3	2.67588	1	3.328762	1	0.239423	0	2.36087	0	 road	1888	0.652881	1	mackinaw_20	at Mackinaw	20	D_RANDOM_TOKEN	0	37	at Mackinaw	[265, 16640, 259, 707]	[2975, 16427, 10085, 2523]	[2975, 16427, 10085, 2523]	4	4	4	4	1	1	NA
 E Remastered Dude Pyramid	1	R	4	1888	0.770089	1	1790	3.777271	[" E", " Remastered", " Dude", " Pyramid"]	[412, 22773, 40628, 41450]	-0.00705	0	0.11632	0	-0.000821	0	0.914031	1	-0.06384	2	3.007182	3	3.777271	1	0.239423	0	2.36087	0	 E	1888	1.13972	1	mackinaw_20	at Mackinaw	20	D_RANDOM_TOKEN	0	38	at Mackinaw	[265, 16640, 259, 707]	[412, 22773, 40628, 41450]	[412, 22773, 40628, 41450]	4	4	4	4	1	1	NA
 chilly AshevilleTwo1999	1	R	4	1888	0.390549	2	1790	2.884706	[" chilly", " Asheville", "Two", "1999"]	[49018, 49362, 7571, 18946]	-0.006126	3	0.3797	1	0.236947	1	1.805855	1	-0.04419	3	2.494157	4	2.884706	2	1.349964	1	2.36087	0	 chilly Asheville	1888	0.523836	1	mackinaw_20	at Mackinaw	20	D_RANDOM_TOKEN	0	39	at Mackinaw	[265, 16640, 259, 707]	[49018, 49362, 7571, 18946]	[49018, 49362, 7571, 18946]	4	4	4	4	1	1	NA
 pawnfab embryos clitor	1	R	4	1888	0.178118	1	1790	3.757629	[" pawn", "fab", " embryos", " clitor"]	[29649, 36434, 39966, 48852]	-0.00705	0	0.11632	0	1.39076	2	1.081559	1	-0.085192	3	3.579511	1	3.757629	1	0.239423	0	2.36087	0	 pawn	1888	0.178118	1	mackinaw_20	at Mackinaw	20	D_RANDOM_TOKEN	0	40	at Mackinaw	[265, 16640, 259, 707]	[29649, 36434, 39966, 48852]	[29649, 36434, 39966, 48852]	4	4	4	4	1	1	NA
 numbers Unless 529 potion	1	R	4	1888	0.609979	1	1211	3.459099	[" numbers", " Unless", " 529", " potion"]	[3146, 17486, 49888, 26572]	-0.00705	0	0.11632	0	-0.000821	0	1.597016	1	-0.074251	3	2.791765	4	3.459099	1	0.239423	0	2.36087	0	 numbers	1888	0.79164	1	mackinaw_20	at Mackinaw	20	D_RANDOM_TOKEN	0	41	at Mackinaw	[265, 16640, 259, 707]	[3146, 17486, 49888, 26572]	[3146, 17486, 49888, 26572]	4	4	4	4	1	1	NA
Girlsbehavior innocent stereotype	1	R	4	1790	0.019075	4	1888	2.711146	["Girls", "behavior", " innocent", " stereotype"]	[41044, 46571, 10218, 31240]	-0.00705	0	0.11632	0	-0.000821	0	-0.002518	2	1.092676	2	2.711146	4	2.692071	1	0.239423	0	2.36087	0	Girlsbehavior innocent stereotype	1790	0.019075	1	mackinaw_20	at Mackinaw	20	D_RANDOM_TOKEN	0	42	at Mackinaw	[265, 16640, 259, 707]	[41044, 46571, 10218, 31240]	[41044, 46571, 10218, 31240]	4	4	4	4	1	1	NA
 Paper tun fanaticcreator	1	R	4	1888	1.078257	1	490	3.563054	[" Paper", " tun", " fanatic", "creator"]	[14962, 6278, 43631, 45382]	-0.00705	0	0.11632	0	0.423211	4	2.138244	1	-0.036971	2	2.055431	2	3.563054	1	0.239423	0	2.36087	0	 Paper	1888	1.202185	1	mackinaw_20	at Mackinaw	20	D_RANDOM_TOKEN	0	43	at Mackinaw	[265, 16640, 259, 707]	[14962, 6278, 43631, 45382]	[14962, 6278, 43631, 45382]	4	4	4	4	1	1	NA
Import chapter non Reporting	1	R	4	1888	0.255651	1	1790	2.660541	["Import", " chapter", " non", " Reporting"]	[20939, 6843, 1729, 29595]	-0.001826	4	0.11632	0	0.025275	3	0.023119	3	-0.053954	2	2.40489	1	2.660541	1	0.239423	0	2.36087	0	Import	1888	0.255651	1	mackinaw_20	at Mackinaw	20	D_RANDOM_TOKEN	0	44	at Mackinaw	[265, 16640, 259, 707]	[20939, 6843, 1729, 29595]	[20939, 6843, 1729, 29595]	4	4	4	4	1	1	NA
 developer Lowe Zip accusation	1	R	4	1888	0.369904	1	1790	2.97422	[" developer", " Lowe", " Zip", " accusation"]	[8517, 34241, 38636, 25984]	-0.00705	0	0.11632	0	-0.000821	0	1.669069	1	-0.014076	4	2.604317	1	2.97422	1	0.239423	0	2.36087	0	 developer	1888	0.369903	1	mackinaw_20	at Mackinaw	20	D_RANDOM_TOKEN	0	45	at Mackinaw	[265, 16640, 259, 707]	[8517, 34241, 38636, 25984]	[8517, 34241, 38636, 25984]	4	4	4	4	1	1	NA
 clut ///unker salary	1	R	4	1888	0.452528	1	1790	3.473853	[" clut", " ///", "unker", " salary"]	[32170, 34013, 21705, 9588]	-0.00705	0	0.11632	0	0.418147	3	2.219646	1	-0.047978	3	3.021325	1	3.473853	1	0.239423	0	2.36087	0	 clut	1888	0.452528	1	mackinaw_20	at Mackinaw	20	D_RANDOM_TOKEN	0	46	at Mackinaw	[265, 16640, 259, 707]	[32170, 34013, 21705, 9588]	[32170, 34013, 21705, 9588]	4	4	4	4	1	1	NA
lux nasty Culture cloudy	1	R	4	1888	0.410019	1	1790	3.019292	["lux", " nasty", " Culture", " cloudy"]	[22564, 17166, 17346, 40026]	-0.00705	0	0.11632	0	1.010485	2	0.457674	2	-0.006241	3	2.609273	1	3.019292	1	0.239423	0	2.36087	0	lux	1888	0.410019	1	mackinaw_20	at Mackinaw	20	D_RANDOM_TOKEN	0	47	at Mackinaw	[265, 16640, 259, 707]	[22564, 17166, 17346, 40026]	[22564, 17166, 17346, 40026]	4	4	4	4	1	1	NA
 Infantry specialization busLaun	1	R	4	1888	1.141355	1	1790	3.903298	[" Infantry", " specialization", " bus", "Laun"]	[27749, 43135, 1323, 46182]	-0.00705	0	0.11632	0	-0.000821	0	1.423467	1	-0.09776	4	2.761944	1	3.903298	1	0.239423	0	2.36087	0	 Infantry	1888	1.141354	1	mackinaw_20	at Mackinaw	20	D_RANDOM_TOKEN	0	48	at Mackinaw	[265, 16640, 259, 707]	[27749, 43135, 1323, 46182]	[27749, 43135, 1323, 46182]	4	4	4	4	1	1	NA
bowlbn............. lif	1	R	4	1888	0.429265	1	1790	3.117191	["bowl", "bn", ".............", " lif"]	[36859, 9374, 44274, 3868]	-0.00705	0	0.11632	0	1.863171	2	1.151047	4	0.006183	2	2.687927	1	3.117191	1	0.239423	0	2.36087	0	bowl	1888	0.429264	1	mackinaw_20	at Mackinaw	20	D_RANDOM_TOKEN	0	49	at Mackinaw	[265, 16640, 259, 707]	[36859, 9374, 44274, 3868]	[36859, 9374, 44274, 3868]	4	4	4	4	1	1	NA
。 Cont encountermarket	1	R	4	1888	0.185688	2	1790	2.875801	["。", " Cont", " encounter", "market"]	[16764, 2345, 8791, 10728]	-0.004302	2	0.11632	0	1.453141	4	0.847328	2	-0.083539	3	2.690113	1	2.875801	2	0.239423	0	2.36087	0	。 Cont	1888	0.185688	1	mackinaw_20	at Mackinaw	20	D_RANDOM_TOKEN	0	50	at Mackinaw	[265, 16640, 259, 707]	[16764, 2345, 8791, 10728]	[16764, 2345, 8791, 10728]	4	4	4	4	1	1	NA
 fer 裏 computation 359	1	R	4	1888	0.770737	1	1790	3.774129	[" fer", " 裏", " computation", " 359"]	[11354, 6438, 29964, 41934]	-0.00705	0	0.11632	0	1.125693	1	2.796231	1	-0.034672	2	3.003392	3	3.774129	1	0.239423	0	2.36087	0	 fer	1888	0.977898	1	mackinaw_20	at Mackinaw	20	D_RANDOM_TOKEN	0	51	at Mackinaw	[265, 16640, 259, 707]	[11354, 6438, 29964, 41934]	[11354, 6438, 29964, 41934]	4	4	4	4	1	1	NA
 advocacy1979 354On	1	R	4	1888	0.346709	1	1790	3.235014	[" advocacy", "1979", " 354", "On"]	[15364, 33581, 46752, 2202]	-0.00705	0	0.15104	4	0.862146	2	1.96109	1	-0.011204	4	2.888305	1	3.235014	1	0.239423	0	2.36087	0	 advocacy	1888	0.346708	1	mackinaw_20	at Mackinaw	20	D_RANDOM_TOKEN	0	52	at Mackinaw	[265, 16640, 259, 707]	[15364, 33581, 46752, 2202]	[15364, 33581, 46752, 2202]	4	4	4	4	1	1	NA
 Korea expressing mouth poking	1	R	4	1888	0.917268	1	2256	3.278138	[" Korea", " expressing", " mouth", " poking"]	[4969, 16621, 5422, 39048]	-0.00705	0	0.11632	0	-0.000821	0	0.502629	1	-0.095541	3	2.360766	1	3.278138	1	0.239423	0	2.36087	0	 Korea	1888	0.917269	1	mackinaw_20	at Mackinaw	20	D_RANDOM_TOKEN	0	53	at Mackinaw	[265, 16640, 259, 707]	[4969, 16621, 5422, 39048]	[4969, 16621, 5422, 39048]	4	4	4	4	1	1	NA
Fourducers PrairieGROUP	1	R	4	1888	0.441598	1	2371	3.114929	["Four", "ducers", " Prairie", "GROUP"]	[15137, 41213, 41196, 46846]	-0.00153	2	0.11632	0	-0.000821	0	-1.3e-05	4	-0.012679	4	2.108452	2	3.114929	1	0.239423	0	2.36087	0	Four	1888	0.754059	1	mackinaw_20	at Mackinaw	20	D_RANDOM_TOKEN	0	54	at Mackinaw	[265, 16640, 259, 707]	[15137, 41213, 41196, 46846]	[15137, 41213, 41196, 46846]	4	4	4	4	1	1	NA
OOOO Theory consolation Rewards	1	R	4	1888	0.682589	2	1790	3.045709	["OOOO", " Theory", " consolation", " Rewards"]	[23803, 17003, 45194, 27964]	-0.00705	0	0.11632	0	-0.000821	0	-0.033355	0	-0.04508	2	2.36312	1	3.045709	2	0.239423	0	2.36087	0	OOOO Theory	1888	0.68259	1	mackinaw_20	at Mackinaw	20	D_RANDOM_TOKEN	0	55	at Mackinaw	[265, 16640, 259, 707]	[23803, 17003, 45194, 27964]	[23803, 17003, 45194, 27964]	4	4	4	4	1	1	NA
Nothing BlazersTITost	1	R	4	858	0.342625	3	1790	2.977248	["Nothing", " Blazers", "TIT", "ost"]	[18465, 34766, 49560, 455]	-0.00705	0	0.507514	1	0.142803	4	-0.001242	3	-0.041919	1	2.634622	4	2.521408	2	0.239423	0	2.36087	0	Nothing BlazersTIT	858	0.45584	1	mackinaw_20	at Mackinaw	20	D_RANDOM_TOKEN	0	56	at Mackinaw	[265, 16640, 259, 707]	[18465, 34766, 49560, 455]	[18465, 34766, 49560, 455]	4	4	4	4	1	1	NA
ventures total adolescents acclaimed	1	R	4	1888	0.11669	1	1790	2.789103	["ventures", " total", " adolescents", " acclaimed"]	[10065, 2472, 25447, 27023]	-0.00705	0	0.11632	0	0.914434	2	-0.033355	0	0.698981	2	2.672413	4	2.789103	1	0.239423	0	2.36087	0	ventures	1888	0.428233	1	mackinaw_20	at Mackinaw	20	D_RANDOM_TOKEN	0	57	at Mackinaw	[265, 16640, 259, 707]	[10065, 2472, 25447, 27023]	[10065, 2472, 25447, 27023]	4	4	4	4	1	1	NA
 checked HistoryBBC snapshots	1	R	4	1888	0.214347	1	1790	3.121325	[" checked", " History", "BBC", " snapshots"]	[10667, 7443, 33833, 47787]	-0.00705	0	0.11632	0	0.223358	1	2.008979	1	-0.100121	1	2.906977	1	3.121325	1	0.239423	0	2.36087	0	 checked	1888	0.214348	1	mackinaw_20	at Mackinaw	20	D_RANDOM_TOKEN	0	58	at Mackinaw	[265, 16640, 259, 707]	[10667, 7443, 33833, 47787]	[10667, 7443, 33833, 47787]	4	4	4	4	1	1	NA
moickets thinks explo	1	R	4	1888	0.183056	1	1790	2.852524	["mo", "ickets", " thinks", " explo"]	[5908, 15970, 6834, 6694]	0.005048	3	0.11632	0	0.703766	2	-0.020226	3	-0.085098	4	2.669468	1	2.852524	1	0.239423	0	2.36087	0	mo	1888	0.183056	1	mackinaw_20	at Mackinaw	20	D_RANDOM_TOKEN	0	59	at Mackinaw	[265, 16640, 259, 707]	[5908, 15970, 6834, 6694]	[5908, 15970, 6834, 6694]	4	4	4	4	1	1	NA
 Allding Juddzech	1	R	4	1888	0.421356	1	1790	3.06477	[" All", "ding", " Judd", "zech"]	[1439, 12083, 49554, 15356]	0.734115	4	0.11632	0	-0.000821	0	2.270877	1	0.047882	4	2.643414	1	3.06477	1	0.239423	0	2.36087	0	 All	1888	0.421355	1	mackinaw_20	at Mackinaw	20	D_RANDOM_TOKEN	0	60	at Mackinaw	[265, 16640, 259, 707]	[1439, 12083, 49554, 15356]	[1439, 12083, 49554, 15356]	4	4	4	4	1	1	NA
atdryinaw	1	R	4	1898	0.410298	4	281	2.899692	["at", "dry", "in", "aw"]	[265, 39140, 259, 707]	-0.00705	0	0.11632	0	2.489393	4	-0.000215	3	-0.051152	3	2.312304	3	2.128479	1	0.239423	0	2.36087	0	atdryinaw	1898	0.410298	1	mackinaw_20	at Mackinaw	20	C_LOCAL	1	1	at Mackinaw	[265, 16640, 259, 707]	[265, 39140, 259, 707]	[265, 39140, 259, 707]	4	4	1	1	1	1	1
at Instantinaw	1	R	4	978	0.055406	4	1790	2.657614	["at", " Instant", "in", "aw"]	[265, 24470, 259, 707]	0.151145	2	0.11632	0	0.159927	4	-0.000163	3	-0.069101	2	2.602208	2	2.128479	1	0.239423	0	2.36087	0	at Instantinaw	978	0.055406	1	mackinaw_20	at Mackinaw	20	C_LOCAL	1	2	at Mackinaw	[265, 16640, 259, 707]	[265, 24470, 259, 707]	[265, 24470, 259, 707]	4	4	1	1	1	1	1
 Supporters Mackinaw	1	R	4	20	0.350004	3	1888	3.183764	[" Supporters", " Mack", "in", "aw"]	[39995, 16640, 259, 707]	3.183764	3	0.11632	0	-0.000821	0	1.857218	1	2.487102	3	2.109412	3	2.83376	1	0.239423	0	2.36087	0	 Supporters Mackin	20	0.350004	1	mackinaw_20	at Mackinaw	20	C_LOCAL	1	3	at Mackinaw	[265, 16640, 259, 707]	[39995, 16640, 259, 707]	[39995, 16640, 259, 707]	4	4	1	1	1	1	0
goers Mackinaw	1	R	4	20	0.391602	3	1430	2.998659	["goers", " Mack", "in", "aw"]	[31006, 16640, 259, 707]	2.998659	3	0.11632	0	-0.000821	0	0.422491	1	2.607057	3	1.963141	3	2.401601	1	0.239423	0	2.36087	0	goers Mackin	20	0.391602	1	mackinaw_20	at Mackinaw	20	C_LOCAL	1	4	at Mackinaw	[265, 16640, 259, 707]	[31006, 16640, 259, 707]	[31006, 16640, 259, 707]	4	4	1	1	1	1	0
at Mackintestinalaw	1	R	4	1790	0.128717	4	978	2.606165	["at", " Mack", "intestinal", "aw"]	[265, 16640, 36387, 707]	0.719738	3	0.11632	0	0.175272	2	-8.5e-05	4	0.018803	3	2.606165	4	2.295273	2	0.239423	0	2.36087	0	at Mackintestinalaw	1790	0.128717	1	mackinaw_20	at Mackinaw	20	C_LOCAL	1	5	at Mackinaw	[265, 16640, 259, 707]	[265, 16640, 36387, 707]	[265, 16640, 36387, 707]	4	4	1	1	1	1	2
atMDinaw	1	R	4	1898	0.019892	4	1790	2.528217	["at", "MD", "in", "aw"]	[265, 12740, 259, 707]	0.577079	3	0.11632	0	1.124273	2	-6.2e-05	2	-0.122657	0	2.508325	4	2.128479	1	0.239423	0	2.36087	0	atMDinaw	1898	0.019892	1	mackinaw_20	at Mackinaw	20	C_LOCAL	1	6	at Mackinaw	[265, 16640, 259, 707]	[265, 12740, 259, 707]	[265, 12740, 259, 707]	4	4	1	1	1	1	1
at MackinQuestions	1	R	4	20	0.322105	3	1430	3.081347	["at", " Mack", "in", "Questions"]	[265, 16640, 259, 35741]	3.081347	3	0.11632	0	0.469175	4	-0.010058	4	2.759242	3	2.250798	1	2.295273	2	0.239423	0	2.36087	0	at Mackin	20	0.322105	1	mackinaw_20	at Mackinaw	20	C_LOCAL	1	7	at Mackinaw	[265, 16640, 259, 707]	[265, 16640, 259, 35741]	[265, 16640, 259, 35741]	4	4	1	1	1	1	3
at Mackin1111	1	R	4	20	0.322105	3	1430	3.081347	["at", " Mack", "in", "1111"]	[265, 16640, 259, 26259]	3.081347	3	0.11632	0	1.561614	4	-0.011832	4	2.759242	3	2.250798	1	2.295273	2	0.239423	0	2.36087	0	at Mackin	20	0.322105	1	mackinaw_20	at Mackinaw	20	C_LOCAL	1	8	at Mackinaw	[265, 16640, 259, 707]	[265, 16640, 259, 26259]	[265, 16640, 259, 26259]	4	4	1	1	1	1	3
at dronesinaw	1	R	4	281	0.469001	4	1898	3.135596	["at", " drones", "in", "aw"]	[265, 15382, 259, 707]	-0.002401	3	0.11632	0	3.135596	4	-0.000566	3	0.823287	3	2.549409	3	2.508548	2	0.239423	0	2.36087	0	at dronesinaw	281	0.469001	1	mackinaw_20	at Mackinaw	20	C_LOCAL	1	9	at Mackinaw	[265, 16640, 259, 707]	[265, 15382, 259, 707]	[265, 15382, 259, 707]	4	4	1	1	1	1	1
 dx Mackinaw	1	R	4	1888	0.681268	1	20	3.745798	[" dx", " Mack", "in", "aw"]	[44332, 16640, 259, 707]	3.06453	3	0.11632	0	0.66103	1	1.719687	1	2.747551	3	2.588923	2	3.745798	1	0.239423	0	2.36087	0	 dx	1888	1.162057	1	mackinaw_20	at Mackinaw	20	C_LOCAL	1	10	at Mackinaw	[265, 16640, 259, 707]	[44332, 16640, 259, 707]	[44332, 16640, 259, 707]	4	4	1	1	1	1	0
 ), Mackinaw	1	R	4	20	0.27206	3	1430	3.148572	[" ),", " Mack", "in", "aw"]	[10612, 16640, 259, 707]	3.148572	3	0.11632	0	-0.000821	0	1.090033	1	2.876513	3	2.271444	2	2.774516	2	0.239423	0	2.36087	0	 ), Mackin	20	0.27206	1	mackinaw_20	at Mackinaw	20	C_LOCAL	1	11	at Mackinaw	[265, 16640, 259, 707]	[10612, 16640, 259, 707]	[10612, 16640, 259, 707]	4	4	1	1	1	1	0
 Comic Mackinaw	1	R	4	1888	0.62351	1	20	3.705021	[" Comic", " Mack", "in", "aw"]	[19949, 16640, 259, 707]	3.081511	3	0.11632	0	-0.000821	0	2.605911	1	2.555546	3	2.532273	3	3.705021	1	0.239423	0	2.36087	0	 Comic	1888	1.09911	1	mackinaw_20	at Mackinaw	20	C_LOCAL	1	12	at Mackinaw	[265, 16640, 259, 707]	[19949, 16640, 259, 707]	[19949, 16640, 259, 707]	4	4	1	1	1	1	0
 categor Mackinaw	1	R	4	1888	0.280352	1	1790	3.587413	[" categor", " Mack", "in", "aw"]	[17851, 16640, 259, 707]	3.114482	3	0.11632	0	-0.000821	0	2.144672	1	2.689748	3	3.307061	1	3.587413	1	0.239423	0	2.36087	0	 categor	1888	0.280353	1	mackinaw_20	at Mackinaw	20	C_LOCAL	1	13	at Mackinaw	[265, 16640, 259, 707]	[17851, 16640, 259, 707]	[17851, 16640, 259, 707]	4	4	1	1	1	1	0
at Mackin normalized	1	R	4	20	0.322105	3	1430	3.081347	["at", " Mack", "in", " normalized"]	[265, 16640, 259, 39279]	3.081347	3	0.11632	0	0.175272	2	-0.033355	0	2.759242	3	2.635262	4	2.498163	4	0.239423	0	2.36087	0	at Mackin	20	0.322105	1	mackinaw_20	at Mackinaw	20	C_LOCAL	1	14	at Mackinaw	[265, 16640, 259, 707]	[265, 16640, 259, 39279]	[265, 16640, 259, 39279]	4	4	1	1	1	1	3
at Mackin Vaughn	1	R	4	20	0.322105	3	1430	3.081347	["at", " Mack", "in", " Vaughn"]	[265, 16640, 259, 47151]	3.081347	3	0.11632	0	0.175272	2	-0.033355	0	2.759242	3	2.250798	1	2.295273	2	0.239423	0	2.36087	0	at Mackin	20	0.322105	1	mackinaw_20	at Mackinaw	20	C_LOCAL	1	15	at Mackinaw	[265, 16640, 259, 707]	[265, 16640, 259, 47151]	[265, 16640, 259, 47151]	4	4	1	1	1	1	3
at Mackin alleging	1	R	4	20	0.322105	3	1430	3.081347	["at", " Mack", "in", " alleging"]	[265, 16640, 259, 26116]	3.081347	3	0.11632	0	0.175272	2	-0.033355	0	2.759242	3	2.250798	1	2.295273	2	0.239423	0	2.36087	0	at Mackin	20	0.322105	1	mackinaw_20	at Mackinaw	20	C_LOCAL	1	16	at Mackinaw	[265, 16640, 259, 707]	[265, 16640, 259, 26116]	[265, 16640, 259, 26116]	4	4	1	1	1	1	3
at Mack gunsaw	1	R	4	1790	0.175409	4	1888	2.59255	["at", " Mack", " guns", "aw"]	[265, 16640, 6541, 707]	-0.006868	4	0.11632	0	0.175272	2	-0.004903	4	2.340484	4	2.59255	4	2.417141	3	0.239423	0	2.36087	0	at Mack gunsaw	1790	0.175409	1	mackinaw_20	at Mackinaw	20	C_LOCAL	1	17	at Mackinaw	[265, 16640, 259, 707]	[265, 16640, 6541, 707]	[265, 16640, 6541, 707]	4	4	1	1	1	1	2
 Centre Mackinaw	1	R	4	1888	0.514756	1	20	4.001096	[" Centre", " Mack", "in", "aw"]	[9072, 16640, 259, 707]	3.48634	3	0.11632	0	-0.000821	0	1.881568	1	2.697748	3	2.252702	3	4.001096	1	0.239423	0	2.36087	0	 Centre	1888	1.640225	1	mackinaw_20	at Mackinaw	20	C_LOCAL	1	18	at Mackinaw	[265, 16640, 259, 707]	[9072, 16640, 259, 707]	[9072, 16640, 259, 707]	4	4	1	1	1	1	0
at Mackinighty	1	R	4	20	0.226026	3	1790	3.081347	["at", " Mack", "in", "ighty"]	[265, 16640, 259, 14400]	3.081347	3	0.11632	0	0.36013	4	-0.006217	4	2.759242	3	2.855321	4	2.295273	2	0.239423	0	2.36087	0	at Mackin	20	0.322105	1	mackinaw_20	at Mackinaw	20	C_LOCAL	1	19	at Mackinaw	[265, 16640, 259, 707]	[265, 16640, 259, 14400]	[265, 16640, 259, 14400]	4	4	1	1	1	1	3
at Mack Fultonaw	1	R	4	1790	0.094607	4	2256	2.455477	["at", " Mack", " Fulton", "aw"]	[265, 16640, 44373, 707]	-0.00705	0	0.11632	0	0.175272	2	-0.000669	4	-0.061178	2	2.455477	4	2.295273	2	0.239423	0	2.36087	0	at Mack Fultonaw	1790	0.094607	1	mackinaw_20	at Mackinaw	20	C_LOCAL	1	20	at Mackinaw	[265, 16640, 259, 707]	[265, 16640, 44373, 707]	[265, 16640, 44373, 707]	4	4	1	1	1	1	2
at Mackin debilitating	1	R	4	20	0.322105	3	1430	3.081347	["at", " Mack", "in", " debilitating"]	[265, 16640, 259, 41378]	3.081347	3	0.11632	0	0.175272	2	-0.033355	0	2.759242	3	2.717189	4	2.295273	2	0.623252	4	2.36087	0	at Mackin	20	0.322105	1	mackinaw_20	at Mackinaw	20	C_LOCAL	1	21	at Mackinaw	[265, 16640, 259, 707]	[265, 16640, 259, 41378]	[265, 16640, 259, 41378]	4	4	1	1	1	1	3
at Mack ADDaw	1	R	4	858	0.15863	3	1790	2.975107	["at", " Mack", " ADD", "aw"]	[265, 16640, 27841, 707]	-0.00705	0	0.11632	0	0.175272	2	-0.010751	4	0.004531	4	2.816478	4	2.295273	2	0.239423	0	2.36087	0	at Mack ADD	858	0.452834	1	mackinaw_20	at Mackinaw	20	C_LOCAL	1	22	at Mackinaw	[265, 16640, 259, 707]	[265, 16640, 27841, 707]	[265, 16640, 27841, 707]	4	4	1	1	1	1	2
at Mackin Sev	1	R	4	20	0.322105	3	1430	3.081347	["at", " Mack", "in", " Sev"]	[265, 16640, 259, 37918]	3.081347	3	0.11632	0	0.175272	2	-0.033355	0	2.759242	3	2.250798	1	2.295273	2	0.239423	0	2.36087	0	at Mackin	20	0.322105	1	mackinaw_20	at Mackinaw	20	C_LOCAL	1	23	at Mackinaw	[265, 16640, 259, 707]	[265, 16640, 259, 37918]	[265, 16640, 259, 37918]	4	4	1	1	1	1	3
at Mack TWOaw	1	R	4	1790	0.184886	4	858	3.183389	["at", " Mack", " TWO", "aw"]	[265, 16640, 35288, 707]	-0.00705	0	0.11632	0	0.175272	2	-0.003086	4	-0.061178	2	3.183389	4	2.295273	2	0.239423	0	2.36087	0	at Mack TWOaw	1790	0.184886	1	mackinaw_20	at Mackinaw	20	C_LOCAL	1	24	at Mackinaw	[265, 16640, 259, 707]	[265, 16640, 35288, 707]	[265, 16640, 35288, 707]	4	4	1	1	1	1	2
at Mackin squarely	1	R	4	20	0.22861	3	1594	3.081347	["at", " Mack", "in", " squarely"]	[265, 16640, 259, 38590]	3.081347	3	0.11632	0	0.351958	4	-0.033355	0	2.759242	3	2.671686	4	2.737238	4	0.239423	0	2.36087	0	at Mackin	20	0.322105	1	mackinaw_20	at Mackinaw	20	C_LOCAL	1	25	at Mackinaw	[265, 16640, 259, 707]	[265, 16640, 259, 38590]	[265, 16640, 259, 38590]	4	4	1	1	1	1	3
atilibinaw	1	R	4	1898	0.488497	4	978	3.066649	["at", "ilib", "in", "aw"]	[265, 22282, 259, 707]	0.531271	3	0.11632	0	2.180174	2	-0.004194	2	-0.091474	2	2.3635	4	2.128479	1	0.239423	0	2.36087	0	atilibinaw	1898	0.488497	1	mackinaw_20	at Mackinaw	20	C_LOCAL	1	26	at Mackinaw	[265, 16640, 259, 707]	[265, 22282, 259, 707]	[265, 22282, 259, 707]	4	4	1	1	1	1	1
 verse Mackinaw	1	R	4	1888	0.556018	1	1790	3.62415	[" verse", " Mack", "in", "aw"]	[18527, 16640, 259, 707]	3.031524	3	0.11632	0	-0.000821	0	0.673067	1	2.91783	3	3.068132	1	3.62415	1	0.239423	0	2.36087	0	 verse	1888	0.556018	1	mackinaw_20	at Mackinaw	20	C_LOCAL	1	27	at Mackinaw	[265, 16640, 259, 707]	[18527, 16640, 259, 707]	[18527, 16640, 259, 707]	4	4	1	1	1	1	0
atSTRUCTinaw	1	R	4	1898	0.036456	4	858	2.70925	["at", "STRUCT", "in", "aw"]	[265, 46126, 259, 707]	0.760641	3	0.11632	0	1.018165	2	-0.000966	3	-0.094614	3	2.250798	1	2.128479	1	0.239423	0	2.36087	0	atSTRUCTinaw	1898	0.036456	1	mackinaw_20	at Mackinaw	20	C_LOCAL	1	28	at Mackinaw	[265, 16640, 259, 707]	[265, 46126, 259, 707]	[265, 46126, 259, 707]	4	4	1	1	1	1	1
at Mack)=(aw	1	R	4	1790	0.293344	4	1819	2.919306	["at", " Mack", ")=(", "aw"]	[265, 16640, 35793, 707]	-0.00705	0	0.11632	0	0.262521	4	-0.020557	3	0.1104	3	2.919306	4	2.295273	2	0.239423	0	2.36087	0	at Mack)=(aw	1790	0.293344	1	mackinaw_20	at Mackinaw	20	C_LOCAL	1	29	at Mackinaw	[265, 16640, 259, 707]	[265, 16640, 35793, 707]	[265, 16640, 35793, 707]	4	4	1	1	1	1	2
pleting Mackinaw	1	R	4	20	0.143219	3	1790	3.179862	["pleting", " Mack", "in", "aw"]	[47130, 16640, 259, 707]	3.179862	3	0.11632	0	-0.000821	0	0.302368	1	2.757032	3	3.036643	1	2.771899	1	0.239423	0	2.36087	0	pleting Mackin	20	0.143219	1	mackinaw_20	at Mackinaw	20	C_LOCAL	1	30	at Mackinaw	[265, 16640, 259, 707]	[47130, 16640, 259, 707]	[47130, 16640, 259, 707]	4	4	1	1	1	1	0
at autobiographyinaw	1	R	4	1888	0.089198	2	812	2.712124	["at", " autobiography", "in", "aw"]	[265, 41795, 259, 707]	-0.00705	0	0.11632	0	2.313155	4	0.308836	2	-0.073436	3	2.250798	1	2.712124	2	0.239423	0	2.36087	0	at autobiography	1888	0.351255	1	mackinaw_20	at Mackinaw	20	C_LOCAL	1	31	at Mackinaw	[265, 16640, 259, 707]	[265, 41795, 259, 707]	[265, 41795, 259, 707]	4	4	1	1	1	1	1
at Mackatheticaw	1	R	4	1790	0.198578	3	2256	2.559448	["at", " Mack", "athetic", "aw"]	[265, 16640, 18874, 707]	-0.00705	0	0.11632	0	0.175272	2	-2.6e-05	4	-0.055446	3	2.559448	3	2.295273	2	0.601857	3	2.36087	0	at Mackathetic	1790	0.198578	1	mackinaw_20	at Mackinaw	20	C_LOCAL	1	32	at Mackinaw	[265, 16640, 259, 707]	[265, 16640, 18874, 707]	[265, 16640, 18874, 707]	4	4	1	1	1	1	2
 otherwise Mackinaw	1	R	4	20	0.485184	3	1430	3.285781	[" otherwise", " Mack", "in", "aw"]	[4306, 16640, 259, 707]	3.285781	3	0.11632	0	-0.000821	0	1.029108	1	2.800597	3	2.501897	2	2.601812	2	0.239423	0	2.36087	0	 otherwise Mackin	20	0.485184	1	mackinaw_20	at Mackinaw	20	C_LOCAL	1	33	at Mackinaw	[265, 16640, 259, 707]	[4306, 16640, 259, 707]	[4306, 16640, 259, 707]	4	4	1	1	1	1	0
at Mackin Harbour	1	R	4	20	0.322105	3	1430	3.081347	["at", " Mack", "in", " Harbour"]	[265, 16640, 259, 42177]	3.081347	3	0.11632	0	0.175272	2	-0.033355	0	2.759242	3	2.250798	1	2.295273	2	0.239423	0	2.36087	0	at Mackin	20	0.322105	1	mackinaw_20	at Mackinaw	20	C_LOCAL	1	34	at Mackinaw	[265, 16640, 259, 707]	[265, 16640, 259, 42177]	[265, 16640, 259, 42177]	4	4	1	1	1	1	3
at Mackin pulled	1	R	4	20	0.322105	3	1430	3.081347	["at", " Mack", "in", " pulled"]	[265, 16640, 259, 5954]	3.081347	3	0.136723	4	0.175272	2	-0.033355	0	2.759242	3	2.250798	1	2.295273	2	0.239423	0	2.36087	0	at Mackin	20	0.322105	1	mackinaw_20	at Mackinaw	20	C_LOCAL	1	35	at Mackinaw	[265, 16640, 259, 707]	[265, 16640, 259, 5954]	[265, 16640, 259, 5954]	4	4	1	1	1	1	3
at Mack Commissionaw	1	R	4	1790	0.49543	4	2256	2.8563	["at", " Mack", " Commission", "aw"]	[265, 16640, 4513, 707]	-0.00705	0	0.11632	0	0.175272	2	-0.000981	4	0.376303	4	2.8563	4	2.295273	2	0.239423	0	2.36087	0	at Mack Commissionaw	1790	0.49543	1	mackinaw_20	at Mackinaw	20	C_LOCAL	1	36	at Mackinaw	[265, 16640, 259, 707]	[265, 16640, 4513, 707]	[265, 16640, 4513, 707]	4	4	1	1	1	1	2
at Mackin tempor	1	R	4	20	0.322105	3	1430	3.081347	["at", " Mack", "in", " tempor"]	[265, 16640, 259, 10042]	3.081347	3	0.11632	0	0.175272	2	-0.033355	0	2.759242	3	2.250798	1	2.458356	4	0.239423	0	2.36087	0	at Mackin	20	0.322105	1	mackinaw_20	at Mackinaw	20	C_LOCAL	1	37	at Mackinaw	[265, 16640, 259, 707]	[265, 16640, 259, 10042]	[265, 16640, 259, 10042]	4	4	1	1	1	1	3
Default Mackinaw	1	R	4	20	0.443012	3	1888	3.2909	["Default", " Mack", "in", "aw"]	[19463, 16640, 259, 707]	3.2909	3	0.11632	0	-0.000821	0	-0.000674	4	2.731287	3	2.671742	1	2.847889	1	0.239423	0	2.36087	0	Default Mackin	20	0.443012	1	mackinaw_20	at Mackinaw	20	C_LOCAL	1	38	at Mackinaw	[265, 16640, 259, 707]	[19463, 16640, 259, 707]	[19463, 16640, 259, 707]	4	4	1	1	1	1	0
at Mackin freelance	1	R	4	20	0.322105	3	1430	3.081347	["at", " Mack", "in", " freelance"]	[265, 16640, 259, 27449]	3.081347	3	0.11632	0	0.175272	2	-0.033355	0	2.759242	3	2.250798	1	2.447926	4	0.239423	0	2.36087	0	at Mackin	20	0.322105	1	mackinaw_20	at Mackinaw	20	C_LOCAL	1	39	at Mackinaw	[265, 16640, 259, 707]	[265, 16640, 259, 27449]	[265, 16640, 259, 27449]	4	4	1	1	1	1	3
chie Mackinaw	1	R	4	1790	0.027911	1	1888	3.267667	["chie", " Mack", "in", "aw"]	[3043, 16640, 259, 707]	2.935604	3	0.11632	0	-0.000821	0	0.028689	1	2.693968	3	3.267667	1	3.239756	1	0.239423	0	2.36087	0	chie	1790	0.02791	1	mackinaw_20	at Mackinaw	20	C_LOCAL	1	40	at Mackinaw	[265, 16640, 259, 707]	[3043, 16640, 259, 707]	[3043, 16640, 259, 707]	4	4	1	1	1	1	0
uously Mackinaw	1	R	4	1790	0.016071	1	1594	3.330335	["uously", " Mack", "in", "aw"]	[24987, 16640, 259, 707]	3.13545	3	0.11632	0	-0.000821	0	-0.001362	4	2.831217	3	3.330335	1	3.036618	1	0.239423	0	2.36087	0	uously	1790	0.01607	1	mackinaw_20	at Mackinaw	20	C_LOCAL	1	41	at Mackinaw	[265, 16640, 259, 707]	[24987, 16640, 259, 707]	[24987, 16640, 259, 707]	4	4	1	1	1	1	0
at Mack relegatedaw	1	R	4	1790	0.729384	4	2256	3.090254	["at", " Mack", " relegated", "aw"]	[265, 16640, 36391, 707]	-0.00705	0	0.11632	0	0.175272	2	-0.000302	4	0.00532	4	3.090254	4	2.295273	2	0.239423	0	2.36087	0	at Mack relegatedaw	1790	0.729384	1	mackinaw_20	at Mackinaw	20	C_LOCAL	1	42	at Mackinaw	[265, 16640, 259, 707]	[265, 16640, 36391, 707]	[265, 16640, 36391, 707]	4	4	1	1	1	1	2
at Mack Ameraw	1	R	4	2256	0.038288	0	1790	2.36087	["at", " Mack", " Amer", "aw"]	[265, 16640, 33391, 707]	-0.00705	0	0.11632	0	0.175272	2	-0.01145	4	0.062761	4	2.322582	4	2.295273	2	0.239423	0	2.36087	0				bos_footprint	mackinaw_20	at Mackinaw	20	C_LOCAL	1	43	at Mackinaw	[265, 16640, 259, 707]	[265, 16640, 33391, 707]	[265, 16640, 33391, 707]	4	4	1	1	1	1	2
at everyoneinaw	1	R	4	281	0.450568	4	1898	3.55019	["at", " everyone", "in", "aw"]	[265, 2506, 259, 707]	-0.00705	0	0.11632	0	3.55019	4	-4e-06	3	-0.040468	2	2.32599	4	2.128479	1	0.239423	0	2.36087	0	at everyoneinaw	281	0.450568	1	mackinaw_20	at Mackinaw	20	C_LOCAL	1	44	at Mackinaw	[265, 16640, 259, 707]	[265, 2506, 259, 707]	[265, 2506, 259, 707]	4	4	1	1	1	1	1
at Mack yearaw	1	R	4	1790	0.236427	4	1888	2.7052	["at", " Mack", " year", "aw"]	[265, 16640, 614, 707]	-0.00705	0	0.11632	0	0.756984	3	-0.008007	4	0.347424	4	2.7052	4	2.468772	3	0.239423	0	2.36087	0	at Mack yearaw	1790	0.236427	1	mackinaw_20	at Mackinaw	20	C_LOCAL	1	45	at Mackinaw	[265, 16640, 259, 707]	[265, 16640, 614, 707]	[265, 16640, 614, 707]	4	4	1	1	1	1	2
 unus Mackinaw	1	R	4	20	0.148593	3	1888	3.333606	[" unus", " Mack", "in", "aw"]	[7242, 16640, 259, 707]	3.333606	3	0.11632	0	0.33195	1	1.820534	1	2.767087	3	2.850194	1	3.185014	1	0.239423	0	2.36087	0	 unus Mackin	20	0.148593	1	mackinaw_20	at Mackinaw	20	C_LOCAL	1	46	at Mackinaw	[265, 16640, 259, 707]	[7242, 16640, 259, 707]	[7242, 16640, 259, 707]	4	4	1	1	1	1	0
 compromise Mackinaw	1	R	4	1888	0.320989	1	20	3.618865	[" compromise", " Mack", "in", "aw"]	[13110, 16640, 259, 707]	3.297876	3	0.11632	0	-0.000821	0	1.505832	1	2.807897	3	3.255372	1	3.618865	1	0.239423	0	2.36087	0	 compromise	1888	0.363493	1	mackinaw_20	at Mackinaw	20	C_LOCAL	1	47	at Mackinaw	[265, 16640, 259, 707]	[13110, 16640, 259, 707]	[13110, 16640, 259, 707]	4	4	1	1	1	1	0
at MackinLinux	1	R	4	20	0.322105	3	1430	3.081347	["at", " Mack", "in", "Linux"]	[265, 16640, 259, 19314]	3.081347	3	0.11632	0	0.333439	4	-0.001354	4	2.759242	3	2.250798	1	2.295273	2	0.239423	0	2.36087	0	at Mackin	20	0.322105	1	mackinaw_20	at Mackinaw	20	C_LOCAL	1	48	at Mackinaw	[265, 16640, 259, 707]	[265, 16640, 259, 19314]	[265, 16640, 259, 19314]	4	4	1	1	1	1	3
at Mack Kennedyaw	1	R	4	1790	0.440069	4	2256	2.800939	["at", " Mack", " Kennedy", "aw"]	[265, 16640, 10401, 707]	-0.00705	0	0.11632	0	0.175272	2	-0.000589	4	0.004712	4	2.800939	4	2.295273	2	0.239423	0	2.36087	0	at Mack Kennedyaw	1790	0.440069	1	mackinaw_20	at Mackinaw	20	C_LOCAL	1	49	at Mackinaw	[265, 16640, 259, 707]	[265, 16640, 10401, 707]	[265, 16640, 10401, 707]	4	4	1	1	1	1	2
 Romans Mackinaw	1	R	4	1888	0.599267	1	20	3.665733	[" Romans", " Mack", "in", "aw"]	[22482, 16640, 259, 707]	3.066467	3	0.11632	0	-0.000821	0	1.355554	1	2.52242	3	2.348779	1	3.665733	1	0.239423	0	2.36087	0	 Romans	1888	1.304864	1	mackinaw_20	at Mackinaw	20	C_LOCAL	1	50	at Mackinaw	[265, 16640, 259, 707]	[22482, 16640, 259, 707]	[22482, 16640, 259, 707]	4	4	1	1	1	1	0
at MackPrimaw	1	R	4	1074	0.266956	4	2256	2.627826	["at", " Mack", "Prim", "aw"]	[265, 16640, 23828, 707]	-0.00705	0	0.11632	0	0.315903	3	-0.007629	4	-0.011986	4	2.250798	1	2.295273	2	0.239423	0	2.36087	0	at MackPrimaw	1074	0.266956	1	mackinaw_20	at Mackinaw	20	C_LOCAL	1	51	at Mackinaw	[265, 16640, 259, 707]	[265, 16640, 23828, 707]	[265, 16640, 23828, 707]	4	4	1	1	1	1	2
at interactinginaw	1	R	4	1898	0.376167	4	281	2.962064	["at", " interacting", "in", "aw"]	[265, 24986, 259, 707]	-0.00705	0	0.11632	0	2.585897	4	-5e-06	3	-0.091997	2	2.340592	3	2.128479	1	0.239423	0	2.36087	0	at interactinginaw	1898	0.376167	1	mackinaw_20	at Mackinaw	20	C_LOCAL	1	52	at Mackinaw	[265, 16640, 259, 707]	[265, 24986, 259, 707]	[265, 24986, 259, 707]	4	4	1	1	1	1	1
at Mackin rumours	1	R	4	20	0.322105	3	1430	3.081347	["at", " Mack", "in", " rumours"]	[265, 16640, 259, 30427]	3.081347	3	0.11632	0	0.717584	4	-0.033355	0	2.759242	3	2.250798	1	2.494202	4	0.239423	0	2.36087	0	at Mackin	20	0.322105	1	mackinaw_20	at Mackinaw	20	C_LOCAL	1	53	at Mackinaw	[265, 16640, 259, 707]	[265, 16640, 259, 30427]	[265, 16640, 259, 30427]	4	4	1	1	1	1	3
at Mackin blight	1	R	4	20	0.322105	3	1430	3.081347	["at", " Mack", "in", " blight"]	[265, 16640, 259, 42514]	3.081347	3	0.11632	0	1.320277	4	-0.033355	0	2.759242	3	2.590189	4	2.358456	4	0.239423	0	2.36087	0	at Mackin	20	0.322105	1	mackinaw_20	at Mackinaw	20	C_LOCAL	1	54	at Mackinaw	[265, 16640, 259, 707]	[265, 16640, 259, 42514]	[265, 16640, 259, 42514]	4	4	1	1	1	1	3
あ Mackinaw	1	R	4	1888	0.119782	1	1790	3.166266	["あ", " Mack", "in", "aw"]	[40948, 16640, 259, 707]	3.018975	3	0.11632	0	-0.000821	0	0.45047	2	2.784567	3	3.046484	1	3.166266	1	0.239423	0	2.36087	0	あ	1888	0.119782	1	mackinaw_20	at Mackinaw	20	C_LOCAL	1	55	at Mackinaw	[265, 16640, 259, 707]	[40948, 16640, 259, 707]	[40948, 16640, 259, 707]	4	4	1	1	1	1	0
at Mack Lombaw	1	R	4	2256	0.065597	0	1888	2.36087	["at", " Mack", " Lomb", "aw"]	[265, 16640, 28503, 707]	0.022157	3	0.11632	0	0.175272	2	-0.033355	0	0.70409	3	2.250798	1	2.295273	2	0.239423	0	2.36087	0				bos_footprint	mackinaw_20	at Mackinaw	20	C_LOCAL	1	56	at Mackinaw	[265, 16640, 259, 707]	[265, 16640, 28503, 707]	[265, 16640, 28503, 707]	4	4	1	1	1	1	2
at unrelatedinaw	1	R	4	1898	0.54681	4	812	2.975953	["at", " unrelated", "in", "aw"]	[265, 19938, 259, 707]	-0.00705	0	0.11632	0	2.29044	4	-0.000214	3	-0.011494	2	2.281845	4	2.21801	3	0.239423	0	2.36087	0	at unrelatedinaw	1898	0.54681	1	mackinaw_20	at Mackinaw	20	C_LOCAL	1	57	at Mackinaw	[265, 16640, 259, 707]	[265, 19938, 259, 707]	[265, 19938, 259, 707]	4	4	1	1	1	1	1
at Mackin Gonz	1	R	4	20	0.322105	3	1430	3.081347	["at", " Mack", "in", " Gonz"]	[265, 16640, 259, 17109]	3.081347	3	0.11632	0	0.175272	2	-0.033355	0	2.759242	3	2.250798	1	2.295273	2	0.239423	0	2.36087	0	at Mackin	20	0.322105	1	mackinaw_20	at Mackinaw	20	C_LOCAL	1	58	at Mackinaw	[265, 16640, 259, 707]	[265, 16640, 259, 17109]	[265, 16640, 259, 17109]	4	4	1	1	1	1	3
at MackNEYaw	1	R	4	858	0.207551	3	2256	2.568421	["at", " Mack", "NEY", "aw"]	[265, 16640, 36231, 707]	-0.00705	0	0.11632	0	1.187756	3	-0.003052	4	0.131265	3	2.256868	4	2.295273	2	0.239423	0	2.36087	0	at MackNEY	858	0.207551	1	mackinaw_20	at Mackinaw	20	C_LOCAL	1	59	at Mackinaw	[265, 16640, 259, 707]	[265, 16640, 36231, 707]	[265, 16640, 36231, 707]	4	4	1	1	1	1	2
at Mackin Ecc	1	R	4	20	0.322105	3	1430	3.081347	["at", " Mack", "in", " Ecc"]	[265, 16640, 259, 38308]	3.081347	3	0.11632	0	0.175272	2	-0.033355	0	2.759242	3	2.250798	1	2.295273	2	0.239423	0	2.36087	0	at Mackin	20	0.322105	1	mackinaw_20	at Mackinaw	20	C_LOCAL	1	60	at Mackinaw	[265, 16640, 259, 707]	[265, 16640, 259, 38308]	[265, 16640, 259, 38308]	4	4	1	1	1	1	3
letters DD Sov pacif	1	R	4	1888	0.087126	3	2467	2.821556	["letters", " DD", " Sov", " pacif"]	[15653, 20084, 6917, 47617]	-0.00705	0	0.11632	0	0.586627	1	0.333782	1	-0.073215	2	2.533051	2	2.821556	3	0.239423	0	2.36087	0	letters DD Sov	1888	0.087126	1	mackinaw_20	at Mackinaw	20	D_RANDOM_TOKEN	1	1	at Mackinaw	[265, 16640, 259, 707]	[15653, 20084, 6917, 47617]	[15653, 20084, 6917, 47617]	4	4	4	4	1	1	NA
 puppy Rwagersgame	1	R	4	1888	0.662457	1	1790	3.309725	[" puppy", " Rw", "agers", "game"]	[26188, 31641, 10321, 6057]	-0.00705	0	0.11632	0	0.448305	4	1.320249	1	0.334388	4	2.647268	1	3.309725	1	0.239423	0	2.36087	0	 puppy	1888	0.662458	1	mackinaw_20	at Mackinaw	20	D_RANDOM_TOKEN	1	2	at Mackinaw	[265, 16640, 259, 707]	[26188, 31641, 10321, 6057]	[26188, 31641, 10321, 6057]	4	4	4	4	1	1	NA
Qu four triggeringuggish	1	R	4	195	0.274477	2	1888	3.81512	["Qu", " four", " triggering", "uggish"]	[4507, 1440, 26555, 36295]	-0.00705	0	0.11632	0	-0.000821	0	1.43824	2	-0.019646	2	3.21439	4	3.540643	1	1.030079	4	2.36087	0	Qu four	195	0.274476	1	mackinaw_20	at Mackinaw	20	D_RANDOM_TOKEN	1	3	at Mackinaw	[265, 16640, 259, 707]	[4507, 1440, 26555, 36295]	[4507, 1440, 26555, 36295]	4	4	4	4	1	1	NA
 nursing notice)| Simpsons	1	R	4	1888	0.610556	1	1790	3.558041	[" nursing", " notice", ")|", " Simpsons"]	[19167, 4003, 14726, 34376]	-0.00705	0	0.11632	0	0.083331	2	1.748519	1	-0.042984	3	2.947485	1	3.558041	1	0.239423	0	2.36087	0	 nursing	1888	0.610557	1	mackinaw_20	at Mackinaw	20	D_RANDOM_TOKEN	1	4	at Mackinaw	[265, 16640, 259, 707]	[19167, 4003, 14726, 34376]	[19167, 4003, 14726, 34376]	4	4	4	4	1	1	NA
 tackled Prix Nebraskaイ	1	R	4	1790	0.283554	4	1888	3.321264	[" tackled", " Prix", " Nebraska", "イ"]	[35457, 23832, 18329, 11482]	-0.00705	0	0.11632	0	0.140232	1	1.846724	1	0.231959	4	3.321264	4	3.03771	1	0.239423	0	2.36087	0	 tackled Prix Nebraskaイ	1790	0.283554	1	mackinaw_20	at Mackinaw	20	D_RANDOM_TOKEN	1	5	at Mackinaw	[265, 16640, 259, 707]	[35457, 23832, 18329, 11482]	[35457, 23832, 18329, 11482]	4	4	4	4	1	1	NA
vin Penceabbitustom	1	R	4	1888	0.272931	1	1790	3.183511	["vin", " Pence", "abbit", "ustom"]	[7114, 17339, 14229, 1824]	-0.005437	3	0.11632	0	0.987186	1	-0.001126	3	0.006461	3	2.91058	1	3.183511	1	0.239423	0	2.36087	0	vin	1888	0.272931	1	mackinaw_20	at Mackinaw	20	D_RANDOM_TOKEN	1	6	at Mackinaw	[265, 16640, 259, 707]	[7114, 17339, 14229, 1824]	[7114, 17339, 14229, 1824]	4	4	4	4	1	1	NA
 cout MR0001 reduces	1	R	4	1888	1.440027	1	1790	4.324851	[" cout", " MR", "0001", " reduces"]	[42304, 17242, 18005, 12850]	-0.002901	2	0.11632	0	0.322272	1	1.48378	1	-0.086998	2	2.884824	1	4.324851	1	0.239423	0	2.36087	0	 cout	1888	1.440027	1	mackinaw_20	at Mackinaw	20	D_RANDOM_TOKEN	1	7	at Mackinaw	[265, 16640, 259, 707]	[42304, 17242, 18005, 12850]	[42304, 17242, 18005, 12850]	4	4	4	4	1	1	NA
 foss railwayWater cartels	1	R	4	1888	0.656857	1	1790	3.371557	[" foss", " railway", "Water", " cartels"]	[10967, 20515, 19184, 41399]	-0.00705	0	0.11632	0	1.189328	1	2.097349	1	-0.083864	3	2.7147	1	3.371557	1	0.239423	0	2.36087	0	 foss	1888	0.656857	1	mackinaw_20	at Mackinaw	20	D_RANDOM_TOKEN	1	8	at Mackinaw	[265, 16640, 259, 707]	[10967, 20515, 19184, 41399]	[10967, 20515, 19184, 41399]	4	4	4	4	1	1	NA
itentndra happeninguyomi	1	R	4	1888	0.976855	1	1790	3.659807	["itent", "ndra", " happening", "uyomi"]	[48324, 24631, 5836, 40012]	0.006845	1	0.11632	0	0.593507	3	-0.001285	2	-0.035352	2	2.682953	1	3.659807	1	0.239423	0	2.36087	0	itent	1888	0.976856	1	mackinaw_20	at Mackinaw	20	D_RANDOM_TOKEN	1	9	at Mackinaw	[265, 16640, 259, 707]	[48324, 24631, 5836, 40012]	[48324, 24631, 5836, 40012]	4	4	4	4	1	1	NA
zilla spokesperson PhDserving	1	R	4	812	0.328149	4	1790	3.114517	["zilla", " spokesperson", " PhD", "serving"]	[16496, 11821, 16394, 31293]	-0.00705	0	0.11632	0	1.308504	1	-0.024783	4	-0.082783	3	2.786368	1	2.703004	1	0.239423	0	2.36087	0	zilla spokesperson PhDserving	812	0.328149	1	mackinaw_20	at Mackinaw	20	D_RANDOM_TOKEN	1	10	at Mackinaw	[265, 16640, 259, 707]	[16496, 11821, 16394, 31293]	[16496, 11821, 16394, 31293]	4	4	4	4	1	1	NA
 relentacle Sco Saw	1	R	4	1790	0.114991	1	1888	3.59409	[" relent", "acle", " Sco", " Saw"]	[18547, 6008, 36179, 19882]	0.009216	3	0.11632	0	1.418192	2	1.391518	1	-0.037973	3	3.59409	1	3.4791	1	0.239423	0	2.36087	0	 relent	1790	0.11499	1	mackinaw_20	at Mackinaw	20	D_RANDOM_TOKEN	1	11	at Mackinaw	[265, 16640, 259, 707]	[18547, 6008, 36179, 19882]	[18547, 6008, 36179, 19882]	4	4	4	4	1	1	NA
 thereachelor bravery buggy	1	R	4	1888	0.188689	2	1790	3.003827	[" there", "achelor", " bravery", " buggy"]	[612, 19335, 37808, 46542]	-0.00705	0	0.11632	0	1.009922	4	2.637388	1	-0.122657	0	2.815138	1	3.003827	2	0.239423	0	2.36087	0	 thereachelor	1888	0.188689	1	mackinaw_20	at Mackinaw	20	D_RANDOM_TOKEN	1	12	at Mackinaw	[265, 16640, 259, 707]	[612, 19335, 37808, 46542]	[612, 19335, 37808, 46542]	4	4	4	4	1	1	NA
 specifications erased])273	1	R	4	1888	0.859049	1	1790	3.604994	[" specifications", " erased", "])", "273"]	[20640, 33588, 12962, 27367]	-0.00705	0	0.11632	0	0.420709	2	1.711616	1	0.050111	1	2.745945	1	3.604994	1	0.239423	0	2.36087	0	 specifications	1888	0.859049	1	mackinaw_20	at Mackinaw	20	D_RANDOM_TOKEN	1	13	at Mackinaw	[265, 16640, 259, 707]	[20640, 33588, 12962, 27367]	[20640, 33588, 12962, 27367]	4	4	4	4	1	1	NA
888 interpol Lt Iz	1	R	4	1888	0.897678	1	2256	3.258548	["888", " interpol", " Lt", " Iz"]	[28011, 39555, 19090, 28493]	-0.00705	0	0.11632	0	0.269927	2	-0.033355	0	-0.007327	3	2.216995	2	3.258548	1	0.239423	0	2.36087	0	888	1888	0.897678	1	mackinaw_20	at Mackinaw	20	D_RANDOM_TOKEN	1	14	at Mackinaw	[265, 16640, 259, 707]	[28011, 39555, 19090, 28493]	[28011, 39555, 19090, 28493]	4	4	4	4	1	1	NA
 *** Gener editor bi	1	R	4	693	0.473033	1	1888	3.036432	[" ***", " Gener", " editor", " bi"]	[17202, 2980, 5464, 3182]	-0.00705	0	0.11632	0	0.261858	4	1.18036	1	-0.097196	4	2.338855	4	2.563398	2	0.239423	0	2.36087	0	 ***	693	0.587971	1	mackinaw_20	at Mackinaw	20	D_RANDOM_TOKEN	1	15	at Mackinaw	[265, 16640, 259, 707]	[17202, 2980, 5464, 3182]	[17202, 2980, 5464, 3182]	4	4	4	4	1	1	NA
Navgeneric finalsicons	1	R	4	1888	0.122178	1	1790	2.680588	["Nav", "generic", " finals", "icons"]	[30575, 41357, 18576, 34280]	0.032171	2	0.11632	0	0.124128	4	-0.003466	2	0.159985	4	2.55841	1	2.680588	1	0.239423	0	2.36087	0	Nav	1888	0.122179	1	mackinaw_20	at Mackinaw	20	D_RANDOM_TOKEN	1	16	at Mackinaw	[265, 16640, 259, 707]	[30575, 41357, 18576, 34280]	[30575, 41357, 18576, 34280]	4	4	4	4	1	1	NA
 futile"}]," chanting predis	1	R	4	1888	0.286472	1	1790	3.248729	[" futile", "\"}],\"", " chanting", " predis"]	[35322, 42785, 31138, 46276]	-0.00705	0	0.11632	0	0.253435	4	2.301665	1	-0.010107	4	2.962256	4	3.248729	1	0.239423	0	2.36087	0	 futile	1888	0.335014	1	mackinaw_20	at Mackinaw	20	D_RANDOM_TOKEN	1	17	at Mackinaw	[265, 16640, 259, 707]	[35322, 42785, 31138, 46276]	[35322, 42785, 31138, 46276]	4	4	4	4	1	1	NA
 ballistic pron Siddahoo	1	R	4	1888	0.674972	1	1790	3.545404	[" ballistic", " pron", " Sidd", "ahoo"]	[22681, 9668, 44487, 12992]	0.339878	2	0.11632	0	0.25585	1	1.677751	1	-0.00597	2	2.870432	1	3.545404	1	0.239423	0	2.36087	0	 ballistic	1888	0.674972	1	mackinaw_20	at Mackinaw	20	D_RANDOM_TOKEN	1	18	at Mackinaw	[265, 16640, 259, 707]	[22681, 9668, 44487, 12992]	[22681, 9668, 44487, 12992]	4	4	4	4	1	1	NA
 George Pocket freed crossings	1	R	4	1888	0.694395	1	1790	3.115246	[" George", " Pocket", " freed", " crossings"]	[4502, 27290, 13459, 41930]	-0.00705	0	0.11632	0	-0.000821	0	0.951161	1	-0.01877	3	2.420851	2	3.115246	1	0.239423	0	2.36087	0	 George	1888	0.754376	1	mackinaw_20	at Mackinaw	20	D_RANDOM_TOKEN	1	19	at Mackinaw	[265, 16640, 259, 707]	[4502, 27290, 13459, 41930]	[4502, 27290, 13459, 41930]	4	4	4	4	1	1	NA
 proxiesetus angelSecond	1	R	4	1888	0.274883	1	322	3.173306	[" proxies", "etus", " angel", "Second"]	[41775, 29158, 18304, 12211]	-0.002982	1	0.11632	0	0.88562	2	2.247014	1	0.146394	2	2.831538	1	3.173306	1	0.239423	0	2.36087	0	 proxies	1888	0.341769	1	mackinaw_20	at Mackinaw	20	D_RANDOM_TOKEN	1	20	at Mackinaw	[265, 16640, 259, 707]	[41775, 29158, 18304, 12211]	[41775, 29158, 18304, 12211]	4	4	4	4	1	1	NA
229Diff Gerrarduner	1	R	4	1888	0.302143	1	1790	3.035996	["229", "Diff", " Gerrard", "uner"]	[23539, 28813, 49314, 38886]	-0.00705	0	0.11632	0	-0.000821	0	-0.000606	2	-0.062529	3	2.733853	4	3.035996	1	0.239423	0	2.36087	0	229	1888	0.675126	1	mackinaw_20	at Mackinaw	20	D_RANDOM_TOKEN	1	21	at Mackinaw	[265, 16640, 259, 707]	[23539, 28813, 49314, 38886]	[23539, 28813, 49314, 38886]	4	4	4	4	1	1	NA
 pads thankingeredith bite	1	R	4	1888	0.386486	1	1790	3.240726	[" pads", " thanking", "eredith", " bite"]	[21226, 41892, 36897, 13197]	-0.004249	3	0.11632	0	1.475615	3	1.065185	1	-0.029851	4	2.85424	1	3.240726	1	0.239423	0	2.36087	0	 pads	1888	0.386486	1	mackinaw_20	at Mackinaw	20	D_RANDOM_TOKEN	1	22	at Mackinaw	[265, 16640, 259, 707]	[21226, 41892, 36897, 13197]	[21226, 41892, 36897, 13197]	4	4	4	4	1	1	NA
 Treatment refere twe IGF	1	R	4	1888	1.117738	1	1790	3.662081	[" Treatment", " refere", " twe", " IGF"]	[21415, 6773, 4184, 46757]	-0.00705	0	0.11632	0	-0.000821	0	1.402927	1	-0.017094	3	2.544344	4	3.662081	1	0.239423	0	2.36087	0	 Treatment	1888	1.135033	1	mackinaw_20	at Mackinaw	20	D_RANDOM_TOKEN	1	23	at Mackinaw	[265, 16640, 259, 707]	[21415, 6773, 4184, 46757]	[21415, 6773, 4184, 46757]	4	4	4	4	1	1	NA
available Shah graftNear	1	R	4	1888	0.065755	3	1790	2.742224	["available", " Shah", " graft", "Near"]	[15182, 18381, 38455, 40640]	-0.00705	0	0.11632	0	-0.000821	0	-0.000725	4	-0.030558	4	2.676469	3	2.742224	3	0.239423	0	2.36087	0	available Shah graft	1888	0.065755	1	mackinaw_20	at Mackinaw	20	D_RANDOM_TOKEN	1	24	at Mackinaw	[265, 16640, 259, 707]	[15182, 18381, 38455, 40640]	[15182, 18381, 38455, 40640]	4	4	4	4	1	1	NA
 Bash shoulder1995 flaw	1	R	4	1888	0.306419	1	1790	3.349143	[" Bash", " shoulder", "1995", " flaw"]	[15743, 8163, 21908, 11804]	0.274866	4	0.11632	0	0.758062	3	1.609215	1	-0.018579	3	3.042723	2	3.349143	1	0.239423	0	2.36087	0	 Bash	1888	0.705981	1	mackinaw_20	at Mackinaw	20	D_RANDOM_TOKEN	1	25	at Mackinaw	[265, 16640, 259, 707]	[15743, 8163, 21908, 11804]	[15743, 8163, 21908, 11804]	4	4	4	4	1	1	NA
 STR284 meet quickly	1	R	4	1888	0.579764	1	858	3.133485	[" STR", "284", " meet", " quickly"]	[19269, 30336, 1826, 2952]	-0.00705	0	0.11632	0	0.341025	3	1.271425	1	-0.092887	4	2.474568	1	3.133485	1	1.647371	4	2.36087	0	 STR	1888	0.579763	1	mackinaw_20	at Mackinaw	20	D_RANDOM_TOKEN	1	26	at Mackinaw	[265, 16640, 259, 707]	[19269, 30336, 1826, 2952]	[19269, 30336, 1826, 2952]	4	4	4	4	1	1	NA
Assad Burnett Android urine	1	R	4	1888	0.75558	1	2256	3.11645	["Assad", " Burnett", " Android", " urine"]	[23622, 46039, 5565, 18922]	-0.00705	0	0.11632	0	-0.000821	0	-0.033355	0	-0.022783	3	2.111346	4	3.11645	1	0.239423	0	2.36087	0	Assad	1888	0.75558	1	mackinaw_20	at Mackinaw	20	D_RANDOM_TOKEN	1	27	at Mackinaw	[265, 16640, 259, 707]	[23622, 46039, 5565, 18922]	[23622, 46039, 5565, 18922]	4	4	4	4	1	1	NA
itta Aging travelled tri	1	R	4	1888	0.43631	1	1790	3.350496	["itta", " Aging", " travelled", " tri"]	[48519, 44581, 21650, 1333]	-0.00705	0	0.11632	0	-0.000821	0	-0.033355	0	-0.097258	2	2.914186	1	3.350496	1	0.239423	0	2.36087	0	itta	1888	0.43631	1	mackinaw_20	at Mackinaw	20	D_RANDOM_TOKEN	1	28	at Mackinaw	[265, 16640, 259, 707]	[48519, 44581, 21650, 1333]	[48519, 44581, 21650, 1333]	4	4	4	4	1	1	NA
 Dogs Explorer Summary eastern	1	R	4	1888	0.881541	1	2256	3.242411	[" Dogs", " Explorer", " Summary", " eastern"]	[21367, 19142, 21293, 10183]	-0.00355	2	0.11632	0	0.752994	4	0.732822	1	-0.006962	1	2.359385	1	3.242411	1	0.239423	0	2.36087	0	 Dogs	1888	0.881541	1	mackinaw_20	at Mackinaw	20	D_RANDOM_TOKEN	1	29	at Mackinaw	[265, 16640, 259, 707]	[21367, 19142, 21293, 10183]	[21367, 19142, 21293, 10183]	4	4	4	4	1	1	NA
 Ic redesign handmadeWeak	1	R	4	1888	0.706207	1	812	3.313491	[" Ic", " redesign", " handmade", "Weak"]	[43042, 27135, 40973, 44898]	-0.00705	0	0.11632	0	-0.000821	0	1.816236	1	-0.020479	4	2.580645	4	3.313491	1	0.239423	0	2.36087	0	 Ic	1888	0.927645	1	mackinaw_20	at Mackinaw	20	D_RANDOM_TOKEN	1	30	at Mackinaw	[265, 16640, 259, 707]	[43042, 27135, 40973, 44898]	[43042, 27135, 40973, 44898]	4	4	4	4	1	1	NA
Mr spill.? horn	1	R	4	1888	0.058949	1	1790	2.919336	["Mr", " spill", ".?", " horn"]	[5246, 19431, 40791, 12718]	-0.00705	0	0.11632	0	0.707278	4	0.029146	4	-0.056404	1	2.860387	4	2.919336	1	0.239423	0	2.36087	0	Mr	1888	0.456149	1	mackinaw_20	at Mackinaw	20	D_RANDOM_TOKEN	1	31	at Mackinaw	[265, 16640, 259, 707]	[5246, 19431, 40791, 12718]	[5246, 19431, 40791, 12718]	4	4	4	4	1	1	NA
Neil BMW peak adapted	1	R	4	1888	0.780312	3	1790	3.321393	["Neil", " BMW", " peak", " adapted"]	[29354, 19339, 9103, 16573]	-0.00705	0	0.11632	0	-0.000821	0	-0.033355	0	-0.041738	4	2.54108	4	3.321393	3	0.239423	0	2.36087	0	Neil BMW peak	1888	0.829723	1	mackinaw_20	at Mackinaw	20	D_RANDOM_TOKEN	1	32	at Mackinaw	[265, 16640, 259, 707]	[29354, 19339, 9103, 16573]	[29354, 19339, 9103, 16573]	4	4	4	4	1	1	NA
 550eki Five Qi	1	R	4	1888	1.13313	1	2256	3.494	[" 550", "eki", " Five", " Qi"]	[25240, 39548, 10579, 21924]	-0.00705	0	0.11632	0	0.004418	2	1.589729	1	-0.071153	2	2.296015	4	3.494	1	0.239423	0	2.36087	0	 550	1888	1.133131	1	mackinaw_20	at Mackinaw	20	D_RANDOM_TOKEN	1	33	at Mackinaw	[265, 16640, 259, 707]	[25240, 39548, 10579, 21924]	[25240, 39548, 10579, 21924]	4	4	4	4	1	1	NA
472ont weighs Comp	1	R	4	1888	0.742652	1	137	3.312355	["472", "ont", " weighs", " Comp"]	[37856, 756, 24034, 3082]	0.097028	4	0.118839	3	0.525122	2	-0.033355	0	-0.122657	0	2.051317	2	3.312355	1	0.239423	0	2.36087	0	472	1888	0.951484	1	mackinaw_20	at Mackinaw	20	D_RANDOM_TOKEN	1	34	at Mackinaw	[265, 16640, 259, 707]	[37856, 756, 24034, 3082]	[37856, 756, 24034, 3082]	4	4	4	4	1	1	NA
 graves Economic packing Glasgow	1	R	4	1888	0.604938	1	1790	3.122405	[" graves", " Economic", " packing", " Glasgow"]	[30055, 11279, 24157, 23995]	0.006599	2	0.11632	0	-0.000821	0	1.379733	1	-0.013622	3	2.517467	1	3.122405	1	0.239423	0	2.36087	0	 graves	1888	0.604938	1	mackinaw_20	at Mackinaw	20	D_RANDOM_TOKEN	1	35	at Mackinaw	[265, 16640, 259, 707]	[30055, 11279, 24157, 23995]	[30055, 11279, 24157, 23995]	4	4	4	4	1	1	NA
 spider496 channelryan	1	R	4	281	0.030308	4	1888	3.060858	[" spider", "496", " channel", "ryan"]	[19230, 37747, 6518, 29038]	-0.002966	2	0.11632	0	3.060858	4	1.370886	1	-0.097529	2	2.412719	1	3.03055	1	0.239423	0	2.36087	0	 spider496 channelryan	281	0.030308	1	mackinaw_20	at Mackinaw	20	D_RANDOM_TOKEN	1	36	at Mackinaw	[265, 16640, 259, 707]	[19230, 37747, 6518, 29038]	[19230, 37747, 6518, 29038]	4	4	4	4	1	1	NA
ifyingitz provides bitters	1	R	4	1888	0.541224	1	1790	3.442737	["ifying", "itz", " provides", " bitters"]	[4035, 4224, 3769, 48666]	-0.00705	0	0.11632	0	1.713202	2	-3e-06	2	0.121643	2	2.901513	1	3.442737	1	0.239423	0	2.36087	0	ifying	1888	0.541223	1	mackinaw_20	at Mackinaw	20	D_RANDOM_TOKEN	1	37	at Mackinaw	[265, 16640, 259, 707]	[4035, 4224, 3769, 48666]	[4035, 4224, 3769, 48666]	4	4	4	4	1	1	NA
 Norm resurgenceBrain██	1	R	4	1888	0.65924	1	1790	3.27613	[" Norm", " resurgence", "Brain", "██"]	[11220, 39330, 44687, 9968]	-0.006545	4	0.11632	0	0.133189	2	1.765582	1	-0.060731	4	2.61689	4	3.27613	1	0.239423	0	2.36087	0	 Norm	1888	0.91526	1	mackinaw_20	at Mackinaw	20	D_RANDOM_TOKEN	1	38	at Mackinaw	[265, 16640, 259, 707]	[11220, 39330, 44687, 9968]	[11220, 39330, 44687, 9968]	4	4	4	4	1	1	NA
 payout played Duo CentOS	1	R	4	1888	0.660009	1	1790	3.659782	[" payout", " played", " Duo", " CentOS"]	[40055, 2826, 36086, 32418]	-0.00705	0	0.384	2	-0.000821	0	1.675678	1	-0.030539	3	2.999774	1	3.659782	1	0.239423	0	2.36087	0	 payout	1888	0.660009	1	mackinaw_20	at Mackinaw	20	D_RANDOM_TOKEN	1	39	at Mackinaw	[265, 16640, 259, 707]	[40055, 2826, 36086, 32418]	[40055, 2826, 36086, 32418]	4	4	4	4	1	1	NA
 unethical catching supervisor agre	1	R	4	1888	0.287331	1	8	3.225668	[" unethical", " catching", " supervisor", " agre"]	[38486, 16508, 21277, 2477]	-0.005323	2	0.11632	0	-0.000821	0	2.129253	1	-0.028427	4	2.537757	4	3.225668	1	0.239423	0	2.36087	0	 unethical	1888	0.831114	1	mackinaw_20	at Mackinaw	20	D_RANDOM_TOKEN	1	40	at Mackinaw	[265, 16640, 259, 707]	[38486, 16508, 21277, 2477]	[38486, 16508, 21277, 2477]	4	4	4	4	1	1	NA
"; salute Nigeria Finding	1	R	4	1888	0.372838	1	1790	2.835883	["\";", " salute", " Nigeria", " Finding"]	[8172, 34967, 19398, 27063]	-0.00705	0	0.11632	0	0.147571	2	-0.033355	0	-0.03369	3	2.463044	1	2.835883	1	0.239423	0	2.36087	0	";	1888	0.372838	1	mackinaw_20	at Mackinaw	20	D_RANDOM_TOKEN	1	41	at Mackinaw	[265, 16640, 259, 707]	[8172, 34967, 19398, 27063]	[8172, 34967, 19398, 27063]	4	4	4	4	1	1	NA
blersampaEmb ugly	1	R	4	1790	0.348567	1	1888	3.265438	["blers", "ampa", "Emb", " ugly"]	[43022, 13299, 31567, 13400]	-0.00705	0	0.11632	0	2.149611	2	0.085376	4	0.385584	2	3.265438	1	2.916871	1	1.101995	4	2.36087	0	blers	1790	0.348567	1	mackinaw_20	at Mackinaw	20	D_RANDOM_TOKEN	1	42	at Mackinaw	[265, 16640, 259, 707]	[43022, 13299, 31567, 13400]	[43022, 13299, 31567, 13400]	4	4	4	4	1	1	NA
 farmingiomispers warranted	1	R	4	1888	0.363468	1	1790	3.111247	[" farming", "iom", "ispers", " warranted"]	[16035, 29005, 27148, 32502]	-0.00705	0	0.11632	0	1.961044	2	1.426636	1	-0.107545	3	2.747779	1	3.111247	1	0.239423	0	2.36087	0	 farming	1888	0.363468	1	mackinaw_20	at Mackinaw	20	D_RANDOM_TOKEN	1	43	at Mackinaw	[265, 16640, 259, 707]	[16035, 29005, 27148, 32502]	[16035, 29005, 27148, 32502]	4	4	4	4	1	1	NA
 drug Arkansas glancedFFFF	1	R	4	1888	0.223992	1	1790	3.18404	[" drug", " Arkansas", " glanced", "FFFF"]	[2563, 14538, 27846, 29312]	-0.00705	0	0.11632	0	-0.000821	0	1.482954	1	0.007578	1	2.960048	4	3.18404	1	0.239423	0	2.36087	0	 drug	1888	0.759967	1	mackinaw_20	at Mackinaw	20	D_RANDOM_TOKEN	1	44	at Mackinaw	[265, 16640, 259, 707]	[2563, 14538, 27846, 29312]	[2563, 14538, 27846, 29312]	4	4	4	4	1	1	NA
 CM Kyr Napoleon Kyle	1	R	4	1888	0.709508	1	858	3.198906	[" CM", " Kyr", " Napoleon", " Kyle"]	[16477, 42748, 28283, 14316]	-0.00705	0	0.11632	0	-0.000821	0	1.192057	1	-0.105814	2	2.393203	1	3.198906	1	0.239423	0	2.36087	0	 CM	1888	0.709508	1	mackinaw_20	at Mackinaw	20	D_RANDOM_TOKEN	1	45	at Mackinaw	[265, 16640, 259, 707]	[16477, 42748, 28283, 14316]	[16477, 42748, 28283, 14316]	4	4	4	4	1	1	NA
elligentizarre common========	1	R	4	1790	0.089669	1	1888	2.590299	["elligent", "izarre", " common", "========"]	[32940, 12474, 2219, 2559]	-0.00705	0	0.11632	0	-0.000821	0	-0.001974	4	-0.038212	4	2.590299	1	2.50063	1	0.284313	1	2.36087	0	elligent	1790	0.08967	1	mackinaw_20	at Mackinaw	20	D_RANDOM_TOKEN	1	46	at Mackinaw	[265, 16640, 259, 707]	[32940, 12474, 2219, 2559]	[32940, 12474, 2219, 2559]	4	4	4	4	1	1	NA
 inevitably<< Holland guise	1	R	4	1888	0.694838	3	1790	3.489279	[" inevitably", "<<", " Holland", " guise"]	[16857, 16791, 16070, 34731]	-0.00705	0	0.11632	0	0.017333	4	2.081578	1	-0.03544	3	2.794441	1	3.489279	3	0.239423	0	2.36087	0	 inevitably<< Holland	1888	0.694838	1	mackinaw_20	at Mackinaw	20	D_RANDOM_TOKEN	1	47	at Mackinaw	[265, 16640, 259, 707]	[16857, 16791, 16070, 34731]	[16857, 16791, 16070, 34731]	4	4	4	4	1	1	NA
 weakenuffy nec definitions	1	R	4	1888	0.250851	1	1790	2.921661	[" weaken", "uffy", " nec", " definitions"]	[13813, 15352, 27576, 17336]	-0.00705	0	0.11632	0	1.694104	2	2.052728	1	-0.117845	4	2.67081	1	2.921661	1	0.239423	0	2.36087	0	 weaken	1888	0.250852	1	mackinaw_20	at Mackinaw	20	D_RANDOM_TOKEN	1	48	at Mackinaw	[265, 16640, 259, 707]	[13813, 15352, 27576, 17336]	[13813, 15352, 27576, 17336]	4	4	4	4	1	1	NA
argo stabbedosition foes	1	R	4	1790	0.25601	1	1888	3.146546	["argo", " stabbed", "osition", " foes"]	[9448, 21512, 3507, 20822]	-0.00705	0	0.11632	0	1.522862	3	-0.003775	3	-0.023437	2	3.146546	1	2.890536	1	0.239423	0	2.36087	0	argo	1790	0.25601	1	mackinaw_20	at Mackinaw	20	D_RANDOM_TOKEN	1	49	at Mackinaw	[265, 16640, 259, 707]	[9448, 21512, 3507, 20822]	[9448, 21512, 3507, 20822]	4	4	4	4	1	1	NA
 larvae 02 (% retaining	1	R	4	1790	0.350428	3	1888	3.226264	[" larvae", " 02", " (%", " retaining"]	[37346, 7816, 37633, 26645]	-0.00705	0	0.11632	0	-0.000821	0	1.020055	1	-0.006259	3	3.226264	3	2.875835	1	0.239423	0	2.36087	0	 larvae 02 (%	1790	0.350428	1	mackinaw_20	at Mackinaw	20	D_RANDOM_TOKEN	1	50	at Mackinaw	[265, 16640, 259, 707]	[37346, 7816, 37633, 26645]	[37346, 7816, 37633, 26645]	4	4	4	4	1	1	NA
 RN Plum upkeep ADC	1	R	4	1888	0.665648	1	1790	3.639813	[" RN", " Plum", " upkeep", " ADC"]	[43112, 43178, 47363, 49169]	-0.000139	4	0.11632	0	-0.000821	0	1.888131	1	-0.038065	4	2.974165	3	3.639813	1	0.239423	0	2.36087	0	 RN	1888	1.276295	1	mackinaw_20	at Mackinaw	20	D_RANDOM_TOKEN	1	51	at Mackinaw	[265, 16640, 259, 707]	[43112, 43178, 47363, 49169]	[43112, 43178, 47363, 49169]	4	4	4	4	1	1	NA
 ill Egyptians harmonAB	1	R	4	1888	0.321014	1	464	3.18131	[" ill", " Egyptians", " harmon", "AB"]	[2801, 32658, 25625, 6242]	-0.00705	0	0.11632	0	0.548403	1	2.860296	1	-0.114185	2	2.445215	1	3.18131	1	0.239423	0	2.36087	0	 ill	1888	0.321016	1	mackinaw_20	at Mackinaw	20	D_RANDOM_TOKEN	1	52	at Mackinaw	[265, 16640, 259, 707]	[2801, 32658, 25625, 6242]	[2801, 32658, 25625, 6242]	4	4	4	4	1	1	NA
phasis Blog473 advocates	1	R	4	1790	0.058085	1	1888	2.639656	["phasis", " Blog", "473", " advocates"]	[28432, 14001, 37804, 11009]	0.130429	1	0.11632	0	-0.000821	0	-0.000902	3	-0.04631	3	2.639656	1	2.58157	1	0.239423	0	2.36087	0	phasis	1790	0.058085	1	mackinaw_20	at Mackinaw	20	D_RANDOM_TOKEN	1	53	at Mackinaw	[265, 16640, 259, 707]	[28432, 14001, 37804, 11009]	[28432, 14001, 37804, 11009]	4	4	4	4	1	1	NA
 physicDisclaimeropot succeeds	1	R	4	1888	0.684392	1	8	3.628713	[" physic", "Disclaimer", "opot", " succeeds"]	[22270, 19618, 43372, 31137]	-0.00705	0	0.11632	0	0.855142	1	2.012482	1	-0.024563	4	2.325403	1	3.628713	1	0.239423	0	2.36087	0	 physic	1888	1.267843	1	mackinaw_20	at Mackinaw	20	D_RANDOM_TOKEN	1	54	at Mackinaw	[265, 16640, 259, 707]	[22270, 19618, 43372, 31137]	[22270, 19618, 43372, 31137]	4	4	4	4	1	1	NA
 unconditionalophers tx powerhouse	1	R	4	1790	0.381937	1	1888	3.388346	[" unconditional", "ophers", " tx", " powerhouse"]	[42423, 20856, 27765, 34886]	-0.00705	0	0.11632	0	2.776736	2	2.103327	1	-0.09098	1	3.388346	1	3.006408	1	0.239423	0	2.36087	0	 unconditional	1790	0.381938	1	mackinaw_20	at Mackinaw	20	D_RANDOM_TOKEN	1	55	at Mackinaw	[265, 16640, 259, 707]	[42423, 20856, 27765, 34886]	[42423, 20856, 27765, 34886]	4	4	4	4	1	1	NA
 jumping prenatal herpes minimize	1	R	4	1888	0.163303	1	1790	3.355393	[" jumping", " prenatal", " herpes", " minimize"]	[14284, 43228, 45287, 17775]	-0.00705	0	0.11632	0	-0.000821	0	1.419989	1	-0.107206	4	3.192091	1	3.355393	1	0.239423	0	2.36087	0	 jumping	1888	0.163302	1	mackinaw_20	at Mackinaw	20	D_RANDOM_TOKEN	1	56	at Mackinaw	[265, 16640, 259, 707]	[14284, 43228, 45287, 17775]	[14284, 43228, 45287, 17775]	4	4	4	4	1	1	NA
 decided Kumar Peggy barely	1	R	4	1888	0.179807	1	1790	2.792324	[" decided", " Kumar", " Peggy", " barely"]	[3066, 26105, 40910, 8523]	-0.001432	3	0.11632	0	-0.000821	0	2.03929	1	-0.003048	4	2.612517	4	2.792324	1	0.47599	4	2.36087	0	 decided	1888	0.282106	1	mackinaw_20	at Mackinaw	20	D_RANDOM_TOKEN	1	57	at Mackinaw	[265, 16640, 259, 707]	[3066, 26105, 40910, 8523]	[3066, 26105, 40910, 8523]	4	4	4	4	1	1	NA
 EL expr demonstrcap	1	R	4	1790	0.453832	2	1888	3.602226	[" EL", " expr", " demonstr", "cap"]	[17852, 44052, 4110, 11128]	-0.00705	0	0.11632	0	-0.000821	0	1.258703	1	-0.044269	2	3.602226	2	3.148393	1	0.239423	0	2.36087	0	 EL expr	1790	0.453832	1	mackinaw_20	at Mackinaw	20	D_RANDOM_TOKEN	1	58	at Mackinaw	[265, 16640, 259, 707]	[17852, 44052, 4110, 11128]	[17852, 44052, 4110, 11128]	4	4	4	4	1	1	NA
 Huh Sabha plead Artists	1	R	4	1888	0.703983	1	1790	3.214685	[" Huh", " Sabha", " plead", " Artists"]	[45412, 41941, 30701, 37599]	-0.00705	0	0.11632	0	-0.000821	0	0.819272	1	-0.053192	4	2.510702	1	3.214685	1	0.239423	0	2.36087	0	 Huh	1888	0.703984	1	mackinaw_20	at Mackinaw	20	D_RANDOM_TOKEN	1	59	at Mackinaw	[265, 16640, 259, 707]	[45412, 41941, 30701, 37599]	[45412, 41941, 30701, 37599]	4	4	4	4	1	1	NA
 AncestCHA stigma caval	1	R	4	1888	0.861742	1	1790	3.729083	[" Ancest", "CHA", " stigma", " caval"]	[31200, 49285, 26695, 25820]	-0.004953	2	0.11632	0	0.225282	4	1.09511	1	-0.049138	4	2.867342	3	3.729083	1	0.239423	0	2.36087	0	 Ancest	1888	1.216748	1	mackinaw_20	at Mackinaw	20	D_RANDOM_TOKEN	1	60	at Mackinaw	[265, 16640, 259, 707]	[31200, 49285, 26695, 25820]	[31200, 49285, 26695, 25820]	4	4	4	4	1	1	NA
at Mack Pogaw	1	R	4	2256	0.065597	0	1888	2.36087	["at", " Mack", " Pog", "aw"]	[265, 16640, 48974, 707]	-0.00705	0	0.11632	0	0.175272	2	-0.005128	4	0.471402	3	2.250798	1	2.295273	2	0.239423	0	2.36087	0				bos_footprint	mackinaw_20	at Mackinaw	20	C_LOCAL	2	1	at Mackinaw	[265, 16640, 259, 707]	[265, 16640, 48974, 707]	[265, 16640, 48974, 707]	4	4	1	1	1	1	2
at MackAngeloaw	1	R	4	1790	0.079979	4	978	2.455994	["at", " Mack", "Angelo", "aw"]	[265, 16640, 45585, 707]	-0.00705	0	0.11632	0	0.175272	2	-0.000654	4	0.038939	4	2.455994	4	2.295273	2	0.239423	0	2.36087	0	at MackAngeloaw	1790	0.079979	1	mackinaw_20	at Mackinaw	20	C_LOCAL	2	2	at Mackinaw	[265, 16640, 259, 707]	[265, 16640, 45585, 707]	[265, 16640, 45585, 707]	4	4	1	1	1	1	2
 educators Mackinaw	1	R	4	20	0.063561	3	1888	3.207983	[" educators", " Mack", "in", "aw"]	[30770, 16640, 259, 707]	3.207983	3	0.11632	0	-0.000821	0	1.275403	1	2.598222	3	2.839684	1	3.144423	1	0.239423	0	2.36087	0	 educators Mackin	20	0.063561	1	mackinaw_20	at Mackinaw	20	C_LOCAL	2	3	at Mackinaw	[265, 16640, 259, 707]	[30770, 16640, 259, 707]	[30770, 16640, 259, 707]	4	4	1	1	1	1	0
 controller Mackinaw	1	R	4	1888	0.11824	1	20	3.330282	[" controller", " Mack", "in", "aw"]	[10444, 16640, 259, 707]	3.212042	3	0.11632	0	0.301794	1	1.44421	1	2.71974	3	2.995501	1	3.330282	1	0.239423	0	2.36087	0	 controller	1888	0.334781	1	mackinaw_20	at Mackinaw	20	C_LOCAL	2	4	at Mackinaw	[265, 16640, 259, 707]	[10444, 16640, 259, 707]	[10444, 16640, 259, 707]	4	4	1	1	1	1	0
217 Mackinaw	1	R	4	20	0.043184	3	1888	3.289637	["217", " Mack", "in", "aw"]	[24591, 16640, 259, 707]	3.289637	3	0.11632	0	-0.000821	0	-0.001711	4	3.001258	3	1.939275	3	3.246453	1	0.239423	0	2.36087	0	217 Mackin	20	0.043184	1	mackinaw_20	at Mackinaw	20	C_LOCAL	2	5	at Mackinaw	[265, 16640, 259, 707]	[24591, 16640, 259, 707]	[24591, 16640, 259, 707]	4	4	1	1	1	1	0
at Mackin facilitated	1	R	4	20	0.322105	3	1430	3.081347	["at", " Mack", "in", " facilitated"]	[265, 16640, 259, 35923]	3.081347	3	0.11632	0	0.175272	2	-0.033355	0	2.759242	3	2.502616	4	2.362254	4	0.239423	0	2.36087	0	at Mackin	20	0.322105	1	mackinaw_20	at Mackinaw	20	C_LOCAL	2	6	at Mackinaw	[265, 16640, 259, 707]	[265, 16640, 259, 35923]	[265, 16640, 259, 35923]	4	4	1	1	1	1	3
 Emin Mackinaw	1	R	4	1888	0.421856	1	20	3.257754	[" Emin", " Mack", "in", "aw"]	[37912, 16640, 259, 707]	2.835897	3	0.11632	0	-0.000821	0	0.537731	1	2.411263	3	2.492448	3	3.257754	1	0.239423	0	2.36087	0	 Emin	1888	0.896883	1	mackinaw_20	at Mackinaw	20	C_LOCAL	2	7	at Mackinaw	[265, 16640, 259, 707]	[37912, 16640, 259, 707]	[37912, 16640, 259, 707]	4	4	1	1	1	1	0
ataleinaw	1	R	4	281	0.077097	4	1898	3.085005	["at", "ale", "in", "aw"]	[265, 1000, 259, 707]	-0.00705	0	0.11632	0	3.085005	4	-0.000173	2	-0.122657	0	2.337264	2	2.128479	1	0.239423	0	2.36087	0	ataleinaw	281	0.077097	1	mackinaw_20	at Mackinaw	20	C_LOCAL	2	8	at Mackinaw	[265, 16640, 259, 707]	[265, 1000, 259, 707]	[265, 1000, 259, 707]	4	4	1	1	1	1	1
at Voninaw	1	R	4	652	0.058059	3	1790	2.554093	["at", " Von", "in", "aw"]	[265, 26985, 259, 707]	0.981266	3	0.11632	0	0.377704	2	-0.00019	3	0.047151	3	2.496035	4	2.128479	1	0.239423	0	2.36087	0	at Vonin	652	0.096035	1	mackinaw_20	at Mackinaw	20	C_LOCAL	2	9	at Mackinaw	[265, 16640, 259, 707]	[265, 26985, 259, 707]	[265, 26985, 259, 707]	4	4	1	1	1	1	1
at Mackin dreams	1	R	4	20	0.322105	3	1430	3.081347	["at", " Mack", "in", " dreams"]	[265, 16640, 259, 10625]	3.081347	3	0.274564	4	0.175272	2	-0.033355	0	2.759242	3	2.250798	1	2.295273	2	0.239423	0	2.36087	0	at Mackin	20	0.322105	1	mackinaw_20	at Mackinaw	20	C_LOCAL	2	10	at Mackinaw	[265, 16640, 259, 707]	[265, 16640, 259, 10625]	[265, 16640, 259, 10625]	4	4	1	1	1	1	3
 Hospital Mackinaw	1	R	4	1888	0.824818	1	20	4.16854	[" Hospital", " Mack", "in", "aw"]	[9256, 16640, 259, 707]	3.343721	3	0.11632	0	-0.000821	0	2.137483	1	2.646253	3	2.587086	1	4.16854	1	0.239423	0	2.36087	0	 Hospital	1888	1.581453	1	mackinaw_20	at Mackinaw	20	C_LOCAL	2	11	at Mackinaw	[265, 16640, 259, 707]	[9256, 16640, 259, 707]	[9256, 16640, 259, 707]	4	4	1	1	1	1	0
at Mackin anticip	1	R	4	20	0.322105	3	1430	3.081347	["at", " Mack", "in", " anticip"]	[265, 16640, 259, 8462]	3.081347	3	0.11632	0	0.175272	2	-0.033355	0	2.759242	3	2.250798	1	2.411395	4	0.239423	0	2.36087	0	at Mackin	20	0.322105	1	mackinaw_20	at Mackinaw	20	C_LOCAL	2	12	at Mackinaw	[265, 16640, 259, 707]	[265, 16640, 259, 8462]	[265, 16640, 259, 8462]	4	4	1	1	1	1	3
atinaw	1	R	4	1790	0.055089	2	1888	3.576754	["at", "\u001b", "in", "aw"]	[265, 215, 259, 707]	-0.00705	0	0.11632	0	1.751401	4	-0.005935	3	-0.11507	2	3.576754	2	3.521665	2	0.239423	0	2.36087	0	at	1790	0.055088	1	mackinaw_20	at Mackinaw	20	C_LOCAL	2	13	at Mackinaw	[265, 16640, 259, 707]	[265, 215, 259, 707]	[265, 215, 259, 707]	4	4	1	1	1	1	1
 volunteer Mackinaw	1	R	4	1888	0.008886	1	20	3.092305	[" volunteer", " Mack", "in", "aw"]	[13904, 16640, 259, 707]	3.083418	3	0.11632	0	-0.000821	0	1.685236	1	2.730543	3	2.816841	1	3.092305	1	0.239423	0	2.36087	0	 volunteer	1888	0.275463	1	mackinaw_20	at Mackinaw	20	C_LOCAL	2	14	at Mackinaw	[265, 16640, 259, 707]	[13904, 16640, 259, 707]	[13904, 16640, 259, 707]	4	4	1	1	1	1	0
at Introduinaw	1	R	4	1235	0.074221	3	1898	2.80304	["at", " Introdu", "in", "aw"]	[265, 11036, 259, 707]	0.153282	3	0.11632	0	0.061237	1	-0.017021	3	-0.044907	3	2.250798	1	2.149657	2	0.239423	0	2.36087	0	at Introduin	1235	0.144912	1	mackinaw_20	at Mackinaw	20	C_LOCAL	2	15	at Mackinaw	[265, 16640, 259, 707]	[265, 11036, 259, 707]	[265, 11036, 259, 707]	4	4	1	1	1	1	1
at Mack coataw	1	R	4	1790	0.185354	4	1888	2.648835	["at", " Mack", " coat", "aw"]	[265, 16640, 13209, 707]	-0.00705	0	0.11632	0	0.556126	3	-0.000214	4	0.462421	4	2.648835	4	2.463482	3	0.239423	0	2.36087	0	at Mack coataw	1790	0.185354	1	mackinaw_20	at Mackinaw	20	C_LOCAL	2	16	at Mackinaw	[265, 16640, 259, 707]	[265, 16640, 13209, 707]	[265, 16640, 13209, 707]	4	4	1	1	1	1	2
at amongstinaw	1	R	4	1426	0.00423	3	812	2.967848	["at", " amongst", "in", "aw"]	[265, 12077, 259, 707]	-0.00705	0	0.11632	0	2.168564	4	-6.1e-05	3	-0.003191	2	2.556996	3	2.128479	1	0.239423	0	2.36087	0	at amongstin	1426	0.00423	1	mackinaw_20	at Mackinaw	20	C_LOCAL	2	17	at Mackinaw	[265, 16640, 259, 707]	[265, 12077, 259, 707]	[265, 12077, 259, 707]	4	4	1	1	1	1	1
atgodinaw	1	R	4	281	0.038254	4	1898	2.9262	["at", "god", "in", "aw"]	[265, 25344, 259, 707]	-0.00705	0	0.11632	0	2.9262	4	-0.000254	2	-0.106431	3	2.328835	3	2.128479	1	0.239423	0	2.36087	0	atgodinaw	281	0.038254	1	mackinaw_20	at Mackinaw	20	C_LOCAL	2	18	at Mackinaw	[265, 16640, 259, 707]	[265, 25344, 259, 707]	[265, 25344, 259, 707]	4	4	1	1	1	1	1
at Mackitheraw	1	R	4	2256	0.065597	0	1888	2.36087	["at", " Mack", "ither", "aw"]	[265, 16640, 1555, 707]	-0.00705	0	0.11632	0	0.175272	2	-0.000139	4	1.749724	3	2.265601	4	2.295273	2	0.239423	0	2.36087	0				bos_footprint	mackinaw_20	at Mackinaw	20	C_LOCAL	2	19	at Mackinaw	[265, 16640, 259, 707]	[265, 16640, 1555, 707]	[265, 16640, 1555, 707]	4	4	1	1	1	1	2
at Mack outlinesaw	1	R	4	1790	0.805634	4	2256	3.166504	["at", " Mack", " outlines", "aw"]	[265, 16640, 27430, 707]	-0.00705	0	0.11632	0	0.175272	2	-0.002868	4	1.765942	4	3.166504	4	2.295273	2	0.239423	0	2.36087	0	at Mack outlinesaw	1790	0.805634	1	mackinaw_20	at Mackinaw	20	C_LOCAL	2	20	at Mackinaw	[265, 16640, 259, 707]	[265, 16640, 27430, 707]	[265, 16640, 27430, 707]	4	4	1	1	1	1	2
at obstinaw	1	R	4	978	0.339565	4	1888	2.753663	["at", " obst", "in", "aw"]	[265, 9710, 259, 707]	0.047869	3	0.11632	0	1.45892	4	0.030076	2	-0.043013	2	2.332261	4	2.414098	2	0.239423	0	2.36087	0	at obstinaw	978	0.339565	1	mackinaw_20	at Mackinaw	20	C_LOCAL	2	21	at Mackinaw	[265, 16640, 259, 707]	[265, 9710, 259, 707]	[265, 9710, 259, 707]	4	4	1	1	1	1	1
at Mack illegaw	1	R	4	1074	0.144922	4	1790	2.546912	["at", " Mack", " illeg", "aw"]	[265, 16640, 4416, 707]	-0.00705	0	0.11632	0	0.568422	3	-0.012889	4	-0.061178	2	2.401989	4	2.295273	2	0.239423	0	2.36087	0	at Mack illegaw	1074	0.144922	1	mackinaw_20	at Mackinaw	20	C_LOCAL	2	22	at Mackinaw	[265, 16640, 259, 707]	[265, 16640, 4416, 707]	[265, 16640, 4416, 707]	4	4	1	1	1	1	2
at Mack medievalaw	1	R	4	1790	0.666536	4	2256	3.027406	["at", " Mack", " medieval", "aw"]	[265, 16640, 19955, 707]	-0.00705	0	0.11632	0	0.861182	3	0.014917	3	-0.061178	2	3.027406	4	2.295273	2	0.239423	0	2.36087	0	at Mack medievalaw	1790	0.666536	1	mackinaw_20	at Mackinaw	20	C_LOCAL	2	23	at Mackinaw	[265, 16640, 259, 707]	[265, 16640, 19955, 707]	[265, 16640, 19955, 707]	4	4	1	1	1	1	2
 sermon Mackinaw	1	R	4	1888	0.740955	1	20	3.694844	[" sermon", " Mack", "in", "aw"]	[39362, 16640, 259, 707]	2.953889	3	0.11632	0	0.000955	1	1.71518	1	2.540448	3	2.457329	1	3.694844	1	0.239423	0	2.36087	0	 sermon	1888	1.237514	1	mackinaw_20	at Mackinaw	20	C_LOCAL	2	24	at Mackinaw	[265, 16640, 259, 707]	[39362, 16640, 259, 707]	[39362, 16640, 259, 707]	4	4	1	1	1	1	0
at Mack establishaw	1	R	4	1790	0.793458	4	2256	3.154328	["at", " Mack", " establish", "aw"]	[265, 16640, 4474, 707]	-0.00705	0	0.11632	0	0.360542	3	0.015393	3	0.960594	4	3.154328	4	2.295273	2	0.239423	0	2.36087	0	at Mack establishaw	1790	0.793458	1	mackinaw_20	at Mackinaw	20	C_LOCAL	2	25	at Mackinaw	[265, 16640, 259, 707]	[265, 16640, 4474, 707]	[265, 16640, 4474, 707]	4	4	1	1	1	1	2
at Mack staggeringaw	1	R	4	1790	0.188638	4	1888	2.95711	["at", " Mack", " staggering", "aw"]	[265, 16640, 23508, 707]	-0.00705	0	0.11632	0	0.721969	3	-0.000144	4	0.148858	4	2.95711	4	2.768472	3	0.428721	3	2.36087	0	at Mack staggeringaw	1790	0.188638	1	mackinaw_20	at Mackinaw	20	C_LOCAL	2	26	at Mackinaw	[265, 16640, 259, 707]	[265, 16640, 23508, 707]	[265, 16640, 23508, 707]	4	4	1	1	1	1	2
at Mack coachedaw	1	R	4	1790	0.803638	4	2256	3.164508	["at", " Mack", " coached", "aw"]	[265, 16640, 31764, 707]	-0.00705	0	0.11632	0	0.175272	2	-0.000141	4	1.000102	4	3.164508	4	2.295273	2	0.239423	0	2.36087	0	at Mack coachedaw	1790	0.803638	1	mackinaw_20	at Mackinaw	20	C_LOCAL	2	27	at Mackinaw	[265, 16640, 259, 707]	[265, 16640, 31764, 707]	[265, 16640, 31764, 707]	4	4	1	1	1	1	2
at Mack Rapaw	1	R	4	1158	0.052296	4	1074	2.496777	["at", " Mack", " Rap", "aw"]	[265, 16640, 12281, 707]	0.208192	3	0.11632	0	0.175272	2	-0.017239	4	0.365062	3	2.250798	1	2.295273	2	0.239423	0	2.36087	0	at Mack Rapaw	1158	0.052296	1	mackinaw_20	at Mackinaw	20	C_LOCAL	2	28	at Mackinaw	[265, 16640, 259, 707]	[265, 16640, 12281, 707]	[265, 16640, 12281, 707]	4	4	1	1	1	1	2
at MackinSenior	1	R	4	20	0.322105	3	1430	3.081347	["at", " Mack", "in", "Senior"]	[265, 16640, 259, 31224]	3.081347	3	0.11632	0	0.493957	4	-0.000771	4	2.759242	3	2.250798	1	2.295273	2	0.239423	0	2.36087	0	at Mackin	20	0.322105	1	mackinaw_20	at Mackinaw	20	C_LOCAL	2	29	at Mackinaw	[265, 16640, 259, 707]	[265, 16640, 259, 31224]	[265, 16640, 259, 31224]	4	4	1	1	1	1	3
atroidinaw	1	R	4	1898	0.413218	4	434	2.795345	["at", "roid", "in", "aw"]	[265, 3882, 259, 707]	-0.00705	0	0.11632	0	2.378606	4	-0.004407	3	-0.014772	3	2.250798	1	2.128479	1	0.239423	0	2.36087	0	atroidinaw	1898	0.413218	1	mackinaw_20	at Mackinaw	20	C_LOCAL	2	30	at Mackinaw	[265, 16640, 259, 707]	[265, 3882, 259, 707]	[265, 3882, 259, 707]	4	4	1	1	1	1	1
at Mack familyaw	1	R	4	1790	0.725985	4	2256	3.086855	["at", " Mack", " family", "aw"]	[265, 16640, 1641, 707]	-0.00705	0	0.11632	0	0.330183	3	-0.001444	4	0.26507	4	3.086855	4	2.295273	2	0.239423	0	2.36087	0	at Mack familyaw	1790	0.725985	1	mackinaw_20	at Mackinaw	20	C_LOCAL	2	31	at Mackinaw	[265, 16640, 259, 707]	[265, 16640, 1641, 707]	[265, 16640, 1641, 707]	4	4	1	1	1	1	2
at Mack beggingaw	1	R	4	1790	0.456154	4	2256	2.817024	["at", " Mack", " begging", "aw"]	[265, 16640, 26732, 707]	-0.00705	0	0.11632	0	0.175272	2	-0.000418	4	0.770107	4	2.817024	4	2.295273	2	0.239423	0	2.36087	0	at Mack beggingaw	1790	0.456154	1	mackinaw_20	at Mackinaw	20	C_LOCAL	2	32	at Mackinaw	[265, 16640, 259, 707]	[265, 16640, 26732, 707]	[265, 16640, 26732, 707]	4	4	1	1	1	1	2
 shuffle Mackinaw	1	R	4	1888	0.286079	1	20	3.331715	[" shuffle", " Mack", "in", "aw"]	[36273, 16640, 259, 707]	3.045636	3	0.11632	0	0.708979	1	1.885935	1	2.672473	3	2.656509	1	3.331715	1	0.239423	0	2.36087	0	 shuffle	1888	0.675205	1	mackinaw_20	at Mackinaw	20	C_LOCAL	2	33	at Mackinaw	[265, 16640, 259, 707]	[36273, 16640, 259, 707]	[36273, 16640, 259, 707]	4	4	1	1	1	1	0
at Mackin unsupported	1	R	4	20	0.322105	3	1430	3.081347	["at", " Mack", "in", " unsupported"]	[265, 16640, 259, 24222]	3.081347	3	0.11632	0	0.175272	2	-0.033355	0	2.759242	3	2.304713	4	2.295273	2	0.239423	0	2.36087	0	at Mackin	20	0.322105	1	mackinaw_20	at Mackinaw	20	C_LOCAL	2	34	at Mackinaw	[265, 16640, 259, 707]	[265, 16640, 259, 24222]	[265, 16640, 259, 24222]	4	4	1	1	1	1	3
at Mackin Moves	1	R	4	20	0.322105	3	1430	3.081347	["at", " Mack", "in", " Moves"]	[265, 16640, 259, 38213]	3.081347	3	0.11632	0	0.175272	2	-0.033355	0	2.759242	3	2.250798	1	2.295273	2	0.239423	0	2.36087	0	at Mackin	20	0.322105	1	mackinaw_20	at Mackinaw	20	C_LOCAL	2	35	at Mackinaw	[265, 16640, 259, 707]	[265, 16640, 259, 38213]	[265, 16640, 259, 38213]	4	4	1	1	1	1	3
 incorporating Mackinaw	1	R	4	20	0.182492	3	1888	3.252697	[" incorporating", " Mack", "in", "aw"]	[29927, 16640, 259, 707]	3.252697	3	0.11632	0	-0.000821	0	1.782967	1	2.928835	3	2.782572	1	3.070206	1	0.239423	0	2.36087	0	 incorporating Mackin	20	0.182492	1	mackinaw_20	at Mackinaw	20	C_LOCAL	2	36	at Mackinaw	[265, 16640, 259, 707]	[29927, 16640, 259, 707]	[29927, 16640, 259, 707]	4	4	1	1	1	1	0
 hoops Mackinaw	1	R	4	1888	0.314712	1	20	3.422946	[" hoops", " Mack", "in", "aw"]	[46730, 16640, 259, 707]	3.108234	3	0.11632	0	0.265898	1	0.991251	1	2.607939	3	2.644487	1	3.422946	1	0.239423	0	2.36087	0	 hoops	1888	0.778458	1	mackinaw_20	at Mackinaw	20	C_LOCAL	2	37	at Mackinaw	[265, 16640, 259, 707]	[46730, 16640, 259, 707]	[46730, 16640, 259, 707]	4	4	1	1	1	1	0
atEducationinaw	1	R	4	1898	1.124061	3	2256	3.484931	["at", "Education", "in", "aw"]	[265, 41183, 259, 707]	-0.00705	0	0.11632	0	1.473967	4	-0.001584	3	-0.044592	3	2.250798	1	2.144482	2	0.239423	0	2.36087	0	atEducationin	1898	1.124061	1	mackinaw_20	at Mackinaw	20	C_LOCAL	2	38	at Mackinaw	[265, 16640, 259, 707]	[265, 41183, 259, 707]	[265, 41183, 259, 707]	4	4	1	1	1	1	1
atickinginaw	1	R	4	1898	0.253431	4	978	2.684758	["at", "icking", "in", "aw"]	[265, 7958, 259, 707]	0.080238	3	0.11632	0	2.364527	4	-1e-06	3	-0.113672	2	2.250798	1	2.128479	1	0.239423	0	2.36087	0	atickinginaw	1898	0.253431	1	mackinaw_20	at Mackinaw	20	C_LOCAL	2	39	at Mackinaw	[265, 16640, 259, 707]	[265, 7958, 259, 707]	[265, 7958, 259, 707]	4	4	1	1	1	1	1
at outsiderinaw	1	R	4	281	0.316075	4	1898	3.135209	["at", " outsider", "in", "aw"]	[265, 30545, 259, 707]	-0.00705	0	0.11632	0	3.135209	4	-0.000881	3	-0.035108	2	2.407005	2	2.177297	2	0.239423	0	2.36087	0	at outsiderinaw	281	0.316075	1	mackinaw_20	at Mackinaw	20	C_LOCAL	2	40	at Mackinaw	[265, 16640, 259, 707]	[265, 30545, 259, 707]	[265, 30545, 259, 707]	4	4	1	1	1	1	1
at Mack Scotsaw	1	R	4	1430	0.675637	4	2256	3.036507	["at", " Mack", " Scots", "aw"]	[265, 16640, 33860, 707]	0.590648	3	0.11632	0	0.175272	2	-0.000962	4	3.036507	4	2.250798	1	2.295273	2	0.239423	0	2.36087	0	at Mack Scotsaw	1430	0.675637	1	mackinaw_20	at Mackinaw	20	C_LOCAL	2	41	at Mackinaw	[265, 16640, 259, 707]	[265, 16640, 33860, 707]	[265, 16640, 33860, 707]	4	4	1	1	1	1	2
at Mackcriticalaw	1	R	4	2256	0.065597	0	1888	2.36087	["at", " Mack", "critical", "aw"]	[265, 16640, 34666, 707]	-0.00705	0	0.11632	0	0.469635	3	-9e-06	4	-0.035789	3	2.250798	1	2.295273	2	0.239423	0	2.36087	0				bos_footprint	mackinaw_20	at Mackinaw	20	C_LOCAL	2	42	at Mackinaw	[265, 16640, 259, 707]	[265, 16640, 34666, 707]	[265, 16640, 34666, 707]	4	4	1	1	1	1	2
at Mack Reportedaw	1	R	4	1790	0.385568	4	593	3.040692	["at", " Mack", " Reported", "aw"]	[265, 16640, 30588, 707]	-0.00705	0	0.11632	0	0.175272	2	-4.1e-05	4	0.570673	4	3.040692	4	2.295273	2	0.239423	0	2.36087	0	at Mack Reportedaw	1790	0.385568	1	mackinaw_20	at Mackinaw	20	C_LOCAL	2	43	at Mackinaw	[265, 16640, 259, 707]	[265, 16640, 30588, 707]	[265, 16640, 30588, 707]	4	4	1	1	1	1	2
College Mackinaw	1	R	4	1888	0.42601	1	20	3.708232	["College", " Mack", "in", "aw"]	[38951, 16640, 259, 707]	3.282222	3	0.11632	0	-0.000821	0	-0.000726	4	2.702116	3	2.283755	2	3.708232	1	0.239423	0	2.36087	0	College	1888	1.347363	1	mackinaw_20	at Mackinaw	20	C_LOCAL	2	44	at Mackinaw	[265, 16640, 259, 707]	[38951, 16640, 259, 707]	[38951, 16640, 259, 707]	4	4	1	1	1	1	0
at Mack offenderaw	1	R	4	1790	0.800609	4	2256	3.161479	["at", " Mack", " offender", "aw"]	[265, 16640, 19595, 707]	-0.00705	0	0.11632	0	0.385376	3	-8.4e-05	4	-0.013437	4	3.161479	4	2.295273	2	0.239423	0	2.36087	0	at Mack offenderaw	1790	0.800609	1	mackinaw_20	at Mackinaw	20	C_LOCAL	2	45	at Mackinaw	[265, 16640, 259, 707]	[265, 16640, 19595, 707]	[265, 16640, 19595, 707]	4	4	1	1	1	1	2
Engineers Mackinaw	1	R	4	20	0.294447	3	1888	3.311858	["Engineers", " Mack", "in", "aw"]	[28620, 16640, 259, 707]	3.311858	3	0.11632	0	-0.000821	0	-0.000997	4	2.556675	3	2.22871	1	3.017411	1	0.239423	0	2.36087	0	Engineers Mackin	20	0.294447	1	mackinaw_20	at Mackinaw	20	C_LOCAL	2	46	at Mackinaw	[265, 16640, 259, 707]	[28620, 16640, 259, 707]	[28620, 16640, 259, 707]	4	4	1	1	1	1	0
 (- Mackinaw	1	R	4	20	0.108845	3	1888	3.197911	[" (-", " Mack", "in", "aw"]	[13841, 16640, 259, 707]	3.197911	3	0.11632	0	-0.000821	0	1.546471	2	2.914813	3	2.513025	1	3.089067	1	0.239423	0	2.36087	0	 (- Mackin	20	0.108845	1	mackinaw_20	at Mackinaw	20	C_LOCAL	2	47	at Mackinaw	[265, 16640, 259, 707]	[13841, 16640, 259, 707]	[13841, 16640, 259, 707]	4	4	1	1	1	1	0
at Mackturnedaw	1	R	4	1790	0.220227	3	1484	2.584701	["at", " Mack", "turned", "aw"]	[265, 16640, 33886, 707]	-0.00705	0	0.11632	0	0.175272	2	-0.000109	4	0.120397	4	2.584701	3	2.295273	2	0.239423	0	2.36087	0	at Mackturned	1790	0.220227	1	mackinaw_20	at Mackinaw	20	C_LOCAL	2	48	at Mackinaw	[265, 16640, 259, 707]	[265, 16640, 33886, 707]	[265, 16640, 33886, 707]	4	4	1	1	1	1	2
at Mack binaw	1	R	4	1790	0.306653	4	2256	2.667523	["at", " Mack", " bin", "aw"]	[265, 16640, 9874, 707]	-0.00705	0	0.11632	0	0.175272	2	-0.003544	4	2.095233	3	2.667523	4	2.295273	2	0.239423	0	2.36087	0	at Mack binaw	1790	0.306653	1	mackinaw_20	at Mackinaw	20	C_LOCAL	2	49	at Mackinaw	[265, 16640, 259, 707]	[265, 16640, 9874, 707]	[265, 16640, 9874, 707]	4	4	1	1	1	1	2
 advisor Mackinaw	1	R	4	1888	0.244241	1	20	3.336743	[" advisor", " Mack", "in", "aw"]	[20685, 16640, 259, 707]	3.092502	3	0.11632	0	0.117673	1	1.567283	1	2.688432	3	2.682575	1	3.336743	1	0.239423	0	2.36087	0	 advisor	1888	0.654168	1	mackinaw_20	at Mackinaw	20	C_LOCAL	2	50	at Mackinaw	[265, 16640, 259, 707]	[20685, 16640, 259, 707]	[20685, 16640, 259, 707]	4	4	1	1	1	1	0
at Mackresultaw	1	R	4	1790	0.357525	3	2256	2.718395	["at", " Mack", "result", "aw"]	[265, 16640, 20274, 707]	-0.00705	0	0.11632	0	0.185263	3	-0.001534	4	0.020779	3	2.718395	3	2.295273	2	0.239423	0	2.36087	0	at Mackresult	1790	0.357525	1	mackinaw_20	at Mackinaw	20	C_LOCAL	2	51	at Mackinaw	[265, 16640, 259, 707]	[265, 16640, 20274, 707]	[265, 16640, 20274, 707]	4	4	1	1	1	1	2
atactiveinaw	1	R	4	1898	0.270197	4	2815	2.811155	["at", "active", "in", "aw"]	[265, 5275, 259, 707]	-0.00705	0	0.11632	0	2.406496	4	-9e-06	3	-0.079128	3	2.250798	1	2.128479	1	0.239423	0	2.36087	0	atactiveinaw	1898	0.270197	1	mackinaw_20	at Mackinaw	20	C_LOCAL	2	52	at Mackinaw	[265, 16640, 259, 707]	[265, 5275, 259, 707]	[265, 5275, 259, 707]	4	4	1	1	1	1	1
at Mack BLACKaw	1	R	4	858	0.657654	3	1790	3.46367	["at", " Mack", " BLACK", "aw"]	[265, 16640, 31963, 707]	-0.00705	0	0.11632	0	0.175272	2	-0.004896	4	-0.061178	2	2.806016	4	2.295273	2	0.239423	0	2.36087	0	at Mack BLACK	858	1.1028	1	mackinaw_20	at Mackinaw	20	C_LOCAL	2	53	at Mackinaw	[265, 16640, 259, 707]	[265, 16640, 31963, 707]	[265, 16640, 31963, 707]	4	4	1	1	1	1	2
atPatterninaw	1	R	4	1898	0.815679	4	1888	3.182673	["at", "Pattern", "in", "aw"]	[265, 47546, 259, 707]	0.183848	3	0.11632	0	0.704946	3	-0.000155	2	-0.122657	0	2.250798	1	2.366994	2	0.239423	0	2.36087	0	atPatterninaw	1898	0.815679	1	mackinaw_20	at Mackinaw	20	C_LOCAL	2	54	at Mackinaw	[265, 16640, 259, 707]	[265, 47546, 259, 707]	[265, 47546, 259, 707]	4	4	1	1	1	1	1
 client Mackinaw	1	R	4	1888	0.204221	1	20	3.303888	[" client", " Mack", "in", "aw"]	[5456, 16640, 259, 707]	3.099667	3	0.11632	0	0.120884	1	2.39575	1	2.773262	3	2.676442	1	3.303888	1	0.239423	0	2.36087	0	 client	1888	0.627446	1	mackinaw_20	at Mackinaw	20	C_LOCAL	2	55	at Mackinaw	[265, 16640, 259, 707]	[5456, 16640, 259, 707]	[5456, 16640, 259, 707]	4	4	1	1	1	1	0
at Mackin attempt	1	R	4	20	0.322105	3	1430	3.081347	["at", " Mack", "in", " attempt"]	[265, 16640, 259, 2230]	3.081347	3	0.11632	0	0.199259	4	-0.033355	0	2.759242	3	2.250798	1	2.295273	2	0.239423	0	2.36087	0	at Mackin	20	0.322105	1	mackinaw_20	at Mackinaw	20	C_LOCAL	2	56	at Mackinaw	[265, 16640, 259, 707]	[265, 16640, 259, 2230]	[265, 16640, 259, 2230]	4	4	1	1	1	1	3
at Paintinginaw	1	R	4	1888	0.266807	2	1898	2.926131	["at", " Painting", "in", "aw"]	[265, 48892, 259, 707]	-0.00705	0	0.11632	0	0.409373	4	-3e-06	3	-0.122187	2	2.433259	3	2.926131	2	0.239423	0	2.36087	0	at Painting	1888	0.565261	1	mackinaw_20	at Mackinaw	20	C_LOCAL	2	57	at Mackinaw	[265, 16640, 259, 707]	[265, 48892, 259, 707]	[265, 48892, 259, 707]	4	4	1	1	1	1	1
at Mack Ignaw	1	R	4	2256	0.065597	0	1888	2.36087	["at", " Mack", " Ign", "aw"]	[265, 16640, 16583, 707]	-0.00705	0	0.11632	0	0.175272	2	-0.019461	4	0.277759	3	2.250798	1	2.295273	2	0.239423	0	2.36087	0				bos_footprint	mackinaw_20	at Mackinaw	20	C_LOCAL	2	58	at Mackinaw	[265, 16640, 259, 707]	[265, 16640, 16583, 707]	[265, 16640, 16583, 707]	4	4	1	1	1	1	2
at Mackin Dwell	1	R	4	20	0.322105	3	1430	3.081347	["at", " Mack", "in", " Dwell"]	[265, 16640, 259, 42979]	3.081347	3	0.11632	0	0.175272	2	-0.033355	0	2.759242	3	2.297384	4	2.295273	2	0.239423	0	2.36087	0	at Mackin	20	0.322105	1	mackinaw_20	at Mackinaw	20	C_LOCAL	2	59	at Mackinaw	[265, 16640, 259, 707]	[265, 16640, 259, 42979]	[265, 16640, 259, 42979]	4	4	1	1	1	1	3
at Mackin////	1	R	4	20	0.322105	3	1430	3.081347	["at", " Mack", "in", "////"]	[265, 16640, 259, 9705]	3.081347	3	0.11632	0	0.175272	2	-0.005437	4	2.759242	3	2.696087	4	2.295273	2	0.239423	0	2.36087	0	at Mackin	20	0.322105	1	mackinaw_20	at Mackinaw	20	C_LOCAL	2	60	at Mackinaw	[265, 16640, 259, 707]	[265, 16640, 259, 9705]	[265, 16640, 259, 9705]	4	4	1	1	1	1	3
 Compactxy "$:/ gaps	1	R	4	1888	0.74057	1	1790	3.590621	[" Compact", "xy", " \"$:/", " gaps"]	[37904, 5431, 32047, 17332]	-0.00705	0	0.11632	0	-0.000821	0	2.203537	4	-0.037834	3	2.85005	3	3.590621	1	0.239423	0	2.36087	0	 Compact	1888	0.99799	1	mackinaw_20	at Mackinaw	20	D_RANDOM_TOKEN	2	1	at Mackinaw	[265, 16640, 259, 707]	[37904, 5431, 32047, 17332]	[37904, 5431, 32047, 17332]	4	4	4	4	1	1	NA
 parent> BrewArcade	1	R	4	1888	0.725106	3	2256	3.085976	[" parent", ">", " Brew", "Arcade"]	[2560, 29, 9702, 43763]	-0.000809	4	0.11632	0	0.767138	2	2.057127	1	-0.083709	3	2.175709	3	3.085976	3	0.239423	0	2.36087	0	 parent> Brew	1888	0.725106	1	mackinaw_20	at Mackinaw	20	D_RANDOM_TOKEN	2	2	at Mackinaw	[265, 16640, 259, 707]	[2560, 29, 9702, 43763]	[2560, 29, 9702, 43763]	4	4	4	4	1	1	NA
 quotas Ammo 458 democratically	1	R	4	1594	0.462793	4	1888	3.918088	[" quotas", " Ammo", " 458", " democratically"]	[38736, 31073, 50154, 48517]	-0.005427	3	0.11632	0	-0.000821	0	1.018498	1	0.079841	1	3.242656	1	3.455295	1	0.239423	0	2.36087	0	 quotas Ammo 458 democratically	1594	0.462793	1	mackinaw_20	at Mackinaw	20	D_RANDOM_TOKEN	2	3	at Mackinaw	[265, 16640, 259, 707]	[38736, 31073, 50154, 48517]	[38736, 31073, 50154, 48517]	4	4	4	4	1	1	NA
 shroud bankrupt Pegasus349	1	R	4	1888	0.134162	1	1790	3.247068	[" shroud", " bankrupt", " Pegasus", "349"]	[32296, 13158, 48188, 27371]	-0.002214	4	0.11632	0	1.551204	1	2.466908	1	-0.074305	3	3.112906	1	3.247068	1	0.239423	0	2.36087	0	 shroud	1888	0.134163	1	mackinaw_20	at Mackinaw	20	D_RANDOM_TOKEN	2	4	at Mackinaw	[265, 16640, 259, 707]	[32296, 13158, 48188, 27371]	[32296, 13158, 48188, 27371]	4	4	4	4	1	1	NA
boards pane counterterrorism glamorous	1	R	4	1790	0.04877	1	1888	2.618175	["boards", " pane", " counterterrorism", " glamorous"]	[12821, 37218, 36573, 46185]	-0.00705	0	0.11632	0	1.503937	4	-0.033355	0	-0.022969	4	2.618175	1	2.569405	4	0.239423	0	2.36087	0	boards	1790	0.081925	1	mackinaw_20	at Mackinaw	20	D_RANDOM_TOKEN	2	5	at Mackinaw	[265, 16640, 259, 707]	[12821, 37218, 36573, 46185]	[12821, 37218, 36573, 46185]	4	4	4	4	1	1	NA
 Nikol catchesCompletedDou	1	R	4	1888	0.0107	1	812	2.662413	[" Nikol", " catches", "Completed", "Dou"]	[48127, 17591, 43768, 40287]	-0.00705	0	0.231217	2	-0.000821	0	1.047123	1	-0.065624	2	1.854897	4	2.662413	1	0.239423	0	2.36087	0	 Nikol	1888	0.301543	1	mackinaw_20	at Mackinaw	20	D_RANDOM_TOKEN	2	6	at Mackinaw	[265, 16640, 259, 707]	[48127, 17591, 43768, 40287]	[48127, 17591, 43768, 40287]	4	4	4	4	1	1	NA
eelyesome Lebanese brightness	1	R	4	1790	0.153015	1	1888	3.206119	["eely", "esome", " Lebanese", " brightness"]	[45269, 5927, 28076, 22204]	-0.00705	0	0.11632	0	1.646816	2	0.11165	1	-0.046856	4	3.206119	1	3.053105	1	0.239423	0	2.36087	0	eely	1790	0.153015	1	mackinaw_20	at Mackinaw	20	D_RANDOM_TOKEN	2	7	at Mackinaw	[265, 16640, 259, 707]	[45269, 5927, 28076, 22204]	[45269, 5927, 28076, 22204]	4	4	4	4	1	1	NA
 DC vacant cytKK	1	R	4	1888	1.113864	1	1790	3.722107	[" DC", " vacant", " cyt", "KK"]	[6257, 23957, 27104, 16601]	-0.00705	0	0.11632	0	-0.000821	0	0.882854	1	-0.031853	3	2.608243	3	3.722107	1	0.239423	0	2.36087	0	 DC	1888	1.25126	1	mackinaw_20	at Mackinaw	20	D_RANDOM_TOKEN	2	8	at Mackinaw	[265, 16640, 259, 707]	[6257, 23957, 27104, 16601]	[6257, 23957, 27104, 16601]	4	4	4	4	1	1	NA
 rains Transactions statements stimulates	1	R	4	1888	0.391765	1	1790	2.950563	[" rains", " Transactions", " statements", " stimulates"]	[29424, 46192, 6299, 49881]	-0.00705	0	0.11632	0	0.082	1	1.442233	1	0.013322	2	2.558798	3	2.950563	1	0.239423	0	2.36087	0	 rains	1888	0.589692	1	mackinaw_20	at Mackinaw	20	D_RANDOM_TOKEN	2	9	at Mackinaw	[265, 16640, 259, 707]	[29424, 46192, 6299, 49881]	[29424, 46192, 6299, 49881]	4	4	4	4	1	1	NA
 modify光STON android	1	R	4	1888	0.715687	1	464	3.370563	[" modify", "光", "STON", " android"]	[13096, 46268, 41924, 19286]	-0.00705	0	0.11632	0	0.741914	4	2.654876	1	-0.007449	4	2.627841	1	3.370563	1	0.239423	0	2.36087	0	 modify	1888	0.715686	1	mackinaw_20	at Mackinaw	20	D_RANDOM_TOKEN	2	10	at Mackinaw	[265, 16640, 259, 707]	[13096, 46268, 41924, 19286]	[13096, 46268, 41924, 19286]	4	4	4	4	1	1	NA
illy ens propulsion Spl	1	R	4	1888	0.330678	1	1790	2.921062	["illy", " ens", " propulsion", " Spl"]	[6548, 3140, 38873, 13341]	-0.002594	2	0.11632	0	1.182815	2	-0.033355	0	0.065794	3	2.590384	1	2.921062	1	0.239423	0	2.36087	0	illy	1888	0.330678	1	mackinaw_20	at Mackinaw	20	D_RANDOM_TOKEN	2	11	at Mackinaw	[265, 16640, 259, 707]	[6548, 3140, 38873, 13341]	[6548, 3140, 38873, 13341]	4	4	4	4	1	1	NA
 sailor accustomedkiller Chem	1	R	4	1888	0.940302	1	345	3.469084	[" sailor", " accustomed", "killer", " Chem"]	[43272, 23840, 32156, 12870]	-0.00705	0	0.11632	0	0.763021	3	1.555236	1	-0.025508	4	2.240549	1	3.469084	1	0.239423	0	2.36087	0	 sailor	1888	1.108215	1	mackinaw_20	at Mackinaw	20	D_RANDOM_TOKEN	2	12	at Mackinaw	[265, 16640, 259, 707]	[43272, 23840, 32156, 12870]	[43272, 23840, 32156, 12870]	4	4	4	4	1	1	NA
 coy promul endemic ect	1	R	4	1888	0.734165	1	1790	3.723039	[" coy", " promul", " endemic", " ect"]	[34003, 38040, 42560, 46080]	-0.00705	0	0.11632	0	0.877231	2	1.876148	1	-0.02552	4	2.988874	1	3.723039	1	0.239423	0	2.36087	0	 coy	1888	0.734164	1	mackinaw_20	at Mackinaw	20	D_RANDOM_TOKEN	2	13	at Mackinaw	[265, 16640, 259, 707]	[34003, 38040, 42560, 46080]	[34003, 38040, 42560, 46080]	4	4	4	4	1	1	NA
 forbiditch KraftVari	1	R	4	1790	0.062043	4	1888	3.098626	[" forbid", "itch", " Kraft", "Vari"]	[33277, 2007, 41828, 23907]	-0.00705	0	0.11632	0	1.843071	2	1.750409	1	-0.088822	2	3.098626	4	3.036583	1	0.239423	0	2.36087	0	 forbiditch KraftVari	1790	0.062043	1	mackinaw_20	at Mackinaw	20	D_RANDOM_TOKEN	2	14	at Mackinaw	[265, 16640, 259, 707]	[33277, 2007, 41828, 23907]	[33277, 2007, 41828, 23907]	4	4	4	4	1	1	NA
 disgust Cooldownranking repay	1	R	4	1888	0.813282	1	1790	3.667323	[" disgust", " Cooldown", "ranking", " repay"]	[16234, 39742, 28405, 20152]	0.023843	1	0.11632	0	0.06889	1	1.845522	1	-0.038792	4	2.854041	1	3.667323	1	0.239423	0	2.36087	0	 disgust	1888	0.813281	1	mackinaw_20	at Mackinaw	20	D_RANDOM_TOKEN	2	15	at Mackinaw	[265, 16640, 259, 707]	[16234, 39742, 28405, 20152]	[16234, 39742, 28405, 20152]	4	4	4	4	1	1	NA
 quarterbacks applauded alertType	1	R	4	1888	0.175201	1	1555	3.000942	[" quarterbacks", " applauded", " alert", "Type"]	[23643, 38911, 7995, 6030]	-0.00705	0	0.11632	0	0.12173	3	0.225002	1	-0.017647	4	2.728712	1	3.000942	1	0.239423	0	2.36087	0	 quarterbacks	1888	0.272231	1	mackinaw_20	at Mackinaw	20	D_RANDOM_TOKEN	2	16	at Mackinaw	[265, 16640, 259, 707]	[23643, 38911, 7995, 6030]	[23643, 38911, 7995, 6030]	4	4	4	4	1	1	NA
emonium jsμ laptop	1	R	4	1888	0.683446	1	1790	3.4857	["emonium", " js", "μ", " laptop"]	[33044, 44804, 34703, 13224]	-0.00705	0	0.11632	0	1.204767	2	-0.026805	3	0.229191	3	2.802254	1	3.4857	1	0.239423	0	2.36087	0	emonium	1888	0.683446	1	mackinaw_20	at Mackinaw	20	D_RANDOM_TOKEN	2	17	at Mackinaw	[265, 16640, 259, 707]	[33044, 44804, 34703, 13224]	[33044, 44804, 34703, 13224]	4	4	4	4	1	1	NA
 Demon Mortalnostic pier	1	R	4	1888	1.044533	1	1790	4.175661	[" Demon", " Mortal", "nostic", " pier"]	[7814, 40166, 43758, 17748]	-0.00705	0	0.11632	0	-0.000821	0	1.713783	1	0.009767	1	3.131128	1	4.175661	1	0.239423	0	2.36087	0	 Demon	1888	1.044534	1	mackinaw_20	at Mackinaw	20	D_RANDOM_TOKEN	2	18	at Mackinaw	[265, 16640, 259, 707]	[7814, 40166, 43758, 17748]	[7814, 40166, 43758, 17748]	4	4	4	4	1	1	NA
 extremistsATURESscar renamed	1	R	4	1888	0.057559	1	858	3.37743	[" extremists", "ATURES", "scar", " renamed"]	[20674, 47471, 13034, 25121]	-0.00705	0	0.11632	0	1.292737	3	1.636515	1	0.013314	2	2.981538	1	3.37743	1	0.239423	0	2.36087	0	 extremists	1888	0.395892	1	mackinaw_20	at Mackinaw	20	D_RANDOM_TOKEN	2	19	at Mackinaw	[265, 16640, 259, 707]	[20674, 47471, 13034, 25121]	[20674, 47471, 13034, 25121]	4	4	4	4	1	1	NA
 Wond lap Mill Bras	1	R	4	1888	0.780857	1	1790	3.720359	[" Wond", " lap", " Mill", " Bras"]	[31960, 14779, 9212, 39452]	-0.00705	0	0.11632	0	0.151225	2	1.755819	1	-0.066516	4	2.939501	1	3.720359	1	0.239423	0	2.36087	0	 Wond	1888	0.780857	1	mackinaw_20	at Mackinaw	20	D_RANDOM_TOKEN	2	20	at Mackinaw	[265, 16640, 259, 707]	[31960, 14779, 9212, 39452]	[31960, 14779, 9212, 39452]	4	4	4	4	1	1	NA
 assured Blizz Venezuelanread	1	R	4	1888	0.390646	1	1790	3.25941	[" assured", " Blizz", " Venezuelan", "read"]	[13933, 46100, 34497, 961]	-0.00705	0	0.11632	0	0.231545	4	2.812511	1	-0.113621	1	2.868764	4	3.25941	1	0.239423	0	2.36087	0	 assured	1888	0.4469	1	mackinaw_20	at Mackinaw	20	D_RANDOM_TOKEN	2	21	at Mackinaw	[265, 16640, 259, 707]	[13933, 46100, 34497, 961]	[13933, 46100, 34497, 961]	4	4	4	4	1	1	NA
funNT ty microbiota	1	R	4	1888	0.307685	1	2256	2.668555	["fun", "NT", " ty", " microbiota"]	[12543, 11251, 1259, 42784]	0.305367	1	0.11632	0	0.61296	3	-0.004036	2	-0.017248	3	2.142132	4	2.668555	1	0.239423	0	2.36087	0	fun	1888	0.307685	1	mackinaw_20	at Mackinaw	20	D_RANDOM_TOKEN	2	22	at Mackinaw	[265, 16640, 259, 707]	[12543, 11251, 1259, 42784]	[12543, 11251, 1259, 42784]	4	4	4	4	1	1	NA
 unpleasantammers negate momentarily	1	R	4	1888	0.69898	1	1790	3.649623	[" unpleasant", "ammers", " negate", " momentarily"]	[22029, 36846, 44328, 40957]	-0.00353	2	0.11632	0	1.036378	2	1.891563	1	-0.061692	4	2.950643	1	3.649623	1	0.540848	1	2.36087	0	 unpleasant	1888	0.69898	1	mackinaw_20	at Mackinaw	20	D_RANDOM_TOKEN	2	23	at Mackinaw	[265, 16640, 259, 707]	[22029, 36846, 44328, 40957]	[22029, 36846, 44328, 40957]	4	4	4	4	1	1	NA
 Tape finishes Chocolate reminiscent	1	R	4	1888	1.211982	1	464	3.620523	[" Tape", " finishes", " Chocolate", " reminiscent"]	[40849, 20271, 24777, 24960]	-0.00705	0	0.11632	0	-0.000821	0	2.408541	1	-0.034396	4	2.124297	4	3.620523	1	0.239423	0	2.36087	0	 Tape	1888	1.211984	1	mackinaw_20	at Mackinaw	20	D_RANDOM_TOKEN	2	24	at Mackinaw	[265, 16640, 259, 707]	[40849, 20271, 24777, 24960]	[40849, 20271, 24777, 24960]	4	4	4	4	1	1	NA
 ancestral contra portrayedez	1	R	4	1888	0.604525	1	1790	3.413359	[" ancestral", " contra", " portrayed", "ez"]	[34843, 25736, 19152, 8471]	-0.005932	2	0.11632	0	0.12924	4	2.351305	1	0.100158	4	2.808834	1	3.413359	1	0.239423	0	2.36087	0	 ancestral	1888	0.604524	1	mackinaw_20	at Mackinaw	20	D_RANDOM_TOKEN	2	25	at Mackinaw	[265, 16640, 259, 707]	[34843, 25736, 19152, 8471]	[34843, 25736, 19152, 8471]	4	4	4	4	1	1	NA
 blobromedaomen vaccine	1	R	4	1888	0.657112	1	1790	3.528898	[" blob", "romeda", "omen", " vaccine"]	[44812, 32291, 3674, 12319]	-0.00705	0	0.11632	0	1.291911	3	2.198413	1	-0.122657	0	2.871786	1	3.528898	1	0.239423	0	2.36087	0	 blob	1888	0.657112	1	mackinaw_20	at Mackinaw	20	D_RANDOM_TOKEN	2	26	at Mackinaw	[265, 16640, 259, 707]	[44812, 32291, 3674, 12319]	[44812, 32291, 3674, 12319]	4	4	4	4	1	1	NA
 Wal:{auer paying	1	R	4	1888	0.469296	1	1790	3.177393	[" Wal", ":{", "auer", " paying"]	[6445, 29164, 16261, 5989]	0.12104	2	0.11632	0	0.078375	3	1.521976	1	-0.035498	4	2.708097	3	3.177393	1	0.239423	0	2.36087	0	 Wal	1888	0.627788	1	mackinaw_20	at Mackinaw	20	D_RANDOM_TOKEN	2	27	at Mackinaw	[265, 16640, 259, 707]	[6445, 29164, 16261, 5989]	[6445, 29164, 16261, 5989]	4	4	4	4	1	1	NA
 HEADeuro strokesapeshifter	1	R	4	858	0.420095	1	1888	3.100274	[" HEAD", "euro", " strokes", "apeshifter"]	[39837, 44252, 29483, 29554]	-0.00705	0	0.11632	0	1.44585	4	2.223651	1	-0.091496	3	2.569436	2	2.680179	1	0.239423	0	2.36087	0	 HEAD	858	0.420095	1	mackinaw_20	at Mackinaw	20	D_RANDOM_TOKEN	2	28	at Mackinaw	[265, 16640, 259, 707]	[39837, 44252, 29483, 29554]	[39837, 44252, 29483, 29554]	4	4	4	4	1	1	NA
 DIYgu diligence impat	1	R	4	1888	0.881344	1	1790	3.538361	[" DIY", "gu", " diligence", " impat"]	[25134, 5162, 34136, 28189]	-0.00705	0	0.11632	0	0.353393	2	0.65188	1	-0.024804	3	2.657017	3	3.538361	1	0.239423	0	2.36087	0	 DIY	1888	0.996297	1	mackinaw_20	at Mackinaw	20	D_RANDOM_TOKEN	2	29	at Mackinaw	[265, 16640, 259, 707]	[25134, 5162, 34136, 28189]	[25134, 5162, 34136, 28189]	4	4	4	4	1	1	NA
 Recommendedcled collide Lodge	1	R	4	1888	0.396651	1	1790	2.963018	[" Recommended", "cled", " collide", " Lodge"]	[31117, 20095, 46592, 27046]	-0.005052	2	0.11632	0	0.658592	3	1.834979	1	-0.028797	1	2.566368	2	2.963018	1	0.239423	0	2.36087	0	 Recommended	1888	0.602149	1	mackinaw_20	at Mackinaw	20	D_RANDOM_TOKEN	2	30	at Mackinaw	[265, 16640, 259, 707]	[31117, 20095, 46592, 27046]	[31117, 20095, 46592, 27046]	4	4	4	4	1	1	NA
 forg struggles strengthens calming	1	R	4	1888	0.845731	1	1790	3.23244	[" forg", " struggles", " strengthens", " calming"]	[5784, 12766, 49286, 44907]	-0.00705	0	0.277637	3	0.264822	2	1.943432	1	-0.111063	1	2.386708	1	3.23244	1	0.989318	4	2.36087	0	 forg	1888	0.845731	1	mackinaw_20	at Mackinaw	20	D_RANDOM_TOKEN	2	31	at Mackinaw	[265, 16640, 259, 707]	[5784, 12766, 49286, 44907]	[5784, 12766, 49286, 44907]	4	4	4	4	1	1	NA
 Alienasio meats landfill	1	R	4	1888	0.848602	1	1790	3.465489	[" Alien", "asio", " meats", " landfill"]	[17610, 29831, 32219, 47712]	-0.00705	0	0.11632	0	-0.000821	0	0.856259	1	-0.006213	4	2.616887	2	3.465489	1	0.239423	0	2.36087	0	 Alien	1888	1.051598	1	mackinaw_20	at Mackinaw	20	D_RANDOM_TOKEN	2	32	at Mackinaw	[265, 16640, 259, 707]	[17610, 29831, 32219, 47712]	[17610, 29831, 32219, 47712]	4	4	4	4	1	1	NA
 underground dem cost ;)	1	R	4	1888	0.763568	1	1790	3.862467	[" underground", " dem", " cost", " ;)"]	[11447, 1357, 1575, 35540]	-0.000587	4	0.11632	0	1.178296	4	1.37433	1	-0.064975	4	3.098899	1	3.862467	1	0.239423	0	2.36087	0	 underground	1888	0.763567	1	mackinaw_20	at Mackinaw	20	D_RANDOM_TOKEN	2	33	at Mackinaw	[265, 16640, 259, 707]	[11447, 1357, 1575, 35540]	[11447, 1357, 1575, 35540]	4	4	4	4	1	1	NA
 Mu Arn Lyft Said	1	R	4	1888	0.526286	1	1790	2.959951	[" Mu", " Arn", " Lyft", " Said"]	[8252, 16644, 38928, 23885]	-0.00705	0	0.11632	0	-0.000821	0	0.944652	1	-0.015619	2	2.433665	3	2.959951	1	0.239423	0	2.36087	0	 Mu	1888	0.599082	1	mackinaw_20	at Mackinaw	20	D_RANDOM_TOKEN	2	34	at Mackinaw	[265, 16640, 259, 707]	[8252, 16644, 38928, 23885]	[8252, 16644, 38928, 23885]	4	4	4	4	1	1	NA
fi newsletters narrowed intercepted	1	R	4	1790	0.113659	3	1888	2.774074	["fi", " newsletters", " narrowed", " intercepted"]	[12463, 16983, 33214, 29842]	-0.00705	0	0.11632	0	0.089879	2	0.155874	2	-0.11339	2	2.774074	3	2.660415	1	0.239423	0	2.36087	0	fi newsletters narrowed	1790	0.113659	1	mackinaw_20	at Mackinaw	20	D_RANDOM_TOKEN	2	35	at Mackinaw	[265, 16640, 259, 707]	[12463, 16983, 33214, 29842]	[12463, 16983, 33214, 29842]	4	4	4	4	1	1	NA
 responsivehtaking ink Grimm	1	R	4	1888	0.586273	1	1790	3.278906	[" responsive", "htaking", " ink", " Grimm"]	[21802, 34148, 16882, 27145]	-0.00705	0	0.11632	0	0.643878	2	2.257051	1	-0.018926	3	2.692633	1	3.278906	1	0.701369	2	2.36087	0	 responsive	1888	0.586273	1	mackinaw_20	at Mackinaw	20	D_RANDOM_TOKEN	2	36	at Mackinaw	[265, 16640, 259, 707]	[21802, 34148, 16882, 27145]	[21802, 34148, 16882, 27145]	4	4	4	4	1	1	NA
abouts552Creating nucle	1	R	4	1888	0.005022	1	1898	2.966298	["abouts", "552", "Creating", " nucle"]	[27880, 40427, 32071, 17751]	-0.00705	0	0.11632	0	0.309818	2	-8.9e-05	2	-0.070007	4	2.680549	1	2.966298	1	0.239423	0	2.36087	0	abouts	1888	0.285748	1	mackinaw_20	at Mackinaw	20	D_RANDOM_TOKEN	2	37	at Mackinaw	[265, 16640, 259, 707]	[27880, 40427, 32071, 17751]	[27880, 40427, 32071, 17751]	4	4	4	4	1	1	NA
 Hikitiveness Apostles Parkinson	1	R	4	1888	0.513976	1	1790	3.349358	[" Hik", "itiveness", " Apostles", " Parkinson"]	[39790, 31366, 43331, 31618]	0.215671	2	0.11632	0	-0.000821	0	0.826135	1	-0.122657	0	2.835382	2	3.349358	1	0.239423	0	2.36087	0	 Hik	1888	0.988489	1	mackinaw_20	at Mackinaw	20	D_RANDOM_TOKEN	2	38	at Mackinaw	[265, 16640, 259, 707]	[39790, 31366, 43331, 31618]	[39790, 31366, 43331, 31618]	4	4	4	4	1	1	NA
 Martian calmESSIONhetics	1	R	4	1888	0.791737	1	858	3.547842	[" Martian", " calm", "ESSION", "hetics"]	[32508, 9480, 47621, 24965]	-0.00705	0	0.11632	0	-0.000821	0	0.862667	1	-0.021189	2	2.735489	4	3.547842	1	0.239423	0	2.36087	0	 Martian	1888	1.109725	1	mackinaw_20	at Mackinaw	20	D_RANDOM_TOKEN	2	39	at Mackinaw	[265, 16640, 259, 707]	[32508, 9480, 47621, 24965]	[32508, 9480, 47621, 24965]	4	4	4	4	1	1	NA
armac margins LAST evasion	1	R	4	858	0.390255	3	1888	3.493573	["armac", " margins", " LAST", " evasion"]	[32813, 20241, 41894, 30877]	-0.00705	0	0.11632	0	0.121033	4	-0.033355	0	-0.025792	4	2.649283	1	3.103318	1	0.239423	0	2.36087	0	armac margins LAST	858	0.390255	1	mackinaw_20	at Mackinaw	20	D_RANDOM_TOKEN	2	40	at Mackinaw	[265, 16640, 259, 707]	[32813, 20241, 41894, 30877]	[32813, 20241, 41894, 30877]	4	4	4	4	1	1	NA
 bark differs suspense Machine	1	R	4	1888	0.567828	1	1790	3.361627	[" bark", " differs", " suspense", " Machine"]	[21405, 24242, 43527, 10850]	-0.00705	0	0.11632	0	0.117585	1	2.580595	1	-0.038831	4	2.793799	1	3.361627	1	0.239423	0	2.36087	0	 bark	1888	0.567828	1	mackinaw_20	at Mackinaw	20	D_RANDOM_TOKEN	2	41	at Mackinaw	[265, 16640, 259, 707]	[21405, 24242, 43527, 10850]	[21405, 24242, 43527, 10850]	4	4	4	4	1	1	NA
illationynchron Chattanoogaenfranch	1	R	4	1888	0.518626	1	1790	3.746643	["illation", "ynchron", " Chattanooga", "enfranch"]	[40903, 24871, 45851, 39827]	-0.00705	0	0.11632	0	0.075258	2	0.324824	1	-0.010008	3	3.228017	1	3.746643	1	0.239423	0	2.36087	0	illation	1888	0.518627	1	mackinaw_20	at Mackinaw	20	D_RANDOM_TOKEN	2	42	at Mackinaw	[265, 16640, 259, 707]	[40903, 24871, 45851, 39827]	[40903, 24871, 45851, 39827]	4	4	4	4	1	1	NA
 flowing toe WARN Keeper	1	R	4	1888	0.412323	1	858	3.130869	[" flowing", " toe", " WARN", " Keeper"]	[17609, 21189, 42660, 26335]	-0.00705	0	0.11632	0	0.554055	1	1.783613	1	-0.003939	4	2.565055	1	3.130869	1	0.239423	0	2.36087	0	 flowing	1888	0.565814	1	mackinaw_20	at Mackinaw	20	D_RANDOM_TOKEN	2	43	at Mackinaw	[265, 16640, 259, 707]	[17609, 21189, 42660, 26335]	[17609, 21189, 42660, 26335]	4	4	4	4	1	1	NA
 Sunny Everyday2009DL	1	R	4	1888	0.205626	1	3007	2.964473	[" Sunny", " Everyday", "2009", "DL"]	[32241, 48154, 10531, 19260]	-0.00705	0	0.11632	0	0.195015	4	0.523128	1	-0.010905	3	2.417625	4	2.964473	1	0.239423	0	2.36087	0	 Sunny	1888	0.603602	1	mackinaw_20	at Mackinaw	20	D_RANDOM_TOKEN	2	44	at Mackinaw	[265, 16640, 259, 707]	[32241, 48154, 10531, 19260]	[32241, 48154, 10531, 19260]	4	4	4	4	1	1	NA
 fiatia thirds lively	1	R	4	1888	0.671721	1	1790	3.413413	[" fiat", "ia", " thirds", " lively"]	[36984, 544, 41188, 29696]	-0.00705	0	0.11632	0	1.014425	2	1.895902	1	-0.050975	3	2.741693	1	3.413413	1	0.965443	4	2.36087	0	 fiat	1888	0.671721	1	mackinaw_20	at Mackinaw	20	D_RANDOM_TOKEN	2	45	at Mackinaw	[265, 16640, 259, 707]	[36984, 544, 41188, 29696]	[36984, 544, 41188, 29696]	4	4	4	4	1	1	NA
 1860 Pen resistor tripod	1	R	4	1888	0.978413	1	2256	3.339283	[" 1860", " Pen", " resistor", " tripod"]	[37637, 7507, 45032, 47439]	-0.000682	4	0.11632	0	-0.000821	0	0.640742	1	-0.069275	4	2.235473	3	3.339283	1	0.239423	0	2.36087	0	 1860	1888	0.978412	1	mackinaw_20	at Mackinaw	20	D_RANDOM_TOKEN	2	46	at Mackinaw	[265, 16640, 259, 707]	[37637, 7507, 45032, 47439]	[37637, 7507, 45032, 47439]	4	4	4	4	1	1	NA
 Eugene Fields ultrasasonry	1	R	4	1888	0.519345	1	2084	2.955671	[" Eugene", " Fields", " ultras", "asonry"]	[24532, 23948, 32866, 38950]	-0.00705	0	0.11632	0	0.036887	4	1.261467	1	0.172681	4	2.25748	1	2.955671	1	0.239423	0	2.36087	0	 Eugene	1888	0.594801	1	mackinaw_20	at Mackinaw	20	D_RANDOM_TOKEN	2	47	at Mackinaw	[265, 16640, 259, 707]	[24532, 23948, 32866, 38950]	[24532, 23948, 32866, 38950]	4	4	4	4	1	1	NA
 il missiles heroes configured	1	R	4	1888	0.75013	1	1790	3.181087	[" il", " missiles", " heroes", " configured"]	[4229, 12798, 10281, 17839]	-0.00705	0	0.11632	0	1.316814	1	1.824644	1	-0.070359	2	2.430956	3	3.181087	1	0.239423	0	2.36087	0	 il	1888	0.820216	1	mackinaw_20	at Mackinaw	20	D_RANDOM_TOKEN	2	48	at Mackinaw	[265, 16640, 259, 707]	[4229, 12798, 10281, 17839]	[4229, 12798, 10281, 17839]	4	4	4	4	1	1	NA
 glaciersying sucking HIGH	1	R	4	1888	0.398535	1	858	3.2574	[" glaciers", "ying", " sucking", " HIGH"]	[40509, 1112, 27904, 34677]	-0.00705	0	0.11632	0	-0.000821	0	1.22062	1	1.021522	2	2.541236	1	3.2574	1	0.239423	0	2.36087	0	 glaciers	1888	0.716165	1	mackinaw_20	at Mackinaw	20	D_RANDOM_TOKEN	2	49	at Mackinaw	[265, 16640, 259, 707]	[40509, 1112, 27904, 34677]	[40509, 1112, 27904, 34677]	4	4	4	4	1	1	NA
 Bronxogue diamonds Gods	1	R	4	1888	1.229613	1	1790	3.837557	[" Bronx", "ogue", " diamonds", " Gods"]	[32486, 5119, 30984, 15391]	-0.00705	0	0.11632	0	-0.000821	0	0.808356	1	-0.111433	1	2.607943	2	3.837557	1	0.239423	0	2.36087	0	 Bronx	1888	1.342177	1	mackinaw_20	at Mackinaw	20	D_RANDOM_TOKEN	2	50	at Mackinaw	[265, 16640, 259, 707]	[32486, 5119, 30984, 15391]	[32486, 5119, 30984, 15391]	4	4	4	4	1	1	NA
Pre Wyomingsectionsstep	1	R	4	1888	0.959513	1	1790	3.482655	["Pre", " Wyoming", "sections", "step"]	[6719, 24533, 23946, 9662]	-0.00705	0	0.11632	0	0.179707	4	-8.3e-05	3	-0.015723	2	2.523142	4	3.482655	1	0.239423	0	2.36087	0	Pre	1888	1.121785	1	mackinaw_20	at Mackinaw	20	D_RANDOM_TOKEN	2	51	at Mackinaw	[265, 16640, 259, 707]	[6719, 24533, 23946, 9662]	[6719, 24533, 23946, 9662]	4	4	4	4	1	1	NA
 Dism skillet mateNar	1	R	4	1888	0.720792	1	2467	3.49481	[" Dism", " skillet", " mate", "Nar"]	[44955, 41306, 16133, 40059]	-0.003247	4	0.11632	0	0.15222	3	1.360794	1	-0.118374	1	2.743253	1	3.49481	1	0.239423	0	2.36087	0	 Dism	1888	0.720791	1	mackinaw_20	at Mackinaw	20	D_RANDOM_TOKEN	2	52	at Mackinaw	[265, 16640, 259, 707]	[44955, 41306, 16133, 40059]	[44955, 41306, 16133, 40059]	4	4	4	4	1	1	NA
 Tantometimes HHigation	1	R	4	1888	0.672682	1	1790	3.929711	[" Tant", "ometimes", " HH", "igation"]	[44116, 6533, 47138, 7065]	-0.00705	0	0.11632	0	-0.000821	0	1.113607	1	-0.099592	1	3.257029	4	3.929711	1	0.239423	0	2.36087	0	 Tant	1888	1.484293	1	mackinaw_20	at Mackinaw	20	D_RANDOM_TOKEN	2	53	at Mackinaw	[265, 16640, 259, 707]	[44116, 6533, 47138, 7065]	[44116, 6533, 47138, 7065]	4	4	4	4	1	1	NA
 engine resumes342 VO	1	R	4	1888	0.451656	1	1790	3.445291	[" engine", " resumes", "342", " VO"]	[3113, 42626, 31575, 30578]	-0.001939	2	0.11632	0	0.095686	3	1.521481	1	-0.025525	2	2.993634	1	3.445291	1	0.239423	0	2.36087	0	 engine	1888	0.451657	1	mackinaw_20	at Mackinaw	20	D_RANDOM_TOKEN	2	54	at Mackinaw	[265, 16640, 259, 707]	[3113, 42626, 31575, 30578]	[3113, 42626, 31575, 30578]	4	4	4	4	1	1	NA
 Rite Que wrongful front	1	R	4	1888	1.246408	1	1790	3.942904	[" Rite", " Que", " wrongful", " front"]	[47810, 4670, 41545, 2166]	-0.002872	4	0.11632	0	-0.000821	0	1.797943	1	-0.015252	4	2.696496	1	3.942904	1	0.239423	0	2.36087	0	 Rite	1888	1.246407	1	mackinaw_20	at Mackinaw	20	D_RANDOM_TOKEN	2	55	at Mackinaw	[265, 16640, 259, 707]	[47810, 4670, 41545, 2166]	[47810, 4670, 41545, 2166]	4	4	4	4	1	1	NA
acid Pistonsbi commuter	1	R	4	1888	0.617981	2	1790	3.104364	["acid", " Pistons", "bi", " commuter"]	[46309, 36429, 8482, 40718]	-0.00705	0	0.11632	0	0.692602	1	-7e-06	3	0.76695	3	2.486383	3	3.104364	2	0.239423	0	2.36087	0	acid Pistons	1888	0.743494	1	mackinaw_20	at Mackinaw	20	D_RANDOM_TOKEN	2	56	at Mackinaw	[265, 16640, 259, 707]	[46309, 36429, 8482, 40718]	[46309, 36429, 8482, 40718]	4	4	4	4	1	1	NA
 Mount dialogueHonestly fruition	1	R	4	1888	0.731502	1	1790	3.335448	[" Mount", " dialogue", "Honestly", " fruition"]	[5628, 10721, 40817, 41675]	0.026536	2	0.11632	0	0.192118	4	1.404361	1	-0.0329	3	2.603945	1	3.335448	1	0.239423	0	2.36087	0	 Mount	1888	0.731503	1	mackinaw_20	at Mackinaw	20	D_RANDOM_TOKEN	2	57	at Mackinaw	[265, 16640, 259, 707]	[5628, 10721, 40817, 41675]	[5628, 10721, 40817, 41675]	4	4	4	4	1	1	NA
___Decreeste physicist	1	R	4	1888	0.229732	2	8	3.332704	["___", "Decre", "este", " physicist"]	[17569, 43198, 29872, 33013]	0.168623	3	0.11632	0	-0.000821	0	-0.002956	3	0.327627	3	2.761039	3	3.332704	2	0.239423	0	2.36087	0	___Decre	1888	0.229732	1	mackinaw_20	at Mackinaw	20	D_RANDOM_TOKEN	2	58	at Mackinaw	[265, 16640, 259, 707]	[17569, 43198, 29872, 33013]	[17569, 43198, 29872, 33013]	4	4	4	4	1	1	NA
 jug Or TheNitromeFanomy	1	R	4	1790	0.379144	4	1888	3.44229	[" jug", " Or", " TheNitromeFan", "omy"]	[45808, 1471, 42090, 9145]	-0.00705	0	0.11632	0	0.287137	1	2.053989	1	-0.056593	3	3.44229	4	3.063146	1	0.239423	0	2.36087	0	 jug Or TheNitromeFanomy	1790	0.379144	1	mackinaw_20	at Mackinaw	20	D_RANDOM_TOKEN	2	59	at Mackinaw	[265, 16640, 259, 707]	[45808, 1471, 42090, 9145]	[45808, 1471, 42090, 9145]	4	4	4	4	1	1	NA
 disagree informing一volume	1	R	4	1888	0.334652	3	1790	3.327358	[" disagree", " informing", "一", "volume"]	[12546, 29140, 31660, 29048]	-0.00705	0	0.11632	0	1.04163	4	2.487406	1	-0.09179	3	2.992705	4	3.327358	3	0.325453	2	2.36087	0	 disagree informing一	1888	0.385554	1	mackinaw_20	at Mackinaw	20	D_RANDOM_TOKEN	2	60	at Mackinaw	[265, 16640, 259, 707]	[12546, 29140, 31660, 29048]	[12546, 29140, 31660, 29048]	4	4	4	4	1	1	NA
at robin	1	R	3	281	1.049644	3	2256	3.410514	["at", " rob", "in"]	[265, 3857, 259]	-0.00705	0	0.11632	0	3.410514	3	-0.033355	0	-0.030447	2	2.250798	1	2.183645	2	0.239423	0	2.36087	0	at robin	281	1.049644	1	robin_281	at robin	281	SEED	NA	0	at robin	[265, 3857, 259]	[265, 3857, 259]	[265, 3857, 259]	3	3	0	0	1	1	NA
it was robin	1	R	4	1888	0.301667	1	2256	2.662537	["it", " was", " rob", "in"]	[270, 373, 3857, 259]	-0.00705	0	0.664959	2	2.043997	4	0.163932	1	-0.006815	2	2.016331	1	2.662537	1	0.239423	0	2.36087	0	it	1888	0.301667	1	robin_281	at robin	281	A_CARRIER	NA	1	at robin	[265, 3857, 259]	[270, 373, 3857, 259]	[270, 373, 3857, 259]	4	4	2	2	1	1	NA
it is robin	1	R	4	1888	0.301667	1	2256	2.662537	["it", " is", " rob", "in"]	[270, 318, 3857, 259]	-0.00705	0	0.11632	0	2.027447	4	0.376973	2	-0.011746	2	2.016331	1	2.662537	1	0.239423	0	2.36087	0	it	1888	0.301667	1	robin_281	at robin	281	A_CARRIER	NA	2	at robin	[265, 3857, 259]	[270, 318, 3857, 259]	[270, 318, 3857, 259]	4	4	2	2	1	1	NA
it felt robin	1	R	4	1888	0.301667	1	2256	2.662537	["it", " felt", " rob", "in"]	[270, 2936, 3857, 259]	-0.00705	0	2.053698	2	2.087164	4	0.163932	1	-0.005715	2	2.016331	1	2.662537	1	0.239423	0	2.36087	0	it	1888	0.301667	1	robin_281	at robin	281	A_CARRIER	NA	3	at robin	[265, 3857, 259]	[270, 2936, 3857, 259]	[270, 2936, 3857, 259]	4	4	2	2	1	1	NA
it seemed robin	1	R	4	1888	0.301667	1	2256	2.662537	["it", " seemed", " rob", "in"]	[270, 3947, 3857, 259]	-0.00705	0	1.447609	2	1.940478	4	0.163932	1	-0.005096	2	2.016331	1	2.662537	1	0.239423	0	2.36087	0	it	1888	0.301667	1	robin_281	at robin	281	A_CARRIER	NA	4	at robin	[265, 3857, 259]	[270, 3947, 3857, 259]	[270, 3947, 3857, 259]	4	4	2	2	1	1	NA
this was robin	1	R	4	3052	0.148672	2	1888	2.654041	["this", " was", " rob", "in"]	[5661, 373, 3857, 259]	-0.00705	0	0.11632	0	2.455875	3	0.825628	1	-0.048508	3	2.130748	1	2.505369	4	0.239423	0	2.36087	0	this was	3052	0.293171	1	robin_281	at robin	281	A_CARRIER	NA	5	at robin	[265, 3857, 259]	[5661, 373, 3857, 259]	[5661, 373, 3857, 259]	4	4	2	2	1	1	NA
that was robin	1	R	4	1888	0.220648	4	2256	2.581518	["that", " was", " rob", "in"]	[5562, 373, 3857, 259]	-0.00705	0	0.11632	0	1.915163	4	0.378389	1	-0.044071	3	2.143235	1	2.581518	4	0.239423	0	2.36087	0	that was robin	1888	0.220648	1	robin_281	at robin	281	A_CARRIER	NA	6	at robin	[265, 3857, 259]	[5562, 373, 3857, 259]	[5562, 373, 3857, 259]	4	4	2	2	1	1	NA
everything was robin	1	R	4	1888	0.087885	4	1790	2.708641	["everything", " was", " rob", "in"]	[37814, 373, 3857, 259]	-0.00705	0	0.671892	2	1.84096	4	-0.033355	0	-0.026121	3	2.620756	1	2.708641	4	0.239423	0	2.36087	0	everything was robin	1888	0.087885	1	robin_281	at robin	281	A_CARRIER	NA	7	at robin	[265, 3857, 259]	[37814, 373, 3857, 259]	[37814, 373, 3857, 259]	4	4	2	2	1	1	NA
nothing was robin	1	R	4	1613	0.208872	2	2572	2.779959	["nothing", " was", " rob", "in"]	[22366, 373, 3857, 259]	-0.00705	0	0.573002	2	1.618882	4	0.021808	1	-0.018982	3	2.01936	4	2.545373	4	0.239423	0	2.36087	0	nothing was	1613	0.208872	1	robin_281	at robin	281	A_CARRIER	NA	8	at robin	[265, 3857, 259]	[22366, 373, 3857, 259]	[22366, 373, 3857, 259]	4	4	2	2	1	1	NA
the air was robin	1	R	5	2073	0.828065	2	1790	3.571815	["the", " air", " was", " rob", "in"]	[1169, 1633, 373, 3857, 259]	-0.00705	0	1.204248	3	1.650418	5	0.516699	1	-0.03851	4	2.74375	1	2.714301	5	0.239423	0	2.36087	0	the air	2073	0.828063	1	robin_281	at robin	281	A_CARRIER	NA	9	at robin	[265, 3857, 259]	[1169, 1633, 373, 3857, 259]	[1169, 1633, 373, 3857, 259]	5	5	3	3	1	1	NA
the water was robin	1	R	5	1790	0.017949	1	2073	2.74375	["the", " water", " was", " rob", "in"]	[1169, 1660, 373, 3857, 259]	-0.00705	0	0.445256	3	1.501506	5	0.516699	1	-0.03393	4	2.74375	1	2.662838	2	0.239423	0	2.36087	0	the	1790	0.119972	1	robin_281	at robin	281	A_CARRIER	NA	10	at robin	[265, 3857, 259]	[1169, 1660, 373, 3857, 259]	[1169, 1660, 373, 3857, 259]	5	5	3	3	1	1	NA
the night was robin	1	R	5	2073	1.285669	2	1790	4.029419	["the", " night", " was", " rob", "in"]	[1169, 1755, 373, 3857, 259]	-0.00705	0	1.436771	3	1.780137	5	0.516699	1	-0.033451	2	2.74375	1	2.623779	1	0.239423	0	2.36087	0	the night	2073	1.285669	1	robin_281	at robin	281	A_CARRIER	NA	11	at robin	[265, 3857, 259]	[1169, 1755, 373, 3857, 259]	[1169, 1755, 373, 3857, 259]	5	5	3	3	1	1	NA
the room was robin	1	R	5	2073	0.680189	2	1790	3.423939	["the", " room", " was", " rob", "in"]	[1169, 2119, 373, 3857, 259]	-0.00705	0	0.354092	3	1.807822	5	0.516699	1	-0.056604	5	2.74375	1	2.623779	1	0.239423	0	2.36087	0	the room	2073	0.680188	1	robin_281	at robin	281	A_CARRIER	NA	12	at robin	[265, 3857, 259]	[1169, 2119, 373, 3857, 259]	[1169, 2119, 373, 3857, 259]	5	5	3	3	1	1	NA
the world was robin	1	R	5	2073	0.455961	2	1790	3.199712	["the", " world", " was", " rob", "in"]	[1169, 995, 373, 3857, 259]	-0.00705	0	0.634403	3	1.227763	5	0.516699	1	-0.043478	4	2.74375	1	2.710686	5	0.239423	0	2.36087	0	the world	2073	0.455961	1	robin_281	at robin	281	A_CARRIER	NA	13	at robin	[265, 3857, 259]	[1169, 995, 373, 3857, 259]	[1169, 995, 373, 3857, 259]	5	5	3	3	1	1	NA
the sea was robin	1	R	5	2073	0.536568	2	1790	3.280318	["the", " sea", " was", " rob", "in"]	[1169, 5417, 373, 3857, 259]	-0.00705	0	0.857935	3	0.995255	5	0.516699	1	-0.046665	4	2.74375	1	2.623779	1	0.239423	0	2.36087	0	the sea	2073	0.536567	1	robin_281	at robin	281	A_CARRIER	NA	14	at robin	[265, 3857, 259]	[1169, 5417, 373, 3857, 259]	[1169, 5417, 373, 3857, 259]	5	5	3	3	1	1	NA
the wind was robin	1	R	5	2073	0.659943	2	1790	3.403693	["the", " wind", " was", " rob", "in"]	[1169, 2344, 373, 3857, 259]	-0.00705	0	1.412117	3	1.521225	5	0.516699	1	-0.052763	4	2.74375	1	2.623779	1	0.239423	0	2.36087	0	the wind	2073	0.659942	1	robin_281	at robin	281	A_CARRIER	NA	15	at robin	[265, 3857, 259]	[1169, 2344, 373, 3857, 259]	[1169, 2344, 373, 3857, 259]	5	5	3	3	1	1	NA
the ground was robin	1	R	5	2073	0.340304	2	1790	3.084054	["the", " ground", " was", " rob", "in"]	[1169, 2323, 373, 3857, 259]	-0.00705	0	0.416079	3	1.405872	5	0.516699	1	-0.042982	4	2.74375	1	2.623779	1	0.239423	0	2.36087	0	the ground	2073	0.340303	1	robin_281	at robin	281	A_CARRIER	NA	16	at robin	[265, 3857, 259]	[1169, 2323, 373, 3857, 259]	[1169, 2323, 373, 3857, 259]	5	5	3	3	1	1	NA
the ship was robin	1	R	5	2073	0.142327	2	1790	2.886078	["the", " ship", " was", " rob", "in"]	[1169, 4074, 373, 3857, 259]	-0.00705	0	0.470127	2	1.625255	5	0.516699	1	-0.05419	4	2.74375	1	2.623779	1	0.239423	0	2.36087	0	the ship	2073	0.142327	1	robin_281	at robin	281	A_CARRIER	NA	17	at robin	[265, 3857, 259]	[1169, 4074, 373, 3857, 259]	[1169, 4074, 373, 3857, 259]	5	5	3	3	1	1	NA
the morning was robin	1	R	5	2073	0.542345	2	1790	3.286096	["the", " morning", " was", " rob", "in"]	[1169, 3329, 373, 3857, 259]	-0.00705	0	1.445675	3	1.928887	5	0.516699	1	-0.062943	4	2.74375	1	2.672768	5	0.239423	0	2.36087	0	the morning	2073	0.542346	1	robin_281	at robin	281	A_CARRIER	NA	18	at robin	[265, 3857, 259]	[1169, 3329, 373, 3857, 259]	[1169, 3329, 373, 3857, 259]	5	5	3	3	1	1	NA
the evening was robin	1	R	5	2073	0.909522	2	1790	3.653273	["the", " evening", " was", " rob", "in"]	[1169, 6180, 373, 3857, 259]	-0.00705	0	1.021129	3	1.803285	5	0.516699	1	-0.049757	4	2.74375	1	2.708248	5	0.239423	0	2.36087	0	the evening	2073	0.909522	1	robin_281	at robin	281	A_CARRIER	NA	19	at robin	[265, 3857, 259]	[1169, 6180, 373, 3857, 259]	[1169, 6180, 373, 3857, 259]	5	5	3	3	1	1	NA
the weather was robin	1	R	5	1790	0.100598	1	2073	2.74375	["the", " weather", " was", " rob", "in"]	[1169, 6193, 373, 3857, 259]	-0.00705	0	0.518682	3	1.733083	5	0.516699	1	-0.036045	4	2.74375	1	2.623779	1	0.239423	0	2.36087	0	the	1790	0.119972	1	robin_281	at robin	281	A_CARRIER	NA	20	at robin	[265, 3857, 259]	[1169, 6193, 373, 3857, 259]	[1169, 6193, 373, 3857, 259]	5	5	3	3	1	1	NA
I was robin	1	R	4	1888	0.375456	1	2265	3.150538	["I", " was", " rob", "in"]	[40, 373, 3857, 259]	-0.00705	0	0.20383	2	0.998196	4	-0.033355	0	-0.034061	3	2.117125	1	3.150538	1	0.239423	0	2.36087	0	I	1888	0.789668	1	robin_281	at robin	281	A_CARRIER	NA	21	at robin	[265, 3857, 259]	[40, 373, 3857, 259]	[40, 373, 3857, 259]	4	4	2	2	1	1	NA
he was robin	1	R	4	1790	0.295405	1	1888	2.88985	["he", " was", " rob", "in"]	[258, 373, 3857, 259]	-0.00705	0	0.11632	0	1.26818	4	0.21489	1	-0.057513	3	2.88985	1	2.594446	4	0.239423	0	2.36087	0	he	1790	0.374584	1	robin_281	at robin	281	A_CARRIER	NA	22	at robin	[265, 3857, 259]	[258, 373, 3857, 259]	[258, 373, 3857, 259]	4	4	2	2	1	1	NA
she was robin	1	R	4	1790	0.46244	1	1888	3.021878	["she", " was", " rob", "in"]	[7091, 373, 3857, 259]	-0.00705	0	0.121085	2	1.349869	4	0.041438	1	-0.052017	3	3.021878	1	2.559438	4	0.239423	0	2.36087	0	she	1790	0.494933	1	robin_281	at robin	281	A_CARRIER	NA	23	at robin	[265, 3857, 259]	[7091, 373, 3857, 259]	[7091, 373, 3857, 259]	4	4	2	2	1	1	NA
we were robin	1	R	4	1790	0.19991	1	1888	2.818908	["we", " were", " rob", "in"]	[732, 547, 3857, 259]	-0.00705	0	0.11632	0	1.560664	4	0.252283	1	-0.045342	3	2.818908	1	2.618998	1	0.239423	0	2.36087	0	we	1790	0.19991	1	robin_281	at robin	281	A_CARRIER	NA	24	at robin	[265, 3857, 259]	[732, 547, 3857, 259]	[732, 547, 3857, 259]	4	4	2	2	1	1	NA
they were robin	1	R	4	1888	0.093225	4	2256	2.454094	["they", " were", " rob", "in"]	[9930, 547, 3857, 259]	-0.00705	0	0.419835	2	1.208889	4	0.274664	1	-0.060887	3	2.307492	1	2.454094	4	0.239423	0	2.36087	0	they were robin	1888	0.093225	1	robin_281	at robin	281	A_CARRIER	NA	25	at robin	[265, 3857, 259]	[9930, 547, 3857, 259]	[9930, 547, 3857, 259]	4	4	2	2	1	1	NA
you were robin	1	R	4	1888	0.219031	4	1790	2.588459	["you", " were", " rob", "in"]	[5832, 547, 3857, 259]	-0.00705	0	0.198649	2	1.667785	4	0.38756	1	-0.047191	3	2.369429	1	2.588459	4	0.239423	0	2.36087	0	you were robin	1888	0.219031	1	robin_281	at robin	281	A_CARRIER	NA	26	at robin	[265, 3857, 259]	[5832, 547, 3857, 259]	[5832, 547, 3857, 259]	4	4	2	2	1	1	NA
there was robin	1	R	4	2154	0.126387	2	2869	2.947251	["there", " was", " rob", "in"]	[8117, 373, 3857, 259]	-0.00705	0	0.210958	2	2.178415	4	0.510006	1	-0.054297	3	2.315805	1	2.521642	1	0.239423	0	2.36087	0	there was	2154	0.126386	1	robin_281	at robin	281	A_CARRIER	NA	27	at robin	[265, 3857, 259]	[8117, 373, 3857, 259]	[8117, 373, 3857, 259]	4	4	2	2	1	1	NA
outside it was robin	1	R	5	1888	0.117466	1	1790	2.739268	["outside", " it", " was", " rob", "in"]	[43435, 340, 373, 3857, 259]	-0.00705	0	0.11632	0	1.679049	4	0.261618	1	-0.021547	2	2.621802	2	2.739268	1	0.239423	0	2.36087	0	outside	1888	0.378399	1	robin_281	at robin	281	A_CARRIER	NA	28	at robin	[265, 3857, 259]	[43435, 340, 373, 3857, 259]	[43435, 340, 373, 3857, 259]	5	5	3	3	1	1	NA
inside it was robin	1	R	5	2256	0.010809	0	1888	2.36087	["inside", " it", " was", " rob", "in"]	[48787, 340, 373, 3857, 259]	-0.00705	0	0.362575	3	1.847267	4	-0.020691	1	-0.004739	2	2.23388	2	2.350061	5	0.239423	0	2.36087	0				bos_footprint	robin_281	at robin	281	A_CARRIER	NA	29	at robin	[265, 3857, 259]	[48787, 340, 373, 3857, 259]	[48787, 340, 373, 3857, 259]	5	5	3	3	1	1	NA
yesterday was robin	1	R	5	1888	0.488031	5	2256	2.848901	["yes", "terday", " was", " rob", "in"]	[8505, 6432, 373, 3857, 259]	-0.00705	0	0.342236	3	1.88402	4	0.15047	1	-0.073402	5	2.051906	5	2.848901	5	0.239423	0	2.36087	0	yesterday was robin	1888	0.488031	1	robin_281	at robin	281	A_CARRIER	NA	30	at robin	[265, 3857, 259]	[8505, 6432, 373, 3857, 259]	[8505, 6432, 373, 3857, 259]	5	5	3	3	1	1	NA
today was robin	1	R	4	1888	0.38483	1	2256	2.7457	["today", " was", " rob", "in"]	[40838, 373, 3857, 259]	-0.00705	0	0.373545	2	1.578375	3	0.267785	1	-0.071883	3	1.996986	4	2.7457	1	0.239423	0	2.36087	0	today	1888	0.38483	1	robin_281	at robin	281	A_CARRIER	NA	31	at robin	[265, 3857, 259]	[40838, 373, 3857, 259]	[40838, 373, 3857, 259]	4	4	2	2	1	1	NA
winter was robin	1	R	4	1888	0.396727	1	2256	2.757597	["winter", " was", " rob", "in"]	[40078, 373, 3857, 259]	-0.00705	0	1.197966	2	1.122581	3	-0.033355	0	-0.051181	3	1.913581	1	2.757597	1	0.239423	0	2.36087	0	winter	1888	0.396727	1	robin_281	at robin	281	A_CARRIER	NA	32	at robin	[265, 3857, 259]	[40078, 373, 3857, 259]	[40078, 373, 3857, 259]	4	4	2	2	1	1	NA
at robin	1	R	3	281	1.049644	3	2256	3.410514	["at", " rob", "in"]	[265, 3857, 259]	-0.00705	0	0.11632	0	3.410514	3	-0.033355	0	-0.030447	2	2.250798	1	2.183645	2	0.239423	0	2.36087	0	at robin	281	1.049644	1	robin_281	at robin	281	A_CARRIER	NA	33	at robin	[265, 3857, 259]	[265, 3857, 259]	[265, 3857, 259]	3	3	0	0	1	1	NA
the robin	1	R	3	1790	0.119972	1	1888	2.74375	["the", " rob", "in"]	[1169, 3857, 259]	-0.00705	0	0.11632	0	2.287387	2	0.516699	1	-0.044836	2	2.74375	1	2.623779	1	0.239423	0	2.36087	0	the	1790	0.119972	1	robin_281	at robin	281	A_CARRIER	NA	34	at robin	[265, 3857, 259]	[1169, 3857, 259]	[1169, 3857, 259]	3	3	1	1	1	1	NA
on robin	1	R	3	1888	0.116179	1	281	2.759684	["on", " rob", "in"]	[261, 3857, 259]	-0.00705	0	0.11632	0	2.643505	3	0.161203	1	-0.070084	2	2.627052	1	2.759684	1	0.239423	0	2.36087	0	on	1888	0.132633	1	robin_281	at robin	281	A_CARRIER	NA	35	at robin	[265, 3857, 259]	[261, 3857, 259]	[261, 3857, 259]	3	3	1	1	1	1	NA
near robin	1	R	3	1435	0.228051	1	1888	3.042286	["near", " rob", "in"]	[40093, 3857, 259]	-0.00705	0	0.11632	0	2.239148	3	-0.033355	0	-0.052273	2	2.559089	1	2.814235	1	0.239423	0	2.36087	0	near	1435	0.228051	1	robin_281	at robin	281	A_CARRIER	NA	36	at robin	[265, 3857, 259]	[40093, 3857, 259]	[40093, 3857, 259]	3	3	1	1	1	1	NA
was robin	1	R	3	1888	0.050024	3	2256	2.410894	["was", " rob", "in"]	[9776, 3857, 259]	-0.00705	0	0.11632	0	1.577357	3	0.390047	1	-0.082344	3	2.073068	1	2.410894	3	0.239423	0	2.36087	0	was robin	1888	0.050024	1	robin_281	at robin	281	A_CARRIER	NA	37	at robin	[265, 3857, 259]	[9776, 3857, 259]	[9776, 3857, 259]	3	3	1	1	1	1	NA
from robin	1	R	3	281	0.816067	3	2256	3.176937	["from", " rob", "in"]	[6738, 3857, 259]	-0.00705	0	0.11632	0	3.176937	3	0.001336	1	-0.063979	2	1.937281	1	2.261311	2	0.239423	0	2.36087	0	from robin	281	0.816067	1	robin_281	at robin	281	A_CARRIER	NA	38	at robin	[265, 3857, 259]	[6738, 3857, 259]	[6738, 3857, 259]	3	3	1	1	1	1	NA
of robin	1	R	3	2256	0.092838	0	1790	2.36087	["of", " rob", "in"]	[1659, 3857, 259]	-0.00705	0	0.11632	0	1.778758	3	-0.033355	0	-0.025546	2	2.268032	1	2.199231	1	0.239423	0	2.36087	0				bos_footprint	robin_281	at robin	281	A_CARRIER	NA	39	at robin	[265, 3857, 259]	[1659, 3857, 259]	[1659, 3857, 259]	3	3	1	1	1	1	NA
to robin	1	R	3	1790	0.236006	1	1888	2.627263	["to", " rob", "in"]	[1462, 3857, 259]	-0.00705	0	0.11632	0	2.166411	3	0.226257	1	-0.041937	2	2.627263	1	2.391257	1	0.239423	0	2.36087	0	to	1790	0.236005	1	robin_281	at robin	281	A_CARRIER	NA	40	at robin	[265, 3857, 259]	[1462, 3857, 259]	[1462, 3857, 259]	3	3	1	1	1	1	NA
in robin	1	R	3	1888	0.021244	1	1790	2.852342	["in", " rob", "in"]	[259, 3857, 259]	0.065777	1	0.11632	0	2.497857	3	-0.033355	0	-0.042536	2	2.831098	1	2.852342	1	0.239423	0	2.36087	0	in	1888	0.021243	1	robin_281	at robin	281	A_CARRIER	NA	41	at robin	[265, 3857, 259]	[259, 3857, 259]	[259, 3857, 259]	3	3	1	1	1	1	NA
by robin	1	R	3	281	0.514521	3	1888	3.059612	["by", " rob", "in"]	[1525, 3857, 259]	-0.00705	0	0.11632	0	3.059612	3	-0.033355	0	-0.023507	2	1.989602	1	2.545091	1	0.239423	0	2.36087	0	by robin	281	0.514521	1	robin_281	at robin	281	A_CARRIER	NA	42	at robin	[265, 3857, 259]	[1525, 3857, 259]	[1525, 3857, 259]	3	3	1	1	1	1	NA
for robin	1	R	3	1790	0.162854	1	281	2.644286	["for", " rob", "in"]	[1640, 3857, 259]	-0.00705	0	0.11632	0	2.481432	2	0.317036	1	-0.036248	2	2.644286	1	2.283253	1	0.239423	0	2.36087	0	for	1790	0.283415	1	robin_281	at robin	281	A_CARRIER	NA	43	at robin	[265, 3857, 259]	[1640, 3857, 259]	[1640, 3857, 259]	3	3	1	1	1	1	NA
with robin	1	R	3	1888	0.309064	1	281	2.675417	["with", " rob", "in"]	[4480, 3857, 259]	-0.00705	0	0.11632	0	2.366353	2	-0.033355	0	-0.029245	1	2.050942	1	2.675417	1	0.239423	0	2.36087	0	with	1888	0.314546	1	robin_281	at robin	281	A_CARRIER	NA	44	at robin	[265, 3857, 259]	[4480, 3857, 259]	[4480, 3857, 259]	3	3	1	1	1	1	NA
into robin	1	R	3	1790	0.209633	1	2256	2.570503	["into", " rob", "in"]	[20424, 3857, 259]	-0.00705	0	0.11632	0	2.309219	3	-0.033355	0	-0.042412	2	2.570503	1	2.193988	3	0.239423	0	2.36087	0	into	1790	0.209634	1	robin_281	at robin	281	A_CARRIER	NA	45	at robin	[265, 3857, 259]	[20424, 3857, 259]	[20424, 3857, 259]	3	3	1	1	1	1	NA
upon robin	1	R	3	1888	0.05341	1	2256	2.41428	["upon", " rob", "in"]	[27287, 3857, 259]	-0.00705	0	0.11632	0	1.962925	3	0.350638	1	-0.043574	2	2.249667	1	2.41428	1	0.239423	0	2.36087	0	upon	1888	0.05341	1	robin_281	at robin	281	A_CARRIER	NA	46	at robin	[265, 3857, 259]	[27287, 3857, 259]	[27287, 3857, 259]	3	3	1	1	1	1	NA
beyond robin	1	R	4	1790	0.206194	1	1888	2.782547	["be", "yond", " rob", "in"]	[1350, 3243, 3857, 259]	-0.00705	0	0.11632	0	1.923882	4	-0.033355	0	-0.030324	3	2.782547	1	2.576353	1	0.239423	0	2.36087	0	be	1790	0.206193	1	robin_281	at robin	281	A_CARRIER	NA	47	at robin	[265, 3857, 259]	[1350, 3243, 3857, 259]	[1350, 3243, 3857, 259]	4	4	2	2	1	1	NA
island robin	1	R	4	1888	0.103781	1	2256	2.464651	["is", "land", " rob", "in"]	[271, 1044, 3857, 259]	-0.00705	0	0.11632	0	1.675189	3	0.292498	1	0.017004	2	2.199817	1	2.464651	1	0.239423	0	2.36087	0	is	1888	0.103781	1	robin_281	at robin	281	A_CARRIER	NA	48	at robin	[265, 3857, 259]	[271, 1044, 3857, 259]	[271, 1044, 3857, 259]	4	4	2	2	1	1	NA
fort robin	1	R	3	1888	0.628456	1	1790	3.453658	["fort", " rob", "in"]	[3319, 3857, 259]	-0.00705	0	0.11632	0	2.064264	2	0.135534	1	-0.110091	1	2.825202	1	3.453658	1	0.239423	0	2.36087	0	fort	1888	0.628456	1	robin_281	at robin	281	A_CARRIER	NA	49	at robin	[265, 3857, 259]	[3319, 3857, 259]	[3319, 3857, 259]	3	3	1	1	1	1	NA
lake robin	1	R	3	1888	0.138809	1	1790	2.983172	["lake", " rob", "in"]	[27180, 3857, 259]	-0.00705	0	0.11632	0	1.852406	3	-0.033355	0	-0.047946	2	2.844363	1	2.983172	1	0.239423	0	2.36087	0	lake	1888	0.138809	1	robin_281	at robin	281	A_CARRIER	NA	50	at robin	[265, 3857, 259]	[27180, 3857, 259]	[27180, 3857, 259]	3	3	1	1	1	1	NA
north robin	1	R	3	1888	0.386787	1	2256	2.747657	["north", " rob", "in"]	[43588, 3857, 259]	-0.00705	0	0.11632	0	2.009443	2	-0.033355	0	-0.106109	1	2.346838	1	2.747657	1	0.239423	0	2.36087	0	north	1888	0.386787	1	robin_281	at robin	281	A_CARRIER	NA	51	at robin	[265, 3857, 259]	[43588, 3857, 259]	[43588, 3857, 259]	3	3	1	1	1	1	NA
old robin	1	R	3	1888	0.492881	1	2256	2.853751	["old", " rob", "in"]	[727, 3857, 259]	-0.00705	0	0.11632	0	1.837917	2	0.242975	1	-0.042707	2	1.965791	1	2.853751	1	0.239423	0	2.36087	0	old	1888	0.492881	1	robin_281	at robin	281	A_CARRIER	NA	52	at robin	[265, 3857, 259]	[727, 3857, 259]	[727, 3857, 259]	3	3	1	1	1	1	NA
great robin	1	R	3	1888	0.517668	1	2256	2.878538	["great", " rob", "in"]	[18223, 3857, 259]	-0.00705	0	0.11632	0	2.016572	2	0.054712	1	-0.073814	2	2.218528	1	2.878538	1	0.239423	0	2.36087	0	great	1888	0.517668	1	robin_281	at robin	281	A_CARRIER	NA	53	at robin	[265, 3857, 259]	[18223, 3857, 259]	[18223, 3857, 259]	3	3	1	1	1	1	NA
we robin	1	R	3	1790	0.19991	1	1888	2.818908	["we", " rob", "in"]	[732, 3857, 259]	-0.00705	0	0.11632	0	2.187164	3	0.252283	1	-0.084856	2	2.818908	1	2.618998	1	0.239423	0	2.36087	0	we	1790	0.19991	1	robin_281	at robin	281	A_CARRIER	NA	54	at robin	[265, 3857, 259]	[732, 3857, 259]	[732, 3857, 259]	3	3	1	1	1	1	NA
he robin	1	R	3	1790	0.374584	1	1888	2.88985	["he", " rob", "in"]	[258, 3857, 259]	-0.00705	0	0.11632	0	1.379509	3	0.21489	1	-0.031622	2	2.88985	1	2.515266	1	0.239423	0	2.36087	0	he	1790	0.374584	1	robin_281	at robin	281	A_CARRIER	NA	55	at robin	[265, 3857, 259]	[258, 3857, 259]	[258, 3857, 259]	3	3	1	1	1	1	NA
she robin	1	R	3	1790	0.494932	1	1888	3.021878	["she", " rob", "in"]	[7091, 3857, 259]	-0.00705	0	0.11632	0	1.779658	3	0.041438	1	-0.046712	2	3.021878	1	2.526946	1	0.239423	0	2.36087	0	she	1790	0.494933	1	robin_281	at robin	281	A_CARRIER	NA	56	at robin	[265, 3857, 259]	[7091, 3857, 259]	[7091, 3857, 259]	3	3	1	1	1	1	NA
they robin	1	R	3	1888	0.170668	3	2256	2.531538	["they", " rob", "in"]	[9930, 3857, 259]	-0.00705	0	0.175648	2	1.696416	3	0.274664	1	-0.069619	2	2.307492	1	2.531538	3	0.239423	0	2.36087	0	they robin	1888	0.170668	1	robin_281	at robin	281	A_CARRIER	NA	57	at robin	[265, 3857, 259]	[9930, 3857, 259]	[9930, 3857, 259]	3	3	1	1	1	1	NA
I robin	1	R	3	1888	0.789668	1	2256	3.150538	["I", " rob", "in"]	[40, 3857, 259]	-0.00705	0	0.11632	0	1.261518	3	-0.033355	0	-0.02789	2	2.117125	1	3.150538	1	0.239423	0	2.36087	0	I	1888	0.789668	1	robin_281	at robin	281	A_CARRIER	NA	58	at robin	[265, 3857, 259]	[40, 3857, 259]	[40, 3857, 259]	3	3	1	1	1	1	NA
you robin	1	R	3	1888	0.148032	3	1790	2.517461	["you", " rob", "in"]	[5832, 3857, 259]	-0.00705	0	0.11632	0	2.073747	3	0.38756	1	-0.058532	1	2.369429	1	2.517461	3	0.239423	0	2.36087	0	you robin	1888	0.148032	1	robin_281	at robin	281	A_CARRIER	NA	59	at robin	[265, 3857, 259]	[5832, 3857, 259]	[5832, 3857, 259]	3	3	1	1	1	1	NA
past robin	1	R	3	1888	0.526062	1	2256	2.886931	["past", " rob", "in"]	[30119, 3857, 259]	-0.00705	0	0.11632	0	2.096892	2	-0.033355	0	-0.061967	2	2.186315	1	2.886931	1	0.239423	0	2.36087	0	past	1888	0.526062	1	robin_281	at robin	281	A_CARRIER	NA	60	at robin	[265, 3857, 259]	[30119, 3857, 259]	[30119, 3857, 259]	3	3	1	1	1	1	NA
at Mackinaw	1	R	4	20	0.322105	3	1430	3.081347	["at", " Mack", "in", "aw"]	[265, 16640, 259, 707]	3.081347	3	0.11632	0	0.175272	2	-0.003387	4	2.759242	3	2.250798	1	2.295273	2	0.239423	0	2.36087	0	at Mackin	20	0.322105	1	robin_281	at robin	281	B_GATE	NA	1	at robin	[265, 3857, 259]	[265, 16640, 259, 707]	[265, 16640, 259, 707]	4	4	2	2	1	1	NA
at Nantucket	1	R	4	858	0.116226	2	942	2.703563	["at", " N", "ant", "ucket"]	[265, 399, 415, 38811]	-0.00705	0	0.11632	0	0.661437	2	-0.033355	0	-0.046728	3	2.250798	1	2.265475	2	0.239423	0	2.36087	0	at N	858	0.336805	1	robin_281	at robin	281	B_GATE	NA	2	at robin	[265, 3857, 259]	[265, 399, 415, 38811]	[265, 399, 415, 38811]	4	4	3	3	1	1	NA
at Iceland	1	R	2	2256	0.110071	0	1790	2.36087	["at", " Iceland"]	[265, 17333]	-0.00705	0	0.11632	0	0.095039	2	-0.033355	0	-0.122657	0	2.250798	1	2.242619	2	0.239423	0	2.36087	0				bos_footprint	robin_281	at robin	281	B_GATE	NA	3	at robin	[265, 3857, 259]	[265, 17333]	[265, 17333]	2	2	2	2	1	1	NA
at Greenland	1	R	2	1888	0.223001	2	2256	2.583871	["at", " Greenland"]	[265, 30155]	-0.00705	0	0.11632	0	0.294463	2	-0.033355	0	-0.122657	0	2.250798	1	2.583871	2	0.239423	0	2.36087	0	at Greenland	1888	0.223001	1	robin_281	at robin	281	B_GATE	NA	4	at robin	[265, 3857, 259]	[265, 30155]	[265, 30155]	2	2	2	2	1	1	NA
at Labrador	1	R	2	1888	0.064945	2	2256	2.425815	["at", " Labrador"]	[265, 45246]	-0.00705	0	0.11632	0	0.073377	2	-0.033355	0	-0.122657	0	2.250798	1	2.425815	2	0.239423	0	2.36087	0	at Labrador	1888	0.064945	1	robin_281	at robin	281	B_GATE	NA	5	at robin	[265, 3857, 259]	[265, 45246]	[265, 45246]	2	2	2	2	1	1	NA
at Patagonia	1	R	4	1956	0.183192	3	2256	2.544062	["at", " Pat", "agon", "ia"]	[265, 3208, 1840, 544]	0.442853	3	0.11632	0	0.117794	2	-0.002344	3	-0.057712	2	2.250798	1	2.128479	1	0.239423	0	2.36087	0	at Patagon	1956	0.183192	1	robin_281	at robin	281	B_GATE	NA	6	at robin	[265, 3857, 259]	[265, 3208, 1840, 544]	[265, 3208, 1840, 544]	4	4	3	3	1	1	NA
at Zanzibar	1	R	5	1888	0.114269	2	1790	2.660555	["at", " Z", "anz", "ib", "ar"]	[265, 1168, 35410, 571, 283]	0.908258	4	0.11632	0	0.061237	1	-0.000536	4	0.151485	4	2.546286	4	2.660555	2	0.239423	0	2.36087	0	at Z	1888	0.299685	1	robin_281	at robin	281	B_GATE	NA	7	at robin	[265, 3857, 259]	[265, 1168, 35410, 571, 283]	[265, 1168, 35410, 571, 283]	5	5	4	4	1	1	NA
at harbour	1	R	2	1888	0.030465	2	1790	2.519243	["at", " harbour"]	[265, 39720]	-0.00705	0	0.11632	0	1.835143	2	-0.033355	0	-0.122657	0	2.488778	2	2.519243	2	0.239423	0	2.36087	0	at harbour	1888	0.030465	1	robin_281	at robin	281	B_GATE	NA	8	at robin	[265, 3857, 259]	[265, 39720]	[265, 39720]	2	2	2	2	1	1	NA
at anchor	1	R	2	2256	0.110071	0	1790	2.36087	["at", " anchor"]	[265, 18021]	-0.00705	0	0.11632	0	1.565228	2	-0.033355	0	-0.058918	2	2.250798	1	2.128479	1	0.239423	0	2.36087	0				bos_footprint	robin_281	at robin	281	B_GATE	NA	9	at robin	[265, 3857, 259]	[265, 18021]	[265, 18021]	2	2	2	2	1	1	NA
at rigging	1	R	2	2256	0.093037	0	1888	2.36087	["at", " rigging"]	[265, 48784]	-0.00705	0	0.11632	0	1.071041	2	-0.033355	0	-0.047499	2	2.250798	1	2.267833	2	0.239423	0	2.36087	0				bos_footprint	robin_281	at robin	281	B_GATE	NA	10	at robin	[265, 3857, 259]	[265, 48784]	[265, 48784]	2	2	2	2	1	1	NA
at fathom	1	R	3	1970	0.000606	2	2874	2.868954	["at", " f", "athom"]	[265, 277, 32910]	-0.00705	0	0.11632	0	2.4156	2	-0.033355	0	-0.093923	2	2.44429	3	2.584098	3	0.239423	0	2.36087	0	at f	1970	0.000606	1	robin_281	at robin	281	B_GATE	NA	11	at robin	[265, 3857, 259]	[265, 277, 32910]	[265, 277, 32910]	3	3	2	2	1	1	NA
at leeward	1	R	4	2044	0.571843	3	1870	3.444853	["at", " le", "ew", "ard"]	[265, 443, 413, 446]	-0.00705	0	0.11632	0	1.904965	4	-0.031194	4	-0.040178	2	2.608959	4	2.128479	1	0.239423	0	2.36087	0	at leew	2044	0.571843	1	robin_281	at robin	281	B_GATE	NA	12	at robin	[265, 3857, 259]	[265, 443, 413, 446]	[265, 443, 413, 446]	4	4	3	3	1	1	NA
at starboard	1	R	3	1888	0.115516	2	281	2.661423	["at", " star", "board"]	[265, 3491, 3526]	-0.00705	0	0.11632	0	2.545907	2	-0.000354	3	-0.029681	2	2.40803	2	2.661423	2	0.239423	0	2.36087	0	at star	1888	0.115515	1	robin_281	at robin	281	B_GATE	NA	13	at robin	[265, 3857, 259]	[265, 3491, 3526]	[265, 3491, 3526]	3	3	2	2	1	1	NA
at binnacle	1	R	3	2874	0.21085	2	1790	3.117989	["at", " b", "innacle"]	[265, 275, 37087]	-0.004558	2	0.11632	0	2.595359	3	-0.033355	0	-0.050569	3	2.907138	3	2.341017	2	0.239423	0	2.36087	0	at b	2874	0.750139	1	robin_281	at robin	281	B_GATE	NA	14	at robin	[265, 3857, 259]	[265, 275, 37087]	[265, 275, 37087]	3	3	2	2	1	1	NA
at scrimshaw	1	R	3	281	0.018266	3	1790	3.068661	["at", " scrim", "shaw"]	[265, 32157, 32832]	0.281239	3	0.11632	0	3.068661	3	-0.033355	0	-0.054068	3	3.050395	3	2.421295	2	0.239423	0	2.36087	0	at scrimshaw	281	0.018266	1	robin_281	at robin	281	B_GATE	NA	15	at robin	[265, 3857, 259]	[265, 32157, 32832]	[265, 32157, 32832]	3	3	2	2	1	1	NA
at whale	1	R	2	2256	0.079786	0	1888	2.36087	["at", " whale"]	[265, 22206]	-0.00705	0	0.11632	0	0.913538	2	-0.033355	0	-0.122657	0	2.250798	1	2.281084	2	0.239423	0	2.36087	0				bos_footprint	robin_281	at robin	281	B_GATE	NA	16	at robin	[265, 3857, 259]	[265, 22206]	[265, 22206]	2	2	2	2	1	1	NA
at porpoise	1	R	4	1790	0.447321	3	2256	2.808191	["at", " por", "po", "ise"]	[265, 16964, 7501, 786]	-0.00705	0	0.11632	0	1.405534	4	-0.000461	3	-0.028783	4	2.808191	3	2.358228	2	0.239423	0	2.36087	0	at porpo	1790	0.447321	1	robin_281	at robin	281	B_GATE	NA	17	at robin	[265, 3857, 259]	[265, 16964, 7501, 786]	[265, 16964, 7501, 786]	4	4	3	3	1	1	NA
at kraken	1	R	4	1790	0.167673	4	1888	2.638391	["at", " k", "ra", "ken"]	[265, 479, 430, 3464]	-0.00705	0	0.11632	0	2.415315	2	-0.018272	4	1.432525	3	2.638391	4	2.470718	2	0.239423	0	2.36087	0	at kraken	1790	0.167673	1	robin_281	at robin	281	B_GATE	NA	18	at robin	[265, 3857, 259]	[265, 479, 430, 3464]	[265, 479, 430, 3464]	4	4	3	3	1	1	NA
at albatross	1	R	4	1787	0.316322	3	1790	3.008992	["at", " al", "bat", "ross"]	[265, 435, 8664, 1214]	-0.00705	0	0.11632	0	2.061871	2	-0.000943	4	-0.051982	2	2.692671	3	2.128479	1	0.239423	0	2.36087	0	at albat	1787	0.316322	1	robin_281	at robin	281	B_GATE	NA	19	at robin	[265, 3857, 259]	[265, 435, 8664, 1214]	[265, 435, 8664, 1214]	4	4	3	3	1	1	NA
at petrel	1	R	3	2256	0.018538	0	1888	2.36087	["at", " pet", "rel"]	[265, 4273, 2411]	-0.00705	0	0.11632	0	1.989145	2	-0.001958	3	-0.122657	0	2.250798	1	2.342332	2	0.239423	0	2.36087	0				bos_footprint	robin_281	at robin	281	B_GATE	NA	20	at robin	[265, 3857, 259]	[265, 4273, 2411]	[265, 4273, 2411]	3	3	2	2	1	1	NA
at cormorant	1	R	5	1790	0.16828	3	2874	2.82919	["at", " c", "orm", "or", "ant"]	[265, 269, 579, 273, 415]	-0.00705	0	0.11632	0	2.543417	2	-0.01985	4	-0.030064	5	2.82919	3	2.406865	5	0.239423	0	2.36087	0	at corm	1790	0.16828	1	robin_281	at robin	281	B_GATE	NA	21	at robin	[265, 3857, 259]	[265, 269, 579, 273, 415]	[265, 269, 579, 273, 415]	5	5	4	4	1	1	NA
at tavern	1	R	2	1888	0.037415	2	2256	2.398284	["at", " tavern"]	[265, 42488]	-0.00705	0	0.11632	0	0.970199	2	0.143889	2	-0.122657	0	2.250798	1	2.398284	2	0.239423	0	2.36087	0	at tavern	1888	0.037415	1	robin_281	at robin	281	B_GATE	NA	22	at robin	[265, 3857, 259]	[265, 42488]	[265, 42488]	2	2	2	2	1	1	NA
at chowder	1	R	3	281	0.063373	2	1790	2.691023	["at", " ch", "owder"]	[265, 442, 34656]	-0.00705	0	0.11632	0	2.691023	2	-0.033355	0	0.137888	3	2.62765	3	2.297047	2	0.239423	0	2.36087	0	at ch	281	0.256334	1	robin_281	at robin	281	B_GATE	NA	23	at robin	[265, 3857, 259]	[265, 442, 34656]	[265, 442, 34656]	3	3	2	2	1	1	NA
at ledger	1	R	2	1888	0.190472	2	1790	2.649747	["at", " ledger"]	[265, 37208]	-0.00705	0	0.11632	0	1.460037	2	0.002919	2	-0.046825	2	2.459275	2	2.649747	2	0.239423	0	2.36087	0	at ledger	1888	0.190472	1	robin_281	at robin	281	B_GATE	NA	24	at robin	[265, 3857, 259]	[265, 37208]	[265, 37208]	2	2	2	2	1	1	NA
at pulpit	1	R	3	1888	0.216034	2	2256	2.576904	["at", " pul", "pit"]	[265, 17472, 15544]	-0.00705	0	0.11632	0	1.813372	2	0.014622	2	-0.087354	2	2.250798	1	2.576904	2	0.239423	0	2.36087	0	at pul	1888	0.216035	1	robin_281	at robin	281	B_GATE	NA	25	at robin	[265, 3857, 259]	[265, 17472, 15544]	[265, 17472, 15544]	3	3	2	2	1	1	NA
at sermon	1	R	2	1888	0.309588	2	2256	2.670458	["at", " sermon"]	[265, 39362]	-0.00705	0	0.11632	0	1.432745	2	-0.033355	0	-0.122657	0	2.250798	1	2.670458	2	0.239423	0	2.36087	0	at sermon	1888	0.309588	1	robin_281	at robin	281	B_GATE	NA	26	at robin	[265, 3857, 259]	[265, 39362]	[265, 39362]	2	2	2	2	1	1	NA
at parson	1	R	3	281	0.097398	2	2874	2.481236	["at", " p", "arson"]	[265, 279, 12613]	-0.00705	0	0.11632	0	2.481236	2	-0.033355	0	-0.049276	2	2.257427	3	2.128479	1	0.239423	0	2.36087	0	at p	281	0.097398	1	robin_281	at robin	281	B_GATE	NA	27	at robin	[265, 3857, 259]	[265, 279, 12613]	[265, 279, 12613]	3	3	2	2	1	1	NA
at compass	1	R	2	1888	0.198832	2	2256	2.559702	["at", " compass"]	[265, 31855]	-0.00705	0	0.11632	0	1.818644	2	-0.033355	0	-0.105277	2	2.322845	2	2.559702	2	0.239423	0	2.36087	0	at compass	1888	0.198832	1	robin_281	at robin	281	B_GATE	NA	28	at robin	[265, 3857, 259]	[265, 31855]	[265, 31855]	2	2	2	2	1	1	NA
at quadrant	1	R	3	750	0.425726	3	1790	3.062566	["at", " quad", "rant"]	[265, 15094, 5250]	-0.00705	0	0.11632	0	1.343203	2	-0.018734	3	-0.001064	3	2.63684	3	2.502862	2	0.239423	0	2.36087	0	at quadrant	750	0.425726	1	robin_281	at robin	281	B_GATE	NA	29	at robin	[265, 3857, 259]	[265, 15094, 5250]	[265, 15094, 5250]	3	3	2	2	1	1	NA
at sextant	1	R	4	25	0.286966	3	2364	2.682035	["at", " se", "xt", "ant"]	[265, 384, 742, 415]	-0.00705	0	0.11632	0	2.314292	2	-0.01183	4	0.342826	3	2.250798	1	2.128479	1	0.239423	0	2.36087	0	at sext	25	0.321165	1	robin_281	at robin	281	B_GATE	NA	30	at robin	[265, 3857, 259]	[265, 384, 742, 415]	[265, 384, 742, 415]	4	4	3	3	1	1	NA
at chronometer	1	R	3	1888	0.522209	2	2256	2.883079	["at", " chron", "ometer"]	[265, 16199, 15635]	-0.00705	0	0.11632	0	1.438819	2	-0.033355	0	-0.101714	2	2.250798	1	2.883079	2	0.239423	0	2.36087	0	at chron	1888	0.52221	1	robin_281	at robin	281	B_GATE	NA	31	at robin	[265, 3857, 259]	[265, 16199, 15635]	[265, 16199, 15635]	3	3	2	2	1	1	NA
at lantern	1	R	2	1888	0.105213	2	2256	2.466083	["at", " lantern"]	[265, 41207]	-0.00705	0	0.11632	0	1.301073	2	-0.033355	0	-0.119429	2	2.250798	1	2.466083	2	0.239423	0	2.36087	0	at lantern	1888	0.105213	1	robin_281	at robin	281	B_GATE	NA	32	at robin	[265, 3857, 259]	[265, 41207]	[265, 41207]	2	2	2	2	1	1	NA
at robin	1	R	3	281	1.049644	3	2256	3.410514	["at", " rob", "in"]	[265, 3857, 259]	-0.00705	0	0.11632	0	3.410514	3	-0.033355	0	-0.030447	2	2.250798	1	2.183645	2	0.239423	0	2.36087	0	at robin	281	1.049644	1	robin_281	at robin	281	B_GATE	NA	33	at robin	[265, 3857, 259]	[265, 3857, 259]	[265, 3857, 259]	3	3	0	0	1	1	NA
at cabin	1	R	2	1888	0.011854	2	2256	2.372724	["at", " cabin"]	[265, 9351]	-0.00705	0	0.11632	0	1.059412	2	-0.033355	0	-0.100764	2	2.250798	1	2.372724	2	0.239423	0	2.36087	0	at cabin	1888	0.011854	1	robin_281	at robin	281	B_GATE	NA	34	at robin	[265, 3857, 259]	[265, 9351]	[265, 9351]	2	2	2	2	1	1	NA
at napkin	1	R	3	1888	0.302028	2	2256	2.662898	["at", " nap", "kin"]	[265, 25422, 5116]	-0.00705	0	0.11632	0	1.439004	2	-0.033355	0	-0.122657	0	2.250798	1	2.662898	2	0.239423	0	2.36087	0	at nap	1888	0.302028	1	robin_281	at robin	281	B_GATE	NA	35	at robin	[265, 3857, 259]	[265, 25422, 5116]	[265, 25422, 5116]	3	3	2	2	1	1	NA
at coffin	1	R	2	1888	0.249644	2	2256	2.610514	["at", " coffin"]	[265, 30834]	-0.00705	0	0.11632	0	0.520872	2	0.076932	2	-0.08705	2	2.273228	2	2.610514	2	0.239423	0	2.36087	0	at coffin	1888	0.249644	1	robin_281	at robin	281	B_GATE	NA	36	at robin	[265, 3857, 259]	[265, 30834]	[265, 30834]	2	2	2	2	1	1	NA
at muffin	1	R	3	2256	0.057283	0	1790	2.36087	["at", " muff", "in"]	[265, 27563, 259]	-0.00705	0	0.11632	0	1.745749	2	-0.033355	0	-0.092017	3	2.303587	2	2.186524	2	0.239423	0	2.36087	0				bos_footprint	robin_281	at robin	281	B_GATE	NA	37	at robin	[265, 3857, 259]	[265, 27563, 259]	[265, 27563, 259]	3	3	1	1	1	1	NA
at goblin	1	R	2	1790	0.008677	2	1888	2.640662	["at", " goblin"]	[265, 44625]	-0.00705	0	0.11632	0	1.859228	2	-0.033355	0	-0.119479	2	2.640662	2	2.631986	2	0.239423	0	2.36087	0	at goblin	1790	0.008677	1	robin_281	at robin	281	B_GATE	NA	38	at robin	[265, 3857, 259]	[265, 44625]	[265, 44625]	2	2	2	2	1	1	NA
at basin	1	R	2	1790	0.019525	2	2256	2.380395	["at", " basin"]	[265, 34164]	-0.00705	0	0.11632	0	1.729853	2	-0.033355	0	-0.085045	2	2.380395	2	2.206854	2	0.239423	0	2.36087	0	at basin	1790	0.019525	1	robin_281	at robin	281	B_GATE	NA	39	at robin	[265, 3857, 259]	[265, 34164]	[265, 34164]	2	2	2	2	1	1	NA
at margin	1	R	2	2256	0.110071	0	1790	2.36087	["at", " margin"]	[265, 10330]	-0.00705	0	0.11632	0	1.17075	2	-0.033355	0	-0.006899	2	2.250798	1	2.128479	1	0.239423	0	2.36087	0				bos_footprint	robin_281	at robin	281	B_GATE	NA	40	at robin	[265, 3857, 259]	[265, 10330]	[265, 10330]	2	2	2	2	1	1	NA
at Franklin	1	R	2	2256	0.110071	0	1790	2.36087	["at", " Franklin"]	[265, 14021]	-0.00705	0	0.11632	0	0.061237	1	-0.033355	0	-0.062886	2	2.250798	1	2.128479	1	0.239423	0	2.36087	0				bos_footprint	robin_281	at robin	281	B_GATE	NA	41	at robin	[265, 3857, 259]	[265, 14021]	[265, 14021]	2	2	2	2	1	1	NA
at Dublin	1	R	2	2256	0.008197	0	1888	2.36087	["at", " Dublin"]	[265, 18220]	0.110274	2	0.11632	0	0.061237	1	-0.033355	0	-0.034496	2	2.250798	1	2.352673	2	0.239423	0	2.36087	0				bos_footprint	robin_281	at robin	281	B_GATE	NA	42	at robin	[265, 3857, 259]	[265, 18220]	[265, 18220]	2	2	2	2	1	1	NA
at Berlin	1	R	2	1888	0.064267	2	2256	2.425137	["at", " Berlin"]	[265, 11307]	-0.00705	0	0.11632	0	0.359702	2	-0.033355	0	-0.060029	2	2.250798	1	2.425137	2	0.239423	0	2.36087	0	at Berlin	1888	0.064267	1	robin_281	at robin	281	B_GATE	NA	43	at robin	[265, 3857, 259]	[265, 11307]	[265, 11307]	2	2	2	2	1	1	NA
at Austin	1	R	2	2256	0.110071	0	1790	2.36087	["at", " Austin"]	[265, 9533]	-0.00705	0	0.11632	0	0.13407	2	-0.033355	0	-0.022311	2	2.250798	1	2.128479	1	0.239423	0	2.36087	0				bos_footprint	robin_281	at robin	281	B_GATE	NA	44	at robin	[265, 3857, 259]	[265, 9533]	[265, 9533]	2	2	2	2	1	1	NA
at Merlin	1	R	2	1888	0.299031	2	2256	2.659901	["at", " Merlin"]	[265, 32918]	-0.00705	0	0.11632	0	0.10155	2	-0.033355	0	-0.078588	2	2.250798	1	2.659901	2	0.239423	0	2.36087	0	at Merlin	1888	0.299031	1	robin_281	at robin	281	B_GATE	NA	45	at robin	[265, 3857, 259]	[265, 32918]	[265, 32918]	2	2	2	2	1	1	NA
at Latin	1	R	2	2256	0.110071	0	1790	2.36087	["at", " Latin"]	[265, 9133]	0.655286	2	0.11632	0	0.061237	1	-0.033355	0	-0.042259	2	2.250798	1	2.128479	1	0.239423	0	2.36087	0				bos_footprint	robin_281	at robin	281	B_GATE	NA	46	at robin	[265, 3857, 259]	[265, 9133]	[265, 9133]	2	2	2	2	1	1	NA
at thunder	1	R	2	1888	0.241186	2	2256	2.602056	["at", " thunder"]	[265, 18355]	-0.00705	0	0.11632	0	1.820026	2	-0.033355	0	-0.122657	0	2.322733	2	2.602056	2	0.239423	0	2.36087	0	at thunder	1888	0.241186	1	robin_281	at robin	281	B_GATE	NA	47	at robin	[265, 3857, 259]	[265, 18355]	[265, 18355]	2	2	2	2	1	1	NA
at marrow	1	R	2	1790	0.334749	2	2256	2.695619	["at", " marrow"]	[265, 44173]	-0.00705	0	0.11632	0	1.076683	2	0.380921	2	-0.081465	2	2.695619	2	2.13954	2	0.239423	0	2.36087	0	at marrow	1790	0.334749	1	robin_281	at robin	281	B_GATE	NA	48	at robin	[265, 3857, 259]	[265, 44173]	[265, 44173]	2	2	2	2	1	1	NA
at gospel	1	R	2	1888	0.191751	2	1790	2.618474	["at", " gospel"]	[265, 21443]	-0.00705	0	0.11632	0	2.164936	2	-0.033355	0	-0.078509	2	2.426723	2	2.618474	2	0.239423	0	2.36087	0	at gospel	1888	0.191751	1	robin_281	at robin	281	B_GATE	NA	49	at robin	[265, 3857, 259]	[265, 21443]	[265, 21443]	2	2	2	2	1	1	NA
at iron	1	R	2	1888	0.078055	2	2256	2.438925	["at", " iron"]	[265, 6953]	-0.00705	0	0.11632	0	1.929294	2	-0.023636	2	-0.037587	2	2.250798	1	2.438925	2	0.239423	0	2.36087	0	at iron	1888	0.078055	1	robin_281	at robin	281	B_GATE	NA	50	at robin	[265, 3857, 259]	[265, 6953]	[265, 6953]	2	2	2	2	1	1	NA
at canvas	1	R	2	1888	0.397439	2	2256	2.758309	["at", " canvas"]	[265, 21978]	-0.00705	0	0.11632	0	1.756548	2	-0.033355	0	-0.035851	2	2.250798	1	2.758309	2	0.239423	0	2.36087	0	at canvas	1888	0.397439	1	robin_281	at robin	281	B_GATE	NA	51	at robin	[265, 3857, 259]	[265, 21978]	[265, 21978]	2	2	2	2	1	1	NA
at tallow	1	R	3	1790	0.130982	3	1888	2.652355	["at", " tall", "ow"]	[265, 7331, 322]	-0.00705	0	0.11632	0	1.181903	3	-0.001777	3	-0.033272	2	2.652355	3	2.521373	2	0.239423	0	2.36087	0	at tallow	1790	0.130982	1	robin_281	at robin	281	B_GATE	NA	52	at robin	[265, 3857, 259]	[265, 7331, 322]	[265, 7331, 322]	3	3	2	2	1	1	NA
at cold	1	R	2	2256	0.110071	0	1790	2.36087	["at", " cold"]	[265, 4692]	-0.00705	0	0.11632	0	0.732158	2	-0.033355	0	-0.045625	2	2.250798	1	2.128479	1	0.239423	0	2.36087	0				bos_footprint	robin_281	at robin	281	B_GATE	NA	53	at robin	[265, 3857, 259]	[265, 4692]	[265, 4692]	2	2	2	2	1	1	NA
at colder	1	R	2	2256	0.110071	0	1790	2.36087	["at", " colder"]	[265, 38427]	-0.00705	0	0.11632	0	0.250275	2	-0.033355	0	-0.047451	2	2.250798	1	2.128479	1	0.409166	2	2.36087	0				bos_footprint	robin_281	at robin	281	B_GATE	NA	54	at robin	[265, 3857, 259]	[265, 38427]	[265, 38427]	2	2	2	2	1	1	NA
at coldest	1	R	3	2256	0.110071	0	1790	2.36087	["at", " cold", "est"]	[265, 4692, 395]	-0.00705	0	0.251152	3	0.732158	2	-0.033355	0	-0.045625	2	2.250798	1	2.128479	1	0.523375	3	2.36087	0				bos_footprint	robin_281	at robin	281	B_GATE	NA	55	at robin	[265, 3857, 259]	[265, 4692, 395]	[265, 4692, 395]	3	3	2	2	1	1	NA
at cool	1	R	2	2256	0.100461	0	1790	2.36087	["at", " cool"]	[265, 3608]	-0.00705	0	0.11632	0	1.308915	2	-0.033355	0	-0.07299	2	2.260409	2	2.128479	1	0.239423	0	2.36087	0				bos_footprint	robin_281	at robin	281	B_GATE	NA	56	at robin	[265, 3857, 259]	[265, 3608]	[265, 3608]	2	2	2	2	1	1	NA
at cooler	1	R	2	2256	0.110071	0	1790	2.36087	["at", " cooler"]	[265, 19346]	-0.00705	0	0.11632	0	0.693051	2	-0.033355	0	-0.054963	2	2.250798	1	2.128479	1	0.239423	0	2.36087	0				bos_footprint	robin_281	at robin	281	B_GATE	NA	57	at robin	[265, 3857, 259]	[265, 19346]	[265, 19346]	2	2	2	2	1	1	NA
at coolest	1	R	2	1790	0.105662	2	2256	2.466532	["at", " coolest"]	[265, 38889]	-0.00705	0	0.11632	0	1.01052	2	-0.026245	2	-0.036962	2	2.466532	2	2.128479	1	0.239423	0	2.36087	0	at coolest	1790	0.105662	1	robin_281	at robin	281	B_GATE	NA	58	at robin	[265, 3857, 259]	[265, 38889]	[265, 38889]	2	2	2	2	1	1	NA
at frigid	1	R	3	2256	0.003009	0	1888	2.36087	["at", " frig", "id"]	[265, 36780, 312]	-0.00705	0	0.274886	3	1.542569	2	-0.033355	0	-0.071243	3	2.31673	2	2.357861	2	2.075148	3	2.36087	0				bos_footprint	robin_281	at robin	281	B_GATE	NA	59	at robin	[265, 3857, 259]	[265, 36780, 312]	[265, 36780, 312]	3	3	2	2	1	1	NA
at freezing	1	R	2	2256	0.110071	0	1790	2.36087	["at", " freezing"]	[265, 20884]	-0.00705	0	0.11632	0	0.342476	2	-0.033355	0	-0.077385	2	2.250798	1	2.128479	1	0.239423	0	2.36087	0				bos_footprint	robin_281	at robin	281	B_GATE	NA	60	at robin	[265, 3857, 259]	[265, 20884]	[265, 20884]	2	2	2	2	1	1	NA
at rob	1	R	2	281	0.56434	2	2256	2.92521	["at", " rob"]	[265, 3857]	-0.00705	0	0.11632	0	2.92521	2	-0.033355	0	-0.030447	2	2.250798	1	2.183646	2	0.239423	0	2.36087	0	at rob	281	0.56434	1	robin_281	at robin	281	E_CONTINUATION	NA	1	at robin	[265, 3857, 259]	[265, 3857]	[265, 3857]	2	2	1	1	1	1	NA
at rob.	1	R	3	281	0.732327	3	1821	3.199893	["at", " rob", "."]	[265, 3857, 13]	-0.00705	0	0.11632	0	3.199893	3	-0.033355	0	-0.030447	2	2.250798	1	2.183645	2	0.239423	0	2.36087	0	at rob.	281	0.732327	1	robin_281	at robin	281	E_CONTINUATION	NA	2	at robin	[265, 3857, 259]	[265, 3857, 13]	[265, 3857, 13]	3	3	1	1	1	1	NA
at rob,	1	R	3	281	0.564339	2	2256	2.925209	["at", " rob", ","]	[265, 3857, 11]	-0.00705	0	0.11632	0	2.925209	2	-0.033355	0	-0.030447	2	2.250798	1	2.183645	2	0.239423	0	2.36087	0	at rob	281	0.56434	1	robin_281	at robin	281	E_CONTINUATION	NA	3	at robin	[265, 3857, 259]	[265, 3857, 11]	[265, 3857, 11]	3	3	1	1	1	1	NA
at rob!	1	R	3	281	0.564339	2	2256	2.925209	["at", " rob", "!"]	[265, 3857, 0]	-0.00705	0	0.11632	0	2.925209	2	-0.033355	0	-0.030447	2	2.250798	1	2.183645	2	0.239423	0	2.36087	0	at rob	281	0.56434	1	robin_281	at robin	281	E_CONTINUATION	NA	4	at robin	[265, 3857, 259]	[265, 3857, 0]	[265, 3857, 0]	3	3	1	1	1	1	NA
at rob?	1	R	3	281	0.564339	2	2256	2.925209	["at", " rob", "?"]	[265, 3857, 30]	-0.00705	0	0.11632	0	2.925209	2	-0.033355	0	-0.030447	2	2.250798	1	2.183645	2	0.239423	0	2.36087	0	at rob	281	0.56434	1	robin_281	at robin	281	E_CONTINUATION	NA	5	at robin	[265, 3857, 259]	[265, 3857, 30]	[265, 3857, 30]	3	3	1	1	1	1	NA
at rob;	1	R	3	281	0.564339	2	2256	2.925209	["at", " rob", ";"]	[265, 3857, 26]	-0.00705	0	0.11632	0	2.925209	2	-0.033355	0	-0.030447	2	2.250798	1	2.183645	2	0.239423	0	2.36087	0	at rob	281	0.56434	1	robin_281	at robin	281	E_CONTINUATION	NA	6	at robin	[265, 3857, 259]	[265, 3857, 26]	[265, 3857, 26]	3	3	1	1	1	1	NA
at rob:	1	R	3	281	0.564339	2	2256	2.925209	["at", " rob", ":"]	[265, 3857, 25]	-0.00705	0	0.11632	0	2.925209	2	-0.033355	0	-0.030447	2	2.250798	1	2.183645	2	0.239423	0	2.36087	0	at rob	281	0.56434	1	robin_281	at robin	281	E_CONTINUATION	NA	7	at robin	[265, 3857, 259]	[265, 3857, 25]	[265, 3857, 25]	3	3	1	1	1	1	NA
at rob...	1	R	3	281	0.564339	2	2256	2.925209	["at", " rob", "..."]	[265, 3857, 986]	-0.00705	0	0.11632	0	2.925209	2	-0.033355	0	-0.030447	2	2.250798	1	2.183645	2	0.239423	0	2.36087	0	at rob	281	0.56434	1	robin_281	at robin	281	E_CONTINUATION	NA	8	at robin	[265, 3857, 259]	[265, 3857, 986]	[265, 3857, 986]	3	3	1	1	1	1	NA
at rober	1	R	3	281	1.230353	3	2503	3.695508	["at", " ro", "ber"]	[265, 686, 527]	-0.00705	0	0.11632	0	3.695508	3	-0.033355	0	-0.067222	2	2.250798	1	2.159165	2	0.239423	0	2.36087	0	at rober	281	1.230353	1	robin_281	at robin	281	E_CONTINUATION	NA	9	at robin	[265, 3857, 259]	[265, 686, 527]	[265, 686, 527]	3	3	2	2	1	1	NA
at robest	1	R	3	281	0.441748	2	1790	2.925209	["at", " rob", "est"]	[265, 3857, 395]	0.57737	3	0.11632	0	2.925209	2	-0.033355	0	-0.030447	2	2.483461	3	2.183645	2	0.239423	0	2.36087	0	at rob	281	0.56434	1	robin_281	at robin	281	E_CONTINUATION	NA	10	at robin	[265, 3857, 259]	[265, 3857, 395]	[265, 3857, 395]	3	3	1	1	1	1	NA
at robs	1	R	3	2256	0.110071	0	1790	2.36087	["at", " ro", "bs"]	[265, 686, 1443]	-0.00705	0	0.11632	0	2.245309	2	-0.033355	0	-0.055442	3	2.250798	1	2.159165	2	0.239423	0	2.36087	0				bos_footprint	robin_281	at robin	281	E_CONTINUATION	NA	11	at robin	[265, 3857, 259]	[265, 686, 1443]	[265, 686, 1443]	3	3	2	2	1	1	NA
at robed	1	R	3	2256	0.110071	0	1790	2.36087	["at", " ro", "bed"]	[265, 686, 3077]	-0.00705	0	0.11632	0	2.245309	2	-0.033355	0	-0.029557	3	2.250798	1	2.159165	2	0.239423	0	2.36087	0				bos_footprint	robin_281	at robin	281	E_CONTINUATION	NA	12	at robin	[265, 3857, 259]	[265, 686, 3077]	[265, 686, 3077]	3	3	2	2	1	1	NA
at robing	1	R	3	281	0.564339	2	2256	2.925209	["at", " rob", "ing"]	[265, 3857, 278]	0.066853	3	0.11632	0	2.925209	2	-0.033355	0	-0.030447	2	2.250798	1	2.183645	2	0.239423	0	2.36087	0	at rob	281	0.56434	1	robin_281	at robin	281	E_CONTINUATION	NA	13	at robin	[265, 3857, 259]	[265, 3857, 278]	[265, 3857, 278]	3	3	1	1	1	1	NA
at robly	1	R	3	281	0.585311	3	2770	3.09627	["at", " rob", "ly"]	[265, 3857, 306]	-0.00705	0	0.11632	0	3.09627	3	-0.033355	0	-0.030447	2	2.359256	3	2.183645	2	0.239423	0	2.36087	0	at robly	281	0.585311	1	robin_281	at robin	281	E_CONTINUATION	NA	14	at robin	[265, 3857, 259]	[265, 3857, 306]	[265, 3857, 306]	3	3	1	1	1	1	NA
at robness	1	R	3	1790	0.081587	3	281	3.006796	["at", " rob", "ness"]	[265, 3857, 1108]	-0.00705	0	0.11632	0	2.925209	2	-0.033355	0	-0.030447	2	3.006796	3	2.344841	3	0.239423	0	2.36087	0	at robness	1790	0.081587	1	robin_281	at robin	281	E_CONTINUATION	NA	15	at robin	[265, 3857, 259]	[265, 3857, 1108]	[265, 3857, 1108]	3	3	1	1	1	1	NA
at robish	1	R	3	281	1.642412	3	2770	4.032057	["at", " rob", "ish"]	[265, 3857, 680]	0.179264	3	0.11632	0	4.032057	3	-0.033355	0	-0.030447	2	2.280707	3	2.183645	2	0.239423	0	2.36087	0	at robish	281	1.642412	1	robin_281	at robin	281	E_CONTINUATION	NA	16	at robin	[265, 3857, 259]	[265, 3857, 680]	[265, 3857, 680]	3	3	1	1	1	1	NA
at robward	1	R	3	281	1.037906	3	1790	3.755791	["at", " rob", "ward"]	[265, 3857, 904]	-0.00705	0	0.11632	0	3.755791	3	-0.033355	0	-0.027164	3	2.717885	3	2.183645	2	0.239423	0	2.36087	0	at robward	281	1.037906	1	robin_281	at robin	281	E_CONTINUATION	NA	17	at robin	[265, 3857, 259]	[265, 3857, 904]	[265, 3857, 904]	3	3	1	1	1	1	NA
at robwards	1	R	3	281	1.29878	3	1790	3.684537	["at", " rob", "wards"]	[265, 3857, 2017]	-0.00705	0	0.11632	0	3.684537	3	-0.033355	0	-0.030447	2	2.385757	3	2.183645	2	0.239423	0	2.36087	0	at robwards	281	1.29878	1	robin_281	at robin	281	E_CONTINUATION	NA	18	at robin	[265, 3857, 259]	[265, 3857, 2017]	[265, 3857, 2017]	3	3	1	1	1	1	NA
at rob water	1	R	3	281	0.590466	3	2256	2.951336	["at", " rob", " water"]	[265, 3857, 1660]	-0.00705	0	0.11632	0	2.951336	3	0.088104	3	-0.030447	2	2.250798	1	2.183645	2	0.239423	0	2.36087	0	at rob water	281	0.590466	1	robin_281	at robin	281	E_CONTINUATION	NA	19	at robin	[265, 3857, 259]	[265, 3857, 1660]	[265, 3857, 1660]	3	3	1	1	1	1	NA
at rob air	1	R	3	281	0.741637	3	2256	3.102507	["at", " rob", " air"]	[265, 3857, 1633]	-0.00705	0	0.11632	0	3.102507	3	-0.033355	0	-0.030447	2	2.250798	1	2.183645	2	0.239423	0	2.36087	0	at rob air	281	0.741637	1	robin_281	at robin	281	E_CONTINUATION	NA	20	at robin	[265, 3857, 259]	[265, 3857, 1633]	[265, 3857, 1633]	3	3	1	1	1	1	NA
at rob weather	1	R	3	281	0.564339	2	2256	2.925209	["at", " rob", " weather"]	[265, 3857, 6193]	-0.00705	0	0.11632	0	2.925209	2	-0.033355	0	-0.030447	2	2.267176	3	2.183645	2	0.239423	0	2.36087	0	at rob	281	0.56434	1	robin_281	at robin	281	E_CONTINUATION	NA	21	at robin	[265, 3857, 259]	[265, 3857, 6193]	[265, 3857, 6193]	3	3	1	1	1	1	NA
at rob night	1	R	3	281	0.564339	2	2256	2.925209	["at", " rob", " night"]	[265, 3857, 1755]	-0.00705	0	0.11632	0	2.925209	2	-0.033355	0	-0.027388	3	2.250798	1	2.183645	2	0.239423	0	2.36087	0	at rob	281	0.56434	1	robin_281	at robin	281	E_CONTINUATION	NA	22	at robin	[265, 3857, 259]	[265, 3857, 1755]	[265, 3857, 1755]	3	3	1	1	1	1	NA
at rob morning	1	R	3	281	0.564339	2	2256	2.925209	["at", " rob", " morning"]	[265, 3857, 3329]	-0.00705	0	0.11632	0	2.925209	2	-0.033355	0	-0.030447	2	2.250798	1	2.183645	2	0.239423	0	2.36087	0	at rob	281	0.56434	1	robin_281	at robin	281	E_CONTINUATION	NA	23	at robin	[265, 3857, 259]	[265, 3857, 3329]	[265, 3857, 3329]	3	3	1	1	1	1	NA
at rob again	1	R	3	281	0.564339	2	2256	2.925209	["at", " rob", " again"]	[265, 3857, 757]	-0.00705	0	0.11632	0	2.925209	2	-0.033355	0	-0.030447	2	2.250798	1	2.183645	2	0.239423	0	2.36087	0	at rob	281	0.56434	1	robin_281	at robin	281	E_CONTINUATION	NA	24	at robin	[265, 3857, 259]	[265, 3857, 757]	[265, 3857, 757]	3	3	1	1	1	1	NA
at rob now	1	R	3	281	0.564339	2	2256	2.925209	["at", " rob", " now"]	[265, 3857, 783]	-0.00705	0	0.11632	0	2.925209	2	-0.027306	3	-0.030447	2	2.250798	1	2.183645	2	0.239423	0	2.36087	0	at rob	281	0.56434	1	robin_281	at robin	281	E_CONTINUATION	NA	25	at robin	[265, 3857, 259]	[265, 3857, 783]	[265, 3857, 783]	3	3	1	1	1	1	NA
at rob then	1	R	3	281	0.901477	3	2256	3.262347	["at", " rob", " then"]	[265, 3857, 788]	-0.00705	0	0.11632	0	3.262347	3	0.568635	3	-0.002706	3	2.250798	1	2.183645	2	0.239423	0	2.36087	0	at rob then	281	0.901477	1	robin_281	at robin	281	E_CONTINUATION	NA	26	at robin	[265, 3857, 259]	[265, 3857, 788]	[265, 3857, 788]	3	3	1	1	1	1	NA
at rob today	1	R	3	281	0.564339	2	2256	2.925209	["at", " rob", " today"]	[265, 3857, 1909]	-0.00705	0	0.11632	0	2.925209	2	-0.033355	0	-0.030447	2	2.250798	1	2.183645	2	0.239423	0	2.36087	0	at rob	281	0.56434	1	robin_281	at robin	281	E_CONTINUATION	NA	27	at robin	[265, 3857, 259]	[265, 3857, 1909]	[265, 3857, 1909]	3	3	1	1	1	1	NA
at rob yesterday	1	R	3	281	0.564339	2	2256	2.925209	["at", " rob", " yesterday"]	[265, 3857, 7415]	-0.00705	0	0.11632	0	2.925209	2	-0.033355	0	-0.023632	3	2.250798	1	2.183645	2	0.239423	0	2.36087	0	at rob	281	0.56434	1	robin_281	at robin	281	E_CONTINUATION	NA	28	at robin	[265, 3857, 259]	[265, 3857, 7415]	[265, 3857, 7415]	3	3	1	1	1	1	NA
at rob outside	1	R	3	281	0.564339	2	2256	2.925209	["at", " rob", " outside"]	[265, 3857, 2354]	-0.00705	0	0.11632	0	2.925209	2	-0.033355	0	-0.030447	2	2.250798	1	2.183645	2	0.239423	0	2.36087	0	at rob	281	0.56434	1	robin_281	at robin	281	E_CONTINUATION	NA	29	at robin	[265, 3857, 259]	[265, 3857, 2354]	[265, 3857, 2354]	3	3	1	1	1	1	NA
at rob inside	1	R	3	281	0.564339	2	2256	2.925209	["at", " rob", " inside"]	[265, 3857, 2641]	-0.00705	0	0.11632	0	2.925209	2	-0.033355	0	-0.011795	3	2.250798	1	2.183645	2	0.239423	0	2.36087	0	at rob	281	0.56434	1	robin_281	at robin	281	E_CONTINUATION	NA	30	at robin	[265, 3857, 259]	[265, 3857, 2641]	[265, 3857, 2641]	3	3	1	1	1	1	NA
at rob here	1	R	3	281	0.564339	2	2256	2.925209	["at", " rob", " here"]	[265, 3857, 994]	-0.00705	0	0.11632	0	2.925209	2	-0.033355	0	-0.022529	3	2.250798	1	2.183645	2	0.239423	0	2.36087	0	at rob	281	0.56434	1	robin_281	at robin	281	E_CONTINUATION	NA	31	at robin	[265, 3857, 259]	[265, 3857, 994]	[265, 3857, 994]	3	3	1	1	1	1	NA
at rob there	1	R	3	281	0.567094	3	2256	2.927963	["at", " rob", " there"]	[265, 3857, 612]	-0.00705	0	0.11632	0	2.927963	3	-0.033355	0	-0.030447	2	2.250798	1	2.183645	2	0.239423	0	2.36087	0	at rob there	281	0.567094	1	robin_281	at robin	281	E_CONTINUATION	NA	32	at robin	[265, 3857, 259]	[265, 3857, 612]	[265, 3857, 612]	3	3	1	1	1	1	NA
at rob nearby	1	R	3	281	0.456752	2	1790	2.925209	["at", " rob", " nearby"]	[265, 3857, 6716]	-0.00705	0	0.11632	0	2.925209	2	-0.033355	0	-0.030447	2	2.468457	3	2.183645	2	0.239423	0	2.36087	0	at rob	281	0.56434	1	robin_281	at robin	281	E_CONTINUATION	NA	33	at robin	[265, 3857, 259]	[265, 3857, 6716]	[265, 3857, 6716]	3	3	1	1	1	1	NA
at rob below	1	R	3	281	0.564339	2	2256	2.925209	["at", " rob", " below"]	[265, 3857, 2174]	-0.00705	0	0.11632	0	2.925209	2	-0.033355	0	-0.007439	3	2.291522	3	2.183645	2	0.239423	0	2.36087	0	at rob	281	0.56434	1	robin_281	at robin	281	E_CONTINUATION	NA	34	at robin	[265, 3857, 259]	[265, 3857, 2174]	[265, 3857, 2174]	3	3	1	1	1	1	NA
at rob above	1	R	3	281	0.564339	2	2256	2.925209	["at", " rob", " above"]	[265, 3857, 2029]	-0.00705	0	0.11632	0	2.925209	2	-0.033355	0	-0.004747	3	2.250798	1	2.183645	2	0.239423	0	2.36087	0	at rob	281	0.56434	1	robin_281	at robin	281	E_CONTINUATION	NA	35	at robin	[265, 3857, 259]	[265, 3857, 2029]	[265, 3857, 2029]	3	3	1	1	1	1	NA
at rob ahead	1	R	3	281	0.564339	2	2256	2.925209	["at", " rob", " ahead"]	[265, 3857, 4058]	-0.00705	0	0.11632	0	2.925209	2	-0.033355	0	-0.011939	3	2.250798	1	2.183645	2	0.239423	0	2.36087	0	at rob	281	0.56434	1	robin_281	at robin	281	E_CONTINUATION	NA	36	at robin	[265, 3857, 259]	[265, 3857, 4058]	[265, 3857, 4058]	3	3	1	1	1	1	NA
at rob behind	1	R	3	281	0.564339	2	2256	2.925209	["at", " rob", " behind"]	[265, 3857, 2157]	-0.00705	0	0.11632	0	2.925209	2	-0.033355	0	-0.007505	3	2.250798	1	2.183645	2	0.239423	0	2.36087	0	at rob	281	0.56434	1	robin_281	at robin	281	E_CONTINUATION	NA	37	at robin	[265, 3857, 259]	[265, 3857, 2157]	[265, 3857, 2157]	3	3	1	1	1	1	NA
at rob at sea	1	R	4	281	0.564339	2	2256	2.925209	["at", " rob", " at", " sea"]	[265, 3857, 379, 5417]	0.560196	4	0.11632	0	2.925209	2	-0.033355	0	-0.030447	2	2.250798	1	2.183645	2	0.239423	0	2.36087	0	at rob	281	0.56434	1	robin_281	at robin	281	E_CONTINUATION	NA	38	at robin	[265, 3857, 259]	[265, 3857, 379, 5417]	[265, 3857, 379, 5417]	4	4	2	2	1	1	NA
at rob in winter	1	R	4	281	0.327873	2	137	2.925209	["at", " rob", " in", " winter"]	[265, 3857, 287, 7374]	0.175542	3	0.313721	4	2.925209	2	-0.033355	0	-0.030447	2	2.250798	1	2.183645	2	0.239423	0	2.36087	0	at rob	281	0.56434	1	robin_281	at robin	281	E_CONTINUATION	NA	39	at robin	[265, 3857, 259]	[265, 3857, 287, 7374]	[265, 3857, 287, 7374]	4	4	2	2	1	1	NA
at rob for hours	1	R	4	281	0.564339	2	2256	2.925209	["at", " rob", " for", " hours"]	[265, 3857, 329, 2250]	-0.00705	0	0.11632	0	2.925209	2	-0.033355	0	-0.013658	4	2.250798	1	2.183645	2	0.239423	0	2.36087	0	at rob	281	0.56434	1	robin_281	at robin	281	E_CONTINUATION	NA	40	at robin	[265, 3857, 259]	[265, 3857, 329, 2250]	[265, 3857, 329, 2250]	4	4	2	2	1	1	NA
at rob all day	1	R	4	281	0.247975	3	1581	2.928761	["at", " rob", " all", " day"]	[265, 3857, 477, 1110]	-0.00705	0	0.11632	0	2.928761	3	0.436857	3	-0.020934	3	2.250798	1	2.183645	2	0.239423	0	2.36087	0	at rob all	281	0.567891	1	robin_281	at robin	281	E_CONTINUATION	NA	41	at robin	[265, 3857, 259]	[265, 3857, 477, 1110]	[265, 3857, 477, 1110]	4	4	2	2	1	1	NA
at rob all night	1	R	4	1581	0.473107	4	281	3.401869	["at", " rob", " all", " night"]	[265, 3857, 477, 1755]	-0.00705	0	0.11632	0	2.928761	3	0.436857	3	-0.020934	3	2.250798	1	2.183645	2	0.239423	0	2.36087	0	at rob all night	1581	0.473107	1	robin_281	at robin	281	E_CONTINUATION	NA	42	at robin	[265, 3857, 259]	[265, 3857, 477, 1755]	[265, 3857, 477, 1755]	4	4	2	2	1	1	NA
at rob and dark	1	R	4	281	0.158178	3	2331	3.16007	["at", " rob", " and", " dark"]	[265, 3857, 290, 3223]	-0.00705	0	0.11632	0	3.16007	3	-0.033355	0	-0.023947	4	2.250798	1	2.183645	2	0.239423	0	2.36087	0	at rob and	281	0.7992	1	robin_281	at robin	281	E_CONTINUATION	NA	43	at robin	[265, 3857, 259]	[265, 3857, 290, 3223]	[265, 3857, 290, 3223]	4	4	2	2	1	1	NA
at rob and still	1	R	4	281	0.7992	3	2256	3.16007	["at", " rob", " and", " still"]	[265, 3857, 290, 991]	-0.00705	0	0.11632	0	3.16007	3	-0.033355	0	-0.01277	4	2.250798	1	2.183645	2	0.239423	0	2.36087	0	at rob and	281	0.7992	1	robin_281	at robin	281	E_CONTINUATION	NA	44	at robin	[265, 3857, 259]	[265, 3857, 290, 991]	[265, 3857, 290, 991]	4	4	2	2	1	1	NA
at rob and silent	1	R	4	281	0.7992	3	2256	3.16007	["at", " rob", " and", " silent"]	[265, 3857, 290, 10574]	-0.00705	0	0.11632	0	3.16007	3	-0.033355	0	-0.030447	2	2.250798	1	2.183645	2	0.239423	0	2.36087	0	at rob and	281	0.7992	1	robin_281	at robin	281	E_CONTINUATION	NA	45	at robin	[265, 3857, 259]	[265, 3857, 290, 10574]	[265, 3857, 290, 10574]	4	4	2	2	1	1	NA
at rob and empty	1	R	4	281	0.7992	3	2256	3.16007	["at", " rob", " and", " empty"]	[265, 3857, 290, 6565]	-0.00705	0	0.11632	0	3.16007	3	-0.033355	0	-0.030447	2	2.250798	1	2.183645	2	0.269664	4	2.36087	0	at rob and	281	0.7992	1	robin_281	at robin	281	E_CONTINUATION	NA	46	at robin	[265, 3857, 259]	[265, 3857, 290, 6565]	[265, 3857, 290, 6565]	4	4	2	2	1	1	NA
at rob and clear	1	R	4	281	0.7992	3	2256	3.16007	["at", " rob", " and", " clear"]	[265, 3857, 290, 1598]	-0.00705	0	0.11632	0	3.16007	3	-0.033355	0	-0.023787	4	2.250798	1	2.183645	2	0.324954	4	2.36087	0	at rob and	281	0.7992	1	robin_281	at robin	281	E_CONTINUATION	NA	47	at robin	[265, 3857, 259]	[265, 3857, 290, 1598]	[265, 3857, 290, 1598]	4	4	2	2	1	1	NA
at rob and bright	1	R	4	281	0.738934	3	1888	3.16007	["at", " rob", " and", " bright"]	[265, 3857, 290, 6016]	-0.00705	0	0.11632	0	3.16007	3	-0.033355	0	-0.020075	4	2.250798	1	2.421136	4	0.289281	4	2.36087	0	at rob and	281	0.7992	1	robin_281	at robin	281	E_CONTINUATION	NA	48	at robin	[265, 3857, 259]	[265, 3857, 290, 6016]	[265, 3857, 290, 6016]	4	4	2	2	1	1	NA
at rob and warm	1	R	4	281	0.7992	3	2256	3.16007	["at", " rob", " and", " warm"]	[265, 3857, 290, 5814]	-0.00705	0	0.11632	0	3.16007	3	-0.033355	0	-0.030447	2	2.250798	1	2.183645	2	1.057077	4	2.36087	0	at rob and	281	0.7992	1	robin_281	at robin	281	E_CONTINUATION	NA	49	at robin	[265, 3857, 259]	[265, 3857, 290, 5814]	[265, 3857, 290, 5814]	4	4	2	2	1	1	NA
at rob but calm	1	R	4	281	0.952937	3	2256	3.313807	["at", " rob", " but", " calm"]	[265, 3857, 475, 9480]	-0.00705	0	0.11632	0	3.313807	3	-0.033355	0	-0.02559	3	2.250798	1	2.183645	2	1.10803	4	2.36087	0	at rob but	281	0.952937	1	robin_281	at robin	281	E_CONTINUATION	NA	50	at robin	[265, 3857, 259]	[265, 3857, 475, 9480]	[265, 3857, 475, 9480]	4	4	2	2	1	1	NA
at rob but changing	1	R	4	281	0.952937	3	2256	3.313807	["at", " rob", " but", " changing"]	[265, 3857, 475, 5609]	-0.00705	0	0.11632	0	3.313807	3	-0.033355	0	-0.02559	3	2.250798	1	2.183645	2	0.239423	0	2.36087	0	at rob but	281	0.952937	1	robin_281	at robin	281	E_CONTINUATION	NA	51	at robin	[265, 3857, 259]	[265, 3857, 475, 5609]	[265, 3857, 475, 5609]	4	4	2	2	1	1	NA
at rob before dawn	1	R	4	281	0.564339	2	2256	2.925209	["at", " rob", " before", " dawn"]	[265, 3857, 878, 17577]	-0.00705	0	0.445577	4	2.925209	2	-0.033355	0	-0.023799	4	2.250798	1	2.183645	2	0.239423	0	2.36087	0	at rob	281	0.56434	1	robin_281	at robin	281	E_CONTINUATION	NA	52	at robin	[265, 3857, 259]	[265, 3857, 878, 17577]	[265, 3857, 878, 17577]	4	4	2	2	1	1	NA
at rob after sunset	1	R	4	281	0.564339	2	2256	2.925209	["at", " rob", " after", " sunset"]	[265, 3857, 706, 26428]	-0.00705	0	0.11632	0	2.925209	2	-0.033355	0	-0.016028	3	2.250798	1	2.183645	2	0.239423	0	2.36087	0	at rob	281	0.56434	1	robin_281	at robin	281	E_CONTINUATION	NA	53	at robin	[265, 3857, 259]	[265, 3857, 706, 26428]	[265, 3857, 706, 26428]	4	4	2	2	1	1	NA
at rob near shore	1	R	4	281	0.564339	2	2256	2.925209	["at", " rob", " near", " shore"]	[265, 3857, 1474, 15191]	-0.00705	0	0.11632	0	2.925209	2	-0.033355	0	-0.018239	3	2.250798	1	2.183645	2	0.239423	0	2.36087	0	at rob	281	0.56434	1	robin_281	at robin	281	E_CONTINUATION	NA	54	at robin	[265, 3857, 259]	[265, 3857, 1474, 15191]	[265, 3857, 1474, 15191]	4	4	2	2	1	1	NA
at rob offshore	1	R	3	281	0.564339	2	2256	2.925209	["at", " rob", " offshore"]	[265, 3857, 18479]	-0.00705	0	0.11632	0	2.925209	2	-0.033355	0	-0.030447	2	2.250798	1	2.183645	2	0.239423	0	2.36087	0	at rob	281	0.56434	1	robin_281	at robin	281	E_CONTINUATION	NA	55	at robin	[265, 3857, 259]	[265, 3857, 18479]	[265, 3857, 18479]	3	3	1	1	1	1	NA
at rob aboard	1	R	3	281	0.564339	2	2256	2.925209	["at", " rob", " aboard"]	[265, 3857, 15500]	-0.00705	0	0.11632	0	2.925209	2	-0.033355	0	-0.026687	3	2.250798	1	2.183645	2	0.239423	0	2.36087	0	at rob	281	0.56434	1	robin_281	at robin	281	E_CONTINUATION	NA	56	at robin	[265, 3857, 259]	[265, 3857, 15500]	[265, 3857, 15500]	3	3	1	1	1	1	NA
at rob within	1	R	3	281	0.564339	2	2256	2.925209	["at", " rob", " within"]	[265, 3857, 1626]	-0.00705	0	0.11632	0	2.925209	2	-0.033355	0	-0.005714	3	2.250798	1	2.183645	2	0.239423	0	2.36087	0	at rob	281	0.56434	1	robin_281	at robin	281	E_CONTINUATION	NA	57	at robin	[265, 3857, 259]	[265, 3857, 1626]	[265, 3857, 1626]	3	3	1	1	1	1	NA
at rob without	1	R	3	281	0.564339	2	2256	2.925209	["at", " rob", " without"]	[265, 3857, 1231]	-0.00705	0	0.11632	0	2.925209	2	-0.033355	0	-0.023968	3	2.250798	1	2.183645	2	0.239423	0	2.36087	0	at rob	281	0.56434	1	robin_281	at robin	281	E_CONTINUATION	NA	58	at robin	[265, 3857, 259]	[265, 3857, 1231]	[265, 3857, 1231]	3	3	1	1	1	1	NA
at rob beneath us	1	R	4	281	0.462628	2	202	2.925209	["at", " rob", " beneath", " us"]	[265, 3857, 11061, 514]	-0.00705	0	0.11632	0	2.925209	2	-0.033355	0	-0.007314	4	2.250798	1	2.183645	2	0.239423	0	2.36087	0	at rob	281	0.56434	1	robin_281	at robin	281	E_CONTINUATION	NA	59	at robin	[265, 3857, 259]	[265, 3857, 11061, 514]	[265, 3857, 11061, 514]	4	4	2	2	1	1	NA
at rob around us	1	R	4	281	0.564339	2	2256	2.925209	["at", " rob", " around", " us"]	[265, 3857, 1088, 514]	-0.00705	0	0.11632	0	2.925209	2	-0.033355	0	-0.026346	3	2.250798	1	2.183645	2	0.239423	0	2.36087	0	at rob	281	0.56434	1	robin_281	at robin	281	E_CONTINUATION	NA	60	at robin	[265, 3857, 259]	[265, 3857, 1088, 514]	[265, 3857, 1088, 514]	4	4	2	2	1	1	NA
 Artists robin	1	R	3	1888	0.988255	1	2256	3.349124	[" Artists", " rob", "in"]	[37599, 3857, 259]	-0.00705	0	0.11632	0	1.022439	3	0.483343	1	-0.098603	3	2.272016	1	3.349124	1	0.239423	0	2.36087	0	 Artists	1888	0.988255	1	robin_281	at robin	281	C_LOCAL	0	1	at robin	[265, 3857, 259]	[37599, 3857, 259]	[37599, 3857, 259]	3	3	1	1	1	1	0
 Dennis robin	1	R	3	1888	0.73198	3	2256	3.09285	[" Dennis", " rob", "in"]	[16902, 3857, 259]	-0.00705	0	0.11632	0	1.440861	3	0.558351	1	-0.029303	1	2.356182	3	3.09285	3	0.239423	0	2.36087	0	 Dennis robin	1888	0.73198	1	robin_281	at robin	281	C_LOCAL	0	2	at robin	[265, 3857, 259]	[16902, 3857, 259]	[16902, 3857, 259]	3	3	1	1	1	1	0
 Veteran robin	1	R	3	1888	0.76108	1	1790	3.164848	[" Veteran", " rob", "in"]	[32733, 3857, 259]	-0.00705	0	0.11632	0	0.401394	2	1.409008	1	-0.035184	2	2.403769	1	3.164848	1	0.239423	0	2.36087	0	 Veteran	1888	0.761079	1	robin_281	at robin	281	C_LOCAL	0	3	at robin	[265, 3857, 259]	[32733, 3857, 259]	[32733, 3857, 259]	3	3	1	1	1	1	0
atMediumin	1	R	3	3050	0.506512	2	1898	3.262789	["at", "Medium", "in"]	[265, 31205, 259]	-0.00705	0	0.11632	0	0.766996	3	-0.000249	2	-0.095209	3	2.618211	3	2.28588	3	0.239423	0	2.36087	0	atMedium	3050	0.506512	1	robin_281	at robin	281	C_LOCAL	0	4	at robin	[265, 3857, 259]	[265, 31205, 259]	[265, 31205, 259]	3	3	1	1	1	1	1
at rob MU	1	R	3	281	0.430601	2	858	2.925209	["at", " rob", " MU"]	[265, 3857, 25108]	-0.00705	0	0.11632	0	2.925209	2	-0.033355	0	-0.030447	2	2.250798	1	2.183645	2	0.239423	0	2.36087	0	at rob	281	0.56434	1	robin_281	at robin	281	C_LOCAL	0	5	at robin	[265, 3857, 259]	[265, 3857, 25108]	[265, 3857, 25108]	3	3	1	1	1	1	2
 Watch robin	1	R	3	1888	0.289698	1	2256	2.650568	[" Watch", " rob", "in"]	[6305, 3857, 259]	-0.00705	0	0.11632	0	1.279261	3	0.859176	1	-0.060546	2	2.068108	1	2.650568	1	0.239423	0	2.36087	0	 Watch	1888	0.289697	1	robin_281	at robin	281	C_LOCAL	0	6	at robin	[265, 3857, 259]	[6305, 3857, 259]	[6305, 3857, 259]	3	3	1	1	1	1	0
at Shepardin	1	R	3	1888	0.056483	2	2256	2.417352	["at", " Shepard", "in"]	[265, 28606, 259]	-0.00705	0	0.11632	0	0.567732	2	-6.7e-05	3	0.183124	3	2.279094	2	2.417352	2	0.239423	0	2.36087	0	at Shepard	1888	0.056484	1	robin_281	at robin	281	C_LOCAL	0	7	at robin	[265, 3857, 259]	[265, 28606, 259]	[265, 28606, 259]	3	3	1	1	1	1	1
at robBonus	1	R	3	281	0.462642	2	1888	2.925209	["at", " rob", "Bonus"]	[265, 3857, 29435]	-0.00705	0	0.11632	0	2.925209	2	-0.02	3	-0.030447	2	2.32448	3	2.462567	3	0.239423	0	2.36087	0	at rob	281	0.56434	1	robin_281	at robin	281	C_LOCAL	0	8	at robin	[265, 3857, 259]	[265, 3857, 29435]	[265, 3857, 29435]	3	3	1	1	1	1	2
atSaidin	1	R	3	812	0.236474	2	1898	2.863077	["at", "Said", "in"]	[265, 47638, 259]	-0.00705	0	0.11632	0	1.229449	3	-1.8e-05	3	-0.099087	3	2.250798	1	2.128479	1	0.239423	0	2.36087	0	atSaid	812	0.502208	1	robin_281	at robin	281	C_LOCAL	0	9	at robin	[265, 3857, 259]	[265, 47638, 259]	[265, 47638, 259]	3	3	1	1	1	1	1
 freeway robin	1	R	3	1888	0.951919	1	1790	3.903575	[" freeway", " rob", "in"]	[39042, 3857, 259]	-0.00705	0	0.11632	0	0.741812	3	1.091648	1	-0.079826	2	2.951656	1	3.903575	1	0.239423	0	2.36087	0	 freeway	1888	0.951918	1	robin_281	at robin	281	C_LOCAL	0	10	at robin	[265, 3857, 259]	[39042, 3857, 259]	[39042, 3857, 259]	3	3	1	1	1	1	0
 honored robin	1	R	3	1888	0.490735	1	464	3.23971	[" honored", " rob", "in"]	[21014, 3857, 259]	-0.00705	0	0.11632	0	1.255044	3	2.748975	1	-0.043073	2	1.965661	1	3.23971	1	0.239423	0	2.36087	0	 honored	1888	0.490735	1	robin_281	at robin	281	C_LOCAL	0	11	at robin	[265, 3857, 259]	[21014, 3857, 259]	[21014, 3857, 259]	3	3	1	1	1	1	0
 American robin	1	R	3	1888	0.967064	1	2256	3.327934	[" American", " rob", "in"]	[1605, 3857, 259]	-0.00705	0	0.11632	0	0.363224	2	2.176352	1	-0.048785	2	1.697621	1	3.327934	1	0.239423	0	2.36087	0	 American	1888	0.967064	1	robin_281	at robin	281	C_LOCAL	0	12	at robin	[265, 3857, 259]	[1605, 3857, 259]	[1605, 3857, 259]	3	3	1	1	1	1	0
 Profit robin	1	R	3	1888	0.688616	1	1790	3.10932	[" Profit", " rob", "in"]	[42886, 3857, 259]	-0.00705	0	0.11632	0	1.110793	3	1.118319	1	-0.062977	3	2.420704	3	3.10932	1	0.239423	0	2.36087	0	 Profit	1888	0.748451	1	robin_281	at robin	281	C_LOCAL	0	13	at robin	[265, 3857, 259]	[42886, 3857, 259]	[42886, 3857, 259]	3	3	1	1	1	1	0
at robround	1	R	3	281	0.551429	2	1790	2.925209	["at", " rob", "round"]	[265, 3857, 744]	-0.00705	0	0.11632	0	2.925209	2	-0.01077	3	-0.030447	2	2.37378	3	2.183645	2	0.239423	0	2.36087	0	at rob	281	0.56434	1	robin_281	at robin	281	C_LOCAL	0	14	at robin	[265, 3857, 259]	[265, 3857, 744]	[265, 3857, 744]	3	3	1	1	1	1	2
atpmwikiin	1	R	3	812	0.071314	2	2141	2.580525	["at", "pmwiki", "in"]	[265, 45321, 259]	-0.00705	0	0.11632	0	0.061237	1	-0.000676	3	0.285522	3	2.484765	3	2.128479	1	0.239423	0	2.36087	0	atpmwiki	812	0.071312	1	robin_281	at robin	281	C_LOCAL	0	15	at robin	[265, 3857, 259]	[265, 45321, 259]	[265, 45321, 259]	3	3	1	1	1	1	1
 sucking robin	1	R	3	1888	0.749203	1	1790	3.172668	[" sucking", " rob", "in"]	[27904, 3857, 259]	-0.00705	0	0.11632	0	1.75366	2	2.144476	1	-0.059831	3	2.423465	1	3.172668	1	0.239423	0	2.36087	0	 sucking	1888	0.749203	1	robin_281	at robin	281	C_LOCAL	0	16	at robin	[265, 3857, 259]	[27904, 3857, 259]	[27904, 3857, 259]	3	3	1	1	1	1	0
at rob almost	1	R	3	281	0.526546	2	1790	2.925209	["at", " rob", " almost"]	[265, 3857, 2048]	-0.00705	0	0.11632	0	2.925209	2	-0.033355	0	-0.006877	3	2.398664	3	2.183645	2	0.239423	0	2.36087	0	at rob	281	0.56434	1	robin_281	at robin	281	C_LOCAL	0	17	at robin	[265, 3857, 259]	[265, 3857, 2048]	[265, 3857, 2048]	3	3	1	1	1	1	2
at robipper	1	R	3	281	0.960532	3	2256	3.321402	["at", " rob", "ipper"]	[265, 3857, 14710]	-0.00705	0	0.11632	0	3.321402	3	-0.033355	0	-0.030447	2	2.319912	3	2.183645	2	0.239423	0	2.36087	0	at robipper	281	0.960532	1	robin_281	at robin	281	C_LOCAL	0	18	at robin	[265, 3857, 259]	[265, 3857, 14710]	[265, 3857, 14710]	3	3	1	1	1	1	2
at boastedin	1	R	3	1790	0.197601	2	1888	2.896368	["at", " boasted", "in"]	[265, 32758, 259]	-0.00705	0	0.11632	0	2.006214	3	-1.1e-05	3	-0.111434	2	2.896368	2	2.698767	2	0.239423	0	2.36087	0	at boasted	1790	0.197602	1	robin_281	at robin	281	C_LOCAL	0	19	at robin	[265, 3857, 259]	[265, 32758, 259]	[265, 32758, 259]	3	3	1	1	1	1	1
at rob batch	1	R	3	281	0.564339	2	2256	2.925209	["at", " rob", " batch"]	[265, 3857, 15458]	-0.00705	0	0.11632	0	2.925209	2	-0.033355	0	-0.020717	3	2.250798	1	2.183645	2	0.239423	0	2.36087	0	at rob	281	0.56434	1	robin_281	at robin	281	C_LOCAL	0	20	at robin	[265, 3857, 259]	[265, 3857, 15458]	[265, 3857, 15458]	3	3	1	1	1	1	2
at exceptionalin	1	R	3	1790	0.157041	3	2256	2.517911	["at", " exceptional", "in"]	[265, 15313, 259]	-0.00705	0	0.11632	0	1.552866	3	-4e-05	3	-0.051476	2	2.517911	3	2.157331	3	0.60039	2	2.36087	0	at exceptionalin	1790	0.157041	1	robin_281	at robin	281	C_LOCAL	0	21	at robin	[265, 3857, 259]	[265, 15313, 259]	[265, 15313, 259]	3	3	1	1	1	1	1
at robBuy	1	R	3	281	0.564339	2	2256	2.925209	["at", " rob", "Buy"]	[265, 3857, 14518]	-0.00705	0	0.11632	0	2.925209	2	-0.00458	3	-0.030447	2	2.250798	1	2.183645	2	0.239423	0	2.36087	0	at rob	281	0.56434	1	robin_281	at robin	281	C_LOCAL	0	22	at robin	[265, 3857, 259]	[265, 3857, 14518]	[265, 3857, 14518]	3	3	1	1	1	1	2
atioletin	1	R	3	1790	0.069417	3	2256	2.430286	["at", "iolet", "in"]	[265, 19194, 259]	-0.00705	0	0.11632	0	2.265673	3	-0.000849	3	-0.066444	3	2.430286	3	2.128479	1	0.239423	0	2.36087	0	atioletin	1790	0.069417	1	robin_281	at robin	281	C_LOCAL	0	23	at robin	[265, 3857, 259]	[265, 19194, 259]	[265, 19194, 259]	3	3	1	1	1	1	1
 expands robin	1	R	3	1888	0.101007	1	1066	2.73896	[" expands", " rob", "in"]	[27513, 3857, 259]	-0.00705	0	0.11632	0	1.518711	3	0.894323	1	-0.081989	3	2.591122	1	2.73896	1	0.239423	0	2.36087	0	 expands	1888	0.101007	1	robin_281	at robin	281	C_LOCAL	0	24	at robin	[265, 3857, 259]	[27513, 3857, 259]	[27513, 3857, 259]	3	3	1	1	1	1	0
at rob Instrument	1	R	3	281	0.17377	2	322	2.925209	["at", " rob", " Instrument"]	[265, 3857, 42410]	-0.00705	0	0.11632	0	2.925209	2	-0.033355	0	-0.030447	2	2.257248	3	2.357646	3	0.239423	0	2.36087	0	at rob	281	0.56434	1	robin_281	at robin	281	C_LOCAL	0	25	at robin	[265, 3857, 259]	[265, 3857, 42410]	[265, 3857, 42410]	3	3	1	1	1	1	2
java robin	1	R	3	1888	0.910692	1	2256	3.271562	["java", " rob", "in"]	[12355, 3857, 259]	0.133609	1	0.11632	0	1.980924	2	0.019784	2	-0.068738	3	2.097451	3	3.271562	1	0.239423	0	2.36087	0	java	1888	0.910692	1	robin_281	at robin	281	C_LOCAL	0	26	at robin	[265, 3857, 259]	[12355, 3857, 259]	[12355, 3857, 259]	3	3	1	1	1	1	0
at robexamination	1	R	3	281	0.574032	3	2256	2.934902	["at", " rob", "examination"]	[265, 3857, 47779]	-0.00705	0	0.11632	0	2.934902	3	-0.033355	0	-0.030447	2	2.295033	3	2.183645	2	0.239423	0	2.36087	0	at robexamination	281	0.574032	1	robin_281	at robin	281	C_LOCAL	0	27	at robin	[265, 3857, 259]	[265, 3857, 47779]	[265, 3857, 47779]	3	3	1	1	1	1	2
atRegin	1	R	3	2256	0.110071	0	1790	2.36087	["at", "Reg", "in"]	[265, 8081, 259]	1.918506	3	0.11632	0	0.276685	2	-0.000226	2	-0.0617	3	2.250798	1	2.128479	1	0.239423	0	2.36087	0				bos_footprint	robin_281	at robin	281	C_LOCAL	0	28	at robin	[265, 3857, 259]	[265, 8081, 259]	[265, 8081, 259]	3	3	1	1	1	1	1
at rob arous	1	R	3	281	0.564339	2	2256	2.925209	["at", " rob", " arous"]	[265, 3857, 22015]	-0.00705	0	0.11632	0	2.925209	2	-0.004354	3	-0.030447	2	2.250798	1	2.183645	2	0.239423	0	2.36087	0	at rob	281	0.56434	1	robin_281	at robin	281	C_LOCAL	0	29	at robin	[265, 3857, 259]	[265, 3857, 22015]	[265, 3857, 22015]	3	3	1	1	1	1	2
at rob028	1	R	3	281	0.564339	2	2256	2.925209	["at", " rob", "028"]	[265, 3857, 46957]	-0.00705	0	0.11632	0	2.925209	2	-0.006976	3	-0.030447	2	2.250798	1	2.183645	2	0.239423	0	2.36087	0	at rob	281	0.56434	1	robin_281	at robin	281	C_LOCAL	0	30	at robin	[265, 3857, 259]	[265, 3857, 46957]	[265, 3857, 46957]	3	3	1	1	1	1	2
at rob sucking	1	R	3	281	0.564339	2	2256	2.925209	["at", " rob", " sucking"]	[265, 3857, 27904]	-0.00705	0	0.11632	0	2.925209	2	-0.019924	3	-0.030447	2	2.250798	1	2.183645	2	0.239423	0	2.36087	0	at rob	281	0.56434	1	robin_281	at robin	281	C_LOCAL	0	31	at robin	[265, 3857, 259]	[265, 3857, 27904]	[265, 3857, 27904]	3	3	1	1	1	1	2
at rob diffusion	1	R	3	281	0.250957	2	1790	2.925209	["at", " rob", " diffusion"]	[265, 3857, 44258]	-0.00705	0	0.11632	0	2.925209	2	-0.033355	0	-0.030447	2	2.674252	3	2.183645	2	0.239423	0	2.36087	0	at rob	281	0.56434	1	robin_281	at robin	281	C_LOCAL	0	32	at robin	[265, 3857, 259]	[265, 3857, 44258]	[265, 3857, 44258]	3	3	1	1	1	1	2
houses robin	1	R	3	1888	0.606626	1	2256	2.967496	["houses", " rob", "in"]	[20089, 3857, 259]	-0.00705	0	0.11632	0	1.809231	3	0.0441	1	-0.122657	0	2.137818	1	2.967496	1	0.239423	0	2.36087	0	houses	1888	0.606626	1	robin_281	at robin	281	C_LOCAL	0	33	at robin	[265, 3857, 259]	[20089, 3857, 259]	[20089, 3857, 259]	3	3	1	1	1	1	0
at Nayin	1	R	3	1888	0.248137	2	2256	2.609007	["at", " Nay", "in"]	[265, 38808, 259]	-0.00705	0	0.11632	0	0.061237	1	-0.000503	3	-0.063632	2	2.250798	1	2.609007	2	0.239423	0	2.36087	0	at Nay	1888	0.248137	1	robin_281	at robin	281	C_LOCAL	0	34	at robin	[265, 3857, 259]	[265, 38808, 259]	[265, 38808, 259]	3	3	1	1	1	1	1
at amplifierin	1	R	3	1888	0.094569	2	1790	2.649297	["at", " amplifier", "in"]	[265, 33382, 259]	0.115908	3	0.11632	0	1.101799	2	-0.003689	3	-0.122657	0	2.554728	2	2.649297	2	0.239423	0	2.36087	0	at amplifier	1888	0.094569	1	robin_281	at robin	281	C_LOCAL	0	35	at robin	[265, 3857, 259]	[265, 33382, 259]	[265, 33382, 259]	3	3	1	1	1	1	1
at Victimin	1	R	3	1790	0.115845	3	489	2.653419	["at", " Victim", "in"]	[265, 38901, 259]	-0.00705	0	0.11632	0	0.061237	1	-0.000675	3	-0.028178	2	2.653419	3	2.131767	2	0.239423	0	2.36087	0	at Victimin	1790	0.115845	1	robin_281	at robin	281	C_LOCAL	0	36	at robin	[265, 3857, 259]	[265, 38901, 259]	[265, 38901, 259]	3	3	1	1	1	1	1
ESPN robin	1	R	3	1888	0.89936	1	2256	3.26023	["ESPN", " rob", "in"]	[31730, 3857, 259]	-0.00705	0	0.11632	0	1.056913	3	-0.033355	0	-0.049071	2	1.876252	3	3.26023	1	0.239423	0	2.36087	0	ESPN	1888	0.89936	1	robin_281	at robin	281	C_LOCAL	0	37	at robin	[265, 3857, 259]	[31730, 3857, 259]	[31730, 3857, 259]	3	3	1	1	1	1	0
 Kira robin	1	R	3	1888	0.28717	1	1790	2.897732	[" Kira", " rob", "in"]	[49103, 3857, 259]	-0.00705	0	0.11632	0	1.351285	3	0.559859	1	-0.074724	2	2.610562	1	2.897732	1	0.239423	0	2.36087	0	 Kira	1888	0.28717	1	robin_281	at robin	281	C_LOCAL	0	38	at robin	[265, 3857, 259]	[49103, 3857, 259]	[49103, 3857, 259]	3	3	1	1	1	1	0
at Gentin	1	R	3	1888	0.152762	2	2256	2.513632	["at", " Gent", "in"]	[265, 27391, 259]	0.371217	3	0.11632	0	0.482312	2	-0.013706	3	-0.084665	2	2.250798	1	2.513632	2	0.239423	0	2.36087	0	at Gent	1888	0.152762	1	robin_281	at robin	281	C_LOCAL	0	39	at robin	[265, 3857, 259]	[265, 27391, 259]	[265, 27391, 259]	3	3	1	1	1	1	1
at rob span	1	R	3	281	0.564339	2	2256	2.925209	["at", " rob", " span"]	[265, 3857, 11506]	-0.00705	0	0.11632	0	2.925209	2	-0.033355	0	-0.030447	2	2.250798	1	2.183645	2	0.239423	0	2.36087	0	at rob	281	0.56434	1	robin_281	at robin	281	C_LOCAL	0	40	at robin	[265, 3857, 259]	[265, 3857, 11506]	[265, 3857, 11506]	3	3	1	1	1	1	2
at Slackin	1	R	3	1790	0.068022	3	1888	2.554642	["at", " Slack", "in"]	[265, 36256, 259]	0.694701	3	0.11632	0	0.061237	1	-0.001903	3	0.019322	3	2.554642	3	2.486621	2	0.239423	0	2.36087	0	at Slackin	1790	0.068022	1	robin_281	at robin	281	C_LOCAL	0	41	at robin	[265, 3857, 259]	[265, 36256, 259]	[265, 36256, 259]	3	3	1	1	1	1	1
at robUFC	1	R	3	281	0.564339	2	2256	2.925209	["at", " rob", "UFC"]	[265, 3857, 44534]	-0.00705	0	0.11632	0	2.925209	2	-0.005923	3	-0.030447	2	2.250798	1	2.183645	2	0.239423	0	2.36087	0	at rob	281	0.56434	1	robin_281	at robin	281	C_LOCAL	0	42	at robin	[265, 3857, 259]	[265, 3857, 44534]	[265, 3857, 44534]	3	3	1	1	1	1	2
at rob Championships	1	R	3	281	0.564339	2	2256	2.925209	["at", " rob", " Championships"]	[265, 3857, 24782]	-0.00705	0	0.11632	0	2.925209	2	-0.033355	0	-0.030447	2	2.250798	1	2.183645	2	0.239423	0	2.36087	0	at rob	281	0.56434	1	robin_281	at robin	281	C_LOCAL	0	43	at robin	[265, 3857, 259]	[265, 3857, 24782]	[265, 3857, 24782]	3	3	1	1	1	1	2
Associated robin	1	R	3	1888	0.950085	1	1790	3.506925	["Associated", " rob", "in"]	[29014, 3857, 259]	-0.00705	0	0.11632	0	0.652961	3	-0.033355	0	-0.057842	2	2.556841	1	3.506925	1	0.239423	0	2.36087	0	Associated	1888	0.950084	1	robin_281	at robin	281	C_LOCAL	0	44	at robin	[265, 3857, 259]	[29014, 3857, 259]	[29014, 3857, 259]	3	3	1	1	1	1	0
at rob bred	1	R	3	281	0.539313	2	1790	2.925209	["at", " rob", " bred"]	[265, 3857, 33592]	-0.00705	0	0.11632	0	2.925209	2	-0.033355	0	-0.030447	2	2.385896	3	2.262816	3	0.239423	0	2.36087	0	at rob	281	0.56434	1	robin_281	at robin	281	C_LOCAL	0	45	at robin	[265, 3857, 259]	[265, 3857, 33592]	[265, 3857, 33592]	3	3	1	1	1	1	2
 astron robin	1	R	3	1888	1.439935	1	1790	4.404995	[" astron", " rob", "in"]	[10894, 3857, 259]	-0.006051	1	0.11632	0	1.793076	2	1.530604	1	-0.077765	2	2.96506	1	4.404995	1	0.239423	0	2.36087	0	 astron	1888	1.439936	1	robin_281	at robin	281	C_LOCAL	0	46	at robin	[265, 3857, 259]	[10894, 3857, 259]	[10894, 3857, 259]	3	3	1	1	1	1	0
at rob Mile	1	R	3	281	0.564339	2	2256	2.925209	["at", " rob", " Mile"]	[265, 3857, 26004]	-0.00705	0	0.11632	0	2.925209	2	-0.033355	0	-0.030447	2	2.250798	1	2.183645	2	0.239423	0	2.36087	0	at rob	281	0.56434	1	robin_281	at robin	281	C_LOCAL	0	47	at robin	[265, 3857, 259]	[265, 3857, 26004]	[265, 3857, 26004]	3	3	1	1	1	1	2
at rob trad	1	R	3	281	0.564339	2	2256	2.925209	["at", " rob", " trad"]	[265, 3857, 2083]	0.078756	3	0.11632	0	2.925209	2	0.412139	3	-0.026837	3	2.250798	1	2.312142	3	0.239423	0	2.36087	0	at rob	281	0.56434	1	robin_281	at robin	281	C_LOCAL	0	48	at robin	[265, 3857, 259]	[265, 3857, 2083]	[265, 3857, 2083]	3	3	1	1	1	1	2
at65in	1	R	3	2256	0.110071	0	1790	2.36087	["at", "65", "in"]	[265, 2996, 259]	0.081131	3	0.11632	0	0.705772	3	-7.9e-05	2	-0.122657	0	2.250798	1	2.128479	1	0.239423	0	2.36087	0				bos_footprint	robin_281	at robin	281	C_LOCAL	0	49	at robin	[265, 3857, 259]	[265, 2996, 259]	[265, 2996, 259]	3	3	1	1	1	1	1
at robPoll	1	R	3	281	0.564339	2	2256	2.925209	["at", " rob", "Poll"]	[265, 3857, 39176]	-0.00705	0	0.11632	0	2.925209	2	-0.033355	0	-0.030447	2	2.250798	1	2.183645	2	0.239423	0	2.36087	0	at rob	281	0.56434	1	robin_281	at robin	281	C_LOCAL	0	50	at robin	[265, 3857, 259]	[265, 3857, 39176]	[265, 3857, 39176]	3	3	1	1	1	1	2
at rob domest	1	R	3	281	0.564339	2	2256	2.925209	["at", " rob", " domest"]	[265, 3857, 26026]	-0.00705	0	0.11632	0	2.925209	2	0.151151	3	-0.030447	2	2.311402	3	2.183645	2	0.239423	0	2.36087	0	at rob	281	0.56434	1	robin_281	at robin	281	C_LOCAL	0	51	at robin	[265, 3857, 259]	[265, 3857, 26026]	[265, 3857, 26026]	3	3	1	1	1	1	2
at rob irre	1	R	3	281	0.565029	3	2256	2.925899	["at", " rob", " irre"]	[265, 3857, 11331]	-0.00705	0	0.11632	0	2.925899	3	0.090383	3	-0.030447	2	2.250798	1	2.183645	2	0.239423	0	2.36087	0	at rob irre	281	0.565029	1	robin_281	at robin	281	C_LOCAL	0	52	at robin	[265, 3857, 259]	[265, 3857, 11331]	[265, 3857, 11331]	3	3	1	1	1	1	2
 incorporates robin	1	R	3	1888	0.548616	1	2256	2.909486	[" incorporates", " rob", "in"]	[33181, 3857, 259]	-0.00705	0	0.11632	0	1.242411	3	1.079024	1	-0.059392	2	2.169811	1	2.909486	1	0.239423	0	2.36087	0	 incorporates	1888	0.548616	1	robin_281	at robin	281	C_LOCAL	0	53	at robin	[265, 3857, 259]	[33181, 3857, 259]	[33181, 3857, 259]	3	3	1	1	1	1	0
ues robin	1	R	3	1790	0.035308	1	1888	2.750702	["ues", " rob", "in"]	[947, 3857, 259]	-0.00705	0	0.11632	0	1.991406	3	-0.033355	0	-0.122657	0	2.750702	1	2.715394	1	0.239423	0	2.36087	0	ues	1790	0.035307	1	robin_281	at robin	281	C_LOCAL	0	54	at robin	[265, 3857, 259]	[947, 3857, 259]	[947, 3857, 259]	3	3	1	1	1	1	0
 laboratories robin	1	R	3	1888	0.463812	1	1790	3.251676	[" laboratories", " rob", "in"]	[35650, 3857, 259]	-0.00705	0	0.11632	0	0.870666	3	0.641977	1	-0.069997	3	2.787864	1	3.251676	1	0.239423	0	2.36087	0	 laboratories	1888	0.463812	1	robin_281	at robin	281	C_LOCAL	0	55	at robin	[265, 3857, 259]	[35650, 3857, 259]	[35650, 3857, 259]	3	3	1	1	1	1	0
at rob reun	1	R	3	281	0.564339	2	2256	2.925209	["at", " rob", " reun"]	[265, 3857, 15398]	-0.00705	0	0.11632	0	2.925209	2	-0.033355	0	-0.030447	2	2.250798	1	2.315453	3	0.239423	0	2.36087	0	at rob	281	0.56434	1	robin_281	at robin	281	C_LOCAL	0	56	at robin	[265, 3857, 259]	[265, 3857, 15398]	[265, 3857, 15398]	3	3	1	1	1	1	2
at Spiritualin	1	R	3	1888	0.516271	2	2256	2.877141	["at", " Spiritual", "in"]	[265, 33944, 259]	-0.00705	0	0.11632	0	0.061237	1	-0.001089	3	-0.003185	3	2.250798	1	2.877141	2	0.239423	0	2.36087	0	at Spiritual	1888	0.516272	1	robin_281	at robin	281	C_LOCAL	0	57	at robin	[265, 3857, 259]	[265, 33944, 259]	[265, 33944, 259]	3	3	1	1	1	1	1
at)}in	1	R	3	1888	0.271168	3	2944	2.925558	["at", ")}", "in"]	[265, 38165, 259]	-0.00705	0	0.11632	0	0.150694	2	-0.033355	0	-0.019874	3	2.250798	1	2.925558	3	0.239423	0	2.36087	0	at)}in	1888	0.271168	1	robin_281	at robin	281	C_LOCAL	0	58	at robin	[265, 3857, 259]	[265, 38165, 259]	[265, 38165, 259]	3	3	1	1	1	1	1
at overflowin	1	R	3	1790	0.019877	3	2256	2.380747	["at", " overflow", "in"]	[265, 30343, 259]	0.099728	3	0.11632	0	1.186867	3	-0.001455	3	-0.050392	2	2.380747	3	2.128479	1	0.239423	0	2.36087	0	at overflowin	1790	0.019877	1	robin_281	at robin	281	C_LOCAL	0	59	at robin	[265, 3857, 259]	[265, 30343, 259]	[265, 30343, 259]	3	3	1	1	1	1	1
atLocatedin	1	R	3	812	0.303667	3	1898	2.797369	["at", "Located", "in"]	[265, 43525, 259]	-0.00705	0	0.11632	0	0.697832	3	-0.000302	3	-0.053137	2	2.250798	1	2.128479	1	0.239423	0	2.36087	0	atLocatedin	812	0.303667	1	robin_281	at robin	281	C_LOCAL	0	60	at robin	[265, 3857, 259]	[265, 43525, 259]	[265, 43525, 259]	3	3	1	1	1	1	1
 choose walkinglevel	1	R	3	464	0.581064	1	1888	3.177628	[" choose", " walking", "level"]	[3853, 6155, 5715]	-0.00705	0	0.11632	0	1.525147	3	3.177628	1	-0.072746	1	2.317758	1	2.596564	1	0.239423	0	2.36087	0	 choose	464	0.581066	1	robin_281	at robin	281	D_RANDOM_TOKEN	0	1	at robin	[265, 3857, 259]	[3853, 6155, 5715]	[3853, 6155, 5715]	3	3	3	3	1	1	NA
 Fallout meth TBA	1	R	3	1888	0.290085	1	1790	3.343676	[" Fallout", " meth", " TBA"]	[23886, 11248, 48591]	-0.00705	0	0.11632	0	-0.000821	0	1.147677	1	-0.053391	3	3.053591	3	3.343676	1	0.239423	0	2.36087	0	 Fallout	1888	0.736511	1	robin_281	at robin	281	D_RANDOM_TOKEN	0	2	at robin	[265, 3857, 259]	[23886, 11248, 48591]	[23886, 11248, 48591]	3	3	3	3	1	1	NA
 Vend Bom evolutionary	1	R	3	1888	0.384603	1	1790	3.42747	[" Vend", " Bom", " evolutionary"]	[44220, 20403, 16673]	-0.00705	0	0.11632	0	-0.000821	0	0.383086	1	-0.091582	3	3.042867	1	3.42747	1	0.239423	0	2.36087	0	 Vend	1888	0.384603	1	robin_281	at robin	281	D_RANDOM_TOKEN	0	3	at robin	[265, 3857, 259]	[44220, 20403, 16673]	[44220, 20403, 16673]	3	3	3	3	1	1	NA
 restroom taxpayers Rolls	1	R	3	1888	0.595647	1	1790	3.425057	[" restroom", " taxpayers", " Rolls"]	[40018, 14086, 40074]	-0.00705	0	0.11632	0	-0.000821	0	0.484828	1	-0.114983	2	2.829409	1	3.425057	1	0.239423	0	2.36087	0	 restroom	1888	0.595647	1	robin_281	at robin	281	D_RANDOM_TOKEN	0	4	at robin	[265, 3857, 259]	[40018, 14086, 40074]	[40018, 14086, 40074]	3	3	3	3	1	1	NA
roll Ghostsacea	1	R	3	1665	0.003522	1	1888	2.449895	["roll", " Ghosts", "acea"]	[2487, 38389, 44977]	-0.00705	0	0.11632	0	0.150808	1	-0.01725	3	0.157343	3	2.374195	3	2.446373	1	0.239423	0	2.36087	0	roll	1665	0.003522	1	robin_281	at robin	281	D_RANDOM_TOKEN	0	5	at robin	[265, 3857, 259]	[2487, 38389, 44977]	[2487, 38389, 44977]	3	3	3	3	1	1	NA
 actorsmetal nonpartisan	1	R	3	1888	0.582687	1	1790	2.957074	[" actors", "metal", " nonpartisan"]	[10544, 28469, 42157]	-0.00705	0	0.11632	0	1.416321	2	1.425779	1	0.393522	2	2.374387	2	2.957074	1	0.239423	0	2.36087	0	 actors	1888	0.596204	1	robin_281	at robin	281	D_RANDOM_TOKEN	0	6	at robin	[265, 3857, 259]	[10544, 28469, 42157]	[10544, 28469, 42157]	3	3	3	3	1	1	NA
eightEffectsReader	1	R	3	1898	0.033469	3	1888	2.836897	["eight", "Effects", "Reader"]	[26022, 47738, 33634]	-0.00705	0	0.11632	0	-0.000821	0	0.043007	1	-0.051832	1	2.342593	1	2.803428	1	0.239423	0	2.36087	0	eightEffectsReader	1898	0.033469	1	robin_281	at robin	281	D_RANDOM_TOKEN	0	7	at robin	[265, 3857, 259]	[26022, 47738, 33634]	[26022, 47738, 33634]	3	3	3	3	1	1	NA
 Minecraftussen ping	1	R	3	1790	0.062341	2	1888	3.287795	[" Minecraft", "ussen", " ping"]	[24609, 35951, 29400]	-0.00705	0	0.11632	0	0.061474	3	1.353122	1	-0.121913	3	3.287795	2	3.225454	1	0.239423	0	2.36087	0	 Minecraftussen	1790	0.06234	1	robin_281	at robin	281	D_RANDOM_TOKEN	0	8	at robin	[265, 3857, 259]	[24609, 35951, 29400]	[24609, 35951, 29400]	3	3	3	3	1	1	NA
 hemisphere orcheicro	1	R	3	1888	0.575625	1	1790	3.734245	[" hemisphere", " orche", "icro"]	[33169, 17771, 2500]	-0.00705	0	0.11632	0	0.224617	1	1.114924	1	-0.122657	0	3.15862	1	3.734245	1	0.239423	0	2.36087	0	 hemisphere	1888	0.575626	1	robin_281	at robin	281	D_RANDOM_TOKEN	0	9	at robin	[265, 3857, 259]	[33169, 17771, 2500]	[33169, 17771, 2500]	3	3	3	3	1	1	NA
 successiren Norton	1	R	3	1888	0.087885	1	1790	3.00992	[" success", "iren", " Norton"]	[1943, 24080, 30722]	-0.00705	0	0.11632	0	1.028459	2	1.401754	1	0.465412	2	2.922035	1	3.00992	1	0.239423	0	2.36087	0	 success	1888	0.087885	1	robin_281	at robin	281	D_RANDOM_TOKEN	0	10	at robin	[265, 3857, 259]	[1943, 24080, 30722]	[1943, 24080, 30722]	3	3	3	3	1	1	NA
 lou DIY adulthood	1	R	3	1888	0.524714	1	1790	3.426526	[" lou", " DIY", " adulthood"]	[21081, 25134, 28003]	-0.00705	0	0.11632	0	1.027445	1	2.46552	1	-0.033473	3	2.901812	1	3.426526	1	0.239423	0	2.36087	0	 lou	1888	0.524712	1	robin_281	at robin	281	D_RANDOM_TOKEN	0	11	at robin	[265, 3857, 259]	[21081, 25134, 28003]	[21081, 25134, 28003]	3	3	3	3	1	1	NA
 Directive executed Signs	1	R	3	1888	1.31642	1	1790	3.755497	[" Directive", " executed", " Signs"]	[34736, 10945, 37027]	-0.00705	0	0.11632	0	-0.000821	0	0.356626	1	-0.084275	2	2.439077	1	3.755497	1	0.239423	0	2.36087	0	 Directive	1888	1.31642	1	robin_281	at robin	281	D_RANDOM_TOKEN	0	12	at robin	[265, 3857, 259]	[34736, 10945, 37027]	[34736, 10945, 37027]	3	3	3	3	1	1	NA
asma Nobody Puerto	1	R	3	1888	0.545788	1	2256	2.906658	["asma", " Nobody", " Puerto"]	[11797, 15658, 15295]	-0.00705	0	0.11632	0	0.865285	1	-0.033355	0	-0.10346	2	2.249744	1	2.906658	1	0.239423	0	2.36087	0	asma	1888	0.545789	1	robin_281	at robin	281	D_RANDOM_TOKEN	0	13	at robin	[265, 3857, 259]	[11797, 15658, 15295]	[11797, 15658, 15295]	3	3	3	3	1	1	NA
sterilst Remote	1	R	3	1888	0.437733	1	1790	3.038397	["ster", "ilst", " Remote"]	[1706, 11750, 21520]	-0.00705	0	0.11632	0	1.527054	2	0.043922	1	-0.113037	3	2.600664	1	3.038397	1	0.239423	0	2.36087	0	ster	1888	0.437733	1	robin_281	at robin	281	D_RANDOM_TOKEN	0	14	at robin	[265, 3857, 259]	[1706, 11750, 21520]	[1706, 11750, 21520]	3	3	3	3	1	1	NA
 burned convinCt	1	R	3	1888	0.060802	1	464	2.956201	[" burned", " convin", "Ct"]	[11544, 9120, 33707]	-0.00705	0	0.11632	0	0.626189	2	2.895398	1	-0.030213	2	2.458036	1	2.956201	1	0.239423	0	2.36087	0	 burned	1888	0.060802	1	robin_281	at robin	281	D_RANDOM_TOKEN	0	15	at robin	[265, 3857, 259]	[11544, 9120, 33707]	[11544, 9120, 33707]	3	3	3	3	1	1	NA
Loc anticipate8000	1	R	3	1888	0.956475	1	2256	3.317345	["Loc", " anticipate", "8000"]	[33711, 23794, 33942]	-0.00705	0	0.11632	0	0.008959	3	0.022381	2	-0.122657	0	1.936504	1	3.317345	1	0.239423	0	2.36087	0	Loc	1888	0.956476	1	robin_281	at robin	281	D_RANDOM_TOKEN	0	16	at robin	[265, 3857, 259]	[33711, 23794, 33942]	[33711, 23794, 33942]	3	3	3	3	1	1	NA
 LONG federation Scar	1	R	3	1888	0.220204	1	858	3.040029	[" LONG", " federation", " Scar"]	[44533, 36986, 12089]	-0.00705	0	0.11632	0	-0.000821	0	1.567822	1	-0.04165	2	2.344866	2	3.040029	1	0.239423	0	2.36087	0	 LONG	1888	0.220204	1	robin_281	at robin	281	D_RANDOM_TOKEN	0	17	at robin	[265, 3857, 259]	[44533, 36986, 12089]	[44533, 36986, 12089]	3	3	3	3	1	1	NA
 Crowd Banner PAGE	1	R	3	1888	0.646912	1	1790	3.322811	[" Crowd", " Banner", " PAGE"]	[29452, 27414, 48488]	-0.00705	0	0.11632	0	-0.000821	0	2.102968	1	-0.022477	3	2.675899	2	3.322811	1	0.239423	0	2.36087	0	 Crowd	1888	0.869257	1	robin_281	at robin	281	D_RANDOM_TOKEN	0	18	at robin	[265, 3857, 259]	[29452, 27414, 48488]	[29452, 27414, 48488]	3	3	3	3	1	1	NA
 exitedDiv Forms	1	R	3	1888	0.138184	1	1790	2.901345	[" exited", "Div", " Forms"]	[34710, 24095, 39196]	-0.00705	0	0.11632	0	0.090904	2	1.168496	1	-0.108243	1	2.763161	1	2.901345	1	0.239423	0	2.36087	0	 exited	1888	0.138184	1	robin_281	at robin	281	D_RANDOM_TOKEN	0	19	at robin	[265, 3857, 259]	[34710, 24095, 39196]	[34710, 24095, 39196]	3	3	3	3	1	1	NA
 Garfieldْ Hutch	1	R	3	1888	0.42574	1	1790	3.340877	[" Garfield", "ْ", " Hutch"]	[47218, 48763, 30492]	-0.001031	3	0.11632	0	-0.000821	0	0.522697	1	-0.033882	3	2.915137	2	3.340877	1	0.239423	0	2.36087	0	 Garfield	1888	0.77492	1	robin_281	at robin	281	D_RANDOM_TOKEN	0	20	at robin	[265, 3857, 259]	[47218, 48763, 30492]	[47218, 48763, 30492]	3	3	3	3	1	1	NA
798Skill hated	1	R	3	1888	0.611829	1	1790	3.154756	["798", "Skill", " hated"]	[43240, 35040, 16563]	-0.002632	2	0.232836	3	-0.000821	0	-0.001541	2	-0.115141	3	2.542927	3	3.154756	1	0.239423	0	2.36087	0	798	1888	0.793887	1	robin_281	at robin	281	D_RANDOM_TOKEN	0	21	at robin	[265, 3857, 259]	[43240, 35040, 16563]	[43240, 35040, 16563]	3	3	3	3	1	1	NA
limit Foster Orioles	1	R	3	1888	0.040169	3	1790	2.807239	["limit", " Foster", " Orioles"]	[32374, 18489, 32907]	-0.00705	0	0.11632	0	-0.000821	0	0.372367	1	-0.037827	2	2.76707	1	2.807239	3	0.239423	0	2.36087	0	limit Foster Orioles	1888	0.040169	1	robin_281	at robin	281	D_RANDOM_TOKEN	0	22	at robin	[265, 3857, 259]	[32374, 18489, 32907]	[32374, 18489, 32907]	3	3	3	3	1	1	NA
 Denis fractured tomat	1	R	3	1888	0.383919	1	2256	2.744789	[" Denis", " fractured", " tomat"]	[33089, 34051, 23414]	-0.00705	0	0.11632	0	-0.000821	0	1.0941	1	-0.026406	3	2.350932	1	2.744789	1	0.239423	0	2.36087	0	 Denis	1888	0.383919	1	robin_281	at robin	281	D_RANDOM_TOKEN	0	23	at robin	[265, 3857, 259]	[33089, 34051, 23414]	[33089, 34051, 23414]	3	3	3	3	1	1	NA
 faredhesda baggage	1	R	3	1888	0.287921	1	1790	3.173719	[" fared", "hesda", " baggage"]	[43688, 30049, 30466]	-0.00705	0	0.11632	0	0.392277	2	0.544325	1	-0.101973	1	2.885798	1	3.173719	1	0.239423	0	2.36087	0	 fared	1888	0.28792	1	robin_281	at robin	281	D_RANDOM_TOKEN	0	24	at robin	[265, 3857, 259]	[43688, 30049, 30466]	[43688, 30049, 30466]	3	3	3	3	1	1	NA
 amino persecuted Iro	1	R	3	1888	0.478371	1	1790	3.388322	[" amino", " persecuted", " Iro"]	[23206, 37501, 47927]	-0.00705	0	0.11632	0	0.086706	1	2.018159	1	-0.054861	3	2.90995	2	3.388322	1	0.239423	0	2.36087	0	 amino	1888	0.862218	1	robin_281	at robin	281	D_RANDOM_TOKEN	0	25	at robin	[265, 3857, 259]	[23206, 37501, 47927]	[23206, 37501, 47927]	3	3	3	3	1	1	NA
 epoch Spurmort	1	R	3	1888	1.10847	1	1790	4.18537	[" epoch", " Spur", "mort"]	[36835, 47788, 30171]	-0.00705	0	0.11632	0	0.746105	1	1.573355	1	-0.122657	0	3.0769	1	4.18537	1	0.239423	0	2.36087	0	 epoch	1888	1.108469	1	robin_281	at robin	281	D_RANDOM_TOKEN	0	26	at robin	[265, 3857, 259]	[36835, 47788, 30171]	[36835, 47788, 30171]	3	3	3	3	1	1	NA
 complementary Tackle frustrated	1	R	3	1888	0.238122	1	464	3.274732	[" complementary", " Tackle", " frustrated"]	[32150, 43502, 14718]	-0.00705	0	0.11632	0	0.195618	1	3.03661	1	-0.04226	2	3.008687	1	3.274732	1	0.293109	3	2.36087	0	 complementary	1888	0.238121	1	robin_281	at robin	281	D_RANDOM_TOKEN	0	27	at robin	[265, 3857, 259]	[32150, 43502, 14718]	[32150, 43502, 14718]	3	3	3	3	1	1	NA
 1900Generic BY	1	R	3	1888	1.124371	1	858	3.544443	[" 1900", "Generic", " BY"]	[21489, 46189, 11050]	-0.00705	0	0.11632	0	-0.000821	0	1.006353	1	-0.05026	3	2.176296	2	3.544443	1	0.239423	0	2.36087	0	 1900	1888	1.183573	1	robin_281	at robin	281	D_RANDOM_TOKEN	0	28	at robin	[265, 3857, 259]	[21489, 46189, 11050]	[21489, 46189, 11050]	3	3	3	3	1	1	NA
 Chronic compatibilityfuck	1	R	3	1888	0.474375	1	1790	3.789229	[" Chronic", " compatibility", "fuck"]	[40700, 17764, 31699]	-0.00705	0	0.11632	0	-0.000821	0	1.921016	1	0.052546	1	3.314854	1	3.789229	1	0.239423	0	2.36087	0	 Chronic	1888	0.474375	1	robin_281	at robin	281	D_RANDOM_TOKEN	0	29	at robin	[265, 3857, 259]	[40700, 17764, 31699]	[40700, 17764, 31699]	3	3	3	3	1	1	NA
 Latino DD COURT	1	R	3	1888	0.378419	1	2467	3.244248	[" Latino", " DD", " COURT"]	[20496, 20084, 46627]	-0.00473	3	0.11632	0	-0.000821	0	1.592074	1	-0.032771	3	2.412323	1	3.244248	1	0.239423	0	2.36087	0	 Latino	1888	0.831926	1	robin_281	at robin	281	D_RANDOM_TOKEN	0	30	at robin	[265, 3857, 259]	[20496, 20084, 46627]	[20496, 20084, 46627]	3	3	3	3	1	1	NA
erala ascent#$#$	1	R	3	1888	0.565156	1	1790	3.365202	["erala", " ascent", "#$#$"]	[33314, 37137, 34206]	-0.00705	0	0.11632	0	0.045294	1	-0.031059	3	-0.046072	1	2.800047	3	3.365202	1	0.239423	0	2.36087	0	erala	1888	1.004333	1	robin_281	at robin	281	D_RANDOM_TOKEN	0	31	at robin	[265, 3857, 259]	[33314, 37137, 34206]	[33314, 37137, 34206]	3	3	3	3	1	1	NA
flationoliath unsuccessfully	1	R	3	1888	0.258239	1	1594	3.263584	["flation", "oliath", " unsuccessfully"]	[33521, 43009, 40665]	-0.006276	2	0.11632	0	0.236416	2	-0.027561	2	-0.012315	3	2.589377	2	3.263584	1	0.239423	0	2.36087	0	flation	1888	0.806024	1	robin_281	at robin	281	D_RANDOM_TOKEN	0	32	at robin	[265, 3857, 259]	[33521, 43009, 40665]	[33521, 43009, 40665]	3	3	3	3	1	1	NA
 aroused Patriotroe	1	R	3	1888	0.303305	1	1790	3.330489	[" aroused", " Patriot", "roe"]	[38832, 26888, 20646]	-0.00705	0	0.11632	0	-0.000491	1	2.703625	1	-0.022537	3	3.027184	1	3.330489	1	0.239423	0	2.36087	0	 aroused	1888	0.303305	1	robin_281	at robin	281	D_RANDOM_TOKEN	0	33	at robin	[265, 3857, 259]	[38832, 26888, 20646]	[38832, 26888, 20646]	3	3	3	3	1	1	NA
‎ Mississippi ICC	1	R	3	1888	0.372423	2	1790	2.842501	["‎", " Mississippi", " ICC"]	[48261, 13797, 32300]	-0.00705	0	0.11632	0	-0.000821	0	0.910134	2	-0.054077	2	2.470079	1	2.842501	2	0.239423	0	2.36087	0	‎ Mississippi	1888	0.372422	1	robin_281	at robin	281	D_RANDOM_TOKEN	0	34	at robin	[265, 3857, 259]	[48261, 13797, 32300]	[48261, 13797, 32300]	3	3	3	3	1	1	NA
 Aeg confession millionaire	1	R	3	1888	0.621817	1	1790	3.300004	[" Aeg", " confession", " millionaire"]	[33821, 24250, 45172]	-0.00705	0	0.11632	0	-0.000821	0	0.564147	1	-0.045994	2	2.678187	1	3.300004	1	0.239423	0	2.36087	0	 Aeg	1888	0.621817	1	robin_281	at robin	281	D_RANDOM_TOKEN	0	35	at robin	[265, 3857, 259]	[33821, 24250, 45172]	[33821, 24250, 45172]	3	3	3	3	1	1	NA
 Clover fuckovan	1	R	3	1888	0.329366	1	1790	3.144641	[" Clover", " fuck", "ovan"]	[41154, 5089, 22590]	-0.00705	0	0.11632	0	1.735056	3	1.242833	1	-0.095996	2	2.815275	1	3.144641	1	0.239423	0	2.36087	0	 Clover	1888	0.329367	1	robin_281	at robin	281	D_RANDOM_TOKEN	0	36	at robin	[265, 3857, 259]	[41154, 5089, 22590]	[41154, 5089, 22590]	3	3	3	3	1	1	NA
 Niñoollokemon	1	R	3	1888	0.491527	1	1942	3.21049	[" Niño", "oll", "okemon"]	[47931, 692, 12717]	-0.00705	0	0.11632	0	0.352787	3	0.595295	1	-0.114425	2	2.414638	2	3.21049	1	0.239423	0	2.36087	0	 Niño	1888	0.849621	1	robin_281	at robin	281	D_RANDOM_TOKEN	0	37	at robin	[265, 3857, 259]	[47931, 692, 12717]	[47931, 692, 12717]	3	3	3	3	1	1	NA
arieograpiverse	1	R	3	1888	0.211957	1	2256	2.572827	["arie", "ograp", "iverse"]	[49173, 7113, 3997]	-0.00705	0	0.11632	0	1.147542	3	-0.009515	3	-0.11929	2	2.256779	1	2.572827	1	0.239423	0	2.36087	0	arie	1888	0.211958	1	robin_281	at robin	281	D_RANDOM_TOKEN	0	38	at robin	[265, 3857, 259]	[49173, 7113, 3997]	[49173, 7113, 3997]	3	3	3	3	1	1	NA
Drugendi plans	1	R	3	1888	0.049393	1	1790	3.036424	["Drug", "endi", " plans"]	[37943, 43109, 3352]	0.028225	1	0.11632	0	-0.000821	0	-0.001804	2	0.053563	1	2.987031	2	3.036424	1	0.239423	0	2.36087	0	Drug	1888	0.675554	1	robin_281	at robin	281	D_RANDOM_TOKEN	0	39	at robin	[265, 3857, 259]	[37943, 43109, 3352]	[37943, 43109, 3352]	3	3	3	3	1	1	NA
 certification Dent stressed	1	R	3	1790	0.10827	1	1888	3.480675	[" certification", " Dent", " stressed"]	[18094, 39078, 15033]	-0.00705	0	0.11632	0	-0.000821	0	1.732841	1	-0.052498	3	3.480675	1	3.372404	1	0.239423	0	2.36087	0	 certification	1790	0.108271	1	robin_281	at robin	281	D_RANDOM_TOKEN	0	40	at robin	[265, 3857, 259]	[18094, 39078, 15033]	[18094, 39078, 15033]	3	3	3	3	1	1	NA
 DISTRICTYour523	1	R	3	1888	1.410833	1	1790	3.855896	[" DISTRICT", "Your", "523"]	[45057, 7120, 49803]	-0.000821	3	0.11632	0	-0.000821	0	0.680722	1	-0.103564	3	2.445063	1	3.855896	1	0.239423	0	2.36087	0	 DISTRICT	1888	1.410833	1	robin_281	at robin	281	D_RANDOM_TOKEN	0	41	at robin	[265, 3857, 259]	[45057, 7120, 49803]	[45057, 7120, 49803]	3	3	3	3	1	1	NA
 keyboardszer hardest	1	R	3	1790	0.023066	1	1888	2.745059	[" keyboards", "zer", " hardest"]	[34512, 9107, 17612]	-0.00705	0	0.11632	0	0.949385	2	1.080156	1	1.041963	2	2.745059	1	2.721993	1	0.239423	0	2.36087	0	 keyboards	1790	0.023066	1	robin_281	at robin	281	D_RANDOM_TOKEN	0	42	at robin	[265, 3857, 259]	[34512, 9107, 17612]	[34512, 9107, 17612]	3	3	3	3	1	1	NA
 subsidies creep spread	1	R	3	1888	0.581188	1	1790	3.310504	[" subsidies", " creep", " spread"]	[16230, 13972, 4104]	-0.00705	0	0.11632	0	-0.000821	0	1.659113	1	0.013416	1	2.729316	1	3.310504	1	0.239423	0	2.36087	0	 subsidies	1888	0.581187	1	robin_281	at robin	281	D_RANDOM_TOKEN	0	43	at robin	[265, 3857, 259]	[16230, 13972, 4104]	[16230, 13972, 4104]	3	3	3	3	1	1	NA
 due goldinion	1	R	3	1888	0.235069	1	1790	3.053765	[" due", " gold", "inion"]	[2233, 3869, 23971]	-0.00705	0	0.11632	0	2.654539	3	2.166233	1	-0.047084	3	2.818696	3	3.053765	1	0.239423	0	2.36087	0	 due	1888	0.501412	1	robin_281	at robin	281	D_RANDOM_TOKEN	0	44	at robin	[265, 3857, 259]	[2233, 3869, 23971]	[2233, 3869, 23971]	3	3	3	3	1	1	NA
Murmedia lately	1	R	3	1888	0.577242	1	1790	3.201457	["Mur", "media", " lately"]	[23830, 11431, 16537]	-0.00705	0	0.11632	0	-0.000821	0	-0.025821	2	-0.010919	3	2.624215	1	3.201457	1	0.239423	0	2.36087	0	Mur	1888	0.577242	1	robin_281	at robin	281	D_RANDOM_TOKEN	0	45	at robin	[265, 3857, 259]	[23830, 11431, 16537]	[23830, 11431, 16537]	3	3	3	3	1	1	NA
 Corker 25 appearance	1	R	3	1888	0.693646	1	1790	3.230897	[" Corker", " 25", " appearance"]	[44421, 1679, 5585]	-0.001531	2	0.11632	0	-0.000821	0	0.519789	1	-0.039055	3	2.537251	1	3.230897	1	0.239423	0	2.36087	0	 Corker	1888	0.693645	1	robin_281	at robin	281	D_RANDOM_TOKEN	0	46	at robin	[265, 3857, 259]	[44421, 1679, 5585]	[44421, 1679, 5585]	3	3	3	3	1	1	NA
 decent traditional doing	1	R	3	1888	0.935345	1	464	3.542055	[" decent", " traditional", " doing"]	[7709, 4569, 1804]	-0.00705	0	0.11632	0	-0.000821	0	2.60671	1	-0.058509	1	2.385275	1	3.542055	1	0.239423	0	2.36087	0	 decent	1888	0.935344	1	robin_281	at robin	281	D_RANDOM_TOKEN	0	47	at robin	[265, 3857, 259]	[7709, 4569, 1804]	[7709, 4569, 1804]	3	3	3	3	1	1	NA
 photanism aff	1	R	3	1888	1.342273	1	1790	3.95008	[" phot", "anism", " aff"]	[2825, 48162, 1527]	-0.00705	0	0.11632	0	0.566704	3	1.630577	1	-0.044357	2	2.607807	2	3.95008	1	0.239423	0	2.36087	0	 phot	1888	1.527186	1	robin_281	at robin	281	D_RANDOM_TOKEN	0	48	at robin	[265, 3857, 259]	[2825, 48162, 1527]	[2825, 48162, 1527]	3	3	3	3	1	1	NA
emer2002 Dallas	1	R	3	1790	0.157902	1	1888	2.998484	["emer", "2002", " Dallas"]	[24677, 16942, 8533]	-0.00705	0	0.11632	0	1.730437	2	-0.006519	2	-0.013069	3	2.998484	1	2.840582	1	0.239423	0	2.36087	0	emer	1790	0.157902	1	robin_281	at robin	281	D_RANDOM_TOKEN	0	49	at robin	[265, 3857, 259]	[24677, 16942, 8533]	[24677, 16942, 8533]	3	3	3	3	1	1	NA
 Evil downgrade interactions	1	R	3	1888	0.479095	1	1790	3.113115	[" Evil", " downgrade", " interactions"]	[10461, 48514, 12213]	-0.00705	0	0.11632	0	-0.000821	0	1.244264	1	-0.096595	2	2.63402	1	3.113115	1	0.239423	0	2.36087	0	 Evil	1888	0.479094	1	robin_281	at robin	281	D_RANDOM_TOKEN	0	50	at robin	[265, 3857, 259]	[10461, 48514, 12213]	[10461, 48514, 12213]	3	3	3	3	1	1	NA
 Kelley dope s	1	R	3	2874	0.054505	3	1888	3.513336	[" Kelley", " dope", " s"]	[34560, 45654, 264]	-0.00705	0	0.11632	0	0.12911	3	0.772941	1	-0.098159	2	2.948135	2	3.458831	2	0.239423	0	2.36087	0	 Kelley dope s	2874	0.054505	1	robin_281	at robin	281	D_RANDOM_TOKEN	0	51	at robin	[265, 3857, 259]	[34560, 45654, 264]	[34560, 45654, 264]	3	3	3	3	1	1	NA
 141 favoured road	1	R	3	1888	0.867298	1	1371	3.590823	[" 141", " favoured", " road"]	[25500, 38931, 2975]	-0.00705	0	0.11632	0	-0.000821	0	1.136738	1	-0.077824	2	2.341542	1	3.590823	1	0.239423	0	2.36087	0	 141	1888	1.229954	1	robin_281	at robin	281	D_RANDOM_TOKEN	0	52	at robin	[265, 3857, 259]	[25500, 38931, 2975]	[25500, 38931, 2975]	3	3	3	3	1	1	NA
 Making encouraged shows	1	R	3	1888	0.572914	1	2256	2.933784	[" Making", " encouraged", " shows"]	[16427, 10085, 2523]	-0.006858	3	0.11632	0	-0.000821	0	1.349741	1	-0.027042	2	2.335522	1	2.933784	1	0.239423	0	2.36087	0	 Making	1888	0.572914	1	robin_281	at robin	281	D_RANDOM_TOKEN	0	53	at robin	[265, 3857, 259]	[16427, 10085, 2523]	[16427, 10085, 2523]	3	3	3	3	1	1	NA
 E Remastered Dude	1	R	3	1888	0.770089	1	1790	3.777271	[" E", " Remastered", " Dude"]	[412, 22773, 40628]	-0.00705	0	0.11632	0	-0.000821	0	0.914031	1	-0.06384	2	3.007182	3	3.777271	1	0.239423	0	2.36087	0	 E	1888	1.13972	1	robin_281	at robin	281	D_RANDOM_TOKEN	0	54	at robin	[265, 3857, 259]	[412, 22773, 40628]	[412, 22773, 40628]	3	3	3	3	1	1	NA
 Pyramid chilly Asheville	1	R	3	1888	1.291423	1	1790	3.869293	[" Pyramid", " chilly", " Asheville"]	[41450, 49018, 49362]	-0.00705	0	0.392958	2	-0.000821	0	1.613025	1	-0.044695	3	2.57787	1	3.869293	1	0.439867	2	2.36087	0	 Pyramid	1888	1.291423	1	robin_281	at robin	281	D_RANDOM_TOKEN	0	55	at robin	[265, 3857, 259]	[41450, 49018, 49362]	[41450, 49018, 49362]	3	3	3	3	1	1	NA
Two1999ondo	1	R	3	1888	0.896439	1	1790	3.42863	["Two", "1999", "ondo"]	[7571, 18946, 22311]	-0.00705	0	0.11632	0	0.24312	3	-0.000534	2	-0.052409	1	2.532191	3	3.42863	1	0.239423	0	2.36087	0	Two	1888	1.067761	1	robin_281	at robin	281	D_RANDOM_TOKEN	0	56	at robin	[265, 3857, 259]	[7571, 18946, 22311]	[7571, 18946, 22311]	3	3	3	3	1	1	NA
 pawnfab embryos	1	R	3	1888	0.178118	1	1790	3.757629	[" pawn", "fab", " embryos"]	[29649, 36434, 39966]	-0.00705	0	0.11632	0	1.39076	2	1.081559	1	-0.085192	3	3.579511	1	3.757629	1	0.239423	0	2.36087	0	 pawn	1888	0.178118	1	robin_281	at robin	281	D_RANDOM_TOKEN	0	57	at robin	[265, 3857, 259]	[29649, 36434, 39966]	[29649, 36434, 39966]	3	3	3	3	1	1	NA
 clitor numbers Unless	1	R	3	1790	0.130065	2	1888	3.239123	[" clitor", " numbers", " Unless"]	[48852, 3146, 17486]	-0.00705	0	0.11632	0	-0.000821	0	1.204417	1	-0.058774	3	3.239123	2	3.109058	1	0.239423	0	2.36087	0	 clitor numbers	1790	0.130065	1	robin_281	at robin	281	D_RANDOM_TOKEN	0	58	at robin	[265, 3857, 259]	[48852, 3146, 17486]	[48852, 3146, 17486]	3	3	3	3	1	1	NA
 529 potionGirls	1	R	3	1888	1.130567	1	1790	3.629982	[" 529", " potion", "Girls"]	[49888, 26572, 41044]	-0.00705	0	0.11632	0	-0.000821	0	0.485019	1	-0.104662	3	2.499415	2	3.629982	1	0.239423	0	2.36087	0	 529	1888	1.250491	1	robin_281	at robin	281	D_RANDOM_TOKEN	0	59	at robin	[265, 3857, 259]	[49888, 26572, 41044]	[49888, 26572, 41044]	3	3	3	3	1	1	NA
behavior innocent stereotype	1	R	3	1790	0.107486	1	1888	2.854788	["behavior", " innocent", " stereotype"]	[46571, 10218, 31240]	-0.00705	0	0.11632	0	0.46065	2	0.034536	1	-0.018339	2	2.854788	1	2.747302	1	0.239423	0	2.36087	0	behavior	1790	0.107486	1	robin_281	at robin	281	D_RANDOM_TOKEN	0	60	at robin	[265, 3857, 259]	[46571, 10218, 31240]	[46571, 10218, 31240]	3	3	3	3	1	1	NA
dry robin	1	R	3	1888	0.475953	1	2467	3.108399	["dry", " rob", "in"]	[39140, 3857, 259]	-0.00705	0	0.11632	0	1.581977	2	-0.033355	0	-0.028416	2	2.156541	1	3.108399	1	0.239423	0	2.36087	0	dry	1888	0.475954	1	robin_281	at robin	281	C_LOCAL	1	1	at robin	[265, 3857, 259]	[39140, 3857, 259]	[39140, 3857, 259]	3	3	1	1	1	1	0
at rob unemploy	1	R	3	281	0.020773	2	1790	2.925209	["at", " rob", " unemploy"]	[265, 3857, 8707]	-0.00705	0	0.11632	0	2.925209	2	0.04909	3	-0.030447	2	2.904436	3	2.7198	3	0.239423	0	2.36087	0	at rob	281	0.56434	1	robin_281	at robin	281	C_LOCAL	1	2	at robin	[265, 3857, 259]	[265, 3857, 8707]	[265, 3857, 8707]	3	3	1	1	1	1	2
at660in	1	R	3	2256	0.110071	0	1790	2.36087	["at", "660", "in"]	[265, 39885, 259]	-0.00705	0	0.11632	0	0.775775	3	-0.00031	2	-0.064685	3	2.250798	1	2.128479	1	0.239423	0	2.36087	0				bos_footprint	robin_281	at robin	281	C_LOCAL	1	3	at robin	[265, 3857, 259]	[265, 39885, 259]	[265, 39885, 259]	3	3	1	1	1	1	1
at rob cris	1	R	3	281	0.716984	3	2256	3.077854	["at", " rob", " cris"]	[265, 3857, 4442]	-0.00705	0	0.11632	0	3.077854	3	-0.033355	0	-0.030447	2	2.250798	1	2.183645	2	0.239423	0	2.36087	0	at rob cris	281	0.716984	1	robin_281	at robin	281	C_LOCAL	1	4	at robin	[265, 3857, 259]	[265, 3857, 4442]	[265, 3857, 4442]	3	3	1	1	1	1	2
at rob//	1	R	3	281	0.071638	2	1790	2.925209	["at", " rob", "//"]	[265, 3857, 1003]	-0.00705	0	0.11632	0	2.925209	2	-0.006986	3	-0.030447	2	2.853571	3	2.183645	2	0.239423	0	2.36087	0	at rob	281	0.56434	1	robin_281	at robin	281	C_LOCAL	1	5	at robin	[265, 3857, 259]	[265, 3857, 1003]	[265, 3857, 1003]	3	3	1	1	1	1	2
atotypin	1	R	3	2256	0.110071	0	1790	2.36087	["at", "otyp", "in"]	[265, 17183, 259]	-0.00705	0	0.11632	0	0.498571	2	-0.007308	3	-0.122657	0	2.250798	1	2.128479	1	0.239423	0	2.36087	0				bos_footprint	robin_281	at robin	281	C_LOCAL	1	6	at robin	[265, 3857, 259]	[265, 17183, 259]	[265, 17183, 259]	3	3	1	1	1	1	1
at rob infinite	1	R	3	281	0.564339	2	2256	2.925209	["at", " rob", " infinite"]	[265, 3857, 15541]	-0.00705	0	0.11632	0	2.925209	2	0.06997	3	-0.030447	2	2.260093	3	2.183645	2	0.239423	0	2.36087	0	at rob	281	0.56434	1	robin_281	at robin	281	C_LOCAL	1	7	at robin	[265, 3857, 259]	[265, 3857, 15541]	[265, 3857, 15541]	3	3	1	1	1	1	2
speak robin	1	R	3	1790	0.17972	1	2256	2.54059	["speak", " rob", "in"]	[47350, 3857, 259]	0.335862	1	0.11632	0	2.062497	3	0.216951	1	-0.027655	2	2.54059	1	2.166452	3	0.239423	0	2.36087	0	speak	1790	0.17972	1	robin_281	at robin	281	C_LOCAL	1	8	at robin	[265, 3857, 259]	[47350, 3857, 259]	[47350, 3857, 259]	3	3	1	1	1	1	0
atQuestionsin	1	R	3	1898	1.232254	3	2256	3.593124	["at", "Questions", "in"]	[265, 35741, 259]	0.282301	3	0.11632	0	1.33742	3	-0.000137	3	0.356989	3	2.250798	1	2.128479	1	0.239423	0	2.36087	0	atQuestionsin	1898	1.232254	1	robin_281	at robin	281	C_LOCAL	1	9	at robin	[265, 3857, 259]	[265, 35741, 259]	[265, 35741, 259]	3	3	1	1	1	1	1
at rob figur	1	R	3	281	0.541697	2	1888	2.925209	["at", " rob", " figur"]	[265, 3857, 31474]	-0.00705	0	0.11632	0	2.925209	2	0.048992	3	-0.030447	2	2.294137	3	2.383512	3	0.239423	0	2.36087	0	at rob	281	0.56434	1	robin_281	at robin	281	C_LOCAL	1	10	at robin	[265, 3857, 259]	[265, 3857, 31474]	[265, 3857, 31474]	3	3	1	1	1	1	2
atTAGin	1	R	3	1790	0.209625	3	2256	2.570495	["at", "TAG", "in"]	[265, 42197, 259]	0.514656	3	0.11632	0	0.479351	3	-0.000165	2	-0.076057	3	2.570495	3	2.241391	3	0.239423	0	2.36087	0	atTAGin	1790	0.209625	1	robin_281	at robin	281	C_LOCAL	1	11	at robin	[265, 3857, 259]	[265, 42197, 259]	[265, 42197, 259]	3	3	1	1	1	1	1
 drones robin	1	R	3	1888	0.794897	1	1790	3.359246	[" drones", " rob", "in"]	[15382, 3857, 259]	-0.003875	1	0.11632	0	0.767948	3	0.381853	1	-0.040653	1	2.564349	1	3.359246	1	0.239423	0	2.36087	0	 drones	1888	0.794899	1	robin_281	at robin	281	C_LOCAL	1	12	at robin	[265, 3857, 259]	[15382, 3857, 259]	[15382, 3857, 259]	3	3	1	1	1	1	0
at rob collective	1	R	3	281	0.564339	2	2256	2.925209	["at", " rob", " collective"]	[265, 3857, 10098]	-0.00705	0	0.11632	0	2.925209	2	-0.033355	0	-0.030447	2	2.250798	1	2.183645	2	0.239423	0	2.36087	0	at rob	281	0.56434	1	robin_281	at robin	281	C_LOCAL	1	13	at robin	[265, 3857, 259]	[265, 3857, 10098]	[265, 3857, 10098]	3	3	1	1	1	1	2
at robalan	1	R	3	281	1.63659	3	2256	3.99746	["at", " rob", "alan"]	[265, 3857, 25786]	-0.00705	0	0.11632	0	3.99746	3	-0.033355	0	-0.030447	2	2.335288	3	2.183645	2	0.239423	0	2.36087	0	at robalan	281	1.63659	1	robin_281	at robin	281	C_LOCAL	1	14	at robin	[265, 3857, 259]	[265, 3857, 25786]	[265, 3857, 25786]	3	3	1	1	1	1	2
at robute	1	R	3	281	0.578749	3	2256	2.939619	["at", " rob", "ute"]	[265, 3857, 1133]	-0.00705	0	0.11632	0	2.939619	3	-0.030027	3	-0.030447	2	2.250798	1	2.183645	2	0.239423	0	2.36087	0	at robute	281	0.578749	1	robin_281	at robin	281	C_LOCAL	1	15	at robin	[265, 3857, 259]	[265, 3857, 1133]	[265, 3857, 1133]	3	3	1	1	1	1	2
at rob adop	1	R	3	8	0.115475	3	281	3.040684	["at", " rob", " adop"]	[265, 3857, 4344]	-0.00705	0	0.11632	0	2.925209	2	0.029185	3	-0.030447	2	2.250798	1	2.183645	2	0.239423	0	2.36087	0	at rob adop	8	0.115475	1	robin_281	at robin	281	C_LOCAL	1	16	at robin	[265, 3857, 259]	[265, 3857, 4344]	[265, 3857, 4344]	3	3	1	1	1	1	2
 quotations robin	1	R	3	1790	0.154402	1	1888	2.858775	[" quotations", " rob", "in"]	[50056, 3857, 259]	-0.00705	0	0.11632	0	2.498748	3	1.563435	1	-0.067102	3	2.858775	1	2.704373	1	0.239423	0	2.36087	0	 quotations	1790	0.154402	1	robin_281	at robin	281	C_LOCAL	1	17	at robin	[265, 3857, 259]	[50056, 3857, 259]	[50056, 3857, 259]	3	3	1	1	1	1	0
at rob eyes	1	R	3	1790	0.04792	3	281	2.973129	["at", " rob", " eyes"]	[265, 3857, 2951]	-0.00705	0	0.11632	0	2.925209	2	0.25656	3	-0.030447	2	2.973129	3	2.183645	2	0.239423	0	2.36087	0	at rob eyes	1790	0.04792	1	robin_281	at robin	281	C_LOCAL	1	18	at robin	[265, 3857, 259]	[265, 3857, 2951]	[265, 3857, 2951]	3	3	1	1	1	1	2
at 2017in	1	R	3	230	0.007917	3	1790	2.694068	["at", " 2017", "in"]	[265, 2177, 259]	-0.00705	0	0.11632	0	1.099939	3	-0.026841	3	-0.051927	2	2.686151	3	2.311874	3	0.239423	0	2.36087	0	at 2017in	230	0.007917	1	robin_281	at robin	281	C_LOCAL	1	19	at robin	[265, 3857, 259]	[265, 2177, 259]	[265, 2177, 259]	3	3	1	1	1	1	1
at wronglyin	1	R	3	1594	0.372689	2	1512	3.243036	["at", " wrongly", "in"]	[265, 31238, 259]	-0.00705	0	0.11632	0	1.240819	3	-9e-06	3	-0.040363	2	2.28312	3	2.128479	1	0.413565	2	2.36087	0	at wrongly	1594	0.372689	1	robin_281	at robin	281	C_LOCAL	1	20	at robin	[265, 3857, 259]	[265, 31238, 259]	[265, 31238, 259]	3	3	1	1	1	1	1
at rob gratification	1	R	3	281	0.160678	2	1790	2.925209	["at", " rob", " gratification"]	[265, 3857, 47459]	-0.00705	0	0.11632	0	2.925209	2	0.004244	3	-0.030447	2	2.764531	3	2.539946	3	0.239423	0	2.36087	0	at rob	281	0.56434	1	robin_281	at robin	281	C_LOCAL	1	21	at robin	[265, 3857, 259]	[265, 3857, 47459]	[265, 3857, 47459]	3	3	1	1	1	1	2
at allegingin	1	R	3	1426	0.167197	3	812	3.024162	["at", " alleging", "in"]	[265, 26116, 259]	-0.00705	0	0.11632	0	0.304557	3	-1e-06	3	-0.031692	2	2.250798	1	2.128479	1	0.239423	0	2.36087	0	at allegingin	1426	0.167197	1	robin_281	at robin	281	C_LOCAL	1	22	at robin	[265, 3857, 259]	[265, 26116, 259]	[265, 26116, 259]	3	3	1	1	1	1	1
at rob 272	1	R	3	281	0.564339	2	2256	2.925209	["at", " rob", " 272"]	[265, 3857, 38107]	-0.00705	0	0.11632	0	2.925209	2	-0.033355	0	-0.030447	2	2.250798	1	2.183645	2	0.239423	0	2.36087	0	at rob	281	0.56434	1	robin_281	at robin	281	C_LOCAL	1	23	at robin	[265, 3857, 259]	[265, 3857, 38107]	[265, 3857, 38107]	3	3	1	1	1	1	2
atemenin	1	R	3	1898	0.025717	3	2256	2.386587	["at", "emen", "in"]	[265, 8952, 259]	0.16492	3	0.11632	0	1.547731	3	-0.001215	3	0.340526	3	2.250798	1	2.128479	1	0.239423	0	2.36087	0	atemenin	1898	0.025717	1	robin_281	at robin	281	C_LOCAL	1	24	at robin	[265, 3857, 259]	[265, 8952, 259]	[265, 8952, 259]	3	3	1	1	1	1	1
at gunsin	1	R	3	281	0.238716	3	2256	2.599586	["at", " guns", "in"]	[265, 6541, 259]	0.284421	3	0.11632	0	2.599586	3	-0.000374	3	0.917677	3	2.26872	3	2.128479	1	0.239423	0	2.36087	0	at gunsin	281	0.238716	1	robin_281	at robin	281	C_LOCAL	1	25	at robin	[265, 3857, 259]	[265, 6541, 259]	[265, 6541, 259]	3	3	1	1	1	1	1
 Centre robin	1	R	3	1888	1.640226	1	2256	4.001096	[" Centre", " rob", "in"]	[9072, 3857, 259]	-0.003877	1	0.11632	0	0.562293	3	1.881568	1	-0.098021	3	2.229214	1	4.001096	1	0.239423	0	2.36087	0	 Centre	1888	1.640225	1	robin_281	at robin	281	C_LOCAL	1	26	at robin	[265, 3857, 259]	[9072, 3857, 259]	[9072, 3857, 259]	3	3	1	1	1	1	0
atightyin	1	R	3	2256	0.110071	0	1790	2.36087	["at", "ighty", "in"]	[265, 14400, 259]	-0.00705	0	0.11632	0	1.819311	3	-0.00309	3	-0.113744	2	2.250798	1	2.128479	1	0.239423	0	2.36087	0				bos_footprint	robin_281	at robin	281	C_LOCAL	1	27	at robin	[265, 3857, 259]	[265, 14400, 259]	[265, 14400, 259]	3	3	1	1	1	1	1
at Fultonin	1	R	3	2256	0.110071	0	1790	2.36087	["at", " Fulton", "in"]	[265, 44373, 259]	0.033142	3	0.11632	0	0.061237	1	-0.003498	3	-0.020719	2	2.250798	1	2.128479	1	0.239423	0	2.36087	0				bos_footprint	robin_281	at robin	281	C_LOCAL	1	28	at robin	[265, 3857, 259]	[265, 44373, 259]	[265, 44373, 259]	3	3	1	1	1	1	1
at debilitatingin	1	R	3	1790	0.172818	2	812	2.772119	["at", " debilitating", "in"]	[265, 41378, 259]	-0.00705	0	0.11632	0	0.649954	3	-4e-06	3	-0.03538	3	2.772119	2	2.128479	1	0.765112	2	2.36087	0	at debilitating	1790	0.411248	1	robin_281	at robin	281	C_LOCAL	1	29	at robin	[265, 3857, 259]	[265, 41378, 259]	[265, 41378, 259]	3	3	1	1	1	1	1
at ADDin	1	R	3	858	0.106315	2	1790	2.828719	["at", " ADD", "in"]	[265, 27841, 259]	0.222839	3	0.11632	0	0.401826	2	-0.033355	0	-0.084134	2	2.722404	3	2.132332	2	0.239423	0	2.36087	0	at ADD	858	0.465453	1	robin_281	at robin	281	C_LOCAL	1	30	at robin	[265, 3857, 259]	[265, 27841, 259]	[265, 27841, 259]	3	3	1	1	1	1	1
at robfried	1	R	3	281	1.780621	3	2256	4.14149	["at", " rob", "fried"]	[265, 3857, 25520]	-0.00705	0	0.11632	0	4.14149	3	-0.033355	0	-0.030447	2	2.250798	1	2.183645	2	0.239423	0	2.36087	0	at robfried	281	1.780621	1	robin_281	at robin	281	C_LOCAL	1	31	at robin	[265, 3857, 259]	[265, 3857, 25520]	[265, 3857, 25520]	3	3	1	1	1	1	2
at rob GPL	1	R	3	281	0.564339	2	2256	2.925209	["at", " rob", " GPL"]	[265, 3857, 38644]	-0.00705	0	0.11632	0	2.925209	2	-0.033355	0	-0.030447	2	2.287135	3	2.321083	3	0.239423	0	2.36087	0	at rob	281	0.56434	1	robin_281	at robin	281	C_LOCAL	1	32	at robin	[265, 3857, 259]	[265, 3857, 38644]	[265, 3857, 38644]	3	3	1	1	1	1	2
at squarelyin	1	R	3	1594	0.113122	2	1790	3.133955	["at", " squarely", "in"]	[265, 38590, 259]	-0.00705	0	0.11632	0	1.926628	3	-9.7e-05	3	-0.030121	2	3.020833	2	2.764364	2	0.330841	2	2.36087	0	at squarely	1594	0.113123	1	robin_281	at robin	281	C_LOCAL	1	33	at robin	[265, 3857, 259]	[265, 38590, 259]	[265, 38590, 259]	3	3	1	1	1	1	1
ilib robin	1	R	3	1888	0.934904	1	1790	3.558611	["ilib", " rob", "in"]	[22282, 3857, 259]	-0.00705	0	0.11632	0	1.988092	2	-0.033355	0	-0.052061	2	2.623707	1	3.558611	1	0.239423	0	2.36087	0	ilib	1888	0.934904	1	robin_281	at robin	281	C_LOCAL	1	34	at robin	[265, 3857, 259]	[22282, 3857, 259]	[22282, 3857, 259]	3	3	1	1	1	1	0
at robober	1	R	3	281	0.686372	3	1790	3.167314	["at", " rob", "ober"]	[265, 3857, 2023]	-0.00705	0	0.11632	0	3.167314	3	-0.012691	3	-0.030447	2	2.480942	3	2.183645	2	0.239423	0	2.36087	0	at robober	281	0.686372	1	robin_281	at robin	281	C_LOCAL	1	35	at robin	[265, 3857, 259]	[265, 3857, 2023]	[265, 3857, 2023]	3	3	1	1	1	1	2
atVariousin	1	R	3	1790	0.238185	3	2256	2.599055	["at", "Various", "in"]	[265, 40009, 259]	-0.00705	0	0.11632	0	0.061237	1	-0.000285	3	-0.101351	2	2.599055	3	2.128479	1	0.239423	0	2.36087	0	atVariousin	1790	0.238185	1	robin_281	at robin	281	C_LOCAL	1	36	at robin	[265, 3857, 259]	[265, 40009, 259]	[265, 40009, 259]	3	3	1	1	1	1	1
at rob ceilings	1	R	3	281	0.564339	2	2256	2.925209	["at", " rob", " ceilings"]	[265, 3857, 45926]	-0.00705	0	0.11632	0	2.925209	2	0.04318	3	-0.030447	2	2.335156	3	2.183645	2	0.239423	0	2.36087	0	at rob	281	0.56434	1	robin_281	at robin	281	C_LOCAL	1	37	at robin	[265, 3857, 259]	[265, 3857, 45926]	[265, 3857, 45926]	3	3	1	1	1	1	2
STRUCT robin	1	R	3	1888	0.503604	1	2256	2.864474	["STRUCT", " rob", "in"]	[46126, 3857, 259]	0.836469	1	0.11632	0	1.227431	3	-0.033355	0	-0.073617	2	1.801566	1	2.864474	1	0.239423	0	2.36087	0	STRUCT	1888	0.503604	1	robin_281	at robin	281	C_LOCAL	1	38	at robin	[265, 3857, 259]	[46126, 3857, 259]	[46126, 3857, 259]	3	3	1	1	1	1	0
at)=(in	1	R	3	656	0.343112	2	2397	2.733632	["at", ")=(", "in"]	[265, 35793, 259]	0.457731	3	0.11632	0	0.485101	3	-0.022857	2	-0.119681	3	2.250798	1	2.316236	2	0.239423	0	2.36087	0	at)=(	656	0.343112	1	robin_281	at robin	281	C_LOCAL	1	39	at robin	[265, 3857, 259]	[265, 35793, 259]	[265, 35793, 259]	3	3	1	1	1	1	1
at rob crow	1	R	3	281	0.754281	3	2256	3.115151	["at", " rob", " crow"]	[265, 3857, 37593]	-0.00705	0	0.11632	0	3.115151	3	-0.033355	0	-0.030447	2	2.250798	1	2.183645	2	0.239423	0	2.36087	0	at rob crow	281	0.754281	1	robin_281	at robin	281	C_LOCAL	1	40	at robin	[265, 3857, 259]	[265, 3857, 37593]	[265, 3857, 37593]	3	3	1	1	1	1	2
pleting robin	1	R	3	1790	0.264744	1	1888	3.036643	["pleting", " rob", "in"]	[47130, 3857, 259]	-0.00705	0	0.11632	0	1.34043	2	0.302368	1	-0.044853	2	3.036643	1	2.771899	1	0.239423	0	2.36087	0	pleting	1790	0.264744	1	robin_281	at robin	281	C_LOCAL	1	41	at robin	[265, 3857, 259]	[47130, 3857, 259]	[47130, 3857, 259]	3	3	1	1	1	1	0
at rob singer	1	R	3	281	0.564339	2	2256	2.925209	["at", " rob", " singer"]	[265, 3857, 14015]	-0.00705	0	0.11632	0	2.925209	2	0.170039	3	-0.030447	2	2.250798	1	2.183645	2	0.239423	0	2.36087	0	at rob	281	0.56434	1	robin_281	at robin	281	C_LOCAL	1	42	at robin	[265, 3857, 259]	[265, 3857, 14015]	[265, 3857, 14015]	3	3	1	1	1	1	2
at rob collaborators	1	R	3	281	0.275635	2	1790	2.925209	["at", " rob", " collaborators"]	[265, 3857, 37886]	-0.00705	0	0.11632	0	2.925209	2	0.042305	3	-0.030447	2	2.649575	3	2.312015	3	0.239423	0	2.36087	0	at rob	281	0.56434	1	robin_281	at robin	281	C_LOCAL	1	43	at robin	[265, 3857, 259]	[265, 3857, 37886]	[265, 3857, 37886]	3	3	1	1	1	1	2
atatheticin	1	R	3	1898	0.040113	3	2256	2.400983	["at", "athetic", "in"]	[265, 18874, 259]	-0.00705	0	0.11632	0	0.673368	2	-0.000113	3	-0.036409	3	2.250798	1	2.128479	1	0.307434	2	2.36087	0	atatheticin	1898	0.040113	1	robin_281	at robin	281	C_LOCAL	1	44	at robin	[265, 3857, 259]	[265, 18874, 259]	[265, 18874, 259]	3	3	1	1	1	1	1
 otherwise robin	1	R	3	1888	0.193331	3	2256	2.554201	[" otherwise", " rob", "in"]	[4306, 3857, 259]	-0.00705	0	0.11632	0	1.641097	3	1.029108	1	-0.103073	3	2.309624	3	2.554201	3	0.239423	0	2.36087	0	 otherwise robin	1888	0.193331	1	robin_281	at robin	281	C_LOCAL	1	45	at robin	[265, 3857, 259]	[4306, 3857, 259]	[4306, 3857, 259]	3	3	1	1	1	1	0
at Harbourin	1	R	3	1888	0.074716	2	2256	2.435586	["at", " Harbour", "in"]	[265, 42177, 259]	0.039612	3	0.11632	0	0.061237	1	-0.001001	3	-0.122657	0	2.268496	2	2.435586	2	0.239423	0	2.36087	0	at Harbour	1888	0.074717	1	robin_281	at robin	281	C_LOCAL	1	46	at robin	[265, 3857, 259]	[265, 42177, 259]	[265, 42177, 259]	3	3	1	1	1	1	1
at pulledin	1	R	3	2256	0.110071	0	1790	2.36087	["at", " pulled", "in"]	[265, 5954, 259]	0.979157	3	0.11632	0	1.418006	3	-0.004657	3	-0.028655	2	2.250798	1	2.128479	1	0.239423	0	2.36087	0				bos_footprint	robin_281	at robin	281	C_LOCAL	1	47	at robin	[265, 3857, 259]	[265, 5954, 259]	[265, 5954, 259]	3	3	1	1	1	1	1
at Commissionin	1	R	3	1888	0.1197	2	2256	2.48057	["at", " Commission", "in"]	[265, 4513, 259]	0.0033	3	0.11632	0	0.061237	1	-0.000523	3	-0.100963	2	2.250798	1	2.48057	2	0.239423	0	2.36087	0	at Commission	1888	0.1197	1	robin_281	at robin	281	C_LOCAL	1	48	at robin	[265, 3857, 259]	[265, 4513, 259]	[265, 4513, 259]	3	3	1	1	1	1	1
at temporin	1	R	3	1888	0.113209	2	2256	2.474079	["at", " tempor", "in"]	[265, 10042, 259]	0.836978	3	0.11632	0	0.555846	2	0.033618	2	-0.08464	2	2.329005	2	2.474079	2	0.239423	0	2.36087	0	at tempor	1888	0.113209	1	robin_281	at robin	281	C_LOCAL	1	49	at robin	[265, 3857, 259]	[265, 10042, 259]	[265, 10042, 259]	3	3	1	1	1	1	1
Default robin	1	R	3	1888	0.176147	1	1790	2.847889	["Default", " rob", "in"]	[19463, 3857, 259]	0.015394	1	0.11632	0	1.388859	2	-0.033355	0	-0.066316	2	2.671742	1	2.847889	1	0.239423	0	2.36087	0	Default	1888	0.176147	1	robin_281	at robin	281	C_LOCAL	1	50	at robin	[265, 3857, 259]	[19463, 3857, 259]	[19463, 3857, 259]	3	3	1	1	1	1	0
at freelancein	1	R	3	1790	0.101869	3	2256	2.462739	["at", " freelance", "in"]	[265, 27449, 259]	-0.00705	0	0.11632	0	1.855222	3	-0.000336	3	-0.03399	3	2.462739	3	2.352781	2	0.239423	0	2.36087	0	at freelancein	1790	0.101869	1	robin_281	at robin	281	C_LOCAL	1	51	at robin	[265, 3857, 259]	[265, 27449, 259]	[265, 27449, 259]	3	3	1	1	1	1	1
chie robin	1	R	3	1790	0.027911	1	1888	3.267667	["chie", " rob", "in"]	[3043, 3857, 259]	0.004583	1	0.11632	0	1.532112	3	0.028689	1	-0.069649	2	3.267667	1	3.239756	1	0.239423	0	2.36087	0	chie	1790	0.02791	1	robin_281	at robin	281	C_LOCAL	1	52	at robin	[265, 3857, 259]	[3043, 3857, 259]	[3043, 3857, 259]	3	3	1	1	1	1	0
at rob interconnected	1	R	3	281	0.270425	2	1790	2.925209	["at", " rob", " interconnected"]	[265, 3857, 40582]	-0.00705	0	0.11632	0	2.925209	2	-0.033355	0	-0.030447	2	2.654784	3	2.183645	2	0.239423	0	2.36087	0	at rob	281	0.56434	1	robin_281	at robin	281	C_LOCAL	1	53	at robin	[265, 3857, 259]	[265, 3857, 40582]	[265, 3857, 40582]	3	3	1	1	1	1	2
uously robin	1	R	3	1790	0.016071	1	1594	3.330335	["uously", " rob", "in"]	[24987, 3857, 259]	-0.00705	0	0.11632	0	1.371284	3	-0.032665	3	-0.084553	2	3.330335	1	3.036618	1	0.239423	0	2.36087	0	uously	1790	0.01607	1	robin_281	at robin	281	C_LOCAL	1	54	at robin	[265, 3857, 259]	[24987, 3857, 259]	[24987, 3857, 259]	3	3	1	1	1	1	0
at robPi	1	R	3	281	0.564339	2	2256	2.925209	["at", " rob", "Pi"]	[265, 3857, 38729]	-0.00705	0	0.11632	0	2.925209	2	-0.011358	3	-0.030447	2	2.250798	1	2.183645	2	0.239423	0	2.36087	0	at rob	281	0.56434	1	robin_281	at robin	281	C_LOCAL	1	55	at robin	[265, 3857, 259]	[265, 3857, 38729]	[265, 3857, 38729]	3	3	1	1	1	1	2
at relegatedin	1	R	3	1790	0.332099	2	2256	2.692969	["at", " relegated", "in"]	[265, 36391, 259]	-0.00705	0	0.11632	0	1.879506	3	-8.4e-05	3	-0.064337	2	2.692969	2	2.284919	2	0.239423	0	2.36087	0	at relegated	1790	0.3321	1	robin_281	at robin	281	C_LOCAL	1	56	at robin	[265, 3857, 259]	[265, 36391, 259]	[265, 36391, 259]	3	3	1	1	1	1	1
at Amerin	1	R	3	1888	0.265455	2	2256	2.626325	["at", " Amer", "in"]	[265, 33391, 259]	0.129804	3	0.11632	0	0.429311	2	-0.026515	3	-0.016436	2	2.250798	1	2.626325	2	0.239423	0	2.36087	0	at Amer	1888	0.265456	1	robin_281	at robin	281	C_LOCAL	1	57	at robin	[265, 3857, 259]	[265, 33391, 259]	[265, 33391, 259]	3	3	1	1	1	1	1
 everyone robin	1	R	3	1888	0.35621	1	2256	2.71708	[" everyone", " rob", "in"]	[2506, 3857, 259]	-0.00705	0	0.11632	0	1.778315	3	1.196226	1	-0.080329	3	2.323718	1	2.71708	1	0.239423	0	2.36087	0	 everyone	1888	0.35621	1	robin_281	at robin	281	C_LOCAL	1	58	at robin	[265, 3857, 259]	[2506, 3857, 259]	[2506, 3857, 259]	3	3	1	1	1	1	0
at yearin	1	R	3	1790	0.229453	3	2256	2.590323	["at", " year", "in"]	[265, 614, 259]	0.665628	3	0.11632	0	1.974965	3	-0.004738	3	-0.005204	2	2.590323	3	2.128479	1	0.239423	0	2.36087	0	at yearin	1790	0.229453	1	robin_281	at robin	281	C_LOCAL	1	59	at robin	[265, 3857, 259]	[265, 614, 259]	[265, 614, 259]	3	3	1	1	1	1	1
 unus robin	1	R	3	1888	0.334819	1	1790	3.185014	[" unus", " rob", "in"]	[7242, 3857, 259]	-0.00705	0	0.11632	0	1.579905	2	1.820534	1	-0.103005	3	2.850194	1	3.185014	1	0.239423	0	2.36087	0	 unus	1888	0.334819	1	robin_281	at robin	281	C_LOCAL	1	60	at robin	[265, 3857, 259]	[7242, 3857, 259]	[7242, 3857, 259]	3	3	1	1	1	1	0
letters DD Sov	1	R	3	1888	0.087126	3	2467	2.821556	["letters", " DD", " Sov"]	[15653, 20084, 6917]	-0.00705	0	0.11632	0	0.586627	1	0.333782	1	-0.073215	2	2.533051	2	2.821556	3	0.239423	0	2.36087	0	letters DD Sov	1888	0.087126	1	robin_281	at robin	281	D_RANDOM_TOKEN	1	1	at robin	[265, 3857, 259]	[15653, 20084, 6917]	[15653, 20084, 6917]	3	3	3	3	1	1	NA
 pacif puppy Rw	1	R	3	1888	0.866894	1	1790	3.66619	[" pacif", " puppy", " Rw"]	[47617, 26188, 31641]	-0.00705	0	0.11632	0	0.010734	2	1.353421	1	-0.026222	3	2.799296	1	3.66619	1	0.239423	0	2.36087	0	 pacif	1888	0.866894	1	robin_281	at robin	281	D_RANDOM_TOKEN	1	2	at robin	[265, 3857, 259]	[47617, 26188, 31641]	[47617, 26188, 31641]	3	3	3	3	1	1	NA
agersgameQu	1	R	3	1790	0.016382	1	1888	2.785161	["agers", "game", "Qu"]	[10321, 6057, 4507]	-0.00705	0	0.11632	0	2.131073	2	-0.00089	3	0.81286	2	2.785161	1	2.768779	1	0.239423	0	2.36087	0	agers	1790	0.016382	1	robin_281	at robin	281	D_RANDOM_TOKEN	1	3	at robin	[265, 3857, 259]	[10321, 6057, 4507]	[10321, 6057, 4507]	3	3	3	3	1	1	NA
 four triggeringuggish	1	R	3	1888	0.604702	1	1790	3.526067	[" four", " triggering", "uggish"]	[1440, 26555, 36295]	-0.00705	0	0.11632	0	0.064186	1	2.476718	1	-0.080541	3	2.921365	3	3.526067	1	1.314612	3	2.36087	0	 four	1888	0.642928	1	robin_281	at robin	281	D_RANDOM_TOKEN	1	4	at robin	[265, 3857, 259]	[1440, 26555, 36295]	[1440, 26555, 36295]	3	3	3	3	1	1	NA
 nursing notice)|	1	R	3	1888	0.610556	1	1790	3.558041	[" nursing", " notice", ")|"]	[19167, 4003, 14726]	-0.00705	0	0.11632	0	0.083331	2	1.748519	1	-0.042984	3	2.947485	1	3.558041	1	0.239423	0	2.36087	0	 nursing	1888	0.610557	1	robin_281	at robin	281	D_RANDOM_TOKEN	1	5	at robin	[265, 3857, 259]	[19167, 4003, 14726]	[19167, 4003, 14726]	3	3	3	3	1	1	NA
 Simpsons tackled Prix	1	R	3	1888	1.2843	1	2256	3.645169	[" Simpsons", " tackled", " Prix"]	[34376, 35457, 23832]	-0.00705	0	0.11632	0	-0.000821	0	1.432656	1	-0.088989	3	2.118252	1	3.645169	1	0.239423	0	2.36087	0	 Simpsons	1888	1.2843	1	robin_281	at robin	281	D_RANDOM_TOKEN	1	6	at robin	[265, 3857, 259]	[34376, 35457, 23832]	[34376, 35457, 23832]	3	3	3	3	1	1	NA
 Nebraskaイvin	1	R	3	1790	0.467481	2	1888	3.440437	[" Nebraska", "イ", "vin"]	[18329, 11482, 7114]	-0.00705	0	0.11632	0	1.017854	3	0.5033	1	0.398231	2	3.440437	2	2.972956	2	0.239423	0	2.36087	0	 Nebraskaイ	1790	0.467482	1	robin_281	at robin	281	D_RANDOM_TOKEN	1	7	at robin	[265, 3857, 259]	[18329, 11482, 7114]	[18329, 11482, 7114]	3	3	3	3	1	1	NA
 Penceabbitustom	1	R	3	1888	0.27357	1	1790	2.967252	[" Pence", "abbit", "ustom"]	[17339, 14229, 1824]	-0.00705	0	0.11632	0	0.295478	3	0.570528	1	0.09155	2	2.693682	3	2.967252	1	0.239423	0	2.36087	0	 Pence	1888	0.606382	1	robin_281	at robin	281	D_RANDOM_TOKEN	1	8	at robin	[265, 3857, 259]	[17339, 14229, 1824]	[17339, 14229, 1824]	3	3	3	3	1	1	NA
 cout MR0001	1	R	3	1888	1.440027	1	1790	4.324851	[" cout", " MR", "0001"]	[42304, 17242, 18005]	-0.002901	2	0.11632	0	0.322272	1	1.48378	1	-0.086998	2	2.884824	1	4.324851	1	0.239423	0	2.36087	0	 cout	1888	1.440027	1	robin_281	at robin	281	D_RANDOM_TOKEN	1	9	at robin	[265, 3857, 259]	[42304, 17242, 18005]	[42304, 17242, 18005]	3	3	3	3	1	1	NA
 reduces foss railway	1	R	3	1888	0.338645	1	1790	2.86634	[" reduces", " foss", " railway"]	[12850, 10967, 20515]	-0.00705	0	0.11632	0	-0.000821	0	1.714938	1	-0.106624	2	2.527695	1	2.86634	1	0.239423	0	2.36087	0	 reduces	1888	0.338646	1	robin_281	at robin	281	D_RANDOM_TOKEN	1	10	at robin	[265, 3857, 259]	[12850, 10967, 20515]	[12850, 10967, 20515]	3	3	3	3	1	1	NA
Water cartelsitent	1	R	3	1888	0.385377	3	1790	3.053319	["Water", " cartels", "itent"]	[19184, 41399, 48324]	-0.00705	0	0.11632	0	-0.000821	0	-0.006874	3	-0.122657	0	2.667942	3	3.053319	3	0.239423	0	2.36087	0	Water cartelsitent	1888	0.385377	1	robin_281	at robin	281	D_RANDOM_TOKEN	1	11	at robin	[265, 3857, 259]	[19184, 41399, 48324]	[19184, 41399, 48324]	3	3	3	3	1	1	NA
ndra happeninguyomi	1	R	3	1790	0.140676	1	1888	2.821201	["ndra", " happening", "uyomi"]	[24631, 5836, 40012]	-0.004488	3	0.11632	0	0.620053	2	-0.023963	3	-0.078833	3	2.821201	1	2.680526	1	0.239423	0	2.36087	0	ndra	1790	0.140676	1	robin_281	at robin	281	D_RANDOM_TOKEN	1	12	at robin	[265, 3857, 259]	[24631, 5836, 40012]	[24631, 5836, 40012]	3	3	3	3	1	1	NA
 idiot despise sor	1	R	3	1888	0.86198	1	1790	3.567528	[" idiot", " despise", " sor"]	[22324, 44351, 25655]	-0.00705	0	0.11632	0	1.403854	3	2.567434	1	-0.063424	3	2.705547	1	3.567528	1	0.239423	0	2.36087	0	 idiot	1888	0.86198	1	robin_281	at robin	281	D_RANDOM_TOKEN	1	13	at robin	[265, 3857, 259]	[22324, 44351, 25655]	[22324, 44351, 25655]	3	3	3	3	1	1	NA
guardszilla spokesperson	1	R	3	1888	0.793512	1	2256	3.154382	["guards", "zilla", " spokesperson"]	[33427, 16496, 11821]	-0.00705	0	0.11632	0	2.189298	2	0.235429	1	0.646928	2	2.084128	1	3.154382	1	0.239423	0	2.36087	0	guards	1888	0.793512	1	robin_281	at robin	281	D_RANDOM_TOKEN	1	14	at robin	[265, 3857, 259]	[33427, 16496, 11821]	[33427, 16496, 11821]	3	3	3	3	1	1	NA
 PhDserving relent	1	R	3	1888	0.526806	1	1790	3.625824	[" PhD", "serving", " relent"]	[16394, 31293, 18547]	-0.00705	0	0.11632	0	0.097556	3	0.88062	1	-0.020623	3	3.099018	3	3.625824	1	0.239423	0	2.36087	0	 PhD	1888	1.151264	1	robin_281	at robin	281	D_RANDOM_TOKEN	1	15	at robin	[265, 3857, 259]	[16394, 31293, 18547]	[16394, 31293, 18547]	3	3	3	3	1	1	NA
acle Sco Saw	1	R	3	1888	0.447972	1	1790	3.11114	["acle", " Sco", " Saw"]	[6008, 36179, 19882]	-0.00705	0	0.11632	0	0.920571	1	-0.033355	0	-0.058083	2	2.663168	1	3.11114	1	0.239423	0	2.36087	0	acle	1888	0.447973	1	robin_281	at robin	281	D_RANDOM_TOKEN	1	16	at robin	[265, 3857, 259]	[6008, 36179, 19882]	[6008, 36179, 19882]	3	3	3	3	1	1	NA
 thereachelor bravery	1	R	3	1888	0.188689	2	1790	3.003827	[" there", "achelor", " bravery"]	[612, 19335, 37808]	-0.00705	0	0.11632	0	0.841286	2	2.637388	1	-0.122657	0	2.815138	1	3.003827	2	0.239423	0	2.36087	0	 thereachelor	1888	0.188689	1	robin_281	at robin	281	D_RANDOM_TOKEN	1	17	at robin	[265, 3857, 259]	[612, 19335, 37808]	[612, 19335, 37808]	3	3	3	3	1	1	NA
 buggy specifications erased	1	R	3	1888	0.835593	1	2256	3.196463	[" buggy", " specifications", " erased"]	[46542, 20640, 33588]	-0.00705	0	0.11632	0	0.187974	1	1.944562	1	-0.122657	0	2.197323	2	3.196463	1	0.368692	1	2.36087	0	 buggy	1888	0.835593	1	robin_281	at robin	281	D_RANDOM_TOKEN	1	18	at robin	[265, 3857, 259]	[46542, 20640, 33588]	[46542, 20640, 33588]	3	3	3	3	1	1	NA
 interpol Lt Iz	1	R	3	1888	0.578776	1	1790	3.406803	[" interpol", " Lt", " Iz"]	[39555, 19090, 28493]	-0.00705	0	0.11632	0	0.395878	1	1.972957	1	-0.009203	2	2.828027	1	3.406803	1	0.239423	0	2.36087	0	 interpol	1888	0.578777	1	robin_281	at robin	281	D_RANDOM_TOKEN	1	19	at robin	[265, 3857, 259]	[39555, 19090, 28493]	[39555, 19090, 28493]	3	3	3	3	1	1	NA
 Renttainment Either	1	R	3	1888	0.647262	1	1790	3.114195	[" Rent", "tainment", " Either"]	[29832, 10738, 15467]	-0.00705	0	0.11632	0	-0.000821	0	1.972489	1	-0.044489	3	2.466933	1	3.114195	1	0.239423	0	2.36087	0	 Rent	1888	0.647262	1	robin_281	at robin	281	D_RANDOM_TOKEN	1	20	at robin	[265, 3857, 259]	[29832, 10738, 15467]	[29832, 10738, 15467]	3	3	3	3	1	1	NA
ersed *** Gener	1	R	3	1790	0.015256	1	1888	3.090284	["ersed", " ***", " Gener"]	[20204, 17202, 2980]	-0.00705	0	0.11632	0	-0.000821	0	-0.033355	0	-0.074726	2	3.090284	1	3.075028	1	0.239423	0	2.36087	0	ersed	1790	0.015257	1	robin_281	at robin	281	D_RANDOM_TOKEN	1	21	at robin	[265, 3857, 259]	[20204, 17202, 2980]	[20204, 17202, 2980]	3	3	3	3	1	1	NA
 editor biNav	1	R	3	1888	0.71781	1	1790	3.216642	[" editor", " bi", "Nav"]	[5464, 3182, 30575]	-0.006993	3	0.11632	0	0.51853	2	1.364921	1	-0.034508	3	2.498832	3	3.216642	1	0.239423	0	2.36087	0	 editor	1888	0.855773	1	robin_281	at robin	281	D_RANDOM_TOKEN	1	22	at robin	[265, 3857, 259]	[5464, 3182, 30575]	[5464, 3182, 30575]	3	3	3	3	1	1	NA
generic finalsicons	1	R	3	1888	0.408097	2	2256	2.768967	["generic", " finals", "icons"]	[41357, 18576, 34280]	-0.00705	0	0.11632	0	0.687335	3	-0.004364	3	0.207624	3	2.299455	2	2.768967	2	0.239423	0	2.36087	0	generic finals	1888	0.408097	1	robin_281	at robin	281	D_RANDOM_TOKEN	1	23	at robin	[265, 3857, 259]	[41357, 18576, 34280]	[41357, 18576, 34280]	3	3	3	3	1	1	NA
 futile"}]," chanting	1	R	3	1888	0.335014	1	1790	3.248729	[" futile", "\"}],\"", " chanting"]	[35322, 42785, 31138]	-0.00705	0	0.11632	0	-0.000821	0	2.301665	1	-0.039712	2	2.913715	1	3.248729	1	0.239423	0	2.36087	0	 futile	1888	0.335014	1	robin_281	at robin	281	D_RANDOM_TOKEN	1	24	at robin	[265, 3857, 259]	[35322, 42785, 31138]	[35322, 42785, 31138]	3	3	3	3	1	1	NA
 predis ballistic pron	1	R	3	1888	0.461453	1	1790	3.598305	[" predis", " ballistic", " pron"]	[46276, 22681, 9668]	0.425097	3	0.11632	0	0.322713	1	2.469494	1	-0.009438	3	3.136852	1	3.598305	1	0.239423	0	2.36087	0	 predis	1888	0.461453	1	robin_281	at robin	281	D_RANDOM_TOKEN	1	25	at robin	[265, 3857, 259]	[46276, 22681, 9668]	[46276, 22681, 9668]	3	3	3	3	1	1	NA
 Siddahoo George	1	R	3	1888	0.404671	1	1790	3.220461	[" Sidd", "ahoo", " George"]	[44487, 12992, 4502]	-0.00705	0	0.11632	0	-0.000821	0	0.908647	1	0.097709	2	2.81579	2	3.220461	1	0.239423	0	2.36087	0	 Sidd	1888	0.798516	1	robin_281	at robin	281	D_RANDOM_TOKEN	1	26	at robin	[265, 3857, 259]	[44487, 12992, 4502]	[44487, 12992, 4502]	3	3	3	3	1	1	NA
 Pocket freed crossings	1	R	3	1888	0.138828	1	1790	3.132211	[" Pocket", " freed", " crossings"]	[27290, 13459, 41930]	-0.00705	0	0.11632	0	-0.000821	0	1.340729	1	-0.064939	2	2.993383	1	3.132211	1	0.239423	0	2.36087	0	 Pocket	1888	0.138828	1	robin_281	at robin	281	D_RANDOM_TOKEN	1	27	at robin	[265, 3857, 259]	[27290, 13459, 41930]	[27290, 13459, 41930]	3	3	3	3	1	1	NA
 proxiesetus angel	1	R	3	1888	0.341768	1	1790	3.173306	[" proxies", "etus", " angel"]	[41775, 29158, 18304]	-0.002982	1	0.11632	0	0.88562	2	2.247014	1	0.146394	2	2.831538	1	3.173306	1	0.239423	0	2.36087	0	 proxies	1888	0.341769	1	robin_281	at robin	281	D_RANDOM_TOKEN	1	28	at robin	[265, 3857, 259]	[41775, 29158, 18304]	[41775, 29158, 18304]	3	3	3	3	1	1	NA
Second229Diff	1	R	3	1888	0.586922	1	2256	2.947792	["Second", "229", "Diff"]	[12211, 23539, 28813]	-0.001307	2	0.11632	0	-0.000821	0	-0.000324	3	-0.058783	1	2.331438	3	2.947792	1	0.239423	0	2.36087	0	Second	1888	0.586923	1	robin_281	at robin	281	D_RANDOM_TOKEN	1	29	at robin	[265, 3857, 259]	[12211, 23539, 28813]	[12211, 23539, 28813]	3	3	3	3	1	1	NA
 Gerrarduner pads	1	R	3	1888	0.261372	1	1790	3.161555	[" Gerrard", "uner", " pads"]	[49314, 38886, 21226]	-0.005869	3	0.11632	0	-0.000821	0	0.410701	1	-0.114624	3	2.900183	2	3.161555	1	0.239423	0	2.36087	0	 Gerrard	1888	0.395132	1	robin_281	at robin	281	D_RANDOM_TOKEN	1	30	at robin	[265, 3857, 259]	[49314, 38886, 21226]	[49314, 38886, 21226]	3	3	3	3	1	1	NA
 thankingeredith bite	1	R	3	1790	0.193765	1	1888	2.630279	[" thanking", "eredith", " bite"]	[41892, 36897, 13197]	-0.006937	2	0.11632	0	1.479533	2	0.895348	1	-0.02441	3	2.630279	1	2.436513	1	0.239423	0	2.36087	0	 thanking	1790	0.193766	1	robin_281	at robin	281	D_RANDOM_TOKEN	1	31	at robin	[265, 3857, 259]	[41892, 36897, 13197]	[41892, 36897, 13197]	3	3	3	3	1	1	NA
 Treatment refere twe	1	R	3	1888	1.135033	1	1790	3.662081	[" Treatment", " refere", " twe"]	[21415, 6773, 4184]	-0.00705	0	0.11632	0	-0.000821	0	1.402927	1	-0.017094	3	2.527049	1	3.662081	1	0.239423	0	2.36087	0	 Treatment	1888	1.135033	1	robin_281	at robin	281	D_RANDOM_TOKEN	1	32	at robin	[265, 3857, 259]	[21415, 6773, 4184]	[21415, 6773, 4184]	3	3	3	3	1	1	NA
 IGFavailable Shah	1	R	3	1888	0.976917	1	1790	3.748397	[" IGF", "available", " Shah"]	[46757, 15182, 18381]	-0.00705	0	0.11632	0	0.05523	2	1.483004	1	-0.018136	3	2.77148	1	3.748397	1	0.239423	0	2.36087	0	 IGF	1888	0.976916	1	robin_281	at robin	281	D_RANDOM_TOKEN	1	33	at robin	[265, 3857, 259]	[46757, 15182, 18381]	[46757, 15182, 18381]	3	3	3	3	1	1	NA
 graftNear Bash	1	R	3	1888	0.265118	1	1790	3.341044	[" graft", "Near", " Bash"]	[38455, 40640, 15743]	-0.00705	0	0.11632	0	0.064175	1	2.271941	1	-0.066022	2	3.075927	1	3.341044	1	0.239423	0	2.36087	0	 graft	1888	0.265119	1	robin_281	at robin	281	D_RANDOM_TOKEN	1	34	at robin	[265, 3857, 259]	[38455, 40640, 15743]	[38455, 40640, 15743]	3	3	3	3	1	1	NA
 shoulder1995 flaw	1	R	3	1790	0.454367	1	1888	3.611858	[" shoulder", "1995", " flaw"]	[8163, 21908, 11804]	0.27338	3	0.11632	0	1.762886	2	2.206811	1	-0.049052	2	3.611858	1	3.157491	1	0.239423	0	2.36087	0	 shoulder	1790	0.454366	1	robin_281	at robin	281	D_RANDOM_TOKEN	1	35	at robin	[265, 3857, 259]	[8163, 21908, 11804]	[8163, 21908, 11804]	3	3	3	3	1	1	NA
 STR284 meet	1	R	3	1888	0.579764	1	858	3.133485	[" STR", "284", " meet"]	[19269, 30336, 1826]	-0.00705	0	0.11632	0	0.341025	3	1.271425	1	-0.108805	3	2.474568	1	3.133485	1	0.239423	0	2.36087	0	 STR	1888	0.579763	1	robin_281	at robin	281	D_RANDOM_TOKEN	1	36	at robin	[265, 3857, 259]	[19269, 30336, 1826]	[19269, 30336, 1826]	3	3	3	3	1	1	NA
 quicklyAssad Burnett	1	R	3	1888	0.341897	1	1790	2.995095	[" quickly", "Assad", " Burnett"]	[2952, 23622, 46039]	-0.00705	0	0.11632	0	0.035405	2	2.240401	1	-0.072791	1	2.653198	1	2.995095	1	0.239423	0	2.36087	0	 quickly	1888	0.341898	1	robin_281	at robin	281	D_RANDOM_TOKEN	1	37	at robin	[265, 3857, 259]	[2952, 23622, 46039]	[2952, 23622, 46039]	3	3	3	3	1	1	NA
 Android urineitta	1	R	3	1888	0.531821	1	1790	3.339203	[" Android", " urine", "itta"]	[5565, 18922, 48519]	-0.00705	0	0.11632	0	0.303604	3	1.010798	1	-0.075922	2	2.807383	3	3.339203	1	0.239423	0	2.36087	0	 Android	1888	0.978333	1	robin_281	at robin	281	D_RANDOM_TOKEN	1	38	at robin	[265, 3857, 259]	[5565, 18922, 48519]	[5565, 18922, 48519]	3	3	3	3	1	1	NA
 Aging travelled tri	1	R	3	1888	0.772064	1	2256	3.132934	[" Aging", " travelled", " tri"]	[44581, 21650, 1333]	-0.00705	0	0.11632	0	-0.000821	0	1.466046	1	-0.117524	1	2.309902	1	3.132934	1	0.239423	0	2.36087	0	 Aging	1888	0.772064	1	robin_281	at robin	281	D_RANDOM_TOKEN	1	39	at robin	[265, 3857, 259]	[44581, 21650, 1333]	[44581, 21650, 1333]	3	3	3	3	1	1	NA
 Dogs Explorer Summary	1	R	3	1888	0.881541	1	2256	3.242411	[" Dogs", " Explorer", " Summary"]	[21367, 19142, 21293]	-0.00355	2	0.11632	0	-0.000821	0	0.732822	1	-0.006962	1	2.359385	1	3.242411	1	0.239423	0	2.36087	0	 Dogs	1888	0.881541	1	robin_281	at robin	281	D_RANDOM_TOKEN	1	40	at robin	[265, 3857, 259]	[21367, 19142, 21293]	[21367, 19142, 21293]	3	3	3	3	1	1	NA
 eastern Ic redesign	1	R	3	1888	0.397837	1	1790	2.992453	[" eastern", " Ic", " redesign"]	[10183, 43042, 27135]	-0.00705	0	0.11632	0	0.992252	1	2.507354	1	-0.065022	2	2.594616	1	2.992453	1	0.239423	0	2.36087	0	 eastern	1888	0.397838	1	robin_281	at robin	281	D_RANDOM_TOKEN	1	41	at robin	[265, 3857, 259]	[10183, 43042, 27135]	[10183, 43042, 27135]	3	3	3	3	1	1	NA
 handmadeWeakMr	1	R	3	1888	0.204351	1	1790	3.059429	[" handmade", "Weak", "Mr"]	[40973, 44898, 5246]	-0.00705	0	0.11632	0	-0.000821	0	1.774147	1	-0.047365	2	2.855078	2	3.059429	1	0.239423	0	2.36087	0	 handmade	1888	0.209006	1	robin_281	at robin	281	D_RANDOM_TOKEN	1	42	at robin	[265, 3857, 259]	[40973, 44898, 5246]	[40973, 44898, 5246]	3	3	3	3	1	1	NA
 spill.? horn	1	R	3	1888	0.462769	1	1790	3.134416	[" spill", ".?", " horn"]	[19431, 40791, 12718]	-0.00705	0	0.11632	0	0.587009	3	1.670117	1	-0.07096	2	2.671647	3	3.134416	1	0.239423	0	2.36087	0	 spill	1888	0.564925	1	robin_281	at robin	281	D_RANDOM_TOKEN	1	43	at robin	[265, 3857, 259]	[19431, 40791, 12718]	[19431, 40791, 12718]	3	3	3	3	1	1	NA
Neil BMW peak	1	R	3	1888	0.829723	3	1790	3.321393	["Neil", " BMW", " peak"]	[29354, 19339, 9103]	-0.00705	0	0.11632	0	-0.000821	0	-0.033355	0	-0.122657	0	2.491669	3	3.321393	3	0.239423	0	2.36087	0	Neil BMW peak	1888	0.829723	1	robin_281	at robin	281	D_RANDOM_TOKEN	1	44	at robin	[265, 3857, 259]	[29354, 19339, 9103]	[29354, 19339, 9103]	3	3	3	3	1	1	NA
 adapted 550eki	1	R	3	1790	0.038739	1	1888	2.844497	[" adapted", " 550", "eki"]	[16573, 25240, 39548]	-0.00705	0	0.11632	0	0.245608	3	2.098675	1	-0.061475	3	2.844497	1	2.805757	1	0.239423	0	2.36087	0	 adapted	1790	0.038739	1	robin_281	at robin	281	D_RANDOM_TOKEN	1	45	at robin	[265, 3857, 259]	[16573, 25240, 39548]	[16573, 25240, 39548]	3	3	3	3	1	1	NA
 Five Qi472	1	R	3	1888	0.962893	1	1790	3.410264	[" Five", " Qi", "472"]	[10579, 21924, 37856]	-0.001437	3	0.11632	0	-0.000821	0	1.277272	1	-0.075871	3	2.447371	1	3.410264	1	0.239423	0	2.36087	0	 Five	1888	0.962893	1	robin_281	at robin	281	D_RANDOM_TOKEN	1	46	at robin	[265, 3857, 259]	[10579, 21924, 37856]	[10579, 21924, 37856]	3	3	3	3	1	1	NA
ont weighs Comp	1	R	3	1888	0.130941	1	1790	2.691953	["ont", " weighs", " Comp"]	[756, 24034, 3082]	0.18505	3	0.11632	0	0.911734	1	0.124835	2	-0.122657	0	2.561013	1	2.691953	1	0.239423	0	2.36087	0	ont	1888	0.130942	1	robin_281	at robin	281	D_RANDOM_TOKEN	1	47	at robin	[265, 3857, 259]	[756, 24034, 3082]	[756, 24034, 3082]	3	3	3	3	1	1	NA
 graves Economic packing	1	R	3	1888	0.604938	1	1790	3.122405	[" graves", " Economic", " packing"]	[30055, 11279, 24157]	0.006599	2	0.11632	0	-0.000821	0	1.379733	1	-0.013622	3	2.517467	1	3.122405	1	0.239423	0	2.36087	0	 graves	1888	0.604938	1	robin_281	at robin	281	D_RANDOM_TOKEN	1	48	at robin	[265, 3857, 259]	[30055, 11279, 24157]	[30055, 11279, 24157]	3	3	3	3	1	1	NA
 Glasgow spider496	1	R	3	1888	0.877228	1	1790	3.523543	[" Glasgow", " spider", "496"]	[23995, 19230, 37747]	-0.003197	3	0.11632	0	-0.000821	0	1.177719	1	-0.095709	3	2.646314	1	3.523543	1	0.239423	0	2.36087	0	 Glasgow	1888	0.877228	1	robin_281	at robin	281	D_RANDOM_TOKEN	1	49	at robin	[265, 3857, 259]	[23995, 19230, 37747]	[23995, 19230, 37747]	3	3	3	3	1	1	NA
 channelryanlict	1	R	3	281	0.207054	2	1888	3.373608	[" channel", "ryan", "lict"]	[6518, 29038, 13758]	-0.00705	0	0.11632	0	3.373608	2	1.345978	1	-0.013804	1	2.829857	1	3.166554	1	0.239423	0	2.36087	0	 channelryan	281	0.207055	1	robin_281	at robin	281	D_RANDOM_TOKEN	1	50	at robin	[265, 3857, 259]	[6518, 29038, 13758]	[6518, 29038, 13758]	3	3	3	3	1	1	NA
hov Rangers hole	1	R	3	1888	0.484369	1	1790	3.604373	["hov", " Rangers", " hole"]	[28026, 13804, 7604]	-0.00705	0	0.11632	0	0.133532	1	-0.033355	0	-0.122657	0	3.120003	1	3.604373	1	0.239423	0	2.36087	0	hov	1888	0.48437	1	robin_281	at robin	281	D_RANDOM_TOKEN	1	51	at robin	[265, 3857, 259]	[28026, 13804, 7604]	[28026, 13804, 7604]	3	3	3	3	1	1	NA
ifyingitz provides	1	R	3	1888	0.541224	1	1790	3.442737	["ifying", "itz", " provides"]	[4035, 4224, 3769]	-0.00705	0	0.11632	0	1.713202	2	-3e-06	2	0.121643	2	2.901513	1	3.442737	1	0.239423	0	2.36087	0	ifying	1888	0.541223	1	robin_281	at robin	281	D_RANDOM_TOKEN	1	52	at robin	[265, 3857, 259]	[4035, 4224, 3769]	[4035, 4224, 3769]	3	3	3	3	1	1	NA
 bitters Norm resurgence	1	R	3	1888	1.055836	1	1790	4.162309	[" bitters", " Norm", " resurgence"]	[48666, 11220, 39330]	-0.00705	0	0.11632	0	0.327252	1	1.34885	1	-0.095944	2	3.106473	1	4.162309	1	0.239423	0	2.36087	0	 bitters	1888	1.055836	1	robin_281	at robin	281	D_RANDOM_TOKEN	1	53	at robin	[265, 3857, 259]	[48666, 11220, 39330]	[48666, 11220, 39330]	3	3	3	3	1	1	NA
Brain██ payout	1	R	3	1888	0.529038	1	1790	3.455803	["Brain", "██", " payout"]	[44687, 9968, 40055]	-0.003755	2	0.11632	0	-0.000821	0	0.298302	3	-0.035866	3	2.926765	2	3.455803	1	0.239423	0	2.36087	0	Brain	1888	0.646085	1	robin_281	at robin	281	D_RANDOM_TOKEN	1	54	at robin	[265, 3857, 259]	[44687, 9968, 40055]	[44687, 9968, 40055]	3	3	3	3	1	1	NA
 played Duo CentOS	1	R	3	1888	0.11164	2	345	2.779408	[" played", " Duo", " CentOS"]	[2826, 36086, 32418]	-0.00705	0	0.11632	0	-0.000821	0	2.281335	1	-0.048563	2	2.125006	1	2.779408	2	0.239423	0	2.36087	0	 played Duo	1888	0.111641	1	robin_281	at robin	281	D_RANDOM_TOKEN	1	55	at robin	[265, 3857, 259]	[2826, 36086, 32418]	[2826, 36086, 32418]	3	3	3	3	1	1	NA
 unethical catching supervisor	1	R	3	1888	0.831114	1	1790	3.225668	[" unethical", " catching", " supervisor"]	[38486, 16508, 21277]	-0.005323	2	0.11632	0	-0.000821	0	2.129253	1	-0.029073	2	2.394555	1	3.225668	1	0.239423	0	2.36087	0	 unethical	1888	0.831114	1	robin_281	at robin	281	D_RANDOM_TOKEN	1	56	at robin	[265, 3857, 259]	[38486, 16508, 21277]	[38486, 16508, 21277]	3	3	3	3	1	1	NA
 agre"; salute	1	R	3	1888	0.93769	1	1790	3.94779	[" agre", "\";", " salute"]	[2477, 8172, 34967]	-0.00705	0	0.11632	0	0.217428	1	1.482648	1	-0.063319	1	3.0101	1	3.94779	1	0.239423	0	2.36087	0	 agre	1888	0.93769	1	robin_281	at robin	281	D_RANDOM_TOKEN	1	57	at robin	[265, 3857, 259]	[2477, 8172, 34967]	[2477, 8172, 34967]	3	3	3	3	1	1	NA
 Nigeria Findingblers	1	R	3	1888	0.773687	1	1790	3.218254	[" Nigeria", " Finding", "blers"]	[19398, 27063, 43022]	-0.00705	0	0.11632	0	-0.000821	0	0.802405	1	-0.083991	2	2.444567	3	3.218254	1	0.239423	0	2.36087	0	 Nigeria	1888	0.857385	1	robin_281	at robin	281	D_RANDOM_TOKEN	1	58	at robin	[265, 3857, 259]	[19398, 27063, 43022]	[19398, 27063, 43022]	3	3	3	3	1	1	NA
ampaEmb ugly	1	R	3	1888	0.331213	1	1790	2.977768	["ampa", "Emb", " ugly"]	[13299, 31567, 13400]	-0.00705	0	0.11632	0	0.831173	1	0.062507	3	-0.069672	3	2.646556	1	2.977768	1	0.98652	3	2.36087	0	ampa	1888	0.331213	1	robin_281	at robin	281	D_RANDOM_TOKEN	1	59	at robin	[265, 3857, 259]	[13299, 31567, 13400]	[13299, 31567, 13400]	3	3	3	3	1	1	NA
 farmingiomispers	1	R	3	1888	0.363468	1	1790	3.111247	[" farming", "iom", "ispers"]	[16035, 29005, 27148]	-0.00705	0	0.11632	0	1.961044	2	1.426636	1	-0.107545	3	2.747779	1	3.111247	1	0.239423	0	2.36087	0	 farming	1888	0.363468	1	robin_281	at robin	281	D_RANDOM_TOKEN	1	60	at robin	[265, 3857, 259]	[16035, 29005, 27148]	[16035, 29005, 27148]	3	3	3	3	1	1	NA
at rob TOD	1	R	3	281	0.564339	2	2256	2.925209	["at", " rob", " TOD"]	[265, 3857, 16926]	-0.00705	0	0.11632	0	2.925209	2	-0.033355	0	-0.021824	3	2.250798	1	2.296376	3	0.239423	0	2.36087	0	at rob	281	0.56434	1	robin_281	at robin	281	C_LOCAL	2	1	at robin	[265, 3857, 259]	[265, 3857, 16926]	[265, 3857, 16926]	3	3	1	1	1	1	2
at robiba	1	R	3	1790	0.122963	3	281	3.048172	["at", " rob", "iba"]	[265, 3857, 23718]	-0.00705	0	0.11632	0	2.925209	2	-0.019221	3	-0.030447	2	3.048172	3	2.183645	2	0.239423	0	2.36087	0	at robiba	1790	0.122963	1	robin_281	at robin	281	C_LOCAL	2	2	at robin	[265, 3857, 259]	[265, 3857, 23718]	[265, 3857, 23718]	3	3	1	1	1	1	2
at robijn	1	R	3	281	0.564339	2	2256	2.925209	["at", " rob", "ijn"]	[265, 3857, 48848]	-0.00705	0	0.11632	0	2.925209	2	-0.002986	3	-0.030447	2	2.250798	1	2.183645	2	0.239423	0	2.36087	0	at rob	281	0.56434	1	robin_281	at robin	281	C_LOCAL	2	3	at robin	[265, 3857, 259]	[265, 3857, 48848]	[265, 3857, 48848]	3	3	1	1	1	1	2
at rob listens	1	R	3	281	0.564339	2	2256	2.925209	["at", " rob", " listens"]	[265, 3857, 35019]	-0.00705	0	0.11632	0	2.925209	2	-0.033355	0	-0.030447	2	2.250798	1	2.183645	2	0.239423	0	2.36087	0	at rob	281	0.56434	1	robin_281	at robin	281	C_LOCAL	2	4	at robin	[265, 3857, 259]	[265, 3857, 35019]	[265, 3857, 35019]	3	3	1	1	1	1	2
 educators robin	1	R	3	1888	0.304739	1	1790	3.144423	[" educators", " rob", "in"]	[30770, 3857, 259]	-0.00705	0	0.11632	0	1.397529	3	1.275403	1	-0.071534	2	2.839684	1	3.144423	1	0.239423	0	2.36087	0	 educators	1888	0.304739	1	robin_281	at robin	281	C_LOCAL	2	5	at robin	[265, 3857, 259]	[30770, 3857, 259]	[30770, 3857, 259]	3	3	1	1	1	1	0
 Rousse robin	1	R	3	1888	0.936334	1	1790	3.586823	[" Rousse", " rob", "in"]	[42849, 3857, 259]	-0.00705	0	0.11632	0	1.091708	3	1.483824	1	-0.045874	2	2.65049	1	3.586823	1	0.239423	0	2.36087	0	 Rousse	1888	0.936334	1	robin_281	at robin	281	C_LOCAL	2	6	at robin	[265, 3857, 259]	[42849, 3857, 259]	[42849, 3857, 259]	3	3	1	1	1	1	0
 controller robin	1	R	3	1888	0.334781	1	1790	3.330282	[" controller", " rob", "in"]	[10444, 3857, 259]	-0.00705	0	0.11632	0	2.000694	3	1.44421	1	-0.046949	2	2.995501	1	3.330282	1	0.239423	0	2.36087	0	 controller	1888	0.334781	1	robin_281	at robin	281	C_LOCAL	2	7	at robin	[265, 3857, 259]	[10444, 3857, 259]	[10444, 3857, 259]	3	3	1	1	1	1	0
217 robin	1	R	3	1888	0.885583	1	2256	3.246453	["217", " rob", "in"]	[24591, 3857, 259]	-0.00705	0	0.11632	0	1.187599	3	-0.033355	0	-0.041433	2	1.705674	1	3.246453	1	0.239423	0	2.36087	0	217	1888	0.885583	1	robin_281	at robin	281	C_LOCAL	2	8	at robin	[265, 3857, 259]	[24591, 3857, 259]	[24591, 3857, 259]	3	3	1	1	1	1	0
at facilitatedin	1	R	3	1790	0.41838	2	1888	2.964545	["at", " facilitated", "in"]	[265, 35923, 259]	-0.00705	0	0.11632	0	1.175374	3	-3.1e-05	3	-0.041203	2	2.964545	2	2.546165	2	0.239423	0	2.36087	0	at facilitated	1790	0.41838	1	robin_281	at robin	281	C_LOCAL	2	9	at robin	[265, 3857, 259]	[265, 35923, 259]	[265, 35923, 259]	3	3	1	1	1	1	1
 Emin robin	1	R	3	1888	0.669263	1	1790	3.257754	[" Emin", " rob", "in"]	[37912, 3857, 259]	-0.00705	0	0.11632	0	0.56703	3	0.537731	1	-0.053936	2	2.588491	3	3.257754	1	0.239423	0	2.36087	0	 Emin	1888	0.896883	1	robin_281	at robin	281	C_LOCAL	2	10	at robin	[265, 3857, 259]	[37912, 3857, 259]	[37912, 3857, 259]	3	3	1	1	1	1	0
ale robin	1	R	3	1888	0.267728	1	1790	3.119307	["ale", " rob", "in"]	[1000, 3857, 259]	-0.00705	0	0.11632	0	2.367689	3	-0.033355	0	-0.077	3	2.851579	1	3.119307	1	0.239423	0	2.36087	0	ale	1888	0.267727	1	robin_281	at robin	281	C_LOCAL	2	11	at robin	[265, 3857, 259]	[1000, 3857, 259]	[1000, 3857, 259]	3	3	1	1	1	1	0
at rob liver	1	R	3	281	0.275829	2	1790	2.925209	["at", " rob", " liver"]	[265, 3857, 14383]	-0.00705	0	0.11632	0	2.925209	2	0.230372	3	-0.030447	2	2.64938	3	2.183645	2	0.239423	0	2.36087	0	at rob	281	0.56434	1	robin_281	at robin	281	C_LOCAL	2	12	at robin	[265, 3857, 259]	[265, 3857, 14383]	[265, 3857, 14383]	3	3	1	1	1	1	2
at offensesin	1	R	3	1790	0.027351	2	812	2.525105	["at", " offenses", "in"]	[265, 18514, 259]	-0.00705	0	0.11632	0	1.2976	3	-0.000781	3	0.371541	3	2.525105	2	2.178581	2	0.239423	0	2.36087	0	at offenses	1790	0.164235	1	robin_281	at robin	281	C_LOCAL	2	13	at robin	[265, 3857, 259]	[265, 18514, 259]	[265, 18514, 259]	3	3	1	1	1	1	1
igi robin	1	R	3	1888	0.090452	1	1790	2.764039	["igi", " rob", "in"]	[25754, 3857, 259]	-0.00705	0	0.11632	0	2.506948	3	-0.033355	0	-0.033324	2	2.673587	1	2.764039	1	0.239423	0	2.36087	0	igi	1888	0.090452	1	robin_281	at robin	281	C_LOCAL	2	14	at robin	[265, 3857, 259]	[25754, 3857, 259]	[25754, 3857, 259]	3	3	1	1	1	1	0
From robin	1	R	3	1238	0.520241	1	1888	2.906402	["From", " rob", "in"]	[4863, 3857, 259]	-0.00705	0	0.11632	0	2.235641	3	-0.033355	0	-0.040491	2	1.687336	3	2.386161	2	0.239423	0	2.36087	0	From	1238	0.545532	1	robin_281	at robin	281	C_LOCAL	2	15	at robin	[265, 3857, 259]	[4863, 3857, 259]	[4863, 3857, 259]	3	3	1	1	1	1	0
brate robin	1	R	3	1888	0.583607	1	1790	3.188045	["brate", " rob", "in"]	[40804, 3857, 259]	-0.00705	0	0.11632	0	1.426138	2	-0.033355	0	-0.053949	2	2.604437	1	3.188045	1	0.239423	0	2.36087	0	brate	1888	0.583607	1	robin_281	at robin	281	C_LOCAL	2	16	at robin	[265, 3857, 259]	[40804, 3857, 259]	[40804, 3857, 259]	3	3	1	1	1	1	0
at rob Haj	1	R	3	281	0.564339	2	2256	2.925209	["at", " rob", " Haj"]	[265, 3857, 29399]	-0.00705	0	0.11632	0	2.925209	2	-0.033355	0	-0.030447	2	2.250798	1	2.267191	3	0.239423	0	2.36087	0	at rob	281	0.56434	1	robin_281	at robin	281	C_LOCAL	2	17	at robin	[265, 3857, 259]	[265, 3857, 29399]	[265, 3857, 29399]	3	3	1	1	1	1	2
 vulnerable robin	1	R	3	1888	0.260287	1	1790	3.271337	[" vulnerable", " rob", "in"]	[8826, 3857, 259]	-0.00705	0	0.11632	0	0.861235	2	1.657222	1	-0.039236	2	3.01105	1	3.271337	1	0.359142	1	2.36087	0	 vulnerable	1888	0.260286	1	robin_281	at robin	281	C_LOCAL	2	18	at robin	[265, 3857, 259]	[8826, 3857, 259]	[8826, 3857, 259]	3	3	1	1	1	1	0
ff robin	1	R	3	1888	0.141858	1	1712	2.834255	["ff", " rob", "in"]	[487, 3857, 259]	-0.00705	0	0.11632	0	1.898751	3	0.04685	2	-0.071104	1	2.582158	1	2.834255	1	0.239423	0	2.36087	0	ff	1888	0.141859	1	robin_281	at robin	281	C_LOCAL	2	19	at robin	[265, 3857, 259]	[487, 3857, 259]	[487, 3857, 259]	3	3	1	1	1	1	0
election robin	1	R	3	1888	0.528701	1	1790	2.984751	["election", " rob", "in"]	[14300, 3857, 259]	-0.004719	2	0.11632	0	1.261428	3	0.33933	1	-0.056488	3	2.456049	1	2.984751	1	0.239423	0	2.36087	0	election	1888	0.528702	1	robin_281	at robin	281	C_LOCAL	2	20	at robin	[265, 3857, 259]	[14300, 3857, 259]	[14300, 3857, 259]	3	3	1	1	1	1	0
 girlfriend robin	1	R	3	1888	0.792403	1	1790	3.276087	[" girlfriend", " rob", "in"]	[11077, 3857, 259]	-0.00705	0	0.11632	0	1.57524	3	1.504586	1	-0.062862	3	2.483684	1	3.276087	1	0.239423	0	2.36087	0	 girlfriend	1888	0.792403	1	robin_281	at robin	281	C_LOCAL	2	21	at robin	[265, 3857, 259]	[11077, 3857, 259]	[11077, 3857, 259]	3	3	1	1	1	1	0
endas robin	1	R	3	1888	0.600213	1	1790	3.310274	["endas", " rob", "in"]	[35624, 3857, 259]	-0.00705	0	0.11632	0	1.852175	3	0.039527	1	-0.122657	0	2.710062	1	3.310274	1	0.239423	0	2.36087	0	endas	1888	0.600212	1	robin_281	at robin	281	C_LOCAL	2	22	at robin	[265, 3857, 259]	[35624, 3857, 259]	[35624, 3857, 259]	3	3	1	1	1	1	0
at robtips	1	R	3	281	1.028871	3	2256	3.389741	["at", " rob", "tips"]	[265, 3857, 41315]	-0.00705	0	0.11632	0	3.389741	3	-0.033355	0	-0.030447	2	2.250798	1	2.183645	2	0.239423	0	2.36087	0	at robtips	281	1.028871	1	robin_281	at robin	281	C_LOCAL	2	23	at robin	[265, 3857, 259]	[265, 3857, 41315]	[265, 3857, 41315]	3	3	1	1	1	1	2
 amongst robin	1	R	3	1888	0.266727	1	1790	2.977997	[" amongst", " rob", "in"]	[12077, 3857, 259]	-0.00705	0	0.11632	0	0.780815	3	0.226486	1	-0.011922	1	2.71127	1	2.977997	1	0.239423	0	2.36087	0	 amongst	1888	0.266728	1	robin_281	at robin	281	C_LOCAL	2	24	at robin	[265, 3857, 259]	[12077, 3857, 259]	[12077, 3857, 259]	3	3	1	1	1	1	0
at rob AG	1	R	3	281	0.424565	2	858	2.925209	["at", " rob", " AG"]	[265, 3857, 13077]	-0.00705	0	0.11632	0	2.925209	2	-0.033355	0	-0.017019	3	2.250798	1	2.223714	3	0.239423	0	2.36087	0	at rob	281	0.56434	1	robin_281	at robin	281	C_LOCAL	2	25	at robin	[265, 3857, 259]	[265, 3857, 13077]	[265, 3857, 13077]	3	3	1	1	1	1	2
at noticeablein	1	R	3	1790	0.007033	2	812	2.537119	["at", " noticeable", "in"]	[265, 19787, 259]	-0.00705	0	0.11632	0	1.132177	3	-8e-06	3	-0.067364	3	2.537119	2	2.258888	2	0.954218	2	2.36087	0	at noticeable	1790	0.176249	1	robin_281	at robin	281	C_LOCAL	2	26	at robin	[265, 3857, 259]	[265, 19787, 259]	[265, 19787, 259]	3	3	1	1	1	1	1
 criticised robin	1	R	3	1888	0.676634	1	2256	3.037504	[" criticised", " rob", "in"]	[23894, 3857, 259]	-0.00705	0	0.11632	0	1.370628	3	0.878316	1	-0.066387	2	2.257108	1	3.037504	1	0.239423	0	2.36087	0	 criticised	1888	0.676635	1	robin_281	at robin	281	C_LOCAL	2	27	at robin	[265, 3857, 259]	[23894, 3857, 259]	[23894, 3857, 259]	3	3	1	1	1	1	0
′ robin	1	R	3	1888	0.245084	1	2256	2.605953	["′", " rob", "in"]	[17478, 3857, 259]	0.130335	1	0.11632	0	2.145648	3	0.84928	2	-0.063702	1	1.703192	2	2.605953	1	0.239423	0	2.36087	0	′	1888	0.245084	1	robin_281	at robin	281	C_LOCAL	2	28	at robin	[265, 3857, 259]	[17478, 3857, 259]	[17478, 3857, 259]	3	3	1	1	1	1	0
 Trial robin	1	R	3	1888	0.595909	1	1790	3.047287	[" Trial", " rob", "in"]	[21960, 3857, 259]	-0.00705	0	0.11632	0	0.645855	3	2.148955	1	-0.060507	2	2.451378	1	3.047287	1	0.239423	0	2.36087	0	 Trial	1888	0.59591	1	robin_281	at robin	281	C_LOCAL	2	29	at robin	[265, 3857, 259]	[21960, 3857, 259]	[21960, 3857, 259]	3	3	1	1	1	1	0
at Wooin	1	R	3	1888	0.099273	2	1790	2.734439	["at", " Woo", "in"]	[265, 39832, 259]	-0.00705	0	0.11632	0	0.106348	2	-0.03315	3	-0.016116	2	2.635166	2	2.734439	2	0.239423	0	2.36087	0	at Woo	1888	0.099272	1	robin_281	at robin	281	C_LOCAL	2	30	at robin	[265, 3857, 259]	[265, 39832, 259]	[265, 39832, 259]	3	3	1	1	1	1	1
at robill	1	R	3	281	0.565387	3	1881	3.458956	["at", " rob", "ill"]	[265, 3857, 359]	-0.00705	0	0.11632	0	3.458956	3	-0.016911	3	-0.030447	2	2.250798	1	2.183645	2	0.239423	0	2.36087	0	at robill	281	0.565387	1	robin_281	at robin	281	C_LOCAL	2	31	at robin	[265, 3857, 259]	[265, 3857, 359]	[265, 3857, 359]	3	3	1	1	1	1	2
at rob Faul	1	R	3	281	0.564339	2	2256	2.925209	["at", " rob", " Faul"]	[265, 3857, 44760]	-0.00705	0	0.11632	0	2.925209	2	-0.033355	0	-0.030447	2	2.250798	1	2.183645	2	0.239423	0	2.36087	0	at rob	281	0.56434	1	robin_281	at robin	281	C_LOCAL	2	32	at robin	[265, 3857, 259]	[265, 3857, 44760]	[265, 3857, 44760]	3	3	1	1	1	1	2
at rob neurolog	1	R	3	281	0.564339	2	2256	2.925209	["at", " rob", " neurolog"]	[265, 3857, 22356]	-0.00705	0	0.11632	0	2.925209	2	-0.033355	0	-0.030447	2	2.309884	3	2.278058	3	0.239423	0	2.36087	0	at rob	281	0.56434	1	robin_281	at robin	281	C_LOCAL	2	33	at robin	[265, 3857, 259]	[265, 3857, 22356]	[265, 3857, 22356]	3	3	1	1	1	1	2
 Memphis robin	1	R	3	1888	0.951353	1	2256	3.312222	[" Memphis", " rob", "in"]	[20522, 3857, 259]	-0.00705	0	0.11632	0	0.367153	3	0.876779	1	-0.0502	1	1.978362	1	3.312222	1	0.239423	0	2.36087	0	 Memphis	1888	0.951353	1	robin_281	at robin	281	C_LOCAL	2	34	at robin	[265, 3857, 259]	[20522, 3857, 259]	[20522, 3857, 259]	3	3	1	1	1	1	0
at hashtin	1	R	3	1790	0.042952	3	1888	2.724571	["at", " hasht", "in"]	[265, 20267, 259]	0.792588	3	0.11632	0	2.139022	3	-0.030958	3	-0.122657	0	2.724571	3	2.68162	2	0.239423	0	2.36087	0	at hashtin	1790	0.042952	1	robin_281	at robin	281	C_LOCAL	2	35	at robin	[265, 3857, 259]	[265, 20267, 259]	[265, 20267, 259]	3	3	1	1	1	1	1
atouncesin	1	R	3	1898	0.355728	3	2256	2.716598	["at", "ounces", "in"]	[265, 45982, 259]	0.068191	2	0.11632	0	1.981382	3	-0.00027	3	0.234895	3	2.250798	1	2.163717	3	0.239423	0	2.36087	0	atouncesin	1898	0.355728	1	robin_281	at robin	281	C_LOCAL	2	36	at robin	[265, 3857, 259]	[265, 45982, 259]	[265, 45982, 259]	3	3	1	1	1	1	1
at Rapin	1	R	3	372	0.090362	3	1888	2.629761	["at", " Rap", "in"]	[265, 12281, 259]	1.071053	3	0.11632	0	0.061237	1	-0.019427	3	-0.058677	2	2.250798	1	2.539399	2	0.239423	0	2.36087	0	at Rapin	372	0.090362	1	robin_281	at robin	281	C_LOCAL	2	37	at robin	[265, 3857, 259]	[265, 12281, 259]	[265, 12281, 259]	3	3	1	1	1	1	1
atSeniorin	1	R	3	1898	0.648214	2	812	3.026477	["at", "Senior", "in"]	[265, 31224, 259]	-0.00705	0	0.11632	0	0.410073	2	-0.000283	3	-0.025367	3	2.250798	1	2.128479	1	0.239423	0	2.36087	0	atSenior	1898	0.648214	1	robin_281	at robin	281	C_LOCAL	2	38	at robin	[265, 3857, 259]	[265, 31224, 259]	[265, 31224, 259]	3	3	1	1	1	1	1
at rob mixture	1	R	3	281	0.463336	2	1790	2.925209	["at", " rob", " mixture"]	[265, 3857, 11710]	-0.00705	0	0.11632	0	2.925209	2	-0.033355	0	-0.030447	2	2.461873	3	2.183645	2	0.239423	0	2.36087	0	at rob	281	0.56434	1	robin_281	at robin	281	C_LOCAL	2	39	at robin	[265, 3857, 259]	[265, 3857, 11710]	[265, 3857, 11710]	3	3	1	1	1	1	2
 Iv robin	1	R	3	1888	0.512234	1	1790	3.003289	[" Iv", " rob", "in"]	[16975, 3857, 259]	-0.00705	0	0.11632	0	1.758706	3	0.804314	1	-0.039623	3	2.491055	1	3.003289	1	0.239423	0	2.36087	0	 Iv	1888	0.512234	1	robin_281	at robin	281	C_LOCAL	2	40	at robin	[265, 3857, 259]	[16975, 3857, 259]	[16975, 3857, 259]	3	3	1	1	1	1	0
grey robin	1	R	3	1888	0.221731	1	1790	2.779467	["grey", " rob", "in"]	[49502, 3857, 259]	-0.00705	0	0.11632	0	1.346289	2	0.034486	1	-0.050019	2	2.557736	1	2.779467	1	0.239423	0	2.36087	0	grey	1888	0.221731	1	robin_281	at robin	281	C_LOCAL	2	41	at robin	[265, 3857, 259]	[49502, 3857, 259]	[49502, 3857, 259]	3	3	1	1	1	1	0
at beggingin	1	R	3	1790	0.038164	2	2256	2.399034	["at", " begging", "in"]	[265, 26732, 259]	-0.00705	0	0.11632	0	1.694744	3	-0.000174	3	-0.051461	3	2.399034	2	2.139806	2	0.239423	0	2.36087	0	at begging	1790	0.038165	1	robin_281	at robin	281	C_LOCAL	2	42	at robin	[265, 3857, 259]	[265, 26732, 259]	[265, 26732, 259]	3	3	1	1	1	1	1
 shuffle robin	1	R	3	1888	0.675206	1	1790	3.331715	[" shuffle", " rob", "in"]	[36273, 3857, 259]	-0.00705	0	0.11632	0	1.904888	3	1.885935	1	-0.106489	3	2.656509	1	3.331715	1	0.239423	0	2.36087	0	 shuffle	1888	0.675205	1	robin_281	at robin	281	C_LOCAL	2	43	at robin	[265, 3857, 259]	[36273, 3857, 259]	[36273, 3857, 259]	3	3	1	1	1	1	0
at unsupportedin	1	R	3	2256	0.110071	0	1790	2.36087	["at", " unsupported", "in"]	[265, 24222, 259]	-0.00705	0	0.11632	0	0.663838	3	-7e-06	3	-0.044265	2	2.250798	1	2.128479	1	0.239423	0	2.36087	0				bos_footprint	robin_281	at robin	281	C_LOCAL	2	44	at robin	[265, 3857, 259]	[265, 24222, 259]	[265, 24222, 259]	3	3	1	1	1	1	1
at Movesin	1	R	3	2256	0.110071	0	1790	2.36087	["at", " Moves", "in"]	[265, 38213, 259]	0.868036	3	0.11632	0	0.262989	3	-0.000194	3	1.570638	3	2.250798	1	2.128479	1	0.239423	0	2.36087	0				bos_footprint	robin_281	at robin	281	C_LOCAL	2	45	at robin	[265, 3857, 259]	[265, 38213, 259]	[265, 38213, 259]	3	3	1	1	1	1	1
 incorporating robin	1	R	3	1888	0.287634	1	1790	3.070206	[" incorporating", " rob", "in"]	[29927, 3857, 259]	-0.00705	0	0.11632	0	1.357697	3	1.782967	1	-0.038691	2	2.782572	1	3.070206	1	0.239423	0	2.36087	0	 incorporating	1888	0.287634	1	robin_281	at robin	281	C_LOCAL	2	46	at robin	[265, 3857, 259]	[29927, 3857, 259]	[29927, 3857, 259]	3	3	1	1	1	1	0
 hoops robin	1	R	3	1888	0.778459	1	1790	3.422946	[" hoops", " rob", "in"]	[46730, 3857, 259]	-0.00705	0	0.11632	0	1.990116	3	0.991251	1	-0.090852	3	2.644487	1	3.422946	1	0.239423	0	2.36087	0	 hoops	1888	0.778458	1	robin_281	at robin	281	C_LOCAL	2	47	at robin	[265, 3857, 259]	[46730, 3857, 259]	[46730, 3857, 259]	3	3	1	1	1	1	0
Education robin	1	R	3	1888	0.736646	1	2256	3.097516	["Education", " rob", "in"]	[41183, 3857, 259]	-0.00705	0	0.11632	0	0.729826	3	-0.033355	0	-0.0111	2	2.217173	1	3.097516	1	0.239423	0	2.36087	0	Education	1888	0.736646	1	robin_281	at robin	281	C_LOCAL	2	48	at robin	[265, 3857, 259]	[41183, 3857, 259]	[41183, 3857, 259]	3	3	1	1	1	1	0
icking robin	1	R	3	1888	0.443841	1	1790	3.012696	["icking", " rob", "in"]	[7958, 3857, 259]	-0.00705	0	0.11632	0	1.722186	2	0.006232	1	-0.062683	3	2.568855	1	3.012696	1	0.239423	0	2.36087	0	icking	1888	0.44384	1	robin_281	at robin	281	C_LOCAL	2	49	at robin	[265, 3857, 259]	[7958, 3857, 259]	[7958, 3857, 259]	3	3	1	1	1	1	0
 outsider robin	1	R	3	1888	0.435864	1	1790	3.271866	[" outsider", " rob", "in"]	[30545, 3857, 259]	-0.00705	0	0.11632	0	1.705735	3	2.169336	1	-0.046333	2	2.836002	1	3.271866	1	0.239423	0	2.36087	0	 outsider	1888	0.435865	1	robin_281	at robin	281	C_LOCAL	2	50	at robin	[265, 3857, 259]	[30545, 3857, 259]	[30545, 3857, 259]	3	3	1	1	1	1	0
at Scotsin	1	R	3	2256	0.035002	0	1790	2.36087	["at", " Scots", "in"]	[265, 33860, 259]	0.443802	2	0.11632	0	0.746224	3	-0.00166	3	2.229569	3	2.325867	3	2.128479	1	0.239423	0	2.36087	0				bos_footprint	robin_281	at robin	281	C_LOCAL	2	51	at robin	[265, 3857, 259]	[265, 33860, 259]	[265, 33860, 259]	3	3	1	1	1	1	1
atcriticalin	1	R	3	2256	0.110071	0	1790	2.36087	["at", "critical", "in"]	[265, 34666, 259]	-0.00705	0	0.11632	0	1.639073	2	-7.4e-05	3	-0.005368	3	2.250798	1	2.128479	1	0.239423	0	2.36087	0				bos_footprint	robin_281	at robin	281	C_LOCAL	2	52	at robin	[265, 3857, 259]	[265, 34666, 259]	[265, 34666, 259]	3	3	1	1	1	1	1
College robin	1	R	3	1888	1.347363	1	2256	3.708232	["College", " rob", "in"]	[38951, 3857, 259]	-0.00705	0	0.11632	0	0.236234	3	-0.02298	3	-0.035441	2	1.839736	1	3.708232	1	0.239423	0	2.36087	0	College	1888	1.347363	1	robin_281	at robin	281	C_LOCAL	2	53	at robin	[265, 3857, 259]	[38951, 3857, 259]	[38951, 3857, 259]	3	3	1	1	1	1	0
at rob backyard	1	R	3	281	0.564339	2	2256	2.925209	["at", " rob", " backyard"]	[265, 3857, 24296]	-0.00705	0	0.11632	0	2.925209	2	-0.033355	0	-0.030447	2	2.269111	3	2.343357	3	0.239423	0	2.36087	0	at rob	281	0.56434	1	robin_281	at robin	281	C_LOCAL	2	54	at robin	[265, 3857, 259]	[265, 3857, 24296]	[265, 3857, 24296]	3	3	1	1	1	1	2
at Parin	1	R	3	1156	0.421375	3	313	3.187548	["at", " Par", "in"]	[265, 2547, 259]	0.426565	3	0.11632	0	0.061237	1	-0.003287	3	-0.041289	2	2.250798	1	2.128479	1	0.239423	0	2.36087	0	at Parin	1156	0.421375	1	robin_281	at robin	281	C_LOCAL	2	55	at robin	[265, 3857, 259]	[265, 2547, 259]	[265, 2547, 259]	3	3	1	1	1	1	1
at shopin	1	R	3	1790	0.04755	3	2256	2.40842	["at", " shop", "in"]	[265, 6128, 259]	0.839258	3	0.11632	0	2.046005	3	-0.007913	3	-0.078594	3	2.40842	3	2.128479	1	0.239423	0	2.36087	0	at shopin	1790	0.04755	1	robin_281	at robin	281	C_LOCAL	2	56	at robin	[265, 3857, 259]	[265, 6128, 259]	[265, 6128, 259]	3	3	1	1	1	1	1
 Snyder robin	1	R	3	1888	0.876048	1	1790	3.784376	[" Snyder", " rob", "in"]	[22543, 3857, 259]	-0.00705	0	0.11632	0	1.212301	3	1.100435	1	-0.052453	2	2.908328	1	3.784376	1	0.239423	0	2.36087	0	 Snyder	1888	0.876048	1	robin_281	at robin	281	C_LOCAL	2	57	at robin	[265, 3857, 259]	[22543, 3857, 259]	[22543, 3857, 259]	3	3	1	1	1	1	0
at rob amput	1	R	3	281	0.192205	2	1790	2.925209	["at", " rob", " amput"]	[265, 3857, 40338]	-0.00705	0	0.11632	0	2.925209	2	0.614367	3	-0.030447	2	2.733004	3	2.368938	3	0.239423	0	2.36087	0	at rob	281	0.56434	1	robin_281	at robin	281	C_LOCAL	2	58	at robin	[265, 3857, 259]	[265, 3857, 40338]	[265, 3857, 40338]	3	3	1	1	1	1	2
at binin	1	R	3	1790	0.172266	3	2256	2.533135	["at", " bin", "in"]	[265, 9874, 259]	0.530268	3	0.11632	0	0.685512	3	-0.005829	3	-0.122657	0	2.533135	3	2.19901	2	0.239423	0	2.36087	0	at binin	1790	0.172266	1	robin_281	at robin	281	C_LOCAL	2	59	at robin	[265, 3857, 259]	[265, 9874, 259]	[265, 9874, 259]	3	3	1	1	1	1	1
at rob Kimber	1	R	3	281	0.564339	2	2256	2.925209	["at", " rob", " Kimber"]	[265, 3857, 36015]	-0.00705	0	0.11632	0	2.925209	2	-0.001878	3	-0.030447	2	2.250798	1	2.183645	2	0.239423	0	2.36087	0	at rob	281	0.56434	1	robin_281	at robin	281	C_LOCAL	2	60	at robin	[265, 3857, 259]	[265, 3857, 36015]	[265, 3857, 36015]	3	3	1	1	1	1	2
 Compactxy "$:/	1	R	3	1888	0.74057	1	1790	3.590621	[" Compact", "xy", " \"$:/"]	[37904, 5431, 32047]	-0.00705	0	0.11632	0	-0.000821	0	1.825374	1	-0.037834	3	2.85005	3	3.590621	1	0.239423	0	2.36087	0	 Compact	1888	0.99799	1	robin_281	at robin	281	D_RANDOM_TOKEN	2	1	at robin	[265, 3857, 259]	[37904, 5431, 32047]	[37904, 5431, 32047]	3	3	3	3	1	1	NA
 gaps parent>	1	R	3	1888	0.142673	1	1790	2.736207	[" gaps", " parent", ">"]	[17332, 2560, 29]	-0.00705	0	0.11632	0	0.623647	3	1.576296	1	0.067558	2	2.593534	1	2.736207	1	0.239423	0	2.36087	0	 gaps	1888	0.142673	1	robin_281	at robin	281	D_RANDOM_TOKEN	2	2	at robin	[265, 3857, 259]	[17332, 2560, 29]	[17332, 2560, 29]	3	3	3	3	1	1	NA
 BrewArcade quotas	1	R	3	1888	0.925838	1	1790	3.827567	[" Brew", "Arcade", " quotas"]	[9702, 43763, 38736]	-0.00239	2	0.11632	0	-0.000821	0	1.010921	1	-0.106218	2	2.90173	3	3.827567	1	0.239423	0	2.36087	0	 Brew	1888	1.033946	1	robin_281	at robin	281	D_RANDOM_TOKEN	2	3	at robin	[265, 3857, 259]	[9702, 43763, 38736]	[9702, 43763, 38736]	3	3	3	3	1	1	NA
 Ammo 458 democratically	1	R	3	1594	0.36713	3	1888	3.824843	[" Ammo", " 458", " democratically"]	[31073, 50154, 48517]	-0.006083	2	0.11632	0	-0.000821	0	1.85779	1	-0.047618	3	2.294603	1	3.457713	1	0.239423	0	2.36087	0	 Ammo 458 democratically	1594	0.36713	1	robin_281	at robin	281	D_RANDOM_TOKEN	2	4	at robin	[265, 3857, 259]	[31073, 50154, 48517]	[31073, 50154, 48517]	3	3	3	3	1	1	NA
 Getting shroud bankrupt	1	R	3	1888	0.435227	1	1790	2.890156	[" Getting", " shroud", " bankrupt"]	[18067, 32296, 13158]	-0.00705	0	0.11632	0	0.226459	2	0.831421	1	-0.071164	2	2.454929	1	2.890156	1	0.239423	0	2.36087	0	 Getting	1888	0.435226	1	robin_281	at robin	281	D_RANDOM_TOKEN	2	5	at robin	[265, 3857, 259]	[18067, 32296, 13158]	[18067, 32296, 13158]	3	3	3	3	1	1	NA
 Pegasus349 speedy	1	R	3	1888	0.759519	1	1790	3.447389	[" Pegasus", "349", " speedy"]	[48188, 27371, 35564]	-0.002068	2	0.11632	0	0.322638	3	0.593088	1	-0.092053	3	2.687871	3	3.447389	1	0.530981	3	2.36087	0	 Pegasus	1888	1.08652	1	robin_281	at robin	281	D_RANDOM_TOKEN	2	6	at robin	[265, 3857, 259]	[48188, 27371, 35564]	[48188, 27371, 35564]	3	3	3	3	1	1	NA
eric illiter Offic	1	R	3	1888	0.300639	3	1790	2.689236	["eric", " illiter", " Offic"]	[35626, 45029, 6328]	0.038078	1	0.11632	0	0.858719	2	-0.033355	0	-0.015738	3	2.388597	1	2.689236	3	0.239423	0	2.36087	0	eric illiter Offic	1888	0.300639	1	robin_281	at robin	281	D_RANDOM_TOKEN	2	7	at robin	[265, 3857, 259]	[35626, 45029, 6328]	[35626, 45029, 6328]	3	3	3	3	1	1	NA
boards pane counterterrorism	1	R	3	1790	0.080448	1	1888	2.618175	["boards", " pane", " counterterrorism"]	[12821, 37218, 36573]	-0.00705	0	0.11632	0	1.349353	2	-0.033355	0	-0.104126	3	2.618175	1	2.537727	2	0.239423	0	2.36087	0	boards	1790	0.081925	1	robin_281	at robin	281	D_RANDOM_TOKEN	2	8	at robin	[265, 3857, 259]	[12821, 37218, 36573]	[12821, 37218, 36573]	3	3	3	3	1	1	NA
 glamorous Nikol catches	1	R	3	1888	1.272385	1	1790	3.951116	[" glamorous", " Nikol", " catches"]	[46185, 48127, 17591]	-0.00705	0	0.156669	3	0.168286	1	2.46899	1	-0.01512	2	2.678731	1	3.951116	1	0.456056	1	2.36087	0	 glamorous	1888	1.272383	1	robin_281	at robin	281	D_RANDOM_TOKEN	2	9	at robin	[265, 3857, 259]	[46185, 48127, 17591]	[46185, 48127, 17591]	3	3	3	3	1	1	NA
CompletedDoueely	1	R	3	1888	0.066592	1	1790	2.77772	["Completed", "Dou", "eely"]	[43768, 40287, 45269]	-0.00705	0	0.11632	0	-0.000821	0	-1.9e-05	2	-0.031982	3	2.711128	3	2.77772	1	0.239423	0	2.36087	0	Completed	1888	0.416851	1	robin_281	at robin	281	D_RANDOM_TOKEN	2	10	at robin	[265, 3857, 259]	[43768, 40287, 45269]	[43768, 40287, 45269]	3	3	3	3	1	1	NA
esome Lebanese brightness	1	R	3	1888	0.46154	1	1790	3.285778	["esome", " Lebanese", " brightness"]	[5927, 28076, 22204]	-0.00705	0	0.11632	0	0.398241	1	-0.033355	0	-0.045104	3	2.824238	3	3.285778	1	0.239423	0	2.36087	0	esome	1888	0.924908	1	robin_281	at robin	281	D_RANDOM_TOKEN	2	11	at robin	[265, 3857, 259]	[5927, 28076, 22204]	[5927, 28076, 22204]	3	3	3	3	1	1	NA
 DC vacant cyt	1	R	3	1888	1.113864	1	1790	3.722107	[" DC", " vacant", " cyt"]	[6257, 23957, 27104]	-0.00705	0	0.11632	0	-0.000821	0	0.882854	1	-0.031853	3	2.608243	3	3.722107	1	0.239423	0	2.36087	0	 DC	1888	1.25126	1	robin_281	at robin	281	D_RANDOM_TOKEN	2	12	at robin	[265, 3857, 259]	[6257, 23957, 27104]	[6257, 23957, 27104]	3	3	3	3	1	1	NA
KK rains Transactions	1	R	3	1888	0.727693	1	2256	3.088563	["KK", " rains", " Transactions"]	[16601, 29424, 46192]	-0.00705	0	0.125949	2	-0.000821	0	0.156707	2	-0.027917	2	2.090947	3	3.088563	1	0.239423	0	2.36087	0	KK	1888	0.727693	1	robin_281	at robin	281	D_RANDOM_TOKEN	2	13	at robin	[265, 3857, 259]	[16601, 29424, 46192]	[16601, 29424, 46192]	3	3	3	3	1	1	NA
 statements stimulates modify	1	R	3	1888	0.269323	1	1790	3.159992	[" statements", " stimulates", " modify"]	[6299, 49881, 13096]	-0.00705	0	0.11632	0	0.37507	1	1.961965	1	-0.122657	0	2.890669	1	3.159992	1	0.239423	0	2.36087	0	 statements	1888	0.269322	1	robin_281	at robin	281	D_RANDOM_TOKEN	2	14	at robin	[265, 3857, 259]	[6299, 49881, 13096]	[6299, 49881, 13096]	3	3	3	3	1	1	NA
光STON android	1	R	3	1888	0.805091	1	1790	3.493805	["光", "STON", " android"]	[46268, 41924, 19286]	-0.00705	0	0.11632	0	0.57591	3	-0.033355	0	-0.005969	3	2.688714	1	3.493805	1	0.239423	0	2.36087	0	光	1888	0.805092	1	robin_281	at robin	281	D_RANDOM_TOKEN	2	15	at robin	[265, 3857, 259]	[46268, 41924, 19286]	[46268, 41924, 19286]	3	3	3	3	1	1	NA
illy ens propulsion	1	R	3	1888	0.330678	1	1790	2.921062	["illy", " ens", " propulsion"]	[6548, 3140, 38873]	-0.002594	2	0.11632	0	1.182815	2	-0.033355	0	0.065794	3	2.590384	1	2.921062	1	0.239423	0	2.36087	0	illy	1888	0.330678	1	robin_281	at robin	281	D_RANDOM_TOKEN	2	16	at robin	[265, 3857, 259]	[6548, 3140, 38873]	[6548, 3140, 38873]	3	3	3	3	1	1	NA
 Spl sailor accustomed	1	R	3	1888	0.92531	1	1790	3.621588	[" Spl", " sailor", " accustomed"]	[13341, 43272, 23840]	-0.00705	0	0.11632	0	-0.000821	0	1.121086	1	-0.033147	3	2.696279	1	3.621588	1	0.385973	3	2.36087	0	 Spl	1888	0.92531	1	robin_281	at robin	281	D_RANDOM_TOKEN	2	17	at robin	[265, 3857, 259]	[13341, 43272, 23840]	[13341, 43272, 23840]	3	3	3	3	1	1	NA
killer Chem coy	1	R	3	1888	0.005124	3	1790	2.746236	["killer", " Chem", " coy"]	[32156, 12870, 34003]	-0.00705	0	0.11632	0	0.167894	1	0.01325	1	-0.022138	3	2.741112	1	2.746236	3	0.239423	0	2.36087	0	killer Chem coy	1888	0.005124	1	robin_281	at robin	281	D_RANDOM_TOKEN	2	18	at robin	[265, 3857, 259]	[32156, 12870, 34003]	[32156, 12870, 34003]	3	3	3	3	1	1	NA
 promul endemic ect	1	R	3	1888	0.629134	1	1790	3.984309	[" promul", " endemic", " ect"]	[38040, 42560, 46080]	-0.00705	0	0.11632	0	0.241334	1	1.479812	1	-0.024055	3	3.355175	1	3.984309	1	0.239423	0	2.36087	0	 promul	1888	0.629134	1	robin_281	at robin	281	D_RANDOM_TOKEN	2	19	at robin	[265, 3857, 259]	[38040, 42560, 46080]	[38040, 42560, 46080]	3	3	3	3	1	1	NA
 forbiditch Kraft	1	R	3	1790	0.047241	1	1888	3.083824	[" forbid", "itch", " Kraft"]	[33277, 2007, 41828]	-0.00705	0	0.11632	0	1.843071	2	1.750409	1	-0.088822	2	3.083824	1	3.036583	1	0.239423	0	2.36087	0	 forbid	1790	0.047241	1	robin_281	at robin	281	D_RANDOM_TOKEN	2	20	at robin	[265, 3857, 259]	[33277, 2007, 41828]	[33277, 2007, 41828]	3	3	3	3	1	1	NA
Vari disgust Cooldown	1	R	3	1888	0.363571	1	1790	3.405185	["Vari", " disgust", " Cooldown"]	[23907, 16234, 39742]	0.197347	2	0.11632	0	-0.000821	0	-0.017274	1	-0.119854	1	3.041615	1	3.405185	1	0.239423	0	2.36087	0	Vari	1888	0.363571	1	robin_281	at robin	281	D_RANDOM_TOKEN	2	21	at robin	[265, 3857, 259]	[23907, 16234, 39742]	[23907, 16234, 39742]	3	3	3	3	1	1	NA
ranking repay quarterbacks	1	R	3	1790	0.143812	1	1888	2.985627	["ranking", " repay", " quarterbacks"]	[28405, 20152, 23643]	-0.00705	0	0.11632	0	0.076648	1	-0.01974	1	-0.049447	1	2.985627	1	2.841815	1	0.239423	0	2.36087	0	ranking	1790	0.143811	1	robin_281	at robin	281	D_RANDOM_TOKEN	2	22	at robin	[265, 3857, 259]	[28405, 20152, 23643]	[28405, 20152, 23643]	3	3	3	3	1	1	NA
 applauded alertType	1	R	3	1888	0.444686	1	1790	3.376034	[" applauded", " alert", "Type"]	[38911, 7995, 6030]	-0.00705	0	0.11632	0	0.936134	2	1.670819	1	-0.027329	3	2.931349	1	3.376034	1	0.239423	0	2.36087	0	 applauded	1888	0.444686	1	robin_281	at robin	281	D_RANDOM_TOKEN	2	23	at robin	[265, 3857, 259]	[38911, 7995, 6030]	[38911, 7995, 6030]	3	3	3	3	1	1	NA
emonium jsμ	1	R	3	1888	0.683446	1	1790	3.4857	["emonium", " js", "μ"]	[33044, 44804, 34703]	-0.00705	0	0.11632	0	1.204767	2	-0.026805	3	0.229191	3	2.802254	1	3.4857	1	0.239423	0	2.36087	0	emonium	1888	0.683446	1	robin_281	at robin	281	D_RANDOM_TOKEN	2	24	at robin	[265, 3857, 259]	[33044, 44804, 34703]	[33044, 44804, 34703]	3	3	3	3	1	1	NA
 laptop Demon Mortal	1	R	3	1888	0.824301	1	1790	3.481848	[" laptop", " Demon", " Mortal"]	[13224, 7814, 40166]	-0.004642	1	0.11632	0	-0.000821	0	1.268874	1	-0.017283	1	2.657547	1	3.481848	1	0.239423	0	2.36087	0	 laptop	1888	0.824301	1	robin_281	at robin	281	D_RANDOM_TOKEN	2	25	at robin	[265, 3857, 259]	[13224, 7814, 40166]	[13224, 7814, 40166]	3	3	3	3	1	1	NA
nostic pier extremists	1	R	3	1888	0.923964	1	1790	3.469104	["nostic", " pier", " extremists"]	[43758, 17748, 20674]	-0.00705	0	0.11632	0	0.333864	2	-0.033355	0	-0.097994	2	2.54514	1	3.469104	1	0.239423	0	2.36087	0	nostic	1888	0.923964	1	robin_281	at robin	281	D_RANDOM_TOKEN	2	26	at robin	[265, 3857, 259]	[43758, 17748, 20674]	[43758, 17748, 20674]	3	3	3	3	1	1	NA
ATURESscar renamed	1	R	3	1888	0.452572	1	858	2.945593	["ATURES", "scar", " renamed"]	[47471, 13034, 25121]	0.022339	1	0.11632	0	0.681497	2	-0.004374	2	0.010639	2	2.102912	2	2.945593	1	0.239423	0	2.36087	0	ATURES	1888	0.452572	1	robin_281	at robin	281	D_RANDOM_TOKEN	2	27	at robin	[265, 3857, 259]	[47471, 13034, 25121]	[47471, 13034, 25121]	3	3	3	3	1	1	NA
 Wond lap Mill	1	R	3	1888	0.780857	1	1790	3.720359	[" Wond", " lap", " Mill"]	[31960, 14779, 9212]	-0.00705	0	0.11632	0	0.151225	2	1.755819	1	-0.122657	0	2.939501	1	3.720359	1	0.239423	0	2.36087	0	 Wond	1888	0.780857	1	robin_281	at robin	281	D_RANDOM_TOKEN	2	28	at robin	[265, 3857, 259]	[31960, 14779, 9212]	[31960, 14779, 9212]	3	3	3	3	1	1	NA
 Bras assured Blizz	1	R	3	1888	0.735538	1	1790	3.561806	[" Bras", " assured", " Blizz"]	[39452, 13933, 46100]	-0.00705	0	0.11632	0	-0.000821	0	1.506854	1	-0.122657	0	2.826269	1	3.561806	1	0.239423	0	2.36087	0	 Bras	1888	0.735538	1	robin_281	at robin	281	D_RANDOM_TOKEN	2	29	at robin	[265, 3857, 259]	[39452, 13933, 46100]	[39452, 13933, 46100]	3	3	3	3	1	1	NA
 Venezuelanreadfun	1	R	3	1888	0.974486	1	1790	3.390815	[" Venezuelan", "read", "fun"]	[34497, 961, 12543]	-0.00705	0	0.11632	0	0.550925	2	1.049228	1	-0.122657	0	2.416329	1	3.390815	1	0.239423	0	2.36087	0	 Venezuelan	1888	0.974486	1	robin_281	at robin	281	D_RANDOM_TOKEN	2	30	at robin	[265, 3857, 259]	[34497, 961, 12543]	[34497, 961, 12543]	3	3	3	3	1	1	NA
NT ty microbiota	1	R	3	1888	1.144282	1	2256	3.505152	["NT", " ty", " microbiota"]	[11251, 1259, 42784]	-0.00705	0	0.11632	0	0.176116	2	0.064581	2	-0.0389	2	2.175177	1	3.505152	1	0.239423	0	2.36087	0	NT	1888	1.144283	1	robin_281	at robin	281	D_RANDOM_TOKEN	2	31	at robin	[265, 3857, 259]	[11251, 1259, 42784]	[11251, 1259, 42784]	3	3	3	3	1	1	NA
 unpleasantammers negate	1	R	3	1888	0.69898	1	1790	3.649623	[" unpleasant", "ammers", " negate"]	[22029, 36846, 44328]	-0.00353	2	0.11632	0	1.036378	2	1.891563	1	-0.091583	2	2.950643	1	3.649623	1	0.540848	1	2.36087	0	 unpleasant	1888	0.69898	1	robin_281	at robin	281	D_RANDOM_TOKEN	2	32	at robin	[265, 3857, 259]	[22029, 36846, 44328]	[22029, 36846, 44328]	3	3	3	3	1	1	NA
 momentarily Tape finishes	1	R	3	1888	0.34723	1	1790	3.403847	[" momentarily", " Tape", " finishes"]	[40957, 40849, 20271]	0.04279	1	0.118918	3	-0.000821	0	0.815443	1	-0.015247	2	3.056617	1	3.403847	1	0.239423	0	2.36087	0	 momentarily	1888	0.34723	1	robin_281	at robin	281	D_RANDOM_TOKEN	2	33	at robin	[265, 3857, 259]	[40957, 40849, 20271]	[40957, 40849, 20271]	3	3	3	3	1	1	NA
 Chocolate reminiscent ancestral	1	R	3	1888	1.062712	1	1790	3.483527	[" Chocolate", " reminiscent", " ancestral"]	[24777, 24960, 34843]	-0.00705	0	0.11632	0	-0.000821	0	1.073082	1	-0.057978	2	2.420815	1	3.483527	1	0.239423	0	2.36087	0	 Chocolate	1888	1.062711	1	robin_281	at robin	281	D_RANDOM_TOKEN	2	34	at robin	[265, 3857, 259]	[24777, 24960, 34843]	[24777, 24960, 34843]	3	3	3	3	1	1	NA
 contra portrayedez	1	R	3	1888	0.583053	1	1790	3.378983	[" contra", " portrayed", "ez"]	[25736, 19152, 8471]	-0.00705	0	0.11632	0	0.730666	3	2.148101	1	0.11164	3	2.79593	3	3.378983	1	0.239423	0	2.36087	0	 contra	1888	0.653757	1	robin_281	at robin	281	D_RANDOM_TOKEN	2	35	at robin	[265, 3857, 259]	[25736, 19152, 8471]	[25736, 19152, 8471]	3	3	3	3	1	1	NA
 blobromedaomen	1	R	3	1888	0.657112	1	1790	3.528898	[" blob", "romeda", "omen"]	[44812, 32291, 3674]	-0.00705	0	0.11632	0	1.291911	3	2.198413	1	-0.122657	0	2.871786	1	3.528898	1	0.239423	0	2.36087	0	 blob	1888	0.657112	1	robin_281	at robin	281	D_RANDOM_TOKEN	2	36	at robin	[265, 3857, 259]	[44812, 32291, 3674]	[44812, 32291, 3674]	3	3	3	3	1	1	NA
 vaccine1016 SHAR	1	R	3	1888	0.273502	1	858	3.570345	[" vaccine", "1016", " SHAR"]	[12319, 27956, 39225]	-0.00705	0	0.11632	0	-0.000821	0	0.749633	1	-0.049519	3	2.785781	1	3.570345	1	0.239423	0	2.36087	0	 vaccine	1888	0.784564	1	robin_281	at robin	281	D_RANDOM_TOKEN	2	37	at robin	[265, 3857, 259]	[12319, 27956, 39225]	[12319, 27956, 39225]	3	3	3	3	1	1	NA
METHOD nephew Wal	1	R	3	2330	0.42066	1	1888	3.269914	["METHOD", " nephew", " Wal"]	[49273, 26301, 6445]	-0.005263	3	0.11632	0	0.32121	2	-0.029479	2	-0.10899	2	1.746277	2	2.849254	1	0.239423	0	2.36087	0	METHOD	2330	0.42066	1	robin_281	at robin	281	D_RANDOM_TOKEN	2	38	at robin	[265, 3857, 259]	[49273, 26301, 6445]	[49273, 26301, 6445]	3	3	3	3	1	1	NA
:{auer paying	1	R	3	1888	0.342686	2	1790	2.763099	[":{", "auer", " paying"]	[29164, 16261, 5989]	0.071701	1	0.11632	0	0.655708	2	-0.033355	0	-0.046455	3	2.420413	2	2.763099	2	0.239423	0	2.36087	0	:{auer	1888	0.342686	1	robin_281	at robin	281	D_RANDOM_TOKEN	2	39	at robin	[265, 3857, 259]	[29164, 16261, 5989]	[29164, 16261, 5989]	3	3	3	3	1	1	NA
 HEADeuro strokes	1	R	3	858	0.420095	1	1888	3.100274	[" HEAD", "euro", " strokes"]	[39837, 44252, 29483]	-0.00705	0	0.11632	0	0.961114	2	2.223651	1	-0.091496	3	2.569436	2	2.680179	1	0.239423	0	2.36087	0	 HEAD	858	0.420095	1	robin_281	at robin	281	D_RANDOM_TOKEN	2	40	at robin	[265, 3857, 259]	[39837, 44252, 29483]	[39837, 44252, 29483]	3	3	3	3	1	1	NA
apeshifter DIYgu	1	R	3	1888	0.435143	1	1790	3.1013	["apeshifter", " DIY", "gu"]	[29554, 25134, 5162]	-0.00705	0	0.11632	0	0.593592	3	-0.000461	3	-0.034494	2	2.666157	1	3.1013	1	0.239423	0	2.36087	0	apeshifter	1888	0.435143	1	robin_281	at robin	281	D_RANDOM_TOKEN	2	41	at robin	[265, 3857, 259]	[29554, 25134, 5162]	[29554, 25134, 5162]	3	3	3	3	1	1	NA
 diligence impat Recommended	1	R	3	1888	0.542951	1	1790	3.6687	[" diligence", " impat", " Recommended"]	[34136, 28189, 31117]	-0.005475	3	0.11632	0	0.258569	1	2.055053	1	-0.09972	1	3.125749	1	3.6687	1	0.239423	0	2.36087	0	 diligence	1888	0.54295	1	robin_281	at robin	281	D_RANDOM_TOKEN	2	42	at robin	[265, 3857, 259]	[34136, 28189, 31117]	[34136, 28189, 31117]	3	3	3	3	1	1	NA
cled collide Lodge	1	R	3	1888	0.283016	1	1790	2.647512	["cled", " collide", " Lodge"]	[20095, 46592, 27046]	-0.00705	0	0.11632	0	0.619237	2	-0.033355	0	-0.028958	3	2.364496	1	2.647512	1	0.239423	0	2.36087	0	cled	1888	0.283016	1	robin_281	at robin	281	D_RANDOM_TOKEN	2	43	at robin	[265, 3857, 259]	[20095, 46592, 27046]	[20095, 46592, 27046]	3	3	3	3	1	1	NA
 forg struggles strengthens	1	R	3	1888	0.845731	1	1790	3.23244	[" forg", " struggles", " strengthens"]	[5784, 12766, 49286]	-0.00705	0	0.277637	3	0.264822	2	1.943432	1	-0.111063	1	2.386708	1	3.23244	1	0.392809	3	2.36087	0	 forg	1888	0.845731	1	robin_281	at robin	281	D_RANDOM_TOKEN	2	44	at robin	[265, 3857, 259]	[5784, 12766, 49286]	[5784, 12766, 49286]	3	3	3	3	1	1	NA
 calming Alienasio	1	R	3	1888	0.399414	1	1790	3.092003	[" calming", " Alien", "asio"]	[44907, 17610, 29831]	-0.00705	0	0.11632	0	-0.000821	0	1.9886	1	-0.023584	2	2.692589	1	3.092003	1	0.652059	1	2.36087	0	 calming	1888	0.399414	1	robin_281	at robin	281	D_RANDOM_TOKEN	2	45	at robin	[265, 3857, 259]	[44907, 17610, 29831]	[44907, 17610, 29831]	3	3	3	3	1	1	NA
 meats landfill underground	1	R	3	1888	1.065236	1	1790	3.776133	[" meats", " landfill", " underground"]	[32219, 47712, 11447]	-0.00705	0	0.11632	0	0.147709	2	1.868241	1	0.224713	2	2.710897	1	3.776133	1	0.239423	0	2.36087	0	 meats	1888	1.065236	1	robin_281	at robin	281	D_RANDOM_TOKEN	2	46	at robin	[265, 3857, 259]	[32219, 47712, 11447]	[32219, 47712, 11447]	3	3	3	3	1	1	NA
 dem cost ;)	1	R	3	1888	0.450073	1	1790	3.545733	[" dem", " cost", " ;)"]	[1357, 1575, 35540]	-0.000346	3	0.11632	0	0.912083	2	1.74905	1	-0.075257	2	3.09566	1	3.545733	1	0.239423	0	2.36087	0	 dem	1888	0.450073	1	robin_281	at robin	281	D_RANDOM_TOKEN	2	47	at robin	[265, 3857, 259]	[1357, 1575, 35540]	[1357, 1575, 35540]	3	3	3	3	1	1	NA
 Mu Arn Lyft	1	R	3	1888	0.526286	1	1790	2.959951	[" Mu", " Arn", " Lyft"]	[8252, 16644, 38928]	-0.00705	0	0.11632	0	-0.000821	0	0.944652	1	-0.015619	2	2.433665	3	2.959951	1	0.239423	0	2.36087	0	 Mu	1888	0.599082	1	robin_281	at robin	281	D_RANDOM_TOKEN	2	48	at robin	[265, 3857, 259]	[8252, 16644, 38928]	[8252, 16644, 38928]	3	3	3	3	1	1	NA
 Saidfi newsletters	1	R	3	1888	0.276978	1	1790	3.039405	[" Said", "fi", " newsletters"]	[23885, 12463, 16983]	-0.003159	2	0.11632	0	-0.000821	0	1.071391	1	0.365948	2	2.762427	1	3.039405	1	0.239423	0	2.36087	0	 Said	1888	0.276978	1	robin_281	at robin	281	D_RANDOM_TOKEN	2	49	at robin	[265, 3857, 259]	[23885, 12463, 16983]	[23885, 12463, 16983]	3	3	3	3	1	1	NA
 narrowed intercepted responsive	1	R	3	1790	0.267486	1	1888	3.608964	[" narrowed", " intercepted", " responsive"]	[33214, 29842, 21802]	-0.00705	0	0.11632	0	-0.000821	0	2.250908	1	-0.101742	3	3.608964	1	3.341479	1	0.239423	0	2.36087	0	 narrowed	1790	0.267484	1	robin_281	at robin	281	D_RANDOM_TOKEN	2	50	at robin	[265, 3857, 259]	[33214, 29842, 21802]	[33214, 29842, 21802]	3	3	3	3	1	1	NA
htaking ink Grimm	1	R	3	1888	0.734956	2	2256	3.095826	["htaking", " ink", " Grimm"]	[34148, 16882, 27145]	-0.00705	0	0.11632	0	-0.000821	0	0.05385	1	-0.027766	2	2.185089	3	3.095826	2	0.850243	1	2.36087	0	htaking ink	1888	0.734956	1	robin_281	at robin	281	D_RANDOM_TOKEN	2	51	at robin	[265, 3857, 259]	[34148, 16882, 27145]	[34148, 16882, 27145]	3	3	3	3	1	1	NA
abouts552Creating	1	R	3	1888	0.005022	1	1898	2.966298	["abouts", "552", "Creating"]	[27880, 40427, 32071]	-0.00705	0	0.11632	0	0.309818	2	-8.9e-05	2	-0.091571	2	2.680549	1	2.966298	1	0.239423	0	2.36087	0	abouts	1888	0.285748	1	robin_281	at robin	281	D_RANDOM_TOKEN	2	52	at robin	[265, 3857, 259]	[27880, 40427, 32071]	[27880, 40427, 32071]	3	3	3	3	1	1	NA
 nucle Hikitiveness	1	R	3	1888	0.484641	1	1790	3.390778	[" nucle", " Hik", "itiveness"]	[17751, 39790, 31366]	0.212637	3	0.11632	0	0.727095	1	2.447273	1	-0.058704	2	2.906137	3	3.390778	1	0.239423	0	2.36087	0	 nucle	1888	0.943505	1	robin_281	at robin	281	D_RANDOM_TOKEN	2	53	at robin	[265, 3857, 259]	[17751, 39790, 31366]	[17751, 39790, 31366]	3	3	3	3	1	1	NA
 Apostles Parkinson Martian	1	R	3	1888	1.171719	1	1790	3.841299	[" Apostles", " Parkinson", " Martian"]	[43331, 31618, 32508]	-0.00705	0	0.11632	0	-0.000821	0	2.596041	1	-0.011068	1	2.66958	1	3.841299	1	0.239423	0	2.36087	0	 Apostles	1888	1.171719	1	robin_281	at robin	281	D_RANDOM_TOKEN	2	54	at robin	[265, 3857, 259]	[43331, 31618, 32508]	[43331, 31618, 32508]	3	3	3	3	1	1	NA
 calmESSIONhetics	1	R	3	464	0.116342	1	1888	2.921484	[" calm", "ESSION", "hetics"]	[9480, 47621, 24965]	-0.00705	0	0.11632	0	0.631766	1	2.921484	1	-0.02586	2	2.298879	1	2.805142	1	0.239423	0	2.36087	0	 calm	464	0.11634	1	robin_281	at robin	281	D_RANDOM_TOKEN	2	55	at robin	[265, 3857, 259]	[9480, 47621, 24965]	[9480, 47621, 24965]	3	3	3	3	1	1	NA
armac margins LAST	1	R	3	858	0.390255	3	1888	3.493573	["armac", " margins", " LAST"]	[32813, 20241, 41894]	-0.00705	0	0.11632	0	0.035784	1	-0.033355	0	-0.063738	2	2.649283	1	3.103318	1	0.239423	0	2.36087	0	armac margins LAST	858	0.390255	1	robin_281	at robin	281	D_RANDOM_TOKEN	2	56	at robin	[265, 3857, 259]	[32813, 20241, 41894]	[32813, 20241, 41894]	3	3	3	3	1	1	NA
 evasion bark differs	1	R	3	1888	0.080943	1	1790	3.103174	[" evasion", " bark", " differs"]	[30877, 21405, 24242]	-0.00705	0	0.11632	0	0.194735	1	2.180823	1	-0.118369	3	3.022231	1	3.103174	1	0.239423	0	2.36087	0	 evasion	1888	0.080943	1	robin_281	at robin	281	D_RANDOM_TOKEN	2	57	at robin	[265, 3857, 259]	[30877, 21405, 24242]	[30877, 21405, 24242]	3	3	3	3	1	1	NA
 suspense Machineillation	1	R	3	1888	0.216678	1	1790	3.119	[" suspense", " Machine", "illation"]	[43527, 10850, 40903]	-0.00705	0	0.11632	0	0.13713	1	2.160785	1	-0.069955	2	2.902323	3	3.119	1	0.239423	0	2.36087	0	 suspense	1888	0.758131	1	robin_281	at robin	281	D_RANDOM_TOKEN	2	58	at robin	[265, 3857, 259]	[43527, 10850, 40903]	[43527, 10850, 40903]	3	3	3	3	1	1	NA
ynchron Chattanoogaenfranch	1	R	3	1888	0.30013	1	1790	2.860595	["ynchron", " Chattanooga", "enfranch"]	[24871, 45851, 39827]	-0.00705	0	0.11632	0	0.258192	1	-0.016349	3	-0.024178	2	2.560464	3	2.860595	1	0.239423	0	2.36087	0	ynchron	1888	0.307836	1	robin_281	at robin	281	D_RANDOM_TOKEN	2	59	at robin	[265, 3857, 259]	[24871, 45851, 39827]	[24871, 45851, 39827]	3	3	3	3	1	1	NA
 flowing toe WARN	1	R	3	1888	0.412323	1	858	3.130869	[" flowing", " toe", " WARN"]	[17609, 21189, 42660]	-0.00705	0	0.11632	0	0.554055	1	1.783613	1	-0.007997	3	2.565055	1	3.130869	1	0.239423	0	2.36087	0	 flowing	1888	0.565814	1	robin_281	at robin	281	D_RANDOM_TOKEN	2	60	at robin	[265, 3857, 259]	[17609, 21189, 42660]	[17609, 21189, 42660]	3	3	3	3	1	1	NA
it was cold	1	R	3	38	0.259758	3	1888	2.922295	["it", " was", " cold"]	[270, 373, 4692]	-0.00705	0	2.922295	3	0.169025	1	0.163932	1	-0.006815	2	2.016331	1	2.662537	1	1.336539	3	2.36087	0	it was cold	38	0.259758	1	cold_38	it was cold	38	SEED	NA	0	it was cold	[270, 373, 4692]	[270, 373, 4692]	[270, 373, 4692]	3	3	0	0	1	1	NA
it was cold	1	R	3	38	0.259758	3	1888	2.922295	["it", " was", " cold"]	[270, 373, 4692]	-0.00705	0	2.922295	3	0.169025	1	0.163932	1	-0.006815	2	2.016331	1	2.662537	1	1.336539	3	2.36087	0	it was cold	38	0.259758	1	cold_38	it was cold	38	A_CARRIER	NA	1	it was cold	[270, 373, 4692]	[270, 373, 4692]	[270, 373, 4692]	3	3	0	0	1	1	NA
it is cold	1	R	3	1888	0.170287	1	38	2.662537	["it", " is", " cold"]	[270, 318, 4692]	-0.00705	0	2.49225	3	0.169025	1	0.376973	2	-0.011746	2	2.016331	1	2.662537	1	0.737927	3	2.36087	0	it	1888	0.301667	1	cold_38	it was cold	38	A_CARRIER	NA	2	it was cold	[270, 373, 4692]	[270, 318, 4692]	[270, 318, 4692]	3	3	1	1	1	1	NA
it felt cold	1	R	3	1888	0.11264	1	38	2.662537	["it", " felt", " cold"]	[270, 2936, 4692]	-0.00705	0	2.549897	3	0.350019	2	0.163932	1	-0.005715	2	2.016331	1	2.662537	1	1.396099	3	2.36087	0	it	1888	0.301667	1	cold_38	it was cold	38	A_CARRIER	NA	3	it was cold	[270, 373, 4692]	[270, 2936, 4692]	[270, 2936, 4692]	3	3	1	1	1	1	NA
it seemed cold	1	R	3	1888	0.149181	1	38	2.662537	["it", " seemed", " cold"]	[270, 3947, 4692]	-0.00705	0	2.513356	3	0.181208	2	0.163932	1	-0.005096	2	2.016331	1	2.662537	1	1.542355	3	2.36087	0	it	1888	0.301667	1	cold_38	it was cold	38	A_CARRIER	NA	4	it was cold	[270, 373, 4692]	[270, 3947, 4692]	[270, 3947, 4692]	3	3	1	1	1	1	NA
this was cold	1	R	3	3052	0.293171	2	2256	2.654041	["this", " was", " cold"]	[5661, 373, 4692]	-0.00705	0	1.604964	3	0.758513	3	0.825628	1	-0.047066	3	2.130748	1	2.137255	1	1.309536	3	2.36087	0	this was	3052	0.293171	1	cold_38	it was cold	38	A_CARRIER	NA	5	it was cold	[270, 373, 4692]	[5661, 373, 4692]	[5661, 373, 4692]	3	3	1	1	1	1	NA
that was cold	1	R	3	2761	0.231898	3	1888	2.663876	["that", " was", " cold"]	[5562, 373, 4692]	-0.00705	0	1.516748	3	0.042826	3	0.378389	1	-0.033027	3	2.143235	1	2.431978	1	1.141514	3	2.36087	0	that was cold	2761	0.231898	1	cold_38	it was cold	38	A_CARRIER	NA	6	it was cold	[270, 373, 4692]	[5562, 373, 4692]	[5562, 373, 4692]	3	3	1	1	1	1	NA
everything was cold	1	R	3	1790	0.130991	1	2761	2.620756	["everything", " was", " cold"]	[37814, 373, 4692]	-0.00705	0	2.245716	3	0.507138	1	-0.033355	0	-0.043449	3	2.620756	1	2.162887	1	0.694227	3	2.36087	0	everything	1790	0.259886	1	cold_38	it was cold	38	A_CARRIER	NA	7	it was cold	[270, 373, 4692]	[37814, 373, 4692]	[37814, 373, 4692]	3	3	1	1	1	1	NA
nothing was cold	1	R	3	1613	0.208872	2	2572	2.779959	["nothing", " was", " cold"]	[22366, 373, 4692]	-0.00705	0	1.769103	3	0.143924	3	0.021808	1	-0.033313	2	1.775347	2	2.158633	1	0.299086	3	2.36087	0	nothing was	1613	0.208872	1	cold_38	it was cold	38	A_CARRIER	NA	8	it was cold	[270, 373, 4692]	[22366, 373, 4692]	[22366, 373, 4692]	3	3	1	1	1	1	NA
the air was cold	1	R	4	2073	0.764402	2	38	3.571815	["the", " air", " was", " cold"]	[1169, 1633, 373, 4692]	-0.00705	0	2.807413	4	0.510449	2	0.516699	1	-0.044169	4	2.74375	1	2.623779	1	1.438031	4	2.36087	0	the air	2073	0.828063	1	cold_38	it was cold	38	A_CARRIER	NA	9	it was cold	[270, 373, 4692]	[1169, 1633, 373, 4692]	[1169, 1633, 373, 4692]	4	4	2	2	1	1	NA
the water was cold	1	R	4	1790	0.017949	1	2073	2.74375	["the", " water", " was", " cold"]	[1169, 1660, 373, 4692]	-0.00705	0	1.854482	4	0.163982	1	0.516699	1	-0.033951	4	2.74375	1	2.662838	2	1.36333	4	2.36087	0	the	1790	0.119972	1	cold_38	it was cold	38	A_CARRIER	NA	10	it was cold	[270, 373, 4692]	[1169, 1660, 373, 4692]	[1169, 1660, 373, 4692]	4	4	2	2	1	1	NA
the night was cold	1	R	4	2073	1.285669	2	1790	4.029419	["the", " night", " was", " cold"]	[1169, 1755, 373, 4692]	-0.00705	0	2.647129	4	0.305442	2	0.516699	1	-0.033451	2	2.74375	1	2.623779	1	1.112039	4	2.36087	0	the night	2073	1.285669	1	cold_38	it was cold	38	A_CARRIER	NA	11	it was cold	[270, 373, 4692]	[1169, 1755, 373, 4692]	[1169, 1755, 373, 4692]	4	4	2	2	1	1	NA
the room was cold	1	R	4	2073	0.680189	2	1790	3.423939	["the", " room", " was", " cold"]	[1169, 2119, 373, 4692]	-0.00705	0	2.210368	4	0.209243	2	0.516699	1	-0.055653	4	2.74375	1	2.623779	1	1.45693	4	2.36087	0	the room	2073	0.680188	1	cold_38	it was cold	38	A_CARRIER	NA	12	it was cold	[270, 373, 4692]	[1169, 2119, 373, 4692]	[1169, 2119, 373, 4692]	4	4	2	2	1	1	NA
the world was cold	1	R	4	2073	0.455961	2	1790	3.199712	["the", " world", " was", " cold"]	[1169, 995, 373, 4692]	-0.00705	0	1.703882	4	0.163982	1	0.516699	1	-0.055208	4	2.74375	1	2.623779	1	1.240634	4	2.36087	0	the world	2073	0.455961	1	cold_38	it was cold	38	A_CARRIER	NA	13	it was cold	[270, 373, 4692]	[1169, 995, 373, 4692]	[1169, 995, 373, 4692]	4	4	2	2	1	1	NA
the sea was cold	1	R	4	2073	0.536568	2	1790	3.280318	["the", " sea", " was", " cold"]	[1169, 5417, 373, 4692]	-0.00705	0	2.099293	4	0.36	2	0.516699	1	-0.054869	4	2.74375	1	2.623779	1	1.524689	4	2.36087	0	the sea	2073	0.536567	1	cold_38	it was cold	38	A_CARRIER	NA	14	it was cold	[270, 373, 4692]	[1169, 5417, 373, 4692]	[1169, 5417, 373, 4692]	4	4	2	2	1	1	NA
the wind was cold	1	R	4	2073	0.659943	2	1790	3.403693	["the", " wind", " was", " cold"]	[1169, 2344, 373, 4692]	-0.00705	0	2.428529	4	0.341206	2	0.516699	1	-0.068069	4	2.74375	1	2.623779	1	1.518998	4	2.36087	0	the wind	2073	0.659942	1	cold_38	it was cold	38	A_CARRIER	NA	15	it was cold	[270, 373, 4692]	[1169, 2344, 373, 4692]	[1169, 2344, 373, 4692]	4	4	2	2	1	1	NA
the ground was cold	1	R	4	2073	0.340304	2	1790	3.084054	["the", " ground", " was", " cold"]	[1169, 2323, 373, 4692]	-0.00705	0	2.272312	4	0.163982	1	0.516699	1	-0.054992	4	2.74375	1	2.623779	1	1.384016	4	2.36087	0	the ground	2073	0.340303	1	cold_38	it was cold	38	A_CARRIER	NA	16	it was cold	[270, 373, 4692]	[1169, 2323, 373, 4692]	[1169, 2323, 373, 4692]	4	4	2	2	1	1	NA
the ship was cold	1	R	4	2073	0.142327	2	1790	2.886078	["the", " ship", " was", " cold"]	[1169, 4074, 373, 4692]	-0.00705	0	1.881105	4	0.163982	1	0.516699	1	-0.049604	4	2.74375	1	2.623779	1	1.174345	4	2.36087	0	the ship	2073	0.142327	1	cold_38	it was cold	38	A_CARRIER	NA	17	it was cold	[270, 373, 4692]	[1169, 4074, 373, 4692]	[1169, 4074, 373, 4692]	4	4	2	2	1	1	NA
the morning was cold	1	R	4	2073	0.542345	2	1790	3.286096	["the", " morning", " was", " cold"]	[1169, 3329, 373, 4692]	-0.00705	0	2.618602	4	0.221437	2	0.516699	1	-0.072265	4	2.74375	1	2.623779	1	1.177296	4	2.36087	0	the morning	2073	0.542346	1	cold_38	it was cold	38	A_CARRIER	NA	18	it was cold	[270, 373, 4692]	[1169, 3329, 373, 4692]	[1169, 3329, 373, 4692]	4	4	2	2	1	1	NA
the evening was cold	1	R	4	2073	0.909522	2	1790	3.653273	["the", " evening", " was", " cold"]	[1169, 6180, 373, 4692]	-0.00705	0	2.386449	4	0.163982	1	0.516699	1	-0.057837	4	2.74375	1	2.623779	1	1.19929	4	2.36087	0	the evening	2073	0.909522	1	cold_38	it was cold	38	A_CARRIER	NA	19	it was cold	[270, 373, 4692]	[1169, 6180, 373, 4692]	[1169, 6180, 373, 4692]	4	4	2	2	1	1	NA
the weather was cold	1	R	4	1790	0.100598	1	2073	2.74375	["the", " weather", " was", " cold"]	[1169, 6193, 373, 4692]	-0.00705	0	1.757417	4	0.163982	1	0.516699	1	-0.03827	4	2.74375	1	2.623779	1	1.470241	4	2.36087	0	the	1790	0.119972	1	cold_38	it was cold	38	A_CARRIER	NA	20	it was cold	[270, 373, 4692]	[1169, 6193, 373, 4692]	[1169, 6193, 373, 4692]	4	4	2	2	1	1	NA
I was cold	1	R	3	2761	0.180451	3	1888	3.330989	["I", " was", " cold"]	[40, 373, 4692]	-0.00705	0	0.94193	3	-0.000821	0	-0.033355	0	-0.027738	3	2.117125	1	3.150538	1	1.493131	3	2.36087	0	I was cold	2761	0.180451	1	cold_38	it was cold	38	A_CARRIER	NA	21	it was cold	[270, 373, 4692]	[40, 373, 4692]	[40, 373, 4692]	3	3	1	1	1	1	NA
he was cold	1	R	3	2761	0.015134	3	1790	2.904984	["he", " was", " cold"]	[258, 373, 4692]	-0.00705	0	1.28084	3	0.023	1	0.21489	1	-0.029238	3	2.88985	1	2.515266	1	1.176965	3	2.36087	0	he was cold	2761	0.015134	1	cold_38	it was cold	38	A_CARRIER	NA	22	it was cold	[270, 373, 4692]	[258, 373, 4692]	[258, 373, 4692]	3	3	1	1	1	1	NA
she was cold	1	R	3	1790	0.074463	1	2761	3.021878	["she", " was", " cold"]	[7091, 373, 4692]	-0.00705	0	1.107483	3	0.00472	1	0.041438	1	-0.034707	3	3.021878	1	2.526946	1	1.122453	3	2.36087	0	she	1790	0.494933	1	cold_38	it was cold	38	A_CARRIER	NA	23	it was cold	[270, 373, 4692]	[7091, 373, 4692]	[7091, 373, 4692]	3	3	1	1	1	1	NA
we were cold	1	R	3	2761	0.185172	3	1790	3.00408	["we", " were", " cold"]	[732, 547, 4692]	-0.00705	0	0.683795	3	0.322376	1	0.252283	1	-0.056682	3	2.818908	1	2.618998	1	1.414679	3	2.36087	0	we were cold	2761	0.185172	1	cold_38	it was cold	38	A_CARRIER	NA	24	it was cold	[270, 373, 4692]	[732, 547, 4692]	[732, 547, 4692]	3	3	2	2	1	1	NA
they were cold	1	R	3	2761	0.407155	3	2256	2.768025	["they", " were", " cold"]	[9930, 547, 4692]	-0.00705	0	1.258145	3	-0.000821	0	0.274664	1	-0.058329	3	2.307492	1	2.21476	1	0.878939	3	2.36087	0	they were cold	2761	0.407155	1	cold_38	it was cold	38	A_CARRIER	NA	25	it was cold	[270, 373, 4692]	[9930, 547, 4692]	[9930, 547, 4692]	3	3	2	2	1	1	NA
you were cold	1	R	3	2761	0.464633	3	1888	2.866905	["you", " were", " cold"]	[5832, 547, 4692]	-0.00705	0	0.991592	3	-0.000821	0	0.38756	1	-0.049424	3	2.369429	1	2.402272	1	1.019712	3	2.36087	0	you were cold	2761	0.464633	1	cold_38	it was cold	38	A_CARRIER	NA	26	it was cold	[270, 373, 4692]	[5832, 547, 4692]	[5832, 547, 4692]	3	3	2	2	1	1	NA
there was cold	1	R	3	2154	0.126387	2	2869	2.947251	["there", " was", " cold"]	[8117, 373, 4692]	-0.00705	0	1.734541	3	0.350647	1	0.510006	1	-0.061324	3	2.315805	1	2.521642	1	0.590538	3	2.36087	0	there was	2154	0.126386	1	cold_38	it was cold	38	A_CARRIER	NA	27	it was cold	[270, 373, 4692]	[8117, 373, 4692]	[8117, 373, 4692]	3	3	1	1	1	1	NA
outside it was cold	1	R	4	1888	0.117466	1	1790	2.739268	["outside", " it", " was", " cold"]	[43435, 340, 373, 4692]	-0.00705	0	2.314252	4	0.059505	2	0.261618	1	-0.018001	4	2.621802	2	2.739268	1	1.240373	4	2.36087	0	outside	1888	0.378399	1	cold_38	it was cold	38	A_CARRIER	NA	28	it was cold	[270, 373, 4692]	[43435, 340, 373, 4692]	[43435, 340, 373, 4692]	4	4	2	2	1	1	NA
inside it was cold	1	R	4	38	0.147153	4	2256	2.508023	["inside", " it", " was", " cold"]	[48787, 340, 373, 4692]	-0.00705	0	2.508023	4	0.282752	1	-0.020691	1	-0.004739	2	2.23388	2	2.347338	1	1.288827	4	2.36087	0	inside it was cold	38	0.147153	1	cold_38	it was cold	38	A_CARRIER	NA	29	it was cold	[270, 373, 4692]	[48787, 340, 373, 4692]	[48787, 340, 373, 4692]	4	4	2	2	1	1	NA
yesterday was cold	1	R	4	2761	0.229377	4	1888	2.767607	["yes", "terday", " was", " cold"]	[8505, 6432, 373, 4692]	-0.00705	0	1.777857	4	0.930278	2	0.15047	1	-0.082736	4	1.955417	1	2.53823	1	0.995882	4	2.36087	0	yesterday was cold	2761	0.229377	1	cold_38	it was cold	38	A_CARRIER	NA	30	it was cold	[270, 373, 4692]	[8505, 6432, 373, 4692]	[8505, 6432, 373, 4692]	4	4	2	2	1	1	NA
today was cold	1	R	3	1888	0.185958	1	2761	2.7457	["today", " was", " cold"]	[40838, 373, 4692]	-0.00705	0	1.902955	3	-0.000821	0	0.267785	1	-0.073209	1	1.892095	2	2.7457	1	1.329566	3	2.36087	0	today	1888	0.38483	1	cold_38	it was cold	38	A_CARRIER	NA	31	it was cold	[270, 373, 4692]	[40838, 373, 4692]	[40838, 373, 4692]	3	3	1	1	1	1	NA
winter was cold	1	R	3	1888	0.396727	1	2256	2.757597	["winter", " was", " cold"]	[40078, 373, 4692]	-0.00705	0	2.337011	3	0.914288	1	-0.033355	0	-0.066046	3	1.913581	1	2.757597	1	1.255553	3	2.36087	0	winter	1888	0.396727	1	cold_38	it was cold	38	A_CARRIER	NA	32	it was cold	[270, 373, 4692]	[40078, 373, 4692]	[40078, 373, 4692]	3	3	1	1	1	1	NA
at cold	1	R	2	2256	0.110071	0	1790	2.36087	["at", " cold"]	[265, 4692]	-0.00705	0	0.11632	0	0.732158	2	-0.033355	0	-0.045625	2	2.250798	1	2.128479	1	0.239423	0	2.36087	0				bos_footprint	cold_38	it was cold	38	A_CARRIER	NA	33	it was cold	[270, 373, 4692]	[265, 4692]	[265, 4692]	2	2	2	2	1	1	NA
the cold	1	R	2	2073	0.152621	2	1790	2.896372	["the", " cold"]	[1169, 4692]	-0.00705	0	1.136341	2	0.163983	1	0.516698	1	-0.107888	2	2.743751	1	2.623779	1	0.239423	0	2.36087	0	the cold	2073	0.152621	1	cold_38	it was cold	38	A_CARRIER	NA	34	it was cold	[270, 373, 4692]	[1169, 4692]	[1169, 4692]	2	2	2	2	1	1	NA
on cold	1	R	2	1888	0.132633	1	1790	2.759684	["on", " cold"]	[261, 4692]	-0.00705	0	0.11632	0	0.952144	2	0.161202	1	-0.080241	2	2.627051	1	2.759684	1	0.239423	0	2.36087	0	on	1888	0.132633	1	cold_38	it was cold	38	A_CARRIER	NA	35	it was cold	[270, 373, 4692]	[261, 4692]	[261, 4692]	2	2	2	2	1	1	NA
near cold	1	R	2	1435	0.228051	1	1888	3.042287	["near", " cold"]	[40093, 4692]	-0.00705	0	0.11632	0	0.288422	2	-0.033355	0	-0.066827	1	2.559089	1	2.814235	1	0.239423	0	2.36087	0	near	1435	0.228051	1	cold_38	it was cold	38	A_CARRIER	NA	36	it was cold	[270, 373, 4692]	[40093, 4692]	[40093, 4692]	2	2	2	2	1	1	NA
was cold	1	R	2	2761	0.463415	2	2256	2.824285	["was", " cold"]	[9776, 4692]	-0.00705	0	1.423518	2	-0.000821	0	0.390047	1	-0.115044	2	2.073068	1	2.101495	1	1.039191	2	2.36087	0	was cold	2761	0.463415	1	cold_38	it was cold	38	A_CARRIER	NA	37	it was cold	[270, 373, 4692]	[9776, 4692]	[9776, 4692]	2	2	2	2	1	1	NA
from cold	1	R	2	2256	0.173156	0	588	2.36087	["from", " cold"]	[6738, 4692]	-0.00705	0	0.11632	0	1.212853	2	0.001336	1	-0.08012	2	1.93728	1	2.026364	1	0.239423	0	2.36087	0				bos_footprint	cold_38	it was cold	38	A_CARRIER	NA	38	it was cold	[270, 373, 4692]	[6738, 4692]	[6738, 4692]	2	2	2	2	1	1	NA
of cold	1	R	2	2256	0.092838	0	1790	2.36087	["of", " cold"]	[1659, 4692]	-0.00705	0	0.11632	0	-0.000821	0	-0.033355	0	-0.038711	2	2.268032	1	2.199231	1	0.239423	0	2.36087	0				bos_footprint	cold_38	it was cold	38	A_CARRIER	NA	39	it was cold	[270, 373, 4692]	[1659, 4692]	[1659, 4692]	2	2	2	2	1	1	NA
to cold	1	R	2	1790	0.236005	1	1888	2.627262	["to", " cold"]	[1462, 4692]	-0.00705	0	0.11632	0	0.061513	2	0.226257	1	-0.073057	2	2.627262	1	2.391257	1	0.262099	2	2.36087	0	to	1790	0.236005	1	cold_38	it was cold	38	A_CARRIER	NA	40	it was cold	[270, 373, 4692]	[1462, 4692]	[1462, 4692]	2	2	2	2	1	1	NA
in cold	1	R	2	1888	0.021243	1	1790	2.852341	["in", " cold"]	[259, 4692]	0.065777	1	0.12139	2	0.255068	2	-0.033355	0	-0.037329	2	2.831098	1	2.852341	1	0.239423	0	2.36087	0	in	1888	0.021243	1	cold_38	it was cold	38	A_CARRIER	NA	41	it was cold	[270, 373, 4692]	[259, 4692]	[259, 4692]	2	2	2	2	1	1	NA
by cold	1	R	2	1888	0.184221	1	2256	2.545091	["by", " cold"]	[1525, 4692]	-0.00705	0	0.11632	0	0.946836	2	-0.033355	0	-0.04418	2	1.989603	1	2.545091	1	0.239423	0	2.36087	0	by	1888	0.184221	1	cold_38	it was cold	38	A_CARRIER	NA	42	it was cold	[270, 373, 4692]	[1525, 4692]	[1525, 4692]	2	2	2	2	1	1	NA
for cold	1	R	2	1790	0.283415	1	2256	2.644285	["for", " cold"]	[1640, 4692]	-0.00705	0	0.11632	0	-0.000821	0	0.317037	1	-0.039079	2	2.644285	1	2.283252	1	0.239423	0	2.36087	0	for	1790	0.283415	1	cold_38	it was cold	38	A_CARRIER	NA	43	it was cold	[270, 373, 4692]	[1640, 4692]	[1640, 4692]	2	2	2	2	1	1	NA
with cold	1	R	2	1888	0.314546	1	2256	2.675416	["with", " cold"]	[4480, 4692]	-0.00705	0	0.369598	2	0.045582	2	-0.033355	0	-0.029245	1	2.050943	1	2.675416	1	0.239423	0	2.36087	0	with	1888	0.314546	1	cold_38	it was cold	38	A_CARRIER	NA	44	it was cold	[270, 373, 4692]	[4480, 4692]	[4480, 4692]	2	2	2	2	1	1	NA
into cold	1	R	2	1790	0.209634	1	2256	2.570503	["into", " cold"]	[20424, 4692]	-0.00705	0	0.11632	0	0.102524	2	-0.033355	0	-0.036332	2	2.570503	1	2.037828	1	0.239423	0	2.36087	0	into	1790	0.209634	1	cold_38	it was cold	38	A_CARRIER	NA	45	it was cold	[270, 373, 4692]	[20424, 4692]	[20424, 4692]	2	2	2	2	1	1	NA
upon cold	1	R	2	1888	0.05341	1	2256	2.41428	["upon", " cold"]	[27287, 4692]	-0.00705	0	0.174029	2	-0.000821	0	0.350638	1	-0.029868	2	2.249667	1	2.41428	1	0.239423	0	2.36087	0	upon	1888	0.05341	1	cold_38	it was cold	38	A_CARRIER	NA	46	it was cold	[270, 373, 4692]	[27287, 4692]	[27287, 4692]	2	2	2	2	1	1	NA
beyond cold	1	R	3	1790	0.206194	1	1888	2.782547	["be", "yond", " cold"]	[1350, 3243, 4692]	-0.00705	0	0.11632	0	0.071117	2	-0.033355	0	-0.028177	3	2.782547	1	2.576353	1	0.239423	0	2.36087	0	be	1790	0.206193	1	cold_38	it was cold	38	A_CARRIER	NA	47	it was cold	[270, 373, 4692]	[1350, 3243, 4692]	[1350, 3243, 4692]	3	3	2	2	1	1	NA
island cold	1	R	3	1888	0.103781	1	2256	2.464651	["is", "land", " cold"]	[271, 1044, 4692]	-0.00705	0	0.243737	3	0.530096	2	0.292498	1	0.017004	2	2.199817	1	2.464651	1	0.239423	0	2.36087	0	is	1888	0.103781	1	cold_38	it was cold	38	A_CARRIER	NA	48	it was cold	[270, 373, 4692]	[271, 1044, 4692]	[271, 1044, 4692]	3	3	2	2	1	1	NA
fort cold	1	R	2	1888	0.628456	1	1790	3.453658	["fort", " cold"]	[3319, 4692]	-0.00705	0	0.341771	2	0.906223	1	0.135534	1	-0.110091	1	2.825202	1	3.453658	1	0.252271	2	2.36087	0	fort	1888	0.628456	1	cold_38	it was cold	38	A_CARRIER	NA	49	it was cold	[270, 373, 4692]	[3319, 4692]	[3319, 4692]	2	2	2	2	1	1	NA
lake cold	1	R	2	1888	0.138809	1	1790	2.983173	["lake", " cold"]	[27180, 4692]	-0.00705	0	0.11632	0	0.610221	1	-0.033355	0	-0.070692	1	2.844364	1	2.983173	1	0.239423	0	2.36087	0	lake	1888	0.138809	1	cold_38	it was cold	38	A_CARRIER	NA	50	it was cold	[270, 373, 4692]	[27180, 4692]	[27180, 4692]	2	2	2	2	1	1	NA
north cold	1	R	2	1888	0.386787	1	2256	2.747657	["north", " cold"]	[43588, 4692]	-0.00705	0	0.11632	0	1.283415	1	-0.033355	0	-0.106109	1	2.346838	1	2.747657	1	0.239423	0	2.36087	0	north	1888	0.386787	1	cold_38	it was cold	38	A_CARRIER	NA	51	it was cold	[270, 373, 4692]	[43588, 4692]	[43588, 4692]	2	2	2	2	1	1	NA
old cold	1	R	2	1888	0.492881	1	2256	2.853751	["old", " cold"]	[727, 4692]	-0.00705	0	0.11632	0	0.124585	2	0.242975	1	-0.091536	1	1.965791	1	2.853751	1	0.239423	0	2.36087	0	old	1888	0.492881	1	cold_38	it was cold	38	A_CARRIER	NA	52	it was cold	[270, 373, 4692]	[727, 4692]	[727, 4692]	2	2	2	2	1	1	NA
great cold	1	R	2	1888	0.517668	1	2256	2.878538	["great", " cold"]	[18223, 4692]	-0.00705	0	0.206459	2	0.210619	1	0.054712	1	-0.101313	1	2.218528	1	2.878538	1	0.239423	0	2.36087	0	great	1888	0.517668	1	cold_38	it was cold	38	A_CARRIER	NA	53	it was cold	[270, 373, 4692]	[18223, 4692]	[18223, 4692]	2	2	2	2	1	1	NA
we cold	1	R	2	1790	0.19991	1	1888	2.818909	["we", " cold"]	[732, 4692]	-0.00705	0	0.410859	2	0.322376	1	0.252283	1	-0.085557	1	2.818909	1	2.618999	1	0.239423	0	2.36087	0	we	1790	0.19991	1	cold_38	it was cold	38	A_CARRIER	NA	54	it was cold	[270, 373, 4692]	[732, 4692]	[732, 4692]	2	2	2	2	1	1	NA
he cold	1	R	2	1790	0.374584	1	1888	2.88985	["he", " cold"]	[258, 4692]	-0.00705	0	1.323501	2	0.023	1	0.21489	1	-0.034458	2	2.88985	1	2.515266	1	0.239423	0	2.36087	0	he	1790	0.374584	1	cold_38	it was cold	38	A_CARRIER	NA	55	it was cold	[270, 373, 4692]	[258, 4692]	[258, 4692]	2	2	2	2	1	1	NA
she cold	1	R	2	1790	0.494933	1	1888	3.021879	["she", " cold"]	[7091, 4692]	-0.00705	0	1.284208	2	0.290004	2	0.041437	1	-0.059693	2	3.021879	1	2.526946	1	0.259337	2	2.36087	0	she	1790	0.494933	1	cold_38	it was cold	38	A_CARRIER	NA	56	it was cold	[270, 373, 4692]	[7091, 4692]	[7091, 4692]	2	2	2	2	1	1	NA
they cold	1	R	2	2256	0.053377	0	1790	2.36087	["they", " cold"]	[9930, 4692]	-0.00705	0	1.317009	2	0.302739	2	0.274664	1	-0.082133	1	2.307493	1	2.21476	1	0.239423	0	2.36087	0				bos_footprint	cold_38	it was cold	38	A_CARRIER	NA	57	it was cold	[270, 373, 4692]	[9930, 4692]	[9930, 4692]	2	2	2	2	1	1	NA
I cold	1	R	2	1888	0.789668	1	2256	3.150538	["I", " cold"]	[40, 4692]	-0.00705	0	0.896617	2	-0.000821	0	-0.033355	0	-0.047459	2	2.117125	1	3.150538	1	0.239423	0	2.36087	0	I	1888	0.789668	1	cold_38	it was cold	38	A_CARRIER	NA	58	it was cold	[270, 373, 4692]	[40, 4692]	[40, 4692]	2	2	2	2	1	1	NA
you cold	1	R	2	1888	0.032843	1	1790	2.402272	["you", " cold"]	[5832, 4692]	-0.00705	0	0.863701	2	0.258795	2	0.38756	1	-0.058532	1	2.369429	1	2.402272	1	0.239423	0	2.36087	0	you	1888	0.032843	1	cold_38	it was cold	38	A_CARRIER	NA	59	it was cold	[270, 373, 4692]	[5832, 4692]	[5832, 4692]	2	2	2	2	1	1	NA
past cold	1	R	2	1888	0.526062	1	2256	2.886932	["past", " cold"]	[30119, 4692]	-0.00705	0	0.11632	0	0.487769	2	-0.033355	0	-0.122657	0	2.218165	2	2.886932	1	0.239423	0	2.36087	0	past	1888	0.526062	1	cold_38	it was cold	38	A_CARRIER	NA	60	it was cold	[270, 373, 4692]	[30119, 4692]	[30119, 4692]	2	2	2	2	1	1	NA
it was Mackinaw	1	R	5	20	0.253071	4	1430	3.134665	["it", " was", " Mack", "in", "aw"]	[270, 373, 16640, 259, 707]	3.134665	4	0.664959	2	0.169025	1	0.163932	1	2.881595	4	2.132133	4	2.662537	1	0.239423	0	2.36087	0	it was Mackin	20	0.253071	1	cold_38	it was cold	38	B_GATE	NA	1	it was cold	[270, 373, 4692]	[270, 373, 16640, 259, 707]	[270, 373, 16640, 259, 707]	5	5	3	3	1	1	NA
it was Nantucket	1	R	5	858	0.390313	3	1888	3.05285	["it", " was", " N", "ant", "ucket"]	[270, 373, 399, 415, 38811]	-0.00705	0	0.664959	2	0.169025	1	0.163932	1	-0.006815	2	2.016331	1	2.662537	1	0.239423	0	2.36087	0	it was N	858	0.390313	1	cold_38	it was cold	38	B_GATE	NA	2	it was cold	[270, 373, 4692]	[270, 373, 399, 415, 38811]	[270, 373, 399, 415, 38811]	5	5	3	3	1	1	NA
it was Iceland	1	R	3	1888	0.301667	1	2256	2.662537	["it", " was", " Iceland"]	[270, 373, 17333]	-0.00705	0	0.664959	2	0.169025	1	0.163932	1	-0.006815	2	2.016331	1	2.662537	1	0.239423	0	2.36087	0	it	1888	0.301667	1	cold_38	it was cold	38	B_GATE	NA	3	it was cold	[270, 373, 4692]	[270, 373, 17333]	[270, 373, 17333]	3	3	1	1	1	1	NA
it was Greenland	1	R	3	1888	0.367135	3	2256	2.728005	["it", " was", " Greenland"]	[270, 373, 30155]	-0.00705	0	0.664959	2	0.179588	3	0.163932	1	-0.006815	2	2.016331	1	2.728005	3	0.239423	0	2.36087	0	it was Greenland	1888	0.367135	1	cold_38	it was cold	38	B_GATE	NA	4	it was cold	[270, 373, 4692]	[270, 373, 30155]	[270, 373, 30155]	3	3	1	1	1	1	NA
it was Labrador	1	R	3	1888	0.308919	3	2256	2.669789	["it", " was", " Labrador"]	[270, 373, 45246]	-0.00705	0	0.664959	2	0.169025	1	0.163932	1	-0.006815	2	2.016331	1	2.669789	3	0.239423	0	2.36087	0	it was Labrador	1888	0.308919	1	cold_38	it was cold	38	B_GATE	NA	5	it was cold	[270, 373, 4692]	[270, 373, 45246]	[270, 373, 45246]	3	3	1	1	1	1	NA
it was Patagonia	1	R	5	1888	0.301667	1	2256	2.662537	["it", " was", " Pat", "agon", "ia"]	[270, 373, 3208, 1840, 544]	0.236003	4	0.664959	2	0.169025	1	0.163932	1	-0.006815	2	2.016331	1	2.662537	1	0.239423	0	2.36087	0	it	1888	0.301667	1	cold_38	it was cold	38	B_GATE	NA	6	it was cold	[270, 373, 4692]	[270, 373, 3208, 1840, 544]	[270, 373, 3208, 1840, 544]	5	5	3	3	1	1	NA
it was Zanzibar	1	R	6	1888	0.41782	3	1790	2.951416	["it", " was", " Z", "anz", "ib", "ar"]	[270, 373, 1168, 35410, 571, 283]	0.759994	5	0.664959	2	0.169025	1	0.163932	1	0.19162	5	2.533596	5	2.951416	3	0.239423	0	2.36087	0	it was Z	1888	0.590547	1	cold_38	it was cold	38	B_GATE	NA	7	it was cold	[270, 373, 4692]	[270, 373, 1168, 35410, 571, 283]	[270, 373, 1168, 35410, 571, 283]	6	6	4	4	1	1	NA
it was harbour	1	R	3	1888	0.674992	3	2256	3.035862	["it", " was", " harbour"]	[270, 373, 39720]	-0.00705	0	0.664959	2	0.921459	3	0.163932	1	-0.006815	2	2.269551	3	3.035862	3	0.239423	0	2.36087	0	it was harbour	1888	0.674992	1	cold_38	it was cold	38	B_GATE	NA	8	it was cold	[270, 373, 4692]	[270, 373, 39720]	[270, 373, 39720]	3	3	1	1	1	1	NA
it was anchor	1	R	3	1888	0.357623	3	2256	2.718493	["it", " was", " anchor"]	[270, 373, 18021]	-0.001669	3	0.664959	2	0.883123	3	0.163932	1	-0.006815	2	2.016331	1	2.718493	3	0.239423	0	2.36087	0	it was anchor	1888	0.357623	1	cold_38	it was cold	38	B_GATE	NA	9	it was cold	[270, 373, 4692]	[270, 373, 18021]	[270, 373, 18021]	3	3	1	1	1	1	NA
it was rigging	1	R	3	1888	0.301667	1	2256	2.662537	["it", " was", " rigging"]	[270, 373, 48784]	-0.001254	3	0.901746	3	0.417817	3	0.163932	1	-0.006815	2	2.016331	1	2.662537	1	0.239423	0	2.36087	0	it	1888	0.301667	1	cold_38	it was cold	38	B_GATE	NA	10	it was cold	[270, 373, 4692]	[270, 373, 48784]	[270, 373, 48784]	3	3	1	1	1	1	NA
it was fathom	1	R	4	2874	0.758017	3	1970	3.55699	["it", " was", " f", "athom"]	[270, 373, 277, 32910]	-0.00705	0	0.664959	2	0.606536	3	0.163932	1	-0.006815	2	2.199852	4	2.662537	1	0.239423	0	2.36087	0	it was f	2874	0.758017	1	cold_38	it was cold	38	B_GATE	NA	11	it was cold	[270, 373, 4692]	[270, 373, 277, 32910]	[270, 373, 277, 32910]	4	4	2	2	1	1	NA
it was leeward	1	R	5	2044	0.475061	4	1790	3.22378	["it", " was", " le", "ew", "ard"]	[270, 373, 443, 413, 446]	-0.00705	0	0.664959	2	1.243183	3	0.163932	1	-0.006815	2	2.74872	5	2.662537	1	0.239423	0	2.36087	0	it was leew	2044	0.561243	1	cold_38	it was cold	38	B_GATE	NA	12	it was cold	[270, 373, 4692]	[270, 373, 443, 413, 446]	[270, 373, 443, 413, 446]	5	5	3	3	1	1	NA
it was starboard	1	R	4	1888	0.693653	3	2256	3.054523	["it", " was", " star", "board"]	[270, 373, 3491, 3526]	-0.00705	0	0.664959	2	1.253603	3	0.163932	1	-0.006815	2	2.016331	1	3.054523	3	0.239423	0	2.36087	0	it was star	1888	0.693653	1	cold_38	it was cold	38	B_GATE	NA	13	it was cold	[270, 373, 4692]	[270, 373, 3491, 3526]	[270, 373, 3491, 3526]	4	4	2	2	1	1	NA
it was binnacle	1	R	4	2874	1.024006	3	1790	3.743394	["it", " was", " b", "innacle"]	[270, 373, 275, 37087]	-0.000671	3	0.664959	2	0.955763	4	0.163932	1	-0.006815	2	2.719388	4	2.687485	3	0.239423	0	2.36087	0	it was b	2874	1.055909	1	cold_38	it was cold	38	B_GATE	NA	14	it was cold	[270, 373, 4692]	[270, 373, 275, 37087]	[270, 373, 275, 37087]	4	4	2	2	1	1	NA
it was scrimshaw	1	R	4	1790	0.080005	4	1888	3.035148	["it", " was", " scrim", "shaw"]	[270, 373, 32157, 32832]	0.194964	4	0.741669	3	1.966081	4	0.163932	1	-0.006815	2	3.035148	4	2.955143	4	0.239423	0	2.36087	0	it was scrimshaw	1790	0.080005	1	cold_38	it was cold	38	B_GATE	NA	15	it was cold	[270, 373, 4692]	[270, 373, 32157, 32832]	[270, 373, 32157, 32832]	4	4	2	2	1	1	NA
it was whale	1	R	3	1888	0.301667	1	2256	2.662537	["it", " was", " whale"]	[270, 373, 22206]	-0.00705	0	0.664959	2	0.276637	3	0.163932	1	-0.006815	2	2.016331	1	2.662537	1	0.239423	0	2.36087	0	it	1888	0.301667	1	cold_38	it was cold	38	B_GATE	NA	16	it was cold	[270, 373, 4692]	[270, 373, 22206]	[270, 373, 22206]	3	3	1	1	1	1	NA
it was porpoise	1	R	5	1790	0.044847	4	1888	2.707385	["it", " was", " por", "po", "ise"]	[270, 373, 16964, 7501, 786]	-0.00705	0	0.664959	2	0.492775	3	0.163932	1	-0.006815	2	2.707385	4	2.662537	1	0.239423	0	2.36087	0	it was porpo	1790	0.044847	1	cold_38	it was cold	38	B_GATE	NA	17	it was cold	[270, 373, 4692]	[270, 373, 16964, 7501, 786]	[270, 373, 16964, 7501, 786]	5	5	3	3	1	1	NA
it was kraken	1	R	5	2874	0.145684	3	1888	2.82611	["it", " was", " k", "ra", "ken"]	[270, 373, 479, 430, 3464]	-0.00705	0	0.664959	2	1.447311	3	0.163932	1	1.828607	4	2.598329	5	2.680426	3	0.239423	0	2.36087	0	it was k	2874	0.145684	1	cold_38	it was cold	38	B_GATE	NA	18	it was cold	[270, 373, 4692]	[270, 373, 479, 430, 3464]	[270, 373, 479, 430, 3464]	5	5	3	3	1	1	NA
it was albatross	1	R	5	1787	0.480707	4	1888	3.143245	["it", " was", " al", "bat", "ross"]	[270, 373, 435, 8664, 1214]	-0.001473	3	0.664959	2	1.287165	3	0.163932	1	-0.006815	2	2.130885	4	2.662537	1	0.239423	0	2.36087	0	it was albat	1787	0.480707	1	cold_38	it was cold	38	B_GATE	NA	19	it was cold	[270, 373, 4692]	[270, 373, 435, 8664, 1214]	[270, 373, 435, 8664, 1214]	5	5	3	3	1	1	NA
it was petrel	1	R	4	1888	0.301667	1	2256	2.662537	["it", " was", " pet", "rel"]	[270, 373, 4273, 2411]	-0.00705	0	0.664959	2	1.029395	3	0.163932	1	-0.006815	2	2.03268	4	2.662537	1	0.239423	0	2.36087	0	it	1888	0.301667	1	cold_38	it was cold	38	B_GATE	NA	20	it was cold	[270, 373, 4692]	[270, 373, 4273, 2411]	[270, 373, 4273, 2411]	4	4	2	2	1	1	NA
it was cormorant	1	R	6	2874	0.329446	3	1790	3.288971	["it", " was", " c", "orm", "or", "ant"]	[270, 373, 269, 579, 273, 415]	-0.00705	0	0.664959	2	1.316898	3	0.163932	1	-0.006815	2	2.959525	4	2.662537	1	0.931939	6	2.36087	0	it was c	2874	0.626434	1	cold_38	it was cold	38	B_GATE	NA	21	it was cold	[270, 373, 4692]	[270, 373, 269, 579, 273, 415]	[270, 373, 269, 579, 273, 415]	6	6	4	4	1	1	NA
it was tavern	1	R	3	1888	0.660745	3	2256	3.021615	["it", " was", " tavern"]	[270, 373, 42488]	-0.00705	0	0.664959	2	0.391913	3	0.163932	1	-0.006815	2	2.016331	1	3.021615	3	0.239423	0	2.36087	0	it was tavern	1888	0.660745	1	cold_38	it was cold	38	B_GATE	NA	22	it was cold	[270, 373, 4692]	[270, 373, 42488]	[270, 373, 42488]	3	3	1	1	1	1	NA
it was chowder	1	R	4	2874	0.44142	3	1888	3.196708	["it", " was", " ch", "owder"]	[270, 373, 442, 34656]	-0.00705	0	0.664959	2	1.092148	3	0.163932	1	-0.006815	2	2.637117	4	2.755288	4	0.239423	0	2.36087	0	it was ch	2874	0.53417	1	cold_38	it was cold	38	B_GATE	NA	23	it was cold	[270, 373, 4692]	[270, 373, 442, 34656]	[270, 373, 442, 34656]	4	4	2	2	1	1	NA
it was ledger	1	R	3	1888	0.77349	3	2256	3.13436	["it", " was", " ledger"]	[270, 373, 37208]	-0.00705	0	0.664959	2	0.276428	3	0.163932	1	-0.006815	2	2.158957	3	3.13436	3	0.239423	0	2.36087	0	it was ledger	1888	0.77349	1	cold_38	it was cold	38	B_GATE	NA	24	it was cold	[270, 373, 4692]	[270, 373, 37208]	[270, 373, 37208]	3	3	1	1	1	1	NA
it was pulpit	1	R	4	1888	0.730461	4	2256	3.091331	["it", " was", " pul", "pit"]	[270, 373, 17472, 15544]	-0.00705	0	0.664959	2	0.290967	4	0.163932	1	-0.006815	2	2.252518	4	3.091331	4	0.239423	0	2.36087	0	it was pulpit	1888	0.730461	1	cold_38	it was cold	38	B_GATE	NA	25	it was cold	[270, 373, 4692]	[270, 373, 17472, 15544]	[270, 373, 17472, 15544]	4	4	2	2	1	1	NA
it was sermon	1	R	3	1888	0.443862	3	3007	2.910611	["it", " was", " sermon"]	[270, 373, 39362]	-0.00705	0	0.664959	2	0.740962	3	0.163932	1	-0.006815	2	2.016331	1	2.910611	3	0.239423	0	2.36087	0	it was sermon	1888	0.443862	1	cold_38	it was cold	38	B_GATE	NA	26	it was cold	[270, 373, 4692]	[270, 373, 39362]	[270, 373, 39362]	3	3	1	1	1	1	NA
it was parson	1	R	4	2874	0.393059	3	1888	3.055596	["it", " was", " p", "arson"]	[270, 373, 279, 12613]	-0.00705	0	0.664959	2	1.053383	3	0.163932	1	-0.006815	2	2.335672	4	2.662537	1	0.239423	0	2.36087	0	it was p	2874	0.393059	1	cold_38	it was cold	38	B_GATE	NA	27	it was cold	[270, 373, 4692]	[270, 373, 279, 12613]	[270, 373, 279, 12613]	4	4	2	2	1	1	NA
it was compass	1	R	3	1888	0.566686	3	2256	2.927556	["it", " was", " compass"]	[270, 373, 31855]	-0.00705	0	0.664959	2	0.451259	3	0.163932	1	-0.006815	2	2.123783	3	2.927556	3	0.239423	0	2.36087	0	it was compass	1888	0.566686	1	cold_38	it was cold	38	B_GATE	NA	28	it was cold	[270, 373, 4692]	[270, 373, 31855]	[270, 373, 31855]	3	3	1	1	1	1	NA
it was quadrant	1	R	4	1888	0.330817	3	1790	3.071933	["it", " was", " quad", "rant"]	[270, 373, 15094, 5250]	-0.003145	3	0.664959	2	0.411929	3	0.163932	1	-0.000794	4	2.741116	4	3.071933	3	0.239423	0	2.36087	0	it was quad	1888	0.711063	1	cold_38	it was cold	38	B_GATE	NA	29	it was cold	[270, 373, 4692]	[270, 373, 15094, 5250]	[270, 373, 15094, 5250]	4	4	2	2	1	1	NA
it was sextant	1	R	5	25	0.137777	4	2874	2.893344	["it", " was", " se", "xt", "ant"]	[270, 373, 384, 742, 415]	-0.00705	0	0.664959	2	0.56515	3	0.163932	1	0.248343	4	2.016331	1	2.662537	1	0.239423	0	2.36087	0	it was sext	25	0.137777	1	cold_38	it was cold	38	B_GATE	NA	30	it was cold	[270, 373, 4692]	[270, 373, 384, 742, 415]	[270, 373, 384, 742, 415]	5	5	3	3	1	1	NA
it was chronometer	1	R	4	1888	0.770648	3	2256	3.131518	["it", " was", " chron", "ometer"]	[270, 373, 16199, 15635]	-0.00705	0	0.664959	2	0.299701	4	0.163932	1	-0.006815	2	2.016331	1	3.131518	3	0.239423	0	2.36087	0	it was chron	1888	0.770648	1	cold_38	it was cold	38	B_GATE	NA	31	it was cold	[270, 373, 4692]	[270, 373, 16199, 15635]	[270, 373, 16199, 15635]	4	4	2	2	1	1	NA
it was lantern	1	R	3	1888	0.415324	3	2256	2.776194	["it", " was", " lantern"]	[270, 373, 41207]	-0.00705	0	0.664959	2	0.335411	3	0.163932	1	-0.006815	2	2.016331	1	2.776194	3	0.239423	0	2.36087	0	it was lantern	1888	0.415324	1	cold_38	it was cold	38	B_GATE	NA	32	it was cold	[270, 373, 4692]	[270, 373, 41207]	[270, 373, 41207]	3	3	1	1	1	1	NA
it was robin	1	R	4	1888	0.301667	1	2256	2.662537	["it", " was", " rob", "in"]	[270, 373, 3857, 259]	-0.00705	0	0.664959	2	2.043997	4	0.163932	1	-0.006815	2	2.016331	1	2.662537	1	0.239423	0	2.36087	0	it	1888	0.301667	1	cold_38	it was cold	38	B_GATE	NA	33	it was cold	[270, 373, 4692]	[270, 373, 3857, 259]	[270, 373, 3857, 259]	4	4	2	2	1	1	NA
it was cabin	1	R	3	1888	0.47968	3	2256	2.840549	["it", " was", " cabin"]	[270, 373, 9351]	-0.00705	0	0.664959	2	0.456803	3	0.163932	1	-0.006815	2	2.016331	1	2.840549	3	0.239423	0	2.36087	0	it was cabin	1888	0.47968	1	cold_38	it was cold	38	B_GATE	NA	34	it was cold	[270, 373, 4692]	[270, 373, 9351]	[270, 373, 9351]	3	3	1	1	1	1	NA
it was napkin	1	R	4	1888	0.421357	3	2256	2.782227	["it", " was", " nap", "kin"]	[270, 373, 25422, 5116]	-0.00705	0	0.664959	2	0.821146	3	0.163932	1	-0.006815	2	2.016331	1	2.782227	3	0.239423	0	2.36087	0	it was nap	1888	0.421357	1	cold_38	it was cold	38	B_GATE	NA	35	it was cold	[270, 373, 4692]	[270, 373, 25422, 5116]	[270, 373, 25422, 5116]	4	4	2	2	1	1	NA
it was coffin	1	R	3	1888	0.47676	3	2256	2.83763	["it", " was", " coffin"]	[270, 373, 30834]	-0.00705	0	0.664959	2	0.169025	1	0.163932	1	-0.006815	2	2.205021	3	2.83763	3	0.239423	0	2.36087	0	it was coffin	1888	0.47676	1	cold_38	it was cold	38	B_GATE	NA	36	it was cold	[270, 373, 4692]	[270, 373, 30834]	[270, 373, 30834]	3	3	1	1	1	1	NA
it was muffin	1	R	4	1888	0.243318	1	1790	2.662537	["it", " was", " muff", "in"]	[270, 373, 27563, 259]	-0.00705	0	0.664959	2	0.546532	3	0.163932	1	-0.006815	2	2.419219	3	2.662537	1	0.239423	0	2.36087	0	it	1888	0.301667	1	cold_38	it was cold	38	B_GATE	NA	37	it was cold	[270, 373, 4692]	[270, 373, 27563, 259]	[270, 373, 27563, 259]	4	4	2	2	1	1	NA
it was goblin	1	R	3	1888	0.377095	3	2256	2.737965	["it", " was", " goblin"]	[270, 373, 44625]	-0.00705	0	0.664959	2	1.017908	3	0.163932	1	-0.006815	2	2.130659	3	2.737965	3	0.239423	0	2.36087	0	it was goblin	1888	0.377095	1	cold_38	it was cold	38	B_GATE	NA	38	it was cold	[270, 373, 4692]	[270, 373, 44625]	[270, 373, 44625]	3	3	1	1	1	1	NA
it was basin	1	R	3	1888	0.587077	3	2256	2.947947	["it", " was", " basin"]	[270, 373, 34164]	-0.00705	0	0.664959	2	0.523106	3	0.163932	1	-0.006815	2	2.32267	3	2.947947	3	0.239423	0	2.36087	0	it was basin	1888	0.587077	1	cold_38	it was cold	38	B_GATE	NA	39	it was cold	[270, 373, 4692]	[270, 373, 34164]	[270, 373, 34164]	3	3	1	1	1	1	NA
it was margin	1	R	3	1888	0.301667	1	2256	2.662537	["it", " was", " margin"]	[270, 373, 10330]	-0.00705	0	0.664959	2	0.169025	1	0.163932	1	-0.00292	3	2.016331	1	2.662537	1	0.239423	0	2.36087	0	it	1888	0.301667	1	cold_38	it was cold	38	B_GATE	NA	40	it was cold	[270, 373, 4692]	[270, 373, 10330]	[270, 373, 10330]	3	3	1	1	1	1	NA
it was Franklin	1	R	3	1888	0.246514	1	345	2.662537	["it", " was", " Franklin"]	[270, 373, 14021]	-0.00705	0	0.664959	2	0.169025	1	0.163932	1	-0.006815	2	2.016331	1	2.662537	1	0.239423	0	2.36087	0	it	1888	0.301667	1	cold_38	it was cold	38	B_GATE	NA	41	it was cold	[270, 373, 4692]	[270, 373, 14021]	[270, 373, 14021]	3	3	1	1	1	1	NA
it was Dublin	1	R	3	1888	0.435469	3	2256	2.796339	["it", " was", " Dublin"]	[270, 373, 18220]	0.076987	3	0.664959	2	0.169025	1	0.163932	1	-0.006815	2	2.016331	1	2.796339	3	0.239423	0	2.36087	0	it was Dublin	1888	0.435469	1	cold_38	it was cold	38	B_GATE	NA	42	it was cold	[270, 373, 4692]	[270, 373, 18220]	[270, 373, 18220]	3	3	1	1	1	1	NA
it was Berlin	1	R	3	1888	0.497684	3	2256	2.858554	["it", " was", " Berlin"]	[270, 373, 11307]	-0.00705	0	0.664959	2	0.169025	1	0.163932	1	-0.006815	2	2.016331	1	2.858554	3	0.239423	0	2.36087	0	it was Berlin	1888	0.497684	1	cold_38	it was cold	38	B_GATE	NA	43	it was cold	[270, 373, 4692]	[270, 373, 11307]	[270, 373, 11307]	3	3	1	1	1	1	NA
it was Austin	1	R	3	1888	0.301667	1	2256	2.662537	["it", " was", " Austin"]	[270, 373, 9533]	-0.00705	0	0.664959	2	0.169025	1	0.163932	1	-0.006815	2	2.016331	1	2.662537	1	0.239423	0	2.36087	0	it	1888	0.301667	1	cold_38	it was cold	38	B_GATE	NA	44	it was cold	[270, 373, 4692]	[270, 373, 9533]	[270, 373, 9533]	3	3	1	1	1	1	NA
it was Merlin	1	R	3	1888	0.309535	3	2256	2.670405	["it", " was", " Merlin"]	[270, 373, 32918]	-0.00705	0	0.664959	2	0.169025	1	0.163932	1	-0.006815	2	2.016331	1	2.670405	3	0.239423	0	2.36087	0	it was Merlin	1888	0.309535	1	cold_38	it was cold	38	B_GATE	NA	45	it was cold	[270, 373, 4692]	[270, 373, 32918]	[270, 373, 32918]	3	3	1	1	1	1	NA
it was Latin	1	R	3	1888	0.301667	1	2256	2.662537	["it", " was", " Latin"]	[270, 373, 9133]	0.299191	3	0.664959	2	0.169025	1	0.163932	1	-0.006815	2	2.016331	1	2.662537	1	0.239423	0	2.36087	0	it	1888	0.301667	1	cold_38	it was cold	38	B_GATE	NA	46	it was cold	[270, 373, 4692]	[270, 373, 9133]	[270, 373, 9133]	3	3	1	1	1	1	NA
it was thunder	1	R	3	1888	0.301667	1	2256	2.662537	["it", " was", " thunder"]	[270, 373, 18355]	-0.00705	0	1.729279	3	0.725107	3	0.163932	1	-0.006815	2	2.016331	1	2.662537	1	0.239423	0	2.36087	0	it	1888	0.301667	1	cold_38	it was cold	38	B_GATE	NA	47	it was cold	[270, 373, 4692]	[270, 373, 18355]	[270, 373, 18355]	3	3	1	1	1	1	NA
it was marrow	1	R	3	1888	0.219194	1	1790	2.662537	["it", " was", " marrow"]	[270, 373, 44173]	-0.00705	0	0.664959	2	0.169025	1	0.163932	1	-0.006815	2	2.443343	3	2.662537	1	0.239423	0	2.36087	0	it	1888	0.301667	1	cold_38	it was cold	38	B_GATE	NA	48	it was cold	[270, 373, 4692]	[270, 373, 44173]	[270, 373, 44173]	3	3	1	1	1	1	NA
it was gospel	1	R	3	1888	0.533768	3	2256	2.894638	["it", " was", " gospel"]	[270, 373, 21443]	-0.00705	0	0.664959	2	0.504126	3	0.163932	1	-0.006815	2	2.016331	1	2.894638	3	0.239423	0	2.36087	0	it was gospel	1888	0.533768	1	cold_38	it was cold	38	B_GATE	NA	49	it was cold	[270, 373, 4692]	[270, 373, 21443]	[270, 373, 21443]	3	3	1	1	1	1	NA
it was iron	1	R	3	1888	0.301667	1	2256	2.662537	["it", " was", " iron"]	[270, 373, 6953]	-0.00705	0	0.664959	2	0.402492	3	0.163932	1	-0.006815	2	2.016331	1	2.662537	1	0.239423	0	2.36087	0	it	1888	0.301667	1	cold_38	it was cold	38	B_GATE	NA	50	it was cold	[270, 373, 4692]	[270, 373, 6953]	[270, 373, 6953]	3	3	1	1	1	1	NA
it was canvas	1	R	3	1888	0.567099	3	2256	2.927969	["it", " was", " canvas"]	[270, 373, 21978]	-0.00705	0	0.664959	2	0.69427	3	0.163932	1	-0.006815	2	2.016331	1	2.927969	3	0.239423	0	2.36087	0	it was canvas	1888	0.567099	1	cold_38	it was cold	38	B_GATE	NA	51	it was cold	[270, 373, 4692]	[270, 373, 21978]	[270, 373, 21978]	3	3	1	1	1	1	NA
it was tallow	1	R	4	2800	0.022799	4	1888	2.685337	["it", " was", " tall", "ow"]	[270, 373, 7331, 322]	-0.00705	0	1.095475	3	0.169025	1	0.163932	1	-0.006815	2	2.596	4	2.662537	1	0.775639	3	2.36087	0	it was tallow	2800	0.022799	1	cold_38	it was cold	38	B_GATE	NA	52	it was cold	[270, 373, 4692]	[270, 373, 7331, 322]	[270, 373, 7331, 322]	4	4	2	2	1	1	NA
it was cold	1	R	3	38	0.259758	3	1888	2.922295	["it", " was", " cold"]	[270, 373, 4692]	-0.00705	0	2.922295	3	0.169025	1	0.163932	1	-0.006815	2	2.016331	1	2.662537	1	1.336539	3	2.36087	0	it was cold	38	0.259758	1	cold_38	it was cold	38	B_GATE	NA	53	it was cold	[270, 373, 4692]	[270, 373, 4692]	[270, 373, 4692]	3	3	0	0	1	1	NA
it was colder	1	R	3	1888	0.301667	1	2256	2.662537	["it", " was", " colder"]	[270, 373, 38427]	-0.00705	0	1.913988	3	0.169025	1	0.163932	1	-0.006815	2	2.016331	1	2.662537	1	1.728997	3	2.36087	0	it	1888	0.301667	1	cold_38	it was cold	38	B_GATE	NA	54	it was cold	[270, 373, 4692]	[270, 373, 38427]	[270, 373, 38427]	3	3	1	1	1	1	NA
it was coldest	1	R	4	38	0.259758	3	1888	2.922295	["it", " was", " cold", "est"]	[270, 373, 4692, 395]	-0.00705	0	2.922295	3	0.169025	1	0.163932	1	-0.006815	2	2.016331	1	2.662537	1	1.336539	3	2.36087	0	it was cold	38	0.259758	1	cold_38	it was cold	38	B_GATE	NA	55	it was cold	[270, 373, 4692]	[270, 373, 4692, 395]	[270, 373, 4692, 395]	4	4	1	1	1	1	NA
it was cool	1	R	3	1888	0.301667	1	2256	2.662537	["it", " was", " cool"]	[270, 373, 3608]	-0.00705	0	0.91732	3	0.169025	1	0.163932	1	-0.006815	2	2.016331	1	2.662537	1	0.631175	3	2.36087	0	it	1888	0.301667	1	cold_38	it was cold	38	B_GATE	NA	56	it was cold	[270, 373, 4692]	[270, 373, 3608]	[270, 373, 3608]	3	3	1	1	1	1	NA
it was cooler	1	R	3	1888	0.301667	1	2256	2.662537	["it", " was", " cooler"]	[270, 373, 19346]	-0.00705	0	0.881602	3	0.169025	1	0.163932	1	-0.006815	2	2.016331	1	2.662537	1	1.406397	3	2.36087	0	it	1888	0.301667	1	cold_38	it was cold	38	B_GATE	NA	57	it was cold	[270, 373, 4692]	[270, 373, 19346]	[270, 373, 19346]	3	3	1	1	1	1	NA
it was coolest	1	R	3	1888	0.301667	1	2256	2.662537	["it", " was", " coolest"]	[270, 373, 38889]	-0.00705	0	0.664959	2	0.169025	1	0.163932	1	-0.006815	2	2.016331	1	2.662537	1	0.373963	3	2.36087	0	it	1888	0.301667	1	cold_38	it was cold	38	B_GATE	NA	58	it was cold	[270, 373, 4692]	[270, 373, 38889]	[270, 373, 38889]	3	3	1	1	1	1	NA
it was frigid	1	R	4	2094	0.120669	4	727	2.840573	["it", " was", " frig", "id"]	[270, 373, 36780, 312]	-0.00705	0	2.345159	4	0.315861	3	0.163932	1	-0.006815	2	2.102538	3	2.662537	1	2.840573	4	2.36087	0	it was frigid	2094	0.120669	1	cold_38	it was cold	38	B_GATE	NA	59	it was cold	[270, 373, 4692]	[270, 373, 36780, 312]	[270, 373, 36780, 312]	4	4	2	2	1	1	NA
it was freezing	1	R	3	1888	0.205343	1	38	2.662537	["it", " was", " freezing"]	[270, 373, 20884]	-0.00705	0	2.457194	3	0.169025	1	0.163932	1	-0.006815	2	2.016331	1	2.662537	1	0.686164	3	2.36087	0	it	1888	0.301667	1	cold_38	it was cold	38	B_GATE	NA	60	it was cold	[270, 373, 4692]	[270, 373, 20884]	[270, 373, 20884]	3	3	1	1	1	1	NA
it was cold	1	R	3	38	0.259758	3	1888	2.922295	["it", " was", " cold"]	[270, 373, 4692]	-0.00705	0	2.922295	3	0.169025	1	0.163932	1	-0.006815	2	2.016331	1	2.662537	1	1.336539	3	2.36087	0	it was cold	38	0.259758	1	cold_38	it was cold	38	E_CONTINUATION	NA	1	it was cold	[270, 373, 4692]	[270, 373, 4692]	[270, 373, 4692]	3	3	0	0	1	1	NA
it was cold.	1	R	4	38	0.259758	3	1888	2.922295	["it", " was", " cold", "."]	[270, 373, 4692, 13]	-0.00705	0	2.922295	3	0.593246	4	0.163932	1	-0.006815	2	2.016331	1	2.662537	1	1.336539	3	2.36087	0	it was cold	38	0.259758	1	cold_38	it was cold	38	E_CONTINUATION	NA	2	it was cold	[270, 373, 4692]	[270, 373, 4692, 13]	[270, 373, 4692, 13]	4	4	1	1	1	1	NA
it was cold,	1	R	4	38	0.259758	3	1888	2.922295	["it", " was", " cold", ","]	[270, 373, 4692, 11]	-0.00705	0	2.922295	3	0.169025	1	0.163932	1	-0.006815	2	2.016331	1	2.662537	1	1.336539	3	2.36087	0	it was cold	38	0.259758	1	cold_38	it was cold	38	E_CONTINUATION	NA	3	it was cold	[270, 373, 4692]	[270, 373, 4692, 11]	[270, 373, 4692, 11]	4	4	1	1	1	1	NA
it was cold!	1	R	4	38	0.259758	3	1888	2.922295	["it", " was", " cold", "!"]	[270, 373, 4692, 0]	-0.00705	0	2.922295	3	1.151807	4	0.163932	1	-0.006815	2	2.016331	1	2.662537	1	1.336539	3	2.36087	0	it was cold	38	0.259758	1	cold_38	it was cold	38	E_CONTINUATION	NA	4	it was cold	[270, 373, 4692]	[270, 373, 4692, 0]	[270, 373, 4692, 0]	4	4	1	1	1	1	NA
it was cold?	1	R	4	38	0.259758	3	1888	2.922295	["it", " was", " cold", "?"]	[270, 373, 4692, 30]	-0.00705	0	2.922295	3	1.065475	4	0.163932	1	-0.006815	2	2.016331	1	2.662537	1	1.336539	3	2.36087	0	it was cold	38	0.259758	1	cold_38	it was cold	38	E_CONTINUATION	NA	5	it was cold	[270, 373, 4692]	[270, 373, 4692, 30]	[270, 373, 4692, 30]	4	4	1	1	1	1	NA
it was cold;	1	R	4	38	0.259758	3	1888	2.922295	["it", " was", " cold", ";"]	[270, 373, 4692, 26]	-0.00705	0	2.922295	3	0.169025	1	0.163932	1	-0.006815	2	2.016331	1	2.662537	1	1.336539	3	2.36087	0	it was cold	38	0.259758	1	cold_38	it was cold	38	E_CONTINUATION	NA	6	it was cold	[270, 373, 4692]	[270, 373, 4692, 26]	[270, 373, 4692, 26]	4	4	1	1	1	1	NA
it was cold:	1	R	4	38	0.259758	3	1888	2.922295	["it", " was", " cold", ":"]	[270, 373, 4692, 25]	-0.00705	0	2.922295	3	0.422035	4	0.163932	1	-0.006815	2	2.016331	1	2.662537	1	1.336539	3	2.36087	0	it was cold	38	0.259758	1	cold_38	it was cold	38	E_CONTINUATION	NA	7	it was cold	[270, 373, 4692]	[270, 373, 4692, 25]	[270, 373, 4692, 25]	4	4	1	1	1	1	NA
it was cold...	1	R	4	38	0.259758	3	1888	2.922295	["it", " was", " cold", "..."]	[270, 373, 4692, 986]	-0.00705	0	2.922295	3	0.169025	1	0.163932	1	-0.006815	2	2.016331	1	2.662537	1	1.336539	3	2.36087	0	it was cold	38	0.259758	1	cold_38	it was cold	38	E_CONTINUATION	NA	8	it was cold	[270, 373, 4692]	[270, 373, 4692, 986]	[270, 373, 4692, 986]	4	4	1	1	1	1	NA
it was colder	1	R	3	1888	0.301667	1	2256	2.662537	["it", " was", " colder"]	[270, 373, 38427]	-0.00705	0	1.913988	3	0.169025	1	0.163932	1	-0.006815	2	2.016331	1	2.662537	1	1.728997	3	2.36087	0	it	1888	0.301667	1	cold_38	it was cold	38	E_CONTINUATION	NA	9	it was cold	[270, 373, 4692]	[270, 373, 38427]	[270, 373, 38427]	3	3	1	1	1	1	NA
it was coldest	1	R	4	38	0.259758	3	1888	2.922295	["it", " was", " cold", "est"]	[270, 373, 4692, 395]	-0.00705	0	2.922295	3	0.169025	1	0.163932	1	-0.006815	2	2.016331	1	2.662537	1	1.336539	3	2.36087	0	it was cold	38	0.259758	1	cold_38	it was cold	38	E_CONTINUATION	NA	10	it was cold	[270, 373, 4692]	[270, 373, 4692, 395]	[270, 373, 4692, 395]	4	4	1	1	1	1	NA
it was colds	1	R	4	38	0.259758	3	1888	2.922295	["it", " was", " cold", "s"]	[270, 373, 4692, 82]	-0.00705	0	2.922295	3	1.270043	4	0.163932	1	-0.006815	2	2.13037	4	2.662537	1	1.336539	3	2.36087	0	it was cold	38	0.259758	1	cold_38	it was cold	38	E_CONTINUATION	NA	11	it was cold	[270, 373, 4692]	[270, 373, 4692, 82]	[270, 373, 4692, 82]	4	4	1	1	1	1	NA
it was colded	1	R	4	38	0.259758	3	1888	2.922295	["it", " was", " cold", "ed"]	[270, 373, 4692, 276]	-0.00705	0	2.922295	3	0.771767	4	0.163932	1	-0.006815	2	2.016331	1	2.662537	1	1.336539	3	2.36087	0	it was cold	38	0.259758	1	cold_38	it was cold	38	E_CONTINUATION	NA	12	it was cold	[270, 373, 4692]	[270, 373, 4692, 276]	[270, 373, 4692, 276]	4	4	1	1	1	1	NA
it was colding	1	R	4	38	0.259758	3	1888	2.922295	["it", " was", " cold", "ing"]	[270, 373, 4692, 278]	-0.00705	0	2.922295	3	0.968427	4	0.163932	1	-0.006815	2	2.016331	1	2.662537	1	1.336539	3	2.36087	0	it was cold	38	0.259758	1	cold_38	it was cold	38	E_CONTINUATION	NA	13	it was cold	[270, 373, 4692]	[270, 373, 4692, 278]	[270, 373, 4692, 278]	4	4	1	1	1	1	NA
it was coldly	1	R	4	1594	0.158029	4	38	3.080324	["it", " was", " cold", "ly"]	[270, 373, 4692, 306]	-0.00705	0	2.922295	3	0.169025	1	0.163932	1	-0.006815	2	2.362711	4	2.662537	1	1.820679	4	2.36087	0	it was coldly	1594	0.158029	1	cold_38	it was cold	38	E_CONTINUATION	NA	14	it was cold	[270, 373, 4692]	[270, 373, 4692, 306]	[270, 373, 4692, 306]	4	4	1	1	1	1	NA
it was coldness	1	R	4	38	0.259758	3	1888	2.922295	["it", " was", " cold", "ness"]	[270, 373, 4692, 1108]	-0.00705	0	2.922295	3	0.169025	1	0.163932	1	-0.006815	2	2.016331	1	2.662537	1	1.336539	3	2.36087	0	it was cold	38	0.259758	1	cold_38	it was cold	38	E_CONTINUATION	NA	15	it was cold	[270, 373, 4692]	[270, 373, 4692, 1108]	[270, 373, 4692, 1108]	4	4	1	1	1	1	NA
it was coldish	1	R	4	38	0.259758	3	1888	2.922295	["it", " was", " cold", "ish"]	[270, 373, 4692, 680]	-0.00705	0	2.922295	3	0.169025	1	0.163932	1	-0.006815	2	2.016331	1	2.662537	1	1.506439	4	2.36087	0	it was cold	38	0.259758	1	cold_38	it was cold	38	E_CONTINUATION	NA	16	it was cold	[270, 373, 4692]	[270, 373, 4692, 680]	[270, 373, 4692, 680]	4	4	1	1	1	1	NA
it was coldward	1	R	4	1790	0.098846	4	38	3.021141	["it", " was", " cold", "ward"]	[270, 373, 4692, 904]	-0.00705	0	2.922295	3	1.21624	4	0.163932	1	-0.006815	2	3.021141	4	2.662537	1	1.336539	3	2.36087	0	it was coldward	1790	0.098846	1	cold_38	it was cold	38	E_CONTINUATION	NA	17	it was cold	[270, 373, 4692]	[270, 373, 4692, 904]	[270, 373, 4692, 904]	4	4	1	1	1	1	NA
it was coldwards	1	R	4	38	0.259758	3	1888	2.922295	["it", " was", " cold", "wards"]	[270, 373, 4692, 2017]	-0.00705	0	2.922295	3	0.750539	4	0.163932	1	-0.006815	2	2.591958	4	2.662537	1	1.336539	3	2.36087	0	it was cold	38	0.259758	1	cold_38	it was cold	38	E_CONTINUATION	NA	18	it was cold	[270, 373, 4692]	[270, 373, 4692, 2017]	[270, 373, 4692, 2017]	4	4	1	1	1	1	NA
it was cold water	1	R	4	38	0.259758	3	1888	2.922295	["it", " was", " cold", " water"]	[270, 373, 4692, 1660]	-0.00705	0	2.922295	3	0.174868	4	0.163932	1	-0.006815	2	2.016331	1	2.662537	1	1.336539	3	2.36087	0	it was cold	38	0.259758	1	cold_38	it was cold	38	E_CONTINUATION	NA	19	it was cold	[270, 373, 4692]	[270, 373, 4692, 1660]	[270, 373, 4692, 1660]	4	4	1	1	1	1	NA
it was cold air	1	R	4	38	0.259758	3	1888	2.922295	["it", " was", " cold", " air"]	[270, 373, 4692, 1633]	-0.00705	0	2.922295	3	0.422329	4	0.163932	1	-0.006815	2	2.016331	1	2.662537	1	1.336539	3	2.36087	0	it was cold	38	0.259758	1	cold_38	it was cold	38	E_CONTINUATION	NA	20	it was cold	[270, 373, 4692]	[270, 373, 4692, 1633]	[270, 373, 4692, 1633]	4	4	1	1	1	1	NA
it was cold weather	1	R	4	38	0.259758	3	1888	2.922295	["it", " was", " cold", " weather"]	[270, 373, 4692, 6193]	-0.00705	0	2.922295	3	0.169025	1	0.163932	1	-0.006815	2	2.016331	1	2.662537	1	1.336539	3	2.36087	0	it was cold	38	0.259758	1	cold_38	it was cold	38	E_CONTINUATION	NA	21	it was cold	[270, 373, 4692]	[270, 373, 4692, 6193]	[270, 373, 4692, 6193]	4	4	1	1	1	1	NA
it was cold night	1	R	4	38	0.259758	3	1888	2.922295	["it", " was", " cold", " night"]	[270, 373, 4692, 1755]	-0.00705	0	2.922295	3	0.169025	1	0.163932	1	-0.006815	2	2.016331	1	2.662537	1	1.336539	3	2.36087	0	it was cold	38	0.259758	1	cold_38	it was cold	38	E_CONTINUATION	NA	22	it was cold	[270, 373, 4692]	[270, 373, 4692, 1755]	[270, 373, 4692, 1755]	4	4	1	1	1	1	NA
it was cold morning	1	R	4	38	0.559876	4	1888	3.222413	["it", " was", " cold", " morning"]	[270, 373, 4692, 3329]	-0.00705	0	3.222413	4	0.169025	1	0.163932	1	-0.006815	2	2.016331	1	2.662537	1	1.336539	3	2.36087	0	it was cold morning	38	0.559876	1	cold_38	it was cold	38	E_CONTINUATION	NA	23	it was cold	[270, 373, 4692]	[270, 373, 4692, 3329]	[270, 373, 4692, 3329]	4	4	1	1	1	1	NA
it was cold again	1	R	4	38	0.259758	3	1888	2.922295	["it", " was", " cold", " again"]	[270, 373, 4692, 757]	-0.00705	0	2.922295	3	0.169025	1	0.163932	1	-0.006815	2	2.016331	1	2.662537	1	1.336539	3	2.36087	0	it was cold	38	0.259758	1	cold_38	it was cold	38	E_CONTINUATION	NA	24	it was cold	[270, 373, 4692]	[270, 373, 4692, 757]	[270, 373, 4692, 757]	4	4	1	1	1	1	NA
it was cold now	1	R	4	38	0.259758	3	1888	2.922295	["it", " was", " cold", " now"]	[270, 373, 4692, 783]	-0.00705	0	2.922295	3	0.169025	1	0.163932	1	-0.005396	4	2.016331	1	2.662537	1	1.336539	3	2.36087	0	it was cold	38	0.259758	1	cold_38	it was cold	38	E_CONTINUATION	NA	25	it was cold	[270, 373, 4692]	[270, 373, 4692, 783]	[270, 373, 4692, 783]	4	4	1	1	1	1	NA
it was cold then	1	R	4	38	0.259758	3	1888	2.922295	["it", " was", " cold", " then"]	[270, 373, 4692, 788]	-0.00705	0	2.922295	3	0.169025	1	0.163932	1	-0.000378	4	2.016331	1	2.662537	1	1.336539	3	2.36087	0	it was cold	38	0.259758	1	cold_38	it was cold	38	E_CONTINUATION	NA	26	it was cold	[270, 373, 4692]	[270, 373, 4692, 788]	[270, 373, 4692, 788]	4	4	1	1	1	1	NA
it was cold today	1	R	4	38	0.259758	3	1888	2.922295	["it", " was", " cold", " today"]	[270, 373, 4692, 1909]	-0.00705	0	2.922295	3	0.169025	1	0.163932	1	-0.006815	2	2.016331	1	2.662537	1	1.336539	3	2.36087	0	it was cold	38	0.259758	1	cold_38	it was cold	38	E_CONTINUATION	NA	27	it was cold	[270, 373, 4692]	[270, 373, 4692, 1909]	[270, 373, 4692, 1909]	4	4	1	1	1	1	NA
it was cold yesterday	1	R	4	38	0.259758	3	1888	2.922295	["it", " was", " cold", " yesterday"]	[270, 373, 4692, 7415]	-0.00705	0	2.922295	3	0.298699	4	0.163932	1	-0.006815	2	2.016331	1	2.662537	1	1.336539	3	2.36087	0	it was cold	38	0.259758	1	cold_38	it was cold	38	E_CONTINUATION	NA	28	it was cold	[270, 373, 4692]	[270, 373, 4692, 7415]	[270, 373, 4692, 7415]	4	4	1	1	1	1	NA
it was cold outside	1	R	4	1865	0.301115	4	38	3.223409	["it", " was", " cold", " outside"]	[270, 373, 4692, 2354]	-0.00705	0	2.922295	3	0.169025	1	0.163932	1	-0.006815	2	2.016331	1	2.662537	1	1.336539	3	2.36087	0	it was cold outside	1865	0.301115	1	cold_38	it was cold	38	E_CONTINUATION	NA	29	it was cold	[270, 373, 4692]	[270, 373, 4692, 2354]	[270, 373, 4692, 2354]	4	4	1	1	1	1	NA
it was cold inside	1	R	4	38	0.259758	3	1888	2.922295	["it", " was", " cold", " inside"]	[270, 373, 4692, 2641]	-0.00705	0	2.922295	3	0.169025	1	0.163932	1	-0.006815	2	2.016331	1	2.662537	1	1.336539	3	2.36087	0	it was cold	38	0.259758	1	cold_38	it was cold	38	E_CONTINUATION	NA	30	it was cold	[270, 373, 4692]	[270, 373, 4692, 2641]	[270, 373, 4692, 2641]	4	4	1	1	1	1	NA
it was cold here	1	R	4	38	0.259758	3	1888	2.922295	["it", " was", " cold", " here"]	[270, 373, 4692, 994]	-0.00705	0	2.922295	3	0.169025	1	0.163932	1	-0.006815	2	2.016331	1	2.662537	1	1.336539	3	2.36087	0	it was cold	38	0.259758	1	cold_38	it was cold	38	E_CONTINUATION	NA	31	it was cold	[270, 373, 4692]	[270, 373, 4692, 994]	[270, 373, 4692, 994]	4	4	1	1	1	1	NA
it was cold there	1	R	4	38	0.259758	3	1888	2.922295	["it", " was", " cold", " there"]	[270, 373, 4692, 612]	-0.00705	0	2.922295	3	0.169025	1	0.163932	1	-0.006815	2	2.016331	1	2.662537	1	1.336539	3	2.36087	0	it was cold	38	0.259758	1	cold_38	it was cold	38	E_CONTINUATION	NA	32	it was cold	[270, 373, 4692]	[270, 373, 4692, 612]	[270, 373, 4692, 612]	4	4	1	1	1	1	NA
it was cold nearby	1	R	4	38	0.259758	3	1888	2.922295	["it", " was", " cold", " nearby"]	[270, 373, 4692, 6716]	-0.00705	0	2.922295	3	0.169025	1	0.163932	1	-0.006815	2	2.016331	1	2.662537	1	1.336539	3	2.36087	0	it was cold	38	0.259758	1	cold_38	it was cold	38	E_CONTINUATION	NA	33	it was cold	[270, 373, 4692]	[270, 373, 4692, 6716]	[270, 373, 4692, 6716]	4	4	1	1	1	1	NA
it was cold below	1	R	4	38	0.259758	3	1888	2.922295	["it", " was", " cold", " below"]	[270, 373, 4692, 2174]	-0.00705	0	2.922295	3	0.169025	1	0.163932	1	-0.004286	4	2.016331	1	2.662537	1	1.336539	3	2.36087	0	it was cold	38	0.259758	1	cold_38	it was cold	38	E_CONTINUATION	NA	34	it was cold	[270, 373, 4692]	[270, 373, 4692, 2174]	[270, 373, 4692, 2174]	4	4	1	1	1	1	NA
it was cold above	1	R	4	38	0.259758	3	1888	2.922295	["it", " was", " cold", " above"]	[270, 373, 4692, 2029]	-0.00705	0	2.922295	3	0.169025	1	0.163932	1	-0.006815	2	2.016331	1	2.662537	1	1.336539	3	2.36087	0	it was cold	38	0.259758	1	cold_38	it was cold	38	E_CONTINUATION	NA	35	it was cold	[270, 373, 4692]	[270, 373, 4692, 2029]	[270, 373, 4692, 2029]	4	4	1	1	1	1	NA
it was cold ahead	1	R	4	38	0.259758	3	1888	2.922295	["it", " was", " cold", " ahead"]	[270, 373, 4692, 4058]	-0.00705	0	2.922295	3	0.169025	1	0.163932	1	-0.006815	2	2.016331	1	2.662537	1	1.336539	3	2.36087	0	it was cold	38	0.259758	1	cold_38	it was cold	38	E_CONTINUATION	NA	36	it was cold	[270, 373, 4692]	[270, 373, 4692, 4058]	[270, 373, 4692, 4058]	4	4	1	1	1	1	NA
it was cold behind	1	R	4	38	0.259758	3	1888	2.922295	["it", " was", " cold", " behind"]	[270, 373, 4692, 2157]	-0.00705	0	2.922295	3	0.169025	1	0.163932	1	-0.004692	4	2.016331	1	2.662537	1	1.336539	3	2.36087	0	it was cold	38	0.259758	1	cold_38	it was cold	38	E_CONTINUATION	NA	37	it was cold	[270, 373, 4692]	[270, 373, 4692, 2157]	[270, 373, 4692, 2157]	4	4	1	1	1	1	NA
it was cold at sea	1	R	5	38	0.259758	3	1888	2.922295	["it", " was", " cold", " at", " sea"]	[270, 373, 4692, 379, 5417]	0.786987	5	2.922295	3	0.169025	1	0.163932	1	-0.006815	2	2.016331	1	2.662537	1	1.336539	3	2.36087	0	it was cold	38	0.259758	1	cold_38	it was cold	38	E_CONTINUATION	NA	38	it was cold	[270, 373, 4692]	[270, 373, 4692, 379, 5417]	[270, 373, 4692, 379, 5417]	5	5	2	2	1	1	NA
it was cold in winter	1	R	5	38	0.259758	3	1888	2.922295	["it", " was", " cold", " in", " winter"]	[270, 373, 4692, 287, 7374]	-0.00705	0	2.922295	3	0.169025	1	0.163932	1	-0.006815	2	2.016331	1	2.662537	1	1.336539	3	2.36087	0	it was cold	38	0.259758	1	cold_38	it was cold	38	E_CONTINUATION	NA	39	it was cold	[270, 373, 4692]	[270, 373, 4692, 287, 7374]	[270, 373, 4692, 287, 7374]	5	5	2	2	1	1	NA
it was cold for hours	1	R	5	38	0.259758	3	1888	2.922295	["it", " was", " cold", " for", " hours"]	[270, 373, 4692, 329, 2250]	-0.00705	0	2.922295	3	0.169025	1	0.163932	1	-0.006815	2	2.016331	1	2.662537	1	1.336539	3	2.36087	0	it was cold	38	0.259758	1	cold_38	it was cold	38	E_CONTINUATION	NA	40	it was cold	[270, 373, 4692]	[270, 373, 4692, 329, 2250]	[270, 373, 4692, 329, 2250]	5	5	2	2	1	1	NA
it was cold all day	1	R	5	38	0.259758	3	1888	2.922295	["it", " was", " cold", " all", " day"]	[270, 373, 4692, 477, 1110]	-0.00705	0	2.922295	3	0.169025	1	0.163932	1	-0.002861	4	2.114448	4	2.662537	1	1.336539	3	2.36087	0	it was cold	38	0.259758	1	cold_38	it was cold	38	E_CONTINUATION	NA	41	it was cold	[270, 373, 4692]	[270, 373, 4692, 477, 1110]	[270, 373, 4692, 477, 1110]	5	5	2	2	1	1	NA
it was cold all night	1	R	5	38	0.259758	3	1888	2.922295	["it", " was", " cold", " all", " night"]	[270, 373, 4692, 477, 1755]	-0.00705	0	2.922295	3	0.169025	1	0.163932	1	-0.002861	4	2.114448	4	2.662537	1	1.336539	3	2.36087	0	it was cold	38	0.259758	1	cold_38	it was cold	38	E_CONTINUATION	NA	42	it was cold	[270, 373, 4692]	[270, 373, 4692, 477, 1755]	[270, 373, 4692, 477, 1755]	5	5	2	2	1	1	NA
it was cold and dark	1	R	5	2659	0.250314	5	38	3.172609	["it", " was", " cold", " and", " dark"]	[270, 373, 4692, 290, 3223]	-0.00705	0	2.922295	3	0.169025	1	0.163932	1	-0.006815	2	2.016331	1	2.662537	1	1.760205	5	2.36087	0	it was cold and dark	2659	0.250314	1	cold_38	it was cold	38	E_CONTINUATION	NA	43	it was cold	[270, 373, 4692]	[270, 373, 4692, 290, 3223]	[270, 373, 4692, 290, 3223]	5	5	2	2	1	1	NA
it was cold and still	1	R	5	38	0.259758	3	1888	2.922295	["it", " was", " cold", " and", " still"]	[270, 373, 4692, 290, 991]	-0.00705	0	2.922295	3	0.169025	1	0.163932	1	-0.002805	5	2.016331	1	2.662537	1	1.336539	3	2.36087	0	it was cold	38	0.259758	1	cold_38	it was cold	38	E_CONTINUATION	NA	44	it was cold	[270, 373, 4692]	[270, 373, 4692, 290, 991]	[270, 373, 4692, 290, 991]	5	5	2	2	1	1	NA
it was cold and silent	1	R	5	38	0.259758	3	1888	2.922295	["it", " was", " cold", " and", " silent"]	[270, 373, 4692, 290, 10574]	-0.00705	0	2.922295	3	0.169025	1	0.163932	1	-0.006815	2	2.016331	1	2.662537	1	1.336539	3	2.36087	0	it was cold	38	0.259758	1	cold_38	it was cold	38	E_CONTINUATION	NA	45	it was cold	[270, 373, 4692]	[270, 373, 4692, 290, 10574]	[270, 373, 4692, 290, 10574]	5	5	2	2	1	1	NA
it was cold and empty	1	R	5	38	0.259758	3	1888	2.922295	["it", " was", " cold", " and", " empty"]	[270, 373, 4692, 290, 6565]	-0.00705	0	2.922295	3	0.169025	1	0.163932	1	-0.006815	2	2.016331	1	2.662537	1	1.616921	5	2.36087	0	it was cold	38	0.259758	1	cold_38	it was cold	38	E_CONTINUATION	NA	46	it was cold	[270, 373, 4692]	[270, 373, 4692, 290, 6565]	[270, 373, 4692, 290, 6565]	5	5	2	2	1	1	NA
it was cold and clear	1	R	5	38	0.259758	3	1888	2.922295	["it", " was", " cold", " and", " clear"]	[270, 373, 4692, 290, 1598]	-0.00705	0	2.922295	3	0.169025	1	0.163932	1	-0.006815	2	2.016331	1	2.662537	1	1.685453	5	2.36087	0	it was cold	38	0.259758	1	cold_38	it was cold	38	E_CONTINUATION	NA	47	it was cold	[270, 373, 4692]	[270, 373, 4692, 290, 1598]	[270, 373, 4692, 290, 1598]	5	5	2	2	1	1	NA
it was cold and bright	1	R	5	38	0.259758	3	1888	2.922295	["it", " was", " cold", " and", " bright"]	[270, 373, 4692, 290, 6016]	-0.00705	0	2.922295	3	0.169025	1	0.163932	1	-0.006815	2	2.016331	1	2.662537	1	1.382636	5	2.36087	0	it was cold	38	0.259758	1	cold_38	it was cold	38	E_CONTINUATION	NA	48	it was cold	[270, 373, 4692]	[270, 373, 4692, 290, 6016]	[270, 373, 4692, 290, 6016]	5	5	2	2	1	1	NA
it was cold and warm	1	R	5	2659	0.142448	5	38	3.064743	["it", " was", " cold", " and", " warm"]	[270, 373, 4692, 290, 5814]	-0.00705	0	2.922295	3	0.169025	1	0.163932	1	-0.006815	2	2.016331	1	2.662537	1	2.171572	5	2.36087	0	it was cold and warm	2659	0.142448	1	cold_38	it was cold	38	E_CONTINUATION	NA	49	it was cold	[270, 373, 4692]	[270, 373, 4692, 290, 5814]	[270, 373, 4692, 290, 5814]	5	5	2	2	1	1	NA
it was cold but calm	1	R	5	38	0.164217	3	1630	2.922295	["it", " was", " cold", " but", " calm"]	[270, 373, 4692, 475, 9480]	-0.00705	0	2.922295	3	0.169025	1	0.163932	1	-0.006815	2	2.016331	1	2.662537	1	1.789305	5	2.36087	0	it was cold	38	0.259758	1	cold_38	it was cold	38	E_CONTINUATION	NA	50	it was cold	[270, 373, 4692]	[270, 373, 4692, 475, 9480]	[270, 373, 4692, 475, 9480]	5	5	2	2	1	1	NA
it was cold but changing	1	R	5	38	0.259758	3	1888	2.922295	["it", " was", " cold", " but", " changing"]	[270, 373, 4692, 475, 5609]	-0.00705	0	2.922295	3	0.169025	1	0.163932	1	-0.006815	2	2.016331	1	2.662537	1	1.336539	3	2.36087	0	it was cold	38	0.259758	1	cold_38	it was cold	38	E_CONTINUATION	NA	51	it was cold	[270, 373, 4692]	[270, 373, 4692, 475, 5609]	[270, 373, 4692, 475, 5609]	5	5	2	2	1	1	NA
it was cold before dawn	1	R	5	38	0.259758	3	1888	2.922295	["it", " was", " cold", " before", " dawn"]	[270, 373, 4692, 878, 17577]	-0.00705	0	2.922295	3	0.169025	1	0.163932	1	-0.006815	2	2.016331	1	2.662537	1	1.336539	3	2.36087	0	it was cold	38	0.259758	1	cold_38	it was cold	38	E_CONTINUATION	NA	52	it was cold	[270, 373, 4692]	[270, 373, 4692, 878, 17577]	[270, 373, 4692, 878, 17577]	5	5	2	2	1	1	NA
it was cold after sunset	1	R	5	38	0.259758	3	1888	2.922295	["it", " was", " cold", " after", " sunset"]	[270, 373, 4692, 706, 26428]	-0.00705	0	2.922295	3	0.169025	1	0.163932	1	-0.006815	2	2.016331	1	2.662537	1	1.336539	3	2.36087	0	it was cold	38	0.259758	1	cold_38	it was cold	38	E_CONTINUATION	NA	53	it was cold	[270, 373, 4692]	[270, 373, 4692, 706, 26428]	[270, 373, 4692, 706, 26428]	5	5	2	2	1	1	NA
it was cold near shore	1	R	5	38	0.259758	3	1888	2.922295	["it", " was", " cold", " near", " shore"]	[270, 373, 4692, 1474, 15191]	-0.00705	0	2.922295	3	0.169025	1	0.163932	1	-0.006815	2	2.016331	1	2.662537	1	1.336539	3	2.36087	0	it was cold	38	0.259758	1	cold_38	it was cold	38	E_CONTINUATION	NA	54	it was cold	[270, 373, 4692]	[270, 373, 4692, 1474, 15191]	[270, 373, 4692, 1474, 15191]	5	5	2	2	1	1	NA
it was cold offshore	1	R	4	38	0.259758	3	1888	2.922295	["it", " was", " cold", " offshore"]	[270, 373, 4692, 18479]	-0.00705	0	2.922295	3	0.169025	1	0.163932	1	-0.006815	2	2.016331	1	2.662537	1	1.336539	3	2.36087	0	it was cold	38	0.259758	1	cold_38	it was cold	38	E_CONTINUATION	NA	55	it was cold	[270, 373, 4692]	[270, 373, 4692, 18479]	[270, 373, 4692, 18479]	4	4	1	1	1	1	NA
it was cold aboard	1	R	4	38	0.259758	3	1888	2.922295	["it", " was", " cold", " aboard"]	[270, 373, 4692, 15500]	-0.00705	0	2.922295	3	0.169025	1	0.163932	1	-0.006815	2	2.016331	1	2.662537	1	1.336539	3	2.36087	0	it was cold	38	0.259758	1	cold_38	it was cold	38	E_CONTINUATION	NA	56	it was cold	[270, 373, 4692]	[270, 373, 4692, 15500]	[270, 373, 4692, 15500]	4	4	1	1	1	1	NA
it was cold within	1	R	4	38	0.259758	3	1888	2.922295	["it", " was", " cold", " within"]	[270, 373, 4692, 1626]	-0.00705	0	2.922295	3	0.169025	1	0.163932	1	-0.006136	4	2.016331	1	2.662537	1	1.336539	3	2.36087	0	it was cold	38	0.259758	1	cold_38	it was cold	38	E_CONTINUATION	NA	57	it was cold	[270, 373, 4692]	[270, 373, 4692, 1626]	[270, 373, 4692, 1626]	4	4	1	1	1	1	NA
it was cold without	1	R	4	38	0.259758	3	1888	2.922295	["it", " was", " cold", " without"]	[270, 373, 4692, 1231]	-0.00705	0	2.922295	3	0.169025	1	0.163932	1	-0.006815	2	2.016331	1	2.662537	1	1.336539	3	2.36087	0	it was cold	38	0.259758	1	cold_38	it was cold	38	E_CONTINUATION	NA	58	it was cold	[270, 373, 4692]	[270, 373, 4692, 1231]	[270, 373, 4692, 1231]	4	4	1	1	1	1	NA
it was cold beneath us	1	R	5	38	0.164769	3	202	2.922295	["it", " was", " cold", " beneath", " us"]	[270, 373, 4692, 11061, 514]	-0.00705	0	2.922295	3	0.169025	1	0.163932	1	-0.006815	2	2.016331	1	2.662537	1	1.336539	3	2.36087	0	it was cold	38	0.259758	1	cold_38	it was cold	38	E_CONTINUATION	NA	59	it was cold	[270, 373, 4692]	[270, 373, 4692, 11061, 514]	[270, 373, 4692, 11061, 514]	5	5	2	2	1	1	NA
it was cold around us	1	R	5	38	0.19919	3	1865	2.922295	["it", " was", " cold", " around", " us"]	[270, 373, 4692, 1088, 514]	-0.00705	0	2.922295	3	0.169025	1	0.163932	1	-0.006815	2	2.016331	1	2.662537	1	1.336539	3	2.36087	0	it was cold	38	0.259758	1	cold_38	it was cold	38	E_CONTINUATION	NA	60	it was cold	[270, 373, 4692]	[270, 373, 4692, 1088, 514]	[270, 373, 4692, 1088, 514]	5	5	2	2	1	1	NA
 Artists was cold	1	R	3	1888	0.143372	1	2761	3.349124	[" Artists", " was", " cold"]	[37599, 373, 4692]	-0.00705	0	0.975455	3	-0.000821	0	0.483343	1	-0.042533	2	2.272016	1	3.349124	1	1.088254	3	2.36087	0	 Artists	1888	0.988255	1	cold_38	it was cold	38	C_LOCAL	0	1	it was cold	[270, 373, 4692]	[37599, 373, 4692]	[37599, 373, 4692]	3	3	1	1	1	1	0
 Dennis was cold	1	R	3	2761	0.278176	3	1888	3.340284	[" Dennis", " was", " cold"]	[16902, 373, 4692]	-0.00705	0	0.956295	3	-0.000821	0	0.558351	1	-0.029303	1	2.269734	2	3.062109	1	1.285647	3	2.36087	0	 Dennis was cold	2761	0.278176	1	cold_38	it was cold	38	C_LOCAL	0	2	it was cold	[270, 373, 4692]	[16902, 373, 4692]	[16902, 373, 4692]	3	3	1	1	1	1	0
 Veteran was cold	1	R	3	1888	0.225077	1	2761	3.164848	[" Veteran", " was", " cold"]	[32733, 373, 4692]	-0.00705	0	0.957223	3	-0.000821	0	1.409008	1	-0.044745	2	2.403769	1	3.164848	1	0.928673	3	2.36087	0	 Veteran	1888	0.761079	1	cold_38	it was cold	38	C_LOCAL	0	3	it was cold	[270, 373, 4692]	[32733, 373, 4692]	[32733, 373, 4692]	3	3	1	1	1	1	0
itMedium cold	1	R	3	1888	0.055369	1	3050	2.662537	["it", "Medium", " cold"]	[270, 31205, 4692]	-0.00705	0	0.879572	3	0.180828	3	0.163932	1	-0.059255	3	2.016331	1	2.662537	1	0.353075	3	2.36087	0	it	1888	0.301667	1	cold_38	it was cold	38	C_LOCAL	0	4	it was cold	[270, 373, 4692]	[270, 31205, 4692]	[270, 31205, 4692]	3	3	1	1	1	1	1
it was MU	1	R	3	1888	0.084885	1	858	2.662537	["it", " was", " MU"]	[270, 373, 25108]	-0.00705	0	0.664959	2	0.169025	1	0.163932	1	-0.006815	2	2.016331	1	2.662537	1	0.239423	0	2.36087	0	it	1888	0.301667	1	cold_38	it was cold	38	C_LOCAL	0	5	it was cold	[270, 373, 4692]	[270, 373, 25108]	[270, 373, 25108]	3	3	1	1	1	1	2
 Watch was cold	1	R	3	2761	0.363807	3	1888	3.014375	[" Watch", " was", " cold"]	[6305, 373, 4692]	-0.00705	0	1.767511	3	-0.000821	0	0.859176	1	-0.075928	3	2.068108	1	2.650568	1	1.339253	3	2.36087	0	 Watch was cold	2761	0.363807	1	cold_38	it was cold	38	C_LOCAL	0	6	it was cold	[270, 373, 4692]	[6305, 373, 4692]	[6305, 373, 4692]	3	3	1	1	1	1	0
itomm cold	1	R	3	1888	0.123184	1	2328	2.662537	["it", "omm", " cold"]	[270, 2002, 4692]	-0.00705	0	1.228912	3	1.142655	2	0.336089	3	-0.042754	3	2.016331	1	2.662537	1	0.239423	0	2.36087	0	it	1888	0.301667	1	cold_38	it was cold	38	C_LOCAL	0	7	it was cold	[270, 373, 4692]	[270, 2002, 4692]	[270, 2002, 4692]	3	3	1	1	1	1	1
it Shepard cold	1	R	3	1888	0.438221	2	2256	2.799091	["it", " Shepard", " cold"]	[270, 28606, 4692]	-0.00705	0	1.513836	3	0.169025	1	0.163932	1	-0.036748	3	2.348954	2	2.799091	2	0.239423	0	2.36087	0	it Shepard	1888	0.438221	1	cold_38	it was cold	38	C_LOCAL	0	8	it was cold	[270, 373, 4692]	[270, 28606, 4692]	[270, 28606, 4692]	3	3	1	1	1	1	1
it wased	1	R	3	1888	0.301667	1	2256	2.662537	["it", " was", "ed"]	[270, 373, 276]	-0.00705	0	0.664959	2	0.169025	1	0.163932	1	-0.006815	2	2.016331	1	2.662537	1	0.239423	0	2.36087	0	it	1888	0.301667	1	cold_38	it was cold	38	C_LOCAL	0	9	it was cold	[270, 373, 4692]	[270, 373, 276]	[270, 373, 276]	3	3	1	1	1	1	2
it wasBonus	1	R	3	1888	0.589276	3	2256	2.950146	["it", " was", "Bonus"]	[270, 373, 29435]	-0.00705	0	0.664959	2	0.169025	1	0.163932	1	-0.006815	2	2.231246	3	2.950146	3	0.239423	0	2.36087	0	it wasBonus	1888	0.589276	1	cold_38	it was cold	38	C_LOCAL	0	10	it was cold	[270, 373, 4692]	[270, 373, 29435]	[270, 373, 29435]	3	3	1	1	1	1	2
itSaid cold	1	R	3	1888	0.301667	1	2256	2.662537	["it", "Said", " cold"]	[270, 47638, 4692]	-0.00705	0	2.047529	3	0.261726	2	0.163932	1	-0.061304	3	2.016331	1	2.662537	1	0.49011	3	2.36087	0	it	1888	0.301667	1	cold_38	it was cold	38	C_LOCAL	0	11	it was cold	[270, 373, 4692]	[270, 47638, 4692]	[270, 47638, 4692]	3	3	1	1	1	1	1
 freeway was cold	1	R	3	1888	0.951919	1	1790	3.903575	[" freeway", " was", " cold"]	[39042, 373, 4692]	-0.00705	0	1.493318	3	-0.000821	0	1.091648	1	-0.078949	3	2.951656	1	3.903575	1	0.989476	3	2.36087	0	 freeway	1888	0.951918	1	cold_38	it was cold	38	C_LOCAL	0	12	it was cold	[270, 373, 4692]	[39042, 373, 4692]	[39042, 373, 4692]	3	3	1	1	1	1	0
 honored was cold	1	R	3	1888	0.490735	1	464	3.23971	[" honored", " was", " cold"]	[21014, 373, 4692]	-0.00705	0	1.494825	3	-0.000821	0	2.748975	1	-0.080996	3	2.300113	2	3.23971	1	1.000588	3	2.36087	0	 honored	1888	0.490735	1	cold_38	it was cold	38	C_LOCAL	0	13	it was cold	[270, 373, 4692]	[21014, 373, 4692]	[21014, 373, 4692]	3	3	1	1	1	1	0
 American was cold	1	R	3	1888	0.208028	1	2761	3.327934	[" American", " was", " cold"]	[1605, 373, 4692]	-0.00705	0	1.000488	3	-0.000821	0	2.176352	1	-0.046747	2	2.023982	2	3.327934	1	1.117862	3	2.36087	0	 American	1888	0.967064	1	cold_38	it was cold	38	C_LOCAL	0	14	it was cold	[270, 373, 4692]	[1605, 373, 4692]	[1605, 373, 4692]	3	3	1	1	1	1	0
 Profit was cold	1	R	3	1888	0.556698	1	2761	3.10932	[" Profit", " was", " cold"]	[42886, 373, 4692]	-0.00705	0	1.704727	3	-0.000821	0	1.118319	1	-0.107426	3	2.214713	1	3.10932	1	1.083016	3	2.36087	0	 Profit	1888	0.748451	1	cold_38	it was cold	38	C_LOCAL	0	15	it was cold	[270, 373, 4692]	[42886, 373, 4692]	[42886, 373, 4692]	3	3	1	1	1	1	0
it wasround	1	R	3	1888	0.13472	1	812	2.662537	["it", " was", "round"]	[270, 373, 744]	-0.00072	3	0.900629	3	0.169025	1	0.163932	1	-0.006815	2	2.016331	1	2.662537	1	0.239423	0	2.36087	0	it	1888	0.301667	1	cold_38	it was cold	38	C_LOCAL	0	16	it was cold	[270, 373, 4692]	[270, 373, 744]	[270, 373, 744]	3	3	1	1	1	1	2
itpmwiki cold	1	R	3	1888	0.152484	1	2141	2.662537	["it", "pmwiki", " cold"]	[270, 45321, 4692]	-0.00705	0	0.268784	3	0.248058	3	0.163932	1	-0.069173	1	2.361745	3	2.662537	1	0.239423	0	2.36087	0	it	1888	0.301667	1	cold_38	it was cold	38	C_LOCAL	0	17	it was cold	[270, 373, 4692]	[270, 45321, 4692]	[270, 45321, 4692]	3	3	1	1	1	1	1
 sucking was cold	1	R	3	1888	0.493134	1	2761	3.172668	[" sucking", " was", " cold"]	[27904, 373, 4692]	-0.00705	0	1.7112	3	0.118988	1	2.144476	1	-0.099775	3	2.423465	1	3.172668	1	0.918563	3	2.36087	0	 sucking	1888	0.749203	1	cold_38	it was cold	38	C_LOCAL	0	18	it was cold	[270, 373, 4692]	[27904, 373, 4692]	[27904, 373, 4692]	3	3	1	1	1	1	0
it was almost	1	R	3	1888	0.301667	1	2256	2.662537	["it", " was", " almost"]	[270, 373, 2048]	-0.00705	0	1.13816	3	0.169025	1	0.163932	1	-0.006507	3	2.016331	1	2.662537	1	0.239423	0	2.36087	0	it	1888	0.301667	1	cold_38	it was cold	38	C_LOCAL	0	19	it was cold	[270, 373, 4692]	[270, 373, 2048]	[270, 373, 2048]	3	3	1	1	1	1	2
it wasipper	1	R	3	1888	0.301667	1	2256	2.662537	["it", " was", "ipper"]	[270, 373, 14710]	-0.00705	0	0.664959	2	1.899967	3	0.163932	1	-0.006815	2	2.016331	1	2.662537	1	0.239423	0	2.36087	0	it	1888	0.301667	1	cold_38	it was cold	38	C_LOCAL	0	20	it was cold	[270, 373, 4692]	[270, 373, 14710]	[270, 373, 14710]	3	3	1	1	1	1	2
it boasted cold	1	R	3	1888	0.301667	1	2256	2.662537	["it", " boasted", " cold"]	[270, 32758, 4692]	-0.00705	0	0.754495	3	0.169025	1	0.163932	1	-0.042645	3	2.016331	1	2.662537	1	0.660896	3	2.36087	0	it	1888	0.301667	1	cold_38	it was cold	38	C_LOCAL	0	21	it was cold	[270, 373, 4692]	[270, 32758, 4692]	[270, 32758, 4692]	3	3	1	1	1	1	1
it was batch	1	R	3	1888	0.397066	3	2256	2.757936	["it", " was", " batch"]	[270, 373, 15458]	-0.00705	0	0.664959	2	0.576787	3	0.163932	1	-0.006815	2	2.016331	1	2.757936	3	0.239423	0	2.36087	0	it was batch	1888	0.397066	1	cold_38	it was cold	38	C_LOCAL	0	22	it was cold	[270, 373, 4692]	[270, 373, 15458]	[270, 373, 15458]	3	3	1	1	1	1	2
it exceptional cold	1	R	3	1888	0.301667	1	2256	2.662537	["it", " exceptional", " cold"]	[270, 15313, 4692]	-0.00705	0	1.196767	3	0.33506	2	0.163932	1	-0.01946	3	2.016331	1	2.662537	1	0.514897	2	2.36087	0	it	1888	0.301667	1	cold_38	it was cold	38	C_LOCAL	0	23	it was cold	[270, 373, 4692]	[270, 15313, 4692]	[270, 15313, 4692]	3	3	1	1	1	1	1
it wasBuy	1	R	3	1888	0.301667	1	2256	2.662537	["it", " was", "Buy"]	[270, 373, 14518]	-0.00705	0	0.664959	2	0.169025	1	0.163932	1	-0.006815	2	2.016331	1	2.662537	1	0.239423	0	2.36087	0	it	1888	0.301667	1	cold_38	it was cold	38	C_LOCAL	0	24	it was cold	[270, 373, 4692]	[270, 373, 14518]	[270, 373, 14518]	3	3	1	1	1	1	2
itiolet cold	1	R	3	1888	0.301667	1	2256	2.662537	["it", "iolet", " cold"]	[270, 19194, 4692]	-0.00705	0	2.020253	3	1.931919	2	0.163932	1	-0.02244	3	2.034133	3	2.662537	1	0.239423	0	2.36087	0	it	1888	0.301667	1	cold_38	it was cold	38	C_LOCAL	0	25	it was cold	[270, 373, 4692]	[270, 19194, 4692]	[270, 19194, 4692]	3	3	1	1	1	1	1
 expands was cold	1	R	3	1888	0.101007	1	1066	2.73896	[" expands", " was", " cold"]	[27513, 373, 4692]	-0.00705	0	1.449256	3	-0.000821	0	0.894323	1	-0.067151	3	2.591122	1	2.73896	1	1.065547	3	2.36087	0	 expands	1888	0.101007	1	cold_38	it was cold	38	C_LOCAL	0	26	it was cold	[270, 373, 4692]	[27513, 373, 4692]	[27513, 373, 4692]	3	3	1	1	1	1	0
it was Instrument	1	R	3	1888	0.553327	3	2256	2.914197	["it", " was", " Instrument"]	[270, 373, 42410]	-0.00705	0	0.664959	2	0.169025	1	0.163932	1	-0.006815	2	2.247152	3	2.914197	3	0.239423	0	2.36087	0	it was Instrument	1888	0.553327	1	cold_38	it was cold	38	C_LOCAL	0	27	it was cold	[270, 373, 4692]	[270, 373, 42410]	[270, 373, 42410]	3	3	1	1	1	1	2
java was cold	1	R	3	1888	0.575523	1	2761	3.271562	["java", " was", " cold"]	[12355, 373, 4692]	0.133609	1	1.123051	3	0.55678	1	0.210401	2	-0.097915	3	2.433538	2	3.271562	1	1.115761	3	2.36087	0	java	1888	0.910692	1	cold_38	it was cold	38	C_LOCAL	0	28	it was cold	[270, 373, 4692]	[12355, 373, 4692]	[12355, 373, 4692]	3	3	1	1	1	1	0
it wasexamination	1	R	3	1888	0.301667	1	2256	2.662537	["it", " was", "examination"]	[270, 373, 47779]	-0.00705	0	0.664959	2	1.112765	3	0.163932	1	-0.006815	2	2.016331	1	2.662537	1	0.239423	0	2.36087	0	it	1888	0.301667	1	cold_38	it was cold	38	C_LOCAL	0	29	it was cold	[270, 373, 4692]	[270, 373, 47779]	[270, 373, 47779]	3	3	1	1	1	1	2
itReg cold	1	R	3	1888	0.14701	1	1849	2.662537	["it", "Reg", " cold"]	[270, 8081, 4692]	-0.00705	0	1.112377	3	0.580801	3	0.163932	1	-0.018703	3	2.020208	3	2.662537	1	0.239423	0	2.36087	0	it	1888	0.301667	1	cold_38	it was cold	38	C_LOCAL	0	30	it was cold	[270, 373, 4692]	[270, 8081, 4692]	[270, 8081, 4692]	3	3	1	1	1	1	1
it was arous	1	R	3	1888	0.301667	1	2256	2.662537	["it", " was", " arous"]	[270, 373, 22015]	-0.00705	0	0.664959	2	0.169025	1	0.163932	1	-0.006815	2	2.016331	1	2.662537	1	0.239423	0	2.36087	0	it	1888	0.301667	1	cold_38	it was cold	38	C_LOCAL	0	31	it was cold	[270, 373, 4692]	[270, 373, 22015]	[270, 373, 22015]	3	3	1	1	1	1	2
it was028	1	R	3	1888	0.301667	1	2256	2.662537	["it", " was", "028"]	[270, 373, 46957]	-0.003563	3	0.7288	3	0.169025	1	0.163932	1	-0.006815	2	2.016331	1	2.662537	1	0.239423	0	2.36087	0	it	1888	0.301667	1	cold_38	it was cold	38	C_LOCAL	0	32	it was cold	[270, 373, 4692]	[270, 373, 46957]	[270, 373, 46957]	3	3	1	1	1	1	2
it was sucking	1	R	3	1888	0.301667	1	2256	2.662537	["it", " was", " sucking"]	[270, 373, 27904]	-0.00705	0	1.431068	3	0.169025	1	0.163932	1	-0.006815	2	2.016331	1	2.662537	1	0.487493	3	2.36087	0	it	1888	0.301667	1	cold_38	it was cold	38	C_LOCAL	0	33	it was cold	[270, 373, 4692]	[270, 373, 27904]	[270, 373, 27904]	3	3	1	1	1	1	2
it was diffusion	1	R	3	1888	0.257387	3	1790	2.754909	["it", " was", " diffusion"]	[270, 373, 44258]	-0.00705	0	0.664959	2	1.017022	3	0.163932	1	-0.006815	2	2.497522	3	2.754909	3	0.239423	0	2.36087	0	it was diffusion	1888	0.257387	1	cold_38	it was cold	38	C_LOCAL	0	34	it was cold	[270, 373, 4692]	[270, 373, 44258]	[270, 373, 44258]	3	3	1	1	1	1	2
houses was cold	1	R	3	1888	0.048162	1	2761	2.967496	["houses", " was", " cold"]	[20089, 373, 4692]	-0.00705	0	1.363504	3	0.383248	1	0.0441	1	0.350813	2	2.137818	1	2.967496	1	0.937484	3	2.36087	0	houses	1888	0.606626	1	cold_38	it was cold	38	C_LOCAL	0	35	it was cold	[270, 373, 4692]	[20089, 373, 4692]	[20089, 373, 4692]	3	3	1	1	1	1	0
it Nay cold	1	R	3	1888	0.612446	2	2256	2.973315	["it", " Nay", " cold"]	[270, 38808, 4692]	-0.00705	0	2.298753	3	0.169025	1	0.163932	1	-0.061397	3	2.244144	2	2.973315	2	0.697081	3	2.36087	0	it Nay	1888	0.612446	1	cold_38	it was cold	38	C_LOCAL	0	36	it was cold	[270, 373, 4692]	[270, 38808, 4692]	[270, 38808, 4692]	3	3	1	1	1	1	1
it amplifier cold	1	R	3	1888	0.515338	2	2256	2.876208	["it", " amplifier", " cold"]	[270, 33382, 4692]	-9.8e-05	2	0.344835	3	0.536016	2	0.163932	1	-0.03137	3	2.333214	2	2.876208	2	0.239423	0	2.36087	0	it amplifier	1888	0.515338	1	cold_38	it was cold	38	C_LOCAL	0	37	it was cold	[270, 373, 4692]	[270, 33382, 4692]	[270, 33382, 4692]	3	3	1	1	1	1	1
it Victim cold	1	R	3	1888	0.301667	1	2256	2.662537	["it", " Victim", " cold"]	[270, 38901, 4692]	-0.00705	0	0.430168	3	0.297476	3	0.163932	1	-0.018204	2	2.016331	1	2.662537	1	0.239423	0	2.36087	0	it	1888	0.301667	1	cold_38	it was cold	38	C_LOCAL	0	38	it was cold	[270, 373, 4692]	[270, 38901, 4692]	[270, 38901, 4692]	3	3	1	1	1	1	1
ESPN was cold	1	R	3	1888	0.162755	1	2761	3.26023	["ESPN", " was", " cold"]	[31730, 373, 4692]	-0.00705	0	0.746462	3	-0.000821	0	-0.033355	0	-0.042023	3	1.712251	1	3.26023	1	0.986108	3	2.36087	0	ESPN	1888	0.89936	1	cold_38	it was cold	38	C_LOCAL	0	39	it was cold	[270, 373, 4692]	[31730, 373, 4692]	[31730, 373, 4692]	3	3	1	1	1	1	0
 Kira was cold	1	R	3	2761	0.127583	3	1888	3.025315	[" Kira", " was", " cold"]	[49103, 373, 4692]	-0.00705	0	1.399753	3	-0.000821	0	0.559859	1	-0.059957	3	2.610562	1	2.897732	1	1.582654	3	2.36087	0	 Kira was cold	2761	0.127583	1	cold_38	it was cold	38	C_LOCAL	0	40	it was cold	[270, 373, 4692]	[49103, 373, 4692]	[49103, 373, 4692]	3	3	1	1	1	1	0
it Gent cold	1	R	3	1888	0.473906	2	2256	2.834775	["it", " Gent", " cold"]	[270, 27391, 4692]	-0.00705	0	0.928973	3	0.169025	1	0.163932	1	-0.039404	3	2.340687	2	2.834775	2	0.239423	0	2.36087	0	it Gent	1888	0.473905	1	cold_38	it was cold	38	C_LOCAL	0	41	it was cold	[270, 373, 4692]	[270, 27391, 4692]	[270, 27391, 4692]	3	3	1	1	1	1	1
it was span	1	R	3	1888	0.367502	3	2256	2.728372	["it", " was", " span"]	[270, 373, 11506]	-0.00705	0	0.664959	2	0.169025	1	0.163932	1	-0.006815	2	2.016331	1	2.728372	3	0.239423	0	2.36087	0	it was span	1888	0.367502	1	cold_38	it was cold	38	C_LOCAL	0	42	it was cold	[270, 373, 4692]	[270, 373, 11506]	[270, 373, 11506]	3	3	1	1	1	1	2
it Slack cold	1	R	3	1888	0.425839	2	1790	2.832174	["it", " Slack", " cold"]	[270, 36256, 4692]	-0.00705	0	0.583622	3	0.169025	1	0.163932	1	-0.054234	2	2.406335	3	2.832174	2	0.239423	0	2.36087	0	it Slack	1888	0.471304	1	cold_38	it was cold	38	C_LOCAL	0	43	it was cold	[270, 373, 4692]	[270, 36256, 4692]	[270, 36256, 4692]	3	3	1	1	1	1	1
it wasUFC	1	R	3	1888	0.404009	3	2256	2.764879	["it", " was", "UFC"]	[270, 373, 44534]	-0.00705	0	0.664959	2	0.590549	3	0.163932	1	-0.006815	2	2.016331	1	2.764879	3	0.239423	0	2.36087	0	it wasUFC	1888	0.404009	1	cold_38	it was cold	38	C_LOCAL	0	44	it was cold	[270, 373, 4692]	[270, 373, 44534]	[270, 373, 44534]	3	3	1	1	1	1	2
it was Championships	1	R	3	1888	0.533006	3	2256	2.893876	["it", " was", " Championships"]	[270, 373, 24782]	-0.00705	0	0.664959	2	0.169025	1	0.163932	1	-0.006815	2	2.016331	1	2.893876	3	0.239423	0	2.36087	0	it was Championships	1888	0.533006	1	cold_38	it was cold	38	C_LOCAL	0	45	it was cold	[270, 373, 4692]	[270, 373, 24782]	[270, 373, 24782]	3	3	1	1	1	1	2
Associated was cold	1	R	3	1888	0.682929	1	2761	3.506925	["Associated", " was", " cold"]	[29014, 373, 4692]	-0.00705	0	1.194308	3	-0.000821	0	-0.033355	0	-0.068479	3	2.556841	1	3.506925	1	1.097988	3	2.36087	0	Associated	1888	0.950084	1	cold_38	it was cold	38	C_LOCAL	0	46	it was cold	[270, 373, 4692]	[29014, 373, 4692]	[29014, 373, 4692]	3	3	1	1	1	1	0
it was bred	1	R	3	1888	0.275568	3	1388	2.745595	["it", " was", " bred"]	[270, 373, 33592]	-0.00705	0	0.664959	2	0.169025	1	0.163932	1	-0.006815	2	2.016331	1	2.745595	3	0.239423	0	2.36087	0	it was bred	1888	0.275568	1	cold_38	it was cold	38	C_LOCAL	0	47	it was cold	[270, 373, 4692]	[270, 373, 33592]	[270, 373, 33592]	3	3	1	1	1	1	2
 astron was cold	1	R	3	1888	1.439935	1	1790	4.404995	[" astron", " was", " cold"]	[10894, 373, 4692]	-0.006051	1	1.081731	3	0.687721	2	1.530604	1	-0.075246	2	2.96506	1	4.404995	1	0.817323	3	2.36087	0	 astron	1888	1.439936	1	cold_38	it was cold	38	C_LOCAL	0	48	it was cold	[270, 373, 4692]	[10894, 373, 4692]	[10894, 373, 4692]	3	3	1	1	1	1	0
it was Mile	1	R	3	345	0.11307	3	1888	2.775607	["it", " was", " Mile"]	[270, 373, 26004]	-0.00705	0	0.664959	2	0.169025	1	0.163932	1	-0.006815	2	2.016331	1	2.662537	1	0.239423	0	2.36087	0	it was Mile	345	0.11307	1	cold_38	it was cold	38	C_LOCAL	0	49	it was cold	[270, 373, 4692]	[270, 373, 26004]	[270, 373, 26004]	3	3	1	1	1	1	2
itinical cold	1	R	3	1888	0.301667	1	2256	2.662537	["it", "inical", " cold"]	[270, 32352, 4692]	-0.00705	0	0.11632	0	0.428639	2	0.163932	1	-0.038491	3	2.030928	2	2.662537	1	0.239423	0	2.36087	0	it	1888	0.301667	1	cold_38	it was cold	38	C_LOCAL	0	50	it was cold	[270, 373, 4692]	[270, 32352, 4692]	[270, 32352, 4692]	3	3	1	1	1	1	1
it was trad	1	R	3	1888	0.827039	3	2256	3.187909	["it", " was", " trad"]	[270, 373, 2083]	-0.00705	0	0.664959	2	0.423192	3	0.163932	1	-0.006815	2	2.06582	3	3.187909	3	0.239423	0	2.36087	0	it was trad	1888	0.827039	1	cold_38	it was cold	38	C_LOCAL	0	51	it was cold	[270, 373, 4692]	[270, 373, 2083]	[270, 373, 2083]	3	3	1	1	1	1	2
it65 cold	1	R	3	1888	0.301667	1	2256	2.662537	["it", "65", " cold"]	[270, 2996, 4692]	-0.00705	0	1.028598	3	0.800783	2	0.163932	1	-0.037821	2	2.016331	1	2.662537	1	0.239423	0	2.36087	0	it	1888	0.301667	1	cold_38	it was cold	38	C_LOCAL	0	52	it was cold	[270, 373, 4692]	[270, 2996, 4692]	[270, 2996, 4692]	3	3	1	1	1	1	1
it wasPoll	1	R	3	1888	0.301667	1	2256	2.662537	["it", " was", "Poll"]	[270, 373, 39176]	-0.00705	0	0.664959	2	0.169025	1	0.163932	1	-0.006815	2	2.016331	1	2.662537	1	0.239423	0	2.36087	0	it	1888	0.301667	1	cold_38	it was cold	38	C_LOCAL	0	53	it was cold	[270, 373, 4692]	[270, 373, 39176]	[270, 373, 39176]	3	3	1	1	1	1	2
it was domest	1	R	3	1888	0.301667	1	2256	2.662537	["it", " was", " domest"]	[270, 373, 26026]	-0.00705	0	0.664959	2	0.169025	1	0.163932	1	-0.006815	2	2.016331	1	2.662537	1	0.239423	0	2.36087	0	it	1888	0.301667	1	cold_38	it was cold	38	C_LOCAL	0	54	it was cold	[270, 373, 4692]	[270, 373, 26026]	[270, 373, 26026]	3	3	1	1	1	1	2
it was irre	1	R	3	1888	0.301667	1	2256	2.662537	["it", " was", " irre"]	[270, 373, 11331]	-0.00705	0	0.664959	2	0.169025	1	0.163932	1	-0.006815	2	2.097892	3	2.662537	1	0.239423	0	2.36087	0	it	1888	0.301667	1	cold_38	it was cold	38	C_LOCAL	0	55	it was cold	[270, 373, 4692]	[270, 373, 11331]	[270, 373, 11331]	3	3	1	1	1	1	2
 incorporates was cold	1	R	3	1888	0.548616	1	2256	2.909486	[" incorporates", " was", " cold"]	[33181, 373, 4692]	-0.00705	0	0.508421	3	-0.000821	0	1.079024	1	-0.078116	3	2.169811	1	2.909486	1	0.239423	0	2.36087	0	 incorporates	1888	0.548616	1	cold_38	it was cold	38	C_LOCAL	0	56	it was cold	[270, 373, 4692]	[33181, 373, 4692]	[33181, 373, 4692]	3	3	1	1	1	1	0
ues was cold	1	R	3	1790	0.035308	1	1888	2.750702	["ues", " was", " cold"]	[947, 373, 4692]	-0.00705	0	1.910907	3	0.463517	1	-0.033355	0	0.22728	2	2.750702	1	2.715394	1	1.287784	3	2.36087	0	ues	1790	0.035307	1	cold_38	it was cold	38	C_LOCAL	0	57	it was cold	[270, 373, 4692]	[947, 373, 4692]	[947, 373, 4692]	3	3	1	1	1	1	0
 laboratories was cold	1	R	3	1888	0.039999	1	2761	3.251676	[" laboratories", " was", " cold"]	[35650, 373, 4692]	-0.00705	0	0.864767	3	-0.000821	0	0.641977	1	-0.05278	3	2.787864	1	3.251676	1	0.74676	3	2.36087	0	 laboratories	1888	0.463812	1	cold_38	it was cold	38	C_LOCAL	0	58	it was cold	[270, 373, 4692]	[35650, 373, 4692]	[35650, 373, 4692]	3	3	1	1	1	1	0
it was reun	1	R	3	1888	0.711851	3	2319	3.086068	["it", " was", " reun"]	[270, 373, 15398]	-0.00705	0	0.664959	2	1.100432	3	0.163932	1	-0.006815	2	2.016331	1	3.086068	3	0.239423	0	2.36087	0	it was reun	1888	0.711851	1	cold_38	it was cold	38	C_LOCAL	0	59	it was cold	[270, 373, 4692]	[270, 373, 15398]	[270, 373, 15398]	3	3	1	1	1	1	2
it Spiritual cold	1	R	3	1888	0.975038	2	2256	3.335907	["it", " Spiritual", " cold"]	[270, 33944, 4692]	-0.00705	0	1.404232	3	0.169025	1	0.163932	1	-0.002826	3	2.205319	2	3.335907	2	0.239423	0	2.36087	0	it Spiritual	1888	0.975037	1	cold_38	it was cold	38	C_LOCAL	0	60	it was cold	[270, 373, 4692]	[270, 33944, 4692]	[270, 33944, 4692]	3	3	1	1	1	1	1
 choose walkinglevel	1	R	3	464	0.581064	1	1888	3.177628	[" choose", " walking", "level"]	[3853, 6155, 5715]	-0.00705	0	0.11632	0	1.525147	3	3.177628	1	-0.072746	1	2.317758	1	2.596564	1	0.239423	0	2.36087	0	 choose	464	0.581066	1	cold_38	it was cold	38	D_RANDOM_TOKEN	0	1	it was cold	[270, 373, 4692]	[3853, 6155, 5715]	[3853, 6155, 5715]	3	3	3	3	1	1	NA
 Fallout meth TBA	1	R	3	1888	0.290085	1	1790	3.343676	[" Fallout", " meth", " TBA"]	[23886, 11248, 48591]	-0.00705	0	0.11632	0	-0.000821	0	1.147677	1	-0.053391	3	3.053591	3	3.343676	1	0.239423	0	2.36087	0	 Fallout	1888	0.736511	1	cold_38	it was cold	38	D_RANDOM_TOKEN	0	2	it was cold	[270, 373, 4692]	[23886, 11248, 48591]	[23886, 11248, 48591]	3	3	3	3	1	1	NA
 Vend Bom evolutionary	1	R	3	1888	0.384603	1	1790	3.42747	[" Vend", " Bom", " evolutionary"]	[44220, 20403, 16673]	-0.00705	0	0.11632	0	-0.000821	0	0.383086	1	-0.091582	3	3.042867	1	3.42747	1	0.239423	0	2.36087	0	 Vend	1888	0.384603	1	cold_38	it was cold	38	D_RANDOM_TOKEN	0	3	it was cold	[270, 373, 4692]	[44220, 20403, 16673]	[44220, 20403, 16673]	3	3	3	3	1	1	NA
 restroom taxpayers Rolls	1	R	3	1888	0.595647	1	1790	3.425057	[" restroom", " taxpayers", " Rolls"]	[40018, 14086, 40074]	-0.00705	0	0.11632	0	-0.000821	0	0.484828	1	-0.114983	2	2.829409	1	3.425057	1	0.239423	0	2.36087	0	 restroom	1888	0.595647	1	cold_38	it was cold	38	D_RANDOM_TOKEN	0	4	it was cold	[270, 373, 4692]	[40018, 14086, 40074]	[40018, 14086, 40074]	3	3	3	3	1	1	NA
roll Ghostsacea	1	R	3	1665	0.003522	1	1888	2.449895	["roll", " Ghosts", "acea"]	[2487, 38389, 44977]	-0.00705	0	0.11632	0	0.150808	1	-0.01725	3	0.157343	3	2.374195	3	2.446373	1	0.239423	0	2.36087	0	roll	1665	0.003522	1	cold_38	it was cold	38	D_RANDOM_TOKEN	0	5	it was cold	[270, 373, 4692]	[2487, 38389, 44977]	[2487, 38389, 44977]	3	3	3	3	1	1	NA
 actorsmetal nonpartisan	1	R	3	1888	0.582687	1	1790	2.957074	[" actors", "metal", " nonpartisan"]	[10544, 28469, 42157]	-0.00705	0	0.11632	0	1.416321	2	1.425779	1	0.393522	2	2.374387	2	2.957074	1	0.239423	0	2.36087	0	 actors	1888	0.596204	1	cold_38	it was cold	38	D_RANDOM_TOKEN	0	6	it was cold	[270, 373, 4692]	[10544, 28469, 42157]	[10544, 28469, 42157]	3	3	3	3	1	1	NA
eightEffectsReader	1	R	3	1898	0.033469	3	1888	2.836897	["eight", "Effects", "Reader"]	[26022, 47738, 33634]	-0.00705	0	0.11632	0	-0.000821	0	0.043007	1	-0.051832	1	2.342593	1	2.803428	1	0.239423	0	2.36087	0	eightEffectsReader	1898	0.033469	1	cold_38	it was cold	38	D_RANDOM_TOKEN	0	7	it was cold	[270, 373, 4692]	[26022, 47738, 33634]	[26022, 47738, 33634]	3	3	3	3	1	1	NA
 Minecraftussen ping	1	R	3	1790	0.062341	2	1888	3.287795	[" Minecraft", "ussen", " ping"]	[24609, 35951, 29400]	-0.00705	0	0.11632	0	0.061474	3	1.353122	1	-0.121913	3	3.287795	2	3.225454	1	0.239423	0	2.36087	0	 Minecraftussen	1790	0.06234	1	cold_38	it was cold	38	D_RANDOM_TOKEN	0	8	it was cold	[270, 373, 4692]	[24609, 35951, 29400]	[24609, 35951, 29400]	3	3	3	3	1	1	NA
 hemisphere orcheicro	1	R	3	1888	0.575625	1	1790	3.734245	[" hemisphere", " orche", "icro"]	[33169, 17771, 2500]	-0.00705	0	0.11632	0	0.224617	1	1.114924	1	-0.122657	0	3.15862	1	3.734245	1	0.239423	0	2.36087	0	 hemisphere	1888	0.575626	1	cold_38	it was cold	38	D_RANDOM_TOKEN	0	9	it was cold	[270, 373, 4692]	[33169, 17771, 2500]	[33169, 17771, 2500]	3	3	3	3	1	1	NA
 successiren Norton	1	R	3	1888	0.087885	1	1790	3.00992	[" success", "iren", " Norton"]	[1943, 24080, 30722]	-0.00705	0	0.11632	0	1.028459	2	1.401754	1	0.465412	2	2.922035	1	3.00992	1	0.239423	0	2.36087	0	 success	1888	0.087885	1	cold_38	it was cold	38	D_RANDOM_TOKEN	0	10	it was cold	[270, 373, 4692]	[1943, 24080, 30722]	[1943, 24080, 30722]	3	3	3	3	1	1	NA
 lou DIY adulthood	1	R	3	1888	0.524714	1	1790	3.426526	[" lou", " DIY", " adulthood"]	[21081, 25134, 28003]	-0.00705	0	0.11632	0	1.027445	1	2.46552	1	-0.033473	3	2.901812	1	3.426526	1	0.239423	0	2.36087	0	 lou	1888	0.524712	1	cold_38	it was cold	38	D_RANDOM_TOKEN	0	11	it was cold	[270, 373, 4692]	[21081, 25134, 28003]	[21081, 25134, 28003]	3	3	3	3	1	1	NA
 Directive executed Signs	1	R	3	1888	1.31642	1	1790	3.755497	[" Directive", " executed", " Signs"]	[34736, 10945, 37027]	-0.00705	0	0.11632	0	-0.000821	0	0.356626	1	-0.084275	2	2.439077	1	3.755497	1	0.239423	0	2.36087	0	 Directive	1888	1.31642	1	cold_38	it was cold	38	D_RANDOM_TOKEN	0	12	it was cold	[270, 373, 4692]	[34736, 10945, 37027]	[34736, 10945, 37027]	3	3	3	3	1	1	NA
asma Nobody Puerto	1	R	3	1888	0.545788	1	2256	2.906658	["asma", " Nobody", " Puerto"]	[11797, 15658, 15295]	-0.00705	0	0.11632	0	0.865285	1	-0.033355	0	-0.10346	2	2.249744	1	2.906658	1	0.239423	0	2.36087	0	asma	1888	0.545789	1	cold_38	it was cold	38	D_RANDOM_TOKEN	0	13	it was cold	[270, 373, 4692]	[11797, 15658, 15295]	[11797, 15658, 15295]	3	3	3	3	1	1	NA
sterilst Remote	1	R	3	1888	0.437733	1	1790	3.038397	["ster", "ilst", " Remote"]	[1706, 11750, 21520]	-0.00705	0	0.11632	0	1.527054	2	0.043922	1	-0.113037	3	2.600664	1	3.038397	1	0.239423	0	2.36087	0	ster	1888	0.437733	1	cold_38	it was cold	38	D_RANDOM_TOKEN	0	14	it was cold	[270, 373, 4692]	[1706, 11750, 21520]	[1706, 11750, 21520]	3	3	3	3	1	1	NA
 burned convinCt	1	R	3	1888	0.060802	1	464	2.956201	[" burned", " convin", "Ct"]	[11544, 9120, 33707]	-0.00705	0	0.11632	0	0.626189	2	2.895398	1	-0.030213	2	2.458036	1	2.956201	1	0.239423	0	2.36087	0	 burned	1888	0.060802	1	cold_38	it was cold	38	D_RANDOM_TOKEN	0	15	it was cold	[270, 373, 4692]	[11544, 9120, 33707]	[11544, 9120, 33707]	3	3	3	3	1	1	NA
Loc anticipate8000	1	R	3	1888	0.956475	1	2256	3.317345	["Loc", " anticipate", "8000"]	[33711, 23794, 33942]	-0.00705	0	0.11632	0	0.008959	3	0.022381	2	-0.122657	0	1.936504	1	3.317345	1	0.239423	0	2.36087	0	Loc	1888	0.956476	1	cold_38	it was cold	38	D_RANDOM_TOKEN	0	16	it was cold	[270, 373, 4692]	[33711, 23794, 33942]	[33711, 23794, 33942]	3	3	3	3	1	1	NA
 LONG federation Scar	1	R	3	1888	0.220204	1	858	3.040029	[" LONG", " federation", " Scar"]	[44533, 36986, 12089]	-0.00705	0	0.11632	0	-0.000821	0	1.567822	1	-0.04165	2	2.344866	2	3.040029	1	0.239423	0	2.36087	0	 LONG	1888	0.220204	1	cold_38	it was cold	38	D_RANDOM_TOKEN	0	17	it was cold	[270, 373, 4692]	[44533, 36986, 12089]	[44533, 36986, 12089]	3	3	3	3	1	1	NA
 Crowd Banner PAGE	1	R	3	1888	0.646912	1	1790	3.322811	[" Crowd", " Banner", " PAGE"]	[29452, 27414, 48488]	-0.00705	0	0.11632	0	-0.000821	0	2.102968	1	-0.022477	3	2.675899	2	3.322811	1	0.239423	0	2.36087	0	 Crowd	1888	0.869257	1	cold_38	it was cold	38	D_RANDOM_TOKEN	0	18	it was cold	[270, 373, 4692]	[29452, 27414, 48488]	[29452, 27414, 48488]	3	3	3	3	1	1	NA
 exitedDiv Forms	1	R	3	1888	0.138184	1	1790	2.901345	[" exited", "Div", " Forms"]	[34710, 24095, 39196]	-0.00705	0	0.11632	0	0.090904	2	1.168496	1	-0.108243	1	2.763161	1	2.901345	1	0.239423	0	2.36087	0	 exited	1888	0.138184	1	cold_38	it was cold	38	D_RANDOM_TOKEN	0	19	it was cold	[270, 373, 4692]	[34710, 24095, 39196]	[34710, 24095, 39196]	3	3	3	3	1	1	NA
 Garfieldْ Hutch	1	R	3	1888	0.42574	1	1790	3.340877	[" Garfield", "ْ", " Hutch"]	[47218, 48763, 30492]	-0.001031	3	0.11632	0	-0.000821	0	0.522697	1	-0.033882	3	2.915137	2	3.340877	1	0.239423	0	2.36087	0	 Garfield	1888	0.77492	1	cold_38	it was cold	38	D_RANDOM_TOKEN	0	20	it was cold	[270, 373, 4692]	[47218, 48763, 30492]	[47218, 48763, 30492]	3	3	3	3	1	1	NA
798Skill hated	1	R	3	1888	0.611829	1	1790	3.154756	["798", "Skill", " hated"]	[43240, 35040, 16563]	-0.002632	2	0.232836	3	-0.000821	0	-0.001541	2	-0.115141	3	2.542927	3	3.154756	1	0.239423	0	2.36087	0	798	1888	0.793887	1	cold_38	it was cold	38	D_RANDOM_TOKEN	0	21	it was cold	[270, 373, 4692]	[43240, 35040, 16563]	[43240, 35040, 16563]	3	3	3	3	1	1	NA
limit Foster Orioles	1	R	3	1888	0.040169	3	1790	2.807239	["limit", " Foster", " Orioles"]	[32374, 18489, 32907]	-0.00705	0	0.11632	0	-0.000821	0	0.372367	1	-0.037827	2	2.76707	1	2.807239	3	0.239423	0	2.36087	0	limit Foster Orioles	1888	0.040169	1	cold_38	it was cold	38	D_RANDOM_TOKEN	0	22	it was cold	[270, 373, 4692]	[32374, 18489, 32907]	[32374, 18489, 32907]	3	3	3	3	1	1	NA
 Denis fractured tomat	1	R	3	1888	0.383919	1	2256	2.744789	[" Denis", " fractured", " tomat"]	[33089, 34051, 23414]	-0.00705	0	0.11632	0	-0.000821	0	1.0941	1	-0.026406	3	2.350932	1	2.744789	1	0.239423	0	2.36087	0	 Denis	1888	0.383919	1	cold_38	it was cold	38	D_RANDOM_TOKEN	0	23	it was cold	[270, 373, 4692]	[33089, 34051, 23414]	[33089, 34051, 23414]	3	3	3	3	1	1	NA
 faredhesda baggage	1	R	3	1888	0.287921	1	1790	3.173719	[" fared", "hesda", " baggage"]	[43688, 30049, 30466]	-0.00705	0	0.11632	0	0.392277	2	0.544325	1	-0.101973	1	2.885798	1	3.173719	1	0.239423	0	2.36087	0	 fared	1888	0.28792	1	cold_38	it was cold	38	D_RANDOM_TOKEN	0	24	it was cold	[270, 373, 4692]	[43688, 30049, 30466]	[43688, 30049, 30466]	3	3	3	3	1	1	NA
 amino persecuted Iro	1	R	3	1888	0.478371	1	1790	3.388322	[" amino", " persecuted", " Iro"]	[23206, 37501, 47927]	-0.00705	0	0.11632	0	0.086706	1	2.018159	1	-0.054861	3	2.90995	2	3.388322	1	0.239423	0	2.36087	0	 amino	1888	0.862218	1	cold_38	it was cold	38	D_RANDOM_TOKEN	0	25	it was cold	[270, 373, 4692]	[23206, 37501, 47927]	[23206, 37501, 47927]	3	3	3	3	1	1	NA
 epoch Spurmort	1	R	3	1888	1.10847	1	1790	4.18537	[" epoch", " Spur", "mort"]	[36835, 47788, 30171]	-0.00705	0	0.11632	0	0.746105	1	1.573355	1	-0.122657	0	3.0769	1	4.18537	1	0.239423	0	2.36087	0	 epoch	1888	1.108469	1	cold_38	it was cold	38	D_RANDOM_TOKEN	0	26	it was cold	[270, 373, 4692]	[36835, 47788, 30171]	[36835, 47788, 30171]	3	3	3	3	1	1	NA
 complementary Tackle frustrated	1	R	3	1888	0.238122	1	464	3.274732	[" complementary", " Tackle", " frustrated"]	[32150, 43502, 14718]	-0.00705	0	0.11632	0	0.195618	1	3.03661	1	-0.04226	2	3.008687	1	3.274732	1	0.293109	3	2.36087	0	 complementary	1888	0.238121	1	cold_38	it was cold	38	D_RANDOM_TOKEN	0	27	it was cold	[270, 373, 4692]	[32150, 43502, 14718]	[32150, 43502, 14718]	3	3	3	3	1	1	NA
 1900Generic BY	1	R	3	1888	1.124371	1	858	3.544443	[" 1900", "Generic", " BY"]	[21489, 46189, 11050]	-0.00705	0	0.11632	0	-0.000821	0	1.006353	1	-0.05026	3	2.176296	2	3.544443	1	0.239423	0	2.36087	0	 1900	1888	1.183573	1	cold_38	it was cold	38	D_RANDOM_TOKEN	0	28	it was cold	[270, 373, 4692]	[21489, 46189, 11050]	[21489, 46189, 11050]	3	3	3	3	1	1	NA
 Chronic compatibilityfuck	1	R	3	1888	0.474375	1	1790	3.789229	[" Chronic", " compatibility", "fuck"]	[40700, 17764, 31699]	-0.00705	0	0.11632	0	-0.000821	0	1.921016	1	0.052546	1	3.314854	1	3.789229	1	0.239423	0	2.36087	0	 Chronic	1888	0.474375	1	cold_38	it was cold	38	D_RANDOM_TOKEN	0	29	it was cold	[270, 373, 4692]	[40700, 17764, 31699]	[40700, 17764, 31699]	3	3	3	3	1	1	NA
 Latino DD COURT	1	R	3	1888	0.378419	1	2467	3.244248	[" Latino", " DD", " COURT"]	[20496, 20084, 46627]	-0.00473	3	0.11632	0	-0.000821	0	1.592074	1	-0.032771	3	2.412323	1	3.244248	1	0.239423	0	2.36087	0	 Latino	1888	0.831926	1	cold_38	it was cold	38	D_RANDOM_TOKEN	0	30	it was cold	[270, 373, 4692]	[20496, 20084, 46627]	[20496, 20084, 46627]	3	3	3	3	1	1	NA
erala ascent#$#$	1	R	3	1888	0.565156	1	1790	3.365202	["erala", " ascent", "#$#$"]	[33314, 37137, 34206]	-0.00705	0	0.11632	0	0.045294	1	-0.031059	3	-0.046072	1	2.800047	3	3.365202	1	0.239423	0	2.36087	0	erala	1888	1.004333	1	cold_38	it was cold	38	D_RANDOM_TOKEN	0	31	it was cold	[270, 373, 4692]	[33314, 37137, 34206]	[33314, 37137, 34206]	3	3	3	3	1	1	NA
flationoliath unsuccessfully	1	R	3	1888	0.258239	1	1594	3.263584	["flation", "oliath", " unsuccessfully"]	[33521, 43009, 40665]	-0.006276	2	0.11632	0	0.236416	2	-0.027561	2	-0.012315	3	2.589377	2	3.263584	1	0.239423	0	2.36087	0	flation	1888	0.806024	1	cold_38	it was cold	38	D_RANDOM_TOKEN	0	32	it was cold	[270, 373, 4692]	[33521, 43009, 40665]	[33521, 43009, 40665]	3	3	3	3	1	1	NA
 aroused Patriotroe	1	R	3	1888	0.303305	1	1790	3.330489	[" aroused", " Patriot", "roe"]	[38832, 26888, 20646]	-0.00705	0	0.11632	0	-0.000491	1	2.703625	1	-0.022537	3	3.027184	1	3.330489	1	0.239423	0	2.36087	0	 aroused	1888	0.303305	1	cold_38	it was cold	38	D_RANDOM_TOKEN	0	33	it was cold	[270, 373, 4692]	[38832, 26888, 20646]	[38832, 26888, 20646]	3	3	3	3	1	1	NA
‎ Mississippi ICC	1	R	3	1888	0.372423	2	1790	2.842501	["‎", " Mississippi", " ICC"]	[48261, 13797, 32300]	-0.00705	0	0.11632	0	-0.000821	0	0.910134	2	-0.054077	2	2.470079	1	2.842501	2	0.239423	0	2.36087	0	‎ Mississippi	1888	0.372422	1	cold_38	it was cold	38	D_RANDOM_TOKEN	0	34	it was cold	[270, 373, 4692]	[48261, 13797, 32300]	[48261, 13797, 32300]	3	3	3	3	1	1	NA
 Aeg confession millionaire	1	R	3	1888	0.621817	1	1790	3.300004	[" Aeg", " confession", " millionaire"]	[33821, 24250, 45172]	-0.00705	0	0.11632	0	-0.000821	0	0.564147	1	-0.045994	2	2.678187	1	3.300004	1	0.239423	0	2.36087	0	 Aeg	1888	0.621817	1	cold_38	it was cold	38	D_RANDOM_TOKEN	0	35	it was cold	[270, 373, 4692]	[33821, 24250, 45172]	[33821, 24250, 45172]	3	3	3	3	1	1	NA
 Clover fuckovan	1	R	3	1888	0.329366	1	1790	3.144641	[" Clover", " fuck", "ovan"]	[41154, 5089, 22590]	-0.00705	0	0.11632	0	1.735056	3	1.242833	1	-0.095996	2	2.815275	1	3.144641	1	0.239423	0	2.36087	0	 Clover	1888	0.329367	1	cold_38	it was cold	38	D_RANDOM_TOKEN	0	36	it was cold	[270, 373, 4692]	[41154, 5089, 22590]	[41154, 5089, 22590]	3	3	3	3	1	1	NA
 Niñoollokemon	1	R	3	1888	0.491527	1	1942	3.21049	[" Niño", "oll", "okemon"]	[47931, 692, 12717]	-0.00705	0	0.11632	0	0.352787	3	0.595295	1	-0.114425	2	2.414638	2	3.21049	1	0.239423	0	2.36087	0	 Niño	1888	0.849621	1	cold_38	it was cold	38	D_RANDOM_TOKEN	0	37	it was cold	[270, 373, 4692]	[47931, 692, 12717]	[47931, 692, 12717]	3	3	3	3	1	1	NA
arieograpiverse	1	R	3	1888	0.211957	1	2256	2.572827	["arie", "ograp", "iverse"]	[49173, 7113, 3997]	-0.00705	0	0.11632	0	1.147542	3	-0.009515	3	-0.11929	2	2.256779	1	2.572827	1	0.239423	0	2.36087	0	arie	1888	0.211958	1	cold_38	it was cold	38	D_RANDOM_TOKEN	0	38	it was cold	[270, 373, 4692]	[49173, 7113, 3997]	[49173, 7113, 3997]	3	3	3	3	1	1	NA
Drugendi plans	1	R	3	1888	0.049393	1	1790	3.036424	["Drug", "endi", " plans"]	[37943, 43109, 3352]	0.028225	1	0.11632	0	-0.000821	0	-0.001804	2	0.053563	1	2.987031	2	3.036424	1	0.239423	0	2.36087	0	Drug	1888	0.675554	1	cold_38	it was cold	38	D_RANDOM_TOKEN	0	39	it was cold	[270, 373, 4692]	[37943, 43109, 3352]	[37943, 43109, 3352]	3	3	3	3	1	1	NA
 certification Dent stressed	1	R	3	1790	0.10827	1	1888	3.480675	[" certification", " Dent", " stressed"]	[18094, 39078, 15033]	-0.00705	0	0.11632	0	-0.000821	0	1.732841	1	-0.052498	3	3.480675	1	3.372404	1	0.239423	0	2.36087	0	 certification	1790	0.108271	1	cold_38	it was cold	38	D_RANDOM_TOKEN	0	40	it was cold	[270, 373, 4692]	[18094, 39078, 15033]	[18094, 39078, 15033]	3	3	3	3	1	1	NA
 DISTRICTYour523	1	R	3	1888	1.410833	1	1790	3.855896	[" DISTRICT", "Your", "523"]	[45057, 7120, 49803]	-0.000821	3	0.11632	0	-0.000821	0	0.680722	1	-0.103564	3	2.445063	1	3.855896	1	0.239423	0	2.36087	0	 DISTRICT	1888	1.410833	1	cold_38	it was cold	38	D_RANDOM_TOKEN	0	41	it was cold	[270, 373, 4692]	[45057, 7120, 49803]	[45057, 7120, 49803]	3	3	3	3	1	1	NA
 keyboardszer hardest	1	R	3	1790	0.023066	1	1888	2.745059	[" keyboards", "zer", " hardest"]	[34512, 9107, 17612]	-0.00705	0	0.11632	0	0.949385	2	1.080156	1	1.041963	2	2.745059	1	2.721993	1	0.239423	0	2.36087	0	 keyboards	1790	0.023066	1	cold_38	it was cold	38	D_RANDOM_TOKEN	0	42	it was cold	[270, 373, 4692]	[34512, 9107, 17612]	[34512, 9107, 17612]	3	3	3	3	1	1	NA
 subsidies creep spread	1	R	3	1888	0.581188	1	1790	3.310504	[" subsidies", " creep", " spread"]	[16230, 13972, 4104]	-0.00705	0	0.11632	0	-0.000821	0	1.659113	1	0.013416	1	2.729316	1	3.310504	1	0.239423	0	2.36087	0	 subsidies	1888	0.581187	1	cold_38	it was cold	38	D_RANDOM_TOKEN	0	43	it was cold	[270, 373, 4692]	[16230, 13972, 4104]	[16230, 13972, 4104]	3	3	3	3	1	1	NA
 due goldinion	1	R	3	1888	0.235069	1	1790	3.053765	[" due", " gold", "inion"]	[2233, 3869, 23971]	-0.00705	0	0.11632	0	2.654539	3	2.166233	1	-0.047084	3	2.818696	3	3.053765	1	0.239423	0	2.36087	0	 due	1888	0.501412	1	cold_38	it was cold	38	D_RANDOM_TOKEN	0	44	it was cold	[270, 373, 4692]	[2233, 3869, 23971]	[2233, 3869, 23971]	3	3	3	3	1	1	NA
Murmedia lately	1	R	3	1888	0.577242	1	1790	3.201457	["Mur", "media", " lately"]	[23830, 11431, 16537]	-0.00705	0	0.11632	0	-0.000821	0	-0.025821	2	-0.010919	3	2.624215	1	3.201457	1	0.239423	0	2.36087	0	Mur	1888	0.577242	1	cold_38	it was cold	38	D_RANDOM_TOKEN	0	45	it was cold	[270, 373, 4692]	[23830, 11431, 16537]	[23830, 11431, 16537]	3	3	3	3	1	1	NA
 Corker 25 appearance	1	R	3	1888	0.693646	1	1790	3.230897	[" Corker", " 25", " appearance"]	[44421, 1679, 5585]	-0.001531	2	0.11632	0	-0.000821	0	0.519789	1	-0.039055	3	2.537251	1	3.230897	1	0.239423	0	2.36087	0	 Corker	1888	0.693645	1	cold_38	it was cold	38	D_RANDOM_TOKEN	0	46	it was cold	[270, 373, 4692]	[44421, 1679, 5585]	[44421, 1679, 5585]	3	3	3	3	1	1	NA
 decent traditional doing	1	R	3	1888	0.935345	1	464	3.542055	[" decent", " traditional", " doing"]	[7709, 4569, 1804]	-0.00705	0	0.11632	0	-0.000821	0	2.60671	1	-0.058509	1	2.385275	1	3.542055	1	0.239423	0	2.36087	0	 decent	1888	0.935344	1	cold_38	it was cold	38	D_RANDOM_TOKEN	0	47	it was cold	[270, 373, 4692]	[7709, 4569, 1804]	[7709, 4569, 1804]	3	3	3	3	1	1	NA
 photanism aff	1	R	3	1888	1.342273	1	1790	3.95008	[" phot", "anism", " aff"]	[2825, 48162, 1527]	-0.00705	0	0.11632	0	0.566704	3	1.630577	1	-0.044357	2	2.607807	2	3.95008	1	0.239423	0	2.36087	0	 phot	1888	1.527186	1	cold_38	it was cold	38	D_RANDOM_TOKEN	0	48	it was cold	[270, 373, 4692]	[2825, 48162, 1527]	[2825, 48162, 1527]	3	3	3	3	1	1	NA
emer2002 Dallas	1	R	3	1790	0.157902	1	1888	2.998484	["emer", "2002", " Dallas"]	[24677, 16942, 8533]	-0.00705	0	0.11632	0	1.730437	2	-0.006519	2	-0.013069	3	2.998484	1	2.840582	1	0.239423	0	2.36087	0	emer	1790	0.157902	1	cold_38	it was cold	38	D_RANDOM_TOKEN	0	49	it was cold	[270, 373, 4692]	[24677, 16942, 8533]	[24677, 16942, 8533]	3	3	3	3	1	1	NA
 Evil downgrade interactions	1	R	3	1888	0.479095	1	1790	3.113115	[" Evil", " downgrade", " interactions"]	[10461, 48514, 12213]	-0.00705	0	0.11632	0	-0.000821	0	1.244264	1	-0.096595	2	2.63402	1	3.113115	1	0.239423	0	2.36087	0	 Evil	1888	0.479094	1	cold_38	it was cold	38	D_RANDOM_TOKEN	0	50	it was cold	[270, 373, 4692]	[10461, 48514, 12213]	[10461, 48514, 12213]	3	3	3	3	1	1	NA
 Kelley dope s	1	R	3	2874	0.054505	3	1888	3.513336	[" Kelley", " dope", " s"]	[34560, 45654, 264]	-0.00705	0	0.11632	0	0.12911	3	0.772941	1	-0.098159	2	2.948135	2	3.458831	2	0.239423	0	2.36087	0	 Kelley dope s	2874	0.054505	1	cold_38	it was cold	38	D_RANDOM_TOKEN	0	51	it was cold	[270, 373, 4692]	[34560, 45654, 264]	[34560, 45654, 264]	3	3	3	3	1	1	NA
 141 favoured road	1	R	3	1888	0.867298	1	1371	3.590823	[" 141", " favoured", " road"]	[25500, 38931, 2975]	-0.00705	0	0.11632	0	-0.000821	0	1.136738	1	-0.077824	2	2.341542	1	3.590823	1	0.239423	0	2.36087	0	 141	1888	1.229954	1	cold_38	it was cold	38	D_RANDOM_TOKEN	0	52	it was cold	[270, 373, 4692]	[25500, 38931, 2975]	[25500, 38931, 2975]	3	3	3	3	1	1	NA
 Making encouraged shows	1	R	3	1888	0.572914	1	2256	2.933784	[" Making", " encouraged", " shows"]	[16427, 10085, 2523]	-0.006858	3	0.11632	0	-0.000821	0	1.349741	1	-0.027042	2	2.335522	1	2.933784	1	0.239423	0	2.36087	0	 Making	1888	0.572914	1	cold_38	it was cold	38	D_RANDOM_TOKEN	0	53	it was cold	[270, 373, 4692]	[16427, 10085, 2523]	[16427, 10085, 2523]	3	3	3	3	1	1	NA
 E Remastered Dude	1	R	3	1888	0.770089	1	1790	3.777271	[" E", " Remastered", " Dude"]	[412, 22773, 40628]	-0.00705	0	0.11632	0	-0.000821	0	0.914031	1	-0.06384	2	3.007182	3	3.777271	1	0.239423	0	2.36087	0	 E	1888	1.13972	1	cold_38	it was cold	38	D_RANDOM_TOKEN	0	54	it was cold	[270, 373, 4692]	[412, 22773, 40628]	[412, 22773, 40628]	3	3	3	3	1	1	NA
 Pyramid chilly Asheville	1	R	3	1888	1.291423	1	1790	3.869293	[" Pyramid", " chilly", " Asheville"]	[41450, 49018, 49362]	-0.00705	0	0.392958	2	-0.000821	0	1.613025	1	-0.044695	3	2.57787	1	3.869293	1	0.439867	2	2.36087	0	 Pyramid	1888	1.291423	1	cold_38	it was cold	38	D_RANDOM_TOKEN	0	55	it was cold	[270, 373, 4692]	[41450, 49018, 49362]	[41450, 49018, 49362]	3	3	3	3	1	1	NA
Two1999ondo	1	R	3	1888	0.896439	1	1790	3.42863	["Two", "1999", "ondo"]	[7571, 18946, 22311]	-0.00705	0	0.11632	0	0.24312	3	-0.000534	2	-0.052409	1	2.532191	3	3.42863	1	0.239423	0	2.36087	0	Two	1888	1.067761	1	cold_38	it was cold	38	D_RANDOM_TOKEN	0	56	it was cold	[270, 373, 4692]	[7571, 18946, 22311]	[7571, 18946, 22311]	3	3	3	3	1	1	NA
 pawnfab embryos	1	R	3	1888	0.178118	1	1790	3.757629	[" pawn", "fab", " embryos"]	[29649, 36434, 39966]	-0.00705	0	0.11632	0	1.39076	2	1.081559	1	-0.085192	3	3.579511	1	3.757629	1	0.239423	0	2.36087	0	 pawn	1888	0.178118	1	cold_38	it was cold	38	D_RANDOM_TOKEN	0	57	it was cold	[270, 373, 4692]	[29649, 36434, 39966]	[29649, 36434, 39966]	3	3	3	3	1	1	NA
 clitor numbers Unless	1	R	3	1790	0.130065	2	1888	3.239123	[" clitor", " numbers", " Unless"]	[48852, 3146, 17486]	-0.00705	0	0.11632	0	-0.000821	0	1.204417	1	-0.058774	3	3.239123	2	3.109058	1	0.239423	0	2.36087	0	 clitor numbers	1790	0.130065	1	cold_38	it was cold	38	D_RANDOM_TOKEN	0	58	it was cold	[270, 373, 4692]	[48852, 3146, 17486]	[48852, 3146, 17486]	3	3	3	3	1	1	NA
 529 potionGirls	1	R	3	1888	1.130567	1	1790	3.629982	[" 529", " potion", "Girls"]	[49888, 26572, 41044]	-0.00705	0	0.11632	0	-0.000821	0	0.485019	1	-0.104662	3	2.499415	2	3.629982	1	0.239423	0	2.36087	0	 529	1888	1.250491	1	cold_38	it was cold	38	D_RANDOM_TOKEN	0	59	it was cold	[270, 373, 4692]	[49888, 26572, 41044]	[49888, 26572, 41044]	3	3	3	3	1	1	NA
behavior innocent stereotype	1	R	3	1790	0.107486	1	1888	2.854788	["behavior", " innocent", " stereotype"]	[46571, 10218, 31240]	-0.00705	0	0.11632	0	0.46065	2	0.034536	1	-0.018339	2	2.854788	1	2.747302	1	0.239423	0	2.36087	0	behavior	1790	0.107486	1	cold_38	it was cold	38	D_RANDOM_TOKEN	0	60	it was cold	[270, 373, 4692]	[46571, 10218, 31240]	[46571, 10218, 31240]	3	3	3	3	1	1	NA
dry was cold	1	R	3	1888	0.475953	1	2467	3.108399	["dry", " was", " cold"]	[39140, 373, 4692]	-0.00705	0	1.919468	3	0.472219	1	-0.033355	0	-0.027198	2	2.181001	2	3.108399	1	1.207857	3	2.36087	0	dry	1888	0.475954	1	cold_38	it was cold	38	C_LOCAL	1	1	it was cold	[270, 373, 4692]	[39140, 373, 4692]	[39140, 373, 4692]	3	3	1	1	1	1	0
it was unemploy	1	R	3	1888	0.417732	3	1790	2.864224	["it", " was", " unemploy"]	[270, 373, 8707]	-0.00705	0	0.664959	2	0.169025	1	0.163932	1	-0.006815	2	2.446493	3	2.864224	3	0.239423	0	2.36087	0	it was unemploy	1888	0.417732	1	cold_38	it was cold	38	C_LOCAL	1	2	it was cold	[270, 373, 4692]	[270, 373, 8707]	[270, 373, 8707]	3	3	1	1	1	1	2
it660 cold	1	R	3	1888	0.301667	1	2256	2.662537	["it", "660", " cold"]	[270, 39885, 4692]	-0.00705	0	0.853832	3	0.734768	3	0.163932	1	-0.036906	3	2.016331	1	2.662537	1	0.239423	0	2.36087	0	it	1888	0.301667	1	cold_38	it was cold	38	C_LOCAL	1	3	it was cold	[270, 373, 4692]	[270, 39885, 4692]	[270, 39885, 4692]	3	3	1	1	1	1	1
it was cris	1	R	3	1888	0.301667	1	2256	2.662537	["it", " was", " cris"]	[270, 373, 4442]	-0.00705	0	0.664959	2	0.638763	3	0.163932	1	-0.006815	2	2.016331	1	2.662537	1	0.439292	3	2.36087	0	it	1888	0.301667	1	cold_38	it was cold	38	C_LOCAL	1	4	it was cold	[270, 373, 4692]	[270, 373, 4442]	[270, 373, 4442]	3	3	1	1	1	1	2
it was//	1	R	3	1790	0.443178	3	1888	3.105715	["it", " was", "//"]	[270, 373, 1003]	-0.00705	0	1.150239	3	0.169025	1	0.163932	1	-0.006815	2	3.105715	3	2.662537	1	0.239423	0	2.36087	0	it was//	1790	0.443178	1	cold_38	it was cold	38	C_LOCAL	1	5	it was cold	[270, 373, 4692]	[270, 373, 1003]	[270, 373, 1003]	3	3	1	1	1	1	2
itotyp cold	1	R	3	1888	0.301667	1	2256	2.662537	["it", "otyp", " cold"]	[270, 17183, 4692]	-0.00705	0	0.37712	3	1.1184	2	0.163932	1	-0.043718	3	2.016331	1	2.662537	1	0.239423	0	2.36087	0	it	1888	0.301667	1	cold_38	it was cold	38	C_LOCAL	1	6	it was cold	[270, 373, 4692]	[270, 17183, 4692]	[270, 17183, 4692]	3	3	1	1	1	1	1
it was infinite	1	R	3	1888	0.301667	1	2256	2.662537	["it", " was", " infinite"]	[270, 373, 15541]	-0.00705	0	0.664959	2	0.169025	1	0.163932	1	-0.006815	2	2.016331	1	2.662537	1	0.239423	0	2.36087	0	it	1888	0.301667	1	cold_38	it was cold	38	C_LOCAL	1	7	it was cold	[270, 373, 4692]	[270, 373, 15541]	[270, 373, 15541]	3	3	1	1	1	1	2
speak was cold	1	R	3	1790	0.17972	1	2256	2.54059	["speak", " was", " cold"]	[47350, 373, 4692]	0.335862	1	2.091158	3	-0.000821	0	0.216951	1	-0.059004	3	2.54059	1	2.058482	1	1.074409	3	2.36087	0	speak	1790	0.17972	1	cold_38	it was cold	38	C_LOCAL	1	8	it was cold	[270, 373, 4692]	[47350, 373, 4692]	[47350, 373, 4692]	3	3	1	1	1	1	0
itQuestions cold	1	R	3	1888	0.301667	1	2256	2.662537	["it", "Questions", " cold"]	[270, 35741, 4692]	-0.00705	0	1.127415	3	1.261598	3	0.163932	1	-0.069173	1	2.016331	1	2.662537	1	0.239423	0	2.36087	0	it	1888	0.301667	1	cold_38	it was cold	38	C_LOCAL	1	9	it was cold	[270, 373, 4692]	[270, 35741, 4692]	[270, 35741, 4692]	3	3	1	1	1	1	1
it was figur	1	R	3	1888	0.490621	3	2256	2.851491	["it", " was", " figur"]	[270, 373, 31474]	-0.00705	0	0.664959	2	0.169025	1	0.163932	1	-0.006815	2	2.17471	3	2.851491	3	0.239423	0	2.36087	0	it was figur	1888	0.490621	1	cold_38	it was cold	38	C_LOCAL	1	10	it was cold	[270, 373, 4692]	[270, 373, 31474]	[270, 373, 31474]	3	3	1	1	1	1	2
itTAG cold	1	R	3	1888	0.301667	1	2256	2.662537	["it", "TAG", " cold"]	[270, 42197, 4692]	-0.00705	0	0.548679	3	1.049189	3	0.163932	1	-0.006022	3	2.180641	2	2.662537	1	0.239423	0	2.36087	0	it	1888	0.301667	1	cold_38	it was cold	38	C_LOCAL	1	11	it was cold	[270, 373, 4692]	[270, 42197, 4692]	[270, 42197, 4692]	3	3	1	1	1	1	1
 drones was cold	1	R	3	1888	0.4201	1	2761	3.359246	[" drones", " was", " cold"]	[15382, 373, 4692]	-0.003875	1	1.50317	3	-0.000821	0	0.381853	1	-0.040653	1	2.564349	1	3.359246	1	1.075087	3	2.36087	0	 drones	1888	0.794899	1	cold_38	it was cold	38	C_LOCAL	1	12	it was cold	[270, 373, 4692]	[15382, 373, 4692]	[15382, 373, 4692]	3	3	1	1	1	1	0
it was collective	1	R	3	1888	0.301667	1	2256	2.662537	["it", " was", " collective"]	[270, 373, 10098]	-0.00705	0	0.664959	2	0.169025	1	0.163932	1	-0.006815	2	2.016331	1	2.662537	1	0.367327	3	2.36087	0	it	1888	0.301667	1	cold_38	it was cold	38	C_LOCAL	1	13	it was cold	[270, 373, 4692]	[270, 373, 10098]	[270, 373, 10098]	3	3	1	1	1	1	2
it wasalan	1	R	3	1888	0.293592	1	281	2.662537	["it", " was", "alan"]	[270, 373, 25786]	-0.0006	3	0.664959	2	2.368945	3	0.163932	1	-0.006815	2	2.016331	1	2.662537	1	0.239423	0	2.36087	0	it	1888	0.301667	1	cold_38	it was cold	38	C_LOCAL	1	14	it was cold	[270, 373, 4692]	[270, 373, 25786]	[270, 373, 25786]	3	3	1	1	1	1	2
it wasute	1	R	3	1888	0.301667	1	2256	2.662537	["it", " was", "ute"]	[270, 373, 1133]	-0.00705	0	0.664959	2	0.169025	1	0.163932	1	0.227884	3	2.016331	1	2.662537	1	0.239423	0	2.36087	0	it	1888	0.301667	1	cold_38	it was cold	38	C_LOCAL	1	15	it was cold	[270, 373, 4692]	[270, 373, 1133]	[270, 373, 1133]	3	3	1	1	1	1	2
it was adop	1	R	3	8	0.766135	3	1888	3.436969	["it", " was", " adop"]	[270, 373, 4344]	-0.00705	0	0.664959	2	0.414515	3	0.163932	1	-0.006815	2	2.136806	3	2.670834	3	0.239423	0	2.36087	0	it was adop	8	0.766135	1	cold_38	it was cold	38	C_LOCAL	1	16	it was cold	[270, 373, 4692]	[270, 373, 4344]	[270, 373, 4344]	3	3	1	1	1	1	2
 quotations was cold	1	R	3	2761	0.027456	3	1790	2.886231	[" quotations", " was", " cold"]	[50056, 373, 4692]	-0.00705	0	1.782504	3	-0.000821	0	1.563435	1	-0.049539	3	2.858775	1	2.704373	1	1.17788	3	2.36087	0	 quotations was cold	2761	0.027456	1	cold_38	it was cold	38	C_LOCAL	1	17	it was cold	[270, 373, 4692]	[50056, 373, 4692]	[50056, 373, 4692]	3	3	1	1	1	1	0
it was eyes	1	R	3	1888	0.301667	1	2256	2.662537	["it", " was", " eyes"]	[270, 373, 2951]	-0.00705	0	1.050185	3	0.423273	3	0.163932	1	-0.006815	2	2.026338	3	2.662537	1	0.239423	0	2.36087	0	it	1888	0.301667	1	cold_38	it was cold	38	C_LOCAL	1	18	it was cold	[270, 373, 4692]	[270, 373, 2951]	[270, 373, 2951]	3	3	1	1	1	1	2
it 2017 cold	1	R	3	1888	0.301667	1	2256	2.662537	["it", " 2017", " cold"]	[270, 2177, 4692]	-0.00705	0	1.206869	3	0.991148	2	0.163932	1	-0.007133	2	2.016331	1	2.662537	1	0.239423	0	2.36087	0	it	1888	0.301667	1	cold_38	it was cold	38	C_LOCAL	1	19	it was cold	[270, 373, 4692]	[270, 2177, 4692]	[270, 2177, 4692]	3	3	1	1	1	1	1
it wrongly cold	1	R	3	1594	0.52476	2	1888	3.187298	["it", " wrongly", " cold"]	[270, 31238, 4692]	-0.00705	0	1.311791	3	0.169025	1	0.163932	1	-0.010526	2	2.016331	1	2.662537	1	0.393468	3	2.36087	0	it wrongly	1594	0.524761	1	cold_38	it was cold	38	C_LOCAL	1	20	it was cold	[270, 373, 4692]	[270, 31238, 4692]	[270, 31238, 4692]	3	3	1	1	1	1	1
it was gratification	1	R	3	1888	0.301667	1	2256	2.662537	["it", " was", " gratification"]	[270, 373, 47459]	-0.00705	0	0.664959	2	0.169025	1	0.163932	1	-0.006815	2	2.016331	1	2.662537	1	0.239423	0	2.36087	0	it	1888	0.301667	1	cold_38	it was cold	38	C_LOCAL	1	21	it was cold	[270, 373, 4692]	[270, 373, 47459]	[270, 373, 47459]	3	3	1	1	1	1	2
it Vaughn cold	1	R	3	1888	0.301667	1	2256	2.662537	["it", " Vaughn", " cold"]	[270, 47151, 4692]	-0.00705	0	1.307146	3	0.441953	3	0.163932	1	-0.031651	3	2.016331	1	2.662537	1	0.239423	0	2.36087	0	it	1888	0.301667	1	cold_38	it was cold	38	C_LOCAL	1	22	it was cold	[270, 373, 4692]	[270, 47151, 4692]	[270, 47151, 4692]	3	3	1	1	1	1	1
it alleging cold	1	R	3	1888	0.301667	1	2256	2.662537	["it", " alleging", " cold"]	[270, 26116, 4692]	-0.004324	2	0.11632	0	0.169025	1	0.163932	1	-0.011705	2	2.016331	1	2.662537	1	0.239423	0	2.36087	0	it	1888	0.301667	1	cold_38	it was cold	38	C_LOCAL	1	23	it was cold	[270, 373, 4692]	[270, 26116, 4692]	[270, 26116, 4692]	3	3	1	1	1	1	1
it was 272	1	R	3	1888	0.301667	1	2256	2.662537	["it", " was", " 272"]	[270, 373, 38107]	-0.00705	0	1.129079	3	0.169025	1	0.163932	1	-0.006815	2	2.016331	1	2.662537	1	0.239423	0	2.36087	0	it	1888	0.301667	1	cold_38	it was cold	38	C_LOCAL	1	24	it was cold	[270, 373, 4692]	[270, 373, 38107]	[270, 373, 38107]	3	3	1	1	1	1	2
itemen cold	1	R	3	1888	0.301667	1	2256	2.662537	["it", "emen", " cold"]	[270, 8952, 4692]	-0.00705	0	0.611873	3	1.73249	2	0.163932	1	-0.069173	1	2.024525	2	2.662537	1	0.239423	0	2.36087	0	it	1888	0.301667	1	cold_38	it was cold	38	C_LOCAL	1	25	it was cold	[270, 373, 4692]	[270, 8952, 4692]	[270, 8952, 4692]	3	3	1	1	1	1	1
it guns cold	1	R	3	1888	0.375843	2	2256	2.736713	["it", " guns", " cold"]	[270, 6541, 4692]	-0.00705	0	1.364373	3	0.406209	3	0.163932	1	-0.069173	1	2.016331	1	2.736713	2	0.239423	0	2.36087	0	it guns	1888	0.375843	1	cold_38	it was cold	38	C_LOCAL	1	26	it was cold	[270, 373, 4692]	[270, 6541, 4692]	[270, 6541, 4692]	3	3	1	1	1	1	1
 Centre was cold	1	R	3	1888	0.839679	1	2761	4.001096	[" Centre", " was", " cold"]	[9072, 373, 4692]	-0.003877	1	1.154539	3	-0.000821	0	1.881568	1	-0.060133	3	2.229214	1	4.001096	1	1.129414	3	2.36087	0	 Centre	1888	1.640225	1	cold_38	it was cold	38	C_LOCAL	1	27	it was cold	[270, 373, 4692]	[9072, 373, 4692]	[9072, 373, 4692]	3	3	1	1	1	1	0
itighty cold	1	R	3	1888	0.301667	1	2256	2.662537	["it", "ighty", " cold"]	[270, 14400, 4692]	-0.00705	0	1.469924	3	1.492261	2	0.163932	1	-0.034662	2	2.016331	1	2.662537	1	0.802212	3	2.36087	0	it	1888	0.301667	1	cold_38	it was cold	38	C_LOCAL	1	28	it was cold	[270, 373, 4692]	[270, 14400, 4692]	[270, 14400, 4692]	3	3	1	1	1	1	1
it Fulton cold	1	R	3	1888	0.308806	2	2256	2.669676	["it", " Fulton", " cold"]	[270, 44373, 4692]	-0.00705	0	1.01519	3	0.169025	1	0.163932	1	-0.008661	2	2.160802	2	2.669676	2	0.239423	0	2.36087	0	it Fulton	1888	0.308807	1	cold_38	it was cold	38	C_LOCAL	1	29	it was cold	[270, 373, 4692]	[270, 44373, 4692]	[270, 44373, 4692]	3	3	1	1	1	1	1
it debilitating cold	1	R	3	1888	0.301667	1	2256	2.662537	["it", " debilitating", " cold"]	[270, 41378, 4692]	-0.00705	0	0.76354	3	0.169025	1	0.163932	1	-0.030618	3	2.151567	2	2.662537	1	0.716032	2	2.36087	0	it	1888	0.301667	1	cold_38	it was cold	38	C_LOCAL	1	30	it was cold	[270, 373, 4692]	[270, 41378, 4692]	[270, 41378, 4692]	3	3	1	1	1	1	1
it ADD cold	1	R	3	858	0.174299	2	1888	2.836837	["it", " ADD", " cold"]	[270, 27841, 4692]	-0.00705	0	1.389513	3	0.169025	1	0.163932	1	-0.025454	2	2.361191	2	2.662537	1	0.438234	3	2.36087	0	it ADD	858	0.174301	1	cold_38	it was cold	38	C_LOCAL	1	31	it was cold	[270, 373, 4692]	[270, 27841, 4692]	[270, 27841, 4692]	3	3	1	1	1	1	1
it wasfried	1	R	3	1888	0.301667	1	2256	2.662537	["it", " was", "fried"]	[270, 373, 25520]	-0.00705	0	0.664959	2	1.379337	3	0.163932	1	-0.006815	2	2.016331	1	2.662537	1	0.239423	0	2.36087	0	it	1888	0.301667	1	cold_38	it was cold	38	C_LOCAL	1	32	it was cold	[270, 373, 4692]	[270, 373, 25520]	[270, 373, 25520]	3	3	1	1	1	1	2
it waslance	1	R	3	1888	0.301667	1	2256	2.662537	["it", " was", "lance"]	[270, 373, 23215]	-0.00705	0	0.664959	2	1.252302	3	0.163932	1	-0.006815	2	2.016331	1	2.662537	1	0.239423	0	2.36087	0	it	1888	0.301667	1	cold_38	it was cold	38	C_LOCAL	1	33	it was cold	[270, 373, 4692]	[270, 373, 23215]	[270, 373, 23215]	3	3	1	1	1	1	2
it was GPL	1	R	3	1888	0.352505	3	2256	2.713375	["it", " was", " GPL"]	[270, 373, 38644]	-0.00705	0	0.664959	2	0.169025	1	0.163932	1	-0.006815	2	2.073563	3	2.713375	3	0.239423	0	2.36087	0	it was GPL	1888	0.352505	1	cold_38	it was cold	38	C_LOCAL	1	34	it was cold	[270, 373, 4692]	[270, 373, 38644]	[270, 373, 38644]	3	3	1	1	1	1	2
it squarely cold	1	R	3	1594	0.630131	2	1888	3.292669	["it", " squarely", " cold"]	[270, 38590, 4692]	-0.00705	0	2.084674	3	0.169025	1	0.163932	1	-0.003698	2	2.37553	2	2.662537	1	0.829915	3	2.36087	0	it squarely	1594	0.630131	1	cold_38	it was cold	38	C_LOCAL	1	35	it was cold	[270, 373, 4692]	[270, 38590, 4692]	[270, 38590, 4692]	3	3	1	1	1	1	1
ilib was cold	1	R	3	1888	0.764419	1	2761	3.558611	["ilib", " was", " cold"]	[22282, 373, 4692]	-0.00705	0	1.082943	3	0.969317	1	-0.033355	0	-0.046282	3	2.623707	1	3.558611	1	1.231864	3	2.36087	0	ilib	1888	0.934904	1	cold_38	it was cold	38	C_LOCAL	1	36	it was cold	[270, 373, 4692]	[22282, 373, 4692]	[22282, 373, 4692]	3	3	1	1	1	1	0
it wasober	1	R	3	1888	0.301667	1	2256	2.662537	["it", " was", "ober"]	[270, 373, 2023]	-0.00705	0	0.664959	2	1.149866	3	0.163932	1	-0.006815	2	2.016331	1	2.662537	1	0.239423	0	2.36087	0	it	1888	0.301667	1	cold_38	it was cold	38	C_LOCAL	1	37	it was cold	[270, 373, 4692]	[270, 373, 2023]	[270, 373, 2023]	3	3	1	1	1	1	2
itVarious cold	1	R	3	1888	0.301667	1	2256	2.662537	["it", "Various", " cold"]	[270, 40009, 4692]	-0.00705	0	0.265801	3	0.169025	1	0.163932	1	-0.052207	2	2.213396	3	2.662537	1	0.239423	0	2.36087	0	it	1888	0.301667	1	cold_38	it was cold	38	C_LOCAL	1	38	it was cold	[270, 373, 4692]	[270, 40009, 4692]	[270, 40009, 4692]	3	3	1	1	1	1	1
it was ceilings	1	R	3	1888	0.301667	1	2256	2.662537	["it", " was", " ceilings"]	[270, 373, 45926]	-0.00617	3	0.664959	2	0.169025	1	0.163932	1	-0.006815	2	2.016331	1	2.662537	1	0.239423	0	2.36087	0	it	1888	0.301667	1	cold_38	it was cold	38	C_LOCAL	1	39	it was cold	[270, 373, 4692]	[270, 373, 45926]	[270, 373, 45926]	3	3	1	1	1	1	2
STRUCT was cold	1	R	3	1888	0.135091	1	2761	2.864474	["STRUCT", " was", " cold"]	[46126, 373, 4692]	0.836469	1	1.886819	3	-0.000821	0	-0.033355	0	-0.042287	3	1.801566	1	2.864474	1	1.007628	3	2.36087	0	STRUCT	1888	0.503604	1	cold_38	it was cold	38	C_LOCAL	1	40	it was cold	[270, 373, 4692]	[46126, 373, 4692]	[46126, 373, 4692]	3	3	1	1	1	1	0
it)=( cold	1	R	3	464	0.194996	3	2397	2.919313	["it", ")=(", " cold"]	[270, 35793, 4692]	0.048988	3	0.240977	3	1.177254	3	2.919313	3	-0.069173	1	2.016331	1	2.662537	1	0.239423	0	2.36087	0	it)=( cold	464	0.194996	1	cold_38	it was cold	38	C_LOCAL	1	41	it was cold	[270, 373, 4692]	[270, 35793, 4692]	[270, 35793, 4692]	3	3	1	1	1	1	1
it was crow	1	R	3	1888	0.616556	3	2256	2.977426	["it", " was", " crow"]	[270, 373, 37593]	-0.00705	0	0.664959	2	0.310885	3	0.163932	1	-0.006815	2	2.03936	3	2.977426	3	0.239423	0	2.36087	0	it was crow	1888	0.616556	1	cold_38	it was cold	38	C_LOCAL	1	42	it was cold	[270, 373, 4692]	[270, 373, 37593]	[270, 373, 37593]	3	3	1	1	1	1	2
pleting was cold	1	R	3	1790	0.264744	1	1888	3.036643	["pleting", " was", " cold"]	[47130, 373, 4692]	-0.00705	0	1.421065	3	-0.000821	0	0.302368	1	-0.051679	2	3.036643	1	2.771899	1	0.885227	3	2.36087	0	pleting	1790	0.264744	1	cold_38	it was cold	38	C_LOCAL	1	43	it was cold	[270, 373, 4692]	[47130, 373, 4692]	[47130, 373, 4692]	3	3	1	1	1	1	0
it was singer	1	R	3	484	0.03757	3	1888	2.897572	["it", " was", " singer"]	[270, 373, 14015]	-0.00705	0	0.664959	2	0.675443	3	0.163932	1	-0.006815	2	2.016331	1	2.860002	3	0.239423	0	2.36087	0	it was singer	484	0.03757	1	cold_38	it was cold	38	C_LOCAL	1	44	it was cold	[270, 373, 4692]	[270, 373, 14015]	[270, 373, 14015]	3	3	1	1	1	1	2
it was collaborators	1	R	3	1888	0.301667	1	2256	2.662537	["it", " was", " collaborators"]	[270, 373, 37886]	-0.00705	0	0.664959	2	0.169025	1	0.163932	1	-0.006815	2	2.016331	1	2.662537	1	0.239423	0	2.36087	0	it	1888	0.301667	1	cold_38	it was cold	38	C_LOCAL	1	45	it was cold	[270, 373, 4692]	[270, 373, 37886]	[270, 373, 37886]	3	3	1	1	1	1	2
itathetic cold	1	R	3	1888	0.301667	1	2256	2.662537	["it", "athetic", " cold"]	[270, 18874, 4692]	-0.00705	0	0.572526	3	0.242176	2	0.163932	1	-0.018287	3	2.016331	1	2.662537	1	0.543632	2	2.36087	0	it	1888	0.301667	1	cold_38	it was cold	38	C_LOCAL	1	46	it was cold	[270, 373, 4692]	[270, 18874, 4692]	[270, 18874, 4692]	3	3	1	1	1	1	1
 otherwise was cold	1	R	3	1790	0.292699	2	1888	2.821273	[" otherwise", " was", " cold"]	[4306, 373, 4692]	-0.00705	0	1.191218	3	-0.000821	0	1.029108	1	-0.11956	3	2.821273	2	2.528574	1	1.295675	3	2.36087	0	 otherwise was	1790	0.292699	1	cold_38	it was cold	38	C_LOCAL	1	47	it was cold	[270, 373, 4692]	[4306, 373, 4692]	[4306, 373, 4692]	3	3	1	1	1	1	0
it Harbour cold	1	R	3	1888	0.989418	2	1790	3.356414	["it", " Harbour", " cold"]	[270, 42177, 4692]	-0.00705	0	1.1714	3	0.169025	1	0.163932	1	-0.014887	3	2.366996	2	3.356414	2	0.239423	0	2.36087	0	it Harbour	1888	0.989418	1	cold_38	it was cold	38	C_LOCAL	1	48	it was cold	[270, 373, 4692]	[270, 42177, 4692]	[270, 42177, 4692]	3	3	1	1	1	1	1
it pulled cold	1	R	3	1888	0.301667	1	2256	2.662537	["it", " pulled", " cold"]	[270, 5954, 4692]	-0.006431	2	1.955639	3	0.169025	1	0.163932	1	-0.019403	2	2.016331	1	2.662537	1	0.825883	3	2.36087	0	it	1888	0.301667	1	cold_38	it was cold	38	C_LOCAL	1	49	it was cold	[270, 373, 4692]	[270, 5954, 4692]	[270, 5954, 4692]	3	3	1	1	1	1	1
it Commission cold	1	R	3	1888	0.584391	2	345	3.031364	["it", " Commission", " cold"]	[270, 4513, 4692]	-0.00705	0	0.36337	3	0.169025	1	0.163932	1	-0.034147	3	2.066152	2	3.031364	2	0.239423	0	2.36087	0	it Commission	1888	0.58439	1	cold_38	it was cold	38	C_LOCAL	1	50	it was cold	[270, 373, 4692]	[270, 4513, 4692]	[270, 4513, 4692]	3	3	1	1	1	1	1
it tempor cold	1	R	3	1888	0.480228	2	2256	2.841098	["it", " tempor", " cold"]	[270, 10042, 4692]	-0.00705	0	0.677679	3	0.169025	1	0.163932	1	-0.025984	3	2.119976	3	2.841098	2	0.239423	0	2.36087	0	it tempor	1888	0.480228	1	cold_38	it was cold	38	C_LOCAL	1	51	it was cold	[270, 373, 4692]	[270, 10042, 4692]	[270, 10042, 4692]	3	3	1	1	1	1	1
Default was cold	1	R	3	1888	0.176147	1	1790	2.847889	["Default", " was", " cold"]	[19463, 373, 4692]	0.015394	1	1.567405	3	-0.000821	0	-0.033355	0	-0.122657	0	2.671742	1	2.847889	1	0.962985	3	2.36087	0	Default	1888	0.176147	1	cold_38	it was cold	38	C_LOCAL	1	52	it was cold	[270, 373, 4692]	[19463, 373, 4692]	[19463, 373, 4692]	3	3	1	1	1	1	0
it freelance cold	1	R	3	1888	0.541209	2	1790	3.039313	["it", " freelance", " cold"]	[270, 27449, 4692]	-0.00705	0	0.634654	3	0.226689	3	0.163932	1	-0.01347	3	2.498104	2	3.039313	2	0.239423	0	2.36087	0	it freelance	1888	0.541209	1	cold_38	it was cold	38	C_LOCAL	1	53	it was cold	[270, 373, 4692]	[270, 27449, 4692]	[270, 27449, 4692]	3	3	1	1	1	1	1
chie was cold	1	R	3	1790	0.027911	1	1888	3.267667	["chie", " was", " cold"]	[3043, 373, 4692]	0.004583	1	1.533746	3	0.016244	3	0.028689	1	-0.067672	3	3.267667	1	3.239756	1	0.967781	3	2.36087	0	chie	1790	0.02791	1	cold_38	it was cold	38	C_LOCAL	1	54	it was cold	[270, 373, 4692]	[3043, 373, 4692]	[3043, 373, 4692]	3	3	1	1	1	1	0
it was interconnected	1	R	3	1888	0.301667	1	2256	2.662537	["it", " was", " interconnected"]	[270, 373, 40582]	-0.00705	0	0.664959	2	0.169025	1	0.163932	1	-0.006815	2	2.016331	1	2.662537	1	0.421173	3	2.36087	0	it	1888	0.301667	1	cold_38	it was cold	38	C_LOCAL	1	55	it was cold	[270, 373, 4692]	[270, 373, 40582]	[270, 373, 40582]	3	3	1	1	1	1	2
uously was cold	1	R	3	1790	0.016071	1	1594	3.330335	["uously", " was", " cold"]	[24987, 373, 4692]	-0.00705	0	1.565241	3	-0.000821	0	-0.033355	0	-0.074795	3	3.330335	1	3.036618	1	1.357603	3	2.36087	0	uously	1790	0.01607	1	cold_38	it was cold	38	C_LOCAL	1	56	it was cold	[270, 373, 4692]	[24987, 373, 4692]	[24987, 373, 4692]	3	3	1	1	1	1	0
it wasPi	1	R	3	1888	0.301667	1	2256	2.662537	["it", " was", "Pi"]	[270, 373, 38729]	-0.00705	0	0.664959	2	0.169025	1	0.163932	1	-0.006815	2	2.016331	1	2.662537	1	0.239423	0	2.36087	0	it	1888	0.301667	1	cold_38	it was cold	38	C_LOCAL	1	57	it was cold	[270, 373, 4692]	[270, 373, 38729]	[270, 373, 38729]	3	3	1	1	1	1	2
it relegated cold	1	R	3	1888	0.242943	1	1790	2.662537	["it", " relegated", " cold"]	[270, 36391, 4692]	-0.00705	0	0.430531	3	0.6488	2	0.163932	1	-0.048975	2	2.419595	2	2.662537	1	0.239423	0	2.36087	0	it	1888	0.301667	1	cold_38	it was cold	38	C_LOCAL	1	58	it was cold	[270, 373, 4692]	[270, 36391, 4692]	[270, 36391, 4692]	3	3	1	1	1	1	1
it Amer cold	1	R	3	1888	0.628697	2	2256	2.989567	["it", " Amer", " cold"]	[270, 33391, 4692]	-0.00705	0	1.308036	3	0.219444	3	0.163932	1	-0.007083	2	2.016331	1	2.989567	2	0.239423	0	2.36087	0	it Amer	1888	0.628698	1	cold_38	it was cold	38	C_LOCAL	1	59	it was cold	[270, 373, 4692]	[270, 33391, 4692]	[270, 33391, 4692]	3	3	1	1	1	1	1
 everyone was cold	1	R	3	2761	0.071158	3	1888	2.788238	[" everyone", " was", " cold"]	[2506, 373, 4692]	-0.00705	0	1.081782	3	-0.000821	0	1.196226	1	-0.062632	3	2.323718	1	2.71708	1	0.938287	3	2.36087	0	 everyone was cold	2761	0.071158	1	cold_38	it was cold	38	C_LOCAL	1	60	it was cold	[270, 373, 4692]	[2506, 373, 4692]	[2506, 373, 4692]	3	3	1	1	1	1	0
letters DD Sov	1	R	3	1888	0.087126	3	2467	2.821556	["letters", " DD", " Sov"]	[15653, 20084, 6917]	-0.00705	0	0.11632	0	0.586627	1	0.333782	1	-0.073215	2	2.533051	2	2.821556	3	0.239423	0	2.36087	0	letters DD Sov	1888	0.087126	1	cold_38	it was cold	38	D_RANDOM_TOKEN	1	1	it was cold	[270, 373, 4692]	[15653, 20084, 6917]	[15653, 20084, 6917]	3	3	3	3	1	1	NA
 pacif puppy Rw	1	R	3	1888	0.866894	1	1790	3.66619	[" pacif", " puppy", " Rw"]	[47617, 26188, 31641]	-0.00705	0	0.11632	0	0.010734	2	1.353421	1	-0.026222	3	2.799296	1	3.66619	1	0.239423	0	2.36087	0	 pacif	1888	0.866894	1	cold_38	it was cold	38	D_RANDOM_TOKEN	1	2	it was cold	[270, 373, 4692]	[47617, 26188, 31641]	[47617, 26188, 31641]	3	3	3	3	1	1	NA
agersgameQu	1	R	3	1790	0.016382	1	1888	2.785161	["agers", "game", "Qu"]	[10321, 6057, 4507]	-0.00705	0	0.11632	0	2.131073	2	-0.00089	3	0.81286	2	2.785161	1	2.768779	1	0.239423	0	2.36087	0	agers	1790	0.016382	1	cold_38	it was cold	38	D_RANDOM_TOKEN	1	3	it was cold	[270, 373, 4692]	[10321, 6057, 4507]	[10321, 6057, 4507]	3	3	3	3	1	1	NA
 four triggeringuggish	1	R	3	1888	0.604702	1	1790	3.526067	[" four", " triggering", "uggish"]	[1440, 26555, 36295]	-0.00705	0	0.11632	0	0.064186	1	2.476718	1	-0.080541	3	2.921365	3	3.526067	1	1.314612	3	2.36087	0	 four	1888	0.642928	1	cold_38	it was cold	38	D_RANDOM_TOKEN	1	4	it was cold	[270, 373, 4692]	[1440, 26555, 36295]	[1440, 26555, 36295]	3	3	3	3	1	1	NA
 nursing notice)|	1	R	3	1888	0.610556	1	1790	3.558041	[" nursing", " notice", ")|"]	[19167, 4003, 14726]	-0.00705	0	0.11632	0	0.083331	2	1.748519	1	-0.042984	3	2.947485	1	3.558041	1	0.239423	0	2.36087	0	 nursing	1888	0.610557	1	cold_38	it was cold	38	D_RANDOM_TOKEN	1	5	it was cold	[270, 373, 4692]	[19167, 4003, 14726]	[19167, 4003, 14726]	3	3	3	3	1	1	NA
 Simpsons tackled Prix	1	R	3	1888	1.2843	1	2256	3.645169	[" Simpsons", " tackled", " Prix"]	[34376, 35457, 23832]	-0.00705	0	0.11632	0	-0.000821	0	1.432656	1	-0.088989	3	2.118252	1	3.645169	1	0.239423	0	2.36087	0	 Simpsons	1888	1.2843	1	cold_38	it was cold	38	D_RANDOM_TOKEN	1	6	it was cold	[270, 373, 4692]	[34376, 35457, 23832]	[34376, 35457, 23832]	3	3	3	3	1	1	NA
 Nebraskaイvin	1	R	3	1790	0.467481	2	1888	3.440437	[" Nebraska", "イ", "vin"]	[18329, 11482, 7114]	-0.00705	0	0.11632	0	1.017854	3	0.5033	1	0.398231	2	3.440437	2	2.972956	2	0.239423	0	2.36087	0	 Nebraskaイ	1790	0.467482	1	cold_38	it was cold	38	D_RANDOM_TOKEN	1	7	it was cold	[270, 373, 4692]	[18329, 11482, 7114]	[18329, 11482, 7114]	3	3	3	3	1	1	NA
 Penceabbitustom	1	R	3	1888	0.27357	1	1790	2.967252	[" Pence", "abbit", "ustom"]	[17339, 14229, 1824]	-0.00705	0	0.11632	0	0.295478	3	0.570528	1	0.09155	2	2.693682	3	2.967252	1	0.239423	0	2.36087	0	 Pence	1888	0.606382	1	cold_38	it was cold	38	D_RANDOM_TOKEN	1	8	it was cold	[270, 373, 4692]	[17339, 14229, 1824]	[17339, 14229, 1824]	3	3	3	3	1	1	NA
 cout MR0001	1	R	3	1888	1.440027	1	1790	4.324851	[" cout", " MR", "0001"]	[42304, 17242, 18005]	-0.002901	2	0.11632	0	0.322272	1	1.48378	1	-0.086998	2	2.884824	1	4.324851	1	0.239423	0	2.36087	0	 cout	1888	1.440027	1	cold_38	it was cold	38	D_RANDOM_TOKEN	1	9	it was cold	[270, 373, 4692]	[42304, 17242, 18005]	[42304, 17242, 18005]	3	3	3	3	1	1	NA
 reduces foss railway	1	R	3	1888	0.338645	1	1790	2.86634	[" reduces", " foss", " railway"]	[12850, 10967, 20515]	-0.00705	0	0.11632	0	-0.000821	0	1.714938	1	-0.106624	2	2.527695	1	2.86634	1	0.239423	0	2.36087	0	 reduces	1888	0.338646	1	cold_38	it was cold	38	D_RANDOM_TOKEN	1	10	it was cold	[270, 373, 4692]	[12850, 10967, 20515]	[12850, 10967, 20515]	3	3	3	3	1	1	NA
Water cartelsitent	1	R	3	1888	0.385377	3	1790	3.053319	["Water", " cartels", "itent"]	[19184, 41399, 48324]	-0.00705	0	0.11632	0	-0.000821	0	-0.006874	3	-0.122657	0	2.667942	3	3.053319	3	0.239423	0	2.36087	0	Water cartelsitent	1888	0.385377	1	cold_38	it was cold	38	D_RANDOM_TOKEN	1	11	it was cold	[270, 373, 4692]	[19184, 41399, 48324]	[19184, 41399, 48324]	3	3	3	3	1	1	NA
ndra happeninguyomi	1	R	3	1790	0.140676	1	1888	2.821201	["ndra", " happening", "uyomi"]	[24631, 5836, 40012]	-0.004488	3	0.11632	0	0.620053	2	-0.023963	3	-0.078833	3	2.821201	1	2.680526	1	0.239423	0	2.36087	0	ndra	1790	0.140676	1	cold_38	it was cold	38	D_RANDOM_TOKEN	1	12	it was cold	[270, 373, 4692]	[24631, 5836, 40012]	[24631, 5836, 40012]	3	3	3	3	1	1	NA
 idiot despise sor	1	R	3	1888	0.86198	1	1790	3.567528	[" idiot", " despise", " sor"]	[22324, 44351, 25655]	-0.00705	0	0.11632	0	1.403854	3	2.567434	1	-0.063424	3	2.705547	1	3.567528	1	0.239423	0	2.36087	0	 idiot	1888	0.86198	1	cold_38	it was cold	38	D_RANDOM_TOKEN	1	13	it was cold	[270, 373, 4692]	[22324, 44351, 25655]	[22324, 44351, 25655]	3	3	3	3	1	1	NA
guardszilla spokesperson	1	R	3	1888	0.793512	1	2256	3.154382	["guards", "zilla", " spokesperson"]	[33427, 16496, 11821]	-0.00705	0	0.11632	0	2.189298	2	0.235429	1	0.646928	2	2.084128	1	3.154382	1	0.239423	0	2.36087	0	guards	1888	0.793512	1	cold_38	it was cold	38	D_RANDOM_TOKEN	1	14	it was cold	[270, 373, 4692]	[33427, 16496, 11821]	[33427, 16496, 11821]	3	3	3	3	1	1	NA
 PhDserving relent	1	R	3	1888	0.526806	1	1790	3.625824	[" PhD", "serving", " relent"]	[16394, 31293, 18547]	-0.00705	0	0.11632	0	0.097556	3	0.88062	1	-0.020623	3	3.099018	3	3.625824	1	0.239423	0	2.36087	0	 PhD	1888	1.151264	1	cold_38	it was cold	38	D_RANDOM_TOKEN	1	15	it was cold	[270, 373, 4692]	[16394, 31293, 18547]	[16394, 31293, 18547]	3	3	3	3	1	1	NA
acle Sco Saw	1	R	3	1888	0.447972	1	1790	3.11114	["acle", " Sco", " Saw"]	[6008, 36179, 19882]	-0.00705	0	0.11632	0	0.920571	1	-0.033355	0	-0.058083	2	2.663168	1	3.11114	1	0.239423	0	2.36087	0	acle	1888	0.447973	1	cold_38	it was cold	38	D_RANDOM_TOKEN	1	16	it was cold	[270, 373, 4692]	[6008, 36179, 19882]	[6008, 36179, 19882]	3	3	3	3	1	1	NA
 thereachelor bravery	1	R	3	1888	0.188689	2	1790	3.003827	[" there", "achelor", " bravery"]	[612, 19335, 37808]	-0.00705	0	0.11632	0	0.841286	2	2.637388	1	-0.122657	0	2.815138	1	3.003827	2	0.239423	0	2.36087	0	 thereachelor	1888	0.188689	1	cold_38	it was cold	38	D_RANDOM_TOKEN	1	17	it was cold	[270, 373, 4692]	[612, 19335, 37808]	[612, 19335, 37808]	3	3	3	3	1	1	NA
 buggy specifications erased	1	R	3	1888	0.835593	1	2256	3.196463	[" buggy", " specifications", " erased"]	[46542, 20640, 33588]	-0.00705	0	0.11632	0	0.187974	1	1.944562	1	-0.122657	0	2.197323	2	3.196463	1	0.368692	1	2.36087	0	 buggy	1888	0.835593	1	cold_38	it was cold	38	D_RANDOM_TOKEN	1	18	it was cold	[270, 373, 4692]	[46542, 20640, 33588]	[46542, 20640, 33588]	3	3	3	3	1	1	NA
 interpol Lt Iz	1	R	3	1888	0.578776	1	1790	3.406803	[" interpol", " Lt", " Iz"]	[39555, 19090, 28493]	-0.00705	0	0.11632	0	0.395878	1	1.972957	1	-0.009203	2	2.828027	1	3.406803	1	0.239423	0	2.36087	0	 interpol	1888	0.578777	1	cold_38	it was cold	38	D_RANDOM_TOKEN	1	19	it was cold	[270, 373, 4692]	[39555, 19090, 28493]	[39555, 19090, 28493]	3	3	3	3	1	1	NA
 Renttainment Either	1	R	3	1888	0.647262	1	1790	3.114195	[" Rent", "tainment", " Either"]	[29832, 10738, 15467]	-0.00705	0	0.11632	0	-0.000821	0	1.972489	1	-0.044489	3	2.466933	1	3.114195	1	0.239423	0	2.36087	0	 Rent	1888	0.647262	1	cold_38	it was cold	38	D_RANDOM_TOKEN	1	20	it was cold	[270, 373, 4692]	[29832, 10738, 15467]	[29832, 10738, 15467]	3	3	3	3	1	1	NA
ersed *** Gener	1	R	3	1790	0.015256	1	1888	3.090284	["ersed", " ***", " Gener"]	[20204, 17202, 2980]	-0.00705	0	0.11632	0	-0.000821	0	-0.033355	0	-0.074726	2	3.090284	1	3.075028	1	0.239423	0	2.36087	0	ersed	1790	0.015257	1	cold_38	it was cold	38	D_RANDOM_TOKEN	1	21	it was cold	[270, 373, 4692]	[20204, 17202, 2980]	[20204, 17202, 2980]	3	3	3	3	1	1	NA
 editor biNav	1	R	3	1888	0.71781	1	1790	3.216642	[" editor", " bi", "Nav"]	[5464, 3182, 30575]	-0.006993	3	0.11632	0	0.51853	2	1.364921	1	-0.034508	3	2.498832	3	3.216642	1	0.239423	0	2.36087	0	 editor	1888	0.855773	1	cold_38	it was cold	38	D_RANDOM_TOKEN	1	22	it was cold	[270, 373, 4692]	[5464, 3182, 30575]	[5464, 3182, 30575]	3	3	3	3	1	1	NA
generic finalsicons	1	R	3	1888	0.408097	2	2256	2.768967	["generic", " finals", "icons"]	[41357, 18576, 34280]	-0.00705	0	0.11632	0	0.687335	3	-0.004364	3	0.207624	3	2.299455	2	2.768967	2	0.239423	0	2.36087	0	generic finals	1888	0.408097	1	cold_38	it was cold	38	D_RANDOM_TOKEN	1	23	it was cold	[270, 373, 4692]	[41357, 18576, 34280]	[41357, 18576, 34280]	3	3	3	3	1	1	NA
 futile"}]," chanting	1	R	3	1888	0.335014	1	1790	3.248729	[" futile", "\"}],\"", " chanting"]	[35322, 42785, 31138]	-0.00705	0	0.11632	0	-0.000821	0	2.301665	1	-0.039712	2	2.913715	1	3.248729	1	0.239423	0	2.36087	0	 futile	1888	0.335014	1	cold_38	it was cold	38	D_RANDOM_TOKEN	1	24	it was cold	[270, 373, 4692]	[35322, 42785, 31138]	[35322, 42785, 31138]	3	3	3	3	1	1	NA
 predis ballistic pron	1	R	3	1888	0.461453	1	1790	3.598305	[" predis", " ballistic", " pron"]	[46276, 22681, 9668]	0.425097	3	0.11632	0	0.322713	1	2.469494	1	-0.009438	3	3.136852	1	3.598305	1	0.239423	0	2.36087	0	 predis	1888	0.461453	1	cold_38	it was cold	38	D_RANDOM_TOKEN	1	25	it was cold	[270, 373, 4692]	[46276, 22681, 9668]	[46276, 22681, 9668]	3	3	3	3	1	1	NA
 Siddahoo George	1	R	3	1888	0.404671	1	1790	3.220461	[" Sidd", "ahoo", " George"]	[44487, 12992, 4502]	-0.00705	0	0.11632	0	-0.000821	0	0.908647	1	0.097709	2	2.81579	2	3.220461	1	0.239423	0	2.36087	0	 Sidd	1888	0.798516	1	cold_38	it was cold	38	D_RANDOM_TOKEN	1	26	it was cold	[270, 373, 4692]	[44487, 12992, 4502]	[44487, 12992, 4502]	3	3	3	3	1	1	NA
 Pocket freed crossings	1	R	3	1888	0.138828	1	1790	3.132211	[" Pocket", " freed", " crossings"]	[27290, 13459, 41930]	-0.00705	0	0.11632	0	-0.000821	0	1.340729	1	-0.064939	2	2.993383	1	3.132211	1	0.239423	0	2.36087	0	 Pocket	1888	0.138828	1	cold_38	it was cold	38	D_RANDOM_TOKEN	1	27	it was cold	[270, 373, 4692]	[27290, 13459, 41930]	[27290, 13459, 41930]	3	3	3	3	1	1	NA
 proxiesetus angel	1	R	3	1888	0.341768	1	1790	3.173306	[" proxies", "etus", " angel"]	[41775, 29158, 18304]	-0.002982	1	0.11632	0	0.88562	2	2.247014	1	0.146394	2	2.831538	1	3.173306	1	0.239423	0	2.36087	0	 proxies	1888	0.341769	1	cold_38	it was cold	38	D_RANDOM_TOKEN	1	28	it was cold	[270, 373, 4692]	[41775, 29158, 18304]	[41775, 29158, 18304]	3	3	3	3	1	1	NA
Second229Diff	1	R	3	1888	0.586922	1	2256	2.947792	["Second", "229", "Diff"]	[12211, 23539, 28813]	-0.001307	2	0.11632	0	-0.000821	0	-0.000324	3	-0.058783	1	2.331438	3	2.947792	1	0.239423	0	2.36087	0	Second	1888	0.586923	1	cold_38	it was cold	38	D_RANDOM_TOKEN	1	29	it was cold	[270, 373, 4692]	[12211, 23539, 28813]	[12211, 23539, 28813]	3	3	3	3	1	1	NA
 Gerrarduner pads	1	R	3	1888	0.261372	1	1790	3.161555	[" Gerrard", "uner", " pads"]	[49314, 38886, 21226]	-0.005869	3	0.11632	0	-0.000821	0	0.410701	1	-0.114624	3	2.900183	2	3.161555	1	0.239423	0	2.36087	0	 Gerrard	1888	0.395132	1	cold_38	it was cold	38	D_RANDOM_TOKEN	1	30	it was cold	[270, 373, 4692]	[49314, 38886, 21226]	[49314, 38886, 21226]	3	3	3	3	1	1	NA
 thankingeredith bite	1	R	3	1790	0.193765	1	1888	2.630279	[" thanking", "eredith", " bite"]	[41892, 36897, 13197]	-0.006937	2	0.11632	0	1.479533	2	0.895348	1	-0.02441	3	2.630279	1	2.436513	1	0.239423	0	2.36087	0	 thanking	1790	0.193766	1	cold_38	it was cold	38	D_RANDOM_TOKEN	1	31	it was cold	[270, 373, 4692]	[41892, 36897, 13197]	[41892, 36897, 13197]	3	3	3	3	1	1	NA
 Treatment refere twe	1	R	3	1888	1.135033	1	1790	3.662081	[" Treatment", " refere", " twe"]	[21415, 6773, 4184]	-0.00705	0	0.11632	0	-0.000821	0	1.402927	1	-0.017094	3	2.527049	1	3.662081	1	0.239423	0	2.36087	0	 Treatment	1888	1.135033	1	cold_38	it was cold	38	D_RANDOM_TOKEN	1	32	it was cold	[270, 373, 4692]	[21415, 6773, 4184]	[21415, 6773, 4184]	3	3	3	3	1	1	NA
 IGFavailable Shah	1	R	3	1888	0.976917	1	1790	3.748397	[" IGF", "available", " Shah"]	[46757, 15182, 18381]	-0.00705	0	0.11632	0	0.05523	2	1.483004	1	-0.018136	3	2.77148	1	3.748397	1	0.239423	0	2.36087	0	 IGF	1888	0.976916	1	cold_38	it was cold	38	D_RANDOM_TOKEN	1	33	it was cold	[270, 373, 4692]	[46757, 15182, 18381]	[46757, 15182, 18381]	3	3	3	3	1	1	NA
 graftNear Bash	1	R	3	1888	0.265118	1	1790	3.341044	[" graft", "Near", " Bash"]	[38455, 40640, 15743]	-0.00705	0	0.11632	0	0.064175	1	2.271941	1	-0.066022	2	3.075927	1	3.341044	1	0.239423	0	2.36087	0	 graft	1888	0.265119	1	cold_38	it was cold	38	D_RANDOM_TOKEN	1	34	it was cold	[270, 373, 4692]	[38455, 40640, 15743]	[38455, 40640, 15743]	3	3	3	3	1	1	NA
 shoulder1995 flaw	1	R	3	1790	0.454367	1	1888	3.611858	[" shoulder", "1995", " flaw"]	[8163, 21908, 11804]	0.27338	3	0.11632	0	1.762886	2	2.206811	1	-0.049052	2	3.611858	1	3.157491	1	0.239423	0	2.36087	0	 shoulder	1790	0.454366	1	cold_38	it was cold	38	D_RANDOM_TOKEN	1	35	it was cold	[270, 373, 4692]	[8163, 21908, 11804]	[8163, 21908, 11804]	3	3	3	3	1	1	NA
 STR284 meet	1	R	3	1888	0.579764	1	858	3.133485	[" STR", "284", " meet"]	[19269, 30336, 1826]	-0.00705	0	0.11632	0	0.341025	3	1.271425	1	-0.108805	3	2.474568	1	3.133485	1	0.239423	0	2.36087	0	 STR	1888	0.579763	1	cold_38	it was cold	38	D_RANDOM_TOKEN	1	36	it was cold	[270, 373, 4692]	[19269, 30336, 1826]	[19269, 30336, 1826]	3	3	3	3	1	1	NA
 quicklyAssad Burnett	1	R	3	1888	0.341897	1	1790	2.995095	[" quickly", "Assad", " Burnett"]	[2952, 23622, 46039]	-0.00705	0	0.11632	0	0.035405	2	2.240401	1	-0.072791	1	2.653198	1	2.995095	1	0.239423	0	2.36087	0	 quickly	1888	0.341898	1	cold_38	it was cold	38	D_RANDOM_TOKEN	1	37	it was cold	[270, 373, 4692]	[2952, 23622, 46039]	[2952, 23622, 46039]	3	3	3	3	1	1	NA
 Android urineitta	1	R	3	1888	0.531821	1	1790	3.339203	[" Android", " urine", "itta"]	[5565, 18922, 48519]	-0.00705	0	0.11632	0	0.303604	3	1.010798	1	-0.075922	2	2.807383	3	3.339203	1	0.239423	0	2.36087	0	 Android	1888	0.978333	1	cold_38	it was cold	38	D_RANDOM_TOKEN	1	38	it was cold	[270, 373, 4692]	[5565, 18922, 48519]	[5565, 18922, 48519]	3	3	3	3	1	1	NA
 Aging travelled tri	1	R	3	1888	0.772064	1	2256	3.132934	[" Aging", " travelled", " tri"]	[44581, 21650, 1333]	-0.00705	0	0.11632	0	-0.000821	0	1.466046	1	-0.117524	1	2.309902	1	3.132934	1	0.239423	0	2.36087	0	 Aging	1888	0.772064	1	cold_38	it was cold	38	D_RANDOM_TOKEN	1	39	it was cold	[270, 373, 4692]	[44581, 21650, 1333]	[44581, 21650, 1333]	3	3	3	3	1	1	NA
 Dogs Explorer Summary	1	R	3	1888	0.881541	1	2256	3.242411	[" Dogs", " Explorer", " Summary"]	[21367, 19142, 21293]	-0.00355	2	0.11632	0	-0.000821	0	0.732822	1	-0.006962	1	2.359385	1	3.242411	1	0.239423	0	2.36087	0	 Dogs	1888	0.881541	1	cold_38	it was cold	38	D_RANDOM_TOKEN	1	40	it was cold	[270, 373, 4692]	[21367, 19142, 21293]	[21367, 19142, 21293]	3	3	3	3	1	1	NA
 eastern Ic redesign	1	R	3	1888	0.397837	1	1790	2.992453	[" eastern", " Ic", " redesign"]	[10183, 43042, 27135]	-0.00705	0	0.11632	0	0.992252	1	2.507354	1	-0.065022	2	2.594616	1	2.992453	1	0.239423	0	2.36087	0	 eastern	1888	0.397838	1	cold_38	it was cold	38	D_RANDOM_TOKEN	1	41	it was cold	[270, 373, 4692]	[10183, 43042, 27135]	[10183, 43042, 27135]	3	3	3	3	1	1	NA
 handmadeWeakMr	1	R	3	1888	0.204351	1	1790	3.059429	[" handmade", "Weak", "Mr"]	[40973, 44898, 5246]	-0.00705	0	0.11632	0	-0.000821	0	1.774147	1	-0.047365	2	2.855078	2	3.059429	1	0.239423	0	2.36087	0	 handmade	1888	0.209006	1	cold_38	it was cold	38	D_RANDOM_TOKEN	1	42	it was cold	[270, 373, 4692]	[40973, 44898, 5246]	[40973, 44898, 5246]	3	3	3	3	1	1	NA
 spill.? horn	1	R	3	1888	0.462769	1	1790	3.134416	[" spill", ".?", " horn"]	[19431, 40791, 12718]	-0.00705	0	0.11632	0	0.587009	3	1.670117	1	-0.07096	2	2.671647	3	3.134416	1	0.239423	0	2.36087	0	 spill	1888	0.564925	1	cold_38	it was cold	38	D_RANDOM_TOKEN	1	43	it was cold	[270, 373, 4692]	[19431, 40791, 12718]	[19431, 40791, 12718]	3	3	3	3	1	1	NA
Neil BMW peak	1	R	3	1888	0.829723	3	1790	3.321393	["Neil", " BMW", " peak"]	[29354, 19339, 9103]	-0.00705	0	0.11632	0	-0.000821	0	-0.033355	0	-0.122657	0	2.491669	3	3.321393	3	0.239423	0	2.36087	0	Neil BMW peak	1888	0.829723	1	cold_38	it was cold	38	D_RANDOM_TOKEN	1	44	it was cold	[270, 373, 4692]	[29354, 19339, 9103]	[29354, 19339, 9103]	3	3	3	3	1	1	NA
 adapted 550eki	1	R	3	1790	0.038739	1	1888	2.844497	[" adapted", " 550", "eki"]	[16573, 25240, 39548]	-0.00705	0	0.11632	0	0.245608	3	2.098675	1	-0.061475	3	2.844497	1	2.805757	1	0.239423	0	2.36087	0	 adapted	1790	0.038739	1	cold_38	it was cold	38	D_RANDOM_TOKEN	1	45	it was cold	[270, 373, 4692]	[16573, 25240, 39548]	[16573, 25240, 39548]	3	3	3	3	1	1	NA
 Five Qi472	1	R	3	1888	0.962893	1	1790	3.410264	[" Five", " Qi", "472"]	[10579, 21924, 37856]	-0.001437	3	0.11632	0	-0.000821	0	1.277272	1	-0.075871	3	2.447371	1	3.410264	1	0.239423	0	2.36087	0	 Five	1888	0.962893	1	cold_38	it was cold	38	D_RANDOM_TOKEN	1	46	it was cold	[270, 373, 4692]	[10579, 21924, 37856]	[10579, 21924, 37856]	3	3	3	3	1	1	NA
ont weighs Comp	1	R	3	1888	0.130941	1	1790	2.691953	["ont", " weighs", " Comp"]	[756, 24034, 3082]	0.18505	3	0.11632	0	0.911734	1	0.124835	2	-0.122657	0	2.561013	1	2.691953	1	0.239423	0	2.36087	0	ont	1888	0.130942	1	cold_38	it was cold	38	D_RANDOM_TOKEN	1	47	it was cold	[270, 373, 4692]	[756, 24034, 3082]	[756, 24034, 3082]	3	3	3	3	1	1	NA
 graves Economic packing	1	R	3	1888	0.604938	1	1790	3.122405	[" graves", " Economic", " packing"]	[30055, 11279, 24157]	0.006599	2	0.11632	0	-0.000821	0	1.379733	1	-0.013622	3	2.517467	1	3.122405	1	0.239423	0	2.36087	0	 graves	1888	0.604938	1	cold_38	it was cold	38	D_RANDOM_TOKEN	1	48	it was cold	[270, 373, 4692]	[30055, 11279, 24157]	[30055, 11279, 24157]	3	3	3	3	1	1	NA
 Glasgow spider496	1	R	3	1888	0.877228	1	1790	3.523543	[" Glasgow", " spider", "496"]	[23995, 19230, 37747]	-0.003197	3	0.11632	0	-0.000821	0	1.177719	1	-0.095709	3	2.646314	1	3.523543	1	0.239423	0	2.36087	0	 Glasgow	1888	0.877228	1	cold_38	it was cold	38	D_RANDOM_TOKEN	1	49	it was cold	[270, 373, 4692]	[23995, 19230, 37747]	[23995, 19230, 37747]	3	3	3	3	1	1	NA
 channelryanlict	1	R	3	281	0.207054	2	1888	3.373608	[" channel", "ryan", "lict"]	[6518, 29038, 13758]	-0.00705	0	0.11632	0	3.373608	2	1.345978	1	-0.013804	1	2.829857	1	3.166554	1	0.239423	0	2.36087	0	 channelryan	281	0.207055	1	cold_38	it was cold	38	D_RANDOM_TOKEN	1	50	it was cold	[270, 373, 4692]	[6518, 29038, 13758]	[6518, 29038, 13758]	3	3	3	3	1	1	NA
hov Rangers hole	1	R	3	1888	0.484369	1	1790	3.604373	["hov", " Rangers", " hole"]	[28026, 13804, 7604]	-0.00705	0	0.11632	0	0.133532	1	-0.033355	0	-0.122657	0	3.120003	1	3.604373	1	0.239423	0	2.36087	0	hov	1888	0.48437	1	cold_38	it was cold	38	D_RANDOM_TOKEN	1	51	it was cold	[270, 373, 4692]	[28026, 13804, 7604]	[28026, 13804, 7604]	3	3	3	3	1	1	NA
ifyingitz provides	1	R	3	1888	0.541224	1	1790	3.442737	["ifying", "itz", " provides"]	[4035, 4224, 3769]	-0.00705	0	0.11632	0	1.713202	2	-3e-06	2	0.121643	2	2.901513	1	3.442737	1	0.239423	0	2.36087	0	ifying	1888	0.541223	1	cold_38	it was cold	38	D_RANDOM_TOKEN	1	52	it was cold	[270, 373, 4692]	[4035, 4224, 3769]	[4035, 4224, 3769]	3	3	3	3	1	1	NA
 bitters Norm resurgence	1	R	3	1888	1.055836	1	1790	4.162309	[" bitters", " Norm", " resurgence"]	[48666, 11220, 39330]	-0.00705	0	0.11632	0	0.327252	1	1.34885	1	-0.095944	2	3.106473	1	4.162309	1	0.239423	0	2.36087	0	 bitters	1888	1.055836	1	cold_38	it was cold	38	D_RANDOM_TOKEN	1	53	it was cold	[270, 373, 4692]	[48666, 11220, 39330]	[48666, 11220, 39330]	3	3	3	3	1	1	NA
Brain██ payout	1	R	3	1888	0.529038	1	1790	3.455803	["Brain", "██", " payout"]	[44687, 9968, 40055]	-0.003755	2	0.11632	0	-0.000821	0	0.298302	3	-0.035866	3	2.926765	2	3.455803	1	0.239423	0	2.36087	0	Brain	1888	0.646085	1	cold_38	it was cold	38	D_RANDOM_TOKEN	1	54	it was cold	[270, 373, 4692]	[44687, 9968, 40055]	[44687, 9968, 40055]	3	3	3	3	1	1	NA
 played Duo CentOS	1	R	3	1888	0.11164	2	345	2.779408	[" played", " Duo", " CentOS"]	[2826, 36086, 32418]	-0.00705	0	0.11632	0	-0.000821	0	2.281335	1	-0.048563	2	2.125006	1	2.779408	2	0.239423	0	2.36087	0	 played Duo	1888	0.111641	1	cold_38	it was cold	38	D_RANDOM_TOKEN	1	55	it was cold	[270, 373, 4692]	[2826, 36086, 32418]	[2826, 36086, 32418]	3	3	3	3	1	1	NA
 unethical catching supervisor	1	R	3	1888	0.831114	1	1790	3.225668	[" unethical", " catching", " supervisor"]	[38486, 16508, 21277]	-0.005323	2	0.11632	0	-0.000821	0	2.129253	1	-0.029073	2	2.394555	1	3.225668	1	0.239423	0	2.36087	0	 unethical	1888	0.831114	1	cold_38	it was cold	38	D_RANDOM_TOKEN	1	56	it was cold	[270, 373, 4692]	[38486, 16508, 21277]	[38486, 16508, 21277]	3	3	3	3	1	1	NA
 agre"; salute	1	R	3	1888	0.93769	1	1790	3.94779	[" agre", "\";", " salute"]	[2477, 8172, 34967]	-0.00705	0	0.11632	0	0.217428	1	1.482648	1	-0.063319	1	3.0101	1	3.94779	1	0.239423	0	2.36087	0	 agre	1888	0.93769	1	cold_38	it was cold	38	D_RANDOM_TOKEN	1	57	it was cold	[270, 373, 4692]	[2477, 8172, 34967]	[2477, 8172, 34967]	3	3	3	3	1	1	NA
 Nigeria Findingblers	1	R	3	1888	0.773687	1	1790	3.218254	[" Nigeria", " Finding", "blers"]	[19398, 27063, 43022]	-0.00705	0	0.11632	0	-0.000821	0	0.802405	1	-0.083991	2	2.444567	3	3.218254	1	0.239423	0	2.36087	0	 Nigeria	1888	0.857385	1	cold_38	it was cold	38	D_RANDOM_TOKEN	1	58	it was cold	[270, 373, 4692]	[19398, 27063, 43022]	[19398, 27063, 43022]	3	3	3	3	1	1	NA
ampaEmb ugly	1	R	3	1888	0.331213	1	1790	2.977768	["ampa", "Emb", " ugly"]	[13299, 31567, 13400]	-0.00705	0	0.11632	0	0.831173	1	0.062507	3	-0.069672	3	2.646556	1	2.977768	1	0.98652	3	2.36087	0	ampa	1888	0.331213	1	cold_38	it was cold	38	D_RANDOM_TOKEN	1	59	it was cold	[270, 373, 4692]	[13299, 31567, 13400]	[13299, 31567, 13400]	3	3	3	3	1	1	NA
 farmingiomispers	1	R	3	1888	0.363468	1	1790	3.111247	[" farming", "iom", "ispers"]	[16035, 29005, 27148]	-0.00705	0	0.11632	0	1.961044	2	1.426636	1	-0.107545	3	2.747779	1	3.111247	1	0.239423	0	2.36087	0	 farming	1888	0.363468	1	cold_38	it was cold	38	D_RANDOM_TOKEN	1	60	it was cold	[270, 373, 4692]	[16035, 29005, 27148]	[16035, 29005, 27148]	3	3	3	3	1	1	NA
it was TOD	1	R	3	1888	0.129834	3	858	2.692545	["it", " was", " TOD"]	[270, 373, 16926]	-0.00705	0	0.664959	2	0.169025	1	0.163932	1	-0.006815	2	2.19713	3	2.692545	3	0.239423	0	2.36087	0	it was TOD	1888	0.129834	1	cold_38	it was cold	38	C_LOCAL	2	1	it was cold	[270, 373, 4692]	[270, 373, 16926]	[270, 373, 16926]	3	3	1	1	1	1	2
it wasiba	1	R	3	1790	0.214771	3	1888	2.877308	["it", " was", "iba"]	[270, 373, 23718]	-0.00705	0	0.664959	2	0.517455	3	0.163932	1	-0.006815	2	2.877308	3	2.662537	1	0.239423	0	2.36087	0	it wasiba	1790	0.214771	1	cold_38	it was cold	38	C_LOCAL	2	2	it was cold	[270, 373, 4692]	[270, 373, 23718]	[270, 373, 23718]	3	3	1	1	1	1	2
it wasijn	1	R	3	1888	0.301667	1	2256	2.662537	["it", " was", "ijn"]	[270, 373, 48848]	-0.00705	0	0.664959	2	1.067721	3	0.163932	1	-0.006815	2	2.337188	3	2.662537	1	0.239423	0	2.36087	0	it	1888	0.301667	1	cold_38	it was cold	38	C_LOCAL	2	3	it was cold	[270, 373, 4692]	[270, 373, 48848]	[270, 373, 48848]	3	3	1	1	1	1	2
it was listens	1	R	3	1888	0.301667	1	2256	2.662537	["it", " was", " listens"]	[270, 373, 35019]	-0.00705	0	0.664959	2	0.169025	1	0.163932	1	-0.006815	2	2.016331	1	2.662537	1	0.239423	0	2.36087	0	it	1888	0.301667	1	cold_38	it was cold	38	C_LOCAL	2	4	it was cold	[270, 373, 4692]	[270, 373, 35019]	[270, 373, 35019]	3	3	1	1	1	1	2
 educators was cold	1	R	3	2761	0.11289	3	1888	3.257313	[" educators", " was", " cold"]	[30770, 373, 4692]	-0.00705	0	0.78088	3	-0.000821	0	1.275403	1	-0.054775	3	2.839684	1	3.144423	1	0.926251	3	2.36087	0	 educators was cold	2761	0.11289	1	cold_38	it was cold	38	C_LOCAL	2	5	it was cold	[270, 373, 4692]	[30770, 373, 4692]	[30770, 373, 4692]	3	3	1	1	1	1	0
 Rousse was cold	1	R	3	1888	0.614205	1	2761	3.586823	[" Rousse", " was", " cold"]	[42849, 373, 4692]	-0.00705	0	1.107531	3	-0.000821	0	1.483824	1	-0.045369	3	2.65049	1	3.586823	1	1.471378	3	2.36087	0	 Rousse	1888	0.936334	1	cold_38	it was cold	38	C_LOCAL	2	6	it was cold	[270, 373, 4692]	[42849, 373, 4692]	[42849, 373, 4692]	3	3	1	1	1	1	0
 controller was cold	1	R	3	1888	0.320518	1	2761	3.330282	[" controller", " was", " cold"]	[10444, 373, 4692]	-0.00705	0	1.110342	3	0.301794	1	1.44421	1	-0.065734	3	2.995501	1	3.330282	1	0.867259	3	2.36087	0	 controller	1888	0.334781	1	cold_38	it was cold	38	C_LOCAL	2	7	it was cold	[270, 373, 4692]	[10444, 373, 4692]	[10444, 373, 4692]	3	3	1	1	1	1	0
217 was cold	1	R	3	1888	0.388523	1	2761	3.246453	["217", " was", " cold"]	[24591, 373, 4692]	-0.00705	0	1.588125	3	-0.000821	0	-0.033355	0	-0.051714	2	1.998511	2	3.246453	1	0.953314	3	2.36087	0	217	1888	0.885583	1	cold_38	it was cold	38	C_LOCAL	2	8	it was cold	[270, 373, 4692]	[24591, 373, 4692]	[24591, 373, 4692]	3	3	1	1	1	1	0
it facilitated cold	1	R	3	1888	0.301667	1	2256	2.662537	["it", " facilitated", " cold"]	[270, 35923, 4692]	-0.00705	0	0.216055	3	0.169025	1	0.163932	1	-0.021264	2	2.202368	2	2.662537	1	0.239423	0	2.36087	0	it	1888	0.301667	1	cold_38	it was cold	38	C_LOCAL	2	9	it was cold	[270, 373, 4692]	[270, 35923, 4692]	[270, 35923, 4692]	3	3	1	1	1	1	1
 Emin was cold	1	R	3	1888	0.254415	1	2761	3.257754	[" Emin", " was", " cold"]	[37912, 373, 4692]	-0.00705	0	1.278539	3	-0.000821	0	0.537731	1	-0.06062	3	2.319554	1	3.257754	1	1.473215	3	2.36087	0	 Emin	1888	0.896883	1	cold_38	it was cold	38	C_LOCAL	2	10	it was cold	[270, 373, 4692]	[37912, 373, 4692]	[37912, 373, 4692]	3	3	1	1	1	1	0
ale was cold	1	R	3	1888	0.267728	1	1790	3.119307	["ale", " was", " cold"]	[1000, 373, 4692]	-0.00705	0	1.366409	3	0.546922	1	-0.033355	0	-0.052219	3	2.851579	1	3.119307	1	1.098994	3	2.36087	0	ale	1888	0.267727	1	cold_38	it was cold	38	C_LOCAL	2	11	it was cold	[270, 373, 4692]	[1000, 373, 4692]	[1000, 373, 4692]	3	3	1	1	1	1	0
it was liver	1	R	3	1888	0.301667	1	2256	2.662537	["it", " was", " liver"]	[270, 373, 14383]	-0.00705	0	0.664959	2	0.169025	1	0.163932	1	-0.006815	2	2.176405	3	2.662537	1	0.239423	0	2.36087	0	it	1888	0.301667	1	cold_38	it was cold	38	C_LOCAL	2	12	it was cold	[270, 373, 4692]	[270, 373, 14383]	[270, 373, 14383]	3	3	1	1	1	1	2
it offenses cold	1	R	3	1888	0.301667	1	2256	2.662537	["it", " offenses", " cold"]	[270, 18514, 4692]	-0.00705	0	0.908212	3	0.356031	3	0.163932	1	-0.046449	2	2.016331	1	2.662537	1	0.239423	0	2.36087	0	it	1888	0.301667	1	cold_38	it was cold	38	C_LOCAL	2	13	it was cold	[270, 373, 4692]	[270, 18514, 4692]	[270, 18514, 4692]	3	3	1	1	1	1	1
igi was cold	1	R	3	2761	0.178353	3	1888	2.942391	["igi", " was", " cold"]	[25754, 373, 4692]	-0.00705	0	1.109746	3	0.318909	1	-0.033355	0	-0.054426	3	2.673587	1	2.764039	1	1.149917	3	2.36087	0	igi was cold	2761	0.178353	1	cold_38	it was cold	38	C_LOCAL	2	14	it was cold	[270, 373, 4692]	[25754, 373, 4692]	[25754, 373, 4692]	3	3	1	1	1	1	0
From was cold	1	R	3	1238	0.22	1	2761	2.906402	["From", " was", " cold"]	[4863, 373, 4692]	-0.00705	0	0.941199	3	-0.000397	1	-0.033355	0	-0.063866	2	1.577286	2	1.956668	1	0.601698	3	2.36087	0	From	1238	0.545532	1	cold_38	it was cold	38	C_LOCAL	2	15	it was cold	[270, 373, 4692]	[4863, 373, 4692]	[4863, 373, 4692]	3	3	1	1	1	1	0
brate was cold	1	R	3	1888	0.309394	1	2761	3.188045	["brate", " was", " cold"]	[40804, 373, 4692]	-0.00705	0	0.759453	3	0.120763	1	-0.033355	0	-0.050608	3	2.604437	1	3.188045	1	0.703572	3	2.36087	0	brate	1888	0.583607	1	cold_38	it was cold	38	C_LOCAL	2	16	it was cold	[270, 373, 4692]	[40804, 373, 4692]	[40804, 373, 4692]	3	3	1	1	1	1	0
it was Haj	1	R	3	1888	0.301667	1	2256	2.662537	["it", " was", " Haj"]	[270, 373, 29399]	-0.00705	0	0.664959	2	0.169025	1	0.163932	1	-0.006815	2	2.016331	1	2.662537	1	0.239423	0	2.36087	0	it	1888	0.301667	1	cold_38	it was cold	38	C_LOCAL	2	17	it was cold	[270, 373, 4692]	[270, 373, 29399]	[270, 373, 29399]	3	3	1	1	1	1	2
 vulnerable was cold	1	R	3	1888	0.260287	1	1790	3.271337	[" vulnerable", " was", " cold"]	[8826, 373, 4692]	-0.00705	0	1.526418	3	0.045873	1	1.657222	1	-0.049718	2	3.01105	1	3.271337	1	0.622544	3	2.36087	0	 vulnerable	1888	0.260286	1	cold_38	it was cold	38	C_LOCAL	2	18	it was cold	[270, 373, 4692]	[8826, 373, 4692]	[8826, 373, 4692]	3	3	1	1	1	1	0
ff was cold	1	R	3	2761	0.027976	3	1888	2.862231	["ff", " was", " cold"]	[487, 373, 4692]	-0.00705	0	1.571201	3	0.080631	2	0.216432	2	-0.071104	1	2.582158	1	2.834255	1	1.053086	3	2.36087	0	ff was cold	2761	0.027976	1	cold_38	it was cold	38	C_LOCAL	2	19	it was cold	[270, 373, 4692]	[487, 373, 4692]	[487, 373, 4692]	3	3	1	1	1	1	0
election was cold	1	R	3	1888	0.274687	1	2761	2.984751	["election", " was", " cold"]	[14300, 373, 4692]	-0.00705	0	1.547596	3	0.096166	1	0.33933	1	-0.030203	3	2.456049	1	2.984751	1	0.96047	3	2.36087	0	election	1888	0.528702	1	cold_38	it was cold	38	C_LOCAL	2	20	it was cold	[270, 373, 4692]	[14300, 373, 4692]	[14300, 373, 4692]	3	3	1	1	1	1	0
 girlfriend was cold	1	R	3	1888	0.182468	1	2761	3.276087	[" girlfriend", " was", " cold"]	[11077, 373, 4692]	-0.00705	0	0.503121	3	0.107558	1	1.504586	1	-0.087834	3	2.483684	1	3.276087	1	0.715439	3	2.36087	0	 girlfriend	1888	0.792403	1	cold_38	it was cold	38	C_LOCAL	2	21	it was cold	[270, 373, 4692]	[11077, 373, 4692]	[11077, 373, 4692]	3	3	1	1	1	1	0
it Carr cold	1	R	3	1888	0.301667	1	2256	2.662537	["it", " Carr", " cold"]	[270, 20765, 4692]	-0.00705	0	1.244036	3	0.169025	1	0.163932	1	-0.017	3	2.016331	1	2.662537	1	0.239423	0	2.36087	0	it	1888	0.301667	1	cold_38	it was cold	38	C_LOCAL	2	22	it was cold	[270, 373, 4692]	[270, 20765, 4692]	[270, 20765, 4692]	3	3	1	1	1	1	1
endas was cold	1	R	3	1888	0.294754	1	2761	3.310274	["endas", " was", " cold"]	[35624, 373, 4692]	-0.00705	0	1.582283	3	0.465234	1	0.039527	1	0.142202	2	2.710062	1	3.310274	1	1.354845	3	2.36087	0	endas	1888	0.600212	1	cold_38	it was cold	38	C_LOCAL	2	23	it was cold	[270, 373, 4692]	[35624, 373, 4692]	[35624, 373, 4692]	3	3	1	1	1	1	0
 amongst was cold	1	R	3	1888	0.266727	1	1790	2.977997	[" amongst", " was", " cold"]	[12077, 373, 4692]	-0.00705	0	0.988738	3	-0.000821	0	0.226486	1	-0.008698	2	2.71127	1	2.977997	1	0.629649	3	2.36087	0	 amongst	1888	0.266728	1	cold_38	it was cold	38	C_LOCAL	2	24	it was cold	[270, 373, 4692]	[12077, 373, 4692]	[12077, 373, 4692]	3	3	1	1	1	1	0
it was AG	1	R	3	1888	0.341739	3	858	3.106045	["it", " was", " AG"]	[270, 373, 13077]	-0.002738	3	0.664959	2	0.169025	1	0.163932	1	-0.006815	2	2.368529	3	3.106045	3	0.239423	0	2.36087	0	it was AG	1888	0.341739	1	cold_38	it was cold	38	C_LOCAL	2	25	it was cold	[270, 373, 4692]	[270, 373, 13077]	[270, 373, 13077]	3	3	1	1	1	1	2
it noticeable cold	1	R	3	1888	0.301667	1	2256	2.662537	["it", " noticeable", " cold"]	[270, 19787, 4692]	-0.00705	0	0.804439	3	0.274112	2	0.163932	1	-0.042425	3	2.016331	1	2.662537	1	0.629277	2	2.36087	0	it	1888	0.301667	1	cold_38	it was cold	38	C_LOCAL	2	26	it was cold	[270, 373, 4692]	[270, 19787, 4692]	[270, 19787, 4692]	3	3	1	1	1	1	1
 criticised was cold	1	R	3	1888	0.276086	1	1790	3.037504	[" criticised", " was", " cold"]	[23894, 373, 4692]	-0.00705	0	0.339949	3	-0.000821	0	0.878316	1	-0.084756	3	2.761418	2	3.037504	1	0.777292	3	2.36087	0	 criticised	1888	0.676635	1	cold_38	it was cold	38	C_LOCAL	2	27	it was cold	[270, 373, 4692]	[23894, 373, 4692]	[23894, 373, 4692]	3	3	1	1	1	1	0
itdam cold	1	R	3	1888	0.301667	1	2256	2.662537	["it", "dam", " cold"]	[270, 11043, 4692]	-0.00705	0	1.542533	3	2.330191	2	0.202028	3	-0.022011	3	2.016331	1	2.662537	1	0.239423	0	2.36087	0	it	1888	0.301667	1	cold_38	it was cold	38	C_LOCAL	2	28	it was cold	[270, 373, 4692]	[270, 11043, 4692]	[270, 11043, 4692]	3	3	1	1	1	1	1
′ was cold	1	R	3	2761	0.092454	3	1888	2.698407	["′", " was", " cold"]	[17478, 373, 4692]	0.130335	1	1.723586	3	-0.000821	0	1.011164	2	-0.063702	1	2.05852	2	2.605953	1	0.969616	3	2.36087	0	′ was cold	2761	0.092454	1	cold_38	it was cold	38	C_LOCAL	2	29	it was cold	[270, 373, 4692]	[17478, 373, 4692]	[17478, 373, 4692]	3	3	1	1	1	1	0
 Trial was cold	1	R	3	1888	0.190042	1	2761	3.047287	[" Trial", " was", " cold"]	[21960, 373, 4692]	-0.00705	0	1.640321	3	-0.000821	0	2.148955	1	-0.042956	3	2.451378	1	3.047287	1	0.796301	3	2.36087	0	 Trial	1888	0.59591	1	cold_38	it was cold	38	C_LOCAL	2	30	it was cold	[270, 373, 4692]	[21960, 373, 4692]	[21960, 373, 4692]	3	3	1	1	1	1	0
it Woo cold	1	R	3	1888	0.303152	2	1790	2.918294	["it", " Woo", " cold"]	[270, 39832, 4692]	-0.00705	0	1.418923	3	0.169025	1	0.163932	1	-0.013114	2	2.615142	2	2.918294	2	0.4902	3	2.36087	0	it Woo	1888	0.303152	1	cold_38	it was cold	38	C_LOCAL	2	31	it was cold	[270, 373, 4692]	[270, 39832, 4692]	[270, 39832, 4692]	3	3	1	1	1	1	1
it wasill	1	R	3	1888	0.301667	1	2256	2.662537	["it", " was", "ill"]	[270, 373, 359]	-0.00705	0	0.664959	2	0.689383	3	0.163932	1	-0.006815	2	2.016331	1	2.662537	1	0.239423	0	2.36087	0	it	1888	0.301667	1	cold_38	it was cold	38	C_LOCAL	2	32	it was cold	[270, 373, 4692]	[270, 373, 359]	[270, 373, 359]	3	3	1	1	1	1	2
it was Faul	1	R	3	1888	0.33136	3	2256	2.69223	["it", " was", " Faul"]	[270, 373, 44760]	-0.00705	0	0.664959	2	0.169025	1	0.163932	1	-0.006815	2	2.016331	1	2.69223	3	0.239423	0	2.36087	0	it was Faul	1888	0.33136	1	cold_38	it was cold	38	C_LOCAL	2	33	it was cold	[270, 373, 4692]	[270, 373, 44760]	[270, 373, 44760]	3	3	1	1	1	1	2
it was neurolog	1	R	3	1888	0.455925	3	2256	2.816795	["it", " was", " neurolog"]	[270, 373, 22356]	-0.00705	0	0.664959	2	0.169025	1	0.163932	1	-0.006815	2	2.016331	1	2.816795	3	0.239423	0	2.36087	0	it was neurolog	1888	0.455925	1	cold_38	it was cold	38	C_LOCAL	2	34	it was cold	[270, 373, 4692]	[270, 373, 22356]	[270, 373, 22356]	3	3	1	1	1	1	2
 Memphis was cold	1	R	3	1888	0.39344	1	2761	3.312222	[" Memphis", " was", " cold"]	[20522, 373, 4692]	-0.00705	0	1.257771	3	-0.000821	0	0.876779	1	-0.0502	1	2.037439	2	3.312222	1	1.316294	3	2.36087	0	 Memphis	1888	0.951353	1	cold_38	it was cold	38	C_LOCAL	2	35	it was cold	[270, 373, 4692]	[20522, 373, 4692]	[20522, 373, 4692]	3	3	1	1	1	1	0
it hasht cold	1	R	3	1888	0.532086	2	8	2.981726	["it", " hasht", " cold"]	[270, 20267, 4692]	-0.00705	0	0.331108	3	1.604172	3	0.163932	1	-0.069173	1	2.374251	2	2.981726	2	0.327238	3	2.36087	0	it hasht	1888	0.532087	1	cold_38	it was cold	38	C_LOCAL	2	36	it was cold	[270, 373, 4692]	[270, 20267, 4692]	[270, 20267, 4692]	3	3	1	1	1	1	1
itounces cold	1	R	3	1888	0.301667	1	2256	2.662537	["it", "ounces", " cold"]	[270, 45982, 4692]	-0.00705	0	0.65791	3	0.448001	3	0.163932	1	-0.069173	1	2.016331	1	2.662537	1	0.239423	0	2.36087	0	it	1888	0.301667	1	cold_38	it was cold	38	C_LOCAL	2	37	it was cold	[270, 373, 4692]	[270, 45982, 4692]	[270, 45982, 4692]	3	3	1	1	1	1	1
it Rap cold	1	R	3	1888	0.527799	2	2256	2.888669	["it", " Rap", " cold"]	[270, 12281, 4692]	-0.00705	0	1.784814	3	0.169025	1	0.163932	1	-0.051387	2	2.016331	1	2.888669	2	0.239423	0	2.36087	0	it Rap	1888	0.527799	1	cold_38	it was cold	38	C_LOCAL	2	38	it was cold	[270, 373, 4692]	[270, 12281, 4692]	[270, 12281, 4692]	3	3	1	1	1	1	1
itSenior cold	1	R	3	1888	0.049421	1	1898	2.662537	["it", "Senior", " cold"]	[270, 31224, 4692]	-0.00705	0	0.661421	3	0.232229	3	0.163932	1	-0.043245	3	2.016331	1	2.662537	1	0.239423	0	2.36087	0	it	1888	0.301667	1	cold_38	it was cold	38	C_LOCAL	2	39	it was cold	[270, 373, 4692]	[270, 31224, 4692]	[270, 31224, 4692]	3	3	1	1	1	1	1
it was mixture	1	R	3	1888	0.301667	1	2256	2.662537	["it", " was", " mixture"]	[270, 373, 11710]	-0.00705	0	0.664959	2	0.378188	3	0.163932	1	-0.006815	2	2.016331	1	2.662537	1	0.239423	0	2.36087	0	it	1888	0.301667	1	cold_38	it was cold	38	C_LOCAL	2	40	it was cold	[270, 373, 4692]	[270, 373, 11710]	[270, 373, 11710]	3	3	1	1	1	1	2
 Iv was cold	1	R	3	1888	0.011185	1	2761	3.003289	[" Iv", " was", " cold"]	[16975, 373, 4692]	-0.00705	0	1.239802	3	-0.000821	0	0.804314	1	-0.047659	3	2.491055	1	3.003289	1	1.325173	3	2.36087	0	 Iv	1888	0.512234	1	cold_38	it was cold	38	C_LOCAL	2	41	it was cold	[270, 373, 4692]	[16975, 373, 4692]	[16975, 373, 4692]	3	3	1	1	1	1	0
grey was cold	1	R	3	1888	0.221731	1	1790	2.779467	["grey", " was", " cold"]	[49502, 373, 4692]	-0.00705	0	2.161463	3	0.323687	1	0.034486	1	-0.069619	2	2.557736	1	2.779467	1	1.107005	3	2.36087	0	grey	1888	0.221731	1	cold_38	it was cold	38	C_LOCAL	2	42	it was cold	[270, 373, 4692]	[49502, 373, 4692]	[49502, 373, 4692]	3	3	1	1	1	1	0
it begging cold	1	R	3	1888	0.301667	1	2256	2.662537	["it", " begging", " cold"]	[270, 26732, 4692]	-0.00705	0	1.020149	3	0.169025	1	0.163932	1	-0.067416	2	2.016331	1	2.662537	1	0.256333	3	2.36087	0	it	1888	0.301667	1	cold_38	it was cold	38	C_LOCAL	2	43	it was cold	[270, 373, 4692]	[270, 26732, 4692]	[270, 26732, 4692]	3	3	1	1	1	1	1
 shuffle was cold	1	R	3	1888	0.640187	1	2761	3.331715	[" shuffle", " was", " cold"]	[36273, 373, 4692]	-0.00705	0	1.997961	3	0.708979	1	1.885935	1	-0.080341	3	2.656509	1	3.331715	1	1.233863	3	2.36087	0	 shuffle	1888	0.675205	1	cold_38	it was cold	38	C_LOCAL	2	44	it was cold	[270, 373, 4692]	[36273, 373, 4692]	[36273, 373, 4692]	3	3	1	1	1	1	0
it unsupported cold	1	R	3	1888	0.301667	1	2256	2.662537	["it", " unsupported", " cold"]	[270, 24222, 4692]	-0.00705	0	0.570356	3	0.495779	3	0.163932	1	-0.034013	2	2.016331	1	2.662537	1	0.239423	0	2.36087	0	it	1888	0.301667	1	cold_38	it was cold	38	C_LOCAL	2	45	it was cold	[270, 373, 4692]	[270, 24222, 4692]	[270, 24222, 4692]	3	3	1	1	1	1	1
it Moves cold	1	R	3	1888	0.301667	1	2256	2.662537	["it", " Moves", " cold"]	[270, 38213, 4692]	-0.00705	0	1.810388	3	0.169025	1	0.163932	1	-0.069173	1	2.016331	1	2.662537	1	0.813127	3	2.36087	0	it	1888	0.301667	1	cold_38	it was cold	38	C_LOCAL	2	46	it was cold	[270, 373, 4692]	[270, 38213, 4692]	[270, 38213, 4692]	3	3	1	1	1	1	1
 incorporating was cold	1	R	3	1888	0.287634	1	1790	3.070206	[" incorporating", " was", " cold"]	[29927, 373, 4692]	-0.00705	0	0.532658	3	-0.000821	0	1.782967	1	-0.063155	2	2.782572	1	3.070206	1	0.390837	3	2.36087	0	 incorporating	1888	0.287634	1	cold_38	it was cold	38	C_LOCAL	2	47	it was cold	[270, 373, 4692]	[29927, 373, 4692]	[29927, 373, 4692]	3	3	1	1	1	1	0
 hoops was cold	1	R	3	1888	0.747105	1	2761	3.422946	[" hoops", " was", " cold"]	[46730, 373, 4692]	-0.00705	0	1.765073	3	0.265898	1	0.991251	1	-0.017316	2	2.644487	1	3.422946	1	0.994485	3	2.36087	0	 hoops	1888	0.778458	1	cold_38	it was cold	38	C_LOCAL	2	48	it was cold	[270, 373, 4692]	[46730, 373, 4692]	[46730, 373, 4692]	3	3	1	1	1	1	0
Education was cold	1	R	3	2761	0.034243	3	1888	3.131759	["Education", " was", " cold"]	[41183, 373, 4692]	-0.00705	0	1.554594	3	-0.000821	0	-0.033355	0	-0.021259	3	2.217173	1	3.097516	1	0.979552	3	2.36087	0	Education was cold	2761	0.034243	1	cold_38	it was cold	38	C_LOCAL	2	49	it was cold	[270, 373, 4692]	[41183, 373, 4692]	[41183, 373, 4692]	3	3	1	1	1	1	0
icking was cold	1	R	3	1888	0.042214	1	2761	3.012696	["icking", " was", " cold"]	[7958, 373, 4692]	-0.00705	0	2.055267	3	0.29054	1	0.006232	1	-0.073704	3	2.568855	1	3.012696	1	1.030556	3	2.36087	0	icking	1888	0.44384	1	cold_38	it was cold	38	C_LOCAL	2	50	it was cold	[270, 373, 4692]	[7958, 373, 4692]	[7958, 373, 4692]	3	3	1	1	1	1	0
 outsider was cold	1	R	3	1888	0.435864	1	1790	3.271866	[" outsider", " was", " cold"]	[30545, 373, 4692]	-0.00705	0	1.123657	3	0.345309	1	2.169336	1	-0.061648	2	2.836002	1	3.271866	1	0.955315	3	2.36087	0	 outsider	1888	0.435865	1	cold_38	it was cold	38	C_LOCAL	2	51	it was cold	[270, 373, 4692]	[30545, 373, 4692]	[30545, 373, 4692]	3	3	1	1	1	1	0
it Scots cold	1	R	3	1888	0.331416	2	2256	2.692286	["it", " Scots", " cold"]	[270, 33860, 4692]	0.161763	2	0.937123	3	0.169025	1	0.163932	1	-0.048557	2	2.253069	2	2.692286	2	0.239423	0	2.36087	0	it Scots	1888	0.331416	1	cold_38	it was cold	38	C_LOCAL	2	52	it was cold	[270, 373, 4692]	[270, 33860, 4692]	[270, 33860, 4692]	3	3	1	1	1	1	1
itcritical cold	1	R	3	1888	0.301667	1	2256	2.662537	["it", "critical", " cold"]	[270, 34666, 4692]	-0.00705	0	0.465674	3	1.455683	2	0.163932	1	-0.009501	3	2.016331	1	2.662537	1	0.239423	0	2.36087	0	it	1888	0.301667	1	cold_38	it was cold	38	C_LOCAL	2	53	it was cold	[270, 373, 4692]	[270, 34666, 4692]	[270, 34666, 4692]	3	3	1	1	1	1	1
it Reported cold	1	R	3	1888	0.301667	1	2256	2.662537	["it", " Reported", " cold"]	[270, 30588, 4692]	-0.00705	0	0.693346	3	0.169025	1	0.163932	1	-0.041397	3	2.016331	1	2.662537	1	0.42768	3	2.36087	0	it	1888	0.301667	1	cold_38	it was cold	38	C_LOCAL	2	54	it was cold	[270, 373, 4692]	[270, 30588, 4692]	[270, 30588, 4692]	3	3	1	1	1	1	1
College was cold	1	R	3	1888	0.599888	1	2761	3.708232	["College", " was", " cold"]	[38951, 373, 4692]	-0.00705	0	1.619809	3	-0.000821	0	-0.033355	0	-0.039283	2	1.839736	1	3.708232	1	1.142714	3	2.36087	0	College	1888	1.347363	1	cold_38	it was cold	38	C_LOCAL	2	55	it was cold	[270, 373, 4692]	[38951, 373, 4692]	[38951, 373, 4692]	3	3	1	1	1	1	0
it was backyard	1	R	3	1888	0.704468	3	2256	3.065338	["it", " was", " backyard"]	[270, 373, 24296]	-0.00705	0	0.664959	2	0.169025	1	0.163932	1	-0.006815	2	2.016331	1	3.065338	3	0.239423	0	2.36087	0	it was backyard	1888	0.704468	1	cold_38	it was cold	38	C_LOCAL	2	56	it was cold	[270, 373, 4692]	[270, 373, 24296]	[270, 373, 24296]	3	3	1	1	1	1	2
it Par cold	1	R	3	1888	0.301667	1	2256	2.662537	["it", " Par", " cold"]	[270, 2547, 4692]	-0.00705	0	1.013015	3	0.475648	3	0.163932	1	-0.044183	2	2.189078	2	2.662537	1	0.239423	0	2.36087	0	it	1888	0.301667	1	cold_38	it was cold	38	C_LOCAL	2	57	it was cold	[270, 373, 4692]	[270, 2547, 4692]	[270, 2547, 4692]	3	3	1	1	1	1	1
it shop cold	1	R	3	1888	0.301667	1	2256	2.662537	["it", " shop", " cold"]	[270, 6128, 4692]	-0.00705	0	0.329866	3	0.341805	2	0.163932	1	-0.069173	1	2.016331	1	2.662537	1	0.445967	3	2.36087	0	it	1888	0.301667	1	cold_38	it was cold	38	C_LOCAL	2	58	it was cold	[270, 373, 4692]	[270, 6128, 4692]	[270, 6128, 4692]	3	3	1	1	1	1	1
 Snyder was cold	1	R	3	1888	0.568568	1	2761	3.784376	[" Snyder", " was", " cold"]	[22543, 373, 4692]	-0.00705	0	0.753526	3	-0.000821	0	1.100435	1	-0.059021	3	2.908328	1	3.784376	1	1.161813	3	2.36087	0	 Snyder	1888	0.876048	1	cold_38	it was cold	38	C_LOCAL	2	59	it was cold	[270, 373, 4692]	[22543, 373, 4692]	[22543, 373, 4692]	3	3	1	1	1	1	0
it was amput	1	R	3	1888	0.084536	3	8	2.753721	["it", " was", " amput"]	[270, 373, 40338]	-0.00705	0	0.664959	2	0.169025	1	0.163932	1	-0.006815	2	2.464259	3	2.753721	3	0.239423	0	2.36087	0	it was amput	1888	0.084536	1	cold_38	it was cold	38	C_LOCAL	2	60	it was cold	[270, 373, 4692]	[270, 373, 40338]	[270, 373, 40338]	3	3	1	1	1	1	2
 Compactxy "$:/	1	R	3	1888	0.74057	1	1790	3.590621	[" Compact", "xy", " \"$:/"]	[37904, 5431, 32047]	-0.00705	0	0.11632	0	-0.000821	0	1.825374	1	-0.037834	3	2.85005	3	3.590621	1	0.239423	0	2.36087	0	 Compact	1888	0.99799	1	cold_38	it was cold	38	D_RANDOM_TOKEN	2	1	it was cold	[270, 373, 4692]	[37904, 5431, 32047]	[37904, 5431, 32047]	3	3	3	3	1	1	NA
 gaps parent>	1	R	3	1888	0.142673	1	1790	2.736207	[" gaps", " parent", ">"]	[17332, 2560, 29]	-0.00705	0	0.11632	0	0.623647	3	1.576296	1	0.067558	2	2.593534	1	2.736207	1	0.239423	0	2.36087	0	 gaps	1888	0.142673	1	cold_38	it was cold	38	D_RANDOM_TOKEN	2	2	it was cold	[270, 373, 4692]	[17332, 2560, 29]	[17332, 2560, 29]	3	3	3	3	1	1	NA
 BrewArcade quotas	1	R	3	1888	0.925838	1	1790	3.827567	[" Brew", "Arcade", " quotas"]	[9702, 43763, 38736]	-0.00239	2	0.11632	0	-0.000821	0	1.010921	1	-0.106218	2	2.90173	3	3.827567	1	0.239423	0	2.36087	0	 Brew	1888	1.033946	1	cold_38	it was cold	38	D_RANDOM_TOKEN	2	3	it was cold	[270, 373, 4692]	[9702, 43763, 38736]	[9702, 43763, 38736]	3	3	3	3	1	1	NA
 Ammo 458 democratically	1	R	3	1594	0.36713	3	1888	3.824843	[" Ammo", " 458", " democratically"]	[31073, 50154, 48517]	-0.006083	2	0.11632	0	-0.000821	0	1.85779	1	-0.047618	3	2.294603	1	3.457713	1	0.239423	0	2.36087	0	 Ammo 458 democratically	1594	0.36713	1	cold_38	it was cold	38	D_RANDOM_TOKEN	2	4	it was cold	[270, 373, 4692]	[31073, 50154, 48517]	[31073, 50154, 48517]	3	3	3	3	1	1	NA
 Getting shroud bankrupt	1	R	3	1888	0.435227	1	1790	2.890156	[" Getting", " shroud", " bankrupt"]	[18067, 32296, 13158]	-0.00705	0	0.11632	0	0.226459	2	0.831421	1	-0.071164	2	2.454929	1	2.890156	1	0.239423	0	2.36087	0	 Getting	1888	0.435226	1	cold_38	it was cold	38	D_RANDOM_TOKEN	2	5	it was cold	[270, 373, 4692]	[18067, 32296, 13158]	[18067, 32296, 13158]	3	3	3	3	1	1	NA
 Pegasus349 speedy	1	R	3	1888	0.759519	1	1790	3.447389	[" Pegasus", "349", " speedy"]	[48188, 27371, 35564]	-0.002068	2	0.11632	0	0.322638	3	0.593088	1	-0.092053	3	2.687871	3	3.447389	1	0.530981	3	2.36087	0	 Pegasus	1888	1.08652	1	cold_38	it was cold	38	D_RANDOM_TOKEN	2	6	it was cold	[270, 373, 4692]	[48188, 27371, 35564]	[48188, 27371, 35564]	3	3	3	3	1	1	NA
eric illiter Offic	1	R	3	1888	0.300639	3	1790	2.689236	["eric", " illiter", " Offic"]	[35626, 45029, 6328]	0.038078	1	0.11632	0	0.858719	2	-0.033355	0	-0.015738	3	2.388597	1	2.689236	3	0.239423	0	2.36087	0	eric illiter Offic	1888	0.300639	1	cold_38	it was cold	38	D_RANDOM_TOKEN	2	7	it was cold	[270, 373, 4692]	[35626, 45029, 6328]	[35626, 45029, 6328]	3	3	3	3	1	1	NA
boards pane counterterrorism	1	R	3	1790	0.080448	1	1888	2.618175	["boards", " pane", " counterterrorism"]	[12821, 37218, 36573]	-0.00705	0	0.11632	0	1.349353	2	-0.033355	0	-0.104126	3	2.618175	1	2.537727	2	0.239423	0	2.36087	0	boards	1790	0.081925	1	cold_38	it was cold	38	D_RANDOM_TOKEN	2	8	it was cold	[270, 373, 4692]	[12821, 37218, 36573]	[12821, 37218, 36573]	3	3	3	3	1	1	NA
 glamorous Nikol catches	1	R	3	1888	1.272385	1	1790	3.951116	[" glamorous", " Nikol", " catches"]	[46185, 48127, 17591]	-0.00705	0	0.156669	3	0.168286	1	2.46899	1	-0.01512	2	2.678731	1	3.951116	1	0.456056	1	2.36087	0	 glamorous	1888	1.272383	1	cold_38	it was cold	38	D_RANDOM_TOKEN	2	9	it was cold	[270, 373, 4692]	[46185, 48127, 17591]	[46185, 48127, 17591]	3	3	3	3	1	1	NA
CompletedDoueely	1	R	3	1888	0.066592	1	1790	2.77772	["Completed", "Dou", "eely"]	[43768, 40287, 45269]	-0.00705	0	0.11632	0	-0.000821	0	-1.9e-05	2	-0.031982	3	2.711128	3	2.77772	1	0.239423	0	2.36087	0	Completed	1888	0.416851	1	cold_38	it was cold	38	D_RANDOM_TOKEN	2	10	it was cold	[270, 373, 4692]	[43768, 40287, 45269]	[43768, 40287, 45269]	3	3	3	3	1	1	NA
esome Lebanese brightness	1	R	3	1888	0.46154	1	1790	3.285778	["esome", " Lebanese", " brightness"]	[5927, 28076, 22204]	-0.00705	0	0.11632	0	0.398241	1	-0.033355	0	-0.045104	3	2.824238	3	3.285778	1	0.239423	0	2.36087	0	esome	1888	0.924908	1	cold_38	it was cold	38	D_RANDOM_TOKEN	2	11	it was cold	[270, 373, 4692]	[5927, 28076, 22204]	[5927, 28076, 22204]	3	3	3	3	1	1	NA
 DC vacant cyt	1	R	3	1888	1.113864	1	1790	3.722107	[" DC", " vacant", " cyt"]	[6257, 23957, 27104]	-0.00705	0	0.11632	0	-0.000821	0	0.882854	1	-0.031853	3	2.608243	3	3.722107	1	0.239423	0	2.36087	0	 DC	1888	1.25126	1	cold_38	it was cold	38	D_RANDOM_TOKEN	2	12	it was cold	[270, 373, 4692]	[6257, 23957, 27104]	[6257, 23957, 27104]	3	3	3	3	1	1	NA
KK rains Transactions	1	R	3	1888	0.727693	1	2256	3.088563	["KK", " rains", " Transactions"]	[16601, 29424, 46192]	-0.00705	0	0.125949	2	-0.000821	0	0.156707	2	-0.027917	2	2.090947	3	3.088563	1	0.239423	0	2.36087	0	KK	1888	0.727693	1	cold_38	it was cold	38	D_RANDOM_TOKEN	2	13	it was cold	[270, 373, 4692]	[16601, 29424, 46192]	[16601, 29424, 46192]	3	3	3	3	1	1	NA
 statements stimulates modify	1	R	3	1888	0.269323	1	1790	3.159992	[" statements", " stimulates", " modify"]	[6299, 49881, 13096]	-0.00705	0	0.11632	0	0.37507	1	1.961965	1	-0.122657	0	2.890669	1	3.159992	1	0.239423	0	2.36087	0	 statements	1888	0.269322	1	cold_38	it was cold	38	D_RANDOM_TOKEN	2	14	it was cold	[270, 373, 4692]	[6299, 49881, 13096]	[6299, 49881, 13096]	3	3	3	3	1	1	NA
光STON android	1	R	3	1888	0.805091	1	1790	3.493805	["光", "STON", " android"]	[46268, 41924, 19286]	-0.00705	0	0.11632	0	0.57591	3	-0.033355	0	-0.005969	3	2.688714	1	3.493805	1	0.239423	0	2.36087	0	光	1888	0.805092	1	cold_38	it was cold	38	D_RANDOM_TOKEN	2	15	it was cold	[270, 373, 4692]	[46268, 41924, 19286]	[46268, 41924, 19286]	3	3	3	3	1	1	NA
illy ens propulsion	1	R	3	1888	0.330678	1	1790	2.921062	["illy", " ens", " propulsion"]	[6548, 3140, 38873]	-0.002594	2	0.11632	0	1.182815	2	-0.033355	0	0.065794	3	2.590384	1	2.921062	1	0.239423	0	2.36087	0	illy	1888	0.330678	1	cold_38	it was cold	38	D_RANDOM_TOKEN	2	16	it was cold	[270, 373, 4692]	[6548, 3140, 38873]	[6548, 3140, 38873]	3	3	3	3	1	1	NA
 Spl sailor accustomed	1	R	3	1888	0.92531	1	1790	3.621588	[" Spl", " sailor", " accustomed"]	[13341, 43272, 23840]	-0.00705	0	0.11632	0	-0.000821	0	1.121086	1	-0.033147	3	2.696279	1	3.621588	1	0.385973	3	2.36087	0	 Spl	1888	0.92531	1	cold_38	it was cold	38	D_RANDOM_TOKEN	2	17	it was cold	[270, 373, 4692]	[13341, 43272, 23840]	[13341, 43272, 23840]	3	3	3	3	1	1	NA
killer Chem coy	1	R	3	1888	0.005124	3	1790	2.746236	["killer", " Chem", " coy"]	[32156, 12870, 34003]	-0.00705	0	0.11632	0	0.167894	1	0.01325	1	-0.022138	3	2.741112	1	2.746236	3	0.239423	0	2.36087	0	killer Chem coy	1888	0.005124	1	cold_38	it was cold	38	D_RANDOM_TOKEN	2	18	it was cold	[270, 373, 4692]	[32156, 12870, 34003]	[32156, 12870, 34003]	3	3	3	3	1	1	NA
 promul endemic ect	1	R	3	1888	0.629134	1	1790	3.984309	[" promul", " endemic", " ect"]	[38040, 42560, 46080]	-0.00705	0	0.11632	0	0.241334	1	1.479812	1	-0.024055	3	3.355175	1	3.984309	1	0.239423	0	2.36087	0	 promul	1888	0.629134	1	cold_38	it was cold	38	D_RANDOM_TOKEN	2	19	it was cold	[270, 373, 4692]	[38040, 42560, 46080]	[38040, 42560, 46080]	3	3	3	3	1	1	NA
 forbiditch Kraft	1	R	3	1790	0.047241	1	1888	3.083824	[" forbid", "itch", " Kraft"]	[33277, 2007, 41828]	-0.00705	0	0.11632	0	1.843071	2	1.750409	1	-0.088822	2	3.083824	1	3.036583	1	0.239423	0	2.36087	0	 forbid	1790	0.047241	1	cold_38	it was cold	38	D_RANDOM_TOKEN	2	20	it was cold	[270, 373, 4692]	[33277, 2007, 41828]	[33277, 2007, 41828]	3	3	3	3	1	1	NA
Vari disgust Cooldown	1	R	3	1888	0.363571	1	1790	3.405185	["Vari", " disgust", " Cooldown"]	[23907, 16234, 39742]	0.197347	2	0.11632	0	-0.000821	0	-0.017274	1	-0.119854	1	3.041615	1	3.405185	1	0.239423	0	2.36087	0	Vari	1888	0.363571	1	cold_38	it was cold	38	D_RANDOM_TOKEN	2	21	it was cold	[270, 373, 4692]	[23907, 16234, 39742]	[23907, 16234, 39742]	3	3	3	3	1	1	NA
ranking repay quarterbacks	1	R	3	1790	0.143812	1	1888	2.985627	["ranking", " repay", " quarterbacks"]	[28405, 20152, 23643]	-0.00705	0	0.11632	0	0.076648	1	-0.01974	1	-0.049447	1	2.985627	1	2.841815	1	0.239423	0	2.36087	0	ranking	1790	0.143811	1	cold_38	it was cold	38	D_RANDOM_TOKEN	2	22	it was cold	[270, 373, 4692]	[28405, 20152, 23643]	[28405, 20152, 23643]	3	3	3	3	1	1	NA
 applauded alertType	1	R	3	1888	0.444686	1	1790	3.376034	[" applauded", " alert", "Type"]	[38911, 7995, 6030]	-0.00705	0	0.11632	0	0.936134	2	1.670819	1	-0.027329	3	2.931349	1	3.376034	1	0.239423	0	2.36087	0	 applauded	1888	0.444686	1	cold_38	it was cold	38	D_RANDOM_TOKEN	2	23	it was cold	[270, 373, 4692]	[38911, 7995, 6030]	[38911, 7995, 6030]	3	3	3	3	1	1	NA
emonium jsμ	1	R	3	1888	0.683446	1	1790	3.4857	["emonium", " js", "μ"]	[33044, 44804, 34703]	-0.00705	0	0.11632	0	1.204767	2	-0.026805	3	0.229191	3	2.802254	1	3.4857	1	0.239423	0	2.36087	0	emonium	1888	0.683446	1	cold_38	it was cold	38	D_RANDOM_TOKEN	2	24	it was cold	[270, 373, 4692]	[33044, 44804, 34703]	[33044, 44804, 34703]	3	3	3	3	1	1	NA
 laptop Demon Mortal	1	R	3	1888	0.824301	1	1790	3.481848	[" laptop", " Demon", " Mortal"]	[13224, 7814, 40166]	-0.004642	1	0.11632	0	-0.000821	0	1.268874	1	-0.017283	1	2.657547	1	3.481848	1	0.239423	0	2.36087	0	 laptop	1888	0.824301	1	cold_38	it was cold	38	D_RANDOM_TOKEN	2	25	it was cold	[270, 373, 4692]	[13224, 7814, 40166]	[13224, 7814, 40166]	3	3	3	3	1	1	NA
nostic pier extremists	1	R	3	1888	0.923964	1	1790	3.469104	["nostic", " pier", " extremists"]	[43758, 17748, 20674]	-0.00705	0	0.11632	0	0.333864	2	-0.033355	0	-0.097994	2	2.54514	1	3.469104	1	0.239423	0	2.36087	0	nostic	1888	0.923964	1	cold_38	it was cold	38	D_RANDOM_TOKEN	2	26	it was cold	[270, 373, 4692]	[43758, 17748, 20674]	[43758, 17748, 20674]	3	3	3	3	1	1	NA
ATURESscar renamed	1	R	3	1888	0.452572	1	858	2.945593	["ATURES", "scar", " renamed"]	[47471, 13034, 25121]	0.022339	1	0.11632	0	0.681497	2	-0.004374	2	0.010639	2	2.102912	2	2.945593	1	0.239423	0	2.36087	0	ATURES	1888	0.452572	1	cold_38	it was cold	38	D_RANDOM_TOKEN	2	27	it was cold	[270, 373, 4692]	[47471, 13034, 25121]	[47471, 13034, 25121]	3	3	3	3	1	1	NA
 Wond lap Mill	1	R	3	1888	0.780857	1	1790	3.720359	[" Wond", " lap", " Mill"]	[31960, 14779, 9212]	-0.00705	0	0.11632	0	0.151225	2	1.755819	1	-0.122657	0	2.939501	1	3.720359	1	0.239423	0	2.36087	0	 Wond	1888	0.780857	1	cold_38	it was cold	38	D_RANDOM_TOKEN	2	28	it was cold	[270, 373, 4692]	[31960, 14779, 9212]	[31960, 14779, 9212]	3	3	3	3	1	1	NA
 Bras assured Blizz	1	R	3	1888	0.735538	1	1790	3.561806	[" Bras", " assured", " Blizz"]	[39452, 13933, 46100]	-0.00705	0	0.11632	0	-0.000821	0	1.506854	1	-0.122657	0	2.826269	1	3.561806	1	0.239423	0	2.36087	0	 Bras	1888	0.735538	1	cold_38	it was cold	38	D_RANDOM_TOKEN	2	29	it was cold	[270, 373, 4692]	[39452, 13933, 46100]	[39452, 13933, 46100]	3	3	3	3	1	1	NA
 Venezuelanreadfun	1	R	3	1888	0.974486	1	1790	3.390815	[" Venezuelan", "read", "fun"]	[34497, 961, 12543]	-0.00705	0	0.11632	0	0.550925	2	1.049228	1	-0.122657	0	2.416329	1	3.390815	1	0.239423	0	2.36087	0	 Venezuelan	1888	0.974486	1	cold_38	it was cold	38	D_RANDOM_TOKEN	2	30	it was cold	[270, 373, 4692]	[34497, 961, 12543]	[34497, 961, 12543]	3	3	3	3	1	1	NA
NT ty microbiota	1	R	3	1888	1.144282	1	2256	3.505152	["NT", " ty", " microbiota"]	[11251, 1259, 42784]	-0.00705	0	0.11632	0	0.176116	2	0.064581	2	-0.0389	2	2.175177	1	3.505152	1	0.239423	0	2.36087	0	NT	1888	1.144283	1	cold_38	it was cold	38	D_RANDOM_TOKEN	2	31	it was cold	[270, 373, 4692]	[11251, 1259, 42784]	[11251, 1259, 42784]	3	3	3	3	1	1	NA
 unpleasantammers negate	1	R	3	1888	0.69898	1	1790	3.649623	[" unpleasant", "ammers", " negate"]	[22029, 36846, 44328]	-0.00353	2	0.11632	0	1.036378	2	1.891563	1	-0.091583	2	2.950643	1	3.649623	1	0.540848	1	2.36087	0	 unpleasant	1888	0.69898	1	cold_38	it was cold	38	D_RANDOM_TOKEN	2	32	it was cold	[270, 373, 4692]	[22029, 36846, 44328]	[22029, 36846, 44328]	3	3	3	3	1	1	NA
 momentarily Tape finishes	1	R	3	1888	0.34723	1	1790	3.403847	[" momentarily", " Tape", " finishes"]	[40957, 40849, 20271]	0.04279	1	0.118918	3	-0.000821	0	0.815443	1	-0.015247	2	3.056617	1	3.403847	1	0.239423	0	2.36087	0	 momentarily	1888	0.34723	1	cold_38	it was cold	38	D_RANDOM_TOKEN	2	33	it was cold	[270, 373, 4692]	[40957, 40849, 20271]	[40957, 40849, 20271]	3	3	3	3	1	1	NA
 Chocolate reminiscent ancestral	1	R	3	1888	1.062712	1	1790	3.483527	[" Chocolate", " reminiscent", " ancestral"]	[24777, 24960, 34843]	-0.00705	0	0.11632	0	-0.000821	0	1.073082	1	-0.057978	2	2.420815	1	3.483527	1	0.239423	0	2.36087	0	 Chocolate	1888	1.062711	1	cold_38	it was cold	38	D_RANDOM_TOKEN	2	34	it was cold	[270, 373, 4692]	[24777, 24960, 34843]	[24777, 24960, 34843]	3	3	3	3	1	1	NA
 contra portrayedez	1	R	3	1888	0.583053	1	1790	3.378983	[" contra", " portrayed", "ez"]	[25736, 19152, 8471]	-0.00705	0	0.11632	0	0.730666	3	2.148101	1	0.11164	3	2.79593	3	3.378983	1	0.239423	0	2.36087	0	 contra	1888	0.653757	1	cold_38	it was cold	38	D_RANDOM_TOKEN	2	35	it was cold	[270, 373, 4692]	[25736, 19152, 8471]	[25736, 19152, 8471]	3	3	3	3	1	1	NA
 blobromedaomen	1	R	3	1888	0.657112	1	1790	3.528898	[" blob", "romeda", "omen"]	[44812, 32291, 3674]	-0.00705	0	0.11632	0	1.291911	3	2.198413	1	-0.122657	0	2.871786	1	3.528898	1	0.239423	0	2.36087	0	 blob	1888	0.657112	1	cold_38	it was cold	38	D_RANDOM_TOKEN	2	36	it was cold	[270, 373, 4692]	[44812, 32291, 3674]	[44812, 32291, 3674]	3	3	3	3	1	1	NA
 vaccine1016 SHAR	1	R	3	1888	0.273502	1	858	3.570345	[" vaccine", "1016", " SHAR"]	[12319, 27956, 39225]	-0.00705	0	0.11632	0	-0.000821	0	0.749633	1	-0.049519	3	2.785781	1	3.570345	1	0.239423	0	2.36087	0	 vaccine	1888	0.784564	1	cold_38	it was cold	38	D_RANDOM_TOKEN	2	37	it was cold	[270, 373, 4692]	[12319, 27956, 39225]	[12319, 27956, 39225]	3	3	3	3	1	1	NA
METHOD nephew Wal	1	R	3	2330	0.42066	1	1888	3.269914	["METHOD", " nephew", " Wal"]	[49273, 26301, 6445]	-0.005263	3	0.11632	0	0.32121	2	-0.029479	2	-0.10899	2	1.746277	2	2.849254	1	0.239423	0	2.36087	0	METHOD	2330	0.42066	1	cold_38	it was cold	38	D_RANDOM_TOKEN	2	38	it was cold	[270, 373, 4692]	[49273, 26301, 6445]	[49273, 26301, 6445]	3	3	3	3	1	1	NA
:{auer paying	1	R	3	1888	0.342686	2	1790	2.763099	[":{", "auer", " paying"]	[29164, 16261, 5989]	0.071701	1	0.11632	0	0.655708	2	-0.033355	0	-0.046455	3	2.420413	2	2.763099	2	0.239423	0	2.36087	0	:{auer	1888	0.342686	1	cold_38	it was cold	38	D_RANDOM_TOKEN	2	39	it was cold	[270, 373, 4692]	[29164, 16261, 5989]	[29164, 16261, 5989]	3	3	3	3	1	1	NA
 HEADeuro strokes	1	R	3	858	0.420095	1	1888	3.100274	[" HEAD", "euro", " strokes"]	[39837, 44252, 29483]	-0.00705	0	0.11632	0	0.961114	2	2.223651	1	-0.091496	3	2.569436	2	2.680179	1	0.239423	0	2.36087	0	 HEAD	858	0.420095	1	cold_38	it was cold	38	D_RANDOM_TOKEN	2	40	it was cold	[270, 373, 4692]	[39837, 44252, 29483]	[39837, 44252, 29483]	3	3	3	3	1	1	NA
apeshifter DIYgu	1	R	3	1888	0.435143	1	1790	3.1013	["apeshifter", " DIY", "gu"]	[29554, 25134, 5162]	-0.00705	0	0.11632	0	0.593592	3	-0.000461	3	-0.034494	2	2.666157	1	3.1013	1	0.239423	0	2.36087	0	apeshifter	1888	0.435143	1	cold_38	it was cold	38	D_RANDOM_TOKEN	2	41	it was cold	[270, 373, 4692]	[29554, 25134, 5162]	[29554, 25134, 5162]	3	3	3	3	1	1	NA
 diligence impat Recommended	1	R	3	1888	0.542951	1	1790	3.6687	[" diligence", " impat", " Recommended"]	[34136, 28189, 31117]	-0.005475	3	0.11632	0	0.258569	1	2.055053	1	-0.09972	1	3.125749	1	3.6687	1	0.239423	0	2.36087	0	 diligence	1888	0.54295	1	cold_38	it was cold	38	D_RANDOM_TOKEN	2	42	it was cold	[270, 373, 4692]	[34136, 28189, 31117]	[34136, 28189, 31117]	3	3	3	3	1	1	NA
cled collide Lodge	1	R	3	1888	0.283016	1	1790	2.647512	["cled", " collide", " Lodge"]	[20095, 46592, 27046]	-0.00705	0	0.11632	0	0.619237	2	-0.033355	0	-0.028958	3	2.364496	1	2.647512	1	0.239423	0	2.36087	0	cled	1888	0.283016	1	cold_38	it was cold	38	D_RANDOM_TOKEN	2	43	it was cold	[270, 373, 4692]	[20095, 46592, 27046]	[20095, 46592, 27046]	3	3	3	3	1	1	NA
 forg struggles strengthens	1	R	3	1888	0.845731	1	1790	3.23244	[" forg", " struggles", " strengthens"]	[5784, 12766, 49286]	-0.00705	0	0.277637	3	0.264822	2	1.943432	1	-0.111063	1	2.386708	1	3.23244	1	0.392809	3	2.36087	0	 forg	1888	0.845731	1	cold_38	it was cold	38	D_RANDOM_TOKEN	2	44	it was cold	[270, 373, 4692]	[5784, 12766, 49286]	[5784, 12766, 49286]	3	3	3	3	1	1	NA
 calming Alienasio	1	R	3	1888	0.399414	1	1790	3.092003	[" calming", " Alien", "asio"]	[44907, 17610, 29831]	-0.00705	0	0.11632	0	-0.000821	0	1.9886	1	-0.023584	2	2.692589	1	3.092003	1	0.652059	1	2.36087	0	 calming	1888	0.399414	1	cold_38	it was cold	38	D_RANDOM_TOKEN	2	45	it was cold	[270, 373, 4692]	[44907, 17610, 29831]	[44907, 17610, 29831]	3	3	3	3	1	1	NA
 meats landfill underground	1	R	3	1888	1.065236	1	1790	3.776133	[" meats", " landfill", " underground"]	[32219, 47712, 11447]	-0.00705	0	0.11632	0	0.147709	2	1.868241	1	0.224713	2	2.710897	1	3.776133	1	0.239423	0	2.36087	0	 meats	1888	1.065236	1	cold_38	it was cold	38	D_RANDOM_TOKEN	2	46	it was cold	[270, 373, 4692]	[32219, 47712, 11447]	[32219, 47712, 11447]	3	3	3	3	1	1	NA
 dem cost ;)	1	R	3	1888	0.450073	1	1790	3.545733	[" dem", " cost", " ;)"]	[1357, 1575, 35540]	-0.000346	3	0.11632	0	0.912083	2	1.74905	1	-0.075257	2	3.09566	1	3.545733	1	0.239423	0	2.36087	0	 dem	1888	0.450073	1	cold_38	it was cold	38	D_RANDOM_TOKEN	2	47	it was cold	[270, 373, 4692]	[1357, 1575, 35540]	[1357, 1575, 35540]	3	3	3	3	1	1	NA
 Mu Arn Lyft	1	R	3	1888	0.526286	1	1790	2.959951	[" Mu", " Arn", " Lyft"]	[8252, 16644, 38928]	-0.00705	0	0.11632	0	-0.000821	0	0.944652	1	-0.015619	2	2.433665	3	2.959951	1	0.239423	0	2.36087	0	 Mu	1888	0.599082	1	cold_38	it was cold	38	D_RANDOM_TOKEN	2	48	it was cold	[270, 373, 4692]	[8252, 16644, 38928]	[8252, 16644, 38928]	3	3	3	3	1	1	NA
 Saidfi newsletters	1	R	3	1888	0.276978	1	1790	3.039405	[" Said", "fi", " newsletters"]	[23885, 12463, 16983]	-0.003159	2	0.11632	0	-0.000821	0	1.071391	1	0.365948	2	2.762427	1	3.039405	1	0.239423	0	2.36087	0	 Said	1888	0.276978	1	cold_38	it was cold	38	D_RANDOM_TOKEN	2	49	it was cold	[270, 373, 4692]	[23885, 12463, 16983]	[23885, 12463, 16983]	3	3	3	3	1	1	NA
 narrowed intercepted responsive	1	R	3	1790	0.267486	1	1888	3.608964	[" narrowed", " intercepted", " responsive"]	[33214, 29842, 21802]	-0.00705	0	0.11632	0	-0.000821	0	2.250908	1	-0.101742	3	3.608964	1	3.341479	1	0.239423	0	2.36087	0	 narrowed	1790	0.267484	1	cold_38	it was cold	38	D_RANDOM_TOKEN	2	50	it was cold	[270, 373, 4692]	[33214, 29842, 21802]	[33214, 29842, 21802]	3	3	3	3	1	1	NA
htaking ink Grimm	1	R	3	1888	0.734956	2	2256	3.095826	["htaking", " ink", " Grimm"]	[34148, 16882, 27145]	-0.00705	0	0.11632	0	-0.000821	0	0.05385	1	-0.027766	2	2.185089	3	3.095826	2	0.850243	1	2.36087	0	htaking ink	1888	0.734956	1	cold_38	it was cold	38	D_RANDOM_TOKEN	2	51	it was cold	[270, 373, 4692]	[34148, 16882, 27145]	[34148, 16882, 27145]	3	3	3	3	1	1	NA
abouts552Creating	1	R	3	1888	0.005022	1	1898	2.966298	["abouts", "552", "Creating"]	[27880, 40427, 32071]	-0.00705	0	0.11632	0	0.309818	2	-8.9e-05	2	-0.091571	2	2.680549	1	2.966298	1	0.239423	0	2.36087	0	abouts	1888	0.285748	1	cold_38	it was cold	38	D_RANDOM_TOKEN	2	52	it was cold	[270, 373, 4692]	[27880, 40427, 32071]	[27880, 40427, 32071]	3	3	3	3	1	1	NA
 nucle Hikitiveness	1	R	3	1888	0.484641	1	1790	3.390778	[" nucle", " Hik", "itiveness"]	[17751, 39790, 31366]	0.212637	3	0.11632	0	0.727095	1	2.447273	1	-0.058704	2	2.906137	3	3.390778	1	0.239423	0	2.36087	0	 nucle	1888	0.943505	1	cold_38	it was cold	38	D_RANDOM_TOKEN	2	53	it was cold	[270, 373, 4692]	[17751, 39790, 31366]	[17751, 39790, 31366]	3	3	3	3	1	1	NA
 Apostles Parkinson Martian	1	R	3	1888	1.171719	1	1790	3.841299	[" Apostles", " Parkinson", " Martian"]	[43331, 31618, 32508]	-0.00705	0	0.11632	0	-0.000821	0	2.596041	1	-0.011068	1	2.66958	1	3.841299	1	0.239423	0	2.36087	0	 Apostles	1888	1.171719	1	cold_38	it was cold	38	D_RANDOM_TOKEN	2	54	it was cold	[270, 373, 4692]	[43331, 31618, 32508]	[43331, 31618, 32508]	3	3	3	3	1	1	NA
 calmESSIONhetics	1	R	3	464	0.116342	1	1888	2.921484	[" calm", "ESSION", "hetics"]	[9480, 47621, 24965]	-0.00705	0	0.11632	0	0.631766	1	2.921484	1	-0.02586	2	2.298879	1	2.805142	1	0.239423	0	2.36087	0	 calm	464	0.11634	1	cold_38	it was cold	38	D_RANDOM_TOKEN	2	55	it was cold	[270, 373, 4692]	[9480, 47621, 24965]	[9480, 47621, 24965]	3	3	3	3	1	1	NA
armac margins LAST	1	R	3	858	0.390255	3	1888	3.493573	["armac", " margins", " LAST"]	[32813, 20241, 41894]	-0.00705	0	0.11632	0	0.035784	1	-0.033355	0	-0.063738	2	2.649283	1	3.103318	1	0.239423	0	2.36087	0	armac margins LAST	858	0.390255	1	cold_38	it was cold	38	D_RANDOM_TOKEN	2	56	it was cold	[270, 373, 4692]	[32813, 20241, 41894]	[32813, 20241, 41894]	3	3	3	3	1	1	NA
 evasion bark differs	1	R	3	1888	0.080943	1	1790	3.103174	[" evasion", " bark", " differs"]	[30877, 21405, 24242]	-0.00705	0	0.11632	0	0.194735	1	2.180823	1	-0.118369	3	3.022231	1	3.103174	1	0.239423	0	2.36087	0	 evasion	1888	0.080943	1	cold_38	it was cold	38	D_RANDOM_TOKEN	2	57	it was cold	[270, 373, 4692]	[30877, 21405, 24242]	[30877, 21405, 24242]	3	3	3	3	1	1	NA
 suspense Machineillation	1	R	3	1888	0.216678	1	1790	3.119	[" suspense", " Machine", "illation"]	[43527, 10850, 40903]	-0.00705	0	0.11632	0	0.13713	1	2.160785	1	-0.069955	2	2.902323	3	3.119	1	0.239423	0	2.36087	0	 suspense	1888	0.758131	1	cold_38	it was cold	38	D_RANDOM_TOKEN	2	58	it was cold	[270, 373, 4692]	[43527, 10850, 40903]	[43527, 10850, 40903]	3	3	3	3	1	1	NA
ynchron Chattanoogaenfranch	1	R	3	1888	0.30013	1	1790	2.860595	["ynchron", " Chattanooga", "enfranch"]	[24871, 45851, 39827]	-0.00705	0	0.11632	0	0.258192	1	-0.016349	3	-0.024178	2	2.560464	3	2.860595	1	0.239423	0	2.36087	0	ynchron	1888	0.307836	1	cold_38	it was cold	38	D_RANDOM_TOKEN	2	59	it was cold	[270, 373, 4692]	[24871, 45851, 39827]	[24871, 45851, 39827]	3	3	3	3	1	1	NA
 flowing toe WARN	1	R	3	1888	0.412323	1	858	3.130869	[" flowing", " toe", " WARN"]	[17609, 21189, 42660]	-0.00705	0	0.11632	0	0.554055	1	1.783613	1	-0.007997	3	2.565055	1	3.130869	1	0.239423	0	2.36087	0	 flowing	1888	0.565814	1	cold_38	it was cold	38	D_RANDOM_TOKEN	2	60	it was cold	[270, 373, 4692]	[17609, 21189, 42660]	[17609, 21189, 42660]	3	3	3	3	1	1	NA
