idx	stored	current	delta	agree	sentence
0	1888	1888	0.290118	1	Mellybean
1	170	170	0.062140	1	Where the cosmic winds whisper secrets.
2	1888	1888	0.644797	1	A forgotten star chart.
3	1888	1888	0.629413	1	The echo of a distant song.
4	1888	1888	0.535927	1	A planet made of glass.
5	2776	2776	0.042065	1	Some years ago—never mind how long precisely—having little or no money in my purse, and nothing particular to interest m
6	1888	1888	0.242021	1	It is a way I have of driving off the spleen and regulating the circulation.
7	1594	1594	0.271119	1	Whenever I find myself growing grim about the mouth; whenever it is a damp, drizzly November in my soul; whenever I find
8	2659	2659	0.332373	1	This is my substitute for pistol and ball.
9	682	682	0.186038	1	With a philosophical flourish Cato throws himself upon his sword; I quietly take to the ship.
10	192	192	0.200190	1	There is nothing surprising in this.
11	1790	1790	0.163159	1	If they but knew it, almost all men in their degree, some time or other, cherish very nearly the same feelings towards t
12	1308	1308	0.456776	1	There now is your insular city of the Manhattoes, belted round by wharves as Indian isles by coral reefs—commerce surrou
13	541	541	0.544154	1	Right and left, the streets take you waterward.
14	2469	2469	0.219650	1	Its extreme downtown is the battery, where that noble mole is washed by waves, and cooled by breezes, which a few hours 
15	945	945	0.002503	1	Look at the crowds of water-gazers there.
16	1888	1888	0.785527	1	Circumambulate the city of a dreamy Sabbath afternoon.
17	2503	2503	0.726386	1	Go from Corlears Hook to Coenties Slip, and from thence, by Whitehall, northward.
18	2707	2707	0.056696	1	What do you see?—Posted like silent sentinels all around the town, stand thousands upon thousands of mortal men fixed in
19	614	614	0.549395	1	Some leaning against the spiles; some seated upon the pier-heads; some looking over the bulwarks of ships from China; so
20	1098	1098	0.107981	1	But these are all landsmen; of week days pent up in lath and plaster—tied to counters, nailed to benches, clinched to de
21	674	674	0.031386	1	Are the green fields gone?
22	107	107	0.169099	1	here come more crowds, pacing straight for the water, and seemingly bound for a dive.
23	2073	2073	0.180889	1	Nothing will content them but the extremest limit of the land; loitering under the shady lee of yonder warehouses will n
24	2874	2874	0.274694	1	They must get just as nigh the water as they possibly can without falling in.
25	2705	2705	0.220082	1	And there they stand—miles of them—leagues.
26	1888	1888	0.347204	1	Inlanders all, they come from lanes and alleys, streets and avenues—north, east, south, and west.
27	1726	1726	0.033899	1	Yet here they all unite.
28	674	674	0.052260	1	Tell me, does the magnetic virtue of the needles of the compasses of all those ships attract them thither?
29	1821	1821	0.073609	1	Say you are in the country; in some high land of lakes.
30	2874	2874	0.173095	1	Take almost any path you please, and ten to one it carries you down in a dale, and leaves you there by a pool in the str
31	698	698	0.036584	1	There is magic in it.
32	1594	1594	0.513152	1	Let the most absent-minded of men be plunged in his deepest reveries—stand that man on his legs, set his feet a-going, a
33	2241	2241	0.340418	1	Should you ever be athirst in the great American desert, try this experiment, if your caravan happen to be supplied with
34	1600	1600	0.289237	1	Yes, as every one knows, meditation and water are wedded for ever.
35	1888	1888	0.286565	1	But here is an artist.
36	2659	2659	1.549712	1	He desires to paint you the dreamiest, shadiest, quietest, most enchanting bit of romantic landscape in all the valley o
37	1888	1888	0.475698	1	What is the chief element he employs?
38	548	548	1.652588	1	There stand his trees, each with a hollow trunk, as if a hermit and a crucifix were within; and here sleeps his meadow, 
39	2073	2073	0.352945	1	Deep into distant woodlands winds a mazy way, reaching to overlapping spurs of mountains bathed in their hill-side blue.
40	1147	1147	0.603420	1	But though the picture lies thus tranced, and though this pine-tree shakes down its sighs like leaves upon this shepherd
41	1278	1278	0.214692	1	Go visit the Prairies in June, when for scores on scores of miles you wade knee-deep among Tiger-lilies—what is the one 
42	2208	2208	0.061275	1	Were Niagara but a cataract of sand, would you travel your thousand miles to see it?
43	1642	1642	0.398631	1	Why did the poor poet of Tennessee, upon suddenly receiving two handfuls of silver, deliberate whether to buy him a coat
44	429	429	0.266227	1	Why is almost every robust healthy boy with a robust healthy soul in him, at some time or other crazy to go to sea?
45	2869	2869	0.390669	1	Why upon your first voyage as a passenger, did you yourself feel such a mystical vibration, when first told that you and
46	2029	2029	0.288639	1	Why did the old Persians hold the sea holy?
47	1790	1790	0.281297	1	Why did the Greeks give it a separate deity, and own brother of Jove?
48	3017	3017	0.128879	1	Surely all this is not without meaning.
49	2469	2469	0.019922	1	And still deeper the meaning of that story of Narcissus, who because he could not grasp the tormenting, mild image he sa
50	1888	1888	0.202240	1	But that same image, we ourselves see in all rivers and oceans.
51	1888	1888	0.179313	1	It is the image of the ungraspable phantom of life; and this is the key to it all.
52	2315	2315	0.656748	1	Now, when I say that I am in the habit of going to sea whenever I begin to grow hazy about the eyes, and begin to be ove
53	2761	2761	0.045086	1	For to go as a passenger you must needs have a purse, and a purse is but a rag unless you have something in it.
54	8	8	0.043381	1	Besides, passengers get sea-sick—grow quarrelsome—don’t sleep of nights—do not enjoy themselves much, as a general thing
55	405	405	0.371183	1	I abandon the glory and distinction of such offices to those who like them.
56	2286	2286	0.289690	1	For my part, I abominate all honorable respectable toils, trials, and tribulations of every kind whatsoever.
57	1718	1718	0.383122	1	It is quite as much as I can do to take care of myself, without taking care of ships, barques, brigs, schooners, and wha
58	1594	1594	0.250526	1	And as for going as cook,—though I confess there is considerable glory in that, a cook being a sort of officer on ship-b
59	1640	1640	0.005254	1	It is out of the idolatrous dotings of the old Egyptians upon broiled ibis and roasted river horse, that you see the mum
60	1790	1790	0.034412	1	No, when I go to sea, I go as a simple sailor, right before the mast, plumb down into the forecastle, aloft there to the
61	1888	1888	0.060907	1	True, they rather order me about some, and make me jump from spar to spar, like a grasshopper in a May meadow.
62	2861	2861	0.155720	1	And at first, this sort of thing is unpleasant enough.
63	1055	1055	0.204227	1	It touches one’s sense of honor, particularly if you come of an old established family in the land, the Van Rensselaers,
64	2874	2874	0.559672	1	And more than all, if just previous to putting your hand into the tar-pot, you have been lording it as a country schoolm
65	1888	1888	0.164570	1	The transition is a keen one, I assure you, from a schoolmaster to a sailor, and requires a strong decoction of Seneca a
66	1780	1780	0.257202	1	But even this wears off in time.
67	1888	1888	0.076955	1	What of it, if some old hunks of a sea-captain orders me to get a broom and sweep down the decks?
68	674	674	0.140471	1	What does that indignity amount to, weighed, I mean, in the scales of the New Testament?
69	2073	2073	0.915803	1	Do you think the archangel Gabriel thinks anything the less of me, because I promptly and respectfully obey that old hun
70	1843	1843	0.079512	1	Well, then, however the old sea-captains may order me about—however they may thump and punch me about, I have the satisf
71	84	84	0.016287	1	Again, I always go to sea as a sailor, because they make a point of paying me for my trouble, whereas they never pay pas
72	2528	2528	0.388008	1	On the contrary, passengers themselves must pay.
73	1642	1642	0.357735	1	And there is all the difference in the world between paying and being paid.
74	1888	1888	0.198840	1	The act of paying is perhaps the most uncomfortable infliction that the two orchard thieves entailed upon us.
75	1888	1888	0.046306	1	But _being paid_,—what will compare with it?
76	2874	2874	0.155700	1	The urbane activity with which a man receives money is really marvellous, considering that we so earnestly believe money
77	2166	2166	0.101332	1	how cheerfully we consign ourselves to perdition!
78	84	84	0.001470	1	Finally, I always go to sea as a sailor, because of the wholesome exercise and pure air of the fore-castle deck.
79	1797	1797	0.457258	1	For as in this world, head winds are far more prevalent than winds from astern (that is, if you never violate the Pythag
80	1206	1206	0.321946	1	He thinks he breathes it first; but not so.
81	1888	1888	0.429679	1	In much the same way do the commonalty lead their leaders in many other things, at the same time that the leaders little
82	1558	1558	0.099797	1	But wherefore it was that after having repeatedly smelt the sea as a merchant sailor, I should now take it into my head 
83	1957	1957	0.067700	1	And, doubtless, my going on this whaling voyage, formed part of the grand programme of Providence that was drawn up a lo
84	1888	1888	0.119520	1	It came in as a sort of brief interlude and solo between more extensive performances.
85	1795	1795	0.084775	1	I take it that this part of the bill must have run something like this: “_Grand Contested Election for the Presidency of
86	1594	1594	0.090597	1	“BLOODY BATTLE IN AFFGHANISTAN.” Though I cannot tell why it was exactly that those stage managers, the Fates, put me do
87	1098	1098	0.126783	1	Chief among these motives was the overwhelming idea of the great whale himself.
88	1790	1790	0.000501	1	Such a portentous and mysterious monster roused all my curiosity.
89	313	313	0.186206	1	Then the wild and distant seas where he rolled his island bulk; the undeliverable, nameless perils of the whale; these, 
90	1888	1888	0.031823	1	With other men, perhaps, such things would not have been inducements; but as for me, I am tormented with an everlasting 
91	1888	1888	0.444396	1	I love to sail forbidden seas, and land on barbarous coasts.
92	935	935	0.099307	1	Not ignoring what is good, I am quick to perceive a horror, and could still be social with it—would they let me—since it
93	2292	2292	0.089943	1	By reason of these things, then, the whaling voyage was welcome; the great flood-gates of the wonder-world swung open, a
94	1888	1888	0.359877	1	I stuffed a shirt or two into my old carpet-bag, tucked it under my arm, and started for Cape Horn and the Pacific.
95	1888	1888	0.415002	1	Quitting the good city of old Manhatto, I duly arrived in New Bedford.
96	1888	1888	0.728547	1	It was a Saturday night in December.
97	1256	1256	0.369621	1	Much was I disappointed upon learning that the little packet for Nantucket had already sailed, and that no way of reachi
98	429	429	0.639120	1	As most young candidates for the pains and penalties of whaling stop at this same New Bedford, thence to embark on their
99	1594	1594	0.003731	1	For my mind was made up to sail in no other than a Nantucket craft, because there was a fine, boisterous something about
100	2286	2286	0.034370	1	Besides though New Bedford has of late been gradually monopolising the business of whaling, and though in this matter po
101	2874	2874	0.203899	1	Where else but from Nantucket did those aboriginal whalemen, the Red-Men, first sally out in canoes to give chase to the
102	548	548	0.811272	1	And where but from Nantucket, too, did that first adventurous little sloop put forth, partly laden with imported cobbles
103	2659	2659	0.542115	1	Now having a night, a day, and still another night following before me in New Bedford, ere I could embark for my destine
104	2874	2874	0.040394	1	It was a very dubious-looking, nay, a very dark and dismal night, bitingly cold and cheerless.
105	2073	2073	0.274589	1	I knew no one in the place.
106	2467	2467	0.434044	1	With anxious grapnels I had sounded my pocket, and only brought up a few pieces of silver,—So, wherever you go, Ishmael,
107	2874	2874	0.313626	1	With halting steps I paced the streets, and passed the sign of “The Crossed Harpoons”—but it looked too expensive and jo
108	2659	2659	0.104233	1	Further on, from the bright red windows of the “Sword-Fish Inn,” there came such fervent rays, that it seemed to have me
109	2874	2874	0.036719	1	Too expensive and jolly, again thought I, pausing one moment to watch the broad glare in the street, and hear the sounds
110	8	8	0.170120	1	But go on, Ishmael, said I at last; don’t you hear?
111	2019	2019	0.949622	1	get away from before the door; your patched boots are stopping the way.
112	2659	2659	1.360725	1	I now by instinct followed the streets that took me waterward, for there, doubtless, were the cheapest, if not the cheer
113	1790	1790	0.146129	1	blocks of blackness, not houses, on either hand, and here and there a candle, like a candle moving about in a tomb.
114	2031	2031	0.655920	1	At this hour of the night, of the last day of the week, that quarter of the town proved all but deserted.
115	1594	1594	0.340018	1	But presently I came to a smoky light proceeding from a low, wide building, the door of which stood invitingly open.
116	2073	2073	0.102847	1	It had a careless look, as if it were meant for the uses of the public; so, entering, the first thing I did was to stumb
117	1131	1131	0.042745	1	thought I, ha, as the flying particles almost choked me, are these ashes from that destroyed city, Gomorrah?
118	688	688	0.403588	1	But “The Crossed Harpoons,” and “The Sword-Fish?”—this, then must needs be the sign of “The Trap.” However, I picked mys
119	2707	2707	0.395092	1	It seemed the great Black Parliament sitting in Tophet.
120	1888	1888	0.032870	1	A hundred black faces turned round in their rows to peer; and beyond, a black Angel of Doom was beating a book in a pulp
121	2659	2659	0.599680	1	It was a negro church; and the preacher’s text was about the blackness of darkness, and the weeping and wailing and teet
122	1594	1594	0.392270	1	Ha, Ishmael, muttered I, backing out, Wretched entertainment at the sign of ‘The Trap!’ Moving on, I at last came to a d
123	1178	1178	0.009036	1	But it is a common name in Nantucket, they say, and I suppose this Peter here is an emigrant from there.
124	2073	2073	0.402736	1	As the light looked so dim, and the place, for the time, looked quiet enough, and the dilapidated little wooden house it
125	1888	1888	0.248222	1	It was a queer sort of place—a gable-ended old house, one side palsied as it were, and leaning over sadly.
126	2528	2528	0.110032	1	It stood on a sharp bleak corner, where that tempestuous wind Euroclydon kept up a worse howling than ever it did about 
127	1974	1974	0.344911	1	Euroclydon, nevertheless, is a mighty pleasant zephyr to any one in-doors, with his feet on the hob quietly toasting for
128	2874	2874	0.185202	1	“In judging of that tempestuous wind called Euroclydon,” says an old writer—of whose works I possess the only copy extan
129	1098	1098	0.999392	1	Yes, these eyes are windows, and this body of mine is the house.
130	541	541	0.334232	1	What a pity they didn’t stop up the chinks and the crannies though, and thrust in a little lint here and there.
131	1790	1790	0.032132	1	But it’s too late to make any improvements now.
132	1888	1888	0.109369	1	The universe is finished; the copestone is on, and the chips were carted off a million years ago.
133	1790	1790	0.193694	1	Poor Lazarus there, chattering his teeth against the curbstone for his pillow, and shaking off his tatters with his shiv
134	256	256	0.427427	1	says old Dives, in his red silken wrapper—(he had a redder one afterwards) pooh, pooh!
135	1523	1523	0.072901	1	What a fine frosty night; how Orion glitters; what northern lights!
136	2305	2305	0.067892	1	Let them talk of their oriental summer climes of everlasting conservatories; give me the privilege of making my own summ
137	2073	2073	0.057550	1	Can he warm his blue hands by holding them up to the grand northern lights?
138	2265	2265	0.253671	1	Would not Lazarus rather be in Sumatra than here?
139	1934	1934	0.030856	1	Would he not far rather lay him down lengthwise along the line of the equator; yea, ye gods!
140	2175	2175	0.121421	1	go down to the fiery pit itself, in order to keep out this frost?
141	2609	2609	0.276661	1	Now, that Lazarus should lie stranded there on the curbstone before the door of Dives, this is more wonderful than that 
142	2094	2094	0.631474	1	Yet Dives himself, he too lives like a Czar in an ice palace made of frozen sighs, and being a president of a temperance
143	1974	1974	0.533070	1	But no more of this blubbering now, we are going a-whaling, and there is plenty of that yet to come.
144	1718	1718	0.003853	1	Let us scrape the ice from our frosted feet, and see what sort of a place this “Spouter” may be.
145	1430	1430	0.804054	1	Entering that gable-ended Spouter-Inn, you found yourself in a wide, low, straggling entry with old-fashioned wainscots,
146	2528	2528	0.045769	1	On one side hung a very large oilpainting so thoroughly besmoked, and every way defaced, that in the unequal crosslights
147	2659	2659	0.662814	1	Such unaccountable masses of shades and shadows, that at first you almost thought some ambitious young artist, in the ti
148	2073	2073	0.117272	1	But by dint of much and earnest contemplation, and oft repeated ponderings, and especially by throwing open the little w
149	2659	2659	0.694650	1	But what most puzzled and confounded you was a long, limber, portentous, black mass of something hovering in the centre 
150	2874	2874	0.280339	1	A boggy, soggy, squitchy picture truly, enough to drive a nervous man distracted.
151	674	674	0.801315	1	Yet was there a sort of indefinite, half-attained, unimaginable sublimity about it that fairly froze you to it, till you
152	62	62	0.488188	1	Ever and anon a bright, but, alas, deceptive idea would dart you through.—It’s the Black Sea in a midnight gale.—It’s th
153	2874	2874	0.416907	1	But at last all these fancies yielded to that one portentous something in the picture’s midst.
154	1552	1552	0.114825	1	_That_ once found out, and all the rest were plain.
155	2476	2476	0.716182	1	But stop; does it not bear a faint resemblance to a gigantic fish?
156	801	801	0.525662	1	even the great leviathan himself?
157	1888	1888	0.127691	1	In fact, the artist’s design seemed this: a final theory of my own, partly based upon the aggregated opinions of many ag
158	2073	2073	0.113449	1	The picture represents a Cape-Horner in a great hurricane; the half-foundered ship weltering there with its three disman
159	1888	1888	0.022097	1	The opposite wall of this entry was hung all over with a heathenish array of monstrous clubs and spears.
160	1594	1594	0.249090	1	Some were thickly set with glittering teeth resembling ivory saws; others were tufted with knots of human hair; and one 
161	2287	2287	0.017225	1	You shuddered as you gazed, and wondered what monstrous cannibal and savage could ever have gone a death-harvesting with
162	698	698	0.095153	1	Mixed with these were rusty old whaling lances and harpoons all broken and deformed.
163	1642	1642	0.675825	1	With this once long lance, now wildly elbowed, fifty years ago did Nathan Swain kill fifteen whales between a sunrise an
164	105	105	0.192291	1	And that harpoon—so like a corkscrew now—was flung in Javan seas, and run away with by a whale, years afterwards slain o
165	1888	1888	0.143697	1	The original iron entered nigh the tail, and, like a restless needle sojourning in the body of a man, travelled full for
166	2874	2874	0.031359	1	Crossing this dusky entry, and on through yon low-arched way—cut through what in old times must have been a great centra
167	1790	1790	0.143121	1	A still duskier place is this, with such low ponderous beams above, and such old wrinkled planks beneath, that you would
168	548	548	1.217072	1	On one side stood a long, low, shelf-like table covered with cracked glass cases, filled with dusty rarities gathered fr
169	2073	2073	0.318943	1	Projecting from the further angle of the room stands a dark-looking den—the bar—a rude attempt at a right whale’s head.
170	2761	2761	0.613708	1	Be that how it may, there stands the vast arched bone of the whale’s jaw, so wide, a coach might almost drive beneath it
171	1318	1318	0.015766	1	Within are shabby shelves, ranged round with old decanters, bottles, flasks; and in those jaws of swift destruction, lik
172	1409	1409	0.090339	1	Abominable are the tumblers into which he pours his poison.
173	1594	1594	0.770613	1	Though true cylinders without—within, the villanous green goggling glasses deceitfully tapered downwards to a cheating b
174	1594	1594	0.019498	1	Parallel meridians rudely pecked into the glass, surround these footpads’ goblets.
175	1790	1790	0.387326	1	Fill to _this_ mark, and your charge is but a penny; to _this_ a penny more; and so on to the full glass—the Cape Horn m
176	2073	2073	0.418987	1	Upon entering the place I found a number of young seamen gathered about a table, examining by a dim light divers specime
177	2265	2265	0.074728	1	I sought the landlord, and telling him I desired to be accommodated with a room, received for answer that his house was 
178	688	688	0.048186	1	“But avast,” he added, tapping his forehead, “you haint no objections to sharing a harpooneer’s blanket, have ye?
179	1100	1100	0.313832	1	I s’pose you are goin’ a-whalin’, so you’d better get used to that sort of thing.” I told him that I never liked to slee
180	1581	1581	0.058502	1	All right; take a seat.
181	8	8	0.106193	1	Supper’ll be ready directly.” I sat down on an old wooden settle, carved all over like a bench on the Battery.
182	1642	1642	0.579186	1	At one end a ruminating tar was still further adorning it with his jack-knife, stooping over and diligently working away
183	2978	2978	0.131998	1	He was trying his hand at a ship under full sail, but he didn’t make much headway, I thought.
184	273	273	0.198547	1	At last some four or five of us were summoned to our meal in an adjoining room.
185	38	38	0.136566	1	It was cold as Iceland—no fire at all—the landlord said he couldn’t afford it.
186	1790	1790	0.293891	1	Nothing but two dismal tallow candles, each in a winding sheet.
187	3047	3047	0.014018	1	We were fain to button up our monkey jackets, and hold to our lips cups of scalding tea with our half frozen fingers.
188	2051	2051	0.174122	1	But the fare was of the most substantial kind—not only meat and potatoes, but dumplings; good heavens!
189	2874	2874	0.263740	1	One young fellow in a green box coat, addressed himself to these dumplings in a most direful manner.
190	688	688	0.505683	1	“My boy,” said the landlord, “you’ll have the nightmare to a dead sartainty.” “Landlord,” I whispered, “that aint the ha
191	8	8	0.125354	1	He never eats dumplings, he don’t—he eats nothing but steaks, and he likes ’em rare.” “The devil he does,” says I.
192	8	8	0.075297	1	Is he here?” “He’ll be here afore long,” was the answer.
193	1790	1790	0.016846	1	I could not help it, but I began to feel suspicious of this “dark complexioned” harpooneer.
194	219	219	0.007650	1	At any rate, I made up my mind that if it so turned out that we should sleep together, he must undress and get into bed 
195	73	73	0.425235	1	Supper over, the company went back to the bar-room, when, knowing not what else to do with myself, I resolved to spend t
196	1888	1888	1.064642	1	Presently a rioting noise was heard without.
197	8	8	0.169515	1	Starting up, the landlord cried, “That’s the Grampus’s crew.
198	1888	1888	0.047062	1	I seed her reported in the offing this morning; a three years’ voyage, and a full ship.
199	8	8	0.075925	1	Hurrah, boys; now we’ll have the latest news from the Feegees.” A tramping of sea boots was heard in the entry; the door
200	2215	2215	0.026118	1	Enveloped in their shaggy watch coats, and with their heads muffled in woollen comforters, all bedarned and ragged, and 
201	2073	2073	0.361325	1	They had just landed from their boat, and this was the first house they entered.
202	935	935	0.046748	1	No wonder, then, that they made a straight wake for the whale’s mouth—the bar—when the wrinkled little old Jonah, there 
203	1445	1445	0.222122	1	One complained of a bad cold in his head, upon which Jonah mixed him a pitch-like potion of gin and molasses, which he s
204	1594	1594	0.196293	1	The liquor soon mounted into their heads, as it generally does even with the arrantest topers newly landed from sea, and
205	2807	2807	0.193143	1	I observed, however, that one of them held somewhat aloof, and though he seemed desirous not to spoil the hilarity of hi
206	386	386	0.162024	1	This man interested me at once; and since the sea-gods had ordained that he should soon become my shipmate (though but a
207	2333	2333	0.024870	1	He stood full six feet in height, with noble shoulders, and a chest like a coffer-dam.
208	1888	1888	0.057942	1	I have seldom seen such brawn in a man.
209	2073	2073	0.041227	1	His face was deeply brown and burnt, making his white teeth dazzling by the contrast; while in the deep shadows of his e
210	1888	1888	0.127421	1	His voice at once announced that he was a Southerner, and from his fine stature, I thought he must be one of those tall 
211	1888	1888	0.159495	1	When the revelry of his companions had mounted to its height, this man slipped away unobserved, and I saw no more of him
212	1888	1888	0.023271	1	In a few minutes, however, he was missed by his shipmates, and being, it seems, for some reason a huge favourite with th
213	8	8	0.242986	1	where’s Bulkington?” and darted out of the house in pursuit of him.
214	2874	2874	0.725134	1	It was now about nine o’clock, and the room seeming almost supernaturally quiet after these orgies, I began to congratul
215	1888	1888	0.262932	1	No man prefers to sleep two in a bed.
216	1888	1888	0.148306	1	In fact, you would a good deal rather not sleep with your own brother.
217	8	8	0.430977	1	I don’t know how it is, but people like to be private when they are sleeping.
218	2807	2807	0.284628	1	And when it comes to sleeping with an unknown stranger, in a strange inn, in a strange town, and that stranger a harpoon
219	62	62	0.114477	1	Nor was there any earthly reason why I as a sailor should sleep two in a bed, more than anybody else; for sailors no mor
220	2599	2599	0.101184	1	To be sure they all sleep together in one apartment, but you have your own hammock, and cover yourself with your own bla
221	2315	2315	0.344597	1	The more I pondered over this harpooneer, the more I abominated the thought of sleeping with him.
222	2761	2761	0.690976	1	It was fair to presume that being a harpooneer, his linen or woollen, as the case might be, would not be of the tidiest,
223	1681	1681	0.122711	1	I began to twitch all over.
224	1790	1790	0.115508	1	Besides, it was getting late, and my decent harpooneer ought to be home and going bedwards.
225	1888	1888	0.614918	1	Suppose now, he should tumble in upon me at midnight—how could I tell from what vile hole he had been coming?
226	1790	1790	0.260309	1	I’ve changed my mind about that harpooneer.—I shan’t sleep with him.
227	2659	2659	0.330496	1	I’ll try the bench here.” “Just as you please; I’m sorry I can’t spare ye a tablecloth for a mattress, and it’s a plaguy
228	2073	2073	1.162427	1	“But wait a bit, Skrimshander; I’ve got a carpenter’s plane there in the bar—wait, I say, and I’ll make ye snug enough.”
229	541	541	0.422700	1	The shavings flew right and left; till at last the plane-iron came bump against an indestructible knot.
230	1888	1888	0.099790	1	The landlord was near spraining his wrist, and I told him for heaven’s sake to quit—the bed was soft enough to suit me, 
231	1783	1783	0.172578	1	So gathering up the shavings with another grin, and throwing them into the great stove in the middle of the room, he wen
232	2874	2874	0.106993	1	I now took the measure of the bench, and found that it was a foot too short; but that could be mended with a chair.
233	2073	2073	0.152508	1	But it was a foot too narrow, and the other bench in the room was about four inches higher than the planed one—so there 
234	1790	1790	0.271739	1	I then placed the first bench lengthwise along the only clear space against the wall, leaving a little interval between,
235	1745	1745	0.053739	1	But I soon found that there came such a draught of cold air over me from under the sill of the window, that this plan wo
236	8	8	0.118202	1	The devil fetch that harpooneer, thought I, but stop, couldn’t I steal a march on him—bolt his door inside, and jump int
237	1888	1888	0.472373	1	It seemed no bad idea; but upon second thoughts I dismissed it.
238	2576	2576	0.021675	1	For who could tell but what the next morning, so soon as I popped out of the room, the harpooneer might be standing in t
239	8	8	0.168190	1	Still, looking round me again, and seeing no possible chance of spending a sufferable night unless in some other person’
240	1888	1888	0.225643	1	Thinks I, I’ll wait awhile; he must be dropping in before long.
241	202	202	0.048568	1	I’ll have a good look at him then, and perhaps we may become jolly good bedfellows after all—there’s no telling.
242	2659	2659	0.707796	1	But though the other boarders kept coming in by ones, twos, and threes, and going to bed, yet no sign of my harpooneer.
243	2874	2874	0.288077	1	“Landlord!” said I, “what sort of a chap is he—does he always keep such late hours?” It was now hard upon twelve o’clock
244	1888	1888	0.004884	1	The landlord chuckled again with his lean chuckle, and seemed to be mightily tickled at something beyond my comprehensio
245	2073	2073	0.545713	1	“No,” he answered, “generally he’s an early bird—airley to bed and airley to rise—yes, he’s the bird what catches the wo
246	2572	2572	0.095054	1	But to-night he went out a peddling, you see, and I don’t see what on airth keeps him so late, unless, may be, he can’t 
247	548	548	0.746436	1	“Do you pretend to say, landlord, that this harpooneer is actually engaged this blessed Saturday night, or rather Sunday
248	1210	1210	0.003058	1	“With heads to be sure; ain’t there too many heads in the world?” “I tell you what it is, landlord,” said I quite calmly
249	688	688	0.070797	1	“It’s broke a’ready,” said he.
250	2864	2864	0.330502	1	“Broke,” said I—“_broke_, do you mean?” “Sartain, and that’s the very reason he can’t sell it, I guess.” “Landlord,” sai
251	1790	1790	0.293213	1	Hecla in a snow-storm—“landlord, stop whittling.
252	541	541	0.294234	1	You and I must understand one another, and that too without delay.
253	1151	1151	0.105884	1	I come to your house and want a bed; you tell me you can only give me half a one; that the other half belongs to a certa
254	2659	2659	0.194407	1	And about this harpooneer, whom I have not yet seen, you persist in telling me the most mystifying and exasperating stor
255	2265	2265	0.238615	1	I now demand of you to speak out and tell me who and what this harpooneer is, and whether I shall be in all respects saf
256	541	541	0.725814	1	And in the first place, you will be so good as to unsay that story about selling his head, which if true I take to be go
257	1405	1405	0.120075	1	But be easy, be easy, this here harpooneer I have been tellin’ you of has just arrived from the south seas, where he bou
258	870	870	0.227953	1	He wanted to, last Sunday, but I stopped him just as he was goin’ out of the door with four heads strung on a string, fo
259	688	688	0.095285	1	“Depend upon it, landlord, that harpooneer is a dangerous man.” “He pays reg’lar,” was the rejoinder.
260	2073	2073	0.372994	1	“But come, it’s getting dreadful late, you had better be turning flukes—it’s a nice bed; Sal and me slept in that ere be
261	8	8	0.286353	1	There’s plenty of room for two to kick about in that bed; it’s an almighty big bed that.
262	3028	3028	0.225390	1	Why, afore we give it up, Sal used to put our Sam and little Johnny in the foot of it.
263	2528	2528	0.029317	1	But I got a dreaming and sprawling about one night, and somehow, Sam got pitched on the floor, and came near breaking hi
264	8	8	0.006582	1	Arter that, Sal said it wouldn’t do.
265	2145	2145	0.375224	1	Come along here, I’ll give ye a glim in a jiffy;” and so saying he lighted a candle and held it towards me, offering to 
266	2864	2864	0.427863	1	But I stood irresolute; when looking at a clock in the corner, he exclaimed “I vum it’s Sunday—you won’t see that harpoo
267	688	688	0.502886	1	“There,” said the landlord, placing the candle on a crazy old sea chest that did double duty as a wash-stand and centre 
268	1888	1888	0.550563	1	Folding back the counterpane, I stooped over the bed.
269	1594	1594	0.443453	1	Though none of the most elegant, it yet stood the scrutiny tolerably well.
270	2073	2073	0.280244	1	I then glanced round the room; and besides the bedstead and centre table, could see no other furniture belonging to the 
271	2031	2031	0.107125	1	Of things not properly belonging to the room, there was a hammock lashed up, and thrown upon the floor in one corner; al
272	1094	1094	0.275842	1	Likewise, there was a parcel of outlandish bone fish hooks on the shelf over the fire-place, and a tall harpoon standing
273	2528	2528	0.233898	1	But what is this on the chest?
274	1558	1558	0.262814	1	I took it up, and held it close to the light, and felt it, and smelt it, and tried every way possible to arrive at some 
275	2476	2476	0.955082	1	I can compare it to nothing but a large door mat, ornamented at the edges with little tinkling tags something like the s
276	45	45	0.702380	1	There was a hole or slit in the middle of this mat, as you see the same in South American ponchos.
277	385	385	0.113609	1	But could it be possible that any sober harpooneer would get into a door mat, and parade the streets of any Christian to
278	1888	1888	0.030393	1	I put it on, to try it, and it weighed me down like a hamper, being uncommonly shaggy and thick, and I thought a little 
279	1888	1888	0.500984	1	I went up in it to a bit of glass stuck against the wall, and I never saw such a sight in my life.
280	2943	2943	0.304211	1	I tore myself out of it in such a hurry that I gave myself a kink in the neck.
281	2073	2073	0.122281	1	I sat down on the side of the bed, and commenced thinking about this head-peddling harpooneer, and his door mat.
282	273	273	0.006739	1	After thinking some time on the bed-side, I got up and took off my monkey jacket, and then stood in the middle of the ro
283	1888	1888	0.157395	1	I then took off my coat, and thought a little more in my shirt sleeves.
284	2304	2304	0.124593	1	But beginning to feel very cold now, half undressed as I was, and remembering what the landlord said about the harpoonee
285	2432	2432	0.088041	1	Whether that mattress was stuffed with corn-cobs or broken crockery, there is no telling, but I rolled about a good deal
286	2073	2073	0.458636	1	At last I slid off into a light doze, and had pretty nearly made a good offing towards the land of Nod, when I heard a h
287	3052	3052	0.410913	1	Lord save me, thinks I, that must be the harpooneer, the infernal head-peddler.
288	1306	1306	0.310529	1	But I lay perfectly still, and resolved not to say a word till spoken to.
289	2528	2528	1.025589	1	Holding a light in one hand, and that identical New Zealand head in the other, the stranger entered the room, and withou
290	2761	2761	0.412710	1	I was all eagerness to see his face, but he kept it averted for some time while employed in unlacing the bag’s mouth.
291	690	690	0.157188	1	This accomplished, however, he turned round—when, good heavens!
292	541	541	0.107626	1	It was of a dark, purplish, yellow colour, here and there stuck over with large blackish looking squares.
293	1594	1594	0.207934	1	Yes, it’s just as I thought, he’s a terrible bedfellow; he’s been in a fight, got dreadfully cut, and here he is, just f
294	2874	2874	0.088682	1	But at that moment he chanced to turn his face so towards the light, that I plainly saw they could not be sticking-plast
295	1790	1790	0.208786	1	They were stains of some sort or other.
296	2373	2373	0.119427	1	At first I knew not what to make of this; but soon an inkling of the truth occurred to me.
297	2741	2741	0.156664	1	I remembered a story of a white man—a whaleman too—who, falling among the cannibals, had been tattooed by them.
298	1888	1888	0.290817	1	I concluded that this harpooneer, in the course of his distant voyages, must have met with a similar adventure.
299	690	690	0.104141	1	And what is it, thought I, after all!
300	8	8	0.116406	1	It’s only his outside; a man can be honest in any sort of skin.
301	1807	1807	0.236007	1	But then, what to make of his unearthly complexion, that part of it, I mean, lying round about, and completely independe
302	1199	1199	0.218635	1	To be sure, it might be nothing but a good coat of tropical tanning; but I never heard of a hot sun’s tanning a white ma
303	1098	1098	0.458775	1	However, I had never been in the South Seas; and perhaps the sun there produced these extraordinary effects upon the ski
304	1678	1678	0.526577	1	Now, while all these ideas were passing through me like lightning, this harpooneer never noticed me at all.
305	2874	2874	0.288524	1	But, after some difficulty having opened his bag, he commenced fumbling in it, and presently pulled out a sort of tomaha
306	1888	1888	0.204957	1	Placing these on the old chest in the middle of the room, he then took the New Zealand head—a ghastly thing enough—and c
307	2874	2874	0.176151	1	He now took off his hat—a new beaver hat—when I came nigh singing out with fresh surprise.
308	232	232	0.131477	1	There was no hair on his head—none to speak of at least—nothing but a small scalp-knot twisted up on his forehead.
309	1888	1888	0.324363	1	His bald purplish head now looked for all the world like a mildewed skull.
310	1642	1642	0.719248	1	Had not the stranger stood between me and the door, I would have bolted out of it quicker than ever I bolted a dinner.
311	273	273	0.229072	1	Even as it was, I thought something of slipping out of the window, but it was the second floor back.
312	8	8	0.156080	1	I am no coward, but what to make of this head-peddling purple rascal altogether passed my comprehension.
313	2609	2609	1.210713	1	Ignorance is the parent of fear, and being completely nonplussed and confounded about the stranger, I confess I was now 
314	1291	1291	0.043218	1	In fact, I was so afraid of him that I was not game enough just then to address him, and demand a satisfactory answer co
315	1888	1888	0.088953	1	Meanwhile, he continued the business of undressing, and at last showed his chest and arms.
316	1098	1098	0.026374	1	As I live, these covered parts of him were checkered with the same squares as his face; his back, too, was all over the 
317	2331	2331	0.037997	1	Still more, his very legs were marked, as if a parcel of dark green frogs were running up the trunks of young palms.
318	2073	2073	0.027910	1	It was now quite plain that he must be some abominable savage or other shipped aboard of a whaleman in the South Seas, a
319	1888	1888	0.464558	1	I quaked to think of it.
320	1888	1888	0.123211	1	A peddler of heads too—perhaps the heads of his own brothers.
321	1888	1888	0.062611	1	He might take a fancy to mine—heavens!
322	1790	1790	0.050255	1	But there was no time for shuddering, for now the savage went about something that completely fascinated my attention, a
323	2098	2098	0.442392	1	Going to his heavy grego, or wrapall, or dreadnaught, which he had previously hung on a chair, he fumbled in the pockets
324	392	392	0.383020	1	Remembering the embalmed head, at first I almost thought that this black manikin was a real baby preserved in some simil
325	3055	3055	0.001845	1	But seeing that it was not at all limber, and that it glistened a good deal like polished ebony, I concluded that it mus
326	2233	2233	0.011078	1	For now the savage goes up to the empty fire-place, and removing the papered fire-board, sets up this little hunch-backe
327	1888	1888	0.249283	1	The chimney jambs and all the bricks inside were very sooty, so that I thought this fire-place made a very appropriate l
328	2572	2572	0.061973	1	I now screwed my eyes hard towards the half hidden image, feeling but ill at ease meantime—to see what was next to follo
329	2451	2451	0.008033	1	First he takes about a double handful of shavings out of his grego pocket, and places them carefully before the idol; th
330	1888	1888	0.339449	1	Presently, after many hasty snatches into the fire, and still hastier withdrawals of his fingers (whereby he seemed to b
331	1821	1821	0.038522	1	But the little devil did not seem to fancy such dry sort of fare at all; he never moved his lips.
332	994	994	0.041251	1	All these strange antics were accompanied by still stranger guttural noises from the devotee, who seemed to be praying i
333	2864	2864	0.255588	1	At last extinguishing the fire, he took the idol up very unceremoniously, and bagged it again in his grego pocket as car
334	2265	2265	0.219933	1	All these queer proceedings increased my uncomfortableness, and seeing him now exhibiting strong symptoms of concluding 
335	1888	1888	0.171340	1	But the interval I spent in deliberating what to say, was a fatal one.
336	2073	2073	0.098604	1	Taking up his tomahawk from the table, he examined the head of it for an instant, and then holding it to the light, with
337	2073	2073	0.091663	1	The next moment the light was extinguished, and this wild cannibal, tomahawk between his teeth, sprang into bed with me.
338	1888	1888	0.097215	1	I sang out, I could not help it now; and giving a sudden grunt of astonishment he began feeling me.
339	1937	1937	0.135935	1	Stammering out something, I knew not what, I rolled away from him against the wall, and then conjured him, whoever or wh
340	147	147	0.006876	1	But his guttural responses satisfied me at once that he but ill comprehended my meaning.
341	1790	1790	0.072865	1	“Who-e debel you?”—he at last said—“you no speak-e, dam-me, I kill-e.” And so saying the lighted tomahawk began flourish
342	1790	1790	0.618159	1	“Landlord, for God’s sake, Peter Coffin!” shouted I.
343	1790	1790	0.018627	1	tell-ee me who-ee be, or dam-me, I kill-e!” again growled the cannibal, while his horrid flourishings of the tomahawk sc
344	2051	2051	0.157225	1	But thank heaven, at that moment the landlord came into the room light in hand, and leaping from the bed I ran up to him
345	2469	2469	0.025219	1	“Don’t be afraid now,” said he, grinning again, “Queequeg here wouldn’t harm a hair of your head.” “Stop your grinning,”
346	1790	1790	0.479246	1	Queequeg, look here—you sabbee me, I sabbee—you this man sleepe you—you sabbee?” “Me sabbee plenty”—grunted Queequeg, pu
347	688	688	0.821341	1	“You gettee in,” he added, motioning to me with his tomahawk, and throwing the clothes to one side.
348	1645	1645	0.344783	1	He really did this in not only a civil but a really kind and charitable way.
349	1888	1888	0.544764	1	I stood looking at him a moment.
350	1888	1888	0.272318	1	For all his tattooings he was on the whole a clean, comely looking cannibal.
351	1118	1118	0.019083	1	What’s all this fuss I have been making about, thought I to myself—the man’s a human being just as I am: he has just as 
352	1888	1888	0.478104	1	Better sleep with a sober cannibal than a drunken Christian.
353	949	949	0.180861	1	“Landlord,” said I, “tell him to stash his tomahawk there, or pipe, or whatever you call it; tell him to stop smoking, i
354	8	8	0.576682	1	But I don’t fancy having a man smoking in bed with me.
355	882	882	0.069408	1	Besides, I ain’t insured.” This being told to Queequeg, he at once complied, and again politely motioned me to get into 
356	1737	1737	0.111571	1	Upon waking next morning about daylight, I found Queequeg’s arm thrown over me in the most loving and affectionate manne
357	2761	2761	0.807796	1	You had almost thought I had been his wife.
358	1178	1178	0.198482	1	The counterpane was of patchwork, full of odd little parti-coloured squares and triangles; and this arm of his tattooed 
359	1888	1888	0.028862	1	Indeed, partly lying on it as the arm did when I first awoke, I could hardly tell it from the quilt, they so blended the
360	1888	1888	0.048379	1	Let me try to explain them.
361	147	147	0.065997	1	When I was a child, I well remember a somewhat similar circumstance that befell me; whether it was a reality or a dream,
362	295	295	0.158169	1	I had been cutting up some caper or other—I think it was trying to crawl up the chimney, as I had seen a little sweep do
363	2864	2864	0.305488	1	But there was no help for it, so up stairs I went to my little room in the third floor, undressed myself as slowly as po
364	1888	1888	0.008994	1	I lay there dismally calculating that sixteen entire hours must elapse before I could hope for a resurrection.
365	2073	2073	0.322185	1	the small of my back ached to think of it.
366	1865	1865	0.192647	1	And it was so light too; the sun shining in at the window, and a great rattling of coaches in the streets, and the sound
367	2659	2659	0.818872	1	I felt worse and worse—at last I got up, dressed, and softly going down in my stockinged feet, sought out my stepmother,
368	2659	2659	0.852513	1	But she was the best and most conscientious of stepmothers, and back I had to go to my room.
369	8	8	0.227564	1	For several hours I lay there broad awake, feeling a great deal worse than I have ever done since, even from the greates
370	2073	2073	0.189872	1	At last I must have fallen into a troubled nightmare of a doze; and slowly waking from it—half steeped in dreams—I opene
371	1888	1888	0.745740	1	Instantly I felt a shock running through all my frame; nothing was to be seen, and nothing was to be heard; but a supern
372	1594	1594	0.082078	1	My arm hung over the counterpane, and the nameless, unimaginable, silent form or phantom, to which the hand belonged, se
373	1797	1797	0.128760	1	For what seemed ages piled on ages, I lay there, frozen with the most awful fears, not daring to drag away my hand; yet 
374	1131	1131	0.118511	1	I knew not how this consciousness at last glided away from me; but waking in the morning, I shudderingly remembered it a
375	1888	1888	0.295805	1	Nay, to this very hour, I often puzzle myself with it.
376	2476	2476	0.688797	1	Now, take away the awful fear, and my sensations at feeling the supernatural hand in mine were very similar, in their st
377	541	541	0.229080	1	But at length all the past night’s events soberly recurred, one by one, in fixed reality, and then I lay only alive to t
378	1113	1113	0.195889	1	For though I tried to move his arm—unlock his bridegroom clasp—yet, sleeping as he was, he still hugged me tightly, as t
379	232	232	0.140365	1	I now strove to rouse him—“Queequeg!”—but his only answer was a snore.
380	1888	1888	0.311579	1	I then rolled over, my neck feeling as if it were in a horse-collar; and suddenly felt a slight scratch.
381	1888	1888	0.243356	1	Throwing aside the counterpane, there lay the tomahawk sleeping by the savage’s side, as if it were a hatchet-faced baby
382	2073	2073	0.106614	1	A pretty pickle, truly, thought I; abed here in a strange house in the broad day, with a cannibal and a tomahawk!
383	2864	2864	0.071583	1	“Queequeg!—in the name of goodness, Queequeg, wake!” At length, by dint of much wriggling, and loud and incessant expost
384	1790	1790	0.166148	1	Meanwhile, I lay quietly eyeing him, having no serious misgivings now, and bent upon narrowly observing so curious a cre
385	442	442	0.022010	1	When, at last, his mind seemed made up touching the character of his bedfellow, and he became, as it were, reconciled to
386	1888	1888	0.070627	1	Thinks I, Queequeg, under the circumstances, this is a very civilized overture; but, the truth is, these savages have an
387	2073	2073	0.680313	1	I pay this particular compliment to Queequeg, because he treated me with so much civility and consideration, while I was
388	8	8	0.060684	1	Nevertheless, a man like Queequeg you don’t see every day, he and his ways were well worth unusual regarding.
389	2073	2073	0.032176	1	He commenced dressing at top by donning his beaver hat, a very tall one, by the by, and then—still minus his trowsers—he
390	8	8	0.380695	1	What under the heavens he did it for, I cannot tell, but his next movement was to crush himself—boots in hand, and hat o
391	771	771	0.367703	1	But Queequeg, do you see, was a creature in the transition stage—neither caterpillar nor butterfly.
392	1552	1552	0.301101	1	He was just enough civilized to show off his outlandishness in the strangest possible manners.
393	1888	1888	0.585990	1	His education was not yet completed.
394	1678	1678	0.111774	1	If he had not been a small degree civilized, he very probably would not have troubled himself with boots at all; but the
395	2073	2073	0.044839	1	At last, he emerged with his hat very much dented and crushed down over his eyes, and began creaking and limping about t
396	746	746	0.239998	1	Seeing, now, that there were no curtains to the window, and that the street being very narrow, the house opposite comman
397	1888	1888	0.205554	1	He complied, and then proceeded to wash himself.
398	8	8	0.056442	1	At that time in the morning any Christian would have washed his face; but Queequeg, to my amazement, contented himself w
399	1371	1371	0.066417	1	He then donned his waistcoat, and taking up a piece of hard soap on the wash-stand centre table, dipped it into water an
400	195	195	0.205214	1	I was watching to see where he kept his razor, when lo and behold, he takes the harpoon from the bed corner, slips out t
401	1888	1888	0.265331	1	Thinks I, Queequeg, this is using Rogers’s best cutlery with a vengeance.
402	2073	2073	0.354535	1	Afterwards I wondered the less at this operation when I came to know of what fine steel the head of a harpoon is made, a
403	2073	2073	0.151749	1	The rest of his toilet was soon achieved, and he proudly marched out of the room, wrapped up in his great pilot monkey j
404	1888	1888	0.197888	1	I quickly followed suit, and descending into the bar-room accosted the grinning landlord very pleasantly.
405	1888	1888	0.060827	1	I cherished no malice towards him, though he had been skylarking with me not a little in the matter of my bedfellow.
406	2073	2073	0.359514	1	However, a good laugh is a mighty good thing, and rather too scarce a good thing; the more’s the pity.
407	1594	1594	0.022898	1	So, if any one man, in his own proper person, afford stuff for a good joke to anybody, let him not be backward, but let 
408	2133	2133	0.812303	1	And the man that has anything bountifully laughable about him, be sure there is more in that man than you perhaps think 
409	937	937	0.213846	1	The bar-room was now full of the boarders who had been dropping in the night previous, and whom I had not as yet had a g
410	2330	2330	0.037931	1	They were nearly all whalemen; chief mates, and second mates, and third mates, and sea carpenters, and sea coopers, and 
411	718	718	0.323125	1	You could pretty plainly tell how long each one had been ashore.
412	8	8	0.142597	1	This young fellow’s healthy cheek is like a sun-toasted pear in hue, and would seem to smell almost as musky; he cannot 
413	1767	1767	0.656739	1	That man next him looks a few shades lighter; you might say a touch of satin wood is in him.
414	1594	1594	0.163990	1	In the complexion of a third still lingers a tropic tawn, but slightly bleached withal; _he_ doubtless has tarried whole
415	1888	1888	0.198330	1	But who could show a cheek like Queequeg?
416	541	541	0.642573	1	which, barred with various tints, seemed like the Andes’ western slope, to show forth in one array, contrasting climates
417	548	548	0.179015	1	“Grub, ho!” now cried the landlord, flinging open a door, and in we went to breakfast.
418	1645	1645	0.116031	1	They say that men who have seen the world, thereby become quite at ease in manner, quite self-possessed in company.
419	690	690	0.286787	1	Not always, though: Ledyard, the great New England traveller, and Mungo Park, the Scotch one; of all men, they possessed
420	1178	1178	0.146287	1	But perhaps the mere crossing of Siberia in a sledge drawn by dogs as Ledyard did, or the taking a long solitary walk on
421	2513	2513	0.084579	1	Still, for the most part, that sort of thing is to be had anywhere.
422	3055	3055	0.042421	1	These reflections just here are occasioned by the circumstance that after we were all seated at the table, and I was pre
423	2301	2301	0.003034	1	And not only that, but they looked embarrassed.
424	2073	2073	0.536491	1	Yes, here were a set of sea-dogs, many of whom without the slightest bashfulness had boarded great whales on the high se
425	2741	2741	0.053162	1	A curious sight; these bashful bears, these timid warrior whalemen!
426	2874	2874	0.276076	1	But as for Queequeg—why, Queequeg sat there among them—at the head of the table, too, it so chanced; as cool as an icicl
427	429	429	0.011336	1	To be sure I cannot say much for his breeding.
428	1710	1710	0.142761	1	His greatest admirer could not have cordially justified his bringing his harpoon into breakfast with him, and using it t
429	2874	2874	0.170199	1	But _that_ was certainly very coolly done by him, and every one knows that in most people’s estimation, to do anything c
430	8	8	0.197111	1	We will not speak of all Queequeg’s peculiarities here; how he eschewed coffee and hot rolls, and applied his undivided 
431	1600	1600	0.624605	1	Enough, that when breakfast was over he withdrew like the rest into the public room, lighted his tomahawk-pipe, and was 
432	2808	2808	0.514220	1	If I had been astonished at first catching a glimpse of so outlandish an individual as Queequeg circulating among the po
433	779	779	0.198493	1	In thoroughfares nigh the docks, any considerable seaport will frequently offer to view the queerest looking nondescript
434	392	392	0.073521	1	Even in Broadway and Chestnut streets, Mediterranean mariners will sometimes jostle the affrighted ladies.
435	548	548	0.177472	1	Regent Street is not unknown to Lascars and Malays; and at Bombay, in the Apollo Green, live Yankees have often scared t
436	1888	1888	0.328022	1	But New Bedford beats all Water Street and Wapping.
437	1888	1888	0.265208	1	In these last-mentioned haunts you see only sailors; but in New Bedford, actual cannibals stand chatting at street corne
438	1888	1888	0.377111	1	It makes a stranger stare.
439	378	378	0.102715	1	But, besides the Feegeeans, Tongatobooarrs, Erromanggoans, Pannangians, and Brighggians, and, besides the wild specimens
440	1790	1790	0.107358	1	There weekly arrive in this town scores of green Vermonters and New Hampshire men, all athirst for gain and glory in the
441	2031	2031	0.491565	1	They are mostly young, of stalwart frames; fellows who have felled forests, and now seek to drop the axe and snatch the 
442	2864	2864	0.681506	1	Many are as green as the Green Mountains whence they came.
443	1120	1120	0.143207	1	In some things you would think them but a few hours old.
444	792	792	0.281949	1	that chap strutting round the corner.
445	2874	2874	0.151933	1	He wears a beaver hat and swallow-tailed coat, girdled with a sailor-belt and sheath-knife.
446	8	8	0.217905	1	Here comes another with a sou’-wester and a bombazine cloak.
447	2874	2874	0.071795	1	No town-bred dandy will compare with a country-bred one—I mean a downright bumpkin dandy—a fellow that, in the dog-days,
448	838	838	0.160784	1	Now when a country dandy like this takes it into his head to make a distinguished reputation, and joins the great whale-
449	1430	1430	0.059071	1	In bespeaking his sea-outfit, he orders bell-buttons to his waistcoats; straps to his canvas trowsers.
450	2073	2073	0.292724	1	how bitterly will burst those straps in the first howling gale, when thou art driven, straps, buttons, and all, down the
451	2301	2301	0.324520	1	But think not that this famous town has only harpooneers, cannibals, and bumpkins to show her visitors.
452	1726	1726	0.016421	1	Still New Bedford is a queer place.
453	2808	2808	0.499493	1	Had it not been for us whalemen, that tract of land would this day perhaps have been in as howling condition as the coas
454	2874	2874	0.948996	1	As it is, parts of her back country are enough to frighten one, they look so bony.
455	1888	1888	0.257498	1	The town itself is perhaps the dearest place to live in, in all New England.
456	1790	1790	0.152760	1	It is a land of oil, true enough: but not like Canaan; a land, also, of corn and wine.
457	1888	1888	0.525910	1	The streets do not run with milk; nor in the spring-time do they pave them with fresh eggs.
458	1934	1934	0.280828	1	Yet, in spite of this, nowhere in all America will you find more patrician-like houses; parks and gardens more opulent, 
459	1888	1888	0.031164	1	how planted upon this once scraggy scoria of a country?
460	2874	2874	0.054344	1	Go and gaze upon the iron emblematical harpoons round yonder lofty mansion, and your question will be answered.
461	2659	2659	0.870983	1	Yes; all these brave houses and flowery gardens came from the Atlantic, Pacific, and Indian oceans.
462	2073	2073	0.083230	1	One and all, they were harpooned and dragged up hither from the bottom of the sea.
463	1515	1515	0.200257	1	Can Herr Alexander perform a feat like that?
464	2467	2467	0.013332	1	In New Bedford, fathers, they say, give whales for dowers to their daughters, and portion off their nieces with a few po
465	612	612	0.268608	1	You must go to New Bedford to see a brilliant wedding; for, they say, they have reservoirs of oil in every house, and ev
466	1888	1888	0.509640	1	In summer time, the town is sweet to see; full of fine maples—long avenues of green and gold.
467	2807	2807	0.134661	1	And in August, high in air, the beautiful and bountiful horse-chestnuts, candelabra-wise, proffer the passer-by their ta
468	548	548	0.390976	1	So omnipotent is art; which in many a district of New Bedford has superinduced bright terraces of flowers upon the barre
469	1790	1790	0.114230	1	And the women of New Bedford, they bloom like their own red roses.
470	746	746	0.006179	1	But roses only bloom in summer; whereas the fine carnation of their cheeks is perennial as sunlight in the seventh heave
471	2874	2874	0.048454	1	Elsewhere match that bloom of theirs, ye cannot, save in Salem, where they tell me the young girls breathe such musk, th
472	1888	1888	0.134274	1	In this same New Bedford there stands a Whaleman’s Chapel, and few are the moody fishermen, shortly bound for the Indian
473	1888	1888	0.142024	1	I am sure that I did not.
474	2874	2874	0.586771	1	Returning from my first morning stroll, I again sallied out upon this special errand.
475	1888	1888	0.399061	1	The sky had changed from clear, sunny cold, to driving sleet and mist.
476	1206	1206	0.267850	1	Wrapping myself in my shaggy jacket of the cloth called bearskin, I fought my way against the stubborn storm.
477	1790	1790	0.139555	1	Entering, I found a small scattered congregation of sailors, and sailors’ wives and widows.
478	1888	1888	0.156053	1	A muffled silence reigned, only broken at times by the shrieks of the storm.
479	946	946	0.098837	1	Each silent worshipper seemed purposely sitting apart from the other, as if each silent grief were insular and incommuni
480	1098	1098	0.008845	1	The chaplain had not yet arrived; and there these silent islands of men and women sat steadfastly eyeing several marble 
481	945	945	0.058435	1	Three of them ran something like the following, but I do not pretend to quote:— SACRED TO THE MEMORY OF JOHN TALBOT, Who
482	945	945	0.485168	1	THIS TABLET Is erected to his Memory BY HIS SISTER.
483	1202	1202	0.261671	1	SACRED TO THE MEMORY OF ROBERT LONG, WILLIS ELLERY, NATHAN COLEMAN, WALTER CANNY, SETH MACY, AND SAMUEL GLEIG, Forming o
484	858	858	0.040177	1	THIS MARBLE Is here placed by their surviving SHIPMATES.
485	945	945	0.313815	1	SACRED TO THE MEMORY OF The late CAPTAIN EZEKIEL HARDY, Who in the bows of his boat was killed by a Sperm Whale on the c
486	1814	1814	0.482607	1	THIS TABLET Is erected to his Memory BY HIS WIDOW.
487	1863	1863	0.508743	1	Shaking off the sleet from my ice-glazed hat and jacket, I seated myself near the door, and turning sideways was surpris
488	1791	1791	0.079885	1	Affected by the solemnity of the scene, there was a wondering gaze of incredulous curiosity in his countenance.
489	2073	2073	0.189796	1	This savage was the only person present who seemed to notice my entrance; because he was the only one who could not read
490	1594	1594	0.254654	1	Whether any of the relatives of the seamen whose names appeared there were now among the congregation, I knew not; but s
491	2073	2073	0.069714	1	ye whose dead lie buried beneath the green grass; who standing among flowers can say—here, _here_ lies my beloved; ye kn
492	945	945	0.244679	1	What bitter blanks in those black-bordered marbles which cover no ashes!
493	1888	1888	0.475698	1	What despair in those immovable inscriptions!
494	1594	1594	0.262738	1	What deadly voids and unbidden infidelities in the lines that seem to gnaw upon all Faith, and refuse resurrections to t
495	1974	1974	0.304209	1	As well might those tablets stand in the cave of Elephanta as here.
496	2073	2073	0.296794	1	In what census of living creatures, the dead of mankind are included; why it is that a universal proverb says of them, t
497	3017	3017	0.160077	1	All these things are not without their meanings.
498	2661	2661	0.373411	1	But Faith, like a jackal, feeds among the tombs, and even from these dead doubts she gathers her most vital hope.
499	1054	1054	0.278241	1	It needs scarcely to be told, with what feelings, on the eve of a Nantucket voyage, I regarded those marble tablets, and
500	2073	2073	0.196575	1	Yes, Ishmael, the same fate may be thine.
501	1888	1888	0.469173	1	But somehow I grew merry again.
502	1790	1790	0.547024	1	Delightful inducements to embark, fine chance for promotion, it seems—aye, a stove boat will make me an immortal by brev
503	1594	1594	0.114840	1	Yes, there is death in this business of whaling—a speechlessly quick chaotic bundling of a man into Eternity.
504	1888	1888	0.290119	1	Methinks we have hugely mistaken this matter of Life and Death.
505	1888	1888	0.057473	1	Methinks that what they call my shadow here on earth is my true substance.
506	1888	1888	0.068110	1	Methinks that in looking at things spiritual, we are too much like oysters observing the sun through the water, and thin
507	1888	1888	0.290119	1	Methinks my body is but the lees of my better being.
508	1888	1888	0.574901	1	In fact take my body who will, take it I say, it is not me.
509	386	386	0.120502	1	And therefore three cheers for Nantucket; and come a stove boat and stove body when they will, for stave my soul, Jove h
510	1888	1888	0.055743	1	I had not been seated very long ere a man of a certain venerable robustness entered; immediately as the storm-pelted doo
511	2807	2807	0.004577	1	Yes, it was the famous Father Mapple, so called by the whalemen, among whom he was a very great favourite.
512	1187	1187	1.065706	1	He had been a sailor and a harpooneer in his youth, but for many years past had dedicated his life to the ministry.
513	1790	1790	0.041481	1	At the time I now write of, Father Mapple was in the hardy winter of a healthy old age; that sort of old age which seems
514	1594	1594	1.170680	1	No one having previously heard his history, could for the first time behold Father Mapple without the utmost interest, b
515	2133	2133	1.094528	1	When he entered I observed that he carried no umbrella, and certainly had not come in his carriage, for his tarpaulin ha
516	2166	2166	0.029602	1	However, hat and coat and overshoes were one by one removed, and hung up in a little space in an adjacent corner; when, 
517	1600	1600	1.272610	1	Like most old fashioned pulpits, it was a very lofty one, and since a regular stairs to such a height would, by its long
518	1594	1594	0.302552	1	The wife of a whaling captain had provided the chapel with a handsome pair of red worsted man-ropes for this ladder, whi
519	2073	2073	0.208118	1	Halting for an instant at the foot of the ladder, and with both hands grasping the ornamental knobs of the man-ropes, Fa
520	515	515	0.069983	1	The perpendicular parts of this side ladder, as is usually the case with swinging ones, were of cloth-covered rope, only
521	2073	2073	0.029025	1	At my first glimpse of the pulpit, it had not escaped me that however convenient for a ship, these joints in the present
522	419	419	0.998984	1	For I was not prepared to see Father Mapple after gaining the height, slowly turn round, and stooping over the pulpit, d
523	1594	1594	0.255949	1	I pondered some time without fully comprehending the reason for this.
524	1552	1552	0.268303	1	Father Mapple enjoyed such a wide reputation for sincerity and sanctity, that I could not suspect him of courting notori
525	107	107	0.209977	1	No, thought I, there must be some sober reason for this thing; furthermore, it must symbolize something unseen.
526	2073	2073	0.465872	1	Can it be, then, that by that act of physical isolation, he signifies his spiritual withdrawal for the time, from all ou
527	1790	1790	0.164915	1	Yes, for replenished with the meat and wine of the word, to the faithful man of God, this pulpit, I see, is a self-conta
528	378	378	1.243315	1	But the side ladder was not the only strange feature of the place, borrowed from the chaplain’s former sea-farings.
529	1790	1790	0.198592	1	Between the marble cenotaphs on either hand of the pulpit, the wall which formed its back was adorned with a large paint
530	2115	2115	0.380423	1	But high above the flying scud and dark-rolling clouds, there floated a little isle of sunlight, from which beamed forth
531	688	688	0.425514	1	“Ah, noble ship,” the angel seemed to say, “beat on, beat on, thou noble ship, and bear a hardy helm; for lo!
532	674	674	0.541023	1	the sun is breaking through; the clouds are rolling off—serenest azure is at hand.” Nor was the pulpit itself without a 
533	8	8	0.128763	1	Its panelled front was in the likeness of a ship’s bluff bows, and the Holy Bible rested on a projecting piece of scroll
534	2572	2572	0.123458	1	What could be more full of meaning?—for the pulpit is ever this earth’s foremost part; all the rest comes in its rear; t
535	1790	1790	0.003960	1	From thence it is the storm of God’s quick wrath is first descried, and the bow must bear the earliest brunt.
536	1238	1238	0.186087	1	From thence it is the God of breezes fair or foul is first invoked for favourable winds.
537	8	8	0.260217	1	Yes, the world’s a ship on its passage out, and not a voyage complete; and the pulpit is its prow.
538	682	682	0.278211	1	Father Mapple rose, and in a mild voice of unassuming authority ordered the scattered people to condense.
539	1888	1888	0.410440	1	side away to larboard—larboard gangway to starboard!
540	8	8	0.405911	1	midships!” There was a low rumbling of heavy sea-boots among the benches, and a still slighter shuffling of women’s shoe
541	2977	2977	0.233718	1	He paused a little; then kneeling in the pulpit’s bows, folded his large brown hands across his chest, uplifted his clos
542	690	690	0.305814	1	This ended, in prolonged solemn tones, like the continual tolling of a bell in a ship that is foundering at sea in a fog
543	2874	2874	0.041443	1	“I saw the opening maw of hell, With endless pains and sorrows there; Which none but they that feel can tell— Oh, I was 
544	1888	1888	0.198520	1	“In black distress, I called my God, When I could scarce believe him mine, He bowed his ear to my complaints— No more th
545	2073	2073	0.336090	1	“With speed he flew to my relief, As on a radiant dolphin borne; Awful, yet bright, as lightning shone The face of my De
546	2073	2073	0.199331	1	“My song for ever shall record That terrible, that joyful hour; I give the glory to my God, His all the mercy and the po
547	2073	2073	0.894550	1	A brief pause ensued; the preacher slowly turned over the leaves of the Bible, and at last, folding his hand down upon t
548	8	8	0.260569	1	Yet what depths of the soul does Jonah’s deep sealine sound!
549	1888	1888	0.008494	1	what a pregnant lesson to us is this prophet!
550	8	8	0.351779	1	What a noble thing is that canticle in the fish’s belly!
551	1645	1645	0.283964	1	How billow-like and boisterously grand!
552	1888	1888	0.120684	1	We feel the floods surging over us; we sound with him to the kelpy bottom of the waters; sea-weed and all the slime of t
553	2073	2073	0.019299	1	But _what_ is this lesson that the book of Jonah teaches?
554	2073	2073	0.057145	1	Shipmates, it is a two-stranded lesson; a lesson to us all as sinful men, and a lesson to me as a pilot of the living Go
555	1791	1791	0.122453	1	As sinful men, it is a lesson to us all, because it is a story of the sin, hard-heartedness, suddenly awakened fears, th
556	1600	1600	2.305550	1	As with all sinners among men, the sin of this son of Amittai was in his wilful disobedience of the command of God—never
557	2506	2506	0.070416	1	But all the things that God would have us do are hard for us to do—remember that—and hence, he oftener commands us than 
558	1094	1094	0.224648	1	And if we obey God, we must disobey ourselves; and it is in this disobeying ourselves, wherein the hardness of obeying G
559	1888	1888	0.285729	1	“With this sin of disobedience in him, Jonah still further flouts at God, by seeking to flee from Him.
560	603	603	0.025354	1	He thinks that a ship made by men will carry him into countries where God does not reign, but only the Captains of this 
561	2741	2741	0.419265	1	He skulks about the wharves of Joppa, and seeks a ship that’s bound for Tarshish.
562	2312	2312	0.123506	1	There lurks, perhaps, a hitherto unheeded meaning here.
563	1079	1079	0.009820	1	By all accounts Tarshish could have been no other city than the modern Cadiz.
564	1405	1405	0.379594	1	That’s the opinion of learned men.
565	2270	2270	0.140141	1	And where is Cadiz, shipmates?
566	1888	1888	0.234541	1	Cadiz is in Spain; as far by water, from Joppa, as Jonah could possibly have sailed in those ancient days, when the Atla
567	2528	2528	0.287979	1	Because Joppa, the modern Jaffa, shipmates, is on the most easterly coast of the Mediterranean, the Syrian; and Tarshish
568	2019	2019	0.046059	1	See ye not then, shipmates, that Jonah sought to flee world-wide from God?
569	2661	2661	0.033819	1	most contemptible and worthy of all scorn; with slouched hat and guilty eye, skulking from his God; prowling among the s
570	1678	1678	0.557557	1	So disordered, self-condemning is his look, that had there been policemen in those days, Jonah, on the mere suspicion of
571	8	8	0.219445	1	How plainly he’s a fugitive!
572	2073	2073	0.142062	1	no baggage, not a hat-box, valise, or carpet-bag,—no friends accompany him to the wharf with their adieux.
573	2073	2073	0.152925	1	At last, after much dodging search, he finds the Tarshish ship receiving the last items of her cargo; and as he steps on
574	1888	1888	0.092140	1	Jonah sees this; but in vain he tries to look all ease and confidence; in vain essays his wretched smile.
575	2761	2761	0.025615	1	Strong intuitions of the man assure the mariners he can be no innocent.
576	1156	1156	0.579468	1	In their gamesome but still serious way, one whispers to the other—“Jack, he’s robbed a widow;” or, “Joe, do you mark hi
577	2807	2807	0.035011	1	He reads, and looks from Jonah to the bill; while all his sympathetic shipmates now crowd round Jonah, prepared to lay t
578	2073	2073	0.406238	1	Frighted Jonah trembles, and summoning all his boldness to his face, only looks so much the more a coward.
579	1855	1855	0.206721	1	He will not confess himself suspected; but that itself is strong suspicion.
580	1678	1678	0.352224	1	So he makes the best of it; and when the sailors find him not to be the man that is advertised, they let him pass, and h
581	8	8	0.191306	1	“‘Who’s there?’ cries the Captain at his busy desk, hurriedly making out his papers for the Customs—‘Who’s there?’ Oh!
582	1888	1888	0.425002	1	how that harmless question mangles Jonah!
583	1797	1797	0.006480	1	For the instant he almost turns to flee again.
584	1888	1888	0.081109	1	‘I seek a passage in this ship to Tarshish; how soon sail ye, sir?’ Thus far the busy Captain had not looked up to Jonah
585	688	688	0.781195	1	‘We sail with the next coming tide,’ at last he slowly answered, still intently eyeing him.
586	688	688	0.579647	1	‘No sooner, sir?’—‘Soon enough for any honest man that goes a passenger.’ Ha!
587	1594	1594	0.067669	1	But he swiftly calls away the Captain from that scent.
588	1888	1888	0.083843	1	‘I’ll sail with ye,’—he says,—‘the passage money how much is that?—I’ll pay now.’ For it is particularly written, shipma
589	298	298	0.467834	1	And taken with the context, this is full of meaning.
590	1888	1888	0.045724	1	“Now Jonah’s Captain, shipmates, was one whose discernment detects crime in any, but whose cupidity exposes it only in t
591	1888	1888	0.463760	1	In this world, shipmates, sin that pays its way can travel freely, and without a passport; whereas Virtue, if a pauper, 
592	2874	2874	0.087666	1	So Jonah’s Captain prepares to test the length of Jonah’s purse, ere he judge him openly.
593	1790	1790	0.055737	1	He charges him thrice the usual sum; and it’s assented to.
594	2874	2874	0.364438	1	Then the Captain knows that Jonah is a fugitive; but at the same time resolves to help a flight that paves its rear with
595	1726	1726	0.033901	1	Yet when Jonah fairly takes out his purse, prudent suspicions still molest the Captain.
596	1888	1888	0.213978	1	He rings every coin to find a counterfeit.
597	1888	1888	0.026035	1	Not a forger, any way, he mutters; and Jonah is put down for his passage.
598	688	688	0.576944	1	‘Point out my state-room, Sir,’ says Jonah now, ‘I’m travel-weary; I need sleep.’ ‘Thou lookest like it,’ says the Capta
599	1558	1558	0.117084	1	Hearing him foolishly fumbling there, the Captain laughs lowly to himself, and mutters something about the doors of conv
600	777	777	0.309050	1	All dressed and dusty as he is, Jonah throws himself into his berth, and finds the little state-room ceiling almost rest
601	1888	1888	0.245502	1	The air is close, and Jonah gasps.
602	8	8	0.212547	1	Then, in that contracted hole, sunk, too, beneath the ship’s water-line, Jonah feels the heralding presentiment of that 
603	1594	1594	0.515435	1	“Screwed at its axis against the side, a swinging lamp slightly oscillates in Jonah’s room; and the ship, heeling over t
604	2073	2073	0.755620	1	The lamp alarms and frightens Jonah; as lying in his berth his tormented eyes roll round the place, and this thus far su
605	3058	3058	0.216735	1	But that contradiction in the lamp more and more appals him.
606	99	99	0.550087	1	The floor, the ceiling, and the side, are all awry.
607	935	935	0.417869	1	so my conscience hangs in me!’ he groans, ‘straight upwards, so it burns; but the chambers of my soul are all in crooked
608	2498	2498	0.072584	1	“And now the time of tide has come; the ship casts off her cables; and from the deserted wharf the uncheered ship for Ta
609	2073	2073	0.022668	1	That ship, my friends, was the first of recorded smugglers!
610	1888	1888	0.190231	1	But the sea rebels; he will not bear the wicked burden.
611	1888	1888	0.163659	1	A dreadful storm comes on, the ship is like to break.
612	2874	2874	0.020855	1	But now when the boatswain calls all hands to lighten her; when boxes, bales, and jars are clattering overboard; when th
613	2073	2073	0.173800	1	He sees no black sky and raging sea, feels not the reeling timbers, and little hears he or heeds he the far rush of the 
614	1888	1888	0.254303	1	Aye, shipmates, Jonah was gone down into the sides of the ship—a berth in the cabin as I have taken it, and was fast asl
615	882	882	0.301069	1	But the frightened master comes to him, and shrieks in his dead ear, ‘What meanest thou, O, sleeper!
616	1814	1814	0.033648	1	arise!’ Startled from his lethargy by that direful cry, Jonah staggers to his feet, and stumbling to the deck, grasps a 
617	2166	2166	0.069688	1	But at that moment he is sprung upon by a panther billow leaping over the bulwarks.
618	541	541	0.178748	1	Wave after wave thus leaps into the ship, and finding no speedy vent runs roaring fore and aft, till the mariners come n
619	2856	2856	0.341330	1	And ever, as the white moon shows her affrighted face from the steep gullies in the blackness overhead, aghast Jonah see
620	1888	1888	0.464907	1	“Terrors upon terrors run shouting through his soul.
621	399	399	0.204138	1	In all his cringing attitudes, the God-fugitive is now too plainly known.
622	1797	1797	0.190437	1	The sailors mark him; more and more certain grow their suspicions of him, and at last, fully to test the truth, by refer
623	1888	1888	0.254815	1	The lot is Jonah’s; that discovered, then how furiously they mob him with their questions.
624	2145	2145	0.321074	1	But mark now, my shipmates, the behavior of poor Jonah.
625	748	748	0.539051	1	The eager mariners but ask him who he is, and where from; whereas, they not only receive an answer to those questions, b
626	688	688	0.008842	1	“‘I am a Hebrew,’ he cries—and then—‘I fear the Lord the God of Heaven who hath made the sea and the dry land!’ Fear him
627	2073	2073	0.215045	1	Aye, well mightest thou fear the Lord God _then!_ Straightway, he now goes on to make a full confession; whereupon the m
628	2944	2944	0.168656	1	For when Jonah, not yet supplicating God for mercy, since he but too well knew the darkness of his deserts,—when wretche
629	961	961	0.012683	1	But all in vain; the indignant gale howls louder; then, with one hand raised invokingly to God, with the other they not 
630	2073	2073	0.242947	1	“And now behold Jonah taken up as an anchor and dropped into the sea; when instantly an oily calmness floats out from th
631	2073	2073	0.432296	1	He goes down in the whirling heart of such a masterless commotion that he scarce heeds the moment when he drops seething
632	2073	2073	0.099417	1	Then Jonah prayed unto the Lord out of the fish’s belly.
633	1695	1695	0.066997	1	But observe his prayer, and learn a weighty lesson.
634	961	961	0.625258	1	For sinful as he is, Jonah does not weep and wail for direct deliverance.
635	1552	1552	0.163422	1	He feels that his dreadful punishment is just.
636	2874	2874	0.126609	1	He leaves all his deliverance to God, contenting himself with this, that spite of all his pains and pangs, he will still
637	748	748	0.261071	1	And here, shipmates, is true and faithful repentance; not clamorous for pardon, but grateful for punishment.
638	2019	2019	0.593769	1	And how pleasing to God was this conduct in Jonah, is shown in the eventual deliverance of him from the sea and the whal
639	84	84	0.019618	1	Shipmates, I do not place Jonah before you to be copied for his sin but I do place him before you as a model for repenta
640	1098	1098	0.308560	1	Sin not; but if you do, take heed to repent of it like Jonah.” While he was speaking these words, the howling of the shr
641	1581	1581	0.005493	1	His deep chest heaved as with a ground-swell; his tossed arms seemed the warring elements at work; and the thunders that
642	181	181	0.140351	1	There now came a lull in his look, as he silently turned over the leaves of the Book once more; and, at last, standing m
643	2874	2874	0.101275	1	But again he leaned over towards the people, and bowing his head lowly, with an aspect of the deepest yet manliest humil
644	2874	2874	0.425987	1	I have read ye by what murky light may be mine the lesson that Jonah teaches to all sinners; and therefore to ye, and st
645	397	397	0.393519	1	And now how gladly would I come down from this mast-head and sit on the hatches there where you sit, and listen as you l
646	2874	2874	0.001163	1	How being an anointed pilot-prophet, or speaker of true things, and bidden by the Lord to sound those unwelcome truths i
647	1242	1242	0.203643	1	But God is everywhere; Tarshish he never reached.
648	232	232	0.092365	1	As we have seen, God came upon him in the whale, and swallowed him down to living gulfs of doom, and with swift slanting
649	232	232	0.081078	1	Yet even then beyond the reach of any plummet—‘out of the belly of hell’—when the whale grounded upon the ocean’s utmost
650	1594	1594	0.061571	1	Then God spake unto the fish; and from the shuddering cold and blackness of the sea, the whale came breeching up towards
651	674	674	0.132854	1	And what was that, shipmates?
652	1790	1790	0.161777	1	To preach the Truth to the face of Falsehood!
653	2874	2874	0.212451	1	“This, shipmates, this is that other lesson; and woe to that pilot of the living God who slights it.
654	1888	1888	0.417588	1	Woe to him whom this world charms from Gospel duty!
655	1888	1888	0.470602	1	Woe to him who seeks to pour oil upon the waters when God has brewed them into a gale!
656	1888	1888	0.216842	1	Woe to him who seeks to please rather than to appal!
657	1888	1888	0.281054	1	Woe to him whose good name is more to him than goodness!
658	1888	1888	0.673050	1	Woe to him who, in this world, courts not dishonor!
659	1888	1888	0.454895	1	Woe to him who would not be true, even though to be false were salvation!
660	1888	1888	0.119821	1	Yea, woe to him who, as the great Pilot Paul has it, while preaching to others is himself a castaway!” He dropped and fe
661	2496	2496	0.570986	1	on the starboard hand of every woe, there is a sure delight; and higher the top of that delight, than the bottom of the 
662	674	674	0.053224	1	Is not the main-truck higher than the kelson is low?
663	2659	2659	0.360577	1	Delight is to him—a far, far upward, and inward delight—who against the proud gods and commodores of this earth, ever st
664	1790	1790	0.032739	1	Delight is to him whose strong arms yet support him, when the ship of this base treacherous world has gone down beneath 
665	852	852	0.130116	1	Delight is to him, who gives no quarter in the truth, and kills, burns, and destroys all sin though he pluck it out from
666	1552	1552	0.163665	1	Delight,—top-gallant delight is to him, who acknowledges no law or lord, but the Lord his God, and is only a patriot to 
667	2073	2073	0.140016	1	Delight is to him, whom all the waves of the billows of the seas of the boisterous mob can never shake from this sure Ke
668	2659	2659	0.475406	1	And eternal delight and deliciousness will be his, who coming to lay him down, can say with his final breath—O Father!—c
669	2265	2265	0.461106	1	I have striven to be Thine, more than to be this world’s, or mine own.
670	2073	2073	0.715678	1	Yet this is nothing: I leave eternity to Thee; for what is man that he should live out the lifetime of his God?” He said
671	508	508	0.355668	1	Returning to the Spouter-Inn from the Chapel, I found Queequeg there quite alone; he having left the Chapel before the b
672	2215	2215	0.329187	1	He was sitting on a bench before the fire, with his feet on the stove hearth, and in one hand was holding close up to hi
673	386	386	0.057366	1	But being now interrupted, he put up the image; and pretty soon, going to the table, took up a large book there, and pla
674	2672	2672	0.157233	1	He would then begin again at the next fifty; seeming to commence at number one each time, as though he could not count m
675	1888	1888	0.319288	1	With much interest I sat watching him.
676	945	945	0.049804	1	Savage though he was, and hideously marred about the face—at least to my taste—his countenance yet had a something in it
677	1888	1888	0.085825	1	You cannot hide the soul.
678	1054	1054	0.409856	1	Through all his unearthly tattooings, I thought I saw the traces of a simple honest heart; and in his large, deep eyes, 
679	2874	2874	0.291794	1	And besides all this, there was a certain lofty bearing about the Pagan, which even his uncouthness could not altogether
680	1888	1888	0.158510	1	He looked like a man who had never cringed and never had had a creditor.
681	1594	1594	0.476008	1	Whether it was, too, that his head being shaved, his forehead was drawn out in freer and brighter relief, and looked mor
682	102	102	0.452102	1	It may seem ridiculous, but it reminded me of General Washington’s head, as seen in the popular busts of him.
683	1594	1594	0.821006	1	It had the same long regularly graded retreating slope from above the brows, which were likewise very projecting, like t
684	1888	1888	0.105740	1	Queequeg was George Washington cannibalistically developed.
685	311	311	0.264854	1	Whilst I was thus closely scanning him, half-pretending meanwhile to be looking out at the storm from the casement, he n
686	1594	1594	0.183550	1	Considering how sociably we had been sleeping together the night previous, and especially considering the affectionate a
687	852	852	0.022619	1	But savages are strange beings; at times you do not know exactly how to take them.
688	2373	2373	0.350531	1	At first they are overawing; their calm self-collectedness of simplicity seems a Socratic wisdom.
689	2073	2073	0.195279	1	I had noticed also that Queequeg never consorted at all, or but very little, with the other seamen in the inn.
690	1888	1888	0.101820	1	He made no advances whatever; appeared to have no desire to enlarge the circle of his acquaintances.
691	1581	1581	0.092113	1	All this struck me as mighty singular; yet, upon second thoughts, there was something almost sublime in it.
692	2609	2609	1.037938	1	Here was a man some twenty thousand miles from home, by the way of Cape Horn, that is—which was the only way he could ge
693	1146	1146	0.121432	1	Surely this was a touch of fine philosophy; though no doubt he had never heard there was such a thing as that.
694	917	917	0.321330	1	But, perhaps, to be true philosophers, we mortals should not be conscious of so living or so striving.
695	2659	2659	0.159995	1	So soon as I hear that such or such a man gives himself out for a philosopher, I conclude that, like the dyspeptic old w
696	1888	1888	0.784157	1	I felt a melting in me.
697	1814	1814	0.361582	1	No more my splintered heart and maddened hand were turned against the wolfish world.
698	1888	1888	0.113588	1	This soothing savage had redeemed it.
699	2705	2705	0.561683	1	There he sat, his very indifference speaking a nature in which there lurked no civilized hypocrisies and bland deceits.
700	1888	1888	0.148300	1	Wild he was; a very sight of sights to see; yet I began to feel myself mysteriously drawn towards him.
701	2073	2073	1.128407	1	And those same things that would have repelled most others, they were the very magnets that thus drew me.
702	1888	1888	0.031550	1	I’ll try a pagan friend, thought I, since Christian kindness has proved but hollow courtesy.
703	1306	1306	0.188502	1	I drew my bench near him, and made some friendly signs and hints, doing my best to talk with him meanwhile.
704	2265	2265	0.071988	1	At first he little noticed these advances; but presently, upon my referring to his last night’s hospitalities, he made o
705	1888	1888	0.142693	1	I told him yes; whereat I thought he looked pleased, perhaps a little complimented.
706	2098	2098	0.796014	1	We then turned over the book together, and I endeavored to explain to him the purpose of the printing, and the meaning o
707	1790	1790	0.093417	1	Thus I soon engaged his interest; and from that we went to jabbering the best we could about the various outer sights to
708	386	386	0.244727	1	Soon I proposed a social smoke; and, producing his pouch and tomahawk, he quietly offered me a puff.
709	2026	2026	0.664079	1	And then we sat exchanging puffs from that wild pipe of his, and keeping it regularly passing between us.
710	8	8	0.084713	1	If there yet lurked any ice of indifference towards me in the Pagan’s breast, this pleasant, genial smoke we had, soon t
711	2609	2609	0.095010	1	He seemed to take to me quite as naturally and unbiddenly as I to him; and when our smoke was over, he pressed his foreh
712	1523	1523	0.263553	1	In a countryman, this sudden flame of friendship would have seemed far too premature, a thing to be much distrusted; but
713	273	273	0.124354	1	After supper, and another social chat and smoke, we went to our room together.
714	562	562	0.570582	1	He made me a present of his embalmed head; took out his enormous tobacco wallet, and groping under the tobacco, drew out
715	1888	1888	0.108352	1	I was going to remonstrate; but he silenced me by pouring them into my trowsers’ pockets.
716	1888	1888	0.097424	1	He then went about his evening prayers, took out his idol, and removed the paper fireboard.
717	638	638	0.171816	1	By certain signs and symptoms, I thought he seemed anxious for me to join him; but well knowing what was to follow, I de
718	1888	1888	0.096033	1	I was a good Christian; born and bred in the bosom of the infallible Presbyterian Church.
719	1888	1888	0.195785	1	How then could I unite with this wild idolator in worshipping his piece of wood?
720	2659	2659	0.123561	1	Do you suppose now, Ishmael, that the magnanimous God of heaven and earth—pagans and all included—can possibly be jealou
721	1942	1942	0.144055	1	But what is worship?—to do the will of God—_that_ is worship.
722	2599	2599	0.290165	1	And what is the will of God?—to do to my fellow man what I would have my fellow man to do to me—_that_ is the will of Go
723	1974	1974	0.335776	1	Now, Queequeg is my fellow man.
724	1888	1888	0.101681	1	And what do I wish that this Queequeg would do to me?
725	338	338	0.224015	1	Why, unite with me in my particular Presbyterian form of worship.
726	1888	1888	0.356335	1	Consequently, I must then unite with him in his; ergo, I must turn idolator.
727	3028	3028	0.176010	1	So I kindled the shavings; helped prop up the innocent little idol; offered him burnt biscuit with Queequeg; salamed bef
728	1888	1888	0.126401	1	But we did not go to sleep without some little chat.
729	1131	1131	0.032787	1	How it is I know not; but there is no place like a bed for confidential disclosures between friends.
730	2073	2073	0.154074	1	Man and wife, they say, there open the very bottom of their souls to each other; and some old couples often lie and chat
731	8	8	0.226636	1	Thus, then, in our hearts’ honeymoon, lay I and Queequeg—a cosy, loving pair.
732	548	548	0.205427	1	We had lain thus in bed, chatting and napping at short intervals, and Queequeg now and then affectionately throwing his 
733	2659	2659	0.128207	1	Yes, we became very wakeful; so much so that our recumbent position began to grow wearisome, and by little and little we
734	2073	2073	0.388465	1	We felt very nice and snug, the more so since it was so chilly out of doors; indeed out of bed-clothes too, seeing that 
735	1934	1934	0.184561	1	The more so, I say, because truly to enjoy bodily warmth, some small part of you must be cold, for there is no quality i
736	2761	2761	0.206656	1	If you flatter yourself that you are all over comfortable, and have been so a long time, then you cannot be said to be c
737	1645	1645	0.145597	1	But if, like Queequeg and me in the bed, the tip of your nose or the crown of your head be slightly chilled, why then, i
738	461	461	1.508174	1	For this reason a sleeping apartment should never be furnished with a fire, which is one of the luxurious discomforts of
739	1797	1797	0.052914	1	For the height of this sort of deliciousness is to have nothing but the blanket between you and your snugness and the co
740	766	766	0.662713	1	Then there you lie like the one warm spark in the heart of an arctic crystal.
741	2073	2073	0.154439	1	We had been sitting in this crouching manner for some time, when all at once I thought I would open my eyes; for when be
742	746	746	0.094384	1	Because no man can ever feel his own identity aright except his eyes be closed; as if darkness were indeed the proper el
743	2375	2375	0.087134	1	Upon opening my eyes then, and coming out of my own pleasant and self-created darkness into the imposed and coarse outer
744	1888	1888	0.445348	1	Nor did I at all object to the hint from Queequeg that perhaps it were best to strike a light, seeing that we were so wi
745	1473	1473	0.145370	1	Be it said, that though I had felt such a strong repugnance to his smoking in the bed the night before, yet see how elas
746	2233	2233	0.011078	1	For now I liked nothing better than to have Queequeg smoking by me, even in bed, because he seemed to be full of such se
747	1888	1888	0.122015	1	I no more felt unduly concerned for the landlord’s policy of insurance.
748	1790	1790	0.003407	1	I was only alive to the condensed confidential comfortableness of sharing a pipe and a blanket with a real friend.
749	266	266	0.179660	1	With our shaggy jackets drawn about our shoulders, we now passed the Tomahawk from one to the other, till slowly there g
750	777	777	0.018965	1	Whether it was that this undulating tester rolled the savage away to far distant scenes, I know not, but he now spoke of
751	2133	2133	0.873971	1	Though at the time I but ill comprehended not a few of his words, yet subsequent disclosures, when I had become more fam
752	1888	1888	0.325121	1	Queequeg was a native of Rokovoko, an island far away to the West and South.
753	2444	2444	0.064976	1	It is not down in any map; true places never are.
754	1790	1790	0.040727	1	When a new-hatched savage running wild about his native woodlands in a grass clout, followed by the nibbling goats, as i
755	1790	1790	0.005471	1	His father was a High Chief, a King; his uncle a High Priest; and on the maternal side he boasted aunts who were the wiv
756	1888	1888	0.299756	1	There was excellent blood in his veins—royal stuff; though sadly vitiated, I fear, by the cannibal propensity he nourish
757	8	8	0.194433	1	A Sag Harbor ship visited his father’s bay, and Queequeg sought a passage to Christian lands.
758	73	73	0.260608	1	But the ship, having her full complement of seamen, spurned his suit; and not all the King his father’s influence could 
759	1888	1888	0.140962	1	But Queequeg vowed a vow.
760	1888	1888	0.263612	1	Alone in his canoe, he paddled off to a distant strait, which he knew the ship must pass through when she quitted the is
761	2496	2496	0.274570	1	On one side was a coral reef; on the other a low tongue of land, covered with mangrove thickets that grew out into the w
762	1888	1888	0.065214	1	Hiding his canoe, still afloat, among these thickets, with its prow seaward, he sat down in the stern, paddle low in han
763	2058	2058	0.035647	1	In vain the captain threatened to throw him overboard; suspended a cutlass over his naked wrists; Queequeg was the son o
764	1888	1888	0.030092	1	Struck by his desperate dauntlessness, and his wild desire to visit Christendom, the captain at last relented, and told 
765	1738	1738	0.301288	1	But this fine young savage—this sea Prince of Wales, never saw the Captain’s cabin.
766	1997	1997	0.088177	1	They put him down among the sailors, and made a whaleman of him.
767	2467	2467	0.249898	1	But like Czar Peter content to toil in the shipyards of foreign cities, Queequeg disdained no seeming ignominy, if there
768	2661	2661	0.698440	1	For at bottom—so he told me—he was actuated by a profound desire to learn among the Christians, the arts whereby to make
769	1642	1642	0.383815	1	the practices of whalemen soon convinced him that even Christians could be both miserable and wicked; infinitely more so
770	2038	2038	0.177657	1	Arrived at last in old Sag Harbor; and seeing what the sailors did there; and then going on to Nantucket, and seeing how
771	1888	1888	0.079870	1	Thought he, it’s a wicked world in all meridians; I’ll die a pagan.
772	1034	1034	0.189870	1	And thus an old idolator at heart, he yet lived among these Christians, wore their clothes, and tried to talk their gibb
773	1888	1888	0.465433	1	Hence the queer ways about him, though now some time from home.
774	2073	2073	0.968605	1	By hints, I asked him whether he did not propose going back, and having a coronation; since he might now consider his fa
775	1100	1100	0.369452	1	He answered no, not yet; and added that he was fearful Christianity, or rather Christians, had unfitted him for ascendin
776	541	541	0.384172	1	But by and by, he said, he would return,—as soon as he felt himself baptized again.
777	690	690	0.264681	1	For the nonce, however, he proposed to sail about, and sow his wild oats in all four oceans.
778	1371	1371	0.140152	1	They had made a harpooneer of him, and that barbed iron was in lieu of a sceptre now.
779	2572	2572	0.259072	1	I asked him what might be his immediate purpose, touching his future movements.
780	429	429	0.336813	1	He answered, to go to sea again, in his old vocation.
781	466	466	0.352984	1	Upon this, I told him that whaling was my own design, and informed him of my intention to sail out of Nantucket, as bein
782	1594	1594	0.185766	1	He at once resolved to accompany me to that island, ship aboard the same vessel, get into the same watch, the same boat,
783	1754	1754	0.081526	1	To all this I joyously assented; for besides the affection I now felt for Queequeg, he was an experienced harpooneer, an
784	541	541	0.791774	1	His story being ended with his pipe’s last dying puff, Queequeg embraced me, pressed his forehead against mine, and blow
785	392	392	0.104438	1	Next morning, Monday, after disposing of the embalmed head to a barber, for a block, I settled my own and comrade’s bill
786	1594	1594	0.612347	1	The grinning landlord, as well as the boarders, seemed amazingly tickled at the sudden friendship which had sprung up be
787	688	688	0.314925	1	We borrowed a wheelbarrow, and embarking our things, including my own poor carpet-bag, and Queequeg’s canvas sack and ha
788	748	748	0.497629	1	As we were going along the people stared; not at Queequeg so much—for they were used to seeing cannibals like him in the
789	541	541	0.054932	1	But we heeded them not, going along wheeling the barrow by turns, and Queequeg now and then stopping to adjust the sheat
790	698	698	0.223586	1	I asked him why he carried such a troublesome thing with him ashore, and whether all whaling ships did not find their ow
791	429	429	0.133778	1	To this, in substance, he replied, that though what I hinted was true enough, yet he had a particular affection for his 
792	1600	1600	1.835264	1	In short, like many inland reapers and mowers, who go into the farmers’ meadows armed with their own scythes—though in n
793	1888	1888	0.057033	1	Shifting the barrow from my hand to his, he told me a funny story about the first wheelbarrow he had ever seen.
794	1888	1888	0.685620	1	It was in Sag Harbor.
795	1178	1178	0.563372	1	The owners of his ship, it seems, had lent him one, in which to carry his heavy chest to his boarding house.
796	1790	1790	0.108940	1	Not to seem ignorant about the thing—though in truth he was entirely so, concerning the precise way in which to manage t
797	688	688	0.711406	1	“Why,” said I, “Queequeg, you might have known better than that, one would think.
798	8	8	0.237821	1	Didn’t the people laugh?” Upon this, he told me another story.
799	1178	1178	0.047577	1	The people of his island of Rokovoko, it seems, at their wedding feasts express the fragrant water of young cocoanuts in
800	1645	1645	0.175529	1	Now a certain grand merchant ship once touched at Rokovoko, and its commander—from all accounts, a very stately punctili
801	1525	1525	0.018953	1	Well; when all the wedding guests were assembled at the bride’s bamboo cottage, this Captain marches in, and being assig
802	2599	2599	0.289314	1	Grace being said,—for those people have their grace as well as we—though Queequeg told me that unlike us, who at such ti
803	1594	1594	0.111284	1	Seeing himself placed next the Priest, and noting the ceremony, and thinking himself—being Captain of a ship—as having p
804	688	688	1.074593	1	“Now,” said Queequeg, “what you tink now?—Didn’t our people laugh?” At last, passage paid, and luggage safe, we stood on
805	1888	1888	0.232948	1	Hoisting sail, it glided down the Acushnet river.
806	2528	2528	0.458096	1	On one side, New Bedford rose in terraces of streets, their ice-covered trees all glittering in the clear, cold air.
807	548	548	0.563214	1	Huge hills and mountains of casks on casks were piled upon her wharves, and side by side the world-wandering whale ships
808	2659	2659	0.582717	1	Such is the endlessness, yea, the intolerableness of all earthly effort.
809	2073	2073	0.147091	1	Gaining the more open water, the bracing breeze waxed fresh; the little Moss tossed the quick foam from her bows, as a y
810	2467	2467	0.144508	1	How I snuffed that Tartar air!—how I spurned that turnpike earth!—that common highway all over dented with the marks of 
811	1970	1970	0.166181	1	At the same foam-fountain, Queequeg seemed to drink and reel with me.
812	2874	2874	0.457774	1	His dusky nostrils swelled apart; he showed his filed and pointed teeth.
813	2467	2467	0.188761	1	On, on we flew; and our offing gained, the Moss did homage to the blast; ducked and dived her bows as a slave before the
814	945	945	0.060843	1	Sideways leaning, we sideways darted; every ropeyarn tingling like a wire; the two tall masts buckling like Indian canes
815	1797	1797	0.022702	1	So full of this reeling scene were we, as we stood by the plunging bowsprit, that for some time we did not notice the je
816	2659	2659	0.361171	1	But there were some boobies and bumpkins there, who, by their intense greenness, must have come from the heart and centr
817	1888	1888	0.425442	1	Queequeg caught one of these young saplings mimicking him behind his back.
818	8	8	0.073522	1	I thought the bumpkin’s hour of doom was come.
819	2073	2073	0.083525	1	Dropping his harpoon, the brawny savage caught him in his arms, and by an almost miraculous dexterity and strength, sent
820	2073	2073	0.312114	1	Capting!” yelled the bumpkin, running towards that officer; “Capting, Capting, here’s the devil.” “Hallo, _you_ sir,” cr
821	1206	1206	0.289315	1	Don’t you know you might have killed that chap?” “What him say?” said Queequeg, as he mildly turned to me.
822	688	688	0.916865	1	“He say,” said I, “that you came near kill-e that man there,” pointing to the still shivering greenhorn.
823	548	548	0.021831	1	“Kill-e,” cried Queequeg, twisting his tattooed face into an unearthly expression of disdain, “ah!
824	548	548	1.064811	1	him bevy small-e fish-e; Queequeg no kill-e so small-e fish-e; Queequeg kill-e big whale!” “Look you,” roared the Captai
825	419	419	0.405345	1	The prodigious strain upon the main-sail had parted the weather-sheet, and the tremendous boom was now flying from side 
826	1888	1888	0.226157	1	The poor fellow whom Queequeg had handled so roughly, was swept overboard; all hands were in a panic; and to attempt sna
827	541	541	0.894561	1	It flew from right to left, and back again, almost in one ticking of a watch, and every instant seemed on the point of s
828	2073	2073	0.578372	1	Nothing was done, and nothing seemed capable of being done; those on deck rushed towards the bows, and stood eyeing the 
829	1888	1888	0.067962	1	In the midst of this consternation, Queequeg dropped deftly to his knees, and crawling under the path of the boom, whipp
830	2073	2073	0.615598	1	The schooner was run into the wind, and while the hands were clearing away the stern boat, Queequeg, stripped to the wai
831	2874	2874	0.156715	1	For three minutes or more he was seen swimming like a dog, throwing his long arms straight out before him, and by turns 
832	1888	1888	0.383089	1	I looked at the grand and glorious fellow, but saw no one to be saved.
833	1888	1888	0.583418	1	The greenhorn had gone down.
834	2467	2467	0.085250	1	Shooting himself perpendicularly from the water, Queequeg, now took an instant’s glance around him, and seeming to see j
835	1888	1888	0.141170	1	A few minutes more, and he rose again, one arm still striking out, and with the other dragging a lifeless form.
836	1888	1888	0.434729	1	The boat soon picked them up.
837	1888	1888	0.509310	1	The poor bumpkin was restored.
838	1790	1790	0.460833	1	All hands voted Queequeg a noble trump; the captain begged his pardon.
839	2073	2073	0.098055	1	From that hour I clove to Queequeg like a barnacle; yea, till poor Queequeg took his last long dive.
840	2869	2869	0.138610	1	Was there ever such unconsciousness?
841	1206	1206	0.088320	1	He did not seem to think that he at all deserved a medal from the Humane and Magnanimous Societies.
842	2375	2375	0.162782	1	He only asked for water—fresh water—something to wipe the brine off; that done, he put on dry clothes, lighted his pipe,
843	858	858	0.215633	1	We cannibals must help these Christians.” CHAPTER 14.
844	2073	2073	0.078462	1	Nothing more happened on the passage worthy the mentioning; so, after a fine run, we safely arrived in Nantucket.
845	1888	1888	0.314116	1	Take out your map and look at it.
846	1906	1906	0.869003	1	See what a real corner of the world it occupies; how it stands there, away off shore, more lonely than the Eddystone lig
847	1552	1552	0.832683	1	Look at it—a mere hillock, and elbow of sand; all beach, without a background.
848	431	431	0.173800	1	There is more sand there than you would use in twenty years as a substitute for blotting paper.
849	540	540	0.131009	1	Some gamesome wights will tell you that they have to plant weeds there, they don’t grow naturally; that they import Cana
850	1462	1462	0.186954	1	But these extravaganzas only show that Nantucket is no Illinois.
851	1888	1888	0.162744	1	Look now at the wondrous traditional story of how this island was settled by the red-men.
852	1888	1888	0.162590	1	In olden times an eagle swooped down upon the New England coast, and carried off an infant Indian in his talons.
853	2073	2073	0.325271	1	With loud lament the parents saw their child borne out of sight over the wide waters.
854	2514	2514	0.468010	1	They resolved to follow in the same direction.
855	1790	1790	0.182943	1	Setting out in their canoes, after a perilous passage they discovered the island, and there they found an empty ivory ca
856	1098	1098	0.385255	1	What wonder, then, that these Nantucketers, born on a beach, should take to the sea for a livelihood!
857	638	638	0.462104	1	They first caught crabs and quohogs in the sand; grown bolder, they waded out with nets for mackerel; more experienced, 
858	1790	1790	0.170972	1	That Himmalehan, salt-sea Mastodon, clothed with such portentousness of unconscious power, that his very panics are more
859	2098	2098	0.272679	1	And thus have these naked Nantucketers, these sea hermits, issuing from their ant-hill in the sea, overrun and conquered
860	1790	1790	0.292825	1	Let America add Mexico to Texas, and pile Cuba upon Canada; let the English overswarm all India, and hang out their blaz
861	746	746	0.106075	1	For the sea is his; he owns it, as Emperors own empires; other seamen having but a right of way through it.
862	1815	1815	0.331663	1	Merchant ships are but extension bridges; armed ones but floating forts; even pirates and privateers, though following t
863	1888	1888	0.026531	1	The Nantucketer, he alone resides and riots on the sea; he alone, in Bible language, goes down to it in ships; to and fr
864	8	8	0.131399	1	_There_ is his home; _there_ lies his business, which a Noah’s flood would not interrupt, though it overwhelmed all the 
865	1997	1997	0.033991	1	He lives on the sea, as prairie cocks in the prairie; he hides among the waves, he climbs them as chamois hunters climb 
866	2073	2073	0.004937	1	For years he knows not the land; so that when he comes to it at last, it smells like another world, more strangely than 
867	2469	2469	0.149020	1	With the landless gull, that at sunset folds her wings and is rocked to sleep between billows; so at nightfall, the Nant
868	1888	1888	0.064400	1	It was quite late in the evening when the little Moss came snugly to anchor, and Queequeg and I went ashore; so we could
869	508	508	0.002986	1	The landlord of the Spouter-Inn had recommended us to his cousin Hosea Hussey of the Try Pots, whom he asserted to be th
870	1888	1888	0.336337	1	In short, he plainly hinted that we could not possibly do better than try pot-luck at the Try Pots.
871	766	766	0.053039	1	But the directions he had given us about keeping a yellow warehouse on our starboard hand till we opened a white church 
872	2467	2467	0.003217	1	However, by dint of beating about a little in the dark, and now and then knocking up a peaceable inhabitant to inquire t
873	1888	1888	0.155736	1	Two enormous wooden pots painted black, and suspended by asses’ ears, swung from the cross-trees of an old top-mast, pla
874	2073	2073	0.573463	1	The horns of the cross-trees were sawed off on the other side, so that this old top-mast looked not a little like a gall
875	1558	1558	0.010503	1	Perhaps I was over sensitive to such impressions at the time, but I could not help staring at this gallows with a vague 
876	45	45	0.468461	1	A sort of crick was in my neck as I gazed up to the two remaining horns; yes, _two_ of them, one for Queequeg, and one f
877	1790	1790	0.090951	1	A Coffin my Innkeeper upon landing in my first whaling port; tombstones staring at me in the whalemen’s chapel; and here
878	1888	1888	0.107504	1	and a pair of prodigious black pots too!
879	674	674	0.537966	1	Are these last throwing out oblique hints touching Tophet?
880	2215	2215	0.012777	1	I was called from these reflections by the sight of a freckled woman with yellow hair and a yellow gown, standing in the
881	688	688	0.118594	1	“Get along with ye,” said she to the man, “or I’ll be combing ye!” “Come on, Queequeg,” said I, “all right.
882	8	8	0.589661	1	There’s Mrs. Hussey.” And so it turned out; Mr. Hosea Hussey being from home, but leaving Mrs. Hussey entirely competent
883	1821	1821	0.041393	1	Upon making known our desires for a supper and a bed, Mrs. Hussey, postponing further scolding for the present, ushered 
884	1888	1888	0.047577	1	“Clam or Cod?” she repeated.
885	2874	2874	0.157851	1	a cold clam; is _that_ what you mean, Mrs. Hussey?” says I, “but that’s a rather cold and clammy reception in the winter
886	1642	1642	0.067635	1	“Queequeg,” said I, “do you think that we can make out a supper for us both on one clam?” However, a warm savory steam f
887	1594	1594	0.360540	1	But when that smoking chowder came in, the mystery was delightfully explained.
888	1594	1594	0.246001	1	It was made of small juicy clams, scarcely bigger than hazel nuts, mixed with pounded ship biscuit, and salted pork cut 
889	1594	1594	0.476823	1	Our appetites being sharpened by the frosty voyage, and in particular, Queequeg seeing his favourite fishing food before
890	1888	1888	0.340271	1	Stepping to the kitchen door, I uttered the word “cod” with great emphasis, and resumed my seat.
891	1888	1888	0.364964	1	In a few moments the savoury steam came forth again, but with a different flavor, and in good time a fine cod-chowder wa
892	2073	2073	0.263991	1	We resumed business; and while plying our spoons in the bowl, thinks I to myself, I wonder now if this here has any effe
893	8	8	0.479124	1	What’s that stultifying saying about chowder-headed people?
894	1790	1790	0.355469	1	“But look, Queequeg, ain’t that a live eel in your bowl?
895	8	8	0.403265	1	Where’s your harpoon?” Fishiest of all fishy places was the Try Pots, which well deserved its name; for the pots there w
896	1888	1888	0.268748	1	Chowder for breakfast, and chowder for dinner, and chowder for supper, till you began to look for fish-bones coming thro
897	1888	1888	0.195819	1	The area before the house was paved with clam-shells.
898	1319	1319	0.105955	1	Mrs. Hussey wore a polished necklace of codfish vertebra; and Hosea Hussey had his account books bound in superior old s
899	171	171	0.052347	1	There was a fishy flavor to the milk, too, which I could not at all account for, till one morning happening to take a st
900	1623	1623	0.037042	1	Supper concluded, we received a lamp, and directions from Mrs. Hussey concerning the nearest way to bed; but, as Queeque
901	1102	1102	0.419104	1	“Why not?” said I; “every true whaleman sleeps with his harpoon—but why not?” “Because it’s dangerous,” says she.
902	2874	2874	0.530513	1	“Ever since young Stiggs coming from that unfort’nt v’y’ge of his, when he was gone four years and a half, with only thr
903	429	429	0.105643	1	So, Mr. Queequeg” (for she had learned his name), “I will just take this here iron, and keep it for you till morning.
904	548	548	0.610427	1	But the chowder; clam or cod to-morrow for breakfast, men?” “Both,” says I; “and let’s have a couple of smoked herring b
905	1790	1790	0.286306	1	In bed we concocted our plans for the morrow.
906	1594	1594	0.430276	1	But to my surprise and no small concern, Queequeg now gave me to understand, that he had been diligently consulting Yojo
907	2510	2510	0.155874	1	I have forgotten to mention that, in many things, Queequeg placed great confidence in the excellence of Yojo’s judgment 
908	316	316	0.603365	1	Now, this plan of Queequeg’s, or rather Yojo’s, touching the selection of our craft; I did not like that plan at all.
909	2659	2659	0.118682	1	I had not a little relied upon Queequeg’s sagacity to point out the whaler best fitted to carry us and our fortunes secu
910	1594	1594	0.641010	1	But as all my remonstrances produced no effect upon Queequeg, I was obliged to acquiesce; and accordingly prepared to se
911	2874	2874	0.524019	1	Next morning early, leaving Queequeg shut up with Yojo in our little bedroom—for it seemed that it was some sort of Lent
912	1642	1642	0.022513	1	After much prolonged sauntering and many random inquiries, I learnt that there were three ships up for three-years’ voya
913	429	429	0.072572	1	_Devil-Dam_, I do not know the origin of; _Tit-bit_ is obvious; _Pequod_, you will no doubt remember, was the name of a 
914	2073	2073	0.011029	1	I peered and pryed about the Devil-dam; from her, hopped over to the Tit-bit; and finally, going on board the Pequod, lo
915	102	102	0.265758	1	You may have seen many a quaint craft in your day, for aught I know;—square-toed luggers; mountainous Japanese junks; bu
916	2073	2073	0.028015	1	She was a ship of the old school, rather small if anything; with an old-fashioned claw-footed look about her.
917	8	8	0.172136	1	Long seasoned and weather-stained in the typhoons and calms of all four oceans, her old hull’s complexion was darkened l
918	1888	1888	0.367639	1	Her venerable bows looked bearded.
919	232	232	0.031410	1	Her masts—cut somewhere on the coast of Japan, where her original ones were lost overboard in a gale—her masts stood sti
920	1790	1790	0.173839	1	Her ancient decks were worn and wrinkled, like the pilgrim-worshipped flag-stone in Canterbury Cathedral where Becket bl
921	1151	1151	0.272162	1	But to all these her old antiquities, were added new and marvellous features, pertaining to the wild business that for m
922	2073	2073	0.021467	1	Old Captain Peleg, many years her chief-mate, before he commanded another vessel of his own, and now a retired seaman, a
923	1600	1600	0.259838	1	She was apparelled like any barbaric Ethiopian emperor, his neck heavy with pendants of polished ivory.
924	784	784	0.491821	1	She was a thing of trophies.
925	1888	1888	0.066300	1	A cannibal of a craft, tricking herself forth in the chased bones of her enemies.
926	463	463	0.076913	1	All round, her unpanelled, open bulwarks were garnished like one continuous jaw, with the long sharp teeth of the sperm 
927	748	748	0.605630	1	Those thews ran not through base blocks of land wood, but deftly travelled over sheaves of sea-ivory.
928	1594	1594	0.041596	1	Scorning a turnstile wheel at her reverend helm, she sported there a tiller; and that tiller was in one mass, curiously 
929	2874	2874	0.109616	1	The helmsman who steered by that tiller in a tempest, felt like the Tartar, when he holds back his fiery steed by clutch
930	2661	2661	0.137653	1	A noble craft, but somehow a most melancholy!
931	1888	1888	0.376662	1	All noble things are touched with that.
932	2315	2315	0.021640	1	Now when I looked about the quarter-deck, for some one having authority, in order to propose myself as a candidate for t
933	746	746	0.310459	1	It seemed only a temporary erection used in port.
934	2073	2073	0.127480	1	It was of a conical shape, some ten feet high; consisting of the long, huge slabs of limber black bone taken from the mi
935	1888	1888	0.102972	1	Planted with their broad ends on the deck, a circle of these slabs laced together, mutually sloped towards each other, a
936	1888	1888	0.220035	1	A triangular opening faced towards the bows of the ship, so that the insider commanded a complete view forward.
937	646	646	0.125448	1	And half concealed in this queer tenement, I at length found one who by his aspect seemed to have authority; and who, it
938	2874	2874	0.036165	1	He was seated on an old-fashioned oaken chair, wriggling all over with curious carving; and the bottom of which was form
939	1594	1594	0.015155	1	There was nothing so very particular, perhaps, about the appearance of the elderly man I saw; he was brown and brawny, l
940	2095	2095	0.882967	1	Such eye-wrinkles are very effectual in a scowl.
941	674	674	0.497974	1	“Is this the Captain of the Pequod?” said I, advancing to the door of the tent.
942	2874	2874	0.433293	1	“Supposing it be the captain of the Pequod, what dost thou want of him?” he demanded.
943	688	688	0.647288	1	“I was thinking of shipping.” “Thou wast, wast thou?
944	1502	1502	0.002628	1	I see thou art no Nantucketer—ever been in a stove boat?” “No, Sir, I never have.” “Dost know nothing at all about whali
945	1131	1131	0.140945	1	“Nothing, Sir; but I have no doubt I shall soon learn.
946	1790	1790	0.038660	1	I’ve been several voyages in the merchant service, and I think that—” “Merchant service be damned.
947	1888	1888	0.239180	1	Talk not that lingo to me.
948	2467	2467	0.025944	1	Dost see that leg?—I’ll take that leg away from thy stern, if ever thou talkest of the marchant service to me again.
949	1888	1888	0.303409	1	I suppose now ye feel considerable proud of having served in those marchant ships.
950	2467	2467	0.029290	1	man, what makes thee want to go a whaling, eh?—it looks a little suspicious, don’t it, eh?—Hast not been a pirate, hast 
951	1888	1888	0.082763	1	I saw that under the mask of these half humorous innuendoes, this old seaman, as an insulated Quakerish Nantucketer, was
952	1974	1974	0.032740	1	“But what takes thee a-whaling?
953	1888	1888	0.075843	1	I want to know that before I think of shipping ye.” “Well, sir, I want to see what whaling is.
954	1888	1888	0.103579	1	I want to see the world.” “Want to see what whaling is, eh?
955	2058	2058	0.023318	1	Have ye clapped eye on Captain Ahab?” “Who is Captain Ahab, sir?” “Aye, aye, I thought so.
956	1790	1790	0.004023	1	Captain Ahab is the Captain of this ship.” “I am mistaken then.
957	1206	1206	0.159463	1	I thought I was speaking to the Captain himself.” “Thou art speaking to Captain Peleg—that’s who ye are speaking to, you
958	427	427	0.023868	1	It belongs to me and Captain Bildad to see the Pequod fitted out for the voyage, and supplied with all her needs, includ
959	2659	2659	1.086033	1	We are part owners and agents.
960	698	698	0.154204	1	But as I was going to say, if thou wantest to know what whaling is, as thou tellest ye do, I can put ye in a way of find
961	689	689	0.324836	1	Clap eye on Captain Ahab, young man, and thou wilt find that he has only one leg.” “What do you mean, sir?
962	674	674	0.908113	1	Was the other one lost by a whale?” “Lost by a whale!
963	1156	1156	0.631887	1	Young man, come nearer to me: it was devoured, chewed up, crunched by the monstrousest parmacetty that ever chipped a bo
964	8	8	0.200425	1	_Sure_, ye’ve been to sea before now; sure of that?” “Sir,” said I, “I thought I told you that I had been four voyages i
965	8	8	0.342817	1	Mind what I said about the marchant service—don’t aggravate me—I won’t have it.
966	1888	1888	0.280835	1	But let us understand each other.
967	1888	1888	0.045168	1	I have given thee a hint about what whaling is; do ye yet feel inclined for it?” “I do, sir.” “Very good.
968	2073	2073	0.142762	1	Now, art thou the man to pitch a harpoon down a live whale’s throat, and then jump after it?
969	8	8	0.067348	1	Answer, quick!” “I am, sir, if it should be positively indispensable to do so; not to be got rid of, that is; which I do
970	2301	2301	0.013432	1	Now then, thou not only wantest to go a-whaling, to find out by experience what whaling is, but ye also want to go in or
971	2869	2869	0.333366	1	Was not that what ye said?
972	2590	2590	0.014682	1	Well then, just step forward there, and take a peep over the weather-bow, and then back to me and tell me what ye see th
973	427	427	0.024377	1	But concentrating all his crow’s feet into one scowl, Captain Peleg started me on the errand.
974	1594	1594	0.304940	1	Going forward and glancing over the weather bow, I perceived that the ship swinging to her anchor with the flood-tide, w
975	1278	1278	0.071697	1	The prospect was unlimited, but exceedingly monotonous and forbidding; not the slightest variety that I could see.
976	1843	1843	0.195513	1	“Well, what’s the report?” said Peleg when I came back; “what did ye see?” “Not much,” I replied—“nothing but water; con
977	2352	2352	0.018907	1	Do ye wish to go round Cape Horn to see any more of it, eh?
978	1718	1718	0.281109	1	Can’t ye see the world where you stand?” I was a little staggered, but go a-whaling I must, and I would; and the Pequod 
979	1100	1100	0.178563	1	Seeing me so determined, he expressed his willingness to ship me.
980	688	688	0.218809	1	“And thou mayest as well sign the papers right off,” he added—“come along with ye.” And so saying, he led the way below 
981	1888	1888	0.030835	1	Seated on the transom was what seemed to me a most uncommon and surprising figure.
982	1790	1790	0.132982	1	It turned out to be Captain Bildad, who along with Captain Peleg was one of the largest owners of the vessel; the other 
983	698	698	0.214668	1	People in Nantucket invest their money in whaling vessels, the same way that you do yours in approved state stocks bring
984	1217	1217	0.166203	1	Now, Bildad, like Peleg, and indeed many other Nantucketers, was a Quaker, the island having been originally settled by 
985	2874	2874	0.007332	1	For some of these same Quakers are the most sanguinary of all sailors and whale-hunters.
986	870	870	0.051252	1	They are fighting Quakers; they are Quakers with a vengeance.
987	2467	2467	0.137171	1	So that there are instances among them of men, who, named with Scripture names—a singularly common fashion on the island
988	313	313	0.308169	1	And when these things unite in a man of greatly superior natural force, with a globular brain and a ponderous heart; who
989	1594	1594	0.086234	1	Nor will it at all detract from him, dramatically regarded, if either by birth or other circumstances, he have what seem
990	1791	1791	0.076831	1	For all men tragically great are made so through a certain morbidness.
991	2761	2761	0.077125	1	Be sure of this, O young ambition, all mortal greatness is but disease.
992	1178	1178	0.208064	1	But, as yet we have not to do with such an one, but with quite another; and still a man, who, if indeed peculiar, it onl
993	1600	1600	0.148359	1	Like Captain Peleg, Captain Bildad was a well-to-do, retired whaleman.
994	2301	2301	0.061029	1	But unlike Captain Peleg—who cared not a rush for what are called serious things, and indeed deemed those self-same seri
995	674	674	0.165415	1	Still, for all this immutableness, was there some lack of common consistency about worthy Captain Bildad.
996	2659	2659	0.824329	1	Though refusing, from conscientious scruples, to bear arms against land invaders, yet himself had illimitably invaded th
997	1790	1790	0.236149	1	How now in the contemplative evening of his days, the pious Bildad reconciled these things in the reminiscence, I do not
998	906	906	0.052941	1	Rising from a little cabin-boy in short clothes of the drabbest drab, to a harpooneer in a broad shad-bellied waistcoat;
999	1054	1054	0.034973	1	Now, Bildad, I am sorry to say, had the reputation of being an incorrigible old hunks, and in his sea-going days, a bitt
1000	690	690	0.061167	1	They told me in Nantucket, though it certainly seems a curious story, that when he sailed the old Categut whaleman, his 
1001	690	690	1.107853	1	For a pious man, especially for a Quaker, he was certainly rather hard-hearted, to say the least.
1002	690	690	0.041954	1	He never used to swear, though, at his men, they said; but somehow he got an inordinate quantity of cruel, unmitigated h
1003	1948	1948	0.039884	1	When Bildad was a chief-mate, to have his drab-coloured eye intently looking at you, made you feel completely nervous, t
1004	1888	1888	0.387882	1	Indolence and idleness perished before him.
1005	1888	1888	0.167093	1	His own person was the exact embodiment of his utilitarian character.
1006	2094	2094	0.091872	1	On his long, gaunt body, he carried no spare flesh, no superfluous beard, his chin having a soft, economical nap to it, 
1007	427	427	0.271689	1	Such, then, was the person that I saw seated on the transom when I followed Captain Peleg down into the cabin.
1008	548	548	1.058323	1	The space between the decks was small; and there, bolt-upright, sat old Bildad, who always sat so, and never leaned, and
1009	1948	1948	0.102123	1	His broad-brim was placed beside him; his legs were stiffly crossed; his drab vesture was buttoned up to his chin; and s
1010	688	688	0.248286	1	“Bildad,” cried Captain Peleg, “at it again, Bildad, eh?
1011	2073	2073	0.598686	1	Ye have been studying those Scriptures, now, for the last thirty years, to my certain knowledge.
1012	210	210	0.427806	1	How far ye got, Bildad?” As if long habituated to such profane talk from his old shipmate, Bildad, without noticing his 
1013	1100	1100	0.443938	1	“He says he’s our man, Bildad,” said Peleg, “he wants to ship.” “Dost thee?” said Bildad, in a hollow tone, and turning 
1014	2467	2467	0.054166	1	“I _dost_,” said I unconsciously, he was so intense a Quaker.
1015	688	688	0.150935	1	“What do ye think of him, Bildad?” said Peleg.
1016	1790	1790	0.002104	1	“He’ll do,” said Bildad, eyeing me, and then went on spelling away at his book in a mumbling tone quite audible.
1017	1888	1888	0.161309	1	I thought him the queerest old Quaker I ever saw, especially as Peleg, his friend and old shipmate, seemed such a bluste
1018	2352	2352	0.024539	1	But I said nothing, only looking round me sharply.
1019	8	8	0.201830	1	Peleg now threw open a chest, and drawing forth the ship’s articles, placed pen and ink before him, and seated himself a
1020	1681	1681	0.122709	1	I began to think it was high time to settle with myself at what terms I would be willing to engage for the voyage.
1021	688	688	0.275070	1	I was already aware that in the whaling business they paid no wages; but all hands, including the captain, received cert
1022	949	949	0.096899	1	I was also aware that being a green hand at whaling, my own lay would not be very large; but considering that I was used
1023	2115	2115	0.195702	1	And though the 275th lay was what they call a rather _long lay_, yet it was better than nothing; and if we had a lucky v
1024	1888	1888	0.161673	1	It might be thought that this was a poor way to accumulate a princely fortune—and so it was, a very poor way indeed.
1025	1888	1888	0.157108	1	But I am one of those that never take on about princely fortunes, and am quite content if the world is ready to board an
1026	2265	2265	0.360041	1	Upon the whole, I thought that the 275th lay would be about the fair thing, but would not have been surprised had I been
1027	2073	2073	0.231681	1	But one thing, nevertheless, that made me a little distrustful about receiving a generous share of the profits was this:
1028	1645	1645	1.100723	1	And I did not know but what the stingy old Bildad might have a mighty deal to say about shipping hands, especially as I 
1029	2874	2874	0.119109	1	Now while Peleg was vainly trying to mend a pen with his jack-knife, old Bildad, to my no small surprise, considering th
1030	2073	2073	0.405305	1	the seven hundred and seventy-seventh!
1031	1843	1843	0.893249	1	Well, old Bildad, you are determined that I, for one, shall not _lay_ up many _lays_ here below, where moth and rust do 
1032	1405	1405	0.500496	1	It was an exceedingly _long lay_ that, indeed; and though from the magnitude of the figure it might at first deceive a l
1033	2874	2874	0.300454	1	“Why, blast your eyes, Bildad,” cried Peleg, “thou dost not want to swindle this young man!
1034	548	548	0.609286	1	he must have more than that.” “Seven hundred and seventy-seventh,” again said Bildad, without lifting his eyes; and then
1035	2874	2874	0.553345	1	The three hundredth lay, I say.” Bildad laid down his book, and turning solemnly towards him said, “Captain Peleg, thou 
1036	548	548	0.206033	1	The seven hundred and seventy-seventh lay, Captain Peleg.” “Thou Bildad!” roared Peleg, starting up and clattering about
1037	1409	1409	0.583772	1	“Blast ye, Captain Bildad, if I had followed thy advice in these matters, I would afore now had a conscience to lug abou
1038	1888	1888	0.078680	1	ye insult me, man; past all natural bearing, ye insult me.
1039	8	8	0.116406	1	It’s an all-fired outrage to tell any human creature that he’s bound to hell.
1040	1888	1888	0.316379	1	Bildad, say that again to me, and start my soul-bolts, but I’ll—I’ll—yes, I’ll swallow a live goat with all his hair and
1041	1888	1888	0.205141	1	Out of the cabin, ye canting, drab-coloured son of a wooden gun—a straight wake with ye!” As he thundered out this he ma
1042	1151	1151	0.537119	1	Alarmed at this terrible outburst between the two principal and responsible owners of the ship, and feeling half a mind 
1043	2154	2154	0.215721	1	But to my astonishment, he sat down again on the transom very quietly, and seemed to have not the slightest intention of
1044	1409	1409	1.034196	1	He seemed quite used to impenitent Peleg and his ways.
1045	84	84	0.097201	1	As for Peleg, after letting off his rage as he had, there seemed no more left in him, and he, too, sat down like a lamb,
1046	688	688	0.151534	1	“Whew!” he whistled at last—“the squall’s gone off to leeward, I think.
1047	2265	2265	0.119753	1	Bildad, thou used to be good at sharpening a lance, mend that pen, will ye.
1048	1888	1888	0.691981	1	My jack-knife here needs the grindstone.
1049	8	8	0.147690	1	That’s he; thank ye, Bildad.
1050	1790	1790	0.005348	1	Now then, my young man, Ishmael’s thy name, didn’t ye say?
1051	548	548	0.256216	1	Well then, down ye go here, Ishmael, for the three hundredth lay.” “Captain Peleg,” said I, “I have a friend with me who
1052	1102	1102	0.455736	1	“Fetch him along, and we’ll look at him.” “What lay does he want?” groaned Bildad, glancing up from the book in which he
1053	1888	1888	0.190508	1	never thee mind about that, Bildad,” said Peleg.
1054	688	688	0.263085	1	“Has he ever whaled it any?” turning to me.
1055	1843	1843	0.033388	1	“Killed more whales than I can count, Captain Peleg.” “Well, bring him along then.” And, after signing the papers, off I
1056	2874	2874	0.081811	1	But I had not proceeded far, when I began to bethink me that the Captain with whom I was to sail yet remained unseen by 
1057	2943	2943	0.051509	1	However, it is always as well to have a look at him before irrevocably committing yourself into his hands.
1058	462	462	0.789543	1	Turning back I accosted Captain Peleg, inquiring where Captain Ahab was to be found.
1059	2874	2874	0.712650	1	“And what dost thou want of Captain Ahab?
1060	2874	2874	0.103240	1	It’s all right enough; thou art shipped.” “Yes, but I should like to see him.” “But I don’t think thou wilt be able to a
1061	550	550	0.301611	1	I don’t know exactly what’s the matter with him; but he keeps close inside the house; a sort of sick, and yet he don’t l
1062	1888	1888	0.004132	1	In fact, he ain’t sick; but no, he isn’t well either.
1063	8	8	0.405403	1	Any how, young man, he won’t always see me, so I don’t suppose he will thee.
1064	427	427	0.069405	1	He’s a queer man, Captain Ahab—so some think—but a good one.
1065	1790	1790	0.354494	1	Oh, thou’lt like him well enough; no fear, no fear.
1066	550	550	0.869443	1	He’s a grand, ungodly, god-like man, Captain Ahab; doesn’t speak much; but, when he does speak, then you may well listen
1067	1790	1790	0.286521	1	Mark ye, be forewarned; Ahab’s above the common; Ahab’s been in colleges, as well as ’mong the cannibals; been used to d
1068	1790	1790	0.123074	1	aye, the keenest and the surest that out of all our isle!
1069	1790	1790	0.240786	1	he ain’t Captain Bildad; no, and he ain’t Captain Peleg; _he’s Ahab_, boy; and Ahab of old, thou knowest, was a crowned 
1070	548	548	1.153146	1	When that wicked king was slain, the dogs, did they not lick his blood?” “Come hither to me—hither, hither,” said Peleg,
1071	1888	1888	0.285729	1	“Look ye, lad; never say that on board the Pequod.
1072	1848	1848	0.295532	1	Captain Ahab did not name himself.
1073	2287	2287	0.698868	1	’Twas a foolish, ignorant whim of his crazy, widowed mother, who died when he was only a twelvemonth old.
1074	1830	1830	0.162165	1	And yet the old squaw Tistig, at Gayhead, said that the name would somehow prove prophetic.
1075	1118	1118	0.397690	1	And, perhaps, other fools like her may tell thee the same.
1076	1888	1888	0.625253	1	I wish to warn thee.
1077	1790	1790	0.036897	1	I know Captain Ahab well; I’ve sailed with him as mate years ago; I know what he is—a good man—not a pious, good man, li
1078	2073	2073	0.249357	1	Aye, aye, I know that he was never very jolly; and I know that on the passage home, he was a little out of his mind for 
1079	1738	1738	0.080354	1	I know, too, that ever since he lost his leg last voyage by that accursed whale, he’s been a kind of moody—desperate moo
1080	771	771	0.652747	1	And once for all, let me tell thee and assure thee, young man, it’s better to sail with a moody good captain than a laug
1081	2241	2241	0.396157	1	So good-bye to thee—and wrong not Captain Ahab, because he happens to have a wicked name.
1082	1054	1054	0.077164	1	Besides, my boy, he has a wife—not three voyages wedded—a sweet, resigned girl.
1083	1790	1790	0.203517	1	Think of that; by that sweet girl that old man has a child: hold ye then there can be any utter, hopeless harm in Ahab?
1084	2599	2599	0.102300	1	No, no, my lad; stricken, blasted, if he be, Ahab has his humanities!” As I walked away, I was full of thoughtfulness; w
1085	8	8	0.150246	1	And somehow, at the time, I felt a sympathy and a sorrow for him, but for I don’t know what, unless it was the cruel los
1086	3055	3055	0.096252	1	And yet I also felt a strange awe of him; but that sort of awe, which I cannot at all describe, was not exactly awe; I d
1087	1594	1594	0.519496	1	But I felt it; and it did not disincline me towards him; though I felt impatience at what seemed like mystery in him, so
1088	2073	2073	0.116822	1	However, my thoughts were at length carried in other directions, so that for the present dark Ahab slipped my mind.
1089	2659	2659	0.270456	1	As Queequeg’s Ramadan, or Fasting and Humiliation, was to continue all day, I did not choose to disturb him till towards
1090	1888	1888	0.017364	1	I say, we good Presbyterian Christians should be charitable in these things, and not fancy ourselves so vastly superior 
1091	690	690	0.063128	1	There was Queequeg, now, certainly entertaining the most absurd notions about Yojo and his Ramadan;—but what of that?
1092	1206	1206	0.283830	1	Queequeg thought he knew what he was about, I suppose; he seemed to be content; and there let him rest.
1093	2265	2265	0.340647	1	All our arguing with him would not avail; let him be, I say: and Heaven have mercy on us all—Presbyterians and Pagans al
1094	1888	1888	0.261019	1	Towards evening, when I felt assured that all his performances and rituals must be over, I went up to his room and knock
1095	1888	1888	0.079650	1	I tried to open it, but it was fastened inside.
1096	688	688	0.040821	1	“Queequeg,” said I softly through the key-hole:—all silent.
1097	8	8	0.116406	1	It’s I—Ishmael.” But all remained still as before.
1098	1681	1681	0.122711	1	I began to grow alarmed.
1099	1888	1888	0.261496	1	I had allowed him such abundant time; I thought he might have had an apoplectic fit.
1100	1820	1820	0.118462	1	I looked through the key-hole; but the door opening into an odd corner of the room, the key-hole prospect was but a croo
1101	1888	1888	0.387683	1	I could only see part of the foot-board of the bed and a line of the wall, but nothing more.
1102	2073	2073	0.053322	1	I was surprised to behold resting against the wall the wooden shaft of Queequeg’s harpoon, which the landlady the evenin
1103	541	541	0.101202	1	That’s strange, thought I; but at any rate, since the harpoon stands yonder, and he seldom or never goes abroad without 
1104	1888	1888	0.279861	1	I tried to burst open the door; but it stubbornly resisted.
1105	1888	1888	0.105842	1	Running down stairs, I quickly stated my suspicions to the first person I met—the chamber-maid.
1106	8	8	0.387311	1	la!” she cried, “I thought something must be the matter.
1107	1278	1278	0.411312	1	I went to make the bed after breakfast, and the door was locked; and not a mouse to be heard; and it’s been just so sile
1108	2115	2115	0.705481	1	But I thought, may be, you had both gone off and locked your baggage in for safe keeping.
1109	8	8	0.117403	1	apoplexy!”—and with these cries, she ran towards the kitchen, I following.
1110	2561	2561	0.152710	1	Mrs. Hussey soon appeared, with a mustard-pot in one hand and a vinegar-cruet in the other, having just broken away from
1111	1888	1888	0.080890	1	“Wood-house!” cried I, “which way to it?
1112	1790	1790	0.145934	1	Run for God’s sake, and fetch something to pry open the door—the axe!—the axe!
1113	8	8	0.071386	1	he’s had a stroke; depend upon it!”—and so saying I was unmethodically rushing up stairs again empty-handed, when Mrs. H
1114	1504	1504	0.131083	1	“What’s the matter with you, young man?” “Get the axe!
1115	2807	2807	0.302916	1	For God’s sake, run for the doctor, some one, while I pry it open!” “Look here,” said the landlady, quickly putting down
1116	688	688	0.018574	1	“What’s the matter with you?
1117	508	508	0.000559	1	What’s the matter with you, shipmate?” In as calm, but rapid a manner as possible, I gave her to understand the whole ca
1118	1888	1888	0.052838	1	Unconsciously clapping the vinegar-cruet to one side of her nose, she ruminated for an instant; then exclaimed—“No!
1119	8	8	0.424724	1	I haven’t seen it since I put it there.” Running to a little closet under the landing of the stairs, she glanced in, and
1120	688	688	0.399782	1	“He’s killed himself,” she cried.
1121	548	548	0.128732	1	“It’s unfort’nate Stiggs done over again—there goes another counterpane—God pity his poor mother!—it will be the ruin of
1122	674	674	0.370353	1	Has the poor lad a sister?
1123	429	429	0.584894	1	Where’s that girl?—there, Betty, go to Snarles the Painter, and tell him to paint me a sign, with—“no suicides permitted
1124	1888	1888	0.187161	1	The Lord be merciful to his ghost!
1125	2026	2026	0.126228	1	You, young man, avast there!” And running up after me, she caught me as I was again trying to force open the door.
1126	2599	2599	0.210875	1	“I don’t allow it; I won’t have my premises spoiled.
1127	8	8	0.500507	1	Go for the locksmith, there’s one about a mile from here.
1128	338	338	0.016263	1	But avast!” putting her hand in her side-pocket, “here’s a key that’ll fit, I guess; let’s see.” And with that, she turn
1129	1790	1790	0.094422	1	Queequeg’s supplemental bolt remained unwithdrawn within.
1130	688	688	0.374030	1	“Have to burst it open,” said I, and was running down the entry a little, for a good start, when the landlady caught at 
1131	2051	2051	0.690212	1	With a prodigious noise the door flew open, and the knob slamming against the wall, sent the plaster to the ceiling; and
1132	548	548	0.164601	1	there sat Queequeg, altogether cool and self-collected; right in the middle of the room; squatting on his hams, and hold
1133	1790	1790	0.086136	1	He looked neither one way nor the other way, but sat like a carved image with scarce a sign of active life.
1134	2874	2874	0.140556	1	“Queequeg,” said I, going up to him, “Queequeg, what’s the matter with you?” “He hain’t been a sittin’ so all day, has h
1135	1790	1790	0.028009	1	But all we said, not a word could we drag out of him; I almost felt like pushing him over, so as to change his position,
1136	2073	2073	0.170954	1	Hussey,” said I, “he’s _alive_ at all events; so leave us, if you please, and I will see to this strange affair myself.”
1137	2705	2705	0.067159	1	There he sat; and all he could do—for all my polite arts and blandishments—he would not move a peg, nor say a single wor
1138	114	114	0.026096	1	I wonder, thought I, if this can possibly be a part of his Ramadan; do they fast on their hams that way in his native is
1139	8	8	0.139028	1	It must be so; yes, it’s part of his creed, I suppose; well, then, let him rest; he’ll get up sooner or later, no doubt.
1140	8	8	0.263473	1	It can’t last for ever, thank God, and his Ramadan only comes once a year; and I don’t believe it’s very punctual then.
1141	1888	1888	0.453557	1	I went down to supper.
1142	2874	2874	0.126118	1	After sitting a long time listening to the long stories of some sailors who had just come from a plum-pudding voyage, as
1143	1278	1278	1.524941	1	But no; there he was just where I had left him; he had not stirred an inch.
1144	2707	2707	0.140635	1	I began to grow vexed with him; it seemed so downright senseless and insane to be sitting there all day and half the nig
1145	1790	1790	0.069358	1	“For heaven’s sake, Queequeg, get up and shake yourself; get up and have some supper.
1146	8	8	0.320076	1	You’ll starve; you’ll kill yourself, Queequeg.” But not a word did he reply.
1147	1888	1888	0.367948	1	Despairing of him, therefore, I determined to go to bed and to sleep; and no doubt, before a great while, he would follo
1148	1206	1206	0.031867	1	But previous to turning in, I took my heavy bearskin jacket, and threw it over him, as it promised to be a very cold nig
1149	1797	1797	0.306316	1	For some time, do all I would, I could not get into the faintest doze.
1150	1398	1398	0.302344	1	I had blown out the candle; and the mere thought of Queequeg—not four feet off—sitting there in that uneasy position, st
1151	1054	1054	0.053762	1	Think of it; sleeping all night in the same room with a wide awake pagan on his hams in this dreary, unaccountable Ramad
1152	73	73	0.009786	1	But somehow I dropped off at last, and knew nothing more till break of day; when, looking over the bedside, there squatt
1153	232	232	0.232214	1	But as soon as the first glimpse of sun entered the window, up he got, with stiff and grating joints, but with a cheerfu
1154	1600	1600	0.371661	1	Now, as I before hinted, I have no objection to any person’s religion, be it what it may, so long as that person does no
1155	8	8	0.085600	1	But when a man’s religion becomes really frantic; when it is a positive torment to him; and, in fine, makes this earth o
1156	266	266	0.272978	1	And just so I now did with Queequeg.
1157	1558	1558	0.368618	1	“Queequeg,” said I, “get into bed now, and lie and listen to me.” I then went on, beginning with the rise and progress o
1158	2874	2874	0.165827	1	I told him, too, that he being in other things such an extremely sensible and sagacious savage, it pained me, very badly
1159	548	548	0.164496	1	Besides, argued I, fasting makes the body cave in; hence the spirit caves in; and all thoughts born of a fast must neces
1160	1790	1790	0.054312	1	This is the reason why most dyspeptic religionists cherish such melancholy notions about their hereafters.
1161	1594	1594	0.212725	1	In one word, Queequeg, said I, rather digressively; hell is an idea first born on an undigested apple-dumpling; and sinc
1162	1888	1888	0.274098	1	I then asked Queequeg whether he himself was ever troubled with dyspepsia; expressing the idea very plainly, so that he 
1163	1888	1888	0.213977	1	He said no; only upon one memorable occasion.
1164	2874	2874	0.699908	1	It was after a great feast given by his father the king, on the gaining of a great battle wherein fifty of the enemy had
1165	688	688	0.039792	1	“No more, Queequeg,” said I, shuddering; “that will do;” for I knew the inferences without his further hinting them.
1166	541	541	0.337656	1	I had seen a sailor who had visited that very island, and he told me that it was the custom, when a great battle had bee
1167	2982	2982	0.160653	1	After all, I do not think that my remarks about religion made much impression upon Queequeg.
1168	2171	2171	0.247415	1	Because, in the first place, he somehow seemed dull of hearing on that important subject, unless considered from his own
1169	2078	2078	0.688060	1	He looked at me with a sort of condescending concern and compassion, as though he thought it a great pity that such a se
1170	2874	2874	0.182147	1	At last we rose and dressed; and Queequeg, taking a prodigiously hearty breakfast of chowders of all sorts, so that the 
1171	1594	1594	0.187480	1	As we were walking down the end of the wharf towards the ship, Queequeg carrying his harpoon, Captain Peleg in his gruff
1172	689	689	0.874325	1	“What do you mean by that, Captain Peleg?” said I, now jumping on the bulwarks, and leaving my comrade standing on the w
1173	688	688	0.397636	1	“I mean,” he replied, “he must show his papers.” “Yes,” said Captain Bildad in his hollow voice, sticking his head from 
1174	688	688	0.201938	1	“He must show that he’s converted.
1175	548	548	0.783000	1	Son of darkness,” he added, turning to Queequeg, “art thou at present in communion with any Christian church?” “Why,” sa
1176	688	688	0.446376	1	“First Congregational Church,” cried Bildad, “what!
1177	1100	1100	0.496640	1	that worships in Deacon Deuteronomy Coleman’s meeting-house?” and so saying, taking out his spectacles, he rubbed them w
1178	548	548	1.170986	1	“How long hath he been a member?” he then said, turning to me; “not very long, I rather guess, young man.” “No,” said Pe
1179	709	709	0.083026	1	I never saw him going there, and I pass it every Lord’s day.” “I don’t know anything about Deacon Deuteronomy or his mee
1180	688	688	0.093500	1	He is a deacon himself, Queequeg is.” “Young man,” said Bildad sternly, “thou art skylarking with me—explain thyself, th
1181	2874	2874	0.107489	1	What church dost thee mean?
1182	8	8	0.327343	1	answer me.” Finding myself thus hard pushed, I replied.
1183	548	548	1.087070	1	“I mean, sir, the same ancient Catholic Church to which you and I, and Captain Peleg there, and Queequeg here, and all o
1184	688	688	0.241064	1	“Young man, you’d better ship for a missionary, instead of a fore-mast hand; I never heard a better sermon.
1185	1790	1790	0.116488	1	Deacon Deuteronomy—why Father Mapple himself couldn’t beat it, and he’s reckoned something.
1186	2145	2145	0.368294	1	Come aboard, come aboard; never mind about the papers.
1187	1795	1795	0.117053	1	I say, tell Quohog there—what’s that you call him?
1188	2328	2328	0.066959	1	tell Quohog to step along.
1189	1790	1790	0.124824	1	By the great anchor, what a harpoon he’s got there!
1190	1888	1888	0.028616	1	looks like good stuff that; and he handles it about right.
1191	949	949	0.169839	1	I say, Quohog, or whatever your name is, did you ever stand in the head of a whale-boat?
1192	2073	2073	0.096827	1	did you ever strike a fish?” Without saying a word, Queequeg, in his wild sort of way, jumped upon the bulwarks, from th
1193	1814	1814	0.416299	1	well, spose him one whale eye, well, den!” and taking sharp aim at it, he darted the iron right over old Bildad’s broad 
1194	688	688	0.882833	1	“Now,” said Queequeg, quietly hauling in the line, “spos-ee him whale-e eye; why, dad whale dead.” “Quick, Bildad,” said
1195	1504	1504	0.063007	1	“Quick, I say, you Bildad, and get the ship’s papers.
1196	1888	1888	0.045649	1	We must have Hedgehog there, I mean Quohog, in one of our boats.
1197	1790	1790	0.121617	1	Look ye, Quohog, we’ll give ye the ninetieth lay, and that’s more than ever was given a harpooneer yet out of Nantucket.
1198	181	181	0.395306	1	When all preliminaries were over and Peleg had got everything ready for signing, he turned to me and said, “I guess, Quo
1199	1888	1888	0.241228	1	I say, Quohog, blast ye!
1200	2659	2659	0.245465	1	dost thou sign thy name or make thy mark?” But at this question, Queequeg, who had twice or thrice before taken part in 
1201	181	181	0.206270	1	Meanwhile Captain Bildad sat earnestly and steadfastly eyeing Queequeg, and at last rising solemnly and fumbling in the 
1202	2145	2145	0.058360	1	Spurn the idol Bell, and the hideous dragon; turn from the wrath to come; mind thine eye, I say; oh!
1203	1594	1594	0.345984	1	steer clear of the fiery pit!” Something of the salt sea yet lingered in old Bildad’s language, heterogeneously mixed wi
1204	548	548	0.555185	1	“Avast there, avast there, Bildad, avast now spoiling our harpooneer,” cried Peleg.
1205	292	292	0.029408	1	“Pious harpooneers never make good voyagers—it takes the shark out of ’em; no harpooneer is worth a straw who aint prett
1206	838	838	0.158279	1	There was young Nat Swaine, once the bravest boat-header out of all Nantucket and the Vineyard; he joined the meeting, a
1207	1226	1226	0.365791	1	He got so frightened about his plaguy soul, that he shrinked and sheered away from whales, for fear of after-claps, in c
1208	8	8	0.021882	1	Peleg!” said Bildad, lifting his eyes and hands, “thou thyself, as I myself, hast seen many a perilous time; thou knowes
1209	1888	1888	0.515506	1	Thou beliest thine own heart, Peleg.
1210	1558	1558	0.132956	1	Tell me, when this same Pequod here had her three masts overboard in that typhoon on Japan, that same voyage when thou w
1211	1504	1504	0.018767	1	When every moment we thought the ship would sink!
1212	638	638	0.102251	1	Death and the Judgment then?
1213	2874	2874	0.229391	1	With all three masts making such an everlasting thundering against the side; and every sea breaking over us, fore and af
1214	2145	2145	0.280262	1	Think of Death and the Judgment then?
1215	2602	2602	0.029508	1	no time to think about Death then.
1216	1888	1888	0.041598	1	Life was what Captain Ahab and I was thinking of; and how to save all hands—how to rig jury-masts—how to get into the ne
1217	945	945	0.105913	1	There he stood, very quietly overlooking some sailmakers who were mending a top-sail in the waist.
1218	1903	1903	0.187083	1	Now and then he stooped to pick up a patch, or save an end of tarred twine, which otherwise might have been wasted.
1219	2073	2073	0.232552	1	“Shipmates, have ye shipped in that ship?” Queequeg and I had just left the Pequod, and were sauntering away from the wa
1220	1790	1790	0.244687	1	He was but shabbily apparelled in faded jacket and patched trowsers; a rag of a black handkerchief investing his neck.
1221	1790	1790	0.039991	1	A confluent small-pox had in all directions flowed over his face, and left it like the complicated ribbed bed of a torre
1222	1102	1102	0.044118	1	“Have ye shipped in her?” he repeated.
1223	688	688	0.002389	1	“You mean the ship Pequod, I suppose,” said I, trying to gain a little more time for an uninterrupted look at him.
1224	688	688	0.299992	1	“Aye, the Pequod—that ship there,” he said, drawing back his whole arm, and then rapidly shoving it straight out from hi
1225	1790	1790	0.018724	1	“Yes,” said I, “we have just signed the articles.” “Anything down there about your souls?” “About what?” “Oh, perhaps yo
1226	1790	1790	0.283420	1	“No matter though, I know many chaps that hav’n’t got any,—good luck to ’em; and they are all the better off for it.
1227	8	8	0.169403	1	A soul’s a sort of a fifth wheel to a wagon.” “What are you jabbering about, shipmate?” said I.
1228	246	246	0.621772	1	“_He’s_ got enough, though, to make up for all deficiencies of that sort in other chaps,” abruptly said the stranger, pl
1229	1102	1102	0.068924	1	“Queequeg,” said I, “let’s go; this fellow has broken loose from somewhere; he’s talking about something and somebody we
1230	1790	1790	0.215746	1	“Ye said true—ye hav’n’t seen Old Thunder yet, have ye?” “Who’s Old Thunder?” said I, again riveted with the insane earn
1231	1581	1581	0.058297	1	the captain of our ship, the Pequod?” “Aye, among some of us old sailor chaps, he goes by that name.
1232	1790	1790	0.327592	1	Ye hav’n’t seen him yet, have ye?” “No, we hav’n’t.
1233	1594	1594	0.323643	1	He’s sick they say, but is getting better, and will be all right again before long.” “All right again before long!” laug
1234	2761	2761	0.205746	1	“Look ye; when Captain Ahab is all right, then this left arm of mine will be all right; not before.” “What do you know a
1235	550	550	0.103801	1	Say that!” “They didn’t tell much of anything about him; only I’ve heard that he’s a good whale-hunter, and a good capta
1236	592	592	0.000065	1	But you must jump when he gives an order.
1237	961	961	0.132699	1	Step and growl; growl and go—that’s the word with Captain Ahab.
1238	2287	2287	0.331406	1	But nothing about that thing that happened to him off Cape Horn, long ago, when he lay like dead for three days and nigh
1239	1790	1790	0.022074	1	Nothing about the silver calabash he spat into?
1240	1888	1888	0.194445	1	And nothing about his losing his leg last voyage, according to the prophecy.
1241	8	8	0.237821	1	Didn’t ye hear a word about them matters and something more, eh?
1242	8	8	0.500447	1	No, I don’t think ye did; how could ye?
1243	1888	1888	0.331690	1	Not all Nantucket, I guess.
1244	8	8	0.203807	1	But hows’ever, mayhap, ye’ve heard tell about the leg, and how he lost it; aye, ye have heard of that, I dare say.
1245	1156	1156	0.603572	1	Oh yes, _that_ every one knows a’most—I mean they know he’s only one leg; and that a parmacetti took the other off.” “My
1246	3055	3055	0.022671	1	But if you are speaking of Captain Ahab, of that ship there, the Pequod, then let me tell you, that I know all about the
1247	1790	1790	0.034036	1	Names down on the papers?
1248	1843	1843	0.604906	1	Well, well, what’s signed, is signed; and what’s to be, will be; and then again, perhaps it won’t be, after all.
1249	8	8	0.061359	1	Anyhow, it’s all fixed and arranged a’ready; and some sailors or other must go with him, I suppose; as well these as any
1250	2874	2874	0.457684	1	Morning to ye, shipmates, morning; the ineffable heavens bless ye; I’m sorry I stopped ye.” “Look here, friend,” said I,
1251	3007	3007	0.101788	1	Morning to ye, shipmates, morning!
1252	1795	1795	0.272283	1	when ye get there, tell ’em I’ve concluded not to make one of ’em.” “Ah, my dear fellow, you can’t fool us that way—you 
1253	1102	1102	0.842130	1	It is the easiest thing in the world for a man to look as if he had a great secret in him.” “Morning to ye, shipmates, m
1254	2145	2145	0.340556	1	“Come along, Queequeg, let’s leave this crazy man.
1255	2145	2145	0.364043	1	But stop, tell me your name, will you?” “Elijah.” Elijah!
1256	1790	1790	0.017235	1	thought I, and we walked away, both commenting, after each other’s fashion, upon this ragged old sailor; and agreed that
1257	1767	1767	0.458375	1	But we had not gone perhaps above a hundred yards, when chancing to turn a corner, and looking back as I did so, who sho
1258	1767	1767	0.192480	1	Somehow, the sight of him struck me so, that I said nothing to Queequeg of his being behind, but passed on with my comra
1259	2073	2073	0.424263	1	He did; and then it seemed to me that he was dogging us, but with what intent I could not for the life of me imagine.
1260	2073	2073	0.439029	1	This circumstance, coupled with his ambiguous, half-hinting, half-revealing, shrouded sort of talk, now begat in me all 
1261	771	771	0.006218	1	I was resolved to satisfy myself whether this ragged Elijah was really dogging us or not, and with that intent crossed t
1262	1888	1888	0.079583	1	But Elijah passed on, without seeming to notice us.
1263	386	386	0.259332	1	This relieved me; and once more, and finally as it seemed to me, I pronounced him in my heart, a humbug.
1264	1888	1888	0.098492	1	A day or two passed, and there was great activity aboard the Pequod.
1265	2742	2742	0.814053	1	Not only were the old sails being mended, but new sails were coming on board, and bolts of canvas, and coils of rigging;
1266	1581	1581	0.015965	1	Captain Peleg seldom or never went ashore, but sat in his wigwam keeping a sharp look-out upon the hands: Bildad did all
1267	2528	2528	0.241009	1	On the day following Queequeg’s signing the articles, word was given at all the inns where the ship’s company were stopp
1268	2073	2073	0.785937	1	So Queequeg and I got down our traps, resolving, however, to sleep ashore till the last.
1269	1888	1888	0.125934	1	But it seems they always give very long notice in these cases, and the ship did not sail for several days.
1270	1613	1613	0.101278	1	But no wonder; there was a good deal to be done, and there is no telling how many things to be thought of, before the Pe
1271	2330	2330	0.387962	1	Every one knows what a multitude of things—beds, sauce-pans, knives and forks, shovels and tongs, napkins, nut-crackers,
1272	1790	1790	0.076988	1	Just so with whaling, which necessitates a three-years’ housekeeping upon the wide ocean, far from all grocers, costermo
1273	2741	2741	0.007532	1	And though this also holds true of merchant vessels, yet not by any means to the same extent as with whalemen.
1274	2661	2661	0.064761	1	For besides the great length of the whaling voyage, the numerous articles peculiar to the prosecution of the fishery, an
1275	1888	1888	0.257534	1	Hence, the spare boats, spare spars, and spare lines and harpoons, and spare everythings, almost, but a spare Captain an
1276	2073	2073	0.130340	1	At the period of our arrival at the Island, the heaviest storage of the Pequod had been almost completed; comprising her
1277	541	541	0.165965	1	But, as before hinted, for some time there was a continual fetching and carrying on board of divers odds and ends of thi
1278	1372	1372	0.222996	1	Chief among those who did this fetching and carrying was Captain Bildad’s sister, a lean old lady of a most determined a
1279	1422	1422	0.008293	1	At one time she would come on board with a jar of pickles for the steward’s pantry; another time with a bunch of quills 
1280	1206	1206	0.307798	1	Never did any woman better deserve her name, which was Charity—Aunt Charity, as everybody called her.
1281	2659	2659	1.003333	1	And like a sister of charity did this charitable Aunt Charity bustle about hither and thither, ready to turn her hand an
1282	2073	2073	0.627746	1	But it was startling to see this excellent hearted Quakeress coming on board, as she did the last day, with a long oil-l
1283	62	62	0.114477	1	Nor was Bildad himself nor Captain Peleg at all backward.
1284	2098	2098	0.581209	1	As for Bildad, he carried about with him a long list of the articles needed, and at every fresh arrival, down went his m
1285	593	593	0.081999	1	Every once in a while Peleg came hobbling out of his whalebone den, roaring at the men down the hatchways, roaring up to
1286	427	427	0.024483	1	During these days of preparation, Queequeg and I often visited the craft, and as often I asked about Captain Ahab, and h
1287	2659	2659	0.940686	1	To these questions they would answer, that he was getting better and better, and was expected aboard every day; meantime
1288	2808	2808	0.506111	1	If I had been downright honest with myself, I would have seen very plainly in my heart that I did but half fancy being c
1289	1594	1594	0.000476	1	But when a man suspects any wrong, it sometimes happens that if he be already involved in the matter, he insensibly stri
1290	1888	1888	0.195200	1	And much this way it was with me.
1291	1888	1888	0.369143	1	I said nothing, and tried to think nothing.
1292	1888	1888	0.070896	1	At last it was given out that some time next day the ship would certainly sail.
1293	1888	1888	0.273432	1	So next morning, Queequeg and I took a very early start.
1294	2874	2874	0.877911	1	It was nearly six o’clock, but only grey imperfect misty dawn, when we drew nigh the wharf.
1295	548	548	0.409686	1	“There are some sailors running ahead there, if I see right,” said I to Queequeg, “it can’t be shadows; she’s off by sun
1296	1102	1102	0.477714	1	“Going aboard?” “Hands off, will you,” said I.
1297	688	688	0.556978	1	“Lookee here,” said Queequeg, shaking himself, “go ’way!” “Ain’t going aboard, then?” “Yes, we are,” said I, “but what b
1298	2898	2898	0.327581	1	Do you know, Mr. Elijah, that I consider you a little impertinent?” “No, no, no; I wasn’t aware of that,” said Elijah, s
1299	688	688	0.455498	1	“Elijah,” said I, “you will oblige my friend and me by withdrawing.
1300	2659	2659	0.377151	1	We are going to the Indian and Pacific Oceans, and would prefer not to be detained.” “Ye be, be ye?
1301	548	548	0.266751	1	Coming back afore breakfast?” “He’s cracked, Queequeg,” said I, “come on.” “Holloa!” cried stationary Elijah, hailing us
1302	548	548	0.606939	1	“Never mind him,” said I, “Queequeg, come on.” But he stole up to us again, and suddenly clapping his hand on my shoulde
1303	688	688	0.017751	1	“Morning to ye.” Once more we quitted him; but once more he came softly after us; and touching my shoulder again, said, 
1304	1888	1888	0.049081	1	“Find who?” “Morning to ye!
1305	8	8	0.450182	1	morning to ye!” he rejoined, again moving off.
1306	1888	1888	0.168952	1	I was going to warn ye against—but never mind, never mind—it’s all one, all in the family too;—sharp frost this morning,
1307	1790	1790	0.094463	1	Shan’t see ye again very soon, I guess; unless it’s before the Grand Jury.” And with these cracked words he finally depa
1308	178	178	0.076072	1	At last, stepping on board the Pequod, we found everything in profound quiet, not a soul moving.
1309	2874	2874	0.221011	1	The cabin entrance was locked within; the hatches were all on, and lumbered with coils of rigging.
1310	938	938	0.067981	1	Going forward to the forecastle, we found the slide of the scuttle open.
1311	2215	2215	0.136860	1	Seeing a light, we went down, and found only an old rigger there, wrapped in a tattered pea-jacket.
1312	1821	1821	0.043793	1	He was thrown at whole length upon two chests, his face downwards and inclosed in his folded arms.
1313	1888	1888	0.439879	1	The profoundest slumber slept upon him.
1314	688	688	0.185044	1	“Those sailors we saw, Queequeg, where can they have gone to?” said I, looking dubiously at the sleeper.
1315	1934	1934	0.530635	1	But it seemed that, when on the wharf, Queequeg had not at all noticed what I now alluded to; hence I would have thought
1316	202	202	0.090215	1	But I beat the thing down; and again marking the sleeper, jocularly hinted to Queequeg that perhaps we had best sit up w
1317	664	664	0.302543	1	He put his hand upon the sleeper’s rear, as though feeling if it was soft enough; and then, without more ado, sat quietl
1318	8	8	0.417812	1	Queequeg, don’t sit there,” said I.
1319	8	8	0.183738	1	perry dood seat,” said Queequeg, “my country way; won’t hurt him face.” “Face!” said I, “call that his face?
1320	1790	1790	0.401145	1	very benevolent countenance then; but how hard he breathes, he’s heaving himself; get off, Queequeg, you are heavy, it’s
1321	8	8	0.236815	1	Look, he’ll twitch you off soon.
1322	8	8	0.661380	1	I wonder he don’t wake.” Queequeg removed himself to just beyond the head of the sleeper, and lighted his tomahawk pipe.
1323	1888	1888	0.367464	1	I sat at the feet.
1324	1888	1888	0.203445	1	We kept the pipe passing over the sleeper, from one to the other.
1325	2874	2874	0.551752	1	Meanwhile, upon questioning him in his broken fashion, Queequeg gave me to understand that, in his land, owing to the ab
1326	1888	1888	0.033217	1	Besides, it was very convenient on an excursion; much better than those garden-chairs which are convertible into walking
1327	1098	1098	0.458719	1	While narrating these things, every time Queequeg received the tomahawk from me, he flourished the hatchet-side of it ov
1328	688	688	0.018581	1	“What’s that for, Queequeg?” “Perry easy, kill-e; oh!
1329	1178	1178	0.705331	1	perry easy!” He was going on with some wild reminiscences about his tomahawk-pipe, which, it seemed, had in its two uses
1330	1594	1594	0.313776	1	The strong vapor now completely filling the contracted hole, it began to tell upon him.
1331	2707	2707	0.117898	1	He breathed with a sort of muffledness; then seemed troubled in the nose; then revolved over once or twice; then sat up 
1332	688	688	0.163383	1	“Holloa!” he breathed at last, “who be ye smokers?” “Shipped men,” answered I, “when does she sail?” “Aye, aye, ye are g
1333	1888	1888	0.193730	1	The Captain came aboard last night.” “What Captain?—Ahab?” “Who but him indeed?” I was going to ask him some further que
1334	1888	1888	0.716321	1	Starbuck’s astir,” said the rigger.
1335	202	202	0.194659	1	“He’s a lively chief mate, that; good man, and a pious; but all alive now, I must turn to.” And so saying he went on dec
1336	1888	1888	0.645055	1	It was now clear sunrise.
1337	2659	2659	0.812939	1	Soon the crew came on board in twos and threes; the riggers bestirred themselves; the mates were actively engaged; and s
1338	1888	1888	0.162355	1	Meanwhile Captain Ahab remained invisibly enshrined within his cabin.
1339	206	206	0.208613	1	At length, towards noon, upon the final dismissal of the ship’s riggers, and after the Pequod had been hauled out from t
1340	1888	1888	0.075486	1	Captain Ahab is all ready—just spoke to him—nothing more to be got from shore, eh?
1341	1843	1843	0.952319	1	Well, call all hands, then.
1342	2609	2609	0.037506	1	Muster ’em aft here—blast ’em!” “No need of profane words, however great the hurry, Peleg,” said Bildad, “but away with 
1343	1399	1399	0.181535	1	Here upon the very point of starting for the voyage, Captain Peleg and Captain Bildad were going it with a high hand on 
1344	427	427	0.017583	1	And, as for Captain Ahab, no sign of him was yet to be seen; only, they said he was in the cabin.
1345	1504	1504	0.220266	1	But then, the idea was, that his presence was by no means necessary in getting the ship under weigh, and steering her we
1346	427	427	0.043528	1	Indeed, as that was not at all his proper business, but the pilot’s; and as he was not yet completely recovered—so they 
1347	1790	1790	0.018273	1	And all this seemed natural enough; especially as in the merchant service many captains never show themselves on deck fo
1348	2761	2761	0.116330	1	But there was not much chance to think over the matter, for Captain Peleg was now all alive.
1349	1475	1475	0.345920	1	He seemed to do most of the talking and commanding, and not Bildad.
1350	688	688	0.037955	1	“Aft here, ye sons of bachelors,” he cried, as the sailors lingered at the main-mast.
1351	1888	1888	0.483663	1	Starbuck, drive ’em aft.” “Strike the tent there!”—was the next order.
1352	1600	1600	0.580509	1	As I hinted before, this whalebone marquee was never pitched except in port; and on board the Pequod, for thirty years, 
1353	2073	2073	0.379190	1	Blood and thunder!—jump!”—was the next command, and the crew sprang for the handspikes.
1354	2977	2977	0.725088	1	Now in getting under weigh, the station generally occupied by the pilot is the forward part of the ship.
1355	3032	3032	0.062263	1	And here Bildad, who, with Peleg, be it known, in addition to his other officers, was one of the licensed pilots of the 
1356	1888	1888	0.473059	1	Nevertheless, not three days previous, Bildad had told them that no profane songs would be allowed on board the Pequod, 
1357	1888	1888	0.111534	1	Meantime, overseeing the other part of the ship, Captain Peleg ripped and swore astern in the most frightful manner.
1358	1888	1888	0.127472	1	I almost thought he would sink the ship before the anchor could be got up; involuntarily I paused on my handspike, and t
1359	427	427	0.120301	1	I was comforting myself, however, with the thought that in pious Bildad might be found some salvation, spite of his seve
1360	3052	3052	0.879818	1	That was my first kick.
1361	674	674	0.198637	1	“Is that the way they heave in the marchant service?” he roared.
1362	1888	1888	0.346712	1	“Spring, thou sheep-head; spring, and break thy backbone!
1363	8	8	0.726012	1	Why don’t ye spring, I say, all of ye—spring!
1364	1888	1888	0.078834	1	spring, thou chap with the red whiskers; spring there, Scotch-cap; spring, thou green pants.
1365	1409	1409	0.048973	1	Spring, I say, all of ye, and spring your eyes out!” And so saying, he moved along the windlass, here and there using hi
1366	1888	1888	0.343281	1	Thinks I, Captain Peleg must have been drinking something to-day.
1367	1482	1482	0.236392	1	At last the anchor was up, the sails were set, and off we glided.
1368	2094	2094	0.161783	1	It was a short, cold Christmas; and as the short northern day merged into night, we found ourselves almost broad upon th
1369	1814	1814	0.129168	1	The long rows of teeth on the bulwarks glistened in the moonlight; and like the white ivory tusks of some huge elephant,
1370	2467	2467	0.302494	1	Lank Bildad, as pilot, headed the first watch, and ever and anon, as the old craft deep dived into the green seas, and s
1371	429	429	0.058170	1	So to the Jews old Canaan stood, While Jordan rolled between.”_ Never did those sweet words sound more sweetly to me tha
1372	937	937	0.178412	1	They were full of hope and fruition.
1373	2874	2874	0.401558	1	Spite of this frigid winter night in the boisterous Atlantic, spite of my wet feet and wetter jacket, there was yet, it 
1374	1790	1790	0.100009	1	At last we gained such an offing, that the two pilots were needed no longer.
1375	1888	1888	0.629413	1	The stout sail-boat that had accompanied us began ranging alongside.
1376	1888	1888	0.157024	1	It was curious and not unpleasing, how Peleg and Bildad were affected at this juncture, especially Captain Bildad.
1377	541	541	0.865270	1	For loath to depart, yet; very loath to leave, for good, a ship bound on so long and perilous a voyage—beyond both storm
1378	419	419	0.063533	1	And he, too, did not a little run from cabin to deck—now a word below, and now a word with Starbuck, the chief mate.
1379	1790	1790	0.084097	1	But, at last, he turned to his comrade, with a final sort of look about him,—“Captain Bildad—come, old shipmate, we must
1380	2707	2707	0.437717	1	Stand by to come close alongside, now!
1381	2659	2659	0.019325	1	Careful, careful!—come, Bildad, boy—say your last.
1382	1790	1790	0.095821	1	Luck to ye, Starbuck—luck to ye, Mr. Stubb—luck to ye, Mr. Flask—good-bye and good luck to ye all—and this day three yea
1383	548	548	0.735239	1	Hurrah and away!” “God bless ye, and have ye in His holy keeping, men,” murmured old Bildad, almost incoherently.
1384	427	427	0.021350	1	“I hope ye’ll have fine weather now, so that Captain Ahab may soon be moving among ye—a pleasant sun is all he needs, an
1385	692	692	0.008208	1	Be careful in the hunt, ye mates.
1386	8	8	0.091419	1	Don’t stave the boats needlessly, ye harpooneers; good white cedar plank is raised full three per cent.
1387	8	8	0.187945	1	Don’t forget your prayers, either.
1388	8	8	0.598635	1	Mr. Starbuck, mind that cooper don’t waste the spare staves.
1389	508	508	0.100890	1	the sail-needles are in the green locker!
1390	8	8	0.187942	1	Don’t whale it too much a’ Lord’s days, men; but don’t miss a fair chance either, that’s rejecting Heaven’s good gifts.
1391	1821	1821	0.099825	1	Have an eye to the molasses tierce, Mr. Stubb; it was a little leaky, I thought.
1392	1462	1462	0.159266	1	If ye touch at the islands, Mr. Flask, beware of fornication.
1393	8	8	0.187944	1	Don’t keep that cheese too long down in the hold, Mr. Starbuck; it’ll spoil.
1394	427	427	0.265577	1	Be careful with the butter—twenty cents the pound it was, and mind ye, if—” “Come, come, Captain Bildad; stop palavering
1395	2659	2659	0.377947	1	Ship and boat diverged; the cold, damp night breeze blew between; a screaming gull flew overhead; the two hulls wildly r
1396	1054	1054	0.156754	1	Some chapters back, one Bulkington was spoken of, a tall, newlanded mariner, encountered in New Bedford at the inn.
1397	1790	1790	0.100153	1	When on that shivering winter’s night, the Pequod thrust her vindictive bows into the cold malicious waves, who should I
1398	1594	1594	0.073266	1	I looked with sympathetic awe and fearfulness upon the man, who in mid-winter just landed from a four years’ dangerous v
1399	1888	1888	0.029392	1	The land seemed scorching to his feet.
1400	1888	1888	0.083303	1	Wonderfullest things are ever the unmentionable; deep memories yield no epitaphs; this six-inch chapter is the stoneless
1401	2044	2044	0.059116	1	Let me only say that it fared with him as with the storm-tossed ship, that miserably drives along the leeward land.
1402	2874	2874	0.376731	1	The port would fain give succor; the port is pitiful; in the port is safety, comfort, hearthstone, supper, warm blankets
1403	2659	2659	0.601084	1	But in that gale, the port, the land, is that ship’s direst jeopardy; she must fly all hospitality; one touch of land, t
1404	2073	2073	0.212285	1	With all her might she crowds all sail off shore; in so doing, fights ’gainst the very winds that fain would blow her ho
1405	1888	1888	0.225404	1	Glimpses do ye seem to see of that mortally intolerable truth; that all deep, earnest thinking is but the intrepid effor
1406	1594	1594	0.631225	1	But as in landlessness alone resides highest truth, shoreless, indefinite as God—so, better is it to perish in that howl
1407	1888	1888	0.137380	1	who would craven crawl to land!
1408	2761	2761	0.081177	1	is all this agony so vain?
1409	1738	1738	0.428528	1	Take heart, take heart, O Bulkington!
1410	2166	2166	0.062637	1	Up from the spray of thy ocean-perishing—straight up, leaps thy apotheosis!
1411	2761	2761	0.111540	1	As Queequeg and I are now fairly embarked in this business of whaling; and as this business of whaling has somehow come 
1412	1888	1888	0.212844	1	In the first place, it may be deemed almost superfluous to establish the fact, that among people at large, the business 
1413	2115	2115	0.318629	1	If a stranger were introduced into any miscellaneous metropolitan society, it would but slightly advance the general opi
1414	858	858	0.068172	1	(Sperm Whale Fishery) to his visiting card, such a procedure would be deemed pre-eminently presuming and ridiculous.
1415	2467	2467	0.025943	1	Doubtless one leading reason why the world declines honoring us whalemen, is this: they think that, at best, our vocatio
1416	690	690	0.182459	1	Butchers we are, that is true.
1417	1790	1790	0.437906	1	But butchers, also, and butchers of the bloodiest badge have been all Martial Commanders whom the world invariably delig
1418	1791	1791	0.369433	1	And as for the matter of the alleged uncleanliness of our business, ye shall soon be initiated into certain facts hither
1419	2363	2363	0.053927	1	But even granting the charge in question to be true; what disordered slippery decks of a whale-ship are comparable to th
1420	2073	2073	0.729479	1	And if the idea of peril so much enhances the popular conceit of the soldier’s profession; let me assure ye that many a 
1421	1797	1797	0.128760	1	For what are the comprehensible terrors of man compared with the interlinked terrors and wonders of God!
1422	1581	1581	0.348577	1	But, though the world scouts at us whale hunters, yet does it unwittingly pay us the profoundest homage; yea, an all-abo
1423	2874	2874	0.160780	1	for almost all the tapers, lamps, and candles that burn round the globe, burn, as before so many shrines, to our glory!
1424	1821	1821	0.034100	1	But look at this matter in other lights; weigh it in all sorts of scales; see what we whalemen are, and have been.
1425	698	698	0.009242	1	Why did the Dutch in De Witt’s time have admirals of their whaling fleets?
1426	2098	2098	0.041235	1	of France, at his own personal expense, fit out whaling ships from Dunkirk, and politely invite to that town some score 
1427	1642	1642	0.395676	1	Why did Britain between the years 1750 and 1788 pay to her whalemen in bounties upwards of £1,000,000?
1428	1461	1461	0.300660	1	And lastly, how comes it that we whalemen of America now outnumber all the rest of the banded whalemen in the world; sai
1429	2098	2098	0.513008	1	and every year importing into our harbors a well reaped harvest of $7,000,000.
1430	782	782	0.206910	1	How comes all this, if there be not something puissant in whaling?
1431	1888	1888	0.056436	1	But this is not the half; look again.
1432	2672	2672	0.058021	1	I freely assert, that the cosmopolite philosopher cannot, for his life, point out one single peaceful influence, which w
1433	2241	2241	0.192475	1	One way and another, it has begotten events so remarkable in themselves, and so continuously momentous in their sequenti
1434	1888	1888	0.078454	1	It would be a hopeless, endless task to catalogue all these things.
1435	2659	2659	1.486176	1	For many years past the whale-ship has been the pioneer in ferreting out the remotest and least known parts of the earth
1436	8	8	0.279010	1	She has explored seas and archipelagoes which had no chart, where no Cook or Vancouver had ever sailed.
1437	2659	2659	1.294644	1	If American and European men-of-war now peacefully ride in once savage harbors, let them fire salutes to the honor and g
1438	2659	2659	1.231525	1	They may celebrate as they will the heroes of Exploring Expeditions, your Cooks, your Krusensterns; but I say that score
1439	392	392	0.308619	1	For in their succourless empty-handedness, they, in the heathenish sharked waters, and by the beaches of unrecorded, jav
1440	2761	2761	0.013250	1	All that is made such a flourish of in the old South Sea Voyages, those things were but the life-time commonplaces of ou
1441	1399	1399	0.253229	1	Often, adventures which Vancouver dedicates three chapters to, these men accounted unworthy of being set down in the shi
1442	2265	2265	0.003305	1	Until the whale fishery rounded Cape Horn, no commerce but colonial, scarcely any intercourse but colonial, was carried 
1443	1763	1763	0.062315	1	It was the whaleman who first broke through the jealous policy of the Spanish crown, touching those colonies; and, if sp
1444	2073	2073	0.484841	1	That great America on the other side of the sphere, Australia, was given to the enlightened world by the whaleman.
1445	1594	1594	0.297905	1	After its first blunder-born discovery by a Dutchman, all other ships long shunned those shores as pestiferously barbaro
1446	1888	1888	0.107970	1	The whale-ship is the true mother of that now mighty colony.
1447	1888	1888	0.222604	1	Moreover, in the infancy of the first Australian settlement, the emigrants were several times saved from starvation by t
1448	1888	1888	0.180998	1	The uncounted isles of all Polynesia confess the same truth, and do commercial homage to the whale-ship, that cleared th
1449	1678	1678	0.083733	1	If that double-bolted land, Japan, is ever to become hospitable, it is the whale-ship alone to whom the credit will be d
1450	2265	2265	0.138632	1	But if, in the face of all this, you still declare that whaling has no æsthetically noble associations connected with it
1451	1888	1888	0.276397	1	The whale has no famous author, and whaling no famous chronicler, you will say.
1452	1888	1888	0.000660	1	_The whale no famous author, and whaling no famous chronicler?_ Who wrote the first account of our Leviathan?
1453	1790	1790	0.307595	1	And who composed the first narrative of a whaling-voyage?
1454	1949	1949	0.357875	1	Who, but no less a prince than Alfred the Great, who, with his own royal pen, took down the words from Other, the Norweg
1455	935	935	0.078323	1	And who pronounced our glowing eulogy in Parliament?
1456	1888	1888	0.257304	1	True enough, but then whalemen themselves are poor devils; they have no good blood in their veins.
1457	1790	1790	0.008856	1	_No good blood in their veins?_ They have something better than royal blood there.
1458	2496	2496	0.002613	1	The grandmother of Benjamin Franklin was Mary Morrel; afterwards, by marriage, Mary Folger, one of the old settlers of N
1459	1888	1888	0.159158	1	Good again; but then all confess that somehow whaling is not respectable.
1460	1974	1974	0.374324	1	_Whaling not respectable?_ Whaling is imperial!
1461	688	688	0.082196	1	By old English statutory law, the whale is declared “a royal fish.” * Oh, that’s only nominal!
1462	1888	1888	0.629413	1	The whale himself has never figured in any grand imposing way.
1463	1581	1581	0.101007	1	_The whale never figured in any grand imposing way?_ In one of the mighty triumphs given to a Roman general upon his ent
1464	1790	1790	0.240944	1	* *See subsequent chapters for something more on this head.
1465	338	338	0.071987	1	Grant it, since you cite it; but, say what you will, there is no real dignity in whaling.
1466	2073	2073	0.488392	1	_No dignity in whaling?_ The dignity of our calling the very heavens attest.
1467	1888	1888	0.193923	1	Cetus is a constellation in the South!
1468	1888	1888	0.726306	1	Drive down your hat in presence of the Czar, and take it off to Queequeg!
1469	1888	1888	0.576766	1	I know a man that, in his lifetime, has taken three hundred and fifty whales.
1470	1718	1718	0.121609	1	I account that man more honorable than that great captain of antiquity who boasted of taking as many walled towns.
1471	1563	1563	0.525783	1	And, as for me, if, by any possibility, there be any as yet undiscovered prime thing in me; if I shall ever deserve any 
1472	2659	2659	0.510659	1	in my desk, then here I prospectively ascribe all the honor and the glory to whaling; for a whale-ship was my Yale Colle
1473	1888	1888	0.044905	1	In behalf of the dignity of whaling, I would fain advance naught but substantiated facts.
1474	3055	3055	0.457554	1	But after embattling his facts, an advocate who should wholly suppress a not unreasonable surmise, which might tell eloq
1475	2659	2659	0.506035	1	It is well known that at the coronation of kings and queens, even modern ones, a certain curious process of seasoning th
1476	2154	2154	0.232575	1	There is a saltcellar of state, so called, and there may be a castor of state.
1477	2051	2051	0.163875	1	How they use the salt, precisely—who knows?
1478	1594	1594	0.175542	1	Certain I am, however, that a king’s head is solemnly oiled at his coronation, even as a head of salad.
1479	935	935	0.041179	1	Can it be, though, that they anoint it with a view of making its interior run well, as they anoint machinery?
1480	935	935	0.278847	1	Much might be ruminated here, concerning the essential dignity of this regal process, because in common life we esteem b
1481	1888	1888	0.501131	1	In truth, a mature man who uses hair-oil, unless medicinally, that man has probably got a quoggy spot in him somewhere.
1482	8	8	0.560213	1	As a general rule, he can’t amount to much in his totality.
1483	1888	1888	0.221768	1	But the only thing to be considered here, is this—what kind of oil is used at coronations?
1484	1790	1790	0.186184	1	Certainly it cannot be olive oil, nor macassar oil, nor castor oil, nor bear’s oil, nor train oil, nor cod-liver oil.
1485	580	580	0.146272	1	What then can it possibly be, but sperm oil in its unmanufactured, unpolluted state, the sweetest of all oils?
1486	2145	2145	0.207714	1	Think of that, ye loyal Britons!
1487	2659	2659	1.331867	1	we whalemen supply your kings and queens with coronation stuff!
1488	1285	1285	0.139163	1	The chief mate of the Pequod was Starbuck, a native of Nantucket, and a Quaker by descent.
1489	1819	1819	0.042885	1	He was a long, earnest man, and though born on an icy coast, seemed well adapted to endure hot latitudes, his flesh bein
1490	1888	1888	0.014758	1	Transported to the Indies, his live blood would not spoil like bottled ale.
1491	2265	2265	0.247613	1	He must have been born in some time of general drought and famine, or upon one of those fast days for which his state is
1492	3055	3055	0.117785	1	Only some thirty arid summers had he seen; those summers had dried up all his physical superfluousness.
1493	1256	1256	0.106350	1	But this, his thinness, so to speak, seemed no more the token of wasting anxieties and cares, than it seemed the indicat
1494	1552	1552	1.117040	1	It was merely the condensation of the man.
1495	2761	2761	0.207470	1	He was by no means ill-looking; quite the contrary.
1496	392	392	0.096040	1	His pure tight skin was an excellent fit; and closely wrapped up in it, and embalmed with inner health and strength, lik
1497	1594	1594	0.078510	1	Looking into his eyes, you seemed to see there the yet lingering images of those thousand-fold perils he had calmly conf
1498	1054	1054	0.305782	1	A staid, steadfast man, whose life for the most part was a telling pantomime of action, and not a tame chapter of sounds
1499	1791	1791	0.004600	1	Yet, for all his hardy sobriety and fortitude, there were certain qualities in him which at times affected, and in some 
1500	1594	1594	0.838594	1	Uncommonly conscientious for a seaman, and endued with a deep natural reverence, the wild watery loneliness of his life 
1501	1888	1888	0.694989	1	Outward portents and inward presentiments were his.
1502	1319	1319	0.012928	1	And if at times these things bent the welded iron of his soul, much more did his far-away domestic memories of his young
1503	688	688	0.302705	1	“I will have no man in my boat,” said Starbuck, “who is not afraid of a whale.” By this, he seemed to mean, not only tha
1504	2609	2609	0.218181	1	“Aye, aye,” said Stubb, the second mate, “Starbuck, there, is as careful a man as you’ll find anywhere in this fishery.”
1505	1888	1888	0.084291	1	Starbuck was no crusader after perils; in him courage was not a sentiment; but a thing simply useful to him, and always 
1506	1594	1594	0.241796	1	Besides, he thought, perhaps, that in this business of whaling, courage was one of the great staple outfits of the ship,
1507	1790	1790	0.127141	1	Wherefore he had no fancy for lowering for whales after sun-down; nor for persisting in fighting a fish that too much pe
1508	690	690	0.062850	1	For, thought Starbuck, I am here in this critical ocean to kill whales for my living, and not to be killed by them for t
1509	8	8	0.195302	1	What doom was his own father’s?
1510	1815	1815	0.340927	1	Where, in the bottomless deeps, could he find the torn limbs of his brother?
1511	2265	2265	0.114788	1	With memories like these in him, and, moreover, given to a certain superstitiousness, as has been said; the courage of t
1512	1594	1594	0.475116	1	But it was not in reasonable nature that a man so organized, and with such terrible experiences and remembrances as he h
1513	1669	1669	0.086311	1	And brave as he might be, it was that sort of bravery chiefly, visible in some intrepid men, which, while generally abid
1514	674	674	0.102681	1	But were the coming narrative to reveal in any instance, the complete abasement of poor Starbuck’s fortitude, scarce mig
1515	8	8	0.376933	1	Men may seem detestable as joint stock-companies and nations; knaves, fools, and murderers there may be; men may have me
1516	1110	1110	0.084688	1	That immaculate manliness we feel within ourselves, so far within us, that it remains intact though all the outer charac
1517	62	62	0.166678	1	Nor can piety itself, at such a shameful sight, completely stifle her upbraidings against the permitting stars.
1518	748	748	1.947235	1	But this august dignity I treat of, is not the dignity of kings and robes, but that abounding dignity which has no robed
1519	1791	1791	0.217205	1	Thou shalt see it shining in the arm that wields a pick or drives a spike; that democratic dignity which, on all hands, 
1520	1371	1371	0.615012	1	The centre and circumference of all democracy!
1521	202	202	0.013249	1	His omnipresence, our divine equality!
1522	2697	2697	0.373480	1	If, then, to meanest mariners, and renegades and castaways, I shall hereafter ascribe high qualities, though dark; weave
1523	1888	1888	0.303039	1	Bear me out in it, thou great democratic God!
1524	935	935	0.121964	1	who didst not refuse to the swart convict, Bunyan, the pale, poetic pearl; Thou who didst clothe with doubly hammered le
1525	882	882	0.026856	1	Thou who, in all Thy mighty, earthly marchings, ever cullest Thy selectest champions from the kingly commons; bear me ou
1526	1888	1888	0.194438	1	Stubb was the second mate.
1527	1790	1790	0.138382	1	He was a native of Cape Cod; and hence, according to local usage, was called a Cape-Cod-man.
1528	2864	2864	0.134356	1	A happy-go-lucky; neither craven nor valiant; taking perils as they came with an indifferent air; and while engaged in t
1529	1552	1552	0.220169	1	Good-humored, easy, and careless, he presided over his whale-boat as if the most deadly encounter were but a dinner, and
1530	1718	1718	0.027410	1	He was as particular about the comfortable arrangement of his part of the boat, as an old stage-driver is about the snug
1531	1594	1594	0.143276	1	When close to the whale, in the very death-lock of the fight, he handled his unpitying lance coolly and off-handedly, as
1532	2659	2659	0.716386	1	He would hum over his old rigadig tunes while flank and flank with the most exasperated monster.
1533	2029	2029	0.368043	1	Long usage had, for this Stubb, converted the jaws of death into an easy chair.
1534	2954	2954	0.006140	1	What he thought of death itself, there is no telling.
1535	2661	2661	0.282372	1	Whether he ever thought of it at all, might be a question; but, if he ever did chance to cast his mind that way after a 
1536	1594	1594	0.224204	1	What, perhaps, with other things, made Stubb such an easy-going, unfearing man, so cheerily trudging off with the burden
1537	1054	1054	0.094043	1	For, like his nose, his short, black little pipe was one of the regular features of his face.
1538	3055	3055	0.072396	1	You would almost as soon have expected him to turn out of his bunk without his nose as without his pipe.
1539	2073	2073	0.028038	1	He kept a whole row of pipes there ready loaded, stuck in a rack, within easy reach of his hand; and, whenever he turned
1540	2874	2874	0.086565	1	For, when Stubb dressed, instead of first putting his legs into his trowsers, he put his pipe into his mouth.
1541	2073	2073	0.582462	1	I say this continual smoking must have been one cause, at least, of his peculiar disposition; for every one knows that t
1542	1308	1308	0.011210	1	The third mate was Flask, a native of Tisbury, in Martha’s Vineyard.
1543	1594	1594	0.091874	1	A short, stout, ruddy young fellow, very pugnacious concerning whales, who somehow seemed to think that the great leviat
1544	548	548	0.540540	1	So utterly lost was he to all sense of reverence for the many marvels of their majestic bulk and mystic ways; and so dea
1545	746	746	0.194352	1	This ignorant, unconscious fearlessness of his made him a little waggish in the matter of whales; he followed these fish
1546	562	562	0.521458	1	As a carpenter’s nails are divided into wrought nails and cut nails; so mankind may be similarly divided.
1547	1888	1888	0.133479	1	Little Flask was one of the wrought ones; made to clinch tight and last long.
1548	2761	2761	0.007985	1	They called him King-Post on board of the Pequod; because, in form, he could be well likened to the short, square timber
1549	1642	1642	0.228478	1	Now these three mates—Starbuck, Stubb, and Flask, were momentous men.
1550	294	294	0.031027	1	They it was who by universal prescription commanded three of the Pequod’s boats as headsmen.
1551	1098	1098	0.022162	1	In that grand order of battle in which Captain Ahab would probably marshal his forces to descend on the whales, these th
1552	392	392	0.167999	1	Or, being armed with their long keen whaling spears, they were as a picked trio of lancers; even as the harpooneers were
1553	1642	1642	0.724406	1	And since in this famous fishery, each mate or headsman, like a Gothic Knight of old, is always accompanied by his boat-
1554	351	351	0.306301	1	First of all was Queequeg, whom Starbuck, the chief mate, had selected for his squire.
1555	1888	1888	0.459718	1	But Queequeg is already known.
1556	2073	2073	0.257617	1	Next was Tashtego, an unmixed Indian from Gay Head, the most westerly promontory of Martha’s Vineyard, where there still
1557	1888	1888	0.212847	1	In the fishery, they usually go by the generic name of Gay-Headers.
1558	2874	2874	0.138233	1	Tashtego’s long, lean, sable hair, his high cheek bones, and black rounding eyes—for an Indian, Oriental in their largen
1559	945	945	0.065236	1	But no longer snuffing in the trail of the wild beasts of the woodland, Tashtego now hunted in the wake of the great wha
1560	1581	1581	0.228528	1	To look at the tawny brawn of his lithe snaky limbs, you would almost have credited the superstitions of some of the ear
1561	2073	2073	0.594712	1	Tashtego was Stubb the second mate’s squire.
1562	1054	1054	0.141650	1	Third among the harpooneers was Daggoo, a gigantic, coal-black negro-savage, with a lion-like tread—an Ahasuerus to beho
1563	548	548	0.221875	1	Suspended from his ears were two golden hoops, so large that the sailors called them ring-bolts, and would talk of secur
1564	1888	1888	0.113761	1	In his youth Daggoo had voluntarily shipped on board of a whaler, lying in a lonely bay on his native coast.
1565	1594	1594	0.633334	1	And never having been anywhere in the world but in Africa, Nantucket, and the pagan harbors most frequented by whalemen;
1566	2073	2073	0.024599	1	There was a corporeal humility in looking up at him; and a white man standing before him seemed a white flag come to beg
1567	1888	1888	0.178160	1	Curious to tell, this imperial negro, Ahasuerus Daggoo, was the Squire of little Flask, who looked like a chess-man besi
1568	1278	1278	1.182261	1	As for the residue of the Pequod’s company, be it said, that at the present day not one in two of the many thousand men 
1569	1235	1235	0.521159	1	Herein it is the same with the American whale fishery as with the American army and military and merchant navies, and th
1570	1594	1594	0.420091	1	The same, I say, because in all these cases the native American liberally provides the brains, the rest of the world as 
1571	2807	2807	0.175361	1	No small number of these whaling seamen belong to the Azores, where the outward bound Nantucket whalers frequently touch
1572	682	682	0.130090	1	In like manner, the Greenland whalers sailing out of Hull or London, put in at the Shetland Islands, to receive the full
1573	1074	1074	0.183681	1	Upon the passage homewards, they drop them there again.
1574	1504	1504	0.153138	1	How it is, there is no telling, but Islanders seem to make the best whalemen.
1575	1303	1303	1.090506	1	They were nearly all Islanders in the Pequod, _Isolatoes_ too, I call such, not acknowledging the common continent of me
1576	1098	1098	0.604120	1	Yet now, federated along one keel, what a set these Isolatoes were!
1577	1903	1903	0.364879	1	An Anacharsis Clootz deputation from all the isles of the sea, and all the ends of the earth, accompanying Old Ahab in t
1578	1888	1888	0.173313	1	Black Little Pip—he never did—oh, no!
1579	2874	2874	0.031298	1	On the grim Pequod’s forecastle, ye shall ere long see him, beating his tambourine; prelusive of the eternal time, when 
1580	1797	1797	0.357910	1	For several days after leaving Nantucket, nothing above hatches was seen of Captain Ahab.
1581	1594	1594	0.035650	1	The mates regularly relieved each other at the watches, and for aught that could be seen to the contrary, they seemed to
1582	690	690	0.072718	1	Yes, their supreme lord and dictator was there, though hitherto unseen by any eyes not permitted to penetrate into the n
1583	273	273	0.242787	1	Every time I ascended to the deck from my watches below, I instantly gazed aft to mark if any strange face were visible;
1584	1594	1594	0.253675	1	This was strangely heightened at times by the ragged Elijah’s diabolical incoherences uninvitedly recurring to me, with 
1585	1594	1594	0.306315	1	But poorly could I withstand them, much as in other moods I was almost ready to smile at the solemn whimsicalities of th
1586	949	949	0.328630	1	But whatever it was of apprehensiveness or uneasiness—to call it so—which I felt, yet whenever I came to look about me i
1587	1594	1594	0.076210	1	For though the harpooneers, with the great body of the crew, were a far more barbaric, heathenish, and motley set than a
1588	2661	2661	0.378110	1	But it was especially the aspect of the three chief officers of the ship, the mates, which was most forcibly calculated 
1589	1594	1594	0.108829	1	Three better, more likely sea-officers and men, each in his own different way, could not readily be found, and they were
1590	2352	2352	0.116107	1	Now, it being Christmas when the ship shot from out her harbor, for a space we had biting Polar weather, though all the 
1591	1147	1147	0.059496	1	It was one of those less lowering, but still grey and gloomy enough mornings of the transition, when with a fair wind th
1592	1888	1888	0.287311	1	Reality outran apprehension; Captain Ahab stood upon his quarter-deck.
1593	46	46	0.295924	1	There seemed no sign of common bodily illness about him, nor of the recovery from any.
1594	1594	1594	0.094614	1	He looked like a man cut away from the stake, when the fire has overrunningly wasted all the limbs without consuming the
1595	1888	1888	0.071378	1	His whole high, broad form, seemed made of solid bronze, and shaped in an unalterable mould, like Cellini’s cast Perseus
1596	2874	2874	0.239163	1	Threading its way out from among his grey hairs, and continuing right down one side of his tawny scorched face and neck,
1597	541	541	0.528266	1	It resembled that perpendicular seam sometimes made in the straight, lofty trunk of a great tree, when the upper lightni
1598	771	771	0.018321	1	Whether that mark was born with him, or whether it was the scar left by some desperate wound, no one could certainly say
1599	971	971	0.111932	1	By some tacit consent, throughout the voyage little or no allusion was made to it, especially by the mates.
1600	748	748	0.027179	1	But once Tashtego’s senior, an old Gay-Head Indian among the crew, superstitiously asserted that not till he was full fo
1601	1147	1147	0.107620	1	Yet, this wild hint seemed inferentially negatived, by what a grey Manxman insinuated, an old sepulchral man, who, havin
1602	1594	1594	0.958148	1	Nevertheless, the old sea-traditions, the immemorial credulities, popularly invested this old Manxman with preternatural
1603	338	338	0.009306	1	So that no white sailor seriously contradicted him when he said that if ever Captain Ahab should be tranquilly laid out—
1604	1278	1278	0.406443	1	So powerfully did the whole grim aspect of Ahab affect me, and the livid brand which streaked it, that for the first few
1605	1594	1594	0.573413	1	It had previously come to me that this ivory leg had at sea been fashioned from the polished bone of the sperm whale’s j
1606	688	688	0.595848	1	“Aye, he was dismasted off Japan,” said the old Gay-Head Indian once; “but like his dismasted craft, he shipped another 
1607	1790	1790	0.183460	1	He has a quiver of ’em.” I was struck with the singular posture he maintained.
1608	1151	1151	0.099640	1	Upon each side of the Pequod’s quarter deck, and pretty close to the mizzen shrouds, there was an auger hole, bored abou
1609	1819	1819	0.050889	1	His bone leg steadied in that hole; one arm elevated, and holding by a shroud; Captain Ahab stood erect, looking straigh
1610	1054	1054	0.104922	1	There was an infinity of firmest fortitude, a determinate, unsurrenderable wilfulness, in the fixed and fearless, forwar
1611	2659	2659	1.000902	1	Not a word he spoke; nor did his officers say aught to him; though by all their minutest gestures and expressions, they 
1612	2375	2375	0.345199	1	And not only that, but moody stricken Ahab stood before them with a crucifixion in his face; in all the nameless regal o
1613	1888	1888	0.101718	1	Ere long, from his first visit in the air, he withdrew into his cabin.
1614	771	771	0.037518	1	But after that morning, he was every day visible to the crew; either standing in his pivot-hole, or seated upon an ivory
1615	3055	3055	0.588213	1	As the sky grew less gloomy; indeed, began to grow a little genial, he became still less and less a recluse; as if, when
1616	2073	2073	0.195274	1	And, by and by, it came to pass, that he was almost continually in the air; but, as yet, for all that he said, or percep
1617	1594	1594	0.252168	1	But the Pequod was only making a passage now; not regularly cruising; nearly all whaling preparatives needing supervisio
1618	1888	1888	0.283206	1	Nevertheless, ere long, the warm, warbling persuasiveness of the pleasant, holiday weather we came to, seemed gradually 
1619	1054	1054	0.336699	1	For, as when the red-cheeked, dancing girls, April and May, trip home to the wintry, misanthropic woods; even the barest
1620	1594	1594	0.072797	1	More than once did he put forth the faint blossom of a look, which, in any other man, would have soon flowered out in a 
1621	1790	1790	0.095221	1	Enter Ahab; to Him, Stubb.
1622	2330	2330	0.621070	1	Some days elapsed, and ice and icebergs all astern, the Pequod now went rolling through the bright Quito spring, which, 
1623	1594	1594	0.276798	1	The warmly cool, clear, ringing, perfumed, overflowing, redundant days, were as crystal goblets of Persian sherbet, heap
1624	1888	1888	0.044803	1	The starred and stately nights seemed haughty dames in jewelled velvets, nursing at home in lonely pride, the memory of 
1625	184	184	0.807889	1	For sleeping man, ’twas hard to choose between such winsome days and such seducing nights.
1626	2301	2301	1.543454	1	But all the witcheries of that unwaning weather did not merely lend new spells and potencies to the outward world.
1627	801	801	0.073930	1	Inward they turned upon the soul, especially when the still mild hours of eve came on; then, memory shot her crystals as
1628	1790	1790	0.330566	1	And all these subtle agencies, more and more they wrought on Ahab’s texture.
1629	2073	2073	0.017277	1	Old age is always wakeful; as if, the longer linked with life, the less man has to do with aught that looks like death.
1630	1206	1206	0.211116	1	Among sea-commanders, the old greybeards will oftenest leave their berths to visit the night-cloaked deck.
1631	771	771	0.245110	1	It was so with Ahab; only that now, of late, he seemed so much to live in the open air, that truly speaking, his visits 
1632	1594	1594	0.182861	1	“It feels like going down into one’s tomb,”—he would mutter to himself—“for an old captain like me to be descending this
1633	2874	2874	0.347444	1	Some considering touch of humanity was in him; for at times like these, he usually abstained from patrolling the quarter
1634	2659	2659	0.139907	1	But once, the mood was on him too deep for common regardings; and as with heavy, lumber-like pace he was measuring the s
1635	1888	1888	0.493784	1	Stubb, thou didst not know Ahab then.
1636	2874	2874	0.048285	1	“Am I a cannon-ball, Stubb,” said Ahab, “that thou wouldst wad me that fashion?
1637	1821	1821	0.223195	1	But go thy ways; I had forgot.
1638	2073	2073	0.108384	1	Below to thy nightly grave; where such as ye sleep between shrouds, to use ye to the filling one at last.—Down, dog, and
1639	1642	1642	0.168920	1	gritted Ahab between his set teeth, and violently moving away, as if to avoid some passionate temptation.
1640	688	688	0.093373	1	“No, sir; not yet,” said Stubb, emboldened, “I will not tamely be called a dog, sir.” “Then be called ten times a donkey
1641	688	688	0.841401	1	“I was never served so before without giving a hard blow for it,” muttered Stubb, as he found himself descending the cab
1642	8	8	0.690373	1	Stop, Stubb; somehow, now, I don’t well know whether to go back and strike him, or—what’s that?—down here on my knees an
1643	3052	3052	0.200966	1	Yes, that was the thought coming up in me; but it would be the first time I ever _did_ pray.
1644	1790	1790	0.384558	1	It’s queer; very queer; and he’s queer too; aye, take him fore and aft, he’s about the queerest old man Stubb ever saile
1645	1888	1888	0.074070	1	How he flashed at me!—his eyes like powder-pans!
1646	2609	2609	0.581377	1	Anyway there’s something on his mind, as sure as there must be something on a deck when it cracks.
1647	8	8	0.163040	1	He aint in his bed now, either, more than three hours out of the twenty-four; and he don’t sleep then.
1648	8	8	0.237821	1	Didn’t that Dough-Boy, the steward, tell me that of a morning he always finds the old man’s hammock clothes all rumpled 
1649	1790	1790	0.336371	1	I guess he’s got what some folks ashore call a conscience; it’s a kind of Tic-Dolly-row they say—worse nor a toothache.
1650	1843	1843	0.281242	1	Well, well; I don’t know what it is, but the Lord keep me from catching it.
1651	2874	2874	0.011039	1	He’s full of riddles; I wonder what he goes into the after hold for, every night, as Dough-Boy tells me he suspects; wha
1652	8	8	0.396992	1	Who’s made appointments with him in the hold?
1653	8	8	0.232988	1	But there’s no telling, it’s the old game—Here goes for a snooze.
1654	1790	1790	0.108885	1	Damn me, it’s worth a fellow’s while to be born into the world, if only to fall right asleep.
1655	8	8	0.257328	1	And now that I think of it, that’s about the first thing babies do, and that’s a sort of queer, too.
1656	1888	1888	0.124414	1	Damn me, but all things are queer, come to think of ’em.
1657	8	8	0.174477	1	But that’s against my principles.
1658	674	674	0.951834	1	Think not, is my eleventh commandment; and sleep when you can, is my twelfth—So here goes again.
1659	8	8	0.515942	1	didn’t he call me a dog?
1660	429	429	0.237651	1	he called me ten times a donkey, and piled a lot of jackasses on top of _that!_ He might as well have kicked me, and don
1661	8	8	0.293159	1	Maybe he _did_ kick me, and I didn’t observe it, I was so taken all aback with his brow, somehow.
1662	1888	1888	0.674050	1	It flashed like a bleached bone.
1663	8	8	0.158105	1	What the devil’s the matter with me?
1664	1479	1479	0.150129	1	I don’t stand right on my legs.
1665	1888	1888	0.047809	1	Coming afoul of that old man has a sort of turned me wrong side out.
1666	2265	2265	0.549092	1	By the Lord, I must have been dreaming, though—How?
1667	858	858	0.001069	1	how?—but the only way’s to stash it; so here goes to hammock again; and in the morning, I’ll see how this plaguey juggli
1668	2265	2265	0.154598	1	When Stubb had departed, Ahab stood for a while leaning over the bulwarks; and then, as had been usual with him of late,
1669	1888	1888	0.236958	1	Lighting the pipe at the binnacle lamp and planting the stool on the weather side of the deck, he sat and smoked.
1670	548	548	1.355188	1	In old Norse times, the thrones of the sea-loving Danish kings were fabricated, saith tradition, of the tusks of the nar
1671	232	232	0.093314	1	How could one look at Ahab then, seated on that tripod of bones, without bethinking him of the royalty it symbolized?
1672	1790	1790	0.114792	1	For a Khan of the plank, and a king of the sea, and a great lord of Leviathans was Ahab.
1673	2505	2505	0.395345	1	Some moments passed, during which the thick vapor came from his mouth in quick and constant puffs, which blew back again
1674	688	688	1.211483	1	“How now,” he soliloquized at last, withdrawing the tube, “this smoking no longer soothes.
1675	1110	1110	0.782349	1	hard must it go with me if thy charm be gone!
1676	73	73	0.031543	1	Here have I been unconsciously toiling, not pleasuring—aye, and ignorantly smoking to windward all the while; to windwar
1677	1888	1888	0.008400	1	What business have I with this pipe?
1678	178	178	0.187627	1	This thing that is meant for sereneness, to send up mild white vapors among mild white hairs, not among torn iron-grey l
1679	1888	1888	0.031550	1	I’ll smoke no more—” He tossed the still lighted pipe into the sea.
1680	2133	2133	0.171530	1	The fire hissed in the waves; the same instant the ship shot by the bubble the sinking pipe made.
1681	2874	2874	0.176766	1	With slouched hat, Ahab lurchingly paced the planks.
1682	1821	1821	0.303960	1	Next morning Stubb accosted Flask.
1683	1888	1888	0.285729	1	“Such a queer dream, King-Post, I never had.
1684	8	8	0.162692	1	You know the old man’s ivory leg, well I dreamed he kicked me with it; and when I tried to kick back, upon my soul, my l
1685	232	232	0.045594	1	Ahab seemed a pyramid, and I, like a blazing fool, kept kicking at it.
1686	2793	2793	0.378412	1	But what was still more curious, Flask—you know how curious all dreams are—through all this rage that I was in, I someho
1687	688	688	0.236329	1	‘Why,’ thinks I, ‘what’s the row?
1688	1642	1642	0.599864	1	It’s not a real leg, only a false leg.’ And there’s a mighty difference between a living thump and a dead thump.
1689	8	8	0.389643	1	That’s what makes a blow from the hand, Flask, fifty times more savage to bear than a blow from a cane.
1690	1888	1888	0.223683	1	The living member—that makes the living insult, my little man.
1691	548	548	0.277292	1	And thinks I to myself all the while, mind, while I was stubbing my silly toes against that cursed pyramid—so confounded
1692	232	232	0.914124	1	Yes,’ thinks I, ‘it was only a playful cudgelling—in fact, only a whaleboning that he gave me—not a base kick.
1693	8	8	0.121841	1	Besides,’ thinks I, ‘look at it once; why, the end of it—the foot part—what a small sort of end it is; whereas, if a bro
1694	2945	2945	0.589409	1	But this insult is whittled down to a point only.’ But now comes the greatest joke of the dream, Flask.
1695	935	935	0.442348	1	While I was battering away at the pyramid, a sort of badger-haired old merman, with a hump on his back, takes me by the 
1696	1102	1102	0.158507	1	‘What are you ’bout?’ says he.
1697	1888	1888	0.750947	1	man, but I was frightened.
1698	2166	2166	0.184128	1	But, somehow, next moment I was over the fright.
1699	1102	1102	0.175788	1	‘What am I about?’ says I at last.
1700	427	427	0.033934	1	‘And what business is that of yours, I should like to know, Mr. Humpback?
1701	2834	2834	0.062912	1	Do _you_ want a kick?’ By the lord, Flask, I had no sooner said that, than he turned round his stern to me, bent over, a
1702	548	548	0.403956	1	Says I, on second thoughts, ‘I guess I won’t kick you, old fellow.’ ‘Wise Stubb,’ said he, ‘wise Stubb;’ and kept mutter
1703	429	429	0.002817	1	Seeing he wasn’t going to stop saying over his ‘wise Stubb, wise Stubb,’ I thought I might as well fall to kicking the p
1704	548	548	0.703968	1	But I had only just lifted my foot for it, when he roared out, ‘Stop that kicking!’ ‘Halloa,’ says I, ‘what’s the matter
1705	1102	1102	0.199366	1	Captain Ahab kicked ye, didn’t he?’ ‘Yes, he did,’ says I—‘right _here_ it was.’ ‘Very good,’ says he—‘he used his ivory
1706	688	688	0.387511	1	‘Well then,’ says he, ‘wise Stubb, what have you to complain of?
1707	8	8	0.237822	1	Didn’t he kick with right good will?
1708	8	8	0.586450	1	it wasn’t a common pitch pine leg he kicked with, was it?
1709	1888	1888	0.021625	1	No, you were kicked by a great man, and with a beautiful ivory leg, Stubb.
1710	8	8	0.116406	1	It’s an honor; I consider it an honor.
1711	1888	1888	0.178077	1	In old England the greatest lords think it great glory to be slapped by a queen, and made garter-knights of; but, be _yo
1712	8	8	0.729777	1	Remember what I say; _be_ kicked by him; account his kicks honors; and on no account kick back; for you can’t help yours
1713	8	8	0.187942	1	Don’t you see that pyramid?’ With that, he all of a sudden seemed somehow, in some queer fashion, to swim off into the a
1714	1888	1888	0.704910	1	I snored; rolled over; and there I was in my hammock!
1715	8	8	0.018226	1	Now, what do you think of that dream, Flask?” “I don’t know; it seems a sort of foolish to me, tho.’” “May be; may be.
1716	1888	1888	0.033549	1	But it’s made a wise man of me, Flask.
1717	2467	2467	0.025944	1	D’ye see Ahab standing there, sideways looking over the stern?
1718	1843	1843	0.576927	1	Well, the best thing you can do, Flask, is to let the old man alone; never speak to him, whatever he says.
1719	1731	1731	0.171826	1	Look sharp, all of ye!
1720	1678	1678	0.078252	1	“If ye see a white one, split your lungs for him!
1721	1888	1888	0.232248	1	“What do you think of that now, Flask?
1722	8	8	0.063912	1	ain’t there a small drop of something queer about that, eh?
1723	1888	1888	0.413654	1	A white whale—did ye mark that, man?
1724	1790	1790	0.020641	1	Look ye—there’s something special in the wind.
1725	2707	2707	0.319566	1	Stand by for it, Flask.
1726	8	8	0.229870	1	Ahab has that that’s bloody on his mind.
1727	858	858	0.268112	1	But, mum; he comes this way.” CHAPTER 32.
1728	143	143	0.164431	1	Already we are boldly launched upon the deep; but soon we shall be lost in its unshored, harbourless immensities.
1729	419	419	0.212061	1	Ere that come to pass; ere the Pequod’s weedy hull rolls side by side with the barnacled hulls of the leviathan; at the 
1730	1426	1426	0.085625	1	It is some systematized exhibition of the whale in his broad genera, that I would now fain put before you.
1731	674	674	0.138400	1	Yet is it no easy task.
1732	1888	1888	0.126147	1	The classification of the constituents of a chaos, nothing less is here essayed.
1733	1867	1867	0.090090	1	Listen to what the best and latest authorities have laid down.
1734	1445	1445	0.040297	1	“No branch of Zoology is so much involved as that which is entitled Cetology,” says Captain Scoresby, A.D. 1820.
1735	562	562	0.780710	1	“It is not my intention, were it in my power, to enter into the inquiry as to the true method of dividing the cetacea in
1736	1888	1888	0.178596	1	* * * Utter confusion exists among the historians of this animal” (sperm whale), says Surgeon Beale, A.D. 1839.
1737	1409	1409	0.131702	1	“Unfitness to pursue our research in the unfathomable waters.” “Impenetrable veil covering our knowledge of the cetacea.
1738	1888	1888	0.528439	1	Nevertheless, though of real knowledge there be little, yet of books there are a plenty; and so in some small degree, wi
1739	541	541	0.673014	1	Many are the men, small and great, old and new, landsmen and seamen, who have at large or in little, written of the whal
1740	1790	1790	0.025426	1	Run over a few:—The Authors of the Bible; Aristotle; Pliny; Aldrovandi; Sir Thomas Browne; Gesner; Ray; Linnæus; Rondele
1741	429	429	0.508844	1	But to what ultimate generalizing purpose all these have written, the above cited extracts will show.
1742	75	75	0.143451	1	Of the names in this list of whale authors, only those following Owen ever saw living whales; and but one of them was a 
1743	2528	2528	0.185276	1	On the separate subject of the Greenland or right-whale, he is the best existing authority.
1744	1066	1066	0.418334	1	But Scoresby knew nothing and says nothing of the great sperm whale, compared with which the Greenland whale is almost u
1745	1790	1790	0.211492	1	And here be it said, that the Greenland whale is an usurper upon the throne of the seas.
1746	2761	2761	0.599308	1	He is not even by any means the largest of the whales.
1747	2330	2330	0.657211	1	Yet, owing to the long priority of his claims, and the profound ignorance which, till some seventy years back, invested 
1748	801	801	0.041353	1	Reference to nearly all the leviathanic allusions in the great poets of past days, will satisfy you that the Greenland w
1749	1888	1888	0.158154	1	But the time has at last come for a new proclamation.
1750	3052	3052	0.076661	1	This is Charing Cross; hear ye!
1751	2330	2330	0.272989	1	good people all,—the Greenland whale is deposed,—the great sperm whale now reigneth!
1752	870	870	0.415598	1	There are only two books in being which at all pretend to put the living sperm whale before you, and at the same time, i
1753	8	8	0.055624	1	Those books are Beale’s and Bennett’s; both in their time surgeons to English South-Sea whale-ships, and both exact and 
1754	746	746	0.053781	1	The original matter touching the sperm whale to be found in their volumes is necessarily small; but so far as it goes, i
1755	2373	2373	0.307812	1	As yet, however, the sperm whale, scientific or poetic, lives not complete in any literature.
1756	2073	2073	0.078043	1	Far above all other hunted whales, his is an unwritten life.
1757	2073	2073	0.125487	1	Now the various species of whales need some sort of popular comprehensive classification, if only an easy outline one fo
1758	1678	1678	0.131614	1	As no better man advances to take this matter in hand, I hereupon offer my own poor endeavors.
1759	1594	1594	0.354237	1	I promise nothing complete; because any human thing supposed to be complete, must for that very reason infallibly be fau
1760	1888	1888	0.004213	1	I shall not pretend to a minute anatomical description of the various species, or—in this place at least—to much of any 
1761	1552	1552	0.011609	1	My object here is simply to project the draught of a systematization of cetology.
1762	2761	2761	0.207984	1	I am the architect, not the builder.
1763	727	727	0.224406	1	But it is a ponderous task; no ordinary letter-sorter in the Post-Office is equal to it.
1764	1790	1790	0.093349	1	To grope down into the bottom of the sea after them; to have one’s hands among the unspeakable foundations, ribs, and ve
1765	801	801	0.568277	1	What am I that I should essay to hook the nose of this leviathan!
1766	3058	3058	0.079186	1	The awful tauntings in Job might well appal me.
1767	801	801	1.115695	1	Will he (the leviathan) make a covenant with thee?
1768	1888	1888	0.295132	1	Behold the hope of him is vain!
1769	1098	1098	0.014816	1	But I have swam through libraries and sailed through oceans; I have had to do with whales with these visible hands; I am
1770	1098	1098	0.543928	1	There are some preliminaries to settle.
1771	2659	2659	0.021542	1	First: The uncertain, unsettled condition of this science of Cetology is in the very vestibule attested by the fact, tha
1772	1888	1888	0.101570	1	In his System of Nature, A.D. 1776, Linnæus declares, “I hereby separate the whales from the fish.” But of my own knowle
1773	2330	2330	0.052717	1	The grounds upon which Linnæus would fain have banished the whales from the waters, he states as follows: “On account of
1774	1594	1594	0.227036	1	Charley profanely hinted they were humbug.
1775	1888	1888	0.128479	1	Be it known that, waiving all argument, I take the good old fashioned ground that the whale is a fish, and call upon hol
1776	674	674	0.791654	1	This fundamental thing settled, the next point is, in what internal respect does the whale differ from other fish.
1777	2972	2972	0.273102	1	Above, Linnæus has given you those items.
1778	1821	1821	0.233182	1	But in brief, they are these: lungs and warm blood; whereas, all other fish are lungless and cold blooded.
1779	1594	1594	0.719281	1	Next: how shall we define the whale, by his obvious externals, so as conspicuously to label him for all time to come?
1780	1790	1790	0.352331	1	To be short, then, a whale is _a spouting fish with a horizontal tail_.
1781	2469	2469	0.331780	1	However contracted, that definition is the result of expanded meditation.
1782	2476	2476	0.069175	1	A walrus spouts much like a whale, but the walrus is not a fish, because he is amphibious.
1783	2073	2073	0.025557	1	But the last term of the definition is still more cogent, as coupled with the first.
1784	1581	1581	0.031111	1	Almost any one must have noticed that all the fish familiar to landsmen have not a flat, but a vertical, or up-and-down 
1785	1594	1594	0.242492	1	Whereas, among spouting fish the tail, though it may be similarly shaped, invariably assumes a horizontal position.
1786	1594	1594	0.323058	1	By the above definition of what a whale is, I do by no means exclude from the leviathanic brotherhood any sea creature h
1787	1581	1581	0.073764	1	* Hence, all the smaller, spouting, and horizontal tailed fish must be included in this ground-plan of Cetology.
1788	2073	2073	0.054457	1	Now, then, come the grand divisions of the entire whale host.
1789	62	62	0.131146	1	*I am aware that down to the present time, the fish styled Lamatins and Dugongs (Pig-fish and Sow-fish of the Coffins of
1790	1678	1678	0.163779	1	But as these pig-fish are a noisy, contemptible set, mostly lurking in the mouths of rivers, and feeding on wet hay, and
1791	562	562	0.975652	1	First: According to magnitude I divide the whales into three primary BOOKS (subdivisible into CHAPTERS), and these shall
1792	2073	2073	0.022859	1	As the type of the FOLIO I present the _Sperm Whale_; of the OCTAVO, the _Grampus_; of the DUODECIMO, the _Porpoise_.
1793	1098	1098	0.286841	1	Among these I here include the following chapters:—I.
1794	2073	2073	0.127697	1	the _Hump-backed Whale_; V. the _Razor Back Whale_; VI.
1795	2073	2073	0.306440	1	(_Sperm Whale_).—This whale, among the English of old vaguely known as the Trumpa whale, and the Physeter whale, and the
1796	2761	2761	0.759796	1	He is, without doubt, the largest inhabitant of the globe; the most formidable of all whales to encounter; the most maje
1797	3055	3055	0.304540	1	All his peculiarities will, in many other places, be enlarged upon.
1798	1888	1888	0.065469	1	It is chiefly with his name that I now have to do.
1799	1594	1594	0.552489	1	Philologically considered, it is absurd.
1800	1594	1594	0.412770	1	Some centuries ago, when the Sperm whale was almost wholly unknown in his own proper individuality, and when his oil was
1801	2073	2073	0.131350	1	It was the idea also, that this same spermaceti was that quickening humor of the Greenland Whale which the first syllabl
1802	1888	1888	0.332256	1	In those times, also, spermaceti was exceedingly scarce, not being used for light, but only as an ointment and medicamen
1803	2513	2513	0.039515	1	It was only to be had from the druggists as you nowadays buy an ounce of rhubarb.
1804	1594	1594	0.318605	1	When, as I opine, in the course of time, the true nature of spermaceti became known, its original name was still retaine
1805	2265	2265	0.189231	1	And so the appellation must at last have come to be bestowed upon the whale from which this spermaceti was really derive
1806	1594	1594	0.568626	1	(_Right Whale_).—In one respect this is the most venerable of the leviathans, being the one first regularly hunted by ma
1807	1594	1594	0.785934	1	It yields the article commonly known as whalebone or baleen; and the oil specially known as “whale oil,” an inferior art
1808	1821	1821	0.277462	1	Among the fishermen, he is indiscriminately designated by all the following titles: The Whale; the Greenland Whale; the 
1809	1594	1594	0.398922	1	There is a deal of obscurity concerning the identity of the species thus multitudinously baptised.
1810	2073	2073	0.303886	1	What then is the whale, which I include in the second species of my Folios?
1811	1790	1790	0.116520	1	It is the Great Mysticetus of the English naturalists; the Greenland Whale of the English whalemen; the Baleine Ordinair
1812	2659	2659	0.252844	1	It is the whale which for more than two centuries past has been hunted by the Dutch and English in the Arctic seas; it i
1813	1120	1120	0.587246	1	Some pretend to see a difference between the Greenland whale of the English and the right whale of the Americans.
1814	62	62	0.212999	1	But they precisely agree in all their grand features; nor has there yet been presented a single determinate fact upon wh
1815	1888	1888	0.322923	1	It is by endless subdivisions based upon the most inconclusive differences, that some departments of natural history bec
1816	2073	2073	0.376887	1	The right whale will be elsewhere treated of at some length, with reference to elucidating the sperm whale.
1817	849	849	0.081424	1	(_Fin-Back_).—Under this head I reckon a monster which, by the various names of Fin-Back, Tall-Spout, and Long-John, has
1818	1888	1888	0.097358	1	In the length he attains, and in his baleen, the Fin-back resembles the right whale, but is of a less portly girth, and 
1819	8	8	0.104966	1	His great lips present a cable-like aspect, formed by the intertwisting, slanting folds of large wrinkles.
1820	1888	1888	0.265004	1	His grand distinguishing feature, the fin, from which he derives his name, is often a conspicuous object.
1821	2977	2977	0.127437	1	This fin is some three or four feet long, growing vertically from the hinder part of the back, of an angular shape, and 
1822	147	147	0.351853	1	Even if not the slightest other part of the creature be visible, this isolated fin will, at times, be seen plainly proje
1823	1594	1594	0.073118	1	When the sea is moderately calm, and slightly marked with spherical ripples, and this gnomon-like fin stands up and cast
1824	2528	2528	0.148211	1	On that Ahaz-dial the shadow often goes back.
1825	2874	2874	0.123007	1	The Fin-Back is not gregarious.
1826	2796	2796	0.363668	1	He seems a whale-hater, as some men are man-haters.
1827	2659	2659	0.224838	1	Very shy; always going solitary; unexpectedly rising to the surface in the remotest and most sullen waters; his straight
1828	2874	2874	0.410568	1	From having the baleen in his mouth, the Fin-Back is sometimes included with the right whale, among a theoretic species 
1829	2031	2031	0.116316	1	Of these so called Whalebone whales, there would seem to be several varieties, most of which, however, are little known.
1830	1790	1790	0.073122	1	Broad-nosed whales and beaked whales; pike-headed whales; bunched whales; under-jawed whales and rostrated whales, are t
1831	1678	1678	0.062155	1	In connection with this appellative of “Whalebone whales,” it is of great importance to mention, that however such a nom
1832	2874	2874	0.261415	1	The baleen, hump, back-fin, and teeth; these are things whose peculiarities are indiscriminately dispersed among all sor
1833	1235	1235	0.041859	1	Thus, the sperm whale and the humpbacked whale, each has a hump; but there the similitude ceases.
1834	2874	2874	0.291657	1	Then, this same humpbacked whale and the Greenland whale, each of these has baleen; but there again the similitude cease
1835	1552	1552	0.989380	1	And it is just the same with the other parts above mentioned.
1836	1888	1888	0.134127	1	In various sorts of whales, they form such irregular combinations; or, in the case of any one of them detached, such an 
1837	2528	2528	0.225998	1	On this rock every one of the whale-naturalists has split.
1838	2265	2265	0.203611	1	But it may possibly be conceived that, in the internal parts of the whale, in his anatomy—there, at least, we shall be a
1839	1109	1109	0.219486	1	Nay; what thing, for example, is there in the Greenland whale’s anatomy more striking than his baleen?
1840	2874	2874	0.013155	1	Yet we have seen that by his baleen it is impossible correctly to classify the Greenland whale.
1841	801	801	0.254050	1	And if you descend into the bowels of the various leviathans, why there you will not find distinctions a fiftieth part a
1842	1594	1594	0.455846	1	nothing but to take hold of the whales bodily, in their entire liberal volume, and boldly sort them that way.
1843	2073	2073	0.006747	1	And this is the Bibliographical system here adopted; and it is the only one that can possibly succeed, for it alone is p
1844	945	945	0.059994	1	(_Hump Back_).—This whale is often seen on the northern American coast.
1845	1594	1594	0.108938	1	He has been frequently captured there, and towed into harbor.
1846	1888	1888	0.080220	1	He has a great pack on him like a peddler; or you might call him the Elephant and Castle whale.
1847	1594	1594	0.039269	1	At any rate, the popular name for him does not sufficiently distinguish him, since the sperm whale also has a hump thoug
1848	1888	1888	0.238056	1	His oil is not very valuable.
1849	1335	1335	0.043359	1	He is the most gamesome and light-hearted of all the whales, making more gay foam and white water generally than any oth
1850	858	858	0.155339	1	(_Folio_), CHAPTER V. (_Razor Back_).—Of this whale little is known but his name.
1851	1888	1888	0.561438	1	I have seen him at a distance off Cape Horn.
1852	2031	2031	0.377151	1	Of a retiring nature, he eludes both hunters and philosophers.
1853	2073	2073	0.602523	1	Though no coward, he has never yet shown any part of him but his back, which rises in a long sharp ridge.
1854	1888	1888	0.270041	1	I know little more of him, nor does anybody else.
1855	945	945	0.053189	1	(_Sulphur Bottom_).—Another retiring gentleman, with a brimstone belly, doubtless got by scraping along the Tartarian ti
1856	746	746	0.045309	1	He is seldom seen; at least I have never seen him except in the remoter southern seas, and then always at too great a di
1857	1888	1888	0.187448	1	He is never chased; he would run away with rope-walks of line.
1858	1888	1888	0.188547	1	Prodigies are told of him.
1859	1888	1888	0.133464	1	I can say nothing more that is true of ye, nor can the oldest Nantucketer.
1860	858	858	0.257829	1	(_Folio_), and now begins BOOK II.
1861	1790	1790	0.231720	1	*—These embrace the whales of middling magnitude, among which present may be numbered:—I., the _Grampus_; II., the _Blac
1862	693	693	0.018768	1	*Why this book of whales is not denominated the Quarto is very plain.
1863	1790	1790	0.030827	1	Because, while the whales of this order, though smaller than those of the former order, nevertheless retain a proportion
1864	2073	2073	0.132234	1	(_Grampus_).—Though this fish, whose loud sonorous breathing, or rather blowing, has furnished a proverb to landsmen, is
1865	801	801	0.294299	1	But possessing all the grand distinctive features of the leviathan, most naturalists have recognised him for one.
1866	2031	2031	0.044114	1	He is of moderate octavo size, varying from fifteen to twenty-five feet in length, and of corresponding dimensions round
1867	1594	1594	0.155656	1	He swims in herds; he is never regularly hunted, though his oil is considerable in quantity, and pretty good for light.
1868	971	971	0.004028	1	By some fishermen his approach is regarded as premonitory of the advance of the great sperm whale.
1869	8	8	0.019948	1	(_Black Fish_).—I give the popular fishermen’s names for all these fish, for generally they are the best.
1870	2840	2840	0.158309	1	Where any name happens to be vague or inexpressive, I shall say so, and suggest another.
1871	1888	1888	0.036515	1	I do so now, touching the Black Fish, so-called, because blackness is the rule among almost all whales.
1872	1888	1888	0.148332	1	So, call him the Hyena Whale, if you please.
1873	2874	2874	0.097389	1	His voracity is well known, and from the circumstance that the inner angles of his lips are curved upwards, he carries a
1874	298	298	0.116453	1	This whale averages some sixteen or eighteen feet in length.
1875	1888	1888	0.192106	1	He is found in almost all latitudes.
1876	1888	1888	0.074320	1	He has a peculiar way of showing his dorsal hooked fin in swimming, which looks something like a Roman nose.
1877	1594	1594	0.150433	1	When not more profitably employed, the sperm whale hunters sometimes capture the Hyena whale, to keep up the supply of c
1878	1790	1790	0.030372	1	Though their blubber is very thin, some of these whales will yield you upwards of thirty gallons of oil.
1879	1790	1790	0.070421	1	(_Narwhale_), that is, _Nostril whale_.—Another instance of a curiously named whale, so named I suppose from his peculia
1880	1888	1888	0.175116	1	The creature is some sixteen feet in length, while its horn averages five feet, though some exceed ten, and even attain 
1881	2761	2761	0.131965	1	Strictly speaking, this horn is but a lengthened tusk, growing out from the jaw in a line a little depressed from the ho
1882	2154	2154	0.023528	1	But it is only found on the sinister side, which has an ill effect, giving its owner something analogous to the aspect o
1883	1867	1867	0.564116	1	What precise purpose this ivory horn or lance answers, it would be hard to say.
1884	1888	1888	0.089860	1	It does not seem to be used like the blade of the sword-fish and bill-fish; though some sailors tell me that the Narwhal
1885	935	935	0.204226	1	Charley Coffin said it was used for an ice-piercer; for the Narwhale, rising to the surface of the Polar Sea, and findin
1886	2468	2468	0.402675	1	But you cannot prove either of these surmises to be correct.
1887	1888	1888	0.360508	1	My own opinion is, that however this one-sided horn may really be used by the Narwhale—however that may be—it would cert
1888	1888	1888	0.408443	1	The Narwhale I have heard called the Tusked whale, the Horned whale, and the Unicorn whale.
1889	429	429	0.170378	1	He is certainly a curious example of the Unicornism to be found in almost every kingdom of animated nature.
1890	2352	2352	0.191612	1	From certain cloistered old authors I have gathered that this same sea-unicorn’s horn was in ancient days regarded as th
1891	3047	3047	0.438934	1	It was also distilled to a volatile salts for fainting ladies, the same way that the horns of the male deer are manufact
1892	1594	1594	0.213528	1	Originally it was in itself accounted an object of great curiosity.
1893	548	548	0.482955	1	Black Letter tells me that Sir Martin Frobisher on his return from that voyage, when Queen Bess did gallantly wave her j
1894	1888	1888	0.143681	1	The Narwhale has a very picturesque, leopard-like look, being of a milk-white ground colour, dotted with round and oblon
1895	1888	1888	0.454631	1	His oil is very superior, clear and fine; but there is little of it, and he is seldom hunted.
1896	1074	1074	1.055982	1	He is mostly found in the circumpolar seas.
1897	2031	2031	0.495986	1	(_Killer_).—Of this whale little is precisely known to the Nantucketer, and nothing at all to the professed naturalist.
1898	1791	1791	0.158436	1	From what I have seen of him at a distance, I should say that he was about the bigness of a grampus.
1899	2073	2073	0.214727	1	He is very savage—a sort of Feegee fish.
1900	1888	1888	0.141074	1	He sometimes takes the great Folio whales by the lip, and hangs there like a leech, till the mighty brute is worried to 
1901	1888	1888	0.629413	1	The Killer is never hunted.
1902	1888	1888	0.544300	1	I never heard what sort of oil he has.
1903	1888	1888	0.087288	1	Exception might be taken to the name bestowed upon this whale, on the ground of its indistinctness.
1904	638	638	0.133776	1	For we are all killers, on land and on sea; Bonapartes and Sharks included.
1905	858	858	0.323525	1	(_Octavo_), CHAPTER V. (_Thrasher_).—This gentleman is famous for his tail, which he uses for a ferule in thrashing his 
1906	8	8	0.129139	1	He mounts the Folio whale’s back, and as he swims, he works his passage by flogging him; as some schoolmasters get along
1907	1726	1726	0.016421	1	Still less is known of the Thrasher than of the Killer.
1908	2796	2796	0.044444	1	Both are outlaws, even in the lawless seas.
1909	858	858	0.034503	1	(_Octavo_), and begins BOOK III.
1910	2467	2467	0.025944	1	DUODECIMOES.—These include the smaller whales.
1911	1754	1754	0.270181	1	To those who have not chanced specially to study the subject, it may possibly seem strange, that fishes not commonly exc
1912	1594	1594	0.633182	1	But the creatures set down above as Duodecimoes are infallibly whales, by the terms of my definition of what a whale is—
1913	945	945	0.022541	1	(_Huzza Porpoise_).—This is the common porpoise found almost all over the globe.
1914	1888	1888	0.006607	1	The name is of my own bestowal; for there are more than one sort of porpoises, and something must be done to distinguish
1915	2073	2073	0.121363	1	I call him thus, because he always swims in hilarious shoals, which upon the broad sea keep tossing themselves to heaven
1916	1888	1888	0.443721	1	Their appearance is generally hailed with delight by the mariner.
1917	2622	2622	0.053195	1	Full of fine spirits, they invariably come from the breezy billows to windward.
1918	2874	2874	0.218250	1	They are the lads that always live before the wind.
1919	2874	2874	0.040681	1	They are accounted a lucky omen.
1920	1558	1558	0.346659	1	If you yourself can withstand three cheers at beholding these vivacious fish, then heaven help ye; the spirit of godly g
1921	1888	1888	0.096589	1	A well-fed, plump Huzza Porpoise will yield you one good gallon of good oil.
1922	1888	1888	0.182530	1	But the fine and delicate fluid extracted from his jaws is exceedingly valuable.
1923	1888	1888	0.044454	1	It is in request among jewellers and watchmakers.
1924	945	945	0.094913	1	Sailors put it on their hones.
1925	1888	1888	0.555478	1	Porpoise meat is good eating, you know.
1926	1640	1640	0.023867	1	It may never have occurred to you that a porpoise spouts.
1927	1888	1888	0.620764	1	Indeed, his spout is so small that it is not very readily discernible.
1928	386	386	0.004442	1	But the next time you have a chance, watch him; and you will then see the great Sperm whale himself in miniature.
1929	1178	1178	0.784208	1	He is only found, I think, in the Pacific.
1930	1888	1888	0.213978	1	He is somewhat larger than the Huzza Porpoise, but much of the same general make.
1931	1888	1888	0.602038	1	Provoke him, and he will buckle to a shark.
1932	2098	2098	0.853314	1	I have lowered for him many times, but never yet saw him captured.
1933	564	564	0.050488	1	(_Mealy-mouthed Porpoise_).—The largest kind of Porpoise; and only found in the Pacific, so far as it is known.
1934	232	232	0.345136	1	The only English name, by which he has hitherto been designated, is that of the fishers—Right-Whale Porpoise, from the c
1935	2793	2793	0.149903	1	In shape, he differs in some degree from the Huzza Porpoise, being of a less rotund and jolly girth; indeed, he is of qu
1936	2073	2073	0.120085	1	He has no fins on his back (most other porpoises have), he has a lovely tail, and sentimental Indian eyes of a hazel hue
1937	2788	2788	0.176062	1	But his mealy-mouth spoils all.
1938	1642	1642	0.250179	1	Though his entire back down to his side fins is of a deep sable, yet a boundary line, distinct as the mark in a ship’s h
1939	1888	1888	0.386558	1	The white comprises part of his head, and the whole of his mouth, which makes him look as if he had just escaped from a 
1940	1645	1645	0.208541	1	A most mean and mealy aspect!
1941	2476	2476	0.409328	1	His oil is much like that of the common porpoise.
1942	2452	2452	0.601576	1	* * * * * * Beyond the DUODECIMO, this system does not proceed, inasmuch as the Porpoise is the smallest of the whales.
1943	1581	1581	0.136073	1	Above, you have all the Leviathans of note.
1944	1594	1594	0.478896	1	But there are a rabble of uncertain, fugitive, half-fabulous whales, which, as an American whaleman, I know by reputatio
1945	1888	1888	0.099690	1	I shall enumerate them by their fore-castle appellations; for possibly such a list may be valuable to future investigato
1946	2522	2522	0.013281	1	If any of the following whales, shall hereafter be caught and marked, then he can readily be incorporated into this Syst
1947	99	99	0.316758	1	From Icelandic, Dutch, and old English authorities, there might be quoted other lists of uncertain whales, blessed with 
1948	1552	1552	0.288918	1	But I omit them as altogether obsolete; and can hardly help suspecting them for mere sounds, full of Leviathanism, but s
1949	1790	1790	0.100509	1	Finally: It was stated at the outset, that this system would not be here, and at once, perfected.
1950	1594	1594	0.690846	1	You cannot but plainly see that I have kept my word.
1951	2073	2073	0.479242	1	But I now leave my cetological System standing thus unfinished, even as the great Cathedral of Cologne was left, with th
1952	1888	1888	0.256583	1	For small erections may be finished by their first architects; grand ones, true ones, ever leave the copestone to poster
1953	1888	1888	0.621424	1	God keep me from ever completing anything.
1954	2761	2761	0.409614	1	This whole book is but a draught—nay, but the draught of a draught.
1955	99	99	0.094799	1	Oh, Time, Strength, Cash, and Patience!
1956	1718	1718	0.606878	1	Concerning the officers of the whale-craft, this seems as good a place as any to set down a little domestic peculiarity 
1957	1642	1642	0.009934	1	The large importance attached to the harpooneer’s vocation is evinced by the fact, that originally in the old Dutch Fish
1958	1888	1888	0.003360	1	Literally this word means Fat-Cutter; usage, however, in time made it equivalent to Chief Harpooneer.
1959	746	746	0.129748	1	In those days, the captain’s authority was restricted to the navigation and general management of the vessel; while over
1960	1888	1888	0.212844	1	In the British Greenland Fishery, under the corrupted title of Specksioneer, this old Dutch official is still retained, 
1961	2761	2761	0.188169	1	At present he ranks simply as senior Harpooneer; and as such, is but one of the captain’s more inferior subalterns.
1962	1888	1888	0.201000	1	Nevertheless, as upon the good conduct of the harpooneers the success of a whaling voyage largely depends, and since in 
1963	2073	2073	0.456153	1	Now, the grand distinction drawn between officer and man at sea, is this—the first lives aft, the last forward.
1964	2599	2599	0.112497	1	Hence, in whale-ships and merchantmen alike, the mates have their quarters with the captain; and so, too, in most of the
1965	3052	3052	0.192138	1	That is to say, they take their meals in the captain’s cabin, and sleep in a place indirectly communicating with it.
1966	748	748	0.115422	1	Though the long period of a Southern whaling voyage (by far the longest of all voyages now or ever made by man), the pec
1967	2609	2609	0.481970	1	Indeed, many are the Nantucket ships in which you will see the skipper parading his quarter-deck with an elated grandeur
1968	1642	1642	0.344068	1	And though of all men the moody captain of the Pequod was the least given to that sort of shallowest assumption; and tho
1969	1888	1888	0.073449	1	Nor, perhaps, will it fail to be eventually perceived, that behind those forms and usages, as it were, he sometimes mask
1970	1970	1970	0.011042	1	That certain sultanism of his brain, which had otherwise in a good degree remained unmanifested; through those forms tha
1971	2874	2874	0.189656	1	For be a man’s intellectual superiority what it will, it can never assume the practical, available supremacy over other 
1972	1790	1790	0.038457	1	This it is, that for ever keeps God’s true princes of the Empire from the world’s hustings; and leaves the highest honor
1973	1791	1791	0.017101	1	Such large virtue lurks in these small things when extreme political superstitions invest them, that in some royal insta
1974	2073	2073	0.473692	1	But when, as in the case of Nicholas the Czar, the ringed crown of geographical empire encircles an imperial brain; then
1975	2073	2073	0.406335	1	Nor, will the tragic dramatist who would depict mortal indomitableness in its fullest sweep and direct swing, ever forge
1976	392	392	0.392510	1	But Ahab, my Captain, still moves before me in all his Nantucket grimness and shagginess; and in this episode touching E
1977	2467	2467	0.269697	1	what shall be grand in thee, it must needs be plucked at from the skies, and dived for in the deep, and featured in the 
1978	2659	2659	0.032857	1	It is noon; and Dough-Boy, the steward, thrusting his pale loaf-of-bread face from the cabin-scuttle, announces dinner t
1979	1120	1120	0.662410	1	From his complete inattention to the tidings, you would think that moody Ahab had not heard his menial.
1980	2073	2073	0.034944	1	But presently, catching hold of the mizen shrouds, he swings himself to the deck, and in an even, unexhilarated voice, s
1981	2073	2073	0.423840	1	When the last echo of his sultan’s step has died away, and Starbuck, the first Emir, has every reason to suppose that he
1982	1594	1594	0.052468	1	The second Emir lounges about the rigging awhile, and then slightly shaking the main brace, to see whether it will be al
1983	2073	2073	0.122324	1	But the third Emir, now seeing himself all alone on the quarter-deck, seems to feel relieved from some curious restraint
1984	1790	1790	0.091442	1	But ere stepping into the cabin doorway below, he pauses, ships a new face altogether, and, then, independent, hilarious
1985	2073	2073	0.639161	1	It is not the least among the strange things bred by the intense artificialness of sea-usages, that while in the open ai
1986	1594	1594	0.042919	1	To have been Belshazzar, King of Babylon; and to have been Belshazzar, not haughtily but courteously, therein certainly 
1987	2073	2073	0.387153	1	But he who in the rightly regal and intelligent spirit presides over his own private dinner-table of invited guests, tha
1988	2467	2467	0.190321	1	Who has but once dined his friends, has tasted what it is to be Cæsar.
1989	1888	1888	0.171412	1	It is a witchery of social czarship which there is no withstanding.
1990	236	236	0.090873	1	Now, if to this consideration you superadd the official supremacy of a ship-master, then, by inference, you will derive 
1991	1970	1970	0.058698	1	Over his ivory-inlaid table, Ahab presided like a mute, maned sea-lion on the white coral beach, surrounded by his warli
1992	1888	1888	0.514768	1	In his own proper turn, each officer waited to be served.
1993	2742	2742	0.090348	1	They were as little children before Ahab; and yet, in Ahab, there seemed not to lurk the smallest social arrogance.
1994	8	8	0.253114	1	With one mind, their intent eyes all fastened upon the old man’s knife, as he carved the chief dish before him.
1995	2154	2154	0.069406	1	I do not suppose that for the world they would have profaned that moment with the slightest observation, even upon so ne
1996	801	801	0.060117	1	And when reaching out his knife and fork, between which the slice of beef was locked, Ahab thereby motioned Starbuck’s p
1997	2467	2467	0.408846	1	For, like the Coronation banquet at Frankfort, where the German Emperor profoundly dines with the seven Imperial Elector
1998	1404	1404	0.575403	1	What a relief it was to choking Stubb, when a rat made a sudden racket in the hold below.
1999	1777	1777	0.050837	1	And poor little Flask, he was the youngest son, and little boy of this weary family party.
2000	1888	1888	0.095344	1	His were the shinbones of the saline beef; his would have been the drumsticks.
2001	2073	2073	0.268409	1	For Flask to have presumed to help himself, this must have seemed to him tantamount to larceny in the first degree.
2002	2265	2265	0.240867	1	Had he helped himself at that table, doubtless, never more would he have been able to hold his head up in this honest wo
2003	1678	1678	0.271334	1	And had Flask helped himself, the chances were Ahab had never so much as noticed it.
2004	294	294	0.485440	1	Least of all, did Flask presume to help himself to butter.
2005	1870	1870	0.319506	1	Whether he thought the owners of the ship denied it to him, on account of its clotting his clear, sunny complexion; or w
2006	2073	2073	0.328141	1	Flask was the last person down at the dinner, and Flask is the first man up.
2007	8	8	0.172942	1	For hereby Flask’s dinner was badly jammed in point of time.
2008	1888	1888	0.703717	1	Starbuck and Stubb both had the start of him; and yet they also have the privilege of lounging in the rear.
2009	2761	2761	0.040154	1	If Stubb even, who is but a peg higher than Flask, happens to have but a small appetite, and soon shows symptoms of conc
2010	1888	1888	0.057261	1	Therefore it was that Flask once admitted in private, that ever since he had arisen to the dignity of an officer, from t
2011	748	748	1.526888	1	For what he ate did not so much relieve his hunger, as keep it immortal in him.
2012	1888	1888	0.229579	1	Peace and satisfaction, thought Flask, have for ever departed from my stomach.
2013	1908	1908	0.018706	1	I am an officer; but, how I wish I could fish a bit of old-fashioned beef in the forecastle, as I used to when I was bef
2014	8	8	0.184031	1	There’s the fruits of promotion now; there’s the vanity of glory: there’s the insanity of life!
2015	2467	2467	0.183165	1	Besides, if it were so that any mere sailor of the Pequod had a grudge against Flask in Flask’s official capacity, all t
2016	1456	1456	0.095044	1	Now, Ahab and his three mates formed what may be called the first table in the Pequod’s cabin.
2017	316	316	0.288708	1	After their departure, taking place in inverted order to their arrival, the canvas cloth was cleared, or rather was rest
2018	2874	2874	0.277832	1	And then the three harpooneers were bidden to the feast, they being its residuary legatees.
2019	8	8	0.016177	1	They made a sort of temporary servants’ hall of the high and mighty cabin.
2020	2073	2073	0.019604	1	In strange contrast to the hardly tolerable constraint and nameless invisible domineerings of the captain’s table, was t
2021	2238	2238	0.122985	1	While their masters, the mates, seemed afraid of the sound of the hinges of their own jaws, the harpooneers chewed their
2022	2874	2874	0.922787	1	They dined like lords; they filled their bellies like Indian ships all day loading with spices.
2023	1710	1710	0.260547	1	Such portentous appetites had Queequeg and Tashtego, that to fill out the vacancies made by the previous repast, often t
2024	2659	2659	0.165227	1	And if he were not lively about it, if he did not go with a nimble hop-skip-and-jump, then Tashtego had an ungentlemanly
2025	73	73	0.125940	1	And once Daggoo, seized with a sudden humor, assisted Dough-Boy’s memory by snatching him up bodily, and thrusting his h
2026	1888	1888	0.105055	1	He was naturally a very nervous, shuddering sort of little fellow, this bread-faced steward; the progeny of a bankrupt b
2027	8	8	0.322032	1	And what with the standing spectacle of the black terrific Ahab, and the periodical tumultuous visitations of these thre
2028	1594	1594	0.232390	1	Commonly, after seeing the harpooneers furnished with all things they demanded, he would escape from their clutches into
2029	1790	1790	0.001505	1	It was a sight to see Queequeg seated over against Tashtego, opposing his filed teeth to the Indian’s: crosswise to them
2030	1535	1535	0.240628	1	But for all this, the great negro was wonderfully abstemious, not to say dainty.
2031	1888	1888	0.277665	1	It seemed hardly possible that by such comparatively small mouthfuls he could keep up the vitality diffused through so b
2032	1855	1855	0.082138	1	But, doubtless, this noble savage fed strong and drank deep of the abounding element of air; and through his dilated nos
2033	1888	1888	0.243961	1	Not by beef or by bread, are giants made or nourished.
2034	1790	1790	0.434482	1	But Queequeg, he had a mortal, barbaric smack of the lip in eating—an ugly sound enough—so much so, that the trembling D
2035	2073	2073	0.750826	1	And when he would hear Tashtego singing out for him to produce himself, that his bones might be picked, the simple-witte
2036	1594	1594	0.481238	1	Nor did the whetstone which the harpooneers carried in their pockets, for their lances and other weapons; and with which
2037	1236	1236	0.467161	1	How could he forget that in his Island days, Queequeg, for one, must certainly have been guilty of some murderous, convi
2038	2073	2073	0.209646	1	hard fares the white waiter who waits upon cannibals.
2039	3055	3055	0.110389	1	Not a napkin should he carry on his arm, but a buckler.
2040	1888	1888	0.174706	1	In good time, though, to his great delight, the three salt-sea warriors would rise and depart; to his credulous, fable-m
2041	2874	2874	0.041201	1	But, though these barbarians dined in the cabin, and nominally lived there; still, being anything but sedentary in their
2042	2761	2761	0.292375	1	In this one matter, Ahab seemed no exception to most American whale captains, who, as a set, rather incline to the opini
2043	1594	1594	0.746396	1	So that, in real truth, the mates and harpooneers of the Pequod might more properly be said to have lived out of the cab
2044	2073	2073	0.802999	1	For when they did enter it, it was something as a street-door enters a house; turning inwards for a moment, only to be t
2045	1888	1888	0.062986	1	Nor did they lose much hereby; in the cabin was no companionship; socially, Ahab was inaccessible.
2046	1594	1594	0.096517	1	Though nominally included in the census of Christendom, he was still an alien to it.
2047	2073	2073	0.082884	1	He lived in the world, as the last of the Grisly Bears lived in settled Missouri.
2048	2659	2659	0.036719	1	And as when Spring and Summer had departed, that wild Logan of the woods, burying himself in the hollow of a tree, lived
2049	508	508	0.390306	1	It was during the more pleasant weather, that in due rotation with the other seamen my first mast-head came round.
2050	2874	2874	0.087183	1	In most American whalemen the mast-heads are manned almost simultaneously with the vessel’s leaving her port; even thoug
2051	2659	2659	0.048732	1	And if, after a three, four, or five years’ voyage she is drawing nigh home with anything empty in her—say, an empty via
2052	99	99	0.141756	1	Now, as the business of standing mast-heads, ashore or afloat, is a very ancient and interesting one, let us in some mea
2053	2375	2375	0.173738	1	I take it, that the earliest standers of mast-heads were the old Egyptians; because, in all my researches, I find none p
2054	181	181	0.132018	1	For though their progenitors, the builders of Babel, must doubtless, by their tower, have intended to rear the loftiest 
2055	1594	1594	0.582114	1	And that the Egyptians were a nation of mast-head standers, is an assertion based upon the general belief among archæolo
2056	2467	2467	0.044151	1	In Saint Stylites, the famous Christian hermit of old times, who built him a lofty stone pillar in the desert and spent 
2057	1552	1552	0.221686	1	Of modern standers-of-mast-heads we have but a lifeless set; mere stone, iron, and bronze men; who, though well capable 
2058	2073	2073	0.424851	1	There is Napoleon; who, upon the top of the column of Vendome, stands with arms folded, some one hundred and fifty feet 
2059	1791	1791	0.057891	1	Great Washington, too, stands high aloft on his towering main-mast in Baltimore, and like one of Hercules’ pillars, his 
2060	2856	2856	0.123141	1	Admiral Nelson, also, on a capstan of gun-metal, stands his mast-head in Trafalgar Square; and ever when most obscured b
2061	638	638	0.204803	1	But neither great Washington, nor Napoleon, nor Nelson, will answer a single hail from below, however madly invoked to b
2062	102	102	0.256798	1	It may seem unwarrantable to couple in any respect the mast-head standers of the land with those of the sea; but that in
2063	2454	2454	0.077394	1	The worthy Obed tells us, that in the early times of the whale fishery, ere ships were regularly launched in pursuit of 
2064	2874	2874	0.190221	1	A few years ago this same plan was adopted by the Bay whalemen of New Zealand, who, upon descrying the game, gave notice
2065	1790	1790	0.432334	1	But this custom has now become obsolete; turn we then to the one proper mast-head, that of a whale-ship at sea.
2066	2270	2270	0.097226	1	The three mast-heads are kept manned from sun-rise to sun-set; the seamen taking their regular turns (as at the helm), a
2067	1888	1888	0.212844	1	In the serene weather of the tropics it is exceedingly pleasant the mast-head; nay, to a dreamy meditative man it is del
2068	1790	1790	0.026231	1	There you stand, a hundred feet above the silent decks, striding along the deep, as if the masts were gigantic stilts, w
2069	2874	2874	0.443003	1	There you stand, lost in the infinite series of the sea, with nothing ruffled but the waves.
2070	2467	2467	0.173991	1	The tranced ship indolently rolls; the drowsy trade winds blow; everything resolves you into languor.
2071	1405	1405	0.163280	1	For the most part, in this tropic whaling life, a sublime uneventfulness invests you; you hear no news; read no gazettes
2072	2073	2073	0.061588	1	In one of those southern whalesmen, on a long three or four years’ voyage, as often happens, the sum of the various hour
2073	340	340	0.360749	1	And it is much to be deplored that the place to which you devote so considerable a portion of the whole term of your nat
2074	2171	2171	0.180016	1	Your most usual point of perch is the head of the t’ gallant-mast, where you stand upon two thin parallel sticks (almost
2075	2609	2609	0.454948	1	Here, tossed about by the sea, the beginner feels about as cosy as he would standing on a bull’s horns.
2076	1594	1594	0.269348	1	To be sure, in cold weather you may carry your house aloft with you, in the shape of a watch-coat; but properly speaking
2077	2659	2659	0.602535	1	You cannot put a shelf or chest of drawers in your body, and no more can you make a convenient closet of your watch-coat
2078	2265	2265	0.169188	1	Concerning all this, it is much to be deplored that the mast-heads of a southern whale ship are unprovided with those en
2079	1594	1594	0.165723	1	In the fireside narrative of Captain Sleet, entitled “A Voyage among the Icebergs, in quest of the Greenland Whale, and 
2080	2265	2265	0.060710	1	He called it the _Sleet’s crow’s-nest_, in honor of himself; he being the original inventor and patentee, and free from 
2081	1888	1888	0.272065	1	In shape, the Sleet’s crow’s-nest is something like a large tierce or pipe; it is open above, however, where it is furni
2082	2761	2761	0.195805	1	Being fixed on the summit of the mast, you ascend into it through a little trap-hatch in the bottom.
2083	2528	2528	0.022637	1	On the after side, or side next the stern of the ship, is a comfortable seat, with a locker underneath for umbrellas, co
2084	548	548	0.049836	1	In front is a leather rack, in which to keep your speaking trumpet, pipe, telescope, and other nautical conveniences.
2085	1594	1594	0.265794	1	When Captain Sleet in person stood his mast-head in this crow’s-nest of his, he tells us that he always had a rifle with
2086	1594	1594	0.297462	1	Now, it was plainly a labor of love for Captain Sleet to describe, as he does, all the little detailed conveniences of h
2087	2659	2659	0.532122	1	Though, upon the whole, I greatly admire and even love the brave, the honest, and learned Captain; yet I take it very il
2088	1594	1594	0.042168	1	But if we Southern whale-fishers are not so snugly housed aloft as Captain Sleet and his Greenlandmen were; yet that dis
2089	1797	1797	0.000921	1	For one, I used to lounge up the rigging very leisurely, resting in the top to have a chat with Queequeg, or any one els
2090	1888	1888	0.048378	1	Let me make a clean breast of it here, and frankly admit that I kept but sorry guard.
2091	1594	1594	0.348478	1	With the problem of the universe revolving in me, how could I—being left completely to myself at such a thought-engender
2092	1888	1888	0.375037	1	Beware of enlisting in your vigilant fisheries any lad with lean brow and hollow eye; given to unseasonable meditativene
2093	2073	2073	0.336407	1	Beware of such an one, I say; your whales must be seen before they can be killed; and this sunken-eyed young Platonist w
2094	62	62	0.088744	1	Nor are these monitions at all unneeded.
2095	1970	1970	0.007300	1	For nowadays, the whale-fishery furnishes an asylum for many romantic, melancholy, and absent-minded young men, disguste
2096	2659	2659	0.054371	1	Childe Harold not unfrequently perches himself upon the mast-head of some luckless disappointed whale-ship, and in moody
2097	1819	1819	0.313887	1	Ten thousand blubber-hunters sweep over thee in vain.” Very often do the captains of such ships take those absent-minded
2098	1178	1178	0.060701	1	But all in vain; those young Platonists have a notion that their vision is imperfect; they are short-sighted; what use, 
2099	1888	1888	0.183131	1	They have left their opera-glasses at home.
2100	688	688	0.373025	1	“Why, thou monkey,” said a harpooneer to one of these lads, “we’ve been cruising now hard upon three years, and thou has
2101	1645	1645	0.311964	1	Whales are scarce as hen’s teeth whenever thou art up here.” Perhaps they were; or perhaps there might have been shoals 
2102	2073	2073	1.501763	1	In this enchanted mood, thy spirit ebbs away to whence it came; becomes diffused through time and space; like Cranmer’s 
2103	1594	1594	0.097368	1	There is no life in thee, now, except that rocking life imparted by a gently rolling ship; by her, borrowed from the sea
2104	2659	2659	0.052853	1	But while this sleep, this dream is on ye, move your foot or hand an inch; slip your hold at all; and your identity come
2105	1888	1888	0.383931	1	Over Descartian vortices you hover.
2106	787	787	0.215858	1	And perhaps, at mid-day, in the fairest weather, with one half-throttled shriek you drop through that transparent air in
2107	2492	2492	0.206497	1	Heed it well, ye Pantheists!
2108	1640	1640	0.500593	1	(_Enter Ahab: Then, all._) It was not a great while after the affair of the pipe, that one morning shortly after breakfa
2109	935	935	0.103893	1	There most sea-captains usually walk at that hour, as country gentlemen, after the same meal, take a few turns in the ga
2110	2467	2467	0.242881	1	Soon his steady, ivory stride was heard, as to and fro he paced his old rounds, upon planks so familiar to his tread, th
2111	1054	1054	0.807441	1	Did you fixedly gaze, too, upon that ribbed and dented brow; there also, you would see still stranger foot-prints—the fo
2112	2528	2528	0.159665	1	But on the occasion in question, those dents looked deeper, even as his nervous step that morning left a deeper mark.
2113	1718	1718	0.209322	1	And, so full of his thought was Ahab, that at every uniform turn that he made, now at the main-mast and now at the binna
2114	1102	1102	0.247179	1	“D’ye mark him, Flask?” whispered Stubb; “the chick that’s in him pecks the shell.
2115	688	688	0.138000	1	’Twill soon be out.” The hours wore on;—Ahab now shut up within his cabin; anon, pacing the deck, with the same intense 
2116	1888	1888	0.333586	1	It drew near the close of day.
2117	2215	2215	0.225666	1	Suddenly he came to a halt by the bulwarks, and inserting his bone leg into the auger-hole there, and with one hand gras
2118	746	746	0.008476	1	“Sir!” said the mate, astonished at an order seldom or never given on ship-board except in some extraordinary case.
2119	688	688	0.677169	1	“Send everybody aft,” repeated Ahab.
2120	1147	1147	0.018986	1	come down!” When the entire ship’s company were assembled, and with curious and not wholly unapprehensive faces, were ey
2121	1763	1763	0.044298	1	With bent head and half-slouched hat he continued to pace, unmindful of the wondering whispering among the men; till Stu
2122	1888	1888	0.408355	1	But this did not last long.
2123	1888	1888	0.013442	1	Vehemently pausing, he cried:— “What do ye do when ye see a whale, men?” “Sing out for him!” was the impulsive rejoinder
2124	1594	1594	0.381023	1	“Good!” cried Ahab, with a wild approval in his tones; observing the hearty animation into which his unexpected question
2125	1523	1523	0.457737	1	“And what do ye next, men?” “Lower away, and after him!” “And what tune is it ye pull to, men?” “A dead whale or a stove
2126	2215	2215	0.029189	1	But, they were all eagerness again, as Ahab, now half-revolving in his pivot-hole, with one hand reaching high up a shro
2127	1790	1790	0.056363	1	d’ye see this Spanish ounce of gold?”—holding up a broad bright coin to the sun—“it is a sixteen dollar piece, men.
2128	3055	3055	0.069077	1	Mr. Starbuck, hand me yon top-maul.” While the mate was getting the hammer, Ahab, without speaking, was slowly rubbing t
2129	1888	1888	0.329026	1	Receiving the top-maul from Starbuck, he advanced towards the main-mast with the hammer uplifted in one hand, exhibiting
2130	8	8	0.291527	1	huzza!” cried the seamen, as with swinging tarpaulins they hailed the act of nailing the gold to the mast.
2131	688	688	0.163037	1	“It’s a white whale, I say,” resumed Ahab, as he threw down the topmaul: “a white whale.
2132	1594	1594	0.035118	1	Skin your eyes for him, men; look sharp for white water; if ye see but a bubble, sing out.” All this while Tashtego, Dag
2133	688	688	0.171170	1	“Captain Ahab,” said Tashtego, “that white whale must be the same that some call Moby Dick.” “Moby Dick?” shouted Ahab.
2134	688	688	0.271963	1	“Do ye know the white whale then, Tash?” “Does he fan-tail a little curious, sir, before he goes down?” said the Gay-Hea
2135	1156	1156	0.605159	1	“And has he a curious spout, too,” said Daggoo, “very bushy, even for a parmacetty, and mighty quick, Captain Ahab?” “An
2136	548	548	1.103784	1	good many iron in him hide, too, Captain,” cried Queequeg disjointedly, “all twiske-tee be-twisk, like him—him—” falteri
2137	858	858	0.229200	1	men, it is Moby Dick ye have seen—Moby Dick—Moby Dick!” “Captain Ahab,” said Starbuck, who, with Stubb and Flask, had th
2138	548	548	1.161535	1	“Captain Ahab, I have heard of Moby Dick—but it was not Moby Dick that took off thy leg?” “Who told thee that?” cried Ah
2139	8	8	0.065739	1	Aye, aye,” he shouted with a terrific, loud, animal sob, like that of a heart-stricken moose; “Aye, aye!
2140	1409	1409	0.265570	1	it was that accursed white whale that razeed me; made a poor pegging lubber of me for ever and a day!” Then tossing both
2141	1790	1790	0.372511	1	and I’ll chase him round Good Hope, and round the Horn, and round the Norway Maelstrom, and round perdition’s flames bef
2142	1253	1253	0.140575	1	And this is what ye have shipped for, men!
2143	2977	2977	0.039753	1	to chase that white whale on both sides of land, and over all sides of earth, till he spouts black blood and rolls fin o
2144	3055	3055	0.492301	1	What say ye, men, will ye splice hands on it, now?
2145	1102	1102	0.149745	1	I think ye do look brave.” “Aye, aye!” shouted the harpooneers and seamen, running closer to the excited old man: “A sha
2146	1790	1790	0.046386	1	go draw the great measure of grog.
2147	2874	2874	0.151599	1	But what’s this long face about, Mr. Starbuck; wilt thou not chase the white whale?
2148	178	178	0.006187	1	art not game for Moby Dick?” “I am game for his crooked jaw, and for the jaws of Death too, Captain Ahab, if it fairly c
2149	427	427	0.148564	1	How many barrels will thy vengeance yield thee even if thou gettest it, Captain Ahab?
2150	858	858	0.039836	1	it will not fetch thee much in our Nantucket market.” “Nantucket market!
2151	1888	1888	0.131395	1	But come closer, Starbuck; thou requirest a little lower layer.
2152	1654	1654	0.277361	1	If money’s to be the measurer, man, and the accountants have computed their great counting-house the globe, by girdling 
2153	548	548	0.768683	1	methinks it rings most vast, but hollow.” “Vengeance on a dumb brute!” cried Starbuck, “that simply smote thee from blin
2154	427	427	0.096613	1	To be enraged with a dumb thing, Captain Ahab, seems blasphemous.” “Hark ye yet again—the little lower layer.
2155	2761	2761	0.123360	1	All visible objects, man, are but as pasteboard masks.
2156	1790	1790	0.003616	1	But in each event—in the living act, the undoubted deed—there, some unknown but still reasoning thing puts forth the mou
2157	2659	2659	0.290957	1	If man will strike, strike through the mask!
2158	396	396	0.079373	1	How can the prisoner reach outside except by thrusting through the wall?
2159	1790	1790	0.226997	1	To me, the white whale is that wall, shoved near to me.
2160	2874	2874	0.202694	1	Sometimes I think there’s naught beyond.
2161	1790	1790	0.084525	1	He tasks me; he heaps me; I see in him outrageous strength, with an inscrutable malice sinewing it.
2162	2761	2761	1.052598	1	That inscrutable thing is chiefly what I hate; and be the white whale agent, or be the white whale principal, I will wre
2163	1790	1790	0.229878	1	Talk not to me of blasphemy, man; I’d strike the sun if it insulted me.
2164	674	674	0.282341	1	For could the sun do that, then could I do the other; since there is ever a sort of fair play herein, jealousy presiding
2165	690	690	0.414070	1	But not my master, man, is even that fair play.
2166	8	8	0.034275	1	more intolerable than fiends’ glarings is a doltish stare!
2167	1888	1888	0.079032	1	So, so; thou reddenest and palest; my heat has melted thee to anger-glow.
2168	1888	1888	0.199276	1	But look ye, Starbuck, what is said in heat, that thing unsays itself.
2169	2375	2375	0.239697	1	There are men from whom warm words are small indignity.
2170	1888	1888	0.502357	1	I meant not to incense thee.
2171	2659	2659	0.245842	1	see yonder Turkish cheeks of spotted tawn—living, breathing pictures painted by the sun.
2172	2133	2133	0.376949	1	The Pagan leopards—the unrecking and unworshipping things, that live; and seek, and give no reasons for the torrid life 
2173	1888	1888	0.553066	1	The crew, man, the crew!
2174	1934	1934	0.334703	1	Are they not one and all with Ahab, in this matter of the whale?
2175	1790	1790	0.374584	1	he snorts to think of it.
2176	2707	2707	0.056781	1	Stand up amid the general hurricane, thy one tost sapling cannot, Starbuck!
2177	1888	1888	0.358590	1	’Tis but to help strike a fin; no wondrous feat for Starbuck.
2178	1787	1787	0.610056	1	From this one poor hunt, then, the best lance out of all Nantucket, surely he will not hang back, when every foremast-ha
2179	1888	1888	0.364012	1	constrainings seize thee; I see!
2180	1790	1790	0.351063	1	thy silence, then, _that_ voices thee.
2181	1558	1558	0.421327	1	(_Aside_) Something shot from my dilated nostrils, he has inhaled it in his lungs.
2182	1102	1102	0.286854	1	Starbuck now is mine; cannot oppose me now, without rebellion.” “God keep me!—keep us all!” murmured Starbuck, lowly.
2183	1558	1558	0.235425	1	But in his joy at the enchanted, tacit acquiescence of the mate, Ahab did not hear his foreboding invocation; nor yet th
2184	8	8	0.047344	1	For again Starbuck’s downcast eyes lighted up with the stubbornness of life; the subterranean laugh died away; the winds
2185	2659	2659	0.805284	1	Ah, ye admonitions and warnings!
2186	1888	1888	0.003935	1	why stay ye not when ye come?
2187	1888	1888	0.174641	1	But rather are ye predictions than warnings, ye shadows!
2188	690	690	0.122817	1	Yet not so much predictions from without, as verifications of the foregoing things within.
2189	2073	2073	0.216443	1	For with little external to constrain us, the innermost necessities in our being, these still drive us on.
2190	1888	1888	0.381367	1	Receiving the brimming pewter, and turning to the harpooneers, he ordered them to produce their weapons.
2191	2073	2073	0.085888	1	Then ranging them before him near the capstan, with their harpoons in their hands, while his three mates stood at his si
2192	2874	2874	0.024021	1	But those wild eyes met his, as the bloodshot eyes of the prairie wolves meet the eye of their leader, ere he rushes on 
2193	1790	1790	0.011026	1	only to fall into the hidden snare of the Indian.
2194	688	688	0.092879	1	“Drink and pass!” he cried, handing the heavy charged flagon to the nearest seaman.
2195	1888	1888	0.551311	1	“The crew alone now drink.
2196	1790	1790	0.077579	1	Short draughts—long swallows, men; ’tis hot as Satan’s hoof.
2197	1888	1888	0.132689	1	So, so; it goes round excellently.
2198	1888	1888	0.219953	1	It spiralizes in ye; forks out at the serpent-snapping eye.
2199	1066	1066	0.229383	1	That way it went, this way it comes.
2200	8	8	0.555625	1	Hand it me—here’s a hollow!
2201	1888	1888	0.154390	1	Men, ye seem the years; so brimming life is gulped and gone.
2202	429	429	0.235887	1	I have mustered ye all round this capstan; and ye mates, flank me with your lances; and ye harpooneers, stand there with
2203	1888	1888	0.250393	1	O men, you will yet see that—Ha!
2204	1888	1888	0.228403	1	bad pennies come not sooner.
2205	1701	1701	0.011624	1	Why, now, this pewter had run brimming again, wer’t not thou St. Vitus’ imp—away, thou ague!
2206	1888	1888	0.268759	1	Cross your lances full before me.
2207	2898	2898	0.621494	1	Let me touch the axis.” So saying, with extended arm, he grasped the three level, radiating lances at their crossed cent
2208	1054	1054	0.161480	1	It seemed as though, by some nameless, interior volition, he would fain have shocked into them the same fiery emotion ac
2209	1054	1054	0.258240	1	The three mates quailed before his strong, sustained, and mystic aspect.
2210	1888	1888	0.493738	1	Stubb and Flask looked sideways from him; the honest eye of Starbuck fell downright.
2211	548	548	0.661543	1	“In vain!” cried Ahab; “but, maybe, ’tis well.
2212	2073	2073	0.145601	1	For did ye three but once take the full-forced shock, then mine own electric thing, _that_ had perhaps expired from out 
2213	1888	1888	0.198588	1	Perchance, too, it would have dropped ye dead.
2214	1888	1888	0.265219	1	Perchance ye need it not.
2215	1790	1790	0.271002	1	And now, ye mates, I do appoint ye three cupbearers to my three pagan kinsmen there—yon three most honorable gentlemen a
2216	1066	1066	0.109862	1	What, when the great Pope washes the feet of beggars, using his tiara for ewer?
2217	1473	1473	0.352820	1	your own condescension, _that_ shall bend ye to it.
2218	1821	1821	0.195451	1	I do not order ye; ye will it.
2219	1888	1888	0.084668	1	Cut your seizings and draw the poles, ye harpooneers!” Silently obeying the order, the three harpooneers now stood with 
2220	1858	1858	0.147235	1	“Stab me not with that keen steel!
2221	1888	1888	0.653477	1	Cant them; cant them over!
2222	2073	2073	0.025706	1	know ye not the goblet end?
2223	1888	1888	0.095004	1	So, so; now, ye cup-bearers, advance.
2224	8	8	0.108628	1	take them; hold them while I fill!” Forthwith, slowly going from one officer to the other, he brimmed the harpoon socket
2225	1888	1888	0.285729	1	“Now, three to three, ye stand.
2226	2057	2057	0.851682	1	Bestow them, ye who are now made parties to this indissoluble league.
2227	1888	1888	0.015836	1	but the deed is done!
2228	1888	1888	0.529241	1	Yon ratifying sun now waits to sit upon it.
2229	1790	1790	0.241871	1	drink and swear, ye men that man the deathful whaleboat’s bow—Death to Moby Dick!
2230	870	870	0.230443	1	God hunt us all, if we do not hunt Moby Dick to his death!” The long, barbed steel goblets were lifted; and to cries and
2231	1888	1888	1.086019	1	Starbuck paled, and turned, and shivered.
2232	1790	1790	0.123837	1	Once more, and finally, the replenished pewter went the rounds among the frantic crew; when, waving his free hand to the
2233	1790	1790	0.094872	1	_The cabin; by the stern windows; Ahab sitting alone, and gazing out_.
2234	1790	1790	0.094659	1	I leave a white and turbid wake; pale waters, paler cheeks, where’er I sail.
2235	2223	2223	0.116193	1	The envious billows sidelong swell to whelm my track; let them; but first I pass.
2236	1888	1888	0.377095	1	Yonder, by ever-brimming goblet’s rim, the warm waves blush like wine.
2237	1888	1888	0.629413	1	The gold brow plumbs the blue.
2238	2467	2467	0.187301	1	The diver sun—slow dived from noon—goes down; my soul mounts up!
2239	1790	1790	0.494931	1	she wearies with her endless hill.
2240	2761	2761	0.107069	1	Is, then, the crown too heavy that I wear?
2241	1888	1888	0.272701	1	this Iron Crown of Lombardy.
2242	1594	1594	0.638425	1	Yet is it bright with many a gem; I the wearer, see not its far flashings; but darkly feel that I wear that, that dazzli
2243	1888	1888	0.370714	1	’Tis iron—that I know—not gold.
2244	2614	2614	0.019693	1	’Tis split, too—that I feel; the jagged edge galls me so, my brain seems to beat against the solid metal; aye, steel sku
2245	2467	2467	0.025944	1	Dry heat upon my brow?
2246	1594	1594	0.248083	1	time was, when as the sunrise nobly spurred me, so the sunset soothed.
2247	195	195	0.740279	1	This lovely light, it lights not me; all loveliness is anguish to me, since I can ne’er enjoy.
2248	1888	1888	0.367923	1	Gifted with the high perception, I lack the low, enjoying power; damned, most subtly and most malignantly!
2249	1888	1888	0.135488	1	damned in the midst of Paradise!
2250	912	912	0.008710	1	(_waving his hand, he moves from the window_.)
2251	1888	1888	0.328870	1	’Twas not so hard a task.
2252	1888	1888	0.118881	1	I thought to find one stubborn, at the least; but my one cogged circle fits into all their various wheels, and they revo
2253	870	870	0.044937	1	Or, if you will, like so many ant-hills of powder, they all stand before me; and I their match.
2254	1888	1888	0.223987	1	that to fire others, the match itself must needs be wasting!
2255	1790	1790	0.061434	1	What I’ve dared, I’ve willed; and what I’ve willed, I’ll do!
2256	1814	1814	0.155694	1	They think me mad—Starbuck does; but I’m demoniac, I am madness maddened!
2257	8	8	0.572944	1	That wild madness that’s only calm to comprehend itself!
2258	2265	2265	0.289017	1	The prophecy was that I should be dismembered; and—Aye!
2259	2489	2489	0.002038	1	I now prophesy that I will dismember my dismemberer.
2260	2761	2761	0.259349	1	Now, then, be the prophet and the fulfiller one.
2261	8	8	0.218435	1	That’s more than ye, ye great gods, ever were.
2262	2874	2874	0.054016	1	I laugh and hoot at ye, ye cricket-players, ye pugilists, ye deaf Burkes and blinded Bendigoes!
2263	8	8	0.498401	1	I will not say as schoolboys do to bullies—Take some one of your own size; don’t pommel _me!_ No, ye’ve knocked me down,
2264	2559	2559	0.063330	1	Come forth from behind your cotton bags!
2265	1888	1888	0.086478	1	I have no long gun to reach ye.
2266	1790	1790	0.320345	1	Come, Ahab’s compliments to ye; come and see if ye can swerve me.
2267	1888	1888	0.287080	1	ye cannot swerve me, else ye swerve yourselves!
2268	1888	1888	0.183921	1	The path to my fixed purpose is laid with iron rails, whereon my soul is grooved to run.
2269	1888	1888	0.028598	1	Over unsounded gorges, through the rifled hearts of mountains, under torrents’ beds, unerringly I rush!
2270	2874	2874	0.518871	1	Naught’s an obstacle, naught’s an angle to the iron way!
2271	1790	1790	0.229043	1	_By the Mainmast; Starbuck leaning against it_.
2272	1525	1525	0.021093	1	My soul is more than matched; she’s overmanned; and by a madman!
2273	1888	1888	0.940348	1	Insufferable sting, that sanity should ground arms on such a field!
2274	1888	1888	0.242900	1	But he drilled deep down, and blasted all my reason out of me!
2275	1888	1888	0.191633	1	I think I see his impious end; but feel that I must help him to it.
2276	2073	2073	0.240115	1	Will I, nill I, the ineffable thing has tied me to him; tows me with a cable I have no knife to cut.
2277	1790	1790	0.189683	1	Who’s over him, he cries;—aye, he would be a democrat to all above; look, how he lords it over all below!
2278	2742	2742	0.403481	1	I plainly see my miserable office,—to obey, rebelling; and worse yet, to hate with touch of pity!
2279	2115	2115	0.275969	1	For in his eyes I read some lurid woe would shrivel me up, had I it.
2280	1888	1888	0.937461	1	Time and tide flow wide.
2281	2599	2599	0.788962	1	The hated whale has the round watery world to swim in, as the small gold-fish has its glassy globe.
2282	1888	1888	0.263193	1	His heaven-insulting purpose, God may wedge aside.
2283	1934	1934	0.874622	1	I would up heart, were it not like lead.
2284	2073	2073	0.984190	1	But my whole clock’s run down; my heart the all-controlling weight, I have no key to lift again.
2285	1888	1888	0.116759	1	[_A burst of revelry from the forecastle_.]
2286	1790	1790	0.035698	1	to sail with such a heathen crew that have small touch of human mothers in them!
2287	1888	1888	0.057378	1	Whelped somewhere by the sharkish sea.
2288	1888	1888	0.091022	1	The white whale is their demigorgon.
2289	1710	1710	0.113210	1	mark the unfaltering silence aft!
2290	2073	2073	0.370343	1	Foremost through the sparkling sea shoots on the gay, embattled, bantering bow, but only to drag dark Ahab after it, whe
2291	961	961	0.227518	1	The long howl thrills me through!
2292	1888	1888	0.134930	1	ye revellers, and set the watch!
2293	1888	1888	0.160185	1	’tis in an hour like this, with soul beat down and held to knowledge,—as wild, untutored things are forced to feed—Oh, l
2294	1888	1888	0.108906	1	’tis now that I do feel the latent horror in thee!
2295	8	8	0.578523	1	that horror’s out of me!
2296	3055	3055	0.366997	1	and with the soft feeling of the human in me, yet will I try to fight ye, ye grim, phantom futures!
2297	2707	2707	0.125393	1	Stand by me, hold me, bind me, O ye blessed influences!
2298	1790	1790	0.399706	1	(_Stubb solus, and mending a brace_.)
2299	2659	2659	0.130805	1	clear my throat!—I’ve been thinking over it ever since, and that ha, ha’s the final consequence.
2300	2659	2659	0.251520	1	Because a laugh’s the wisest, easiest answer to all that’s queer; and come what will, one comfort’s always left—that unf
2301	2073	2073	0.704639	1	I heard not all his talk with Starbuck; but to my poor eye Starbuck then looked something as I the other evening felt.
2302	2145	2145	0.453771	1	Be sure the old Mogul has fixed him, too.
2303	1594	1594	0.166223	1	I twigged it, knew it; had had the gift, might readily have prophesied it—for when I clapped my eye upon his skull I saw
2304	1843	1843	0.763417	1	Well, Stubb, _wise_ Stubb—that’s my title—well, Stubb, what of it, Stubb?
2305	550	550	0.204360	1	I know not all that may be coming, but be it what it will, I’ll go to it laughing.
2306	1249	1249	0.277304	1	Such a waggish leering as lurks in all your horribles!
2307	8	8	0.548579	1	What’s my juicy little pear at home doing now?
2308	2073	2073	0.079269	1	Crying its eyes out?—Giving a party to the last arrived harpooneers, I dare say, gay as a frigate’s pennant, and so am I
2309	2073	2073	0.262755	1	Oh— We’ll drink to-night with hearts as light, To love, as gay and fleeting As bubbles that swim, on the beaker’s brim, 
2310	1888	1888	0.457155	1	A brave stave that—who calls?
2311	8	8	0.210766	1	Aye, aye, sir—(_Aside_) he’s my superior, he has his too, if I’m not mistaken.—Aye, aye, sir, just through with this job
2312	1790	1790	0.028412	1	(_Foresail rises and discovers the watch standing, lounging, leaning, and lying in various attitudes, all singing in cho
2313	1104	1104	0.047175	1	Farewell and adieu to you, Spanish ladies!
2314	1104	1104	0.047175	1	Farewell and adieu to you, ladies of Spain!
2315	8	8	0.096270	1	Our captain’s commanded.— 1ST NANTUCKET SAILOR.
2316	8	8	0.382112	1	Oh, boys, don’t be sentimental; it’s bad for the digestion!
2317	287	287	0.371669	1	Take a tonic, follow me!
2318	945	945	0.053189	1	(_Sings, and all follow._) Our captain stood upon the deck, A spy-glass in his hand, A viewing of those gallant whales T
2319	8	8	0.158884	1	Oh, your tubs in your boats, my boys, And by your braces stand, And we’ll have one of those fine whales, Hand, boys, ove
2320	2874	2874	0.010788	1	So, be cheery, my lads!
2321	429	429	1.412453	1	may your hearts never fail!
2322	1678	1678	0.652986	1	While the bold harpooner is striking the whale!
2323	882	882	0.301488	1	Strike the bell eight, thou Pip!
2324	1888	1888	0.045155	1	and let me call the watch.
2325	1731	1731	0.201838	1	I’ve the sort of mouth for that—the hogshead mouth.
2326	1790	1790	0.217461	1	So, so, (_thrusts his head down the scuttle_,) Star-bo-l-e-e-n-s, a-h-o-y!
2327	1888	1888	0.020088	1	Grand snoozing to-night, maty; fat night for that.
2328	1118	1118	0.194496	1	I mark this in our old Mogul’s wine; it’s quite as deadening to some as filliping to others.
2329	1790	1790	0.454560	1	We sing; they sleep—aye, lie down there, like ground-tier butts.
2330	1790	1790	0.248393	1	There, take this copper-pump, and hail ’em through it.
2331	1790	1790	0.088708	1	Tell ’em to avast dreaming of their lasses.
2332	1790	1790	0.181391	1	Tell ’em it’s the resurrection; they must kiss their last, and come to judgment.
2333	8	8	0.074474	1	That’s the way—_that’s_ it; thy throat ain’t spoiled with eating Amsterdam butter.
2334	8	8	0.617634	1	let’s have a jig or two before we ride to anchor in Blanket Bay.
2335	2073	2073	0.212927	1	There comes the other watch.
2336	8	8	0.342592	1	(_Sulky and sleepy._) Don’t know where it is.
2337	1888	1888	0.057043	1	Beat thy belly, then, and wag thy ears.
2338	2073	2073	0.437547	1	Jig it, men, I say; merry’s the word; hurrah!
2339	8	8	0.037580	1	Damn me, won’t you dance?
2340	1888	1888	0.024414	1	Form, now, Indian-file, and gallop into the double-shuffle?
2341	8	8	0.430977	1	I don’t like your floor, maty; it’s too springy to my taste.
2342	1888	1888	0.031550	1	I’m sorry to throw cold water on the subject; but excuse me.
2343	8	8	0.253128	1	Me too; where’s your girls?
2344	2467	2467	0.061178	1	Who but a fool would take his left hand by his right, and say to himself, how d’ye do?
2345	8	8	0.031687	1	Aye; girls and a green!—then I’ll hop with ye; yea, turn grasshopper!
2346	2874	2874	0.645041	1	Well, well, ye sulkies, there’s plenty more of us.
2347	1888	1888	0.423925	1	Hoe corn when you may, say I.
2348	1888	1888	0.389258	1	All legs go to harvest soon.
2349	107	107	0.200244	1	here comes the music; now for it!
2350	2874	2874	0.180266	1	(_Ascending, and pitching the tambourine up the scuttle_.)
2351	8	8	0.235183	1	Here you are, Pip; and there’s the windlass-bitts; up you mount!
2352	935	935	0.175133	1	(_The half of them dance to the tambourine; some go below; some sleep or lie among the coils of rigging.
2353	1888	1888	0.197572	1	Rig it, dig it, stig it, quig it, bell-boy!
2354	2270	2270	0.267004	1	Make fire-flies; break the jinglers!
2355	1888	1888	0.053805	1	Jinglers, you say?—there goes another, dropped off; I pound it so.
2356	1888	1888	0.023436	1	Rattle thy teeth, then, and pound away; make a pagoda of thyself.
2357	1888	1888	0.106736	1	Hold up thy hoop, Pip, till I jump through it!
2358	8	8	0.461447	1	(_Quietly smoking._) That’s a white man; he calls that fun: humph!
2359	2807	2807	0.332556	1	I wonder whether those jolly lads bethink them of what they are dancing over.
2360	2073	2073	0.017381	1	I’ll dance over your grave, I will—that’s the bitterest threat of your night-women, that beat head-winds round corners.
2361	1790	1790	0.004570	1	to think of the green navies and the green-skulled crews!
2362	1843	1843	0.531462	1	Well, well; belike the whole world’s a ball, as you scholars have it; and so ’tis right to make one ballroom of it.
2363	8	8	0.110945	1	Dance on, lads, you’re young; I was once.
2364	1888	1888	0.373293	1	this is worse than pulling after whales in a calm—give us a whiff, Tash.
2365	1888	1888	0.255716	1	(_They cease dancing, and gather in clusters.
2366	1888	1888	0.289264	1	Meantime the sky darkens—the wind rises_.)
2367	2874	2874	0.534453	1	boys, it’ll be douse sail soon.
2368	1888	1888	0.109727	1	The sky-born, high-tide Ganges turned to wind!
2369	1888	1888	0.515506	1	Thou showest thy black brow, Seeva!
2370	1888	1888	0.006715	1	(_Reclining and shaking his cap_.)
2371	8	8	0.116406	1	It’s the waves—the snow’s caps turn to jig it now.
2372	2874	2874	0.362641	1	They’ll shake their tassels soon.
2373	1581	1581	0.055248	1	Now would all the waves were women, then I’d go drown, and chassee with them evermore!
2374	2874	2874	0.070296	1	There’s naught so sweet on earth—heaven may not match it!—as those swift glances of warm, wild bosoms in the dance, when
2375	2145	2145	0.805395	1	Tell me not of it!
2376	1888	1888	0.047181	1	Hark ye, lad—fleet interlacings of the limbs—lithe swayings—coyings—flutterings!
2377	1763	1763	0.302182	1	all graze: unceasing touch and go!
2378	1888	1888	0.223701	1	not taste, observe ye, else come satiety.
2379	1888	1888	0.305187	1	Hail, holy nakedness of our dancing girls!—the Heeva-Heeva!
2380	2659	2659	0.080574	1	low veiled, high palmed Tahiti!
2381	1888	1888	0.337220	1	I still rest me on thy mat, but the soft soil has slid!
2382	1888	1888	0.590069	1	I saw thee woven in the wood, my mat!
2383	2073	2073	0.070415	1	green the first day I brought ye thence; now worn and wilted quite.
2384	296	296	0.190629	1	Ah me!—not thou nor I can bear the change!
2385	1888	1888	0.159013	1	How then, if so be transplanted to yon sky?
2386	1558	1558	0.051850	1	Hear I the roaring streams from Pirohitee’s peak of spears, when they leap down the crags and drown the villages?—The bl
2387	1888	1888	0.256939	1	Up, spine, and meet it!
2388	2073	2073	0.136137	1	How the sea rolls swashing ’gainst the side!
2389	2707	2707	0.437717	1	Stand by for reefing, hearties!
2390	1790	1790	0.013979	1	the winds are just crossing swords, pell-mell they’ll go lunging presently.
2391	2108	2108	0.091698	1	so long as thou crackest, thou holdest!
2392	1594	1594	0.006233	1	The mate there holds ye to it stiffly.
2393	2073	2073	0.135577	1	He’s no more afraid than the isle fort at Cattegat, put there to fight the Baltic with storm-lashed guns, on which the s
2394	2599	2599	0.802687	1	He has his orders, mind ye that.
2395	1430	1430	0.851032	1	I heard old Ahab tell him he must always kill a squall, something as they burst a waterspout with a pistol—fire your shi
2396	8	8	0.200622	1	but that old man’s a grand old cove!
2397	2874	2874	0.063052	1	We are the lads to hunt him up his whale!
2398	2874	2874	0.072092	1	How the three pines shake!
2399	1888	1888	0.003756	1	Pines are the hardest sort of tree to live when shifted to any other soil, and here there’s none but the crew’s cursed c
2400	1731	1731	0.371976	1	This is the sort of weather when brave hearts snap ashore, and keeled hulls split at sea.
2401	2599	2599	0.726485	1	Our captain has his birthmark; look yonder, boys, there’s another in the sky—lurid-like, ye see, all else pitch black.
2402	8	8	0.447090	1	Who’s afraid of black’s afraid of me!
2403	1888	1888	0.031548	1	I’m quarried out of it!
2404	2073	2073	0.181398	1	He wants to bully, ah!—the old grudge makes me touchy (_Advancing_.)
2405	1888	1888	0.158176	1	Aye, harpooneer, thy race is the undeniable dark side of mankind—devilish dark at that.
2406	8	8	0.521656	1	That Spaniard’s mad or drunk.
2407	8	8	0.509647	1	But that can’t be, or else in his one case our old Mogul’s fire-waters are somewhat long in working.
2408	1790	1790	0.134459	1	No; Daggoo showing his teeth.
2409	2874	2874	0.255766	1	A row a’low, and a row aloft—Gods and men—both brawlers!
2410	1888	1888	0.443842	1	The Virgin be blessed, a row!
2411	1888	1888	0.879105	1	In that ring Cain struck Abel.
2412	2073	2073	0.594157	1	Why then, God, mad’st thou the ring?
2413	2707	2707	0.437715	1	Stand by to reef topsails!
2414	1888	1888	0.398825	1	PIP (_shrinking under the windlass_).
2415	2467	2467	0.025944	1	Duck lower, Pip, here comes the royal yard!
2416	2073	2073	0.432972	1	It’s worse than being in the whirled woods, the last day of the year!
2417	8	8	0.736555	1	Who’d go climbing after chestnuts now?
2418	8	8	0.531418	1	But there they go, all cursing, and here I don’t.
2419	1888	1888	0.026091	1	Fine prospects to ’em; they’re on the road to heaven.
2420	2874	2874	0.199682	1	But those chaps there are worse yet—they are your white squalls, they.
2421	1581	1581	0.129101	1	Here have I heard all their chat just now, and the white whale—shirr!
2422	1669	1669	0.264747	1	and only this evening—it makes me jingle all over like my tambourine—that anaconda of an old man swore ’em in to hunt hi
2423	3064	3064	0.160087	1	Oh, thou big white God aloft there somewhere in yon darkness, have mercy on this small black boy down here; preserve him
2424	800	800	0.431817	1	I, Ishmael, was one of that crew; my shouts had gone up with the rest; my oath had been welded with theirs; and stronger
2425	1790	1790	0.151949	1	A wild, mystical, sympathetical feeling was in me; Ahab’s quenchless feud seemed mine.
2426	1888	1888	0.058227	1	With greedy ears I learned the history of that murderous monster against whom I and all the others had taken our oaths o
2427	1797	1797	0.437290	1	For some time past, though at intervals only, the unaccompanied, secluded White Whale had haunted those uncivilized seas
2428	1594	1594	0.545616	1	But not all of them knew of his existence; only a few of them, comparatively, had knowingly seen him; while the number w
2429	541	541	0.122660	1	For, owing to the large number of whale-cruisers; the disorderly way they were sprinkled over the entire watery circumfe
2430	2659	2659	0.573259	1	It was hardly to be doubted, that several vessels reported to have encountered, at such or such a time, or on such or su
2431	1178	1178	0.451567	1	Yet as of late the Sperm Whale fishery had been marked by various and not unfrequent instances of great ferocity, cunnin
2432	1594	1594	0.063927	1	In that way, mostly, the disastrous encounter between Ahab and the whale had hitherto been popularly regarded.
2433	1594	1594	0.254146	1	And as for those who, previously hearing of the White Whale, by chance caught sight of him; in the beginning of the thin
2434	2073	2073	0.168223	1	But at length, such calamities did ensue in these assaults—not restricted to sprained wrists and ankles, broken limbs, o
2435	2073	2073	0.328228	1	Nor did wild rumors of all sorts fail to exaggerate, and still the more horrify the true histories of these deadly encou
2436	1594	1594	0.159112	1	For not only do fabulous rumors naturally grow out of the very body of all surprising terrible events,—as the smitten tr
2437	1678	1678	0.428836	1	And as the sea surpasses the land in this matter, so the whale fishery surpasses every other sort of maritime life, in t
2438	1594	1594	0.237850	1	For not only are whalemen as a body unexempt from that ignorance and superstitiousness hereditary to all sailors; but of
2439	1807	1807	0.144308	1	Alone, in such remotest waters, that though you sailed a thousand miles, and passed a thousand shores, you would not com
2440	1594	1594	0.151344	1	No wonder, then, that ever gathering volume from the mere transit over the widest watery spaces, the outblown rumors of 
2441	294	294	0.246983	1	So that in many cases such a panic did he finally strike, that few who by those rumors, at least, had heard of the White
2442	378	378	0.109232	1	But there were still other and more vital practical influences at work.
2443	2073	2073	0.189361	1	Not even at the present day has the original prestige of the Sperm Whale, as fearfully distinguished from all other spec
2444	746	746	0.166837	1	There are those this day among them, who, though intelligent and courageous enough in offering battle to the Greenland o
2445	674	674	0.771651	1	Nor is the pre-eminent tremendousness of the great Sperm Whale anywhere more feelingly comprehended, than on board of th
2446	664	664	0.183552	1	And as if the now tested reality of his might had in former legendary times thrown its shadow before it; we find some bo
2447	1888	1888	0.463845	1	Nor even down to so late a time as Cuvier’s, were these or almost similar impressions effaced.
2448	2073	2073	0.051911	1	For in his Natural History, the Baron himself affirms that at sight of the Sperm Whale, all fish (sharks included) are “
2449	1054	1054	0.043626	1	So that overawed by the rumors and portents concerning him, not a few of the fishermen recalled, in reference to Moby Di
2450	2265	2265	0.200532	1	That to attempt it, would be inevitably to be torn into a quick eternity.
2451	2528	2528	0.225998	1	On this head, there are some remarkable documents that may be consulted.
2452	1888	1888	0.088175	1	Nevertheless, some there were, who even in the face of these things were ready to give chase to Moby Dick; and a still g
2453	1594	1594	0.136441	1	One of the wild suggestions referred to, as at last coming to be linked with the White Whale in the minds of the superst
2454	1888	1888	0.317571	1	Nor, credulous as such minds must have been, was this conceit altogether without some faint show of superstitious probab
2455	8	8	0.112910	1	For as the secrets of the currents in the seas have never yet been divulged, even to the most erudite research; so the h
2456	2467	2467	0.330900	1	It is a thing well known to both American and English whale-ships, and as well a thing placed upon authoritative record 
2457	1642	1642	0.521549	1	Nor is it to be gainsaid, that in some of these instances it has been declared that the interval of time between the two
2458	1888	1888	0.275883	1	Hence, by inference, it has been believed by some whalemen, that the Nor’ West Passage, so long a problem to man, was ne
2459	2241	2241	0.034502	1	So that here, in the real living experience of living men, the prodigies related in old times of the inland Strello moun
2460	2268	2268	0.155704	1	Forced into familiarity, then, with such prodigies as these; and knowing that after repeated, intrepid assaults, the Whi
2461	2989	2989	0.206917	1	But even stripped of these supernatural surmisings, there was enough in the earthly make and incontestable character of 
2462	748	748	0.849191	1	For, it was not so much his uncommon bulk that so much distinguished him from other sperm whales, but, as was elsewhere 
2463	2697	2697	0.313112	1	These were his prominent features; the tokens whereby, even in the limitless, uncharted seas, he revealed his identity, 
2464	2073	2073	0.050697	1	The rest of his body was so streaked, and spotted, and marbled with the same shrouded hue, that, in the end, he had gain
2465	62	62	0.091471	1	Nor was it his unwonted magnitude, nor his remarkable hue, nor yet his deformed lower jaw, that so much invested the wha
2466	294	294	0.865290	1	More than all, his treacherous retreats struck more of dismay than perhaps aught else.
2467	73	73	0.322830	1	For, when swimming before his exulting pursuers, with every apparent symptom of alarm, he had several times been known t
2468	1888	1888	0.293189	1	Already several fatalities had attended his chase.
2469	3055	3055	0.130119	1	But though similar disasters, however little bruited ashore, were by no means unusual in the fishery; yet, in most insta
2470	1054	1054	0.490897	1	Judge, then, to what pitches of inflamed, distracted fury the minds of his more desperate hunters were impelled, when am
2471	2874	2874	0.395971	1	His three boats stove around him, and oars and men both whirling in the eddies; one captain, seizing the line-knife from
2472	1790	1790	0.467236	1	And then it was, that suddenly sweeping his sickle-shaped lower jaw beneath him, Moby Dick had reaped away Ahab’s leg, a
2473	2215	2215	0.153972	1	No turbaned Turk, no hired Venetian or Malay, could have smote him with more seeming malice.
2474	620	620	0.565578	1	Small reason was there to doubt, then, that ever since that almost fatal encounter, Ahab had cherished a wild vindictive
2475	1151	1151	0.478751	1	The White Whale swam before him as the monomaniac incarnation of all those malicious agencies which some deep men feel e
2476	748	748	0.173406	1	That intangible malignity which has been from the beginning; to whose dominion even the modern Christians ascribe one-ha
2477	1594	1594	0.030965	1	All that most maddens and torments; all that stirs up the lees of things; all truth with malice in it; all that cracks t
2478	2073	2073	1.112662	1	He piled upon the whale’s white hump the sum of all the general rage and hate felt by his whole race from Adam down; and
2479	1888	1888	0.129104	1	It is not probable that this monomania in him took its instant rise at the precise time of his bodily dismemberment.
2480	1678	1678	0.152139	1	Then, in darting at the monster, knife in hand, he had but given loose to a sudden, passionate, corporal animosity; and 
2481	2874	2874	0.062973	1	Yet, when by this collision forced to turn towards home, and for long months of days and weeks, Ahab and anguish lay str
2482	1640	1640	0.085471	1	That it was only then, on the homeward voyage, after the encounter, that the final monomania seized him, seems all but c
2483	1710	1710	0.112943	1	In a strait-jacket, he swung to the mad rockings of the gales.
2484	73	73	0.147201	1	And, when running into more sufferable latitudes, the ship, with mild stun’sails spread, floated across the tranquil tro
2485	2661	2661	0.242497	1	Human madness is oftentimes a cunning and most feline thing.
2486	1888	1888	0.000001	1	When you think it fled, it may have but become transfigured into some still subtler form.
2487	1594	1594	0.326197	1	Ahab’s full lunacy subsided not, but deepeningly contracted; like the unabated Hudson, when that noble Northman flows na
2488	2874	2874	0.208554	1	But, as in his narrow-flowing monomania, not one jot of Ahab’s broad madness had been left behind; so in that broad madn
2489	1594	1594	0.000025	1	That before living agent, now became the living instrument.
2490	1275	1275	0.167448	1	If such a furious trope may stand, his special lunacy stormed his general sanity, and carried it, and turned all its con
2491	2659	2659	0.085134	1	This is much; yet Ahab’s larger, darker, deeper part remains unhinted.
2492	3002	3002	0.222358	1	But vain to popularize profundities, and all truth is profound.
2493	2659	2659	1.724784	1	Winding far down from within the very heart of this spiked Hotel de Cluny where we here stand—however grand and wonderfu
2494	2098	2098	0.577936	1	So with a broken throne, the great gods mock that captive king; so like a Caryatid, he patient sits, upholding on his fr
2495	2874	2874	0.264580	1	Wind ye down there, ye prouder, sadder souls!
2496	2659	2659	0.828099	1	question that proud, sad king!
2497	2073	2073	0.228484	1	aye, he did beget ye, ye young exiled royalties; and from your grim sire only will the old State-secret come.
2498	1581	1581	0.034204	1	Now, in his heart, Ahab had some glimpse of this, namely: all my means are sane, my motive and my object mad.
2499	3055	3055	0.023474	1	Yet without power to kill, or change, or shun the fact; he likewise knew that to mankind he did long dissemble; in some 
2500	746	746	0.187070	1	But that thing of his dissembling was only subject to his perceptibility, not to his will determinate.
2501	1888	1888	0.224249	1	Nevertheless, so well did he succeed in that dissembling, that when with ivory leg he stepped ashore at last, no Nantuck
2502	928	928	0.044435	1	The report of his undeniable delirium at sea was likewise popularly ascribed to a kindred cause.
2503	2073	2073	0.223612	1	And so too, all the added moodiness which always afterwards, to the very day of sailing in the Pequod on the present voy
2504	2761	2761	0.033208	1	Nor is it so very unlikely, that far from distrusting his fitness for another whaling voyage, on account of such dark sy
2505	2073	2073	0.685423	1	Gnawed within and scorched without, with the infixed, unrelenting fangs of some incurable idea; such an one, could he be
2506	1594	1594	0.200779	1	Or, if for any reason thought to be corporeally incapacitated for that, yet such an one would seem superlatively compete
2507	2659	2659	0.157877	1	But be all this as it may, certain it is, that with the mad secret of his unabated rage bolted up and keyed in him, Ahab
2508	294	294	0.147724	1	Had any one of his old acquaintances on shore but half dreamed of what was lurking in him then, how soon would their agh
2509	1888	1888	0.066957	1	They were bent on profitable cruises, the profit to be counted down in dollars from the mint.
2510	1054	1054	0.393980	1	He was intent on an audacious, immitigable, and supernatural revenge.
2511	392	392	0.050716	1	Here, then, was this grey-headed, ungodly old man, chasing with curses a Job’s whale round the world, at the head of a c
2512	1594	1594	0.266589	1	Such a crew, so officered, seemed specially picked and packed by some infernal fatality to help him to his monomaniac re
2513	2609	2609	0.054417	1	How it was that they so aboundingly responded to the old man’s ire—by what evil magic their souls were possessed, that a
2514	217	217	0.036072	1	The subterranean miner that works in us all, how can one tell whither leads his shaft by the ever shifting, muffled soun
2515	1934	1934	0.019088	1	Who does not feel the irresistible arm drag?
2516	1275	1275	0.095482	1	What skiff in tow of a seventy-four can stand still?
2517	858	858	0.126355	1	For one, I gave myself up to the abandonment of the time and the place; but while yet all a-rush to encounter the whale,
2518	1888	1888	0.629413	1	The Whiteness of the Whale.
2519	2697	2697	0.347686	1	What the white whale was to Ahab, has been hinted; what, at times, he was to me, as yet remains unsaid.
2520	1718	1718	0.006488	1	Aside from those more obvious considerations touching Moby Dick, which could not but occasionally awaken in any man’s so
2521	1888	1888	0.214349	1	It was the whiteness of the whale that above all things appalled me.
2522	2874	2874	0.425684	1	But how can I hope to explain myself here; and yet, in some dim, random way, explain myself I must, else all these chapt
2523	2292	2292	0.043143	1	Though in many natural objects, whiteness refiningly enhances beauty, as if imparting some special virtue of its own, as
2524	1790	1790	0.021318	1	This elusive quality it is, which causes the thought of whiteness, when divorced from more kindly associations, and coup
2525	1888	1888	0.061220	1	Witness the white bear of the poles, and the white shark of the tropics; what but their smooth, flaky whiteness makes th
2526	107	107	0.086256	1	That ghastly whiteness it is which imparts such an abhorrent mildness, even more loathsome than terrific, to the dumb gl
2527	1888	1888	0.053246	1	So that not the fierce-fanged tiger in his heraldic coat can so stagger courage as the white-shrouded bear or shark.
2528	1594	1594	0.077448	1	* *With reference to the Polar bear, it may possibly be urged by him who would fain go still deeper into this matter, th
2529	1934	1934	1.042553	1	But even assuming all this to be true; yet, were it not for the whiteness, you would not have that intensified terror.
2530	1594	1594	0.245059	1	As for the white shark, the white gliding ghostliness of repose in that creature, when beheld in his ordinary moods, str
2531	1594	1594	0.195365	1	This peculiarity is most vividly hit by the French in the name they bestow upon that fish.
2532	1888	1888	0.021611	1	The Romish mass for the dead begins with “Requiem eternam” (eternal rest), whence _Requiem_ denominating the mass itself
2533	1791	1791	0.321583	1	Now, in allusion to the white, silent stillness of death in this shark, and the mild deadliness of his habits, the Frenc
2534	1888	1888	0.265548	1	Bethink thee of the albatross, whence come those clouds of spiritual wonderment and pale dread, in which that white phan
2535	1790	1790	0.016329	1	Not Coleridge first threw that spell; but God’s great, unflattering laureate, Nature.
2536	105	105	0.215733	1	* *I remember the first albatross I ever saw.
2537	2752	2752	0.121178	1	It was during a prolonged gale, in waters hard upon the Antarctic seas.
2538	2073	2073	0.609998	1	From my forenoon watch below, I ascended to the overclouded deck; and there, dashed upon the main hatches, I saw a regal
2539	2874	2874	0.172115	1	At intervals, it arched forth its vast archangel wings, as if to embrace some holy ark.
2540	1888	1888	0.173669	1	Wondrous flutterings and throbbings shook it.
2541	1790	1790	0.298799	1	Though bodily unharmed, it uttered cries, as some king’s ghost in supernatural distress.
2542	614	614	0.071357	1	Through its inexpressible, strange eyes, methought I peeped to secrets which took hold of God.
2543	917	917	0.293077	1	As Abraham before the angels, I bowed myself; the white thing was so white, its wings so wide, and in those for ever exi
2544	1888	1888	0.149721	1	Long I gazed at that prodigy of plumage.
2545	2467	2467	0.252954	1	I cannot tell, can only hint, the things that darted through me then.
2546	386	386	0.012510	1	But at last I awoke; and turning, asked a sailor what bird was this.
2547	1405	1405	0.738263	1	never had heard that name before; is it conceivable that this glorious thing is utterly unknown to men ashore!
2548	171	171	0.016841	1	But some time after, I learned that goney was some seaman’s name for albatross.
2549	8	8	0.059776	1	So that by no possibility could Coleridge’s wild Rhyme have had aught to do with those mystical impressions which were m
2550	3055	3055	0.457642	1	For neither had I then read the Rhyme, nor knew the bird to be an albatross.
2551	1594	1594	0.035685	1	Yet, in saying this, I do but indirectly burnish a little brighter the noble merit of the poem and the poet.
2552	2073	2073	0.241544	1	I assert, then, that in the wondrous bodily whiteness of the bird chiefly lurks the secret of the spell; a truth the mor
2553	1504	1504	0.092619	1	But how had the mystic thing been caught?
2554	2073	2073	0.064253	1	Whisper it not, and I will tell; with a treacherous hook and line, as the fowl floated on the sea.
2555	8	8	0.132540	1	At last the Captain made a postman of it; tying a lettered, leathern tally round its neck, with the ship’s time and plac
2556	2659	2659	0.477822	1	But I doubt not, that leathern tally, meant for man, was taken off in Heaven, when the white fowl flew to join the wing-
2557	1054	1054	0.506127	1	Most famous in our Western annals and Indian traditions is that of the White Steed of the Prairies; a magnificent milk-w
2558	1970	1970	0.038654	1	He was the elected Xerxes of vast herds of wild horses, whose pastures in those days were only fenced by the Rocky Mount
2559	1833	1833	0.245742	1	At their flaming head he westward trooped it like that chosen star which every evening leads on the hosts of light.
2560	1888	1888	0.066886	1	The flashing cascade of his mane, the curving comet of his tail, invested him with housings more resplendent than gold a
2561	2659	2659	0.269155	1	A most imperial and archangelical apparition of that unfallen, western world, which to the eyes of the old trappers and 
2562	1299	1299	0.649771	1	Whether marching amid his aides and marshals in the van of countless cohorts that endlessly streamed it over the plains,
2563	2154	2154	0.151811	1	Nor can it be questioned from what stands on legendary record of this noble horse, that it was his spiritual whiteness c
2564	378	378	0.076826	1	But there are other instances where this whiteness loses all that accessory and strange glory which invests it in the Wh
2565	1594	1594	0.936032	1	What is it that in the Albino man so peculiarly repels and often shocks the eye, as that sometimes he is loathed by his 
2566	1888	1888	0.335504	1	It is that whiteness which invests him, a thing expressed by the name he bears.
2567	2609	2609	0.044667	1	The Albino is as well made as other men—has no substantive deformity—and yet this mere aspect of all-pervading whiteness
2568	2761	2761	0.424861	1	Why should this be so?
2569	548	548	0.080257	1	Nor, in quite other aspects, does Nature in her least palpable but not the less malicious agencies, fail to enlist among
2570	1151	1151	0.361152	1	From its snowy aspect, the gauntleted ghost of the Southern Seas has been denominated the White Squall.
2571	674	674	0.412991	1	Nor, in some historic instances, has the art of human malice omitted so potent an auxiliary.
2572	73	73	0.387280	1	How wildly it heightens the effect of that passage in Froissart, when, masked in the snowy symbol of their faction, the 
2573	674	674	0.119510	1	Nor, in some things, does the common, hereditary experience of all mankind fail to bear witness to the supernaturalism o
2574	360	360	0.167553	1	It cannot well be doubted, that the one visible quality in the aspect of the dead which most appals the gazer, is the ma
2575	1791	1791	0.921664	1	And from that pallor of the dead, we borrow the expressive hue of the shroud in which we wrap them.
2576	548	548	0.376788	1	Nor even in our superstitions do we fail to throw the same snowy mantle round our phantoms; all ghosts rising in a milk-
2577	1934	1934	0.087140	1	Therefore, in his other moods, symbolize whatever grand or gracious thing he will by whiteness, no man can deny that in 
2578	1888	1888	0.183342	1	But though without dissent this point be fixed, how is mortal man to account for it?
2579	1888	1888	0.198573	1	To analyse it, would seem impossible.
2580	2098	2098	0.476982	1	Can we, then, by the citation of some of those instances wherein this thing of whiteness—though for the time either whol
2581	1515	1515	0.103088	1	But in a matter like this, subtlety appeals to subtlety, and without imagination no man can follow another into these ha
2582	2073	2073	0.115947	1	And though, doubtless, some at least of the imaginative impressions about to be presented may have been shared by most m
2583	1594	1594	0.498587	1	Why to the man of untutored ideality, who happens to be but loosely acquainted with the peculiar character of the day, d
2584	429	429	0.109413	1	Or, to the unread, unsophisticated Protestant of the Middle American States, why does the passing mention of a White Fri
2585	1594	1594	0.281438	1	Or what is there apart from the traditions of dungeoned warriors and kings (which will not wholly account for it) that m
2586	298	298	0.291411	1	And those sublimer towers, the White Mountains of New Hampshire, whence, in peculiar moods, comes that gigantic ghostlin
2587	2659	2659	0.456162	1	Or why, irrespective of all latitudes and longitudes, does the name of the White Sea exert such a spectralness over the 
2588	674	674	0.217534	1	Or, to choose a wholly unsubstantial instance, purely addressed to the fancy, why, in reading the old fairy tales of Cen
2589	2659	2659	0.311672	1	Nor is it, altogether, the remembrance of her cathedral-toppling earthquakes; nor the stampedoes of her frantic seas; no
2590	386	386	0.090435	1	For Lima has taken the white veil; and there is a higher horror in this whiteness of her woe.
2591	1791	1791	0.406242	1	Old as Pizarro, this whiteness keeps her ruins for ever new; admits not the cheerful greenness of complete decay; spread
2592	1594	1594	0.071445	1	I know that, to the common apprehension, this phenomenon of whiteness is not confessed to be the prime agent in exaggera
2593	689	689	1.181331	1	What I mean by these two statements may perhaps be respectively elucidated by the following examples.
2594	360	360	0.561545	1	First: The mariner, when drawing nigh the coasts of foreign lands, if by night he hear the roar of breakers, starts to v
2595	748	748	0.008371	1	Yet where is the mariner who will tell thee, “Sir, it was not so much the fear of striking hidden rocks, as the fear of 
2596	62	62	0.400488	1	Much the same is it with the backwoodsman of the West, who with comparative indifference views an unbounded prairie shee
2597	1888	1888	0.090978	1	Not so the sailor, beholding the scenery of the Antarctic seas; where at times, by some infernal trick of legerdemain in
2598	2761	2761	0.331664	1	But thou sayest, methinks that white-lead chapter about whiteness is but a white flag hung out from a craven soul; thou 
2599	748	748	0.001112	1	Tell me, why this strong young colt, foaled in some peaceful valley of Vermont, far removed from all beasts of prey—why 
2600	2098	2098	0.917213	1	There is no remembrance in him of any gorings of wild creatures in his green northern home, so that the strange muskines
2601	1790	1790	0.148376	1	No: but here thou beholdest even in a dumb brute, the instinct of the knowledge of the demonism in the world.
2602	2609	2609	0.793372	1	Though thousands of miles from Oregon, still when he smells that savage musk, the rending, goring bison herds are as pre
2603	1265	1265	0.073367	1	Thus, then, the muffled rollings of a milky sea; the bleak rustlings of the festooned frosts of mountains; the desolate 
2604	2073	2073	0.014349	1	Though neither knows where lie the nameless things of which the mystic sign gives forth such hints; yet with me, as with
2605	2073	2073	0.057997	1	Though in many of its aspects this visible world seems formed in love, the invisible spheres were formed in fright.
2606	2073	2073	0.325242	1	But not yet have we solved the incantation of this whiteness, and learned why it appeals with such power to the soul; an
2607	691	691	0.060682	1	Is it that by its indefiniteness it shadows forth the heartless voids and immensities of the universe, and thus stabs us
2608	748	748	0.446333	1	Or is it, that as in essence whiteness is not so much a colour as the visible absence of colour; and at the same time th
2609	2073	2073	0.173347	1	And when we consider that other theory of the natural philosophers, that all other earthly hues—every stately or lovely 
2610	2031	2031	0.218277	1	And of all these things the Albino whale was the symbol.
2611	1888	1888	0.266608	1	Wonder ye then at the fiery hunt?
2612	779	779	0.223498	1	Did you hear that noise, Cabaco?” It was the middle-watch: a fair moonlight; the seamen were standing in a cordon, exten
2613	1888	1888	0.475822	1	In this manner, they passed the buckets to fill the scuttle-butt.
2614	2528	2528	0.025594	1	Standing, for the most part, on the hallowed precincts of the quarter-deck, they were careful not to speak or rustle the
2615	541	541	1.250941	1	From hand to hand, the buckets went in the deepest silence, only broken by the occasional flap of a sail, and the steady
2616	2073	2073	0.383268	1	It was in the midst of this repose, that Archy, one of the cordon, whose post was near the after-hatches, whispered to h
2617	1790	1790	0.117949	1	did you hear that noise, Cabaco?” “Take the bucket, will ye, Archy?
2618	2467	2467	0.210510	1	what noise d’ye mean?” “There it is again—under the hatches—don’t you hear it—a cough—it sounded like a cough.” “Cough b
2619	2145	2145	0.494502	1	Pass along that return bucket.” “There again—there it is!—it sounds like two or three sleepers turning over, now!” “Cara
2620	356	356	0.167092	1	have done, shipmate, will ye?
2621	8	8	0.116406	1	It’s the three soaked biscuits ye eat for supper turning over inside of ye—nothing else.
2622	1790	1790	0.033017	1	Look to the bucket!” “Say what ye will, shipmate; I’ve sharp ears.” “Aye, you are the chap, ain’t ye, that heard the hum
2623	1888	1888	0.352816	1	Hark ye, Cabaco, there is somebody down in the after-hold that has not yet been seen on deck; and I suspect our old Mogu
2624	998	998	0.169043	1	I heard Stubb tell Flask, one morning watch, that there was something of that sort in the wind.” “Tish!
2625	1034	1034	0.194842	1	Had you followed Captain Ahab down into his cabin after the squall that took place on the night succeeding that wild rat
2626	2874	2874	0.130792	1	Then seating himself before it, you would have seen him intently study the various lines and shadings which there met hi
2627	1888	1888	0.050940	1	At intervals, he would refer to piles of old log-books beside him, wherein were set down the seasons and places in which
2628	1763	1763	0.028670	1	While thus employed, the heavy pewter lamp suspended in chains over his head, continually rocked with the motion of the 
2629	1640	1640	0.021585	1	But it was not this night in particular that, in the solitude of his cabin, Ahab thus pondered over his charts.
2630	1888	1888	0.016255	1	Almost every night they were brought out; almost every night some pencil marks were effaced, and others were substituted
2631	2073	2073	0.093352	1	For with the charts of all four oceans before him, Ahab was threading a maze of currents and eddies, with a view to the 
2632	801	801	0.243957	1	Now, to any one not fully acquainted with the ways of the leviathans, it might seem an absurdly hopeless task thus to se
2633	541	541	0.213384	1	But not so did it seem to Ahab, who knew the sets of all tides and currents; and thereby calculating the driftings of th
2634	548	548	0.963161	1	So assured, indeed, is the fact concerning the periodicalness of the sperm whale’s resorting to given waters, that many 
2635	2528	2528	0.225999	1	On this hint, attempts have been made to construct elaborate migratory charts of the sperm whale.
2636	2223	2223	0.075487	1	* *Since the above was written, the statement is happily borne out by an official circular, issued by Lieutenant Maury, 
2637	2731	2731	0.083313	1	By that circular, it appears that precisely such a chart is in course of completion; and portions of it are presented in
2638	562	562	0.663242	1	“This chart divides the ocean into districts of five degrees of latitude by five degrees of longitude; perpendicularly t
2639	2659	2659	0.120671	1	Though, in these cases, the direction taken by any one whale be straight as a surveyor’s parallel, and though the line o
2640	2073	2073	0.247834	1	The sum is, that at particular seasons within that breadth and along that path, migrating whales may with great confiden
2641	1642	1642	0.938151	1	And hence not only at substantiated times, upon well known separate feeding-grounds, could Ahab hope to encounter his pr
2642	928	928	0.501664	1	There was a circumstance which at first sight seemed to entangle his delirious but still methodical scheme.
2643	1888	1888	0.133862	1	But not so in the reality, perhaps.
2644	2599	2599	0.381223	1	Though the gregarious sperm whales have their regular seasons for particular grounds, yet in general you cannot conclude
2645	1888	1888	0.296090	1	In general, the same remark, only within a less wide limit, applies to the solitaries and hermits among the matured, age
2646	1109	1109	0.070886	1	So that though Moby Dick had in a former year been seen, for example, on what is called the Seychelle ground in the Indi
2647	1888	1888	0.264232	1	So, too, with some other feeding grounds, where he had at times revealed himself.
2648	1256	1256	0.265163	1	But all these seemed only his casual stopping-places and ocean-inns, so to speak, not his places of prolonged abode.
2649	2073	2073	0.422953	1	And where Ahab’s chances of accomplishing his object have hitherto been spoken of, allusion has only been made to whatev
2650	2073	2073	0.233907	1	That particular set time and place were conjoined in the one technical phrase—the Season-on-the-Line.
2651	1504	1504	0.037809	1	For there and then, for several consecutive years, Moby Dick had been periodically descried, lingering in those waters f
2652	1265	1265	0.659905	1	There it was, too, that most of the deadly encounters with the white whale had taken place; there the waves were storied
2653	2073	2073	0.388028	1	But in the cautious comprehensiveness and unloitering vigilance with which Ahab threw his brooding soul into this unfalt
2654	2073	2073	0.603785	1	Now, the Pequod had sailed from Nantucket at the very beginning of the Season-on-the-Line.
2655	2458	2458	0.322832	1	No possible endeavor then could enable her commander to make the great passage southwards, double Cape Horn, and then ru
2656	2073	2073	0.099708	1	Therefore, he must wait for the next ensuing season.
2657	1178	1178	0.008220	1	Yet the premature hour of the Pequod’s sailing had, perhaps, been correctly selected by Ahab, with a view to this very c
2658	935	935	0.208320	1	Because, an interval of three hundred and sixty-five days and nights was before him; an interval which, instead of impat
2659	1790	1790	0.169549	1	So that Monsoons, Pampas, Nor’-Westers, Harmattans, Trades; any wind but the Levanter and Simoon, might blow Moby Dick i
2660	2659	2659	0.061278	1	But granting all this; yet, regarded discreetly and coolly, seems it not but a mad idea, this; that in the broad boundle
2661	2270	2270	0.054351	1	For the peculiar snow-white brow of Moby Dick, and his snow-white hump, could not but be unmistakable.
2662	3055	3055	0.176499	1	And have I not tallied the whale, Ahab would mutter to himself, as after poring over his charts till long after midnight
2663	8	8	0.046373	1	His broad fins are bored, and scalloped out like a lost sheep’s ear!
2664	2073	2073	0.012854	1	And here, his mad mind would run on in a breathless race; till a weariness and faintness of pondering came over him; and
2665	674	674	1.100240	1	what trances of torments does that man endure who is consumed with one unachieved revengeful desire.
2666	1821	1821	0.060184	1	He sleeps with clenched hands; and wakes with his own bloody nails in his palms.
2667	1738	1738	0.200008	1	Often, when forced from his hammock by exhausting and intolerably vivid dreams of the night, which, resuming his own int
2668	1098	1098	0.122875	1	Yet these, perhaps, instead of being the unsuppressable symptoms of some latent weakness, or fright at his own resolve, 
2669	1594	1594	0.173242	1	For, at such times, crazy Ahab, the scheming, unappeasedly steadfast hunter of the white whale; this Ahab that had gone 
2670	1467	1467	0.799618	1	The latter was the eternal, living principle or soul in him; and in sleep, being for the time dissociated from the chara
2671	2659	2659	0.123595	1	But as the mind does not exist unless leagued with the soul, therefore it must have been that, in Ahab’s case, yielding 
2672	1888	1888	0.341252	1	Nay, could grimly live and burn, while the common vitality to which it was conjoined, fled horror-stricken from the unbi
2673	1062	1062	0.703855	1	Therefore, the tormented spirit that glared out of bodily eyes, when what seemed Ahab rushed from his room, was for the 
2674	2073	2073	0.328609	1	God help thee, old man, thy thoughts have created a creature in thee; and he whose intense thinking thus makes him a Pro
2675	1718	1718	0.006326	1	So far as what there may be of a narrative in this book; and, indeed, as indirectly touching one or two very interesting
2676	1405	1405	0.217138	1	I care not to perform this part of my task methodically; but shall be content to produce the desired impression by separ
2677	1558	1558	0.202572	1	First: I have personally known three instances where a whale, after receiving a harpoon, has effected a complete escape;
2678	1642	1642	0.206432	1	In the instance where three years intervened between the flinging of the two harpoons; and I think it may have been some
2679	1581	1581	0.133501	1	Meanwhile, the whale he had struck must also have been on its travels; no doubt it had thrice circumnavigated the globe,
2680	2073	2073	0.951182	1	This man and this whale again came together, and the one vanquished the other.
2681	2073	2073	0.051966	1	I say I, myself, have known three instances similar to this; that is in two of them I saw the whales struck; and, upon t
2682	1371	1371	0.182591	1	In the three-year instance, it so fell out that I was in the boat both times, first and last, and the last time distinct
2683	1888	1888	0.241229	1	I say three years, but I am pretty sure it was more than that.
2684	1791	1791	0.155041	1	Here are three instances, then, which I personally know the truth of; but I have heard of many other instances from pers
2685	1594	1594	0.484238	1	Secondly: It is well known in the Sperm Whale Fishery, however ignorant the world ashore may be of it, that there have b
2686	1594	1594	0.403528	1	Why such a whale became thus marked was not altogether and originally owing to his bodily peculiarities as distinguished
2687	3022	3022	0.029928	1	No: the reason was this: that from the fatal experiences of the fishery there hung a terrible prestige of perilousness a
2688	1525	1525	0.036964	1	Like some poor devils ashore that happen to know an irascible great man, they make distant unobtrusive salutations to hi
2689	1718	1718	0.302317	1	But not only did each of these famous whales enjoy great individual celebrity—Nay, you may call it an ocean-wide renown;
2690	1934	1934	0.213627	1	Was it not so, O Timor Tom!
2691	801	801	0.033643	1	thou famed leviathan, scarred like an iceberg, who so long did’st lurk in the Oriental straits of that name, whose spout
2692	1934	1934	0.213627	1	Was it not so, O New Zealand Jack!
2693	2124	2124	0.070939	1	thou terror of all cruisers that crossed their wakes in the vicinity of the Tattoo Land?
2694	1934	1934	0.213627	1	Was it not so, O Morquan!
2695	2270	2270	0.161885	1	King of Japan, whose lofty jet they say at times assumed the semblance of a snow-white cross against the sky?
2696	1934	1934	0.213629	1	Was it not so, O Don Miguel!
2697	2073	2073	1.257520	1	thou Chilian whale, marked like an old tortoise with mystic hieroglyphics upon the back!
2698	1888	1888	0.453420	1	In plain prose, here are four whales as well known to the students of Cetacean History as Marius or Sylla to the classic
2699	2301	2301	0.399863	1	But this is not all.
2700	2609	2609	0.329636	1	New Zealand Tom and Don Miguel, after at various times creating great havoc among the boats of different vessels, were f
2701	1552	1552	0.057745	1	I do not know where I can find a better place than just here, to make mention of one or two other things, which to me se
2702	2609	2609	0.395442	1	For this is one of those disheartening instances where truth requires full as much bolstering as error.
2703	548	548	0.032331	1	So ignorant are most landsmen of some of the plainest and most palpable wonders of the world, that without some hints to
2704	2073	2073	0.238265	1	First: Though most men have some vague flitting ideas of the general perils of the grand fishery, yet they have nothing 
2705	294	294	0.233199	1	One reason perhaps is, that not one in fifty of the actual disasters and deaths by casualties in the fishery, ever finds
2706	2807	2807	0.124320	1	Do you suppose that that poor fellow there, who this moment perhaps caught by the whale-line off the coast of New Guinea
2707	1642	1642	0.713109	1	No: because the mails are very irregular between here and New Guinea.
2708	2659	2659	0.007974	1	In fact, did you ever hear what might be called regular news direct or indirect from New Guinea?
2709	1559	1559	0.213981	1	Yet I tell you that upon one particular voyage which I made to the Pacific, among many others we spoke thirty different 
2710	2659	2659	0.040597	1	For God’s sake, be economical with your lamps and candles!
2711	8	8	0.335012	1	not a gallon you burn, but at least one drop of man’s blood was spilled for it.
2712	2098	2098	0.935602	1	Secondly: People ashore have indeed some indefinite idea that a whale is an enormous creature of enormous power; but I h
2713	1888	1888	0.072951	1	But fortunately the special point I here seek can be established upon testimony entirely independent of my own.
2714	1594	1594	0.474593	1	That point is this: The Sperm Whale is in some cases sufficiently powerful, knowing, and judiciously malicious, as with 
2715	508	508	0.130865	1	First: In the year 1820 the ship Essex, Captain Pollard, of Nantucket, was cruising in the Pacific Ocean.
2716	1275	1275	0.316845	1	One day she saw spouts, lowered her boats, and gave chase to a shoal of sperm whales.
2717	1888	1888	0.145354	1	Ere long, several of the whales were wounded; when, suddenly, a very large whale escaping from the boats, issued from th
2718	2467	2467	0.025944	1	Dashing his forehead against her hull, he so stove her in, that in less than “ten minutes” she settled down and fell ove
2719	1888	1888	0.521966	1	Not a surviving plank of her has been seen since.
2720	2073	2073	0.874531	1	After the severest exposure, part of the crew reached the land in their boats.
2721	143	143	0.035647	1	Being returned home at last, Captain Pollard once more sailed for the Pacific in command of another ship, but the gods s
2722	2232	2232	0.017696	1	At this day Captain Pollard is a resident of Nantucket.
2723	1888	1888	0.042542	1	I have seen Owen Chace, who was chief mate of the Essex at the time of the tragedy; I have read his plain and faithful n
2724	1791	1791	0.125072	1	* *The following are extracts from Chace’s narrative: “Every fact seemed to warrant me in concluding that it was anythin
2725	2661	2661	0.166086	1	His aspect was most horrible, and such as indicated resentment and fury.
2726	246	246	0.112186	1	He came directly from the shoal which we had just before entered, and in which we had struck three of his companions, as
2727	1594	1594	0.181183	1	“The dark ocean and swelling waters were nothing; the fears of being swallowed up by some dreadful tempest, or dashed up
2728	541	541	0.336065	1	45,—he speaks of “_the mysterious and mortal attack of the animal_.” Secondly: The ship Union, also of Nantucket, was in
2729	698	698	0.018036	1	Thirdly: Some eighteen or twenty years ago Commodore J——, then commanding an American sloop-of-war of the first class, h
2730	2265	2265	0.411824	1	Conversation turning upon whales, the Commodore was pleased to be sceptical touching the amazing strength ascribed to th
2731	1594	1594	0.075099	1	He peremptorily denied for example, that any whale could so smite his stout sloop-of-war as to cause her to leak so much
2732	1888	1888	0.263522	1	Very good; but there is more coming.
2733	1156	1156	0.335481	1	Some weeks after, the Commodore set sail in this impregnable craft for Valparaiso.
2734	1479	1479	0.025254	1	But he was stopped on the way by a portly sperm whale, that begged a few moments’ confidential business with him.
2735	8	8	0.239418	1	That business consisted in fetching the Commodore’s craft such a thwack, that with all his pumps going he made straight 
2736	2029	2029	0.241626	1	I am not superstitious, but I consider the Commodore’s interview with that whale as providential.
2737	2869	2869	0.307024	1	Was not Saul of Tarsus converted from unbelief by a similar fright?
2738	1888	1888	0.224737	1	I tell you, the sperm whale will stand no nonsense.
2739	1594	1594	1.015296	1	I will now refer you to Langsdorff’s Voyages for a little circumstance in point, peculiarly interesting to the writer he
2740	2073	2073	0.072448	1	Langsdorff, you must know by the way, was attached to the Russian Admiral Krusenstern’s famous Discovery Expedition in t
2741	2073	2073	0.190645	1	Captain Langsdorff thus begins his seventeenth chapter: “By the thirteenth of May our ship was ready to sail, and the ne
2742	1594	1594	0.210913	1	The weather was very clear and fine, but so intolerably cold that we were obliged to keep on our fur clothing.
2743	1797	1797	0.015193	1	For some days we had very little wind; it was not till the nineteenth that a brisk gale from the northwest sprang up.
2744	2073	2073	0.037295	1	An uncommon large whale, the body of which was larger than the ship itself, lay almost at the surface of the water, but 
2745	232	232	0.049281	1	We were thus placed in the most imminent danger, as this gigantic creature, setting up its back, raised the ship three f
2746	1888	1888	0.079509	1	The masts reeled, and the sails fell altogether, while we who were below all sprang instantly upon the deck, concluding 
2747	2073	2073	0.197975	1	Captain D’Wolf applied immediately to the pumps to examine whether or not the vessel had received any damage from the sh
2748	2265	2265	0.684887	1	I have the honor of being a nephew of his.
2749	1888	1888	0.031012	1	I have particularly questioned him concerning this passage in Langsdorff.
2750	1888	1888	0.001661	1	The ship, however, was by no means a large one: a Russian craft built on the Siberian coast, and purchased by my uncle a
2751	541	541	0.046328	1	In that up and down manly book of old-fashioned adventure, so full, too, of honest wonders—the voyage of Lionel Wafer, o
2752	1178	1178	0.294508	1	Lionel, it seems, was on his way to “John Ferdinando,” as he calls the modern Juan Fernandes.
2753	2268	2268	0.769744	1	“In our way thither,” he says, “about four o’clock in the morning, when we were about one hundred and fifty leagues from
2754	1790	1790	0.122871	1	And, indeed, the shock was so sudden and violent, that we took it for granted the ship had struck against a rock; but wh
2755	1888	1888	0.161757	1	* * * * * The suddenness of the shock made the guns leap in their carriages, and several of the men were shaken out of t
2756	8	8	0.205431	1	Captain Davis, who lay with his head on a gun, was thrown out of his cabin!” Lionel then goes on to impute the shock to 
2757	870	870	0.108207	1	But I should not much wonder if, in the darkness of that early hour of the morning, the shock was after all caused by an
2758	2286	2286	1.014747	1	I might proceed with several more examples, one way or another known to me, of the great power and malice at times of th
2759	620	620	0.364563	1	In more than one instance, he has been known, not only to chase the assailing boats back to their ships, but to pursue t
2760	442	442	0.267457	1	The English ship Pusie Hall can tell a story on that head; and, as for his strength, let me say, that there have been ex
2761	8	8	0.384918	1	Again, it is very often observed that, if the sperm whale, once struck, is allowed time to rally, he then acts, not so o
2762	746	746	0.544998	1	But I must be content with only one more and a concluding illustration; a remarkable and most significant one, by which 
2763	548	548	0.325950	1	In the sixth Christian century lived Procopius, a Christian magistrate of Constantinople, in the days when Justinian was
2764	102	102	0.155186	1	As many know, he wrote the history of his own times, a work every way of uncommon value.
2765	746	746	0.005973	1	By the best authorities, he has always been considered a most trustworthy and unexaggerating historian, except in some o
2766	2073	2073	0.306884	1	Now, in this history of his, Procopius mentions that, during the term of his prefecture at Constantinople, a great sea-m
2767	1594	1594	0.091638	1	A fact thus set down in substantial history cannot easily be gainsaid.
2768	62	62	0.084481	1	Nor is there any reason it should be.
2769	2031	2031	0.246333	1	Of what precise species this sea-monster was, is not mentioned.
2770	1594	1594	0.227788	1	But as he destroyed ships, as well as for other reasons, he must have been a whale; and I am strongly inclined to think 
2771	1888	1888	0.235837	1	And I will tell you why.
2772	1797	1797	0.284115	1	For a long time I fancied that the sperm whale had been always unknown in the Mediterranean and the deep waters connecti
2773	2761	2761	0.183374	1	Even now I am certain that those seas are not, and perhaps never can be, in the present constitution of things, a place 
2774	909	909	0.012394	1	But further investigations have recently proved to me, that in modern times there have been isolated instances of the pr
2775	2528	2528	0.122965	1	I am told, on good authority, that on the Barbary coast, a Commodore Davis of the British navy found the skeleton of a s
2776	1594	1594	0.536849	1	Now, as a vessel of war readily passes through the Dardanelles, hence a sperm whale could, by the same route, pass out o
2777	1888	1888	0.124045	1	In the Propontis, as far as I can learn, none of that peculiar substance called _brit_ is to be found, the aliment of th
2778	2469	2469	0.252924	1	But I have every reason to believe that the food of the sperm whale—squid or cuttle-fish—lurks at the bottom of that sea
2779	1151	1151	0.414899	1	If, then, you properly put these statements together, and reason upon them a bit, you will clearly perceive that, accord
2780	405	405	0.489614	1	Though, consumed with the hot fire of his purpose, Ahab in all his thoughts and actions ever had in view the ultimate ca
2781	1888	1888	0.260144	1	Or at least if this were otherwise, there were not wanting other motives much more influential with him.
2782	2073	2073	0.369828	1	It would be refining too much, perhaps, even considering his monomania, to hint that his vindictiveness towards the Whit
2783	1678	1678	0.012374	1	But if such an hypothesis be indeed exceptionable, there were still additional considerations which, though not so stric
2784	2661	2661	0.299098	1	To accomplish his object Ahab must use tools; and of all tools used in the shadow of the moon, men are most apt to get o
2785	429	429	0.036589	1	He knew, for example, that however magnetic his ascendency in some respects was over Starbuck, yet that ascendency did n
2786	1888	1888	0.190342	1	Starbuck’s body and Starbuck’s coerced will were Ahab’s, so long as Ahab kept his magnet at Starbuck’s brain; still he k
2787	2874	2874	0.555501	1	It might be that a long interval would elapse ere the White Whale was seen.
2788	1275	1275	0.213736	1	During that long interval Starbuck would ever be apt to fall into open relapses of rebellion against his captain’s leade
2789	1594	1594	0.202833	1	Not only that, but the subtle insanity of Ahab respecting Moby Dick was noways more significantly manifested than in his
2790	2026	2026	0.046901	1	For however eagerly and impetuously the savage crew had hailed the announcement of his quest; yet all sailors of all sor
2791	62	62	0.114477	1	Nor was Ahab unmindful of another thing.
2792	2711	2711	0.506045	1	In times of strong emotion mankind disdain all base considerations; but such times are evanescent.
2793	2874	2874	0.669213	1	The permanent constitutional condition of the manufactured man, thought Ahab, is sordidness.
2794	2989	2989	0.139641	1	Granting that the White Whale fully incites the hearts of this my savage crew, and playing round their savageness even b
2795	559	559	0.160759	1	For even the high lifted and chivalric Crusaders of old times were not content to traverse two thousand miles of land to
2796	1194	1194	0.030893	1	Had they been strictly held to their one final and romantic object—that final and romantic object, too many would have t
2797	2029	2029	0.374054	1	I will not strip these men, thought Ahab, of all hopes of cash—aye, cash.
2798	1790	1790	0.029737	1	They may scorn cash now; but let some months go by, and no perspective promise of it to them, and then this same quiesce
2799	62	62	0.114476	1	Nor was there wanting still another precautionary motive more related to Ahab personally.
2800	2098	2098	1.198076	1	Having impulsively, it is probable, and perhaps somewhat prematurely revealed the prime but private purpose of the Pequo
2801	3055	3055	0.728944	1	From even the barely hinted imputation of usurpation, and the possible consequences of such a suppressed impression gain
2802	2133	2133	0.329489	1	That protection could only consist in his own predominating brain and heart and hand, backed by a heedful, closely calcu
2803	1098	1098	0.045592	1	For all these reasons then, and others perhaps too analytic to be verbally developed here, Ahab plainly saw that he must
2804	2761	2761	0.474036	1	Be all this as it may, his voice was now often heard hailing the three mast-heads and admonishing them to keep a bright 
2805	1888	1888	0.139457	1	This vigilance was not long without reward.
2806	2874	2874	0.256166	1	It was a cloudy, sultry afternoon; the seamen were lazily lounging about the decks, or vacantly gazing over into the lea
2807	1888	1888	0.199573	1	Queequeg and I were mildly employed weaving what is called a sword-mat, for an additional lashing to our boat.
2808	2503	2503	0.442359	1	So still and subdued and yet somehow preluding was all the scene, and such an incantation of reverie lurked in the air, 
2809	2761	2761	0.221831	1	I was the attendant or page of Queequeg, while busy at the mat.
2810	2898	2898	0.005029	1	As I kept passing and repassing the filling or woof of marline between the long yarns of the warp, using my own hand for
2811	217	217	0.104894	1	There lay the fixed threads of the warp subject to but one single, ever returning, unchanging vibration, and that vibrat
2812	2315	2315	0.123400	1	This warp seemed necessity; and here, thought I, with my own hand I ply my own shuttle and weave my own destiny into the
2813	1594	1594	0.294318	1	Meantime, Queequeg’s impulsive, indifferent sword, sometimes hitting the woof slantingly, or crookedly, or strongly, or 
2814	2073	2073	0.295071	1	The straight warp of necessity, not to be swerved from its ultimate course—its every alternating vibration, indeed, only
2815	1594	1594	0.060826	1	Thus we were weaving and weaving away when I started at a sound so strange, long drawn, and musically wild and unearthly
2816	1710	1710	0.075658	1	High aloft in the cross-trees was that mad Gay-Header, Tashtego.
2817	1888	1888	0.525621	1	His body was reaching eagerly forward, his hand stretched out like a wand, and at brief sudden intervals he continued hi
2818	1718	1718	0.513085	1	To be sure the same sound was that very moment perhaps being heard all over the seas, from hundreds of whalemen’s look-o
2819	666	666	0.695692	1	As he stood hovering over you half suspended in air, so wildly and eagerly peering towards the horizon, you would have t
2820	2528	2528	0.386634	1	she blows!” “Where-away?” “On the lee-beam, about two miles off!
2821	8	8	0.091085	1	a school of them!” Instantly all was commotion.
2822	1888	1888	0.069919	1	The Sperm Whale blows as a clock ticks, with the same undeviating and reliable uniformity.
2823	1710	1710	0.052771	1	And thereby whalemen distinguish this fish from other tribes of his genus.
2824	688	688	0.278966	1	“There go flukes!” was now the cry from Tashtego; and the whales disappeared.
2825	1888	1888	0.020620	1	time!” Dough-Boy hurried below, glanced at the watch, and reported the exact minute to Ahab.
2826	1888	1888	0.029899	1	The ship was now kept away from the wind, and she went gently rolling before it.
2827	2044	2044	0.058990	1	Tashtego reporting that the whales had gone down heading to leeward, we confidently looked to see them again directly in
2828	3055	3055	0.283803	1	For that singular craft at times evinced by the Sperm Whale when, sounding with his head in one direction, he neverthele
2829	1888	1888	0.131741	1	One of the men selected for shipkeepers—that is, those not appointed to the boats, by this time relieved the Indian at t
2830	2874	2874	0.188208	1	The sailors at the fore and mizzen had come down; the line tubs were fixed in their places; the cranes were thrust out; 
2831	746	746	0.228566	1	Outside of the bulwarks their eager crews with one hand clung to the rail, while one foot was expectantly poised on the 
2832	8	8	0.192210	1	So look the long line of man-of-war’s men about to throw themselves on board an enemy’s ship.
2833	1888	1888	0.268490	1	But at this critical instant a sudden exclamation was heard that took every eye from the whale.
2834	2874	2874	0.269538	1	With a start all glared at dark Ahab, who was surrounded by five dusky phantoms that seemed fresh formed out of air.
2835	2073	2073	0.041641	1	The phantoms, for so they then seemed, were flitting on the other side of the deck, and, with a noiseless celerity, were
2836	1479	1479	0.110179	1	This boat had always been deemed one of the spare boats, though technically called the captain’s, on account of its hang
2837	1594	1594	0.768578	1	The figure that now stood by its bows was tall and swart, with one white tooth evilly protruding from its steel-like lip
2838	1594	1594	0.676142	1	A rumpled Chinese jacket of black cotton funereally invested him, with wide black trowsers of the same dark stuff.
2839	541	541	0.012303	1	But strangely crowning this ebonness was a glistening white plaited turban, the living hair braided and coiled round and
2840	2073	2073	0.190133	1	Less swart in aspect, the companions of this figure were of that vivid, tiger-yellow complexion peculiar to some of the 
2841	688	688	0.050557	1	While yet the wondering ship’s company were gazing upon these strangers, Ahab cried out to the white-turbaned old man at
2842	2874	2874	0.012376	1	“Lower away then; d’ye hear?” shouting across the deck.
2843	2874	2874	0.056413	1	“Lower away there, I say.” Such was the thunder of his voice, that spite of their amazement the men sprang over the rail
2844	1402	1402	0.057082	1	Hardly had they pulled out from under the ship’s lee, when a fourth keel, coming from the windward side, pulled round un
2845	2073	2073	0.423698	1	But with all their eyes again riveted upon the swart Fedallah and his crew, the inmates of the other boats obeyed not th
2846	688	688	0.297103	1	“Spread yourselves,” cried Ahab; “give way, all four boats.
2847	2874	2874	0.788459	1	Thou, Flask, pull out more to leeward!” “Aye, aye, sir,” cheerily cried little King-Post, sweeping round his great steer
2848	2607	2607	0.075191	1	“Lay back!” addressing his crew.
2849	1102	1102	0.160518	1	There she blows right ahead, boys!—lay back!” “Never heed yonder yellow boys, Archy.” “Oh, I don’t mind ’em, sir,” said 
2850	8	8	0.237822	1	Didn’t I hear ’em in the hold?
2851	8	8	0.321688	1	And didn’t I tell Cabaco here of it?
2852	2659	2659	0.198324	1	They are stowaways, Mr. Flask.” “Pull, pull, my fine hearts-alive; pull, my children; pull, my little ones,” drawlingly 
2853	8	8	0.014139	1	“Why don’t you break your backbones, my boys?
2854	1888	1888	0.475698	1	What is it you stare at?
2855	2874	2874	0.298344	1	Those chaps in yonder boat?
2856	2315	2315	0.419694	1	They are only five more hands come to help us—never mind from where—the more the merrier.
2857	1888	1888	0.450975	1	Pull, then, do pull; never mind the brimstone—devils are good fellows enough.
2858	8	8	0.134751	1	So, so; there you are now; that’s the stroke for a thousand pounds; that’s the stroke to sweep the stakes!
2859	1888	1888	0.607290	1	Hurrah for the gold cup of sperm oil, my heroes!
2860	1888	1888	0.733386	1	Three cheers, men—all hearts alive!
2861	2659	2659	0.031728	1	Easy, easy; don’t be in a hurry—don’t be in a hurry.
2862	8	8	0.073348	1	Why don’t you snap your oars, you rascals?
2863	1738	1738	0.077516	1	So, so, so, then:—softly, softly!
2864	1738	1738	0.209568	1	Give way there, give way!
2865	1888	1888	0.239610	1	The devil fetch ye, ye ragamuffin rapscallions; ye are all asleep.
2866	1821	1821	0.104539	1	Stop snoring, ye sleepers, and pull.
2867	8	8	0.968465	1	Why in the name of gudgeons and ginger-cakes don’t ye pull?—pull and break something!
2868	292	292	0.189423	1	pull, and start your eyes out!
2869	2215	2215	0.096202	1	Here!” whipping out the sharp knife from his girdle; “every mother’s son of ye draw his knife, and pull with the blade b
2870	690	690	0.544815	1	Now ye do something; that looks like it, my steel-bits.
2871	1319	1319	0.002058	1	Start her—start her, my silver-spoons!
2872	1790	1790	0.253568	1	Start her, marling-spikes!” Stubb’s exordium to his crew is given here at large, because he had rather a peculiar way of
2873	1131	1131	0.276704	1	But you must not suppose from this specimen of his sermonizings that he ever flew into downright passions with his congr
2874	550	550	0.943048	1	Not at all; and therein consisted his chief peculiarity.
2875	2874	2874	0.197441	1	He would say the most terrific things to his crew, in a tone so strangely compounded of fun and fury, and the fury seeme
2876	1581	1581	0.138648	1	Besides he all the time looked so easy and indolent himself, so loungingly managed his steering-oar, and so broadly gape
2877	2219	2219	0.112022	1	Then again, Stubb was one of those odd sort of humorists, whose jollity is sometimes so curiously ambiguous, as to put a
2878	2514	2514	0.086322	1	In obedience to a sign from Ahab, Starbuck was now pulling obliquely across Stubb’s bow; and when for a minute or so the
2879	1278	1278	0.070066	1	a word with ye, sir, if ye please!” “Halloa!” returned Starbuck, turning round not a single inch as he spoke; still earn
2880	688	688	0.406967	1	“What think ye of those yellow boys, sir!” “Smuggled on board, somehow, before the ship sailed.
2881	1790	1790	0.042238	1	)” in a whisper to his crew, then speaking out loud again: “A sad business, Mr. Stubb!
2882	2807	2807	0.415754	1	(seethe her, seethe her, my lads!)
2883	1654	1654	0.553613	1	but never mind, Mr. Stubb, all for the best.
2884	949	949	0.537535	1	Let all your crew pull strong, come what will.
2885	8	8	0.111578	1	There’s hogsheads of sperm ahead, Mr. Stubb, and that’s what ye came for.
2886	1200	1200	0.033228	1	This at least is duty; duty and profit hand in hand.” “Aye, aye, I thought as much,” soliloquized Stubb, when the boats 
2887	8	8	0.040407	1	Aye, and that’s what he went into the after hold for, so often, as Dough-Boy long suspected.
2888	273	273	0.535237	1	They were hidden down there.
2889	1888	1888	0.050697	1	The White Whale’s at the bottom of it.
2890	1843	1843	0.952319	1	Well, well, so be it!
2891	8	8	0.308724	1	It ain’t the White Whale to-day!
2892	2162	2162	0.004946	1	Give way!” Now the advent of these outlandish strangers at such a critical instant as the lowering of the boats from the
2893	2019	2019	0.803161	1	It took off the extreme edge of their wonder; and so what with all this and Stubb’s confident way of accounting for thei
2894	870	870	0.455801	1	For me, I silently recalled the mysterious shadows I had seen creeping on board the Pequod during the dim Nantucket dawn
2895	1430	1430	0.026094	1	Meantime, Ahab, out of hearing of his officers, having sided the furthest to windward, was still ranging ahead of the ot
2896	2659	2659	0.474073	1	Those tiger yellow creatures of his seemed all steel and whalebone; like five trip-hammers they rose and fell with regul
2897	2073	2073	0.017656	1	As for Fedallah, who was seen pulling the harpooneer oar, he had thrown aside his black jacket, and displayed his naked 
2898	2874	2874	0.621376	1	All at once the outstretched arm gave a peculiar motion and then remained fixed, while the boat’s five oars were seen si
2899	1888	1888	0.192317	1	Boat and crew sat motionless on the sea.
2900	1888	1888	1.095913	1	Instantly the three spread boats in the rear paused on their way.
2901	1594	1594	0.575281	1	The whales had irregularly settled bodily down into the blue, thus giving no distantly discernible token of the movement
2902	2874	2874	0.170298	1	“Every man look out along his oars!” cried Starbuck.
2903	2073	2073	0.291371	1	“Thou, Queequeg, stand up!” Nimbly springing up on the triangular raised box in the bow, the savage stood erect there, a
2904	1594	1594	0.232933	1	Likewise upon the extreme stern of the boat where it was also triangularly platformed level with the gunwale, Starbuck h
2905	2073	2073	0.674298	1	Not very far distant Flask’s boat was also lying breathlessly still; its commander recklessly standing upon the top of t
2906	1888	1888	0.426428	1	It is used for catching turns with the whale line.
2907	8	8	0.127842	1	Its top is not more spacious than the palm of a man’s hand, and standing upon such a base as that, Flask seemed perched 
2908	1790	1790	0.028876	1	But little King-Post was small and short, and at the same time little King-Post was full of a large and tall ambition, s
2909	2874	2874	0.069754	1	“I can’t see three seas off; tip us up an oar there, and let me on to that.” Upon this, Daggoo, with either hand upon th
2910	1888	1888	0.174083	1	“Good a mast-head as any, sir.
2911	2073	2073	0.023976	1	Will you mount?” “That I will, and thank ye very much, my fine fellow; only I wish you fifty feet taller.” Whereupon pla
2912	1790	1790	0.024983	1	And here was Flask now standing, Daggoo with one lifted arm furnishing him with a breastband to lean against and steady 
2913	2311	2311	0.173288	1	At any time it is a strange sight to the tyro to see with what wondrous habitude of unconscious skill the whaleman will 
2914	313	313	0.040183	1	Still more strange to see him giddily perched upon the loggerhead itself, under such circumstances.
2915	1054	1054	0.079278	1	But the sight of little Flask mounted upon gigantic Daggoo was yet more curious; for sustaining himself with a cool, ind
2916	2270	2270	0.090850	1	On his broad back, flaxen-haired Flask seemed a snow-flake.
2917	1888	1888	0.031030	1	The bearer looked nobler than the rider.
2918	541	541	0.357760	1	Though truly vivacious, tumultuous, ostentatious little Flask would now and then stamp with impatience; but not one adde
2919	2073	2073	0.147808	1	So have I seen Passion and Vanity stamping the living magnanimous earth, but the earth did not alter her tides and her s
2920	1937	1937	0.103004	1	Meanwhile Stubb, the third mate, betrayed no such far-gazing solicitudes.
2921	178	178	0.199192	1	The whales might have made one of their regular soundings, not a temporary dive from mere fright; and if that were the c
2922	1888	1888	0.132599	1	He withdrew it from his hatband, where he always wore it aslant like a feather.
2923	232	232	0.139502	1	He loaded it, and rammed home the loading with his thumb-end; but hardly had he ignited his match across the rough sandp
2924	2874	2874	0.271609	1	The air around suddenly vibrated and tingled, as it were, like the air over intensely heated plates of iron.
2925	2659	2659	0.546977	1	Beneath this atmospheric waving and curling, and partially beneath a thin layer of water, also, the whales were swimming
2926	2552	2552	0.110108	1	Seen in advance of all the other indications, the puffs of vapor they spouted, seemed their forerunning couriers and det
2927	2659	2659	0.431092	1	All four boats were now in keen pursuit of that one spot of troubled water and air.
2928	2874	2874	1.224179	1	But it bade fair to outstrip them; it flew on and on, as a mass of interblending bubbles borne down a rapid stream from 
2929	2874	2874	0.103449	1	“Pull, pull, my good boys,” said Starbuck, in the lowest possible but intensest concentrated whisper to his men; while t
2930	690	690	0.275444	1	He did not say much to his crew, though, nor did his crew say anything to him.
2931	1594	1594	0.084023	1	Only the silence of the boat was at intervals startlingly pierced by one of his peculiar whispers, now harsh with comman
2932	1888	1888	0.266527	1	How different the loud little King-Post.
2933	1888	1888	0.405097	1	“Sing out and say something, my hearties.
2934	690	690	0.073844	1	Roar and pull, my thunderbolts!
2935	1790	1790	0.124617	1	Beach me, beach me on their black backs, boys; only do that for me, and I’ll sign over to you my Martha’s Vineyard plant
2936	1888	1888	0.115599	1	Lay me on—lay me on!
2937	429	429	0.012761	1	but I shall go stark, staring mad!
2938	541	541	0.805217	1	see that white water!” And so shouting, he pulled his hat from his head, and stamped up and down on it; then picking it 
2939	688	688	0.091137	1	“Look at that chap now,” philosophically drawled Stubb, who, with his unlighted short pipe, mechanically retained betwee
2940	2073	2073	0.476186	1	yes, give him fits—that’s the very word—pitch fits into ’em.
2941	2073	2073	0.045611	1	Pudding for supper, you know;—merry’s the word.
2942	1098	1098	0.193241	1	But what the devil are you hurrying about?
2943	2898	2898	0.054582	1	Softly, softly, and steadily, my men.
2944	1821	1821	0.134458	1	Only pull, and keep pulling; nothing more.
2945	8	8	0.334435	1	Crack all your backbones, and bite your knives in two—that’s all.
2946	8	8	0.187294	1	Take it easy—why don’t ye take it easy, I say, and burst all your livers and lungs!” But what it was that inscrutable Ah
2947	935	935	0.049936	1	Only the infidel sharks in the audacious seas may give ear to such words, when, with tornado brow, and eyes of red murde
2948	1581	1581	0.200757	1	Meanwhile, all the boats tore on.
2949	688	688	0.162189	1	The repeated specific allusions of Flask to “that whale,” as he called the fictitious monster which he declared to be in
2950	2874	2874	0.433092	1	But this was against all rule; for the oarsmen must put out their eyes, and ram a skewer through their necks; usage pron
2951	298	298	0.097026	1	It was a sight full of quick wonder and awe!
2952	614	614	0.071870	1	The vast swells of the omnipotent sea; the surging, hollow roar they made, as they rolled along the eight gunwales, like
2953	1797	1797	0.023486	1	Not the raw recruit, marching from the bosom of his wife into the fever heat of his first battle; not the dead man’s gho
2954	1888	1888	0.149246	1	The dancing white water made by the chase was now becoming more and more visible, owing to the increasing darkness of th
2955	541	541	1.009993	1	The jets of vapor no longer blended, but tilted everywhere to right and left; the whales seemed separating their wakes.
2956	1275	1275	0.156317	1	The boats were pulled more apart; Starbuck giving chase to three whales running dead to leeward.
2957	2874	2874	0.228249	1	Our sail was now set, and, with the still rising wind, we rushed along; the boat going with such madness through the wat
2958	2659	2659	0.446227	1	Soon we were running through a suffusing wide veil of mist; neither ship nor boat to be seen.
2959	688	688	0.253213	1	“Give way, men,” whispered Starbuck, drawing still further aft the sheet of his sail; “there is time to kill a fish yet 
2960	8	8	0.595841	1	There’s white water again!—close to!
2961	688	688	0.062024	1	Spring!” Soon after, two cries in quick succession on each side of us denoted that the other boats had got fast; but har
2962	2874	2874	0.026275	1	Though not one of the oarsmen was then facing the life and death peril so close to them ahead, yet with their eyes on th
2963	779	779	0.071544	1	Meanwhile the boat was still booming through the mist, the waves curling and hissing around us like the erected crests o
2964	8	8	0.583714	1	_There_, _there_, give it to him!” whispered Starbuck.
2965	1869	1869	0.305744	1	A short rushing sound leaped out of the boat; it was the darted iron of Queequeg.
2966	2874	2874	0.162786	1	Then all in one welded commotion came an invisible push from astern, while forward the boat seemed striking on a ledge; 
2967	2807	2807	0.160888	1	The whole crew were half suffocated as they were tossed helter-skelter into the white curdling cream of the squall.
2968	1888	1888	0.149546	1	Squall, whale, and harpoon had all blended together; and the whale, merely grazed by the iron, escaped.
2969	1790	1790	0.071600	1	Though completely swamped, the boat was nearly unharmed.
2970	2874	2874	0.689382	1	Swimming round it we picked up the floating oars, and lashing them across the gunwale, tumbled back to our places.
2971	2979	2979	0.253762	1	There we sat up to our knees in the sea, the water covering every rib and plank, so that to our downward gazing eyes the
2972	1098	1098	0.220576	1	The wind increased to a howl; the waves dashed their bucklers together; the whole squall roared, forked, and crackled ar
2973	1888	1888	0.316562	1	In vain we hailed the other boats; as well roar to the live coals down the chimney of a flaming furnace as hail those bo
2974	99	99	0.064846	1	Meanwhile the driving scud, rack, and mist, grew darker with the shadows of night; no sign of the ship could be seen.
2975	2874	2874	0.690039	1	The rising sea forbade all attempts to bale out the boat.
2976	2874	2874	0.343354	1	The oars were useless as propellers, performing now the office of life-preservers.
2977	434	434	0.496903	1	So, cutting the lashing of the waterproof match keg, after many failures Starbuck contrived to ignite the lamp in the la
2978	434	434	0.055323	1	There, then, he sat, holding up that imbecile candle in the heart of that almighty forlornness.
2979	1594	1594	0.366772	1	There, then, he sat, the sign and symbol of a man without faith, hopelessly holding up hope in the midst of despair.
2980	2874	2874	0.136416	1	Wet, drenched through, and shivering cold, despairing of ship or boat, we lifted up our eyes as the dawn came on.
2981	1888	1888	0.433564	1	The mist still spread over the sea, the empty lantern lay crushed in the bottom of the boat.
2982	429	429	0.210431	1	Suddenly Queequeg started to his feet, hollowing his hand to his ear.
2983	38	38	0.270219	1	We all heard a faint creaking, as of ropes and yards hitherto muffled by the storm.
2984	2659	2659	0.190320	1	The sound came nearer and nearer; the thick mists were dimly parted by a huge, vague form.
2985	852	852	0.149574	1	Affrighted, we all sprang into the sea as the ship at last loomed into view, bearing right down upon us within a distanc
2986	2528	2528	0.374420	1	Floating on the waves we saw the abandoned boat, as for one instant it tossed and gaped beneath the ship’s bows like a c
2987	1594	1594	0.118364	1	Again we swam for it, were dashed against it by the seas, and were at last taken up and safely landed on board.
2988	2073	2073	0.108828	1	Ere the squall came close to, the other boats had cut loose from their fish and returned to the ship in good time.
2989	1594	1594	0.003984	1	The ship had given us up, but was still cruising, if haply it might light upon some token of our perishing,—an oar or a 
2990	1594	1594	0.518232	1	There are certain queer times and occasions in this strange mixed affair we call life when a man takes this whole univer
2991	2614	2614	0.466597	1	However, nothing dispirits, and nothing seems worth while disputing.
2992	2659	2659	0.144884	1	He bolts down all events, all creeds, and beliefs, and persuasions, all hard things visible and invisible, never mind ho
2993	1754	1754	0.348951	1	And as for small difficulties and worryings, prospects of sudden disaster, peril of life and limb; all these, and death 
2994	2073	2073	0.261144	1	That odd sort of wayward mood I am speaking of, comes over a man only in some time of extreme tribulation; it comes in t
2995	698	698	0.348983	1	There is nothing like the perils of whaling to breed this free and easy sort of genial, desperado philosophy; and with i
2996	2073	2073	0.502940	1	“Queequeg,” said I, when they had dragged me, the last man, to the deck, and I was still shaking myself in my jacket to 
2997	2215	2215	0.180933	1	Stubb,” said I, turning to that worthy, who, buttoned up in his oil-jacket, was now calmly smoking his pipe in the rain;
2998	1568	1568	0.036097	1	Stubb, I think I have heard you say that of all whalemen you ever met, our chief mate, Mr. Starbuck, is by far the most 
2999	2741	2741	0.113772	1	I suppose then, that going plump on a flying whale with your sail set in a foggy squall is the height of a whaleman’s di
3000	1888	1888	0.031550	1	I’ve lowered for whales from a leaking ship in a gale off Cape Horn.” “Mr.
3001	1098	1098	0.245698	1	Flask,” said I, turning to little King-Post, who was standing close by; “you are experienced in these things, and I am n
3002	2874	2874	0.293544	1	Will you tell me whether it is an unalterable law in this fishery, Mr. Flask, for an oarsman to break his own back pulli
3003	8	8	0.117870	1	I should like to see a boat’s crew backing water up to a whale face foremost.
3004	8	8	0.220876	1	the whale would give them squint for squint, mind that!” Here then, from three impartial witnesses, I had a deliberate s
3005	429	429	0.539389	1	Considering, therefore, that squalls and capsizings in the water and consequent bivouacks on the deep, were matters of c
3006	2073	2073	0.007818	1	“Queequeg,” said I, “come along, you shall be my lawyer, executor, and legatee.” It may seem strange that of all men sai
3007	2874	2874	0.165248	1	This was the fourth time in my nautical life that I had done the same thing.
3008	2073	2073	0.192784	1	After the ceremony was concluded upon the present occasion, I felt all the easier; a stone was rolled away from my heart
3009	2609	2609	0.172174	1	Besides, all the days I should now live would be as good as the days that Lazarus lived after his resurrection; a supple
3010	1888	1888	0.154004	1	I survived myself; my death and burial were locked up in my chest.
3011	2707	2707	0.154401	1	I looked round me tranquilly and contentedly, like a quiet ghost with a clean conscience sitting inside the bars of a sn
3012	2659	2659	0.245269	1	Now then, thought I, unconsciously rolling up the sleeves of my frock, here goes for a cool, collected dive at death and
3013	1102	1102	0.016573	1	“Who would have thought it, Flask!” cried Stubb; “if I had but one leg you would not catch me in a boat, unless maybe to
3014	2982	2982	0.192155	1	he’s a wonderful old man!” “I don’t think it so strange, after all, on that account,” said Flask.
3015	2073	2073	0.269193	1	“If his leg were off at the hip, now, it would be a different thing.
3016	2469	2469	0.057876	1	That would disable him; but he has one knee, and good part of the other left, you know.” “I don’t know that, my little m
3017	1888	1888	0.082661	1	So Tamerlane’s soldiers often argued with tears in their eyes, whether that invaluable life of his ought to be carried i
3018	2073	2073	0.540500	1	But with Ahab the question assumed a modified aspect.
3019	2761	2761	0.077560	1	Considering that with two legs man is but a hobbling wight in all times of danger; considering that the pursuit of whale
3020	1594	1594	1.348664	1	As a general thing, the joint-owners of the Pequod must have plainly thought not.
3021	2058	2058	0.323786	1	Ahab well knew that although his friends at home would think little of his entering a boat in certain comparatively harm
3022	2469	2469	0.069098	1	Therefore he had not solicited a boat’s crew from them, nor had he in any way hinted his desires on that head.
3023	1888	1888	0.848720	1	Nevertheless he had taken private measures of his own touching all that matter.
3024	1178	1178	0.083499	1	Until Cabaco’s published discovery, the sailors had little foreseen it, though to be sure when, after being a little whi
3025	746	746	0.203103	1	But almost everybody supposed that this particular preparative heedfulness in Ahab must only be with a view to the ultim
3026	8	8	0.000417	1	But such a supposition did by no means involve the remotest suspicion as to any boat’s crew being assigned to that boat.
3027	2874	2874	0.530978	1	Now, with the subordinate phantoms, what wonder remained soon waned away; for in a whaler wonders soon wane.
3028	2874	2874	0.058577	1	Besides, now and then such unaccountable odds and ends of strange nations come up from the unknown nooks and ash-holes o
3029	2073	2073	0.310238	1	But be all this as it may, certain it is that while the subordinate phantoms soon found their place among the crew, thou
3030	2874	2874	0.163784	1	Whence he came in a mannerly world like this, by what sort of unaccountable tie he soon evinced himself to be linked wit
3031	1888	1888	0.423236	1	But one cannot sustain an indifferent air concerning Fedallah.
3032	541	541	0.275263	1	He was such a creature as civilized, domestic people in the temperate zone only see in their dreams, and that but dimly;
3033	2659	2659	1.546652	1	Days, weeks passed, and under easy sail, the ivory Pequod had slowly swept across four several cruising-grounds; that of
3034	1640	1640	0.116728	1	It was while gliding through these latter waters that one serene and moonlight night, when all the waves rolled by like 
3035	1888	1888	0.121177	1	Lit up by the moon, it looked celestial; seemed some plumed and glittering god uprising from the sea.
3036	1888	1888	0.789093	1	Fedallah first descried this jet.
3037	1098	1098	0.255238	1	For of these moonlight nights, it was his wont to mount to the main-mast head, and stand a look-out there, with the same
3038	1997	1997	0.110322	1	And yet, though herds of whales were seen by night, not one whaleman in a hundred would venture a lowering for them.
3039	2215	2215	0.538794	1	You may think with what emotions, then, the seamen beheld this old Oriental perched aloft at such unusual hours; his tur
3040	1278	1278	0.194052	1	But when, after spending his uniform interval there for several successive nights without uttering a single sound; when,
3041	688	688	0.677738	1	“There she blows!” Had the trump of judgment blown, they could not have quivered more; yet still they felt no terror; ra
3042	1594	1594	0.071549	1	For though it was a most unwonted hour, yet so impressive was the cry, and so deliriously exciting, that almost every so
3043	1790	1790	0.094939	1	Walking the deck with quick, side-lunging strides, Ahab commanded the t’gallant sails and royals to be set, and every st
3044	1888	1888	0.484911	1	The best man in the ship must take the helm.
3045	1789	1789	0.096228	1	Then, with every mast-head manned, the piled-up craft rolled down before the wind.
3046	771	771	0.461564	1	The strange, upheaving, lifting tendency of the taffrail breeze filling the hollows of so many sails, made the buoyant, 
3047	184	184	0.222274	1	And had you watched Ahab’s face that night, you would have thought that in him also two different things were warring.
3048	2073	2073	0.513168	1	While his one live leg made lively echoes along the deck, every stroke of his dead limb sounded like a coffin-tap.
3049	1888	1888	0.411000	1	On life and death this old man walked.
3050	1678	1678	0.193163	1	But though the ship so swiftly sped, and though from every eye, like arrows, the eager glances shot, yet the silvery jet
3051	1278	1278	0.814001	1	Every sailor swore he saw it once, but not a second time.
3052	1888	1888	0.159525	1	This midnight-spout had almost grown a forgotten thing, when, some days after, lo!
3053	2073	2073	0.120253	1	at the same silent hour, it was again announced: again it was descried by all; but upon making sail to overtake it, once
3054	541	541	0.232745	1	And so it served us night after night, till no one heeded it but to wonder at it.
3055	2659	2659	0.768000	1	Mysteriously jetted into the clear moonlight, or starlight, as the case might be; disappearing again for one whole day, 
3056	541	541	0.376862	1	Nor with the immemorial superstition of their race, and in accordance with the preternaturalness, as it seemed, which in
3057	2659	2659	0.682237	1	For a time, there reigned, too, a sense of peculiar dread at this flitting apparition, as if it were treacherously becko
3058	1594	1594	0.059341	1	These temporary apprehensions, so vague but so awful, derived a wondrous potency from the contrasting serenity of the we
3059	73	73	0.107038	1	But, at last, when turning to the eastward, the Cape winds began howling around us, and we rose and fell upon the long, 
3060	548	548	0.377124	1	Close to our bows, strange forms in the water darted hither and thither before us; while thick in our rear flew the insc
3061	664	664	0.089137	1	And every morning, perched on our stays, rows of these birds were seen; and spite of our hootings, for a long time obsti
3062	2133	2133	0.124977	1	And heaved and heaved, still unrestingly heaved the black sea, as if its vast tides were a conscience; and the great mun
3063	1888	1888	0.653479	1	Cape of Good Hope, do they call ye?
3064	1790	1790	0.161749	1	Rather Cape Tormentoso, as called of yore; for long allured by the perfidious silences that before had attended us, we f
3065	1738	1738	0.147038	1	But calm, snow-white, and unvarying; still directing its fountain of feathers to the sky; still beckoning us on from bef
3066	2467	2467	0.115903	1	During all this blackness of the elements, Ahab, though assuming for the time the almost continual command of the drench
3067	1128	1128	0.471390	1	In tempestuous times like these, after everything above and aloft has been secured, nothing more can be done but passive
3068	427	427	0.063188	1	Then Captain and crew become practical fatalists.
3069	2659	2659	0.436954	1	So, with his ivory leg inserted into its accustomed hole, and with one hand firmly grasping a shroud, Ahab for hours and
3070	1594	1594	0.091719	1	Meantime, the crew driven from the forward part of the ship by the perilous seas that burstingly broke over its bows, st
3071	541	541	0.083144	1	Few or no words were spoken; and the silent ship, as if manned by painted sailors in wax, day after day tore on through 
3072	1791	1791	0.170907	1	By night the same muteness of humanity before the shrieks of the ocean prevailed; still in silence the men swung in the 
3073	1678	1678	0.636013	1	Even when wearied nature seemed demanding repose he would not seek that repose in his hammock.
3074	8	8	0.340671	1	Never could Starbuck forget the old man’s aspect, when one night going down into the cabin to mark how the barometer sto
3075	548	548	0.581867	1	On the table beside him lay unrolled one of those charts of tides and currents which have previously been spoken of.
3076	1594	1594	0.145668	1	His lantern swung from his tightly clenched hand.
3077	1147	1147	0.109496	1	Though the body was erect, the head was thrown back so that the closed eyes were pointed towards the needle of the tell-
3078	124	124	0.108252	1	* *The cabin-compass is called the tell-tale, because without going to the compass at the helm, the Captain, while below
3079	1888	1888	0.021423	1	thought Starbuck with a shudder, sleeping in this gale, still thou steadfastly eyest thy purpose.
3080	45	45	0.182029	1	South-eastward from the Cape, off the distant Crozetts, a good cruising ground for Right Whalemen, a sail loomed ahead, 
3081	2073	2073	0.206119	1	As she slowly drew nigh, from my lofty perch at the fore-mast-head, I had a good view of that sight so remarkable to a t
3082	664	664	0.657017	1	As if the waves had been fullers, this craft was bleached like the skeleton of a stranded walrus.
3083	1970	1970	0.112615	1	All down her sides, this spectral appearance was traced with long channels of reddened rust, while all her spars and her
3084	1399	1399	0.158231	1	Only her lower sails were set.
3085	1888	1888	0.594455	1	A wild sight it was to see her long-bearded look-outs at those three mast-heads.
3086	1790	1790	0.052605	1	They seemed clad in the skins of beasts, so torn and bepatched the raiment that had survived nearly four years of cruisi
3087	1278	1278	0.062415	1	Standing in iron hoops nailed to the mast, they swayed and swung over a fathomless sea; and though, when the ship slowly
3088	2073	2073	0.210990	1	Have ye seen the White Whale?” But as the strange captain, leaning over the pallid bulwarks, was in the act of putting h
3089	1888	1888	0.540260	1	Meantime his ship was still increasing the distance between.
3090	2115	2115	0.086064	1	While in various silent ways the seamen of the Pequod were evincing their observance of this ominous incident at the fir
3091	1131	1131	0.288497	1	But taking advantage of his windward position, he again seized his trumpet, and knowing by her aspect that the stranger 
3092	3052	3052	0.053605	1	This is the Pequod, bound round the world!
3093	1918	1918	0.094652	1	Tell them to address all future letters to the Pacific ocean!
3094	2467	2467	0.159632	1	and this time three years, if I am not at home, tell them to address them to ——” At that moment the two wakes were fairl
3095	1594	1594	0.164796	1	Though in the course of his continual voyagings Ahab must often before have noticed a similar sight, yet, to any monoman
3096	548	548	0.289570	1	“Swim away from me, do ye?” murmured Ahab, gazing over into the water.
3097	2133	2133	0.578268	1	There seemed but little in the words, but the tone conveyed more of deep helpless sadness than the insane old man had ev
3098	2373	2373	0.390725	1	But turning to the steersman, who thus far had been holding the ship in the wind to diminish her headway, he cried out i
3099	8	8	0.017737	1	Keep her off round the world!” Round the world!
3100	1384	1384	0.185851	1	There is much in that sound to inspire proud feelings; but whereto does all that circumnavigation conduct?
3101	1888	1888	0.075913	1	Only through numberless perils to the very point whence we started, where those that we left behind secure, were all the
3102	429	429	0.286413	1	Were this world an endless plain, and by sailing eastward we could for ever reach new distances, and discover sights mor
3103	2223	2223	0.273715	1	But in pursuit of those far mysteries we dream of, or in tormented chase of that demon phantom that, some time or other,
3104	1120	1120	0.089242	1	The ostensible reason why Ahab did not go on board of the whaler we had spoken was this: the wind and sea betokened stor
3105	1678	1678	0.784898	1	But even had this not been the case, he would not after all, perhaps, have boarded her—judging by his subsequent conduct
3106	1594	1594	0.381307	1	For, as it eventually turned out, he cared not to consort, even for five minutes, with any stranger captain, except he c
3107	1594	1594	0.144367	1	But all this might remain inadequately estimated, were not something said here of the peculiar usages of whaling-vessels
3108	1594	1594	0.536265	1	If two strangers crossing the Pine Barrens in New York State, or the equally desolate Salisbury Plain in England; if cas
3109	674	674	0.106869	1	And especially would this seem to be a matter of course, in the case of vessels owned in one seaport, and whose captains
3110	2742	2742	0.213031	1	For the long absent ship, the outward-bounder, perhaps, has letters on board; at any rate, she will be sure to let her h
3111	2793	2793	0.084751	1	And in return for that courtesy, the outward-bound ship would receive the latest whaling intelligence from the cruising-
3112	8	8	0.034274	1	And in degree, all this will hold true concerning whaling vessels crossing each other’s track on the cruising-ground its
3113	1797	1797	0.181360	1	For one of them may have received a transfer of letters from some third, and now far remote vessel; and some of those le
3114	698	698	0.620915	1	Besides, they would exchange the whaling news, and have an agreeable chat.
3115	1581	1581	0.021136	1	For not only would they meet with all the sympathies of sailors, but likewise with all the peculiar congenialities arisi
3116	1888	1888	0.176991	1	Nor would difference of country make any very essential difference; that is, so long as both parties speak one language,
3117	1796	1796	0.060259	1	Though, to be sure, from the small number of English whalers, such meetings do not very often occur, and when they do oc
3118	1997	1997	0.016743	1	Besides, the English whalers sometimes affect a kind of metropolitan superiority over the American whalers; regarding th
3119	1594	1594	0.127378	1	But where this superiority in the English whalemen does really consist, it would be hard to say, seeing that the Yankees
3120	2073	2073	0.124482	1	But this is a harmless little foible in the English whale-hunters, which the Nantucketer does not take much to heart; pr
3121	2661	2661	0.018726	1	So, then, we see that of all ships separately sailing the sea, the whalers have most reason to be sociable—and they are 
3122	1581	1581	0.082198	1	Whereas, some merchant ships crossing each other’s wake in the mid-Atlantic, will oftentimes pass on without so much as 
3123	2874	2874	0.168355	1	As for Men-of-War, when they chance to meet at sea, they first go through such a string of silly bowings and scrapings, 
3124	2720	2720	0.241382	1	As touching Slave-ships meeting, why, they are in such a prodigious hurry, they run away from each other as soon as poss
3125	2073	2073	0.125617	1	And as for Pirates, when they chance to cross each other’s cross-bones, the first hail is—“How many skulls?”—the same wa
3126	2292	2292	0.032408	1	But look at the godly, honest, unostentatious, hospitable, sociable, free-and-easy whaler!
3127	2807	2807	0.148807	1	What does the whaler do when she meets another whaler in any sort of decent weather?
3128	1405	1405	0.116205	1	She has a “_Gam_,” a thing so utterly unknown to all other ships that they never heard of the name even; and if by chanc
3129	1819	1819	0.268255	1	Why it is that all Merchant-seamen, and also all Pirates and Man-of-War’s men, and Slave-ship sailors, cherish such a sc
3130	1109	1109	0.381602	1	Because, in the case of pirates, say, I should like to know whether that profession of theirs has any peculiar glory abo
3131	1888	1888	0.221554	1	It sometimes ends in uncommon elevation, indeed; but only at the gallows.
3132	1678	1678	0.440096	1	And besides, when a man is elevated in that odd fashion, he has no proper foundation for his superior altitude.
3133	1888	1888	0.148241	1	Hence, I conclude, that in boasting himself to be high lifted above a whaleman, in that assertion the pirate has no soli
3134	541	541	0.790638	1	But what is a _Gam?_ You might wear out your index-finger running up and down the columns of dictionaries, and never fin
3135	2363	2363	0.094515	1	Dr. Johnson never attained to that erudition; Noah Webster’s ark does not hold it.
3136	1888	1888	0.392624	1	Nevertheless, this same expressive word has now for many years been in constant use among some fifteen thousand true bor
3137	1888	1888	0.236159	1	Certainly, it needs a definition, and should be incorporated into the Lexicon.
3138	1594	1594	0.259619	1	With that view, let me learnedly define it.
3139	2073	2073	0.253046	1	NOUN—_A social meeting of two_ (_or more_) _Whaleships, generally on a cruising-ground; when, after exchanging hails, th
3140	2599	2599	0.151742	1	All professions have their own little peculiarities of detail; so has the whale fishery.
3141	1888	1888	0.183708	1	In a pirate, man-of-war, or slave ship, when the captain is rowed anywhere in his boat, he always sits in the stern shee
3142	2887	2887	0.197372	1	But the whale-boat has no seat astern, no sofa of that sort whatever, and no tiller at all.
3143	1888	1888	0.268501	1	High times indeed, if whaling captains were wheeled about the water on castors like gouty old aldermen in patent chairs.
3144	73	73	0.247435	1	And as for a tiller, the whale-boat never admits of any such effeminacy; and therefore as in gamming a complete boat’s c
3145	2073	2073	0.524993	1	And often you will notice that being conscious of the eyes of the whole visible world resting on him from the sides of t
3146	541	541	0.456930	1	Nor is this any very easy matter; for in his rear is the immense projecting steering oar hitting him now and then in the
3147	1054	1054	0.361227	1	He is thus completely wedged before and behind, and can only expand himself sideways by settling down on his stretched l
3148	1888	1888	0.140271	1	Merely make a spread angle of two poles, and you cannot stand them up.
3149	1857	1857	0.235395	1	Then, again, it would never do in plain sight of the world’s riveted eyes, it would never do, I say, for this straddling
3150	2874	2874	0.150088	1	Nevertheless there have occurred instances, well authenticated ones too, where the captain has been known for an uncommo
3151	1662	1662	0.015274	1	(_As told at the Golden Inn._) The Cape of Good Hope, and all the watery region round about there, is much like some not
3152	2741	2741	0.429044	1	It was not very long after speaking the Goney that another homeward-bound whaleman, the Town-Ho,* was encountered.
3153	1790	1790	0.142646	1	She was manned almost wholly by Polynesians.
3154	1888	1888	0.212847	1	In the short gam that ensued she gave us strong news of Moby Dick.
3155	429	429	0.053292	1	To some the general interest in the White Whale was now wildly heightened by a circumstance of the Town-Ho’s story, whic
3156	1405	1405	0.660527	1	This latter circumstance, with its own particular accompaniments, forming what may be called the secret part of the trag
3157	1405	1405	0.559637	1	For that secret part of the story was unknown to the captain of the Town-Ho himself.
3158	1178	1178	0.884797	1	It was the private property of three confederate white seamen of that ship, one of whom, it seems, communicated it to Ta
3159	2073	2073	0.075848	1	Nevertheless, so potent an influence did this thing have on those seamen in the Pequod who came to the full knowledge of
3160	1594	1594	0.330994	1	Interweaving in its proper place this darker thread with the story as publicly narrated on the ship, the whole of this s
3161	1790	1790	0.074688	1	*The ancient whale-cry upon first sighting a whale from the mast-head, still used by whalemen in hunting the famous Gall
3162	945	945	0.185907	1	For my humor’s sake, I shall preserve the style in which I once narrated it at Lima, to a lounging circle of my Spanish 
3163	1594	1594	0.289353	1	Of those fine cavaliers, the young Dons, Pedro and Sebastian, were on the closer terms with me; and hence the interludin
3164	1974	1974	0.029437	1	“Some two years prior to my first learning the events which I am about rehearsing to you, gentlemen, the Town-Ho, Sperm 
3165	429	429	0.248698	1	She was somewhere to the northward of the Line.
3166	171	171	0.195491	1	One morning upon handling the pumps, according to daily usage, it was observed that she made more water in her hold than
3167	1120	1120	0.719198	1	They supposed a sword-fish had stabbed her, gentlemen.
3168	2390	2390	0.200494	1	But the captain, having some unusual reason for believing that rare good luck awaited him in those latitudes; and theref
3169	1888	1888	0.004585	1	So much so, that now taking some alarm, the captain, making all sail, stood away for the nearest harbor among the island
3170	2292	2292	0.145288	1	“Though no small passage was before her, yet, if the commonest chance favoured, he did not at all fear that his ship wou
3171	1934	1934	0.521427	1	In truth, well nigh the whole of this passage being attended by very prosperous breezes, the Town-Ho had all but certain
3172	1888	1888	0.048315	1	Pray, what is a Lakeman, and where is Buffalo?’ said Don Sebastian, rising in his swinging mat of grass.
3173	1888	1888	0.063591	1	“On the eastern shore of our Lake Erie, Don; but—I crave your courtesy—may be, you shall soon hear further of all that.
3174	1594	1594	0.475676	1	Now, gentlemen, in square-sail brigs and three-masted ships, well-nigh as large and stout as any that ever sailed out of
3175	917	917	0.077268	1	For in their interflowing aggregate, those grand fresh-water seas of ours,—Erie, and Ontario, and Huron, and Superior, a
3176	1558	1558	0.060541	1	They contain round archipelagoes of romantic isles, even as the Polynesian waters do; in large part, are shored by two g
3177	1718	1718	0.214798	1	Thus, gentlemen, though an inlander, Steelkilt was wild-ocean born, and wild-ocean nurtured; as much of an audacious mar
3178	2609	2609	0.317703	1	And for Radney, though in his infancy he may have laid him down on the lone Nantucket beach, to nurse at his maternal se
3179	674	674	1.402817	1	Yet was this Nantucketer a man with some good-hearted traits; and this Lakeman, a mariner, who though a sort of devil in
3180	338	338	0.191388	1	At all events, he had proved so thus far; but Radney was doomed and made mad, and Steelkilt—but, gentlemen, you shall he
3181	1790	1790	0.045868	1	“It was not more than a day or two at the furthest after pointing her prow for her island haven, that the Town-Ho’s leak
3182	1054	1054	0.188264	1	You must know that in a settled and civilized ocean like our Atlantic, for example, some skippers think little of pumpin
3183	548	548	0.630426	1	Nor in the solitary and savage seas far from you to the westward, gentlemen, is it altogether unusual for ships to keep 
3184	1870	1870	0.265784	1	It is only when a leaky vessel is in some very out of the way part of those waters, some really landless latitude, that 
3185	766	766	0.137459	1	“Much this way had it been with the Town-Ho; so when her leak was found gaining once more, there was in truth some small
3186	1888	1888	0.117615	1	He commanded the upper sails to be well hoisted, sheeted home anew, and every way expanded to the breeze.
3187	1718	1718	0.551538	1	Now this Radney, I suppose, was as little of a coward, and as little inclined to any sort of nervous apprehensiveness to
3188	1581	1581	0.006454	1	Therefore when he betrayed this solicitude about the safety of the ship, some of the seamen declared that it was only on
3189	733	733	0.435541	1	So when they were working that evening at the pumps, there was on this head no small gamesomeness slily going on among t
3190	2659	2659	0.018189	1	“Now, as you well know, it is not seldom the case in this conventional world of ours—watery or otherwise; that when a pe
3191	3055	3055	0.245496	1	Be this conceit of mine as it may, gentlemen, at all events Steelkilt was a tall and noble animal with a head like a Rom
3192	1888	1888	0.037542	1	But Radney, the mate, was ugly as a mule; yet as hardy, as stubborn, as malicious.
3193	2813	2813	0.030028	1	He did not love Steelkilt, and Steelkilt knew it.
3194	1888	1888	0.052944	1	“Espying the mate drawing near as he was toiling at the pump with the rest, the Lakeman affected not to notice him, but 
3195	1790	1790	0.030130	1	“‘Aye, aye, my merry lads, it’s a lively leak this; hold a cannikin, one of ye, and let’s have a taste.
3196	2614	2614	0.208239	1	By the Lord, it’s worth bottling!
3197	1790	1790	0.357928	1	I tell ye what, men, old Rad’s investment must go for it!
3198	1790	1790	0.054560	1	he had best cut away his part of the hull and tow it home.
3199	2659	2659	0.397402	1	The fact is, boys, that sword-fish only began the job; he’s come back again with a gang of ship-carpenters, saw-fish, an
3200	8	8	0.102913	1	If old Rad were here now, I’d tell him to jump overboard and scatter ’em.
3201	8	8	0.201189	1	They’re playing the devil with his estate, I can tell him.
3202	8	8	0.057565	1	But he’s a simple old soul,—Rad, and a beauty too.
3203	1888	1888	0.404326	1	Boys, they say the rest of his property is invested in looking-glasses.
3204	8	8	0.146577	1	I wonder if he’d give a poor devil like me the model of his nose.’ “‘Damn your eyes!
3205	1131	1131	0.135370	1	what’s that pump stopping for?’ roared Radney, pretending not to have heard the sailors’ talk.
3206	688	688	0.326166	1	‘Thunder away at it!’ “‘Aye, aye, sir,’ said Steelkilt, merry as a cricket.
3207	688	688	0.177296	1	‘Lively, boys, lively, now!’ And with that the pump clanged like fifty fire-engines; the men tossed their hats off to it
3208	2528	2528	0.375126	1	“Quitting the pump at last, with the rest of his band, the Lakeman went forward all panting, and sat himself down on the
3209	1594	1594	0.690595	1	Now what cozening fiend it was, gentlemen, that possessed Radney to meddle with such a man in that corporeally exasperat
3210	1888	1888	0.060287	1	Intolerably striding along the deck, the mate commanded him to get a broom and sweep down the planks, and also a shovel,
3211	1795	1795	0.053096	1	“Now, gentlemen, sweeping a ship’s deck at sea is a piece of household work which in all times but raging gales is regul
3212	1791	1791	0.063599	1	Such, gentlemen, is the inflexibility of sea-usages and the instinctive love of neatness in seamen; some of whom would n
3213	508	508	0.038661	1	But in all vessels this broom business is the prescriptive province of the boys, if boys there be aboard.
3214	2019	2019	0.149235	1	Besides, it was the stronger men in the Town-Ho that had been divided into gangs, taking turns at the pumps; and being t
3215	1642	1642	0.710110	1	I mention all these particulars so that you may understand exactly how this affair stood between the two men.
3216	25	25	0.347904	1	“But there was more than this: the order about the shovel was almost as plainly meant to sting and insult Steelkilt, as 
3217	1594	1594	0.229944	1	Any man who has gone sailor in a whale-ship will understand this; and all this and doubtless much more, the Lakeman full
3218	870	870	0.068471	1	But as he sat still for a moment, and as he steadfastly looked into the mate’s malignant eye and perceived the stacks of
3219	1888	1888	0.076792	1	“Therefore, in his ordinary tone, only a little broken by the bodily exhaustion he was temporarily in, he answered him s
3220	2874	2874	0.404174	1	And then, without at all alluding to the shovel, he pointed to three lads as the customary sweepers; who, not being bill
3221	429	429	0.039585	1	To this, Radney replied with an oath, in a most domineering and outrageous manner unconditionally reiterating his comman
3222	1306	1306	0.128781	1	“Heated and irritated as he was by his spasmodic toil at the pumps, for all his first nameless feeling of forbearance th
3223	1888	1888	0.705648	1	“Steelkilt rose, and slowly retreating round the windlass, steadily followed by the mate with his menacing hammer, delib
3224	429	429	0.134146	1	Seeing, however, that his forbearance had not the slightest effect, by an awful and unspeakable intimation with his twis
3225	73	73	0.286868	1	And in this way the two went once slowly round the windlass; when, resolved at last no longer to retreat, bethinking him
3226	1888	1888	0.910067	1	Radney, I will not obey you.
3227	635	635	1.233050	1	Take that hammer away, or look to yourself.’ But the predestinated mate coming still closer to him, where the Lakeman st
3228	1888	1888	0.024862	1	Retreating not the thousandth part of an inch; stabbing him in the eye with the unflinching poniard of his glance, Steel
3229	1795	1795	1.112798	1	But, gentlemen, the fool had been branded for the slaughter by the gods.
3230	2073	2073	0.302041	1	Immediately the hammer touched the cheek; the next instant the lower jaw of the mate was stove in his head; he fell on t
3231	702	702	0.158447	1	“Ere the cry could go aft Steelkilt was shaking one of the backstays leading far aloft to where two of his comrades were
3232	1790	1790	0.068593	1	‘We have seen many whale-ships in our harbours, but never heard of your Canallers.
3233	8	8	0.014265	1	Pardon: who and what are they?’ “‘Canallers, Don, are the boatmen belonging to our grand Erie Canal.
3234	1526	1526	0.368308	1	You must have heard of it.’ “‘Nay, Senor; hereabouts in this dull, warm, most lazy, and hereditary land, we know but lit
3235	1843	1843	0.579027	1	Well then, Don, refill my cup.
3236	1790	1790	0.006799	1	Your chicha’s very fine; and ere proceeding further I will tell ye what our Canallers are; for such information may thro
3237	8	8	0.266478	1	There’s your true Ashantee, gentlemen; there howl your pagans; where you ever find them, next door to you; under the lon
3238	1795	1795	0.304367	1	For by some curious fatality, as it is often noted of your metropolitan freebooters that they ever encamp around the hal
3239	674	674	0.113529	1	“‘Is that a friar passing?’ said Don Pedro, looking downwards into the crowded plazza, with humorous concern.
3240	2874	2874	0.422081	1	“‘Well for our northern friend, Dame Isabella’s Inquisition wanes in Lima,’ laughed Don Sebastian.
3241	1888	1888	0.028103	1	Pardon!’ cried another of the company.
3242	1888	1888	0.446990	1	‘In the name of all us Limeese, I but desire to express to you, sir sailor, that we have by no means overlooked your del
3243	1959	1959	0.156668	1	do not bow and look surprised; you know the proverb all along this coast—“Corrupt as Lima.” It but bears out your saying
3244	548	548	0.262084	1	Thanks: here I refill; now, you pour out again.’ “Freely depicted in his own vocation, gentlemen, the Canaller would mak
3245	217	217	0.408834	1	Like Mark Antony, for days and days along his green-turfed, flowery Nile, he indolently floats, openly toying with his r
3246	1888	1888	0.094252	1	But ashore, all this effeminacy is dashed.
3247	1594	1594	0.090030	1	The brigandish guise which the Canaller so proudly sports; his slouched and gaily-ribboned hat betoken his grand feature
3248	1888	1888	0.280566	1	A terror to the smiling innocence of the villages through which he floats; his swart visage and bold swagger are not uns
3249	1718	1718	0.874428	1	Once a vagabond on his own canal, I have received good turns from one of these Canallers; I thank him heartily; would fa
3250	1795	1795	0.819356	1	In sum, gentlemen, what the wildness of this canal life is, is emphatically evinced by this; that our wild whale-fishery
3251	1642	1642	0.033557	1	Nor does it at all diminish the curiousness of this matter, that to many thousands of our rural boys and young men born 
3252	1594	1594	0.682528	1	I see!’ impetuously exclaimed Don Pedro, spilling his chicha upon his silvery ruffles.
3253	2073	2073	0.775765	1	I had thought, now, that at your temperate North the generations were cold and holy as the hills.—But the story.’ “I lef
3254	1888	1888	0.096986	1	Hardly had he done so, when he was surrounded by the three junior mates and the four harpooneers, who all crowded him to
3255	1790	1790	0.029979	1	But sliding down the ropes like baleful comets, the two Canallers rushed into the uproar, and sought to drag their man o
3256	541	541	0.800910	1	Others of the sailors joined with them in this attempt, and a twisted turmoil ensued; while standing out of harm’s way, 
3257	2874	2874	0.337152	1	At intervals, he ran close up to the revolving border of the confusion, and prying into the heart of it with his pike, s
3258	1523	1523	0.132027	1	But Steelkilt and his desperadoes were too much for them all; they succeeded in gaining the forecastle deck, where, hast
3259	548	548	0.692808	1	“‘Come out of that, ye pirates!’ roared the captain, now menacing them with a pistol in each hand, just brought to him b
3260	541	541	0.845997	1	‘Come out of that, ye cut-throats!’ “Steelkilt leaped on the barricade, and striding up and down there, defied the worst
3261	1534	1534	0.302884	1	Fearing in his heart lest this might prove but too true, the captain a little desisted, but still commanded the insurgen
3262	1102	1102	0.089721	1	“‘Will you promise not to touch us, if we do?’ demanded their ringleader.
3263	1888	1888	0.097754	1	turn to!—I make no promise;—to your duty!
3264	690	690	0.029749	1	Do you want to sink the ship, by knocking off at a time like this?
3265	8	8	0.018633	1	Turn to!’ and he once more raised a pistol.
3266	1102	1102	0.264141	1	“‘Sink the ship?’ cried Steelkilt.
3267	1888	1888	0.192054	1	Not a man of us turns to, unless you swear not to raise a rope-yarn against us.
3268	8	8	0.043796	1	What say ye, men?’ turning to his comrades.
3269	1888	1888	0.370806	1	A fierce cheer was their response.
3270	1147	1147	0.271519	1	“The Lakeman now patrolled the barricade, all the while keeping his eye on the Captain, and jerking out such sentences a
3271	1767	1767	0.132033	1	look to those handspikes, my hearties.
3272	8	8	0.515674	1	Captain, by God, look to yourself; say the word; don’t be a fool; forget it all; we are ready to turn to; treat us decen
3273	548	548	0.932121	1	I make no promises, turn to, I say!’ “‘Look ye, now,’ cried the Lakeman, flinging out his arm towards him, ‘there are a 
3274	427	427	0.136002	1	“Steelkilt glanced round him a moment, and then said:—‘I tell you what it is now, Captain, rather than kill ye, and be h
3275	548	548	0.311963	1	Down ye go.’ “‘Shall we?’ cried the ringleader to his men.
3276	2514	2514	0.065938	1	Most of them were against it; but at length, in obedience to Steelkilt, they preceded him down into their dark den, grow
3277	336	336	0.241905	1	“As the Lakeman’s bare head was just level with the planks, the Captain and his posse leaped the barricade, and rapidly 
3278	462	462	0.112164	1	Then opening the slide a little, the Captain whispered something down the crack, closed it, and turned the key upon them
3279	1581	1581	0.372949	1	“All night a wide-awake watch was kept by all the officers, forward and aft, especially about the forecastle scuttle and
3280	2659	2659	0.475376	1	But the hours of darkness passed in peace; the men who still remained at their duty toiling hard at the pumps, whose cli
3281	1888	1888	0.007184	1	“At sunrise the Captain went forward, and knocking on the deck, summoned the prisoners to work; but with a yell they ref
3282	405	405	0.104652	1	Water was then lowered down to them, and a couple of handfuls of biscuit were tossed after it; when again turning the ke
3283	2513	2513	0.013387	1	Twice every day for three days this was repeated; but on the fourth morning a confused wrangling, and then a scuffling w
3284	1791	1791	0.173002	1	The fetid closeness of the air, and a famishing diet, united perhaps to some fears of ultimate retribution, had constrai
3285	2874	2874	0.121189	1	Emboldened by this, the Captain reiterated his demand to the rest, but Steelkilt shouted up to him a terrific hint to st
3286	2528	2528	0.388007	1	On the fifth morning three others of the mutineers bolted up into the air from the desperate arms below that sought to r
3287	1888	1888	0.086148	1	“‘Better turn to, now?’ said the Captain with a heartless jeer.
3288	548	548	0.200702	1	“‘Shut us up again, will ye!’ cried Steelkilt.
3289	688	688	0.565955	1	“‘Oh certainly,’ said the Captain, and the key clicked.
3290	1795	1795	0.030008	1	“It was at this point, gentlemen, that enraged by the defection of seven of his former associates, and stung by the mock
3291	1102	1102	0.022336	1	For himself, he would do this, he said, whether they joined him or not.
3292	3052	3052	0.511287	1	That was the last night he should spend in that den.
3293	1405	1405	0.005976	1	But the scheme met with no opposition on the part of the other two; they swore they were ready for that, or for any othe
3294	2761	2761	0.251056	1	And what was more, they each insisted upon being the first man on deck, when the time to make the rush should come.
3295	2073	2073	0.147548	1	But to this their leader as fiercely objected, reserving that priority for himself; particularly as his two comrades wou
3296	1098	1098	0.003654	1	And here, gentlemen, the foul play of these miscreants must come out.
3297	784	784	0.129404	1	“Upon hearing the frantic project of their leader, each in his own separate soul had suddenly lighted, it would seem, up
3298	2073	2073	0.145836	1	But when Steelkilt made known his determination still to lead them to the last, they in some way, by some subtle chemist
3299	1888	1888	0.196402	1	“Thinking murder at hand, and smelling in the dark for the blood, he and all his armed mates and harpooneers rushed for 
3300	73	73	0.467236	1	In a few minutes the scuttle was opened, and, bound hand and foot, the still struggling ringleader was shoved up into th
3301	419	419	0.806386	1	But all these were collared, and dragged along the deck like dead cattle; and, side by side, were seized up into the miz
3302	548	548	0.448620	1	‘Damn ye,’ cried the Captain, pacing to and fro before them, ‘the vultures would not touch ye, ye villains!’ “At sunrise
3303	1100	1100	0.084954	1	“‘But as for you, ye carrion rogues,’ turning to the three men in the rigging—‘for you, I mean to mince ye up for the tr
3304	671	671	0.449157	1	“‘My wrist is sprained with ye!’ he cried, at last; ‘but there is still rope enough left for you, my fine bantam, that w
3305	2590	2590	0.495843	1	Take that gag from his mouth, and let us hear what he can say for himself.’ “For a moment the exhausted mutineer made a 
3306	1790	1790	0.005141	1	then see how ye frighten me’—and the Captain drew off with the rope to strike.
3307	1102	1102	0.605950	1	“‘Best not,’ hissed the Lakeman.
3308	688	688	0.475374	1	“‘But I must,’—and the rope was once more drawn back for the stroke.
3309	688	688	0.132176	1	“Steelkilt here hissed out something, inaudible to all but the Captain; who, to the amazement of all hands, started back
3310	2874	2874	0.272390	1	Ever since the blow, he had lain in his berth; but that morning, hearing the tumult on the deck, he had crept out, and t
3311	2659	2659	0.716036	1	Such was the state of his mouth, that he could hardly speak; but mumbling something about _his_ being willing and able t
3312	1102	1102	1.478708	1	“‘You are a coward!’ hissed the Lakeman.
3313	688	688	0.165820	1	“‘So I am, but take that.’ The mate was in the very act of striking, when another hiss stayed his uplifted arm.
3314	949	949	0.063761	1	He paused: and then pausing no more, made good his word, spite of Steelkilt’s threat, whatever that might have been.
3315	1594	1594	0.240754	1	The three men were then cut down, all hands were turned to, and, sullenly worked by the moody seamen, the iron pumps cla
3316	1155	1155	0.115382	1	“Just after dark that day, when one watch had retired below, a clamor was heard in the forecastle; and the two trembling
3317	2874	2874	0.181159	1	Entreaties, cuffs, and kicks could not drive them back, so at their own instance they were put down in the ship’s run fo
3318	2073	2073	0.674424	1	Still, no sign of mutiny reappeared among the rest.
3319	2073	2073	0.182065	1	On the contrary, it seemed, that mainly at Steelkilt’s instigation, they had resolved to maintain the strictest peaceful
3320	1534	1534	0.025814	1	But in order to insure the speediest end to the voyage, they all agreed to another thing—namely, not to sing out for wha
3321	1118	1118	0.159513	1	For, spite of her leak, and spite of all her other perils, the Town-Ho still maintained her mast-heads, and her captain 
3322	2807	2807	0.095870	1	“But though the Lakeman had induced the seamen to adopt this sort of passiveness in their conduct, he kept his own couns
3323	2073	2073	0.090162	1	He was in Radney the chief mate’s watch; and as if the infatuated man sought to run more than half way to meet his doom,
3324	2	2	0.445731	1	Upon this, and one or two other circumstances, Steelkilt systematically built the plan of his revenge.
3325	2528	2528	0.027636	1	“During the night, Radney had an unseamanlike way of sitting on the bulwarks of the quarter-deck, and leaning his arm up
3326	1888	1888	0.516148	1	In this attitude, it was well known, he sometimes dozed.
3327	1642	1642	0.722554	1	There was a considerable vacancy between the boat and the ship, and down between this was the sea.
3328	2874	2874	0.802059	1	Steelkilt calculated his time, and found that his next trick at the helm would come round at two o’clock, in the morning
3329	1888	1888	0.312059	1	At his leisure, he employed the interval in braiding something very carefully in his watches below.
3330	1102	1102	0.130997	1	“‘What are you making there?’ said a shipmate.
3331	1790	1790	0.190010	1	what does it look like?’ “‘Like a lanyard for your bag; but it’s an odd one, seems to me.’ “‘Yes, rather oddish,’ said t
3332	8	8	0.506126	1	Shipmate, I haven’t enough twine,—have you any?’ “But there was none in the forecastle.
3333	688	688	0.140370	1	“‘Then I must get some from old Rad;’ and he rose to go aft.
3334	8	8	0.054515	1	“‘You don’t mean to go a begging to _him!_’ said a sailor.
3335	8	8	0.510862	1	Do you think he won’t do me a turn, when it’s to help himself in the end, shipmate?’ and going to the mate, he looked at
3336	1594	1594	0.216312	1	It was given him—neither twine nor lanyard were seen again; but the next night an iron ball, closely netted, partly roll
3337	1790	1790	0.194812	1	Twenty-four hours after, his trick at the silent helm—nigh to the man who was apt to doze over the grave always ready du
3338	1795	1795	0.296667	1	“But, gentlemen, a fool saved the would-be murderer from the bloody deed he had planned.
3339	8	8	0.026552	1	Yet complete revenge he had, and without being the avenger.
3340	2098	2098	0.610278	1	For by a mysterious fatality, Heaven itself seemed to step in to take out of his hands into its own the damning thing he
3341	1552	1552	0.158580	1	“It was just between daybreak and sunrise of the morning of the second day, when they were washing down the decks, that 
3342	8	8	0.405133	1	there she rolls!’ Jesu, what a whale!
3343	688	688	0.027911	1	“‘Moby Dick!’ cried Don Sebastian; ‘St.
3344	1888	1888	0.190121	1	Sir sailor, but do whales have christenings?
3345	1523	1523	0.314326	1	Whom call you Moby Dick?’ “‘A very white, and famous, and most deadly immortal monster, Don;—but that would be too long 
3346	8	8	0.082926	1	how?’ cried all the young Spaniards, crowding.
3347	1888	1888	0.789668	1	I cannot rehearse that now.
3348	1997	1997	0.761266	1	Let me get more into the air, Sirs.’ “‘The chicha!
3349	1795	1795	0.087091	1	the chicha!’ cried Don Pedro; ‘our vigorous friend looks faint;—fill up his empty glass!’ “No need, gentlemen; one momen
3350	1888	1888	0.016283	1	All was now a phrensy.
3351	399	399	0.185740	1	‘The White Whale—the White Whale!’ was the cry from captain, mates, and harpooneers, who, undeterred by fearful rumours,
3352	1888	1888	0.368084	1	Gentlemen, a strange fatality pervades the whole career of these events, as if verily mapped out before the world itself
3353	1888	1888	0.176788	1	The mutineer was the bowsman of the mate, and when fast to a fish, it was his duty to sit next him, while Radney stood u
3354	1888	1888	0.027273	1	Moreover, when the four boats were lowered, the mate’s got the start; and none howled more fiercely with delight than di
3355	73	73	0.605633	1	After a stiff pull, their harpooneer got fast, and, spear in hand, Radney sprang to the bow.
3356	1178	1178	1.241214	1	He was always a furious man, it seems, in a boat.
3357	442	442	0.028193	1	And now his bandaged cry was, to beach him on the whale’s topmost back.
3358	1790	1790	0.235560	1	Nothing loath, his bowsman hauled him up and up, through a blinding foam that blent two whitenesses together; till of a 
3359	2073	2073	0.342691	1	That instant, as he fell on the whale’s slippery back, the boat righted, and was dashed aside by the swell, while Radney
3360	1594	1594	0.610483	1	He struck out through the spray, and, for an instant, was dimly seen through that veil, wildly seeking to remove himself
3361	1642	1642	0.227355	1	But the whale rushed round in a sudden maelstrom; seized the swimmer between his jaws; and rearing high up with him, plu
3362	2073	2073	0.373098	1	“Meantime, at the first tap of the boat’s bottom, the Lakeman had slackened the line, so as to drop astern from the whir
3363	1594	1594	0.166846	1	But a sudden, terrific, downward jerking of the boat, quickly brought his knife to the line.
3364	386	386	0.297372	1	He cut it; and the whale was free.
3365	2874	2874	0.224061	1	But, at some distance, Moby Dick rose again, with some tatters of Radney’s red woollen shirt, caught in the teeth that h
3366	1594	1594	0.122848	1	All four boats gave chase again; but the whale eluded them, and finally wholly disappeared.
3367	1888	1888	0.280497	1	“In good time, the Town-Ho reached her port—a savage, solitary place—where no civilized creature resided.
3368	1278	1278	0.499329	1	There, headed by the Lakeman, all but five or six of the foremastmen deliberately deserted among the palms; eventually, 
3369	688	688	0.036778	1	“The ship’s company being reduced to but a handful, the captain called upon the Islanders to assist him in the laborious
3370	1642	1642	0.570637	1	But to such unresting vigilance over their dangerous allies was this small band of whites necessitated, both by night an
3371	1718	1718	0.651869	1	After taking counsel with his officers, he anchored the ship as far off shore as possible; loaded and ran out his two ca
3372	1888	1888	0.063593	1	“On the fourth day of the sail, a large canoe was descried, which seemed to have touched at a low isle of corals.
3373	1749	1749	0.185418	1	He steered away from it; but the savage craft bore down on him; and soon the voice of Steelkilt hailed him to heave to, 
3374	1888	1888	0.629413	1	The captain presented a pistol.
3375	1790	1790	0.039713	1	With one foot on each prow of the yoked war-canoes, the Lakeman laughed him to scorn; assuring him that if the pistol so
3376	1102	1102	0.410391	1	“‘What do you want of me?’ cried the captain.
3377	1797	1797	0.427454	1	and for what are you bound?’ demanded Steelkilt; ‘no lies.’ “‘I am bound to Tahiti for more men.’ “‘Very good.
3378	419	419	0.941931	1	Let me board you a moment—I come in peace.’ With that he leaped from the canoe, swam to the boat; and climbing the gunwa
3379	882	882	0.086938	1	“‘Cross your arms, sir; throw back your head.
3380	1678	1678	0.535554	1	As soon as Steelkilt leaves me, I swear to beach this boat on yonder island, and remain there six days.
3381	688	688	0.047031	1	If I do not, may lightnings strike me!’ “‘A pretty scholar,’ laughed the Lakeman.
3382	688	688	0.270409	1	‘Adios, Senor!’ and leaping into the sea, he swam back to his comrades.
3383	508	508	0.727016	1	“Watching the boat till it was fairly beached, and drawn up to the roots of the cocoa-nut trees, Steelkilt made sail aga
3384	1594	1594	0.513018	1	There, luck befriended him; two ships were about to sail for France, and were providentially in want of precisely that n
3385	386	386	0.167665	1	They embarked; and so for ever got the start of their former captain, had he been at all minded to work them legal retri
3386	1790	1790	0.090317	1	“Some ten days after the French ships sailed, the whale-boat arrived, and the captain was forced to enlist some of the m
3387	1888	1888	0.090245	1	Chartering a small native schooner, he returned with them to his vessel; and finding all right there, again resumed his 
3388	550	550	0.008913	1	“Where Steelkilt now is, gentlemen, none know; but upon the island of Nantucket, the widow of Radney still turns to the 
3389	1594	1594	0.004275	1	* * * * “‘Are you through?’ said Don Sebastian, quietly.
3390	1888	1888	0.161893	1	“‘I am, Don.’ “‘Then I entreat you, tell me if to the best of your own convictions, this your story is in substance real
3391	1888	1888	0.771415	1	It is so passing wonderful!
3392	2506	2506	0.325114	1	Did you get it from an unquestionable source?
3393	1118	1118	0.022369	1	Bear with me if I seem to press.’ “‘Also bear with all of us, sir sailor; for we all join in Don Sebastian’s suit,’ crie
3394	190	190	0.097260	1	“‘Is there a copy of the Holy Evangelists in the Golden Inn, gentlemen?’ “‘Nay,’ said Don Sebastian; ‘but I know a worth
3395	1888	1888	0.022880	1	I go for it; but are you well advised?
3396	8	8	0.005210	1	this may grow too serious.’ “‘Will you be so good as to bring the priest also, Don?’ “‘Though there are no Auto-da-Fés i
3397	1888	1888	0.254661	1	Let us withdraw more out of the moonlight.
3398	2369	2369	0.341392	1	I see no need of this.’ “‘Excuse me for running after you, Don Sebastian; but may I also beg that you will be particular
3399	1790	1790	0.055579	1	“‘Let me remove my hat.
3400	2073	2073	0.439261	1	Now, venerable priest, further into the light, and hold the Holy Book before me that I may touch it.
3401	647	647	0.356501	1	“‘So help me Heaven, and on my honor the story I have told ye, gentlemen, is in substance and its great items, true.
3402	2287	2287	0.612019	1	I know it to be true; it happened on this ball; I trod the ship; I knew the crew; I have seen and talked with Steelkilt 
3403	2031	2031	0.302490	1	Of the Monstrous Pictures of Whales.
3404	2874	2874	0.651209	1	I shall ere long paint to you as well as one can without canvas, something like the true form of the whale as he actuall
3405	1594	1594	0.280320	1	It may be worth while, therefore, previously to advert to those curious imaginary portraits of him which even down to th
3406	1888	1888	0.194065	1	It is time to set the world right in this matter, by proving such pictures of the whale all wrong.
3407	1888	1888	0.216604	1	It may be that the primal source of all those pictorial delusions will be found among the oldest Hindoo, Egyptian, and G
3408	620	620	0.827373	1	For ever since those inventive but unscrupulous times when on the marble panellings of temples, the pedestals of statues
3409	1120	1120	0.064914	1	Now, by all odds, the most ancient extant portrait anyways purporting to be the whale’s, is to be found in the famous ca
3410	1581	1581	0.109924	1	The Brahmins maintain that in the almost endless sculptures of that immemorial pagoda, all the trades and pursuits, ever
3411	2265	2265	0.147233	1	No wonder then, that in some sort our noble profession of whaling should have been there shadowed forth.
3412	1594	1594	0.427692	1	The Hindoo whale referred to, occurs in a separate department of the wall, depicting the incarnation of Vishnu in the fo
3413	1807	1807	0.007821	1	But though this sculpture is half man and half whale, so as only to give the tail of the latter, yet that small section 
3414	771	771	0.057951	1	It looks more like the tapering tail of an anaconda, than the broad palms of the true whale’s majestic flukes.
3415	2145	2145	0.354880	1	But go to the old Galleries, and look now at a great Christian painter’s portrait of this fish; for he succeeds no bette
3416	1888	1888	0.212819	1	It is Guido’s picture of Perseus rescuing Andromeda from the sea-monster or whale.
3417	1504	1504	0.002433	1	Where did Guido get the model of such a strange creature as that?
3418	1888	1888	0.227826	1	Nor does Hogarth, in painting the same scene in his own “Perseus Descending,” make out one whit better.
3419	2469	2469	0.013243	1	The huge corpulence of that Hogarthian monster undulates on the surface, scarcely drawing one inch of water.
3420	2073	2073	0.064995	1	It has a sort of howdah on its back, and its distended tusked mouth into which the billows are rolling, might be taken f
3421	1098	1098	0.165709	1	Then, there are the Prodromus whales of old Scotch Sibbald, and Jonah’s whale, as depicted in the prints of old Bibles a
3422	2572	2572	0.126566	1	What shall be said of these?
3423	541	541	0.161100	1	As for the book-binder’s whale winding like a vine-stalk round the stock of a descending anchor—as stamped and gilded on
3424	1594	1594	0.175168	1	Though universally denominated a dolphin, I nevertheless call this book-binder’s fish an attempt at a whale; because it 
3425	2735	2735	0.485634	1	It was introduced by an old Italian publisher somewhere about the 15th century, during the Revival of Learning; and in t
3426	2467	2467	0.081714	1	In the vignettes and other embellishments of some ancient books you will at times meet with very curious touches at the 
3427	2776	2776	0.036648	1	In the title-page of the original edition of the “Advancement of Learning” you will find some curious whales.
3428	801	801	0.285273	1	But quitting all these unprofessional attempts, let us glance at those pictures of leviathan purporting to be sober, sci
3429	232	232	0.580278	1	In old Harris’s collection of voyages there are some plates of whales extracted from a Dutch book of voyages, A.D. 1671,
3430	1888	1888	0.839290	1	In another plate, the prodigious blunder is made of representing the whale with perpendicular flukes.
3431	945	945	0.183183	1	Then again, there is an imposing quarto, written by one Captain Colnett, a Post Captain in the English navy, entitled “A
3432	2154	2154	0.094942	1	To mention but one thing about it, let me say that it has an eye which applied, according to the accompanying scale, to 
3433	1888	1888	0.209534	1	Ah, my gallant captain, why did ye not give us Jonah looking out of that eye!
3434	62	62	0.112048	1	Nor are the most conscientious compilations of Natural History for the benefit of the young and tender, free from the sa
3435	2776	2776	0.039740	1	Look at that popular work “Goldsmith’s Animated Nature.” In the abridged London edition of 1807, there are plates of an 
3436	1949	1949	0.796499	1	Then, again, in 1825, Bernard Germain, Count de Lacépède, a great naturalist, published a scientific systemized whale bo
3437	2742	2742	0.160468	1	All these are not only incorrect, but the picture of the Mysticetus or Greenland whale (that is to say, the Right whale)
3438	746	746	0.224150	1	But the placing of the cap-sheaf to all this blundering business was reserved for the scientific Frederick Cuvier, broth
3439	1888	1888	0.312806	1	In 1836, he published a Natural History of Whales, in which he gives what he calls a picture of the Sperm Whale.
3440	1888	1888	0.004946	1	Before showing that picture to any Nantucketer, you had best provide for your summary retreat from Nantucket.
3441	748	748	0.153574	1	In a word, Frederick Cuvier’s Sperm Whale is not a Sperm Whale, but a squash.
3442	2031	2031	0.618624	1	Of course, he never had the benefit of a whaling voyage (such men seldom have), but whence he derived that picture, who 
3443	2506	2506	0.098861	1	Perhaps he got it as his scientific predecessor in the same field, Desmarest, got one of his authentic abortions; that i
3444	2133	2133	0.791777	1	And what sort of lively lads with the pencil those Chinese are, many queer cups and saucers inform us.
3445	2572	2572	0.079649	1	As for the sign-painters’ whales seen in the streets hanging over the shops of oil-dealers, what shall be said of them?
3446	1888	1888	0.359596	1	They are generally Richard III.
3447	2467	2467	0.496511	1	whales, with dromedary humps, and very savage; breakfasting on three or four sailor tarts, that is whaleboats full of ma
3448	1098	1098	0.303779	1	But these manifold mistakes in depicting the whale are not so very surprising after all.
3449	1718	1718	0.004459	1	Most of the scientific drawings have been taken from the stranded fish; and these are about as correct as a drawing of a
3450	1790	1790	0.031733	1	Though elephants have stood for their full-lengths, the living Leviathan has never yet fairly floated himself for his po
3451	1594	1594	0.187825	1	The living whale, in his full majesty and significance, is only to be seen at sea in unfathomable waters; and afloat the
3452	1642	1642	0.490099	1	And, not to speak of the highly presumable difference of contour between a young sucking whale and a full-grown Platonia
3453	1888	1888	0.155241	1	But it may be fancied, that from the naked skeleton of the stranded whale, accurate hints may be derived touching his tr
3454	852	852	0.196998	1	For it is one of the more curious things about this Leviathan, that his skeleton gives very little idea of his general s
3455	801	801	0.305353	1	Though Jeremy Bentham’s skeleton, which hangs for candelabra in the library of one of his executors, correctly conveys t
3456	1594	1594	0.340168	1	In fact, as the great Hunter says, the mere skeleton of the whale bears the same relation to the fully invested and padd
3457	1594	1594	0.177772	1	This peculiarity is strikingly evinced in the head, as in some part of this book will be incidentally shown.
3458	1888	1888	0.086364	1	It is also very curiously displayed in the side fin, the bones of which almost exactly answer to the bones of the human 
3459	2270	2270	0.443025	1	This fin has four regular bone-fingers, the index, middle, ring, and little finger.
3460	1594	1594	0.051533	1	But all these are permanently lodged in their fleshy covering, as the human fingers in an artificial covering.
3461	688	688	0.327448	1	“However recklessly the whale may sometimes serve us,” said humorous Stubb one day, “he can never be truly said to handl
3462	2496	2496	1.116201	1	True, one portrait may hit the mark much nearer than another, but none can hit it with any very considerable degree of e
3463	2613	2613	0.253649	1	So there is no earthly way of finding out precisely what the whale really looks like.
3464	1594	1594	0.188120	1	And the only mode in which you can derive even a tolerable idea of his living contour, is by going a whaling yourself; b
3465	1523	1523	0.137623	1	Wherefore, it seems to me you had best not be too fastidious in your curiosity touching this Leviathan.
3466	2031	2031	0.123203	1	Of the Less Erroneous Pictures of Whales, and the True Pictures of Whaling Scenes.
3467	1642	1642	0.050144	1	In connexion with the monstrous pictures of whales, I am strongly tempted here to enter upon those still more monstrous 
3468	1888	1888	0.002252	1	But I pass that matter by.
3469	706	706	0.030310	1	I know of only four published outlines of the great Sperm Whale; Colnett’s, Huggins’s, Frederick Cuvier’s, and Beale’s.
3470	1888	1888	0.096260	1	In the previous chapter Colnett and Cuvier have been referred to.
3471	1888	1888	0.199829	1	Huggins’s is far better than theirs; but, by great odds, Beale’s is the best.
3472	8	8	0.099635	1	All Beale’s drawings of this whale are good, excepting the middle figure in the picture of three whales in various attit
3473	1371	1371	0.242568	1	His frontispiece, boats attacking Sperm Whales, though no doubt calculated to excite the civil scepticism of some parlor
3474	858	858	0.214159	1	Some of the Sperm Whale drawings in J. Ross Browne are pretty correct in contour; but they are wretchedly engraved.
3475	3052	3052	0.435567	1	That is not his fault though.
3476	2031	2031	0.198408	1	Of the Right Whale, the best outline pictures are in Scoresby; but they are drawn on too small a scale to convey a desir
3477	870	870	1.540877	1	He has but one picture of whaling scenes, and this is a sad deficiency, because it is by such pictures only, when at all
3478	2907	2907	0.031890	1	But, taken for all in all, by far the finest, though in some details not the most correct, presentations of whales and w
3479	1888	1888	0.170941	1	Respectively, they represent attacks on the Sperm and Right Whale.
3480	1888	1888	0.146780	1	In the first engraving a noble Sperm Whale is depicted in full majesty of might, just risen beneath the boat from the pr
3481	2874	2874	0.017276	1	The prow of the boat is partially unbroken, and is drawn just balancing upon the monster’s spine; and standing in that p
3482	1888	1888	0.114967	1	The action of the whole thing is wonderfully good and true.
3483	1594	1594	0.114492	1	The half-emptied line-tub floats on the whitened sea; the wooden poles of the spilled harpoons obliquely bob in it; the 
3484	1888	1888	0.141100	1	Serious fault might be found with the anatomical details of this whale, but let that pass; since, for the life of me, I 
3485	2175	2175	0.055860	1	In the second engraving, the boat is in the act of drawing alongside the barnacled flank of a large running Right Whale,
3486	698	698	0.093581	1	His jets are erect, full, and black like soot; so that from so abounding a smoke in the chimney, you would think there m
3487	520	520	0.232522	1	Sea fowls are pecking at the small crabs, shell-fish, and other sea candies and maccaroni, which the Right Whale sometim
3488	2874	2874	0.027821	1	And all the while the thick-lipped leviathan is rushing through the deep, leaving tons of tumultuous white curds in his 
3489	548	548	0.792789	1	Thus, the foreground is all raging commotion; but behind, in admirable artistic contrast, is the glassy level of a sea b
3490	2659	2659	0.656654	1	Who Garnery the painter is, or was, I know not.
3491	771	771	0.135900	1	But my life for it he was either practically conversant with his subject, or else marvellously tutored by some experienc
3492	1888	1888	0.138592	1	The French are the lads for painting action.
3493	1206	1206	0.662043	1	Go and gaze upon all the paintings of Europe, and where will you find such a gallery of living and breathing commotion o
3494	674	674	0.075887	1	Not wholly unworthy of a place in that gallery, are these sea battle-pieces of Garnery.
3495	1594	1594	0.448584	1	The natural aptitude of the French for seizing the picturesqueness of things seems to be peculiarly evinced in what pain
3496	1278	1278	0.758506	1	With not one tenth of England’s experience in the fishery, and not the thousandth part of that of the Americans, they ha
3497	2659	2659	0.061521	1	For the most part, the English and American whale draughtsmen seem entirely content with presenting the mechanical outli
3498	2073	2073	0.206373	1	Even Scoresby, the justly renowned Right whaleman, after giving us a stiff full length of the Greenland whale, and three
3499	1888	1888	0.044475	1	I mean no disparagement to the excellent voyager (I honor him for a veteran), but in so important a matter it was certai
3500	1888	1888	0.169254	1	In addition to those fine engravings from Garnery, there are two other French engravings worthy of note, by some one who
3501	1888	1888	0.284324	1	Durand.” One of them, though not precisely adapted to our present purpose, nevertheless deserves mention on other accoun
3502	1594	1594	0.540230	1	It is a quiet noon-scene among the isles of the Pacific; a French whaler anchored, inshore, in a calm, and lazily taking
3503	1791	1791	0.111964	1	The effect is very fine, when considered with reference to its presenting the hardy fishermen under one of their few asp
3504	2793	2793	0.104899	1	The other engraving is quite a different affair: the ship hove-to upon the open sea, and in the very heart of the Leviat
3505	2874	2874	0.570608	1	The harpoons and lances lie levelled for use; three oarsmen are just setting the mast in its hole; while from a sudden r
3506	2807	2807	0.045085	1	From the ship, the smoke of the torments of the boiling whale is going up like the smoke over a village of smithies; and
3507	2031	2031	0.263744	1	Of Whales in Paint; in Teeth; in Wood; in Sheet-Iron; in Stone; in Mountains; in Stars.
3508	1504	1504	0.134740	1	On Tower-hill, as you go down to the London docks, you may have seen a crippled beggar (or _kedger_, as the sailors say)
3509	1098	1098	0.015060	1	There are three whales and three boats; and one of the boats (presumed to contain the missing leg in all its original in
3510	1098	1098	0.092955	1	Any time these ten years, they tell me, has that man held up that picture, and exhibited that stump to an incredulous wo
3511	960	960	0.053304	1	But the time of his justification has now come.
3512	2133	2133	0.519778	1	His three whales are as good whales as were ever published in Wapping, at any rate; and his stump as unquestionable a st
3513	674	674	0.165669	1	But, though for ever mounted on that stump, never a stump-speech does the poor whaleman make; but, with downcast eyes, s
3514	1594	1594	0.757866	1	Throughout the Pacific, and also in Nantucket, and New Bedford, and Sag Harbor, you will come across lively sketches of 
3515	1594	1594	0.007713	1	Some of them have little boxes of dentistical-looking implements, specially intended for the skrimshandering business.
3516	147	147	0.011779	1	But, in general, they toil with their jack-knives alone; and, with that almost omnipotent tool of the sailor, they will 
3517	1172	1172	0.102322	1	Long exile from Christendom and civilization inevitably restores a man to that condition in which God placed him, _i.e._
3518	2609	2609	0.502399	1	Your true whale-hunter is as much a savage as an Iroquois.
3519	1888	1888	0.151296	1	I myself am a savage, owning no allegiance but to the King of the Cannibals; and ready at any moment to rebel against hi
3520	1824	1824	0.330571	1	Now, one of the peculiar characteristics of the savage in his domestic hours, is his wonderful patience of industry.
3521	2609	2609	0.027335	1	An ancient Hawaiian war-club or spear-paddle, in its full multiplicity and elaboration of carving, is as great a trophy 
3522	2469	2469	0.312292	1	For, with but a bit of broken sea-shell or a shark’s tooth, that miraculous intricacy of wooden net-work has been achiev
3523	1600	1600	1.032427	1	As with the Hawaiian savage, so with the white sailor-savage.
3524	178	178	0.380615	1	With the same marvellous patience, and with the same single shark’s tooth, of his one poor jack-knife, he will carve you
3525	1888	1888	0.227700	1	Wooden whales, or whales cut in profile out of the small dark slabs of the noble South Sea war-wood, are frequently met 
3526	1888	1888	0.012620	1	Some of them are done with much accuracy.
3527	1888	1888	0.051456	1	At some old gable-roofed country houses you will see brass whales hung by the tail for knockers to the road-side door.
3528	2073	2073	0.825304	1	When the porter is sleepy, the anvil-headed whale would be best.
3529	1098	1098	0.387461	1	But these knocking whales are seldom remarkable as faithful essays.
3530	2528	2528	0.130921	1	On the spires of some old-fashioned churches you will see sheet-iron whales placed there for weather-cocks; but they are
3531	1888	1888	0.109538	1	In bony, ribby regions of the earth, where at the base of high broken cliffs masses of rock lie strewn in fantastic grou
3532	541	541	0.081311	1	Then, again, in mountainous countries where the traveller is continually girdled by amphitheatrical heights; here and th
3533	2467	2467	0.324110	1	But you must be a thorough whaleman, to see these sights; and not only that, but if you wish to return to such a sight a
3534	1594	1594	0.157271	1	Nor when expandingly lifted by your subject, can you fail to trace out great whales in the starry heavens, and boats in 
3535	3055	3055	0.575580	1	Thus at the North have I chased Leviathan round and round the Pole with the revolutions of the bright points that first 
3536	1435	1435	0.231032	1	And beneath the effulgent Antarctic skies I have boarded the Argo-Navis, and joined the chase against the starry Cetus f
3537	2073	2073	0.114685	1	With a frigate’s anchors for my bridle-bitts and fasces of harpoons for spurs, would I could mount that whale and leap t
3538	2073	2073	0.060831	1	Steering north-eastward from the Crozetts, we fell in with vast meadows of brit, the minute, yellow substance, upon whic
3539	2659	2659	0.000535	1	For leagues and leagues it undulated round us, so that we seemed to be sailing through boundless fields of ripe and gold
3540	2528	2528	0.128995	1	On the second day, numbers of Right Whales were seen, who, secure from the attack of a Sperm Whaler like the Pequod, wit
3541	1054	1054	0.261972	1	As morning mowers, who side by side slowly and seethingly advance their scythes through the long wet grass of marshy mea
3542	540	540	0.070678	1	* *That part of the sea known among whalemen as the “Brazil Banks” does not bear that name as the Banks of Newfoundland 
3543	746	746	0.648173	1	But it was only the sound they made as they parted the brit which at all reminded one of mowers.
3544	1888	1888	0.164878	1	Seen from the mast-heads, especially when they paused and were stationary for a while, their vast black forms looked mor
3545	801	801	0.137770	1	And as in the great hunting countries of India, the stranger at a distance will sometimes pass on the plains recumbent e
3546	2375	2375	0.128524	1	And even when recognised at last, their immense magnitude renders it very hard really to believe that such bulky masses 
3547	1888	1888	0.147277	1	Indeed, in other respects, you can hardly regard any creatures of the deep with the same feelings that you do those of t
3548	1109	1109	1.110298	1	For though some old naturalists have maintained that all creatures of the land are of their kind in the sea; and though 
3549	3055	3055	0.068834	1	The accursed shark alone can in any generic respect be said to bear comparative analogy to him.
3550	2659	2659	1.297580	1	But though, to landsmen in general, the native inhabitants of the seas have ever been regarded with emotions unspeakably
3551	2223	2223	0.105269	1	The first boat we read of, floated on an ocean, that with Portuguese vengeance had whelmed a whole world without leaving
3552	1738	1738	0.007434	1	That same ocean rolls now; that same ocean destroyed the wrecked ships of last year.
3553	1888	1888	0.324253	1	Yea, foolish mortals, Noah’s flood is not yet subsided; two thirds of the fair world it yet covers.
3554	2496	2496	0.151852	1	Wherein differ the sea and the land, that a miracle upon one is not a miracle upon the other?
3555	1278	1278	0.857003	1	Preternatural terrors rested upon the Hebrews, when under the feet of Korah and his company the live ground opened and s
3556	674	674	0.271385	1	But not only is the sea such a foe to man who is an alien to it, but it is also a fiend to its own off-spring; worse tha
3557	419	419	0.651561	1	Like a savage tigress that tossing in the jungle overlays her own cubs, so the sea dashes even the mightiest whales agai
3558	1738	1738	0.070014	1	No mercy, no power but its own controls it.
3559	1888	1888	0.367666	1	Panting and snorting like a mad battle steed that has lost its rider, the masterless ocean overruns the globe.
3560	2073	2073	0.056058	1	Consider the subtleness of the sea; how its most dreaded creatures glide under water, unapparent for the most part, and 
3561	2467	2467	0.138277	1	Consider also the devilish brilliance and beauty of many of its most remorseless tribes, as the dainty embellished shape
3562	1763	1763	0.175381	1	Consider, once more, the universal cannibalism of the sea; all whose creatures prey upon each other, carrying on eternal
3563	2661	2661	0.178174	1	Consider all this; and then turn to this green, gentle, and most docile earth; consider them both, the sea and the land;
3564	548	548	0.719282	1	For as this appalling ocean surrounds the verdant land, so in the soul of man there lies one insular Tahiti, full of pea
3565	1888	1888	0.510234	1	Push not off from that isle, thou canst never return!
3566	1594	1594	0.019820	1	Slowly wading through the meadows of brit, the Pequod still held on her way north-eastward towards the island of Java; a
3567	1790	1790	0.163928	1	And still, at wide intervals in the silvery night, the lonely, alluring jet would be seen.
3568	1594	1594	0.021022	1	But one transparent blue morning, when a stillness almost preternatural spread over the sea, however unattended with any
3569	2503	2503	0.278360	1	In the distance, a great white mass lazily rose, and rising higher and higher, and disentangling itself from the azure, 
3570	1814	1814	0.549885	1	Thus glistening for a moment, as slowly it subsided, and sank.
3571	1594	1594	0.139543	1	Then once more arose, and silently gleamed.
3572	674	674	0.882105	1	It seemed not a whale; and yet is this Moby Dick?
3573	1790	1790	0.223415	1	Again the phantom went down, but on re-appearing once more, with a stiletto-like cry that startled every man from his no
3574	690	690	0.179568	1	The White Whale, the White Whale!” Upon this, the seamen rushed to the yard-arms, as in swarming-time the bees rush to t
3575	2874	2874	0.058255	1	Bare-headed in the sultry sun, Ahab stood on the bowsprit, and with one hand pushed far behind in readiness to wave his 
3576	463	463	0.032216	1	Whether the flitting attendance of the one still and solitary jet had gradually worked upon Ahab, so that he was now pre
3577	1594	1594	0.100857	1	The four boats were soon on the water; Ahab’s in advance, and all swiftly pulling towards their prey.
3578	2874	2874	1.067990	1	Soon it went down, and while, with oars suspended, we were awaiting its reappearance, lo!
3579	508	508	0.771321	1	in the same spot where it sank, once more it slowly rose.
3580	2073	2073	0.281939	1	Almost forgetting for the moment all thoughts of Moby Dick, we now gazed at the most wondrous phenomenon which the secre
3581	2659	2659	0.500363	1	A vast pulpy mass, furlongs in length and breadth, of a glancing cream-colour, lay floating on the water, innumerable lo
3582	1054	1054	0.103153	1	No perceptible face or front did it have; no conceivable token of either sensation or instinct; but undulated there on t
3583	1600	1600	0.106132	1	As with a low sucking sound it slowly disappeared again, Starbuck still gazing at the agitated waters where it had sunk,
3584	1178	1178	0.123881	1	“The great live squid, which, they say, few whale-ships ever beheld, and returned to their ports to tell of it.” But Aha
3585	949	949	0.151345	1	Whatever superstitions the sperm whalemen in general have connected with the sight of this object, certain it is, that a
3586	294	294	0.208427	1	So rarely is it beheld, that though one and all of them declare it to be the largest animated thing in the ocean, yet ve
3587	1206	1206	0.341596	1	For though other species of whales find their food above water, and may be seen by man in the act of feeding, the sperma
3588	2659	2659	0.035614	1	At times, when closely pursued, he will disgorge what are supposed to be the detached arms of the squid; some of them th
3589	2573	2573	0.001702	1	They fancy that the monster to which these arms belonged ordinarily clings by them to the bed of the ocean; and that the
3590	1790	1790	0.112800	1	There seems some ground to imagine that the great Kraken of Bishop Pontoppodan may ultimately resolve itself into Squid.
3591	1642	1642	0.601004	1	The manner in which the Bishop describes it, as alternately rising and sinking, with some other particulars he narrates,
3592	564	564	0.549687	1	But much abatement is necessary with respect to the incredible bulk he assigns it.
3593	746	746	0.141110	1	By some naturalists who have vaguely heard rumors of the mysterious creature, here spoken of, it is included among the c
3594	2073	2073	0.741492	1	With reference to the whaling scene shortly to be described, as well as for the better understanding of all similar scen
3595	1791	1791	0.766627	1	The line originally used in the fishery was of the best hemp, slightly vapored with tar, not impregnated with it, as in 
3596	1467	1467	0.005344	1	Of late years the Manilla rope has in the American fishery almost entirely superseded hemp as a material for whale-lines
3597	1888	1888	0.011324	1	Hemp is a dusky, dark fellow, a sort of Indian; but Manilla is as a golden-haired Circassian to behold.
3598	1790	1790	0.025876	1	The whale-line is only two-thirds of an inch in thickness.
3599	2373	2373	0.374562	1	At first sight, you would not think it so strong as it really is.
3600	3055	3055	0.109723	1	By experiment its one and fifty yarns will each suspend a weight of one hundred and twenty pounds; so that the whole rop
3601	1888	1888	0.072539	1	In length, the common sperm whale-line measures something over two hundred fathoms.
3602	2219	2219	0.312539	1	Towards the stern of the boat it is spirally coiled away in the tub, not like the worm-pipe of a still though, but so as
3603	2659	2659	0.576634	1	As the least tangle or kink in the coiling would, in running out, infallibly take somebody’s arm, leg, or entire body of
3604	2019	2019	0.723620	1	Some harpooneers will consume almost an entire morning in this business, carrying the line high aloft and then reeving i
3605	1888	1888	0.212847	1	In the English boats two tubs are used instead of one; the same line being continuously coiled in both tubs.
3606	1594	1594	0.192142	1	There is some advantage in this; because these twin-tubs being so small they fit more readily into the boat, and do not 
3607	1678	1678	0.295440	1	When the painted canvas cover is clapped on the American line-tub, the boat looks as if it were pulling off with a prodi
3608	2977	2977	0.429131	1	Both ends of the line are exposed; the lower end terminating in an eye-splice or loop coming up from the bottom against 
3609	2360	2360	0.222161	1	This arrangement of the lower end is necessary on two accounts.
3610	1594	1594	0.094403	1	First: In order to facilitate the fastening to it of an additional line from a neighboring boat, in case the stricken wh
3611	2073	2073	0.006721	1	In these instances, the whale of course is shifted like a mug of ale, as it were, from the one boat to the other; though
3612	1594	1594	0.361672	1	Second: This arrangement is indispensable for common safety’s sake; for were the lower end of the line in any way attach
3613	2977	2977	0.078144	1	Before lowering the boat for the chase, the upper end of the line is taken aft from the tub, and passing round the logge
3614	1710	1710	0.379825	1	From the chocks it hangs in a slight festoon over the bows, and is then passed inside the boat again; and some ten or tw
3615	2073	2073	0.088328	1	Thus the whale-line folds the whole boat in its complicated coils, twisting and writhing around it in almost every direc
3616	1594	1594	0.068433	1	All the oarsmen are involved in its perilous contortions; so that to the timid eye of the landsman, they seem as Indian 
3617	2467	2467	0.078388	1	Nor can any son of mortal woman, for the first time, seat himself amid those hempen intricacies, and while straining his
3618	2874	2874	0.360812	1	what cannot habit accomplish?—Gayer sallies, more merry mirth, better jokes, and brighter repartees, you never heard ove
3619	638	638	0.233559	1	Perhaps a very little thought will now enable you to account for those repeated whaling disasters—some few of which are 
3620	2659	2659	0.562212	1	For, when the line is darting out, to be seated then in the boat, is like being seated in the midst of the manifold whiz
3621	2073	2073	0.142463	1	It is worse; for you cannot sit motionless in the heart of these perils, because the boat is rocking like a cradle, and 
3622	2659	2659	0.115226	1	Again: as the profound calm which only apparently precedes and prophesies of the storm, is perhaps more awful than the s
3623	1790	1790	0.162172	1	All men live enveloped in whale-lines.
3624	2659	2659	0.056094	1	All are born with halters round their necks; but it is only when caught in the swift, sudden turn of death, that mortals
3625	2697	2697	0.012665	1	And if you be a philosopher, though seated in the whale-boat, you would not at heart feel one whit more of terror, than 
3626	2793	2793	0.386634	1	If to Starbuck the apparition of the Squid was a thing of portents, to Queequeg it was quite a different object.
3627	2874	2874	0.418562	1	“When you see him ’quid,” said the savage, honing his harpoon in the bow of his hoisted boat, “then you quick see him ’p
3628	2073	2073	0.395651	1	For this part of the Indian Ocean through which we then were voyaging is not what whalemen call a lively ground; that is
3629	1749	1749	0.214091	1	It was my turn to stand at the foremast-head; and with my shoulders leaning against the slackened royal shrouds, to and 
3630	1763	1763	0.464471	1	No resolution could withstand it; in that dreamy mood losing all consciousness, at last my soul went out of my body; tho
3631	2467	2467	0.375714	1	Ere forgetfulness altogether came over me, I had noticed that the seamen at the main and mizzen-mast-heads were already 
3632	2454	2454	0.420751	1	So that at last all three of us lifelessly swung from the spars, and for every swing that we made there was a nod from b
3633	2073	2073	0.286413	1	The waves, too, nodded their indolent crests; and across the wide trance of the sea, east nodded to west, and the sun ov
3634	1869	1869	0.438475	1	Suddenly bubbles seemed bursting beneath my closed eyes; like vices my hands grasped the shrouds; some invisible, gracio
3635	1814	1814	0.184932	1	close under our lee, not forty fathoms off, a gigantic Sperm Whale lay rolling in the water like the capsized hull of a 
3636	1594	1594	0.046163	1	But lazily undulating in the trough of the sea, and ever and anon tranquilly spouting his vapory jet, the whale looked l
3637	2073	2073	0.148004	1	But that pipe, poor whale, was thy last.
3638	664	664	0.307030	1	As if struck by some enchanter’s wand, the sleepy ship and every sleeper in it all at once started into wakefulness; and
3639	2514	2514	0.258184	1	And obeying his own order, he dashed the helm down before the helmsman could handle the spokes.
3640	1594	1594	0.637342	1	The sudden exclamations of the crew must have alarmed the whale; and ere the boats were down, majestically turning, he s
3641	801	801	0.094593	1	So seated like Ontario Indians on the gunwales of the boats, we swiftly but silently paddled along; the calm not admitti
3642	1888	1888	0.505454	1	Presently, as we thus glided in chase, the monster perpendicularly flitted his tail forty feet into the air, and then sa
3643	688	688	0.532854	1	“There go flukes!” was the cry, an announcement immediately followed by Stubb’s producing his match and igniting his pip
3644	1525	1525	0.015456	1	After the full interval of his sounding had elapsed, the whale rose again, and being now in advance of the smoker’s boat
3645	8	8	0.245427	1	It was obvious, now, that the whale had at length become aware of his pursuers.
3646	1467	1467	0.068055	1	All silence of cautiousness was therefore no longer of use.
3647	2874	2874	0.400375	1	Paddles were dropped, and oars came loudly into play.
3648	429	429	0.343009	1	And still puffing at his pipe, Stubb cheered on his crew to the assault.
3649	2166	2166	0.442251	1	Yes, a mighty change had come over the fish.
3650	1594	1594	0.746792	1	All alive to his jeopardy, he was going “head out”; that part obliquely projecting from the mad yeast which he brewed.
3651	2073	2073	0.012035	1	* *It will be seen in some other place of what a very light substance the entire interior of the sperm whale’s enormous 
3652	1997	1997	0.011305	1	Though apparently the most massive, it is by far the most buoyant part about him.
3653	1888	1888	0.113023	1	So that with ease he elevates it in the air, and invariably does so when going at his utmost speed.
3654	1594	1594	0.460105	1	Besides, such is the breadth of the upper part of the front of his head, and such the tapering cut-water formation of th
3655	1888	1888	0.214271	1	“Start her, start her, my men!
3656	548	548	0.123498	1	Don’t hurry yourselves; take plenty of time—but start her; start her like thunder-claps, that’s all,” cried Stubb, splut
3657	1790	1790	0.058214	1	“Start her, now; give ’em the long and strong stroke, Tashtego.
3658	2073	2073	0.591058	1	Start her, Tash, my boy—start her, all; but keep cool, keep cool—cucumbers is the word—easy, easy—only start her like gr
3659	2874	2874	0.218157	1	Wa-hee!” screamed the Gay-Header in reply, raising some old war-whoop to the skies; as every oarsman in the strained boa
3660	1118	1118	0.425722	1	But his wild screams were answered by others quite as wild.
3661	541	541	0.094270	1	Kee-hee!” yelled Daggoo, straining forwards and backwards on his seat, like a pacing tiger in his cage.
3662	1888	1888	0.176540	1	Koo-loo!” howled Queequeg, as if smacking his lips over a mouthful of Grenadier’s steak.
3663	2874	2874	0.436885	1	And thus with oars and yells the keels cut the sea.
3664	1581	1581	0.267799	1	Meanwhile, Stubb retaining his place in the van, still encouraged his men to the onset, all the while puffing the smoke 
3665	882	882	0.613868	1	Like desperadoes they tugged and they strained, till the welcome cry was heard—“Stand up, Tashtego!—give it to him!” The
3666	2874	2874	0.420866	1	“Stern all!” The oarsmen backed water; the same moment something went hot and hissing along every one of their wrists.
3667	1888	1888	0.771415	1	It was the magical line.
3668	1903	1903	0.281706	1	An instant before, Stubb had swiftly caught two additional turns with it round the loggerhead, whence, by reason of its 
3669	1594	1594	0.142267	1	As the line passed round and round the loggerhead; so also, just before reaching that point, it blisteringly passed thro
3670	1581	1581	0.374226	1	It was like holding an enemy’s sharp two-edged sword by the blade, and that enemy all the time striving to wrest it out 
3671	2874	2874	0.433111	1	wet the line!” cried Stubb to the tub oarsman (him seated by the tub) who, snatching off his hat, dashed sea-water into 
3672	1790	1790	0.374490	1	* More turns were taken, so that the line began holding its place.
3673	1888	1888	0.316793	1	The boat now flew through the boiling water like a shark all fins.
3674	1275	1275	0.181383	1	Stubb and Tashtego here changed places—stem for stern—a staggering business truly in that rocking commotion.
3675	2459	2459	0.355285	1	*Partly to show the indispensableness of this act, it may here be stated, that, in the old Dutch fishery, a mop was used
3676	690	690	0.123438	1	Your hat, however, is the most convenient.
3677	771	771	0.565685	1	From the vibrating line extending the entire length of the upper part of the boat, and from its now being more tight tha
3678	2659	2659	0.406898	1	A continual cascade played at the bows; a ceaseless whirling eddy in her wake; and, at the slightest motion from within,
3679	2874	2874	0.102349	1	Thus they rushed; each man with might and main clinging to his seat, to prevent being tossed to the foam; and the tall f
3680	1888	1888	0.056183	1	Whole Atlantics and Pacifics seemed passed as they shot on their way, till at length the whale somewhat slackened his fl
3681	548	548	0.045414	1	“Haul in—haul in!” cried Stubb to the bowsman!
3682	1726	1726	0.038791	1	and, facing round towards the whale, all hands began pulling the boat up to him, while yet the boat was being towed on.
3683	419	419	0.414342	1	Soon ranging up by his flank, Stubb, firmly planting his knee in the clumsy cleat, darted dart after dart into the flyin
3684	1888	1888	0.465937	1	The red tide now poured from all sides of the monster like brooks down a hill.
3685	1888	1888	0.102720	1	His tormented body rolled not in brine but in blood, which bubbled and seethed for furlongs behind in their wake.
3686	84	84	0.112467	1	The slanting sun playing upon this crimson pond in the sea, sent back its reflection into every face, so that they all g
3687	1738	1738	0.677484	1	And all the while, jet after jet of white smoke was agonizingly shot from the spiracle of the whale, and vehement puff a
3688	688	688	0.180130	1	“Pull up—pull up!” he now cried to the bowsman, as the waning whale relaxed in his wrath.
3689	1790	1790	0.008278	1	“Pull up!—close to!” and the boat ranged along the fish’s flank.
3690	2659	2659	0.649743	1	When reaching far over the bow, Stubb slowly churned his long sharp lance into the fish, and kept it there, carefully ch
3691	1888	1888	0.102745	1	But that gold watch he sought was the innermost life of the fish.
3692	1409	1409	0.662804	1	And now it is struck; for, starting from his trance into that unspeakable thing called his “flurry,” the monster horribl
3693	1594	1594	0.445051	1	And now abating in his flurry, the whale once more rolled out into view; surging from side to side; spasmodically dilati
3694	1738	1738	0.435696	1	At last, gush after gush of clotted red gore, as if it had been the purple lees of red wine, shot into the frighted air;
3695	1102	1102	0.127024	1	“He’s dead, Mr. Stubb,” said Daggoo.
3696	2590	2590	0.475127	1	“Yes; both pipes smoked out!” and withdrawing his own from his mouth, Stubb scattered the dead ashes over the water; and
3697	2073	2073	0.687599	1	A word concerning an incident in the last chapter.
3698	2073	2073	0.634213	1	According to the invariable usage of the fishery, the whale-boat pushes off from the ship, with the headsman or whale-ki
3699	592	592	0.114405	1	Now it needs a strong, nervous arm to strike the first iron into the fish; for often, in what is called a long dart, the
3700	178	178	0.005128	1	But however prolonged and exhausting the chase, the harpooneer is expected to pull his oar meanwhile to the uttermost; i
3701	2874	2874	0.713211	1	For one, I cannot bawl very heartily and work very recklessly at one and the same time.
3702	2874	2874	0.120687	1	In this straining, bawling state, then, with his back to the fish, all at once the exhausted harpooneer hears the exciti
3703	2761	2761	0.098353	1	No wonder, taking the whole fleet of whalemen in a body, that out of fifty fair chances for a dart, not five are success
3704	2073	2073	0.225144	1	Again, if the dart be successful, then at the second critical instant, that is, when the whale starts to run, the boathe
3705	1275	1275	0.744277	1	It is then they change places; and the headsman, the chief officer of the little craft, takes his proper station in the 
3706	1642	1642	1.193085	1	Now, I care not who maintains the contrary, but all this is both foolish and unnecessary.
3707	541	541	0.074696	1	The headsman should stay in the bows from first to last; he should both dart the harpoon and the lance, and no rowing wh
3708	2609	2609	0.204865	1	I know that this would sometimes involve a slight loss of speed in the chase; but long experience in various whalemen of
3709	1681	1681	0.160346	1	To insure the greatest efficiency in the dart, the harpooneers of this world must start to their feet from out of idlene
3710	1888	1888	0.302971	1	Out of the trunk, the branches grow; out of them, the twigs.
3711	1888	1888	0.254355	1	So, in productive subjects, grow the chapters.
3712	2614	2614	0.433069	1	The crotch alluded to on a previous page deserves independent mention.
3713	2735	2735	0.036254	1	It is a notched stick of a peculiar form, some two feet in length, which is perpendicularly inserted into the starboard 
3714	935	935	0.242806	1	Thereby the weapon is instantly at hand to its hurler, who snatches it up as readily from its rest as a backwoodsman swi
3715	1642	1642	0.319016	1	It is customary to have two harpoons reposing in the crotch, respectively called the first and second irons.
3716	870	870	1.436439	1	But these two harpoons, each by its own cord, are both connected with the line; the object being this: to dart them both
3717	1888	1888	0.771416	1	It is a doubling of the chances.
3718	690	690	0.012471	1	But it very often happens that owing to the instantaneous, violent, convulsive running of the whale upon receiving the f
3719	1594	1594	0.036401	1	Nevertheless, as the second iron is already connected with the line, and the line is running, hence that weapon must, at
3720	1888	1888	0.190608	1	Tumbled into the water, it accordingly is in such cases; the spare coils of box line (mentioned in a preceding chapter) 
3721	2659	2659	0.532503	1	But this critical act is not always unattended with the saddest and most fatal casualties.
3722	1594	1594	0.328212	1	Furthermore: you must know that when the second iron is thrown overboard, it thenceforth becomes a dangling, sharp-edged
3723	1888	1888	0.558881	1	Nor, in general, is it possible to secure it again until the whale is fairly captured and a corpse.
3724	1594	1594	0.080352	1	Consider, now, how it must be in the case of four boats all engaging one unusually strong, active, and knowing whale; wh
3725	574	574	0.079569	1	For, of course, each boat is supplied with several harpoons to bend on to the line should the first one be ineffectually
3726	1594	1594	0.477805	1	All these particulars are faithfully narrated here, as they will not fail to elucidate several most important, however i
3727	1888	1888	0.401307	1	Stubb’s whale had been killed some distance from the ship.
3728	1888	1888	0.076576	1	It was a calm; so, forming a tandem of three boats, we commenced the slow business of towing the trophy to the Pequod.
3729	419	419	0.733899	1	And now, as we eighteen men with our thirty-six arms, and one hundred and eighty thumbs and fingers, slowly toiled hour 
3730	2073	2073	0.301939	1	For, upon the great canal of Hang-Ho, or whatever they call it, in China, four or five laborers on the foot-path will dr
3731	1594	1594	0.528221	1	Darkness came on; but three lights up and down in the Pequod’s main-rigging dimly guided our way; till drawing nearer we
3732	1888	1888	0.098784	1	Vacantly eyeing the heaving whale for a moment, he issued the usual orders for securing it for the night, and then handi
3733	1790	1790	0.015957	1	Though, in overseeing the pursuit of this whale, Captain Ahab had evinced his customary activity, to call it so; yet now
3734	2005	2005	0.117098	1	Very soon you would have thought from the sound on the Pequod’s decks, that all hands were preparing to cast anchor in t
3735	2265	2265	0.124786	1	But by those clanking links, the vast corpse itself, not the ship, is to be moored.
3736	2874	2874	0.117377	1	Tied by the head to the stern, and by the tail to the bows, the whale now lies with its black hull close to the vessel’s
3737	429	429	1.217312	1	* *A little item may as well be related here.
3738	2659	2659	0.136049	1	The strongest and most reliable hold which the ship has upon the whale when moored alongside, is by the flukes or tail; 
3739	1594	1594	0.707706	1	But this difficulty is ingeniously overcome: a small, strong line is prepared with a wooden float at its outer end, and 
3740	2073	2073	0.296118	1	By adroit management the wooden float is made to rise on the other side of the mass, so that now having girdled the whal
3741	564	564	0.239092	1	If moody Ahab was now all quiescence, at least so far as could be known on deck, Stubb, his second mate, flushed with co
3742	2073	2073	0.060489	1	Such an unwonted bustle was he in that the staid Starbuck, his official superior, quietly resigned to him for the time t
3743	1054	1054	0.686354	1	One small, helping cause of all this liveliness in Stubb, was soon made strangely manifest.
3744	1669	1669	0.395600	1	Stubb was a high liver; he was somewhat intemperately fond of the whale as a flavorish thing to his palate.
3745	1888	1888	0.473837	1	“A steak, a steak, ere I sleep!
3746	541	541	0.040565	1	overboard you go, and cut me one from his small!” Here be it known, that though these wild fishermen do not, as a genera
3747	1790	1790	0.042721	1	About midnight that steak was cut and cooked; and lighted by two lanterns of sperm oil, Stubb stoutly stood up to his sp
3748	378	378	0.538716	1	Nor was Stubb the only banqueter on whale’s flesh that night.
3749	961	961	0.032183	1	Mingling their mumblings with his own mastications, thousands on thousands of sharks, swarming round the dead leviathan,
3750	2672	2672	0.154207	1	The few sleepers below in their bunks were often startled by the sharp slapping of their tails against the hull, within 
3751	1054	1054	0.194688	1	Peering over the side you could just see them (as before you heard them) wallowing in the sullen, black waters, and turn
3752	1888	1888	0.045551	1	This particular feat of the shark seems all but miraculous.
3753	183	183	0.975968	1	How at such an apparently unassailable surface, they contrive to gouge out such symmetrical mouthfuls, remains a part of
3754	1395	1395	0.462090	1	The mark they thus leave on the whale, may best be likened to the hollow made by a carpenter in countersinking for a scr
3755	2659	2659	0.085759	1	Though amid all the smoking horror and diabolism of a sea-fight, sharks will be seen longingly gazing up to the ship’s d
3756	826	826	0.004749	1	If you have never seen that sight, then suspend your decision about the propriety of devil-worship, and the expediency o
3757	2874	2874	0.027339	1	But, as yet, Stubb heeded not the mumblings of the banquet that was going on so nigh him, no more than the sharks heeded
3758	2330	2330	0.050250	1	“Cook, cook!—where’s that old Fleece?” he cried at length, widening his legs still further, as if to form a more secure 
3759	1594	1594	0.052124	1	“Cook,” said Stubb, rapidly lifting a rather reddish morsel to his mouth, “don’t you think this steak is rather overdone
3760	8	8	0.627817	1	You’ve been beating this steak too much, cook; it’s too tender.
3761	8	8	0.160305	1	Don’t I always say that to be good, a whale-steak must be tough?
3762	8	8	0.431796	1	There are those sharks now over the side, don’t you see they prefer it tough and rare?
3763	1888	1888	0.099946	1	What a shindy they are kicking up!
3764	1594	1594	0.215289	1	Cook, go and talk to ’em; tell ’em they are welcome to help themselves civilly, and in moderation, but they must keep qu
3765	2145	2145	0.250746	1	Blast me, if I can hear my own voice.
3766	1888	1888	0.225127	1	Away, cook, and deliver my message.
3767	2219	2219	0.332540	1	Here, take this lantern,” snatching one from his sideboard; “now then, go and preach to ’em!” Sullenly taking the offere
3768	1888	1888	0.380317	1	“Fellow-critters: I’se ordered here to say dat you must stop dat dam noise dare.
3769	8	8	0.448272	1	Stop dat dam smackin’ ob de lip!
3770	1000	1000	0.016963	1	Massa Stubb say dat you can fill your dam bellies up to de hatchings, but by Gor!
3771	688	688	0.110494	1	you must stop dat dam racket!” “Cook,” here interposed Stubb, accompanying the word with a sudden slap on the shoulder,—
3772	8	8	0.074821	1	why, damn your eyes, you mustn’t swear that way when you’re preaching.
3773	8	8	0.174151	1	That’s no way to convert sinners, cook!” “Who dat?
3774	1594	1594	0.115696	1	Den preach to him yourself,” sullenly turning to go.
3775	548	548	0.045230	1	“No, cook; go on, go on.” “Well, den, Belubed fellow-critters:”— “Right!” exclaimed Stubb, approvingly, “coax ’em to it;
3776	1790	1790	0.006600	1	“Do you is all sharks, and by natur wery woracious, yet I zay to you, fellow-critters, dat dat woraciousness—’top dat da
3777	548	548	0.548665	1	How you tink to hear, spose you keep up such a dam slappin’ and bitin’ dare?” “Cook,” cried Stubb, collaring him, “I won
3778	2145	2145	0.803908	1	Talk to ’em gentlemanly.” Once more the sermon proceeded.
3779	2874	2874	0.566763	1	“Your woraciousness, fellow-critters, I don’t blame ye so much for; dat is natur, and can’t be helped; but to gobern dat
3780	1790	1790	0.303772	1	You is sharks, sartin; but if you gobern de shark in you, why den you be angel; for all angel is not’ing more dan de sha
3781	8	8	0.136475	1	Now, look here, bred’ren, just try wonst to be cibil, a helping yourselbs from dat whale.
3782	8	8	0.187944	1	Don’t be tearin’ de blubber out your neighbour’s mout, I say.
3783	674	674	0.053691	1	Is not one shark dood right as toder to dat whale?
3784	998	998	0.137173	1	And, by Gor, none on you has de right to dat whale; dat whale belong to some one else.
3785	548	548	0.139134	1	I know some o’ you has berry brig mout, brigger dan oders; but den de brig mouts sometimes has de small bellies; so dat 
3786	548	548	0.463475	1	Kick up de damndest row as ever you can; fill your dam’ bellies ’till dey bust—and den die.” “Now, cook,” said Stubb, re
3787	688	688	0.164423	1	“Well,” said Stubb, helping himself freely meanwhile; “I shall now go back to the subject of this steak.
3788	1594	1594	0.418816	1	In the first place, how old are you, cook?” “What dat do wid de ’teak,” said the old black, testily.
3789	2503	2503	0.560220	1	How old are you, cook?” “’Bout ninety, dey say,” he gloomily muttered.
3790	2073	2073	1.313822	1	“And you have lived in this world hard upon one hundred years, cook, and don’t know yet how to cook a whale-steak?” rapi
3791	688	688	0.017386	1	“Where were you born, cook?” “’Hind de hatchway, in ferry-boat, goin’ ober de Roanoke.” “Born in a ferry-boat!
3792	1790	1790	0.287883	1	But I want to know what country you were born in, cook!” “Didn’t I say de Roanoke country?” he cried sharply.
3793	688	688	0.260665	1	“No, you didn’t, cook; but I’ll tell you what I’m coming to, cook.
3794	8	8	0.536276	1	You must go home and be born over again; you don’t know how to cook a whale-steak yet.” “Bress my soul, if I cook noder 
3795	1098	1098	0.011841	1	“Come back, cook;—here, hand me those tongs;—now take that bit of steak there, and tell me if you think that steak cooke
3796	2590	2590	0.256590	1	Take it, I say”—holding the tongs towards him—“take it, and taste it.” Faintly smacking his withered lips over it for a 
3797	3055	3055	0.524733	1	“And you have once in your life passed a holy church in Cape-Town, where you doubtless overheard a holy parson addressin
3798	96	96	0.176202	1	And yet you come here, and tell me such a dreadful lie as you did just now, eh?” said Stubb.
3799	2874	2874	0.389515	1	“Where do you expect to go to, cook?” “Go to bed berry soon,” he mumbled, half-turning as he spoke.
3800	2287	2287	0.803829	1	I mean when you die, cook.
3801	2874	2874	0.066321	1	Now what’s your answer?” “When dis old brack man dies,” said the negro slowly, changing his whole air and demeanor, “he 
3802	1888	1888	0.915434	1	In a coach and four, as they fetched Elijah?
3803	688	688	0.063749	1	And fetch him where?” “Up dere,” said Fleece, holding his tongs straight over his head, and keeping it there very solemn
3804	1888	1888	0.110963	1	“So, then, you expect to go up into our main-top, do you, cook, when you are dead?
3805	8	8	0.299721	1	But don’t you know the higher you climb, the colder it gets?
3806	2874	2874	0.410395	1	Main-top, eh?” “Didn’t say dat t’all,” said Fleece, again in the sulks.
3807	688	688	0.284640	1	“You said up there, didn’t you?
3808	1399	1399	0.353564	1	and now look yourself, and see where your tongs are pointing.
3809	2073	2073	0.347526	1	But, perhaps you expect to get into heaven by crawling through the lubber’s hole, cook; but, no, no, cook, you don’t get
3810	8	8	0.064553	1	It’s a ticklish business, but must be done, or else it’s no go.
3811	1559	1559	0.207633	1	But none of us are in heaven yet.
3812	1888	1888	0.161489	1	Drop your tongs, cook, and hear my orders.
3813	8	8	0.103109	1	Hold your hat in one hand, and clap t’other a’top of your heart, when I’m giving my orders, cook.
3814	8	8	0.181402	1	that your heart, there?—that’s your gizzard!
3815	8	8	0.244469	1	aloft!—that’s it—now you have it.
3816	688	688	0.301649	1	Hold it there now, and pay attention.” “All ’dention,” said the old black, with both hands placed as desired, vainly wri
3817	1888	1888	0.028392	1	“Well then, cook, you see this whale-steak of yours was so very bad, that I have put it out of sight as soon as possible
3818	1843	1843	0.702437	1	Well, for the future, when you cook another whale-steak for my private table here, the capstan, I’ll tell you what to do
3819	2467	2467	0.736558	1	Hold the steak in one hand, and show a live coal to it with the other; that done, dish it; d’ye hear?
3820	1131	1131	0.057108	1	And now to-morrow, cook, when we are cutting in the fish, be sure you stand by to get the tips of his fins; have them pu
3821	2874	2874	0.845220	1	As for the ends of the flukes, have them soused, cook.
3822	2874	2874	0.106381	1	There, now ye may go.” But Fleece had hardly got three paces off, when he was recalled.
3823	2073	2073	0.261936	1	“Cook, give me cutlets for supper to-morrow night in the mid-watch.
3824	1790	1790	0.133104	1	make a bow before you go.—Avast heaving again!
3825	8	8	0.290150	1	Whale-balls for breakfast—don’t forget.” “Wish, by gor!
3826	1888	1888	0.098027	1	whale eat him, ’stead of him eat whale.
3827	2874	2874	0.077031	1	I’m bressed if he ain’t more of shark dan Massa Shark hisself,” muttered the old man, limping away; with which sage ejac
3828	1888	1888	0.224147	1	The Whale as a Dish.
3829	2659	2659	0.187010	1	That mortal man should feed upon the creature that feeds his lamp, and, like Stubb, eat him by his own light, as you may
3830	1888	1888	0.098155	1	It is upon record, that three centuries ago the tongue of the Right Whale was esteemed a great delicacy in France, and c
3831	1790	1790	0.268656	1	Also, that in Henry VIIIth’s time, a certain cook of the court obtained a handsome reward for inventing an admirable sau
3832	429	429	0.168352	1	Porpoises, indeed, are to this day considered fine eating.
3833	1888	1888	0.140994	1	The meat is made into balls about the size of billiard balls, and being well seasoned and spiced might be taken for turt
3834	1888	1888	0.317303	1	The old monks of Dunfermline were very fond of them.
3835	2073	2073	0.164906	1	They had a great porpoise grant from the crown.
3836	1934	1934	0.014286	1	The fact is, that among his hunters at least, the whale would by all hands be considered a noble dish, were there not so
3837	294	294	0.392174	1	Only the most unprejudiced of men like Stubb, nowadays partake of cooked whales; but the Esquimaux are not so fastidious
3838	2429	2429	0.053439	1	We all know how they live upon whales, and have rare old vintages of prime old train oil.
3839	1888	1888	0.601307	1	Zogranda, one of their most famous doctors, recommends strips of blubber for infants, as being exceedingly juicy and nou
3840	2661	2661	0.469250	1	And this reminds me that certain Englishmen, who long ago were accidentally left in Greenland by a whaling vessel—that t
3841	520	520	0.279878	1	Among the Dutch whalemen these scraps are called “fritters”; which, indeed, they greatly resemble, being brown and crisp
3842	2118	2118	0.278795	1	They have such an eatable look that the most self-denying stranger can hardly keep his hands off.
3843	1888	1888	0.166956	1	But what further depreciates the whale as a civilized dish, is his exceeding richness.
3844	1594	1594	0.348706	1	He is the great prize ox of the sea, too fat to be delicately good.
3845	1934	1934	0.143739	1	Look at his hump, which would be as fine eating as the buffalo’s (which is esteemed a rare dish), were it not such a sol
3846	392	392	0.070478	1	But the spermaceti itself, how bland and creamy that is; like the transparent, half-jellied, white meat of a cocoanut in
3847	1888	1888	0.077214	1	Nevertheless, many whalemen have a method of absorbing it into some other substance, and then partaking of it.
3848	1888	1888	0.154065	1	In the long try watches of the night it is a common thing for the seamen to dip their ship-biscuit into the huge oil-pot
3849	3055	3055	0.432193	1	Many a good supper have I thus made.
3850	1888	1888	0.212847	1	In the case of a small Sperm Whale the brains are accounted a fine dish.
3851	1054	1054	0.140154	1	The casket of the skull is broken into with an axe, and the two plump, whitish lobes being withdrawn (precisely resembli
3852	8	8	0.174669	1	And that is the reason why a young buck with an intelligent looking calf’s head before him, is somehow one of the saddes
3853	1594	1594	0.131553	1	The head looks a sort of reproachfully at him, with an “Et tu Brute!” expression.
3854	550	550	0.064817	1	It is not, perhaps, entirely because the whale is so excessively unctuous that landsmen seem to regard the eating of him
3855	2265	2265	0.152359	1	But no doubt the first man that ever murdered an ox was regarded as a murderer; perhaps he was hung; and if he had been 
3856	1888	1888	0.148625	1	Go to the meat-market of a Saturday night and see the crowds of live bipeds staring up at the long rows of dead quadrupe
3857	674	674	0.160587	1	Does not that sight take a tooth out of the cannibal’s jaw?
3858	1888	1888	0.226702	1	who is not a cannibal?
3859	1178	1178	1.076272	1	I tell you it will be more tolerable for the Fejee that salted down a lean missionary in his cellar against a coming fam
3860	1888	1888	0.110516	1	But Stubb, he eats the whale by its own light, does he?
3861	1780	1780	0.150631	1	and that is adding insult to injury, is it?
3862	2073	2073	0.004774	1	Look at your knife-handle, there, my civilized and enlightened gourmand dining off that roast beef, what is that handle 
3863	1790	1790	0.147016	1	And what do you pick your teeth with, after devouring that fat goose?
3864	2874	2874	0.260384	1	With a feather of the same fowl.
3865	1594	1594	0.231814	1	And with what quill did the Secretary of the Society for the Suppression of Cruelty to Ganders formally indite his circu
3866	2073	2073	0.215744	1	It is only within the last month or two that that society passed a resolution to patronize nothing but steel pens.
3867	273	273	0.300723	1	When in the Southern Fishery, a captured Sperm Whale, after long and weary toil, is brought alongside late at night, it 
3868	2115	2115	0.079562	1	For that business is an exceedingly laborious one; is not very soon completed; and requires all hands to set about it.
3869	1790	1790	0.030845	1	Therefore, the common usage is to take in all sail; lash the helm a’lee; and then send every one below to his hammock ti
3870	550	550	0.043265	1	But sometimes, especially upon the Line in the Pacific, this plan will not answer at all; because such incalculable host
3871	1888	1888	0.085948	1	In most other parts of the ocean, however, where these fish do not so largely abound, their wondrous voracity can be at 
3872	2073	2073	0.173502	1	But it was not thus in the present case with the Pequod’s sharks; though, to be sure, any man unaccustomed to such sight
3873	1888	1888	0.168855	1	Nevertheless, upon Stubb setting the anchor-watch after his supper was concluded; and when, accordingly, Queequeg and a 
3874	3055	3055	0.120432	1	But in the foamy confusion of their mixed and struggling hosts, the marksmen could not always hit their mark; and this b
3875	2659	2659	0.163595	1	They viciously snapped, not only at each other’s disembowelments, but like flexible bows, bent round, and bit their own;
3876	2659	2659	0.534699	1	It was unsafe to meddle with the corpses and ghosts of these creatures.
3877	1888	1888	0.061135	1	A sort of generic or Pantheistic vitality seemed to lurk in their very joints and bones, after what might be called the 
3878	1888	1888	0.226251	1	Killed and hoisted on deck for the sake of his skin, one of these sharks almost took poor Queequeg’s hand off, when he t
3879	1791	1791	0.104173	1	*The whaling-spade used for cutting-in is made of the very best steel; is about the bigness of a man’s spread hand; and 
3880	1473	1473	0.177759	1	This weapon is always kept as sharp as possible; and when being used is occasionally honed, just like a razor.
3881	1888	1888	0.635768	1	In its socket, a stiff pole, from twenty to thirty feet long, is inserted for a handle.
3882	541	541	0.368709	1	“Queequeg no care what god made him shark,” said the savage, agonizingly lifting his hand up and down; “wedder Fejee god
3883	1888	1888	0.402020	1	It was a Saturday night, and such a Sabbath as followed!
3884	1888	1888	0.167165	1	Ex officio professors of Sabbath breaking are all whalemen.
3885	1888	1888	0.221775	1	The ivory Pequod was turned into what seemed a shamble; every sailor a butcher.
3886	1120	1120	0.327181	1	You would have thought we were offering up ten thousand red oxen to the sea gods.
3887	1594	1594	0.022412	1	In the first place, the enormous cutting tackles, among other ponderous things comprising a cluster of blocks generally 
3888	2073	2073	0.485532	1	The end of the hawser-like rope winding through these intricacies, was then conducted to the windlass, and the huge lowe
3889	254	254	0.005463	1	And now suspended in stages over the side, Starbuck and Stubb, the mates, armed with their long spades, began cutting a 
3890	1594	1594	0.044696	1	This done, a broad, semicircular line is cut round the hole, the hook is inserted, and the main body of the crew strikin
3891	1192	1192	0.206594	1	When instantly, the entire ship careens over on her side; every bolt in her starts like the nail-heads of an old house i
3892	2073	2073	0.186371	1	More and more she leans over to the whale, while every gasping heave of the windlass is answered by a helping heave from
3893	777	777	0.191432	1	Now as the blubber envelopes the whale precisely as the rind does an orange, so is it stripped off from the body precise
3894	2659	2659	0.404965	1	For the strain constantly kept up by the windlass continually keeps the whale rolling over and over in the water, and as
3895	1146	1146	0.099084	1	One of the attending harpooneers now advances with a long, keen weapon called a boarding-sword, and watching his chance 
3896	1790	1790	0.205533	1	Into this hole, the end of the second alternating great tackle is then hooked so as to retain a hold upon the blubber, i
3897	935	935	0.002900	1	Whereupon, this accomplished swordsman, warning all hands to stand off, once more makes a scientific dash at the mass, a
3898	548	548	0.743627	1	The heavers forward now resume their song, and while the one tackle is peeling and hoisting a second strip from the whal
3899	2874	2874	0.234046	1	Into this twilight apartment sundry nimble hands keep coiling away the long blanket-piece as if it were a great live mas
3900	2659	2659	0.293031	1	And thus the work proceeds; the two tackles hoisting and lowering simultaneously; both whale and windlass heaving, the h
3901	1888	1888	0.597982	1	I have given no small attention to that not unvexed subject, the skin of the whale.
3902	1888	1888	0.051531	1	I have had controversies about it with experienced whalemen afloat, and learned naturalists ashore.
3903	746	746	0.131396	1	My original opinion remains unchanged; but it is only an opinion.
3904	1888	1888	0.331823	1	The question is, what and where is the skin of the whale?
3905	1888	1888	0.032827	1	Already you know what his blubber is.
3906	2793	2793	0.017343	1	That blubber is something of the consistence of firm, close-grained beef, but tougher, more elastic and compact, and ran
3907	674	674	0.024429	1	Now, however preposterous it may at first seem to talk of any creature’s skin as being of that sort of consistence and t
3908	620	620	0.101628	1	True, from the unmarred dead body of the whale, you may scrape off with your hand an infinitely thin, transparent substa
3909	1888	1888	0.115872	1	I have several such dried bits, which I use for marks in my whale-books.
3910	788	788	0.120957	1	It is transparent, as I said before; and being laid upon the printed page, I have sometimes pleased myself with fancying
3911	1790	1790	0.384591	1	At any rate, it is pleasant to read about whales through their own spectacles, as you may say.
3912	1888	1888	0.094993	1	But what I am driving at here is this.
3913	2496	2496	0.009125	1	That same infinitely thin, isinglass substance, which, I admit, invests the entire body of the whale, is not so much to 
3914	1888	1888	0.068534	1	But no more of this.
3915	2073	2073	0.037504	1	Assuming the blubber to be the skin of the whale; then, when this skin, as in the case of a very large Sperm Whale, will
3916	1888	1888	0.303050	1	Reckoning ten barrels to the ton, you have ten tons for the net weight of only three quarters of the stuff of the whale’
3917	1888	1888	0.549105	1	In life, the visible surface of the Sperm Whale is not the least among the many marvels he presents.
3918	2659	2659	0.222927	1	Almost invariably it is all over obliquely crossed and re-crossed with numberless straight marks in thick array, somethi
3919	84	84	0.104124	1	But these marks do not seem to be impressed upon the isinglass substance above mentioned, but seem to be seen through it
3920	1888	1888	0.022589	1	In some instances, to the quick, observant eye, those linear marks, as in a veritable engraving, but afford the ground f
3921	2073	2073	0.189552	1	These are hieroglyphical; that is, if you call those mysterious cyphers on the walls of pyramids hieroglyphics, then tha
3922	1790	1790	0.043568	1	By my retentive memory of the hieroglyphics upon one Sperm Whale in particular, I was much struck with a plate represent
3923	1790	1790	0.370225	1	Like those mystic rocks, too, the mystic-marked whale remains undecipherable.
3924	2476	2476	0.161371	1	This allusion to the Indian rocks reminds me of another thing.
3925	2073	2073	0.499456	1	Besides all the other phenomena which the exterior of the Sperm Whale presents, he not seldom displays the back, and mor
3926	2133	2133	0.515414	1	I should say that those New England rocks on the sea-coast, which Agassiz imagines to bear the marks of violent scraping
3927	1888	1888	0.250289	1	It also seems to me that such scratches in the whale are probably made by hostile contact with other whales; for I have 
3928	2268	2268	0.177068	1	A word or two more concerning this matter of the skin or blubber of the whale.
3929	1888	1888	0.302140	1	It has already been said, that it is stript from him in long pieces, called blanket-pieces.
3930	1600	1600	2.070412	1	Like most sea-terms, this one is very happy and significant.
3931	2247	2247	0.305477	1	For the whale is indeed wrapt up in his blubber as in a real blanket or counterpane; or, still better, an Indian poncho 
3932	1640	1640	0.261127	1	It is by reason of this cosy blanketing of his body, that the whale is enabled to keep himself comfortable in all weathe
3933	2073	2073	0.010491	1	What would become of a Greenland whale, say, in those shuddering, icy seas of the North, if unsupplied with his cosy sur
3934	62	62	0.412674	1	True, other fish are found exceedingly brisk in those Hyperborean waters; but these, be it observed, are your cold-blood
3935	2287	2287	0.431090	1	Freeze his blood, and he dies.
3936	2609	2609	0.366635	1	How wonderful is it then—except after explanation—that this great monster, to whom corporeal warmth is as indispensable 
3937	1888	1888	0.198668	1	where, when seamen fall overboard, they are sometimes found, months afterwards, perpendicularly frozen into the hearts o
3938	1960	1960	1.024174	1	But more surprising is it to know, as has been proved by experiment, that the blood of a Polar whale is warmer than that
3939	1888	1888	0.322468	1	It does seem to me, that herein we see the rare virtue of a strong individual vitality, and the rare virtue of thick wal
3940	1790	1790	0.707783	1	admire and model thyself after the whale!
3941	1888	1888	0.242540	1	Do thou, too, remain warm among ice.
3942	2761	2761	1.079307	1	Do thou, too, live in this world without being of it.
3943	1888	1888	0.257701	1	Be cool at the equator; keep thy blood fluid at the Pole.
3944	8	8	0.257480	1	Like the great dome of St. Peter’s, and like the great whale, retain, O man!
3945	508	508	0.241029	1	in all seasons a temperature of thine own.
3946	638	638	0.649528	1	But how easy and how hopeless to teach these fine things!
3947	2031	2031	0.492257	1	Of erections, how few are domed like St. Peter’s!
3948	1790	1790	0.251816	1	of creatures, how few vast as the whale!
3949	8	8	0.064210	1	Let the carcase go astern!” The vast tackles have now done their duty.
3950	392	392	0.296650	1	The peeled white body of the beheaded whale flashes like a marble sepulchre; though changed in hue, it has not perceptib
3951	1869	1869	0.070127	1	Slowly it floats more and more away, the water round it torn and splashed by the insatiate sharks, and the air above vex
3952	2659	2659	0.666835	1	The vast white headless phantom floats further and further from the ship, and every rod that it so floats, what seem squ
3953	2073	2073	0.066710	1	For hours and hours from the almost stationary ship that hideous sight is seen.
3954	1888	1888	0.059927	1	Beneath the unclouded and mild azure sky, upon the fair face of the pleasant sea, wafted by the joyous breezes, that gre
3955	1654	1654	0.046460	1	There’s a most doleful and most mocking funeral!
3956	1594	1594	0.236162	1	The sea-vultures all in pious mourning, the air-sharks all punctiliously in black or speckled.
3957	2661	2661	0.282978	1	In life but few of them would have helped the whale, I ween, if peradventure he had needed it; but upon the banquet of h
3958	1888	1888	0.246984	1	Oh, horrible vultureism of earth!
3959	1787	1787	0.338216	1	from which not the mightiest whale is free.
3960	674	674	0.414079	1	Nor is this the end.
3961	2368	2368	0.153477	1	Desecrated as the body is, a vengeful ghost survives and hovers over it to scare.
3962	2073	2073	0.386901	1	Espied by some timid man-of-war or blundering discovery-vessel from afar, when the distance obscuring the swarming fowls
3963	8	8	0.454617	1	There’s your law of precedents; there’s your utility of traditions; there’s the story of your obstinate survival of old 
3964	8	8	0.425855	1	Thus, while in life the great whale’s body may have been a real terror to his foes, in his death his ghost becomes a pow
3965	690	690	0.009821	1	Are you a believer in ghosts, my friend?
3966	1098	1098	0.175110	1	There are other ghosts than the Cock-Lane one, and far deeper men than Doctor Johnson who believe in them.
3967	801	801	0.428001	1	It should not have been omitted that previous to completely stripping the body of the leviathan, he was beheaded.
3968	340	340	0.351683	1	Now, the beheading of the Sperm Whale is a scientific anatomical feat, upon which experienced whale surgeons very much p
3969	1594	1594	0.865159	1	Consider that the whale has nothing that can properly be called a neck; on the contrary, where his head and body seem to
3970	1642	1642	1.104686	1	Remember, also, that the surgeon must operate from above, some eight or ten feet intervening between him and his subject
3971	1594	1594	0.161254	1	Bear in mind, too, that under these untoward circumstances he has to cut many feet deep in the flesh; and in that subter
3972	2945	2945	1.497513	1	Do you not marvel, then, at Stubb’s boast, that he demanded but ten minutes to behead a sperm whale?
3973	2073	2073	0.116622	1	When first severed, the head is dropped astern and held there by a cable till the body is stripped.
3974	2315	2315	1.114630	1	That done, if it belong to a small whale it is hoisted on deck to be deliberately disposed of.
3975	1718	1718	0.265370	1	But, with a full grown leviathan this is impossible; for the sperm whale’s head embraces nearly one third of his entire 
3976	1888	1888	0.172162	1	The Pequod’s whale being decapitated and the body stripped, the head was hoisted against the ship’s side—about half way 
3977	1594	1594	0.498734	1	And there with the strained craft steeply leaning over to it, by reason of the enormous downward drag from the lower mas
3978	2315	2315	0.272974	1	When this last task was accomplished it was noon, and the seamen went below to their dinner.
3979	2073	2073	0.054594	1	Silence reigned over the before tumultuous but now deserted deck.
3980	1903	1903	0.156695	1	An intense copper calm, like a universal yellow lotus, was more and more unfolding its noiseless measureless leaves upon
3981	548	548	0.642317	1	A short space elapsed, and up into this noiselessness came Ahab alone from his cabin.
3982	1147	1147	0.717221	1	Taking a few turns on the quarter-deck, he paused to gaze over the side, then slowly getting into the main-chains he too
3983	1790	1790	0.094415	1	It was a black and hooded head; and hanging there in the midst of so intense a calm, it seemed the Sphynx’s in the deser
3984	541	541	0.186268	1	“Speak, thou vast and venerable head,” muttered Ahab, “which, though ungarnished with a beard, yet here and there lookes
3985	1467	1467	0.155641	1	Of all divers, thou hast dived the deepest.
3986	8	8	0.077238	1	That head upon which the upper sun now gleams, has moved amid this world’s foundations.
3987	2661	2661	0.107707	1	Where unrecorded names and navies rust, and untold hopes and anchors rot; where in her murderous hold this frigate earth
3988	1790	1790	0.217072	1	Thou hast been where bell or diver never went; hast slept by many a sailor’s side, where sleepless mothers would give th
3989	1790	1790	0.036382	1	Thou saw’st the locked lovers when leaping from their flaming ship; heart to heart they sank beneath the exulting wave; 
3990	1790	1790	0.036384	1	Thou saw’st the murdered mate when tossed by pirates from the midnight deck; for hours he fell into the deeper midnight 
3991	548	548	0.968153	1	thou hast seen enough to split the planets and make an infidel of Abraham, and not one syllable is thine!” “Sail ho!” cr
3992	1843	1843	0.356338	1	Well, now, that’s cheering,” cried Ahab, suddenly erecting himself, while whole thunder-clouds swept aside from his brow
3993	688	688	0.141407	1	“That lively cry upon this deadly calm might almost convert a better man.—Where away?” “Three points on the starboard bo
3994	429	429	0.003719	1	Would now St. Paul would come along that way, and to my breezelessness bring his breeze!
3995	1888	1888	0.635988	1	O Nature, and O soul of man!
3996	2609	2609	0.987417	1	how far beyond all utterance are your linked analogies!
3997	858	858	0.021801	1	not the smallest atom stirs or lives on matter, but has its cunning duplicate in mind.” CHAPTER 71.
3998	1888	1888	0.024133	1	Hand in hand, ship and breeze blew on; but the breeze came faster than the ship, and soon the Pequod began to rock.
3999	541	541	0.169265	1	By and by, through the glass the stranger’s boats and manned mast-heads proved her a whale-ship.
4000	1678	1678	0.053680	1	But as she was so far to windward, and shooting by, apparently making a passage to some other ground, the Pequod could n
4001	1888	1888	0.275279	1	So the signal was set to see what response would be made.
4002	2073	2073	0.037141	1	Here be it said, that like the vessels of military marines, the ships of the American Whale Fleet have each a private si
4003	1594	1594	0.230694	1	Thereby, the whale commanders are enabled to recognise each other upon the ocean, even at considerable distances and wit
4004	3055	3055	0.164718	1	The Pequod’s signal was at last responded to by the stranger’s setting her own; which proved the ship to be the Jeroboam
4005	2073	2073	0.299805	1	Squaring her yards, she bore down, ranged abeam under the Pequod’s lee, and lowered a boat; it soon drew nigh; but, as t
4006	232	232	0.071968	1	It turned out that the Jeroboam had a malignant epidemic on board, and that Mayhew, her captain, was fearful of infectin
4007	1594	1594	0.059582	1	For, though himself and boat’s crew remained untainted, and though his ship was half a rifle-shot off, and an incorrupti
4008	1888	1888	0.059587	1	But this did by no means prevent all communications.
4009	1594	1594	0.032439	1	Preserving an interval of some few yards between itself and the ship, the Jeroboam’s boat by the occasional use of its o
4010	541	541	0.532237	1	Subject to this, and other the like interruptions now and then, a conversation was sustained between the two parties; bu
4011	2874	2874	0.480347	1	Pulling an oar in the Jeroboam’s boat, was a man of a singular appearance, even in that wild whaling life where individu
4012	1054	1054	0.137913	1	He was a small, short, youngish man, sprinkled all over his face with freckles, and wearing redundant yellow hair.
4013	1594	1594	0.382800	1	A long-skirted, cabalistically-cut coat of a faded walnut tinge enveloped him; the overlapping sleeves of which were rol
4014	928	928	0.220486	1	A deep, settled, fanatic delirium was in his eyes.
4015	688	688	0.129719	1	So soon as this figure had been first descried, Stubb had exclaimed—“That’s he!
4016	1790	1790	0.297514	1	that’s he!—the long-togged scaramouch the Town-Ho’s company told us of!” Stubb here alluded to a strange story told of t
4017	1790	1790	0.282244	1	According to this account and what was subsequently learned, it seemed that the scaramouch in question had gained a wond
4018	2215	2215	0.296592	1	His story was this: He had been originally nurtured among the crazy society of Neskyeuna Shakers, where he had been a gr
4019	1054	1054	0.109896	1	A strange, apostolic whim having seized him, he had left Neskyeuna for Nantucket, where, with that cunning peculiar to c
4020	1869	1869	0.164779	1	They engaged him; but straightway upon the ship’s getting out of sight of land, his insanity broke out in a freshet.
4021	1888	1888	0.010040	1	He announced himself as the archangel Gabriel, and commanded the captain to jump overboard.
4022	2208	2208	0.762558	1	He published his manifesto, whereby he set himself forth as the deliverer of the isles of the sea and vicar-general of a
4023	1054	1054	0.017408	1	The unflinching earnestness with which he declared these things;—the dark, daring play of his sleepless, excited imagina
4024	1888	1888	0.719710	1	Moreover, they were afraid of him.
4025	1790	1790	0.120649	1	As such a man, however, was not of much practical use in the ship, especially as he refused to work except when he pleas
4026	548	548	0.168606	1	So strongly did he work upon his disciples among the crew, that at last in a body they went to the captain and told him 
4027	1888	1888	0.085826	1	He was therefore forced to relinquish his plan.
4028	2761	2761	0.342864	1	Nor would they permit Gabriel to be any way maltreated, say or do what he would; so that it came to pass that Gabriel ha
4029	746	746	0.384199	1	The consequence of all this was, that the archangel cared little or nothing for the captain and mates; and since the epi
4030	232	232	0.430599	1	The sailors, mostly poor devils, cringed, and some of them fawned before him; in obedience to his instructions, sometime
4031	1678	1678	0.137452	1	Such things may seem incredible; but, however wondrous, they are true.
4032	674	674	0.771651	1	Nor is the history of fanatics half so striking in respect to the measureless self-deception of the fanatic himself, as 
4033	1869	1869	0.143929	1	But it is time to return to the Pequod.
4034	1102	1102	0.029970	1	“I fear not thy epidemic, man,” said Ahab from the bulwarks, to Captain Mayhew, who stood in the boat’s stern; “come on 
4035	2659	2659	1.109695	1	“Think, think of the fevers, yellow and bilious!
4036	1888	1888	0.151919	1	Beware of the horrible plague!” “Gabriel!
4037	8	8	0.259294	1	Gabriel!” cried Captain Mayhew; “thou must either—” But that instant a headlong wave shot the boat far ahead, and its se
4038	2148	2148	0.350253	1	“Hast thou seen the White Whale?” demanded Ahab, when the boat drifted back.
4039	2659	2659	1.109695	1	“Think, think of thy whale-boat, stoven and sunk!
4040	1888	1888	0.082953	1	Beware of the horrible tail!” “I tell thee again, Gabriel, that—” But again the boat tore ahead as if dragged by fiends.
4041	2874	2874	0.614796	1	Nothing was said for some moments, while a succession of riotous waves rolled by, which by one of those occasional capri
4042	1888	1888	0.112593	1	Meantime, the hoisted sperm whale’s head jogged about very violently, and Gabriel was seen eyeing it with rather more ap
4043	1627	1627	0.076715	1	When this interlude was over, Captain Mayhew began a dark story concerning Moby Dick; not, however, without frequent int
4044	3058	3058	0.009512	1	It seemed that the Jeroboam had not long left home, when upon speaking a whale-ship, her people were reliably apprised o
4045	1888	1888	0.070723	1	Greedily sucking in this intelligence, Gabriel solemnly warned the captain against attacking the White Whale, in case th
4046	1371	1371	0.158769	1	But when, some year or two afterwards, Moby Dick was fairly sighted from the mast-heads, Macey, the chief mate, burned w
4047	386	386	0.076859	1	With them he pushed off; and, after much weary pulling, and many perilous, unsuccessful onsets, he at last succeeded in 
4048	1888	1888	0.164191	1	Meantime, Gabriel, ascending to the main-royal mast-head, was tossing one arm in frantic gestures, and hurling forth pro
4049	8	8	0.028090	1	Now, while Macey, the mate, was standing up in his boat’s bow, and with all the reckless energy of his tribe was venting
4050	2874	2874	0.156684	1	a broad white shadow rose from the sea; by its quick, fanning motion, temporarily taking the breath out of the bodies of
4051	2672	2672	0.157443	1	Next instant, the luckless mate, so full of furious life, was smitten bodily into the air, and making a long arc in his 
4052	2874	2874	0.445516	1	Not a chip of the boat was harmed, nor a hair of any oarsman’s head; but the mate for ever sank.
4053	1718	1718	0.269963	1	It is well to parenthesize here, that of the fatal accidents in the Sperm-Whale Fishery, this kind is perhaps almost as 
4054	2660	2660	0.132829	1	Sometimes, nothing is injured but the man who is thus annihilated; oftener the boat’s bow is knocked off, or the thigh-b
4055	294	294	0.059057	1	But strangest of all is the circumstance, that in more instances than one, when the body has been recovered, not a singl
4056	2073	2073	0.012594	1	The whole calamity, with the falling form of Macey, was plainly descried from the ship.
4057	1790	1790	0.008047	1	Raising a piercing shriek—“The vial!
4058	2073	2073	0.851439	1	the vial!” Gabriel called off the terror-stricken crew from the further hunting of the whale.
4059	2874	2874	0.048323	1	This terrible event clothed the archangel with added influence; because his credulous disciples believed that he had spe
4060	2874	2874	0.273681	1	He became a nameless terror to the ship.
4061	1790	1790	0.560665	1	Mayhew having concluded his narration, Ahab put such questions to him, that the stranger captain could not forbear inqui
4062	1795	1795	0.385328	1	To which Ahab answered—“Aye.” Straightway, then, Gabriel once more started to his feet, glaring upon the old man, and ve
4063	1888	1888	0.505074	1	Starbuck, look over the bag.” Every whale-ship takes out a goodly number of letters for various ships, whose delivery to
4064	746	746	0.013048	1	Thus, most letters never reach their mark; and many are only received after attaining an age of two or three years or mo
4065	2369	2369	0.380864	1	Soon Starbuck returned with a letter in his hand.
4066	2874	2874	0.176264	1	It was sorely tumbled, damp, and covered with a dull, spotted, green mould, in consequence of being kept in a dark locke
4067	2031	2031	0.023258	1	Of such a letter, Death himself might well have been the post-boy.
4068	8	8	0.020550	1	“Can’st not read it?” cried Ahab.
4069	1790	1790	0.010984	1	Aye, aye, it’s but a dim scrawl;—what’s this?” As he was studying it out, Starbuck took a long cutting-spade pole, and w
4070	1888	1888	0.540260	1	Meantime, Ahab holding the letter, muttered, “Mr.
4071	1888	1888	0.138697	1	Har—yes, Mr. Harry—(a woman’s pinny hand,—the man’s wife, I’ll wager)—Aye—Mr.
4072	1790	1790	0.109569	1	Harry Macey, Ship Jeroboam;—why it’s Macey, and he’s dead!” “Poor fellow!
4073	548	548	0.897052	1	and from his wife,” sighed Mayhew; “but let me have it.” “Nay, keep it thyself,” cried Gabriel to Ahab; “thou art soon g
4074	688	688	0.028051	1	“Captain Mayhew, stand by now to receive it”; and taking the fatal missive from Starbuck’s hands, he caught it in the sl
4075	1594	1594	0.165340	1	But as he did so, the oarsmen expectantly desisted from rowing; the boat drifted a little towards the ship’s stern; so t
4076	1888	1888	0.213978	1	He clutched it in an instant, seized the boat-knife, and impaling the letter on it, sent it thus loaded back into the sh
4077	1888	1888	0.096020	1	It fell at Ahab’s feet.
4078	1275	1275	0.099737	1	Then Gabriel shrieked out to his comrades to give way with their oars, and in that manner the mutinous boat rapidly shot
4079	1790	1790	0.288752	1	As, after this interlude, the seamen resumed their work upon the jacket of the whale, many strange things were hinted in
4080	2659	2659	0.178861	1	In the tumultuous business of cutting-in and attending to a whale, there is much running backwards and forwards among th
4081	1790	1790	0.180964	1	Now hands are wanted here, and then again hands are wanted there.
4082	592	592	0.405424	1	There is no staying in any one place; for at one and the same time everything has to be done everywhere.
4083	62	62	0.264357	1	It is much the same with him who endeavors the description of the scene.
4084	246	246	0.660357	1	We must now retrace our way a little.
4085	8	8	0.030220	1	It was mentioned that upon first breaking ground in the whale’s back, the blubber-hook was inserted into the original ho
4086	2469	2469	0.160447	1	But how did so clumsy and weighty a mass as that same hook get fixed in that hole?
4087	1888	1888	0.070862	1	It was inserted there by my particular friend Queequeg, whose duty it was, as harpooneer, to descend upon the monster’s 
4088	2659	2659	1.089753	1	But in very many cases, circumstances require that the harpooneer shall remain on the whale till the whole flensing or s
4089	1888	1888	0.068238	1	The whale, be it observed, lies almost entirely submerged, excepting the immediate parts operated upon.
4090	2073	2073	0.032841	1	So down there, some ten feet below the level of the deck, the poor harpooneer flounders about, half on the whale and hal
4091	2528	2528	0.280201	1	On the occasion in question, Queequeg figured in the Highland costume—a shirt and socks—in which to my eyes, at least, h
4092	2073	2073	0.235563	1	Being the savage’s bowsman, that is, the person who pulled the bow-oar in his boat (the second one from forward), it was
4093	1888	1888	0.177338	1	You have seen Italian organ-boys holding a dancing-ape by a long cord.
4094	8	8	0.476766	1	Just so, from the ship’s steep side, did I hold Queequeg down there in the sea, by what is technically called in the fis
4095	2468	2468	0.080725	1	It was a humorously perilous business for both of us.
4096	540	540	0.217094	1	For, before we proceed further, it must be said that the monkey-rope was fast at both ends; fast to Queequeg’s broad can
4097	541	541	0.810245	1	So that for better or for worse, we two, for the time, were wedded; and should poor Queequeg sink to rise no more, then 
4098	2319	2319	0.202171	1	So, then, an elongated Siamese ligature united us.
4099	1888	1888	0.094407	1	Queequeg was my own inseparable twin brother; nor could I any way get rid of the dangerous liabilities which the hempen 
4100	548	548	0.292597	1	So strongly and metaphysically did I conceive of my situation then, that while earnestly watching his motions, I seemed 
4101	1888	1888	0.092457	1	Therefore, I saw that here was a sort of interregnum in Providence; for its even-handed equity never could have so gross
4102	1642	1642	0.086146	1	And yet still further pondering—while I jerked him now and then from between the whale and ship, which would threaten to
4103	2287	2287	0.299631	1	If your banker breaks, you snap; if your apothecary by mistake sends you poison in your pills, you die.
4104	1098	1098	0.239765	1	True, you may say that, by exceeding caution, you may possibly escape these and the multitudinous other evil chances of 
4105	1594	1594	0.209135	1	But handle Queequeg’s monkey-rope heedfully as I would, sometimes he jerked it so, that I came very near sliding overboa
4106	62	62	0.559823	1	Nor could I possibly forget that, do what I would, I only had the management of one end of it.
4107	1790	1790	0.036306	1	* *The monkey-rope is found in all whalers; but it was only in the Pequod that the monkey and his holder were ever tied 
4108	2659	2659	0.818790	1	This improvement upon the original usage was introduced by no less a man than Stubb, in order to afford the imperilled h
4109	1642	1642	0.434681	1	I have hinted that I would often jerk poor Queequeg from between the whale and the ship—where he would occasionally fall
4110	378	378	1.618804	1	But this was not the only jamming jeopardy he was exposed to.
4111	1594	1594	0.249406	1	Unappalled by the massacre made upon them during the night, the sharks now freshly and more keenly allured by the before
4112	548	548	1.053420	1	And right in among those sharks was Queequeg; who often pushed them aside with his floundering feet.
4113	1934	1934	0.020193	1	A thing altogether incredible were it not that attracted by such prey as a dead whale, the otherwise miscellaneously car
4114	1888	1888	0.507192	1	Nevertheless, it may well be believed that since they have such a ravenous finger in the pie, it is deemed but wise to l
4115	1594	1594	0.601473	1	Accordingly, besides the monkey-rope, with which I now and then jerked the poor fellow from too close a vicinity to the 
4116	2609	2609	0.438706	1	Suspended over the side in one of the stages, Tashtego and Daggoo continually flourished over his head a couple of keen 
4117	429	429	0.087085	1	This procedure of theirs, to be sure, was very disinterested and benevolent of them.
4118	1642	1642	2.089944	1	They meant Queequeg’s best happiness, I admit; but in their hasty zeal to befriend him, and from the circumstance that b
4119	1405	1405	0.143288	1	But poor Queequeg, I suppose, straining and gasping there with that great iron hook—poor Queequeg, I suppose, only praye
4120	1843	1843	0.522966	1	Well, well, my dear comrade and twin-brother, thought I, as I drew in and then slacked off the rope to every swell of th
4121	1210	1210	0.236474	1	Are you not the precious image of each and all of us men in this whaling world?
4122	1790	1790	0.316384	1	That unsounded ocean you gasp in, is Life; those sharks, your foes; those spades, your friends; and what between sharks 
4123	1888	1888	0.074932	1	there is good cheer in store for you, Queequeg.
4124	1600	1600	0.403964	1	For now, as with blue lips and blood-shot eyes the exhausted savage at last climbs up the chains and stands all dripping
4125	2094	2094	0.467498	1	hands him a cup of tepid ginger and water!
4126	1594	1594	0.496816	1	Do I smell ginger?” suspiciously asked Stubb, coming near.
4127	688	688	0.681044	1	“Yes, this must be ginger,” peering into the as yet untasted cup.
4128	1797	1797	0.246705	1	Then standing as if incredulous for a while, he calmly walked towards the astonished steward slowly saying, “Ginger?
4129	427	427	0.355171	1	and will you have the goodness to tell me, Mr. Dough-Boy, where lies the virtue of ginger?
4130	1731	1731	0.074178	1	is ginger the sort of fuel you use, Dough-boy, to kindle a fire in this shivering cannibal?
4131	1888	1888	0.738914	1	Ginger!—what the devil is ginger?
4132	686	686	0.156980	1	firewood?—lucifer matches?—tinder?—gunpowder?—what the devil is ginger, I say, that you offer this cup to our poor Queeq
4133	1074	1074	0.179768	1	“Will you look at that kannakin, sir: smell of it, if you please.” Then watching the mate’s countenance, he added, “The 
4134	674	674	0.793938	1	Is the steward an apothecary, sir?
4135	688	688	0.201004	1	and may I ask whether this is the sort of bitters by which he blows back the life into a half-drowned man?” “I trust not
4136	548	548	0.632786	1	You have got out insurances on our lives and want to murder us all, and pocket the proceeds, do ye?” “It was not me,” cr
4137	1790	1790	0.108753	1	and run along with ye to the lockers, and get something better.
4138	1888	1888	0.049128	1	I hope I do no wrong, Mr. Starbuck.
4139	548	548	0.516547	1	It is the captain’s orders—grog for the harpooneer on a whale.” “Enough,” replied Starbuck, “only don’t hit him again, b
4140	882	882	0.021719	1	What were you about saying, sir?” “Only this: go down with him, and get what thou wantest thyself.” When Stubb reappeare
4141	2496	2496	0.500413	1	The first contained strong spirits, and was handed to Queequeg; the second was Aunt Charity’s gift, and that was freely 
4142	1888	1888	0.468773	1	Stubb and Flask kill a Right Whale; and Then Have a Talk over Him.
4143	1888	1888	0.156281	1	It must be borne in mind that all this time we have a Sperm Whale’s prodigious head hanging to the Pequod’s side.
4144	1763	1763	0.458030	1	But we must let it continue hanging there a while till we can get a chance to attend to it.
4145	2073	2073	0.141892	1	For the present other matters press, and the best we can do now for the head, is to pray heaven the tackles may hold.
4146	2073	2073	0.162636	1	Now, during the past night and forenoon, the Pequod had gradually drifted into a sea, which, by its occasional patches o
4147	1594	1594	0.340895	1	And though all hands commonly disdained the capture of those inferior creatures; and though the Pequod was not commissio
4148	674	674	0.376837	1	Nor was this long wanting.
4149	1888	1888	0.228831	1	Tall spouts were seen to leeward; and two boats, Stubb’s and Flask’s, were detached in pursuit.
4150	1888	1888	0.011401	1	Pulling further and further away, they at last became almost invisible to the men at the mast-head.
4151	1642	1642	0.607728	1	But suddenly in the distance, they saw a great heap of tumultuous white water, and soon after news came from aloft that 
4152	2073	2073	0.219410	1	An interval passed and the boats were in plain sight, in the act of being dragged right towards the ship by the towing w
4153	1935	1935	0.352172	1	So close did the monster come to the hull, that at first it seemed as if he meant it malice; but suddenly going down in 
4154	2659	2659	0.243794	1	“Cut, cut!” was the cry from the ship to the boats, which, for one instant, seemed on the point of being brought with a 
4155	2219	2219	0.017115	1	But having plenty of line yet in the tubs, and the whale not sounding very rapidly, they paid out abundance of rope, and
4156	2874	2874	0.125046	1	For a few minutes the struggle was intensely critical; for while they still slacked out the tightened line in one direct
4157	746	746	1.116988	1	But it was only a few feet advance they sought to gain.
4158	1594	1594	0.215754	1	And they stuck to it till they did gain it; when instantly, a swift tremor was felt running like lightning along the kee
4159	2073	2073	0.004836	1	But the fagged whale abated his speed, and blindly altering his course, went round the stern of the ship towing the two 
4160	541	541	0.615098	1	Meantime, they hauled more and more upon their lines, till close flanking him on both sides, Stubb answered Flask with l
4161	2215	2215	0.135738	1	At last his spout grew thick, and with a frightful roll and vomit, he turned upon his back a corpse.
4162	1695	1695	0.016234	1	While the two headsmen were engaged in making fast cords to his flukes, and in other ways getting the mass in readiness 
4163	688	688	0.080930	1	“I wonder what the old man wants with this lump of foul lard,” said Stubb, not without some disgust at the thought of ha
4164	1790	1790	0.017961	1	“Wants with it?” said Flask, coiling some spare line in the boat’s bow, “did you never hear that the ship which but once
4165	1888	1888	0.017424	1	“I don’t know, but I heard that gamboge ghost of a Fedallah saying so, and he seems to know all about ships’ charms.
4166	8	8	0.206539	1	But I sometimes think he’ll charm the ship to no good at last.
4167	8	8	0.094250	1	I don’t half like that chap, Stubb.
4168	2874	2874	0.164636	1	Did you ever notice how that tusk of his is a sort of carved into a snake’s head, Stubb?” “Sink him!
4169	3055	3055	0.112029	1	I never look at him at all; but if ever I get a chance of a dark night, and he standing hard by the bulwarks, and no one
4170	1888	1888	0.576989	1	Flask, I take that Fedallah to be the devil in disguise.
4171	1888	1888	0.083565	1	Do you believe that cock and bull story about his having been stowed away on board ship?
4172	8	8	0.175417	1	He’s the devil, I say.
4173	2874	2874	0.051676	1	The reason why you don’t see his tail, is because he tucks it up out of sight; he carries it coiled away in his pocket, 
4174	8	8	0.114441	1	now that I think of it, he’s always wanting oakum to stuff into the toes of his boots.” “He sleeps in his boots, don’t h
4175	1613	1613	0.522906	1	He hasn’t got any hammock; but I’ve seen him lay of nights in a coil of rigging.” “No doubt, and it’s because of his cur
4176	1888	1888	0.235656	1	Stubb, you are skylarking; how can Fedallah do that?” “I don’t know, Flask, but the devil is a curious chap, and a wicke
4177	1102	1102	0.971512	1	Why, they say as how he went a sauntering into the old flag-ship once, switching his tail about devilish easy and gentle
4178	1843	1843	0.890605	1	Well, he was at home, and asked the devil what he wanted.
4179	688	688	0.572794	1	The devil, switching his hoofs, up and says, ‘I want John.’ ‘What for?’ says the old governor.
4180	1102	1102	0.028027	1	‘What business is that of yours,’ says the devil, getting mad,—‘I want to use him.’ ‘Take him,’ says the governor—and by
4181	1888	1888	0.029502	1	But look sharp—ain’t you all ready there?
4182	1843	1843	0.505835	1	Well, then, pull ahead, and let’s get the whale alongside.” “I think I remember some such story as you were telling,” sa
4183	1888	1888	0.583474	1	Adventures of those three bloody-minded soldadoes?
4184	1888	1888	0.129250	1	Did ye read it there, Flask?
4185	8	8	0.023380	1	I guess ye did?” “No: never saw such a book; heard of it, though.
4186	2145	2145	0.236989	1	But now, tell me, Stubb, do you suppose that that devil you was speaking of just now, was the same you say is now on boa
4187	674	674	0.009510	1	Doesn’t the devil live for ever; who ever heard that the devil was dead?
4188	1790	1790	0.310081	1	Did you ever see any parson a wearing mourning for the devil?
4189	8	8	0.370670	1	And if the devil has a latch-key to get into the admiral’s cabin, don’t you suppose he can crawl into a porthole?
4190	2874	2874	0.554017	1	Tell me that, Mr. Flask?” “How old do you suppose Fedallah is, Stubb?” “Do you see that mainmast there?” pointing to the
4191	2874	2874	0.274163	1	Nor all the coopers in creation couldn’t show hoops enough to make oughts enough.” “But see here, Stubb, I thought you a
4192	8	8	0.209908	1	Now, if he’s so old as all those hoops of yours come to, and if he is going to live for ever, what good will it do to pi
4193	2073	2073	0.131617	1	“Give him a good ducking, anyhow.” “But he’d crawl back.” “Duck him again; and keep ducking him.” “Suppose he should tak
4194	1888	1888	0.083424	1	Damn the devil, Flask; so you suppose I’m afraid of the devil?
4195	8	8	0.248737	1	Who’s afraid of him, except the old governor who daresn’t catch him and put him in double-darbies, as he deserves, but l
4196	8	8	0.216926	1	There’s a governor!” “Do you suppose Fedallah wants to kidnap Captain Ahab?” “Do I suppose it?
4197	8	8	0.553601	1	You’ll know it before long, Flask.
4198	2659	2659	0.193200	1	But I am going now to keep a sharp look-out on him; and if I see anything very suspicious going on, I’ll just take him b
4199	638	638	0.191897	1	Sell it for an ox whip when we get home;—what else?” “Now, do you mean what you say, and have been saying all along, Stu
4200	1156	1156	0.684046	1	“Didn’t I tell you so?” said Flask; “yes, you’ll soon see this right whale’s head hoisted up opposite that parmacetti’s.
4201	1594	1594	0.292003	1	As before, the Pequod steeply leaned over towards the sperm whale’s head, now, by the counterpoise of both heads, she re
4202	2496	2496	0.107914	1	So, when on one side you hoist in Locke’s head, you go over that way; but now, on the other side, hoist in Kant’s and yo
4203	1888	1888	0.004969	1	Thus, some minds for ever keep trimming boat.
4204	1098	1098	0.228059	1	throw all these thunder-heads overboard, and then you will float light and right.
4205	1594	1594	0.199106	1	In disposing of the body of a right whale, when brought alongside the ship, the same preliminary proceedings commonly ta
4206	690	690	0.050260	1	But nothing like this, in the present case, had been done.
4207	62	62	0.272523	1	The carcases of both whales had dropped astern; and the head-laden ship not a little resembled a mule carrying a pair of
4208	911	911	0.134773	1	Meantime, Fedallah was calmly eyeing the right whale’s head, and ever and anon glancing from the deep wrinkles there to 
4209	1473	1473	0.106527	1	And Ahab chanced so to stand, that the Parsee occupied his shadow; while, if the Parsee’s shadow was there at all it see
4210	935	935	0.624155	1	As the crew toiled on, Laplandish speculations were bandied among them, concerning all these passing things.
4211	1888	1888	0.069918	1	The Sperm Whale’s Head—Contrasted View.
4212	485	485	0.043986	1	Here, now, are two great whales, laying their heads together; let us join them, and lay together our own.
4213	801	801	0.220224	1	Of the grand order of folio leviathans, the Sperm Whale and the Right Whale are by far the most noteworthy.
4214	1594	1594	0.411750	1	They are the only whales regularly hunted by man.
4215	1754	1754	0.036792	1	To the Nantucketer, they present the two extremes of all the known varieties of the whale.
4216	1594	1594	0.091916	1	As the external difference between them is mainly observable in their heads; and as a head of each is this moment hangin
4217	1888	1888	0.212847	1	In the first place, you are struck by the general contrast between these heads.
4218	2861	2861	0.377178	1	Both are massive enough in all conscience; but there is a certain mathematical symmetry in the Sperm Whale’s which the R
4219	8	8	0.017083	1	There is more character in the Sperm Whale’s head.
4220	1888	1888	0.079800	1	As you behold it, you involuntarily yield the immense superiority to him, in point of pervading dignity.
4221	2073	2073	0.015428	1	In the present instance, too, this dignity is heightened by the pepper and salt colour of his head at the summit, giving
4222	1888	1888	0.282363	1	In short, he is what the fishermen technically call a “grey-headed whale.” Let us now note what is least dissimilar in t
4223	2073	2073	0.392145	1	Far back on the side of the head, and low down, near the angle of either whale’s jaw, if you narrowly search, you will a
4224	8	8	0.230003	1	Now, from this peculiar sideway position of the whale’s eyes, it is plain that he can never see an object which is exact
4225	1888	1888	0.261024	1	In a word, the position of the whale’s eyes corresponds to that of a man’s ears; and you may fancy, for yourself, how it
4226	2073	2073	0.340715	1	You would find that you could only command some thirty degrees of vision in advance of the straight side-line of sight; 
4227	2874	2874	0.032558	1	If your bitterest foe were walking straight towards you, with dagger uplifted in broad day, you would not be able to see
4228	1888	1888	0.058968	1	In a word, you would have two backs, so to speak; but, at the same time, also, two fronts (side fronts): for what is it 
4229	2031	2031	0.349231	1	Moreover, while in most other animals that I can now think of, the eyes are so planted as imperceptibly to blend their v
4230	1888	1888	0.364866	1	The whale, therefore, must see one distinct picture on this side, and another distinct picture on that side; while all b
4231	2874	2874	0.105375	1	Man may, in effect, be said to look out on the world from a sentry-box with two joined sashes for his window.
4232	1594	1594	0.080793	1	But with the whale, these two sashes are separately inserted, making two distinct windows, but sadly impairing the view.
4233	2265	2265	0.133972	1	This peculiarity of the whale’s eyes is a thing always to be borne in mind in the fishery; and to be remembered by the r
4234	2661	2661	0.143988	1	A curious and most puzzling question might be started concerning this visual matter as touching the Leviathan.
4235	782	782	0.196734	1	But I must be content with a hint.
4236	8	8	0.067487	1	So long as a man’s eyes are open in the light, the act of seeing is involuntary; that is, he cannot then help mechanical
4237	419	419	0.643733	1	Nevertheless, any one’s experience will teach him, that though he can take in an undiscriminating sweep of things at one
4238	1275	1275	0.309983	1	But if you now come to separate these two objects, and surround each by a circle of profound darkness; then, in order to
4239	1790	1790	0.049158	1	How is it, then, with the whale?
4240	674	674	0.510421	1	True, both his eyes, in themselves, must simultaneously act; but is his brain so much more comprehensive, combining, and
4241	1718	1718	1.401556	1	If he can, then is it as marvellous a thing in him, as if a man were able simultaneously to go through the demonstration
4242	1888	1888	0.152351	1	Nor, strictly investigated, is there any incongruity in this comparison.
4243	1791	1791	0.436157	1	It may be but an idle whim, but it has always seemed to me, that the extraordinary vacillations of movement displayed by
4244	2609	2609	1.554356	1	But the ear of the whale is full as curious as the eye.
4245	1903	1903	0.110827	1	If you are an entire stranger to their race, you might hunt over these two heads for hours, and never discover that orga
4246	1594	1594	0.157118	1	The ear has no external leaf whatever; and into the hole itself you can hardly insert a quill, so wondrously minute is i
4247	1888	1888	0.455702	1	It is lodged a little behind the eye.
4248	564	564	0.354688	1	With respect to their ears, this important difference is to be observed between the sperm whale and the right.
4249	2496	2496	0.477036	1	While the ear of the former has an external opening, that of the latter is entirely and evenly covered over with a membr
4250	1934	1934	0.394305	1	Is it not curious, that so vast a being as the whale should see the world through so small an eye, and hear the thunder 
4251	1678	1678	0.333368	1	But if his eyes were broad as the lens of Herschel’s great telescope; and his ears capacious as the porches of cathedral
4252	550	550	0.816055	1	Not at all.—Why then do you try to “enlarge” your mind?
4253	1678	1678	0.028015	1	Let us now with whatever levers and steam-engines we have at hand, cant over the sperm whale’s head, that it may lie bot
4254	2747	2747	0.179643	1	But let us hold on here by this tooth, and look about us where we are.
4255	2094	2094	0.190557	1	What a really beautiful and chaste-looking mouth!
4256	1814	1814	0.611943	1	from floor to ceiling, lined, or rather papered with a glistening white membrane, glossy as bridal satins.
4257	1870	1870	0.304168	1	But come out now, and look at this portentous lower jaw, which seems like the long narrow lid of an immense snuff-box, w
4258	2219	2219	0.037265	1	If you pry it up, so as to get it overhead, and expose its rows of teeth, it seems a terrific portcullis; and such, alas
4259	1098	1098	0.263581	1	it proves to many a poor wight in the fishery, upon whom these spikes fall with impaling force.
4260	1790	1790	0.032718	1	But far more terrible is it to behold, when fathoms down in the sea, you see some sulky whale, floating there suspended,
4261	1710	1710	0.232795	1	This whale is not dead; he is only dispirited; out of sorts, perhaps; hypochondriac; and so supine, that the hinges of h
4262	1888	1888	0.414420	1	In most cases this lower jaw—being easily unhinged by a practised artist—is disengaged and hoisted on deck for the purpo
4263	2073	2073	0.542103	1	With a long, weary hoist the jaw is dragged on board, as if it were an anchor; and when the proper time comes—some few d
4264	2073	2073	0.082560	1	With a keen cutting-spade, Queequeg lances the gums; then the jaw is lashed down to ringbolts, and a tackle being rigged
4265	1098	1098	0.552391	1	There are generally forty-two teeth in all; in old whales, much worn down, but undecayed; nor filled after our artificia
4266	1888	1888	0.465363	1	The jaw is afterwards sawn into slabs, and piled away like joists for building houses.
4267	2073	2073	0.031800	1	The Right Whale’s Head—Contrasted View.
4268	1888	1888	0.515720	1	Crossing the deck, let us now have a good long look at the Right Whale’s head.
4269	946	946	0.026511	1	As in general shape the noble Sperm Whale’s head may be compared to a Roman war-chariot (especially in front, where it i
4270	2476	2476	0.011263	1	Two hundred years ago an old Dutch voyager likened its shape to that of a shoemaker’s last.
4271	429	429	0.183944	1	And in this same last or shoe, that old woman of the nursery tale, with the swarming brood, might very comfortably be lo
4272	2171	2171	0.153219	1	But as you come nearer to this great head it begins to assume different aspects, according to your point of view.
4273	2073	2073	0.628859	1	If you stand on its summit and look at these two F-shaped spoutholes, you would take the whole head for an enormous bass
4274	2073	2073	0.383730	1	Then, again, if you fix your eye upon this strange, crested, comb-like incrustation on the top of the mass—this green, b
4275	1790	1790	0.113434	1	At any rate, when you watch those live crabs that nestle here on this bonnet, such an idea will be almost sure to occur 
4276	1790	1790	0.027648	1	But if this whale be a king, he is a very sulky looking fellow to grace a diadem.
4277	1888	1888	0.345405	1	Look at that hanging lower lip!
4278	2874	2874	0.239796	1	what a huge sulk and pout is there!
4279	2874	2874	0.518959	1	a sulk and pout, by carpenter’s measurement, about twenty feet long and five feet deep; a sulk and pout that will yield 
4280	1888	1888	0.085842	1	A great pity, now, that this unfortunate whale should be hare-lipped.
4281	2073	2073	0.044459	1	The fissure is about a foot across.
4282	2874	2874	0.000523	1	Probably the mother during an important interval was sailing down the Peruvian coast, when earthquakes caused the beach 
4283	1888	1888	0.075864	1	Over this lip, as over a slippery threshold, we now slide into the mouth.
4284	20	20	0.297493	1	Upon my word were I at Mackinaw, I should take this to be the inside of an Indian wigwam.
4285	674	674	0.356126	1	is this the road that Jonah went?
4286	1594	1594	0.516354	1	The roof is about twelve feet high, and runs to a pretty sharp angle, as if there were a regular ridge-pole there; while
4287	1870	1870	0.061227	1	The edges of these bones are fringed with hairy fibres, through which the Right Whale strains the water, and in whose in
4288	1888	1888	0.095700	1	In the central blinds of bone, as they stand in their natural order, there are certain curious marks, curves, hollows, a
4289	2761	2761	0.579251	1	Though the certainty of this criterion is far from demonstrable, yet it has the savor of analogical probability.
4290	431	431	0.371980	1	At any rate, if we yield to it, we must grant a far greater age to the Right Whale than at first glance will seem reason
4291	1888	1888	0.418992	1	In old times, there seem to have prevailed the most curious fancies concerning these blinds.
4292	2073	2073	0.214704	1	One voyager in Purchas calls them the wondrous “whiskers” inside of the whale’s mouth;* another, “hogs’ bristles”; a thi
4293	559	559	0.011427	1	Sometimes these tufts impart a rather brigandish expression to his otherwise solemn countenance.
4294	2098	2098	1.037265	1	As every one knows, these same “hogs’ bristles,” “fins,” “whiskers,” “blinds,” or whatever you please, furnish to the la
4295	1790	1790	0.191396	1	But in this particular, the demand has long been on the decline.
4296	1640	1640	0.420300	1	It was in Queen Anne’s time that the bone was in its glory, the farthingale being then all the fashion.
4297	1678	1678	0.332505	1	And as those ancient dames moved about gaily, though in the jaws of the whale, as you may say; even so, in a shower, wit
4298	2659	2659	0.305232	1	But now forget all about blinds and whiskers for a moment, and, standing in the Right Whale’s mouth, look around you afr
4299	1934	1934	0.186592	1	Seeing all these colonnades of bone so methodically ranged about, would you not think you were inside of the great Haarl
4300	429	429	0.300364	1	For a carpet to the organ we have a rug of the softest Turkey—the tongue, which is glued, as it were, to the floor of th
4301	1888	1888	0.413681	1	It is very fat and tender, and apt to tear in pieces in hoisting it on deck.
4302	2742	2742	0.064404	1	This particular tongue now before us; at a passing glance I should say it was a six-barreler; that is, it will yield you
4303	1594	1594	0.239040	1	Ere this, you must have plainly seen the truth of what I started with—that the Sperm Whale and the Right Whale have almo
4304	1795	1795	0.734424	1	To sum up, then: in the Right Whale’s there is no great well of sperm; no ivory teeth at all; no long, slender mandible 
4305	548	548	0.653177	1	Nor in the Sperm Whale are there any of those blinds of bone; no huge lower lip; and scarcely anything of a tongue.
4306	1888	1888	0.127696	1	Again, the Right Whale has two external spout-holes, the Sperm Whale only one.
4307	2496	2496	0.268245	1	Look your last, now, on these venerable hooded heads, while they yet lie together; for one will soon sink, unrecorded, i
4308	8	8	0.040195	1	Can you catch the expression of the Sperm Whale’s there?
4309	1888	1888	0.206925	1	It is the same he died with, only some of the longer wrinkles in the forehead seem now faded away.
4310	298	298	0.173275	1	I think his broad brow to be full of a prairie-like placidity, born of a speculative indifference as to death.
4311	2145	2145	0.473817	1	But mark the other head’s expression.
4312	8	8	0.428706	1	See that amazing lower lip, pressed by accident against the vessel’s side, so as firmly to embrace the jaw.
4313	674	674	0.083842	1	Does not this whole head seem to speak of an enormous practical resolution in facing death?
4314	945	945	0.254194	1	This Right Whale I take to have been a Stoic; the Sperm Whale, a Platonian, who might have taken up Spinoza in his latte
4315	690	690	0.090683	1	Ere quitting, for the nonce, the Sperm Whale’s head, I would have you, as a sensible physiologist, simply—particularly r
4316	1888	1888	0.196335	1	I would have you investigate it now with the sole view of forming to yourself some unexaggerated, intelligent estimate o
4317	1594	1594	0.136484	1	Here is a vital point; for you must either satisfactorily settle this matter with yourself, or for ever remain an infide
4318	2219	2219	0.447702	1	You observe that in the ordinary swimming position of the Sperm Whale, the front of his head presents an almost wholly v
4319	2073	2073	0.071551	1	Moreover you observe that the whale has no external nose; and that what nose he has—his spout hole—is on the top of his 
4320	1054	1054	0.040194	1	Wherefore, you must now have perceived that the front of the Sperm Whale’s head is a dead, blind wall, without a single 
4321	2315	2315	0.267754	1	Furthermore, you are now to consider that only in the extreme, lower, backward sloping part of the front of the head, is
4322	1888	1888	0.033267	1	So that this whole enormous boneless mass is as one wad.
4323	3058	3058	0.022804	1	Finally, though, as will soon be revealed, its contents partly comprise the most delicate oil; yet, you are now to be ap
4324	1888	1888	0.042132	1	In some previous place I have described to you how the blubber wraps the body of the whale, as the rind wraps an orange.
4325	267	267	0.082320	1	Just so with the head; but with this difference: about the head this envelope, though not so thick, is of a boneless tou
4326	1594	1594	0.229661	1	The severest pointed harpoon, the sharpest lance darted by the strongest human arm, impotently rebounds from it.
4327	1888	1888	0.100160	1	It is as though the forehead of the Sperm Whale were paved with horses’ hoofs.
4328	2982	2982	0.285071	1	I do not think that any sensation lurks in it.
4329	1888	1888	0.271053	1	Bethink yourself also of another thing.
4330	1054	1054	0.037583	1	When two large, loaded Indiamen chance to crowd and crush towards each other in the docks, what do the sailors do?
4331	2073	2073	0.495735	1	They do not suspend between them, at the point of coming contact, any merely hard substance, like iron or wood.
4332	2874	2874	0.304430	1	No, they hold there a large, round wad of tow and cork, enveloped in the thickest and toughest of ox-hide.
4333	1645	1645	0.903948	1	That bravely and uninjured takes the jam which would have snapped all their oaken handspikes and iron crow-bars.
4334	1821	1821	0.051155	1	By itself this sufficiently illustrates the obvious fact I drive at.
4335	1594	1594	0.013141	1	But supplementary to this, it has hypothetically occurred to me, that as ordinary fish possess what is called a swimming
4336	2661	2661	0.062845	1	If this be so, fancy the irresistibleness of that might, to which the most impalpable and destructive of all elements co
4337	1594	1594	0.346061	1	Unerringly impelling this dead, impregnable, uninjurable wall, and this most buoyant thing within; there swims behind it
4338	946	946	0.031462	1	So that when I shall hereafter detail to you all the specialities and concentrations of potency everywhere lurking in th
4339	1857	1857	0.000690	1	For unless you own the whale, you are but a provincial and sentimentalist in Truth.
4340	746	746	0.011764	1	But clear Truth is a thing for salamander giants only to encounter; how small the chances for the provincials then?
4341	1790	1790	0.244023	1	What befell the weakling youth lifting the dread goddess’s veil at Lais?
4342	548	548	0.500299	1	Now comes the Baling of the Case.
4343	2874	2874	0.101329	1	But to comprehend it aright, you must know something of the curious internal structure of the thing operated upon.
4344	2496	2496	0.157947	1	Regarding the Sperm Whale’s head as a solid oblong, you may, on an inclined plane, sideways divide it into two quoins,* 
4345	2977	2977	0.511788	1	At the middle of the forehead horizontally subdivide this upper quoin, and then you have two almost equal parts, which b
4346	1888	1888	0.445140	1	*Quoin is not a Euclidean term.
4347	1888	1888	0.046461	1	It belongs to the pure nautical mathematics.
4348	1888	1888	0.268530	1	I know not that it has been defined before.
4349	1888	1888	0.183501	1	A quoin is a solid which differs from a wedge in having its sharp end formed by the steep inclination of one side, inste
4350	2659	2659	0.418288	1	The lower subdivided part, called the junk, is one immense honeycomb of oil, formed by the crossing and recrossing, into
4351	232	232	0.655910	1	The upper part, known as the Case, may be regarded as the great Heidelburgh Tun of the Sperm Whale.
4352	1594	1594	0.634596	1	And as that famous great tierce is mystically carved in front, so the whale’s vast plaited forehead forms innumerable st
4353	777	777	0.184298	1	Moreover, as that of Heidelburgh was always replenished with the most excellent of the wines of the Rhenish valleys, so 
4354	674	674	0.414078	1	Nor is this precious substance found unalloyed in any other part of the creature.
4355	1558	1558	0.202663	1	Though in life it remains perfectly fluid, yet, upon exposure to the air, after death, it soon begins to concrete; sendi
4356	8	8	0.241961	1	A large whale’s case generally yields about five hundred gallons of sperm, though from unavoidable circumstances, consid
4357	1888	1888	0.012801	1	I know not with what fine and costly material the Heidelburgh Tun was coated within, but in superlative richness that co
4358	1600	1600	0.037150	1	It will have been seen that the Heidelburgh Tun of the Sperm Whale embraces the entire length of the entire top of the h
4359	1594	1594	0.072950	1	As in decapitating the whale, the operator’s instrument is brought close to the spot where an entrance is subsequently f
4360	2752	2752	0.065785	1	It is this decapitated end of the head, also, which is at last elevated out of the water, and retained in that position 
4361	2145	2145	0.259667	1	Thus much being said, attend now, I pray you, to that marvellous and—in this particular instance—almost fatal operation 
4362	2073	2073	0.567430	1	Nimble as a cat, Tashtego mounts aloft; and without altering his erect posture, runs straight out upon the overhanging m
4363	2098	2098	1.279465	1	He has carried with him a light tackle called a whip, consisting of only two parts, travelling through a single-sheaved 
4364	1594	1594	0.505098	1	Securing this block, so that it hangs down from the yard-arm, he swings one end of the rope, till it is caught and firml
4365	1594	1594	0.567350	1	Then, hand-over-hand, down the other part, the Indian drops through the air, till dexterously he lands on the summit of 
4366	2834	2834	0.195124	1	There—still high elevated above the rest of the company, to whom he vivaciously cries—he seems some Turkish Muezzin call
4367	1783	1783	0.030298	1	A short-handled sharp spade being sent up to him, he diligently searches for the proper place to begin breaking into the
4368	1888	1888	0.467792	1	In this business he proceeds very heedfully, like a treasure-hunter in some old house, sounding the walls to find where 
4369	232	232	0.531330	1	By the time this cautious search is over, a stout iron-bound bucket, precisely like a well-bucket, has been attached to 
4370	1754	1754	0.044219	1	These last now hoist the bucket within grasp of the Indian, to whom another person has reached up a very long pole.
4371	548	548	0.691124	1	Inserting this pole into the bucket, Tashtego downward guides the bucket into the Tun, till it entirely disappears; then
4372	1888	1888	0.003853	1	Carefully lowered from its height, the full-freighted vessel is caught by an appointed hand, and quickly emptied into a 
4373	1594	1594	0.205261	1	Then remounting aloft, it again goes through the same round until the deep cistern will yield no more.
4374	2659	2659	0.492301	1	Towards the end, Tashtego has to ram his long pole harder and harder, and deeper and deeper into the Tun, until some twe
4375	1790	1790	0.104994	1	Now, the people of the Pequod had been baling some time in this way; several tubs had been filled with the fragrant sper
4376	2874	2874	0.516841	1	Whether it was that Tashtego, that wild Indian, was so heedless and reckless as to let go for a moment his one-handed ho
4377	1418	1418	0.485678	1	poor Tashtego—like the twin reciprocating bucket in a veritable well, dropped head-foremost down into this great Tun of 
4378	688	688	0.186800	1	“Man overboard!” cried Daggoo, who amid the general consternation first came to his senses.
4379	2073	2073	0.327574	1	“Swing the bucket this way!” and putting one foot into it, so as the better to secure his slippery hand-hold on the whip
4380	1888	1888	0.540261	1	Meantime, there was a terrible tumult.
4381	746	746	0.264405	1	Looking over the side, they saw the before lifeless head throbbing and heaving just below the surface of the sea, as if 
4382	2528	2528	0.231838	1	At this instant, while Daggoo, on the summit of the head, was clearing the whip—which had somehow got foul of the great 
4383	2073	2073	0.198210	1	The one remaining hook, upon which the entire strain now depended, seemed every instant to be on the point of giving way
4384	1102	1102	0.018077	1	“Come down, come down!” yelled the seamen to Daggoo, but with one hand holding on to the heavy tackles, so that if the h
4385	548	548	0.063868	1	“In heaven’s name, man,” cried Stubb, “are you ramming home a cartridge there?—Avast!
4386	1888	1888	0.339427	1	How will that help him; jamming that iron-bound bucket on top of his head?
4387	548	548	0.404445	1	Avast, will ye!” “Stand clear of the tackle!” cried a voice like the bursting of a rocket.
4388	1594	1594	0.371725	1	Almost in the same instant, with a thunder-boom, the enormous mass dropped into the sea, like Niagara’s Table-Rock into 
4389	1790	1790	0.161072	1	But hardly had the blinding vapor cleared away, when a naked figure with a boarding-sword in his hand, was for one swift
4390	2286	2286	0.165389	1	The next, a loud splash announced that my brave Queequeg had dived to the rescue.
4391	1642	1642	0.055209	1	One packed rush was made to the side, and every eye counted every ripple, as moment followed moment, and no sign of eith
4392	1815	1815	0.027818	1	Some hands now jumped into a boat alongside, and pushed a little off from the ship.
4393	2073	2073	0.598799	1	ha!” cried Daggoo, all at once, from his now quiet, swinging perch overhead; and looking further off from the side, we s
4394	2073	2073	0.072418	1	both!—it is both!”—cried Daggoo again with a joyful shout; and soon after, Queequeg was seen boldly striking out with on
4395	2467	2467	0.025944	1	Drawn into the waiting boat, they were quickly brought to the deck; but Tashtego was long in coming to, and Queequeg did
4396	2469	2469	0.110010	1	Now, how had this noble rescue been accomplished?
4397	2219	2219	0.560923	1	Why, diving after the slowly descending head, Queequeg with his keen sword had made side lunges near its bottom, so as t
4398	3052	3052	0.345501	1	He averred, that upon first thrusting in for him, a leg was presented; but well knowing that that was not as it ought to
4399	2469	2469	0.080657	1	As for the great head itself, that was doing as well as could be expected.
4400	1594	1594	0.289360	1	And thus, through the courage and great skill in obstetrics of Queequeg, the deliverance, or rather, delivery of Tashteg
4401	1888	1888	0.683925	1	Midwifery should be taught in the same course with fencing and boxing, riding and rowing.
4402	1790	1790	0.185775	1	I know that this queer adventure of the Gay-Header’s will be sure to seem incredible to some landsmen, though they thems
4403	1594	1594	0.445004	1	But, peradventure, it may be sagaciously urged, how is this?
4404	2659	2659	1.699701	1	We thought the tissued, infiltrated head of the Sperm Whale, was the lightest and most corky part about him; and yet tho
4405	550	550	0.737193	1	Not at all, but I have ye; for at the time poor Tash fell in, the case had been nearly emptied of its lighter contents, 
4406	2073	2073	0.728020	1	But the tendency to rapid sinking in this substance was in the present instance materially counteracted by the other par
4407	1888	1888	0.247176	1	Yes, it was a running delivery, so it was.
4408	2315	2315	0.437705	1	Now, had Tashtego perished in that head, it had been a very precious perishing; smothered in the very whitest and dainti
4409	2287	2287	0.160220	1	Only one sweeter end can readily be recalled—the delicious death of an Ohio honey-hunter, who seeking honey in the crotc
4410	690	690	0.178675	1	How many, think ye, have likewise fallen into Plato’s honey head, and sweetly perished there?
4411	2073	2073	0.075104	1	To scan the lines of his face, or feel the bumps on the head of this Leviathan; this is a thing which no Physiognomist o
4412	2609	2609	0.087875	1	Such an enterprise would seem almost as hopeful as for Lavater to have scrutinized the wrinkles on the Rock of Gibraltar
4413	1594	1594	0.295139	1	Still, in that famous work of his, Lavater not only treats of the various faces of men, but also attentively studies the
4414	62	62	0.843980	1	Nor have Gall and his disciple Spurzheim failed to throw out some hints touching the phrenological characteristics of ot
4415	1098	1098	0.297913	1	Therefore, though I am but ill qualified for a pioneer, in the application of these two semi-sciences to the whale, I wi
4416	1888	1888	0.192019	1	I try all things; I achieve what I can.
4417	1888	1888	0.194460	1	Physiognomically regarded, the Sperm Whale is an anomalous creature.
4418	1888	1888	0.198340	1	He has no proper nose.
4419	540	540	0.062491	1	And since the nose is the central and most conspicuous of the features; and since it perhaps most modifies and finally c
4420	1594	1594	0.231820	1	For as in landscape gardening, a spire, cupola, monument, or tower of some sort, is deemed almost indispensable to the c
4421	1888	1888	0.553267	1	Dash the nose from Phidias’s marble Jove, and what a sorry remainder!
4422	1888	1888	0.079211	1	Nevertheless, Leviathan is of so mighty a magnitude, all his proportions are so stately, that the same deficiency which 
4423	1888	1888	0.341251	1	Nay, it is an added grandeur.
4424	1409	1409	0.241049	1	A nose to the whale would have been impertinent.
4425	1888	1888	0.015888	1	As on your physiognomical voyage you sail round his vast head in your jolly-boat, your noble conceptions of him are neve
4426	2073	2073	0.110948	1	A pestilent conceit, which so often will insist upon obtruding even when beholding the mightiest royal beadle on his thr
4427	1888	1888	0.487467	1	In some particulars, perhaps the most imposing physiognomical view to be had of the Sperm Whale, is that of the full fro
4428	1888	1888	0.485391	1	In thought, a fine human brow is like the East when troubled with the morning.
4429	1888	1888	0.212847	1	In the repose of the pasture, the curled brow of the bull has a touch of the grand in it.
4430	1888	1888	0.131944	1	Pushing heavy cannon up mountain defiles, the elephant’s brow is majestic.
4431	541	541	0.047954	1	Human or animal, the mystical brow is as that great golden seal affixed by the German emperors to their decrees.
4432	1552	1552	0.398131	1	It signifies—“God: done this day by my hand.” But in most creatures, nay in man himself, very often the brow is but a me
4433	1790	1790	0.079677	1	Few are the foreheads which like Shakespeare’s or Melancthon’s rise so high, and descend so low, that the eyes themselve
4434	232	232	0.308072	1	But in the great Sperm Whale, this high and mighty god-like dignity inherent in the brow is so immensely amplified, that
4435	1594	1594	0.360038	1	For you see no one point precisely; not one distinct feature is revealed; no nose, eyes, ears, or mouth; no face; he has
4436	1791	1791	0.072076	1	Nor, in profile, does this wondrous brow diminish; though that way viewed its grandeur does not domineer upon you so.
4437	1888	1888	0.313714	1	In profile, you plainly perceive that horizontal, semi-crescentic depression in the forehead’s middle, which, in man, is
4438	2577	2577	0.004908	1	Genius in the Sperm Whale?
4439	674	674	0.351475	1	Has the Sperm Whale ever written a book, spoken a speech?
4440	1613	1613	0.016361	1	No, his great genius is declared in his doing nothing particular to prove it.
4441	1888	1888	0.589858	1	It is moreover declared in his pyramidical silence.
4442	1678	1678	1.753445	1	And this reminds me that had the great Sperm Whale been known to the young Orient World, he would have been deified by t
4443	2219	2219	0.909128	1	They deified the crocodile of the Nile, because the crocodile is tongueless; and the Sperm Whale has no tongue, or at le
4444	1678	1678	0.112337	1	If hereafter any highly cultured, poetical nation shall lure back to their birth-right, the merry May-day gods of old; a
4445	1888	1888	0.170780	1	Champollion deciphered the wrinkled granite hieroglyphics.
4446	917	917	0.260044	1	But there is no Champollion to decipher the Egypt of every man’s and every being’s face.
4447	1600	1600	0.559913	1	Physiognomy, like every other human science, is but a passing fable.
4448	447	447	0.032477	1	If then, Sir William Jones, who read in thirty languages, could not read the simplest peasant’s face in its profounder a
4449	1888	1888	0.424991	1	I but put that brow before you.
4450	2145	2145	0.363874	1	Read it if you can.
4451	2133	2133	0.457137	1	If the Sperm Whale be physiognomically a Sphinx, to the phrenologist his brain seems that geometrical circle which it is
4452	1888	1888	0.212847	1	In the full-grown creature the skull will measure at least twenty feet in length.
4453	1888	1888	0.041544	1	Unhinge the lower jaw, and the side view of this skull is as the side of a moderately inclined plane resting throughout 
4454	1600	1600	0.019759	1	But in life—as we have elsewhere seen—this inclined plane is angularly filled up, and almost squared by the enormous sup
4455	2073	2073	0.076365	1	At the high end the skull forms a crater to bed that part of the mass; while under the long floor of this crater—in anot
4456	405	405	0.109494	1	The brain is at least twenty feet from his apparent forehead in life; it is hidden away behind its vast outworks, like t
4457	1594	1594	0.462437	1	So like a choice casket is it secreted in him, that I have known some whalemen who peremptorily deny that the Sperm Whal
4458	2115	2115	0.011993	1	Lying in strange folds, courses, and convolutions, to their apprehensions, it seems more in keeping with the idea of his
4459	1594	1594	0.229939	1	It is plain, then, that phrenologically the head of this Leviathan, in the creature’s living intact state, is an entire 
4460	1888	1888	0.175255	1	As for his true brain, you can then see no indications of it, nor feel any.
4461	1600	1600	0.921338	1	The whale, like all things that are mighty, wears a false brow to the common world.
4462	2874	2874	0.042088	1	If you unload his skull of its spermy heaps and then take a rear view of its rear end, which is the high end, you will b
4463	1888	1888	0.293650	1	Indeed, place this reversed skull (scaled down to the human magnitude) among a plate of men’s skulls, and you would invo
4464	2659	2659	0.709818	1	And by those negations, considered along with the affirmative fact of his prodigious bulk and power, you can best form t
4465	1594	1594	0.193662	1	But if from the comparative dimensions of the whale’s proper brain, you deem it incapable of being adequately charted, t
4466	1594	1594	0.261608	1	If you attentively regard almost any quadruped’s spine, you will be struck with the resemblance of its vertebræ to a str
4467	1888	1888	0.383255	1	It is a German conceit, that the vertebræ are absolutely undeveloped skulls.
4468	2073	2073	0.073728	1	But the curious external resemblance, I take it the Germans were not the first men to perceive.
4469	434	434	0.096475	1	A foreign friend once pointed it out to me, in the skeleton of a foe he had slain, and with the vertebræ of which he was
4470	1888	1888	0.036594	1	Now, I consider that the phrenologists have omitted an important thing in not pushing their investigations from the cere
4471	8	8	0.327167	1	For I believe that much of a man’s character will be found betokened in his backbone.
4472	771	771	0.711225	1	I would rather feel your spine than your skull, whoever you are.
4473	1888	1888	0.079177	1	A thin joist of a spine never yet upheld a full and noble soul.
4474	1888	1888	0.547185	1	I rejoice in my spine, as in the firm audacious staff of that flag which I fling half out to the world.
4475	1790	1790	0.233722	1	Apply this spinal branch of phrenology to the Sperm Whale.
4476	2031	2031	0.682533	1	His cranial cavity is continuous with the first neck-vertebra; and in that vertebra the bottom of the spinal canal will 
4477	935	935	0.167901	1	As it passes through the remaining vertebræ the canal tapers in size, but for a considerable distance remains of large c
4478	2031	2031	1.541554	1	Now, of course, this canal is filled with much the same strangely fibrous substance—the spinal cord—as the brain; and di
4479	8	8	0.082073	1	And what is still more, for many feet after emerging from the brain’s cavity, the spinal cord remains of an undecreasing
4480	1594	1594	0.549686	1	Under all these circumstances, would it be unreasonable to survey and map out the whale’s spine phrenologically?
4481	690	690	0.412292	1	For, viewed in this light, the wonderful comparative smallness of his brain proper is more than compensated by the wonde
4482	1552	1552	0.526474	1	But leaving this hint to operate as it may with the phrenologists, I would merely assume the spinal theory for a moment,
4483	2073	2073	0.097041	1	This august hump, if I mistake not, rises over one of the larger vertebræ, and is, therefore, in some sort, the outer co
4484	1790	1790	0.079738	1	From its relative situation then, I should call this high hump the organ of firmness or indomitableness in the Sperm Wha
4485	1790	1790	0.415000	1	And that the great monster is indomitable, you will yet have reason to know.
4486	2602	2602	0.181849	1	The Pequod Meets The Virgin.
4487	635	635	1.205470	1	The predestinated day arrived, and we duly met the ship Jungfrau, Derick De Deer, master, of Bremen.
4488	698	698	0.067764	1	At one time the greatest whaling people in the world, the Dutch and Germans are now among the least; but here and there 
4489	1797	1797	0.207253	1	For some reason, the Jungfrau seemed quite eager to pay her respects.
4490	2874	2874	0.045030	1	While yet some distance from the Pequod, she rounded to, and dropping a boat, her captain was impelled towards us, impat
4491	1102	1102	0.122089	1	“What has he in his hand there?” cried Starbuck, pointing to something wavingly held by the German.
4492	195	195	0.113990	1	“Impossible!—a lamp-feeder!” “Not that,” said Stubb, “no, no, it’s a coffee-pot, Mr. Starbuck; he’s coming off to make u
4493	1102	1102	0.221759	1	he’s all right, is the Yarman.” “Go along with you,” cried Flask, “it’s a lamp-feeder and an oil-can.
4494	2133	2133	0.690807	1	He’s out of oil, and has come a-begging.” However curious it may seem for an oil-ship to be borrowing oil on the whale-g
4495	954	954	0.432825	1	As he mounted the deck, Ahab abruptly accosted him, without at all heeding what he had in his hand; but in his broken li
4496	801	801	0.482526	1	His necessities supplied, Derick departed; but he had not gained his ship’s side, when whales were almost simultaneously
4497	2044	2044	0.299184	1	Now, the game having risen to leeward, he and the other three German boats that soon followed him, had considerably the 
4498	1098	1098	0.115954	1	There were eight whales, an average pod.
4499	2864	2864	0.385914	1	Aware of their danger, they were going all abreast with great speed straight before the wind, rubbing their flanks as cl
4500	664	664	0.429513	1	They left a great, wide wake, as though continually unrolling a great wide parchment upon the sea.
4501	2874	2874	0.111595	1	Full in this rapid wake, and many fathoms in the rear, swam a huge, humped old bull, which by his comparatively slow pro
4502	801	801	0.460066	1	Whether this whale belonged to the pod in advance, seemed questionable; for it is not customary for such venerable levia
4503	1888	1888	0.113410	1	Nevertheless, he stuck to their wake, though indeed their back water must have retarded him, because the white-bone or s
4504	2874	2874	0.120230	1	His spout was short, slow, and laborious; coming forth with a choking sort of gush, and spending itself in torn shreds, 
4505	2982	2982	0.045840	1	“Who’s got some paregoric?” said Stubb, “he has the stomach-ache, I’m afraid.
4506	1151	1151	0.073267	1	Lord, think of having half an acre of stomach-ache!
4507	1888	1888	0.331008	1	Adverse winds are holding mad Christmas in him, boys.
4508	8	8	0.116406	1	It’s the first foul wind I ever knew to blow from astern; but look, did ever whale yaw so before?
4509	2874	2874	0.060564	1	it must be, he’s lost his tiller.” As an overladen Indiaman bearing down the Hindostan coast with a deck load of frighte
4510	2265	2265	0.117127	1	Whether he had lost that fin in battle, or had been born without it, it were hard to say.
4511	548	548	0.559617	1	“Only wait a bit, old chap, and I’ll give ye a sling for that wounded arm,” cried cruel Flask, pointing to the whale-lin
4512	548	548	0.673951	1	“Mind he don’t sling thee with it,” cried Starbuck.
4513	1581	1581	0.277961	1	“Give way, or the German will have him.” With one intent all the combined rival boats were pointed for this one fish, be
4514	2073	2073	0.121680	1	At this juncture the Pequod’s keels had shot by the three German boats last lowered; but from the great start he had had
4515	2874	2874	0.362534	1	The only thing they feared, was, that from being already so nigh to his mark, he would be enabled to dart his iron befor
4516	2073	2073	0.454529	1	As for Derick, he seemed quite confident that this would be the case, and occasionally with a deriding gesture shook his
4517	882	882	0.226286	1	“The ungracious and ungrateful dog!” cried Starbuck; “he mocks and dares me with the very poor-box I filled for him not 
4518	1888	1888	0.025873	1	Dog to it!” “I tell ye what it is, men”—cried Stubb to his crew—“it’s against my religion to get mad; but I’d like to ea
4519	2241	2241	0.058779	1	Are ye going to let that rascal beat ye?
4520	1888	1888	0.155230	1	A hogshead of brandy, then, to the best man.
4521	8	8	0.478725	1	Come, why don’t some of ye burst a blood-vessel?
4522	1278	1278	1.019080	1	Who’s that been dropping an anchor overboard—we don’t budge an inch—we’re becalmed.
4523	8	8	0.187444	1	Halloo, here’s grass growing in the boat’s bottom—and by the Lord, the mast there’s budding.
4524	2659	2659	0.526674	1	The short and long of it is, men, will ye spit fire or not?” “Oh!
4525	541	541	1.258146	1	see the suds he makes!” cried Flask, dancing up and down—“What a hump—Oh, _do_ pile on the beef—lays like a log!
4526	2874	2874	0.547350	1	my lads, _do_ spring—slap-jacks and quahogs for supper, you know, my lads—baked clams and muffins—oh, _do_, _do_, spring
4527	232	232	0.207247	1	There goes three thousand dollars, men!—a bank!—a whole bank!
4528	917	917	0.030829	1	The bank of England!—Oh, _do_, _do_, _do!_—What’s that Yarman about now?” At this moment Derick was in the act of pitchi
4529	688	688	0.198344	1	“The unmannerly Dutch dogger!” cried Stubb.
4530	2953	2953	0.278896	1	“Pull now, men, like fifty thousand line-of-battle-ship loads of red-haired devils.
4531	2292	2292	0.406430	1	What d’ye say, Tashtego; are you the man to snap your spine in two-and-twenty pieces for the honor of old Gayhead?
4532	2874	2874	0.720180	1	What d’ye say?” “I say, pull like god-dam,”—cried the Indian.
4533	2659	2659	0.059252	1	Fiercely, but evenly incited by the taunts of the German, the Pequod’s three boats now began ranging almost abreast; and
4534	2073	2073	0.339423	1	In that fine, loose, chivalrous attitude of the headsman when drawing near to his prey, the three mates stood up proudly
4535	1888	1888	0.607291	1	Hurrah for the white-ash breeze!
4536	2874	2874	0.014291	1	Sail over him!” But so decided an original start had Derick had, that spite of all their gallantry, he would have proved
4537	2874	2874	0.659406	1	While this clumsy lubber was striving to free his white-ash, and while, in consequence, Derick’s boat was nigh to capsiz
4538	1594	1594	0.105901	1	With a shout, they took a mortal start forwards, and slantingly ranged up on the German’s quarter.
4539	1594	1594	0.398546	1	An instant more, and all four boats were diagonically in the whale’s immediate wake, while stretching from them, on both
4540	2659	2659	0.311511	1	It was a terrific, most pitiable, and maddening sight.
4541	1888	1888	0.230154	1	The whale was now going head out, and sending his spout before him in a continual tormented jet; while his one poor fin 
4542	1594	1594	0.153833	1	Now to this hand, now to that, he yawed in his faltering flight, and still at every billow that he broke, he spasmodical
4543	1888	1888	0.258762	1	So have I seen a bird with clipped wing making affrighted broken circles in the air, vainly striving to escape the pirat
4544	746	746	0.171575	1	But the bird has a voice, and with plaintive cries will make known her fear; but the fear of this vast dumb brute of the
4545	2073	2073	0.012314	1	Seeing now that but a very few moments more would give the Pequod’s boats the advantage, and rather than be thus foiled 
4546	2467	2467	0.092941	1	But no sooner did his harpooneer stand up for the stroke, than all three tigers—Queequeg, Tashtego, Daggoo—instinctively
4547	1888	1888	0.443203	1	Blinding vapors of foam and white-fire!
4548	8	8	0.064248	1	The three boats, in the first fury of the whale’s headlong rush, bumped the German’s aside with such force, that both De
4549	1790	1790	0.028753	1	“Don’t be afraid, my butter-boxes,” cried Stubb, casting a passing glance upon them as he shot by; “ye’ll be picked up p
4550	1888	1888	0.416155	1	Bernard’s dogs, you know—relieve distressed travellers.
4551	3017	3017	0.075948	1	this is the way to sail now.
4552	1888	1888	0.105238	1	Hurrah!—Here we go like three tin kettles at the tail of a mad cougar!
4553	674	674	0.155985	1	This puts me in mind of fastening to an elephant in a tilbury on a plain—makes the wheel-spokes fly, boys, when you fast
4554	8	8	0.358634	1	this is the way a fellow feels when he’s going to Davy Jones—all a rush down an endless inclined plane!
4555	8	8	0.220192	1	this whale carries the everlasting mail!” But the monster’s run was a brief one.
4556	1594	1594	0.868236	1	Giving a sudden gasp, he tumultuously sounded.
4557	548	548	0.015103	1	With a grating rush, the three lines flew round the loggerheads with such a force as to gouge deep grooves in them; whil
4558	1681	1681	0.363261	1	And the whale soon ceasing to sound, for some time they remained in that attitude, fearful of expending more line, thoug
4559	2073	2073	0.363694	1	But though boats have been taken down and lost in this way, yet it is this “holding on,” as it is called; this hooking u
4560	2315	2315	0.213326	1	Yet not to speak of the peril of the thing, it is to be doubted whether this course is always the best; for it is but re
4561	2268	2268	0.503267	1	Because, owing to the enormous surface of him—in a full grown sperm whale something less than 2000 square feet—the press
4562	1178	1178	0.615929	1	We all know what an astonishing atmospheric weight we ourselves stand up under; even here, above-ground, in the air; how
4563	429	429	0.288523	1	It must at least equal the weight of fifty atmospheres.
4564	2953	2953	0.346238	1	One whaleman has estimated it at the weight of twenty line-of-battle ships, with all their guns, and stores, and men on 
4565	2659	2659	0.242706	1	As the three boats lay there on that gently rolling sea, gazing down into its eternal blue noon; and as not a single gro
4566	1888	1888	0.418526	1	Not eight inches of perpendicular rope were visible at the bows.
4567	1888	1888	0.122362	1	Seems it credible that by three such thin threads the great Leviathan was suspended like the big weight to an eight day 
4568	429	429	0.029049	1	To three bits of board.
4569	674	674	0.169139	1	Is this the creature of whom it was once so triumphantly said—“Canst thou fill his skin with barbed irons?
4570	1888	1888	0.091741	1	or his head with fish-spears?
4571	2874	2874	0.060308	1	The sword of him that layeth at him cannot hold, the spear, the dart, nor the habergeon: he esteemeth iron as straw; the
4572	1684	1684	0.022317	1	that unfulfilments should follow the prophets.
4573	1855	1855	0.139160	1	For with the strength of a thousand thighs in his tail, Leviathan had run his head under the mountains of the sea, to hi
4574	67	67	0.085078	1	In that sloping afternoon sunlight, the shadows that the three boats sent down beneath the surface, must have been long 
4575	2124	2124	0.116856	1	Who can tell how appalling to the wounded whale must have been such huge phantoms flitting over his head!
4576	1594	1594	0.003712	1	“Stand by, men; he stirs,” cried Starbuck, as the three lines suddenly vibrated in the water, distinctly conducting upwa
4577	2073	2073	0.091662	1	The next moment, relieved in great part from the downward strain at the bows, the boats gave a sudden bounce upwards, as
4578	2375	2375	0.089425	1	Haul in!” cried Starbuck again; “he’s rising.” The lines, of which, hardly an instant before, not one hand’s breadth cou
4579	1888	1888	0.051995	1	His motions plainly denoted his extreme exhaustion.
4580	1888	1888	0.200877	1	In most land animals there are certain valves or flood-gates in many of their veins, whereby when wounded, the blood is 
4581	1819	1819	0.008785	1	Not so with the whale; one of whose peculiarities it is to have an entire non-valvular structure of the blood-vessels, s
4582	2659	2659	0.344624	1	Yet so vast is the quantity of blood in him, and so distant and numerous its interior fountains, that he will keep thus 
4583	2467	2467	0.058848	1	Even now, when the boats pulled upon this whale, and perilously drew over his swaying flukes, and the lances were darted
4584	1787	1787	0.610055	1	From this last vent no blood yet came, because no vital part of him had thus far been struck.
4585	232	232	0.083855	1	His life, as they significantly call it, was untouched.
4586	1594	1594	0.412692	1	As the boats now more closely surrounded him, the whole upper part of his form, with much of it that is ordinarily subme
4587	316	316	0.146876	1	His eyes, or rather the places where his eyes had been, were beheld.
4588	2874	2874	0.247862	1	As strange misgrown masses gather in the knot-holes of the noblest oaks when prostrate, so from the points which the wha
4589	1888	1888	0.421356	1	But pity there was none.
4590	2287	2287	0.243153	1	For all his old age, and his one arm, and his blind eyes, he must die the death and be murdered, in order to light the g
4591	2268	2268	0.280565	1	Still rolling in his blood, at last he partially disclosed a strangely discoloured bunch or protuberance, the size of a 
4592	688	688	0.512241	1	“A nice spot,” cried Flask; “just let me prick him there once.” “Avast!” cried Starbuck, “there’s no need of that!” But 
4593	2467	2467	0.433543	1	At the instant of the dart an ulcerous jet shot from this cruel wound, and goaded by it into more than sufferable anguis
4594	2287	2287	0.077919	1	It was his death stroke.
4595	1594	1594	0.097839	1	For, by this time, so spent was he by loss of blood, that he helplessly rolled away from the wreck he had made; lay pant
4596	2661	2661	0.014798	1	It was most piteous, that last expiring spout.
4597	2659	2659	0.105277	1	As when by unseen hands the water is gradually drawn off from some mighty fountain, and with half-stifled melancholy gur
4598	311	311	0.263448	1	Soon, while the crews were awaiting the arrival of the ship, the body showed symptoms of sinking with all its treasures 
4599	1888	1888	0.373661	1	Immediately, by Starbuck’s orders, lines were secured to it at different points, so that ere long every boat was a buoy;
4600	1594	1594	0.504291	1	By very heedful management, when the ship drew nigh, the whale was transferred to her side, and was strongly secured the
4601	2073	2073	0.304896	1	It so chanced that almost upon first cutting into him with the spade, the entire length of a corroded harpoon was found 
4602	2073	2073	0.022529	1	But as the stumps of harpoons are frequently found in the dead bodies of captured whales, with the flesh perfectly heale
4603	2874	2874	0.116133	1	But still more curious was the fact of a lance-head of stone being found in him, not far from the buried iron, the flesh
4604	2874	2874	0.291965	1	Who had darted that stone lance?
4605	2874	2874	0.099222	1	It might have been darted by some Nor’ West Indian long before America was discovered.
4606	1000	1000	0.359977	1	What other marvels might have been rummaged out of this monstrous cabinet there is no telling.
4607	1594	1594	0.084555	1	But a sudden stop was put to further discoveries, by the ship’s being unprecedentedly dragged over sideways to the sea, 
4608	2073	2073	0.062829	1	However, Starbuck, who had the ordering of affairs, hung on to it to the last; hung on to it so resolutely, indeed, that
4609	1888	1888	0.540260	1	Meantime everything in the Pequod was aslant.
4610	2073	2073	0.598225	1	To cross to the other side of the deck was like walking up the steep gabled roof of a house.
4611	1888	1888	0.629413	1	The ship groaned and gasped.
4612	0	0	0.284003	1	Many of the ivory inlayings of her bulwarks and cabins were started from their places, by the unnatural dislocation.
4613	1718	1718	0.210379	1	In vain handspikes and crows were brought to bear upon the immovable fluke-chains, to pry them adrift from the timberhea
4614	548	548	0.348979	1	“Hold on, hold on, won’t ye?” cried Stubb to the body, “don’t be in such a devil of a hurry to sink!
4615	2281	2281	0.101105	1	By thunder, men, we must do something or go for it.
4616	1790	1790	0.510791	1	No use prying there; avast, I say with your handspikes, and run one of ye for a prayer book and a pen-knife, and cut the
4617	1790	1790	0.030014	1	Aye, aye,” cried Queequeg, and seizing the carpenter’s heavy hatchet, he leaned out of a porthole, and steel to iron, be
4618	2073	2073	0.398192	1	But a few strokes, full of sparks, were given, when the exceeding strain effected the rest.
4619	1888	1888	0.298058	1	With a terrific snap, every fastening went adrift; the ship righted, the carcase sank.
4620	1594	1594	0.491737	1	Now, this occasional inevitable sinking of the recently killed Sperm Whale is a very curious thing; nor has any fisherma
4621	945	945	0.151224	1	Usually the dead Sperm Whale floats with great buoyancy, with its side or belly considerably elevated above the surface.
4622	935	935	0.147757	1	If the only whales that thus sank were old, meagre, and broken-hearted creatures, their pads of lard diminished and all 
4623	1888	1888	0.425050	1	But it is not so.
4624	2874	2874	0.152421	1	For young whales, in the highest health, and swelling with noble aspirations, prematurely cut off in the warm flush and 
4625	1600	1600	0.081531	1	Be it said, however, that the Sperm Whale is far less liable to this accident than any other species.
4626	2469	2469	0.394181	1	Where one of that sort go down, twenty Right Whales do.
4627	2073	2073	0.444609	1	This difference in the species is no doubt imputable in no small degree to the greater quantity of bone in the Right Wha
4628	1098	1098	0.132846	1	But there are instances where, after the lapse of many hours or several days, the sunken whale again rises, more buoyant
4629	1888	1888	0.257281	1	But the reason of this is obvious.
4630	1888	1888	0.222523	1	Gases are generated in him; he swells to a prodigious magnitude; becomes a sort of animal balloon.
4631	2953	2953	0.562216	1	A line-of-battle ship could hardly keep him under then.
4632	1888	1888	0.212845	1	In the Shore Whaling, on soundings, among the Bays of New Zealand, when a Right Whale gives token of sinking, they faste
4633	1640	1640	0.056060	1	It was not long after the sinking of the body that a cry was heard from the Pequod’s mast-heads, announcing that the Jun
4634	2476	2476	0.059612	1	Nevertheless, the Fin-Back’s spout is so similar to the Sperm Whale’s, that by unskilful fishermen it is often mistaken 
4635	1790	1790	0.206190	1	And consequently Derick and all his host were now in valiant chase of this unnearable brute.
4636	1888	1888	0.238472	1	The Virgin crowding all sail, made after her four young keels, and thus they all disappeared far to leeward, still in bo
4637	1790	1790	0.087126	1	many are the Fin-Backs, and many are the Dericks, my friend.
4638	2659	2659	0.383205	1	The Honor and Glory of Whaling.
4639	1098	1098	0.097253	1	There are some enterprises in which a careful disorderliness is the true method.
4640	638	638	0.337488	1	The more I dive into this matter of whaling, and push my researches up to the very spring-head of it so much the more am
4641	1795	1795	0.340631	1	The gallant Perseus, a son of Jupiter, was the first whaleman; and to the eternal honor of our calling be it said, that 
4642	3052	3052	0.041004	1	Those were the knightly days of our profession, when we only bore arms to succor the distressed, and not to fill men’s l
4643	1594	1594	0.534477	1	Every one knows the fine story of Perseus and Andromeda; how the lovely Andromeda, the daughter of a king, was tied to a
4644	2073	2073	0.810275	1	It was an admirable artistic exploit, rarely achieved by the best harpooneers of the present day; inasmuch as this Levia
4645	638	638	0.366568	1	And let no man doubt this Arkite story; for in the ancient Joppa, now Jaffa, on the Syrian coast, in one of the Pagan te
4646	2073	2073	0.280054	1	When the Romans took Joppa, the same skeleton was carried to Italy in triumph.
4647	1594	1594	0.889246	1	What seems most singular and suggestively important in this story, is this: it was from Joppa that Jonah set sail.
4648	232	232	0.114383	1	Akin to the adventure of Perseus and Andromeda—indeed, by some supposed to be indirectly derived from it—is that famous 
4649	548	548	1.266487	1	“Thou art as a lion of the waters, and as a dragon of the sea,” saith Ezekiel; hereby, plainly meaning a whale; in truth
4650	429	429	0.007610	1	Besides, it would much subtract from the glory of the exploit had St. George but encountered a crawling reptile of the l
4651	3007	3007	0.059720	1	Any man may kill a snake, but only a Perseus, a St. George, a Coffin, have the heart in them to march boldly up to a wha
4652	1594	1594	0.022643	1	Let not the modern paintings of this scene mislead us; for though the creature encountered by that valiant whaleman of o
4653	1888	1888	0.304499	1	In fact, placed before the strict and piercing truth, this whole story will fare like that fish, flesh, and fowl idol of
4654	2741	2741	0.149093	1	Thus, then, one of our own noble stamp, even a whaleman, is the tutelary guardian of England; and by good rights, we har
4655	1581	1581	0.369017	1	And therefore, let not the knights of that honorable company (none of whom, I venture to say, have ever had to do with a
4656	2315	2315	0.650757	1	Whether to admit Hercules among us or not, concerning this I long remained dubious: for though according to the Greek my
4657	1888	1888	0.193157	1	It nowhere appears that he ever actually harpooned his fish, unless, indeed, from the inside.
4658	1888	1888	0.178956	1	Nevertheless, he may be deemed a sort of involuntary whaleman; at any rate the whale caught him, if he did not the whale
4659	1888	1888	0.616951	1	I claim him for one of our clan.
4660	1790	1790	0.079316	1	But, by the best contradictory authorities, this Grecian story of Hercules and the whale is considered to be derived fro
4661	2688	2688	0.035829	1	If I claim the demi-god then, why not the prophet?
4662	2659	2659	0.136551	1	Nor do heroes, saints, demigods, and prophets alone comprise the whole roll of our order.
4663	186	186	0.401837	1	Our grand master is still to be named; for like royal kings of old times, we find the head waters of our fraternity in n
4664	2073	2073	0.138039	1	That wondrous oriental story is now to be rehearsed from the Shaster, which gives us the dread Vishnoo, one of the three
4665	2977	2977	0.242292	1	When Brahma, or the God of Gods, saith the Shaster, resolved to recreate the world after one of its periodical dissoluti
4666	2869	2869	0.030257	1	Was not this Vishnoo a whaleman, then?
4667	1790	1790	0.206477	1	even as a man who rides a horse is called a horseman?
4668	1858	1858	0.115747	1	Perseus, St. George, Hercules, Jonah, and Vishnoo!
4669	8	8	0.222442	1	there’s a member-roll for you!
4670	8	8	0.341079	1	What club but the whaleman’s can head off like that?
4671	1888	1888	0.052453	1	Reference was made to the historical story of Jonah and the whale in the preceding chapter.
4672	1888	1888	0.024664	1	Now some Nantucketers rather distrust this historical story of Jonah and the whale.
4673	2073	2073	0.654235	1	But then there were some sceptical Greeks and Romans, who, standing out from the orthodox pagans of their times, equally
4674	2073	2073	0.030572	1	One old Sag-Harbor whaleman’s chief reason for questioning the Hebrew story was this:—He had one of those quaint old-fas
4675	1790	1790	0.052568	1	But, to this, Bishop Jebb’s anticipative answer is ready.
4676	1888	1888	0.077442	1	It is not necessary, hints the Bishop, that we consider Jonah as tombed in the whale’s belly, but as temporarily lodged 
4677	2073	2073	0.024544	1	And this seems reasonable enough in the good Bishop.
4678	1581	1581	0.183372	1	For truly, the Right Whale’s mouth would accommodate a couple of whist-tables, and comfortably seat all the players.
4679	1888	1888	0.063480	1	Possibly, too, Jonah might have ensconced himself in a hollow tooth; but, on second thoughts, the Right Whale is toothle
4680	1594	1594	0.217979	1	Another reason which Sag-Harbor (he went by that name) urged for his want of faith in this matter of the prophet, was so
4681	1767	1767	0.346493	1	But this objection likewise falls to the ground, because a German exegetist supposes that Jonah must have taken refuge i
4682	2073	2073	0.510727	1	Besides, it has been divined by other continental commentators, that when Jonah was thrown overboard from the Joppa ship
4683	1888	1888	0.109522	1	Poor Sag-Harbor, therefore, seems worsted all round.
4684	2360	2360	0.176422	1	But he had still another reason for his want of faith.
4685	2752	2752	0.501472	1	It was this, if I remember right: Jonah was swallowed by the whale in the Mediterranean Sea, and after three days he was
4686	674	674	1.220637	1	But was there no other way for the whale to land the prophet within that short distance of Nineveh?
4687	2559	2559	0.037533	1	He might have carried him round by the way of the Cape of Good Hope.
4688	1523	1523	0.145730	1	But not to speak of the passage through the whole length of the Mediterranean, and another passage up the Persian Gulf a
4689	1790	1790	0.069950	1	Besides, this idea of Jonah’s weathering the Cape of Good Hope at so early a day would wrest the honor of the discovery 
4690	2031	2031	0.134532	1	But all these foolish arguments of old Sag-Harbor only evinced his foolish pride of reason—a thing still more reprehensi
4691	946	946	0.116396	1	I say it only shows his foolish, impious pride, and abominable, devilish rebellion against the reverend clergy.
4692	2469	2469	0.219043	1	For by a Portuguese Catholic priest, this very idea of Jonah’s going to Nineveh via the Cape of Good Hope was advanced a
4693	1594	1594	0.143013	1	Besides, to this day, the highly enlightened Turks devoutly believe in the historical story of Jonah.
4694	8	8	0.221622	1	And some three centuries ago, an English traveller in old Harris’s Voyages, speaks of a Turkish Mosque built in honor of
4695	2659	2659	0.180585	1	To make them run easily and swiftly, the axles of carriages are anointed; and for much the same purpose, some whalers pe
4696	62	62	0.084481	1	Nor is it to be doubted that as such a procedure can do no harm, it may possibly be of no contemptible advantage; consid
4697	2073	2073	0.170880	1	Queequeg believed strongly in anointing his boat, and one morning not long after the German ship Jungfrau disappeared, t
4698	1888	1888	0.069824	1	He seemed to be working in obedience to some particular presentiment.
4699	1888	1888	0.710441	1	Nor did it remain unwarranted by the event.
4700	1888	1888	0.243354	1	Towards noon whales were raised; but so soon as the ship sailed down to them, they turned and fled with swift precipitan
4701	1888	1888	0.699898	1	Nevertheless, the boats pursued, and Stubb’s was foremost.
4702	1791	1791	0.877973	1	By great exertion, Tashtego at last succeeded in planting one iron; but the stricken whale, without at all sounding, sti
4703	2829	2829	0.068121	1	Such unintermitted strainings upon the planted iron must sooner or later inevitably extract it.
4704	2874	2874	0.154362	1	It became imperative to lance the flying whale, or be content to lose him.
4705	668	668	0.324057	1	But to haul the boat up to his flank was impossible, he swam so fast and furious.
4706	1467	1467	0.165399	1	Of all the wondrous devices and dexterities, the sleights of hand and countless subtleties, to which the veteran whalema
4707	1888	1888	0.245367	1	Small sword, or broad sword, in all its exercises boasts nothing like it.
4708	2467	2467	0.360298	1	It is only indispensable with an inveterate running whale; its grand fact and feature is the wonderful distance to which
4709	1888	1888	0.232669	1	Steel and wood included, the entire spear is some ten or twelve feet in length; the staff is much slighter than that of 
4710	1888	1888	0.172628	1	It is furnished with a small rope called a warp, of considerable length, by which it can be hauled back to the hand afte
4711	1594	1594	0.063809	1	But before going further, it is important to mention here, that though the harpoon may be pitchpoled in the same way wit
4712	1888	1888	0.239790	1	As a general thing, therefore, you must first get fast to a whale, before any pitchpoling comes into play.
4713	1594	1594	0.107837	1	Look now at Stubb; a man who from his humorous, deliberate coolness and equanimity in the direst emergencies, was specia
4714	2073	2073	0.829611	1	Look at him; he stands upright in the tossed bow of the flying boat; wrapt in fleecy foam, the towing whale is forty fee
4715	2219	2219	0.361340	1	Handling the long lance lightly, glancing twice or thrice along its length to see if it be exactly straight, Stubb whist
4716	8	8	0.143093	1	Then holding the lance full before his waistband’s middle, he levels it at the whale; when, covering him with it, he ste
4717	8	8	0.161762	1	He minds you somewhat of a juggler, balancing a long staff on his chin.
4718	2073	2073	0.433124	1	Next moment with a rapid, nameless impulse, in a superb lofty arch the bright steel spans the foaming distance, and quiv
4719	1821	1821	0.060989	1	Instead of sparkling water, he now spouts red blood.
4720	548	548	0.031325	1	“That drove the spigot out of him!” cried Stubb.
4721	1790	1790	0.109800	1	“’Tis July’s immortal Fourth; all fountains must run wine today!
4722	1790	1790	0.645974	1	Would now, it were old Orleans whiskey, or old Ohio, or unspeakable old Monongahela!
4723	1790	1790	0.203323	1	Then, Tashtego, lad, I’d have ye hold a canakin to the jet, and we’d drink round it!
4724	1888	1888	0.212001	1	Yea, verily, hearts alive, we’d brew choice punch in the spread of his spout-hole there, and from that live punch-bowl q
4725	2287	2287	0.036838	1	The agonized whale goes into his flurry; the tow-line is slackened, and the pitchpoler dropping astern, folds his hands,
4726	2874	2874	0.202864	1	That for six thousand years—and no one knows how many millions of ages before—the great whales should have been spouting
4727	690	690	0.136103	1	Let us, then, look at this matter, along with some interesting items contingent.
4728	870	870	0.316771	1	Every one knows that by the peculiar cunning of their gills, the finny tribes in general breathe the air which at all ti
4729	1790	1790	0.214453	1	But owing to his marked internal structure which gives him regular lungs, like a human being’s, the whale can only live 
4730	2073	2073	0.086956	1	Wherefore the necessity for his periodical visits to the upper world.
4731	429	429	0.021136	1	But he cannot in any degree breathe through his mouth, for, in his ordinary attitude, the Sperm Whale’s mouth is buried 
4732	2073	2073	0.630363	1	No, he breathes through his spiracle alone; and this is on the top of his head.
4733	2098	2098	0.168823	1	If I say, that in any creature breathing is only a function indispensable to vitality, inasmuch as it withdraws from the
4734	1888	1888	0.224984	1	Assume it, and it follows that if all the blood in a man could be aerated with one breath, he might then seal up his nos
4735	3052	3052	0.387399	1	That is to say, he would then live without breathing.
4736	1903	1903	0.364878	1	Anomalous as it may seem, this is precisely the case with the whale, who systematically lives, by intervals, his full ho
4737	2019	2019	0.261762	1	Between his ribs and on each side of his spine he is supplied with a remarkable involved Cretan labyrinth of vermicelli-
4738	1888	1888	0.005060	1	So that for an hour or more, a thousand fathoms in the sea, he carries a surplus stock of vitality in him, just as the c
4739	801	801	0.124800	1	The anatomical fact of this labyrinth is indisputable; and that the supposition founded upon it is reasonable and true, 
4740	3052	3052	0.076661	1	This is what I mean.
4741	1790	1790	0.064011	1	If unmolested, upon rising to the surface, the Sperm Whale will continue there for a period of time exactly uniform with
4742	2315	2315	0.661326	1	Say he stays eleven minutes, and jets seventy times, that is, respires seventy breaths; then whenever he rises again, he
4743	1678	1678	0.282239	1	Now, if after he fetches a few breaths you alarm him, so that he sounds, he will be always dodging up again to make good
4744	3055	3055	0.162373	1	And not till those seventy breaths are told, will he finally go down to stay out his full term below.
4745	1888	1888	0.730406	1	Remark, however, that in different individuals these rates are different; but in any one they are alike.
4746	2874	2874	0.323046	1	Now, why should the whale thus insist upon having his spoutings out, unless it be to replenish his reservoir of air, ere
4747	8	8	0.126884	1	How obvious is it, too, that this necessity for the whale’s rising exposes him to all the fatal hazards of the chase.
4748	801	801	0.570979	1	For not by hook or by net could this vast leviathan be caught, when sailing a thousand fathoms beneath the sunlight.
4749	748	748	0.071719	1	Not so much thy skill, then, O hunter, as the great necessities that strike the victory to thee!
4750	2659	2659	0.193854	1	In man, breathing is incessantly going on—one breath only serving for two or three pulsations; so that whatever other bu
4751	1278	1278	0.471347	1	But the Sperm Whale only breathes about one seventh or Sunday of his time.
4752	870	870	0.047344	1	It has been said that the whale only breathes through his spout-hole; if it could truthfully be added that his spouts ar
4753	2265	2265	0.126238	1	But owing to the mystery of the spout—whether it be water or whether it be vapor—no absolute certainty can as yet be arr
4754	1790	1790	0.075195	1	Sure it is, nevertheless, that the Sperm Whale has no proper olfactories.
4755	1108	1108	0.321188	1	But what does he want of them?
4756	1888	1888	0.027861	1	No roses, no violets, no Cologne-water in the sea.
4757	2659	2659	0.746722	1	Furthermore, as his windpipe solely opens into the tube of his spouting canal, and as that long canal—like the grand Eri
4758	674	674	0.492872	1	But then again, what has the whale to say?
4759	1613	1613	0.364785	1	Seldom have I known any profound being that had anything to say to this world, unless forced to stammer out something by
4760	43	43	0.215474	1	happy that the world is such an excellent listener!
4761	2073	2073	0.094811	1	Now, the spouting canal of the Sperm Whale, chiefly intended as it is for the conveyance of air, and for several feet la
4762	1552	1552	0.535825	1	But the question returns whether this gas-pipe is also a water-pipe; in other words, whether the spout of the Sperm Whal
4763	1888	1888	0.110696	1	It is certain that the mouth indirectly communicates with the spouting canal; but it cannot be proved that this is for t
4764	1372	1372	0.880242	1	Because the greatest necessity for so doing would seem to be, when in feeding he accidentally takes in water.
4765	2761	2761	0.243543	1	But the Sperm Whale’s food is far beneath the surface, and there he cannot spout even if he would.
4766	1642	1642	0.116794	1	Besides, if you regard him very closely, and time him with your watch, you will find that when unmolested, there is an u
4767	2874	2874	0.267396	1	But why pester one with all this reasoning on the subject?
4768	1934	1934	0.163826	1	You have seen him spout; then declare what the spout is; can you not tell water from air?
4769	1888	1888	0.196618	1	My dear sir, in this world it is not so easy to settle these plain things.
4770	1888	1888	0.006001	1	I have ever found your plain things the knottiest of all.
4771	48	48	0.594800	1	And as for this whale spout, you might almost stand in it, and yet be undecided as to what it is precisely.
4772	1888	1888	0.258547	1	The central body of it is hidden in the snowy sparkling mist enveloping it; and how can you certainly tell whether any w
4773	1678	1678	0.106499	1	And if at such times you should think that you really perceived drops of moisture in the spout, how do you know that the
4774	1790	1790	0.046136	1	For even when tranquilly swimming through the mid-day sea in a calm, with his elevated hump sun-dried as a dromedary’s i
4775	550	550	0.226588	1	Nor is it at all prudent for the hunter to be over curious touching the precise nature of the whale spout.
4776	2874	2874	0.176990	1	It will not do for him to be peering into it, and putting his face in it.
4777	1888	1888	0.135998	1	You cannot go with your pitcher to this fountain and fill it, and bring it away.
4778	1594	1594	0.045515	1	For even when coming into slight contact with the outer, vapory shreds of the jet, which will often happen, your skin wi
4779	1642	1642	1.343710	1	And I know one, who coming into still closer contact with the spout, whether with some scientific object in view, or oth
4780	1821	1821	0.018061	1	Wherefore, among whalemen, the spout is deemed poisonous; they try to evade it.
4781	1790	1790	0.018693	1	Another thing; I have heard it said, and I do not much doubt it, that if the jet is fairly spouted into your eyes, it wi
4782	1814	1814	0.023474	1	The wisest thing the investigator can do then, it seems to me, is to let this deadly spout alone.
4783	2659	2659	0.378149	1	Still, we can hypothesize, even if we cannot prove and establish.
4784	1795	1795	0.213202	1	My hypothesis is this: that the spout is nothing but mist.
4785	429	429	0.243911	1	And besides other reasons, to this conclusion I am impelled, by considerations touching the great inherent dignity and s
4786	1642	1642	1.398895	1	He is both ponderous and profound.
4787	2429	2429	0.051886	1	And I am convinced that from the heads of all ponderous profound beings, such as Plato, Pyrrho, the Devil, Jupiter, Dant
4788	386	386	0.031442	1	While composing a little treatise on Eternity, I had the curiosity to place a mirror before me; and ere long saw reflect
4789	938	938	0.366149	1	The invariable moisture of my hair, while plunged in deep thought, after six cups of hot tea in my thin shingled attic, 
4790	946	946	0.135385	1	And how nobly it raises our conceit of the mighty, misty monster, to behold him solemnly sailing through a calm tropical
4791	2467	2467	0.190650	1	For, d’ye see, rainbows do not visit the clear air; they only irradiate vapor.
4792	541	541	1.037592	1	And so, through all the thick mists of the dim doubts in my mind, divine intuitions now and then shoot, enkindling my fo
4793	1821	1821	0.174041	1	And for this I thank God; for all have doubts; many deny; but doubts or denials, few along with them, have intuitions.
4794	748	748	0.108273	1	Doubts of all things earthly, and intuitions of some things heavenly; this combination makes neither believer nor infide
4795	1888	1888	0.039002	1	Other poets have warbled the praises of the soft eye of the antelope, and the lovely plumage of the bird that never alig
4796	2451	2451	0.290885	1	Reckoning the largest sized Sperm Whale’s tail to begin at that point of the trunk where it tapers to about the girth of
4797	1054	1054	0.413833	1	The compact round body of its root expands into two broad, firm, flat palms or flukes, gradually shoaling away to less t
4798	2659	2659	0.379553	1	At the crotch or junction, these flukes slightly overlap, then sideways recede from each other like wings, leaving a wid
4799	508	508	0.069038	1	In no living thing are the lines of beauty more exquisitely defined than in the crescentic borders of these flukes.
4800	2073	2073	0.423701	1	At its utmost expansion in the full grown whale, the tail will considerably exceed twenty feet across.
4801	1888	1888	0.056481	1	The entire member seems a dense webbed bed of welded sinews; but cut into it, and you find that three distinct strata co
4802	2659	2659	0.321941	1	The fibres in the upper and lower layers, are long and horizontal; those of the middle one, very short, and running cros
4803	1600	1600	1.009092	1	This triune structure, as much as anything else, imparts power to the tail.
4804	429	429	0.453354	1	To the student of old Roman walls, the middle layer will furnish a curious parallel to the thin course of tiles always a
4805	664	664	0.183836	1	But as if this vast local power in the tendinous tail were not enough, the whole bulk of the leviathan is knit over with
4806	1790	1790	0.123903	1	Could annihilation occur to matter, this were the thing to do it.
4807	1888	1888	0.052829	1	Nor does this—its amazing strength, at all tend to cripple the graceful flexion of its motions; where infantileness of e
4808	2528	2528	0.388008	1	On the contrary, those motions derive their most appalling beauty from it.
4809	1888	1888	0.110443	1	Real strength never impairs beauty or harmony, but it often bestows it; and in everything imposingly beautiful, strength
4810	1110	1110	0.499420	1	Take away the tied tendons that all over seem bursting from the marble in the carved Hercules, and its charm would be go
4811	2073	2073	0.257056	1	As devout Eckerman lifted the linen sheet from the naked corpse of Goethe, he was overwhelmed with the massive chest of 
4812	1791	1791	0.222394	1	When Angelo paints even God the Father in human form, mark what robustness is there.
4813	1552	1552	0.331331	1	And whatever they may reveal of the divine love in the Son, the soft, curled, hermaphroditical Italian pictures, in whic
4814	1791	1791	0.355414	1	Such is the subtle elasticity of the organ I treat of, that whether wielded in sport, or in earnest, or in anger, whatev
4815	8	8	0.669557	1	Therein no fairy’s arm can transcend it.
4816	1888	1888	0.516741	1	Five great motions are peculiar to it.
4817	1265	1265	0.036827	1	First, when used as a fin for progression; Second, when used as a mace in battle; Third, in sweeping; Fourth, in lobtail
4818	2476	2476	0.748732	1	First: Being horizontal in its position, the Leviathan’s tail acts in a different manner from the tails of all other sea
4819	1888	1888	0.644213	1	In man or fish, wriggling is a sign of inferiority.
4820	429	429	0.201935	1	To the whale, his tail is the sole means of propulsion.
4821	2752	2752	0.671203	1	Scroll-wise coiled forwards beneath the body, and then rapidly sprung backwards, it is this which gives that singular da
4822	1970	1970	0.051206	1	His side-fins only serve to steer by.
4823	1594	1594	0.034363	1	Second: It is a little significant, that while one sperm whale only fights another sperm whale with his head and jaw, ne
4824	1888	1888	0.435945	1	In striking at a boat, he swiftly curves away his flukes from it, and the blow is only inflicted by the recoil.
4825	911	911	0.065357	1	If it be made in the unobstructed air, especially if it descend to its mark, the stroke is then simply irresistible.
4826	1558	1558	0.624138	1	No ribs of man or boat can withstand it.
4827	1791	1791	0.049209	1	Your only salvation lies in eluding it; but if it comes sideways through the opposing water, then partly owing to the li
4828	1790	1790	0.043732	1	These submerged side blows are so often received in the fishery, that they are accounted mere child’s play.
4829	998	998	0.188044	1	Some one strips off a frock, and the hole is stopped.
4830	2467	2467	0.247028	1	Third: I cannot demonstrate it, but it seems to me, that in the whale the sense of touch is concentrated in the tail; fo
4831	935	935	0.083887	1	This delicacy is chiefly evinced in the action of sweeping, when in maidenly gentleness the whale with a certain soft sl
4832	1791	1791	0.270823	1	What tenderness there is in that preliminary touch!
4833	2265	2265	0.316317	1	Had this tail any prehensile power, I should straightway bethink me of Darmonodes’ elephant that so frequented the flowe
4834	1888	1888	0.015973	1	On more accounts than one, a pity it is that the whale does not possess this prehensile virtue in his tail; for I have h
4835	978	978	0.232056	1	Fourth: Stealing unawares upon the whale in the fancied security of the middle of solitary seas, you find him unbent fro
4836	1888	1888	0.105698	1	But still you see his power in his play.
4837	1888	1888	0.150606	1	The broad palms of his tail are flirted high into the air; then smiting the surface, the thunderous concussion resounds 
4838	1120	1120	0.172010	1	You would almost think a great gun had been discharged; and if you noticed the light wreath of vapor from the spiracle a
4839	2073	2073	0.017572	1	Fifth: As in the ordinary floating posture of the leviathan the flukes lie considerably below the level of his back, the
4840	1790	1790	0.131663	1	Excepting the sublime _breach_—somewhere else to be described—this peaking of the whale’s flukes is perhaps the grandest
4841	1594	1594	0.236457	1	Out of the bottomless profundities the gigantic tail seems spasmodically snatching at the highest heaven.
4842	3055	3055	0.178832	1	So in dreams, have I seen majestic Satan thrusting forth his tormented colossal claw from the flame Baltic of Hell.
4843	1790	1790	0.116187	1	But in gazing at such scenes, it is all in all what mood you are in; if in the Dantean, the devils will occur to you; if
4844	2073	2073	0.311781	1	Standing at the mast-head of my ship during a sunrise that crimsoned sky and sea, I once saw a large herd of whales in t
4845	8	8	0.042396	1	As it seemed to me at the time, such a grand embodiment of adoration of the gods was never beheld, even in Persia, the h
4846	1335	1335	0.013520	1	As Ptolemy Philopater testified of the African elephant, I then testified of the whale, pronouncing him the most devout 
4847	2341	2341	0.141170	1	For according to King Juba, the military elephants of antiquity often hailed the morning with their trunks uplifted in t
4848	564	564	0.053864	1	The chance comparison in this chapter, between the whale and the elephant, so far as some aspects of the tail of the one
4849	1797	1797	0.464671	1	For as the mightiest elephant is but a terrier to Leviathan, so, compared with Leviathan’s tail, his trunk is but the st
4850	541	541	0.475435	1	The most direful blow from the elephant’s trunk were as the playful tap of a fan, compared with the measureless crush an
4851	2452	2452	0.689241	1	* *Though all comparison in the way of general bulk between the whale and the elephant is preposterous, inasmuch as in t
4852	2659	2659	0.182459	1	It is well known that the elephant will often draw up water or dust in his trunk, and then elevating it, jet it forth in
4853	2073	2073	0.005114	1	The more I consider this mighty tail, the more do I deplore my inability to express it.
4854	1594	1594	0.442812	1	At times there are gestures in it, which, though they would well grace the hand of man, remain wholly inexplicable.
4855	1594	1594	0.019179	1	In an extensive herd, so remarkable, occasionally, are these mystic gestures, that I have heard hunters who have declare
4856	2661	2661	0.245468	1	Nor are there wanting other motions of the whale in his general body, full of strangeness, and unaccountable to his most
4857	2330	2330	0.069615	1	Dissect him how I may, then, I but go skin deep; I know him not, and never will.
4858	1678	1678	0.011151	1	But if I know not even the tail of this whale, how understand his head?
4859	1790	1790	0.043527	1	much more, how comprehend his face, when face he has none?
4860	1888	1888	0.515505	1	Thou shalt see my back parts, my tail, he seems to say, but my face shall not be seen.
4861	2073	2073	0.484411	1	But I cannot completely make out his back parts; and hint what he will about his face, I say again he has no face.
4862	2874	2874	0.416015	1	The long and narrow peninsula of Malacca, extending south-eastward from the territories of Birmah, forms the most southe
4863	1594	1594	0.646190	1	In a continuous line from that peninsula stretch the long islands of Sumatra, Java, Bally, and Timor; which, with many o
4864	2874	2874	0.384436	1	This rampart is pierced by several sally-ports for the convenience of ships and whales; conspicuous among which are the 
4865	2073	2073	0.557192	1	By the straits of Sunda, chiefly, vessels bound to China from the west, emerge into the China seas.
4866	2659	2659	0.123465	1	Those narrow straits of Sunda divide Sumatra from Java; and standing midway in that vast rampart of islands, buttressed 
4867	1888	1888	0.016843	1	The shores of the Straits of Sunda are unsupplied with those domineering fortresses which guard the entrances to the Med
4868	2073	2073	0.327738	1	Unlike the Danes, these Orientals do not demand the obsequious homage of lowered top-sails from the endless procession o
4869	2360	2360	0.163458	1	But while they freely waive a ceremonial like this, they do by no means renounce their claim to more solid tribute.
4870	2454	2454	0.254744	1	Time out of mind the piratical proas of the Malays, lurking among the low shaded coves and islets of Sumatra, have salli
4871	1405	1405	0.224773	1	Though by the repeated bloody chastisements they have received at the hands of European cruisers, the audacity of these 
4872	541	541	0.244251	1	With a fair, fresh wind, the Pequod was now drawing nigh to these straits; Ahab purposing to pass through them into the 
4873	2661	2661	0.045438	1	By these means, the circumnavigating Pequod would sweep almost all the known Sperm Whale cruising grounds of the world, 
4874	508	508	0.203524	1	in this zoned quest, does Ahab touch no land?
4875	1888	1888	0.132010	1	does his crew drink air?
4876	1777	1777	0.457086	1	Surely, he will stop for water.
4877	8	8	0.246302	1	For a long time, now, the circus-running sun has raced within his fiery ring, and needs no sustenance but what’s in hims
4878	1888	1888	0.305881	1	Mark this, too, in the whaler.
4879	2741	2741	0.160604	1	While other hulls are loaded down with alien stuff, to be transferred to foreign wharves; the world-wandering whale-ship
4880	8	8	0.108417	1	She has a whole lake’s contents bottled in her ample hold.
4881	698	698	0.038446	1	She is ballasted with utilities; not altogether with unusable pig-lead and kentledge.
4882	1888	1888	0.074921	1	She carries years’ water in her.
4883	2659	2659	0.130461	1	Clear old prime Nantucket water; which, when three years afloat, the Nantucketer, in the Pacific, prefers to drink befor
4884	2807	2807	0.138253	1	Hence it is, that, while other ships may have gone to China from New York, and back again, touching at a score of ports,
4885	1435	1435	0.335850	1	So that did you carry them the news that another flood had come; they would only answer—“Well, boys, here’s the ark!” No
4886	1278	1278	0.467095	1	But though the green palmy cliffs of the land soon loomed on the starboard bow, and with delighted nostrils the fresh ci
4887	2874	2874	0.495293	1	Almost renouncing all thought of falling in with any game hereabouts, the ship had well nigh entered the straits, when t
4888	2659	2659	0.262309	1	But here be it premised, that owing to the unwearied activity with which of late they have been hunted over all four oce
4889	562	562	0.119478	1	To this aggregation of the Sperm Whale into such immense caravans, may be imputed the circumstance that even in the best
4890	2073	2073	0.195498	1	Broad on both bows, at the distance of some two or three miles, and forming a great semicircle, embracing one half of th
4891	2659	2659	0.223046	1	Unlike the straight perpendicular twin-jets of the Right Whale, which, dividing at top, fall over in two branches, like 
4892	1594	1594	0.793763	1	Seen from the Pequod’s deck, then, as she would rise on a high hill of the sea, this host of vapory spouts, individually
4893	2874	2874	0.011069	1	As marching armies approaching an unfriendly defile in the mountains, accelerate their march, all eagerness to place tha
4894	1888	1888	0.093035	1	Crowding all sail the Pequod pressed after them; the harpooneers handling their weapons, and loudly cheering from the he
4895	1278	1278	0.263508	1	If the wind only held, little doubt had they, that chased through these Straits of Sunda, the vast host would only deplo
4896	1710	1710	0.107044	1	And who could tell whether, in that congregated caravan, Moby Dick himself might not temporarily be swimming, like the w
4897	801	801	0.307994	1	So with stun-sail piled on stun-sail, we sailed along, driving these leviathans before us; when, of a sudden, the voice 
4898	1888	1888	0.212456	1	Corresponding to the crescent in our van, we beheld another in our rear.
4899	2659	2659	0.031660	1	It seemed formed of detached white vapors, rising and falling something like the spouts of the whales; only they did not
4900	246	246	0.614187	1	Levelling his glass at this sight, Ahab quickly revolved in his pivot-hole, crying, “Aloft there, and rig whips and buck
4901	232	232	0.140225	1	But when the swift Pequod, with a fresh leading wind, was herself in hot chase; how very kind of these tawny philanthrop
4902	2292	2292	0.209046	1	As with glass under arm, Ahab to-and-fro paced the deck; in his forward turn beholding the monsters he chased, and in th
4903	548	548	0.053251	1	And when he glanced upon the green walls of the watery defile in which the ship was then sailing, and bethought him that
4904	2659	2659	0.236001	1	But thoughts like these troubled very few of the reckless crew; and when, after steadily dropping and dropping the pirat
4905	1405	1405	0.129501	1	But still driving on in the wake of the whales, at length they seemed abating their speed; gradually the ship neared the
4906	1790	1790	0.060139	1	But no sooner did the herd, by some presumed wonderful instinct of the Sperm Whale, become notified of the three keels t
4907	2659	2659	0.997206	1	Stripped to our shirts and drawers, we sprang to the white-ash, and after several hours’ pulling were almost disposed to
4908	2659	2659	0.246955	1	The compact martial columns in which they had been hitherto rapidly and steadily swimming, were now broken up in one mea
4909	1888	1888	0.095371	1	In all directions expanding in vast irregular circles, and aimlessly swimming hither and thither, by their short thick s
4910	2528	2528	0.141024	1	This was still more strangely evinced by those of their number, who, completely paralysed as it were, helplessly floated
4911	1678	1678	0.438025	1	Had these Leviathans been but a flock of simple sheep, pursued over the pasture by three fierce wolves, they could not p
4912	2159	2159	0.695557	1	But this occasional timidity is characteristic of almost all herding creatures.
4913	484	484	0.049189	1	Though banding together in tens of thousands, the lion-maned buffaloes of the West have fled before a solitary horseman.
4914	2467	2467	0.010860	1	Witness, too, all human beings, how when herded together in the sheepfold of a theatre’s pit, they will, at the slightes
4915	1934	1934	0.285849	1	Best, therefore, withhold any amazement at the strangely gallied whales before us, for there is no folly of the beasts o
4916	748	748	0.447120	1	Though many of the whales, as has been said, were in violent motion, yet it is to be observed that as a whole the herd n
4917	2664	2664	0.071519	1	As is customary in those cases, the boats at once separated, each making for some one lone whale on the outskirts of the
4918	2467	2467	0.013262	1	In about three minutes’ time, Queequeg’s harpoon was flung; the stricken fish darted blinding spray in our faces, and th
4919	2528	2528	0.121861	1	Though such a movement on the part of the whale struck under such circumstances, is in no wise unprecedented; and indeed
4920	2659	2659	0.125390	1	For as the swift monster drags you deeper and deeper into the frantic shoal, you bid adieu to circumspect life and only 
4921	1870	1870	0.584500	1	As, blind and deaf, the whale plunged forward, as if by sheer power of speed to rid himself of the iron leech that had f
4922	2874	2874	0.479782	1	But not a bit daunted, Queequeg steered us manfully; now sheering off from this monster directly across our route in adv
4923	2874	2874	0.246920	1	Nor were the oarsmen quite idle, though their wonted duty was now altogether dispensed with.
4924	1790	1790	0.149911	1	They chiefly attended to the shouting part of the business.
4925	1275	1275	0.022754	1	“Out of the way, Commodore!” cried one, to a great dromedary that of a sudden rose bodily to the surface, and for an ins
4926	1102	1102	0.203998	1	“Hard down with your tail, there!” cried a second to another, which, close to our gunwale, seemed calmly cooling himself
4927	1594	1594	0.237715	1	All whaleboats carry certain curious contrivances, originally invented by the Nantucket Indians, called druggs.
4928	463	463	0.039566	1	Two thick squares of wood of equal size are stoutly clenched together, so that they cross each other’s grain at right an
4929	1888	1888	0.149708	1	It is chiefly among gallied whales that this drugg is used.
4930	2432	2432	0.177093	1	For then, more whales are close round you than you can possibly chase at one time.
4931	1790	1790	0.196480	1	But sperm whales are not every day encountered; while you may, then, you must kill all you can.
4932	2720	2720	0.171558	1	And if you cannot kill them all at once, you must wing them, so that they can be afterwards killed at your leisure.
4933	1888	1888	0.253164	1	Hence it is, that at times like these the drugg, comes into requisition.
4934	1888	1888	0.429161	1	Our boat was furnished with three of them.
4935	1594	1594	0.145565	1	The first and second were successfully darted, and we saw the whales staggeringly running off, fettered by the enormous 
4936	1970	1970	0.753097	1	They were cramped like malefactors with the chain and ball.
4937	2874	2874	0.273741	1	But upon flinging the third, in the act of tossing overboard the clumsy wooden block, it caught under one of the seats o
4938	2073	2073	0.136637	1	On both sides the sea came in at the wounded planks, but we stuffed two or three drawers and shirts in, and so stopped t
4939	1934	1934	0.811929	1	It had been next to impossible to dart these drugged-harpoons, were it not that as we advanced into the herd, our whale’
4940	2073	2073	0.375546	1	So that when at last the jerking harpoon drew out, and the towing whale sideways vanished; then, with the tapering force
4941	1790	1790	0.078191	1	Here the storms in the roaring glens between the outermost whales, were heard but not felt.
4942	1146	1146	0.200253	1	In this central expanse the sea presented that smooth satin-like surface, called a sleek, produced by the subtle moistur
4943	2133	2133	0.383497	1	Yes, we were now in that enchanted calm which they say lurks at the heart of every commotion.
4944	541	541	0.248669	1	And still in the distracted distance we beheld the tumults of the outer concentric circles, and saw successive pods of w
4945	1888	1888	0.275663	1	Owing to the density of the crowd of reposing whales, more immediately surrounding the embayed axis of the herd, no poss
4946	1912	1912	0.251096	1	We must watch for a breach in the living wall that hemmed us in; the wall that had only admitted us in order to shut us 
4947	1371	1371	0.418931	1	Keeping at the centre of the lake, we were occasionally visited by small tame cows and calves; the women and children of
4948	1860	1860	0.034284	1	Now, inclusive of the occasional wide intervals between the revolving outer circles, and inclusive of the spaces between
4949	1128	1128	0.251641	1	At any rate—though indeed such a test at such a time might be deceptive—spoutings might be discovered from our low boat 
4950	541	541	0.067721	1	I mention this circumstance, because, as if the cows and calves had been purposely locked up in this innermost fold; and
4951	1594	1594	0.653224	1	Like household dogs they came snuffling round us, right up to our gunwales, and touching them; till it almost seemed tha
4952	2073	2073	0.464214	1	Queequeg patted their foreheads; Starbuck scratched their backs with his lance; but fearful of the consequences, for the
4953	2073	2073	0.079061	1	But far beneath this wondrous world upon the surface, another and still stranger world met our eyes as we gazed over the
4954	1594	1594	0.046840	1	For, suspended in those watery vaults, floated the forms of the nursing mothers of the whales, and those that by their e
4955	429	429	0.457138	1	The lake, as I have hinted, was to a considerable depth exceedingly transparent; and as human infants while suckling wil
4956	2528	2528	0.483491	1	Floating on their sides, the mothers also seemed quietly eyeing us.
4957	1888	1888	0.131741	1	One of these little infants, that from certain queer tokens seemed hardly a day old, might have measured some fourteen f
4958	2073	2073	0.110334	1	He was a little frisky; though as yet his body seemed scarce yet recovered from that irksome position it had so lately o
4959	1594	1594	0.250481	1	The delicate side-fins, and the palms of his flukes, still freshly retained the plaited crumpled appearance of a baby’s 
4960	1888	1888	0.026455	1	line!” cried Queequeg, looking over the gunwale; “him fast!
4961	548	548	1.021995	1	Who struck?—Two whale; one big, one little!” “What ails ye, man?” cried Starbuck.
4962	688	688	0.650172	1	“Look-e here,” said Queequeg, pointing down.
4963	1594	1594	0.115170	1	As when the stricken whale, that from the tub has reeled out hundreds of fathoms of rope; as, after deep sounding, he fl
4964	2735	2735	0.386997	1	Not seldom in the rapid vicissitudes of the chase, this natural line, with the maternal end loose, becomes entangled wit
4965	1581	1581	0.024560	1	Some of the subtlest secrets of the seas seemed divulged to us in this enchanted pond.
4966	2073	2073	0.377146	1	We saw young Leviathan amours in the deep.
4967	1600	1600	1.153487	1	* *The sperm whale, as with all other species of the Leviathan, but unlike most other fish, breeds indifferently at all 
4968	8	8	0.067115	1	When by chance these precious parts in a nursing whale are cut by the hunter’s lance, the mother’s pouring milk and bloo
4969	1888	1888	0.338835	1	The milk is very sweet and rich; it has been tasted by man; it might do well with strawberries.
4970	1790	1790	0.175043	1	When overflowing with mutual esteem, the whales salute _more hominum_.
4971	2467	2467	0.171811	1	And thus, though surrounded by circle upon circle of consternations and affrights, did these inscrutable creatures at th
4972	638	638	0.663225	1	But even so, amid the tornadoed Atlantic of my being, do I myself still for ever centrally disport in mute calm; and whi
4973	2073	2073	0.144881	1	Meanwhile, as we thus lay entranced, the occasional sudden frantic spectacles in the distance evinced the activity of th
4974	541	541	0.336850	1	But the sight of the enraged drugged whales now and then blindly darting to and fro across the circles, was nothing to w
4975	1594	1594	0.931296	1	It is sometimes the custom when fast to a whale more than commonly powerful and alert, to seek to hamstring him, as it w
4976	1888	1888	0.065781	1	It is done by darting a short-handled cutting-spade, to which is attached a rope for hauling it back again.
4977	2467	2467	0.491971	1	A whale wounded (as we afterwards learned) in this part, but not effectually, as it seemed, had broken away from the boa
4978	1888	1888	0.016296	1	But agonizing as was the wound of this whale, and an appalling spectacle enough, any way; yet the peculiar horror with w
4979	1594	1594	0.278116	1	But at length we perceived that by one of the unimaginable accidents of the fishery, this whale had become entangled in 
4980	2073	2073	0.085732	1	So that tormented to madness, he was now churning through the water, violently flailing with his flexible tail, and toss
4981	2073	2073	0.442484	1	This terrific object seemed to recall the whole herd from their stationary fright.
4982	429	429	0.058218	1	First, the whales forming the margin of our lake began to crowd a little, and tumble against each other, as if lifted by
4983	1888	1888	0.123572	1	Yes, the long calm was departing.
4984	2874	2874	0.326672	1	A low advancing hum was soon heard; and then like to the tumultuous masses of block-ice when the great river Hudson brea
4985	1275	1275	0.253376	1	Instantly Starbuck and Queequeg changed places; Starbuck taking the stern.
4986	2874	2874	0.369631	1	Oars!” he intensely whispered, seizing the helm—“gripe your oars, and clutch your souls, now!
4987	1888	1888	0.513222	1	My God, men, stand by!
4988	1888	1888	0.064583	1	Shove him off, you Queequeg—the whale there!—prick him!—hit him!
4989	2723	2723	0.095285	1	Stand up—stand up, and stay so!
4990	1790	1790	0.116155	1	Spring, men—pull, men; never mind their backs—scrape them!—scrape away!” The boat was now all but jammed between two vas
4991	1275	1275	0.128308	1	But by desperate endeavor we at last shot into a temporary opening; then giving way rapidly, and at the same time earnes
4992	1594	1594	0.368135	1	After many similar hair-breadth escapes, we at last swiftly glided into what had just been one of the outer circles, but
4993	2599	2599	0.149295	1	This lucky salvation was cheaply purchased by the loss of Queequeg’s hat, who, while standing in the bows to prick the f
4994	1888	1888	0.258054	1	Riotous and disordered as the universal commotion now was, it soon resolved itself into what seemed a systematic movemen
4995	2874	2874	0.583311	1	Further pursuit was useless; but the boats still lingered in their wake to pick up what drugged whales might be dropped 
4996	1642	1642	0.373071	1	The waif is a pennoned pole, two or three of which are carried by every boat; and which, when additional game is at hand
4997	2073	2073	0.271517	1	The result of this lowering was somewhat illustrative of that sagacious saying in the Fishery,—the more whales the less 
4998	1467	1467	0.215984	1	Of all the drugged whales only one was captured.
4999	2265	2265	0.092148	1	The rest contrived to escape for the time, but only to be taken, as will hereafter be seen, by some other craft than the
5000	2073	2073	0.141635	1	The previous chapter gave account of an immense body or herd of Sperm Whales, and there was also then given the probable
5001	2073	2073	0.568104	1	Now, though such great bodies are at times encountered, yet, as must have been seen, even at the present day, small deta
5002	1821	1821	0.323925	1	Such bands are known as schools.
5003	1642	1642	0.624069	1	They generally are of two sorts; those composed almost entirely of females, and those mustering none but young vigorous 
5004	1888	1888	0.457497	1	In cavalier attendance upon the school of females, you invariably see a male of full grown magnitude, but not old; who, 
5005	1594	1594	0.052159	1	In truth, this gentleman is a luxurious Ottoman, swimming about over the watery world, surroundingly accompanied by all 
5006	1642	1642	0.543182	1	The contrast between this Ottoman and his concubines is striking; because, while he is always of the largest leviathanic
5007	1151	1151	0.388314	1	They are comparatively delicate, indeed; I dare say, not to exceed half a dozen yards round the waist.
5008	1888	1888	0.033677	1	Nevertheless, it cannot be denied, that upon the whole they are hereditarily entitled to _en bon point_.
5009	1502	1502	0.165429	1	It is very curious to watch this harem and its lord in their indolent ramblings.
5010	1275	1275	0.702197	1	Like fashionables, they are for ever on the move in leisurely search of variety.
5011	2073	2073	0.141921	1	You meet them on the Line in time for the full flower of the Equatorial feeding season, having just returned, perhaps, f
5012	541	541	0.398358	1	By the time they have lounged up and down the promenade of the Equator awhile, they start for the Oriental waters in ant
5013	1147	1147	0.460185	1	When serenely advancing on one of these journeys, if any strange suspicious sights are seen, my lord whale keeps a wary 
5014	2026	2026	0.448217	1	Should any unwarrantably pert young Leviathan coming that way, presume to draw confidentially close to one of the ladies
5015	1888	1888	0.032636	1	High times, indeed, if unprincipled young rakes like him are to be permitted to invade the sanctity of domestic bliss; t
5016	1790	1790	0.225695	1	all fish bed in common.
5017	1888	1888	0.016984	1	As ashore, the ladies often cause the most terrible duels among their rival admirers; just so with the whales, who somet
5018	184	184	0.233853	1	They fence with their long lower jaws, sometimes locking them together, and so striving for the supremacy like elks that
5019	1790	1790	0.374457	1	Not a few are captured having the deep scars of these encounters,—furrowed heads, broken teeth, scolloped fins; and in s
5020	2073	2073	0.701413	1	But supposing the invader of domestic bliss to betake himself away at the first rush of the harem’s lord, then is it ver
5021	1888	1888	0.466724	1	Gently he insinuates his vast bulk among them again and revels there awhile, still in tantalizing vicinity to young Loth
5022	1523	1523	0.065083	1	Granting other whales to be in sight, the fishermen will seldom give chase to one of these Grand Turks; for these Grand 
5023	2659	2659	0.396439	1	As for the sons and the daughters they beget, why, those sons and daughters must take care of themselves; at least, with
5024	2646	2646	0.418025	1	For like certain other omnivorous roving lovers that might be named, my Lord Whale has no taste for the nursery, however
5025	1888	1888	0.028561	1	In good time, nevertheless, as the ardour of youth declines; as years and dumps increase; as reflection lends her solemn
5026	2659	2659	0.775603	1	Now, as the harem of whales is called by the fishermen a school, so is the lord and master of that school technically kn
5027	748	748	0.782368	1	It is therefore not in strict character, however admirably satirical, that after going to school himself, he should then
5028	946	946	0.115004	1	His title, schoolmaster, would very naturally seem derived from the name bestowed upon the harem itself, but some have s
5029	1791	1791	0.347825	1	The same secludedness and isolation to which the schoolmaster whale betakes himself in his advancing years, is true of a
5030	1594	1594	0.145272	1	Almost universally, a lone whale—as a solitary Leviathan is called—proves an ancient one.
5031	1600	1600	0.240455	1	Like venerable moss-bearded Daniel Boone, he will have no one near him but Nature herself; and her he takes to wife in t
5032	1594	1594	0.489321	1	The schools composing none but young and vigorous males, previously mentioned, offer a strong contrast to the harem scho
5033	232	232	0.136907	1	For while those female whales are characteristically timid, the young males, or forty-barrel-bulls, as they call them, a
5034	1888	1888	0.110662	1	The Forty-barrel-bull schools are larger than the harem schools.
5035	2874	2874	0.704610	1	Like a mob of young collegians, they are full of fight, fun, and wickedness, tumbling round the world at such a reckless
5036	1594	1594	0.211506	1	They soon relinquish this turbulence though, and when about three-fourths grown, break up, and separately go about in qu
5037	541	541	0.254595	1	Another point of difference between the male and female schools is still more characteristic of the sexes.
5038	2466	2466	0.767598	1	Say you strike a Forty-barrel-bull—poor devil!
5039	1581	1581	0.274614	1	all his comrades quit him.
5040	2499	2499	0.222500	1	But strike a member of the harem school, and her companions swim around her with every token of concern, sometimes linge
5041	1467	1467	0.250608	1	The allusion to the waif and waif-poles in the last chapter but one, necessitates some account of the laws and regulatio
5042	1594	1594	0.296301	1	It frequently happens that when several ships are cruising in company, a whale may be struck by one vessel, then escape,
5043	1109	1109	0.290259	1	For example,—after a weary and perilous chase and capture of a whale, the body may get loose from the ship by reason of 
5044	1934	1934	0.267743	1	Thus the most vexatious and violent disputes would often arise between the fishermen, were there not some written or unw
5045	698	698	0.417422	1	Perhaps the only formal whaling code authorized by legislative enactment, was that of Holland.
5046	1888	1888	0.161320	1	It was decreed by the States-General in A.D. 1695.
5047	698	698	0.044122	1	But though no other nation has ever had any written whaling law, yet the American fishermen have been their own legislat
5048	2094	2094	0.456412	1	They have provided a system which for terse comprehensiveness surpasses Justinian’s Pandects and the By-laws of the Chin
5049	1098	1098	0.016177	1	Yes; these laws might be engraven on a Queen Anne’s farthing, or the barb of a harpoon, and worn round the neck, so smal
5050	1888	1888	0.303780	1	A Fast-Fish belongs to the party fast to it.
5051	1888	1888	0.014668	1	A Loose-Fish is fair game for anybody who can soonest catch it.
5052	360	360	0.054767	1	But what plays the mischief with this masterly code is the admirable brevity of it, which necessitates a vast volume of 
5053	2572	2572	0.060812	1	First: What is a Fast-Fish?
5054	2659	2659	0.419918	1	Alive or dead a fish is technically fast, when it is connected with an occupied ship or boat, by any medium at all contr
5055	1094	1094	0.275840	1	Likewise a fish is technically fast when it bears a waif, or any other recognised symbol of possession; so long as the p
5056	2223	2223	0.162752	1	These are scientific commentaries; but the commentaries of the whalemen themselves sometimes consist in hard words and h
5057	1594	1594	0.137458	1	True, among the more upright and honorable whalemen allowances are always made for peculiar cases, where it would be an 
5058	971	971	0.247359	1	But others are by no means so scrupulous.
5059	3055	3055	0.244333	1	Some fifty years ago there was a curious case of whale-trover litigated in England, wherein the plaintiffs set forth tha
5060	1888	1888	0.195194	1	Ultimately the defendants (the crew of another ship) came up with the whale, struck, killed, seized, and finally appropr
5061	1678	1678	0.248625	1	And when those defendants were remonstrated with, their captain snapped his fingers in the plaintiffs’ teeth, and assure
5062	1790	1790	0.104552	1	Wherefore the plaintiffs now sued for the recovery of the value of their whale, line, harpoons, and boat.
5063	1342	1342	0.407801	1	Mr. Erskine was counsel for the defendants; Lord Ellenborough was the judge.
5064	1888	1888	0.149745	1	In the course of the defence, the witty Erskine went on to illustrate his position, by alluding to a recent crim.
5065	3055	3055	0.025810	1	case, wherein a gentleman, after in vain trying to bridle his wife’s viciousness, had at last abandoned her upon the sea
5066	2026	2026	0.210457	1	Erskine was on the other side; and he then supported it by saying, that though the gentleman had originally harpooned th
5067	2073	2073	0.043494	1	Now in the present case Erskine contended that the examples of the whale and the lady were reciprocally illustrative of 
5068	1594	1594	0.190492	1	These pleadings, and the counter pleadings, being duly heard, the very learned judge in set terms decided, to wit,—That 
5069	1504	1504	0.128098	1	Now the defendants afterwards took the fish; ergo, the aforesaid articles were theirs.
5070	2031	2031	0.209448	1	A common man looking at this decision of the very learned Judge, might possibly object to it.
5071	2575	2575	0.337008	1	But ploughed up to the primary rock of the matter, the two great principles laid down in the twin whaling laws previousl
5072	1934	1934	0.323911	1	Is it not a saying in every one’s mouth, Possession is half of the law: that is, regardless of how the thing came into p
5073	2073	2073	0.387568	1	But often possession is the whole of the law.
5074	2073	2073	0.028824	1	What are the sinews and souls of Russian serfs and Republican slaves but Fast-Fish, whereof possession is the whole of t
5075	429	429	0.175627	1	What to the rapacious landlord is the widow’s last mite but a Fast-Fish?
5076	8	8	0.319156	1	What is yonder undetected villain’s marble mansion with a door-plate for a waif; what is that but a Fast-Fish?
5077	2528	2528	0.032506	1	What is the ruinous discount which Mordecai, the broker, gets from poor Woebegone, the bankrupt, on a loan to keep Woebe
5078	2659	2659	0.371581	1	What is the Archbishop of Savesoul’s income of £100,000 seized from the scant bread and cheese of hundreds of thousands 
5079	1502	1502	0.056198	1	What are the Duke of Dunder’s hereditary towns and hamlets but Fast-Fish?
5080	429	429	0.352303	1	What to that redoubted harpooneer, John Bull, is poor Ireland, but a Fast-Fish?
5081	429	429	0.400587	1	What to that apostolic lancer, Brother Jonathan, is Texas but a Fast-Fish?
5082	2073	2073	0.228867	1	And concerning all these, is not Possession the whole of the law?
5083	1594	1594	0.602400	1	But if the doctrine of Fast-Fish be pretty generally applicable, the kindred doctrine of Loose-Fish is still more widely
5084	3052	3052	0.382653	1	That is internationally and universally applicable.
5085	1319	1319	0.105418	1	What was America in 1492 but a Loose-Fish, in which Columbus struck the Spanish standard by way of waifing it for his ro
5086	429	429	0.148468	1	What was Poland to the Czar?
5087	429	429	0.196226	1	What Greece to the Turk?
5088	2073	2073	0.046627	1	What at last will Mexico be to the United States?
5089	1943	1943	0.074864	1	What are the Rights of Man and the Liberties of the World but Loose-Fish?
5090	8	8	0.553950	1	What all men’s minds and opinions but Loose-Fish?
5091	1943	1943	0.274774	1	What is the principle of religious belief in them but a Loose-Fish?
5092	429	429	0.153416	1	What to the ostentatious smuggling verbalists are the thoughts of thinkers but Loose-Fish?
5093	1943	1943	0.180130	1	What is the great globe itself but a Loose-Fish?
5094	666	666	0.283161	1	And what are you, reader, but a Loose-Fish and a Fast-Fish, too?
5095	1055	1055	0.466443	1	“De balena vero sufficit, si rex habeat caput, et regina caudam.” _Bracton, l. 3, c. 3._ Latin from the books of the Law
5096	2476	2476	0.348072	1	A division which, in the whale, is much like halving an apple; there is no intermediate remainder.
5097	2286	2286	0.302742	1	Now as this law, under a modified form, is to this day in force in England; and as it offers in various respects a stran
5098	2098	2098	0.449537	1	In the first place, in curious proof of the fact that the above-mentioned law is still in force, I proceed to lay before
5099	1790	1790	0.287270	1	It seems that some honest mariners of Dover, or Sandwich, or some one of the Cinque Ports, had after a hard chase succee
5100	1790	1790	0.155349	1	Now the Cinque Ports are partially or somehow under the jurisdiction of a sort of policeman or beadle, called a Lord War
5101	1790	1790	0.214080	1	Holding the office directly from the crown, I believe, all the royal emoluments incident to the Cinque Port territories 
5102	2874	2874	0.031266	1	By some writers this office is called a sinecure.
5103	1594	1594	0.068911	1	Because the Lord Warden is busily employed at times in fobbing his perquisites; which are his chiefly by virtue of that 
5104	1678	1678	0.739879	1	Now when these poor sun-burnt mariners, bare-footed, and with their trowsers rolled high up on their eely legs, had wear
5105	602	602	0.026363	1	this fish, my masters, is a Fast-Fish.
5106	935	935	0.011883	1	I seize it as the Lord Warden’s.” Upon this the poor mariners in their respectful consternation—so truly English—knowing
5107	870	870	0.418777	1	But that did in nowise mend the matter, or at all soften the hard heart of the learned gentleman with the copy of Blacks
5108	2219	2219	0.102193	1	At length one of them, after long scratching about for his ideas, made bold to speak, “Please, sir, who is the Lord Ward
5109	2029	2029	0.006516	1	Thinking that viewed in some particular lights, the case might by a bare possibility in some small degree be deemed, und
5110	2073	2073	0.157321	1	To which my Lord Duke in substance replied (both letters were published) that he had already done so, and received the m
5111	674	674	0.764332	1	Is this the still militant old man, standing at the corners of the three kingdoms, on all hands coercing alms of beggars
5112	2988	2988	0.297955	1	It will readily be seen that in this case the alleged right of the Duke to the whale was a delegated one from the Sovere
5113	1888	1888	0.157728	1	We must needs inquire then on what principle the Sovereign is originally invested with that right.
5114	2575	2575	0.220367	1	The law itself has already been set forth.
5115	1888	1888	0.208978	1	But Plowdon gives us the reason for it.
5116	2659	2659	0.274279	1	Says Plowdon, the whale so caught belongs to the King and Queen, “because of its superior excellence.” And by the sounde
5117	2073	2073	0.484456	1	But why should the King have the head, and the Queen the tail?
5118	2469	2469	0.291901	1	A reason for that, ye lawyers!
5119	1790	1790	0.251265	1	In his treatise on “Queen-Gold,” or Queen-pinmoney, an old King’s Bench author, one William Prynne, thus discourseth: “Y
5120	748	748	0.471423	1	But this same bone is not in the tail; it is in the head, which is a sad mistake for a sagacious lawyer like Prynne.
5121	674	674	1.825753	1	But is the Queen a mermaid, to be presented with a tail?
5122	1903	1903	0.364879	1	An allegorical meaning may lurk here.
5123	1642	1642	0.973007	1	There are two royal fish so styled by the English law writers—the whale and the sturgeon; both royal property under cert
5124	1594	1594	0.077455	1	I know not that any other author has hinted of the matter; but by inference it seems to me that the sturgeon must be div
5125	2375	2375	0.107249	1	And thus there seems a reason in all things, even in law.
5126	2602	2602	0.181849	1	The Pequod Meets The Rose-Bud.
5127	2073	2073	0.296807	1	“In vain it was to rake for Ambergriese in the paunch of this Leviathan, insufferable fetor denying not inquiry.” _Sir T
5128	1888	1888	0.184072	1	A peculiar and not very pleasant smell was smelt in the sea.
5129	688	688	0.474429	1	“I will bet something now,” said Stubb, “that somewhere hereabouts are some of those drugged whales we tickled the other
5130	548	548	0.759727	1	I thought they would keel up before long.” Presently, the vapors in advance slid aside; and there in the distance lay a 
5131	2073	2073	0.192854	1	As we glided nearer, the stranger showed French colours from his peak; and by the eddying cloud of vulture sea-fowl that
5132	244	244	0.041593	1	It may well be conceived, what an unsavory odor such a mass must exhale; worse than an Assyrian city in the plague, when
5133	1405	1405	0.166145	1	So intolerable indeed is it regarded by some, that no cupidity could persuade them to moor alongside of it.
5134	2031	2031	0.016196	1	Yet are there those who will still do it; notwithstanding the fact that the oil obtained from such subjects is of a very
5135	1718	1718	0.152415	1	Coming still nearer with the expiring breeze, we saw that the Frenchman had a second whale alongside; and this second wh
5136	1888	1888	0.048231	1	In truth, it turned out to be one of those problematical whales that seem to dry up and die with a sort of prodigious dy
5137	1888	1888	0.605018	1	Nevertheless, in the proper place we shall see that no knowing fisherman will ever turn up his nose at such a whale as t
5138	1131	1131	0.070592	1	The Pequod had now swept so nigh to the stranger, that Stubb vowed he recognised his cutting spade-pole entangled in the
5139	688	688	0.171102	1	“There’s a pretty fellow, now,” he banteringly laughed, standing in the ship’s bows, “there’s a jackal for ye!
5140	2467	2467	0.094933	1	I well know that these Crappoes of Frenchmen are but poor devils in the fishery; sometimes lowering their boats for brea
5141	8	8	0.139947	1	I say, pass round a hat, some one, and let’s make him a present of a little oil for dear charity’s sake.
5142	2874	2874	0.004370	1	For what oil he’ll get from that drugged whale there, wouldn’t be fit to burn in a jail; no, not in a condemned cell.
5143	2614	2614	0.127777	1	And as for the other whale, why, I’ll agree to get more oil by chopping up and trying out these three masts of ours, tha
5144	1888	1888	0.100233	1	I wonder now if our old man has thought of that.
5145	8	8	0.150553	1	Yes, I’m for it;” and so saying he started for the quarter-deck.
5146	1790	1790	0.251389	1	By this time the faint air had become a complete calm; so that whether or no, the Pequod was now fairly entrapped in the
5147	1888	1888	0.159131	1	Issuing from the cabin, Stubb now called his boat’s crew, and pulled off for the stranger.
5148	541	541	0.353033	1	Drawing across her bow, he perceived that in accordance with the fanciful French taste, the upper part of her stem-piece
5149	688	688	0.685402	1	Upon her head boards, in large gilt letters, he read “Bouton de Rose,”—Rose-button, or Rose-bud; and this was the romant
5150	1790	1790	0.113226	1	Though Stubb did not understand the _Bouton_ part of the inscription, yet the word _rose_, and the bulbous figure-head p
5151	688	688	0.253668	1	“A wooden rose-bud, eh?” he cried with his hand to his nose, “that will do very well; but how like all creation it smell
5152	2874	2874	0.031523	1	Arrived then at this spot, with one hand still to his nose, he bawled—“Bouton-de-Rose, ahoy!
5153	2503	2503	0.364915	1	are there any of you Bouton-de-Roses that speak English?” “Yes,” rejoined a Guernsey-man from the bulwarks, who turned o
5154	232	232	0.024240	1	“Well, then, my Bouton-de-Rose-bud, have you seen the White Whale?” “_What_ whale?” “The _White_ Whale—a Sperm Whale—Mob
5155	1888	1888	0.285728	1	“Never heard of such a whale.
5156	1790	1790	0.003809	1	White Whale—no.” “Very good, then; good bye now, and I’ll call again in a minute.” Then rapidly pulling back towards the
5157	8	8	0.447957	1	No!” Upon which Ahab retired, and Stubb returned to the Frenchman.
5158	1960	1960	0.031631	1	He now perceived that the Guernsey-man, who had just got into the chains, and was using a cutting-spade, had slung his n
5159	688	688	0.018581	1	“What’s the matter with your nose, there?” said Stubb.
5160	688	688	0.300469	1	“Broke it?” “I wish it was broken, or that I didn’t have any nose at all!” answered the Guernsey-man, who did not seem t
5161	688	688	0.196829	1	“But what are you holding _yours_ for?” “Oh, nothing!
5162	8	8	0.116406	1	It’s a wax nose; I have to hold it on.
5163	548	548	0.768034	1	Air rather gardenny, I should say; throw us a bunch of posies, will ye, Bouton-de-Rose?” “What in the devil’s name do yo
5164	8	8	0.714865	1	why don’t you pack those whales in ice while you’re working at ’em?
5165	8	8	0.025842	1	But joking aside, though; do you know, Rose-bud, that it’s all nonsense trying to get any oil out of such whales?
5166	8	8	0.237438	1	As for that dried up one, there, he hasn’t a gill in his whole carcase.” “I know that well enough; but, d’ye see, the Ca
5167	548	548	0.004208	1	But come aboard, and mayhap he’ll believe you, if he won’t me; and so I’ll get out of this dirty scrape.” “Anything to o
5168	1888	1888	0.244625	1	There a queer scene presented itself.
5169	1888	1888	0.030434	1	The sailors, in tasselled caps of red worsted, were getting the heavy tackles in readiness for the whales.
5170	2761	2761	0.065288	1	But they worked rather slow and talked very fast, and seemed in anything but a good humor.
5171	1600	1600	0.005687	1	All their noses upwardly projected from their faces like so many jib-booms.
5172	541	541	0.093472	1	Now and then pairs of them would drop their work, and run up to the mast-head to get some fresh air.
5173	1120	1120	0.023960	1	Some thinking they would catch the plague, dipped oakum in coal-tar, and at intervals held it to their nostrils.
5174	1594	1594	0.011898	1	Others having broken the stems of their pipes almost short off at the bowl, were vigorously puffing tobacco-smoke, so th
5175	800	800	0.047807	1	Stubb was struck by a shower of outcries and anathemas proceeding from the Captain’s round-house abaft; and looking in t
5176	2659	2659	0.122308	1	This was the tormented surgeon, who, after in vain remonstrating against the proceedings of the day, had betaken himself
5177	244	244	0.287717	1	Marking all this, Stubb argued well for his scheme, and turning to the Guernsey-man had a little chat with him, during w
5178	945	945	0.094912	1	Sounding him carefully, Stubb further perceived that the Guernsey-man had not the slightest suspicion concerning the amb
5179	2469	2469	0.277179	1	He therefore held his peace on that head, but otherwise was quite frank and confidential with him, so that the two quick
5180	1960	1960	0.119953	1	According to this little plan of theirs, the Guernsey-man, under cover of an interpreter’s office, was to tell the Capta
5181	2296	2296	0.104072	1	By this time their destined victim appeared from his cabin.
5182	2073	2073	0.181004	1	He was a small and dark, but rather delicate looking man for a sea-captain, with large whiskers and moustache, however; 
5183	1754	1754	0.181269	1	To this gentleman, Stubb was now politely introduced by the Guernsey-man, who at once ostentatiously put on the aspect o
5184	688	688	0.437350	1	“What shall I say to him first?” said he.
5185	2287	2287	0.241951	1	“Why,” said Stubb, eyeing the velvet vest and the watch and seals, “you may as well begin by telling him that he looks a
5186	688	688	0.563804	1	“What now?” said the Guernsey-man to Stubb.
5187	1858	1858	0.013376	1	“Why, since he takes it so easy, tell him that now I have eyed him carefully, I’m quite certain that he’s no more fit to
5188	1430	1430	0.020412	1	In fact, tell him from me he’s a baboon.” “He vows and declares, Monsieur, that the other whale, the dried one, is far m
5189	688	688	0.563804	1	“What now?” said the Guernsey-man, when the Captain had returned to them.
5190	1430	1430	0.359605	1	“Why, let me see; yes, you may as well tell him now that—that—in fact, tell him I’ve diddled him, and (aside to himself)
5191	688	688	0.643980	1	“He wants you to take a glass of wine with him,” said the interpreter.
5192	1790	1790	0.042710	1	“Thank him heartily; but tell him it’s against my principles to drink with the man I’ve diddled.
5193	1430	1430	0.250793	1	In fact, tell him I must go.” “He says, Monsieur, that his principles won’t admit of his drinking; but that if Monsieur 
5194	1594	1594	0.190558	1	While the Frenchman’s boats, then, were engaged in towing the ship one way, Stubb benevolently towed away at his whale t
5195	1888	1888	0.495538	1	Presently a breeze sprang up; Stubb feigned to cast off from the whale; hoisting his boats, the Frenchman soon increased
5196	1790	1790	0.304265	1	Whereupon Stubb quickly pulled to the floating body, and hailing the Pequod to give notice of his intentions, at once pr
5197	1857	1857	0.082776	1	Seizing his sharp boat-spade, he commenced an excavation in the body, a little behind the side fin.
5198	1120	1120	0.131956	1	You would almost have thought he was digging a cellar there in the sea; and when at length his spade struck against the 
5199	8	8	0.173485	1	His boat’s crew were all in high excitement, eagerly helping their chief, and looking as anxious as gold-hunters.
5200	1738	1738	0.441754	1	And all the time numberless fowls were diving, and ducking, and screaming, and yelling, and fighting around them.
5201	1888	1888	0.295298	1	Stubb was beginning to look disappointed, especially as the horrible nosegay increased, when suddenly from out the very 
5202	2506	2506	0.025770	1	“I have it, I have it,” cried Stubb, with delight, striking something in the subterranean regions, “a purse!
5203	8	8	0.426755	1	a purse!” Dropping his spade, he thrust both hands in, and drew out handfuls of something that looked like ripe Windsor 
5204	1790	1790	0.002086	1	You might easily dent it with your thumb; it is of a hue between yellow and ash colour.
5205	1790	1790	0.412509	1	And this, good friends, is ambergris, worth a gold guinea an ounce to any druggist.
5206	1934	1934	0.365258	1	Some six handfuls were obtained; but more was unavoidably lost in the sea, and still more, perhaps, might have been secu
5207	527	527	0.002237	1	Now this ambergris is a very curious substance, and so important as an article of commerce, that in 1791 a certain Nantu
5208	232	232	0.213950	1	For at that time, and indeed until a comparatively late day, the precise origin of ambergris remained, like amber itself
5209	2761	2761	0.228342	1	Though the word ambergris is but the French compound for grey amber, yet the two substances are quite distinct.
5210	746	746	0.387074	1	For amber, though at times found on the sea-coast, is also dug up in some far inland soils, whereas ambergris is never f
5211	2796	2796	0.138741	1	Besides, amber is a hard, transparent, brittle, odorless substance, used for mouth-pieces to pipes, for beads and orname
5212	1888	1888	0.338696	1	The Turks use it in cooking, and also carry it to Mecca, for the same purpose that frankincense is carried to St. Peter’
5213	1888	1888	0.159862	1	Some wine merchants drop a few grains into claret, to flavor it.
5214	131	131	0.677857	1	Who would think, then, that such fine ladies and gentlemen should regale themselves with an essence found in the inglori
5215	2496	2496	0.498166	1	By some, ambergris is supposed to be the cause, and by others the effect, of the dyspepsia in the whale.
5216	1790	1790	0.036469	1	How to cure such a dyspepsia it were hard to say, unless by administering three or four boat loads of Brandreth’s pills,
5217	1445	1445	0.019362	1	I have forgotten to say that there were found in this ambergris, certain hard, round, bony plates, which at first Stubb 
5218	674	674	0.126191	1	Now that the incorruption of this most fragrant ambergris should be found in the heart of such decay; is this nothing?
5219	2874	2874	0.167091	1	Bethink thee of that saying of St. Paul in Corinthians, about corruption and incorruption; how that we are sown in disho
5220	1156	1156	0.328114	1	And likewise call to mind that saying of Paracelsus about what it is that maketh the best musk.
5221	1467	1467	0.572040	1	Also forget not the strange fact that of all things of ill-savor, Cologne-water, in its rudimental manufacturing stages,
5222	1594	1594	0.198398	1	I should like to conclude the chapter with the above appeal, but cannot, owing to my anxiety to repel a charge often mad
5223	1937	1937	0.347822	1	Elsewhere in this volume the slanderous aspersion has been disproved, that the vocation of whaling is throughout a slatt
5224	378	378	0.440020	1	But there is another thing to rebut.
5225	1888	1888	0.327849	1	They hint that all whales always smell bad.
5226	1888	1888	0.306824	1	Now how did this odious stigma originate?
5227	1888	1888	0.235897	1	I opine, that it is plainly traceable to the first arrival of the Greenland whaling ships in London, more than two centu
5228	1594	1594	0.001605	1	Because those whalemen did not then, and do not now, try out their oil at sea as the Southern ships have always done; bu
5229	1888	1888	0.127571	1	The consequence is, that upon breaking into the hold, and unloading one of these whale cemeteries, in the Greenland dock
5230	1328	1328	0.077764	1	I partly surmise also, that this wicked charge against whalers may be likewise imputed to the existence on the coast of 
5231	945	945	0.200195	1	As its name imports (smeer, fat; berg, to put up), this village was founded in order to afford a place for the blubber o
5232	1678	1678	0.081565	1	It was a collection of furnaces, fat-kettles, and oil sheds; and when the works were in full operation certainly gave fo
5233	2073	2073	0.004977	1	But all this is quite different with a South Sea Sperm Whaler; which in a voyage of four years perhaps, after completely
5234	1795	1795	0.022228	1	The truth is, that living or dead, if but decently treated, whales as a species are by no means creatures of ill odor; n
5235	1888	1888	0.199706	1	Nor indeed can the whale possibly be otherwise than fragrant, when, as a general thing, he enjoys such high health; taki
5236	858	858	0.028933	1	I say, that the motion of a Sperm Whale’s flukes above water dispenses a perfume, as when a musk-scented lady rustles he
5237	945	945	0.273009	1	What then shall I liken the Sperm Whale to for fragrance, considering his magnitude?
5238	1949	1949	0.174928	1	Must it not be to that famous elephant, with jewelled tusks, and redolent with myrrh, which was led out of an Indian tow
5239	635	635	1.099270	1	It was but some few days after encountering the Frenchman, that a most significant event befell the most insignificant o
5240	508	508	0.424271	1	Now, in the whale ship, it is not every one that goes in the boats.
5241	1790	1790	0.277203	1	Some few hands are reserved called ship-keepers, whose province it is to work the vessel while the boats are pursuing th
5242	1718	1718	0.240464	1	As a general thing, these ship-keepers are as hardy fellows as the men comprising the boats’ crews.
5243	2241	2241	0.300471	1	But if there happen to be an unduly slender, clumsy, or timorous wight in the ship, that wight is certain to be made a s
5244	1790	1790	0.055764	1	It was so in the Pequod with the little negro Pippin by nick-name, Pip by abbreviation.
5245	1669	1669	0.121979	1	ye have heard of him before; ye must remember his tambourine on that dramatic midnight, so gloomy-jolly.
5246	1888	1888	0.025639	1	In outer aspect, Pip and Dough-Boy made a match, like a black pony and a white one, of equal developments, though of dis
5247	2659	2659	0.343523	1	But while hapless Dough-Boy was by nature dull and torpid in his intellects, Pip, though over tender-hearted, was at bot
5248	3012	3012	0.194373	1	For blacks, the year’s calendar should show naught but three hundred and sixty-five Fourth of Julys and New Year’s Days.
5249	2599	2599	0.329603	1	Nor smile so, while I write that this little black was brilliant, for even blackness has its brilliancy; behold yon lust
5250	1594	1594	0.440425	1	But Pip loved life, and all life’s peaceable securities; so that the panic-striking business in which he had somehow una
5251	1767	1767	0.653259	1	had turned the round horizon into one star-belled tambourine.
5252	748	748	0.349648	1	So, though in the clear air of day, suspended against a blue-veined neck, the pure-watered diamond drop will healthful g
5253	1594	1594	0.599743	1	Then come out those fiery effulgences, infernally superb; then the evil-blazing diamond, once the divinest symbol of the
5254	1888	1888	0.108826	1	But let us to the story.
5255	181	181	0.039466	1	It came to pass, that in the ambergris affair Stubb’s after-oarsman chanced so to sprain his hand, as for a time to beco
5256	1888	1888	0.102413	1	The first time Stubb lowered with him, Pip evinced much nervousness; but happily, for that time, escaped close contact w
5257	2467	2467	0.290535	1	Now upon the second lowering, the boat paddled upon the whale; and as the fish received the darted iron, it gave its cus
5258	2219	2219	0.043532	1	The involuntary consternation of the moment caused him to leap, paddle in hand, out of the boat; and in such a way, that
5259	1482	1482	0.860807	1	That instant the stricken whale started on a fierce run, the line swiftly straightened; and presto!
5260	2659	2659	0.360835	1	poor Pip came all foaming up to the chocks of the boat, remorselessly dragged there by the line, which had taken several
5261	1888	1888	0.536235	1	Tashtego stood in the bows.
5262	2761	2761	0.186502	1	He was full of the fire of the hunt.
5263	1797	1797	0.285263	1	He hated Pip for a poltroon.
5264	688	688	0.311956	1	Snatching the boat-knife from its sheath, he suspended its sharp edge over the line, and turning towards Stubb, exclaime
5265	1888	1888	0.295444	1	All passed in a flash.
5266	1278	1278	0.147054	1	In less than half a minute, this entire thing happened.
5267	548	548	0.179820	1	“Damn him, cut!” roared Stubb; and so the whale was lost and Pip was saved.
5268	1888	1888	0.171401	1	So soon as he recovered himself, the poor little negro was assailed by yells and execrations from the crew.
5269	1888	1888	0.270323	1	Tranquilly permitting these irregular cursings to evaporate, Stubb then in a plain, business-like, but still half humoro
5270	1581	1581	0.012459	1	The substance was, Never jump from a boat, Pip, except—but all the rest was indefinite, as the soundest advice ever is.
5271	614	614	1.518919	1	Now, in general, _Stick to the boat_, is your true motto in whaling; but cases will sometimes happen when _Leap from the
5272	1888	1888	0.048260	1	Moreover, as if perceiving at last that if he should give undiluted conscientious advice to Pip, he would be leaving him
5273	8	8	0.077433	1	We can’t afford to lose whales by the likes of you; a whale would sell for thirty times what you would, Pip, in Alabama.
5274	8	8	0.510501	1	Bear that in mind, and don’t jump any more.” Hereby perhaps Stubb indirectly hinted, that though man loved his fellow, y
5275	508	508	0.065592	1	But we are all in the hands of the Gods; and Pip jumped again.
5276	2476	2476	1.210870	1	It was under very similar circumstances to the first performance; but this time he did not breast out the line; and henc
5277	1888	1888	0.045424	1	Stubb was but too true to his word.
5278	1594	1594	0.071393	1	It was a beautiful, bounteous, blue day; the spangled sea calm and cool, and flatly stretching away, all round, to the h
5279	541	541	0.695099	1	Bobbing up and down in that sea, Pip’s ebon head showed like a head of cloves.
5280	2887	2887	0.147488	1	No boat-knife was lifted when he fell so rapidly astern.
5281	1888	1888	0.117621	1	Stubb’s inexorable back was turned upon him; and the whale was winged.
5282	1888	1888	0.478000	1	In three minutes, a whole mile of shoreless ocean was between Pip and Stubb.
5283	638	638	0.055444	1	Out from the centre of the sea, poor Pip turned his crisp, curling, black head to the sun, another lonely castaway, thou
5284	2609	2609	0.361657	1	Now, in calm weather, to swim in the open ocean is as easy to the practised swimmer as to ride in a spring-carriage asho
5285	1791	1791	0.934239	1	But the awful lonesomeness is intolerable.
5286	1888	1888	0.580406	1	The intense concentration of self in the middle of such a heartless immensity, my God!
5287	1888	1888	0.478425	1	Mark, how when sailors in a dead calm bathe in the open sea—mark how closely they hug their ship and only coast along he
5288	1678	1678	0.629027	1	But had Stubb really abandoned the poor little negro to his fate?
5289	2697	2697	0.107591	1	No; he did not mean to, at least.
5290	2874	2874	0.327470	1	Because there were two boats in his wake, and he supposed, no doubt, that they would of course come up to Pip very quick
5291	1275	1275	0.477359	1	But it so happened, that those boats, without seeing Pip, suddenly spying whales close to them on one side, turned, and 
5292	1783	1783	0.007126	1	By the merest chance the ship itself at last rescued him; but from that hour the little negro went about the deck an idi
5293	1594	1594	0.076460	1	The sea had jeeringly kept his finite body up, but drowned the infinite of his soul.
5294	1087	1087	0.112515	1	Rather carried down alive to wondrous depths, where strange shapes of the unwarped primal world glided to and fro before
5295	8	8	0.011849	1	He saw God’s foot upon the treadle of the loom, and spoke it; and therefore his shipmates called him mad.
5296	8	8	0.303527	1	So man’s insanity is heaven’s sense; and wandering from all mortal reason, man comes at last to that celestial thought, 
5297	178	178	0.189702	1	For the rest, blame not Stubb too hardly.
5298	1888	1888	0.149187	1	The thing is common in that fishery; and in the sequel of the narrative, it will then be seen what like abandonment befe
5299	1888	1888	0.350389	1	A Squeeze of the Hand.
5300	1594	1594	0.091140	1	That whale of Stubb’s, so dearly purchased, was duly brought to the Pequod’s side, where all those cutting and hoisting 
5301	1467	1467	0.449973	1	While some were occupied with this latter duty, others were employed in dragging away the larger tubs, so soon as filled
5302	541	541	0.441365	1	It had cooled and crystallized to such a degree, that when, with several others, I sat down before a large Constantine’s
5303	2874	2874	0.171590	1	It was our business to squeeze these lumps back into fluid.
5304	1888	1888	0.596146	1	A sweet and unctuous duty!
5305	1128	1128	0.012509	1	No wonder that in old times this sperm was such a favourite cosmetic.
5306	1371	1371	0.403851	1	After having my hands in it for only a few minutes, my fingers felt like eels, and began, as it were, to serpentine and 
5307	1594	1594	0.357084	1	As I sat there at my ease, cross-legged on the deck; after the bitter exertion at the windlass; under a blue tranquil sk
5308	1581	1581	0.649477	1	all the morning long; I squeezed that sperm till I myself almost melted into it; I squeezed that sperm till a strange so
5309	1594	1594	0.842703	1	Such an abounding, affectionate, friendly, loving feeling did this avocation beget; that at last I was continually squee
5310	1791	1791	0.233561	1	my dear fellow beings, why should we longer cherish any social acerbities, or know the slightest ill-humor or envy!
5311	2874	2874	0.064288	1	Come; let us squeeze hands all round; nay, let us all squeeze ourselves into each other; let us squeeze ourselves univer
5312	1124	1124	0.169439	1	Would that I could keep squeezing that sperm for ever!
5313	2315	2315	0.341662	1	For now, since by many prolonged, repeated experiences, I have perceived that in all cases man must eventually lower, or
5314	1888	1888	0.400091	1	In thoughts of the visions of the night, I saw long rows of angels in paradise, each with his hands in a jar of spermace
5315	107	107	0.513337	1	Now, while discoursing of sperm, it behooves to speak of other things akin to it, in the business of preparing the sperm
5316	2977	2977	0.091644	1	First comes white-horse, so called, which is obtained from the tapering part of the fish, and also from the thicker port
5317	1888	1888	0.394428	1	It is tough with congealed tendons—a wad of muscle—but still contains some oil.
5318	1790	1790	0.173622	1	After being severed from the whale, the white-horse is first cut into portable oblongs ere going to the mincer.
5319	2476	2476	0.221643	1	They look much like blocks of Berkshire marble.
5320	541	541	0.259821	1	Plum-pudding is the term bestowed upon certain fragmentary parts of the whale’s flesh, here and there adhering to the bl
5321	1236	1236	0.131312	1	It is a most refreshing, convivial, beautiful object to behold.
5322	2031	2031	0.029830	1	As its name imports, it is of an exceedingly rich, mottled tint, with a bestreaked snowy and golden ground, dotted with 
5323	1888	1888	0.354352	1	It is plums of rubies, in pictures of citron.
5324	945	945	0.094913	1	Spite of reason, it is hard to keep yourself from eating it.
5325	392	392	0.173487	1	I confess, that once I stole behind the foremast to try it.
5326	2073	2073	1.389273	1	It tasted something as I should conceive a royal cutlet from the thigh of Louis le Gros might have tasted, supposing him
5327	1594	1594	0.612779	1	There is another substance, and a very singular one, which turns up in the course of this business, but which I feel it 
5328	1888	1888	0.060491	1	It is called slobgollion; an appellation original with the whalemen, and even so is the nature of the substance.
5329	2874	2874	0.481927	1	It is an ineffably oozy, stringy affair, most frequently found in the tubs of sperm, after a prolonged squeezing, and su
5330	1594	1594	0.583292	1	I hold it to be the wondrously thin, ruptured membranes of the case, coalescing.
5331	1594	1594	0.160177	1	Gurry, so called, is a term properly belonging to right whalemen, but sometimes incidentally used by the sperm fishermen
5332	2073	2073	1.097532	1	It designates the dark, glutinous substance which is scraped off the back of the Greenland or right whale, and much of w
5333	1594	1594	0.069582	1	Strictly this word is not indigenous to the whale’s vocabulary.
5334	2223	2223	0.100535	1	But as applied by whalemen, it becomes so.
5335	8	8	0.124627	1	A whaleman’s nipper is a short firm strip of tendinous stuff cut from the tapering part of Leviathan’s tail: it averages
5336	1790	1790	0.353010	1	Edgewise moved along the oily deck, it operates like a leathern squilgee; and by nameless blandishments, as of magic, al
5337	1098	1098	0.001430	1	But to learn all about these recondite matters, your best way is at once to descend into the blubber-room, and have a lo
5338	1594	1594	0.588578	1	This place has previously been mentioned as the receptacle for the blanket-pieces, when stript and hoisted from the whal
5339	1504	1504	0.039153	1	When the proper time arrives for cutting up its contents, this apartment is a scene of terror to all tyros, especially b
5340	2528	2528	0.458096	1	On one side, lit by a dull lantern, a space has been left clear for the workmen.
5341	2292	2292	0.593157	1	They generally go in pairs,—a pike-and-gaffman and a spade-man.
5342	2476	2476	0.052570	1	The whaling-pike is similar to a frigate’s boarding-weapon of the same name.
5343	1888	1888	0.262557	1	The gaff is something like a boat-hook.
5344	2874	2874	0.068098	1	With his gaff, the gaffman hooks on to a sheet of blubber, and strives to hold it from slipping, as the ship pitches and
5345	2073	2073	0.309976	1	Meanwhile, the spade-man stands on the sheet itself, perpendicularly chopping it into the portable horse-pieces.
5346	2073	2073	0.379973	1	This spade is sharp as hone can make it; the spademan’s feet are shoeless; the thing he stands on will sometimes irresis
5347	8	8	0.088544	1	If he cuts off one of his own toes, or one of his assistants’, would you be very much astonished?
5348	434	434	0.000521	1	Toes are scarce among veteran blubber-room men.
5349	2982	2982	0.057780	1	Had you stepped on board the Pequod at a certain juncture of this post-mortemizing of the whale; and had you strolled fo
5350	1151	1151	0.442949	1	Not the wondrous cistern in the whale’s huge head; not the prodigy of his unhinged lower jaw; not the miracle of his sym
5351	1790	1790	0.308053	1	And an idol, indeed, it is; or, rather, in old times, its likeness was.
5352	1594	1594	0.281049	1	Such an idol as that found in the secret groves of Queen Maachah in Judea; and for worshipping which, King Asa, her son,
5353	1594	1594	0.077254	1	Look at the sailor, called the mincer, who now comes along, and assisted by two allies, heavily backs the grandissimus, 
5354	2073	2073	0.419314	1	Extending it upon the forecastle deck, he now proceeds cylindrically to remove its dark pelt, as an African hunter the p
5355	1767	1767	0.861910	1	This done he turns the pelt inside out, like a pantaloon leg; gives it a good stretching, so as almost to double its dia
5356	2073	2073	0.269437	1	Ere long, it is taken down; when removing some three feet of it, towards the pointed extremity, and then cutting two sli
5357	1888	1888	0.087240	1	The mincer now stands before you invested in the full canonicals of his calling.
5358	1594	1594	0.060716	1	Immemorial to all his order, this investiture alone will adequately protect him, while employed in the peculiar function
5359	1994	1994	0.064929	1	That office consists in mincing the horse-pieces of blubber for the pots; an operation which is conducted at a curious w
5360	1888	1888	0.095539	1	Arrayed in decent black; occupying a conspicuous pulpit; intent on bible leaves; what a candidate for an archbishopric, 
5361	1790	1790	0.375961	1	This is the invariable cry from the mates to the mincer.
5362	2452	2452	0.128766	1	It enjoins him to be careful, and cut his work into as thin slices as possible, inasmuch as by so doing the business of 
5363	2978	2978	0.731020	1	Besides her hoisted boats, an American whaler is outwardly distinguished by her try-works.
5364	2073	2073	0.131135	1	She presents the curious anomaly of the most solid masonry joining with oak and hemp in constituting the completed ship.
5365	1888	1888	0.440780	1	It is as if from the open field a brick-kiln were transported to her planks.
5366	2978	2978	0.028182	1	The try-works are planted between the foremast and mainmast, the most roomy part of the deck.
5367	2672	2672	0.252368	1	The timbers beneath are of a peculiar strength, fitted to sustain the weight of an almost solid mass of brick and mortar
5368	1888	1888	0.362722	1	The foundation does not penetrate the deck, but the masonry is firmly secured to the surface by ponderous knees of iron 
5369	2528	2528	0.388007	1	On the flanks it is cased with wood, and at top completely covered by a large, sloping, battened hatchway.
5370	1888	1888	0.150589	1	Removing this hatch we expose the great try-pots, two in number, and each of several barrels’ capacity.
5371	2761	2761	0.043567	1	When not in use, they are kept remarkably clean.
5372	1888	1888	0.165689	1	Sometimes they are polished with soapstone and sand, till they shine within like silver punch-bowls.
5373	2705	2705	0.185672	1	During the night-watches some cynical old sailors will crawl into them and coil themselves away there for a nap.
5374	2166	2166	0.597211	1	While employed in polishing them—one man in each pot, side by side—many confidential communications are carried on, over
5375	3017	3017	0.180846	1	It is a place also for profound mathematical meditation.
5376	1640	1640	0.298926	1	It was in the left hand try-pot of the Pequod, with the soapstone diligently circling round me, that I was first indirec
5377	1888	1888	0.402439	1	Removing the fire-board from the front of the try-works, the bare masonry of that side is exposed, penetrated by the two
5378	1098	1098	0.639710	1	These mouths are fitted with heavy doors of iron.
5379	1888	1888	0.259824	1	The intense heat of the fire is prevented from communicating itself to the deck, by means of a shallow reservoir extendi
5380	2864	2864	0.238310	1	By a tunnel inserted at the rear, this reservoir is kept replenished with water as fast as it evaporates.
5381	2024	2024	0.055804	1	There are no external chimneys; they open direct from the rear wall.
5382	2671	2671	0.218595	1	And here let us go back for a moment.
5383	2874	2874	0.552249	1	It was about nine o’clock at night that the Pequod’s try-works were first started on this present voyage.
5384	1888	1888	0.496319	1	It belonged to Stubb to oversee the business.
5385	1888	1888	0.873959	1	Off hatch, then, and start her.
5386	8	8	0.143322	1	You cook, fire the works.” This was an easy thing, for the carpenter had been thrusting his shavings into the furnace th
5387	2073	2073	0.385876	1	Here be it said that in a whaling voyage the first fire in the try-works has to be fed for a time with wood.
5388	2576	2576	0.083042	1	After that no wood is used, except as a means of quick ignition to the staple fuel.
5389	1888	1888	0.093178	1	In a word, after being tried out, the crisp, shrivelled blubber, now called scraps or fritters, still contains considera
5390	2874	2874	0.269936	1	These fritters feed the flames.
5391	2503	2503	0.225049	1	Like a plethoric burning martyr, or a self-consuming misanthrope, once ignited, the whale supplies his own fuel and burn
5392	674	674	0.089610	1	Would that he consumed his own smoke!
5393	1558	1558	0.562095	1	for his smoke is horrible to inhale, and inhale it you must, and not only that, but you must live in it for the time.
5394	1054	1054	0.242391	1	It has an unspeakable, wild, Hindoo odor about it, such as may lurk in the vicinity of funereal pyres.
5395	1888	1888	0.107413	1	It smells like the left wing of the day of judgment; it is an argument for the pit.
5396	2073	2073	0.222754	1	By midnight the works were in full operation.
5397	1789	1789	0.107151	1	We were clear from the carcase; sail had been made; the wind was freshening; the wild ocean darkness was intense.
5398	2874	2874	0.150761	1	But that darkness was licked up by the fierce flames, which at intervals forked forth from the sooty flues, and illumina
5399	1888	1888	0.047934	1	The burning ship drove on, as if remorselessly commissioned to some vengeful deed.
5400	1888	1888	0.135551	1	So the pitch and sulphur-freighted brigs of the bold Hydriote, Canaris, issuing from their midnight harbors, with broad 
5401	2073	2073	0.185211	1	The hatch, removed from the top of the works, now afforded a wide hearth in front of them.
5402	2707	2707	0.284013	1	Standing on this were the Tartarean shapes of the pagan harpooneers, always the whale-ship’s stokers.
5403	2467	2467	0.623832	1	With huge pronged poles they pitched hissing masses of blubber into the scalding pots, or stirred up the fires beneath, 
5404	1888	1888	0.150653	1	The smoke rolled away in sullen heaps.
5405	429	429	0.239169	1	To every pitch of the ship there was a pitch of the boiling oil, which seemed all eagerness to leap into their faces.
5406	2073	2073	0.289079	1	Opposite the mouth of the works, on the further side of the wide wooden hearth, was the windlass.
5407	1819	1819	0.221503	1	This served for a sea-sofa.
5408	1888	1888	0.253580	1	Here lounged the watch, when not otherwise employed, looking into the red heat of the fire, till their eyes felt scorche
5409	2215	2215	0.061928	1	Their tawny features, now all begrimed with smoke and sweat, their matted beards, and the contrasting barbaric brillianc
5410	2659	2659	0.129135	1	As they narrated to each other their unholy adventures, their tales of terror told in words of mirth; as their unciviliz
5411	2528	2528	0.016981	1	So seemed it to me, as I stood at her helm, and for long hours silently guided the way of this fire-ship on the sea.
5412	2659	2659	0.359799	1	Wrapped, for that interval, in darkness myself, I but the better saw the redness, the madness, the ghastliness of others
5413	2162	2162	0.117668	1	The continual sight of the fiend shapes before me, capering half in smoke and half in fire, these at last begat kindred 
5414	1150	1150	0.113869	1	But that night, in particular, a strange (and ever since inexplicable) thing occurred to me.
5415	1888	1888	0.006585	1	Starting from a brief standing sleep, I was horribly conscious of something fatally wrong.
5416	1594	1594	0.323142	1	The jaw-bone tiller smote my side, which leaned against it; in my ears was the low hum of sails, just beginning to shake
5417	2874	2874	0.196127	1	But, spite of all this, I could see no compass before me to steer by; though it seemed but a minute since I had been wat
5418	244	244	0.112466	1	Nothing seemed before me but a jet gloom, now and then made ghastly by flashes of redness.
5419	748	748	0.758163	1	Uppermost was the impression, that whatever swift, rushing thing I stood on was not so much bound to any haven ahead as 
5420	1888	1888	0.223891	1	A stark, bewildered feeling, as of death, came over me.
5421	1888	1888	0.247119	1	Convulsively my hands grasped the tiller, but with the crazy conceit that the tiller was, somehow, in some enchanted way
5422	1888	1888	0.285789	1	what is the matter with me?
5423	8	8	0.100240	1	in my brief sleep I had turned myself about, and was fronting the ship’s stern, with my back to her prow and the compass
5424	1888	1888	0.069781	1	In an instant I faced back, just in time to prevent the vessel from flying up into the wind, and very probably capsizing
5425	1867	1867	0.144114	1	How glad and how grateful the relief from this unnatural hallucination of the night, and the fatal contingency of being 
5426	882	882	0.090923	1	Look not too long in the face of the fire, O man!
5427	1147	1147	0.027774	1	Never dream with thy hand on the helm!
5428	2073	2073	0.050988	1	Turn not thy back to the compass; accept the first hint of the hitching tiller; believe not the artificial fire, when it
5429	2073	2073	0.825613	1	To-morrow, in the natural sun, the skies will be bright; those who glared like devils in the forking flames, the morn wi
5430	1888	1888	0.318474	1	Nevertheless the sun hides not Virginia’s Dismal Swamp, nor Rome’s accursed Campagna, nor wide Sahara, nor all the milli
5431	2977	2977	0.265939	1	The sun hides not the ocean, which is the dark side of this earth, and which is two thirds of this earth.
5432	1888	1888	0.159010	1	So, therefore, that mortal man who hath more of joy than sorrow in him, that mortal man cannot be true—not true, or unde
5433	2073	2073	0.507645	1	The truest of all men was the Man of Sorrows, and the truest of all books is Solomon’s, and Ecclesiastes is the fine ham
5434	1790	1790	0.199456	1	This wilful world hath not got hold of unchristian Solomon’s wisdom yet.
5435	771	771	0.899091	1	But he who dodges hospitals and jails, and walks fast crossing graveyards, and would rather talk of operas than hell; ca
5436	2073	2073	0.180664	1	But even Solomon, he says, “the man that wandereth out of the way of understanding shall remain” (_i.e._, even while liv
5437	2874	2874	0.207165	1	There is a wisdom that is woe; but there is a woe that is madness.
5438	2331	2331	0.439931	1	And there is a Catskill eagle in some souls that can alike dive down into the blackest gorges, and soar out of them agai
5439	2073	2073	0.007013	1	And even if he for ever flies within the gorge, that gorge is in the mountains; so that even in his lowest swoop the mou
5440	1790	1790	0.067946	1	Had you descended from the Pequod’s try-works to the Pequod’s forecastle, where the off duty watch were sleeping, for on
5441	2874	2874	0.262977	1	There they lay in their triangular oaken vaults, each mariner a chiselled muteness; a score of lamps flashing upon his h
5442	1888	1888	0.060712	1	In merchantmen, oil for the sailor is more scarce than the milk of queens.
5443	2331	2331	0.144896	1	To dress in the dark, and eat in the dark, and stumble in darkness to his pallet, this is his usual lot.
5444	690	690	0.236895	1	But the whaleman, as he seeks the food of light, so he lives in light.
5445	8	8	0.018600	1	He makes his berth an Aladdin’s lamp, and lays him down in it; so that in the pitchiest night the ship’s black hull stil
5446	2659	2659	0.154957	1	See with what entire freedom the whaleman takes his handful of lamps—often but old bottles and vials, though—to the copp
5447	1054	1054	0.221424	1	He burns, too, the purest of oil, in its unmanufactured, and, therefore, unvitiated state; a fluid unknown to solar, lun
5448	1888	1888	0.648936	1	It is sweet as early grass butter in April.
5449	1066	1066	0.011379	1	He goes and hunts for his oil, so as to be sure of its freshness and genuineness, even as the traveller on the prairie h
5450	1888	1888	0.093031	1	Stowing Down and Clearing Up.
5451	870	870	0.236725	1	Already has it been related how the great leviathan is afar off descried from the mast-head; how he is chased over the w
5452	1888	1888	0.078801	1	never more to rise and blow.
5453	2659	2659	1.006091	1	While still warm, the oil, like hot punch, is received into the six-barrel casks; and while, perhaps, the ship is pitchi
5454	548	548	1.036907	1	At length, when the last pint is casked, and all is cool, then the great hatchways are unsealed, the bowels of the ship 
5455	1860	1860	0.849982	1	This done, the hatches are replaced, and hermetically closed, like a closet walled up.
5456	1888	1888	0.064771	1	In the sperm fishery, this is perhaps one of the most remarkable incidents in all the business of whaling.
5457	801	801	0.682774	1	One day the planks stream with freshets of blood and oil; on the sacred quarter-deck enormous masses of the whale’s head
5458	1678	1678	0.013197	1	But a day or two after, you look about you, and prick your ears in this self-same ship; and were it not for the tell-tal
5459	1594	1594	0.053283	1	The unmanufactured sperm oil possesses a singularly cleansing virtue.
5460	1790	1790	0.122161	1	This is the reason why the decks never look so white as just after what they call an affair of oil.
5461	2073	2073	0.113131	1	Besides, from the ashes of the burned scraps of the whale, a potent lye is readily made; and whenever any adhesiveness f
5462	1888	1888	0.492909	1	Hands go diligently along the bulwarks, and with buckets of water and rags restore them to their full tidiness.
5463	698	698	0.158273	1	The soot is brushed from the lower rigging.
5464	1594	1594	0.248834	1	All the numerous implements which have been in use are likewise faithfully cleansed and put away.
5465	3055	3055	0.120508	1	The great hatch is scrubbed and placed upon the try-works, completely hiding the pots; every cask is out of sight; all t
5466	399	399	0.431992	1	Now, with elated step, they pace the planks in twos and threes, and humorously discourse of parlors, sofas, carpets, and
5467	1790	1790	0.009552	1	To hint to such musked mariners of oil, and bone, and blubber, were little short of audacity.
5468	1131	1131	0.128536	1	They know not the thing you distantly allude to.
5469	1888	1888	0.207156	1	Away, and bring us napkins!
5470	1594	1594	0.473556	1	But mark: aloft there, at the three mast heads, stand three men intent on spying out more whales, which, if caught, infa
5471	688	688	0.444262	1	Yes; and many is the time, when, after the severest uninterrupted labors, which know no night; continuing straight throu
5472	1888	1888	0.089772	1	my friends, but this is man-killing!
5473	674	674	0.281686	1	For hardly have we mortals by long toilings extracted from this world’s vast bulk its small but valuable sperm; and then
5474	800	800	0.688584	1	Pythagoras, that in bright Greece, two thousand years ago, did die, so good, so wise, so mild; I sailed with thee along 
5475	2073	2073	0.124511	1	Ere now it has been related how Ahab was wont to pace his quarter-deck, taking regular turns at either limit, the binnac
5476	2659	2659	0.064581	1	When he halted before the binnacle, with his glance fastened on the pointed needle in the compass, that glance shot like
5477	1594	1594	0.381636	1	But one morning, turning to pass the doubloon, he seemed to be newly attracted by the strange figures and inscriptions s
5478	131	131	0.782304	1	And some certain significance lurks in all things, else all things are little worth, and the round world itself but an e
5479	541	541	0.881252	1	Now this doubloon was of purest, virgin gold, raked somewhere out of the heart of gorgeous hills, whence, east and west,
5480	181	181	0.049313	1	And though now nailed amidst all the rustiness of iron bolts and the verdigris of copper spikes, yet, untouchable and im
5481	1888	1888	0.446318	1	Nor, though placed amongst a ruthless crew and every hour passed by ruthless hands, and through the livelong nights shro
5482	1790	1790	0.143316	1	For it was set apart and sanctified to one awe-striking end; and however wanton in their sailor ways, one and all, the m
5483	2176	2176	0.026203	1	Sometimes they talked it over in the weary watch by night, wondering whose it was to be at last, and whether he would ev
5484	2073	2073	0.230832	1	Now those noble golden coins of South America are as medals of the sun and tropic token-pieces.
5485	1790	1790	0.075502	1	Here palms, alpacas, and volcanoes; sun’s disks and stars; ecliptics, horns-of-plenty, and rich banners waving, are in l
5486	2874	2874	0.140344	1	It so chanced that the doubloon of the Pequod was a most wealthy example of these things.
5487	1821	1821	0.231112	1	On its round border it bore the letters, REPUBLICA DEL ECUADOR: QUITO.
5488	1888	1888	0.115088	1	So this bright coin came from a country planted in the middle of the world, and beneath the great equator, and named aft
5489	1888	1888	0.356304	1	Zoned by those letters you saw the likeness of three Andes’ summits; from one a flame; a tower on another; on the third 
5490	345	345	0.153454	1	Before this equatorial coin, Ahab, not unobserved by others, was now pausing.
5491	2874	2874	0.914980	1	“There’s something ever egotistical in mountain-tops and towers, and all other grand and lofty things; look here,—three 
5492	541	541	0.278810	1	The firm tower, that is Ahab; the volcano, that is Ahab; the courageous, the undaunted, and victorious fowl, that, too, 
5493	1888	1888	0.567554	1	Great pains, small gains for those who ask the world to solve them; it cannot solve itself.
5494	1888	1888	0.290118	1	Methinks now this coined sun wears a ruddy face; but see!
5495	1790	1790	0.091878	1	aye, he enters the sign of storms, the equinox!
5496	2498	2498	0.318590	1	and but six months before he wheeled out of a former equinox at Aries!
5497	2287	2287	0.030598	1	Born in throes, ’tis fit that man should live in pains and die in pangs!
5498	8	8	0.699603	1	Here’s stout stuff for woe to work on.
5499	548	548	0.434027	1	So be it, then.” “No fairy fingers can have pressed the gold, but devil’s claws must have left their mouldings there sin
5500	1888	1888	0.290420	1	“The old man seems to read Belshazzar’s awful writing.
5501	1888	1888	0.002951	1	I have never marked the coin inspectingly.
5502	1066	1066	0.113756	1	He goes below; let me read.
5503	1888	1888	0.256217	1	A dark valley between three mighty, heaven-abiding peaks, that almost seem the Trinity, in some faint earthly symbol.
5504	2360	2360	0.595131	1	So in this vale of Death, God girds us round; and over all our gloom, the sun of Righteousness still shines a beacon and
5505	1473	1473	0.401447	1	If we bend down our eyes, the dark vale shows her mouldy soil; but if we lift them, the bright sun meets our glance half
5506	2073	2073	0.034255	1	Yet, oh, the great sun is no fixture; and if, at midnight, we would fain snatch some sweet solace from him, we gaze for 
5507	1594	1594	0.156390	1	This coin speaks wisely, mildly, truly, but still sadly to me.
5508	548	548	0.693522	1	I will quit it, lest Truth shake me falsely.” “There now’s the old Mogul,” soliloquized Stubb by the try-works, “he’s be
5509	2874	2874	0.251238	1	And all from looking at a piece of gold, which did I have it now on Negro Hill or in Corlaer’s Hook, I’d not look at it 
5510	1054	1054	0.017198	1	in my poor, insignificant opinion, I regard this as queer.
5511	1074	1074	0.187348	1	I have seen doubloons before now in my voyagings; your doubloons of old Spain, your doubloons of Peru, your doubloons of
5512	2572	2572	0.244136	1	What then should there be in this doubloon of the Equator that is so killing wonderful?
5513	1888	1888	0.085302	1	let me read it once.
5514	8	8	0.653752	1	here’s signs and wonders truly!
5515	2166	2166	0.662813	1	That, now, is what old Bowditch in his Epitome calls the zodiac, and what my almanac below calls ditto.
5516	2978	2978	0.042368	1	I’ll get the almanac and as I have heard devils can be raised with Daboll’s arithmetic, I’ll try my hand at raising a me
5517	1790	1790	0.328529	1	Signs and wonders; and the sun, he’s always among ’em.
5518	1888	1888	0.233076	1	Hem, hem, hem; here they are—here they go—all alive:—Aries, or the Ram; Taurus, or the Bull and Jimimi!
5519	8	8	0.980531	1	here’s Gemini himself, or the Twins.
5520	1843	1843	0.136492	1	Well; the sun he wheels among ’em.
5521	8	8	0.051407	1	Aye, here on the coin he’s just crossing the threshold between two of twelve sitting-rooms all in a ring.
5522	2742	2742	0.136817	1	you lie there; the fact is, you books must know your places.
5523	8	8	0.659356	1	You’ll do to give us the bare words and facts, but we come in to supply the thoughts.
5524	564	564	0.300834	1	That’s my small experience, so far as the Massachusetts calendar, and Bowditch’s navigator, and Daboll’s arithmetic go.
5525	1888	1888	0.567242	1	Pity if there is nothing wonderful in signs, and significant in wonders!
5526	1888	1888	0.012099	1	There’s a clue somewhere; wait a bit; hist—hark!
5527	1754	1754	0.087982	1	By Jove, I have it!
5528	2073	2073	0.239028	1	Look you, Doubloon, your zodiac here is the life of man in one round chapter; and now I’ll read it off, straight out of 
5529	2073	2073	0.669139	1	To begin: there’s Aries, or the Ram—lecherous dog, he begets us; then, Taurus, or the Bull—he bumps us the first thing; 
5530	2467	2467	0.400679	1	comes Cancer the Crab, and drags us back; and here, going from Virtue, Leo, a roaring Lion, lies in the path—he gives a 
5531	8	8	0.321418	1	that’s our first love; we marry and think to be happy for aye, when pop comes Libra, or the Scales—happiness weighed and
5532	1888	1888	0.126716	1	how we suddenly jump, as Scorpio, or the Scorpion, stings us in the rear; we are curing the wound, when whang come the a
5533	2707	2707	0.090339	1	As we pluck out the shafts, stand aside!
5534	8	8	0.642806	1	here’s the battering-ram, Capricornus, or the Goat; full tilt, he comes rushing, and headlong we are tossed; when Aquari
5535	8	8	0.443296	1	There’s a sermon now, writ in high heaven, and the sun goes through it every year, and yet comes out of it all alive and
5536	2874	2874	0.082426	1	Jollily he, aloft there, wheels through toil and trouble; and so, alow here, does jolly Stubb.
5537	2073	2073	0.190602	1	Oh, jolly’s the word for aye!
5538	8	8	0.068873	1	But stop; here comes little King-Post; dodge round the try-works, now, and let’s hear what he’ll have to say.
5539	8	8	0.230516	1	There; he’s before it; he’ll out with something presently.
5540	8	8	0.158283	1	So, so; he’s beginning.” “I see nothing here, but a round thing made of gold, and whoever raises a certain whale, this r
5541	2761	2761	0.238600	1	So, what’s all this staring been about?
5542	2614	2614	0.200713	1	It is worth sixteen dollars, that’s true; and at two cents the cigar, that’s nine hundred and sixty cigars.
5543	2659	2659	0.848723	1	I won’t smoke dirty pipes like Stubb, but I like cigars, and here’s nine hundred and sixty of them; so here goes Flask a
5544	1790	1790	0.247564	1	But, avast; here comes our old Manxman—the old hearse-driver, he must have been, that is, before he took to the sea.
5545	2073	2073	0.187414	1	He luffs up before the doubloon; halloa, and goes round on the other side of the mast; why, there’s a horse-shoe nailed 
5546	8	8	0.240294	1	he’s muttering—voice like an old worn-out coffee-mill.
5547	1888	1888	0.043778	1	Prick ears, and listen!” “If the White Whale be raised, it must be in a month and a day, when the sun stands in some one
5548	2026	2026	0.173951	1	I’ve studied signs, and know their marks; they were taught me two score years ago, by the old witch in Copenhagen.
5549	674	674	1.128774	1	Now, in what sign will the sun then be?
5550	1888	1888	0.157696	1	The horse-shoe sign; for there it is, right opposite the gold.
5551	8	8	0.266192	1	And what’s the horse-shoe sign?
5552	1888	1888	0.296077	1	The lion is the horse-shoe sign—the roaring and devouring lion.
5553	1790	1790	0.202193	1	my old head shakes to think of thee.” “There’s another rendering now; but still one text.
5554	1888	1888	0.147568	1	All sorts of men in one kind of world, you see.
5555	2330	2330	0.238201	1	here comes Queequeg—all tattooing—looks like the signs of the Zodiac himself.
5556	2073	2073	0.574564	1	As I live he’s comparing notes; looking at his thigh bone; thinks the sun is in the thigh, or in the calf, or in the bow
5557	1790	1790	0.155497	1	And by Jove, he’s found something there in the vicinity of his thigh—I guess it’s Sagittarius, or the Archer.
5558	8	8	0.812100	1	No: he don’t know what to make of the doubloon; he takes it for an old button off some king’s trowsers.
5559	1790	1790	0.364822	1	here comes that ghost-devil, Fedallah; tail coiled out of sight as usual, oakum in the toes of his pumps as usual.
5560	2469	2469	0.011807	1	What does he say, with that look of his?
5561	8	8	0.153578	1	Ah, only makes a sign to the sign and bows himself; there is a sun on the coin—fire worshipper, depend upon it.
5562	1888	1888	0.238415	1	This way comes Pip—poor boy!
5563	1790	1790	0.218493	1	would he had died, or I; he’s half horrible to me.
5564	1098	1098	0.383474	1	He too has been watching all of these interpreters—myself included—and look now, he comes to read, with that unearthly i
5565	2707	2707	0.183044	1	Stand away again and hear him.
5566	1888	1888	0.079727	1	Hark!” “I look, you look, he looks; we look, ye look, they look.” “Upon my soul, he’s been studying Murray’s Grammar!
5567	1888	1888	0.972875	1	Improving his mind, poor fellow!
5568	1066	1066	0.110583	1	But what’s that he says now—hist!” “I look, you look, he looks; we look, ye look, they look.” “Why, he’s getting it by h
5569	1790	1790	0.262902	1	again.” “I look, you look, he looks; we look, ye look, they look.” “Well, that’s funny.” “And I, you, and he; and we, ye
5570	1790	1790	0.388177	1	There he stands; two bones stuck into a pair of old trowsers, and two more poked into the sleeves of an old jacket.” “Wo
5571	2073	2073	0.225396	1	Any way, for the present, I’ll quit Pip’s vicinity.
5572	2707	2707	0.284719	1	I can stand the rest, for they have plain wits; but he’s too crazy-witty for my sanity.
5573	688	688	0.094348	1	So, so, I leave him muttering.” “Here’s the ship’s navel, this doubloon here, and they are all on fire to unscrew it.
5574	2145	2145	0.480630	1	But, unscrew your navel, and what’s the consequence?
5575	8	8	0.164371	1	Then again, if it stays here, that is ugly, too, for when aught’s nailed to the mast it’s a sign that things grow desper
5576	8	8	0.353194	1	the White Whale; he’ll nail ye!
5577	1888	1888	0.266272	1	This is a pine tree.
5578	2467	2467	0.113849	1	My father, in old Tolland county, cut down a pine tree once, and found a silver ring grown over in it; some old darkey’s
5579	1888	1888	0.167199	1	How did it get there?
5580	8	8	0.002284	1	And so they’ll say in the resurrection, when they come to fish up this old mast, and find a doubloon lodged in it, with 
5581	2073	2073	0.061891	1	the green miser’ll hoard ye soon!
5582	1888	1888	0.310637	1	God goes ’mong the worlds blackberrying.
5583	1691	1691	0.044744	1	hey, hey, hey, hey, hey, Jenny, Jenny!
5584	8	8	0.397676	1	and get your hoe-cake done!” CHAPTER 100.
5585	690	690	0.024483	1	The Pequod, of Nantucket, Meets the Samuel Enderby, of London.
5586	548	548	0.809995	1	Hast seen the White Whale?” So cried Ahab, once more hailing a ship showing English colours, bearing down under the ster
5587	2073	2073	0.017986	1	Trumpet to mouth, the old man was standing in his hoisted quarter-boat, his ivory leg plainly revealed to the stranger c
5588	1645	1645	1.167132	1	He was a darkly-tanned, burly, good-natured, fine-looking man, of sixty or thereabouts, dressed in a spacious roundabout
5589	2148	2148	0.490637	1	“Hast seen the White Whale?” “See you this?” and withdrawing it from the folds that had hidden it, he held up a white ar
5590	1594	1594	0.165420	1	“Man my boat!” cried Ahab, impetuously, and tossing about the oars near him—“Stand by to lower!” In less than a minute, 
5591	1831	1831	0.086923	1	But here a curious difficulty presented itself.
5592	1888	1888	0.015949	1	In the excitement of the moment, Ahab had forgotten that since the loss of his leg he had never once stepped on board of
5593	1594	1594	0.160120	1	Now, it is no very easy matter for anybody—except those who are almost hourly used to it, like whalemen—to clamber up a 
5594	1790	1790	0.040837	1	So, deprived of one leg, and the strange ship of course being altogether unsupplied with the kindly invention, Ahab now 
5595	339	339	0.011284	1	It has before been hinted, perhaps, that every little untoward circumstance that befell him, and which indirectly sprang
5596	1645	1645	0.524394	1	And in the present instance, all this was heightened by the sight of the two officers of the strange ship, leaning over 
5597	2148	2148	0.093888	1	But this awkwardness only lasted a minute, because the strange captain, observing at a glance how affairs stood, cried o
5598	2073	2073	0.210979	1	Jump, boys, and swing over the cutting-tackle.” As good luck would have it, they had had a whale alongside a day or two 
5599	405	405	0.318676	1	This was quickly lowered to Ahab, who at once comprehending it all, slid his solitary thigh into the curve of the hook (
5600	1594	1594	0.404452	1	Soon he was carefully swung inside the high bulwarks, and gently landed upon the capstan head.
5601	2073	2073	0.353419	1	With his ivory arm frankly thrust forth in welcome, the other captain advanced, and Ahab, putting out his ivory leg, and
5602	2874	2874	0.051669	1	let us shake bones together!—an arm and a leg!—an arm that never can shrink, d’ye see; and a leg that never can run.
5603	1102	1102	0.125391	1	Where did’st thou see the White Whale?—how long ago?” “The White Whale,” said the Englishman, pointing his ivory arm tow
5604	548	548	0.154882	1	“Aye, he was the cause of it, at least; and that leg, too?” “Spin me the yarn,” said Ahab; “how was it?” “It was the fir
5605	1888	1888	0.329535	1	“I was ignorant of the White Whale at that time.
5606	2659	2659	0.271782	1	Well, one day we lowered for a pod of four or five whales, and my boat fastened to one of them; a regular circus horse h
5607	548	548	0.097765	1	Presently up breaches from the bottom of the sea a bouncing great whale, with a milky-white head and hump, all crows’ fe
5608	548	548	0.432938	1	“And harpoons sticking in near his starboard fin.” “Aye, aye—they were mine—_my_ irons,” cried Ahab, exultingly—“but on!
5609	1843	1843	0.499796	1	“Well, this old great-grandfather, with the white head and hump, runs all afoam into the pod, and goes to snapping furio
5610	548	548	0.447255	1	“Aye, I see!—wanted to part it; free the fast-fish—an old trick—I know him.” “How it was exactly,” continued the one-arm
5611	8	8	0.022135	1	instead of the other whale’s; that went off to windward, all fluking.
5612	2073	2073	0.302056	1	Seeing how matters stood, and what a noble great whale it was—the noblest and biggest I ever saw, sir, in my life—I reso
5613	960	960	0.027406	1	And thinking the hap-hazard line would get loose, or the tooth it was tangled to might draw (for I have a devil of a boa
5614	2467	2467	0.326931	1	Mounttop’s here (by the way, Captain—Mounttop; Mounttop—the captain);—as I was saying, I jumped into Mounttop’s boat, wh
5615	2073	2073	0.206466	1	But, Lord, look you, sir—hearts and souls alive, man—the next instant, in a jiff, I was blind as a bat—both eyes out—all
5616	548	548	0.969622	1	No use sterning all, then; but as I was groping at midday, with a blinding sun, all crown-jewels; as I was groping, I sa
5617	2590	2590	0.023096	1	To escape his terrible flailings, I seized hold of my harpoon-pole sticking in him, and for a moment clung to that like 
5618	1206	1206	0.100003	1	But a combing sea dashed me off, and at the same instant, the fish, taking one good dart forwards, went down like a flas
5619	1888	1888	0.085613	1	Bunger, ship’s surgeon: Bunger, my lad,—the captain).
5620	2761	2761	0.089973	1	Now, Bunger boy, spin your part of the yarn.” The professional gentleman thus familiarly pointed out, had been all the t
5621	1642	1642	0.886243	1	His face was an exceedingly round but sober one; he was dressed in a faded blue woollen frock or shirt, and patched trow
5622	1790	1790	0.086845	1	But, at his superior’s introduction of him to Ahab, he politely bowed, and straightway went on to do his captain’s biddi
5623	688	688	0.437513	1	“It was a shocking bad wound,” began the whale-surgeon; “and, taking my advice, Captain Boomer here, stood our old Sammy
5624	548	548	0.217888	1	But it was no use—I did all I could; sat up with him nights; was very severe with him in the matter of diet—” “Oh, very 
5625	1888	1888	0.005449	1	he sat up with me indeed, and was very severe in my diet.
5626	1888	1888	0.263677	1	a great watcher, and very dietetically severe, is Dr. Bunger.
5627	945	945	0.096106	1	(Bunger, you dog, laugh out!
5628	8	8	0.674467	1	You know you’re a precious jolly rascal.)
5629	2874	2874	0.052809	1	But, heave ahead, boy, I’d rather be killed by you than kept alive by any other man.” “My captain, you must have ere thi
5630	548	548	0.057132	1	But I may as well say—en passant, as the French remark—that I myself—that is to say, Jack Bunger, late of the reverend c
5631	2659	2659	0.317635	1	“I was about observing, sir, before Captain Boomer’s facetious interruption, that spite of my best and severest endeavor
5632	1888	1888	0.552175	1	I measured it with the lead line.
5633	2572	2572	0.087796	1	In short, it grew black; I knew what was threatened, and off it came.
5634	836	836	0.136242	1	But I had no hand in shipping that ivory arm there; that thing is against all rule”—pointing at it with the marlingspike
5635	1888	1888	0.213978	1	He flies into diabolical passions sometimes.
5636	548	548	0.524012	1	Do ye see this dent, sir”—removing his hat, and brushing aside his hair, and exposing a bowl-like cavity in his skull, b
5637	1790	1790	0.292324	1	Oh, you solemn rogue, you—you Bunger!
5638	1790	1790	0.269830	1	was there ever such another Bunger in the watery world?
5639	548	548	0.857428	1	Bunger, when you die, you ought to die in pickle, you dog; you should be preserved to future ages, you rascal.” “What be
5640	548	548	0.109886	1	“Oh!” cried the one-armed captain, “oh, yes!
5641	3055	3055	0.049886	1	Well; after he sounded, we didn’t see him again for some time; in fact, as I before hinted, I didn’t then know what whal
5642	1888	1888	0.194731	1	What should I do without this other arm?
5643	688	688	0.070896	1	And I’m thinking Moby Dick doesn’t bite so much as he swallows.” “Well, then,” interrupted Bunger, “give him your left a
5644	1645	1645	0.056437	1	Do you know, gentlemen”—very gravely and mathematically bowing to each Captain in succession—“Do you know, gentlemen, th
5645	2881	2881	0.086927	1	And he knows it too.
5646	8	8	0.130741	1	So that what you take for the White Whale’s malice is only his awkwardness.
5647	748	748	0.692839	1	For he never means to swallow a single limb; he only thinks to terrify by feints.
5648	2467	2467	0.255499	1	But sometimes he is like the old juggling fellow, formerly a patient of mine in Ceylon, that making believe swallow jack
5649	1594	1594	0.006294	1	No possible way for him to digest that jack-knife, and fully incorporate it into his general bodily system.
5650	2432	2432	0.088043	1	Yes, Captain Boomer, if you are quick enough about it, and have a mind to pawn one arm for the sake of the privilege of 
5651	8	8	0.072540	1	No more White Whales for me; I’ve lowered for him once, and that has satisfied me.
5652	427	427	0.314218	1	There would be great glory in killing him, I know that; and there is a ship-load of precious sperm in him, but, hark ye,
5653	690	690	0.497537	1	But he will still be hunted, for all that.
5654	771	771	0.292620	1	What is best let alone, that accursed thing is not always what least allures.
5655	8	8	0.315627	1	How long since thou saw’st him last?
5656	548	548	0.733666	1	Which way heading?” “Bless my soul, and curse the foul fiend’s,” cried Bunger, stoopingly walking round Ahab, and like a
5657	2874	2874	0.411629	1	“Avast!” roared Ahab, dashing him against the bulwarks—“Man the boat!
5658	548	548	0.382966	1	Which way heading?” “Good God!” cried the English Captain, to whom the question was put.
5659	8	8	0.030702	1	He was heading east, I think.—Is your Captain crazy?” whispering Fedallah.
5660	2874	2874	1.211587	1	But Fedallah, putting a finger on his lip, slid over the bulwarks to take the boat’s steering oar, and Ahab, swinging th
5661	2874	2874	0.245377	1	In a moment he was standing in the boat’s stern, and the Manilla men were springing to their oars.
5662	1888	1888	0.791931	1	In vain the English Captain hailed him.
5663	1888	1888	0.248086	1	With back to the stranger ship, and face set like a flint to his own, Ahab stood upright till alongside of the Pequod.
5664	2073	2073	0.181203	1	Ere the English ship fades from sight, be it set down here, that she hailed from London, and was named after the late Sa
5665	1594	1594	0.090960	1	How long, prior to the year of our Lord 1775, this great whaling house was in existence, my numerous fish-documents do n
5666	1151	1151	0.629006	1	Be it distinctly recorded here, that the Nantucketers were the first among mankind to harpoon with civilized steel the g
5667	1594	1594	0.055886	1	In 1778, a fine ship, the Amelia, fitted out for the express purpose, and at the sole charge of the vigorous Enderbys, b
5668	1888	1888	0.040682	1	The voyage was a skilful and lucky one; and returning to her berth with her hold full of the precious sperm, the Amelia’
5669	8	8	0.096593	1	But not content with this good deed, the indefatigable house again bestirred itself: Samuel and all his Sons—how many, t
5670	1888	1888	0.653602	1	Commanded by a naval Post-Captain, the Rattler made a rattling voyage of it, and did some service; how much does not app
5671	2301	2301	0.399863	1	But this is not all.
5672	1888	1888	0.595627	1	In 1819, the same house fitted out a discovery whale ship of their own, to go on a tasting cruise to the remote waters o
5673	1843	1843	0.213152	1	That ship—well called the “Syren”—made a noble experimental cruise; and it was thus that the great Japanese Whaling Grou
5674	1888	1888	0.423311	1	The Syren in this famous voyage was commanded by a Captain Coffin, a Nantucketer.
5675	2073	2073	0.227427	1	All honor to the Enderbies, therefore, whose house, I think, exists to the present day; though doubtless the original Sa
5676	1888	1888	0.379978	1	The ship named after him was worthy of the honor, being a very fast sailer and a noble craft every way.
5677	2528	2528	0.357199	1	I boarded her once at midnight somewhere off the Patagonian coast, and drank good flip down in the forecastle.
5678	1888	1888	0.264041	1	It was a fine gam we had, and they were all trumps—every soul on board.
5679	1888	1888	0.070900	1	A short life to them, and a jolly death.
5680	232	232	0.034028	1	And that fine gam I had—long, very long after old Ahab touched her planks with his ivory heel—it minds me of the noble, 
5681	2869	2869	0.248045	1	Did I say we had flip?
5682	638	638	0.194225	1	Yes, and we flipped it at the rate of ten gallons the hour; and when the squall came (for it’s squally off there by Pata
5683	1790	1790	0.133179	1	However, the masts did not go overboard; and by and by we scrambled down, so sober, that we had to pass the flip again, 
5684	1888	1888	0.305105	1	The beef was fine—tough, but with body in it.
5685	2467	2467	0.440440	1	They said it was bull-beef; others, that it was dromedary beef; but I do not know, for certain, how that was.
5686	1594	1594	0.149735	1	They had dumplings too; small, but substantial, symmetrically globular, and indestructible dumplings.
5687	2026	2026	0.009817	1	I fancied that you could feel them, and roll them about in you after they were swallowed.
5688	1523	1523	0.336311	1	If you stooped over too far forward, you risked their pitching out of you like billiard-balls.
5689	2742	2742	0.070112	1	The bread—but that couldn’t be helped; besides, it was an anti-scorbutic; in short, the bread contained the only fresh f
5690	2331	2331	0.381387	1	But the forecastle was not very light, and it was very easy to step over into a dark corner when you ate it.
5691	8	8	0.090676	1	But all in all, taking her from truck to helm, considering the dimensions of the cook’s boilers, including his own live 
5692	2659	2659	0.424354	1	But why was it, think ye, that the Samuel Enderby, and some other English whalers I know of—not all though—were such fam
5693	1888	1888	0.128465	1	The abounding good cheer of these English whalers is matter for historical research.
5694	62	62	0.849556	1	Nor have I been at all sparing of historical whale research, when it has seemed needed.
5695	2659	2659	0.402984	1	The English were preceded in the whale fishery by the Hollanders, Zealanders, and Danes; from whom they derived many ter
5696	690	690	0.285250	1	For, as a general thing, the English merchant-ship scrimps her crew; but not so the English whaler.
5697	1888	1888	0.225883	1	Hence, in the English, this thing of whaling good cheer is not normal and natural, but incidental and particular; and, t
5698	267	267	0.283045	1	During my researches in the Leviathanic histories, I stumbled upon an ancient Dutch volume, which, by the musty whaling 
5699	688	688	0.099071	1	The title was, “Dan Coopman,” wherefore I concluded that this must be the invaluable memoirs of some Amsterdam cooper in
5700	2742	2742	0.305218	1	I was reinforced in this opinion by seeing that it was the production of one “Fitz Swackhammer.” But my friend Dr. Snodh
5701	688	688	0.413308	1	And in this chapter it was, headed, “Smeer,” or “Fat,” that I found a long detailed list of the outfits for the larders 
5702	1888	1888	0.536805	1	cheese (probably an inferior article).
5703	3047	3047	0.120380	1	Most statistical tables are parchingly dry in the reading; not so in the present case, however, where the reader is floo
5704	1888	1888	0.236148	1	At the time, I devoted three days to the studious digesting of all this beer, beef, and bread, during which many profoun
5705	1888	1888	0.212847	1	In the first place, the amount of butter, and Texel and Leyden cheese consumed, seems amazing.
5706	2073	2073	0.490369	1	I impute it, though, to their naturally unctuous natures, being rendered still more unctuous by the nature of their voca
5707	1888	1888	0.102625	1	The quantity of beer, too, is very large, 10,800 barrels.
5708	1790	1790	0.198806	1	Now, as those polar fisheries could only be prosecuted in the short summer of that climate, so that the whole cruise of 
5709	1970	1970	0.212941	1	Now, whether these gin and beer harpooneers, so fuddled as one might fancy them to have been, were the right sort of men
5710	1726	1726	0.033899	1	Yet they did aim at them, and hit them too.
5711	3064	3064	0.306815	1	But this was very far North, be it remembered, where beer agrees well with the constitution; upon the Equator, in our so
5712	1790	1790	0.092252	1	But no more; enough has been said to show that the old Dutch whalers of two or three centuries ago were high livers; and
5713	561	561	0.001254	1	For, say they, when cruising in an empty ship, if you can get nothing better out of the world, get a good dinner out of 
5714	1318	1318	1.174297	1	And this empties the decanter.
5715	1888	1888	0.006173	1	A Bower in the Arsacides.
5716	1888	1888	0.099478	1	Hitherto, in descriptively treating of the Sperm Whale, I have chiefly dwelt upon the marvels of his outer aspect; or se
5717	107	107	0.281018	1	But to a large and thorough sweeping comprehension of him, it behooves me now to unbutton him still further, and untaggi
5718	1552	1552	0.223964	1	How is it, that you, a mere oarsman in the fishery, pretend to know aught about the subterranean parts of the whale?
5719	2363	2363	0.035286	1	Did erudite Stubb, mounted upon your capstan, deliver lectures on the anatomy of the Cetacea; and by help of the windlas
5720	461	461	0.009276	1	Can you land a full-grown whale on your deck for examination, as a cook dishes a roast-pig?
5721	801	801	0.085019	1	A veritable witness have you hitherto been, Ishmael; but have a care how you seize the privilege of Jonah alone; the pri
5722	2265	2265	0.143810	1	I confess, that since Jonah, few whalemen have penetrated very far beneath the skin of the adult whale; nevertheless, I 
5723	1888	1888	0.584066	1	In a ship I belonged to, a small cub Sperm Whale was once bodily hoisted to the deck for his poke or bag, to make sheath
5724	2029	2029	0.387506	1	Think you I let that chance go, without using my boat-hatchet and jack-knife, and breaking the seal and reading all the 
5725	801	801	0.492959	1	And as for my exact knowledge of the bones of the leviathan in their gigantic, full grown development, for that rare kno
5726	2503	2503	0.724226	1	For being at Tranque, years ago, when attached to the trading-ship Dey of Algiers, I was invited to spend part of the Ar
5727	2073	2073	0.701867	1	Among many other fine qualities, my royal friend Tranquo, being gifted with a devout love for all matters of barbaric ve
5728	614	614	0.394934	1	Chief among these latter was a great Sperm Whale, which, after an unusually long raging gale, had been found dead and st
5729	2874	2874	0.090353	1	When the vast body had at last been stripped of its fathom-deep enfoldings, and the bones become dust dry in the sun, th
5730	377	377	0.033968	1	The ribs were hung with trophies; the vertebræ were carved with Arsacidean annals, in strange hieroglyphics; in the skul
5731	1888	1888	0.570019	1	It was a wondrous sight.
5732	1888	1888	0.146367	1	The wood was green as mosses of the Icy Glen; the trees stood high and haughty, feeling their living sap; the industriou
5733	1594	1594	0.329182	1	All the trees, with all their laden branches; all the shrubs, and ferns, and grasses; the message-carrying air; all thes
5734	2073	2073	0.138658	1	Through the lacings of the leaves, the great sun seemed a flying shuttle weaving the unwearied verdure.
5735	548	548	0.306167	1	unseen weaver!—pause!—one word!—whither flows the fabric?
5736	429	429	0.245486	1	what palace may it deck?
5737	1763	1763	0.004132	1	wherefore all these ceaseless toilings?
5738	1888	1888	0.206014	1	Speak, weaver!—stay thy hand!—but one single word with thee!
5739	1888	1888	0.302688	1	Nay—the shuttle flies—the figures float from forth the loom; the freshet-rushing carpet for ever slides away.
5740	2073	2073	0.102096	1	The weaver-god, he weaves; and by that weaving is he deafened, that he hears no mortal voice; and by that humming, we, t
5741	2375	2375	0.081503	1	For even so it is in all material factories.
5742	607	607	0.122287	1	The spoken words that are inaudible among the flying spindles; those same words are plainly heard without the walls, bur
5743	1594	1594	0.163746	1	Thereby have villainies been detected.
5744	1790	1790	0.155590	1	then, be heedful; for so, in all this din of the great world’s loom, thy subtlest thinkings may be overheard afar.
5745	2352	2352	0.045239	1	Now, amid the green, life-restless loom of that Arsacidean wood, the great, white, worshipped skeleton lay lounging—a gi
5746	2659	2659	0.303907	1	Yet, as the ever-woven verdant warp and woof intermixed and hummed around him, the mighty idler seemed the cunning weave
5747	360	360	1.553886	1	Life folded Death; Death trellised Life; the grim god wived with youthful Life, and begat him curly-headed glories.
5748	2073	2073	0.204704	1	Now, when with royal Tranquo I visited this wondrous whale, and saw the skull an altar, and the artificial smoke ascendi
5749	961	961	0.089873	1	But more I marvelled that the priests should swear that smoky jet of his was genuine.
5750	2467	2467	0.171588	1	To and fro I paced before this skeleton—brushed the vines aside—broke through the ribs—and with a ball of Arsacidean twi
5751	1790	1790	0.182419	1	But soon my line was out; and following it back, I emerged from the opening where I entered.
5752	1888	1888	0.026987	1	I saw no living thing within; naught was there but bones.
5753	2467	2467	0.011349	1	Cutting me a green measuring-rod, I once more dived within the skeleton.
5754	688	688	0.295525	1	From their arrow-slit in the skull, the priests perceived me taking the altitude of the final rib, “How now!” they shout
5755	1843	1843	0.230615	1	That’s for us.” “Aye, priests—well, how long do ye make him, then?” But hereupon a fierce contest rose among them, conce
5756	1098	1098	0.423290	1	These admeasurements I now propose to set before you.
5757	984	984	0.326372	1	But first, be it recorded, that, in this matter, I am not free to utter any fancied measurement I please.
5758	1098	1098	0.122688	1	Because there are skeleton authorities you can refer to, to test my accuracy.
5759	232	232	0.187000	1	There is a Leviathanic Museum, they tell me, in Hull, England, one of the whaling ports of that country, where they have
5760	2073	2073	0.170789	1	Likewise, I have heard that in the museum of Manchester, in New Hampshire, they have what the proprietors call “the only
5761	1888	1888	0.231801	1	In both cases, the stranded whales to which these two skeletons belonged, were originally claimed by their proprietors u
5762	1888	1888	0.052361	1	King Tranquo seizing his because he wanted it; and Sir Clifford, because he was lord of the seignories of those parts.
5763	541	541	0.137967	1	Sir Clifford’s whale has been articulated throughout; so that, like a great chest of drawers, you can open and shut him,
5764	2659	2659	0.006378	1	Locks are to be put upon some of his trap-doors and shutters; and a footman will show round future visitors with a bunch
5765	614	614	0.540640	1	Sir Clifford thinks of charging twopence for a peep at the whispering gallery in the spinal column; threepence to hear t
5766	1888	1888	0.028924	1	The skeleton dimensions I shall now proceed to set down are copied verbatim from my right arm, where I had them tattooed
5767	2073	2073	0.279728	1	But as I was crowded for space, and wished the other parts of my body to remain a blank page for a poem I was then compo
5768	1888	1888	0.480060	1	Measurement of The Whale’s Skeleton.
5769	2098	2098	0.001612	1	In the first place, I wish to lay before you a particular, plain statement, touching the living bulk of this leviathan, 
5770	2793	2793	0.129248	1	Such a statement may prove useful here.
5771	2031	2031	0.189549	1	According to a careful calculation I have made, and which I partly base upon Captain Scoresby’s estimate, of seventy ton
5772	801	801	0.772708	1	Think you not then that brains, like yoked cattle, should be put to this leviathan, to make him at all budge to any land
5773	2073	2073	0.070006	1	Having already in various ways put before you his skull, spout-hole, jaw, teeth, tail, forehead, fins, and divers other 
5774	1678	1678	0.375466	1	But as the colossal skull embraces so very large a proportion of the entire extent of the skeleton; as it is by far the 
5775	1888	1888	0.040535	1	In length, the Sperm Whale’s skeleton at Tranque measured seventy-two feet; so that when fully invested and extended in 
5776	2672	2672	0.204861	1	Of this seventy-two feet, his skull and jaw comprised some twenty feet, leaving some fifty feet of plain back-bone.
5777	1278	1278	0.203629	1	Attached to this back-bone, for something less than a third of its length, was the mighty circular basket of ribs which 
5778	2073	2073	0.547781	1	To me this vast ivory-ribbed chest, with the long, unrelieved spine, extending far away from it in a straight line, not 
5779	1888	1888	0.511415	1	The ribs were ten on a side.
5780	2496	2496	0.516842	1	The first, to begin from the neck, was nearly six feet long; the second, third, and fourth were each successively longer
5781	1790	1790	0.084342	1	From that part, the remaining ribs diminished, till the tenth and last only spanned five feet and some inches.
5782	1888	1888	0.765978	1	In general thickness, they all bore a seemly correspondence to their length.
5783	1888	1888	0.052264	1	The middle ribs were the most arched.
5784	1888	1888	0.301317	1	In some of the Arsacides they are used for beams whereon to lay footpath bridges over small streams.
5785	1888	1888	0.134280	1	In considering these ribs, I could not but be struck anew with the circumstance, so variously repeated in this book, tha
5786	1790	1790	0.228899	1	The largest of the Tranque ribs, one of the middle ones, occupied that part of the fish which, in life, is greatest in d
5787	1504	1504	0.043052	1	Now, the greatest depth of the invested body of this particular whale must have been at least sixteen feet; whereas, the
5788	2776	2776	0.134285	1	So that this rib only conveyed half of the true notion of the living magnitude of that part.
5789	1797	1797	0.484052	1	Besides, for some way, where I now saw but a naked spine, all that had been once wrapped round with tons of added bulk i
5790	386	386	0.057846	1	Still more, for the ample fins, I here saw but a few disordered joints; and in place of the weighty and majestic, but bo
5791	548	548	0.201877	1	How vain and foolish, then, thought I, for timid untravelled man to try to comprehend aright this wondrous whale, by mer
5792	1594	1594	0.128175	1	Only in the heart of quickest perils; only when within the eddyings of his angry flukes; only on the profound unbounded 
5793	1790	1790	0.542113	1	For that, the best way we can consider it is, with a crane, to pile its bones high up on end.
5794	8	8	0.070535	1	But now it’s done, it looks much like Pompey’s Pillar.
5795	1098	1098	0.249844	1	There are forty and odd vertebræ in all, which in the skeleton are not locked together.
5796	2874	2874	0.009501	1	They mostly lie like the great knobbed blocks on a Gothic spire, forming solid courses of heavy masonry.
5797	1888	1888	0.548544	1	The largest, a middle one, is in width something less than three feet, and in depth more than four.
5798	1888	1888	0.129547	1	The smallest, where the spine tapers away into the tail, is only two inches in width, and looks something like a white b
5799	1790	1790	0.280402	1	I was told that there were still smaller ones, but they had been lost by some little cannibal urchins, the priest’s chil
5800	2874	2874	0.253415	1	Thus we see how that the spine of even the hugest of living things tapers off at last into simple child’s play.
5801	2659	2659	0.199028	1	From his mighty bulk the whale affords a most congenial theme whereon to enlarge, amplify, and generally expatiate.
5802	338	338	0.372669	1	Would you, you could not compress him.
5803	746	746	0.031305	1	By good rights he should only be treated of in imperial folio.
5804	1860	1860	0.177333	1	Not to tell over again his furlongs from spiracle to tail, and the yards he measures about the waist; only think of the 
5805	107	107	0.550411	1	Since I have undertaken to manhandle this Leviathan, it behooves me to approve myself omnisciently exhaustive in the ent
5806	626	626	0.018854	1	Having already described him in most of his present habitatory and anatomical peculiarities, it now remains to magnify h
5807	1888	1888	0.383244	1	Applied to any other creature than the Leviathan—to an ant or a flea—such portly terms might justly be deemed unwarranta
5808	2073	2073	0.389735	1	But when Leviathan is the text, the case is altered.
5809	1888	1888	0.414034	1	Fain am I to stagger to this emprise under the weightiest words of the dictionary.
5810	1098	1098	0.105791	1	And here be it said, that whenever it has been convenient to consult one in the course of these dissertations, I have in
5811	1594	1594	0.239432	1	One often hears of writers that rise and swell with their subject, though it may seem but an ordinary one.
5812	1888	1888	0.227220	1	How, then, with me, writing of this Leviathan?
5813	1888	1888	0.514864	1	Unconsciously my chirography expands into placard capitals.
5814	8	8	0.384018	1	Give me a condor’s quill!
5815	2145	2145	0.107282	1	Give me Vesuvius’ crater for an inkstand!
5816	2659	2659	1.051373	1	For in the mere act of penning my thoughts of this Leviathan, they weary me, and make me faint with their outreaching co
5817	1054	1054	0.122157	1	Such, and so magnifying, is the virtue of a large and liberal theme!
5818	912	912	0.165262	1	We expand to its bulk.
5819	396	396	0.459308	1	To produce a mighty book, you must choose a mighty theme.
5820	2265	2265	0.589281	1	No great and enduring volume can ever be written on the flea, though many there be who have tried it.
5821	2467	2467	0.056711	1	Ere entering upon the subject of Fossil Whales, I present my credentials as a geologist, by stating that in my miscellan
5822	2742	2742	0.332394	1	Likewise, by way of preliminary, I desire to remind the reader, that while in the earlier geological strata there are fo
5823	2073	2073	1.047962	1	And though none of them precisely answer to any known species of the present time, they are yet sufficiently akin to the
5824	1888	1888	0.047875	1	Detached broken fossils of pre-adamite whales, fragments of their bones and skeletons, have within thirty years past, at
5825	273	273	0.067445	1	Among the more curious of such remains is part of a skull, which in the year 1779 was disinterred in the Rue Dauphine in
5826	1888	1888	0.277456	1	Cuvier pronounced these fragments to have belonged to some utterly unknown Leviathanic species.
5827	1997	1997	0.275364	1	But by far the most wonderful of all Cetacean relics was the almost complete vast skeleton of an extinct monster, found 
5828	1888	1888	0.304241	1	The awe-stricken credulous slaves in the vicinity took it for the bones of one of the fallen angels.
5829	2098	2098	0.271530	1	The Alabama doctors declared it a huge reptile, and bestowed upon it the name of Basilosaurus.
5830	690	690	0.035613	1	But some specimen bones of it being taken across the sea to Owen, the English Anatomist, it turned out that this alleged
5831	541	541	0.132184	1	A significant illustration of the fact, again and again repeated in this book, that the skeleton of the whale furnishes 
5832	2520	2520	0.024798	1	So Owen rechristened the monster Zeuglodon; and in his paper read before the London Geological Society, pronounced it, i
5833	2073	2073	0.038143	1	When I stand among these mighty Leviathan skeletons, skulls, tusks, jaws, ribs, and vertebræ, all characterized by parti
5834	1278	1278	0.017160	1	Here Saturn’s grey chaos rolls over me, and I obtain dim, shuddering glimpses into those Polar eternities; when wedged b
5835	2073	2073	0.207187	1	Then the whole world was the whale’s; and, king of creation, he left his wake along the present lines of the Andes and t
5836	170	170	0.386719	1	Who can show a pedigree like Leviathan?
5837	1888	1888	0.105096	1	Ahab’s harpoon had shed older blood than the Pharaoh’s.
5838	1888	1888	0.091150	1	I look round to shake hands with Shem.
5839	73	73	0.582805	1	I am horror-struck at this antemosaic, unsourced existence of the unspeakable terrors of the whale, which, having been b
5840	674	674	0.367814	1	But not alone has this Leviathan left his pre-adamite traces in the stereotype plates of nature, and in limestone and ma
5841	2659	2659	0.278671	1	In an apartment of the great temple of Denderah, some fifty years ago, there was discovered upon the granite ceiling a s
5842	45	45	0.218548	1	Gliding among them, old Leviathan swam as of yore; was there swimming in that planisphere, centuries before Solomon was 
5843	2467	2467	0.244674	1	Nor must there be omitted another strange attestation of the antiquity of the whale, in his own osseous post-diluvian re
5844	1888	1888	0.219986	1	“Not far from the Sea-side, they have a Temple, the Rafters and Beams of which are made of Whale-Bones; for Whales of a 
5845	1934	1934	0.199077	1	The Common People imagine, that by a secret Power bestowed by God upon the Temple, no Whale can pass it without immediat
5846	1795	1795	0.105533	1	But the truth of the Matter is, that on either side of the Temple, there are Rocks that shoot two Miles into the Sea, an
5847	8	8	0.088432	1	They keep a Whale’s Rib of an incredible length for a Miracle, which lying upon the Ground with its convex part uppermos
5848	548	548	0.130819	1	This Rib (says John Leo) is said to have layn there a hundred Years before I saw it.
5849	2265	2265	0.116026	1	Their Historians affirm, that a Prophet who prophesy’d of Mahomet, came from this Temple, and some do not stand to asser
5850	2869	2869	0.038778	1	Does the Whale’s Magnitude Diminish?—Will He Perish?
5851	2874	2874	0.085700	1	Inasmuch, then, as this Leviathan comes floundering down upon us from the head-waters of the Eternities, it may be fitly
5852	2476	2476	0.504778	1	But upon investigation we find, that not only are the whales of the present day superior in magnitude to those whose fos
5853	1467	1467	0.150155	1	Of all the pre-adamite whales yet exhumed, by far the largest is the Alabama one mentioned in the last chapter, and that
5854	1888	1888	0.077727	1	Whereas, we have already seen, that the tape-measure gives seventy-two feet for the skeleton of a large sized modern wha
5855	2073	2073	0.162624	1	And I have heard, on whalemen’s authority, that Sperm Whales have been captured near a hundred feet long at the time of 
5856	2073	2073	0.217172	1	But may it not be, that while the whales of the present hour are an advance in magnitude upon those of all previous geol
5857	1888	1888	0.242790	1	Assuredly, we must conclude so, if we are to credit the accounts of such gentlemen as Pliny, and the ancient naturalists
5858	1790	1790	0.030027	1	For Pliny tells us of whales that embraced acres of living bulk, and Aldrovandus of others which measured eight hundred 
5859	316	316	0.017956	1	And even in the days of Banks and Solander, Cooke’s naturalists, we find a Danish member of the Academy of Sciences sett
5860	2073	2073	0.180855	1	And Lacépède, the French naturalist, in his elaborate history of whales, in the very beginning of his work (page 3), set
5861	1821	1821	0.006188	1	And this work was published so late as A.D. 1825.
5862	1098	1098	0.153656	1	But will any whaleman believe these stories?
5863	1718	1718	0.460180	1	The whale of to-day is as big as his ancestors in Pliny’s time.
5864	147	147	0.068090	1	And if ever I go where Pliny is, I, a whaleman (more than he was), will make bold to tell him so.
5865	748	748	0.526227	1	Because I cannot understand how it is, that while the Egyptian mummies that were buried thousands of years before even P
5866	1594	1594	0.391224	1	But still another inquiry remains; one often agitated by the more recondite Nantucketers.
5867	2467	2467	0.072617	1	Whether owing to the almost omniscient look-outs at the mast-heads of the whale-ships, now penetrating even through Behr
5868	1461	1461	0.076064	1	Comparing the humped herds of whales with the humped herds of buffalo, which, not forty years ago, overspread by tens of
5869	592	592	0.000066	1	But you must look at this matter in every light.
5870	1594	1594	0.520463	1	Though so short a period ago—not a good lifetime—the census of the buffalo in Illinois exceeded the census of men now in
5871	1888	1888	0.177527	1	Forty men in one ship hunting the Sperm Whales for forty-eight months think they have done extremely well, and thank God
5872	1797	1797	0.210778	1	Whereas, in the days of the old Canadian and Indian hunters and trappers of the West, when the far west (in whose sunset
5873	1109	1109	0.251172	1	Nor, considered aright, does it seem any argument in favour of the gradual extinction of the Sperm Whale, for example, t
5874	562	562	0.755726	1	Because, as has been elsewhere noticed, those whales, influenced by some views to safety, now swim the seas in immense c
5875	937	937	0.183050	1	And equally fallacious seems the conceit, that because the so-called whale-bone whales no longer haunt many grounds in f
5876	2503	2503	0.259746	1	For they are only being driven from promontory to cape; and if one coast is no longer enlivened with their jets, then, b
5877	1888	1888	0.187095	1	Furthermore: concerning these last mentioned Leviathans, they have two firm fortresses, which, in all human probability,
5878	2073	2073	0.015637	1	And as upon the invasion of their valleys, the frosty Swiss have retreated to their mountains; so, hunted from the savan
5879	1790	1790	0.016241	1	But as perhaps fifty of these whale-bone whales are harpooned for one cachalot, some philosophers of the forecastle have
5880	1790	1790	0.126134	1	But though for some time past a number of these whales, not less than 13,000, have been annually slain on the nor’ west 
5881	2073	2073	0.038769	1	Natural as it is to be somewhat incredulous concerning the populousness of the more enormous creatures of the globe, yet
5882	2073	2073	0.293912	1	And there seems no reason to doubt that if these elephants, which have now been hunted for thousands of years, by Semira
5883	1888	1888	0.287997	1	Moreover: we are to consider, that from the presumed great longevity of whales, their probably attaining the age of a ce
5884	2874	2874	0.105560	1	And what that is, we may soon gain some idea of, by imagining all the grave-yards, cemeteries, and family vaults of crea
5885	1098	1098	0.266096	1	Wherefore, for all these things, we account the whale immortal in his species, however perishable in his individuality.
5886	935	935	0.137704	1	He swam the seas before the continents broke water; he once swam over the site of the Tuileries, and Windsor Castle, and
5887	2265	2265	0.042857	1	In Noah’s flood he despised Noah’s Ark; and if ever the world is to be again flooded, like the Netherlands, to kill off 
5888	1888	1888	0.227238	1	The precipitating manner in which Captain Ahab had quitted the Samuel Enderby of London, had not been unattended with so
5889	1888	1888	0.273839	1	He had lighted with such energy upon a thwart of his boat that his ivory leg had received a half-splintering shock.
5890	1594	1594	0.004835	1	And when after gaining his own deck, and his own pivot-hole there, he so vehemently wheeled round with an urgent command
5891	2609	2609	0.083418	1	And, indeed, it seemed small matter for wonder, that for all his pervading, mad recklessness, Ahab did at times give car
5892	2265	2265	0.207641	1	For it had not been very long prior to the Pequod’s sailing from Nantucket, that he had been found one night lying prone
5893	1594	1594	0.161494	1	Nor, at the time, had it failed to enter his monomaniac mind, that all the anguish of that then present suffering was bu
5894	1888	1888	0.665057	1	Yea, more than equally, thought Ahab; since both the ancestry and posterity of Grief go further than the ancestry and po
5895	1594	1594	0.226081	1	For, not to hint of this: that it is an inference from certain canonic teachings, that while some natural enjoyments her
5896	196	196	0.024622	1	For, thought Ahab, while even the highest earthly felicities ever have a certain unsignifying pettiness lurking in them,
5897	181	181	0.080012	1	To trail the genealogies of these high mortal miseries, carries us at last among the sourceless primogenitures of the go
5898	2073	2073	0.311254	1	The ineffaceable, sad birth-mark in the brow of man, is but the stamp of sorrow in the signers.
5899	1594	1594	0.919109	1	Unwittingly here a secret has been divulged, which perhaps might more properly, in set way, have been disclosed before.
5900	1797	1797	0.169679	1	With many other particulars concerning Ahab, always had it remained a mystery to some, why it was, that for a certain pe
5901	1790	1790	0.084711	1	Captain Peleg’s bruited reason for this thing appeared by no means adequate; though, indeed, as touching all Ahab’s deep
5902	1535	1535	0.570641	1	But, in the end, it all came out; this one matter did, at least.
5903	2977	2977	0.528773	1	That direful mishap was at the bottom of his temporary recluseness.
5904	2073	2073	0.478217	1	And not only this, but to that ever-contracting, dropping circle ashore, who, for any reason, possessed the privilege of
5905	2874	2874	0.181566	1	So that, through their zeal for him, they had all conspired, so far as in them lay, to muffle up the knowledge of this t
5906	638	638	0.080721	1	But be all this as it may; let the unseen, ambiguous synod in the air, or the vindictive princes and potentates of fire,
5907	2659	2659	0.383659	1	And when that functionary appeared before him, he bade him without delay set about making a new leg, and directed the ma
5908	2247	2247	0.131618	1	This done, the carpenter received orders to have the leg completed that night; and to provide all the fittings for it, i
5909	1888	1888	0.317972	1	Moreover, the ship’s forge was ordered to be hoisted out of its temporary idleness in the hold; and, to accelerate the a
5910	2874	2874	0.160423	1	Seat thyself sultanically among the moons of Saturn, and take high abstracted man alone; and he seems a wonder, a grande
5911	1642	1642	0.760988	1	But from the same point, take mankind in mass, and for the most part, they seem a mob of unnecessary duplicates, both co
5912	1066	1066	0.070175	1	But most humble though he was, and far from furnishing an example of the high, humane abstraction; the Pequod’s carpente
5913	1600	1600	1.098345	1	Like all sea-going ship carpenters, and more especially those belonging to whaling vessels, he was, to a certain off-han
5914	378	378	0.080354	1	But, besides the application to him of the generic remark above, this carpenter of the Pequod was singularly efficient i
5915	1594	1594	0.025347	1	For not to speak of his readiness in ordinary duties:—repairing stove boats, sprung spars, reforming the shape of clumsy
5916	2073	2073	0.010719	1	The one grand stage where he enacted all his various parts so manifold, was his vice-bench; a long rude ponderous table 
5917	870	870	0.071324	1	At all times except when whales were alongside, this bench was securely lashed athwartships against the rear of the Try-
5918	1645	1645	0.188706	1	A belaying pin is found too large to be easily inserted into its hole: the carpenter claps it into one of his ever-ready
5919	1819	1819	0.551829	1	A lost land-bird of strange plumage strays on board, and is made a captive: out of clean shaved rods of right-whale bone
5920	2874	2874	0.121155	1	An oarsman sprains his wrist: the carpenter concocts a soothing lotion.
5921	2874	2874	0.099335	1	Stubb longed for vermillion stars to be painted upon the blade of his every oar; screwing each oar in his big vice of wo
5922	1821	1821	0.078972	1	A sailor takes a fancy to wear shark-bone ear-rings: the carpenter drills his ears.
5923	2506	2506	0.121062	1	Another has the toothache: the carpenter out pincers, and clapping one hand upon his bench bids him be seated there; but
5924	1888	1888	0.206872	1	Thus, this carpenter was prepared at all points, and alike indifferent and without respect in all.
5925	1888	1888	0.225536	1	Teeth he accounted bits of ivory; heads he deemed but top-blocks; men themselves he lightly held for capstans.
5926	2874	2874	0.019821	1	But while now upon so wide a field thus variously accomplished and with such liveliness of expertness in him, too; all t
5927	674	674	0.350695	1	For nothing was this man more remarkable, than for a certain impersonal stolidity as it were; impersonal, I say; for it 
5928	674	674	0.797919	1	Yet was this half-horrible stolidity in him, involving, too, as it appeared, an all-ramifying heartlessness;—yet was it 
5929	620	620	0.152918	1	Was it that this old carpenter had been a life-long wanderer, whose much rolling, to and fro, not only had gathered no m
5930	1054	1054	0.167529	1	He was a stript abstract; an unfractioned integral; uncompromised as a new-born babe; living without premeditated refere
5931	1552	1552	0.044177	1	You might almost say, that this strange uncompromisedness in him involved a sort of unintelligence; for in his numerous 
5932	1790	1790	0.239503	1	He was a pure manipulator; his brain, if he had ever had one, must have early oozed along into the muscles of his finger
5933	620	620	0.192288	1	He was like one of those unreasoning but still highly useful, _multum in parvo_, Sheffield contrivances, assuming the ex
5934	1552	1552	0.242503	1	So, if his superiors wanted to use the carpenter for a screw-driver, all they had to do was to open that part of him, an
5935	1594	1594	0.165081	1	Yet, as previously hinted, this omnitooled, open-and-shut carpenter, was, after all, no mere machine of an automaton.
5936	1594	1594	0.883696	1	If he did not have a common soul in him, he had a subtle something that somehow anomalously did its duty.
5937	1888	1888	0.104069	1	What that was, whether essence of quicksilver, or a few drops of hartshorn, there is no telling.
5938	1763	1763	0.123285	1	But there it was; and there it had abided for now some sixty years or more.
5939	1581	1581	0.027110	1	And this it was, this same unaccountable, cunning life-principle in him; this it was, that kept him a great part of the 
5940	1594	1594	0.534421	1	(_Carpenter standing before his vice-bench, and by the light of two lanterns busily filing the ivory joist for the leg, 
5941	1467	1467	0.287987	1	Slabs of ivory, leather straps, pads, screws, and various tools of all sorts lying about the bench.
5942	1888	1888	0.307683	1	Forward, the red flame of the forge is seen, where the blacksmith is at work._) Drat the file, and drat the bone!
5943	3052	3052	0.430469	1	That is hard which should be soft, and that is soft which should be hard.
5944	2659	2659	0.095609	1	So we go, who file old jaws and shinbones.
5945	1888	1888	0.313082	1	Aye, now, this works better (_sneezes_).
5946	1790	1790	0.196294	1	Halloa, this bone dust is (_sneezes_)—why it’s (_sneezes_)—yes it’s (_sneezes_)—bless my soul, it won’t let me speak!
5947	1588	1588	0.141656	1	This is what an old fellow gets now for working in dead lumber.
5948	8	8	0.348766	1	Saw a live tree, and you don’t get this dust; amputate a live bone, and you don’t get it (_sneezes_).
5949	8	8	0.211449	1	Come, come, you old Smut, there, bear a hand, and let’s have that ferule and buckle-screw; I’ll be ready for them presen
5950	1552	1552	0.666983	1	Lucky now (_sneezes_) there’s no knee-joint to make; that might puzzle a little; but a mere shinbone—why it’s easy as ma
5951	1718	1718	0.152289	1	Time, time; if I but only had the time, I could turn him out as neat a leg now as ever (_sneezes_) scraped to a lady in 
5952	2659	2659	0.122619	1	Those buckskin legs and calves of legs I’ve seen in shop windows wouldn’t compare at all.
5953	2031	2031	0.673252	1	They soak water, they do; and of course get rheumatic, and have to be doctored (_sneezes_) with washes and lotions, just
5954	2761	2761	0.002101	1	There; before I saw it off, now, I must call his old Mogulship, and see whether the length will be all right; too short,
5955	1790	1790	0.001132	1	that’s the heel; we are in luck; here he comes, or it’s somebody else, that’s certain.
5956	1843	1843	0.402209	1	(_During the ensuing scene, the carpenter continues sneezing at times._) Well, manmaker!
5957	1678	1678	0.103911	1	If the captain pleases, I will now mark the length.
5958	1843	1843	0.820051	1	Well, it’s not the first time.
5959	1147	1147	0.150000	1	There; keep thy finger on it.
5960	1888	1888	0.133067	1	This is a cogent vice thou hast here, carpenter; let me feel its grip once.
5961	1888	1888	0.264233	1	So, so; it does pinch some.
5962	1888	1888	0.092177	1	Oh, sir, it will break bones—beware, beware!
5963	1888	1888	0.236081	1	No fear; I like a good grip; I like to feel something in this slippery world that can hold, man.
5964	8	8	0.470475	1	What’s Prometheus about there?—the blacksmith, I mean—what’s he about?
5965	882	882	0.348226	1	He must be forging the buckle-screw, sir, now.
5966	1777	1777	0.002571	1	It’s a partnership; he supplies the muscle part.
5967	1066	1066	0.182892	1	He makes a fierce red flame there!
5968	882	882	0.373254	1	Aye, sir; he must have the white heat for this kind of fine work.
5969	1594	1594	1.075415	1	I do deem it now a most meaning thing, that that old Greek, Prometheus, who made men, they say, should have been a black
5970	3052	3052	0.131614	1	This must be the remainder the Greek made the Africans of.
5971	666	666	0.509366	1	Carpenter, when he’s through with that buckle, tell him to forge a pair of steel shoulder-blades; there’s a pedlar aboar
5972	8	8	0.197011	1	Hold; while Prometheus is about it, I’ll order a complete man after a desirable pattern.
5973	3055	3055	0.016334	1	Imprimis, fifty feet high in his socks; then, chest modelled after the Thames Tunnel; then, legs with roots to ’em, to s
5974	1888	1888	0.166963	1	No, but put a sky-light on top of his head to illuminate inwards.
5975	3064	3064	0.073644	1	There, take the order, and away.
5976	8	8	0.443103	1	Now, what’s he speaking about, and who’s he speaking to, I should like to know?
5977	1888	1888	0.468684	1	Shall I keep standing here?
5978	1888	1888	0.046023	1	’Tis but indifferent architecture to make a blind dome; here’s one.
5979	2296	2296	0.033910	1	No, no, no; I must have a lantern.
5980	1606	1606	0.344331	1	Here are two, sir; one will serve my turn.
5981	2029	2029	1.258255	1	What art thou thrusting that thief-catcher into my face for, man?
5982	1888	1888	0.413530	1	Thrusted light is worse than presented pistols.
5983	1888	1888	0.404314	1	I thought, sir, that you spoke to carpenter.
5984	442	442	0.342401	1	why that’s—but no;—a very tidy, and, I may say, an extremely gentlemanlike sort of business thou art in here, carpenter;
5985	2874	2874	0.143472	1	That’s mud; we leave clay to ditchers, sir.
5986	1888	1888	0.475698	1	What art thou sneezing about?
5987	1888	1888	0.978997	1	Bone is rather dusty, sir.
5988	1790	1790	0.429513	1	Take the hint, then; and when thou art dead, never bury thyself under living people’s noses.
5989	1888	1888	0.023556	1	Look ye, carpenter, I dare say thou callest thyself a right good workmanlike workman, eh?
5990	1843	1843	0.458527	1	Well, then, will it speak thoroughly well for thy work, if, when I come to mount this leg thou makest, I shall neverthel
5991	1934	1934	0.534168	1	Canst thou not drive that old Adam away?
5992	1888	1888	0.468508	1	Truly, sir, I begin to understand somewhat now.
5993	2469	2469	0.025845	1	Yes, I have heard something curious on that score, sir; how that a dismasted man never entirely loses the feeling of his
5994	1594	1594	0.084429	1	May I humbly ask if it be really so, sir?
5995	2073	2073	0.604830	1	Look, put thy live leg here in the place where mine once was; so, now, here is only one distinct leg to the eye, yet two
5996	2874	2874	0.162981	1	Where thou feelest tingling life; there, exactly there, there to a hair, do I. Is’t a riddle?
5997	882	882	0.013572	1	I should humbly call it a poser, sir.
5998	2874	2874	0.257089	1	How dost thou know that some entire, living, thinking thing may not be invisibly and uninterpenetratingly standing preci
5999	2467	2467	0.006255	1	In thy most solitary hours, then, dost thou not fear eavesdroppers?
6000	1504	1504	0.047519	1	And if I still feel the smart of my crushed leg, though it be now so long dissolved; then, why mayst not thou, carpenter
6001	686	686	0.193999	1	Truly, sir, if it comes to that, I must calculate over again; I think I didn’t carry a small figure, sir.
6002	1790	1790	0.225965	1	Look ye, pudding-heads should never grant premises.—How long before the leg is done?
6003	1888	1888	0.478283	1	Bungle away at it then, and bring it to me (_turns to go_).
6004	2166	2166	0.450224	1	Here I am, proud as Greek god, and yet standing debtor to this blockhead for a bone to stand on!
6005	1888	1888	0.372778	1	Cursed be that mortal inter-indebtedness which will not do away with ledgers.
6006	2265	2265	0.109904	1	I would be free as air; and I’m down in the whole world’s books.
6007	45	45	0.031674	1	I am so rich, I could have given bid for bid with the wealthiest Prætorians at the auction of the Roman empire (which wa
6008	1054	1054	0.191396	1	I’ll get a crucible, and into it, and dissolve myself down to one small, compendious vertebra.
6009	1581	1581	0.877074	1	Stubb knows him best of all, and Stubb always says he’s queer; says nothing but that one sufficient little word queer; h
6010	8	8	0.602086	1	Yes, now that I think of it, here’s his bedfellow!
6011	8	8	0.047153	1	has a stick of whale’s jaw-bone for a wife!
6012	8	8	0.068272	1	And this is his leg; he’ll stand on this.
6013	674	674	0.761179	1	What was that now about one leg standing in three places, and all three places standing in one hell—how was that?
6014	8	8	0.430979	1	I don’t wonder he looked so scornful at me!
6015	1888	1888	0.001269	1	I’m a sort of strange-thoughted sometimes, they say; but that’s only haphazard-like.
6016	1054	1054	0.112051	1	Then, a short, little old body like me, should never undertake to wade out into deep waters with tall, heron-built capta
6017	8	8	0.374365	1	And here’s the heron’s leg!
6018	2659	2659	0.144886	1	long and slim, sure enough!
6019	1790	1790	0.011566	1	Now, for most folks one pair of legs lasts a lifetime, and that must be because they use them mercifully, as a tender-he
6020	1790	1790	0.210298	1	But Ahab; oh he’s a hard driver.
6021	1790	1790	0.186925	1	Look, driven one leg to death, and spavined the other for life, and now wears out bone legs by the cord.
6022	541	541	0.287751	1	bear a hand there with those screws, and let’s finish it before the resurrection fellow comes a-calling with his horn fo
6023	1888	1888	0.136928	1	What a leg this is!
6024	2241	2241	0.287827	1	It looks like a real live leg, filed down to nothing but the core; he’ll be standing on this to-morrow; he’ll be taking 
6025	1888	1888	0.789667	1	I almost forgot the little oval slate, smoothed ivory, where he figures up the latitude.
6026	1888	1888	0.041763	1	So, so; chisel, file, and sand-paper, now!
6027	1888	1888	0.385776	1	Ahab and Starbuck in the Cabin.
6028	386	386	0.106738	1	According to usage they were pumping the ship next morning; and lo!
6029	946	946	0.133668	1	no inconsiderable oil came up with the water; the casks below must have sprung a bad leak.
6030	1371	1371	0.129906	1	Much concern was shown; and Starbuck went down into the cabin to report this unfavourable affair.
6031	2467	2467	0.287377	1	* *In Sperm-whalemen with any considerable quantity of oil on board, it is a regular semi-weekly duty to conduct a hose 
6032	2265	2265	0.056311	1	Hereby the casks are sought to be kept damply tight; while by the changed character of the withdrawn water, the mariners
6033	548	548	0.846794	1	Now, from the South and West the Pequod was drawing nigh to Formosa and the Bashee Isles, between which lies one of the 
6034	1430	1430	0.276347	1	And so Starbuck found Ahab with a general chart of the oriental archipelagoes spread before him; and another separate on
6035	2215	2215	0.043623	1	With his snow-white new ivory leg braced against the screwed leg of his table, and with a long pruning-hook of a jack-kn
6036	8	8	0.036816	1	“Who’s there?” hearing the footstep at the door, but not turning round to it.
6037	1888	1888	0.123658	1	Begone!” “Captain Ahab mistakes; it is I.
6038	1888	1888	0.086354	1	The oil in the hold is leaking, sir.
6039	8	8	0.086685	1	We must up Burtons and break out.” “Up Burtons and break out?
6040	882	882	0.176163	1	Now that we are nearing Japan; heave-to here for a week to tinker a parcel of old hoops?” “Either do that, sir, or waste
6041	2659	2659	1.036821	1	What we come twenty thousand miles to get is worth saving, sir.” “So it is, so it is; if we get it.” “I was speaking of 
6042	8	8	0.398743	1	not only full of leaky casks, but those leaky casks are in a leaky ship; and that’s a far worse plight than the Pequod’s
6043	1790	1790	0.112921	1	Yet I don’t stop to plug my leak; for who can find it in the deep-loaded hull; or how hope to plug it, even if found, in
6044	882	882	0.068761	1	I’ll not have the Burtons hoisted.” “What will the owners say, sir?” “Let the owners stand on Nantucket beach and outyel
6045	1888	1888	0.515505	1	Thou art always prating to me, Starbuck, about those miserly owners, as if the owners were my conscience.
6046	748	748	0.318680	1	But look ye, the only real owner of anything is its commander; and hark ye, my conscience is in this ship’s keel.—On dec
6047	2467	2467	0.025944	1	Dost thou then so much as dare to critically think of me?—On deck!” “Nay, sir, not yet; I do entreat.
6048	882	882	0.606703	1	And I do dare, sir—to be forbearing!
6049	1594	1594	0.287193	1	Shall we not understand each other better than hitherto, Captain Ahab?” Ahab seized a loaded musket from the rack (formi
6050	548	548	1.423487	1	But, mastering his emotion, he half calmly rose, and as he quitted the cabin, paused for an instant and said: “Thou hast
6051	998	998	0.007244	1	“What’s that he said—Ahab beware of Ahab—there’s something there!” Then unconsciously using the musket for a staff, with
6052	1790	1790	0.022789	1	“Thou art but too good a fellow, Starbuck,” he said lowly to the mate; then raising his voice to the crew: “Furl the t’g
6053	1594	1594	0.310733	1	It may have been a flash of honesty in him; or mere prudential policy which, under the circumstance, imperiously forbade
6054	1790	1790	0.375549	1	However it was, his orders were executed; and the Burtons were hoisted.
6055	1783	1783	0.161228	1	Upon searching, it was found that the casks last struck into the hold were perfectly sound, and that the leak must be fu
6056	2659	2659	1.029581	1	So, it being calm weather, they broke out deeper and deeper, disturbing the slumbers of the huge ground-tier butts; and 
6057	2073	2073	0.383330	1	So deep did they go; and so ancient, and corroded, and weedy the aspect of the lowermost puncheons, that you almost look
6058	1888	1888	0.000666	1	Tierce after tierce, too, of water, and bread, and beef, and shooks of staves, and iron bundles of hoops, were hoisted o
6059	1888	1888	0.322405	1	Top-heavy was the ship as a dinnerless student with all Aristotle in his head.
6060	674	674	0.349414	1	Well was it that the Typhoons did not visit them then.
6061	232	232	0.242849	1	Now, at this time it was that my poor pagan companion, and fast bosom-friend, Queequeg, was seized with a fever, which b
6062	2315	2315	0.001909	1	Be it said, that in this vocation of whaling, sinecures are unknown; dignity and danger go hand in hand; till you get to
6063	748	748	0.266370	1	So with poor Queequeg, who, as harpooneer, must not only face all the rage of the living whale, but—as we have elsewhere
6064	429	429	0.005415	1	To be short, among whalemen, the harpooneers are the holders, so called.
6065	1236	1236	0.077748	1	when the ship was about half disembowelled, you should have stooped over the hatchway, and peered down upon him there; w
6066	2073	2073	0.377936	1	And a well, or an ice-house, it somehow proved to him, poor pagan; where, strange to say, for all the heat of his sweati
6067	2659	2659	0.018506	1	How he wasted and wasted away in those few long-lingering days, till there seemed but little left of him but his frame a
6068	2659	2659	0.349170	1	But as all else in him thinned, and his cheek-bones grew sharper, his eyes, nevertheless, seemed growing fuller and full
6069	2659	2659	0.897167	1	And like circles on the water, which, as they grow fainter, expand; so his eyes seemed rounding and rounding, like the r
6070	1903	1903	0.121622	1	An awe that cannot be named would steal over you as you sat by the side of this waning savage, and saw as strange things
6071	1797	1797	0.338999	1	For whatever is truly wondrous and fearful in man, never yet was put into words or books.
6072	1594	1594	0.889388	1	And the drawing near of Death, which alike levels all, alike impresses all with a last revelation, which only an author 
6073	2659	2659	0.402982	1	So that—let us say it again—no dying Chaldee or Greek had higher and holier thoughts than those, whose mysterious shades
6074	1888	1888	0.155512	1	Not a man of the crew but gave him up; and, as for Queequeg himself, what he thought of his case was forcibly shown by a
6075	2287	2287	0.267670	1	He called one to him in the grey morning watch, when the day was just breaking, and taking his hand, said that while in 
6076	1404	1404	0.555390	1	He added, that he shuddered at the thought of being buried in his hammock, according to the usual sea-custom, tossed lik
6077	1581	1581	0.075361	1	No: he desired a canoe like those of Nantucket, all the more congenial to him, being a whaleman, that like a whale-boat 
6078	949	949	0.266900	1	Now, when this strange circumstance was made known aft, the carpenter was at once commanded to do Queequeg’s bidding, wh
6079	2073	2073	0.426823	1	There was some heathenish, coffin-coloured old lumber aboard, which, upon a long previous voyage, had been cut from the 
6080	1235	1235	0.018240	1	No sooner was the carpenter apprised of the order, than taking his rule, he forthwith with all the indifferent promptitu
6081	1102	1102	0.086964	1	he’ll have to die now,” ejaculated the Long Island sailor.
6082	1594	1594	0.813400	1	Going to his vice-bench, the carpenter for convenience sake and general reference, now transferringly measured on it the
6083	1790	1790	0.030903	1	This done, he marshalled the planks and his tools, and to work.
6084	1594	1594	0.762849	1	When the last nail was driven, and the lid duly planed and fitted, he lightly shouldered the coffin and went forward wit
6085	1568	1568	0.376924	1	Overhearing the indignant but half-humorous cries with which the people on deck began to drive the coffin away, Queequeg
6086	1888	1888	0.320120	1	Leaning over in his hammock, Queequeg long regarded the coffin with an attentive eye.
6087	1888	1888	0.116412	1	He then called for his harpoon, had the wooden stock drawn from it, and then had the iron part placed in the coffin alon
6088	1581	1581	0.420990	1	All by his own request, also, biscuits were then ranged round the sides within: a flask of fresh water was placed at the
6089	1278	1278	0.416354	1	He lay without moving a few minutes, then told one to go to his bag and bring out his little god, Yojo.
6090	1479	1479	0.109372	1	Then crossing his arms on his breast with Yojo between, he called for the coffin lid (hatch he called it) to be placed o
6091	548	548	0.271465	1	The head part turned over with a leather hinge, and there lay Queequeg in his coffin with little but his composed counte
6092	1790	1790	0.095181	1	“Rarmai” (it will do; it is easy), he murmured at last, and signed to be replaced in his hammock.
6093	2874	2874	0.287701	1	But ere this was done, Pip, who had been slily hovering near by all this while, drew nigh to him where he lay, and with 
6094	3055	3055	0.336775	1	will ye never have done with all this weary roving?
6095	945	945	0.039076	1	But if the currents carry ye to those sweet Antilles where the beaches are only beat with water-lilies, will ye do one l
6096	8	8	0.152247	1	Seek out one Pip, who’s now been missing long: I think he’s in those far Antilles.
6097	1678	1678	0.726815	1	If ye find him, then comfort him; for he must be very sad; for look!
6098	2874	2874	0.160764	1	he’s left his tambourine behind;—I found it.
6099	548	548	0.370225	1	Now, Queequeg, die; and I’ll beat ye your dying march.” “I have heard,” murmured Starbuck, gazing down the scuttle, “tha
6100	429	429	0.065675	1	So, to my fond faith, poor Pip, in this strange sweetness of his lunacy, brings heavenly vouchers of all our heavenly ho
6101	1790	1790	0.035071	1	Where learned he that, but there?—Hark!
6102	8	8	0.086463	1	he speaks again: but more wildly now.” “Form two and two!
6103	8	8	0.766467	1	Let’s make a General of him!
6104	2659	2659	0.621205	1	Lay it across here.—Rig-a-dig, dig, dig!
6105	2681	2681	0.376951	1	Oh for a game cock now to sit upon his head and crow!
6106	1790	1790	0.227050	1	Queequeg dies game!—mind ye that; Queequeg dies game!—take ye good heed of that; Queequeg dies game!
6107	1738	1738	0.049556	1	I say; game, game, game!
6108	1790	1790	0.028280	1	but base little Pip, he died a coward; died all a’shiver;—out upon Pip!
6109	1888	1888	0.343436	1	Hark ye; if ye find Pip, tell all the Antilles he’s a runaway; a coward, a coward, a coward!
6110	1777	1777	0.311410	1	Tell them he jumped from a whale-boat!
6111	1206	1206	0.127257	1	I’d never beat my tambourine over base Pip, and hail him General, if he were once more dying here.
6112	1790	1790	0.145293	1	shame upon all cowards—shame upon them!
6113	1790	1790	0.115450	1	Let ’em go drown like Pip, that jumped from a whale-boat.
6114	8	8	0.489848	1	shame!” During all this, Queequeg lay with closed eyes, as if in a dream.
6115	1888	1888	0.266705	1	Pip was led away, and the sick man was replaced in his hammock.
6116	1821	1821	0.153420	1	But now that he had apparently made every preparation for death; now that his coffin was proved a good fit, Queequeg sud
6117	2287	2287	0.332138	1	They asked him, then, whether to live or die was a matter of his own sovereign will and pleasure.
6118	1888	1888	0.206129	1	In a word, it was Queequeg’s conceit, that if a man made up his mind to live, mere sickness could not kill him: nothing 
6119	1594	1594	0.056364	1	Now, there is this noteworthy difference between savage and civilized; that while a sick, civilized man may be six month
6120	1734	1734	0.257528	1	So, in good time my Queequeg gained strength; and at length after sitting on the windlass for a few indolent days (but e
6121	1790	1790	0.215517	1	With a wild whimsiness, he now used his coffin for a sea-chest; and emptying into it his canvas bag of clothes, set them
6122	1790	1790	0.052532	1	Many spare hours he spent, in carving the lid with all manner of grotesque figures and drawings; and it seemed that here
6123	666	666	0.438686	1	And this tattooing had been the work of a departed prophet and seer of his island, who, by those hieroglyphic marks, had
6124	1790	1790	0.110010	1	And this thought it must have been which suggested to Ahab that wild exclamation of his, when one morning turning away f
6125	1934	1934	0.146571	1	When gliding by the Bashee isles we emerged at last upon the great South Sea; were it not for other things, I could have
6126	1594	1594	0.185331	1	There is, one knows not what sweet mystery about this sea, whose gently awful stirrings seem to speak of some hidden sou
6127	2659	2659	0.398005	1	And meet it is, that over these sea-pastures, wide-rolling watery prairies and Potters’ Fields of all four continents, t
6128	1754	1754	0.047035	1	To any meditative Magian rover, this serene Pacific, once beheld, must ever after be the sea of his adoption.
6129	1960	1960	0.150779	1	It rolls the midmost waters of the world, the Indian ocean and Atlantic being but its arms.
6130	1409	1409	0.667663	1	The same waves wash the moles of the new-built Californian towns, but yesterday planted by the recentest race of men, an
6131	2073	2073	0.199461	1	Thus this mysterious, divine Pacific zones the world’s whole bulk about; makes all coasts one bay to it; seems the tide-
6132	2874	2874	0.181165	1	Lifted by those eternal swells, you needs must own the seductive god, bowing your head to Pan.
6133	1870	1870	0.059089	1	But few thoughts of Pan stirred Ahab’s brain, as standing like an iron statue at his accustomed place beside the mizen r
6134	1888	1888	0.268502	1	Launched at length upon these almost final waters, and gliding towards the Japanese cruising-ground, the old man’s purpo
6135	1790	1790	0.065623	1	His firm lips met like the lips of a vice; the Delta of his forehead’s veins swelled like overladen brooks; in his very 
6136	858	858	0.304154	1	the White Whale spouts thick blood!” CHAPTER 112.
6137	1594	1594	0.459821	1	Availing himself of the mild, summer-cool weather that now reigned in these latitudes, and in preparation for the peculi
6138	935	935	0.701292	1	Often he would be surrounded by an eager circle, all waiting to be served; holding boat-spades, pike-heads, harpoons, an
6139	1888	1888	0.029978	1	Nevertheless, this old man’s was a patient hammer wielded by a patient arm.
6140	961	961	0.102916	1	No murmur, no impatience, no petulance did come from him.
6141	147	147	0.150268	1	Silent, slow, and solemn; bowing over still further his chronically broken back, he toiled away, as if toil were life it
6142	2661	2661	0.075948	1	And so it was.—Most miserable!
6143	2989	2989	0.066628	1	A peculiar walk in this old man, a certain slight but painful appearing yawing in his gait, had at an early period of th
6144	429	429	0.333233	1	And to the importunity of their persisted questionings he had finally given in; and so it came to pass that every one no
6145	1594	1594	0.009004	1	Belated, and not innocently, one bitter winter’s midnight, on the road running between two country towns, the blacksmith
6146	1888	1888	0.136645	1	The issue was, the loss of the extremities of both feet.
6147	2073	2073	0.145620	1	Out of this revelation, part by part, at last came out the four acts of the gladness, and the one long, and as yet uncat
6148	1790	1790	0.066829	1	He was an old man, who, at the age of nearly sixty, had postponedly encountered that thing in sorrow’s technicals called
6149	1613	1613	0.209759	1	He had been an artisan of famed excellence, and with plenty to do; owned a house and garden; embraced a youthful, daught
6150	2661	2661	0.207481	1	But one night, under cover of darkness, and further concealed in a most cunning disguisement, a desperate burglar slid i
6151	8	8	0.211407	1	And darker yet to tell, the blacksmith himself did ignorantly conduct this burglar into his family’s heart.
6152	107	107	0.092932	1	It was the Bottle Conjuror!
6153	548	548	1.188580	1	Upon the opening of that fatal cork, forth flew the fiend, and shrivelled up his home.
6154	178	178	0.161902	1	Now, for prudent, most wise, and economic reasons, the blacksmith’s shop was in the basement of his dwelling, but with a
6155	1934	1934	0.529864	1	Oh, Death, why canst thou not sometimes be timely?
6156	2874	2874	0.352536	1	Hadst thou taken this old blacksmith to thyself ere his full ruin came upon him, then had the young widow had a deliciou
6157	2528	2528	0.271304	1	But Death plucked down some virtuous elder brother, on whose whistling daily toil solely hung the responsibilities of so
6158	1790	1790	0.044378	1	The blows of the basement hammer every day grew more and more between; and each blow every day grew fainter than the las
6159	2098	2098	0.493854	1	Death seems the only desirable sequel for a career like this; but Death is only a launching into the region of the stran
6160	1888	1888	0.571136	1	bury thyself in a life which, to your now equally abhorred and abhorring, landed world, is more oblivious than death.
6161	541	541	0.623865	1	put up _thy_ gravestone, too, within the churchyard, and come hither, till we marry thee!” Hearkening to these voices, E
6162	869	869	0.199489	1	And so Perth went a-whaling.
6163	2098	2098	0.600888	1	With matted beard, and swathed in a bristling shark-skin apron, about mid-day, Perth was standing between his forge and 
6164	2073	2073	0.951011	1	While yet a little distance from the forge, moody Ahab paused; till at last, Perth, withdrawing his iron from the fire, 
6165	674	674	0.538741	1	“Are these thy Mother Carey’s chickens, Perth?
6166	2590	2590	0.101939	1	they are always flying in thy wake; birds of good omen, too, but not to all;—look here, they burn; but thou—thou liv’st 
6167	2711	2711	0.171784	1	Thy shrunk voice sounds too calmly, sanely woeful to me.
6168	508	508	0.426929	1	In no Paradise myself, I am impatient of all misery in others that is not mad.
6169	2874	2874	0.091968	1	Thou should’st go mad, blacksmith; say, why dost thou not go mad?
6170	8	8	0.772431	1	How can’st thou endure without being mad?
6171	548	548	1.535976	1	Do the heavens yet hate thee, that thou can’st not go mad?—What wert thou making there?” “Welding an old pike-head, sir;
6172	8	8	0.667719	1	Can’st thou smoothe this seam?” “Oh!
6173	882	882	0.189869	1	that is the one, sir!
6174	1000	1000	0.033054	1	Said I not all seams and dents but one?” “Aye, blacksmith, it is the one; aye, man, it is unsmoothable; for though thou 
6175	8	8	0.124837	1	But, away with child’s play; no more gaffs and pikes to-day.
6176	1790	1790	0.274276	1	Look ye here!” jingling the leathern bag, as if it were full of gold coins.
6177	1888	1888	0.433731	1	“I, too, want a harpoon made; one that a thousand yoke of fiends could not part, Perth; something that will stick in a w
6178	2073	2073	0.496534	1	There’s the stuff,” flinging the pouch upon the anvil.
6179	688	688	0.199080	1	“Look ye, blacksmith, these are the gathered nail-stubbs of the steel shoes of racing horses.” “Horse-shoe stubbs, sir?
6180	2073	2073	0.204297	1	Why, Captain Ahab, thou hast here, then, the best and stubbornest stuff we blacksmiths ever work.” “I know it, old man; 
6181	1790	1790	0.216826	1	And forge me first, twelve rods for its shank; then wind, and twist, and hammer these twelve together like the yarns and
6182	541	541	0.400998	1	I’ll blow the fire.” When at last the twelve rods were made, Ahab tried them, one by one, by spiralling them, with his o
6183	688	688	0.615257	1	“A flaw!” rejecting the last one.
6184	688	688	0.423552	1	“Work that over again, Perth.” This done, Perth was about to begin welding the twelve into one, when Ahab stayed his han
6185	2073	2073	0.930300	1	As, then, with regular, gasping hems, he hammered on the anvil, Perth passing to him the glowing rods, one after the oth
6186	1678	1678	0.155403	1	But, as Ahab looked up, he slid aside.
6187	1970	1970	0.608227	1	“What’s that bunch of lucifers dodging about there for?” muttered Stubb, looking on from the forecastle.
6188	1790	1790	0.659234	1	“That Parsee smells fire like a fusee; and smells of it himself, like a hot musket’s powder-pan.” At last the shank, in 
6189	427	427	0.479073	1	“Would’st thou brand me, Perth?” wincing for a moment with the pain; “have I been but forging my own branding-iron, then
6190	2807	2807	0.109910	1	Is not this harpoon for the White Whale?” “For the white fiend!
6191	1888	1888	0.012226	1	But now for the barbs; thou must make them thyself, man.
6192	2590	2590	0.649764	1	Here are my razors—the best of steel; here, and make the barbs sharp as the needle-sleet of the Icy Sea.” For a moment, 
6193	1678	1678	0.279078	1	“Take them, man, I have no need for them; for I now neither shave, sup, nor pray till—but here—to work!” Fashioned at la
6194	2469	2469	0.523789	1	“No, no—no water for that; I want it of the true death-temper.
6195	2609	2609	0.212256	1	Will ye give me as much blood as will cover this barb?” holding it high up.
6196	2331	2331	0.150590	1	A cluster of dark nods replied, Yes.
6197	1888	1888	0.118334	1	Three punctures were made in the heathen flesh, and the White Whale’s barbs were then tempered.
6198	1790	1790	0.010422	1	“Ego non baptizo te in nomine patris, sed in nomine diaboli!” deliriously howled Ahab, as the malignant iron scorchingly
6199	2073	2073	0.081055	1	Now, mustering the spare poles from below, and selecting one of hickory, with the bark still investing it, Ahab fitted t
6200	2874	2874	0.049304	1	A coil of new tow-line was then unwound, and some fathoms of it taken to the windlass, and stretched to a great tension.
6201	1888	1888	0.484712	1	Pressing his foot upon it, till the rope hummed like a harp-string, then eagerly bending over it, and seeing no strandin
6202	2073	2073	0.058579	1	and now for the seizings.” At one extremity the rope was unstranded, and the separate spread yarns were all braided and 
6203	1642	1642	0.011446	1	This done, pole, iron, and rope—like the Three Fates—remained inseparable, and Ahab moodily stalked away with the weapon
6204	2874	2874	0.469757	1	But ere he entered his cabin, light, unnatural, half-bantering, yet most piteous sound was heard.
6205	1594	1594	0.079665	1	thy wretched laugh, thy idle but unresting eye; all thy strange mummeries not unmeaningly blended with the black tragedy
6206	1888	1888	0.060969	1	Penetrating further and further into the heart of the Japanese cruising ground, the Pequod was soon all astir in the fis
6207	2659	2659	0.403252	1	Often, in mild, pleasant weather, for twelve, fifteen, eighteen, and twenty hours on the stretch, they were engaged in t
6208	1594	1594	0.250725	1	At such times, under an abated sun; afloat all day upon smooth, slow heaving swells; seated in his boat, light as a birc
6209	748	748	1.271746	1	These are the times, when in his whale-boat the rover softly feels a certain filial, confident, land-like feeling toward
6210	1888	1888	0.166881	1	The long-drawn virgin vales; the mild blue hill-sides; as over these there steals the hush, the hum; you almost swear th
6211	2661	2661	0.271723	1	And all this mixes with your most mystic mood; so that fact and fancy, half-way meeting, interpenetrate, and form one se
6212	690	690	0.342657	1	Nor did such soothing scenes, however temporary, fail of at least as temporary an effect on Ahab.
6213	1678	1678	0.455622	1	But if these secret golden keys did seem to open in him his own secret golden treasuries, yet did his breath upon them p
6214	2874	2874	0.555380	1	oh, ever vernal endless landscapes in the soul; in ye,—though long parched by the dead drought of the earthy life,—in ye
6215	1098	1098	1.073229	1	Would to God these blessed calms would last.
6216	2659	2659	1.648205	1	But the mingled, mingling threads of life are woven by warp and woof: calms crossed by storms, a storm for every calm.
6217	1371	1371	0.158358	1	There is no steady unretracing progress in this life; we do not advance through fixed gradations, and at the last one pa
6218	1594	1594	0.109426	1	But once gone through, we trace the round again; and are infants, boys, and men, and Ifs eternally.
6219	2073	2073	0.259217	1	Where lies the final harbor, whence we unmoor no more?
6220	1467	1467	0.436181	1	In what rapt ether sails the world, of which the weariest will never weary?
6221	8	8	0.666186	1	Where is the foundling’s father hidden?
6222	429	429	0.270530	1	Our souls are like those orphans whose unwedded mothers die in bearing them: the secret of our paternity lies in their g
6223	1790	1790	0.038174	1	And that same day, too, gazing far down from his boat’s side into that same golden sea, Starbuck lowly murmured:— “Lovel
6224	2599	2599	0.181042	1	Let faith oust fact; let fancy oust memory; I look deep down and do believe.” And Stubb, fish-like, with sparkling scale
6225	2602	2602	0.181849	1	The Pequod Meets The Bachelor.
6226	638	638	0.267761	1	And jolly enough were the sights and the sounds that came bearing down before the wind, some few weeks after Ahab’s harp
6227	1645	1645	0.049538	1	It was a Nantucket ship, the Bachelor, which had just wedged in her last cask of oil, and bolted down her bursting hatch
6228	2073	2073	0.540233	1	The three men at her mast-head wore long streamers of narrow red bunting at their hats; from the stern, a whale-boat was
6229	1888	1888	0.027757	1	Signals, ensigns, and jacks of all colours were flying from her rigging, on every side.
6230	548	548	0.461843	1	Sideways lashed in each of her three basketed tops were two barrels of sperm; above which, in her top-mast cross-trees, 
6231	1581	1581	0.212117	1	As was afterwards learned, the Bachelor had met with the most surprising success; all the more wonderful, for that while
6232	2659	2659	0.618993	1	Not only had barrels of beef and bread been given away to make room for the far more valuable sperm, but additional supp
6233	2467	2467	0.169741	1	Even the cabin table itself had been knocked into kindling-wood; and the cabin mess dined off the broad head of an oil-b
6234	540	540	0.056328	1	In the forecastle, the sailors had actually caulked and pitched their chests, and filled them; it was humorously added, 
6235	73	73	0.546690	1	As this glad ship of good luck bore down upon the moody Pequod, the barbarian sound of enormous drums came from her fore
6236	2528	2528	0.198934	1	On the quarter-deck, the mates and harpooneers were dancing with the olive-hued girls who had eloped with them from the 
6237	8	8	0.034099	1	Meanwhile, others of the ship’s company were tumultuously busy at the masonry of the try-works, from which the huge pots
6238	1120	1120	0.208155	1	You would have almost thought they were pulling down the cursed Bastille, such wild cries they raised, as the now useles
6239	399	399	0.170278	1	Lord and master over all this scene, the captain stood erect on the ship’s elevated quarter-deck, so that the whole rejo
6240	1790	1790	0.054433	1	And Ahab, he too was standing on his quarter-deck, shaggy and black, with a stubborn gloom; and as the two ships crossed
6241	1102	1102	0.060029	1	“Come aboard, come aboard!” cried the gay Bachelor’s commander, lifting a glass and a bottle in the air.
6242	2148	2148	0.490638	1	“Hast seen the White Whale?” gritted Ahab in reply.
6243	2073	2073	0.228761	1	“No; only heard of him; but don’t believe in him at all,” said the other good-humoredly.
6244	688	688	0.019231	1	“Come aboard!” “Thou art too damned jolly.
6245	2148	2148	0.234946	1	Hast lost any men?” “Not enough to speak of—two islanders, that’s all;—but come aboard, old hearty, come along.
6246	1888	1888	0.031549	1	I’ll soon take that black from your brow.
6247	2073	2073	0.075023	1	Come along, will ye (merry’s the play); a full ship and homeward-bound.” “How wondrous familiar is a fool!” muttered Aha
6248	1888	1888	0.224994	1	So go thy ways, and I will mine.
6249	2073	2073	0.670828	1	Set all sail, and keep her to the wind!” And thus, while the one ship went cheerily before the breeze, the other stubbor
6250	779	779	0.041516	1	And as Ahab, leaning over the taffrail, eyed the homeward-bound craft, he took from his pocket a small vial of sand, and
6251	1594	1594	0.295695	1	Not seldom in this life, when, on the right side, fortune’s favourites sail close by us, we, though all adroop before, c
6252	1888	1888	0.275278	1	So seemed it with the Pequod.
6253	2812	2812	0.218072	1	For next day after encountering the gay Bachelor, whales were seen and four were slain; and one of them by Ahab.
6254	638	638	0.440803	1	It was far down the afternoon; and when all the spearings of the crimson fight were done: and floating in the lovely sun
6255	945	945	0.094912	1	Soothed again, but only soothed to deeper gloom, Ahab, who had sterned off from the whale, sat intently watching his fin
6256	1594	1594	0.109453	1	For that strange spectacle observable in all sperm whales dying—the turning sunwards of the head, and so expiring—that s
6257	2898	2898	0.407707	1	“He turns and turns him to it,—how slowly, but how steadfastly, his homage-rendering and invoking brow, with his last dy
6258	1790	1790	0.038657	1	He too worships fire; most faithful, broad, baronial vassal of the sun!—Oh that these too-favouring eyes should see thes
6259	2609	2609	0.307044	1	here, far water-locked; beyond all hum of human weal or woe; in these most candid and impartial seas; where to tradition
6260	2368	2368	0.153216	1	no sooner dead, than death whirls round the corpse, and it heads some other way.
6261	1151	1151	0.354742	1	“Oh, thou dark Hindoo half of nature, who of drowned bones hast builded thy separate throne somewhere in the heart of th
6262	62	62	0.321240	1	Nor has this thy whale sunwards turned his dying head, and then gone round again, without a lesson to me.
6263	1888	1888	0.022027	1	“Oh, trebly hooped and welded hip of power!
6264	1790	1790	0.113201	1	Oh, high aspiring, rainbowed jet!—that one strivest, this one jettest all in vain!
6265	1888	1888	0.047947	1	In vain, oh whale, dost thou seek intercedings with yon all-quickening sun, that only calls forth life, but gives it not
6266	2874	2874	0.210375	1	Yet dost thou, darker half, rock me with a prouder, if a darker faith.
6267	84	84	0.088027	1	All thy unnamable imminglings float beneath me here; I am buoyed by breaths of once living things, exhaled as air, but w
6268	2073	2073	0.979494	1	“Then hail, for ever hail, O sea, in whose eternal tossings the wild fowl finds his only rest.
6269	2330	2330	0.067887	1	Born of earth, yet suckled by the sea; though hill and valley mothered me, ye billows are my foster-brothers!” CHAPTER 1
6270	2287	2287	0.162880	1	The four whales slain that evening had died wide apart; one, far to windward; one, less distant, to leeward; one ahead; 
6271	1790	1790	0.227880	1	These last three were brought alongside ere nightfall; but the windward one could not be reached till morning; and the b
6272	1594	1594	0.690173	1	The waif-pole was thrust upright into the dead whale’s spout-hole; and the lantern hanging from its top, cast a troubled
6273	1594	1594	0.053858	1	Ahab and all his boat’s crew seemed asleep but the Parsee; who crouching in the bow, sat watching the sharks, that spect
6274	1888	1888	0.345176	1	A sound like the moaning in squadrons over Asphaltites of unforgiven ghosts of Gomorrah, ran shuddering through the air.
6275	2073	2073	1.652614	1	Started from his slumbers, Ahab, face to face, saw the Parsee; and hooped round by the gloom of the night they seemed th
6276	688	688	0.897631	1	“I have dreamed it again,” said he.
6277	2073	2073	0.130421	1	Have I not said, old man, that neither hearse nor coffin can be thine?” “And who are hearsed that die on the sea?” “But 
6278	1790	1790	0.154495	1	a strange sight that, Parsee:—a hearse and its plumes floating over the ocean with the waves for the pall-bearers.
6279	2073	2073	0.297076	1	Such a sight we shall not soon see.” “Believe it or not, thou canst not die till it be seen, old man.” “And what was tha
6280	1843	1843	0.952322	1	Well, then, did I believe all ye say, oh my pilot!
6281	548	548	1.098131	1	I have here two pledges that I shall yet slay Moby Dick and survive it.” “Take another pledge, old man,” said the Parsee
6282	38	38	0.181501	1	The grey dawn came on, and the slumbering crew arose from the boat’s bottom, and ere noon the dead whale was brought to 
6283	1594	1594	0.125537	1	The season for the Line at length drew near; and every day when Ahab, coming from his cabin, cast his eyes aloft, the vi
6284	1888	1888	0.174704	1	In good time the order came.
6285	2215	2215	0.014791	1	It was hard upon high noon; and Ahab, seated in the bows of his high-hoisted boat, was about taking his wonted daily obs
6286	1970	1970	0.149589	1	Now, in that Japanese sea, the days in summer are as freshets of effulgences.
6287	210	210	0.091287	1	That unblinkingly vivid Japanese sun seems the blazing focus of the glassy ocean’s immeasurable burning-glass.
6288	1888	1888	0.047941	1	The sky looks lacquered; clouds there are none; the horizon floats; and this nakedness of unrelieved radiance is as the 
6289	1843	1843	0.287964	1	Well that Ahab’s quadrant was furnished with coloured glasses, through which to take sight of that solar fire.
6290	1888	1888	0.213789	1	So, swinging his seated form to the roll of the ship, and with his astrological-looking instrument placed to his eye, he
6291	405	405	0.230955	1	Meantime while his whole attention was absorbed, the Parsee was kneeling beneath him on the ship’s deck, and with face t
6292	386	386	0.189132	1	At length the desired observation was taken; and with his pencil upon his ivory leg, Ahab soon calculated what his latit
6293	1790	1790	0.037337	1	Then falling into a moment’s revery, he again looked up towards the sun and murmured to himself: “Thou sea-mark!
6294	345	345	0.009666	1	thou high and mighty Pilot!
6295	2265	2265	0.047132	1	thou tellest me truly where I _am_—but canst thou cast the least hint where I _shall_ be?
6296	1888	1888	0.498147	1	Or canst thou tell where some other thing besides me is this moment living?
6297	2265	2265	0.181818	1	This instant thou must be eyeing him.
6298	541	541	0.106602	1	These eyes of mine look into the very eye that is even now beholding him; aye, and into the eye that is even now equally
6299	2115	2115	0.155271	1	babies’ plaything of haughty Admirals, and Commodores, and Captains; the world brags of thee, of thy cunning and might; 
6300	1888	1888	0.495872	1	Thou canst not tell where one drop of water or one grain of sand will be to-morrow noon; and yet with thy impotence thou
6301	1888	1888	0.063099	1	Curse thee, thou vain toy; and cursed be all the things that cast man’s eyes aloft to that heaven, whose live vividness 
6302	8	8	0.085670	1	Level by nature to this earth’s horizon are the glances of man’s eyes; not shot from the crown of his head, as if God ha
6303	2073	2073	0.208796	1	Curse thee, thou quadrant!” dashing it to the deck, “no longer will I guide my earthly way by thee; the level ship’s com
6304	1098	1098	0.332547	1	Aye,” lighting from the boat to the deck, “thus I trample on thee, thou paltry thing that feebly pointest on high; thus 
6305	399	399	0.117285	1	Unobserved he rose and glided away; while, awestruck by the aspect of their commander, the seamen clustered together on 
6306	2073	2073	0.003013	1	Up helm!—square in!” In an instant the yards swung round; and as the ship half-wheeled upon her heel, her three firm-sea
6307	1642	1642	0.649885	1	Standing between the knight-heads, Starbuck watched the Pequod’s tumultuous way, and Ahab’s also, as he went lurching al
6308	2659	2659	0.572534	1	“I have sat before the dense coal fire and watched it all aglow, full of its tormented flaming life; and I have seen it 
6309	548	548	1.292878	1	of all this fiery life of thine, what will at length remain but one little heap of ashes!” “Aye,” cried Stubb, “but sea-
6310	1843	1843	0.407336	1	Well, well; I heard Ahab mutter, ‘Here some one thrusts these cards into these old hands of mine; swears that I must pla
6311	1888	1888	0.054420	1	Warmest climes but nurse the cruellest fangs: the tiger of Bengal crouches in spiced groves of ceaseless verdure.
6312	1888	1888	0.011760	1	Skies the most effulgent but basket the deadliest thunders: gorgeous Cuba knows tornadoes that never swept tame northern
6313	107	107	0.000670	1	So, too, it is, that in these resplendent Japanese seas the mariner encounters the direst of all storms, the Typhoon.
6314	2874	2874	0.350212	1	It will sometimes burst from out that cloudless sky, like an exploding bomb upon a dazed and sleepy town.
6315	2469	2469	0.362259	1	Towards evening of that day, the Pequod was torn of her canvas, and bare-poled was left to fight a Typhoon which had str
6316	2073	2073	0.364319	1	When darkness came on, sky and sea roared and split with the thunder, and blazed with the lightning, that showed the dis
6317	2874	2874	0.329957	1	Holding by a shroud, Starbuck was standing on the quarter-deck; at every flash of the lightning glancing aloft, to see w
6318	2874	2874	0.044898	1	But all their pains seemed naught.
6319	1645	1645	0.014181	1	Though lifted to the very top of the cranes, the windward quarter boat (Ahab’s) did not escape.
6320	2874	2874	0.151114	1	A great rolling sea, dashing high up against the reeling ship’s high teetering side, stove in the boat’s bottom at the s
6321	2599	2599	0.516682	1	Mr. Starbuck,” said Stubb, regarding the wreck, “but the sea will have its way.
6322	8	8	0.327646	1	Stubb, for one, can’t fight it.
6323	1960	1960	0.092547	1	You see, Mr. Starbuck, a wave has such a great long start before it leaps, all round the world it runs, and then comes t
6324	1552	1552	0.845100	1	But as for me, all the start I have to meet it, is just across the deck here.
6325	1790	1790	0.125344	1	But never mind; it’s all in fun: so the old song says;”—(_sings_.)
6326	1790	1790	0.054483	1	jolly is the gale, And a joker is the whale, A’ flourishin’ his tail,— Such a funny, sporty, gamy, jesty, joky, hoky-pok
6327	8	8	0.108020	1	The scud all a flyin’, That’s his flip only foamin’; When he stirs in the spicin’,— Such a funny, sporty, gamy, jesty, j
6328	1790	1790	0.063716	1	Thunder splits the ships, But he only smacks his lips, A tastin’ of this flip,— Such a funny, sporty, gamy, jesty, joky,
6329	2874	2874	0.160960	1	“Avast Stubb,” cried Starbuck, “let the Typhoon sing, and strike his harp here in our rigging; but if thou art a brave m
6330	8	8	0.166003	1	And I tell you what it is, Mr. Starbuck, there’s no way to stop my singing in this world but to cut my throat.
6331	2073	2073	0.774777	1	And when that’s done, ten to one I sing ye the doxology for a wind-up.” “Madman!
6332	1790	1790	0.310332	1	look through my eyes if thou hast none of thine own.” “What!
6333	548	548	0.809794	1	how can you see better of a dark night than anybody else, never mind how foolish?” “Here!” cried Starbuck, seizing Stubb
6334	2073	2073	1.391843	1	the very course he swung to this day noon?
6335	674	674	0.443558	1	now mark his boat there; where is that stove?
6336	1888	1888	0.212847	1	In the stern-sheets, man; where he is wont to stand—his stand-point is stove, man!
6337	2145	2145	0.533508	1	Now jump overboard, and sing away, if thou must!
6338	1888	1888	0.020506	1	“I don’t half understand ye: what’s in the wind?” “Yes, yes, round the Cape of Good Hope is the shortest way to Nantucke
6339	1888	1888	0.389365	1	“The gale that now hammers at us to stave us, we can turn it into a fair wind that will drive us towards home.
6340	1888	1888	0.455242	1	Yonder, to windward, all is blackness of doom; but to leeward, homeward—I see it lightens up there; but not with the lig
6341	2498	2498	0.008423	1	“Who’s there?” “Old Thunder!” said Ahab, groping his way along the bulwarks to his pivot-hole; but suddenly finding his 
6342	2520	2520	0.146690	1	Now, as the lightning rod to a spire on shore is intended to carry off the perilous fluid into the soil; so the kindred 
6343	2219	2219	0.064934	1	But as this conductor must descend to considerable depth, that its end may avoid all contact with the hull; and as moreo
6344	8	8	0.232461	1	the rods!” cried Starbuck to the crew, suddenly admonished to vigilance by the vivid lightning that had just been dartin
6345	1449	1449	0.162919	1	drop them over, fore and aft.
6346	1790	1790	0.169273	1	Quick!” “Avast!” cried Ahab; “let’s have fair play here, though we be the weaker side.
6347	1790	1790	0.112324	1	Yet I’ll contribute to raise rods on the Himmalehs and Andes, that all the world may be secured; but out on privileges!
6348	548	548	0.417164	1	Let them be, sir.” “Look aloft!” cried Starbuck.
6349	1790	1790	0.181032	1	the corpusants!” All the yard-arms were tipped with a pallid fire; and touched at each tri-pointed lightning-rod-end wit
6350	1594	1594	0.062793	1	let it go!” cried Stubb at this instant, as a swashing sea heaved up under his own little craft, so that its gunwale vio
6351	882	882	0.042053	1	“Blast it!”—but slipping backward on the deck, his uplifted eyes caught the flames; and immediately shifting his tone he
6352	1678	1678	0.017993	1	While this pallidness was burning aloft, few words were heard from the enchanted crew; who in one thick cluster stood on
6353	2073	2073	0.462063	1	Relieved against the ghostly light, the gigantic jet negro, Daggoo, loomed up to thrice his real stature, and seemed the
6354	1790	1790	0.071398	1	The parted mouth of Tashtego revealed his shark-white teeth, which strangely gleamed as if they too had been tipped by c
6355	2874	2874	0.218640	1	The tableau all waned at last with the pallidness aloft; and once more the Pequod and every soul on her decks were wrapp
6356	232	232	0.453017	1	A moment or two passed, when Starbuck, going forward, pushed against some one.
6357	1821	1821	0.002001	1	“What thinkest thou now, man; I heard thy cry; it was not the same in the song.” “No, no, it wasn’t; I said the corpusan
6358	746	746	1.120806	1	But do they only have mercy on long faces?—have they no bowels for a laugh?
6359	2711	2711	0.054463	1	And look ye, Mr. Starbuck—but it’s too dark to look.
6360	2241	2241	0.225290	1	Hear me, then: I take that mast-head flame we saw for a sign of good luck; for those masts are rooted in a hold that is 
6361	8	8	0.178202	1	Yes, our three masts will yet be as three spermaceti candles—that’s the good promise we saw.” At that moment Starbuck ca
6362	1888	1888	0.401417	1	Glancing upwards, he cried: “See!
6363	8	8	0.189209	1	see!” and once more the high tapering flames were beheld with what seemed redoubled supernaturalness in their pallor.
6364	548	548	0.246990	1	“The corpusants have mercy on us all,” cried Stubb, again.
6365	2977	2977	0.209069	1	At the base of the mainmast, full beneath the doubloon and the flame, the Parsee was kneeling in Ahab’s front, but with 
6366	2659	2659	0.038112	1	In various enchanted attitudes, like the standing, or stepping, or running skeletons in Herculaneum, others remained roo
6367	548	548	0.096681	1	“Aye, aye, men!” cried Ahab.
6368	1790	1790	0.201200	1	“Look up at it; mark it well; the white flame but lights the way to the White Whale!
6369	2874	2874	0.244272	1	Hand me those mainmast links there; I would fain feel this pulse, and let mine beat against it; blood against fire!
6370	2073	2073	0.268615	1	So.” Then turning—the last link held fast in his left hand, he put his foot upon the Parsee; and with fixed upward eye, 
6371	1790	1790	0.135523	1	thou clear spirit of clear fire, whom on these seas I as Persian once did worship, till in the sacramental act so burned
6372	1642	1642	0.351085	1	To neither love nor reverence wilt thou be kind; and e’en for hate thou canst but kill; and all are killed.
6373	1888	1888	0.623461	1	No fearless fool now fronts thee.
6374	2073	2073	0.726748	1	I own thy speechless, placeless power; but to the last gasp of my earthquake life will dispute its unconditional, uninte
6375	1888	1888	0.212844	1	In the midst of the personified impersonal, a personality stands here.
6376	8	8	0.147741	1	Though but a point at best; whencesoe’er I came; wheresoe’er I go; yet while I earthly live, the queenly personality liv
6377	1888	1888	0.070591	1	But war is pain, and hate is woe.
6378	1462	1462	0.143255	1	Come in thy lowest form of love, and I will kneel and kiss thee; but at thy highest, come as mere supernal power; and th
6379	945	945	0.268806	1	Oh, thou clear spirit, of thy fire thou madest me, and like a true child of fire, I breathe it back to thee.” [_Sudden, 
6380	62	62	0.114476	1	Nor was it wrung from me; nor do I now drop these links.
6381	1888	1888	0.515506	1	Thou canst blind; but I can then grope.
6382	1888	1888	0.293946	1	Thou canst consume; but I can then be ashes.
6383	1888	1888	0.264378	1	Take the homage of these poor eyes, and shutter-hands.
6384	1888	1888	0.789668	1	I would not take it.
6385	349	349	0.318800	1	The lightning flashes through my skull; mine eye-balls ache and ache; my whole beaten brain seems as beheaded, and rolli
6386	2215	2215	0.351949	1	Yet blindfold, yet will I talk to thee.
6387	1888	1888	0.157490	1	Light though thou be, thou leapest out of darkness; but I am darkness leaping out of light, leaping out of thee!
6388	392	392	0.208391	1	The javelins cease; open eyes; see, or not?
6389	1888	1888	0.388906	1	now I do glory in my genealogy.
6390	1821	1821	0.140342	1	But thou art but my fiery father; my sweet mother, I know not.
6391	1790	1790	0.105919	1	what hast thou done with her?
6392	2874	2874	0.385303	1	There lies my puzzle; but thine is greater.
6393	1790	1790	0.022731	1	Thou knowest not how came ye, hence callest thyself unbegotten; certainly knowest not thy beginning, hence callest thyse
6394	294	294	0.266387	1	I know that of me, which thou knowest not of thyself, oh, thou omnipotent.
6395	1430	1430	1.044280	1	There is some unsuffusing thing beyond thee, thou clear spirit, to whom all thy eternity is but time, all thy creativene
6396	1594	1594	0.507527	1	Through thee, thy flaming self, my scorched eyes do dimly see it.
6397	946	946	0.566183	1	Oh, thou foundling fire, thou hermit immemorial, thou too hast thy incommunicable riddle, thy unparticipated grief.
6398	2874	2874	0.240146	1	Here again with haughty agony, I read my sire.
6399	614	614	1.616373	1	leap up, and lick the sky!
6400	1594	1594	0.638283	1	I leap with thee; I burn with thee; would fain be welded with thee; defyingly I worship thee!” “The boat!
6401	2073	2073	0.814258	1	the boat!” cried Starbuck, “look at thy boat, old man!” Ahab’s harpoon, the one forged at Perth’s fire, remained firmly 
6402	1790	1790	0.451449	1	As the silent harpoon burned there like a serpent’s tongue, Starbuck grasped Ahab by the arm—“God, God is against thee, 
6403	1790	1790	0.029900	1	ill begun, ill continued; let me square the yards, while we may, old man, and make a fair wind of it homewards, to go on
6404	8	8	0.184109	1	For the moment all the aghast mate’s thoughts seemed theirs; they raised a half mutinous cry.
6405	2098	2098	0.139879	1	But dashing the rattling lightning links to the deck, and snatching the burning harpoon, Ahab waved it like a torch amon
6406	2609	2609	0.097574	1	Petrified by his aspect, and still more shrinking from the fiery dart that he held, the men fell back in dismay, and Aha
6407	2073	2073	0.010942	1	And that ye may know to what tune this heart beats; look ye here; thus I blow out the last fear!” And with one blast of 
6408	2073	2073	0.160743	1	As in the hurricane that sweeps the plain, men fly the neighborhood of some lone, gigantic elm, whose very height and st
6409	2073	2073	0.232211	1	The Deck Towards the End of the First Night Watch.
6410	1888	1888	0.232680	1	_Ahab standing by the helm.
6411	1888	1888	0.203771	1	Starbuck approaching him._ “We must send down the main-top-sail yard, sir.
6412	484	484	0.124741	1	The band is working loose and the lee lift is half-stranded.
6413	882	882	0.375944	1	Shall I strike it, sir?” “Strike nothing; lash it.
6414	2808	2808	0.151407	1	If I had sky-sail poles, I’d sway them up now.” “Sir!—in God’s name!—sir?” “Well.” “The anchors are working, sir.
6415	8	8	0.035251	1	Shall I get them inboard?” “Strike nothing, and stir nothing, but lash everything.
6416	62	62	0.334832	1	The wind rises, but it has not got up to my table-lands yet.
6417	1790	1790	0.453915	1	Quick, and see to it.—By masts and keels!
6418	1790	1790	0.031643	1	he takes me for the hunch-backed skipper of some coasting smack.
6419	945	945	0.084349	1	Send down my main-top-sail yard!
6420	1888	1888	0.030181	1	Loftiest trucks were made for wildest winds, and this brain-truck of mine now sails amid the cloud-scud.
6421	1888	1888	0.155698	1	Oh, none but cowards send down their brain-trucks in tempest time.
6422	1888	1888	0.018299	1	What a hooroosh aloft there!
6423	1934	1934	0.215754	1	I would e’en take it for sublime, did I not know that the colic is a noisy malady.
6424	1738	1738	0.283847	1	Oh, take medicine, take medicine!” CHAPTER 121.
6425	2609	2609	0.852678	1	_Stubb and Flask mounted on them, and passing additional lashings over the anchors there hanging._ “No, Stubb; you may p
6426	2073	2073	0.768656	1	And how long ago is it since you said the very contrary?
6427	1970	1970	0.315006	1	Didn’t you once say that whatever ship Ahab sails in, that ship should pay something extra on its insurance policy, just
6428	8	8	0.813546	1	Stop, now; didn’t you say so?” “Well, suppose I did?
6429	1888	1888	0.031550	1	I’ve part changed my flesh since that time, why not my mind?
6430	1970	1970	0.207197	1	Besides, supposing we _are_ loaded with powder barrels aft and lucifers forward; how the devil could the lucifers get af
6431	8	8	0.643351	1	Why, my little man, you have pretty red hair, but you couldn’t get afire now.
6432	8	8	0.075337	1	Shake yourself; you’re Aquarius, or the water-bearer, Flask; might fill pitchers at your coat collar.
6433	8	8	0.187944	1	Don’t you see, then, that for these extra risks the Marine Insurance companies have extra guarantees?
6434	2073	2073	1.009592	1	But hark, again, and I’ll answer ye the other thing.
6435	2073	2073	0.049847	1	First take your leg off from the crown of the anchor here, though, so I can pass the rope; now listen.
6436	1642	1642	0.426329	1	What’s the mighty difference between holding a mast’s lightning-rod in the storm, and standing close by a mast that hasn
6437	8	8	0.187944	1	Don’t you see, you timber-head, that no harm can come to the holder of the rod, unless the mast is first struck?
6438	1888	1888	0.112076	1	What are you talking about, then?
6439	1790	1790	0.362712	1	Not one ship in a hundred carries rods, and Ahab,—aye, man, and all of us,—were in no more danger then, in my poor opini
6440	935	935	0.130291	1	Why, you King-Post, you, I suppose you would have every man in the world go about with a small lightning-rod running up 
6441	8	8	1.084155	1	Why don’t ye be sensible, Flask?
6442	8	8	0.028140	1	it’s easy to be sensible; why don’t ye, then?
6443	1151	1151	0.042789	1	any man with half an eye can be sensible.” “I don’t know that, Stubb.
6444	2265	2265	0.166959	1	You sometimes find it rather hard.” “Yes, when a fellow’s soaked through, it’s hard to be sensible, that’s a fact.
6445	254	254	0.285348	1	And I am about drenched with this spray.
6446	1888	1888	0.028585	1	Never mind; catch the turn there, and pass it.
6447	2874	2874	0.038905	1	Seems to me we are lashing down these anchors now as if they were never going to be used again.
6448	1888	1888	0.123938	1	Tying these two anchors here, Flask, seems like tying a man’s hands behind him.
6449	2265	2265	0.056177	1	And what big generous hands they are, to be sure.
6450	1098	1098	0.501732	1	These are your iron fists, hey?
6451	1888	1888	0.072544	1	What a hold they have, too!
6452	2315	2315	0.230584	1	I wonder, Flask, whether the world is anchored anywhere; if she is, she swings with an uncommon long cable, though.
6453	8	8	0.316733	1	There, hammer that knot down, and we’ve done.
6454	1888	1888	0.150152	1	So; next to touching land, lighting on deck is the most satisfactory.
6455	1888	1888	0.162766	1	I say, just wring out my jacket skirts, will ye?
6456	442	442	0.131629	1	They laugh at long-togs so, Flask; but seems to me, a long tailed coat ought always to be worn in all storms afloat.
6457	195	195	0.001534	1	The tails tapering down that way, serve to carry off the water, d’ye see.
6458	1790	1790	0.502492	1	Same with cocked hats; the cocks form gable-end eave-troughs, Flask.
6459	2874	2874	0.085408	1	No more monkey-jackets and tarpaulins for me; I must mount a swallow-tail, and drive down a beaver; so.
6460	1790	1790	0.197664	1	there goes my tarpaulin overboard; Lord, Lord, that the winds that come from heaven should be so unmannerly!
6461	858	858	0.358880	1	This is a nasty night, lad.” CHAPTER 122.
6462	1790	1790	0.301255	1	_The main-top-sail yard_.—_Tashtego passing new lashings around it_.
6463	1888	1888	0.625205	1	Plenty too much thunder up here.
6464	8	8	0.548576	1	What’s the use of thunder?
6465	8	8	0.621172	1	We don’t want thunder; we want rum; give us a glass of rum.
6466	858	858	0.101447	1	Um, um, um!” CHAPTER 123.
6467	1256	1256	0.190434	1	During the most violent shocks of the Typhoon, the man at the Pequod’s jaw-bone tiller had several times been reelingly 
6468	541	541	0.323844	1	In a severe gale like this, while the ship is but a tossed shuttlecock to the blast, it is by no means uncommon to see t
6469	1888	1888	0.161748	1	It was thus with the Pequod’s; at almost every shock the helmsman had not failed to notice the whirling velocity with wh
6470	2073	2073	0.024683	1	Some hours after midnight, the Typhoon abated so much, that through the strenuous exertions of Starbuck and Stubb—one en
6471	870	870	0.034481	1	The three corresponding new sails were now bent and reefed, and a storm-trysail was set further aft; so that the ship so
6472	2874	2874	0.159828	1	For during the violence of the gale, he had only steered according to its vicissitudes.
6473	2720	2720	0.148366	1	But as he was now bringing the ship as near her course as possible, watching the compass meanwhile, lo!
6474	2073	2073	0.463297	1	the wind seemed coming round astern; aye, the foul breeze became fair!
6475	1888	1888	0.760354	1	Instantly the yards were squared, to the lively song of “_Ho!
6476	8	8	0.050147	1	oh-ye-ho, cheerly men!_” the crew singing for joy, that so promising an event should so soon have falsified the evil por
6477	2898	2898	0.041510	1	In compliance with the standing order of his commander—to report immediately, and at any one of the twenty-four hours, a
6478	1888	1888	0.145349	1	Ere knocking at his state-room, he involuntarily paused before it a moment.
6479	1594	1594	0.464852	1	The cabin lamp—taking long swings this way and that—was burning fitfully, and casting fitful shadows upon the old man’s 
6480	1791	1791	0.131145	1	The isolated subterraneousness of the cabin made a certain humming silence to reign there, though it was hooped round by
6481	1594	1594	0.306126	1	The loaded muskets in the rack were shiningly revealed, as they stood upright against the forward bulkhead.
6482	1888	1888	0.383423	1	Starbuck was an honest, upright man; but out of Starbuck’s heart, at that instant when he saw the muskets, there strange
6483	688	688	0.361058	1	“He would have shot me once,” he murmured, “yes, there’s the very musket that he pointed at me;—that one with the studde
6484	232	232	0.303297	1	Strange, that I, who have handled so many deadly lances, strange, that I should shake so now.
6485	1790	1790	0.023664	1	Aye, aye; and powder in the pan;—that’s not good.
6486	1888	1888	0.031549	1	I’ll cure myself of this.
6487	1888	1888	0.031550	1	I’ll hold the musket boldly while I think.—I come to report a fair wind to him.
6488	1888	1888	0.187232	1	Fair for death and doom,—_that’s_ fair for Moby Dick.
6489	2073	2073	0.372667	1	It’s a fair wind that’s only fair for that accursed fish.—The very tube he pointed at me!—the very one; _this_ one—I hol
6490	2869	2869	0.034189	1	Does he not say he will not strike his spars to any gale?
6491	1934	1934	0.172400	1	Has he not dashed his heavenly quadrant?
6492	1710	1710	0.181642	1	and in these same perilous seas, gropes he not his way by mere dead reckoning of the error-abounding log?
6493	674	674	0.240634	1	and in this very Typhoon, did he not swear that he would have no lightning-rods?
6494	674	674	1.089337	1	But shall this crazed old man be tamely suffered to drag a whole ship’s company down to doom with him?—Yes, it would mak
6495	2808	2808	0.284732	1	If, then, he were this instant—put aside, that crime would not be his.
6496	2761	2761	0.120210	1	is he muttering in his sleep?
6497	1552	1552	0.641725	1	Yes, just there,—in there, he’s sleeping.
6498	1790	1790	0.354492	1	aye, but still alive, and soon awake again.
6499	1558	1558	0.454576	1	I can’t withstand thee, then, old man.
6500	2874	2874	0.261882	1	Not reasoning; not remonstrance; not entreaty wilt thou hearken to; all this thou scornest.
6501	1888	1888	0.536980	1	Flat obedience to thy own flat commands, this is all thou breathest.
6502	1790	1790	0.427466	1	Aye, and say’st the men have vow’d thy vow; say’st all of us are Ahabs.
6503	674	674	0.455789	1	Great God forbid!—But is there no other way?
6504	1800	1800	0.067046	1	no lawful way?—Make him a prisoner to be taken home?
6505	8	8	0.470554	1	hope to wrest this old man’s living power from his own living hands?
6506	438	438	0.032602	1	Only a fool would try it.
6507	2808	2808	0.469060	1	Say he were pinioned even; knotted all over with ropes and hawsers; chained down to ring-bolts on this cabin floor; he w
6508	2073	2073	0.010114	1	I could not endure the sight; could not possibly fly his howlings; all comfort, sleep itself, inestimable reason would l
6509	1888	1888	0.014803	1	The land is hundreds of leagues away, and locked Japan the nearest.
6510	2898	2898	0.085723	1	I stand alone here upon an open sea, with two oceans and a whole continent between me and law.—Aye, aye, ’tis so.—Is hea
6511	1888	1888	0.213648	1	“On this level, Ahab’s hammock swings within; his head this way.
6512	1888	1888	0.463225	1	A touch, and Starbuck may survive to hug his wife and child again.—Oh Mary!
6513	1888	1888	0.059522	1	boy!—But if I wake thee not to death, old man, who can tell to what unsounded deeps Starbuck’s body this day week may si
6514	1888	1888	0.729974	1	Great God, where art Thou?
6515	882	882	0.007726	1	shall I?—The wind has gone down and shifted, sir; the fore and main topsails are reefed and set; she heads her course.” 
6516	2073	2073	0.061733	1	Oh Moby Dick, I clutch thy heart at last!” Such were the sounds that now came hurtling from out the old man’s tormented 
6517	462	462	0.101911	1	The yet levelled musket shook like a drunkard’s arm against the panel; Starbuck seemed wrestling with an angel; but turn
6518	688	688	0.030490	1	“He’s too sound asleep, Mr. Stubb; go thou down, and wake him, and tell him.
6519	1888	1888	0.111665	1	I must see to the deck here.
6520	8	8	0.020341	1	Thou know’st what to say.” CHAPTER 124.
6521	2073	2073	0.731106	1	Next morning the not-yet-subsided sea rolled in long slow billows of mighty bulk, and striving in the Pequod’s gurgling 
6522	1888	1888	0.093249	1	The strong, unstaggering breeze abounded so, that sky and air seemed vast outbellying sails; the whole world boomed befo
6523	746	746	0.231772	1	Muffled in the full morning light, the invisible sun was only known by the spread intensity of his place; where his bayo
6524	1888	1888	0.038107	1	Emblazonings, as of crowned Babylonian kings and queens, reigned over everything.
6525	1888	1888	0.007008	1	The sea was as a crucible of molten gold, that bubblingly leaps with light and heat.
6526	1790	1790	0.184519	1	Long maintaining an enchanted silence, Ahab stood apart; and every time the tetering ship loweringly pitched down her bo
6527	1790	1790	0.380251	1	thou mightest well be taken now for the sea-chariot of the sun.
6528	2073	2073	0.003175	1	all ye nations before my prow, I bring the sun to ye!
6529	2073	2073	0.240399	1	Yoke on the further billows; hallo!
6530	8	8	0.304814	1	a tandem, I drive the sea!” But suddenly reined back by some counter thought, he hurried towards the helm, huskily deman
6531	688	688	0.307101	1	“East-sou-east, sir,” said the frightened steersman.
6532	688	688	0.160689	1	“Thou liest!” smiting him with his clenched fist.
6533	1594	1594	0.453330	1	“Heading East at this hour in the morning, and the sun astern?” Upon this every soul was confounded; for the phenomenon 
6534	2590	2590	0.744747	1	Thrusting his head half way into the binnacle, Ahab caught one glimpse of the compasses; his uplifted arm slowly fell; f
6535	2707	2707	0.581111	1	Standing behind him Starbuck looked, and lo!
6536	1594	1594	0.296281	1	the two compasses pointed East, and the Pequod was as infallibly going West.
6537	2506	2506	0.062106	1	But ere the first wild alarm could get out abroad among the crew, the old man with a rigid laugh exclaimed, “I have it!
6538	1790	1790	0.558772	1	Mr. Starbuck, last night’s thunder turned our compasses—that’s all.
6539	548	548	0.374251	1	Thou hast before now heard of such a thing, I take it.” “Aye; but never before has it happened to me, sir,” said the pal
6540	1515	1515	0.153556	1	Here, it must needs be said, that accidents like this have in more than one case occurred to ships in violent storms.
6541	961	961	0.221659	1	The magnetic energy, as developed in the mariner’s needle, is, as all know, essentially one with the electricity beheld 
6542	1888	1888	0.242660	1	Instances where the lightning has actually struck the vessel, so as to smite down some of the spars and rigging, the eff
6543	2031	2031	0.160914	1	But in either case, the needle never again, of itself, recovers the original virtue thus marred or lost; and if the binn
6544	2874	2874	0.168251	1	Deliberately standing before the binnacle, and eyeing the transpointed compasses, the old man, with the sharp of his ext
6545	1888	1888	0.397066	1	The yards were hard up; and once more the Pequod thrust her undaunted bows into the opposing wind, for the supposed fair
6546	949	949	0.616295	1	Meanwhile, whatever were his own secret thoughts, Starbuck said nothing, but quietly he issued all requisite orders; whi
6547	2238	2238	0.069178	1	As for the men, though some of them lowly rumbled, their fear of Ahab was greater than their fear of Fate.
6548	911	911	0.163244	1	But as ever before, the pagan harpooneers remained almost wholly unimpressed; or if impressed, it was only with a certai
6549	2073	2073	0.402239	1	For a space the old man walked the deck in rolling reveries.
6550	2073	2073	0.092701	1	But chancing to slip with his ivory heel, he saw the crushed copper sight-tubes of the quadrant he had the day before da
6551	1790	1790	0.686622	1	“Thou poor, proud heaven-gazer and sun’s pilot!
6552	2874	2874	0.106147	1	yesterday I wrecked thee, and to-day the compasses would fain have wrecked me.
6553	2073	2073	0.290694	1	But Ahab is lord over the level loadstone yet.
6554	1790	1790	0.208748	1	Mr. Starbuck—a lance without a pole; a top-maul, and the smallest of the sail-maker’s needles.
6555	8	8	0.247250	1	Quick!” Accessory, perhaps, to the impulse dictating the thing he was now about to do, were certain prudential motives, 
6556	1594	1594	0.039147	1	Besides, the old man well knew that to steer by transpointed needles, though clumsily practicable, was not a thing to be
6557	2609	2609	0.092047	1	“Men,” said he, steadily turning upon the crew, as the mate handed him the things he had demanded, “my men, the thunder 
6558	2098	2098	0.269518	1	With a blow from the top-maul Ahab knocked off the steel head of the lance, and then handing to the mate the long iron r
6559	2977	2977	0.138213	1	Then, with the maul, after repeatedly smiting the upper end of this iron rod, he placed the blunted needle endwise on th
6560	668	668	0.777046	1	Then going through some small strange motions with it—whether indispensable to the magnetizing of the steel, or merely i
6561	2073	2073	0.382263	1	At first, the steel went round and round, quivering and vibrating at either end; but at last it settled to its place, wh
6562	541	541	0.098716	1	The sun is East, and that compass swears it!” One after another they peered in, for nothing but their own eyes could per
6563	1888	1888	0.491836	1	In his fiery eyes of scorn and triumph, you then saw Ahab in all his fatal pride.
6564	2265	2265	0.031699	1	While now the fated Pequod had been so long afloat this voyage, the log and line had but very seldom been in use.
6565	1594	1594	0.276863	1	Owing to a confident reliance upon other means of determining the vessel’s place, some merchantmen, and many whalemen, e
6566	295	295	0.334710	1	It had been thus with the Pequod.
6567	2073	2073	0.471107	1	The wooden reel and angular log attached hung, long untouched, just beneath the railing of the after bulwarks.
6568	1888	1888	0.061651	1	Rains and spray had damped it; sun and wind had warped it; all the elements had combined to rot a thing that hung so idl
6569	2073	2073	0.315635	1	But heedless of all this, his mood seized Ahab, as he happened to glance upon the reel, not many hours after the magnet 
6570	1888	1888	0.200396	1	The ship was sailing plungingly; astern the billows rolled in riots.
6571	8	8	0.323978	1	Heave the log!” Two seamen came.
6572	1888	1888	0.044758	1	The golden-hued Tahitian and the grizzly Manxman.
6573	1790	1790	0.013165	1	“Take the reel, one of ye, I’ll heave.” They went towards the extreme stern, on the ship’s lee side, where the deck, wit
6574	548	548	0.448306	1	The Manxman took the reel, and holding it high up, by the projecting handle-ends of the spindle, round which the spool o
6575	1642	1642	1.625739	1	Ahab stood before him, and was lightly unwinding some thirty or forty turns to form a preliminary hand-coil to toss over
6576	1795	1795	0.206828	1	“Sir, I mistrust it; this line looks far gone, long heat and wet have spoiled it.” “’Twill hold, old gentleman.
6577	3055	3055	0.298533	1	Long heat and wet, have they spoiled thee?
6578	1888	1888	0.082532	1	Or, truer perhaps, life holds thee; not thou it.” “I hold the spool, sir.
6579	1888	1888	0.144403	1	But just as my captain says.
6580	2614	2614	0.241844	1	With these grey hairs of mine ’tis not worth while disputing, ’specially with a superior, who’ll ne’er confess.” “What’s
6581	1790	1790	0.019904	1	There now’s a patched professor in Queen Nature’s granite-founded College; but methinks he’s too subservient.
6582	1790	1790	0.087347	1	Where wert thou born?” “In the little rocky Isle of Man, sir.” “Excellent!
6583	508	508	0.317853	1	Thou’st hit the world by that.” “I know not, sir, but I was born there.” “In the Isle of Man, hey?
6584	1843	1843	0.493557	1	Well, the other way, it’s good.
6585	8	8	1.012843	1	Here’s a man from Man; a man born in once independent Man, and now unmanned of Man; which is sucked in—by what?
6586	1888	1888	0.268328	1	The dead, blind wall butts all inquiring heads at last.
6587	8	8	0.086916	1	So.” The log was heaved.
6588	1888	1888	0.011278	1	The loose coils rapidly straightened out in a long dragging line astern, and then, instantly, the reel began to whirl.
6589	2659	2659	0.038071	1	In turn, jerkingly raised and lowered by the rolling billows, the towing resistance of the log caused the old reelman to
6590	2874	2874	0.220954	1	the overstrained line sagged down in one long festoon; the tugging log was gone.
6591	1888	1888	0.019485	1	“I crush the quadrant, the thunder turns the needles, and now the mad sea parts the log-line.
6592	1888	1888	0.192550	1	But Ahab can mend all.
6593	1888	1888	0.292513	1	Haul in here, Tahitian; reel up, Manxman.
6594	447	447	0.149411	1	And look ye, let the carpenter make another log, and mend thou the line.
6595	1869	1869	0.408465	1	See to it.” “There he goes now; to him nothing’s happened; but to me, the skewer seems loosening out of the middle of th
6596	1888	1888	0.163311	1	Haul in, haul in, Tahitian!
6597	1098	1098	0.268631	1	These lines run whole, and whirling out: come in broken, and dragging slow.
6598	8	8	0.028082	1	come to help; eh, Pip?” “Pip?
6599	1888	1888	0.705464	1	Pip jumped from the whale-boat.
6600	2874	2874	0.342292	1	Let’s see now if ye haven’t fished him up here, fisherman.
6601	8	8	0.303922	1	It drags hard; I guess he’s holding on.
6602	1888	1888	0.460032	1	Jerk him off; we haul in no cowards here.
6603	8	8	0.532636	1	there’s his arm just breaking water.
6604	202	202	0.003343	1	cut it off—we haul in no cowards here.
6605	8	8	0.044204	1	here’s Pip, trying to get on board again.” “Peace, thou crazy loon,” cried the Manxman, seizing him by the arm.
6606	2073	2073	0.148003	1	“Away from the quarter-deck!” “The greater idiot ever scolds the lesser,” muttered Ahab, advancing.
6607	1888	1888	0.253770	1	“Hands off from that holiness!
6608	1426	1426	0.983222	1	Where sayest thou Pip was, boy?
6609	8	8	0.193701	1	lo!” “And who art thou, boy?
6610	1888	1888	0.470593	1	I see not my reflection in the vacant pupils of thy eyes.
6611	2874	2874	1.245271	1	that man should be a thing for immortal souls to sieve through!
6612	1790	1790	0.380394	1	Who art thou, boy?” “Bell-boy, sir; ship’s-crier; ding, dong, ding!
6613	1888	1888	0.143350	1	One hundred pounds of clay reward for Pip; five feet high—looks cowardly—quickest known by that!
6614	8	8	0.473727	1	Who’s seen Pip the coward?” “There can be no hearts above the snow-line.
6615	1888	1888	0.531639	1	Ye did beget this luckless child, and have abandoned him, ye creative libertines.
6616	8	8	0.110876	1	Here, boy; Ahab’s cabin shall be Pip’s home henceforth, while Ahab lives.
6617	1790	1790	0.061277	1	Thou touchest my inmost centre, boy; thou art tied to me by cords woven of my heart-strings.
6618	8	8	0.021842	1	Come, let’s down.” “What’s this?
6619	8	8	0.508825	1	here’s velvet shark-skin,” intently gazing at Ahab’s hand, and feeling it.
6620	195	195	0.367738	1	“Ah, now, had poor Pip but felt so kind a thing as this, perhaps he had ne’er been lost!
6621	1821	1821	0.004858	1	This seems to me, sir, as a man-rope; something that weak souls may hold by.
6622	1795	1795	0.061788	1	Oh, sir, let old Perth now come and rivet these two hands together; the black one with the white, for I will not let thi
6623	1888	1888	0.327193	1	Come, then, to my cabin.
6624	1790	1790	0.267939	1	ye believers in gods all goodness, and in man all ill, lo you!
6625	1087	1087	0.327658	1	see the omniscient gods oblivious of suffering man; and man, though idiotic, and knowing not what he does, yet full of t
6626	548	548	0.917304	1	I feel prouder leading thee by thy black hand, than though I grasped an Emperor’s!” “There go two daft ones now,” mutter
6627	1888	1888	0.295741	1	“One daft with strength, the other daft with weakness.
6628	8	8	0.409989	1	But here’s the end of the rotten line—all dripping, too.
6629	1888	1888	0.145269	1	I think we had best have a new line altogether.
6630	858	858	0.169726	1	I’ll see Mr. Stubb about it.” CHAPTER 126.
6631	1888	1888	0.079491	1	Steering now south-eastward by Ahab’s levelled steel, and her progress solely determined by Ahab’s level log and line; t
6632	2073	2073	0.962075	1	Making so long a passage through such unfrequented waters, descrying no ships, and ere long, sideways impelled by unvary
6633	2659	2659	0.709108	1	At last, when the ship drew near to the outskirts, as it were, of the Equatorial fishing-ground, and in the deep darknes
6634	1888	1888	0.261615	1	The Christian or civilized part of the crew said it was mermaids, and shuddered; but the pagan harpooneers remained unap
6635	580	580	0.556147	1	Yet the grey Manxman—the oldest mariner of all—declared that the wild thrilling sounds that were heard, were the voices 
6636	1558	1558	0.099578	1	Below in his hammock, Ahab did not hear of this till grey dawn, when he came to the deck; it was then recounted to him b
6637	1594	1594	0.024490	1	He hollowly laughed, and thus explained the wonder.
6638	961	961	0.348780	1	Those rocky islands the ship had passed were the resort of great numbers of seals, and some young seals that had lost th
6639	620	620	0.013411	1	But this only the more affected some of them, because most mariners cherish a very superstitious feeling about seals, ar
6640	1888	1888	0.212847	1	In the sea, under certain circumstances, seals have more than once been mistaken for men.
6641	2661	2661	0.200809	1	But the bodings of the crew were destined to receive a most plausible confirmation in the fate of one of their number th
6642	638	638	0.110876	1	At sun-rise this man went from his hammock to his mast-head at the fore; and whether it was that he was not yet half wak
6643	1594	1594	0.071151	1	The life-buoy—a long slender cask—was dropped from the stern, where it always hung obedient to a cunning spring; but no 
6644	1815	1815	0.037724	1	And thus the first man of the Pequod that mounted the mast to look out for the White Whale, on the White Whale’s own pec
6645	1178	1178	0.158558	1	But few, perhaps, thought of that at the time.
6646	748	748	0.434792	1	Indeed, in some sort, they were not grieved at this event, at least as a portent; for they regarded it, not as a foresha
6647	1558	1558	0.213713	1	They declared that now they knew the reason of those wild shrieks they had heard the night before.
6648	2874	2874	0.019423	1	But again the old Manxman said nay.
6649	1594	1594	0.174118	1	The lost life-buoy was now to be replaced; Starbuck was directed to see to it; but as no cask of sufficient lightness co
6650	688	688	0.138648	1	“A life-buoy of a coffin!” cried Starbuck, starting.
6651	688	688	0.280682	1	“Rather queer, that, I should say,” said Stubb.
6652	688	688	0.833521	1	“It will make a good enough one,” said Flask, “the carpenter here can arrange it easily.” “Bring it up; there’s nothing 
6653	858	858	0.000808	1	“Rig it, carpenter; do not look at me so—the coffin, I mean.
6654	882	882	0.019125	1	Rig it.” “And shall I nail down the lid, sir?” moving his hand as with a hammer.
6655	688	688	0.133640	1	“Aye.” “And shall I caulk the seams, sir?” moving his hand as with a caulking-iron.
6656	688	688	0.133640	1	“Aye.” “And shall I then pay over the same with pitch, sir?” moving his hand as with a pitch-pot.
6657	1888	1888	0.315562	1	what possesses thee to this?
6658	292	292	0.076557	1	Make a life-buoy of the coffin, and no more.—Mr.
6659	1888	1888	0.335579	1	Stubb, Mr. Flask, come forward with me.” “He goes off in a huff.
6660	2874	2874	0.382028	1	The whole he can endure; at the parts he baulks.
6661	8	8	0.561456	1	Now I don’t like this.
6662	8	8	0.076188	1	I make a leg for Captain Ahab, and he wears it like a gentleman; but I make a bandbox for Queequeg, and he won’t put his
6663	2469	2469	0.153576	1	Are all my pains to go for nothing with that coffin?
6664	8	8	0.067685	1	And now I’m ordered to make a life-buoy of it.
6665	2073	2073	0.460461	1	It’s like turning an old coat; going to bring the flesh on the other side now.
6666	8	8	0.430974	1	I don’t like this cobbling sort of business—I don’t like it at all; it’s undignified; it’s not my place.
6667	2874	2874	0.260820	1	Let tinkers’ brats do tinkerings; we are their betters.
6668	1594	1594	0.153985	1	I like to take in hand none but clean, virgin, fair-and-square mathematical jobs, something that regularly begins at the
6669	8	8	0.116406	1	It’s the old woman’s tricks to be giving cobbling jobs.
6670	1147	1147	0.155761	1	what an affection all old women have for tinkers.
6671	1888	1888	0.272788	1	I know an old woman of sixty-five who ran away with a bald-headed young tinker once.
6672	8	8	0.105739	1	And that’s the reason I never would work for lonely widow old women ashore, when I kept my job-shop in the Vineyard; the
6673	1098	1098	0.053536	1	there are no caps at sea but snow-caps.
6674	1888	1888	0.108294	1	Nail down the lid; caulk the seams; pay over the same with pitch; batten them down tight, and hang it with the snap-spri
6675	2265	2265	0.851730	1	Were ever such things done before with a coffin?
6676	8	8	0.019908	1	Some superstitious old carpenters, now, would be tied up in the rigging, ere they would do the job.
6677	2094	2094	0.418263	1	But I’m made of knotty Aroostook hemlock; I don’t budge.
6678	945	945	0.094913	1	Sailing about with a grave-yard tray!
6679	870	870	0.477755	1	We workers in woods make bridal-bedsteads and card-tables, as well as coffins and hearses.
6680	1523	1523	0.003512	1	We work by the month, or by the job, or by the profit; not for us to ask the why and wherefore of our work, unless it be
6681	1594	1594	0.333675	1	I’ll do the job, now, tenderly.
6682	1888	1888	0.031550	1	I’ll have me—let’s see—how many in the ship’s company, all told?
6683	1054	1054	0.060277	1	Any way, I’ll have me thirty separate, Turk’s-headed life-lines, each three feet long hanging all round to the coffin.
6684	8	8	0.392342	1	Then, if the hull go down, there’ll be thirty lively fellows all fighting for one coffin, a sight not seen very often be
6685	1888	1888	0.033741	1	Come hammer, caulking-iron, pitch-pot, and marling-spike!
6686	8	8	0.282096	1	Let’s to it.” CHAPTER 127.
6687	1558	1558	0.058119	1	_The coffin laid upon two line-tubs, between the vice-bench and the open hatchway; the Carpenter caulking its seams; the
6688	1888	1888	0.211163	1	Not this hand complies with my humor more genially than that boy.—Middle aisle of a church!
6689	1888	1888	0.125314	1	Beware the hatchway!” “Thank ye, man.
6690	1888	1888	0.244932	1	Thy coffin lies handy to the vault.” “Sir?
6691	3055	3055	0.067543	1	So it does, sir, so it does.” “Art not thou the leg-maker?
6692	882	882	0.057516	1	Look, did not this stump come from thy shop?” “I believe it did, sir; does the ferrule stand, sir?” “Well enough.
6693	1581	1581	0.010380	1	But art thou not also the undertaker?” “Aye, sir; I patched up this thing here as a coffin for Queequeg; but they’ve set
6694	1718	1718	0.347819	1	Thou art as unprincipled as the gods, and as much of a jack-of-all-trades.” “But I do not mean anything, sir.
6695	1888	1888	0.289600	1	I do as I do.” “The gods again.
6696	2874	2874	0.430232	1	Hark ye, dost thou not ever sing working about a coffin?
6697	1178	1178	0.477386	1	The Titans, they say, hummed snatches when chipping out the craters for volcanoes; and the grave-digger in the play sing
6698	2467	2467	0.025944	1	Dost thou never?” “Sing, sir?
6699	686	686	0.091914	1	Oh, I’m indifferent enough, sir, for that; but the reason why the grave-digger made music must have been because there w
6700	298	298	0.358849	1	But the caulking mallet is full of it.
6701	2874	2874	0.159087	1	Hark to it.” “Aye, and that’s because the lid there’s a sounding-board; and what in all things makes the sounding-board 
6702	2368	2368	0.405829	1	And yet, a coffin with a body in it rings pretty much the same, Carpenter.
6703	2148	2148	0.234947	1	Hast thou ever helped carry a bier, and heard the coffin knock against the churchyard gate, going in?
6704	746	746	0.062875	1	What’s that?” “Why, faith, sir, it’s only a sort of exclamation-like—that’s all, sir.” “Um, um; go on.” “I was about to 
6705	2467	2467	0.025944	1	Dost thou spin thy own shroud out of thyself?
6706	8	8	0.427896	1	and get these traps out of sight.” “He goes aft.
6707	3052	3052	0.632633	1	That was sudden, now; but squalls come sudden in hot latitudes.
6708	1219	1219	0.388035	1	I’ve heard that the Isle of Albemarle, one of the Gallipagos, is cut by the Equator right in the middle.
6709	1888	1888	0.122362	1	Seems to me some sort of Equator cuts yon old man, too, right in his middle.
6710	8	8	0.175416	1	He’s always under the Line—fiery hot, I tell ye!
6711	1767	1767	0.075822	1	He’s looking this way—come, oakum; quick.
6712	2659	2659	0.500672	1	This wooden mallet is the cork, and I’m the professor of musical glasses—tap, tap!” (_Ahab to himself_.)
6713	1888	1888	0.446270	1	The greyheaded woodpecker tapping the hollow tree!
6714	1888	1888	0.145636	1	Blind and dumb might well be envied now.
6715	298	298	0.354127	1	that thing rests on two line-tubs, full of tow-lines.
6716	2661	2661	0.168365	1	A most malicious wag, that fellow.
6717	1888	1888	0.274818	1	how immaterial are all materials!
6718	1409	1409	0.233163	1	What things real are there, but imponderable thoughts?
6719	2659	2659	0.005358	1	Here now’s the very dreaded symbol of grim death, by a mere hap, made the expressive sign of the help and hope of most e
6720	1888	1888	0.187490	1	A life-buoy of a coffin!
6721	2742	2742	0.317192	1	Can it be that in some spiritual sense the coffin is, after all, but an immortality-preserver!
6722	2373	2373	1.172652	1	So far gone am I in the dark side of earth, that its other side, the theoretic bright one, seems but uncertain twilight 
6723	1888	1888	0.328583	1	Will ye never have done, Carpenter, with that accursed sound?
6724	1888	1888	0.770528	1	I go below; let me not see that thing here when I return again.
6725	8	8	0.457404	1	Now, then, Pip, we’ll talk this over; I do suck most wondrous philosophies from thee!
6726	858	858	0.100421	1	Some unknown conduits from the unknown worlds must empty into thee!” CHAPTER 128.
6727	2602	2602	0.181849	1	The Pequod Meets The Rachel.
6728	1594	1594	0.301319	1	Next day, a large ship, the Rachel, was descried, bearing directly down upon the Pequod, all her spars thickly clusterin
6729	2874	2874	0.297151	1	At the time the Pequod was making good speed through the water; but as the broad-winged windward stranger shot nigh to h
6730	688	688	0.647856	1	“Bad news; she brings bad news,” muttered the old Manxman.
6731	1790	1790	0.131480	1	But ere her commander, who, with trumpet to mouth, stood up in his boat; ere he could hopefully hail, Ahab’s voice was h
6732	2148	2148	0.490638	1	“Hast seen the White Whale?” “Aye, yesterday.
6733	1594	1594	0.151857	1	Have ye seen a whale-boat adrift?” Throttling his joy, Ahab negatively answered this unexpected question; and would then
6734	1888	1888	0.207340	1	A few keen pulls, and his boat-hook soon clinched the Pequod’s main-chains, and he sprang to the deck.
6735	1888	1888	0.256028	1	Immediately he was recognised by Ahab for a Nantucketer he knew.
6736	1888	1888	0.013971	1	But no formal salutation was exchanged.
6737	1594	1594	0.136591	1	“Where was he?—not killed!—not killed!” cried Ahab, closely advancing.
6738	311	311	0.084316	1	“How was it?” It seemed that somewhat late on the afternoon of the day previous, while three of the stranger’s boats wer
6739	1535	1535	0.024709	1	After a keen sail before the wind, this fourth boat—the swiftest keeled of all—seemed to have succeeded in fastening—at 
6740	8	8	0.017568	1	In the distance he saw the diminished dotted boat; and then a swift gleam of bubbling white water; and after that nothin
6741	1791	1791	0.009263	1	There was some apprehension, but no positive alarm, as yet.
6742	181	181	0.150094	1	The recall signals were placed in the rigging; darkness came on; and forced to pick up her three far to windward boats—e
6743	2073	2073	0.261711	1	But the rest of her crew being at last safe aboard, she crowded all sail—stunsail on stunsail—after the missing boat; ki
6744	3055	3055	0.458636	1	But though when she had thus sailed a sufficient distance to gain the presumed place of the absent ones when last seen; 
6745	1888	1888	0.366766	1	The story told, the stranger Captain immediately went on to reveal his object in boarding the Pequod.
6746	1888	1888	0.202329	1	He desired that ship to unite with his own in the search; by sailing over the sea some four or five miles apart, on para
6747	688	688	0.549218	1	“I will wager something now,” whispered Stubb to Flask, “that some one in that missing boat wore off that Captain’s best
6748	1128	1128	0.180436	1	Who ever heard of two pious whale-ships cruising after one missing whale-boat in the height of the whaling season?
6749	746	746	0.014194	1	See, Flask, only see how pale he looks—pale in the very buttons of his eyes—look—it wasn’t the coat—it must have been th
6750	548	548	0.277189	1	For God’s sake—I beg, I conjure”—here exclaimed the stranger Captain to Ahab, who thus far had but icily received his pe
6751	548	548	1.239811	1	“For eight-and-forty hours let me charter your ship—I will gladly pay for it, and roundly pay for it—if there be no othe
6752	1888	1888	0.521885	1	I take back the coat and watch—what says Ahab?
6753	1642	1642	0.298634	1	We must save that boy.” “He’s drowned with the rest on ’em, last night,” said the old Manx sailor standing behind them; 
6754	2659	2659	0.957483	1	But the captain, for some unknown constitutional reason, had refrained from mentioning all this, and not till forced to 
6755	2664	2664	0.535466	1	Nor does it unfrequently occur, that Nantucket captains will send a son of such tender age away from them, for a protrac
6756	2073	2073	0.167944	1	Meantime, now the stranger was still beseeching his poor boon of Ahab; and Ahab still stood like an anvil, receiving eve
6757	688	688	0.860555	1	“I will not go,” said the stranger, “till you say _aye_ to me.
6758	431	431	0.663487	1	Do to me as you would have me do to you in the like case.
6759	548	548	0.634901	1	For _you_ too have a boy, Captain Ahab—though but a child, and nestling safely at home now—a child of your old age too—Y
6760	1888	1888	0.114641	1	Even now I lose time.
6761	1888	1888	0.172071	1	God bless ye, man, and may I forgive myself, but I must go.
6762	3064	3064	0.139604	1	Mr. Starbuck, look at the binnacle watch, and in three minutes from this present instant warn off all strangers: then br
6763	2073	2073	0.917226	1	But starting from his enchantment, Gardiner silently hurried to the side; more fell than stepped into his boat, and retu
6764	2874	2874	0.003955	1	Soon the two ships diverged their wakes; and long as the strange vessel was in view, she was seen to yaw hither and thit
6765	1594	1594	0.025745	1	This way and that her yards were swung round; starboard and larboard, she continued to tack; now she beat against a head
6766	935	935	0.815308	1	But by her still halting course and winding, woeful way, you plainly saw that this ship that so wept with spray, still r
6767	1790	1790	0.142645	1	She was Rachel, weeping for her children, because they were not.
6768	1790	1790	0.001185	1	(_Ahab moving to go on deck; Pip catches him by the hand to follow._) “Lad, lad, I tell thee thou must not follow Ahab n
6769	1888	1888	0.554327	1	The hour is coming when Ahab would not scare thee from him, yet would not have thee by him.
6770	1790	1790	0.107325	1	There is that in thee, poor lad, which I feel too curing to my malady.
6771	2661	2661	0.352282	1	Like cures like; and for this hunt, my malady becomes my most desired health.
6772	84	84	0.267056	1	Do thou abide below here, where they shall serve thee, as if thou wert the captain.
6773	1790	1790	0.027607	1	Aye, lad, thou shalt sit here in my own screwed chair; another screw to it, thou must be.” “No, no, no!
6774	882	882	0.565946	1	ye have not a whole body, sir; do ye but use poor me for your one lost leg; only tread upon me, sir; I ask no more, so I
6775	1150	1150	0.281596	1	spite of million villains, this makes me a bigot in the fadeless fidelity of man!—and a black!
6776	1791	1791	0.109344	1	and crazy!—but methinks like-cures-like applies to him too; he grows so sane again.” “They tell me, sir, that Stubb did 
6777	882	882	0.089609	1	But I will never desert ye, sir, as Stubb did him.
6778	1795	1795	0.395733	1	Sir, I must go with ye.” “If thou speakest thus to me much more, Ahab’s purpose keels up in him.
6779	1738	1738	0.505370	1	I tell thee no; it cannot be.” “Oh good master, master, master!
6780	1888	1888	0.285729	1	“Weep so, and I will murder thee!
6781	690	690	0.050444	1	have a care, for Ahab too is mad.
6782	2874	2874	0.223189	1	Listen, and thou wilt often hear my ivory foot upon the deck, and still know that I am there.
6783	1821	1821	0.007401	1	And now I quit thee.
6784	1888	1888	0.489667	1	True art thou, lad, as the circumference to its centre.
6785	1790	1790	0.026670	1	So: God for ever bless thee; and if it come to that,—God for ever save thee, let what will befall.” (_Ahab goes; Pip ste
6786	1558	1558	0.403082	1	Now were even poor Pip here I could endure it, but he’s missing.
6787	8	8	0.521610	1	He must be up here; let’s try the door.
6788	1790	1790	0.231204	1	neither lock, nor bolt, nor bar; and yet there’s no opening it.
6789	1790	1790	0.010028	1	It must be the spell; he told me to stay here: Aye, and told me this screwed chair was mine.
6790	8	8	0.022954	1	Here, then, I’ll seat me, against the transom, in the ship’s full middle, all her keel and her three masts before me.
6791	2707	2707	0.245107	1	Here, our old sailors say, in their black seventy-fours great admirals sometimes sit at table, and lord it over rows of 
6792	2073	2073	0.020007	1	the epaulets all come crowding!
6793	43	43	0.287534	1	Pass round the decanters; glad to see ye; fill up, monsieurs!
6794	8	8	0.345061	1	What an odd feeling, now, when a black boy’s host to white men with gold lace upon their coats!—Monsieurs, have ye seen 
6795	912	912	0.030290	1	Jumped from a whale-boat once;—seen him?
6796	131	131	0.345649	1	Well then, fill up again, captains, and let’s drink shame upon all cowards!
6797	1888	1888	0.249320	1	Put one foot upon the table.
6798	2051	2051	0.029680	1	above there, I hear ivory—Oh, master!
6799	1888	1888	0.142025	1	I am indeed down-hearted when you walk over me.
6800	858	858	0.217667	1	But here I’ll stay, though this stern strikes rocks; and they bulge through; and oysters come to join me.” CHAPTER 130.
6801	2073	2073	0.550038	1	And now that at the proper time and place, after so long and wide a preliminary cruise, Ahab,—all other whaling waters s
6802	1594	1594	0.332768	1	As the unsetting polar star, which through the livelong, arctic, six months’ night sustains its piercing, steady, centra
6803	3047	3047	0.136539	1	It domineered above them so, that all their bodings, doubts, misgivings, fears, were fain to hide beneath their souls, a
6804	1888	1888	0.546857	1	In this foreshadowing interval too, all humor, forced or natural, vanished.
6805	1888	1888	0.615929	1	Stubb no more strove to raise a smile; Starbuck no more strove to check one.
6806	2073	2073	0.175577	1	Alike, joy and sorrow, hope and fear, seemed ground to finest dust, and powdered, for the time, in the clamped mortar of
6807	8	8	0.419655	1	Like machines, they dumbly moved about the deck, ever conscious that the old man’s despot eye was on them.
6808	1790	1790	0.100710	1	But did you deeply scan him in his more secret confidential hours; when he thought no glance but one was on him; then yo
6809	1178	1178	0.121084	1	Such an added, gliding strangeness began to invest the thin Fedallah now; such ceaseless shudderings shook him; that the
6810	1888	1888	0.050180	1	And that shadow was always hovering there.
6811	2115	2115	0.275388	1	For not by night, even, had Fedallah ever certainly been known to slumber, or go below.
6812	1594	1594	0.295980	1	He would stand still for hours: but never sat or leaned; his wan but wondrous eyes did plainly say—We two watchmen never
6813	2659	2659	0.449875	1	Nor, at any time, by night or day could the mariners now step upon the deck, unless Ahab was before them; either standin
6814	419	419	0.083831	1	The clothes that the night had wet, the next day’s sunshine dried upon him; and so, day after day, and night after night
6815	1594	1594	0.709746	1	He ate in the same open air; that is, his two only meals,—breakfast and dinner: supper he never touched; nor reaped his 
6816	1642	1642	0.033075	1	But though his whole life was now become one watch on deck; and though the Parsee’s mystic watch was without intermissio
6817	1594	1594	0.010061	1	Though such a potent spell seemed secretly to join the twain; openly, and to the awe-struck crew, they seemed pole-like 
6818	2496	2496	0.175446	1	If by day they chanced to speak one word; by night, dumb men were both, so far as concerned the slightest verbal interch
6819	2073	2073	0.275232	1	At times, for longest hours, without a single hail, they stood far parted in the starlight; Ahab in his scuttle, the Par
6820	2659	2659	0.085774	1	And yet, somehow, did Ahab—in his own proper self, as daily, hourly, and every instant, commandingly revealed to his sub
6821	2874	2874	0.766286	1	Still again both seemed yoked together, and an unseen tyrant driving them; the lean shade siding the solid rib.
6822	2761	2761	0.767376	1	For be this Parsee what he may, all rib and keel was solid Ahab.
6823	2874	2874	0.234859	1	At the first faintest glimmering of the dawn, his iron voice was heard from aft,—“Man the mast-heads!”—and all through t
6824	1790	1790	0.058760	1	sharp!” But when three or four days had slided by, after meeting the children-seeking Rachel; and no spout had yet been 
6825	1678	1678	0.348660	1	But if these suspicions were really his, he sagaciously refrained from verbally expressing them, however his actions mig
6826	688	688	0.911910	1	“I will have the first sight of the whale myself,”—he said.
6827	1819	1819	0.034459	1	Ahab must have the doubloon!” and with his own hands he rigged a nest of basketed bowlines; and sending a hand aloft, wi
6828	2073	2073	0.010909	1	This done, with that end yet in his hand and standing beside the pin, he looked round upon his crew, sweeping from one t
6829	1718	1718	0.093985	1	And thus, with one hand clinging round the royal mast, Ahab gazed abroad upon the sea for miles and miles,—ahead, astern
6830	2073	2073	0.184593	1	When in working with his hands at some lofty almost isolated place in the rigging, which chances to afford no foothold, 
6831	1594	1594	0.042903	1	Because in such a wilderness of running rigging, whose various different relations aloft cannot always be infallibly dis
6832	2073	2073	0.679803	1	So Ahab’s proceedings in this matter were not unusual; the only strange thing about them seemed to be, that Starbuck, al
6833	945	945	0.136296	1	Now, the first time Ahab was perched aloft; ere he had been there ten minutes; one of those red-billed savage sea-hawks 
6834	2874	2874	0.723436	1	Then it darted a thousand feet straight up into the air; then spiralized downwards, and went eddying again round his hea
6835	1147	1147	0.884448	1	But with his gaze fixed upon the dim and distant horizon, Ahab seemed not to mark this wild bird; nor, indeed, would any
6836	688	688	0.048574	1	“Your hat, your hat, sir!” suddenly cried the Sicilian seaman, who being posted at the mizen-mast-head, stood directly b
6837	2874	2874	0.212398	1	But already the sable wing was before the old man’s eyes; the long hooked bill at his head: with a scream, the black haw
6838	1903	1903	0.364877	1	An eagle flew thrice round Tarquin’s head, removing his cap to replace it, and thereupon Tanaquil, his wife, declared th
6839	2874	2874	1.000529	1	But only by the replacing of the cap was that omen accounted good.
6840	1594	1594	0.312143	1	Ahab’s hat was never restored; the wild hawk flew on and on with it; far in advance of the prow: and at last disappeared
6841	2602	2602	0.181849	1	The Pequod Meets The Delight.
6842	1594	1594	0.555510	1	The intense Pequod sailed on; the rolling waves and days went by; the life-buoy-coffin still lightly swung; and another 
6843	1147	1147	0.306508	1	As she drew nigh, all eyes were fixed upon her broad beams, called shears, which, in some whaling-ships, cross the quart
6844	2864	2864	0.213072	1	Upon the stranger’s shears were beheld the shattered, white ribs, and some few splintered planks, of what had once been 
6845	2148	2148	0.150605	1	“Hast seen the White Whale?” “Look!” replied the hollow-cheeked captain from his taffrail; and with his trumpet he point
6846	2148	2148	0.139390	1	“Hast killed him?” “The harpoon is not yet forged that ever will do that,” answered the other, sadly glancing upon a rou
6847	688	688	0.421242	1	“Not forged!” and snatching Perth’s levelled iron from the crotch, Ahab held it out, exclaiming—“Look ye, Nantucketer; h
6848	2661	2661	0.499396	1	Tempered in blood, and tempered by lightning are these barbs; and I swear to temper them triply in that hot place behind
6849	2944	2944	0.202252	1	Only _that_ one I bury; the rest were buried before they died; you sail upon their tomb.” Then turning to his crew—“Are 
6850	1888	1888	0.198534	1	place the plank then on the rail, and lift the body; so, then—Oh!
6851	429	429	0.170566	1	God”—advancing towards the hammock with uplifted hands—“may the resurrection and the life——” “Brace forward!
6852	8	8	0.155595	1	Up helm!” cried Ahab like lightning to his men.
6853	1594	1594	0.267810	1	But the suddenly started Pequod was not quick enough to escape the sound of the splash that the corpse soon made as it s
6854	2498	2498	0.143732	1	As Ahab now glided from the dejected Delight, the strange life-buoy hanging at the Pequod’s stern came into conspicuous 
6855	548	548	0.135330	1	look yonder, men!” cried a foreboding voice in her wake.
6856	1888	1888	0.164620	1	“In vain, oh, ye strangers, ye fly our sad burial; ye but turn us your taffrail to show us your coffin!” CHAPTER 132.
6857	1888	1888	0.708827	1	It was a clear steel-blue day.
6858	2659	2659	0.581276	1	The firmaments of air and sea were hardly separable in that all-pervading azure; only, the pensive air was transparently
6859	801	801	0.346925	1	Hither, and thither, on high, glided the snow-white wings of small, unspeckled birds; these were the gentle thoughts of 
6860	746	746	0.189441	1	But though thus contrasting within, the contrast was only in shades and shadows without; those two seemed one; it was on
6861	1888	1888	0.142487	1	Aloft, like a royal czar and king, the sun seemed giving this gentle air to this bold and rolling sea; even as bride to 
6862	2661	2661	0.049891	1	And at the girdling line of the horizon, a soft and tremulous motion—most seen here at the equator—denoted the fond, thr
6863	1948	1948	0.112080	1	Tied up and twisted; gnarled and knotted with wrinkles; haggardly firm and unyielding; his eyes glowing like coals, that
6864	1790	1790	0.268385	1	Oh, immortal infancy, and innocency of the azure!
6865	1888	1888	0.910771	1	Invisible winged creatures that frolic all round us!
6866	1888	1888	0.160810	1	Sweet childhood of air and sky!
6867	1790	1790	0.410326	1	how oblivious were ye of old Ahab’s close-coiled woe!
6868	2073	2073	0.030862	1	But so have I seen little Miriam and Martha, laughing-eyed elves, heedlessly gambol around their old sire; sporting with
6869	2073	2073	0.324476	1	Slowly crossing the deck from the scuttle, Ahab leaned over the side and watched how his shadow in the water sank and sa
6870	3055	3055	0.035569	1	But the lovely aromas in that enchanted air did at last seem to dispel, for a moment, the cankerous thing in his soul.
6871	638	638	0.511837	1	That glad, happy air, that winsome sky, did at last stroke and caress him; the step-mother world, so long cruel—forbiddi
6872	1238	1238	0.008449	1	From beneath his slouched hat Ahab dropped a tear into the sea; nor did all the Pacific contain such wealth as that one 
6873	1888	1888	0.077912	1	Starbuck saw the old man; saw him, how he heavily leaned over the side; and he seemed to hear in his own true heart the 
6874	1888	1888	0.462967	1	Careful not to touch him, or be noticed by him, he yet drew near to him, and stood there.
6875	2659	2659	0.129112	1	it is a mild, mild wind, and a mild looking sky.
6876	1206	1206	0.233490	1	On such a day—very much such a sweetness as this—I struck my first whale—a boy-harpooneer of eighteen!
6877	1888	1888	0.481863	1	Forty years of continual whaling!
6878	1888	1888	0.133452	1	forty years of privation, and peril, and storm-time!
6879	1888	1888	0.106001	1	forty years on the pitiless sea!
6880	2073	2073	0.183141	1	for forty years has Ahab forsaken the peaceful land, for forty years to make war on the horrors of the deep!
6881	1888	1888	0.279163	1	Aye and yes, Starbuck, out of those forty years I have not spent three ashore.
6882	2133	2133	0.356272	1	When I think of this life I have led; the desolation of solitude it has been; the masoned, walled-town of a Captain’s ex
6883	2073	2073	0.692159	1	Guinea-coast slavery of solitary command!—when I think of all this; only half-suspected, not so keenly known to me befor
6884	1206	1206	0.049776	1	wife?—rather a widow with her husband alive!
6885	1797	1797	0.080714	1	Aye, I widowed that poor girl when I married her, Starbuck; and then, the madness, the frenzy, the boiling blood and the
6886	8	8	0.094301	1	what a forty years’ fool—fool—old fool, has old Ahab been!
6887	1888	1888	0.101849	1	Why this strife of the chase?
6888	2874	2874	0.136150	1	why weary, and palsy the arm at the oar, and the iron, and the lance?
6889	638	638	0.119867	1	how the richer or better is Ahab now?
6890	1934	1934	0.262909	1	is it not hard, that with this weary load I bear, one poor leg should have been snatched from under me?
6891	1034	1034	0.100691	1	Here, brush this old hair aside; it blinds me, that I seem to weep.
6892	1888	1888	0.345785	1	Locks so grey did never grow but from out some ashes!
6893	674	674	0.213336	1	But do I look very old, so very, very old, Starbuck?
6894	1888	1888	0.291293	1	I feel deadly faint, bowed, and humped, as though I were Adam, staggering beneath the piled centuries since Paradise.
6895	1888	1888	0.069230	1	God!—crack my heart!—stave my brain!—mockery!
6896	3055	3055	0.264393	1	bitter, biting mockery of grey hairs, have I lived enough joy to wear ye; and seem and feel thus intolerably old?
6897	2659	2659	0.180892	1	stand close to me, Starbuck; let me look into a human eye; it is better than to gaze into sea or sky; better than to gaz
6898	971	971	0.091631	1	By the green land; by the bright hearth-stone!
6899	2807	2807	0.008285	1	this is the magic glass, man; I see my wife and my child in thine eye.
6900	1275	1275	0.216092	1	No, no; stay on board, on board!—lower not when I do; when branded Ahab gives chase to Moby Dick.
6901	2874	2874	0.622255	1	That hazard shall not be thine.
6902	8	8	0.266339	1	not with the far away home I see in that eye!” “Oh, my Captain!
6903	1888	1888	0.086425	1	grand old heart, after all!
6904	935	935	0.167543	1	why should any one give chase to that hated fish!
6905	1098	1098	0.886611	1	let us fly these deadly waters!
6906	1319	1319	0.315651	1	Wife and child, too, are Starbuck’s—wife and child of his brotherly, sisterly, play-fellow youth; even as thine, sir, ar
6907	1790	1790	0.271570	1	let us away!—this instant let me alter the course!
6908	1594	1594	0.251810	1	How cheerily, how hilariously, O my Captain, would we bowl on our way to see old Nantucket again!
6909	1888	1888	0.137657	1	I think, sir, they have some such mild blue days, even as this, in Nantucket.” “They have, they have.
6910	1888	1888	0.271892	1	I have seen them—some summer days in the morning.
6911	232	232	0.068642	1	About this time—yes, it is his noon nap now—the boy vivaciously wakes; sits up in bed; and his mother tells him of me, o
6912	1790	1790	0.044997	1	She promised that my boy, every morning, should be carried to the hill to catch the first glimpse of his father’s sail!
6913	1888	1888	0.152817	1	Come, my Captain, study out the course, and let us away!
6914	2073	2073	0.171931	1	the boy’s face from the window!
6915	2073	2073	0.093244	1	the boy’s hand on the hill!” But Ahab’s glance was averted; like a blighted fruit tree he shook, and cast his last, cind
6916	2874	2874	0.082899	1	“What is it, what nameless, inscrutable, unearthly thing is it; what cozening, hidden lord and master, and cruel, remors
6917	2869	2869	0.092271	1	Is it I, God, or who, that lifts this arm?
6918	1821	1821	0.314888	1	But if the great sun move not of himself; but is as an errand-boy in heaven; nor one single star can revolve, but by som
6919	2659	2659	0.133672	1	By heaven, man, we are turned round and round in this world, like yonder windlass, and Fate is the handspike.
6920	1888	1888	0.052889	1	And all the time, lo!
6921	1888	1888	0.071107	1	that smiling sky, and this unsounded sea!
6922	2874	2874	0.659589	1	who put it into him to chase and fang that flying-fish?
6923	170	170	0.090662	1	Where do murderers go, man!
6924	8	8	0.694417	1	Who’s to doom, when the judge himself is dragged to the bar?
6925	2684	2684	0.045016	1	But it is a mild, mild wind, and a mild looking sky; and the air smells now, as if it blew from a far-away meadow; they 
6926	1888	1888	0.213939	1	Aye, toil we how we may, we all sleep at last on the field.
6927	1790	1790	0.153723	1	Aye, and rust amid greenness; as last year’s scythes flung down, and left in the half-cut swaths—Starbuck!” But blanched
6928	2073	2073	0.188250	1	Ahab crossed the deck to gaze over on the other side; but started at two reflected, fixed eyes in the water there.
6929	1888	1888	0.222023	1	Fedallah was motionlessly leaning over the same rail.
6930	336	336	0.113905	1	That night, in the mid-watch, when the old man—as his wont at intervals—stepped forth from the scuttle in which he leane
6931	1888	1888	0.116431	1	He declared that a whale must be near.
6932	1594	1594	0.140501	1	Soon that peculiar odor, sometimes to a great distance given forth by the living sperm whale, was palpable to all the wa
6933	2864	2864	0.443347	1	The acute policy dictating these movements was sufficiently vindicated at daybreak, by the sight of a long sleek on the 
6934	548	548	0.397261	1	Call all hands!” Thundering with the butts of three clubbed handspikes on the forecastle deck, Daggoo roused the sleeper
6935	2874	2874	0.604324	1	“What d’ye see?” cried Ahab, flattening his face to the sky.
6936	2659	2659	0.174715	1	“Nothing, nothing sir!” was the sound hailing down in reply.
6937	8	8	0.057050	1	alow and aloft, and on both sides!” All sail being set, he now cast loose the life-line, reserved for swaying him to the
6938	1888	1888	0.285729	1	“There she blows!—there she blows!
6939	1888	1888	0.121079	1	A hump like a snow-hill!
6940	2265	2265	0.589107	1	It is Moby Dick!” Fired by the cry which seemed simultaneously taken up by the three look-outs, the men on deck rushed t
6941	2073	2073	0.196139	1	Ahab had now gained his final perch, some feet above the other look-outs, Tashtego standing just beneath him on the cap 
6942	1787	1787	0.318377	1	From this height the whale was now seen some mile or so ahead, at every roll of the sea revealing his high sparkling hum
6943	1754	1754	0.176830	1	To the credulous mariners it seemed the same silent spout they had so long ago beheld in the moonlit Atlantic and Indian
6944	548	548	0.477201	1	“And did none of ye see it before?” cried Ahab, hailing the perched men all around him.
6945	427	427	0.030156	1	“I saw him almost that same instant, sir, that Captain Ahab did, and I cried out,” said Tashtego.
6946	2073	2073	0.062021	1	“Not the same instant; not the same—no, the doubloon is mine, Fate reserved the doubloon for me.
6947	1888	1888	0.061590	1	_I_ only; none of ye could have raised the White Whale first.
6948	1790	1790	0.528368	1	There she blows!—there she blows!—there she blows!
6949	8	8	0.040649	1	There again!—there again!” he cried, in long-drawn, lingering, methodic tones, attuned to the gradual prolongings of the
6950	1888	1888	0.376319	1	Mr. Starbuck, remember, stay on board, and keep the ship.
6951	1888	1888	0.275731	1	No, no; only black water!
6952	1888	1888	0.271780	1	All ready the boats there?
6953	2073	2073	0.190338	1	Lower me, Mr. Starbuck; lower, lower,—quick, quicker!” and he slid through the air to the deck.
6954	1102	1102	0.244470	1	“He is heading straight to leeward, sir,” cried Stubb, “right away from us; cannot have seen the ship yet.” “Be dumb, ma
6955	1790	1790	0.139009	1	Hard down the helm!—brace up!
6956	1888	1888	0.349529	1	Shiver her!—shiver her!—So; well that!
6957	2659	2659	0.048332	1	Boats, boats!” Soon all the boats but Starbuck’s were dropped; all the boat-sails set—all the paddles plying; with rippl
6958	1814	1814	0.005435	1	A pale, death-glimmer lit up Fedallah’s sunken eyes; a hideous motion gnawed his mouth.
6959	801	801	0.421764	1	Like noiseless nautilus shells, their light prows sped through the sea; but only slowly they neared the foe.
6960	1594	1594	0.140282	1	As they neared him, the ocean grew still more smooth; seemed drawing a carpet over its waves; seemed a noon-meadow, so s
6961	2874	2874	0.360701	1	At length the breathless hunter came so nigh his seemingly unsuspecting prey, that his entire dazzling hump was distinct
6962	1594	1594	0.131990	1	He saw the vast, involved wrinkles of the slightly projecting head beyond.
6963	548	548	0.441842	1	Before it, far out on the soft Turkish-rugged waters, went the glistening white shadow from his broad, milky forehead, a
6964	1749	1749	0.069228	1	But these were broken again by the light toes of hundreds of gay fowl softly feathering the sea, alternate with their fi
6965	2073	2073	0.029555	1	A gentle joyousness—a mighty mildness of repose in swiftness, invested the gliding whale.
6966	733	733	0.234857	1	Not the white bull Jupiter swimming away with ravished Europa clinging to his graceful horns; his lovely, leering eyes s
6967	1594	1594	0.391712	1	did surpass the glorified White Whale as he so divinely swam.
6968	1158	1158	0.498403	1	On each soft side—coincident with the parted swell, that but once leaving him, then flowed so wide away—on each bright s
6969	1791	1791	0.372277	1	No wonder there had been some among the hunters who namelessly transported and allured by all this serenity, had venture
6970	1726	1726	0.033900	1	Yet calm, enticing calm, oh, whale!
6971	1790	1790	0.082802	1	thou glidest on, to all who for the first time eye thee, no matter how many in that same way thou may’st have bejuggled 
6972	2098	2098	0.912739	1	And thus, through the serene tranquillities of the tropical sea, among waves whose hand-clappings were suspended by exce
6973	2073	2073	0.055497	1	But soon the fore part of him slowly rose from the water; for an instant his whole marbleized body formed a high arch, l
6974	1594	1594	0.361183	1	Hoveringly halting, and dipping on the wing, the white sea-fowls longingly lingered over the agitated pool that he left.
6975	2874	2874	0.174402	1	With oars apeak, and paddles down, the sheets of their sails adrift, the three boats now stilly floated, awaiting Moby D
6976	688	688	0.362133	1	“An hour,” said Ahab, standing rooted in his boat’s stern; and he gazed beyond the whale’s place, towards the dim blue s
6977	746	746	0.003741	1	It was only an instant; for again his eyes seemed whirling round in his head as he swept the watery circle.
6978	1888	1888	0.375262	1	The breeze now freshened; the sea began to swell.
6979	1888	1888	0.264613	1	“The birds!—the birds!” cried Tashtego.
6980	541	541	0.178610	1	In long Indian file, as when herons take wing, the white birds were now all flying towards Ahab’s boat; and when within 
6981	8	8	0.041153	1	Their vision was keener than man’s; Ahab could discover no sign in the sea.
6982	2659	2659	0.038836	1	But suddenly as he peered down and down into its depths, he profoundly saw a white living spot no bigger than a white we
6983	1054	1054	0.057336	1	It was Moby Dick’s open mouth and scrolled jaw; his vast, shadowed bulk still half blending with the blue of the sea.
6984	2874	2874	0.368504	1	The glittering mouth yawned beneath the boat like an open-doored marble tomb; and giving one sidelong sweep with his ste
6985	2874	2874	0.163529	1	Then, calling upon Fedallah to change places with him, went forward to the bows, and seizing Perth’s harpoon, commanded 
6986	8	8	0.236663	1	Now, by reason of this timely spinning round the boat upon its axis, its bow, by anticipation, was made to face the whal
6987	664	664	0.134026	1	But as if perceiving this stratagem, Moby Dick, with that malicious intelligence ascribed to him, sidelingly transplante
6988	2898	2898	0.362332	1	Through and through; through every plank and each rib, it thrilled for an instant, the whale obliquely lying on his back
6989	1790	1790	0.065648	1	The bluish pearl-white of the inside of the jaw was within six inches of Ahab’s head, and reached higher than that.
6990	1888	1888	0.135005	1	In this attitude the White Whale now shook the slight cedar as a mildly cruel cat her mouse.
6991	1790	1790	0.000332	1	With unastonished eyes Fedallah gazed, and crossed his arms; but the tiger-yellow crew were tumbling over each other’s h
6992	541	541	0.350812	1	And now, while both elastic gunwales were springing in and out, as the whale dallied with the doomed craft in this devil
6993	232	232	0.127146	1	As now he thus vainly strove, the jaw slipped from him; the frail gunwales bent in, collapsed, and snapped, as both jaws
6994	2874	2874	0.600939	1	These floated aside, the broken ends drooping, the crew at the stern-wreck clinging to the gunwales, and striving to hol
6995	2073	2073	0.188582	1	At that preluding moment, ere the boat was yet snapped, Ahab, the first to perceive the whale’s intent, by the crafty up
6996	1869	1869	0.246442	1	But only slipping further into the whale’s mouth, and tilting over sideways as it slipped, the boat had shaken off his h
6997	541	541	0.703669	1	Ripplingly withdrawing from his prey, Moby Dick now lay at a little distance, vertically thrusting his oblong white head
6998	614	614	0.405787	1	* So, in a gale, the but half baffled Channel billows only recoil from the base of the Eddystone, triumphantly to overle
6999	693	693	0.170692	1	*This motion is peculiar to the sperm whale.
7000	1594	1594	0.597877	1	It receives its designation (pitchpoling) from its being likened to that preliminary up-and-down poise of the whale-lanc
7001	2659	2659	0.410793	1	By this motion the whale must best and most comprehensively view whatever objects may be encircling him.
7002	541	541	0.126711	1	But soon resuming his horizontal attitude, Moby Dick swam swiftly round and round the wrecked crew; sideways churning th
7003	2073	2073	0.038952	1	The sight of the splintered boat seemed to madden him, as the blood of grapes and mulberries cast before Antiochus’s ele
7004	8	8	0.038895	1	Meanwhile Ahab half smothered in the foam of the whale’s insolent tail, and too much of a cripple to swim,—though he cou
7005	2073	2073	0.055646	1	From the boat’s fragmentary stern, Fedallah incuriously and mildly eyed him; the clinging crew, at the other drifting en
7006	2073	2073	0.388116	1	For so revolvingly appalling was the White Whale’s aspect, and so planetarily swift the ever-contracting circles he made
7007	1534	1534	0.065694	1	And though the other boats, unharmed, still hovered hard by; still they dared not pull into the eddy to strike, lest tha
7008	8	8	0.019801	1	With straining eyes, then, they remained on the outer edge of the direful zone, whose centre had now become the old man’
7009	2874	2874	0.011433	1	Meantime, from the beginning all this had been descried from the ship’s mast heads; and squaring her yards, she had born
7010	1594	1594	0.391701	1	But struggling out of it again, and chancing to rise on a towering crest, he shouted,—“Sail on the whale!—Drive him off!
7011	1594	1594	0.111397	1	As he sullenly swam off, the boats flew to the rescue.
7012	2162	2162	0.339507	1	Dragged into Stubb’s boat with blood-shot, blinded eyes, the white brine caking in his wrinkles; the long tension of Aha
7013	2874	2874	0.533666	1	Far inland, nameless wails came from him, as desolate sounds from out ravines.
7014	2073	2073	0.350872	1	But this intensity of his physical prostration did but so much the more abbreviate it.
7015	2073	2073	0.088855	1	In an instant’s compass, great hearts sometimes condense to one deep pang, the sum total of those shallow pains kindly d
7016	143	143	0.177577	1	And so, such hearts, though summary in each one suffering; still, if the gods decree it, in their life-time aggregate a 
7017	2874	2874	0.319008	1	“The harpoon,” said Ahab, half way rising, and draggingly leaning on one bended arm—“is it safe?” “Aye, sir, for it was 
7018	2874	2874	0.733136	1	“Lay it before me;—any missing men?” “One, two, three, four, five;—there were five oars, sir, and here are five men.” “T
7019	1888	1888	0.264233	1	So, so, I see him!
7020	2044	2044	0.158040	1	going to leeward still; what a leaping spout!—Hands off from me!
7021	1763	1763	0.027661	1	The eternal sap runs up in Ahab’s bones again!
7022	2874	2874	0.790909	1	Set the sail; out oars; the helm!” It is often the case that when a boat is stove, its crew, being picked up by another 
7023	1594	1594	0.025951	1	But the added power of the boat did not equal the added power of the whale, for he seemed to have treble-banked his ever
7024	619	619	0.034579	1	The ship itself, then, as it sometimes happens, offered the most promising intermediate means of overtaking the chase.
7025	2741	2741	0.168614	1	Accordingly, the boats now made for her, and were soon swayed up to their cranes—the two parts of the wrecked boat havin
7026	2073	2073	0.314260	1	At the well known, methodic intervals, the whale’s glittering spout was regularly announced from the manned mast-heads; 
7027	1678	1678	0.487390	1	D’ye see him?” and if the reply was, No, sir!
7028	1790	1790	0.258719	1	straightway he commanded them to lift him to his perch.
7029	1888	1888	0.157678	1	In this way the day wore on; Ahab, now aloft and motionless; anon, unrestingly pacing the planks.
7030	1790	1790	0.203729	1	As he was thus walking, uttering no sound, except to hail the men aloft, or to bid them hoist a sail still higher, or to
7031	8	8	0.045567	1	At last he paused before it; and as in an already over-clouded sky fresh troops of clouds will sometimes sail across, so
7032	386	386	0.042863	1	Stubb saw him pause; and perhaps intending, not vainly, though, to evince his own unabated fortitude, and thus keep up a
7033	1888	1888	0.253870	1	ha!” “What soulless thing is this that laughs before a wreck?
7034	2874	2874	0.369866	1	did I not know thee brave as fearless fire (and as mechanical) I could swear thou wert a poltroon.
7035	2874	2874	0.125299	1	Groan nor laugh should be heard before a wreck.” “Aye, sir,” said Starbuck drawing near, “’tis a solemn sight; an omen, 
7036	2315	2315	0.292659	1	If the gods think to speak outright to man, they will honorably speak outright; not shake their heads, and give an old w
7037	1888	1888	0.193515	1	Ye two are the opposite poles of one thing; Starbuck is Stubb reversed, and Stubb is Starbuck; and ye two are all mankin
7038	2073	2073	0.225682	1	Sing out for every spout, though he spout ten times a second!” The day was nearly done; only the hem of his golden robe 
7039	2331	2331	0.082004	1	Soon, it was almost dark, but the look-out men still remained unset.
7040	8	8	0.020550	1	“Can’t see the spout now, sir;—too dark”—cried a voice from the air.
7041	688	688	0.182617	1	“How heading when last seen?” “As before, sir,—straight to leeward.” “Good!
7042	1888	1888	0.020144	1	he will travel slower now ’tis night.
7043	1943	1943	0.004683	1	Down royals and top-gallant stun-sails, Mr. Starbuck.
7044	429	429	0.995296	1	We must not run over him before morning; he’s making a passage now, and may heave-to a while.
7045	1790	1790	0.141260	1	keep her full before the wind!—Aloft!
7046	1678	1678	0.375614	1	Stubb, send a fresh hand to the fore-mast head, and see it manned till morning.”—Then advancing towards the doubloon in 
7047	882	882	0.099036	1	Away now!—the deck is thine, sir!” And so saying, he placed himself half way within the scuttle, and slouching his hat, 
7048	1594	1594	0.423736	1	At day-break, the three mast-heads were punctually manned afresh.
7049	1102	1102	0.288291	1	“D’ye see him?” cried Ahab after allowing a little space for the light to spread.
7050	882	882	0.560393	1	“See nothing, sir.” “Turn up all hands and make sail!
7051	1790	1790	0.808657	1	he travels faster than I thought for;—the top-gallant sails!—aye, they should have been kept on her all night.
7052	2761	2761	0.677740	1	But no matter—’tis but resting for the rush.” Here be it said, that this pertinacious pursuit of one particular whale, c
7053	1594	1594	0.716616	1	For such is the wonderful skill, prescience of experience, and invincible confidence acquired by some great natural geni
7054	2073	2073	0.412119	1	And, in these cases, somewhat as a pilot, when about losing sight of a coast, whose general trending he well knows, and 
7055	8	8	0.243233	1	So that to this hunter’s wondrous skill, the proverbial evanescence of a thing writ in water, a wake, is to all desired 
7056	541	541	0.206840	1	And as the mighty iron Leviathan of the modern railway is so familiarly known in its every pace, that, with watches in t
7057	2268	2268	0.664597	1	But to render this acuteness at all successful in the end, the wind and the sea must be the whaleman’s allies; for of wh
7058	1888	1888	0.192358	1	Inferable from these statements, are many collateral subtile matters touching the chase of whales.
7059	1888	1888	0.045599	1	The ship tore on; leaving such a furrow in the sea as when a cannon-ball, missent, becomes a plough-share and turns up t
7060	548	548	0.260823	1	“By salt and hemp!” cried Stubb, “but this swift motion of the deck creeps up one’s legs and tingles at the heart.
7061	1790	1790	0.376125	1	This ship and I are two brave fellows!—Ha, ha!
7062	2176	2176	0.112467	1	Some one take me up, and launch me, spine-wise, on the sea,—for by live-oaks!
7063	1790	1790	0.081370	1	we go the gait that leaves no dust behind!” “There she blows—she blows!—she blows!—right ahead!” was now the mast-head c
7064	882	882	0.063701	1	“Aye, aye!” cried Stubb, “I knew it—ye can’t escape—blow on and split your spout, O whale!
7065	2807	2807	0.385219	1	the mad fiend himself is after ye!
7066	2874	2874	0.004366	1	blow your trump—blister your lungs!—Ahab will dam off your blood, as a miller shuts his watergate upon the stream!” And 
7067	1888	1888	0.049448	1	The frenzies of the chase had by this time worked them bubblingly up, like old wine worked anew.
7068	949	949	0.024116	1	Whatever pale fears and forebodings some of them might have felt before; these were not only now kept out of sight throu
7069	2073	2073	0.231762	1	The hand of Fate had snatched all their souls; and by the stirring perils of the previous day; the rack of the past nigh
7070	2073	2073	0.041363	1	The wind that made great bellies of their sails, and rushed the vessel on by arms invisible as irresistible; this seemed
7071	1888	1888	0.131304	1	They were one man, not thirty.
7072	2073	2073	0.087031	1	For as the one ship that held them all; though it was put together of all contrasting things—oak, and maple, and pine wo
7073	232	232	0.481552	1	The mast-heads, like the tops of tall palms, were outspreadingly tufted with arms and legs.
7074	935	935	0.421249	1	Clinging to a spar with one hand, some reached forth the other with impatient wavings; others, shading their eyes from t
7075	2073	2073	0.062042	1	how they still strove through that infinite blueness to seek out the thing that might destroy them!
7076	548	548	0.853715	1	“Why sing ye not out for him, if ye see him?” cried Ahab, when, after the lapse of some minutes since the first cry, no 
7077	674	674	0.055943	1	“Sway me up, men; ye have been deceived; not Moby Dick casts one odd jet that way, and then disappears.” It was even so;
7078	1718	1718	1.000366	1	The triumphant halloo of thirty buckskin lungs was heard, as—much nearer to the ship than the place of the imaginary jet
7079	1502	1502	0.148494	1	For not by any calm and indolent spoutings; not by the peaceable gush of that mystic fountain in his head, did the White
7080	1888	1888	0.113150	1	Rising with his utmost velocity from the furthest depths, the Sperm Whale thus booms his entire bulk into the pure eleme
7081	1888	1888	0.411925	1	In those moments, the torn, enraged waves he shakes off, seem his mane; in some cases, this breaching is his act of defi
7082	2073	2073	0.015973	1	there she breaches!” was the cry, as in his immeasurable bravadoes the White Whale tossed himself salmon-like to Heaven.
7083	2659	2659	0.436441	1	So suddenly seen in the blue plain of the sea, and relieved against the still bluer margin of the sky, the spray that he
7084	688	688	0.072133	1	“Aye, breach your last to the sun, Moby Dick!” cried Ahab, “thy hour and thy harpoon are at hand!—Down!
7085	1870	1870	0.363934	1	down all of ye, but one man at the fore.
7086	1594	1594	0.019497	1	The boats!—stand by!” Unmindful of the tedious rope-ladders of the shrouds, the men, like shooting stars, slid to the de
7087	688	688	0.789847	1	“Lower away,” he cried, so soon as he had reached his boat—a spare one, rigged the afternoon previous.
7088	1888	1888	0.514785	1	Starbuck, the ship is thine—keep away from the boats, but keep near them.
7089	664	664	0.176402	1	Lower, all!” As if to strike a quick terror into them, by this time being the first assailant himself, Moby Dick had tur
7090	1100	1100	0.480292	1	Ahab’s boat was central; and cheering his men, he told them he would take the whale head-and-head,—that is, pull straigh
7091	2467	2467	0.259324	1	But ere that close limit was gained, and while yet all three boats were plain as the ship’s three masts to his eye; the 
7092	1594	1594	0.635567	1	But skilfully manœuvred, incessantly wheeling like trained chargers in the field; the boats for a while eluded him; thou
7093	2031	2031	0.128964	1	But at last in his untraceable evolutions, the White Whale so crossed and recrossed, and in a thousand ways entangled th
7094	2659	2659	0.293969	1	Seizing that opportunity, Ahab first paid out more line: and then was rapidly hauling and jerking in upon it again—hopin
7095	1888	1888	0.040179	1	Caught and twisted—corkscrewed in the mazes of the line, loose harpoons and lances, with all their bristling barbs and p
7096	2265	2265	0.434794	1	Only one thing could be done.
7097	232	232	0.322101	1	Seizing the boat-knife, he critically reached within—through—and then, without—the rays of steel; dragged in the line be
7098	1797	1797	0.055502	1	That instant, the White Whale made a sudden rush among the remaining tangles of the other lines; by so doing, irresistib
7099	541	541	0.256558	1	While the two crews were yet circling in the waters, reaching out after the revolving line-tubs, oars, and other floatin
7100	2352	2352	0.207611	1	The first uprising momentum of the whale—modifying its direction as he struck the surface—involuntarily launched him alo
7101	2044	2044	0.317783	1	But soon, as if satisfied that his work for that time was done, he pushed his pleated forehead through the ocean, and tr
7102	2874	2874	0.260111	1	As before, the attentive ship having descried the whole fight, again came bearing down to the rescue, and dropping a boa
7103	2659	2659	0.028997	1	Some sprained shoulders, wrists, and ankles; livid contusions; wrenched harpoons and lances; inextricable intricacies of
7104	1600	1600	0.947803	1	As with Fedallah the day before, so Ahab was now found grimly clinging to his boat’s broken half, which afforded a compa
7105	2073	2073	0.060731	1	But when he was helped to the deck, all eyes were fastened upon him; as instead of standing by himself he still half-hun
7106	1888	1888	0.468148	1	His ivory leg had been snapped off, leaving but one short sharp splinter.
7107	548	548	0.695972	1	“Aye, aye, Starbuck, ’tis sweet to lean sometimes, be the leaner who he will; and would old Ahab had leaned oftener than
7108	2467	2467	0.264892	1	and all splintered to pieces, Stubb!—d’ye see it.—But even with a broken bone, old Ahab is untouched; and I account no l
7109	1888	1888	0.644713	1	Nor white whale, nor man, nor fiend, can so much as graze old Ahab in his own proper and inaccessible being.
7110	674	674	0.061516	1	Can any lead touch yonder floor, any mast scrape yonder roof?—Aloft there!
7111	882	882	0.008747	1	which way?” “Dead to leeward, sir.” “Up helm, then; pile on the sail again, ship keepers!
7112	397	397	0.582436	1	down the rest of the spare boats and rig them—Mr.
7113	1888	1888	0.421330	1	Starbuck away, and muster the boat’s crews.” “Let me first help thee towards the bulwarks, sir.” “Oh, oh, oh!
7114	2874	2874	0.177269	1	how this splinter gores me now!
7115	688	688	0.003162	1	that the unconquerable captain in the soul should have such a craven mate!” “Sir?” “My body, man, not thee.
7116	429	429	0.035461	1	Give me something for a cane—there, that shivered lance will do.
7117	1888	1888	0.215437	1	Surely I have not seen him yet.
7118	1790	1790	0.032870	1	By heaven it cannot be!—missing?—quick!
7119	1790	1790	0.369208	1	call them all.” The old man’s hinted thought was true.
7120	1790	1790	0.093189	1	Upon mustering the company, the Parsee was not there.
7121	1888	1888	0.166567	1	“The Parsee!” cried Stubb—“he must have been caught in——” “The black vomit wrench thee!—run all of ye above, alow, cabin
7122	688	688	0.482373	1	“Aye, sir,” said Stubb—“caught among the tangles of your line—I thought I saw him dragging under.” “_My_ line!
7123	1790	1790	0.401649	1	What means that little word?—What death-knell rings in it, that old Ahab shakes as if he were the belfry.
7124	2467	2467	0.140159	1	The harpoon, too!—toss over the litter there,—d’ye see it?—the forged iron, men, the white whale’s—no, no, no,—blistered
7125	1790	1790	0.181882	1	this hand did dart it!—’tis in the fish!—Aloft there!
7126	2874	2874	0.707183	1	Keep him nailed—Quick!—all hands to the rigging of the boats—collect the oars—harpooneers!
7127	1790	1790	0.085589	1	the irons, the irons!—hoist the royals higher—a pull on all the sheets!—helm there!
7128	2659	2659	0.056910	1	steady, steady for your life!
7129	2489	2489	0.349895	1	I’ll ten times girdle the unmeasured globe; yea and dive straight through it, but I’ll slay him yet!” “Great God!
7130	548	548	0.503938	1	but for one single instant show thyself,” cried Starbuck; “never, never wilt thou capture him, old man—In Jesus’ name no
7131	2073	2073	1.460840	1	Two days chased; twice stove to splinters; thy very leg once more snatched from under thee; thy evil shadow gone—all goo
7132	2073	2073	0.025430	1	Shall we be dragged by him to the bottom of the sea?
7133	1888	1888	0.286170	1	Shall we be towed by him to the infernal world?
7134	1790	1790	0.193156	1	Oh, oh,—Impiety and blasphemy to hunt him more!” “Starbuck, of late I’ve felt strangely moved to thee; ever since that h
7135	2761	2761	0.055760	1	But in this matter of the whale, be the front of thy face to me as the palm of this hand—a lipless, unfeatured blank.
7136	2856	2856	0.135572	1	Ahab is for ever Ahab, man.
7137	8	8	0.163995	1	This whole act’s immutably decreed.
7138	1888	1888	0.420552	1	’Twas rehearsed by thee and me a billion years before this ocean rolled.
7139	2761	2761	0.207986	1	I am the Fates’ lieutenant; I act under orders.
7140	1821	1821	0.233798	1	that thou obeyest mine.—Stand round me, men.
7141	1888	1888	0.524590	1	Ye see an old man cut down to the stump; leaning on a shivered lance; propped up on a lonely foot.
7142	1790	1790	0.599618	1	’Tis Ahab—his body’s part; but Ahab’s soul’s a centipede, that moves upon a hundred legs.
7143	1888	1888	0.552230	1	I feel strained, half stranded, as ropes that tow dismasted frigates in a gale; and I may look so.
7144	1790	1790	0.169291	1	But ere I break, ye’ll hear me crack; and till ye hear _that_, know that Ahab’s hawser tows his purpose yet.
7145	1888	1888	0.602169	1	Believe ye, men, in the things called omens?
7146	841	841	0.013600	1	Then laugh aloud, and cry encore!
7147	2281	2281	0.019112	1	For ere they drown, drowning things will twice rise to the surface; then rise again, to sink for evermore.
7148	2735	2735	0.198427	1	So with Moby Dick—two days he’s floated—tomorrow will be the third.
7149	8	8	0.049863	1	Aye, men, he’ll rise once more,—but only to spout his last!
7150	548	548	1.081679	1	D’ye feel brave men, brave?” “As fearless fire,” cried Stubb.
7151	688	688	0.732077	1	“And as mechanical,” muttered Ahab.
7152	1678	1678	0.286814	1	Then as the men went forward, he muttered on: “The things called omens!
7153	1118	1118	0.426394	1	And yesterday I talked the same to Starbuck there, concerning my broken boat.
7154	2659	2659	0.178773	1	how valiantly I seek to drive out of others’ hearts what’s clinched so fast in mine!—The Parsee—the Parsee!—gone, gone?
7155	1405	1405	0.280048	1	and he was to go before:—but still was to be seen again ere I could perish—How’s that?—There’s a riddle now might baffle
7156	1790	1790	0.092589	1	_I’ll_, _I’ll_ solve it, though!” When dusk descended, the whale was still in sight to leeward.
7157	1790	1790	0.026011	1	So once more the sail was shortened, and everything passed nearly as on the previous night; only, the sound of hammers, 
7158	2031	2031	0.073138	1	Meantime, of the broken keel of Ahab’s wrecked craft the carpenter made him another leg; while still as on the night bef
7159	1888	1888	0.323872	1	The morning of the third day dawned fair and fresh, and once more the solitary night-man at the fore-mast-head was relie
7160	1102	1102	0.025985	1	“D’ye see him?” cried Ahab; but the whale was not yet in sight.
7161	2145	2145	0.628951	1	“In his infallible wake, though; but follow that wake, that’s all.
7162	1888	1888	0.400083	1	Helm there; steady, as thou goest, and hast been going.
7163	1888	1888	0.002064	1	What a lovely day again!
7164	2073	2073	0.693877	1	were it a new-made world, and made for a summer-house to the angels, and this morning the first of its throwing open to 
7165	8	8	0.124256	1	Here’s food for thought, had Ahab time to think; but Ahab never thinks; he only feels, feels, feels; _that’s_ tingling e
7166	2154	2154	0.154621	1	God only has that right and privilege.
7167	2659	2659	0.292458	1	Thinking is, or ought to be, a coolness and a calmness; and our poor hearts throb, and our poor brains beat too much for
7168	8	8	0.229019	1	And yet, I’ve sometimes thought my brain was very calm—frozen calm, this old skull cracks so, like a glass in which the 
7169	1790	1790	0.069058	1	And still this hair is growing now; this moment growing, and heat must breed it; but no, it’s like that sort of common g
7170	2330	2330	0.112528	1	How the wild winds blow it; they whip it about me as the torn shreds of split sails lash the tossed ship they cling to.
7171	2609	2609	0.457151	1	A vile wind that has no doubt blown ere this through prison corridors and cells, and wards of hospitals, and ventilated 
7172	1054	1054	0.183162	1	Were I the wind, I’d blow no more on such a wicked, miserable world.
7173	1888	1888	0.031549	1	I’d crawl somewhere to a cave, and slink there.
7174	1790	1790	0.092863	1	And yet, ’tis a noble and heroic thing, the wind!
7175	2874	2874	0.215458	1	In every fight it has the last and bitterest blow.
7176	1888	1888	0.672783	1	Run tilting at it, and you but run through it.
7177	2707	2707	0.025904	1	a coward wind that strikes stark naked men, but will not stand to receive a single blow.
7178	2094	2094	0.199083	1	Even Ahab is a braver thing—a nobler thing than _that_.
7179	2661	2661	0.612523	1	Would now the wind but had a body; but all the things that most exasperate and outrage mortal man, all these things are 
7180	1645	1645	0.323202	1	There’s a most special, a most cunning, oh, a most malicious difference!
7181	8	8	0.336010	1	And yet, I say again, and swear it now, that there’s something all glorious and gracious in the wind.
7182	2073	2073	0.874873	1	These warm Trade Winds, at least, that in the clear heavens blow straight on, in strong and steadfast, vigorous mildness
7183	971	971	0.396826	1	And by the eternal Poles!
7184	1199	1199	0.246196	1	these same Trades that so directly blow my good ship on; these Trades, or something like them—something so unchangeable,
7185	2874	2874	0.577699	1	What d’ye see?” “Nothing, sir.” “Nothing!
7186	1888	1888	0.439493	1	Aye, aye, it must be so.
7187	1790	1790	0.100965	1	Aye, he’s chasing _me_ now; not I, _him_—that’s bad; I might have known it, too.
7188	1790	1790	0.445348	1	the lines—the harpoons he’s towing.
7189	1888	1888	0.248271	1	Aye, aye, I have run him by last night.
7190	1790	1790	0.297564	1	Come down, all of ye, but the regular look outs!
7191	2528	2528	0.021111	1	Man the braces!” Steering as she had done, the wind had been somewhat on the Pequod’s quarter, so that now being pointed
7192	688	688	0.679959	1	“Against the wind he now steers for the open jaw,” murmured Starbuck to himself, as he coiled the new-hauled main-brace 
7193	1888	1888	0.294901	1	“God keep us, but already my bones feel damp within me, and from the inside wet my flesh.
7194	548	548	0.757588	1	I misdoubt me that I disobey my God in obeying him!” “Stand by to sway me up!” cried Ahab, advancing to the hempen baske
7195	688	688	0.350767	1	“We should meet him soon.” “Aye, aye, sir,” and straightway Starbuck did Ahab’s bidding, and once more Ahab swung on hig
7196	1948	1948	0.253856	1	A whole hour now passed; gold-beaten out to ages.
7197	1888	1888	0.803752	1	Time itself now held long breaths with keen suspense.
7198	2073	2073	0.186412	1	But at last, some three points off the weather bow, Ahab descried the spout again, and instantly from the three mast-hea
7199	1888	1888	0.213488	1	“Forehead to forehead I meet thee, this third time, Moby Dick!
7200	1790	1790	0.136131	1	On deck there!—brace sharper up; crowd her into the wind’s eye.
7201	2711	2711	0.517693	1	He’s too far off to lower yet, Mr. Starbuck.
7202	2707	2707	0.483905	1	Stand over that helmsman with a top-maul!
7203	1888	1888	0.219387	1	So, so; he travels fast, and I must down.
7204	2469	2469	0.098318	1	But let me have one more good round look aloft here at the sea; there’s time for that.
7205	2659	2659	0.172130	1	An old, old sight, and yet somehow so young; aye, and not changed a wink since I first saw it, a boy, from the sand-hill
7206	2073	2073	0.195042	1	The same!—the same!—the same to Noah as to me.
7207	8	8	0.258928	1	There’s a soft shower to leeward.
7208	592	592	0.110069	1	They must lead somewhere—to something else than common land, more palmy than the palms.
7209	2073	2073	0.916221	1	the white whale goes that way; look to windward, then; the better if the bitterer quarter.
7210	1738	1738	0.530860	1	But good bye, good bye, old mast-head!
7211	1790	1790	0.354492	1	aye, tiny mosses in these warped cracks.
7212	1790	1790	0.190404	1	No such green weather stains on Ahab’s head!
7213	8	8	0.338273	1	There’s the difference now between man’s old age and matter’s.
7214	690	690	0.760156	1	But aye, old mast, we both grow old together; sound in our hulls, though, are we not, my ship?
7215	8	8	0.308859	1	Aye, minus a leg, that’s all.
7216	2073	2073	0.301986	1	By heaven this dead wood has the better of my live flesh every way.
7217	8	8	0.305438	1	I can’t compare with it; and I’ve known some ships made of dead trees outlast the lives of men made of the most vital st
7218	2742	2742	0.157953	1	he should still go before me, my pilot; and yet to be seen again?
7219	2977	2977	0.569827	1	Will I have eyes at the bottom of the sea, supposing I descend those endless stairs?
7220	1581	1581	0.327838	1	and all night I’ve been sailing from him, wherever he did sink to.
7221	1600	1600	0.476513	1	Aye, aye, like many more thou told’st direful truth as touching thyself, O Parsee; but, Ahab, there thy shot fell short.
7222	2073	2073	1.173357	1	Good-bye, mast-head—keep a good eye upon the whale, the while I’m gone.
7223	2874	2874	0.282887	1	We’ll talk to-morrow, nay, to-night, when the white whale lies down there, tied by head and tail.” He gave the word; and
7224	508	508	1.110113	1	In due time the boats were lowered; but as standing in his shallop’s stern, Ahab just hovered upon the point of the desc
7225	1888	1888	0.085197	1	“Starbuck!” “Sir?” “For the third time my soul’s ship starts upon this voyage, Starbuck.” “Aye, sir, thou wilt have it s
7226	2761	2761	0.144583	1	I am old;—shake hands with me, man.” Their hands met; their eyes fastened; Starbuck’s tears the glue.
7227	1790	1790	0.428185	1	“Oh, my captain, my captain!—noble heart—go not—go not!—see, it’s a brave man that weeps; how great the agony of the per
7228	2707	2707	0.012933	1	“Stand by the crew!” In an instant the boat was pulling round close under the stern.
7229	8	8	0.008183	1	the sharks!” cried a voice from the low cabin-window there; “O master, my master, come back!” But Ahab heard nothing; fo
7230	1594	1594	0.144403	1	Yet the voice spake true; for scarce had he pushed from the ship, when numbers of sharks, seemingly rising from out the 
7231	2073	2073	0.459637	1	It is a thing not uncommonly happening to the whale-boats in those swarming seas; the sharks at times apparently followi
7232	1594	1594	0.437734	1	But these were the first sharks that had been observed by the Pequod since the White Whale had been first descried; and 
7233	548	548	0.164213	1	“Heart of wrought steel!” murmured Starbuck gazing over the side, and following with his eyes the receding boat—“canst t
7234	2977	2977	0.125232	1	what is this that shoots through me, and leaves me so deadly calm, yet expectant,—fixed at the top of a shudder!
7235	1888	1888	0.444598	1	Future things swim before me, as in empty outlines and skeletons; all the past is somehow grown dim.
7236	2874	2874	0.380231	1	thou fadest in pale glories behind me; boy!
7237	1888	1888	0.087435	1	I seem to see but thy eyes grown wondrous blue.
7238	674	674	0.498549	1	Strangest problems of life seem clearing; but clouds sweep between—Is my journey’s end coming?
7239	1888	1888	0.246037	1	My legs feel faint; like his who has footed it all day.
7240	1888	1888	0.083824	1	Feel thy heart,—beats it yet?
7241	1888	1888	0.417378	1	Stir thyself, Starbuck!—stave it off—move, move!
7242	1790	1790	0.349755	1	See ye my boy’s hand on the hill?—Crazed;—aloft there!—keep thy keenest eye upon the boats:—mark well the whale!—Ho!
7243	1790	1790	0.199053	1	he pecks—he tears the vane”—pointing to the red flag flying at the main-truck—“Ha!
7244	8	8	0.463130	1	he soars away with it!—Where’s the old man now?
7245	8	8	0.097497	1	see’st thou that sight, oh Ahab!—shudder, shudder!” The boats had not gone very far, when by a signal from the mast-head
7246	1888	1888	0.230511	1	“Drive, drive in your nails, oh ye waves!
7247	1790	1790	0.084546	1	to their uttermost heads drive them in!
7248	2466	2466	0.234973	1	ye but strike a thing without a lid; and no coffin and no hearse can be mine:—and hemp only can kill me!
7249	1888	1888	0.206893	1	ha!” Suddenly the waters around them slowly swelled in broad circles; then quickly upheaved, as if sideways sliding from
7250	1594	1594	0.263407	1	A low rumbling sound was heard; a subterraneous hum; and then all held their breaths; as bedraggled with trailing ropes,
7251	2874	2874	0.011413	1	Shrouded in a thin drooping veil of mist, it hovered for a moment in the rainbowed air; and then fell swamping back into
7252	1594	1594	0.283237	1	Crushed thirty feet upwards, the waters flashed for an instant like heaps of fountains, then brokenly sank in a shower o
7253	2874	2874	0.300387	1	“Give way!” cried Ahab to the oarsmen, and the boats darted forward to the attack; but maddened by yesterday’s fresh iro
7254	2467	2467	0.119497	1	The wide tiers of welded tendons overspreading his broad white forehead, beneath the transparent skin, looked knitted to
7255	386	386	0.699987	1	While Daggoo and Queequeg were stopping the strained planks; and as the whale swimming out from them, turned, and showed
7256	2659	2659	0.039007	1	Lashed round and round to the fish’s back; pinioned in the turns upon turns in which, during the past night, the whale h
7257	1888	1888	0.629413	1	The harpoon dropped from his hand.
7258	688	688	0.278843	1	“Befooled, befooled!”—drawing in a long lean breath—“Aye, Parsee!
7259	1888	1888	0.201104	1	I see thee again.—Aye, and thou goest before; and this, _this_ then is the hearse that thou didst promise.
7260	2073	2073	0.836815	1	But I hold thee to the last letter of thy word.
7261	170	170	0.139183	1	Where is the second hearse?
7262	1888	1888	0.075322	1	Away, mates, to the ship!
7263	882	882	0.206055	1	those boats are useless now; repair them if ye can in time, and return to me; if not, Ahab is enough to die—Down, men!
7264	2073	2073	0.844580	1	the first thing that but offers to jump from this boat I stand in, that thing I harpoon.
7265	1888	1888	0.232615	1	Ye are not other men, but my arms and my legs; and so obey me.—Where’s the whale?
7266	2874	2874	0.318596	1	gone down again?” But he looked too nigh the boat; for as if bent upon escaping with the corpse he bore, and as if the p
7267	1206	1206	0.189893	1	He seemed swimming with his utmost velocity, and now only intent upon pursuing his own straight path in the sea.
7268	1790	1790	0.241387	1	Ahab,” cried Starbuck, “not too late is it, even now, the third day, to desist.
7269	1888	1888	0.290118	1	Moby Dick seeks thee not.
7270	2874	2874	0.868972	1	It is thou, thou, that madly seekest him!” Setting sail to the rising wind, the lonely boat was swiftly impelled to leew
7271	1767	1767	0.093501	1	And at last when Ahab was sliding by the vessel, so near as plainly to distinguish Starbuck’s face as he leaned over the
7272	1594	1594	0.072859	1	Glancing upwards, he saw Tashtego, Queequeg, and Daggoo, eagerly mounting to the three mast-heads; while the oarsmen wer
7273	541	541	0.697641	1	One after the other, through the port-holes, as he sped, he also caught flying glimpses of Stubb and Flask, busying them
7274	1558	1558	0.550968	1	As he saw all this; as he heard the hammers in the broken boats; far other hammers seemed driving a nail into his heart.
7275	777	777	0.382596	1	And now marking that the vane or flag was gone from the main-mast-head, he shouted to Tashtego, who had just gained that
7276	1790	1790	0.004252	1	Whether fagged by the three days’ running chase, and the resistance to his swimming in the knotted hamper he bore; or wh
7277	2874	2874	0.228868	1	And still as Ahab glided over the waves the unpitying sharks accompanied him; and so pertinaciously stuck to the boat; a
7278	2874	2874	0.459484	1	those teeth but give new rowlocks to your oars.
7279	2073	2073	0.315775	1	’tis the better rest, the shark’s jaw than the yielding water.” “But at every bite, sir, the thin blades grow smaller an
7280	771	771	0.299393	1	pull on!—But who can tell”—he muttered—“whether these sharks swim to feast on the whale or on Ahab?—But pull on!
7281	1888	1888	0.277912	1	Aye, all alive, now—we near him.
7282	2874	2874	0.159071	1	let me pass,”—and so saying two of the oarsmen helped him forward to the bows of the still flying boat.
7283	73	73	0.312276	1	At length as the craft was cast to one side, and ran ranging along with the White Whale’s flank, he seemed strangely obl
7284	1594	1594	0.092797	1	As both steel and curse sank to the socket, as if sucked into a morass, Moby Dick sideways writhed; spasmodically rolled
7285	2874	2874	0.524341	1	As it was, three of the oarsmen—who foreknew not the precise instant of the dart, and were therefore unprepared for its 
7286	2874	2874	0.019807	1	Almost simultaneously, with a mighty volition of ungraduated, instantaneous swiftness, the White Whale darted through th
7287	1790	1790	0.183938	1	But when Ahab cried out to the steersman to take new turns with the line, and hold it so; and commanded the crew to turn
7288	2874	2874	0.637662	1	Some sinew cracks!—’tis whole again; oars!
7289	2098	2098	0.030256	1	Burst in upon him!” Hearing the tremendous rush of the sea-crashing boat, the whale wheeled round to present his blank f
7290	1821	1821	0.033702	1	Ahab staggered; his hand smote his forehead.
7291	1206	1206	0.657556	1	stretch out before me that I may yet grope my way.
7292	2874	2874	0.393547	1	The ship!” cried the cringing oarsmen.
7293	2659	2659	0.382122	1	Slope downwards to thy depths, O sea, that ere it be for ever too late, Ahab may slide this last, last time upon his mar
7294	2874	2874	1.284376	1	Will ye not save my ship?” But as the oarsmen violently forced their boat through the sledge-hammering seas, the before 
7295	2469	2469	0.214668	1	Meantime, for that one beholding instant, Tashtego’s mast-head hammer remained suspended in his hand; and the red flag, 
7296	1113	1113	0.116472	1	Oh, all ye sweet powers of air, now hug me close!
7297	8	8	0.163600	1	Let not Starbuck die, if die he must, in a woman’s fainting fit.
7298	1888	1888	0.305563	1	Up helm, I say—ye fools, the jaw!
7299	674	674	0.557782	1	Is this the end of all my bursting prayers?
7300	1790	1790	0.639773	1	Oh, Ahab, Ahab, lo, thy work.
7301	1888	1888	0.213977	1	He turns to meet us!
7302	3058	3058	0.154920	1	Oh, his unappeasable brow drives on towards one, whose duty tells him he cannot depart.
7303	2145	2145	0.143728	1	My God, stand by me now!” “Stand not by me, but stand under me, whoever you are that will now help Stubb; for Stubb, too
7304	1888	1888	0.547488	1	I grin at thee, thou grinning whale!
7305	3032	3032	0.132600	1	Who ever helped Stubb, or kept Stubb awake, but Stubb’s own unwinking eye?
7306	2808	2808	1.014333	1	And now poor Stubb goes to bed upon a mattrass that is all too soft; would it were stuffed with brushwood!
7307	1888	1888	0.547488	1	I grin at thee, thou grinning whale!
7308	2659	2659	0.322751	1	Look ye, sun, moon, and stars!
7309	2609	2609	0.252851	1	I call ye assassins of as good a fellow as ever spouted up his ghost.
7310	2115	2115	0.133548	1	For all that, I would yet ring glasses with ye, would ye but hand the cup!
7311	8	8	0.303768	1	thou grinning whale, but there’ll be plenty of gulping soon!
7312	882	882	0.750228	1	Why fly ye not, O Ahab!
7313	1790	1790	0.125585	1	For me, off shoes and jacket to it; let Stubb die in his drawers!
7314	1790	1790	0.010440	1	A most mouldy and over salted death, though;—cherries!
7315	1797	1797	0.046917	1	Oh, Flask, for one red cherry ere we die!” “Cherries?
7316	1888	1888	0.082559	1	I only wish that we were where they grow.
7317	541	541	0.205375	1	Oh, Stubb, I hope my poor mother’s drawn my part-pay ere this; if not, few coppers will now come to her, for the voyage 
7318	1888	1888	0.014895	1	Retribution, swift vengeance, eternal malice were in his whole aspect, and spite of all that mortal man could do, the so
7319	1888	1888	0.116056	1	Some fell flat upon their faces.
7320	2528	2528	0.032119	1	Like dislodged trucks, the heads of the harpooneers aloft shook on their bull-like necks.
7321	2330	2330	0.146835	1	Through the breach, they heard the waters pour, as mountain torrents down a flume.
7322	2073	2073	0.321074	1	The hearse!—the second hearse!” cried Ahab from the boat; “its wood could only be American!” Diving beneath the settling
7323	1888	1888	0.096266	1	“I turn my body from the sun.
7324	1888	1888	0.024468	1	let me hear thy hammer.
7325	945	945	0.267068	1	ye three unsurrendered spires of mine; thou uncracked keel; and only god-bullied hull; thou firm deck, and haughty helm,
7326	592	592	0.221033	1	must ye then perish, and without me?
7327	2073	2073	0.203822	1	Am I cut off from the last fond pride of meanest shipwrecked captains?
7328	1790	1790	0.030648	1	Oh, lonely death on lonely life!
7329	1790	1790	0.055157	1	Oh, now I feel my topmost greatness lies in my topmost grief.
7330	1790	1790	0.019045	1	from all your furthest bounds, pour ye now in, ye bold billows of my whole foregone life, and top this one piled comber 
7331	2073	2073	0.681960	1	Towards thee I roll, thou all-destroying but unconquering whale; to the last I grapple with thee; from hell’s heart I st
7332	945	945	0.094913	1	Sink all coffins and all hearses to one common pool!
7333	1790	1790	0.031574	1	and since neither can be mine, let me then tow to pieces, while still chasing thee, though tied to thee, thou damned wha
7334	2467	2467	0.125238	1	_Thus_, I give up the spear!” The harpoon was darted; the stricken whale flew forward; with igniting velocity the line r
7335	691	691	0.017547	1	Ahab stooped to clear it; he did clear it; but the flying turn caught him round the neck, and voicelessly as Turkish mut
7336	2874	2874	0.227252	1	Next instant, the heavy eye-splice in the rope’s final end flew out of the stark-empty tub, knocked down an oarsman, and
7337	8	8	0.167920	1	For an instant, the tranced boat’s crew stood still; then turned.
7338	1888	1888	0.027723	1	Great God, where is the ship?” Soon they through dim, bewildering mediums saw her sidelong fading phantom, as in the gas
7339	2874	2874	0.222677	1	And now, concentric circles seized the lone boat itself, and all its crew, and each floating oar, and every lance-pole, 
7340	2659	2659	0.963277	1	But as the last whelmings intermixingly poured themselves over the sunken head of the Indian at the mainmast, leaving a 
7341	1594	1594	0.140546	1	A sky-hawk that tauntingly had followed the main-truck downwards from its natural home among the stars, pecking at the f
7342	2094	2094	0.561422	1	Now small fowls flew screaming over the yet yawning gulf; a sullen white surf beat against its steep sides; then all col
7343	2869	2869	0.225463	1	Why then here does any one step forth?—Because one did survive the wreck.
7344	2761	2761	0.065143	1	It so chanced, that after the Parsee’s disappearance, I was he whom the Fates ordained to take the place of Ahab’s bowsm
7345	2528	2528	0.075063	1	So, floating on the margin of the ensuing scene, and in full sight of it, when the halfspent suction of the sunk ship re
7346	1678	1678	0.222601	1	When I reached it, it had subsided to a creamy pool.
7347	2659	2659	0.030055	1	Round and round, then, and ever contracting towards the button-like black bubble at the axis of that slowly wheeling cir
7348	1888	1888	0.396026	1	Till, gaining that vital centre, the black bubble upward burst; and now, liberated by reason of its cunning spring, and,
7349	2659	2659	0.995406	1	Buoyed up by that coffin, for almost one whole day and night, I floated on a soft and dirgelike main.
7350	1888	1888	0.059817	1	The unharming sharks, they glided by as if with padlocks on their mouths; the savage sea-hawks sailed with sheathed beak
7351	2528	2528	0.380780	1	On the second day, a sail drew near, nearer, and picked me up at last.
7352	2247	2247	0.359324	1	It was the devious-cruising Rachel, that in her retracing search after her missing children, only found another orphan.
