# {'model': 'gpt2', 'layer': 5, 'hook': 'transformer.h[5].mlp.act', 'm': 3072, 'vocab': 50257, 'device': 'cuda'}
neuron	bos_act	exp_wins	imp_r_wins	imp_i_wins	exp_max	imp_max_all	imp_max_last
0	-0.076288	0	0	0	-0.074524	0.220788	0.220788
1	0.253603	0	0	0	0.266771	0.738362	0.738362
2	-0.063139	0	0	0	-0.058712	1.018230	1.018230
3	0.136350	0	0	0	0.147942	0.956186	0.956186
4	0.285320	0	0	0	0.307118	2.039702	2.039702
5	0.355651	0	0	0	0.397944	2.394078	2.394078
6	0.622736	0	0	0	0.640961	1.279192	1.279192
7	-0.106395	0	0	0	-0.102235	2.018897	2.018897
8	0.324595	0	11	11	0.382275	3.596837	3.596837
9	-0.006302	0	0	0	-0.005111	1.858144	1.858144
10	-0.066602	0	0	0	-0.062951	0.861834	0.861834
11	-0.009521	0	1	1	-0.007803	2.410569	2.410569
12	0.337813	0	0	0	0.366076	2.326459	2.326459
13	-0.006381	0	0	0	0.005521	0.064761	0.064761
14	0.290071	0	0	0	0.312088	1.558757	1.558757
15	0.398365	0	0	0	0.431013	1.744856	1.744856
16	0.425113	0	0	0	0.447185	1.243755	1.243755
17	0.384190	0	0	0	0.405381	1.408452	1.408452
18	0.564263	0	0	0	0.606342	0.833158	0.833158
19	-0.099680	0	0	0	-0.094844	0.533775	0.533775
20	-0.007050	0	0	0	-0.006329	2.316557	2.316557
21	0.535653	0	0	0	0.548788	0.535654	0.318024
22	-0.055366	0	0	0	-0.052841	-0.008965	-0.008965
23	-0.036073	0	0	0	-0.033232	1.778768	1.778768
24	-0.153522	0	0	0	-0.147799	1.980144	1.980144
25	-0.033066	0	0	0	-0.002835	2.876399	2.876399
26	0.534428	0	0	0	0.552454	1.053576	1.053576
27	0.246606	0	0	0	0.272862	1.544628	1.544628
28	0.043632	0	0	0	0.050270	0.798864	0.798864
29	-0.054669	0	0	0	-0.044202	0.621294	0.621294
30	0.421499	0	0	0	0.457639	0.625440	0.625440
31	0.261494	0	0	0	0.279624	0.979588	0.979588
32	-0.115455	0	0	0	-0.110810	0.967130	0.967130
33	-0.154093	0	0	0	-0.150954	2.130682	2.130682
34	0.699120	0	0	0	0.735864	1.429140	1.429140
35	0.091093	0	0	0	0.110358	1.689873	1.689873
36	-0.002489	0	0	0	-0.001906	1.296328	1.296328
37	0.212853	0	0	0	0.227617	1.761983	1.761983
38	0.116320	0	0	0	0.122083	1.663988	1.663988
39	-0.037310	0	0	0	-0.028526	1.800867	1.800867
40	-0.045567	0	0	0	-0.038357	0.915780	0.915780
41	-0.162067	0	0	0	-0.159350	1.108195	1.108195
42	-0.049868	0	0	0	-0.045278	0.216127	0.216127
43	0.101747	0	3	4	0.121881	2.960997	2.960997
44	0.689931	0	0	0	0.729407	0.934719	0.934719
45	-0.015130	0	0	0	-0.013983	0.830889	0.830889
46	-0.069450	0	0	0	-0.065503	0.719416	0.719416
47	0.782924	0	0	0	0.820844	2.103711	2.103711
48	-0.000146	0	0	0	-0.000111	1.796342	1.796342
49	0.221523	0	0	0	0.234232	0.690622	0.690622
50	-0.129791	0	0	0	-0.127125	0.671518	0.671518
51	0.018133	0	0	0	0.031518	2.224586	2.224586
52	-0.050448	0	0	0	-0.046225	0.642059	0.642059
53	-0.045763	0	0	0	-0.042345	0.739156	0.739156
54	-0.116273	0	0	0	-0.113144	1.380751	1.380751
55	0.757222	0	0	0	0.811909	1.253853	1.253853
56	-0.108055	0	0	0	-0.105282	1.855861	1.855861
57	-0.143576	0	0	0	-0.140418	1.340448	1.340448
58	0.304844	0	0	0	0.312031	1.261024	1.261024
59	0.164784	0	0	0	0.180228	1.236474	1.236474
60	-0.002544	0	0	0	-0.002130	0.636745	0.636745
61	-0.008444	0	0	0	-0.006951	2.222672	2.222672
62	-0.037591	0	0	0	-0.035502	1.994023	1.994023
63	0.020171	0	0	0	0.030534	1.153415	1.153415
64	-0.019846	0	0	0	-0.017805	0.185467	0.185467
65	-0.000445	0	0	0	0.017858	1.519047	1.519047
66	0.584530	0	0	0	0.608648	1.585467	1.585467
67	-0.047227	0	0	0	-0.045313	1.604972	1.604972
68	-0.151096	0	0	0	-0.147473	1.736671	1.736671
69	0.194578	0	0	0	0.212555	0.808603	0.808603
70	0.406386	0	0	0	0.432682	1.834053	1.834053
71	-0.012562	0	0	0	-0.010644	1.445066	1.445066
72	-0.012273	0	0	0	-0.010787	2.180562	2.180562
73	-0.077187	0	0	0	-0.076003	1.075016	1.075016
74	0.545511	0	0	0	0.586466	2.065737	2.065737
75	-0.000358	0	0	0	-0.000263	0.536942	0.536942
76	0.530858	0	0	0	0.545237	1.482950	1.482950
77	0.265868	0	0	0	0.278894	1.025000	1.025000
78	-0.034715	0	0	1	-0.031395	2.486515	2.486515
79	-0.062235	0	0	0	-0.058830	1.522330	1.522330
80	0.267336	0	0	0	0.286686	1.051620	1.051620
81	-0.061841	0	0	0	-0.058243	0.331831	0.331831
82	0.093058	0	0	0	0.108737	1.600389	1.600389
83	-0.005185	0	0	0	-0.004090	0.436881	0.436881
84	-0.007790	0	0	0	-0.006567	2.301683	2.301683
85	-0.163721	0	0	0	-0.161025	1.237252	1.237252
86	0.140577	0	0	0	0.153311	0.789766	0.789766
87	-0.085394	0	0	0	-0.084485	2.364054	2.364054
88	-0.034395	0	0	0	-0.022625	1.106171	1.106171
89	-0.012014	0	0	0	-0.010403	2.380852	2.380852
90	-0.012196	0	0	0	-0.010408	1.361853	1.361853
91	-0.006161	0	0	0	-0.005239	2.081837	2.081837
92	-0.034256	0	0	0	-0.031326	2.114915	2.114915
93	-0.097628	0	0	0	-0.095373	1.032486	1.032486
94	-0.052903	0	0	0	-0.050157	0.540700	0.540700
95	0.010325	0	0	0	0.014364	0.625792	0.625792
96	-0.066913	0	0	0	-0.066154	2.105974	2.105974
97	0.181288	0	0	0	0.205783	0.823345	0.823345
98	-0.091983	0	0	0	-0.088955	2.119561	2.119561
99	-0.000001	0	0	0	-0.000001	0.292308	0.292308
100	-0.065010	0	0	0	-0.055750	0.805655	0.805655
101	-0.062868	0	0	0	-0.058194	2.470387	2.470387
102	-0.129060	0	1	1	-0.127261	2.720570	2.720570
103	-0.145399	0	0	0	-0.141926	1.794974	1.794974
104	-0.110191	0	0	0	-0.106651	0.480349	0.480349
105	-0.040964	0	0	0	-0.039990	0.595198	0.595198
106	0.068284	0	0	0	0.086579	1.117899	1.117899
107	-0.020486	0	0	0	-0.018257	1.253984	1.253984
108	0.380245	0	0	0	0.402372	1.603956	1.603956
109	-0.098380	0	0	0	-0.095856	0.981918	0.981918
110	-0.044273	0	0	0	-0.041242	2.197379	2.197379
111	0.325196	0	0	0	0.337755	1.045048	1.045048
112	0.027873	0	0	0	0.030895	0.648998	0.648998
113	0.319038	0	0	1	0.345728	2.231628	2.231628
114	-0.027365	0	0	0	-0.024446	2.308115	2.308115
115	0.110953	0	0	0	0.120883	1.413439	1.413439
116	-0.053196	0	0	0	-0.050997	1.364137	1.364137
117	-0.014388	0	0	0	-0.012614	2.240122	2.240122
118	0.571514	0	0	0	0.601602	1.735423	1.735423
119	0.127724	0	0	0	0.133369	0.636994	0.636994
120	0.340881	0	0	0	0.358697	0.768943	0.768943
121	-0.105582	0	0	0	-0.101078	2.749496	2.749496
122	-0.037371	0	0	0	-0.031957	0.807194	0.807194
123	-0.044126	0	0	0	-0.041588	0.625509	0.625509
124	-0.039007	0	0	0	-0.036441	0.194674	0.194674
125	0.475351	0	0	0	0.506564	0.736461	0.736461
126	-0.062217	0	0	0	-0.058009	1.238864	1.238864
127	-0.089285	0	0	0	-0.085010	1.273643	1.273643
128	0.056967	0	0	0	0.078730	1.381593	1.381593
129	-0.033228	0	0	0	-0.030783	0.642407	0.642407
130	-0.042313	0	0	0	-0.036412	1.704454	1.704454
131	-0.023578	0	0	0	-0.021130	1.227204	1.227204
132	-0.013817	0	1	2	-0.011987	2.661233	2.661233
133	0.003996	0	0	0	0.024181	1.970472	1.970472
134	-0.045356	0	0	0	-0.041924	0.548010	0.548010
135	-0.101817	0	0	0	-0.099226	1.912118	1.912118
136	0.242783	0	0	0	0.255430	0.931255	0.931255
137	-0.039904	0	0	0	-0.036512	2.192115	2.192115
138	0.341311	0	0	0	0.364061	0.915759	0.915759
139	-0.006951	0	0	0	-0.005544	0.609690	0.609690
140	0.298105	0	0	0	0.320357	1.203839	1.203839
141	-0.020651	0	0	0	-0.018388	0.415637	0.415637
142	0.051127	0	0	0	0.069446	1.577521	1.577521
143	-0.056034	0	0	0	-0.053738	2.502741	2.502741
144	0.111718	0	0	0	0.126830	0.446173	0.446173
145	-0.168711	0	0	0	-0.167067	1.092359	1.092359
146	-0.027976	0	0	0	-0.012288	1.051509	1.051509
147	-0.052126	0	0	0	-0.049437	0.838816	0.838816
148	-0.103083	0	0	0	-0.094214	0.689043	0.689043
149	-0.000085	0	0	0	-0.000064	0.862529	0.862529
150	0.187304	0	0	0	0.197021	1.361542	1.361542
151	0.582695	0	0	0	0.612059	1.113410	1.113410
152	0.381154	0	0	0	0.409670	1.609224	1.609224
153	-0.004464	0	0	0	-0.003475	0.835585	0.835585
154	-0.027028	0	0	0	-0.023999	1.735387	1.735387
155	-0.014970	0	0	0	-0.013129	0.285129	0.285129
156	0.355896	0	0	0	0.368724	1.082974	1.082974
157	-0.032608	0	0	0	-0.029557	0.962111	0.962111
158	0.106992	0	0	0	0.121403	0.773596	0.773596
159	0.296243	0	0	0	0.315272	1.057804	1.057804
160	-0.128196	0	0	0	-0.121878	0.983556	0.983556
161	-0.059406	0	0	0	-0.055399	1.316915	1.316915
162	0.061351	0	0	0	0.079166	1.375609	1.375609
163	0.621540	0	0	0	0.660420	1.995125	1.995125
164	-0.068981	0	0	0	-0.063893	1.528939	1.528939
165	-0.038130	0	0	0	-0.035641	2.163887	2.163887
166	0.496843	0	0	0	0.525092	2.543524	2.543524
167	-0.011721	0	0	0	-0.010176	1.883976	1.883976
168	0.281376	0	0	0	0.292925	0.863436	0.863436
169	-0.000825	0	0	0	-0.000648	1.301852	1.301852
170	-0.116567	0	5	5	-0.113932	3.240382	3.240382
171	-0.084533	0	0	0	-0.082093	1.499215	1.499215
172	0.539354	0	0	0	0.568191	1.632446	1.632446
173	-0.153329	0	0	0	-0.151083	1.357607	1.357607
174	0.258307	0	0	0	0.274251	0.940067	0.940067
175	0.363314	0	0	0	0.383332	2.388208	2.388208
176	0.317333	0	0	0	0.339051	0.521333	0.521333
177	0.505244	0	0	0	0.540269	0.803382	0.803382
178	-0.017846	0	0	0	-0.016352	2.147434	2.147434
179	-0.038576	0	0	0	-0.037012	0.659012	0.659012
180	0.564727	0	0	0	0.593615	1.186138	1.186138
181	-0.098652	0	0	0	-0.093664	1.824138	1.824138
182	-0.037213	0	0	0	-0.034298	2.209172	2.209172
183	-0.005225	0	6	6	-0.004419	3.483606	3.483606
184	-0.068394	0	1	2	-0.066177	2.752621	2.752621
185	0.602907	0	0	0	0.638058	1.847102	1.847102
186	-0.014698	0	0	0	-0.013392	1.759751	1.759751
187	0.104403	0	0	0	0.117172	1.119766	1.119766
188	0.201391	0	0	0	0.218692	0.258759	0.258759
189	-0.106295	0	0	0	-0.102298	2.016916	2.016916
190	0.055032	0	0	0	0.065224	0.818589	0.818589
191	0.430830	0	0	0	0.443586	1.528231	1.528231
192	0.217938	0	0	0	0.239383	1.663123	1.663123
193	0.208111	0	0	0	0.236606	1.096125	1.096125
194	-0.063228	0	0	0	-0.058153	1.151738	1.151738
195	-0.007087	0	0	0	-0.006319	0.552853	0.552853
196	-0.113742	0	0	0	-0.111130	0.417946	0.417946
197	-0.047152	0	0	0	-0.043677	1.152671	1.152671
198	0.312694	0	0	0	0.319530	1.200826	1.200826
199	-0.084623	0	0	0	-0.082141	1.178025	1.178025
200	-0.008341	0	0	0	-0.007359	0.930105	0.930105
201	-0.095975	0	0	0	-0.093111	1.106837	1.106837
202	-0.075840	0	0	0	-0.073007	2.806402	2.806402
203	0.285897	0	0	0	0.300881	1.880329	1.880329
204	0.358858	0	0	0	0.390349	1.302272	1.302272
205	0.004900	0	0	0	0.015354	0.877151	0.877151
206	-0.019535	0	0	0	-0.018356	0.295981	0.295981
207	0.112440	0	0	0	0.129463	1.315595	1.315595
208	0.007938	0	0	0	0.019453	0.818975	0.818975
209	0.099982	0	0	0	0.116314	1.816764	1.816764
210	-0.068505	0	0	0	-0.064786	1.321870	1.321870
211	0.205275	0	0	0	0.219689	1.181343	1.181343
212	-0.139272	0	0	0	-0.135216	2.121707	2.121707
213	-0.077177	0	2	2	-0.072319	3.150107	3.150107
214	-0.003834	0	0	0	-0.003115	2.742361	2.742361
215	0.518468	0	0	0	0.537505	0.964926	0.964926
216	-0.112782	0	0	0	-0.107078	1.148107	1.148107
217	-0.039831	0	0	0	-0.038051	1.671477	1.671477
218	-0.035036	0	0	0	-0.031744	2.171119	2.171119
219	-0.008119	0	1	1	-0.006725	2.971061	2.971061
220	-0.018767	0	0	0	-0.016527	1.732859	1.732859
221	-0.025668	0	0	0	-0.024663	1.224524	1.224524
222	0.268021	0	0	0	0.285481	1.168159	1.168159
223	0.282052	0	0	0	0.306601	1.357202	1.357202
224	0.672716	0	0	0	0.690054	1.027998	1.027998
225	-0.085296	0	0	0	-0.082520	1.060131	1.060131
226	0.361566	0	0	0	0.379761	2.050941	2.050941
227	0.374677	0	0	0	0.403392	0.785931	0.785931
228	0.607618	0	0	0	0.638946	2.336264	2.336264
229	0.222639	0	0	0	0.235103	1.701778	1.701778
230	-0.005661	0	23	26	-0.004549	3.308718	3.308718
231	0.170929	0	0	0	0.189549	1.676220	1.676220
232	0.244791	0	0	0	0.254642	0.270860	0.270860
233	0.068065	0	0	0	0.075075	0.605524	0.605524
234	-0.106132	0	1	1	-0.101048	2.535375	2.535375
235	0.357383	0	0	0	0.386990	1.008451	1.008451
236	-0.014915	0	0	0	-0.013065	0.074857	0.074857
237	0.361012	0	0	0	0.375853	1.589960	1.589960
238	-0.170037	0	0	0	-0.168149	0.890354	0.890354
239	-0.000014	0	0	0	-0.000008	2.465862	2.465862
240	-0.082580	0	0	0	-0.072407	1.180063	1.180063
241	-0.004420	0	0	0	-0.003608	0.382985	0.382985
242	-0.091828	0	0	0	-0.086560	1.355807	1.355807
243	-0.024543	0	0	0	-0.023156	2.456085	2.456085
244	-0.032370	0	0	0	-0.029112	1.309198	1.309198
245	0.107782	0	0	0	0.117233	1.500444	1.500444
246	-0.032356	0	0	0	-0.029689	2.535653	2.535653
247	-0.092519	0	0	0	-0.090049	0.721958	0.721958
248	0.458108	0	0	0	0.477835	1.063094	1.063094
249	-0.057312	0	0	0	-0.053085	1.205859	1.205859
250	-0.113045	0	0	0	-0.109239	1.456545	1.456545
251	-0.048568	0	0	0	-0.045377	2.060679	2.060679
252	-0.064315	0	0	0	-0.062207	2.293251	2.293251
253	-0.053414	0	0	0	-0.048310	1.091787	1.091787
254	0.298816	0	0	0	0.316858	1.148009	1.148009
255	-0.057068	0	0	0	-0.053281	0.884183	0.884183
256	-0.027897	0	4	6	-0.025160	3.374213	3.374213
257	-0.168362	0	0	0	-0.167371	1.522585	1.522585
258	0.111830	0	0	0	0.132162	1.006337	1.006337
259	0.270364	0	0	0	0.303442	1.571046	1.571046
260	-0.057195	0	0	0	-0.054514	1.378089	1.378089
261	0.667394	0	0	0	0.712354	1.481433	1.481433
262	0.506693	0	0	0	0.526288	1.406055	1.406055
263	0.604203	0	0	0	0.636027	0.772994	0.772994
264	-0.070583	0	0	0	-0.066686	1.636604	1.636604
265	-0.076384	0	0	0	-0.073401	2.293158	2.293158
266	-0.160841	0	0	0	-0.159527	0.975492	0.975492
267	0.657102	0	0	0	0.681290	0.955112	0.955112
268	0.007631	0	0	0	0.018780	1.672682	1.672682
269	0.522971	0	0	0	0.552816	0.632528	0.632528
270	0.130808	0	0	0	0.138668	1.642505	1.642505
271	-0.151888	0	0	0	-0.150752	1.949239	1.949239
272	0.276511	0	0	0	0.295298	0.276510	-0.001065
273	-0.045631	0	0	0	-0.044112	1.796063	1.796063
274	-0.028868	0	0	0	-0.025741	0.219977	0.219977
275	0.018515	0	0	0	0.026415	0.980949	0.980949
276	0.179948	0	0	0	0.190445	0.453850	0.453850
277	0.265460	0	0	0	0.280072	1.156050	1.156050
278	-0.071240	0	0	0	-0.064937	1.569830	1.569830
279	-0.047209	0	0	0	-0.044395	0.320393	0.320393
280	-0.031657	0	0	0	-0.029023	0.852560	0.852560
281	-0.000821	0	0	0	-0.000610	2.710559	2.710559
282	0.009589	0	0	0	0.016074	0.872065	0.872065
283	-0.030844	0	0	0	-0.027827	2.834887	2.834887
284	-0.024630	0	0	0	-0.022736	1.500560	1.500560
285	-0.104265	0	0	0	-0.103388	1.182574	1.182574
286	-0.048769	0	0	0	-0.044864	1.974928	1.974928
287	-0.002022	0	0	0	-0.001589	0.948594	0.948594
288	0.164744	0	0	0	0.175785	0.959486	0.959486
289	-0.144012	0	0	0	-0.136828	1.019951	1.019951
290	0.232513	0	0	0	0.247471	1.476355	1.476355
291	-0.037082	0	0	0	-0.034269	0.800711	0.800711
292	-0.070429	0	0	0	-0.068862	0.354706	0.354706
293	-0.000034	0	0	0	-0.000020	2.632651	2.632651
294	-0.019891	0	2	2	-0.018836	2.573301	2.573301
295	-0.079232	0	0	0	-0.076196	1.309507	1.309507
296	-0.047912	0	0	0	-0.044867	2.397155	2.397155
297	0.151549	0	0	0	0.169384	1.070895	1.070895
298	-0.078165	0	1	1	-0.065451	3.046730	3.046730
299	0.264924	0	0	0	0.280470	1.165204	1.165204
300	-0.169836	0	0	0	-0.169043	0.933007	0.933007
301	0.124946	0	0	0	0.145476	0.951161	0.951161
302	0.455645	0	0	0	0.495633	0.685660	0.685660
303	0.239159	0	0	0	0.261303	0.997123	0.997123
304	-0.144285	0	0	0	-0.136185	1.522536	1.522536
305	0.130574	0	0	0	0.135341	0.698241	0.698241
306	-0.156982	0	0	0	-0.154022	1.876807	1.876807
307	-0.054882	0	0	0	-0.051396	0.548721	0.548721
308	0.121489	0	0	0	0.131767	1.197933	1.197933
309	-0.086875	0	1	1	-0.078878	2.515021	2.515021
310	-0.035031	0	0	0	-0.032684	1.235484	1.235484
311	-0.001426	0	0	0	-0.001181	0.499884	0.499884
312	-0.042162	0	0	0	-0.040112	1.336798	1.336798
313	-0.001435	0	0	0	-0.001209	0.860944	0.860944
314	-0.027458	0	0	0	-0.025803	0.734551	0.734551
315	-0.059524	0	0	0	-0.057298	1.107047	1.107047
316	-0.031664	0	0	0	-0.029401	2.373399	2.373399
317	0.072997	0	0	0	0.094874	1.376664	1.376664
318	-0.013537	0	0	0	-0.001693	0.556306	0.556306
319	-0.008713	0	0	0	-0.007642	0.763134	0.763134
320	-0.032693	0	0	0	-0.029974	1.753695	1.753695
321	0.189738	0	0	0	0.217859	1.574055	1.574055
322	-0.077776	0	0	0	-0.072545	1.958232	1.958232
323	0.304829	0	0	0	0.339942	0.911957	0.911957
324	-0.091558	0	0	0	-0.089257	0.858998	0.858998
325	0.073180	0	0	0	0.082875	0.731956	0.731956
326	0.070767	0	0	0	0.086815	0.847495	0.847495
327	0.323263	0	0	0	0.339408	1.815430	1.815430
328	-0.003632	0	1	1	-0.003049	2.656751	2.656751
329	0.261327	0	0	0	0.268631	1.084490	1.084490
330	0.126445	0	0	0	0.151922	1.382182	1.382182
331	0.264302	0	0	0	0.298446	1.365590	1.365590
332	0.329900	0	0	0	0.352968	1.802411	1.802411
333	0.120550	0	0	0	0.137592	0.586196	0.586196
334	-0.001614	0	0	0	-0.001265	0.607646	0.607646
335	-0.000464	0	0	0	0.010752	1.184549	1.184549
336	-0.005446	0	0	0	-0.004651	1.593950	1.593950
337	-0.138912	0	0	0	-0.135084	0.547524	0.547524
338	0.464590	0	0	0	0.494025	1.786440	1.786440
339	0.620494	0	0	0	0.671851	0.620496	0.084083
340	-0.001432	0	0	0	-0.001033	0.833419	0.833419
341	0.080220	0	0	0	0.090666	0.332240	0.332240
342	-0.035318	0	0	1	-0.032583	2.259221	2.259221
343	0.160212	0	0	0	0.170184	1.409265	1.409265
344	-0.057163	0	0	0	-0.052814	2.355528	2.355528
345	-0.161822	0	0	0	-0.159886	2.155803	2.155803
346	0.069080	0	0	0	0.075875	1.560223	1.560223
347	-0.009816	0	0	0	-0.008073	0.382378	0.382378
348	-0.031985	0	0	0	-0.029648	0.571164	0.571164
349	-0.043116	0	0	0	-0.043116	3.173759	3.173759
350	-0.105121	0	0	0	-0.102362	0.853767	0.853767
351	0.235934	0	0	0	0.261679	0.664903	0.664903
352	-0.017298	0	0	0	-0.015495	1.804278	1.804278
353	0.628512	0	0	0	0.680993	1.512158	1.512158
354	0.487697	0	0	0	0.514461	1.734873	1.734873
355	0.039904	0	0	0	0.051989	1.445363	1.445363
356	0.058777	0	0	0	0.075710	2.391706	2.391706
357	0.201255	0	0	0	0.211522	1.775418	1.775418
358	-0.017703	0	0	0	-0.004656	0.707461	0.707461
359	-0.154860	0	0	0	-0.148449	1.397889	1.397889
360	-0.036797	0	0	0	-0.032824	0.890119	0.890119
361	-0.131112	0	0	0	-0.129145	0.188698	0.188698
362	0.092153	0	0	0	0.104393	1.139004	1.139004
363	-0.025575	0	0	0	-0.024139	1.821369	1.821369
364	0.487468	0	0	0	0.505416	1.819702	1.819702
365	-0.079448	0	0	0	-0.072023	2.321467	2.321467
366	0.274240	0	0	0	0.284317	1.219965	1.219965
367	0.215529	0	0	0	0.233015	0.735998	0.735998
368	0.388823	0	0	0	0.402503	1.001235	1.001235
369	0.347551	0	0	0	0.370368	1.434194	1.434194
370	0.078078	0	0	0	0.092033	0.750781	0.750781
371	-0.071565	0	0	0	-0.055326	1.213522	1.213522
372	0.431521	0	0	0	0.463679	1.665325	1.665325
373	-0.006291	0	0	0	-0.005088	2.585482	2.585482
374	0.213034	0	0	0	0.241598	0.905903	0.905903
375	-0.040091	0	0	0	-0.035704	2.508738	2.508738
376	0.552976	0	0	0	0.576471	1.447822	1.447822
377	-0.003668	0	0	0	-0.002840	0.827557	0.827557
378	-0.055551	0	1	1	-0.052864	2.821353	2.821353
379	-0.097585	0	0	0	-0.093983	1.122217	1.122217
380	0.376963	0	0	0	0.391748	0.543084	0.543084
381	0.277761	0	0	0	0.292529	0.585449	0.585449
382	-0.099199	0	6	11	-0.093366	3.430532	3.430532
383	0.349408	0	0	0	0.377481	0.508462	0.508462
384	0.021627	0	0	0	0.034982	1.144124	1.144124
385	-0.029374	0	0	0	-0.026800	0.971252	0.971252
386	0.405338	0	0	0	0.436930	1.584998	1.584998
387	-0.047449	0	0	0	-0.043974	1.473333	1.473333
388	-0.000010	0	0	0	-0.000006	1.743618	1.743618
389	0.165120	0	0	0	0.187031	0.772131	0.772131
390	-0.051900	0	0	0	-0.048471	1.990128	1.990128
391	0.216140	0	0	0	0.231902	0.389252	0.389252
392	-0.028756	0	0	0	-0.027747	0.273028	0.273028
393	0.394967	0	0	0	0.399916	1.151192	1.151192
394	-0.015724	0	0	0	-0.014761	2.321198	2.321198
395	0.200060	0	0	0	0.212487	0.561370	0.561370
396	-0.058450	0	1	1	-0.054508	2.450935	2.450935
397	0.194776	0	0	0	0.215882	0.931015	0.931015
398	0.355471	0	0	0	0.371888	1.029529	1.029529
399	-0.056851	0	0	0	-0.054659	2.427098	2.427098
400	-0.069688	0	0	0	-0.062329	1.345180	1.345180
401	-0.158514	0	0	0	-0.156210	1.226153	1.226153
402	0.303350	0	0	0	0.320526	0.922444	0.922444
403	-0.074024	0	0	0	-0.069528	1.067685	1.067685
404	-0.090411	0	0	0	-0.084974	0.880189	0.880189
405	-0.070353	0	0	0	-0.067416	0.387601	0.387601
406	-0.056760	0	0	0	-0.054084	1.372763	1.372763
407	0.198047	0	0	0	0.214285	0.691709	0.691709
408	-0.138623	0	0	0	-0.129561	0.327086	0.327086
409	0.498387	0	0	0	0.535761	0.515978	0.515978
410	-0.006161	0	0	0	0.002740	0.607330	0.607330
411	-0.047532	0	0	0	-0.028975	1.363052	1.363052
412	-0.114377	0	0	0	-0.110275	1.505658	1.505658
413	0.498321	0	0	0	0.538613	1.056235	1.056235
414	0.230307	0	1	1	0.251702	2.905451	2.905451
415	0.799640	0	0	0	0.839727	2.353489	2.353489
416	-0.150587	0	0	0	-0.147568	-0.028239	-0.028239
417	-0.084638	0	0	0	-0.081888	1.309116	1.309116
418	0.702566	0	0	0	0.729039	1.034732	1.034732
419	-0.001553	0	0	0	-0.001344	0.548215	0.548215
420	-0.062985	0	0	0	-0.061386	1.623766	1.623766
421	0.155915	0	0	0	0.164316	2.347464	2.347464
422	0.004609	0	0	0	0.022335	1.034387	1.034387
423	-0.063999	0	0	0	-0.061510	1.800881	1.800881
424	0.411607	0	0	0	0.417471	0.739787	0.739787
425	0.341310	0	0	0	0.369964	1.491643	1.491643
426	0.119759	0	0	0	0.133920	0.442189	0.442189
427	-0.003848	0	0	0	-0.003364	2.602571	2.602571
428	-0.106980	0	0	0	-0.101658	1.805943	1.805943
429	-0.061859	0	0	0	-0.060198	0.740629	0.740629
430	-0.150876	0	0	0	-0.149601	1.303017	1.303017
431	-0.128272	0	0	0	-0.119552	0.558736	0.558736
432	-0.012123	0	0	0	-0.011091	0.142622	0.142622
433	-0.059690	0	0	0	-0.041094	0.780036	0.780036
434	-0.083502	0	0	0	-0.078591	0.804267	0.804267
435	0.113292	0	0	0	0.129009	2.200724	2.200724
436	0.038746	0	0	0	0.047238	0.846669	0.846669
437	-0.169486	0	0	0	-0.169169	1.644770	1.644770
438	-0.088282	0	0	0	-0.084395	2.340414	2.340414
439	-0.007611	0	0	0	0.003458	1.212887	1.212887
440	0.218599	0	0	0	0.229011	1.174537	1.174537
441	-0.119313	0	0	0	-0.114973	1.547246	1.547246
442	-0.078892	0	0	0	-0.075307	1.636073	1.636073
443	-0.022946	0	0	0	-0.013590	0.934725	0.934725
444	0.434315	0	0	0	0.455283	2.038212	2.038212
445	0.115907	0	0	0	0.139280	1.330638	1.330638
446	0.286151	0	0	0	0.306962	1.043554	1.043554
447	-0.069508	0	0	0	-0.065809	1.724638	1.724638
448	0.737758	0	0	0	0.800377	1.684263	1.684263
449	-0.027582	0	0	0	-0.010829	0.810792	0.810792
450	-0.005598	0	0	0	-0.004849	1.555384	1.555384
451	0.738831	0	0	0	0.778128	1.663739	1.663739
452	0.074211	0	0	0	0.084010	1.359046	1.359046
453	-0.145927	0	0	0	-0.140330	0.440826	0.440826
454	0.005805	0	0	0	0.014024	1.628685	1.628685
455	0.025462	0	0	0	0.036240	1.227768	1.227768
456	-0.045399	0	0	0	-0.041699	0.877574	0.877574
457	-0.120993	0	0	0	-0.116927	0.378215	0.378215
458	-0.080413	0	0	0	-0.077272	1.520640	1.520640
459	0.463918	0	0	0	0.491850	1.851986	1.851986
460	0.461918	0	0	0	0.491502	0.863182	0.863182
461	0.096294	0	1	1	0.125905	2.868837	2.868837
462	-0.023689	0	0	0	-0.021084	1.763597	1.763597
463	-0.084875	0	0	0	-0.083274	1.847859	1.847859
464	-0.033355	0	255	262	-0.029735	4.015078	4.015078
465	-0.151283	0	0	0	-0.140943	1.280012	1.280012
466	0.102470	0	0	0	0.115888	1.258650	1.258650
467	-0.097238	0	0	0	-0.093287	0.426240	0.426240
468	-0.058524	0	0	0	-0.055106	0.012223	0.012223
469	-0.063044	0	0	0	-0.058557	1.259509	1.259509
470	0.451987	0	0	0	0.475010	0.999887	0.999887
471	-0.037412	0	0	0	-0.032763	2.317260	2.317260
472	-0.024566	0	1	1	-0.022376	3.224946	3.224946
473	-0.060266	0	0	0	-0.057532	1.348298	1.348298
474	-0.084197	0	0	0	-0.069877	0.879531	0.879531
475	-0.120673	0	0	0	-0.118356	0.491658	0.491658
476	-0.090521	0	0	0	-0.085253	2.276884	2.276884
477	0.106735	0	0	0	0.118231	1.058360	1.058360
478	-0.065273	0	0	0	-0.060939	0.926686	0.926686
479	0.776317	0	0	0	0.806854	1.281011	1.281011
480	0.459289	0	0	0	0.485278	1.342829	1.342829
481	-0.038158	0	0	0	-0.034207	0.310834	0.310834
482	0.441004	0	0	0	0.465431	0.810849	0.810849
483	-0.013982	0	0	0	0.000127	0.926825	0.926825
484	-0.022425	0	1	1	-0.021062	3.004567	3.004567
485	-0.058725	0	0	0	-0.054930	2.403571	2.403571
486	0.083804	0	0	0	0.090516	0.928133	0.928133
487	0.666389	0	0	0	0.687439	0.724474	0.724474
488	0.128222	0	1	1	0.128222	2.483962	2.483962
489	0.485595	0	0	0	0.518074	1.142017	1.142017
490	-0.000065	0	0	0	-0.000043	1.584991	1.584991
491	0.293616	0	0	0	0.314893	1.049867	1.049867
492	0.135484	0	0	0	0.152683	0.714869	0.714869
493	0.048102	0	0	0	0.071869	0.048102	-0.000058
494	0.057110	0	0	0	0.068610	0.686697	0.686697
495	-0.004958	0	0	0	-0.004141	1.097371	1.097371
496	0.144827	0	0	0	0.164132	1.278087	1.278087
497	0.207739	0	0	0	0.237356	0.668822	0.668822
498	-0.061290	0	0	0	-0.056531	1.783823	1.783823
499	-0.115000	0	0	0	-0.111086	0.527402	0.527402
500	0.110179	0	0	0	0.121460	1.440878	1.440878
501	-0.129302	0	0	0	-0.124091	1.544836	1.544836
502	-0.016477	0	0	0	-0.015705	2.305458	2.305458
503	-0.082368	0	0	0	-0.078394	1.061435	1.061435
504	0.500301	0	0	0	0.529983	2.127415	2.127415
505	0.267573	0	0	0	0.295708	0.852576	0.852576
506	-0.143242	0	0	0	-0.140239	0.942475	0.942475
507	0.472318	0	0	0	0.497750	1.121834	1.121834
508	-0.072694	0	0	0	-0.068179	1.314882	1.314882
509	-0.039821	0	0	0	-0.036095	1.338542	1.338542
510	0.333985	0	0	0	0.354222	1.366511	1.366511
511	0.249864	0	0	0	0.267544	0.516858	0.516858
512	0.333000	0	0	0	0.361741	0.689040	0.689040
513	0.326295	0	0	0	0.350949	1.004564	1.004564
514	0.408530	0	0	0	0.428371	0.408530	0.310477
515	-0.022806	0	0	0	-0.020890	1.409986	1.409986
516	0.139602	0	0	0	0.148469	0.950939	0.950939
517	0.154274	0	0	0	0.173976	0.374835	0.374835
518	0.171973	0	0	0	0.171973	1.380856	1.380856
519	0.383490	0	0	0	0.401186	1.898714	1.898714
520	-0.054220	0	0	0	-0.051718	0.313762	0.313762
521	-0.111080	0	0	0	-0.097625	2.629900	2.629900
522	0.644880	0	0	0	0.659658	0.801648	0.801648
523	0.262529	0	0	0	0.281638	1.681962	1.681962
524	-0.134588	0	0	0	-0.133284	1.321827	1.321827
525	0.394115	0	0	0	0.426037	0.556497	0.556497
526	-0.019294	0	0	0	-0.016847	2.012080	2.012080
527	-0.131164	0	0	0	-0.127328	0.554396	0.554396
528	0.594053	0	0	0	0.623451	1.287702	1.287702
529	-0.139034	0	0	0	-0.135739	-0.000176	-0.000176
530	-0.066329	0	0	0	-0.064843	1.019828	1.019828
531	0.445027	0	0	0	0.477239	1.884272	1.884272
532	0.402812	0	0	0	0.433815	2.714098	2.714098
533	0.067120	0	0	0	0.082082	1.666173	1.666173
534	-0.129197	0	0	0	-0.120107	1.722365	1.722365
535	-0.134034	0	0	0	-0.131564	1.412438	1.412438
536	-0.060866	0	0	0	-0.056319	1.468113	1.468113
537	-0.041261	0	0	0	-0.030142	1.309496	1.309496
538	-0.047496	0	0	0	-0.044166	2.012646	2.012646
539	0.323251	0	0	0	0.338423	0.540141	0.540141
540	-0.022662	0	0	0	-0.020000	1.128303	1.128303
541	-0.000102	0	0	0	-0.000070	0.297897	0.297897
542	0.707191	0	0	0	0.746463	1.009809	1.009809
543	0.325342	0	0	0	0.336056	2.067505	2.067505
544	-0.037315	0	0	0	-0.034767	0.829065	0.829065
545	0.012676	0	0	0	0.022305	0.943742	0.943742
546	-0.113096	0	0	0	-0.107688	1.524639	1.524639
547	-0.031517	0	0	0	-0.028555	0.446564	0.446564
548	-0.000013	0	1	1	-0.000008	2.711920	2.711920
549	0.414736	0	0	0	0.453288	0.734874	0.734874
550	-0.068091	0	0	0	-0.064568	0.458892	0.458892
551	0.025955	0	0	0	0.031458	0.952473	0.952473
552	0.252583	0	0	0	0.269149	0.833775	0.833775
553	-0.098677	0	0	0	-0.096173	0.617353	0.617353
554	0.137622	0	0	0	0.147068	0.655657	0.655657
555	-0.094131	0	0	0	-0.087999	1.990282	1.990282
556	-0.001324	0	0	0	-0.000999	0.828437	0.828437
557	-0.111494	0	0	0	-0.108221	1.207425	1.207425
558	0.645192	0	0	0	0.692143	1.671116	1.671116
559	-0.014912	0	0	0	-0.013563	2.171768	2.171768
560	-0.053615	0	0	0	-0.050990	1.422804	1.422804
561	-0.006114	0	0	0	-0.004838	2.304634	2.304634
562	-0.000087	0	0	0	-0.000061	2.403391	2.403391
563	-0.121099	0	0	0	-0.116423	1.003828	1.003828
564	0.256588	0	0	0	0.276843	2.532182	2.532182
565	-0.169412	0	0	0	-0.167360	1.395141	1.395141
566	0.070990	0	0	0	0.085354	0.735277	0.735277
567	0.388783	0	0	0	0.425004	1.321500	1.321500
568	-0.082936	0	0	0	-0.077165	1.377339	1.377339
569	-0.010346	0	0	0	-0.009415	2.425411	2.425411
570	0.289711	0	0	0	0.313308	0.712102	0.712102
571	-0.160889	0	0	0	-0.155130	1.429720	1.429720
572	-0.021348	0	0	0	-0.019031	1.468460	1.468460
573	-0.036731	0	0	0	-0.028203	1.222043	1.222043
574	0.236587	0	0	0	0.262598	1.635893	1.635893
575	-0.005968	0	0	0	-0.005108	0.124929	0.124929
576	-0.077475	0	2	2	-0.073878	2.853120	2.853120
577	0.034884	0	0	0	0.061592	1.588546	1.588546
578	0.318140	0	0	0	0.337118	1.230301	1.230301
579	-0.005327	0	0	0	-0.004637	1.252113	1.252113
580	-0.000264	0	0	0	-0.000228	1.479463	1.479463
581	0.126589	0	0	0	0.139056	1.443252	1.443252
582	0.120445	0	0	0	0.126238	1.126070	1.126070
583	0.092851	0	0	0	0.097150	1.468436	1.468436
584	0.107080	0	0	0	0.121764	0.759261	0.759261
585	-0.105232	0	0	0	-0.100142	0.833928	0.833928
586	-0.018378	0	0	0	-0.016652	1.936001	1.936001
587	-0.000000	0	0	0	-0.000000	0.912238	0.912238
588	0.150772	0	0	1	0.164357	2.187713	2.187713
589	-0.043379	0	0	0	-0.040716	0.898702	0.898702
590	-0.073209	0	0	0	-0.069706	1.032421	1.032421
591	-0.119414	0	0	0	-0.116725	1.367021	1.367021
592	0.351080	0	2	2	0.388255	2.935852	2.935852
593	-0.058855	0	0	0	-0.056353	1.281504	1.281504
594	0.141621	0	0	0	0.154752	1.056048	1.056048
595	0.216485	0	0	0	0.240050	2.062382	2.062382
596	-0.149456	0	0	0	-0.139320	1.162666	1.162666
597	0.178608	0	0	0	0.190407	1.244452	1.244452
598	0.327426	0	0	0	0.358497	2.107089	2.107089
599	0.019193	0	0	0	0.034431	1.755779	1.755779
600	-0.012075	0	0	0	-0.010303	2.580137	2.580137
601	-0.167801	0	0	0	-0.165525	0.999015	0.999015
602	-0.036596	0	0	0	-0.034241	0.669578	0.669578
603	-0.131062	0	0	0	-0.128170	0.968365	0.968365
604	-0.158060	0	0	0	-0.155744	0.787598	0.787598
605	-0.044237	0	0	0	-0.043419	-0.000002	-0.000002
606	-0.028933	0	0	0	-0.019532	0.970895	0.970895
607	-0.031261	0	0	0	-0.028881	2.275141	2.275141
608	-0.014358	0	0	0	-0.012546	-0.000029	-0.000029
609	0.511393	0	0	0	0.536333	0.511393	0.362362
610	0.359609	0	0	0	0.394812	0.551906	0.551906
611	-0.058269	0	0	0	-0.054288	0.908818	0.908818
612	0.556135	0	0	0	0.583762	1.814753	1.814753
613	-0.167098	0	0	0	-0.166175	0.749747	0.749747
614	-0.010356	0	2	2	-0.009305	3.315841	3.315841
615	-0.122061	0	0	0	-0.116315	1.741011	1.741011
616	0.087051	0	0	0	0.093706	0.418763	0.418763
617	0.137117	0	0	0	0.156976	1.558124	1.558124
618	-0.061519	0	0	0	-0.058709	1.309202	1.309202
619	0.254065	0	0	0	0.278006	1.559342	1.559342
620	-0.006204	0	0	0	-0.005247	1.891895	1.891895
621	-0.170017	0	0	0	-0.169440	0.663626	0.663626
622	-0.082529	0	0	0	-0.076466	1.724041	1.724041
623	0.332141	0	0	0	0.350733	0.914967	0.914967
624	-0.003467	0	0	0	0.010734	1.286329	1.286329
625	0.259318	0	0	0	0.292628	0.777195	0.777195
626	-0.010318	0	0	0	-0.009116	1.929965	1.929965
627	0.090133	0	0	0	0.096681	0.857241	0.857241
628	-0.053996	0	0	0	-0.049842	1.514552	1.514552
629	0.493095	0	0	0	0.526636	1.090732	1.090732
630	0.025163	0	0	0	0.032606	0.516010	0.516010
631	0.265340	0	0	0	0.278186	0.802349	0.802349
632	0.730853	0	0	0	0.773720	0.730852	0.205424
633	0.231109	0	0	0	0.249015	1.103610	1.103610
634	0.263958	0	0	0	0.282430	1.377499	1.377499
635	0.286707	0	0	0	0.321682	0.644284	0.644284
636	0.100437	0	0	0	0.106143	1.287229	1.287229
637	-0.169969	0	0	0	-0.168399	1.009366	1.009366
638	-0.069657	0	0	0	-0.067876	0.368091	0.368091
639	-0.007003	0	0	0	-0.006223	1.931514	1.931514
640	0.537106	0	0	0	0.569008	1.650112	1.650112
641	0.339300	0	0	0	0.362930	1.171605	1.171605
642	-0.000494	0	0	0	0.012781	0.906355	0.906355
643	0.311584	0	0	0	0.320549	1.074955	1.074955
644	0.671844	0	0	0	0.711221	1.040645	1.040645
645	0.415564	0	0	0	0.459974	2.469002	2.469002
646	-0.018296	0	0	0	-0.015767	1.202250	1.202250
647	0.409723	0	0	0	0.436838	2.756375	2.756375
648	0.008192	0	0	0	0.020601	0.211952	0.211952
649	0.323346	0	0	0	0.366957	0.370387	0.370387
650	0.160780	0	0	0	0.171822	1.235406	1.235406
651	-0.032889	0	0	0	-0.023015	0.350172	0.350172
652	0.011978	0	0	0	0.021887	0.621038	0.621038
653	-0.140160	0	0	0	-0.135543	1.322271	1.322271
654	0.081771	0	8	13	0.089450	2.967077	2.967077
655	-0.036678	0	0	0	-0.035960	0.738701	0.738701
656	-0.003530	0	2	2	-0.002858	3.232401	3.232401
657	0.051726	0	0	0	0.066205	1.460429	1.460429
658	-0.154685	0	0	0	-0.152582	0.930971	0.930971
659	0.172371	0	0	0	0.191962	1.010454	1.010454
660	0.040888	0	0	0	0.048013	0.649831	0.649831
661	0.306903	0	0	0	0.335000	1.351361	1.351361
662	-0.113915	0	0	0	-0.104851	1.671577	1.671577
663	0.002530	0	0	0	0.016404	1.567913	1.567913
664	0.532769	0	0	0	0.574795	2.095370	2.095370
665	-0.010977	0	0	0	-0.009277	0.642750	0.642750
666	-0.014739	0	5	5	-0.013982	3.263697	3.263697
667	0.311875	0	0	0	0.320743	1.674969	1.674969
668	-0.085346	0	0	0	-0.080034	1.021451	1.021451
669	-0.019828	0	0	1	-0.016969	2.187411	2.187411
670	-0.117812	0	0	0	-0.110812	1.023149	1.023149
671	-0.034848	0	0	0	-0.032035	1.490802	1.490802
672	-0.015086	0	0	0	-0.012848	2.387693	2.387693
673	-0.037224	0	0	0	-0.034141	1.840844	1.840844
674	-0.024608	0	0	0	-0.022698	0.656600	0.656600
675	-0.001509	0	0	0	-0.001169	1.372999	1.372999
676	0.430244	0	0	0	0.446907	0.999179	0.999179
677	-0.065786	0	0	0	-0.061117	1.745962	1.745962
678	0.590968	0	0	0	0.656425	1.704949	1.704949
679	0.127343	0	0	0	0.152225	0.178394	0.178394
680	0.443080	0	0	0	0.485248	1.404170	1.404170
681	0.108385	0	0	0	0.131878	0.653325	0.653325
682	-0.006453	0	0	0	-0.005462	1.023099	1.023099
683	0.049067	0	0	0	0.056393	1.512491	1.512491
684	-0.000071	0	0	0	-0.000052	2.419962	2.419962
685	-0.084654	0	0	0	-0.081621	1.062763	1.062763
686	-0.061623	0	0	0	-0.057550	1.073893	1.073893
687	0.102821	0	0	0	0.119640	0.727715	0.727715
688	-0.056319	0	1	1	-0.052509	2.788107	2.788107
689	-0.017026	0	0	0	-0.015868	1.228132	1.228132
690	-0.164174	0	0	0	-0.163857	0.817519	0.817519
691	0.385224	0	0	0	0.396381	0.815097	0.815097
692	-0.051672	0	1	1	-0.049042	2.581170	2.581170
693	-0.151907	0	51	55	-0.147105	4.156828	4.156828
694	0.155793	0	0	0	0.180590	1.440608	1.440608
695	-0.095905	0	0	0	-0.082129	1.167290	1.167290
696	0.149376	0	0	0	0.167215	1.727153	1.727153
697	0.079836	0	0	0	0.094745	0.870833	0.870833
698	-0.169435	0	0	0	-0.167506	2.077476	2.077476
699	-0.155375	0	0	0	-0.153578	0.892158	0.892158
700	-0.073500	0	0	0	-0.069706	1.889425	1.889425
701	-0.022728	0	0	0	-0.021175	0.777612	0.777612
702	-0.065465	0	0	0	-0.062581	0.804552	0.804552
703	-0.071995	0	0	0	-0.069519	1.292071	1.292071
704	-0.062517	0	0	0	-0.059268	2.438985	2.438985
705	-0.009963	0	0	0	-0.008729	2.995045	2.995045
706	-0.034809	0	0	0	-0.032737	1.111709	1.111709
707	0.296962	0	0	0	0.317965	1.348917	1.348917
708	-0.045958	0	5	5	-0.042846	3.091743	3.091743
709	0.415259	0	0	0	0.443434	2.165498	2.165498
710	-0.032176	0	0	0	-0.028708	1.464272	1.464272
711	-0.031549	0	0	0	-0.028666	1.205220	1.205220
712	0.087397	0	0	0	0.095246	1.471613	1.471613
713	0.161199	0	0	0	0.170567	1.169116	1.169116
714	-0.068967	0	0	0	-0.062328	1.820291	1.820291
715	0.646899	0	0	0	0.650582	1.509187	1.509187
716	0.138072	0	0	0	0.150234	0.661305	0.661305
717	0.265332	0	0	0	0.272441	1.194712	1.194712
718	-0.001731	0	0	0	-0.001342	1.255380	1.255380
719	-0.090172	0	0	0	-0.085459	1.915327	1.915327
720	0.225373	0	0	0	0.245585	1.751320	1.751320
721	-0.055909	0	0	0	-0.052617	1.968957	1.968957
722	-0.023886	0	7	7	-0.021821	3.239466	3.239466
723	0.019085	0	0	0	0.029835	1.811301	1.811301
724	0.150827	0	0	0	0.153932	1.369823	1.369823
725	-0.169918	0	0	0	-0.169637	1.309950	1.309950
726	-0.050373	0	0	0	-0.030001	2.311870	2.311870
727	-0.031104	0	0	0	-0.029913	1.766192	1.766192
728	0.072147	0	0	0	0.091386	0.905310	0.905310
729	-0.000891	0	0	0	0.018897	1.879294	1.879294
730	-0.014961	0	0	0	-0.012969	1.025154	1.025154
731	-0.046224	0	0	0	-0.043372	0.748218	0.748218
732	-0.024976	0	0	0	-0.022784	0.522867	0.522867
733	-0.030123	0	0	0	-0.027475	1.116681	1.116681
734	-0.101657	0	0	0	-0.099312	0.795655	0.795655
735	0.378935	0	0	0	0.410288	1.658182	1.658182
736	0.339723	0	0	0	0.379324	0.605434	0.605434
737	0.525995	0	0	0	0.549972	1.158031	1.158031
738	-0.132385	0	0	0	-0.126588	1.244785	1.244785
739	0.123408	0	0	0	0.141517	1.769376	1.769376
740	0.338035	0	0	0	0.361940	1.380400	1.380400
741	0.293570	0	0	0	0.299229	1.896374	1.896374
742	0.411908	0	0	0	0.436401	0.490004	0.490004
743	0.484993	0	0	0	0.503616	1.345923	1.345923
744	-0.021714	0	0	0	-0.020125	1.792536	1.792536
745	0.679701	0	0	0	0.712475	0.863130	0.863130
746	-0.082044	0	0	0	-0.078195	2.486488	2.486488
747	0.242792	0	0	0	0.252595	0.242792	-0.012354
748	-0.073928	0	0	0	-0.069581	1.287182	1.287182
749	-0.005632	0	0	0	-0.004869	1.336918	1.336918
750	-0.071892	0	0	0	-0.069541	1.856635	1.856635
751	0.318352	0	0	0	0.337654	1.363544	1.363544
752	-0.010531	0	0	0	-0.009150	0.790803	0.790803
753	0.187818	0	0	0	0.198931	1.745115	1.745115
754	-0.037771	0	0	0	-0.034541	1.403218	1.403218
755	-0.064865	0	0	0	-0.060032	1.527555	1.527555
756	-0.004029	0	0	0	-0.003213	1.200596	1.200596
757	0.091414	0	0	0	0.101652	0.872474	0.872474
758	-0.020012	0	0	0	-0.019013	0.988133	0.988133
759	0.333455	0	0	0	0.351433	0.333455	0.025377
760	0.179901	0	0	0	0.199517	0.660522	0.660522
761	0.187186	0	0	0	0.213527	1.539278	1.539278
762	0.273009	0	0	0	0.288000	0.273009	0.144236
763	-0.014176	0	0	0	-0.012041	2.182565	2.182565
764	-0.047394	0	0	0	-0.045418	1.556200	1.556200
765	-0.048018	0	0	0	-0.046022	1.805625	1.805625
766	-0.001379	0	0	0	-0.001093	2.021429	2.021429
767	-0.000024	0	0	0	-0.000016	-0.000000	-0.000000
768	-0.046622	0	0	0	-0.042500	1.158711	1.158711
769	0.361812	0	0	0	0.393757	2.591295	2.591295
770	-0.067638	0	2	2	-0.063866	2.711403	2.711403
771	-0.000008	0	0	0	-0.000006	1.704992	1.704992
772	0.471862	0	0	0	0.494280	1.155679	1.155679
773	0.555777	0	0	0	0.571145	1.924302	1.924302
774	-0.034995	0	0	0	-0.032277	0.295361	0.295361
775	-0.067438	0	0	0	-0.065366	1.052334	1.052334
776	-0.088633	0	0	0	-0.086418	2.236847	2.236847
777	-0.046559	0	0	0	-0.044031	0.618676	0.618676
778	-0.041503	0	0	0	-0.037195	1.401097	1.401097
779	-0.002357	0	0	0	-0.002086	1.523615	1.523615
780	-0.001326	0	0	0	0.009773	1.062173	1.062173
781	-0.166531	0	0	0	-0.165735	0.279287	0.279287
782	-0.118786	0	0	0	-0.113985	1.410787	1.410787
783	0.237232	0	0	0	0.271782	1.133695	1.133695
784	-0.000484	0	0	0	-0.000353	1.161389	1.161389
785	-0.123440	0	0	0	-0.112824	1.033022	1.033022
786	0.178985	0	0	0	0.189202	1.539821	1.539821
787	-0.024562	0	0	0	-0.023390	1.467660	1.467660
788	-0.018928	0	0	0	-0.017380	2.676348	2.676348
789	0.671094	0	0	0	0.710287	0.824528	0.824528
790	-0.056266	0	0	0	-0.054319	0.520913	0.520913
791	0.510907	0	0	0	0.544832	1.183671	1.183671
792	-0.040167	0	0	0	-0.036781	0.515185	0.515185
793	-0.002326	0	0	0	-0.001810	1.248409	1.248409
794	-0.029609	0	0	0	-0.011973	0.947912	0.947912
795	-0.062186	0	0	0	-0.057527	1.174042	1.174042
796	0.369126	0	0	0	0.384764	1.701137	1.701137
797	-0.086990	0	0	0	-0.081966	2.011926	2.011926
798	0.598800	0	0	0	0.652913	1.517702	1.517702
799	-0.169893	0	0	0	-0.168947	0.900943	0.900943
800	-0.017964	0	0	0	-0.017381	0.734669	0.734669
801	-0.083700	0	6	6	-0.081172	3.895196	3.895196
802	-0.062581	0	4	7	-0.059359	2.727918	2.727918
803	0.182302	0	0	0	0.193731	1.077429	1.077429
804	-0.109393	0	0	0	-0.105691	0.667283	0.667283
805	-0.098789	0	0	0	-0.095811	0.921533	0.921533
806	0.067009	0	0	0	0.081259	0.733781	0.733781
807	0.344514	0	0	0	0.363241	1.173518	1.173518
808	0.612379	0	0	0	0.644630	1.435488	1.435488
809	-0.063151	0	0	0	-0.061504	1.537164	1.537164
810	-0.041897	0	0	1	-0.038811	2.390278	2.390278
811	-0.040040	0	0	0	-0.036890	1.680784	1.680784
812	-0.017267	0	0	0	-0.015336	1.649762	1.649762
813	0.437353	0	0	0	0.477063	1.278335	1.278335
814	0.040439	0	0	0	0.046584	0.698370	0.698370
815	-0.065590	0	0	0	-0.063244	1.183797	1.183797
816	0.084870	0	0	0	0.089161	1.366635	1.366635
817	0.444733	0	0	0	0.469302	1.092765	1.092765
818	0.559962	0	0	0	0.580059	1.197797	1.197797
819	-0.037604	0	0	0	-0.034769	0.416702	0.416702
820	0.069247	0	0	0	0.075058	0.588611	0.588611
821	-0.022721	0	0	0	-0.020338	1.911630	1.911630
822	0.181081	0	0	0	0.198308	0.181081	0.010965
823	-0.041722	0	0	0	-0.032291	1.887967	1.887967
824	-0.017133	0	0	0	-0.015268	1.786414	1.786414
825	-0.069285	0	0	0	-0.066702	1.520503	1.520503
826	-0.022384	0	0	0	-0.018806	2.280311	2.280311
827	0.407797	0	0	0	0.420180	0.932406	0.932406
828	-0.014804	0	0	0	-0.000174	1.125370	1.125370
829	0.078169	0	0	0	0.095011	0.078169	-0.002628
830	0.143435	0	0	0	0.148053	0.285354	0.285354
831	0.701372	0	0	0	0.749320	1.190690	1.190690
832	-0.016614	0	0	0	-0.015177	1.204593	1.204593
833	-0.002495	0	0	0	-0.002048	1.804857	1.804857
834	-0.000009	0	0	0	-0.000005	1.108072	1.108072
835	0.416258	0	0	0	0.431530	1.556045	1.556045
836	-0.000508	0	0	0	-0.000384	2.325451	2.325451
837	-0.074339	0	0	0	-0.062392	0.923410	0.923410
838	-0.016880	0	0	0	-0.015826	1.453020	1.453020
839	-0.025143	0	0	0	-0.009997	1.195289	1.195289
840	0.543518	0	0	0	0.578580	0.900497	0.900497
841	-0.053497	0	0	0	-0.050366	1.863668	1.863668
842	-0.097327	0	0	0	-0.094840	0.958966	0.958966
843	-0.046432	0	0	0	-0.042005	1.515039	1.515039
844	-0.027164	0	0	0	-0.025095	1.114366	1.114366
845	0.470109	0	0	0	0.488568	1.374965	1.374965
846	0.301698	0	0	0	0.314508	1.150668	1.150668
847	0.847166	0	0	0	0.898271	0.847166	0.271193
848	0.134946	0	0	0	0.143683	1.056454	1.056454
849	-0.051146	0	2	2	-0.047606	2.757449	2.757449
850	0.240431	0	0	0	0.261620	1.463495	1.463495
851	0.562313	0	0	0	0.585027	0.990079	0.990079
852	0.249288	0	4	4	0.288787	3.137431	3.137431
853	0.204295	0	0	0	0.225877	0.802904	0.802904
854	-0.014829	0	0	0	-0.013142	1.303614	1.303614
855	-0.016597	0	0	0	-0.014714	1.003379	1.003379
856	0.159400	0	0	0	0.173857	0.376928	0.376928
857	-0.026676	0	0	0	-0.023309	1.719005	1.719005
858	-0.002801	0	143	143	-0.002010	3.995662	3.995662
859	-0.081607	0	0	0	-0.077841	1.512629	1.512629
860	0.500433	0	0	0	0.530706	0.571876	0.571876
861	-0.134938	0	0	0	-0.131762	1.157673	1.157673
862	-0.026419	0	0	0	-0.024625	1.223932	1.223932
863	0.080538	0	0	0	0.098806	0.687993	0.687993
864	-0.001116	0	0	0	-0.000961	0.720319	0.720319
865	-0.009340	0	0	0	-0.008314	0.460208	0.460208
866	0.142884	0	0	0	0.170570	0.680228	0.680228
867	-0.167371	0	0	0	-0.166792	0.557257	0.557257
868	-0.148331	0	0	0	-0.145822	1.146607	1.146607
869	-0.059057	0	0	0	-0.055586	1.550959	1.550959
870	-0.000518	0	0	0	-0.000426	0.793477	0.793477
871	0.294842	0	0	0	0.306569	0.884712	0.884712
872	-0.020237	0	0	0	-0.017865	1.448824	1.448824
873	0.664431	0	0	0	0.713426	1.610206	1.610206
874	-0.013384	0	0	0	-0.011899	1.050416	1.050416
875	0.058629	0	0	0	0.067917	0.835409	0.835409
876	-0.112734	0	0	0	-0.108272	0.763136	0.763136
877	-0.000000	0	0	0	-0.000000	0.997631	0.997631
878	-0.007644	0	0	0	-0.007115	1.275576	1.275576
879	0.496123	0	0	0	0.516287	1.101486	1.101486
880	0.111203	0	0	0	0.120262	0.609108	0.609108
881	0.186225	0	0	0	0.200078	0.186225	-0.001292
882	-0.053980	0	0	0	-0.051499	2.044868	2.044868
883	0.254305	0	0	0	0.274519	0.667275	0.667275
884	-0.051738	0	0	0	-0.048079	1.001178	1.001178
885	-0.015232	0	0	0	-0.012864	1.735270	1.735270
886	-0.000029	0	3	3	-0.000018	2.864179	2.864179
887	-0.064391	0	0	0	-0.061584	2.785371	2.785371
888	0.507351	0	0	0	0.531302	1.157889	1.157889
889	-0.080182	0	0	0	-0.064089	1.072927	1.072927
890	-0.015439	0	0	0	-0.012457	1.710588	1.710588
891	0.023223	0	0	0	0.033982	0.597731	0.597731
892	-0.143055	0	0	0	-0.140159	1.075674	1.075674
893	0.076401	0	0	0	0.088709	0.731715	0.731715
894	-0.160950	0	0	0	-0.154952	1.032212	1.032212
895	0.248060	0	0	0	0.274125	0.835299	0.835299
896	-0.032463	0	2	2	-0.030485	3.173424	3.173424
897	0.687157	0	0	0	0.738851	1.108997	1.108997
898	-0.076803	0	0	0	-0.066741	0.629125	0.629125
899	-0.150263	0	0	0	-0.144879	0.661173	0.661173
900	-0.071621	0	0	0	-0.068104	2.587666	2.587666
901	-0.150788	0	0	0	-0.149780	1.635360	1.635360
902	0.472192	0	0	0	0.494227	1.326258	1.326258
903	0.086894	0	0	0	0.093489	1.327868	1.327868
904	0.083768	0	0	0	0.103733	0.632986	0.632986
905	0.285870	0	0	0	0.308669	1.291223	1.291223
906	0.443514	0	0	0	0.491619	1.147754	1.147754
907	-0.001211	0	0	0	-0.000862	2.006228	2.006228
908	-0.016930	0	0	0	-0.015188	0.982661	0.982661
909	-0.006021	0	0	0	-0.005115	0.396615	0.396615
910	-0.169162	0	0	0	-0.168157	0.845452	0.845452
911	-0.037927	0	1	1	-0.034698	2.703633	2.703633
912	-0.027188	0	0	0	-0.025568	1.035960	1.035960
913	-0.021588	0	0	0	-0.014047	1.141575	1.141575
914	-0.083356	0	0	0	-0.077685	1.582014	1.582014
915	-0.060817	0	0	0	-0.050424	1.932197	1.932197
916	-0.015522	0	0	0	-0.013846	2.655502	2.655502
917	-0.039090	0	0	0	-0.035526	-0.000138	-0.000138
918	0.228562	0	0	0	0.231860	1.107916	1.107916
919	-0.014714	0	0	0	-0.012003	0.663801	0.663801
920	0.180577	0	0	0	0.201326	0.919509	0.919509
921	-0.044916	0	0	0	-0.042925	0.188245	0.188245
922	-0.072294	0	0	0	-0.069998	2.294434	2.294434
923	-0.023711	0	0	0	-0.020073	0.691016	0.691016
924	0.289732	0	0	0	0.296839	1.502797	1.502797
925	0.450881	0	0	0	0.498147	1.360546	1.360546
926	-0.127078	0	0	0	-0.120353	0.528494	0.528494
927	-0.164378	0	0	0	-0.163163	1.724128	1.724128
928	-0.000015	0	0	0	-0.000010	2.029947	2.029947
929	0.630099	0	0	0	0.675800	0.630099	0.605378
930	0.221136	0	0	0	0.230878	1.308780	1.308780
931	0.184245	0	0	0	0.205402	1.455343	1.455343
932	0.469462	0	0	0	0.496243	1.379982	1.379982
933	-0.149166	0	0	0	-0.147381	0.725281	0.725281
934	-0.111870	0	0	0	-0.103287	0.497442	0.497442
935	-0.093760	0	8	12	-0.089820	2.852836	2.852836
936	-0.111448	0	0	0	-0.106855	1.299633	1.299633
937	0.214255	0	0	0	0.237690	1.785532	1.785532
938	-0.134842	0	0	0	-0.131403	0.722809	0.722809
939	0.104155	0	0	0	0.120341	0.945698	0.945698
940	-0.168627	0	0	0	-0.167852	1.027166	1.027166
941	0.396241	0	0	0	0.418621	1.863278	1.863278
942	-0.061207	0	0	0	-0.057340	2.325183	2.325183
943	-0.068270	0	0	0	-0.066137	1.109536	1.109536
944	0.161330	0	0	0	0.163574	1.767565	1.767565
945	-0.006652	0	2	2	-0.005520	3.390356	3.390356
946	0.641509	0	0	0	0.717008	1.892068	1.892068
947	-0.005100	0	0	0	-0.004461	2.859705	2.859705
948	0.154360	0	0	0	0.167742	0.378486	0.378486
949	-0.072034	0	11	11	-0.070070	3.394678	3.394678
950	-0.058670	0	0	0	-0.054322	2.114636	2.114636
951	-0.056174	0	0	0	-0.039311	1.138324	1.138324
952	0.390360	0	0	0	0.403308	1.164005	1.164005
953	0.522852	0	0	0	0.543469	0.986390	0.986390
954	-0.000012	0	2	2	-0.000007	3.277089	3.277089
955	0.253674	0	0	0	0.267017	0.399383	0.399383
956	0.007019	0	0	0	0.016105	0.933309	0.933309
957	0.147891	0	0	0	0.167678	0.791623	0.791623
958	-0.042305	0	0	0	-0.038639	1.635106	1.635106
959	-0.168129	0	0	0	-0.167217	0.639215	0.639215
960	-0.035644	0	0	0	-0.034443	0.376366	0.376366
961	0.282533	0	0	0	0.326345	2.283977	2.283977
962	0.140957	0	0	0	0.153975	1.003807	1.003807
963	-0.048847	0	0	0	-0.039409	0.360162	0.360162
964	-0.051956	0	0	0	-0.048651	1.345912	1.345912
965	0.291756	0	0	0	0.314270	1.321394	1.321394
966	-0.034693	0	0	0	-0.032943	2.710038	2.710038
967	-0.055645	0	0	0	-0.051297	2.232220	2.232220
968	0.073611	0	0	0	0.082013	2.117618	2.117618
969	0.066131	0	0	0	0.073484	1.267141	1.267141
970	0.362139	0	0	0	0.382943	1.181681	1.181681
971	-0.005763	0	0	0	-0.005128	0.423247	0.423247
972	-0.037435	0	1	1	-0.034197	3.651900	3.651900
973	0.464484	0	0	0	0.502494	1.116397	1.116397
974	-0.075431	0	0	0	-0.071424	1.790032	1.790032
975	-0.001617	0	0	0	-0.001393	1.036255	1.036255
976	-0.057078	0	0	0	-0.054827	0.789232	0.789232
977	0.262135	0	0	0	0.264331	1.264509	1.264509
978	-0.002530	0	0	0	-0.002073	2.484316	2.484316
979	0.590733	0	0	0	0.631789	1.633691	1.633691
980	-0.118098	0	0	0	-0.115032	0.825922	0.825922
981	0.182302	0	0	0	0.189594	1.265362	1.265362
982	0.402329	0	0	0	0.423822	1.015664	1.015664
983	0.043533	0	0	0	0.049382	0.778262	0.778262
984	-0.026393	0	0	0	-0.024814	0.969018	0.969018
985	-0.021366	0	0	0	-0.012039	1.060853	1.060853
986	-0.097111	0	0	0	-0.094736	1.677885	1.677885
987	0.191090	0	0	0	0.206530	0.802826	0.802826
988	-0.092778	0	0	0	-0.090340	0.465096	0.465096
989	-0.008198	0	0	0	-0.007010	2.028485	2.028485
990	0.178723	0	0	0	0.195649	1.221542	1.221542
991	-0.041127	0	0	0	-0.035553	1.461010	1.461010
992	0.135614	0	0	0	0.147911	1.125304	1.125304
993	-0.015483	0	0	0	-0.013689	0.662131	0.662131
994	-0.032810	0	0	0	-0.031953	2.543160	2.543160
995	0.386339	0	0	0	0.413272	2.358448	2.358448
996	0.051000	0	0	0	0.065825	1.631195	1.631195
997	-0.136814	0	0	0	-0.131994	2.162745	2.162745
998	-0.012888	0	0	0	-0.011403	2.287978	2.287978
999	-0.056847	0	0	0	-0.053090	2.251955	2.251955
1000	-0.003004	0	1	1	-0.002286	2.969388	2.969388
1001	-0.044989	0	0	0	-0.040757	1.771477	1.771477
1002	-0.102100	0	0	0	-0.098122	0.756260	0.756260
1003	-0.126146	0	0	0	-0.123751	0.971960	0.971960
1004	-0.072024	0	0	0	-0.068213	2.140376	2.140376
1005	-0.104088	0	0	0	-0.098737	1.054062	1.054062
1006	0.351519	0	0	0	0.361063	1.106897	1.106897
1007	0.297809	0	0	0	0.322169	1.141511	1.141511
1008	0.269608	0	0	0	0.287197	0.841777	0.841777
1009	0.274729	0	0	0	0.297040	0.946073	0.946073
1010	0.050820	0	0	0	0.050820	0.351959	0.351959
1011	0.799408	0	0	0	0.874149	1.160469	1.160469
1012	-0.035791	0	0	0	-0.032448	2.578521	2.578521
1013	0.400994	0	0	0	0.410756	2.564303	2.564303
1014	-0.095591	0	0	0	-0.093342	0.979196	0.979196
1015	-0.073195	0	0	0	-0.069546	1.223180	1.223180
1016	-0.025001	0	0	0	-0.022157	1.104692	1.104692
1017	0.229475	0	0	0	0.247452	0.987143	0.987143
1018	-0.080122	0	0	0	-0.071096	0.807001	0.807001
1019	-0.068082	0	0	0	-0.064709	1.123057	1.123057
1020	-0.077433	0	0	0	-0.073500	0.491977	0.491977
1021	0.145341	0	0	0	0.160762	0.771046	0.771046
1022	0.186185	0	0	0	0.187009	1.607105	1.607105
1023	0.012954	0	0	0	0.021912	1.566870	1.566870
1024	0.197244	0	0	0	0.206262	1.193770	1.193770
1025	-0.103227	0	0	0	-0.093487	1.382986	1.382986
1026	-0.019382	0	0	0	-0.017604	2.182343	2.182343
1027	0.300169	0	0	0	0.320243	2.303992	2.303992
1028	-0.026551	0	0	0	-0.025590	0.381674	0.381674
1029	-0.161576	0	0	0	-0.160446	0.930504	0.930504
1030	-0.029405	0	0	0	-0.027264	2.097100	2.097100
1031	-0.120291	0	0	0	-0.117319	1.567855	1.567855
1032	-0.000000	0	0	0	-0.000000	1.667196	1.667196
1033	0.418092	0	0	0	0.447862	1.744962	1.744962
1034	0.407210	0	0	0	0.439539	1.167331	1.167331
1035	0.278163	0	0	0	0.326866	2.419951	2.419951
1036	-0.004603	0	0	0	0.001854	0.758734	0.758734
1037	-0.035860	0	0	0	-0.032898	1.801443	1.801443
1038	0.336742	0	0	0	0.355024	0.772456	0.772456
1039	-0.026929	0	0	0	-0.024441	0.840358	0.840358
1040	-0.081485	0	0	0	-0.077360	1.065549	1.065549
1041	-0.020817	0	0	0	-0.019114	2.617249	2.617249
1042	-0.033968	0	0	0	-0.033761	0.605514	0.605514
1043	0.136485	0	0	0	0.149725	1.754342	1.754342
1044	0.258901	0	0	0	0.275049	0.970445	0.970445
1045	-0.005259	0	0	0	-0.004741	1.898182	1.898182
1046	-0.020933	0	0	0	-0.019741	2.437526	2.437526
1047	-0.139017	0	0	0	-0.136027	0.490980	0.490980
1048	0.848868	0	0	0	0.920227	1.431646	1.431646
1049	0.183437	0	0	0	0.205534	0.972598	0.972598
1050	0.612789	0	0	0	0.647169	1.355788	1.355788
1051	-0.120583	0	0	0	-0.118131	1.424521	1.424521
1052	0.505678	0	0	0	0.535154	0.505678	0.248940
1053	0.324168	0	0	0	0.335462	2.312223	2.312223
1054	-0.000134	0	0	0	-0.000097	0.195143	0.195143
1055	-0.001283	0	0	0	-0.001126	1.501131	1.501131
1056	-0.023766	0	0	1	-0.021579	2.234745	2.234745
1057	-0.120233	0	0	0	-0.113768	0.959185	0.959185
1058	0.039398	0	0	0	0.050258	1.299672	1.299672
1059	-0.063785	0	2	3	-0.060802	2.796515	2.796515
1060	-0.097588	0	0	0	-0.094628	1.060219	1.060219
1061	0.035873	0	0	0	0.043789	0.422169	0.422169
1062	0.462562	0	0	0	0.510534	1.569503	1.569503
1063	-0.082817	0	0	0	-0.082622	0.077744	0.077744
1064	-0.038103	0	0	0	-0.034634	2.082409	2.082409
1065	0.058273	0	0	0	0.081442	1.911438	1.911438
1066	-0.155826	0	28	37	-0.153633	3.108280	3.108280
1067	-0.015787	0	0	0	-0.014439	0.984975	0.984975
1068	-0.000003	0	2	2	-0.000002	3.038527	3.038527
1069	-0.084348	0	0	0	-0.081788	1.751376	1.751376
1070	-0.050637	0	0	0	-0.046272	2.318158	2.318158
1071	-0.026719	0	0	0	-0.020594	1.434268	1.434268
1072	0.179381	0	0	0	0.196772	0.950952	0.950952
1073	0.073978	0	0	0	0.083099	0.970333	0.970333
1074	-0.016920	0	0	0	-0.015311	0.650849	0.650849
1075	-0.140901	0	0	0	-0.138532	0.716302	0.716302
1076	-0.037539	0	0	0	-0.035306	1.216504	1.216504
1077	-0.082503	0	0	0	-0.078021	1.328323	1.328323
1078	-0.002507	0	0	0	0.002065	0.781764	0.781764
1079	-0.060997	0	0	0	-0.058496	2.524520	2.524520
1080	0.149374	0	0	0	0.161609	2.317955	2.317955
1081	0.022915	0	0	0	0.030642	2.118565	2.118565
1082	0.145075	0	0	0	0.161315	0.920029	0.920029
1083	-0.018712	0	0	0	-0.016567	1.289678	1.289678
1084	0.159661	0	0	0	0.179253	1.991873	1.991873
1085	-0.048245	0	0	0	-0.044082	1.002070	1.002070
1086	0.173468	0	0	0	0.192949	1.594324	1.594324
1087	-0.052906	0	0	0	-0.042764	1.471237	1.471237
1088	-0.094578	0	0	0	-0.090809	1.005058	1.005058
1089	-0.089464	0	0	0	-0.085832	1.536447	1.536447
1090	0.263929	0	0	0	0.272991	0.840314	0.840314
1091	-0.109567	0	0	0	-0.101169	1.789083	1.789083
1092	-0.035279	0	1	1	-0.031576	2.760124	2.760124
1093	0.162459	0	0	0	0.171935	0.425194	0.425194
1094	-0.011605	0	7	8	-0.010159	3.506953	3.506953
1095	-0.049636	0	0	0	-0.045963	2.372963	2.372963
1096	0.064180	0	0	0	0.080470	0.787336	0.787336
1097	-0.067768	0	0	0	-0.062390	2.037048	2.037048
1098	-0.069933	0	3	3	-0.065908	3.043435	3.043435
1099	-0.111739	0	0	0	-0.107619	1.054313	1.054313
1100	-0.000345	0	0	0	-0.000269	0.474035	0.474035
1101	-0.011463	0	0	0	-0.010023	0.568588	0.568588
1102	-0.076275	0	1	1	-0.071830	2.792139	2.792139
1103	0.324647	0	0	0	0.348932	1.781871	1.781871
1104	-0.000005	0	0	0	-0.000003	2.315503	2.315503
1105	-0.159991	0	0	0	-0.156047	0.855261	0.855261
1106	-0.009200	0	0	0	-0.007740	1.140263	1.140263
1107	0.109300	0	0	0	0.114478	0.379197	0.379197
1108	0.406689	0	0	0	0.444143	0.406688	0.108312
1109	-0.091732	0	0	0	-0.088037	2.162593	2.162593
1110	0.464028	0	0	0	0.503211	2.106675	2.106675
1111	0.152493	0	0	0	0.165339	0.767969	0.767969
1112	0.668554	0	0	0	0.711717	0.719771	0.719771
1113	-0.117572	0	0	0	-0.108407	0.382710	0.382710
1114	-0.117587	0	0	0	-0.115500	1.208958	1.208958
1115	-0.000626	0	1	1	-0.000459	2.656647	2.656647
1116	0.049592	0	0	0	0.062665	0.919543	0.919543
1117	-0.001591	0	0	0	-0.001255	0.356930	0.356930
1118	-0.147322	0	0	0	-0.145337	2.168869	2.168869
1119	0.529123	0	0	0	0.554962	2.057009	2.057009
1120	-0.000701	0	1	1	-0.000561	3.518095	3.518095
1121	-0.117441	0	0	0	-0.102454	1.148072	1.148072
1122	0.509096	0	0	0	0.528454	1.885736	1.885736
1123	0.489095	0	0	0	0.519047	0.698764	0.698764
1124	0.749481	0	0	0	0.794834	1.881588	1.881588
1125	-0.127318	0	0	0	-0.120766	1.006668	1.006668
1126	-0.022904	0	0	0	-0.019973	2.290763	2.290763
1127	-0.052478	0	0	0	-0.048964	2.117443	2.117443
1128	-0.030762	0	0	0	-0.027808	1.550501	1.550501
1129	-0.031170	0	0	1	-0.029070	2.093560	2.093560
1130	-0.029431	0	0	0	-0.015584	1.716467	1.716467
1131	-0.084851	0	0	0	-0.082168	0.766790	0.766790
1132	0.296640	0	0	0	0.312580	1.592817	1.592817
1133	0.420069	0	0	0	0.446284	1.005105	1.005105
1134	0.015628	0	0	0	0.040686	1.431120	1.431120
1135	-0.000225	0	0	0	-0.000172	0.607811	0.607811
1136	0.141970	0	0	0	0.148566	1.037844	1.037844
1137	-0.064002	0	0	0	-0.060666	1.379224	1.379224
1138	-0.155996	0	0	0	-0.153244	1.905176	1.905176
1139	-0.039342	0	0	0	-0.035729	1.531065	1.531065
1140	-0.017746	0	0	0	-0.015492	1.914948	1.914948
1141	-0.110866	0	0	0	-0.108030	1.020912	1.020912
1142	-0.079175	0	0	0	-0.076555	1.767815	1.767815
1143	-0.020338	0	0	0	-0.017828	1.951908	1.951908
1144	0.541131	0	1	1	0.579364	2.402982	2.402982
1145	-0.126567	0	0	0	-0.117279	0.549146	0.549146
1146	-0.018060	0	0	0	-0.016053	1.565838	1.565838
1147	-0.039109	0	0	0	-0.036400	1.647959	1.647959
1148	-0.138767	0	0	0	-0.135391	0.703292	0.703292
1149	-0.065939	0	0	0	-0.046653	2.084685	2.084685
1150	-0.057925	0	0	0	-0.055998	1.019710	1.019710
1151	-0.003726	0	0	0	-0.003304	0.896154	0.896154
1152	-0.040353	0	0	0	-0.034607	1.070699	1.070699
1153	-0.122868	0	0	0	-0.121251	1.067132	1.067132
1154	0.153213	0	0	0	0.164519	1.140143	1.140143
1155	-0.088857	0	0	0	-0.085756	1.964822	1.964822
1156	-0.001574	0	0	0	-0.001304	1.033877	1.033877
1157	-0.083472	0	0	0	-0.080392	0.770048	0.770048
1158	-0.001897	0	0	0	-0.001633	1.188621	1.188621
1159	-0.003428	0	0	0	-0.002864	1.358870	1.358870
1160	-0.056785	0	0	0	-0.051599	1.307371	1.307371
1161	0.257920	0	0	0	0.267462	0.440142	0.440142
1162	0.102586	0	0	0	0.111695	0.856084	0.856084
1163	0.245407	0	0	0	0.253931	2.032462	2.032462
1164	0.016497	0	0	0	0.027654	0.900120	0.900120
1165	0.001513	0	0	0	0.011821	1.096602	1.096602
1166	0.333207	0	0	0	0.341774	1.868912	1.868912
1167	0.464296	0	0	0	0.503601	1.326746	1.326746
1168	-0.153197	0	0	0	-0.147430	1.085727	1.085727
1169	0.769029	0	0	0	0.807745	2.301631	2.301631
1170	0.436357	0	0	0	0.456045	1.379773	1.379773
1171	-0.010020	0	0	0	-0.008814	0.660818	0.660818
1172	0.250572	0	0	0	0.264922	1.376639	1.376639
1173	-0.150941	0	0	0	-0.146358	1.351642	1.351642
1174	-0.034249	0	0	0	-0.030063	1.287529	1.287529
1175	0.129186	0	0	0	0.154298	1.063268	1.063268
1176	0.347800	0	0	0	0.362296	1.267125	1.267125
1177	0.492010	0	0	0	0.511936	1.858455	1.858455
1178	0.384144	0	0	0	0.404362	0.384144	0.066993
1179	0.374156	0	0	0	0.396904	1.114261	1.114261
1180	-0.000592	0	0	0	-0.000485	0.808598	0.808598
1181	-0.003220	0	0	0	-0.002848	1.401136	1.401136
1182	-0.003847	0	0	0	-0.003152	1.284147	1.284147
1183	-0.012176	0	0	0	-0.010935	0.635907	0.635907
1184	0.321507	0	0	0	0.363059	1.321075	1.321075
1185	-0.001139	0	0	0	-0.000872	1.058175	1.058175
1186	-0.014600	0	0	0	-0.012602	1.642267	1.642267
1187	-0.088626	0	0	0	-0.086111	1.918059	1.918059
1188	-0.007947	0	0	0	-0.006519	2.125809	2.125809
1189	-0.002984	0	1	1	-0.002284	2.914540	2.914540
1190	-0.014354	0	0	0	-0.012393	1.118479	1.118479
1191	-0.102845	0	0	0	-0.100708	0.954508	0.954508
1192	-0.029628	0	0	0	-0.027195	1.520621	1.520621
1193	0.126399	0	0	0	0.136913	0.903333	0.903333
1194	-0.033223	0	0	0	-0.029902	1.218310	1.218310
1195	-0.070853	0	0	0	-0.068455	2.033984	2.033984
1196	-0.089456	0	0	0	-0.077223	0.995847	0.995847
1197	-0.144691	0	0	0	-0.142975	0.706948	0.706948
1198	-0.025805	0	0	0	-0.023677	1.615423	1.615423
1199	-0.069134	0	2	2	-0.064281	3.347093	3.347093
1200	0.208596	0	0	0	0.232491	1.305331	1.305331
1201	-0.109609	0	0	0	-0.104108	1.387270	1.387270
1202	-0.008478	0	0	0	0.004315	1.649440	1.649440
1203	-0.120693	0	0	0	-0.114076	2.362645	2.362645
1204	-0.047923	0	0	0	-0.044828	2.513007	2.513007
1205	-0.066005	0	0	0	-0.060988	1.249893	1.249893
1206	-0.065146	0	0	0	-0.049584	0.259317	0.259317
1207	-0.045961	0	0	0	-0.043348	1.894015	1.894015
1208	0.058493	0	0	0	0.062033	0.534096	0.534096
1209	-0.016303	0	0	0	-0.014505	0.451389	0.451389
1210	-0.070938	0	0	0	-0.068821	1.121646	1.121646
1211	-0.024906	0	3	4	-0.007650	2.750312	2.750312
1212	-0.119772	0	0	0	-0.114901	0.796629	0.796629
1213	0.319661	0	0	0	0.338094	1.099298	1.099298
1214	-0.035035	0	0	0	-0.032707	1.238239	1.238239
1215	-0.099548	0	0	0	-0.096353	0.742063	0.742063
1216	-0.155984	0	0	0	-0.147330	1.621781	1.621781
1217	-0.037166	0	0	0	-0.034171	0.588025	0.588025
1218	0.028141	0	0	0	0.041816	1.002852	1.002852
1219	-0.001043	0	0	0	-0.000835	0.289517	0.289517
1220	0.174769	0	0	0	0.183003	1.261145	1.261145
1221	0.203560	0	0	0	0.223451	1.127851	1.127851
1222	0.289533	0	0	0	0.313835	1.416149	1.416149
1223	-0.004615	0	0	0	-0.004036	1.928234	1.928234
1224	-0.111177	0	0	0	-0.108319	0.955594	0.955594
1225	0.311529	0	0	0	0.334361	1.046967	1.046967
1226	0.376496	0	0	0	0.415067	0.817373	0.817373
1227	0.543806	0	0	0	0.581747	2.017890	2.017890
1228	0.314561	0	0	0	0.338636	1.747450	1.747450
1229	-0.066684	0	0	0	-0.062113	2.634284	2.634284
1230	0.268571	0	0	0	0.285013	0.979405	0.979405
1231	-0.050955	0	0	0	-0.047188	1.142305	1.142305
1232	0.572312	0	0	0	0.599209	1.335930	1.335930
1233	0.084235	0	0	0	0.103327	0.922102	0.922102
1234	-0.020376	0	0	0	-0.018808	0.812217	0.812217
1235	-0.114121	0	0	0	-0.110111	1.569300	1.569300
1236	-0.015499	0	0	0	-0.013687	2.503059	2.503059
1237	-0.024488	0	1	1	-0.022602	2.991275	2.991275
1238	0.208609	0	3	4	0.225998	2.906403	2.906403
1239	0.158439	0	0	0	0.164861	0.268013	0.268013
1240	-0.014913	0	0	0	-0.013394	0.396730	0.396730
1241	-0.068751	0	0	0	-0.065807	0.641741	0.641741
1242	-0.039594	0	0	0	-0.036561	1.916004	1.916004
1243	-0.152071	0	0	0	-0.151549	2.361179	2.361179
1244	0.013734	0	0	0	0.025827	0.983617	0.983617
1245	0.191289	0	0	0	0.219865	1.100927	1.100927
1246	0.302520	0	0	0	0.324844	1.585267	1.585267
1247	-0.002461	0	0	0	-0.001957	1.569744	1.569744
1248	-0.049477	0	0	0	-0.047231	2.696759	2.696759
1249	-0.052791	0	0	0	-0.048397	0.203662	0.203662
1250	-0.076041	0	0	0	-0.072307	2.194358	2.194358
1251	0.543308	0	0	0	0.559699	1.316274	1.316274
1252	0.447960	0	0	0	0.478717	1.479211	1.479211
1253	0.399424	0	0	0	0.425112	1.580289	1.580289
1254	0.089425	0	0	0	0.095890	0.089425	-0.009333
1255	-0.043726	0	4	4	-0.041489	2.551848	2.551848
1256	0.419907	0	0	0	0.448655	1.481342	1.481342
1257	-0.006437	0	0	0	-0.005619	0.844902	0.844902
1258	-0.154803	0	0	0	-0.152485	0.533879	0.533879
1259	-0.024562	0	0	0	-0.023202	2.362110	2.362110
1260	-0.065566	0	0	0	-0.059208	2.076101	2.076101
1261	-0.030477	0	0	0	-0.026876	1.341794	1.341794
1262	0.276526	0	0	0	0.302736	1.819582	1.819582
1263	-0.093180	0	0	0	-0.088608	1.669428	1.669428
1264	-0.047589	0	0	0	-0.045040	1.447000	1.447000
1265	-0.000000	0	0	0	-0.000000	0.409976	0.409976
1266	-0.045984	0	0	0	-0.044454	1.539330	1.539330
1267	-0.012691	0	1	1	-0.011428	3.833911	3.833911
1268	-0.056509	0	0	0	-0.054732	2.829270	2.829270
1269	0.320994	0	0	0	0.331142	0.740783	0.740783
1270	0.218220	0	0	0	0.236040	1.060762	1.060762
1271	0.371770	0	0	0	0.377142	0.999317	0.999317
1272	-0.022480	0	0	0	-0.020007	0.799058	0.799058
1273	0.056532	0	0	0	0.069463	0.626474	0.626474
1274	-0.017840	0	0	0	-0.015708	2.252272	2.252272
1275	-0.002293	0	0	0	-0.001863	0.989047	0.989047
1276	-0.016544	0	1	1	-0.014350	2.836874	2.836874
1277	0.035640	0	0	0	0.055503	1.710904	1.710904
1278	-0.035079	0	0	0	-0.032051	0.677544	0.677544
1279	0.128281	0	0	0	0.150800	2.476781	2.476781
1280	0.017679	0	0	0	0.030139	1.200815	1.200815
1281	0.101342	0	0	0	0.118333	1.695490	1.695490
1282	0.334537	0	0	0	0.359461	1.083003	1.083003
1283	-0.113367	0	1	1	-0.108811	2.871618	2.871618
1284	0.052867	0	0	0	0.056728	0.614028	0.614028
1285	-0.040170	0	0	0	-0.037119	2.171639	2.171639
1286	-0.076426	0	0	0	-0.072611	1.406842	1.406842
1287	-0.050239	0	0	0	-0.047695	2.513656	2.513656
1288	-0.011588	0	0	0	-0.010084	0.640038	0.640038
1289	-0.009579	0	0	0	-0.007859	1.838725	1.838725
1290	-0.020585	0	0	0	-0.017415	0.506689	0.506689
1291	0.505645	0	0	0	0.549054	0.976515	0.976515
1292	-0.124508	0	0	0	-0.119679	1.227360	1.227360
1293	0.630035	0	0	0	0.663022	1.064887	1.064887
1294	-0.072648	0	0	0	-0.070621	2.016922	2.016922
1295	-0.006106	0	0	0	-0.005076	2.290776	2.290776
1296	0.000433	0	0	0	0.017065	0.947975	0.947975
1297	0.221370	0	0	0	0.229778	1.413450	1.413450
1298	0.347305	0	0	0	0.371108	0.347305	0.199056
1299	-0.047478	0	0	0	-0.044804	0.842903	0.842903
1300	0.259937	0	0	0	0.278439	1.020080	1.020080
1301	-0.168170	0	0	0	-0.167645	0.620872	0.620872
1302	-0.000313	0	0	0	-0.000233	0.888506	0.888506
1303	0.500535	0	0	0	0.545617	2.455651	2.455651
1304	-0.066578	0	0	0	-0.061907	0.757023	0.757023
1305	0.395184	0	0	0	0.418609	1.356342	1.356342
1306	-0.000235	0	0	0	-0.000162	0.520636	0.520636
1307	0.090819	0	0	0	0.102169	0.167326	0.167326
1308	-0.000024	0	0	0	-0.000017	2.000663	2.000663
1309	0.107194	0	0	0	0.112609	0.705543	0.705543
1310	-0.084645	0	0	0	-0.081288	2.688147	2.688147
1311	0.058642	0	0	0	0.064502	1.081668	1.081668
1312	-0.010017	0	0	0	0.006776	0.373887	0.373887
1313	0.011416	0	0	0	0.027254	1.546246	1.546246
1314	-0.035181	0	0	0	-0.033711	1.277465	1.277465
1315	-0.012763	0	0	0	-0.011720	1.059782	1.059782
1316	-0.108800	0	0	0	-0.103865	1.322435	1.322435
1317	-0.145027	0	0	0	-0.142443	1.213904	1.213904
1318	-0.022232	0	0	0	-0.019886	0.655429	0.655429
1319	-0.035233	0	13	13	-0.032643	3.252330	3.252330
1320	0.335863	0	0	0	0.348597	0.931328	0.931328
1321	0.111682	0	0	0	0.131894	1.243360	1.243360
1322	0.535272	0	0	0	0.558215	0.571026	0.571026
1323	-0.007621	0	0	0	-0.007206	0.942563	0.942563
1324	0.275308	0	0	0	0.282766	1.234201	1.234201
1325	0.342810	0	0	0	0.375281	1.300538	1.300538
1326	-0.065584	0	0	0	-0.062051	0.864868	0.864868
1327	0.694103	0	0	0	0.710899	1.036153	1.036153
1328	-0.070548	0	0	0	-0.068197	1.173056	1.173056
1329	-0.003563	0	0	0	-0.002977	2.175083	2.175083
1330	0.088392	0	0	0	0.104348	0.586498	0.586498
1331	0.360932	0	0	0	0.379549	1.164472	1.164472
1332	0.063020	0	0	0	0.077681	0.374414	0.374414
1333	-0.004775	0	0	0	-0.003953	2.677329	2.677329
1334	0.367275	0	0	0	0.384733	0.929445	0.929445
1335	-0.085230	0	0	1	-0.084116	1.941991	1.941991
1336	-0.086464	0	0	0	-0.083457	0.793932	0.793932
1337	-0.021660	0	0	0	-0.019031	2.835494	2.835494
1338	0.148309	0	0	0	0.173185	1.138551	1.138551
1339	-0.002584	0	0	0	-0.002045	1.971606	1.971606
1340	-0.067190	0	0	0	-0.058810	0.751339	0.751339
1341	-0.122276	0	0	0	-0.117850	1.734262	1.734262
1342	-0.038529	0	0	0	-0.035244	2.397609	2.397609
1343	-0.045151	0	0	0	-0.043299	1.373030	1.373030
1344	-0.072354	0	0	0	-0.068669	-0.001356	-0.001356
1345	-0.069943	0	0	0	-0.066518	1.734652	1.734652
1346	-0.011540	0	0	0	-0.010603	0.073844	0.073844
1347	0.060952	0	0	0	0.077143	0.850231	0.850231
1348	-0.076267	0	0	0	-0.058957	1.649352	1.649352
1349	-0.036394	0	0	0	-0.032283	0.776445	0.776445
1350	-0.153384	0	0	0	-0.140689	1.200732	1.200732
1351	-0.069995	0	2	4	-0.065949	2.938300	2.938300
1352	-0.032625	0	0	0	-0.028754	1.068617	1.068617
1353	-0.146354	0	0	0	-0.139768	1.239061	1.239061
1354	-0.014266	0	0	0	-0.011954	1.281362	1.281362
1355	0.173361	0	0	0	0.198410	0.728938	0.728938
1356	0.219922	0	0	0	0.234826	1.596779	1.596779
1357	-0.056724	0	0	0	-0.054335	0.929236	0.929236
1358	0.022740	0	0	0	0.026909	1.080195	1.080195
1359	0.078939	0	0	0	0.090797	0.656171	0.656171
1360	-0.033609	0	0	0	-0.030574	2.443540	2.443540
1361	-0.159536	0	0	0	-0.157192	0.279785	0.279785
1362	-0.077603	0	0	0	-0.072768	1.927564	1.927564
1363	0.264561	0	0	0	0.284817	1.240362	1.240362
1364	-0.004276	0	0	0	-0.003463	1.183084	1.183084
1365	-0.085462	0	0	0	-0.078416	1.146994	1.146994
1366	-0.088893	0	0	0	-0.086057	1.006446	1.006446
1367	-0.064012	0	0	0	-0.053032	1.161917	1.161917
1368	0.028101	0	0	0	0.048314	1.644660	1.644660
1369	0.190310	0	0	0	0.205849	1.703911	1.703911
1370	-0.053518	0	0	0	-0.050836	2.603091	2.603091
1371	-0.014325	0	16	16	-0.012109	3.753585	3.753585
1372	-0.026437	0	0	0	-0.023515	1.224718	1.224718
1373	0.026768	0	0	0	0.036548	1.096805	1.096805
1374	-0.093138	0	0	0	-0.091048	1.551335	1.551335
1375	-0.009295	0	0	0	-0.007986	2.820054	2.820054
1376	0.178059	0	0	0	0.190283	1.673785	1.673785
1377	-0.129031	0	0	0	-0.124131	1.050238	1.050238
1378	0.158928	0	0	0	0.179042	1.039758	1.039758
1379	-0.112717	0	0	0	-0.108192	1.258342	1.258342
1380	-0.054268	0	0	0	-0.050644	2.438985	2.438985
1381	-0.087166	0	0	0	-0.083268	0.703871	0.703871
1382	-0.021656	0	0	0	-0.018505	1.477989	1.477989
1383	0.566053	0	0	0	0.586683	1.332061	1.332061
1384	0.259324	0	0	0	0.296064	0.723096	0.723096
1385	0.190408	0	0	0	0.213096	1.083953	1.083953
1386	-0.126399	0	0	0	-0.109753	-0.000004	-0.000004
1387	0.365202	0	0	0	0.377780	1.468361	1.468361
1388	-0.060915	0	4	5	-0.057833	3.088848	3.088848
1389	0.445111	0	0	0	0.482679	2.107567	2.107567
1390	-0.044557	0	0	0	-0.036033	0.362876	0.362876
1391	-0.123673	0	0	0	-0.118227	1.471894	1.471894
1392	0.462000	0	0	0	0.489872	1.117161	1.117161
1393	-0.091806	0	0	0	-0.084904	0.701347	0.701347
1394	-0.130557	0	0	0	-0.130444	1.366505	1.366505
1395	-0.034555	0	0	0	-0.032738	1.965188	1.965188
1396	0.527998	0	0	0	0.554466	1.587105	1.587105
1397	-0.028310	0	0	0	-0.027208	0.957049	0.957049
1398	-0.082394	0	0	0	-0.079639	0.729615	0.729615
1399	-0.041895	0	3	4	-0.038538	2.817762	2.817762
1400	-0.024787	0	0	0	-0.023162	0.656808	0.656808
1401	0.558237	0	0	0	0.586294	0.781777	0.781777
1402	-0.003266	0	0	0	-0.002672	1.093709	1.093709
1403	0.367659	0	0	0	0.402659	0.699069	0.699069
1404	-0.012599	0	0	0	-0.011096	1.909431	1.909431
1405	-0.024847	0	0	1	-0.021804	3.112561	3.112561
1406	-0.149159	0	0	0	-0.145544	0.900120	0.900120
1407	0.395497	0	0	0	0.419988	1.183585	1.183585
1408	0.415266	0	0	0	0.429248	1.926557	1.926557
1409	-0.008550	0	0	0	-0.007198	0.857761	0.857761
1410	0.055862	0	0	0	0.065029	0.173859	0.173859
1411	-0.004173	0	0	0	-0.003592	0.747167	0.747167
1412	-0.079463	0	0	0	-0.076635	1.065097	1.065097
1413	-0.073747	0	0	0	-0.065615	0.521615	0.521615
1414	-0.020119	0	0	0	-0.018134	1.859111	1.859111
1415	-0.001255	0	0	0	-0.001072	0.975613	0.975613
1416	-0.094781	0	0	0	-0.091593	0.929656	0.929656
1417	-0.047775	0	2	2	-0.043820	3.024430	3.024430
1418	-0.044662	0	0	0	-0.041703	2.376458	2.376458
1419	-0.021088	0	0	1	-0.019587	2.648703	2.648703
1420	-0.090706	0	0	0	-0.079067	1.099535	1.099535
1421	0.015548	0	0	0	0.029494	0.292788	0.292788
1422	-0.056548	0	0	0	-0.054255	0.547406	0.547406
1423	-0.016090	0	0	0	-0.008896	1.630370	1.630370
1424	-0.119953	0	0	0	-0.117922	1.777428	1.777428
1425	-0.068004	0	0	0	-0.062096	2.194809	2.194809
1426	-0.002120	0	0	0	-0.001776	1.973854	1.973854
1427	-0.145952	0	0	0	-0.137134	1.057896	1.057896
1428	0.091907	0	0	0	0.111728	0.528597	0.528597
1429	0.055244	0	0	0	0.063466	0.546784	0.546784
1430	-0.122657	0	0	0	-0.112943	1.258407	1.258407
1431	-0.055584	0	0	0	-0.041693	1.509740	1.509740
1432	0.093647	0	0	0	0.106893	1.429247	1.429247
1433	0.329580	0	0	0	0.341674	0.674049	0.674049
1434	-0.112674	0	0	0	-0.101923	1.205374	1.205374
1435	-0.010675	0	1	1	-0.009211	3.042286	3.042286
1436	0.082110	0	0	0	0.094657	1.164551	1.164551
1437	0.378821	0	0	0	0.400401	1.287014	1.287014
1438	0.141036	0	0	0	0.160172	1.387219	1.387219
1439	-0.052053	0	0	0	-0.048237	1.655355	1.655355
1440	0.303855	0	0	0	0.322868	1.332538	1.332538
1441	0.130092	0	0	0	0.150224	0.604085	0.604085
1442	-0.033560	0	7	7	-0.030171	3.295664	3.295664
1443	-0.027604	0	0	0	-0.025437	0.591382	0.591382
1444	0.216023	0	0	0	0.236070	1.023261	1.023261
1445	-0.027683	0	0	0	-0.024402	1.779967	1.779967
1446	-0.057165	0	0	0	-0.052273	2.419164	2.419164
1447	-0.142390	0	0	0	-0.138946	1.339707	1.339707
1448	-0.012855	0	1	1	-0.011614	2.786307	2.786307
1449	0.009758	0	1	1	0.017813	2.980725	2.980725
1450	0.853877	0	0	0	0.889758	1.734916	1.734916
1451	-0.069390	0	0	0	-0.067226	1.086868	1.086868
1452	-0.084209	0	0	0	-0.074693	1.157838	1.157838
1453	-0.004101	0	0	0	-0.003403	1.338383	1.338383
1454	0.285100	0	0	0	0.298545	0.802637	0.802637
1455	0.290463	0	0	0	0.304915	0.387280	0.387280
1456	-0.020137	0	0	0	-0.018333	2.799469	2.799469
1457	-0.001630	0	0	0	-0.001325	0.508768	0.508768
1458	-0.055584	0	0	0	-0.043628	0.719888	0.719888
1459	0.541906	0	0	0	0.564326	0.541907	0.450558
1460	0.308846	0	0	0	0.322336	0.821471	0.821471
1461	-0.038164	0	0	0	-0.035625	1.393591	1.393591
1462	-0.015202	0	0	0	-0.014038	1.447912	1.447912
1463	0.205076	0	0	0	0.230274	1.656101	1.656101
1464	0.125230	0	0	0	0.137162	0.359343	0.359343
1465	-0.001594	0	1	1	-0.001296	2.747613	2.747613
1466	-0.160489	0	0	0	-0.158900	0.320690	0.320690
1467	0.132439	0	0	0	0.159180	1.251351	1.251351
1468	-0.025289	0	0	0	-0.023449	1.853278	1.853278
1469	-0.164892	0	0	0	-0.161736	1.420701	1.420701
1470	0.023484	0	0	0	0.036568	0.558914	0.558914
1471	-0.037033	0	0	0	-0.034844	1.141332	1.141332
1472	0.348984	0	0	0	0.367971	1.212416	1.212416
1473	0.516243	0	0	0	0.559874	2.751770	2.751770
1474	-0.011880	0	0	0	-0.010369	1.299656	1.299656
1475	0.180311	0	0	0	0.195117	0.644845	0.644845
1476	-0.116674	0	0	0	-0.113081	1.648894	1.648894
1477	-0.057789	0	0	0	-0.046178	1.139884	1.139884
1478	-0.073969	0	0	0	-0.066538	1.765994	1.765994
1479	-0.091620	0	0	0	-0.088902	2.638971	2.638971
1480	0.264850	0	0	0	0.277980	1.242045	1.242045
1481	-0.032301	0	0	0	-0.031646	1.408800	1.408800
1482	0.306963	0	0	0	0.325213	1.600099	1.600099
1483	-0.038188	0	0	0	-0.035037	1.158735	1.158735
1484	-0.008625	0	0	0	-0.007864	2.328864	2.328864
1485	-0.157537	0	0	0	-0.153869	1.100495	1.100495
1486	0.409303	0	0	0	0.452221	1.795228	1.795228
1487	0.184332	0	0	0	0.195874	1.363586	1.363586
1488	0.094448	0	0	0	0.104921	0.443142	0.443142
1489	0.191659	0	0	0	0.202392	1.155143	1.155143
1490	-0.146351	0	0	0	-0.139092	1.983131	1.983131
1491	-0.058924	0	0	0	-0.053510	1.277781	1.277781
1492	-0.045128	0	0	0	-0.040488	0.832201	0.832201
1493	-0.031287	0	2	2	-0.027687	3.466480	3.466480
1494	-0.130086	0	0	0	-0.123199	0.149841	0.149841
1495	-0.154794	0	0	0	-0.149432	1.591444	1.591444
1496	0.138581	0	0	0	0.156908	0.513307	0.513307
1497	-0.007997	0	0	1	-0.006486	2.696394	2.696394
1498	-0.079399	0	0	0	-0.076212	1.542374	1.542374
1499	-0.120277	0	0	0	-0.118177	1.141871	1.141871
1500	-0.163658	0	0	0	-0.162829	1.051922	1.051922
1501	-0.004121	0	0	0	-0.003034	2.380957	2.380957
1502	-0.033887	0	0	0	-0.020057	1.908243	1.908243
1503	-0.012785	0	0	0	-0.001561	0.164283	0.164283
1504	-0.085373	0	0	0	-0.080845	2.009820	2.009820
1505	-0.095760	0	0	0	-0.051039	1.591037	1.591037
1506	0.050921	0	0	0	0.063848	0.656903	0.656903
1507	-0.155151	0	0	0	-0.153608	0.890812	0.890812
1508	-0.053670	0	0	0	-0.039582	1.226717	1.226717
1509	0.405641	0	0	0	0.425902	1.666800	1.666800
1510	-0.053167	0	0	0	-0.049546	1.046248	1.046248
1511	0.326461	0	0	0	0.358299	1.193781	1.193781
1512	-0.155908	0	0	0	-0.153891	2.806571	2.806571
1513	0.624819	0	0	0	0.653057	1.208794	1.208794
1514	-0.009990	0	0	0	-0.008623	2.328545	2.328545
1515	0.324416	0	0	0	0.362088	1.230544	1.230544
1516	0.040172	0	0	0	0.057685	0.596809	0.596809
1517	-0.014975	0	0	0	-0.013201	1.284761	1.284761
1518	-0.029546	0	0	0	-0.020717	0.525276	0.525276
1519	-0.012700	0	1	1	-0.011293	2.805436	2.805436
1520	0.326887	0	0	0	0.348235	2.331706	2.331706
1521	-0.039690	0	0	0	-0.029745	1.137637	1.137637
1522	-0.000203	0	0	0	-0.000157	1.114569	1.114569
1523	-0.009947	0	0	0	-0.008848	2.682500	2.682500
1524	0.466883	0	0	0	0.491437	2.164145	2.164145
1525	-0.018870	0	0	0	-0.017436	1.457735	1.457735
1526	-0.002842	0	0	0	-0.002215	1.599882	1.599882
1527	0.359411	0	0	0	0.376091	0.561984	0.561984
1528	0.160318	0	0	0	0.177727	0.756248	0.756248
1529	0.174148	0	0	0	0.180649	0.821547	0.821547
1530	0.356543	0	0	0	0.393022	1.110040	1.110040
1531	-0.099705	0	0	0	-0.095265	1.891204	1.891204
1532	0.010979	0	0	0	0.022846	1.889439	1.889439
1533	0.345479	0	0	0	0.369299	1.347851	1.347851
1534	-0.090347	0	0	0	-0.085704	1.911867	1.911867
1535	-0.006414	0	0	0	-0.005425	0.585022	0.585022
1536	-0.023556	0	0	0	-0.016024	0.855658	0.855658
1537	-0.006377	0	0	1	-0.005327	2.997762	2.997762
1538	0.252521	0	0	1	0.271261	2.288150	2.288150
1539	-0.058658	0	0	0	-0.054968	1.934919	1.934919
1540	-0.034591	0	0	0	-0.024369	1.462586	1.462586
1541	0.474870	0	0	0	0.497594	1.879494	1.879494
1542	-0.071147	0	0	0	-0.065799	0.301618	0.301618
1543	0.446629	0	0	0	0.457981	1.042243	1.042243
1544	0.006021	0	0	0	0.013913	0.269570	0.269570
1545	-0.009480	0	0	0	-0.008037	0.584862	0.584862
1546	0.074946	0	0	0	0.093187	1.127098	1.127098
1547	0.084759	0	0	0	0.092668	0.165238	0.165238
1548	-0.007662	0	0	0	-0.006513	1.919796	1.919796
1549	0.038070	0	0	0	0.059401	0.811691	0.811691
1550	0.551790	0	0	0	0.585470	1.440835	1.440835
1551	0.270763	0	0	0	0.293388	0.664578	0.664578
1552	-0.103152	0	2	2	-0.098111	3.015825	3.015825
1553	0.020936	0	0	0	0.039498	1.432228	1.432228
1554	0.215338	0	0	0	0.247958	1.742252	1.742252
1555	-0.164841	0	1	2	-0.161155	2.408216	2.408216
1556	-0.009091	0	0	0	-0.007874	1.625311	1.625311
1557	-0.032310	0	0	0	-0.029468	1.038783	1.038783
1558	-0.004075	0	3	3	-0.003554	2.954985	2.954985
1559	-0.065825	0	0	0	-0.060649	1.535609	1.535609
1560	-0.088501	0	0	0	-0.083564	0.758250	0.758250
1561	-0.022680	0	0	0	-0.002910	0.703466	0.703466
1562	0.062253	0	0	0	0.068596	1.474626	1.474626
1563	-0.003743	0	0	0	-0.003153	2.751715	2.751715
1564	0.415816	0	0	0	0.432875	0.934747	0.934747
1565	0.589073	0	0	0	0.617552	1.814629	1.814629
1566	0.043039	0	0	0	0.055794	0.542764	0.542764
1567	0.154829	0	0	0	0.180857	1.773184	1.773184
1568	0.180573	0	0	0	0.186432	1.294859	1.294859
1569	-0.122856	0	0	0	-0.117630	0.751103	0.751103
1570	-0.125542	0	0	0	-0.122511	1.375639	1.375639
1571	0.232735	0	0	0	0.251948	0.711845	0.711845
1572	-0.105677	0	0	0	-0.100624	1.354677	1.354677
1573	-0.156562	0	0	0	-0.152247	1.023033	1.023033
1574	0.233042	0	0	0	0.252873	1.994165	1.994165
1575	0.027740	0	0	0	0.056005	1.713473	1.713473
1576	-0.040176	0	0	0	-0.037158	0.999901	0.999901
1577	0.355459	0	0	0	0.376303	1.315774	1.315774
1578	-0.052977	0	0	0	-0.033329	1.028944	1.028944
1579	0.040195	0	0	0	0.057643	0.784974	0.784974
1580	0.155242	0	0	0	0.173955	1.148508	1.148508
1581	-0.032707	0	0	0	-0.030358	0.962984	0.962984
1582	-0.155440	0	0	0	-0.153221	1.161060	1.161060
1583	0.255088	0	0	0	0.265482	1.148814	1.148814
1584	0.267327	0	0	0	0.293594	1.438938	1.438938
1585	-0.150582	0	0	0	-0.146603	0.891633	0.891633
1586	-0.169138	0	0	0	-0.167908	1.480032	1.480032
1587	0.445434	0	1	1	0.468935	2.647035	2.647035
1588	-0.054558	0	4	4	-0.050416	3.049964	3.049964
1589	-0.015321	0	0	0	-0.013464	0.952370	0.952370
1590	0.376732	0	0	0	0.395367	1.444598	1.444598
1591	-0.021837	0	0	0	-0.011758	1.159763	1.159763
1592	-0.144821	0	0	0	-0.141990	1.229524	1.229524
1593	0.181057	0	0	0	0.201089	1.449926	1.449926
1594	-0.070056	0	73	74	-0.041362	3.824016	3.824016
1595	-0.163451	0	0	0	-0.161543	0.972211	0.972211
1596	-0.014317	0	0	0	-0.013028	2.635808	2.635808
1597	-0.129948	0	0	0	-0.126224	1.040443	1.040443
1598	-0.075930	0	0	0	-0.072210	0.862118	0.862118
1599	-0.070217	0	0	0	-0.066974	1.365092	1.365092
1600	-0.000026	0	0	0	-0.000017	1.872962	1.872962
1601	0.221320	0	0	0	0.235201	1.873020	1.873020
1602	-0.170037	0	0	0	-0.168956	1.371541	1.371541
1603	0.411263	0	0	0	0.432378	1.648021	1.648021
1604	-0.110979	0	0	0	-0.103612	1.474014	1.474014
1605	0.125919	0	0	0	0.139636	1.232918	1.232918
1606	-0.152592	0	0	0	-0.146749	0.774774	0.774774
1607	0.028187	0	0	0	0.034144	1.281786	1.281786
1608	0.006026	0	0	0	0.018723	0.679313	0.679313
1609	-0.043588	0	0	0	-0.041538	1.149567	1.149567
1610	-0.091467	0	0	0	-0.087353	1.495610	1.495610
1611	-0.152564	0	0	0	-0.151193	-0.000042	-0.000042
1612	-0.068736	0	0	0	-0.066348	1.520106	1.520106
1613	0.429965	0	0	0	0.467129	2.165240	2.165240
1614	-0.010043	0	0	0	-0.008757	1.463400	1.463400
1615	-0.047538	0	0	0	-0.045121	1.076038	1.076038
1616	-0.002919	0	0	0	-0.002285	1.922976	1.922976
1617	-0.103251	0	0	0	-0.098224	1.206439	1.206439
1618	0.142249	0	0	0	0.156964	0.565114	0.565114
1619	-0.002697	0	0	0	-0.002227	0.696660	0.696660
1620	0.219132	0	0	0	0.234896	0.829667	0.829667
1621	0.496251	0	0	0	0.516237	0.850534	0.850534
1622	-0.083556	0	1	1	-0.079468	2.699099	2.699099
1623	-0.012597	0	0	0	-0.011434	1.564756	1.564756
1624	0.285563	0	0	0	0.292610	1.135960	1.135960
1625	-0.161964	0	0	0	-0.156574	0.647569	0.647569
1626	0.096457	0	0	0	0.108887	0.672386	0.672386
1627	-0.103426	0	0	0	-0.090967	0.902382	0.902382
1628	0.276857	0	0	0	0.296147	1.150164	1.150164
1629	0.535929	0	0	0	0.562215	1.431882	1.431882
1630	-0.072629	0	0	0	-0.068101	2.242271	2.242271
1631	0.176372	0	0	0	0.193306	0.781446	0.781446
1632	-0.133979	0	0	0	-0.130034	1.556321	1.556321
1633	-0.003028	0	0	0	0.006900	1.417591	1.417591
1634	-0.049983	0	0	0	-0.045868	2.041144	2.041144
1635	0.271518	0	0	0	0.300650	2.457595	2.457595
1636	-0.133951	0	0	0	-0.132405	1.049023	1.049023
1637	0.160276	0	0	0	0.173210	0.160276	-0.043440
1638	-0.046124	0	0	0	-0.043563	2.298495	2.298495
1639	0.247931	0	1	1	0.260356	2.920923	2.920923
1640	-0.053592	0	0	0	-0.050997	0.895469	0.895469
1641	-0.121999	0	0	0	-0.114782	0.922806	0.922806
1642	-0.055645	0	0	0	-0.052257	0.753163	0.753163
1643	0.215879	0	0	0	0.227836	1.716007	1.716007
1644	-0.097771	0	0	0	-0.095177	0.883111	0.883111
1645	0.412254	0	0	0	0.454708	1.328214	1.328214
1646	-0.087113	0	1	2	-0.082981	3.035499	3.035499
1647	0.012862	0	0	0	0.028817	0.737454	0.737454
1648	0.333609	0	0	0	0.353207	1.837467	1.837467
1649	-0.059141	0	0	0	-0.054781	0.759317	0.759317
1650	-0.023301	0	0	0	-0.022803	0.289802	0.289802
1651	0.244427	0	0	0	0.262521	1.250861	1.250861
1652	0.334011	0	0	0	0.334011	1.591094	1.591094
1653	-0.016047	0	0	0	-0.013740	1.237704	1.237704
1654	0.379884	0	0	0	0.425504	2.101699	2.101699
1655	-0.036352	0	0	0	-0.033274	1.819500	1.819500
1656	-0.003493	0	0	0	-0.002973	1.065597	1.065597
1657	-0.139776	0	0	0	-0.134254	2.206558	2.206558
1658	-0.125198	0	0	0	-0.122261	0.925499	0.925499
1659	0.326358	0	0	0	0.359903	0.943999	0.943999
1660	-0.117181	0	0	0	-0.108091	1.933273	1.933273
1661	-0.163781	0	0	0	-0.160174	0.845265	0.845265
1662	0.155931	0	0	0	0.185080	0.895489	0.895489
1663	0.367189	0	0	0	0.387047	0.981357	0.981357
1664	-0.001449	0	0	0	-0.001069	2.020668	2.020668
1665	-0.025917	0	4	4	-0.024075	3.069564	3.069564
1666	-0.023873	0	0	0	-0.021732	1.013564	1.013564
1667	-0.088929	0	0	0	-0.080151	1.704488	1.704488
1668	-0.111588	0	0	0	-0.107783	0.774511	0.774511
1669	0.518241	0	0	0	0.560501	0.775117	0.775117
1670	0.264039	0	0	0	0.284199	0.568616	0.568616
1671	-0.055311	0	0	0	-0.050447	2.180807	2.180807
1672	0.172938	0	0	0	0.190246	0.196711	0.196711
1673	0.087886	0	0	0	0.100563	1.087029	1.087029
1674	0.647650	0	0	0	0.680798	1.352732	1.352732
1675	-0.156113	0	0	0	-0.153035	1.315827	1.315827
1676	0.188032	0	0	0	0.214461	2.058686	2.058686
1677	-0.132960	0	0	0	-0.129767	0.199421	0.199421
1678	-0.118519	0	0	0	-0.107089	0.621281	0.621281
1679	-0.108678	0	0	0	-0.102208	2.441293	2.441293
1680	0.548675	0	0	0	0.579180	1.867078	1.867078
1681	-0.000001	0	0	0	-0.000000	0.775323	0.775323
1682	-0.169995	0	0	0	-0.169467	0.544378	0.544378
1683	0.084554	0	0	0	0.103539	0.831193	0.831193
1684	-0.006968	0	2	2	-0.005937	3.067835	3.067835
1685	0.543836	0	0	0	0.590955	1.156536	1.156536
1686	-0.097836	0	0	0	-0.094580	1.119361	1.119361
1687	-0.146591	0	0	0	-0.139771	0.354087	0.354087
1688	-0.164260	0	0	0	-0.162031	1.215821	1.215821
1689	-0.079582	0	0	0	-0.074343	0.692056	0.692056
1690	-0.003962	0	0	0	-0.003272	2.264562	2.264562
1691	-0.008105	0	0	0	-0.006930	1.918522	1.918522
1692	0.569783	0	0	0	0.596530	0.569782	0.520675
1693	-0.044960	0	0	0	-0.031611	1.143635	1.143635
1694	0.203487	0	1	1	0.225567	2.786125	2.786125
1695	-0.003330	0	0	0	-0.002831	1.364783	1.364783
1696	0.076176	0	0	0	0.087213	0.998748	0.998748
1697	0.405551	0	0	0	0.438428	2.669774	2.669774
1698	0.338837	0	0	0	0.345763	1.058583	1.058583
1699	0.248808	0	0	0	0.265087	1.333436	1.333436
1700	0.182642	0	0	0	0.192283	1.113302	1.113302
1701	0.329816	0	0	0	0.358157	1.121305	1.121305
1702	-0.000368	0	0	0	0.012328	0.731929	0.731929
1703	0.222022	0	0	0	0.240102	1.118576	1.118576
1704	-0.040569	0	0	0	-0.037151	1.041277	1.041277
1705	-0.001058	0	0	0	0.004758	1.004574	1.004574
1706	-0.088800	0	0	0	-0.083254	1.907680	1.907680
1707	-0.000000	0	0	0	-0.000000	0.110809	0.110809
1708	0.316562	0	0	0	0.343753	0.618586	0.618586
1709	-0.057442	0	0	0	-0.053806	0.255917	0.255917
1710	-0.061203	0	0	0	-0.057648	2.509370	2.509370
1711	-0.108863	0	0	0	-0.106003	0.994179	0.994179
1712	0.196490	0	20	22	0.214909	3.183705	3.183705
1713	-0.035723	0	0	0	-0.031644	0.554593	0.554593
1714	0.528466	0	0	0	0.565650	0.860302	0.860302
1715	-0.036423	0	0	0	-0.034796	1.734864	1.734864
1716	-0.048036	0	0	0	-0.042127	1.062730	1.062730
1717	0.351708	0	0	0	0.379005	1.591913	1.591913
1718	-0.039284	0	0	0	-0.037793	0.959795	0.959795
1719	0.109962	0	0	0	0.122787	0.417053	0.417053
1720	-0.126591	0	0	0	-0.124149	0.817175	0.817175
1721	-0.065362	0	0	0	-0.062564	1.325233	1.325233
1722	0.313973	0	0	0	0.336268	0.840793	0.840793
1723	0.030003	0	0	0	0.040083	1.095685	1.095685
1724	-0.012815	0	0	0	-0.011444	1.066867	1.066867
1725	-0.077113	0	0	0	-0.073306	1.958628	1.958628
1726	-0.019049	0	4	4	-0.016527	3.029504	3.029504
1727	0.369691	0	0	0	0.392499	1.251039	1.251039
1728	-0.021200	0	0	0	-0.019038	2.272771	2.272771
1729	-0.031979	0	0	0	-0.028816	2.248537	2.248537
1730	0.254978	0	0	0	0.266204	1.013749	1.013749
1731	-0.047296	0	0	0	-0.042770	1.299522	1.299522
1732	-0.019923	0	0	0	-0.017606	2.133697	2.133697
1733	0.410960	0	0	0	0.462273	2.307723	2.307723
1734	-0.073531	0	0	0	-0.069309	0.699836	0.699836
1735	-0.014253	0	0	0	-0.013045	2.657563	2.657563
1736	0.033675	0	0	0	0.042878	0.400487	0.400487
1737	-0.017605	0	0	0	-0.015809	1.817287	1.817287
1738	-0.066105	0	0	0	-0.063959	0.096616	0.096616
1739	0.362089	0	0	0	0.396097	1.147319	1.147319
1740	-0.101234	0	0	0	-0.097453	1.331605	1.331605
1741	0.445760	0	0	0	0.471814	1.949388	1.949388
1742	-0.009410	0	0	0	-0.008228	2.195580	2.195580
1743	0.338852	0	0	0	0.354041	1.225423	1.225423
1744	0.385192	0	0	0	0.407070	1.415260	1.415260
1745	-0.000561	0	0	0	-0.000402	1.386185	1.386185
1746	0.004741	0	0	0	0.012131	1.540444	1.540444
1747	-0.164303	0	0	0	-0.161490	1.750373	1.750373
1748	0.138074	0	0	0	0.148143	0.598966	0.598966
1749	-0.005249	0	0	0	-0.004478	0.891003	0.891003
1750	0.268030	0	0	0	0.283927	0.949054	0.949054
1751	0.180158	0	0	0	0.183930	1.721545	1.721545
1752	0.140927	0	0	0	0.181040	0.140927	0.079052
1753	-0.043582	0	0	0	-0.031927	0.287666	0.287666
1754	-0.067040	0	0	0	-0.062418	0.772254	0.772254
1755	-0.005936	0	0	0	0.000305	1.212591	1.212591
1756	-0.008327	0	0	0	-0.006842	0.737198	0.737198
1757	-0.006951	0	0	0	-0.006252	1.459053	1.459053
1758	0.077099	0	0	0	0.086545	1.947965	1.947965
1759	-0.075214	0	0	0	-0.071012	1.134013	1.134013
1760	0.117924	0	0	0	0.136894	1.071663	1.071663
1761	-0.010590	0	0	0	-0.008961	0.173321	0.173321
1762	0.058222	0	0	0	0.065181	0.199370	0.199370
1763	-0.047994	0	2	2	-0.044910	3.124400	3.124400
1764	0.112865	0	0	0	0.129110	1.158819	1.158819
1765	-0.023899	0	0	0	-0.022334	0.881295	0.881295
1766	-0.049407	0	0	0	-0.043875	1.756452	1.756452
1767	-0.046964	0	0	0	-0.043575	0.476714	0.476714
1768	-0.075342	0	0	0	-0.071565	0.694677	0.694677
1769	-0.094101	0	6	6	-0.091317	3.166803	3.166803
1770	0.225969	0	0	0	0.236596	2.313941	2.313941
1771	-0.078602	0	0	0	-0.073683	0.716847	0.716847
1772	0.187557	0	0	0	0.205618	1.631566	1.631566
1773	-0.063415	0	0	0	-0.058802	0.268218	0.268218
1774	-0.064527	0	0	0	-0.061865	1.315059	1.315059
1775	0.160975	0	0	0	0.177322	1.621262	1.621262
1776	0.403157	0	0	0	0.421952	0.662770	0.662770
1777	-0.023058	0	0	0	-0.021994	2.435514	2.435514
1778	0.213597	0	0	0	0.226580	1.064106	1.064106
1779	0.020378	0	0	0	0.035286	1.675598	1.675598
1780	0.072955	0	0	0	0.083100	1.441335	1.441335
1781	0.262058	0	0	1	0.270801	2.539078	2.539078
1782	-0.165558	0	0	0	-0.163837	1.694916	1.694916
1783	0.111045	0	1	1	0.145344	2.485182	2.485182
1784	0.466093	0	0	0	0.509770	0.817201	0.817201
1785	0.207161	0	0	0	0.225461	0.750379	0.750379
1786	-0.006382	0	0	0	-0.005121	2.261607	2.261607
1787	-0.054527	0	0	0	-0.052255	1.124784	1.124784
1788	-0.073195	0	0	0	-0.061281	1.243526	1.243526
1789	-0.024638	0	0	0	-0.022007	2.261858	2.261858
1790	-0.010072	0	2953	3073	-0.007803	3.990019	3.990019
1791	-0.103529	0	1	1	-0.100094	2.576476	2.576476
1792	0.030732	0	0	0	0.046282	0.826765	0.826765
1793	0.112284	0	0	0	0.122699	0.851352	0.851352
1794	-0.017689	0	0	0	-0.014498	1.779026	1.779026
1795	-0.000930	0	0	1	-0.000686	2.553522	2.553522
1796	-0.092873	0	0	0	-0.090266	1.048823	1.048823
1797	-0.004626	0	0	0	-0.004004	0.992253	0.992253
1798	-0.150196	0	0	0	-0.144060	1.173545	1.173545
1799	-0.016084	0	0	0	-0.014230	1.535053	1.535053
1800	-0.045303	0	0	0	-0.040737	3.190669	3.190669
1801	0.016124	0	0	0	0.023552	0.290525	0.290525
1802	0.035607	0	0	0	0.041881	0.860944	0.860944
1803	-0.029649	0	0	0	-0.027627	2.349596	2.349596
1804	0.131478	0	0	0	0.147643	0.977637	0.977637
1805	-0.081451	0	0	0	-0.067395	1.165145	1.165145
1806	0.370613	0	0	0	0.402714	1.284882	1.284882
1807	-0.044655	0	0	0	-0.042333	0.090004	0.090004
1808	0.093103	0	0	0	0.104947	1.463153	1.463153
1809	0.163473	0	0	0	0.170371	0.873953	0.873953
1810	0.032438	0	0	0	0.039154	1.003379	1.003379
1811	0.320337	0	0	0	0.328897	1.274107	1.274107
1812	0.297719	0	0	0	0.337831	0.541744	0.541744
1813	-0.012182	0	0	0	0.001751	1.739440	1.739440
1814	-0.068005	0	0	0	-0.052057	0.846120	0.846120
1815	-0.027450	0	0	0	-0.026002	2.031509	2.031509
1816	0.604801	0	0	0	0.638101	1.031155	1.031155
1817	0.265042	0	0	0	0.288456	0.876029	0.876029
1818	-0.083540	0	0	0	-0.079661	1.231292	1.231292
1819	-0.097010	0	0	0	-0.090861	2.899272	2.899272
1820	-0.033683	0	0	0	-0.031227	1.063401	1.063401
1821	-0.157328	0	3	3	-0.153552	3.361682	3.361682
1822	-0.013518	0	0	0	-0.011551	2.652290	2.652290
1823	-0.023294	0	2	2	-0.021214	3.039401	3.039401
1824	0.540666	0	0	0	0.570303	1.532457	1.532457
1825	0.252876	0	0	0	0.275175	0.252877	-0.021423
1826	0.277627	0	0	0	0.292955	1.177797	1.177797
1827	0.117201	0	0	0	0.136454	1.665216	1.665216
1828	0.274177	0	0	0	0.290268	1.523004	1.523004
1829	-0.008196	0	0	0	0.013416	0.857396	0.857396
1830	0.115588	0	0	0	0.125991	0.728366	0.728366
1831	0.287924	0	0	0	0.305292	1.029850	1.029850
1832	0.589535	0	0	0	0.643515	1.298305	1.298305
1833	-0.016088	0	6	6	-0.013955	3.250421	3.250421
1834	0.232667	0	0	0	0.246755	1.692348	1.692348
1835	-0.155717	0	0	0	-0.147939	0.288111	0.288111
1836	-0.002422	0	0	0	-0.001909	1.016152	1.016152
1837	-0.021586	0	0	0	-0.019884	0.795124	0.795124
1838	-0.064034	0	0	0	-0.060708	1.831787	1.831787
1839	-0.053510	0	0	0	-0.049628	1.008635	1.008635
1840	0.310179	0	0	0	0.326180	0.657944	0.657944
1841	-0.037887	0	0	0	-0.034381	0.658926	0.658926
1842	0.296182	0	0	0	0.330115	1.320851	1.320851
1843	-0.003145	0	3	3	-0.002496	3.338084	3.338084
1844	0.390667	0	0	0	0.410747	1.136087	1.136087
1845	0.362988	0	0	0	0.392791	2.066791	2.066791
1846	0.251869	0	0	0	0.266148	1.292602	1.292602
1847	0.131198	0	0	0	0.144352	0.967886	0.967886
1848	-0.022819	0	0	0	-0.021515	1.210948	1.210948
1849	-0.076855	0	0	0	-0.073338	2.675617	2.675617
1850	0.294621	0	0	0	0.317023	0.881537	0.881537
1851	0.390283	0	0	0	0.410443	1.989199	1.989199
1852	-0.121655	0	0	0	-0.115737	1.411673	1.411673
1853	0.162161	0	0	0	0.176042	1.105528	1.105528
1854	-0.023450	0	0	0	-0.006451	0.979207	0.979207
1855	-0.018538	0	0	0	-0.016921	2.724675	2.724675
1856	0.174471	0	0	0	0.180694	1.227562	1.227562
1857	-0.037206	0	0	0	-0.034280	2.113483	2.113483
1858	0.119723	0	0	0	0.139270	0.510173	0.510173
1859	0.576266	0	0	0	0.601115	1.164394	1.164394
1860	-0.041156	0	0	0	-0.039095	0.184554	0.184554
1861	0.180806	0	0	0	0.197584	2.070573	2.070573
1862	-0.067025	0	0	0	-0.057890	1.306083	1.306083
1863	-0.088138	0	0	0	-0.078934	2.521549	2.521549
1864	-0.063176	0	0	0	-0.058503	-0.000801	-0.000801
1865	0.151206	0	0	0	0.173502	1.957935	1.957935
1866	0.132919	0	0	0	0.144712	0.496290	0.496290
1867	-0.169885	0	0	0	-0.168875	0.415761	0.415761
1868	0.206235	0	0	0	0.220382	1.082568	1.082568
1869	-0.051909	0	0	0	-0.048646	1.668253	1.668253
1870	-0.113106	0	0	0	-0.111587	1.009055	1.009055
1871	0.589603	0	0	0	0.618840	2.164636	2.164636
1872	0.516876	0	0	0	0.539244	0.516876	0.343265
1873	-0.001117	0	0	1	-0.000842	2.405924	2.405924
1874	-0.021973	0	0	0	-0.019412	1.737207	1.737207
1875	0.159945	0	0	0	0.172208	1.509861	1.509861
1876	0.195241	0	0	0	0.220099	1.351663	1.351663
1877	0.156974	0	0	0	0.174615	0.655074	0.655074
1878	-0.167207	0	0	0	-0.163470	1.730908	1.730908
1879	0.094726	0	0	0	0.101567	1.385513	1.385513
1880	0.392860	0	0	0	0.414646	0.392860	0.348757
1881	-0.084710	0	0	0	-0.080054	2.474559	2.474559
1882	-0.089313	0	0	0	-0.085030	1.787397	1.787397
1883	0.535720	0	0	0	0.562464	0.815273	0.815273
1884	-0.042572	0	2	2	-0.038532	3.300113	3.300113
1885	0.342360	0	0	0	0.373207	0.804849	0.804849
1886	-0.057600	0	0	0	-0.054161	1.659276	1.659276
1887	-0.010265	0	0	0	-0.009359	1.946366	1.946366
1888	1.564183	0	45555	45964	1.584900	4.691321	4.691321
1889	0.088357	0	0	0	0.102713	1.330295	1.330295
1890	-0.075144	0	0	0	-0.073372	2.050012	2.050012
1891	-0.014847	0	0	0	-0.013877	2.274866	2.274866
1892	0.061539	0	0	0	0.070668	1.148390	1.148390
1893	-0.046122	0	0	0	-0.041925	2.846138	2.846138
1894	-0.023325	0	0	0	-0.020372	1.400149	1.400149
1895	0.374532	0	0	0	0.401304	2.090402	2.090402
1896	0.269346	0	0	0	0.279732	0.544775	0.544775
1897	-0.151692	0	0	0	-0.146385	0.186530	0.186530
1898	-0.009178	0	0	0	-0.007824	0.548925	0.548925
1899	0.503521	0	0	0	0.529979	0.899144	0.899144
1900	0.390587	0	0	0	0.424242	1.333327	1.333327
1901	-0.030205	0	0	0	-0.025818	2.116221	2.116221
1902	0.542086	0	0	0	0.588175	2.068363	2.068363
1903	0.145865	0	1	1	0.187596	3.602585	3.602585
1904	-0.036458	0	0	0	-0.032751	0.999392	0.999392
1905	-0.075956	0	0	0	-0.072230	0.476984	0.476984
1906	-0.094997	0	0	0	-0.092522	1.597046	1.597046
1907	0.060587	0	0	0	0.063633	1.045814	1.045814
1908	-0.030670	0	0	0	-0.028487	0.501090	0.501090
1909	-0.037270	0	0	0	-0.033592	1.227269	1.227269
1910	0.465708	0	0	0	0.492132	1.015664	1.015664
1911	-0.049695	0	1	1	-0.047428	2.576158	2.576158
1912	0.253082	0	0	0	0.258686	1.048547	1.048547
1913	-0.009688	0	0	0	-0.008257	1.188672	1.188672
1914	-0.166929	0	0	0	-0.166334	1.204200	1.204200
1915	-0.130633	0	0	0	-0.123749	1.730528	1.730528
1916	0.144693	0	0	0	0.169413	1.105181	1.105181
1917	-0.129373	0	0	0	-0.127031	0.853784	0.853784
1918	0.281632	0	0	0	0.289633	1.402854	1.402854
1919	0.389553	0	0	0	0.419176	0.995531	0.995531
1920	-0.022897	0	0	0	-0.008087	0.758899	0.758899
1921	-0.016307	0	0	1	-0.014564	2.216377	2.216377
1922	0.135839	0	0	0	0.148068	0.145282	0.145282
1923	-0.093624	0	0	0	-0.088843	2.598357	2.598357
1924	0.614090	0	0	0	0.641495	0.614090	0.074134
1925	-0.128564	0	0	0	-0.124939	1.620460	1.620460
1926	-0.085958	0	0	0	-0.080772	0.130074	0.130074
1927	0.291782	0	0	0	0.319636	1.973400	1.973400
1928	0.229184	0	0	0	0.245819	1.361332	1.361332
1929	0.126416	0	0	0	0.149245	1.280081	1.280081
1930	0.059445	0	0	0	0.064407	0.679186	0.679186
1931	0.034070	0	0	0	0.055300	0.969466	0.969466
1932	0.425162	0	0	0	0.446898	1.868711	1.868711
1933	0.558140	0	0	0	0.612783	1.973257	1.973257
1934	-0.013017	0	0	0	-0.012246	0.939905	0.939905
1935	-0.004326	0	0	0	-0.003499	0.999449	0.999449
1936	-0.168322	0	0	0	-0.168286	1.344627	1.344627
1937	-0.047811	0	0	0	-0.047306	0.682572	0.682572
1938	-0.168325	0	0	0	-0.166840	1.364812	1.364812
1939	0.266667	0	0	0	0.284582	1.906914	1.906914
1940	0.784301	0	0	0	0.826066	0.784302	0.034223
1941	0.266383	0	0	0	0.301301	1.268618	1.268618
1942	-0.054361	0	5	5	-0.052364	3.171710	3.171710
1943	0.241743	0	0	0	0.258976	1.469424	1.469424
1944	0.190141	0	0	0	0.202366	1.837696	1.837696
1945	0.665659	0	0	0	0.683910	0.859748	0.859748
1946	0.413709	0	0	0	0.460732	2.064757	2.064757
1947	0.320195	0	0	0	0.331527	0.320195	0.147733
1948	-0.061669	0	0	0	-0.058972	1.647999	1.647999
1949	-0.167521	0	0	0	-0.165228	0.467829	0.467829
1950	-0.057506	0	0	0	-0.053618	2.111280	2.111280
1951	0.241320	0	0	0	0.253157	1.644391	1.644391
1952	-0.007886	0	0	0	-0.006910	2.204253	2.204253
1953	-0.033115	0	0	0	-0.030596	0.986512	0.986512
1954	0.291545	0	0	0	0.300648	1.618438	1.618438
1955	-0.034894	0	0	0	-0.030775	1.727141	1.727141
1956	0.483690	0	0	0	0.521783	1.104948	1.104948
1957	-0.014129	0	0	0	-0.013200	0.489959	0.489959
1958	0.545038	0	0	0	0.564317	1.666662	1.666662
1959	-0.117351	0	3	3	-0.112593	2.692970	2.692970
1960	-0.019675	0	0	0	-0.018724	2.541849	2.541849
1961	0.131655	0	0	0	0.140142	0.964797	0.964797
1962	0.059267	0	0	0	0.069773	0.537923	0.537923
1963	0.349628	0	0	0	0.363564	0.611964	0.611964
1964	-0.084780	0	0	0	-0.080307	1.083557	1.083557
1965	0.386714	0	0	0	0.423534	1.732616	1.732616
1966	0.191239	0	0	0	0.201857	0.856166	0.856166
1967	0.220634	0	0	0	0.246141	1.737880	1.737880
1968	0.051285	0	0	0	0.058227	0.435378	0.435378
1969	0.191837	0	0	0	0.200291	0.929554	0.929554
1970	-0.110160	0	0	0	-0.107690	2.747147	2.747147
1971	0.235306	0	0	0	0.252358	0.625290	0.625290
1972	0.139469	0	0	0	0.152438	1.128087	1.128087
1973	-0.017499	0	0	0	-0.016064	1.294246	1.294246
1974	-0.009022	0	4	4	-0.007819	4.147714	4.147714
1975	0.649991	0	0	0	0.684044	0.888689	0.888689
1976	0.261955	0	0	0	0.272015	1.098806	1.098806
1977	-0.056374	0	0	0	-0.040817	1.088033	1.088033
1978	0.154900	0	0	0	0.166855	1.702567	1.702567
1979	-0.075174	0	1	1	-0.071468	3.051986	3.051986
1980	0.150588	0	0	0	0.167614	0.903567	0.903567
1981	-0.099312	0	0	0	-0.095328	0.934376	0.934376
1982	-0.051426	0	0	0	-0.049617	1.407523	1.407523
1983	0.405317	0	0	0	0.427005	1.336204	1.336204
1984	0.461168	0	0	0	0.480546	0.802347	0.802347
1985	-0.032243	0	0	0	-0.028241	2.565995	2.565995
1986	-0.141863	0	0	0	-0.134362	0.642897	0.642897
1987	-0.040397	0	0	0	-0.030616	1.609242	1.609242
1988	-0.049346	0	0	0	-0.046567	0.178592	0.178592
1989	-0.131366	0	0	0	-0.127013	1.485461	1.485461
1990	0.262746	0	0	0	0.264813	0.890894	0.890894
1991	-0.009189	0	0	0	-0.008159	1.979808	1.979808
1992	-0.059044	0	0	0	-0.055244	0.218494	0.218494
1993	0.021521	0	0	0	0.033311	0.691194	0.691194
1994	-0.060331	0	0	0	-0.057000	1.329440	1.329440
1995	-0.099426	0	0	0	-0.090835	1.051576	1.051576
1996	-0.042057	0	0	0	-0.041297	2.239028	2.239028
1997	-0.000916	0	0	0	-0.000732	0.414150	0.414150
1998	-0.127874	0	0	0	-0.124532	2.469032	2.469032
1999	-0.145083	0	0	0	-0.142810	0.413183	0.413183
2000	0.004710	0	0	0	0.016757	0.658150	0.658150
2001	-0.142726	0	0	0	-0.141965	0.763515	0.763515
2002	0.512449	0	0	0	0.565243	0.843507	0.843507
2003	-0.074388	0	0	0	-0.070898	2.733474	2.733474
2004	-0.004172	0	0	0	-0.003346	1.374842	1.374842
2005	-0.032719	0	0	0	-0.029777	1.857030	1.857030
2006	-0.068099	0	0	0	-0.063161	1.564924	1.564924
2007	0.324173	0	0	0	0.354417	1.758391	1.758391
2008	-0.138802	0	0	0	-0.134445	1.464691	1.464691
2009	-0.091553	0	0	0	-0.088581	1.236392	1.236392
2010	0.591555	0	0	0	0.619461	1.088911	1.088911
2011	-0.088355	0	1	1	-0.079315	2.508634	2.508634
2012	-0.137395	0	0	0	-0.132098	1.527512	1.527512
2013	0.000099	0	0	0	0.015436	0.854156	0.854156
2014	-0.080406	0	0	0	-0.075693	0.418336	0.418336
2015	0.181894	0	0	0	0.195055	1.620467	1.620467
2016	-0.070657	0	0	0	-0.067350	1.252754	1.252754
2017	-0.032428	0	0	0	-0.030623	1.760101	1.760101
2018	-0.057934	0	0	0	-0.056002	2.499746	2.499746
2019	-0.076195	0	0	0	-0.072362	2.513533	2.513533
2020	-0.061859	0	0	0	-0.056877	1.075461	1.075461
2021	0.120760	0	0	0	0.130994	0.752323	0.752323
2022	-0.152578	0	0	0	-0.145225	0.753869	0.753869
2023	0.269959	0	0	0	0.297914	2.750646	2.750646
2024	-0.059947	0	0	0	-0.055754	0.617238	0.617238
2025	0.454917	0	0	0	0.476227	1.868526	1.868526
2026	-0.008933	0	0	0	-0.007966	2.094955	2.094955
2027	-0.138777	0	0	0	-0.133678	1.214953	1.214953
2028	-0.011143	0	0	0	-0.009435	0.888943	0.888943
2029	-0.050488	0	0	0	-0.047576	1.961435	1.961435
2030	-0.136666	0	0	0	-0.122206	-0.000088	-0.000088
2031	-0.012533	0	2	2	-0.011442	3.463233	3.463233
2032	-0.050933	0	0	0	-0.046851	0.569911	0.569911
2033	-0.071924	0	0	0	-0.068509	-0.000177	-0.000177
2034	-0.012039	0	1	1	-0.010281	3.336225	3.336225
2035	0.268727	0	0	0	0.281558	1.320344	1.320344
2036	0.309737	0	0	0	0.343298	2.487366	2.487366
2037	0.173988	0	0	0	0.186610	1.865711	1.865711
2038	0.335853	0	8	9	0.361999	2.896805	2.896805
2039	-0.072805	0	0	0	-0.070336	1.568159	1.568159
2040	-0.055620	0	0	0	-0.053740	1.849890	1.849890
2041	0.311367	0	0	0	0.342300	0.311367	0.172882
2042	-0.156483	0	0	0	-0.154299	1.035182	1.035182
2043	0.109340	0	0	0	0.134159	1.957677	1.957677
2044	-0.001721	0	0	0	-0.001354	0.624304	0.624304
2045	0.439028	0	0	0	0.476507	2.475227	2.475227
2046	0.062270	0	0	0	0.071336	0.553997	0.553997
2047	0.458299	0	0	0	0.482806	2.441301	2.441301
2048	0.010074	0	0	0	0.028710	0.433350	0.433350
2049	-0.148660	0	0	0	-0.144975	1.238257	1.238257
2050	-0.052365	0	0	0	-0.045653	0.712843	0.712843
2051	-0.000039	0	0	0	-0.000027	1.926437	1.926437
2052	-0.059123	0	0	0	-0.056642	2.463670	2.463670
2053	0.743402	0	0	0	0.783335	1.866793	1.866793
2054	0.092386	0	0	0	0.098981	1.469149	1.469149
2055	0.153384	0	0	0	0.175346	1.924897	1.924897
2056	0.023048	0	0	0	0.033353	0.753411	0.753411
2057	0.338851	0	0	0	0.367567	1.293818	1.293818
2058	-0.096110	0	0	0	-0.091913	1.975199	1.975199
2059	-0.166100	0	0	0	-0.163330	1.447577	1.447577
2060	0.071193	0	0	0	0.086563	1.023688	1.023688
2061	-0.121237	0	0	0	-0.116993	0.771673	0.771673
2062	0.492008	0	0	0	0.518454	0.655623	0.655623
2063	0.186222	0	0	0	0.204913	1.534372	1.534372
2064	-0.051999	0	0	0	-0.048629	0.639721	0.639721
2065	-0.081872	0	0	0	-0.068760	0.887782	0.887782
2066	-0.126398	0	0	0	-0.123249	2.325936	2.325936
2067	-0.149836	0	0	0	-0.141369	0.877352	0.877352
2068	0.499761	0	0	0	0.524414	0.947310	0.947310
2069	0.041916	0	0	0	0.047069	0.378641	0.378641
2070	-0.159788	0	0	0	-0.156740	-0.000036	-0.000036
2071	-0.064820	0	0	0	-0.060591	1.042876	1.042876
2072	-0.018025	0	0	0	-0.016938	0.591624	0.591624
2073	-0.169294	0	0	0	-0.168206	0.567700	0.567700
2074	-0.009914	0	0	0	-0.008931	1.372230	1.372230
2075	-0.169601	0	0	0	-0.167975	0.878888	0.878888
2076	0.221135	0	0	0	0.246742	2.198677	2.198677
2077	0.473186	0	0	0	0.494431	0.473187	0.412869
2078	-0.099505	0	0	0	-0.094284	1.216444	1.216444
2079	0.366805	0	0	0	0.372803	1.020180	1.020180
2080	-0.009806	0	2	2	-0.008344	2.811072	2.811072
2081	0.088890	0	0	0	0.096831	0.899618	0.899618
2082	-0.039980	0	0	0	-0.038462	1.401723	1.401723
2083	0.285373	0	0	0	0.303153	1.351657	1.351657
2084	-0.095779	0	0	0	-0.091603	0.441543	0.441543
2085	0.311244	0	0	0	0.332827	1.305725	1.305725
2086	-0.001836	0	0	0	-0.001577	1.132021	1.132021
2087	-0.030234	0	0	0	-0.027493	2.570698	2.570698
2088	-0.140129	0	0	0	-0.137171	1.114536	1.114536
2089	0.280484	0	0	0	0.302127	0.737501	0.737501
2090	-0.061288	0	0	0	-0.057797	2.079067	2.079067
2091	0.767305	0	0	0	0.791614	0.781334	0.781334
2092	-0.075707	0	0	0	-0.072662	2.130846	2.130846
2093	0.209113	0	0	0	0.224466	0.810128	0.810128
2094	0.239423	0	0	0	0.266355	2.236793	2.236793
2095	-0.035137	0	0	0	-0.032413	1.232587	1.232587
2096	-0.154713	0	0	0	-0.146796	1.592247	1.592247
2097	-0.092751	0	0	0	-0.086385	1.670112	1.670112
2098	-0.048849	0	0	0	-0.046317	0.556739	0.556739
2099	0.124786	0	0	0	0.138359	1.085443	1.085443
2100	-0.088153	0	0	0	-0.083940	1.447401	1.447401
2101	-0.004146	0	0	0	-0.003496	0.498607	0.498607
2102	-0.093342	0	0	0	-0.089689	0.346998	0.346998
2103	0.388172	0	0	0	0.408892	0.388172	0.081833
2104	-0.023688	0	0	0	-0.021064	1.936013	1.936013
2105	-0.166050	0	0	0	-0.164754	0.807580	0.807580
2106	-0.074800	0	0	0	-0.072511	1.278602	1.278602
2107	-0.050445	0	0	0	-0.035972	1.315140	1.315140
2108	-0.096123	0	0	0	-0.091944	1.727283	1.727283
2109	0.088704	0	0	0	0.098915	1.263674	1.263674
2110	0.141652	0	0	0	0.151367	0.467851	0.467851
2111	-0.128457	0	0	0	-0.114153	1.059870	1.059870
2112	0.422657	0	0	0	0.454492	1.458053	1.458053
2113	0.372838	0	0	0	0.409915	1.257714	1.257714
2114	-0.013690	0	0	0	-0.003842	0.675995	0.675995
2115	-0.052254	0	0	0	-0.049467	2.521604	2.521604
2116	-0.018778	0	0	0	-0.016700	2.656620	2.656620
2117	-0.052257	0	0	0	-0.048200	-0.000381	-0.000381
2118	-0.080870	0	0	0	-0.075324	1.044699	1.044699
2119	-0.095322	0	0	0	-0.090428	-0.084784	-0.084784
2120	-0.061890	0	0	0	-0.058373	2.594127	2.594127
2121	-0.029049	0	0	0	-0.025489	-0.002924	-0.002924
2122	-0.097254	0	0	0	-0.092456	1.522679	1.522679
2123	-0.081876	0	0	0	-0.079155	0.758784	0.758784
2124	-0.030531	0	1	1	-0.027924	2.948890	2.948890
2125	0.497898	0	0	0	0.529896	1.311403	1.311403
2126	-0.054187	0	0	0	-0.051146	2.181753	2.181753
2127	-0.120050	0	0	0	-0.111599	1.720953	1.720953
2128	-0.037002	0	0	0	-0.034041	2.098298	2.098298
2129	-0.060763	0	0	0	-0.056968	0.834265	0.834265
2130	0.052208	0	0	0	0.056400	0.738635	0.738635
2131	0.453046	0	0	0	0.464854	1.396028	1.396028
2132	0.228118	0	0	0	0.249053	0.788052	0.788052
2133	0.132089	0	0	0	0.168688	0.177079	0.177079
2134	0.340924	0	0	0	0.382373	0.427678	0.427678
2135	-0.006878	0	0	0	-0.005766	1.562005	1.562005
2136	0.053807	0	0	0	0.067793	1.560274	1.560274
2137	0.152624	0	0	0	0.162134	1.398928	1.398928
2138	0.604354	0	0	0	0.647884	1.938291	1.938291
2139	0.037756	0	0	0	0.048368	0.585807	0.585807
2140	0.710096	0	0	0	0.749683	1.102069	1.102069
2141	-0.008554	0	7	9	0.009635	3.295443	3.295443
2142	-0.050024	0	0	0	-0.045387	0.669229	0.669229
2143	0.166776	0	0	0	0.193201	2.136031	2.136031
2144	0.053102	0	0	0	0.065028	0.716801	0.716801
2145	-0.088015	0	0	0	-0.082875	2.419367	2.419367
2146	-0.003263	0	0	0	-0.002742	1.143828	1.143828
2147	-0.073523	0	0	0	-0.073381	0.024810	0.024810
2148	-0.007424	0	0	0	-0.006659	2.139887	2.139887
2149	-0.025139	0	3	4	-0.023263	3.160291	3.160291
2150	-0.047008	0	0	0	-0.043736	1.212443	1.212443
2151	0.392911	0	0	0	0.425660	0.763319	0.763319
2152	-0.170015	0	0	0	-0.169626	0.999922	0.999922
2153	0.576176	0	0	0	0.605179	0.712488	0.712488
2154	-0.054105	0	0	0	-0.052060	0.963166	0.963166
2155	0.430031	0	0	0	0.470481	0.864245	0.864245
2156	0.793476	0	0	0	0.838512	0.891399	0.891399
2157	-0.011783	0	0	0	-0.010281	1.391195	1.391195
2158	0.118083	0	0	0	0.126163	1.438997	1.438997
2159	-0.028485	0	0	0	-0.025698	2.384766	2.384766
2160	0.374627	0	0	0	0.388952	0.806500	0.806500
2161	-0.080497	0	0	0	-0.078277	1.659475	1.659475
2162	0.394745	0	0	0	0.435369	1.468846	1.468846
2163	-0.000281	0	0	0	-0.000201	0.750332	0.750332
2164	0.106064	0	0	0	0.116410	1.047584	1.047584
2165	0.274209	0	0	0	0.294452	0.884284	0.884284
2166	0.189085	0	0	0	0.208600	1.059842	1.059842
2167	-0.017365	0	3	5	-0.015675	3.046857	3.046857
2168	0.143782	0	0	0	0.152626	0.143782	0.053361
2169	0.418303	0	0	0	0.446374	0.929474	0.929474
2170	0.369015	0	0	0	0.399348	1.488323	1.488323
2171	-0.022098	0	0	0	-0.020528	0.676875	0.676875
2172	0.079589	0	0	0	0.092233	0.802394	0.802394
2173	0.150588	0	0	0	0.163217	1.127503	1.127503
2174	0.014726	0	0	0	0.031825	1.273069	1.273069
2175	-0.021409	0	0	0	-0.019572	0.624435	0.624435
2176	0.057343	0	0	0	0.072896	1.097904	1.097904
2177	0.549365	0	0	0	0.567659	2.188996	2.188996
2178	0.442118	0	0	0	0.459930	1.146436	1.146436
2179	-0.054752	0	0	0	-0.044171	1.018244	1.018244
2180	-0.100842	0	0	2	-0.086181	2.244532	2.244532
2181	-0.013126	0	0	0	-0.011166	2.436918	2.436918
2182	0.478092	0	0	0	0.506903	1.370970	1.370970
2183	-0.107122	0	0	0	-0.102098	0.796975	0.796975
2184	-0.025500	0	0	0	-0.023423	0.773631	0.773631
2185	-0.112806	0	0	0	-0.103959	1.483937	1.483937
2186	-0.019212	0	0	0	-0.017837	1.446813	1.446813
2187	0.250649	0	0	0	0.267812	1.607792	1.607792
2188	0.467777	0	0	0	0.494247	2.015108	2.015108
2189	-0.030508	0	0	0	-0.028178	1.698166	1.698166
2190	0.196975	0	0	0	0.216923	0.196975	-0.029065
2191	-0.016460	0	0	0	-0.005490	0.955149	0.955149
2192	-0.132605	0	0	0	-0.130828	1.043356	1.043356
2193	-0.023875	0	0	0	-0.014017	0.553864	0.553864
2194	-0.050893	0	0	0	-0.033232	1.317949	1.317949
2195	0.058801	0	0	0	0.072679	1.127913	1.127913
2196	-0.063128	0	0	0	-0.053271	0.820936	0.820936
2197	0.332582	0	0	0	0.372338	0.961089	0.961089
2198	-0.024262	0	0	0	-0.022016	2.293479	2.293479
2199	0.155477	0	0	0	0.174327	0.588294	0.588294
2200	0.151618	0	0	0	0.164977	0.795408	0.795408
2201	-0.124571	0	0	0	-0.119587	1.950851	1.950851
2202	0.369345	0	0	0	0.389887	1.145777	1.145777
2203	-0.163871	0	0	0	-0.155902	1.067370	1.067370
2204	0.046926	0	0	0	0.057659	0.829326	0.829326
2205	-0.005696	0	0	0	-0.004684	1.357002	1.357002
2206	-0.024707	0	0	0	-0.021729	1.584501	1.584501
2207	0.658252	0	0	0	0.700873	1.025970	1.025970
2208	-0.001794	0	0	0	-0.001447	1.391525	1.391525
2209	0.113826	0	0	0	0.128003	1.039153	1.039153
2210	0.018541	0	0	0	0.027030	1.176492	1.176492
2211	-0.052962	0	0	0	-0.047835	0.875334	0.875334
2212	-0.060380	0	0	0	-0.057156	2.482833	2.482833
2213	0.163219	0	0	0	0.177472	0.970419	0.970419
2214	0.347557	0	0	0	0.370727	0.739140	0.739140
2215	-0.004039	0	0	0	-0.003502	1.882838	1.882838
2216	0.383694	0	0	0	0.404792	1.202094	1.202094
2217	-0.012595	0	0	0	-0.004332	1.319932	1.319932
2218	0.008059	0	0	0	0.034886	2.688788	2.688788
2219	-0.041873	0	0	0	-0.039209	1.635096	1.635096
2220	-0.065596	0	0	0	-0.062790	2.356822	2.356822
2221	-0.087247	0	0	0	-0.082383	1.333739	1.333739
2222	-0.094100	0	0	0	-0.082431	1.003762	1.003762
2223	0.336970	0	0	0	0.378706	1.723971	1.723971
2224	-0.007469	0	0	0	-0.006312	0.320690	0.320690
2225	0.279969	0	0	0	0.291224	0.279969	0.254702
2226	0.325178	0	0	0	0.352084	1.233406	1.233406
2227	0.573950	0	0	0	0.596404	1.842516	1.842516
2228	-0.012851	0	0	0	-0.011678	1.446627	1.446627
2229	-0.000686	0	0	0	-0.000519	0.519077	0.519077
2230	0.074988	0	0	0	0.087053	1.718445	1.718445
2231	-0.062448	0	0	0	-0.060757	1.390621	1.390621
2232	0.504233	0	0	0	0.529153	1.146926	1.146926
2233	0.537128	0	0	0	0.586076	1.295447	1.295447
2234	-0.041181	0	0	0	-0.036460	0.956501	0.956501
2235	0.221827	0	0	0	0.230748	1.147357	1.147357
2236	-0.079471	0	0	0	-0.075695	0.957696	0.957696
2237	-0.003802	0	0	0	-0.003192	1.143890	1.143890
2238	-0.141957	0	0	0	-0.133648	1.296347	1.296347
2239	0.623939	0	0	0	0.635246	1.814846	1.814846
2240	0.466934	0	0	0	0.494989	0.960968	0.960968
2241	-0.006641	0	0	0	-0.005557	2.208426	2.208426
2242	-0.001825	0	0	0	-0.001454	2.104389	2.104389
2243	-0.092370	0	0	0	-0.081122	1.116485	1.116485
2244	-0.012304	0	0	0	-0.011534	2.759774	2.759774
2245	-0.023894	0	0	0	-0.018049	1.409028	1.409028
2246	0.119130	0	0	0	0.142328	0.848079	0.848079
2247	-0.029246	0	1	1	-0.027888	3.143474	3.143474
2248	-0.092210	0	0	0	-0.075610	0.266333	0.266333
2249	-0.046307	0	0	0	-0.043381	1.820747	1.820747
2250	-0.068990	0	0	0	-0.064092	1.282259	1.282259
2251	-0.136159	0	0	0	-0.134171	0.769133	0.769133
2252	-0.162499	0	0	0	-0.159049	1.491309	1.491309
2253	-0.002712	0	1	3	-0.002049	2.578948	2.578948
2254	-0.072196	0	0	0	-0.068558	1.470385	1.470385
2255	0.296791	0	0	0	0.305380	1.366268	1.366268
2256	2.360870	50257	640	0	2.410454	2.360870	1.277514
2257	0.333896	0	0	0	0.351635	1.216695	1.216695
2258	-0.033154	0	0	0	-0.028969	0.947046	0.947046
2259	-0.004028	0	0	0	-0.003435	0.147591	0.147591
2260	-0.086113	0	0	0	-0.077595	0.346637	0.346637
2261	-0.029135	0	0	0	-0.026982	1.963459	1.963459
2262	-0.054742	0	0	0	-0.043115	1.105800	1.105800
2263	0.384662	0	0	0	0.422817	0.701197	0.701197
2264	-0.082429	0	0	0	-0.073548	1.761563	1.761563
2265	-0.051345	0	0	0	-0.048139	2.408532	2.408532
2266	-0.030940	0	0	0	-0.027710	0.678103	0.678103
2267	0.204636	0	0	0	0.208562	1.192130	1.192130
2268	-0.107438	0	2	2	-0.100799	3.374023	3.374023
2269	-0.058848	0	0	0	-0.055392	2.872054	2.872054
2270	-0.051103	0	0	0	-0.047667	0.615684	0.615684
2271	0.550898	0	0	0	0.597802	0.850331	0.850331
2272	-0.036209	0	0	0	-0.034448	1.077579	1.077579
2273	-0.158460	0	0	0	-0.156179	1.520254	1.520254
2274	-0.018000	0	0	0	-0.015910	0.677972	0.677972
2275	-0.153414	0	0	0	-0.149151	1.288932	1.288932
2276	0.227339	0	0	0	0.240138	1.384899	1.384899
2277	-0.035028	0	0	0	-0.033687	1.479390	1.479390
2278	-0.061806	0	0	0	-0.058671	-0.000702	-0.000702
2279	0.111879	0	0	0	0.133380	0.725551	0.725551
2280	0.506804	0	0	0	0.541755	0.843277	0.843277
2281	0.503171	0	0	0	0.537604	1.938298	1.938298
2282	-0.018197	0	0	0	-0.016310	1.402186	1.402186
2283	-0.000306	0	0	0	-0.000245	1.320534	1.320534
2284	-0.002635	0	0	0	-0.002026	1.629744	1.629744
2285	0.150401	0	0	0	0.168889	0.826934	0.826934
2286	-0.002348	0	0	0	-0.002118	0.946098	0.946098
2287	-0.000037	0	6	6	-0.000025	3.055672	3.055672
2288	-0.060629	0	0	0	-0.055654	2.010557	2.010557
2289	-0.053014	0	0	0	-0.050116	2.299478	2.299478
2290	-0.105586	0	0	0	-0.102668	1.114458	1.114458
2291	0.115461	0	0	0	0.125220	0.280768	0.280768
2292	-0.124769	0	0	0	-0.118985	1.024443	1.024443
2293	0.057834	0	0	0	0.075945	0.935315	0.935315
2294	-0.006547	0	0	0	-0.005487	1.562584	1.562584
2295	-0.080473	0	0	0	-0.065891	1.300260	1.300260
2296	0.029424	0	0	0	0.045287	1.298225	1.298225
2297	0.108071	0	0	0	0.117775	1.119794	1.119794
2298	-0.037533	0	0	0	-0.029671	0.759720	0.759720
2299	0.312687	0	0	0	0.337617	1.535813	1.535813
2300	0.259697	0	0	0	0.275901	1.030345	1.030345
2301	-0.159049	0	0	0	-0.153183	0.595692	0.595692
2302	0.112697	0	0	0	0.125510	2.127265	2.127265
2303	0.147589	0	0	0	0.164446	1.908081	1.908081
2304	0.312036	0	0	0	0.347239	2.101819	2.101819
2305	-0.093000	0	2	2	-0.090301	3.199340	3.199340
2306	-0.088970	0	0	0	-0.084824	1.746063	1.746063
2307	-0.017397	0	0	0	-0.015767	0.925464	0.925464
2308	-0.149450	0	0	0	-0.146718	1.178086	1.178086
2309	0.313059	0	0	0	0.328158	0.405122	0.405122
2310	0.073910	0	0	0	0.091597	1.587329	1.587329
2311	-0.134454	0	0	0	-0.127716	0.636698	0.636698
2312	-0.015400	0	0	0	-0.013558	2.743057	2.743057
2313	0.668579	0	0	0	0.738154	0.713526	0.713526
2314	-0.030356	0	0	0	-0.028572	0.540462	0.540462
2315	-0.000103	0	0	0	-0.000067	0.333764	0.333764
2316	-0.036628	0	0	0	-0.034291	2.391880	2.391880
2317	-0.011830	0	0	0	-0.010230	-0.000904	-0.000904
2318	-0.058356	0	0	0	-0.053987	1.662862	1.662862
2319	-0.003405	0	2	2	-0.002739	3.031922	3.031922
2320	-0.132958	0	0	0	-0.130463	0.749064	0.749064
2321	-0.160460	0	0	0	-0.159682	2.181857	2.181857
2322	0.104046	0	0	0	0.114515	2.123546	2.123546
2323	-0.079941	0	0	0	-0.077485	1.970597	1.970597
2324	0.519964	0	0	0	0.556076	0.912080	0.912080
2325	0.160035	0	0	0	0.166427	1.172132	1.172132
2326	-0.030245	0	0	0	-0.027933	0.685813	0.685813
2327	0.287639	0	0	0	0.304058	1.689635	1.689635
2328	-0.021362	0	0	0	-0.006157	1.348700	1.348700
2329	-0.081015	0	0	0	-0.074511	2.509664	2.509664
2330	-0.001969	0	16	17	-0.001636	3.529005	3.529005
2331	-0.034303	0	3	3	-0.031381	3.243808	3.243808
2332	0.138139	0	0	0	0.161733	1.811281	1.811281
2333	-0.044512	0	0	0	-0.041114	1.331996	1.331996
2334	-0.095998	0	0	0	-0.092577	2.184488	2.184488
2335	-0.169566	0	0	0	-0.168114	1.018034	1.018034
2336	0.382047	0	0	0	0.396652	0.835152	0.835152
2337	-0.039417	0	0	0	-0.036315	0.922437	0.922437
2338	-0.099848	0	0	0	-0.096213	1.563276	1.563276
2339	-0.150724	0	0	0	-0.147406	2.212367	2.212367
2340	0.494103	0	0	0	0.530613	0.778818	0.778818
2341	0.201070	0	0	0	0.228164	1.024681	1.024681
2342	-0.169512	0	0	0	-0.167896	0.977888	0.977888
2343	-0.109482	0	0	0	-0.104001	2.589159	2.589159
2344	0.493500	0	0	0	0.495295	1.306321	1.306321
2345	-0.076275	0	0	0	-0.070062	1.519441	1.519441
2346	0.001986	0	0	0	0.019442	2.476522	2.476522
2347	0.270669	0	0	0	0.272890	0.596230	0.596230
2348	0.524313	0	0	0	0.533566	1.855174	1.855174
2349	-0.058771	0	0	0	-0.055078	0.584796	0.584796
2350	0.351821	0	0	0	0.375883	0.755536	0.755536
2351	-0.025534	0	10	11	-0.023892	3.165763	3.165763
2352	-0.061857	0	0	0	-0.060371	1.690380	1.690380
2353	-0.034481	0	0	0	-0.031095	1.612758	1.612758
2354	-0.006158	0	0	0	0.014992	1.985464	1.985464
2355	-0.017195	0	0	0	-0.013166	1.390415	1.390415
2356	0.305032	0	0	0	0.327795	1.261393	1.261393
2357	0.009456	0	0	0	0.016948	1.376125	1.376125
2358	-0.000356	0	0	0	-0.000272	0.922563	0.922563
2359	0.020380	0	0	0	0.039285	0.675978	0.675978
2360	-0.006584	0	0	0	-0.005709	1.748240	1.748240
2361	-0.129862	0	0	0	-0.126845	0.365118	0.365118
2362	-0.013195	0	0	0	-0.011238	2.780845	2.780845
2363	-0.000609	0	0	0	-0.000458	1.041890	1.041890
2364	-0.011099	0	0	0	-0.009617	1.889222	1.889222
2365	-0.044586	0	0	0	-0.042002	0.960271	0.960271
2366	-0.010408	0	0	0	-0.008503	1.052972	1.052972
2367	-0.073061	0	0	0	-0.063323	0.597463	0.597463
2368	-0.067445	0	0	0	-0.063719	1.897996	1.897996
2369	-0.065565	0	0	0	-0.061322	0.876538	0.876538
2370	-0.043559	0	0	0	-0.039871	1.325101	1.325101
2371	-0.000066	0	0	0	-0.000048	0.447780	0.447780
2372	0.651464	0	0	0	0.706600	1.357507	1.357507
2373	0.379471	0	1	1	0.406213	2.632421	2.632421
2374	0.301455	0	0	0	0.315434	1.208176	1.208176
2375	-0.057578	0	0	0	-0.055602	1.222046	1.222046
2376	-0.115883	0	0	0	-0.110918	1.416612	1.416612
2377	0.104789	0	0	0	0.119209	0.774447	0.774447
2378	-0.074520	0	1	1	-0.071754	3.081685	3.081685
2379	-0.054649	0	0	0	-0.049986	0.685364	0.685364
2380	-0.092763	0	14	19	-0.090054	2.998400	2.998400
2381	0.514563	0	0	0	0.538418	1.330107	1.330107
2382	-0.000181	0	0	0	-0.000129	2.174067	2.174067
2383	0.127154	0	0	0	0.134463	1.283177	1.283177
2384	0.330366	0	0	0	0.356106	0.916654	0.916654
2385	-0.087290	0	0	0	-0.081375	1.406989	1.406989
2386	0.421320	0	0	0	0.457572	1.242383	1.242383
2387	0.161490	0	0	0	0.172852	0.925313	0.925313
2388	0.635824	0	0	0	0.673857	0.635825	0.467087
2389	0.216696	0	0	0	0.220660	1.583957	1.583957
2390	-0.024938	0	1	1	-0.022949	2.845231	2.845231
2391	0.175119	0	0	0	0.186542	0.933276	0.933276
2392	0.224769	0	0	0	0.235418	1.349911	1.349911
2393	-0.065406	0	0	0	-0.045391	1.511521	1.511521
2394	0.195315	0	0	0	0.211114	1.167411	1.167411
2395	-0.084773	0	0	0	-0.080464	1.031384	1.031384
2396	-0.037458	0	0	0	-0.035871	0.840170	0.840170
2397	0.134942	0	0	0	0.154905	1.410471	1.410471
2398	-0.001839	0	0	0	-0.001565	1.235811	1.235811
2399	-0.010196	0	0	0	-0.009062	0.847879	0.847879
2400	0.300190	0	0	0	0.327005	1.632083	1.632083
2401	0.058982	0	0	0	0.078504	0.479709	0.479709
2402	0.314188	0	0	0	0.320606	0.773323	0.773323
2403	0.327969	0	0	0	0.341300	1.192096	1.192096
2404	-0.044805	0	0	0	-0.041144	1.140544	1.140544
2405	0.207450	0	0	0	0.223099	1.057931	1.057931
2406	-0.067000	0	0	0	-0.059606	0.954494	0.954494
2407	-0.063243	0	0	0	-0.058931	0.847520	0.847520
2408	0.186261	0	0	0	0.206998	1.082920	1.082920
2409	-0.152548	0	0	0	-0.149913	0.812720	0.812720
2410	0.175128	0	0	0	0.185993	1.038577	1.038577
2411	-0.004499	0	0	0	-0.000952	1.068102	1.068102
2412	-0.021855	0	0	0	-0.019537	1.843473	1.843473
2413	0.345140	0	0	0	0.373814	0.610162	0.610162
2414	0.189286	0	0	0	0.200746	0.686334	0.686334
2415	0.045587	0	0	0	0.057663	0.866112	0.866112
2416	-0.005468	0	0	0	-0.004857	2.192162	2.192162
2417	-0.048282	0	0	0	-0.043484	0.757927	0.757927
2418	-0.073085	0	0	0	-0.057914	0.723543	0.723543
2419	-0.106849	0	0	0	-0.101634	0.866258	0.866258
2420	0.156486	0	0	0	0.165357	0.917156	0.917156
2421	0.032597	0	0	0	0.045767	0.767734	0.767734
2422	0.200344	0	0	0	0.211158	1.011302	1.011302
2423	-0.011254	0	0	0	-0.010088	2.435686	2.435686
2424	0.459826	0	0	0	0.470087	1.893033	1.893033
2425	-0.013471	0	0	0	-0.012285	1.085696	1.085696
2426	-0.012071	0	0	0	-0.002454	0.572918	0.572918
2427	0.278759	0	0	0	0.292275	1.980220	1.980220
2428	0.052346	0	0	0	0.065192	0.947401	0.947401
2429	-0.037278	0	0	0	-0.034819	0.485672	0.485672
2430	0.159536	0	0	0	0.170920	0.501893	0.501893
2431	-0.055002	0	0	0	-0.052533	0.736916	0.736916
2432	-0.041936	0	0	0	-0.038936	0.499907	0.499907
2433	0.528131	0	0	0	0.547140	1.562161	1.562161
2434	0.345708	0	0	0	0.379554	0.825652	0.825652
2435	-0.017264	0	0	0	-0.015357	2.366233	2.366233
2436	0.069088	0	0	0	0.096609	0.069089	0.025883
2437	0.252340	0	0	0	0.271691	0.935364	0.935364
2438	0.237968	0	0	0	0.260067	1.355518	1.355518
2439	-0.001478	0	0	0	-0.001087	1.081897	1.081897
2440	0.217403	0	0	0	0.239324	1.617986	1.617986
2441	-0.001556	0	0	0	-0.001265	0.392047	0.392047
2442	-0.081376	0	0	0	-0.071294	1.185609	1.185609
2443	-0.002652	0	0	0	-0.002340	1.462691	1.462691
2444	0.442068	0	0	0	0.458112	1.210989	1.210989
2445	0.255531	0	0	0	0.281228	1.655733	1.655733
2446	-0.022826	0	0	0	-0.020342	1.513574	1.513574
2447	-0.110962	0	6	8	-0.107880	2.665089	2.665089
2448	-0.086625	0	0	0	-0.076276	2.541318	2.541318
2449	0.126208	0	0	0	0.135234	1.544419	1.544419
2450	0.143370	0	0	0	0.159494	1.537718	1.537718
2451	-0.001851	0	0	0	-0.001542	0.821573	0.821573
2452	-0.046876	0	0	0	-0.045363	0.162540	0.162540
2453	0.228597	0	0	0	0.239519	1.357569	1.357569
2454	-0.022907	0	1	1	-0.020231	2.488871	2.488871
2455	0.444559	0	0	0	0.465752	1.012485	1.012485
2456	0.541835	0	0	0	0.576993	0.900634	0.900634
2457	0.368667	0	0	0	0.381083	1.335064	1.335064
2458	0.347375	0	0	0	0.362523	1.281453	1.281453
2459	-0.065938	0	0	0	-0.063531	2.488499	2.488499
2460	0.413934	0	0	0	0.445403	1.045211	1.045211
2461	0.252722	0	0	0	0.278398	1.161511	1.161511
2462	-0.010484	0	0	0	-0.009045	0.386207	0.386207
2463	-0.005651	0	4	5	-0.004972	2.932446	2.932446
2464	-0.056322	0	0	0	-0.046463	1.221865	1.221865
2465	-0.154230	0	0	0	-0.151546	0.262818	0.262818
2466	-0.045495	0	0	0	-0.042231	1.148848	1.148848
2467	-0.013564	0	11	11	-0.011494	3.898370	3.898370
2468	-0.005680	0	0	0	-0.004884	0.391718	0.391718
2469	-0.003293	0	0	0	-0.002926	1.939420	1.939420
2470	-0.071171	0	0	0	-0.069166	1.443142	1.443142
2471	0.526920	0	0	0	0.567945	2.120171	2.120171
2472	0.045728	0	0	0	0.056151	1.102914	1.102914
2473	0.495723	0	0	0	0.523116	0.872068	0.872068
2474	-0.048970	0	0	0	-0.045958	1.567014	1.567014
2475	-0.025746	0	0	0	-0.025397	0.559258	0.559258
2476	-0.068805	0	1	1	-0.065759	2.497172	2.497172
2477	-0.108241	0	0	0	-0.104533	0.399962	0.399962
2478	-0.038785	0	0	0	-0.036546	0.652748	0.652748
2479	0.648561	0	0	0	0.704670	1.498980	1.498980
2480	0.257128	0	0	0	0.271640	0.718410	0.718410
2481	-0.085318	0	0	0	-0.081613	2.189450	2.189450
2482	0.412833	0	0	0	0.451884	2.440308	2.440308
2483	-0.029688	0	0	0	-0.026541	0.875411	0.875411
2484	0.212250	0	0	0	0.237895	1.840585	1.840585
2485	0.148174	0	0	0	0.157248	1.315675	1.315675
2486	-0.012453	0	0	0	-0.011050	0.672887	0.672887
2487	-0.139328	0	0	0	-0.134431	1.074701	1.074701
2488	-0.094323	0	0	0	-0.090941	1.097559	1.097559
2489	0.422799	0	0	0	0.446297	2.657690	2.657690
2490	0.132044	0	0	0	0.138920	1.510345	1.510345
2491	-0.078272	0	0	0	-0.075717	0.087097	0.087097
2492	0.295561	0	0	0	0.314803	2.153416	2.153416
2493	0.624218	0	0	0	0.668795	0.991826	0.991826
2494	0.191861	0	0	0	0.202030	0.825932	0.825932
2495	0.234525	0	0	0	0.238000	1.823466	1.823466
2496	-0.003279	0	0	0	-0.002778	0.268616	0.268616
2497	0.353931	0	0	0	0.383002	0.687216	0.687216
2498	-0.056661	0	0	0	-0.055183	1.495090	1.495090
2499	-0.040788	0	0	0	-0.037953	2.221472	2.221472
2500	-0.095651	0	0	0	-0.090441	1.328453	1.328453
2501	-0.023397	0	0	0	-0.020728	0.392696	0.392696
2502	-0.003219	0	0	0	-0.002855	0.799029	0.799029
2503	-0.099682	0	0	0	-0.086200	1.905048	1.905048
2504	0.222797	0	0	0	0.233718	0.694333	0.694333
2505	-0.033877	0	0	0	-0.032125	0.335515	0.335515
2506	-0.169251	0	0	0	-0.168390	1.643102	1.643102
2507	-0.000662	0	0	0	0.008774	1.375957	1.375957
2508	-0.159911	0	0	0	-0.156937	1.579007	1.579007
2509	0.278726	0	0	0	0.296577	0.628341	0.628341
2510	0.338469	0	0	0	0.360227	1.819966	1.819966
2511	0.142625	0	0	0	0.154331	0.664567	0.664567
2512	-0.034438	0	0	0	-0.031894	2.089045	2.089045
2513	-0.138137	0	0	0	-0.129167	2.085059	2.085059
2514	-0.032430	0	0	0	-0.031098	1.493989	1.493989
2515	-0.159390	0	0	0	-0.156739	0.621931	0.621931
2516	-0.036793	0	0	0	-0.032406	0.962999	0.962999
2517	0.002200	0	0	0	0.016488	0.957888	0.957888
2518	-0.004208	0	0	0	0.006293	1.259054	1.259054
2519	-0.137127	0	0	0	-0.133877	0.208001	0.208001
2520	-0.007570	0	0	0	-0.006307	0.759965	0.759965
2521	-0.030819	0	0	0	-0.028078	1.391759	1.391759
2522	-0.042854	0	0	0	-0.040047	1.518593	1.518593
2523	0.534496	0	0	0	0.556588	0.904665	0.904665
2524	-0.008594	0	4	4	-0.007710	3.456592	3.456592
2525	-0.159918	0	0	0	-0.157849	1.196917	1.196917
2526	-0.094195	0	0	0	-0.091246	-0.000791	-0.000791
2527	0.254028	0	0	0	0.263144	0.942213	0.942213
2528	-0.011079	0	0	0	-0.010205	0.993470	0.993470
2529	0.008090	0	0	0	0.017470	1.192079	1.192079
2530	-0.036922	0	0	0	-0.027119	0.903366	0.903366
2531	0.530104	0	0	0	0.574892	1.140779	1.140779
2532	-0.019835	0	0	0	-0.017582	1.124109	1.124109
2533	0.219239	0	0	0	0.231174	1.180217	1.180217
2534	-0.135252	0	0	0	-0.131973	2.237153	2.237153
2535	0.314333	0	0	0	0.331527	0.612430	0.612430
2536	-0.046006	0	0	0	-0.042936	0.662330	0.662330
2537	-0.022908	0	0	0	-0.014369	1.267752	1.267752
2538	-0.060552	0	0	0	-0.058404	2.446164	2.446164
2539	-0.168194	0	0	0	-0.166141	1.393031	1.393031
2540	0.091721	0	0	0	0.100321	0.767016	0.767016
2541	-0.128331	0	0	0	-0.121658	1.071261	1.071261
2542	-0.000339	0	0	0	-0.000259	1.904862	1.904862
2543	-0.025135	0	0	0	-0.022775	0.826652	0.826652
2544	-0.141022	0	0	0	-0.141022	0.881128	0.881128
2545	0.233370	0	0	0	0.253204	0.837209	0.837209
2546	-0.075608	0	0	0	-0.071721	1.603435	1.603435
2547	0.134061	0	0	0	0.154463	1.411529	1.411529
2548	-0.078570	0	0	0	-0.074640	1.754011	1.754011
2549	-0.060081	0	0	0	-0.058428	2.241188	2.241188
2550	0.318155	0	0	0	0.342276	1.369712	1.369712
2551	0.350677	0	5	6	0.370720	3.603674	3.603674
2552	-0.053473	0	0	0	-0.050621	2.433789	2.433789
2553	-0.092885	0	0	0	-0.088828	2.015471	2.015471
2554	0.452167	0	0	0	0.480870	1.463841	1.463841
2555	0.219764	0	0	0	0.240667	1.416896	1.416896
2556	-0.118568	0	1	1	-0.115649	2.623837	2.623837
2557	0.229495	0	0	0	0.241556	1.900146	1.900146
2558	-0.053351	0	0	0	-0.049794	1.802960	1.802960
2559	0.468435	0	0	0	0.498432	0.854912	0.854912
2560	-0.012391	0	0	0	-0.010488	1.579144	1.579144
2561	-0.042655	0	0	0	-0.039471	0.301569	0.301569
2562	-0.024315	0	0	0	-0.021621	1.998200	1.998200
2563	-0.018626	0	0	0	-0.005825	1.110934	1.110934
2564	0.014739	0	0	0	0.026091	1.241533	1.241533
2565	-0.090184	0	0	0	-0.086014	1.165738	1.165738
2566	-0.012175	0	0	0	-0.010909	-0.012175	-0.020521
2567	0.220817	0	0	0	0.237945	0.253691	0.253691
2568	0.456582	0	0	0	0.482858	0.819564	0.819564
2569	-0.044628	0	0	0	-0.042698	2.192215	2.192215
2570	0.291869	0	0	0	0.303349	0.872155	0.872155
2571	-0.032465	0	0	0	-0.029362	1.607856	1.607856
2572	0.072116	0	0	0	0.078538	1.804217	1.804217
2573	-0.067410	0	0	0	-0.064602	1.941059	1.941059
2574	-0.040859	0	0	0	-0.037153	0.131230	0.131230
2575	-0.034669	0	0	0	-0.031678	2.312691	2.312691
2576	0.217370	0	0	0	0.244620	1.799299	1.799299
2577	-0.073836	0	1	1	-0.070234	2.988142	2.988142
2578	-0.011591	0	0	0	0.002973	0.911898	0.911898
2579	-0.115675	0	0	0	-0.112995	-0.005676	-0.005676
2580	-0.035718	0	0	0	-0.031552	2.665160	2.665160
2581	-0.133952	0	0	0	-0.131133	2.073321	2.073321
2582	0.192139	0	0	0	0.201031	1.192272	1.192272
2583	0.002545	0	0	0	0.016174	0.664242	0.664242
2584	-0.070635	0	0	0	-0.068800	0.798575	0.798575
2585	-0.141345	0	0	0	-0.138004	1.146530	1.146530
2586	0.048103	0	0	0	0.061611	0.092582	0.092582
2587	0.340132	0	0	0	0.358675	0.941415	0.941415
2588	0.202324	0	0	0	0.204270	2.178186	2.178186
2589	-0.026715	0	0	0	-0.024083	1.394918	1.394918
2590	0.614303	0	0	0	0.642362	2.164190	2.164190
2591	0.333593	0	0	0	0.355042	0.925480	0.925480
2592	0.051502	0	0	0	0.059774	1.263768	1.263768
2593	-0.009269	0	0	0	-0.008062	0.979747	0.979747
2594	-0.013599	0	0	0	-0.011979	2.214742	2.214742
2595	-0.043279	0	0	0	-0.040731	1.822199	1.822199
2596	0.242377	0	0	0	0.256243	0.889904	0.889904
2597	0.285227	0	0	0	0.300543	1.193226	1.193226
2598	-0.101204	0	0	0	-0.099476	2.490220	2.490220
2599	0.619958	0	0	0	0.657571	0.619958	0.065605
2600	-0.041911	0	1	1	-0.038561	2.909107	2.909107
2601	0.559109	0	0	0	0.600494	1.696343	1.696343
2602	0.387375	0	0	0	0.429225	2.088381	2.088381
2603	-0.076668	0	0	0	-0.073589	0.541316	0.541316
2604	0.248214	0	0	0	0.266992	0.248214	0.137580
2605	-0.121085	0	0	0	-0.115130	0.659394	0.659394
2606	0.451553	0	0	0	0.469951	0.451553	0.099787
2607	0.537004	0	0	0	0.576336	0.537005	0.447012
2608	-0.044035	0	0	0	-0.039769	1.938784	1.938784
2609	-0.033302	0	0	0	-0.031437	0.744251	0.744251
2610	0.085277	0	0	0	0.103362	1.148646	1.148646
2611	0.206207	0	0	0	0.206207	2.138927	2.138927
2612	0.048023	0	0	0	0.069929	1.011128	1.011128
2613	-0.069037	0	0	0	-0.064558	1.797959	1.797959
2614	-0.017827	0	2	3	-0.015978	2.849720	2.849720
2615	0.074985	0	0	0	0.092431	0.710499	0.710499
2616	0.168600	0	0	0	0.192711	1.604566	1.604566
2617	0.455539	0	0	0	0.488906	1.218403	1.218403
2618	0.163272	0	0	0	0.167046	1.274359	1.274359
2619	-0.039021	0	0	0	-0.029341	0.856935	0.856935
2620	-0.001129	0	0	0	0.006661	0.952174	0.952174
2621	-0.003584	0	0	0	-0.002954	1.279884	1.279884
2622	-0.022464	0	0	0	-0.020917	2.055227	2.055227
2623	-0.090974	0	0	0	-0.088570	0.538240	0.538240
2624	-0.010651	0	0	0	-0.009205	1.484095	1.484095
2625	0.214004	0	0	0	0.229758	1.829468	1.829468
2626	-0.006346	0	0	0	-0.005775	0.188620	0.188620
2627	-0.066126	0	0	0	-0.047645	1.754322	1.754322
2628	0.132505	0	0	0	0.146495	1.911897	1.911897
2629	-0.004511	0	0	0	0.003416	1.131201	1.131201
2630	0.405650	0	0	0	0.436131	1.394582	1.394582
2631	-0.154367	0	0	0	-0.150131	1.531436	1.531436
2632	0.286997	0	0	0	0.317098	1.840371	1.840371
2633	-0.169934	0	0	0	-0.168996	1.359088	1.359088
2634	-0.051186	0	0	0	-0.046131	1.614742	1.614742
2635	-0.020706	0	0	0	-0.019293	0.849482	0.849482
2636	0.390998	0	0	0	0.417805	2.073299	2.073299
2637	0.369097	0	0	0	0.401268	1.666847	1.666847
2638	0.575229	0	0	0	0.628759	1.963545	1.963545
2639	0.059709	0	0	0	0.076692	1.179622	1.179622
2640	-0.008494	0	0	0	-0.007521	1.214125	1.214125
2641	-0.153510	0	0	0	-0.153313	0.164358	0.164358
2642	0.070953	0	0	0	0.080989	1.148246	1.148246
2643	0.298185	0	0	0	0.333986	1.680380	1.680380
2644	0.244327	0	0	0	0.269019	1.326723	1.326723
2645	0.365852	0	0	0	0.383704	0.966661	0.966661
2646	-0.020527	0	0	0	-0.019484	2.583078	2.583078
2647	0.277049	0	0	0	0.294116	2.287958	2.287958
2648	0.362862	0	0	0	0.388722	1.680205	1.680205
2649	-0.000001	0	0	0	-0.000000	2.078049	2.078049
2650	0.325558	0	0	0	0.352484	0.760233	0.760233
2651	0.018510	0	0	0	0.025549	0.283988	0.283988
2652	-0.155100	0	0	0	-0.148247	1.005288	1.005288
2653	0.297745	0	0	0	0.323290	1.277881	1.277881
2654	0.216616	0	0	0	0.234190	2.354968	2.354968
2655	0.181537	0	0	0	0.188179	0.547374	0.547374
2656	-0.027373	0	0	0	-0.023302	0.853295	0.853295
2657	0.276536	0	0	0	0.289833	1.346629	1.346629
2658	0.023134	0	0	0	0.029968	0.732235	0.732235
2659	-0.000252	0	0	0	-0.000176	0.771391	0.771391
2660	-0.046021	0	0	0	-0.044542	0.874948	0.874948
2661	-0.045705	0	4	4	-0.042874	3.054446	3.054446
2662	0.448550	0	0	0	0.471003	0.722391	0.722391
2663	-0.098860	0	0	0	-0.092399	2.408015	2.408015
2664	-0.002365	0	0	0	-0.001916	1.980610	1.980610
2665	-0.138819	0	0	0	-0.135828	1.181932	1.181932
2666	-0.120447	0	9	10	-0.117864	3.150937	3.150937
2667	-0.057945	0	0	0	-0.045434	1.479316	1.479316
2668	-0.019914	0	0	0	-0.017470	1.066365	1.066365
2669	0.342108	0	0	0	0.361379	1.400122	1.400122
2670	-0.014275	0	0	0	-0.010067	0.567814	0.567814
2671	-0.085870	0	1	1	-0.081541	2.800912	2.800912
2672	-0.102460	0	0	0	-0.098521	2.455204	2.455204
2673	0.313405	0	0	0	0.333721	1.832355	1.832355
2674	-0.000000	0	0	0	-0.000000	2.639719	2.639719
2675	0.098362	0	0	0	0.111849	0.547656	0.547656
2676	-0.096199	0	0	0	-0.081234	1.257784	1.257784
2677	0.542784	0	0	0	0.567181	1.656856	1.656856
2678	0.206917	0	0	0	0.219447	0.987271	0.987271
2679	0.055848	0	0	0	0.070615	1.816677	1.816677
2680	-0.101826	0	0	0	-0.089147	1.004494	1.004494
2681	-0.030156	0	0	0	-0.027772	1.340458	1.340458
2682	-0.066443	0	0	0	-0.062765	2.036522	2.036522
2683	0.037435	0	0	0	0.044120	1.200810	1.200810
2684	-0.020236	0	0	0	-0.018926	1.708480	1.708480
2685	-0.119650	0	0	0	-0.114840	1.092845	1.092845
2686	0.221738	0	0	0	0.231602	1.088542	1.088542
2687	0.666342	0	15	18	0.705624	3.609021	3.609021
2688	-0.020144	0	0	0	-0.018188	1.691525	1.691525
2689	-0.009853	0	0	0	-0.008712	1.920334	1.920334
2690	-0.036749	0	1	1	-0.033981	3.253911	3.253911
2691	-0.015331	0	0	0	-0.013382	2.078130	2.078130
2692	-0.085733	0	0	0	-0.078365	1.257779	1.257779
2693	-0.049721	0	0	0	-0.043986	1.025235	1.025235
2694	0.030434	0	0	0	0.050292	0.974719	0.974719
2695	-0.026233	0	0	0	-0.023629	1.302905	1.302905
2696	-0.168152	0	0	0	-0.167268	0.876042	0.876042
2697	0.128731	0	0	0	0.148869	2.245614	2.245614
2698	0.240265	0	0	0	0.255828	1.250088	1.250088
2699	-0.091707	0	0	0	-0.087820	2.482259	2.482259
2700	0.371317	0	0	0	0.381359	1.255992	1.255992
2701	0.091981	0	0	0	0.112821	0.484139	0.484139
2702	0.142593	0	0	0	0.155817	1.006870	1.006870
2703	-0.142492	0	0	0	-0.138838	1.850965	1.850965
2704	-0.003910	0	1	1	-0.003117	2.803824	2.803824
2705	-0.078013	0	0	0	-0.073074	2.347133	2.347133
2706	-0.166867	0	0	0	-0.164284	1.771170	1.771170
2707	-0.011237	0	11	11	-0.009643	3.735718	3.735718
2708	0.300020	0	0	0	0.318742	0.998948	0.998948
2709	-0.012149	0	0	0	-0.010607	1.487240	1.487240
2710	0.117793	0	0	0	0.129607	1.333017	1.333017
2711	-0.012440	0	0	0	-0.010803	1.251580	1.251580
2712	-0.001255	0	0	0	0.006184	0.188803	0.188803
2713	0.362277	0	0	0	0.379541	0.871451	0.871451
2714	-0.075419	0	0	0	-0.070348	1.169767	1.169767
2715	0.229030	0	0	0	0.242972	1.109278	1.109278
2716	0.595430	0	0	0	0.626256	1.512635	1.512635
2717	0.124602	0	0	0	0.144466	0.532021	0.532021
2718	-0.165321	0	0	0	-0.163790	0.939875	0.939875
2719	-0.170022	0	0	0	-0.166835	1.893134	1.893134
2720	0.299678	0	0	0	0.323059	1.716828	1.716828
2721	-0.071872	0	0	0	-0.068648	1.435571	1.435571
2722	-0.072017	0	0	0	-0.067832	2.189600	2.189600
2723	-0.103655	0	0	0	-0.101086	0.095479	0.095479
2724	-0.020265	0	0	0	-0.017930	1.716888	1.716888
2725	0.111034	0	0	0	0.119103	1.614164	1.614164
2726	0.507491	0	0	0	0.559252	1.263669	1.263669
2727	0.229750	0	0	0	0.236473	1.603804	1.603804
2728	-0.057399	0	0	0	-0.045028	0.650637	0.650637
2729	-0.144152	0	0	0	-0.140309	0.278256	0.278256
2730	0.029012	0	0	0	0.035140	0.249396	0.249396
2731	-0.010805	0	0	0	-0.009384	2.501306	2.501306
2732	-0.162517	0	0	0	-0.160113	1.017092	1.017092
2733	0.356665	0	0	0	0.380209	2.008096	2.008096
2734	0.301383	0	0	0	0.316288	2.051452	2.051452
2735	-0.025419	0	4	5	-0.022842	3.180222	3.180222
2736	-0.153757	0	0	0	-0.151133	0.772895	0.772895
2737	-0.009005	0	0	0	-0.007789	0.164968	0.164968
2738	-0.029864	0	0	0	-0.027191	2.644261	2.644261
2739	-0.023796	0	0	0	-0.021570	1.795409	1.795409
2740	-0.001575	0	0	0	-0.001198	1.254477	1.254477
2741	0.576149	0	0	0	0.617131	0.729177	0.729177
2742	0.256030	0	0	1	0.286848	2.767488	2.767488
2743	0.280350	0	0	0	0.304900	1.614720	1.614720
2744	0.249183	0	0	0	0.276027	0.824895	0.824895
2745	0.435804	0	0	0	0.466916	1.238816	1.238816
2746	0.271136	0	0	0	0.286029	0.653414	0.653414
2747	-0.009544	0	0	0	-0.008168	0.645058	0.645058
2748	-0.000575	0	0	0	-0.000414	0.690696	0.690696
2749	-0.060061	0	0	0	-0.053464	2.173522	2.173522
2750	-0.006501	0	0	0	-0.005562	1.508528	1.508528
2751	-0.009765	0	0	0	-0.008200	0.574264	0.574264
2752	0.425626	0	0	0	0.477373	0.795209	0.795209
2753	0.756550	0	0	0	0.810102	1.600716	1.600716
2754	0.096773	0	0	0	0.104073	1.048160	1.048160
2755	-0.053737	0	0	0	-0.049754	1.747022	1.747022
2756	0.154889	0	0	0	0.171487	0.952251	0.952251
2757	-0.069163	0	0	0	-0.067327	0.841133	0.841133
2758	-0.016107	0	0	0	-0.013943	1.754053	1.754053
2759	0.156340	0	0	0	0.161639	0.865460	0.865460
2760	-0.011850	0	0	0	-0.010217	1.563374	1.563374
2761	-0.163792	0	0	0	-0.160483	1.243151	1.243151
2762	-0.028754	0	0	0	-0.025133	1.890247	1.890247
2763	0.225559	0	0	0	0.243534	0.515412	0.515412
2764	-0.007953	0	0	0	-0.006528	1.090664	1.090664
2765	0.460893	0	0	0	0.476240	0.460892	-0.009773
2766	-0.133072	0	0	0	-0.129959	0.892228	0.892228
2767	0.103097	0	0	0	0.114679	1.214759	1.214759
2768	-0.000135	0	0	0	-0.000096	0.862881	0.862881
2769	0.145433	0	0	0	0.159945	0.880771	0.880771
2770	0.034925	0	0	0	0.042940	0.467965	0.467965
2771	0.115367	0	0	0	0.130408	1.442039	1.442039
2772	-0.132678	0	0	0	-0.128034	1.085035	1.085035
2773	-0.072161	0	0	0	-0.069621	2.623250	2.623250
2774	-0.067499	0	0	0	-0.062492	1.078419	1.078419
2775	-0.092873	0	0	0	-0.087746	2.380878	2.380878
2776	-0.006183	0	0	0	-0.005289	3.452754	3.452754
2777	0.025950	0	0	0	0.039984	0.883301	0.883301
2778	-0.126320	0	0	0	-0.123592	0.560793	0.560793
2779	0.290168	0	0	0	0.309993	1.339247	1.339247
2780	-0.083673	0	0	0	-0.077567	1.453685	1.453685
2781	0.286911	0	0	0	0.315988	2.332503	2.332503
2782	-0.051642	0	0	0	-0.046904	1.345885	1.345885
2783	0.211142	0	0	0	0.236272	1.257434	1.257434
2784	0.607127	0	0	0	0.633192	1.785490	1.785490
2785	0.038193	0	0	0	0.048345	0.494568	0.494568
2786	-0.093914	0	0	0	-0.089398	1.155008	1.155008
2787	0.893099	0	0	0	0.961666	1.491102	1.491102
2788	-0.024515	0	1	1	-0.021711	2.747534	2.747534
2789	0.450777	0	0	0	0.479505	1.740039	1.740039
2790	-0.038845	0	0	0	-0.035634	1.800385	1.800385
2791	0.276048	0	0	0	0.292927	1.952066	1.952066
2792	0.064439	0	0	0	0.078716	1.318854	1.318854
2793	-0.009107	0	0	0	-0.008173	0.706683	0.706683
2794	-0.051291	0	0	0	-0.044897	0.484984	0.484984
2795	0.269220	0	0	0	0.283414	0.269220	0.042100
2796	-0.127367	0	0	0	-0.125436	1.328300	1.328300
2797	-0.059046	0	0	0	-0.055271	0.646988	0.646988
2798	0.263709	0	0	0	0.285399	2.135457	2.135457
2799	-0.111851	0	0	0	-0.105682	1.923606	1.923606
2800	0.428103	0	0	0	0.452188	0.915860	0.915860
2801	0.648366	0	0	0	0.679835	1.110040	1.110040
2802	0.266747	0	0	0	0.283106	2.172255	2.172255
2803	0.031144	0	0	0	0.039616	1.005787	1.005787
2804	-0.089125	0	0	0	-0.084298	1.040174	1.040174
2805	0.281027	0	0	0	0.302453	1.835545	1.835545
2806	0.239968	0	0	0	0.259367	1.731872	1.731872
2807	-0.160707	0	0	0	-0.156656	2.340880	2.340880
2808	-0.000565	0	0	0	-0.000414	1.664430	1.664430
2809	-0.024358	0	0	0	-0.022332	0.350243	0.350243
2810	0.182574	0	0	0	0.192278	1.282147	1.282147
2811	-0.012537	0	0	0	-0.010871	1.198312	1.198312
2812	-0.033883	0	0	0	-0.032220	1.594969	1.594969
2813	-0.031464	0	0	0	-0.030389	0.589503	0.589503
2814	-0.045303	0	0	0	-0.043663	1.305493	1.305493
2815	-0.003449	0	0	0	-0.002932	2.242538	2.242538
2816	0.194640	0	0	0	0.208484	1.359194	1.359194
2817	-0.108228	0	0	0	-0.099841	1.268482	1.268482
2818	-0.169176	0	0	0	-0.167603	1.291379	1.291379
2819	0.070100	0	0	0	0.077444	0.421470	0.421470
2820	0.468960	0	0	0	0.489774	0.880536	0.880536
2821	-0.016147	0	0	0	-0.014784	1.827638	1.827638
2822	0.269331	0	0	0	0.294638	1.085743	1.085743
2823	0.030626	0	0	0	0.049806	1.632205	1.632205
2824	-0.045168	0	0	0	-0.041860	1.162756	1.162756
2825	-0.030775	0	0	0	-0.027860	1.214064	1.214064
2826	-0.069883	0	0	0	-0.064842	1.361648	1.361648
2827	-0.026639	0	0	0	-0.021299	1.179542	1.179542
2828	-0.053955	0	0	0	-0.048758	1.896221	1.896221
2829	-0.017937	0	0	0	-0.016292	1.120063	1.120063
2830	-0.064346	0	0	0	-0.060993	2.448272	2.448272
2831	0.156051	0	0	0	0.165208	0.834356	0.834356
2832	-0.002237	0	0	0	-0.001931	0.395554	0.395554
2833	-0.018213	0	0	0	-0.009122	0.870754	0.870754
2834	0.311772	0	0	0	0.343365	0.691196	0.691196
2835	0.018844	0	0	0	0.029297	0.787736	0.787736
2836	0.014238	0	0	0	0.027221	1.346618	1.346618
2837	-0.003777	0	0	0	-0.003229	1.044082	1.044082
2838	-0.004181	0	0	0	0.006567	1.245203	1.245203
2839	-0.086729	0	0	0	-0.082144	0.668589	0.668589
2840	-0.020913	0	0	0	-0.018595	0.643389	0.643389
2841	-0.164037	0	0	0	-0.161305	1.575465	1.575465
2842	-0.050029	0	0	0	-0.041272	1.665372	1.665372
2843	0.561935	0	0	0	0.590569	1.183523	1.183523
2844	-0.082483	0	0	0	-0.078777	0.471026	0.471026
2845	-0.072919	0	0	0	-0.067777	1.853964	1.853964
2846	-0.022503	0	0	0	-0.019598	1.734899	1.734899
2847	-0.026168	0	0	0	-0.023526	2.135661	2.135661
2848	-0.163063	0	0	0	-0.160669	-0.000012	-0.000012
2849	-0.026383	0	0	0	-0.024731	0.791602	0.791602
2850	-0.059898	0	0	0	-0.050854	0.957976	0.957976
2851	0.047472	0	0	0	0.052668	0.693139	0.693139
2852	-0.070986	0	0	0	-0.067514	1.141951	1.141951
2853	0.533727	0	0	0	0.559196	2.072140	2.072140
2854	0.237503	0	0	0	0.255272	1.349533	1.349533
2855	-0.091148	0	0	0	-0.076075	1.771259	1.771259
2856	0.384211	0	2	2	0.411665	2.802487	2.802487
2857	0.275115	0	0	0	0.301614	1.792047	1.792047
2858	0.149571	0	0	0	0.165952	0.942865	0.942865
2859	0.015956	0	0	0	0.028291	1.299515	1.299515
2860	0.113145	0	0	0	0.127183	1.409291	1.409291
2861	0.515345	0	0	0	0.537242	1.260216	1.260216
2862	-0.139195	0	0	0	-0.134520	2.276420	2.276420
2863	0.312484	0	0	0	0.325543	1.261558	1.261558
2864	-0.012277	0	0	0	-0.011115	0.848941	0.848941
2865	0.301075	0	0	0	0.315190	1.070155	1.070155
2866	-0.035500	0	0	0	-0.032257	3.144744	3.144744
2867	-0.040599	0	0	0	-0.038311	1.847352	1.847352
2868	-0.169913	0	0	0	-0.168413	0.925481	0.925481
2869	0.214952	0	9	9	0.236149	3.241208	3.241208
2870	-0.038622	0	0	0	-0.034488	1.754351	1.754351
2871	0.061064	0	0	0	0.071036	0.732254	0.732254
2872	-0.098703	0	0	0	-0.095125	2.428460	2.428460
2873	-0.088750	0	0	0	-0.083790	1.245452	1.245452
2874	-0.031779	0	2	2	-0.027368	3.420771	3.420771
2875	-0.064677	0	0	0	-0.055008	0.824939	0.824939
2876	0.262132	0	0	0	0.288776	0.262132	-0.001382
2877	0.320448	0	0	0	0.340861	0.590696	0.590696
2878	0.487595	0	0	0	0.501466	1.173694	1.173694
2879	0.378749	0	0	0	0.401652	1.560247	1.560247
2880	-0.008104	0	0	0	-0.007243	1.119530	1.119530
2881	-0.114420	0	0	0	-0.111655	1.809910	1.809910
2882	-0.086900	0	0	0	-0.081539	1.514127	1.514127
2883	-0.027605	0	0	0	-0.025299	1.982355	1.982355
2884	-0.127976	0	0	0	-0.123413	1.220799	1.220799
2885	-0.129768	0	0	0	-0.126495	1.212774	1.212774
2886	0.229852	0	0	0	0.238014	1.272690	1.272690
2887	-0.080067	0	0	0	-0.076712	2.685136	2.685136
2888	-0.073061	0	0	0	-0.068595	0.578836	0.578836
2889	-0.025163	0	0	0	-0.021420	1.356871	1.356871
2890	-0.030698	0	0	0	-0.028594	2.637374	2.637374
2891	-0.026703	0	0	0	-0.024179	2.096568	2.096568
2892	-0.167013	0	0	0	-0.162356	1.445238	1.445238
2893	-0.019329	0	0	0	-0.017054	1.223317	1.223317
2894	0.494403	0	0	0	0.527423	2.119295	2.119295
2895	-0.051994	0	0	0	-0.049224	0.892913	0.892913
2896	-0.014748	0	0	0	-0.013269	1.693514	1.693514
2897	0.252371	0	0	0	0.269373	0.773920	0.773920
2898	-0.029742	0	0	0	-0.027294	0.519244	0.519244
2899	-0.034139	0	0	0	-0.030845	2.020314	2.020314
2900	-0.073834	0	0	0	-0.071581	0.704671	0.704671
2901	-0.038553	0	0	0	-0.035980	1.276125	1.276125
2902	0.426352	0	0	0	0.481966	0.687098	0.687098
2903	-0.166932	0	0	0	-0.165161	1.355087	1.355087
2904	-0.088420	0	0	0	-0.082084	2.015095	2.015095
2905	0.122873	0	0	0	0.144346	0.451532	0.451532
2906	-0.018425	0	0	0	-0.015702	2.087184	2.087184
2907	-0.149353	0	0	1	-0.146177	2.046306	2.046306
2908	-0.004237	0	0	0	-0.003501	1.106784	1.106784
2909	-0.029488	0	0	0	-0.028538	0.734582	0.734582
2910	-0.121255	0	0	0	-0.116543	1.565568	1.565568
2911	-0.001378	0	0	0	-0.001068	1.506792	1.506792
2912	0.685882	0	0	0	0.723080	0.980703	0.980703
2913	-0.060526	0	0	0	-0.058960	0.867754	0.867754
2914	0.228576	0	0	0	0.243702	1.017221	1.017221
2915	-0.016232	0	0	0	-0.002556	0.517825	0.517825
2916	0.035289	0	0	0	0.053231	1.983178	1.983178
2917	-0.011381	0	0	0	-0.009888	0.602621	0.602621
2918	-0.019174	0	0	0	-0.016603	0.942573	0.942573
2919	0.427916	0	0	0	0.446025	1.020308	1.020308
2920	0.063912	0	0	0	0.083883	0.346406	0.346406
2921	-0.136658	0	0	0	-0.131514	2.000114	2.000114
2922	0.194039	0	0	0	0.214023	1.355684	1.355684
2923	-0.034252	0	0	0	-0.030515	2.626118	2.626118
2924	-0.115147	0	0	0	-0.112578	1.597609	1.597609
2925	-0.006202	0	0	0	0.005670	1.214581	1.214581
2926	0.004628	0	0	0	0.016426	0.464643	0.464643
2927	-0.157290	0	0	0	-0.155362	0.749934	0.749934
2928	-0.090165	0	0	0	-0.085899	1.278927	1.278927
2929	-0.098054	0	0	0	-0.092293	1.401514	1.401514
2930	-0.078146	0	0	0	-0.071578	2.038261	2.038261
2931	0.025915	0	0	0	0.042898	1.960534	1.960534
2932	0.132164	0	0	0	0.147468	0.314203	0.314203
2933	0.324100	0	0	0	0.333199	0.962976	0.962976
2934	0.305198	0	0	0	0.337600	1.925438	1.925438
2935	0.062909	0	0	0	0.071002	0.749859	0.749859
2936	-0.082664	0	0	0	-0.078403	0.526080	0.526080
2937	0.273394	0	0	0	0.282897	1.135579	1.135579
2938	0.217242	0	0	0	0.232993	1.044387	1.044387
2939	0.341779	0	0	0	0.373624	2.605582	2.605582
2940	-0.059511	0	0	0	-0.055359	1.775527	1.775527
2941	-0.021305	0	0	0	-0.018756	1.138744	1.138744
2942	-0.027605	0	0	0	-0.024750	1.426395	1.426395
2943	0.040614	0	0	0	0.062775	1.782299	1.782299
2944	-0.074826	0	0	0	-0.069577	1.207585	1.207585
2945	0.215727	0	0	0	0.243127	1.969657	1.969657
2946	0.148127	0	0	0	0.160813	0.664783	0.664783
2947	0.377053	0	0	0	0.405368	1.535131	1.535131
2948	-0.121216	0	0	0	-0.112154	1.501774	1.501774
2949	-0.147904	0	0	0	-0.145713	0.358571	0.358571
2950	-0.168721	0	0	0	-0.167309	0.516764	0.516764
2951	-0.128325	0	0	0	-0.125718	1.293188	1.293188
2952	0.447862	0	0	0	0.474118	0.801350	0.801350
2953	0.140940	0	0	0	0.146345	1.904479	1.904479
2954	-0.029482	0	0	0	-0.027023	1.929536	1.929536
2955	0.317386	0	0	0	0.343261	2.480297	2.480297
2956	-0.081825	0	0	0	-0.078555	1.482425	1.482425
2957	-0.003864	0	0	0	0.007289	1.176185	1.176185
2958	-0.043283	0	0	0	-0.040979	2.184835	2.184835
2959	0.352124	0	0	0	0.367329	1.005296	1.005296
2960	-0.019411	0	0	0	-0.018085	2.791230	2.791230
2961	-0.000340	0	0	0	-0.000233	1.067972	1.067972
2962	-0.001100	0	0	0	-0.000884	1.245417	1.245417
2963	0.095275	0	0	0	0.104108	0.606801	0.606801
2964	0.298226	0	0	0	0.325395	1.614057	1.614057
2965	0.461157	0	0	1	0.487106	2.555201	2.555201
2966	0.571458	0	0	0	0.601821	1.382409	1.382409
2967	0.220133	0	0	0	0.239468	2.080480	2.080480
2968	-0.002042	0	0	0	-0.001760	0.979631	0.979631
2969	-0.046698	0	0	0	-0.043308	0.676223	0.676223
2970	0.276532	0	0	0	0.290610	0.588070	0.588070
2971	0.276581	0	0	0	0.308249	2.847135	2.847135
2972	-0.011900	0	0	0	-0.010775	2.278356	2.278356
2973	-0.069155	0	0	0	-0.066440	1.110990	1.110990
2974	0.311287	0	0	0	0.317390	0.894962	0.894962
2975	-0.063238	0	0	0	-0.058114	-0.000047	-0.000047
2976	-0.137961	0	0	0	-0.132260	1.969630	1.969630
2977	-0.005276	0	0	0	-0.004657	0.699569	0.699569
2978	-0.169337	0	0	0	-0.168276	0.478879	0.478879
2979	-0.096221	0	0	0	-0.091980	1.658356	1.658356
2980	0.467591	0	0	0	0.488941	1.938395	1.938395
2981	-0.097373	0	0	0	-0.092496	1.890057	1.890057
2982	-0.075377	0	1	1	-0.071504	2.624475	2.624475
2983	-0.024184	0	0	0	-0.022027	2.399313	2.399313
2984	0.185753	0	0	0	0.207536	1.098546	1.098546
2985	0.441972	0	0	0	0.469144	0.957363	0.957363
2986	0.222805	0	0	0	0.239908	0.696217	0.696217
2987	-0.150411	0	0	0	-0.147714	1.310693	1.310693
2988	-0.002447	0	0	0	-0.002052	0.573766	0.573766
2989	-0.040981	0	0	0	-0.039310	0.722338	0.722338
2990	-0.120939	0	0	0	-0.117831	1.306643	1.306643
2991	-0.153885	0	0	0	-0.149795	1.928959	1.928959
2992	-0.012204	0	4	4	-0.009523	2.571615	2.571615
2993	-0.130857	0	0	0	-0.128177	0.432803	0.432803
2994	0.332766	0	0	0	0.359775	0.564386	0.564386
2995	-0.136412	0	0	0	-0.131395	1.191104	1.191104
2996	0.445970	0	0	0	0.474490	0.786049	0.786049
2997	-0.044654	0	0	0	-0.039813	1.612863	1.612863
2998	-0.128158	0	0	0	-0.123361	0.442677	0.442677
2999	-0.013557	0	19	22	-0.011762	3.905402	3.905402
3000	0.115982	0	0	0	0.125408	0.573609	0.573609
3001	0.046364	0	0	0	0.055863	0.598325	0.598325
3002	-0.002400	0	0	0	-0.001941	1.095445	1.095445
3003	-0.135700	0	0	0	-0.135700	0.614124	0.614124
3004	-0.001767	0	0	0	0.011286	0.501683	0.501683
3005	0.523857	0	0	0	0.545575	0.705118	0.705118
3006	-0.024934	0	0	0	-0.011377	1.513485	1.513485
3007	-0.067380	0	4	4	-0.062257	3.124726	3.124726
3008	-0.082204	0	0	0	-0.078816	1.107242	1.107242
3009	-0.150005	0	0	0	-0.143862	0.841655	0.841655
3010	0.169470	0	0	0	0.172732	1.003174	1.003174
3011	0.387192	0	0	0	0.409064	1.271041	1.271041
3012	-0.005260	0	0	0	-0.004422	1.343327	1.343327
3013	0.088017	0	0	0	0.108587	0.764146	0.764146
3014	0.088079	0	0	0	0.108637	1.364896	1.364896
3015	0.178054	0	0	0	0.195722	1.119791	1.119791
3016	0.000641	0	0	0	0.011776	0.755317	0.755317
3017	-0.011741	0	1	1	-0.009897	2.584538	2.584538
3018	-0.055282	0	0	0	-0.054034	-0.000007	-0.000007
3019	0.012809	0	0	0	0.026881	0.643119	0.643119
3020	-0.071733	0	0	0	-0.067058	1.406121	1.406121
3021	-0.083299	0	0	0	-0.080945	1.214912	1.214912
3022	0.069593	0	0	0	0.082544	2.271916	2.271916
3023	-0.145186	0	0	0	-0.142553	1.125159	1.125159
3024	0.085799	0	0	0	0.096675	0.794977	0.794977
3025	-0.021550	0	0	0	-0.018378	0.819677	0.819677
3026	-0.021369	0	0	0	-0.019632	1.170185	1.170185
3027	-0.149356	0	0	0	-0.140765	1.314865	1.314865
3028	-0.079367	0	2	2	-0.074774	2.813106	2.813106
3029	-0.119297	0	0	0	-0.115111	0.545928	0.545928
3030	0.146293	0	0	0	0.160162	1.582414	1.582414
3031	-0.053303	0	0	0	-0.043767	1.867301	1.867301
3032	-0.025225	0	0	0	-0.022862	2.244159	2.244159
3033	-0.051310	0	0	0	-0.048521	1.618795	1.618795
3034	0.062901	0	0	0	0.075871	1.073723	1.073723
3035	-0.107277	0	0	0	-0.093092	1.738701	1.738701
3036	-0.063439	0	0	0	-0.059250	0.992878	0.992878
3037	-0.137907	0	0	0	-0.135009	1.707030	1.707030
3038	-0.010475	0	1	1	-0.009237	2.724804	2.724804
3039	0.608861	0	0	0	0.641885	1.083987	1.083987
3040	0.194015	0	0	0	0.215873	0.661973	0.661973
3041	0.081519	0	0	0	0.089324	0.870651	0.870651
3042	-0.102877	0	0	0	-0.099773	1.599519	1.599519
3043	0.309293	0	0	0	0.326920	0.964510	0.964510
3044	0.208058	0	0	0	0.220035	1.083533	1.083533
3045	-0.165748	0	0	0	-0.164305	1.221426	1.221426
3046	-0.024513	0	0	0	-0.022047	1.409552	1.409552
3047	0.586942	0	0	0	0.608414	1.088308	1.088308
3048	0.066777	0	0	0	0.080605	0.902089	0.902089
3049	-0.046806	0	0	0	-0.036474	1.385393	1.385393
3050	-0.104148	0	0	0	-0.097009	2.251112	2.251112
3051	0.019460	0	0	0	0.035427	0.918779	0.918779
3052	-0.033912	0	0	0	-0.030992	1.992126	1.992126
3053	0.325238	0	0	0	0.341692	0.644954	0.644954
3054	-0.082490	0	2	2	-0.076407	3.363888	3.363888
3055	-0.052085	0	0	0	-0.050010	1.062091	1.062091
3056	-0.131474	0	0	0	-0.122660	1.596807	1.596807
3057	0.297134	0	0	0	0.318452	0.962955	0.962955
3058	-0.068659	0	0	1	-0.064765	2.743816	2.743816
3059	0.518876	0	0	0	0.543933	1.786126	1.786126
3060	-0.079539	0	0	0	-0.071277	1.716429	1.716429
3061	0.504556	0	0	0	0.527680	1.722690	1.722690
3062	-0.136809	0	0	0	-0.126091	0.987982	0.987982
3063	-0.025841	0	0	0	-0.022461	1.477121	1.477121
3064	-0.000581	0	1	2	-0.000456	2.471554	2.471554
3065	-0.147419	0	0	0	-0.144193	0.492729	0.492729
3066	0.059597	0	0	0	0.080386	0.702492	0.702492
3067	-0.170040	0	0	0	-0.169338	0.898828	0.898828
3068	-0.064774	0	0	0	-0.058407	0.528695	0.528695
3069	0.194220	0	0	0	0.217833	0.956726	0.956726
3070	-0.128641	0	0	0	-0.124169	0.500111	0.500111
3071	-0.106328	0	0	0	-0.103158	1.765287	1.765287
